item_name,price,category,date
Anemone Kaydırmaz Taban Banyo Paspası 50x80 cm Lacivert,559.99,Banyo,2026-05-27
"Anna Banyo Sıvı Sabunluk 14,5 cm Pembe",287.99,Banyo,2026-05-27
"Anna Banyo Sıvı Sabunluk 14,5 cm Şeffaf",1499.99,Banyo,2026-05-27
Aqua Pamuk Banyo Havlusu 90x150 cm Fildişi,719.99,Banyo,2026-05-27
Aqua Pamuk Banyo Havlusu 90x150 cm Gri,699.99,Banyo,2026-05-27
Aqua Pamuk Banyo Havlusu 90x150 cm Lacivert,899.99,Banyo,2026-05-27
Aqua Pamuk Banyo Havlusu 90x150 cm Yeşil,699.99,Banyo,2026-05-27
Aqua Pamuk Yüz Havlusu 50x80 cm Fildişi,1999.99,Banyo,2026-05-27
Aqua Pamuk Yüz Havlusu 50x80 cm Gri,1999.99,Banyo,2026-05-27
Aqua Pamuk Yüz Havlusu 50x80 cm Lacivert,1999.99,Banyo,2026-05-27
Aqua Pamuk Yüz Havlusu 50x80 cm Yeşil,1999.99,Banyo,2026-05-27
Artistic Leafy Pamuklu Brodeli Yüz Havlusu 50x80 cm Ekru-Sarı,1999.99,Banyo,2026-05-27
"Ashle Banyo Sıvı Sabunluk 14,5 cm Beyaz",300.99,Banyo,2026-05-27
Ava Pamuklu Banyo Paspası Açık Gri,3999.99,Banyo,2026-05-27
Bamboo Bambu Duş Kaydırmazı Bej,4999.99,Banyo,2026-05-27
Bamboo Bambu Duş Kaydırmazı Kahve,5999.99,Banyo,2026-05-27
Barbara Müslin %100 Pamuklu Bornoz Antrasit,6999.99,Banyo,2026-05-27
"Barton 3lü Banyo Seti 14,5 cm Şeffaf",3499.99,Banyo,2026-05-27
Becca Duş Kaydırmazı 50x70 cm Kahve,489.99,Banyo,2026-05-27
Becca Duş Kaydırmazı 50x70 cm Kahverengi,629.99,Banyo,2026-05-27
Becky Duş Kaydırmazı 40x60 cm Açık Kahverengi,447.99,Banyo,2026-05-27
Betty Duş Kaydırmazı 40x60 cm Açık Kahverengi,2999.99,Banyo,2026-05-27
Big and Tiny Kaydırmaz Taban Banyo Paspası Seti 60x90 + 40x60 cm Bej,909.99,Banyo,2026-05-27
Big and Tiny Kaydırmaz Taban Banyo Paspası Seti 60x90 + 40x60 cm Beyaz,4999.99,Banyo,2026-05-27
Big and Tiny Kaydırmaz Taban Banyo Paspası Seti 60x90 + 40x60 cm Mavi,839.99,Banyo,2026-05-27
Bohem Line Pamuklu Peştemal 90x150 cm Açık Bej-Koyu Lacivert,2499.99,Banyo,2026-05-27
Bony Rejenere Peştemal Bornoz Standart Lacivert-Turuncu,3249.99,Banyo,2026-05-27
Bony Rejenere Çizgili Peştamal 90x150 cm Mavi-Turuncu,1399.99,Banyo,2026-05-27
Bony Çizgili Çizgili Peştamal 90x150 cm Lacivert-Turuncu,1399.99,Banyo,2026-05-27
Border Check Pamuk Banyo Havlusu 70x140 cm Fildişi,2399.99,Banyo,2026-05-27
Border Check Pamuk Banyo Havlusu 70x140 cm Petrol,2249.99,Banyo,2026-05-27
Border Check Pamuk Banyo Havlusu 70x140 cm Sarı,1749.99,Banyo,2026-05-27
Border Check Pamuk Banyo Havlusu 70x140 cm Somon,2499.99,Banyo,2026-05-27
Border Check Pamuk El Havlusu 30x40 cm Fildişi,999.99,Banyo,2026-05-27
Border Check Pamuk El Havlusu 30x40 cm Petrol,999.99,Banyo,2026-05-27
Border Check Pamuk El Havlusu 30x40 cm Sarı,999.99,Banyo,2026-05-27
Border Check Pamuk El Havlusu 30x40 cm Somon,999.99,Banyo,2026-05-27
Border Check Pamuk Yüz Havlusu 50x80 cm Fildişi,1049.95,Banyo,2026-05-27
Border Check Pamuk Yüz Havlusu 50x80 cm Petrol,1299.99,Banyo,2026-05-27
Border Check Pamuk Yüz Havlusu 50x80 cm Sarı,1049.95,Banyo,2026-05-27
Border Check Pamuk Yüz Havlusu 50x80 cm Somon,1399.99,Banyo,2026-05-27
Bubble %100 Pamuk Banyo Havlusu 70x140 cm Ekru,1499.99,Banyo,2026-05-27
Bubble %100 Pamuk Banyo Havlusu 70x140 cm Lila,1749.99,Banyo,2026-05-27
Bubble %100 Pamuk Yüz Havlusu 50x80 cm Ekru,1049.99,Banyo,2026-05-27
Bubble %100 Pamuk Yüz Havlusu 50x80 cm Lila,1299.99,Banyo,2026-05-27
Bubble Pamuk Banyo Havlusu 70x140 cm Açık Yeşil,1599.99,Banyo,2026-05-27
Bubble Pamuk Banyo Havlusu 70x140 cm Mint,1749.99,Banyo,2026-05-27
Bubble Pamuk Bornoz Açık Yeşil,4499.99,Banyo,2026-05-27
Bubble Pamuk Bornoz Ekru,799.99,Banyo,2026-05-27
Bubble Pamuk Bornoz Mint,5749.99,Banyo,2026-05-27
Bubble Pamuk El Havlusu 30x40 cm Açık Yeşil,999.99,Banyo,2026-05-27
Bubble Pamuk El Havlusu 30x40 cm Ekru,999.99,Banyo,2026-05-27
Bubble Pamuk El Havlusu 30x40 cm Lila,999.99,Banyo,2026-05-27
Bubble Pamuk El Havlusu 30x40 cm Mint,999.99,Banyo,2026-05-27
Bubble Pamuk Yüz Havlusu 50x80 cm Açık Yeşil,1049.99,Banyo,2026-05-27
Bubble Pamuk Yüz Havlusu 50x80 cm Mint,1299.99,Banyo,2026-05-27
Calm Daisy Pamuk Yüz Havlusu 50x80 cm Beyaz,1999.99,Banyo,2026-05-27
Calm Daisy Pamuk Yüz Havlusu 50x80 cm Sarı,1999.99,Banyo,2026-05-27
Candy Cane Pamuk Nakışlı Yüz Havlusu 50x80 cm Beyaz,1399.95,Banyo,2026-05-27
Candy Rejenere Çizgili Peştamal 90x150 cm Turuncu-Açık Mavi,1499.99,Banyo,2026-05-27
Chequer %100 Pamuk Ayak Havlusu 50x70 cm Bej,1249.99,Banyo,2026-05-27
Chequer %100 Pamuk Ayak Havlusu 50x70 cm Beyaz,1199.99,Banyo,2026-05-27
Chequer %100 Pamuk Ayak Havlusu 50x70 cm Gri,1249.99,Banyo,2026-05-27
Chequer %100 Pamuk Yüz Havlusu 50x80 cm Bej,1749.99,Banyo,2026-05-27
Chequer %100 Pamuk Yüz Havlusu 50x80 cm Gri,239.99,Banyo,2026-05-27
Chequer Pamuk Ayak Havlusu 50x70 cm Mavi,1199.99,Banyo,2026-05-27
Chequer Pamuk Banyo Havlusu 80x150 cm Bej,479.99,Banyo,2026-05-27
Chequer Pamuk Banyo Havlusu 80x150 cm Beyaz,2499.99,Banyo,2026-05-27
Chequer Pamuk Banyo Havlusu 80x150 cm Mavi,2999.99,Banyo,2026-05-27
Chequer Pamuk Bornoz Bej,1079.99,Banyo,2026-05-27
Chequer Pamuk Bornoz Beyaz,959.99,Banyo,2026-05-27
Chequer Pamuk Bornoz Gri,5999.99,Banyo,2026-05-27
Chequer Pamuk Bornoz Mavi,6999.99,Banyo,2026-05-27
Chequer Pamuk El Havlusu 30x45 cm Bej,1249.99,Banyo,2026-05-27
Chequer Pamuk El Havlusu 30x45 cm Beyaz,1149.99,Banyo,2026-05-27
Chequer Pamuk El Havlusu 30x45 cm Gri,1149.99,Banyo,2026-05-27
Chequer Pamuk El Havlusu 30x45 cm Mavi,1149.99,Banyo,2026-05-27
Chequer Pamuk Yüz Havlusu 50x80 cm Beyaz,1399.99,Banyo,2026-05-27
Chequer Pamuk Yüz Havlusu 50x80 cm Mavi,223.99,Banyo,2026-05-27
Chic Diamond Pamuk Ayak Havlusu 50x70 cm Açık Yeşil,1499.99,Banyo,2026-05-27
Chic Diamond Pamuk Ayak Havlusu 50x70 cm Fildişi,1499.99,Banyo,2026-05-27
Chic Diamond Pamuk Banyo Havlusu 80x150 cm Açık Yeşil,4249.99,Banyo,2026-05-27
Chic Diamond Pamuk Banyo Havlusu 80x150 cm Fildişi,479.99,Banyo,2026-05-27
Chic Diamond Pamuk Bornoz Açık Yeşil,6999.99,Banyo,2026-05-27
Chic Diamond Pamuk Bornoz Fildişi,1259.99,Banyo,2026-05-27
Chic Diamond Pamuk El Havlusu 30x45 cm Açık Yeşil,1049.99,Banyo,2026-05-27
Chic Diamond Pamuk El Havlusu 30x45 cm Fildişi,1049.99,Banyo,2026-05-27
Chic Diamond Pamuk Yüz Havlusu 50x80 cm Açık Yeşil,287.99,Banyo,2026-05-27
Chic Diamond Pamuk Yüz Havlusu 50x80 cm Fildişi,1499.99,Banyo,2026-05-27
Classy Diamond Pamuklu Bukle Banyo Paspası Seti Bej,2499.99,Banyo,2026-05-27
CloudSoft Pamuk Banyo Havlusu 90x150 cm Beyaz,4999.99,Banyo,2026-05-27
CloudSoft Pamuk Yüz Havlusu 50x80 cm Beyaz,349.99,Banyo,2026-05-27
Color Wave Pamuklu İpliği Boyalı Plaj Havlusu 90x150 cm Yeşil,719.99,Banyo,2026-05-27
Colorful Lines Pamuklu El Havlusu Ekru - Yeşil,999.99,Banyo,2026-05-27
Coral Pamuklu Torba Peştemal 90x150 cm Fuşya-Turuncu,2499.99,Banyo,2026-05-27
Corallo Kaydırmaz Taban Banyo Paspası Seti 60x90 + 40x60 cm Mavi-Beyaz,4499.99,Banyo,2026-05-27
Crispy Colorful Pamuklu Yüz Havlusu 50x80 cm Mavi,1999.99,Banyo,2026-05-27
Curve Pamuk Bornoz Bej,909.99,Banyo,2026-05-27
Curve Pamuk Bornoz Mavi,783.99,Banyo,2026-05-27
Curve Pamuk Yüz Havlusu 50x70 cm Bej,999.95,Banyo,2026-05-27
Curve Pamuk Yüz Havlusu 50x70 cm Mavi,999.95,Banyo,2026-05-27
Curveline Kaydırmaz Taban Banyo Paspası Seti 60x80 cm + 40x60 cm Mavi,319.99,Banyo,2026-05-27
Curveline Kaydırmaz Taban Banyo Paspası Seti Bej,1999.99,Banyo,2026-05-27
Daina 3lü Banyo Seti Bej,7499.99,Banyo,2026-05-27
Daisy Bouquet Pamuk Nakışlı Yüz Havlusu 50x80 cm Ekru,1999.99,Banyo,2026-05-27
Daisy Line Pamuk Yüz Havlusu 50x80 cm Beyaz,1749.99,Banyo,2026-05-27
Deluxe Low Twist Pamuklu El Havlusu 30x50 cm Mavi,999.99,Banyo,2026-05-27
Deluxe Pamuklu Low Twist El Havlusu 30x50 cm Bej,999.99,Banyo,2026-05-27
Deluxe Pamuklu Low Twist El Havlusu 30x50 cm Beyaz,999.99,Banyo,2026-05-27
Diana Cam Banyo Sıvı Sabunluk Şeffaf,1399.99,Banyo,2026-05-27
Dina 3lü Banyo Seti Antrasit,899.99,Banyo,2026-05-27
Dolly Çizgili Peştamal 90x150 cm Mavi-Turuncu,1399.99,Banyo,2026-05-27
Dottie Pamuk Banyo Havlusu 80x150 cm Antrasit,511.99,Banyo,2026-05-27
Dottie Pamuk El Havlusu 30x45 cm Antrasit,1299.99,Banyo,2026-05-27
Dottie Pamuk Yüz Havlusu 50x80 cm Antrasit,1399.99,Banyo,2026-05-27
Falbelo Pamuklu Yuvarlak Banyo Paspası Ekru,5999.99,Banyo,2026-05-27
Falbelo Pamuklu Yuvarlak Banyo Paspası Pembe,909.99,Banyo,2026-05-27
Fancy Katlanabilir 2 Bölmeli Bambu Çamaşır Sepeti Bej,629.99,Banyo,2026-05-27
Fancy Katlanabilir Çamaşır Sepeti Bej,5499.99,Banyo,2026-05-27
Felis Pamuk Yüz Havlusu 50x80 cm Ekru-Kahve,1749.99,Banyo,2026-05-27
Floral Check Pamuk Yüz Havlusu 50x80 cm Beyaz,1749.99,Banyo,2026-05-27
Floral Line Pamuk Nakışlı Yüz Havlusu 50x80 cm Beyaz,1999.99,Banyo,2026-05-27
Florina Pamuk Yüz Havlusu 50x80 cm Beyaz,1999.99,Banyo,2026-05-27
Flower Bud Pamuklu Nakışlı Banyo Havlusu 90x150 cm Beyaz,3499.99,Banyo,2026-05-27
Flower Touch Pamuklu Jakarlı Yüz Havlusu 50x80 cm Lila,1499.99,Banyo,2026-05-27
Fluffy Cotton Plus Pamuklu Banyo Havlusu 70x140 cm Bej,2499.99,Banyo,2026-05-27
Fluffy Cotton Plus Pamuklu Banyo Havlusu 70x140 cm Gri,2499.99,Banyo,2026-05-27
Fluffy Cotton Plus Pamuklu El Havlusu 30x45 cm Gri,999.99,Banyo,2026-05-27
Fluffy Cotton Plus Pamuklu Yüz Havlusu 50x80 cm Bej,1299.99,Banyo,2026-05-27
Fluffy Cotton Plus Pamuklu Yüz Havlusu 50x80 cm Sage,1499.99,Banyo,2026-05-27
Frame Pamuk Bornoz Beyaz,1039.99,Banyo,2026-05-27
Frame Pamuk Bornoz Gri,1039.99,Banyo,2026-05-27
Frame Pamuk Yüz Havlusu 50x70 cm Beyaz,999.95,Banyo,2026-05-27
Frame Pamuk Yüz Havlusu 50x70 cm Gri,999.95,Banyo,2026-05-27
Funny Stripe Pamuklu Baskılı Plaj Havlusu 90x150 cm Pembe,639.99,Banyo,2026-05-27
Gina Bambu Çamaşır Sepeti Açık Kahve,2499.99,Banyo,2026-05-27
Glossy Kaydırmaz Taban Banyo Paspası Seti 60x90 + 40x60 cm Beyaz,1039.99,Banyo,2026-05-27
Glossy Kaydırmaz Taban Banyo Paspası Seti 60x90 + 40x60 cm Yeşil,1039.99,Banyo,2026-05-27
Golden Pine Pamuk Nakışlı Yüz Havlusu 50x80 cm Beyaz,2199.99,Banyo,2026-05-27
Grid Pamuk Yüz Havlusu 50x70 cm Hardal,999.95,Banyo,2026-05-27
Grid Pamuk Yüz Havlusu 50x70 cm Koyu Yeşil,999.95,Banyo,2026-05-27
Grid Pamuk Yüz Havlusu 50x70 cm Somon,999.95,Banyo,2026-05-27
Gridline Kaydırmaz Taban Banyo Paspası Seti Beyaz,314.99,Banyo,2026-05-27
Gridline Kaydırmaz Taban Banyo Paspası Seti Gri,1999.99,Banyo,2026-05-27
Gridline Kaydırmaz Taban Banyo Paspası Seti Hardal,319.99,Banyo,2026-05-27
Gridline Kaydırmaz Taban Banyo Paspası Seti Koyu Yeşil,1999.99,Banyo,2026-05-27
Gridline Kaydırmaz Taban Banyo Paspası Seti Somon,1999.99,Banyo,2026-05-27
Honeycomb Pamuklu Peştemal 90x150 cm Açık Bej-Lacivert-Kiremit,384.99,Banyo,2026-05-27
Jess 3lü Set Banyo Seti 20 cm Yeşil,3999.99,Banyo,2026-05-27
Jeylo Pamuklu Plaj Havlusu 90x150 cm Ekru-Sarı,2999.99,Banyo,2026-05-27
Leafy Bambu Banyo Havlusu 70x140 cm Açık Bej,489.99,Banyo,2026-05-27
Leafy Bambu Banyo Havlusu 70x140 cm Ekru,489.99,Banyo,2026-05-27
Leafy Bambu Banyo Havlusu 70x140 cm Pembe,489.99,Banyo,2026-05-27
Leafy Bambu Banyo Havlusu Krem,2499.99,Banyo,2026-05-27
Leafy Bambu El Havlusu 30x50 cm Açık Bej,999.99,Banyo,2026-05-27
Leafy Bambu El Havlusu 30x50 cm Ekru,999.99,Banyo,2026-05-27
Leafy Touch Pamuk Jakarlı Banyo Havlusu 90x150 cm Ekru,559.99,Banyo,2026-05-27
Leafy Touch Pamuk Jakarlı Banyo Havlusu 90x150 cm Yeşil,419.99,Banyo,2026-05-27
Leafy Touch Pamuk Jakarlı El Havlusu 30x40 cm Ekru,1049.99,Banyo,2026-05-27
Leafy Touch Pamuk Jakarlı El Havlusu 30x40 cm Yeşil,1049.99,Banyo,2026-05-27
Leafy Touch Pamuk Jakarlı Yüz Havlusu 50x80 cm Ekru,1499.99,Banyo,2026-05-27
Leafy Touch Pamuk Jakarlı Yüz Havlusu 50x80 cm Yeşil,1499.99,Banyo,2026-05-27
Leafy Touch Pamuk Yüz Havlusu 50x80 cm Açık Yeşil,2249.99,Banyo,2026-05-27
Leggy Pamuklu Bornoz S-M Beyaz,8999.99,Banyo,2026-05-27
Linda Pamuklu Nakışlı Banyo Havlusu 90x150 cm Beyaz,3499.99,Banyo,2026-05-27
Linelike Pamuklu Çizgili Plaj Havlusu 90x150 cm Ekru-Yeşil-Sarı,3024.91,Banyo,2026-05-27
Lines Pamuk Bornoz Gül Kurusu,1039.99,Banyo,2026-05-27
Lines Pamuk Bornoz Ortanca Lila,6499.99,Banyo,2026-05-27
Lines Pamuk Yüz Havlusu 50x70 cm Gül Kurusu,999.99,Banyo,2026-05-27
Lines Pamuk Yüz Havlusu 50x70 cm Ortanca Lila,999.99,Banyo,2026-05-27
Liny Pamuklu Çizgili Plaj Havlusu 90x150 cm Ekru-Mavi-Turuncu,3024.91,Banyo,2026-05-27
Lisa Pamuklu Nakışlı Banyo Havlusu 90x150 cm Beyaz,559.99,Banyo,2026-05-27
Macaroni Kaydırmaz Taban Banyo Paspası 50x80 cm Yeşil,539.99,Banyo,2026-05-27
Macaroni Kaydırmaz Taban Banyo Paspası Seti 60x90 + 40x60 cm Bej,959.99,Banyo,2026-05-27
Macaroni Kaydırmaz Taban Banyo Paspası Seti 60x90 + 40x60 cm Mavi,639.99,Banyo,2026-05-27
Macaroni Kaydırmaz Taban Banyo Paspası Seti 60x90 + 40x60 cm Yeşil,779.99,Banyo,2026-05-27
Marble 3lü Banyo Seti Beyaz,839.99,Banyo,2026-05-27
Mayra Rejenere Peştemal Bornoz Standart Turuncu-Sarı,479.99,Banyo,2026-05-27
Mayra Rejenere Çizgili Peştamal 90x150 cm Fuşya-Mavi,239.99,Banyo,2026-05-27
Mayra Çizgili Peştamal 90x150 cm Turuncu-Sarı,999.99,Banyo,2026-05-27
Melange Pamuk Banyo Havlusu 80x150 cm Bej Melanj,559.99,Banyo,2026-05-27
Melange Pamuk El Havlusu 30x45 cm Bej Melanj,183.99,Banyo,2026-05-27
Melange Pamuk Yüz Havlusu 50x80 cm Bej Melanj,1499.99,Banyo,2026-05-27
Melinda Bambu Yüz Havlusu 50x90 cm Beyaz,1499.99,Banyo,2026-05-27
Mini Daisy Pamuk Nakışlı Yüz Havlusu 50x80 cm Ekru,1999.99,Banyo,2026-05-27
Modern Line Pamuklu Peştemal 90x150 cm Açık Bej-Kiremit,2299.99,Banyo,2026-05-27
Mono Stripe Pamuk Ayak Havlusu 50x70 cm Beyaz - Bej,1999.99,Banyo,2026-05-27
Mono Stripe Pamuk Ayak Havlusu 50x70 cm Beyaz - Gri,1999.99,Banyo,2026-05-27
Mono Stripe Pamuk Ayak Havlusu 50x70 cm Beyaz - Mavi,1999.99,Banyo,2026-05-27
Mono Stripe Pamuk Ayak Havlusu 50x70 cm Beyaz - Pembe,1999.99,Banyo,2026-05-27
Mono Stripe Pamuk Ayak Havlusu 50x70 cm Beyaz - Yeşil,1999.99,Banyo,2026-05-27
Mono Stripe Pamuk Bornoz Beyaz - Bej,1399.99,Banyo,2026-05-27
Mono Stripe Pamuk Bornoz Beyaz - Gri,9999.99,Banyo,2026-05-27
Mono Stripe Pamuk Bornoz Beyaz - Mavi,9999.99,Banyo,2026-05-27
Mono Stripe Pamuk Bornoz Beyaz - Pembe,9999.99,Banyo,2026-05-27
Mono Stripe Pamuk Bornoz Beyaz - Yeşil,9999.99,Banyo,2026-05-27
Moonstar Pamuklu Nakışlı Yüz Havlusu 50x80 cm Ekru,479.99,Banyo,2026-05-27
Morning Daisy Pamuk Yüz Havlusu 50x80 cm Pudra,1999.99,Banyo,2026-05-27
Myla Cam Banyo Sıvı Sabunluk Amber,1749.99,Banyo,2026-05-27
Myla Cam Banyo Sıvı Sabunluk Şeffaf,1999.99,Banyo,2026-05-27
Natural Pamuk Banyo Havlusu Bej,2499.99,Banyo,2026-05-27
Natural Stripe Pamuklu Banyo Havlusu 90x150 cm Beyaz,3499.99,Banyo,2026-05-27
Natural Stripe Pamuklu Yüz Havlusu 50x90 cm Beyaz,1999.99,Banyo,2026-05-27
Nevana Cam Banyo Sıvı Sabunluk Amber,1749.99,Banyo,2026-05-27
Ocean Pamuklu Plaj Havlusu 70x140 cm Mavi,539.99,Banyo,2026-05-27
Ornate Stripe Pamuklu İpliği Boyalı Yüz Havlusu 50x80 cm Ekru - Pembe,1999.99,Banyo,2026-05-27
Paige Makarna Banyo Paspası Kahve,399.99,Banyo,2026-05-27
Paige Makarna Banyo Paspası Yeşil,2249.99,Banyo,2026-05-27
Panera Pamuk Ayak Havlusu 50x85 cm Mor,1499.99,Banyo,2026-05-27
Panera Pamuk Ayak Havlusu 50x85 cm Sage,1499.99,Banyo,2026-05-27
Panera Pamuk Ayak Havlusu 50x85 cm Sisli Kahve,1499.99,Banyo,2026-05-27
Panera Pamuk Banyo Havlusu 90x150 cm Mor,447.99,Banyo,2026-05-27
Panera Pamuk Banyo Havlusu 90x150 cm Sage,494.99,Banyo,2026-05-27
Panera Pamuk Banyo Havlusu 90x150 cm Sisli Kahve,2999.99,Banyo,2026-05-27
Panera Pamuk El Havlusu 30x45 cm Mor,1049.99,Banyo,2026-05-27
Panera Pamuk El Havlusu 30x45 cm Sage,1049.99,Banyo,2026-05-27
Panera Pamuk El Havlusu 30x45 cm Sisli Kahve,1049.99,Banyo,2026-05-27
Panera Pamuk Yüz Havlusu 50x85 cm Mor,1399.99,Banyo,2026-05-27
Panera Pamuk Yüz Havlusu 50x85 cm Sage,1399.99,Banyo,2026-05-27
Panera Pamuk Yüz Havlusu 50x85 cm Sisli Kahve,1399.99,Banyo,2026-05-27
Panthera Pamuk Yüz Havlusu 50x80 cm Ekru,1999.99,Banyo,2026-05-27
Pavia Cam Banyo Sıvı Sabunluk Amber,1749.99,Banyo,2026-05-27
Pearl Pamuklu Simli El Havlusu 30x45 cm Ekru,999.99,Banyo,2026-05-27
Petite Checked Pamuklu Kroşeli Yüz Havlusu 50x80 cm Ekru - Lila,1499.99,Banyo,2026-05-27
Petite Dot Pamuk Püsküllü Yüz Havlusu 50x80 cm Pembe - Yeşil,2249.99,Banyo,2026-05-27
Petite Dot Pamuk Püsküllü Yüz Havlusu 50x80 cm Yeşil-Mavi,1999.99,Banyo,2026-05-27
Poffy Soft-Premium Pamuklu Banyo Havlusu 70x140 cm Ekru,479.99,Banyo,2026-05-27
Poffy Soft-Premium Pamuklu El Havlusu 30x45 cm Ekru,999.99,Banyo,2026-05-27
Poffy Soft-Premium Pamuklu El Havlusu 30x45 cm Pembe,999.99,Banyo,2026-05-27
Poffy Soft-Premium Pamuklu El Havlusu 30x45 cm Su Yeşili,999.99,Banyo,2026-05-27
Poffy Soft-Premium Pamuklu El Havlusu Bej,999.99,Banyo,2026-05-27
Poffy Soft-Premium Pamuklu Yüz Havlusu 50x80 cm Ekru,271.99,Banyo,2026-05-27
Poffy Soft-Premium Pamuklu Yüz Havlusu 50x80 cm Su Yeşili,1499.99,Banyo,2026-05-27
Polina Cam Banyo Sıvı Sabunluk Amber,1149.99,Banyo,2026-05-27
Porte Pamuklu Peştemal 90x150 cm Açık Bej,1999.99,Banyo,2026-05-27
Punto Pamuk Banyo Havlusu 80x150 cm Yeşil-Beyaz,559.99,Banyo,2026-05-27
Punto Pamuk El Havlusu 30x45 cm Yeşil-Beyaz,1299.99,Banyo,2026-05-27
Punto Pamuk Yüz Havlusu 50x80 cm Pembe - Yeşil,1999.99,Banyo,2026-05-27
Punto Pamuk Yüz Havlusu 50x80 cm Yeşil-Beyaz,2249.99,Banyo,2026-05-27
Pure Basic Pamuk Banyo Havlusu 100x150 cm Açık Pembe,639.99,Banyo,2026-05-27
Pure Basic Pamuk El Havlusu 30x30 cm Beyaz,999.99,Banyo,2026-05-27
Pure Basic Pamuk El Havlusu 30x30 cm Koyu Mavi,1499.95,Banyo,2026-05-27
Pure Basic Pamuk Yüz Havlusu 50x90 cm Bej,1299.99,Banyo,2026-05-27
Pure Basic Pamuklu Banyo Havlusu 70x140 cm Açık Pembe,479.99,Banyo,2026-05-27
Pure Basic Pamuklu Banyo Havlusu Bej,479.99,Banyo,2026-05-27
Pure Basic Pamuklu Banyo Havlusu Koyu Mavi,1999.99,Banyo,2026-05-27
Pure Basic Pamuklu El Havlusu 30x30 cm Bej,1499.95,Banyo,2026-05-27
Pure Basic Pamuklu El Havlusu 30x30 cm Gri,999.99,Banyo,2026-05-27
Pure Basic Pamuklu El Havlusu 30x30 cm Koyu Mor,1499.95,Banyo,2026-05-27
Pure Flowers Pamuklu Yüz Havlusu 50x80 cm Ekru,279.99,Banyo,2026-05-27
Pure Fresh Pamuk Banyo Havlusu 70x140 cm Açık Mavi,319.99,Banyo,2026-05-27
Pure Fresh Pamuk Banyo Havlusu 70x140 cm Bej,1999.99,Banyo,2026-05-27
Pure Fresh Pamuk El Havlusu 30x40 cm Açık Mavi,1049.99,Banyo,2026-05-27
Pure Fresh Pamuk El Havlusu 30x40 cm Bej,1049.99,Banyo,2026-05-27
Pure Fresh Pamuk Yüz Havlusu 50x80 cm Açık Mavi,1299.99,Banyo,2026-05-27
Pure Fresh Pamuk Yüz Havlusu 50x80 cm Bej,1299.99,Banyo,2026-05-27
Pure Natural Pamuklu Peştamal 90x150 cm Açık Bej-Kiremit,2249.99,Banyo,2026-05-27
Pure Pamuk Banyo Havlusu 70x140 cm Beyaz,1749.99,Banyo,2026-05-27
Pure Pamuk Banyo Havlusu 70x140 cm Mor,1999.99,Banyo,2026-05-27
Pure Pamuk Banyo Havlusu 70x140 cm Sage,1749.99,Banyo,2026-05-27
Pure Pamuk Banyo Havlusu 70x140 cm Yeşil,1749.99,Banyo,2026-05-27
Pure Pamuk El Havlusu 30x40 cm Beyaz,999.99,Banyo,2026-05-27
Pure Pamuk El Havlusu 30x40 cm Mor,999.99,Banyo,2026-05-27
Pure Pamuk Yüz Havlusu 50x80 cm Beyaz,1399.99,Banyo,2026-05-27
Pure Pamuk Yüz Havlusu 50x80 cm Mor,1299.99,Banyo,2026-05-27
Pure Pamuk Yüz Havlusu 50x80 cm Sage,1049.99,Banyo,2026-05-27
Pure Pamuk Yüz Havlusu 50x80 cm Yeşil,1199.99,Banyo,2026-05-27
Retro Waves Pamuklu Nakışlı El Havlusu 30x45 cm Ekru - Mavi,699.95,Banyo,2026-05-27
Retro Waves Pamuklu Nakışlı Yüz Havlusu Ekru - Pembe,1999.99,Banyo,2026-05-27
River Rejenere Çizgili Peştamal 90x150 cm Sarı-Fuşya,1499.99,Banyo,2026-05-27
River Rejenere Çizgili Peştemal 90x150 cm Lacivert- Mavi,1499.99,Banyo,2026-05-27
Romance Ribbon Pamuk Jakarlı Banyo Havlusu 90x150 cm Pudra,419.99,Banyo,2026-05-27
Romance Ribbon Pamuk Jakarlı El Havlusu 30x40 cm Pudra,1049.99,Banyo,2026-05-27
Romance Ribbon Pamuk Jakarlı Yüz Havlusu 50x80 cm Pudra,1499.99,Banyo,2026-05-27
Rosita Microcotton Pamuklu Banyo Havlusu 90x150 cm Beyaz,639.99,Banyo,2026-05-27
Rosita Microcotton Pamuklu Yüz Havlusu 50x90 cm Beyaz,1399.95,Banyo,2026-05-27
Sandy Stripe Pamuk Ayak Havlusu 50x70 cm Beyaz,1399.99,Banyo,2026-05-27
Sandy Stripe Pamuk Ayak Havlusu 50x70 cm Lacivert,1499.99,Banyo,2026-05-27
Sandy Stripe Pamuk Banyo Havlusu 80x150 cm Beyaz,479.99,Banyo,2026-05-27
Sandy Stripe Pamuk Banyo Havlusu 80x150 cm Lacivert,3199.99,Banyo,2026-05-27
Sandy Stripe Pamuk Bornoz Beyaz,1119.99,Banyo,2026-05-27
Sandy Stripe Pamuk Bornoz Lacivert,6999.99,Banyo,2026-05-27
Sandy Stripe Pamuk El Havlusu 30x45 cm Beyaz,1049.99,Banyo,2026-05-27
Sandy Stripe Pamuk El Havlusu 30x45 cm Lacivert,1049.99,Banyo,2026-05-27
Sandy Stripe Pamuk Yüz Havlusu 50x80 cm Beyaz,1499.99,Banyo,2026-05-27
Sandy Stripe Pamuk Yüz Havlusu 50x80 cm Lacivert,1749.99,Banyo,2026-05-27
Savanna Check Pamuk Yüz Havlusu 50x80 cm Kahve-Açık Kahve,1999.99,Banyo,2026-05-27
Selina Bambu Çamaşır Sepeti 41x31x60 cm Antrasit,804.99,Banyo,2026-05-27
Serene Floral Pamuk Kabartma Nakışlı Yüz Havlusu 50x80 cm Beyaz,314.99,Banyo,2026-05-27
Silky Shine Kaydırmaz Taban Banyo Paspası 50x80 cm Gri,300.0,Banyo,2026-05-27
Silky Shine Kaydırmaz Taban Banyo Paspası 50x80 cm Petrol,300.0,Banyo,2026-05-27
Silky Shine Kaydırmaz Taban Banyo Paspası 50x80 cm Yeşil,359.99,Banyo,2026-05-27
Soft %100 Pamuklu Saç Bonesi Mint,1399.99,Banyo,2026-05-27
Soft Pamuklu Saç Bonesi Açık Mavi,1399.99,Banyo,2026-05-27
Soft Ruffle Pamuk Banyo Havlusu 70x140 cm Fildişi,2499.99,Banyo,2026-05-27
Soft Ruffle Pamuk Banyo Havlusu 70x140 cm Pudra,2499.99,Banyo,2026-05-27
Soft Ruffle Pamuk El Havlusu 30x40 cm Fildişi,999.99,Banyo,2026-05-27
Soft Ruffle Pamuk El Havlusu 30x40 cm Pudra,999.99,Banyo,2026-05-27
Soft Ruffle Pamuk Yüz Havlusu 50x80 cm Fildişi,1249.99,Banyo,2026-05-27
Soft Ruffle Pamuk Yüz Havlusu 50x80 cm Pudra,1249.99,Banyo,2026-05-27
Soft Step Kaydırmaz Taban Banyo Paspası 50x80 cm Gri,2249.99,Banyo,2026-05-27
Soft Step Kaydırmaz Taban Banyo Paspası 50x80 cm Mavi,1999.99,Banyo,2026-05-27
Soft Step Kaydırmaz Taban Banyo Paspası 50x80 cm Sarı,1499.99,Banyo,2026-05-27
Soft Step Kaydırmaz Taban Banyo Paspası 50x80 cm Yeşil,1499.99,Banyo,2026-05-27
Soft Step Pamuk Ayak Havlusu 50x70 cm Bej,1749.99,Banyo,2026-05-27
Soft Step Pamuk Ayak Havlusu 50x70 cm Beyaz,1499.99,Banyo,2026-05-27
Soft Step Pamuk Ayak Havlusu 50x70 cm Gri,1749.99,Banyo,2026-05-27
Soft Step Pamuk Ayak Havlusu 50x70 cm Lila,1499.99,Banyo,2026-05-27
Soft Step Pamuk Ayak Havlusu 50x70 cm Mavi,1499.99,Banyo,2026-05-27
Soft Step Pamuk Ayak Havlusu 50x70 cm Mint,1499.99,Banyo,2026-05-27
Soft Step Pamuk Ayak Havlusu 50x70 cm Mor,1499.99,Banyo,2026-05-27
Soft Step Pamuk Ayak Havlusu 50x70 cm Petrol,1499.99,Banyo,2026-05-27
Soft Step Pamuk Ayak Havlusu 50x70 cm Pudra,1499.99,Banyo,2026-05-27
Soft Step Pamuk Ayak Havlusu 50x70 cm Sarı,1499.99,Banyo,2026-05-27
Soft Step Pamuk Ayak Havlusu 50x70 cm Somon,1499.99,Banyo,2026-05-27
Soft Step Pamuk Ayak Havlusu 50x70 cm Yeşil,1499.99,Banyo,2026-05-27
Soft Stripe Pamuk Banyo Havlusu 80x150 cm Fildişi,559.99,Banyo,2026-05-27
Soft Stripe Pamuk El Havlusu 30x45 cm Fildişi,1299.99,Banyo,2026-05-27
Soft Stripe Pamuk Yüz Havlusu 50x80 cm Fildişi,1499.99,Banyo,2026-05-27
Soft Wave Pamuklu Yüz Havlusu 50x80 cm Ekru,1249.99,Banyo,2026-05-27
Softline Pamuk Banyo Havlusu 90x150 cm Beyaz,799.99,Banyo,2026-05-27
Softline Pamuk Yüz Havlusu 50x80 cm Beyaz,2499.99,Banyo,2026-05-27
Sofya Pamuklu Waffle Banyo Havlusu 70x140 cm Ekru,2499.99,Banyo,2026-05-27
Sofya Pamuklu Waffle Banyo Havlusu Gri,3499.99,Banyo,2026-05-27
Stone 3lü Banyo Seti Bej,1079.99,Banyo,2026-05-27
Strala Kaydırmaz Taban Banyo Paspası Seti Gül Kurusu,1749.99,Banyo,2026-05-27
Stripe Edge Pamuk Banyo Havlusu 70x140 cm Mint,2499.99,Banyo,2026-05-27
Stripe Edge Pamuk Banyo Havlusu 70x140 cm Pudra,2499.99,Banyo,2026-05-27
Stripe Edge Pamuk El Havlusu 30x40 cm Mint,1049.99,Banyo,2026-05-27
Stripe Edge Pamuk El Havlusu 30x40 cm Pudra,1049.99,Banyo,2026-05-27
Stripe Edge Pamuk Yüz Havlusu 50x80 cm Mint,1299.99,Banyo,2026-05-27
Stripe Edge Pamuk Yüz Havlusu 50x80 cm Pudra,1299.99,Banyo,2026-05-27
Stripe Pamuk Yüz Havlusu 50x70 cm Gül Kurusu,999.95,Banyo,2026-05-27
Stripe Pamuk Yüz Havlusu 50x70 cm Haki,999.95,Banyo,2026-05-27
Stripe Pamuk Yüz Havlusu 50x70 cm Koyu Bej,999.95,Banyo,2026-05-27
Sweet Strawberry Pamuklu Plaj Havlusu 70x140 cm Fuşya,299.99,Banyo,2026-05-27
Tassel Check Pamuklu Püsküllü Banyo Paspası Bej,559.99,Banyo,2026-05-27
Trendy Kaydırmaz Taban Banyo Paspası 50x80 cm Bej,2249.99,Banyo,2026-05-27
Trendy Kaydırmaz Taban Banyo Paspası 50x80 cm Gri,1999.99,Banyo,2026-05-27
Trendy Kaydırmaz Taban Banyo Paspası 50x80 cm Kiremit,1499.99,Banyo,2026-05-27
Trendy Kaydırmaz Taban Banyo Paspası 50x80 cm Mavi,1499.99,Banyo,2026-05-27
Trim Stripe Pamuklu Çizgili Plaj Havlusu 90x150 cm Ekru,419.99,Banyo,2026-05-27
Twill Pamuk Yüz Havlusu 50x70 cm Açık Gri,999.95,Banyo,2026-05-27
Twill Pamuk Yüz Havlusu 50x70 cm Açık Mavi,999.95,Banyo,2026-05-27
Twill Pamuk Yüz Havlusu 50x70 cm Su Yeşili,999.95,Banyo,2026-05-27
Twillow Kaydırmaz Taban Banyo Paspası Seti Açık Mavi,1499.99,Banyo,2026-05-27
Twillow Kaydırmaz Taban Banyo Paspası Seti Su Yeşili,1749.99,Banyo,2026-05-27
Twinkle Tree Pamuk Nakışlı Yüz Havlusu 50x80 cm Beyaz,399.99,Banyo,2026-05-27
Urbann Bambu Katlanabilir 2 Bölmeli Çamaşır Sepeti Kahve,607.99,Banyo,2026-05-27
Urbann Katlanabilir Çamaşır Sepeti Kahve,5499.99,Banyo,2026-05-27
Valeria Cam Banyo Sıvı Sabunluk 10x22 cm Şeffaf,1399.99,Banyo,2026-05-27
Velvet Bloom Pamuk Yüz Havlusu 50x80 cm Beyaz,239.99,Banyo,2026-05-27
Velvet Bloom Pamuk Yüz Havlusu 50x80 cm Pembe,1999.99,Banyo,2026-05-27
Velvet Touch Pamuklu Yüz Havlusu 50x80 cm Ekru,1499.99,Banyo,2026-05-27
Velvet Touch Pamuklu Yüz Havlusu 50x80 cm Yeşil,1999.99,Banyo,2026-05-27
Vina Pamuklu Peştemal 90x150 cm Sarı,1999.99,Banyo,2026-05-27
Waffle %100 Pamuklu Bornoz Takımı Mor,2399.99,Banyo,2026-05-27
Waffle Weave Kaydırmaz Taban Banyo Paspası 50x80 cm Açık Kahverengi,2499.99,Banyo,2026-05-27
Waffle Weave Kaydırmaz Taban Banyo Paspası 50x80 cm Gri,551.99,Banyo,2026-05-27
Waffle Weave Kaydırmaz Taban Banyo Paspası 50x80 cm Krem,559.99,Banyo,2026-05-27
Waffle Weave Kaydırmaz Taban Banyo Paspası 50x80 cm Mavi,250.0,Banyo,2026-05-27
Wave Pamuk Yüz Havlusu 50x70 cm Açık Bej,999.95,Banyo,2026-05-27
Wave Pamuk Yüz Havlusu 50x70 cm Ekru,999.99,Banyo,2026-05-27
Wave Pamuk Yüz Havlusu 50x70 cm Mor,999.95,Banyo,2026-05-27
Wavelet Kaydırmaz Taban Banyo Paspası Seti Açık Bej,2249.99,Banyo,2026-05-27
Wavelet Kaydırmaz Taban Banyo Paspası Seti Mor,279.99,Banyo,2026-05-27
Zigzag Pamuk Bornoz Limon Yeşili,6499.99,Banyo,2026-05-27
Zigzag Pamuk Bornoz Yeşil,6499.99,Banyo,2026-05-27
Zigzag Pamuk Yüz Havlusu 50x70 cm Limon Yeşili,999.99,Banyo,2026-05-27
Abrazo Yılbaşı Ağacı Süsü 8 cm Kırmızı,999.99,Dekorasyon,2026-05-27
Acorn Branch Tek Dal Yapay Çiçek 76 cm Yeşil,2499.99,Dekorasyon,2026-05-27
Adara Mum Siyah-Gold,1274.9,Dekorasyon,2026-05-27
Adela Ahşap Masa Saati Naturel,1439.99,Dekorasyon,2026-05-27
"Aden Yılbaşı Ağacı Süsü 11,5 cm Kırmızı",999.99,Dekorasyon,2026-05-27
"Ador Yılbaşı Ağacı Süsü 11,5 cm Kırmızı",999.99,Dekorasyon,2026-05-27
Adora Cam Vazo 23 cm Kahverengi,6999.99,Dekorasyon,2026-05-27
"Adora Cam Vazo 28,5 cm Krem",1049.99,Dekorasyon,2026-05-27
Adora Metal Dekoratif Tepsi Gold,639.99,Dekorasyon,2026-05-27
Adora Metal Dekoratif Tepsi Silver,5999.99,Dekorasyon,2026-05-27
Adra Cam Vazo Amber,1439.99,Dekorasyon,2026-05-27
Adrian Yılbaşı Ağacı Süsü 11 cm Kırmızı,999.99,Dekorasyon,2026-05-27
Akasya Dekoratif Tepsi Koyu Kahverengi,359.99,Dekorasyon,2026-05-27
Akuante Dekoratif Tepsi 30x42 cm Multicolor,639.99,Dekorasyon,2026-05-27
Alba Cam Şamdan Kırmızı,2199.99,Dekorasyon,2026-05-27
Alba Dekoratif Aydınlatma Naturel,7999.99,Dekorasyon,2026-05-27
Alba Metal Çerçeve Gold,1749.99,Dekorasyon,2026-05-27
Alba Metal Çerçeve Silver,1999.99,Dekorasyon,2026-05-27
Albero Yılbaşı Ağacı Süsü 12.5 cm Yeşil,999.99,Dekorasyon,2026-05-27
Alder Mdf Dekoratif 30x14 cm Kahverengi,7499.99,Dekorasyon,2026-05-27
Alena Mdf Dekoratif 40x14 cm Kahverengi,7999.99,Dekorasyon,2026-05-27
Alesa Cam Vazo Multicolor,6999.99,Dekorasyon,2026-05-27
Alesa Cam Şamdan Turuncu,1499.99,Dekorasyon,2026-05-27
Alesta Yılbaşı Ağacı Süsü 12.5 cm Siyah,999.99,Dekorasyon,2026-05-27
Alice Müzik Kutusu 17 cm Kırmızı,12499.99,Dekorasyon,2026-05-27
Alice Polyresin Çerçeve 10x15 cm Krem,479.99,Dekorasyon,2026-05-27
"Alicia Cam Vazo 20,5 cm Kahverengi",1259.99,Dekorasyon,2026-05-27
Alicia Polyresin Çerçeve 10x15 cm Krem,584.99,Dekorasyon,2026-05-27
Alina Dokuma Kırlent Kılıfı Tarçın,1499.99,Dekorasyon,2026-05-27
Alina Polyresin Çerçeve 10x15 cm Krem,584.99,Dekorasyon,2026-05-27
Aline Dekoratif Kutu Krem,1139.99,Dekorasyon,2026-05-27
Alisia Polyresin Çerçeve 10x15 cm Bej,2999.99,Dekorasyon,2026-05-27
Alisya Polyresin Çerçeve 10x15 cm Bej,3249.99,Dekorasyon,2026-05-27
Alita Polyresin Çerçeve 10x15 cm Bej – Bordo,3249.99,Dekorasyon,2026-05-27
Alium Tek Dal Yapay Çiçek 94 cm Pembe,1399.99,Dekorasyon,2026-05-27
Allegra Kandil Şeffaf,1749.99,Dekorasyon,2026-05-27
Almina Dekoratif Tepsi 33x33 cm Krem,479.99,Dekorasyon,2026-05-27
Aloha Yılbaşı Ağaç Süsü Multicolor,3499.99,Dekorasyon,2026-05-27
Alonza Dekoratif Tepsi Gold,3999.99,Dekorasyon,2026-05-27
Alonza Yılbaşı Ağaç Süsü Multicolor,1499.99,Dekorasyon,2026-05-27
Aluna Suni Deri Sepet Siyah,1749.99,Dekorasyon,2026-05-27
Alura Yılbaşı Ağaç Süsü Multicolor,4499.99,Dekorasyon,2026-05-27
Alure Yılbaşı Ağaç Süsü Multicolor,1499.99,Dekorasyon,2026-05-27
Alva Yılbaşı Ağaç Süsü Multicolor,350.0,Dekorasyon,2026-05-27
Alvin Cam 15 Dk Kum Saati Füme,319.99,Dekorasyon,2026-05-27
Alvin Polyresin Dekoratif Tepsi 32x46 cm Kahve,1439.99,Dekorasyon,2026-05-27
Alvin Seramik Abajur Krem,7499.99,Dekorasyon,2026-05-27
Alvin Yılbaşı Ağaç Süsü Multicolor,1149.99,Dekorasyon,2026-05-27
Alyysa Metal Çerçeve Lila,1749.99,Dekorasyon,2026-05-27
Alyysa Metal Çerçeve Mint,1749.99,Dekorasyon,2026-05-27
Alyysa Metal Çerçeve Pudra,1299.95,Dekorasyon,2026-05-27
Amaranthus Kumaş Tek Dal Yapay Çiçek Açık Pembe,1249.99,Dekorasyon,2026-05-27
Amaranthus Kumaş Tek Dal Yapay Çiçek Koyu Pembe,1249.99,Dekorasyon,2026-05-27
Amaranthus Kumaş Tek Dal Yapay Çiçek Krem,1249.99,Dekorasyon,2026-05-27
Amare Tek Dal Yapay Çiçek 90 cm Kırmızı,1199.99,Dekorasyon,2026-05-27
Amaris Dolgulu Kırlent 35x50 cm Kırmızı - Bej,4999.99,Dekorasyon,2026-05-27
Amber Woods Kokulu Mum 120 gr Kahverengi,1399.99,Dekorasyon,2026-05-27
Amelie Dekoratif Kırlent 35x55 cm Hardal,2999.99,Dekorasyon,2026-05-27
Anchor Yılbaşı Ağaç Süsü Multicolor,2249.99,Dekorasyon,2026-05-27
Andora Cam Vazo 10.5 cm Yeşil,6499.99,Dekorasyon,2026-05-27
Andora Cam Vazo 13 cm Kırmızı,7999.99,Dekorasyon,2026-05-27
"Andora Yılbaşı Ağaç Süsü 13,5 cm Gold",300.0,Dekorasyon,2026-05-27
"Andora Yılbaşı Ağaç Süsü 13,5 cm Kırmızı",479.99,Dekorasyon,2026-05-27
Andora Örgü Sepet Pembe,2249.99,Dekorasyon,2026-05-27
Andre Tek Dal Yapay Çiçek 80 cm Kahve,849.95,Dekorasyon,2026-05-27
Andre Yılbaşı Ağaç Süsü Multicolor,1299.99,Dekorasyon,2026-05-27
Andre Çerçeve 13x18 cm Bej,489.99,Dekorasyon,2026-05-27
Andre Çerçeve Krem,479.99,Dekorasyon,2026-05-27
Angel Dekoratif Obje 15 cm Kahve,4999.99,Dekorasyon,2026-05-27
"Angela Mum 7x4,5x7,5 cm Kırmızı",1274.9,Dekorasyon,2026-05-27
"Angela Mum 9x6,5x11 cm Kırmızı",1999.99,Dekorasyon,2026-05-27
Angela Yılbaşı Ağaç Süsü Multicolor,1749.99,Dekorasyon,2026-05-27
Anica Yılbaşı Ağaç Süsü 7 cm Gold,1999.99,Dekorasyon,2026-05-27
Anica Yılbaşı Ağaç Süsü 7 cm Kırmızı,1999.99,Dekorasyon,2026-05-27
Anica Yılbaşı Ağaç Süsü 7 cm Silver,1999.99,Dekorasyon,2026-05-27
Anissa Kar Küresi 14 cm Kırmızı,5999.99,Dekorasyon,2026-05-27
"Anissa Metal Dekoratif Tabak 27,5x22x4 cm Gümüş",4999.99,Dekorasyon,2026-05-27
Anissa Takı Kutusu 16x16x6 cm Gold,500.0,Dekorasyon,2026-05-27
Anissa Yılbaşı Ağaç Süsü Multicolor,1299.99,Dekorasyon,2026-05-27
"Antique Ribbon Polyresin Dekoratif Obje 11,5 cm Siyah",639.99,Dekorasyon,2026-05-27
"Apple Biblo 11,5x11,5x13cm Kahve",559.99,Dekorasyon,2026-05-27
Apple Biblo 14x14x16cm Gri,799.99,Dekorasyon,2026-05-27
Aquamarine Dijital Baskı Dekoratif Kırlent 35x55 cm Mavi - Yeşil,419.99,Dekorasyon,2026-05-27
Aquamarine Seramik Vazo 18 cm Lacivert,699.99,Dekorasyon,2026-05-27
Areka Yılbaşı Ağacı Süsü 10 cm Gold,1149.99,Dekorasyon,2026-05-27
Areka Çerçeve 13x18 cm Kahverengi,3499.99,Dekorasyon,2026-05-27
Aremis Çerçeve 13x18 cm Krem,1499.99,Dekorasyon,2026-05-27
Arena Koltuk Şalı 170x210 cm Bej,2999.99,Dekorasyon,2026-05-27
Aris Mum 10 cm Kırmızı,879.99,Dekorasyon,2026-05-27
Aris Mum 10 cm Yeşil,879.99,Dekorasyon,2026-05-27
Aris Seramik Abajur Bej,7999.99,Dekorasyon,2026-05-27
Armin Yılbaşı Kar Küresi 21 cm Kırmızı,1519.99,Dekorasyon,2026-05-27
Arnie Dekoratif Kırlent 35x50 cm Ekru,3999.99,Dekorasyon,2026-05-27
Artistic Bloom Dekoratif Kırlent 40 cm Kahverengi,3999.99,Dekorasyon,2026-05-27
Artistic Bloom Dekoratif Kırlent 40 cm Yeşil,639.99,Dekorasyon,2026-05-27
"Artistic Bloom Dekoratif Kırlent 40,0x1,3x55,0 cm Bej",639.99,Dekorasyon,2026-05-27
"Artistic Bloom Dekoratif Kırlent 40,0x15,5 cm Hardal",719.99,Dekorasyon,2026-05-27
"Artistic Bloom Dekoratif Kırlent 40,0x30,5x1,5 cm Kiremit",4999.99,Dekorasyon,2026-05-27
Arya Metal Dekoratif Obje 33 cm Gold,719.99,Dekorasyon,2026-05-27
Aspen Çerçeve 13x18 cm Silver,1499.99,Dekorasyon,2026-05-27
Aspen Çerçeve Gold,1999.99,Dekorasyon,2026-05-27
Astra Yılbaşı Ağaç Süsü Multicolor,1499.99,Dekorasyon,2026-05-27
"Asya Metal Dekoratif Obje 30,5 cm Gold",6999.99,Dekorasyon,2026-05-27
Audra Çerçeve 8x8 cm Multicolor,2749.99,Dekorasyon,2026-05-27
Aura Çerçeve 8x8 cm Multicolor,2749.99,Dekorasyon,2026-05-27
Avani Vazo Krem,2239.99,Dekorasyon,2026-05-27
Avin Tek Dal Yapay Çiçek 71 cm Kırmızı,1299.99,Dekorasyon,2026-05-27
Avin Yılbaşı Ağaç Süsü Multicolor,1499.99,Dekorasyon,2026-05-27
Avin Çerçeve Kahverengi,299.99,Dekorasyon,2026-05-27
"Azure Yılbaşı Kar Küresi 15,5 cm Kırmızı",4749.99,Dekorasyon,2026-05-27
Baby Dog Bebe Pelüş Dekoratif Kırlent 38x25 cm Beyaz,559.99,Dekorasyon,2026-05-27
Baby Koala Sıcak Su Torbası 750 ml Gri,2249.99,Dekorasyon,2026-05-27
Baela Vazo Gri,3499.99,Dekorasyon,2026-05-27
Ball Flower Tek Dal Yapay Çiçek 61 cm Kırmızı - Yeşil,1299.99,Dekorasyon,2026-05-27
Bally Pelüş Dekoratif Kırlent 40 cm Hardal,2999.99,Dekorasyon,2026-05-27
Bamboo Metal Çerçeve Gold,559.99,Dekorasyon,2026-05-27
Bamboo Metal Çerçeve Silver,399.99,Dekorasyon,2026-05-27
Basic Line Dolgulu Kırlent 45x45 cm Bej,2999.99,Dekorasyon,2026-05-27
Becky Metal Çerçeve Gold,2499.99,Dekorasyon,2026-05-27
Becky Metal Çerçeve Silver,349.99,Dekorasyon,2026-05-27
Becky Seramik Vazo 35 cm Kırmızı - Yeşil,1999.99,Dekorasyon,2026-05-27
Bedros Yılbaşı Ağaç Süsü Multicolor,1499.99,Dekorasyon,2026-05-27
Bega Yılbaşı Ağaç Süsü 6x6x13 cm Gri,1199.99,Dekorasyon,2026-05-27
Belicia Dekoratif Kırlent 35x55 cm Bordo,799.99,Dekorasyon,2026-05-27
Belinda Yılbaşı Ağaç Süsü 8x8x8 cm Gri,1299.99,Dekorasyon,2026-05-27
Belita Biblo 12 cm Kırmızı,4999.99,Dekorasyon,2026-05-27
Belita Seramik Vazo 10 cm Kiremit,559.99,Dekorasyon,2026-05-27
Belita Seramik Vazo 15 cm Bej,4999.99,Dekorasyon,2026-05-27
Belita Seramik Vazo 18 cm Krem,3999.99,Dekorasyon,2026-05-27
Bell Yılbaşı Ağaç Süsü 6x5x9 cm Gri,1199.99,Dekorasyon,2026-05-27
Belleza Yılbaşı Ağaç Süsü 8x8x8 cm Siyah,999.95,Dekorasyon,2026-05-27
"Bello Yılbaşı Ağacı Süsü 5,5 cm Kırmızı",999.99,Dekorasyon,2026-05-27
Berilda Dekoratif Tepsi 33x33 cm Krem,479.99,Dekorasyon,2026-05-27
Berilda Tek Dal Yapay Çiçek 78 cm Sarı,1399.99,Dekorasyon,2026-05-27
Berry Dekoratif Obje Kırmızı,959.99,Dekorasyon,2026-05-27
Berry Leaves Tek Dal Yapay Çiçek Kırmızı,1199.99,Dekorasyon,2026-05-27
Berry Tek Dal Yapay Çiçek Kırmızı,1749.99,Dekorasyon,2026-05-27
Berry Yılbaşı Ağaç Süsü 8x5x6 cm Siyah,999.95,Dekorasyon,2026-05-27
Berta Yılbaşı Ağaç Süsü 8x8x8 cm Kahverengi,1299.99,Dekorasyon,2026-05-27
Betty Yılbaşı Ağaç Süsü 8x8x8 cm Beyaz,1299.99,Dekorasyon,2026-05-27
Beyaz Çiçekler Kokulu Mum,1399.99,Dekorasyon,2026-05-27
Birch Leaf Spray Tek Dal Yapay Çiçek Yeşil,1199.99,Dekorasyon,2026-05-27
Bird Ahşap Dekoratif Obje Kahve,3499.99,Dekorasyon,2026-05-27
Blare 6Lı Organizer Set Lacivert,3499.99,Dekorasyon,2026-05-27
Blare 6Lı Organizer Set Pudra,4999.99,Dekorasyon,2026-05-27
Blare 6lı Organizer Set Gri,719.99,Dekorasyon,2026-05-27
Blare 6lı Organizer Set Siyah,719.99,Dekorasyon,2026-05-27
Blare Polyester 6lı Organizer Turuncu,2999.99,Dekorasyon,2026-05-27
Blare Yılbaşı Ağaç Süsü 5x7x15 cm Beyaz,1499.99,Dekorasyon,2026-05-27
Blume Kar Küresi 9 cm Kırmızı,599.99,Dekorasyon,2026-05-27
Blume Yılbaşı Ağaç Süsü 6x6x14 cm Beyaz,1299.99,Dekorasyon,2026-05-27
Boheme Dekoratif Kase Naturel,2499.99,Dekorasyon,2026-05-27
Bohemian Dolgulu Kırlent 45x45 cm Multicolor,599.99,Dekorasyon,2026-05-27
Boise Sepet Naturel,879.99,Dekorasyon,2026-05-27
Bona Dekoratif Kutu Bej,479.99,Dekorasyon,2026-05-27
Bonita Kum Saati Bej,799.99,Dekorasyon,2026-05-27
Bonnie Yılbaşı Ağacı Süsü 12.5 cm Beyaz,999.99,Dekorasyon,2026-05-27
Bonny Yılbaşı Ağacı Süsü 10 cm Beyaz,999.99,Dekorasyon,2026-05-27
Boston Çerçeve 10x10 cm Multicolor,2999.99,Dekorasyon,2026-05-27
Bouquet Buhurdanlık Beyaz,439.99,Dekorasyon,2026-05-27
Bradley Tek Dal Yapay Çiçek 72 cm Pembe,1299.99,Dekorasyon,2026-05-27
Brayden Sepet Naturel,599.99,Dekorasyon,2026-05-27
Brenda Tek Dal Yapay Çiçek 48 cm Kırmızı,1499.99,Dekorasyon,2026-05-27
Breton Goblen Kırlent Kılıfı Mavi,1399.99,Dekorasyon,2026-05-27
Briel Dekoratif Tepsi Kahverengi-Siyah,899.99,Dekorasyon,2026-05-27
Briel Metal Fener 16x16x30 cm Krem,1119.99,Dekorasyon,2026-05-27
Brittle Rose Dolgulu Kırlent 45x45 cm Multicolor,559.99,Dekorasyon,2026-05-27
"Brook Biblo 30,5 cm Kırmızı",10999.99,Dekorasyon,2026-05-27
Brook Yılbaşı Ağaç Süsü Multicolor,1299.99,Dekorasyon,2026-05-27
Bruna Metal Çerçeve Gold,2499.99,Dekorasyon,2026-05-27
Bruna Metal Çerçeve Silver,319.99,Dekorasyon,2026-05-27
Bubble Çerçeve 13x18 cm Hardal,1749.99,Dekorasyon,2026-05-27
Buds Nakışlı Dekoratif Kırlent 33x50 cm Ekru,479.99,Dekorasyon,2026-05-27
Bunny Pelüş Sıcak Su Torbası Ekru,3499.99,Dekorasyon,2026-05-27
Bunny Sıcak Su Torbası Gri,2499.99,Dekorasyon,2026-05-27
Bunny Sıcak Su Torbası Pembe,479.99,Dekorasyon,2026-05-27
Butterfly Polyresin Duvar Aksesuarı Gold,3499.99,Dekorasyon,2026-05-27
"Cabella Yılbaşı Ağaç Süsü 8X8X8,5 cm Multicolor",1499.99,Dekorasyon,2026-05-27
Caletta Koltuk Şalı 170x210 cm Multicolor,3499.99,Dekorasyon,2026-05-27
Calida Yılbaşı Ağaç Süsü Multicolor,494.99,Dekorasyon,2026-05-27
Calisa Metal Çerçeve Siyah,2499.99,Dekorasyon,2026-05-27
Calloge Dolgulu Kırlent 45x45 cm Multicolor,479.99,Dekorasyon,2026-05-27
"Calva Kum Saati 14,5 cm Mavi",479.99,Dekorasyon,2026-05-27
Candies Dekoratif Aydınlatma Şeffaf,1049.99,Dekorasyon,2026-05-27
Candlelight Fener Siyah,719.99,Dekorasyon,2026-05-27
Candlestick Ledli Dekoratif Aydınlatma Siyah,639.99,Dekorasyon,2026-05-27
Candy Mumluk Kırmızı,2499.99,Dekorasyon,2026-05-27
Canker Bloom Kumaş Tek Dal Yapay Çiçek Krem,1249.99,Dekorasyon,2026-05-27
Canker Bloom Kumaş Tek Dal Yapay Çiçek Yavruağzı,1249.99,Dekorasyon,2026-05-27
Cara Duvar Saati 30 cm Koyu Krem,879.99,Dekorasyon,2026-05-27
Cara Duvar Saati 30 cm Krem,559.99,Dekorasyon,2026-05-27
"Card Box Dekoratif Kutu 12,5x8,5x2,5 cm Kahve",3749.99,Dekorasyon,2026-05-27
"Caren Metal Dekoratif Obje 30,5 cm Gold",8999.99,Dekorasyon,2026-05-27
Caren Seramik Vazo Sarı,1439.99,Dekorasyon,2026-05-27
Carina Kum Saati Turuncu,479.99,Dekorasyon,2026-05-27
Carlin Kokulu Mum,399.99,Dekorasyon,2026-05-27
Carly Sepet Naturel,719.99,Dekorasyon,2026-05-27
Carmin Kokulu Mum 190 gr,1749.99,Dekorasyon,2026-05-27
Carolie Cam Dekoratif Tepsi 30x42 cm Bordo,559.99,Dekorasyon,2026-05-27
Carolie Dekoratif Kırlent 45x45 cm Bronz,799.99,Dekorasyon,2026-05-27
"Casilias Yılbaşı Ağaç Süsü 8x8x21,5 Gold",5999.99,Dekorasyon,2026-05-27
Celeste Koltuk Şalı 130x170 cm Hardal,8999.99,Dekorasyon,2026-05-27
Cella Masa Saati 10 cm Kahve,3999.99,Dekorasyon,2026-05-27
Cercio Dijital Dolgulu Kırlent Multicolor,1749.99,Dekorasyon,2026-05-27
"Cerise Dekoratif Tepsi 48x25,2x4,5 cm Kahverengi",959.99,Dekorasyon,2026-05-27
Cesa Çerçeve 10x15 cm Kahverengi,1499.99,Dekorasyon,2026-05-27
"Chain Dekoratif Obje 14x11,5 cm Kahve",659.99,Dekorasyon,2026-05-27
Cheerful Skate Goblen Kırlent Kılıfı Pembe,5499.99,Dekorasyon,2026-05-27
Cherry Branch Tek Dal Yapay Çiçek Koyu Pembe,1999.99,Dekorasyon,2026-05-27
Chess Dekoratif 17x17 cm Kahve,10999.99,Dekorasyon,2026-05-27
Chole Organizer Siyah,2249.99,Dekorasyon,2026-05-27
Chris Cam Şamdan Mavi,449.99,Dekorasyon,2026-05-27
Chris Kum Saati Beyaz,639.99,Dekorasyon,2026-05-27
Christmas Tree Yılbaşı Ağacı Yeşil,181.99,Dekorasyon,2026-05-27
Circle 30 Dk Cam Kum Saati Gold,1274.9,Dekorasyon,2026-05-27
Citrus Spark Kokulu Mum 120 gr Yeşil,999.99,Dekorasyon,2026-05-27
Claira Yılbaşı Ağaç Süsü 5x8 cm Kırmızı,1499.99,Dekorasyon,2026-05-27
Claira Yılbaşı Ağaç Süsü 5x8 cm Yeşil,1499.99,Dekorasyon,2026-05-27
Clare Set Yılbaşı Ağaç Süsü Gold,1399.99,Dekorasyon,2026-05-27
Claudi Çerçeve Yeşil,349.99,Dekorasyon,2026-05-27
Coastal Vazo Mavi,5499.99,Dekorasyon,2026-05-27
Colessa Çerçeve 10x15 cm Siyah,1749.99,Dekorasyon,2026-05-27
Colessa Çerçeve 10x15 cm Turuncu,1299.99,Dekorasyon,2026-05-27
Colin Kokulu Mum,399.99,Dekorasyon,2026-05-27
Colin Set Yılbaşı Ağacı Süsü Gold,1399.99,Dekorasyon,2026-05-27
Colorful Flowers Dolgulu Kırlent 35x50 cm Multicolor,3999.99,Dekorasyon,2026-05-27
Colorful Lines Kağıt İp Sepet Kırmızı,1999.99,Dekorasyon,2026-05-27
Colorful Striped Kağıt İp Dekoratif Kutu Lacivert,2449.99,Dekorasyon,2026-05-27
Colorful Striped Kağıt İp Fener Mavi,4999.99,Dekorasyon,2026-05-27
Comfycover Triko Kırlent Kılıfı Antrasit,215.99,Dekorasyon,2026-05-27
Corallo Dekoratif Kase Bej,4499.99,Dekorasyon,2026-05-27
Corallo Punch Nakışlı Kırlent Kılıfı 45x45 cm Mavi - Yeşil,519.99,Dekorasyon,2026-05-27
Cornflower Tek Dal Yapay Çiçek 64 cm Beyaz,1499.99,Dekorasyon,2026-05-27
Cornflower Tek Dal Yapay Çiçek 64 cm Koyu Mavi,1499.99,Dekorasyon,2026-05-27
Cornflower Tek Dal Yapay Çiçek 64 cm Mavi,200.0,Dekorasyon,2026-05-27
Corsage Kumaş Tek Dal Yapay Çiçek Beyaz,1499.99,Dekorasyon,2026-05-27
Corsage Kumaş Tek Dal Yapay Çiçek Koyu Pembe,1249.99,Dekorasyon,2026-05-27
Crabapple Branch Tek Dal Yapay Çiçek 21 cm Kırmızı,1999.99,Dekorasyon,2026-05-27
"Creil Vazo 10x10x8,5 cm Mavi",1477.45,Dekorasyon,2026-05-27
Crown Seramik Vazo Antrasit,11999.99,Dekorasyon,2026-05-27
Cubic Abajur 30 cm Turuncu,959.99,Dekorasyon,2026-05-27
Cubic Seramik Abajur Yeşil,6499.99,Dekorasyon,2026-05-27
Curl Pelüş Sıcak Su Torbası Pembe,2999.99,Dekorasyon,2026-05-27
Cute Birds Polyresin Biblo Siyah,319.99,Dekorasyon,2026-05-27
Cute Dogs Pelüş Sıcak Su Torbası Kahverengi,479.99,Dekorasyon,2026-05-27
Cute Tiger Bebe Dekoratif Kırlent 45x45 cm Ekru,2749.99,Dekorasyon,2026-05-27
Cyrstal Cam Şamdan Amber,2849.99,Dekorasyon,2026-05-27
"Dahlia Biblo 13,5 cm Kırmızı",350.0,Dekorasyon,2026-05-27
Daisy Bebe Pelüş Dekoratif Kırlent 40 cm Beyaz,559.99,Dekorasyon,2026-05-27
Daisy Love Dekoratif Kırlent 33x50 cm Natural,4999.99,Dekorasyon,2026-05-27
Daisy Tek Dal Yapay Çiçek 60 cm Açık Pembe,1299.99,Dekorasyon,2026-05-27
Daisy Tek Dal Yapay Çiçek 60 cm Kırmızı,1299.99,Dekorasyon,2026-05-27
Daisy Tek Dal Yapay Çiçek 60 cm Turuncu,1299.99,Dekorasyon,2026-05-27
Daisy Tek Dal Yapay Çiçek Açık Mor,1249.99,Dekorasyon,2026-05-27
Daisy Tek Dal Yapay Çiçek Mor,1249.99,Dekorasyon,2026-05-27
Daisy Tek Dal Yapay Çiçek Pembe,1249.99,Dekorasyon,2026-05-27
Daisy Tek Dal Yapay Çiçek Turuncu,1199.99,Dekorasyon,2026-05-27
Dalia Alüminyum Dekoratif Gold,559.99,Dekorasyon,2026-05-27
Dandelion Tek Dal Yapay Çiçek Gül Kurusu,1249.99,Dekorasyon,2026-05-27
Dandelion Tek Dal Yapay Çiçek Lila,1249.99,Dekorasyon,2026-05-27
Dandelion Tek Dal Yapay Çiçek Mint,1249.99,Dekorasyon,2026-05-27
Danny Kum Saati Siyah,559.99,Dekorasyon,2026-05-27
Danny Porselen Dekoratif Aydınlatma Beyaz,1759.99,Dekorasyon,2026-05-27
Daria Alüminyum Dekoratif Siyah,719.99,Dekorasyon,2026-05-27
Darwin Biblo Siyah - Beyaz,1499.99,Dekorasyon,2026-05-27
Delhi Kırlent Kılıfı 43x43 cm Hardal,1999.99,Dekorasyon,2026-05-27
Delhi Kırlent Kılıfı 43x43 cm Yeşil,2499.99,Dekorasyon,2026-05-27
Deluxe Aynalı Tepsi Gold,3999.99,Dekorasyon,2026-05-27
Deluxe Cam Dekoratif Kutu Gold,4499.99,Dekorasyon,2026-05-27
Deluxe Dekoratif Kase 28x28x14 cm Silver,7999.99,Dekorasyon,2026-05-27
Deluxe Dekoratif Kase Gold,7999.99,Dekorasyon,2026-05-27
Deluxe Jakarlı Dekoratif Kırlent 35x55 cm Ekru,559.99,Dekorasyon,2026-05-27
Deluxe Jakarlı Dekoratif Kırlent 35x55 cm Krem,639.99,Dekorasyon,2026-05-27
Denver Kağıt İp Abajur 25x20 cm Natural-Siyah,1439.99,Dekorasyon,2026-05-27
Denver Kağıt İp Dekoratif Tepsi Natural-Siyah,719.99,Dekorasyon,2026-05-27
Dessa Hasır Sepet Naturel,599.99,Dekorasyon,2026-05-27
"Dessa Mumluk 6,5 cm Beyaz",3499.99,Dekorasyon,2026-05-27
"Destin Dekoratif Obje 13,5 cm Gold",350.0,Dekorasyon,2026-05-27
Diaz Kapı Süsü 18 cm Yeşil,1399.99,Dekorasyon,2026-05-27
Dice Dekoratif Kırlent 20x20 cm Siyah,439.99,Dekorasyon,2026-05-27
Dice Dekoratif Obje 6x6x6 cm Kahve,539.99,Dekorasyon,2026-05-27
"Dice Oyun 9x6,5x4 cm Kahve",449.99,Dekorasyon,2026-05-27
Dice Pelüş Dekoratif Kırlent 20x20 cm Beyaz,559.99,Dekorasyon,2026-05-27
Dice Pelüş Dolgulu Kırlent 20x20 cm Açık Kahverengi,3499.99,Dekorasyon,2026-05-27
"Doris Dekoratif Tepsi 33x3,5x19,5 cm Naturel",719.99,Dekorasyon,2026-05-27
Dorothy Metal Çerçeve Silver,287.99,Dekorasyon,2026-05-27
Dorothy Çerçeve Gold,359.99,Dekorasyon,2026-05-27
Edela Metal Çerçeve Siyah,1999.99,Dekorasyon,2026-05-27
Elegance Chic Koltuk Şalı 130x170 cm Gri,5999.99,Dekorasyon,2026-05-27
Elephant Alüminyum Biblo 18 cm Siyah,4999.99,Dekorasyon,2026-05-27
Elephant Biblo Kahverengi,439.99,Dekorasyon,2026-05-27
Elephant Biblo Krem,4999.99,Dekorasyon,2026-05-27
Elisa Cam Kum Saati Mavi,1999.99,Dekorasyon,2026-05-27
Ellie Dekoratif Kırlent 45x45 cm Bronz,3249.99,Dekorasyon,2026-05-27
Elsie Çerçeve Gold,359.99,Dekorasyon,2026-05-27
Elsie Çerçeve Silver,2499.99,Dekorasyon,2026-05-27
Elsie Çerçeve Siyah,1749.99,Dekorasyon,2026-05-27
Embrance Triko Kırlent Kılıfı Antrasit,1749.99,Dekorasyon,2026-05-27
Embrance Triko Kırlent Kılıfı Gri,1749.99,Dekorasyon,2026-05-27
Esta Çerçeve Silver,244.99,Dekorasyon,2026-05-27
Eterna Organizer 6’lı set Bej,6499.99,Dekorasyon,2026-05-27
Eucalyptus Spray Tek Dal Yapay Çiçek Turuncu,2249.99,Dekorasyon,2026-05-27
Eva Buhurdanlık Kahve,439.99,Dekorasyon,2026-05-27
Everfest Varak Baskılı Kırlent Kılıfı 45x45 cm Ekru,3249.99,Dekorasyon,2026-05-27
Exotic Terra Kokulu Mum 120 gr Şeffaf,1999.99,Dekorasyon,2026-05-27
Fancy Dekoratif Kırlent 35x55 cm Pembe - Yeşil,439.99,Dekorasyon,2026-05-27
Fancy Katlanabilir Sepet Bej,1749.99,Dekorasyon,2026-05-27
Fancy  Square Koltuk Şalı 120x160 cm Bej,479.99,Dekorasyon,2026-05-27
Fancy  Square Koltuk Şalı 120x160 cm Bordo,419.99,Dekorasyon,2026-05-27
Felicita Çerçeve Gold,314.99,Dekorasyon,2026-05-27
Felicita Çerçeve Silver,1749.99,Dekorasyon,2026-05-27
Festa Dekoratif Kırlent 33x50 cm Ekru,959.99,Dekorasyon,2026-05-27
Fig Branch Tek Dal Yapay Çiçek 33 cm Mor,2499.99,Dekorasyon,2026-05-27
Fig branch Tek Dal Yapay Çiçek 82 cm Bordo,384.99,Dekorasyon,2026-05-27
Fig branch Tek Dal Yapay Çiçek 82 cm Pembe,439.99,Dekorasyon,2026-05-27
Fiora Kırlent Kılıfı 45x45 cm Bordo,359.99,Dekorasyon,2026-05-27
Fiyonklu Dekoratif Kırlent Bordo,559.99,Dekorasyon,2026-05-27
Flair Masa Saati Siyah,599.99,Dekorasyon,2026-05-27
Flena Metal Dekoratif Kase Gold,3999.99,Dekorasyon,2026-05-27
"Flore Kağıt İp Sepet 1,5 cm Turuncu",4999.99,Dekorasyon,2026-05-27
Flore Kağıt İp Sepet 30x30 cm Naturel,7999.99,Dekorasyon,2026-05-27
Floret Buhurdanlık Beyaz,2499.99,Dekorasyon,2026-05-27
"Flower Branch Duvar Aksesuarı 13,5x3x35 cm Turuncu",6499.99,Dekorasyon,2026-05-27
Flower Joy Koltuk Şalı 120x160 cm Hardal,2999.99,Dekorasyon,2026-05-27
Flower Joy Koltuk Şalı 120x160 cm Kahve,449.99,Dekorasyon,2026-05-27
Flower Kırlent Kılıfı 45x45 cm Multicolor,319.99,Dekorasyon,2026-05-27
Flowery Dekoratif Tepsi 30x42 cm Krem,3999.99,Dekorasyon,2026-05-27
"Flowery Duvar Aksesuarı 13,5x3,5x34,5 cm Turuncu",779.99,Dekorasyon,2026-05-27
Flowery Hurç Beyaz,159.99,Dekorasyon,2026-05-27
Fluffy Kırlent Kılıfı 45x45 cm Gri,2499.99,Dekorasyon,2026-05-27
Fluffy Pelüş Kırlent Kılıfı 45x45 cm Açık Kahverengi,2499.99,Dekorasyon,2026-05-27
Fluffy Pelüş Kırlent Kılıfı 45x45 cm Vişne,449.99,Dekorasyon,2026-05-27
Fluffy Pelüş Sıcak Su Torbası Pudra,2499.99,Dekorasyon,2026-05-27
Freda Seramik Buhurdanlık Yeşil,447.99,Dekorasyon,2026-05-27
Fringe Jakarlı Dekoratif Kırlent 35x50 cm Ekru-Siyah,2499.99,Dekorasyon,2026-05-27
Fruit Branch Tek Dal Yapay Çiçek 63 cm Mor,1399.99,Dekorasyon,2026-05-27
Fruit Branch Tek Dal Yapay Çiçek 63 cm Pembe,1199.99,Dekorasyon,2026-05-27
Fruit Spray Tek Dal Yapay Çiçek 73 cm Beyaz,1999.99,Dekorasyon,2026-05-27
Fruit Spray Tek Dal Yapay Çiçek 73 cm Kahve,1499.99,Dekorasyon,2026-05-27
Fruit Spray Tek Dal Yapay Çiçek 73 cm Kırmızı,1499.99,Dekorasyon,2026-05-27
Fruit Spray Tek Dal Yapay Çiçek 73 cm Turuncu,1999.99,Dekorasyon,2026-05-27
Fun Koltuk Şalı 130x170 cm Siyah - Beyaz,959.99,Dekorasyon,2026-05-27
Fırfırlı Sandalye Minderi 40x40 cm Bej,2499.99,Dekorasyon,2026-05-27
Fırfırlı Sandalye Minderi 40x40 cm Hardal,2499.99,Dekorasyon,2026-05-27
Fırfırlı Sandalye Minderi 40x40 cm Kiremit,2499.99,Dekorasyon,2026-05-27
Gabby Çerçeve 13x18 cm Kahve,2249.99,Dekorasyon,2026-05-27
Gage Dijital Kırlent Kılıfı Mürdüm,2249.99,Dekorasyon,2026-05-27
Galio Dijital Kırlent Kılıfı Su Yeşili,2249.99,Dekorasyon,2026-05-27
Galya Alüminyum Dekoratif Tepsi Gold,7499.99,Dekorasyon,2026-05-27
Geometric Kırlent 45x45 cm Kahverengi,1999.99,Dekorasyon,2026-05-27
Gia Koltuk Şalı 140x170 cm Multicolor,1079.99,Dekorasyon,2026-05-27
Gina Bambu Saklama Kutusu Açık Kahverengi,3499.99,Dekorasyon,2026-05-27
Gina Bambu Saklama Kutusu Kahve,2999.99,Dekorasyon,2026-05-27
Gina Bambu Sepet Açık Kahverengi,239.99,Dekorasyon,2026-05-27
Gina Bambu Sepet Koyu Kahverengi,1299.99,Dekorasyon,2026-05-27
Gina Jakarlı Dekoratif Kırlent Mürdüm,2499.99,Dekorasyon,2026-05-27
Glam Mum 3 cm Kırmızı,1274.9,Dekorasyon,2026-05-27
Glam Rose Dolgulu Kırlent 45x45 cm Multicolor,799.99,Dekorasyon,2026-05-27
Glamour Aynalı Tepsi Silver,4999.99,Dekorasyon,2026-05-27
Glamour Metal Dekoratif Obje Gold,5999.99,Dekorasyon,2026-05-27
Glare Alüminyum Dekoratif Tepsi Gold,5999.99,Dekorasyon,2026-05-27
Glitter Çerçeveli Yılbaşı Ağaç Süsü Gold,999.99,Dekorasyon,2026-05-27
Gloria Metal Çerçeve Silver,1999.99,Dekorasyon,2026-05-27
Glossy Cam Bölmeli Takı Kutusu Gold,3249.99,Dekorasyon,2026-05-27
Glossy Cam Dekoratif Kutu Gold,799.99,Dekorasyon,2026-05-27
Glossy Metal Vazo 15 cm Gold,2999.99,Dekorasyon,2026-05-27
Grace Koltuk Şalı 130x170 cm Multicolor,639.99,Dekorasyon,2026-05-27
Grass Bush Tek Dal Yapay Çiçek Beyaz,1549.99,Dekorasyon,2026-05-27
Grass Bush Tek Dal Yapay Çiçek Kahve,1499.99,Dekorasyon,2026-05-27
Grass Bush Tek Dal Yapay Çiçek Krem,1299.99,Dekorasyon,2026-05-27
Grass Bush Tek Dal Yapay Çiçek Mürdüm,1299.99,Dekorasyon,2026-05-27
Grass Bush Tek Dal Yapay Çiçek Pembe,1499.99,Dekorasyon,2026-05-27
Grass Bush Tek Dal Yapay Çiçek Siyah,1299.99,Dekorasyon,2026-05-27
Grass Bush Tek Dal Yapay Çiçek Şampanya,1199.99,Dekorasyon,2026-05-27
Grass Spray Tek Dal Yapay Çiçek Sarı,1999.99,Dekorasyon,2026-05-27
Halley Tek Dal Yapay Çiçek 120 cm Yeşil,879.99,Dekorasyon,2026-05-27
Halona Tek Dal Yapay Çiçek 25 cm Kırmızı - Yeşil,1199.99,Dekorasyon,2026-05-27
Hana Mum 9 cm Kırmızı,1749.99,Dekorasyon,2026-05-27
Happy Bear Pelüş Bebe Dekoratif Kırlent 35x26 cm Kahve,2499.99,Dekorasyon,2026-05-27
Hardwood Bambu Saklama Kutusu Kahve,3499.99,Dekorasyon,2026-05-27
Harmon Çerçeve Açık Kahverengi,1499.99,Dekorasyon,2026-05-27
Harmony Dolgulu Kırlent 35x50 cm Bej,4999.99,Dekorasyon,2026-05-27
Hayden Metal Masa Saati 9 cm Krem,899.99,Dekorasyon,2026-05-27
Helena Cam Vazo Lacivert,2999.99,Dekorasyon,2026-05-27
Hera Dekoratif Tepsi 16x26 cm Kırmızı,239.99,Dekorasyon,2026-05-27
Hera Dolomite Vazo Lila,584.99,Dekorasyon,2026-05-27
Hera Çerçeve 13x18 cm Pembe,2499.99,Dekorasyon,2026-05-27
"Hilary Metal Dekoratif Tepsi 5,5 cm Gold",4999.99,Dekorasyon,2026-05-27
Hipopotam Pelüş Sıcak Su Torbası Gri,2249.99,Dekorasyon,2026-05-27
"Hira Metal Dekoratif Tepsi 5,5 cm Gold",5999.99,Dekorasyon,2026-05-27
Hokipa Dekoratif Kırlent 44x39 cm Yeşil,5499.99,Dekorasyon,2026-05-27
Hollya Kırlent Kılıfı 45x45 cm Kırmızı,1999.99,Dekorasyon,2026-05-27
Honewort Kumaş Tek Dal Yapay Çiçek Beyaz - Yeşil,1249.99,Dekorasyon,2026-05-27
Honewort Kumaş Tek Dal Yapay Çiçek Yeşil,1499.99,Dekorasyon,2026-05-27
Hortensia Tek Dal Yapay Çiçek Açık Mor,1199.99,Dekorasyon,2026-05-27
Hortensia Tek Dal Yapay Çiçek Mavi,1199.99,Dekorasyon,2026-05-27
Hortensia Tek Dal Yapay Çiçek Yeşil,1199.99,Dekorasyon,2026-05-27
Hortensia Tek Dal Yapay Çiçek Şampanya,1199.99,Dekorasyon,2026-05-27
Houndstooth Koltuk Şalı 130x170 cm Turuncu,5999.99,Dekorasyon,2026-05-27
Hypnosis Kırlent 45x45 cm Pembe,1999.99,Dekorasyon,2026-05-27
"Ida Metal Masa Aynası 8,5 cm Gold",8999.99,Dekorasyon,2026-05-27
Ivory Koltuk Şalı 140x170 cm Ekru,6999.99,Dekorasyon,2026-05-27
Jalen Metal Dekoratif Obje 39 cm Gold,1039.99,Dekorasyon,2026-05-27
Jamie Metal Dekoratif Obje Gold,639.99,Dekorasyon,2026-05-27
Jardin Metal Dekoratif Obje 30 cm Gold,1039.99,Dekorasyon,2026-05-27
Jean Vazo Multicolor,799.99,Dekorasyon,2026-05-27
Jenna Mdf Dekoratif Obje Kahve,479.99,Dekorasyon,2026-05-27
Jesse Tek Dal Yapay Çiçek 120 cm Yeşil,5499.99,Dekorasyon,2026-05-27
Jesy Cam Vazo Siyah,1949.99,Dekorasyon,2026-05-27
Jolie Dolomite Dekoratif 21x21x15 cm Kırmızı - Beyaz,959.99,Dekorasyon,2026-05-27
Jona Stoneware Dekoratif 10x10x6 cm Multicolor,2249.99,Dekorasyon,2026-05-27
Jorda Stoneware Vazo 20 cm Multicolor,719.99,Dekorasyon,2026-05-27
Journey Dolomite Dekoratif Obje 16 cm Mavi,559.99,Dekorasyon,2026-05-27
Jude Dolomite Dekoratif 18x11 Cm Mavi,384.99,Dekorasyon,2026-05-27
Jude Metal Çerçeve 10x15 cm Pudra,2249.99,Dekorasyon,2026-05-27
Judie Dolomite Dekoratif 20x2 Cm Mavi,384.99,Dekorasyon,2026-05-27
Judie Çerçeve Gold,2249.99,Dekorasyon,2026-05-27
Judy Seramik Dekoratif 20x2 Cm Kırmızı,384.99,Dekorasyon,2026-05-27
Julia Dolgulu Kırlent Lacivert,1499.99,Dekorasyon,2026-05-27
Julie Seramik Vazo 12x12x14 cm Kahve - Bej,719.99,Dekorasyon,2026-05-27
Juliet Seramik Vazo 15x15x21 cm Bej,1259.99,Dekorasyon,2026-05-27
Jullia Seramik Vazo 19x19x13 cm Bej,6499.99,Dekorasyon,2026-05-27
Jullia Stoneware Vazo 11 cm Multicolor,1999.99,Dekorasyon,2026-05-27
July Stoneware Dekoratif 10x10x10 cm Multicolor,359.99,Dekorasyon,2026-05-27
"Kado Biblo 10,5x10,5x9,5cm Kırmızı",1499.99,Dekorasyon,2026-05-27
"Kado Biblo 10,5x10,5x9,5cm Turuncu",1499.99,Dekorasyon,2026-05-27
Kalida Dekoratif Obje 29 cm Kırmızı,4999.99,Dekorasyon,2026-05-27
Kalida Dekoratif Obje Gold,11999.99,Dekorasyon,2026-05-27
Kalida Metal Abajur 24 cm Bej,5999.99,Dekorasyon,2026-05-27
Kalida Metal Abajur 24 cm Bordo,3999.99,Dekorasyon,2026-05-27
Kalida Metal Abajur 24 cm Lacivert,3999.99,Dekorasyon,2026-05-27
Kalida Metal Abajur 24 cm Yeşil,5999.99,Dekorasyon,2026-05-27
Kalida Çerçeve 10x15 cm Pembe,1749.99,Dekorasyon,2026-05-27
Kalida Çerçeve 13x18 cm Yeşil,487.99,Dekorasyon,2026-05-27
Kalpli Pelüş Dekoratif Kırlent Bordo,539.99,Dekorasyon,2026-05-27
Kalpli Pelüş Dekoratif Kırlent Pudra,419.99,Dekorasyon,2026-05-27
Karen Metal Çerçeve 10x10 cm Gold,1999.99,Dekorasyon,2026-05-27
Karen Stoneware Çerçeve 10x10 cm Multicolor,2999.99,Dekorasyon,2026-05-27
Karina Stoneware Çerçeve 10x10 cm Multicolor,2999.99,Dekorasyon,2026-05-27
Karine Stoneware Çerçeve 8x8 cm Multicolor,2999.99,Dekorasyon,2026-05-27
Karla Porselen Vazo 26 cm Bej,1119.99,Dekorasyon,2026-05-27
Karla Stoneware Çerçeve 8x8 cm Multicolor,479.99,Dekorasyon,2026-05-27
Karme Çerçeve Krem,1999.99,Dekorasyon,2026-05-27
Katie Dekoratif Kutu Kahve,854.99,Dekorasyon,2026-05-27
Katie Mdf Dekoratif Kutu 25x15 cm Kahverengi,5999.99,Dekorasyon,2026-05-27
Kavita Takı Kutusu Koyu Kahverengi,399.99,Dekorasyon,2026-05-27
"Kayla Seramik Vazo 15,5 cm Bej - Kırmızı",559.99,Dekorasyon,2026-05-27
Kayle Dekoratif Obje 13 cm Siyah,639.99,Dekorasyon,2026-05-27
Keira Vazo Siyah,1439.99,Dekorasyon,2026-05-27
"Kelsey Dekoratif Obje 14,5 cm Beyaz",7999.99,Dekorasyon,2026-05-27
Kelsey Porselen Vazo 24 cm Kahve,979.99,Dekorasyon,2026-05-27
Kerry Cam Dekoratif Obje 16 cm Multicolor,3999.99,Dekorasyon,2026-05-27
Kerry Dekoratif Obje Gold,1439.99,Dekorasyon,2026-05-27
Kety Cam Dekoratif Obje 20 cm Multicolor,599.99,Dekorasyon,2026-05-27
Kety Vazo 12 cm Krem,1079.99,Dekorasyon,2026-05-27
Kiara Mdf Dekoratif Tepsi Kahve,959.99,Dekorasyon,2026-05-27
"King Dekoratif Obje 27,5 cm Kahve",659.99,Dekorasyon,2026-05-27
Kitten Cam Dekoratif Obje 22 cm Multicolor,799.99,Dekorasyon,2026-05-27
Kitty Cam Dekoratif Obje 21 cm Multicolor,4999.99,Dekorasyon,2026-05-27
Kitty Dekoratif Aydınlatma 10 cm Kırmızı - Beyaz,350.0,Dekorasyon,2026-05-27
Knit Splay Örgü Puf Siyah,799.99,Dekorasyon,2026-05-27
Kokina Pinecone Tek Dal Yapay Çiçek Kırmızı,1199.99,Dekorasyon,2026-05-27
Kokina Tek Dal Yapay Çiçek Kırmızı,1749.99,Dekorasyon,2026-05-27
Koral Dekoratif Obje Gold,600.0,Dekorasyon,2026-05-27
Kozo Kırlent Kılıfı 45x45 cm Bordo,400.0,Dekorasyon,2026-05-27
Kozo Kırlent Kılıfı 45x45 cm Lacivert,1999.99,Dekorasyon,2026-05-27
Kozo Kırlent Kılıfı 45x45 cm Yeşil,1999.99,Dekorasyon,2026-05-27
Krina Dekoratif Kutu Krem,1199.99,Dekorasyon,2026-05-27
Lace Örgü Sepet Ekru,629.99,Dekorasyon,2026-05-27
Laces Dekoratif Aydınlatma 12 cm Kırmızı - Beyaz,350.0,Dekorasyon,2026-05-27
Lacita Dekoratif Aydınlatma 15 cm Kırmızı - Beyaz,279.99,Dekorasyon,2026-05-27
Lara Seramik Dekoratif Aksesuar 21x21x9 cm Multicolor,1049.99,Dekorasyon,2026-05-27
Lara Çerçeve 10x15 cm Bej,1999.99,Dekorasyon,2026-05-27
Larissa Seramik Dekoratif Obje 26x26x12cm Multicolor,12499.99,Dekorasyon,2026-05-27
"Lattice Seramik Vazo 17x12x14,5 Multicolor",5499.99,Dekorasyon,2026-05-27
Laura Seramik Vazo Multicolor,7499.99,Dekorasyon,2026-05-27
Laure Ayna 13x18 cm Kahverengi,479.99,Dekorasyon,2026-05-27
Laurel Seramik Vazo Multicolor,1439.99,Dekorasyon,2026-05-27
Lauren Seramik Vazo Multicolor,2699.99,Dekorasyon,2026-05-27
Lavina Mdf Dekoratif Tepsi Kahverengi,9999.99,Dekorasyon,2026-05-27
"Lavina Vazo 21,5 cm Krem",979.99,Dekorasyon,2026-05-27
Lavinia Mdf Dekoratif Kutu Kahve,639.99,Dekorasyon,2026-05-27
Layla Mdf Dekoratif Tepsi 30x8 cm Kahve,6499.99,Dekorasyon,2026-05-27
Layna Mdf Dekoratif Kutu Kahverengi,6499.99,Dekorasyon,2026-05-27
Layna Mdf Dekoratif Tepsi 46 cm Gold,799.99,Dekorasyon,2026-05-27
Lea Dolgulu Kırlent 35x55 cm Ekru,479.99,Dekorasyon,2026-05-27
Leaf Metal Yılbaşı Ağaç Süsü 9x4 cm Gold,999.95,Dekorasyon,2026-05-27
Leafy Stoneware Vazo Gri - Yeşil,1599.99,Dekorasyon,2026-05-27
Leina Stoneware Dekoratif Mavi-Beyaz,639.99,Dekorasyon,2026-05-27
Leina Stoneware Vazo 19 cm Mavi-Beyaz,559.99,Dekorasyon,2026-05-27
Lema Dekoratif Tepsi Kahverengi,629.99,Dekorasyon,2026-05-27
Lena Mdf Dekoratif Tepsi 40 cm Kahverengi,5999.99,Dekorasyon,2026-05-27
Lenore Kağıt İp Abajur Natural,7999.99,Dekorasyon,2026-05-27
Leopura Dekoratif Kırlent 45x45 cm Açık Kahverengi,500.0,Dekorasyon,2026-05-27
Leopura Dekoratif Kırlent 45x45 cm Bej,959.99,Dekorasyon,2026-05-27
Leopura Dekoratif Kırlent 45x45 cm Kahve,599.99,Dekorasyon,2026-05-27
Lerca Triko Kırlent Kılıfı 40x40 cm Antrasit,159.99,Dekorasyon,2026-05-27
Levina Mdf Çerçeve Kahve – Gold,279.99,Dekorasyon,2026-05-27
Liana Mdf Çerçeve 10x15 cm Mavi,2249.99,Dekorasyon,2026-05-27
Light 3lü Cam Kandil Fitili,699.95,Dekorasyon,2026-05-27
Lilie Şamdan Krem,629.99,Dekorasyon,2026-05-27
Lilly Mdf Çerçeve 15x15 cm Bej,1999.99,Dekorasyon,2026-05-27
Lilly Mdf Çerçeve 15x15 cm Lila,1999.99,Dekorasyon,2026-05-27
Lily Tek Dal Yapay Çiçek 70 cm Pembe,1999.99,Dekorasyon,2026-05-27
Lina Mdf Çerçeve 13x13 cm Bej,2499.99,Dekorasyon,2026-05-27
Lineta Dekoratif Kırlent 40x40 cm Açık Kahverengi,2999.99,Dekorasyon,2026-05-27
Lineta Dekoratif Kırlent 40x40 cm Kahve,489.99,Dekorasyon,2026-05-27
Liora Dolgulu Kırlent 35x50 cm Pembe,599.99,Dekorasyon,2026-05-27
Little Monkey Pelüş Sıcak Su Torbası Bej,479.99,Dekorasyon,2026-05-27
Little Penguin Pelüş Sıcak Su Torbası Ekru,2999.99,Dekorasyon,2026-05-27
Liza Metal Dekoratif Tepsi Silver,639.99,Dekorasyon,2026-05-27
Liza Vazo Sarı,9999.99,Dekorasyon,2026-05-27
Loop Dekoratif Obje 11x11 cm Kahve,2499.99,Dekorasyon,2026-05-27
Loren Cam Abajur 12x19 cm Bej,7499.99,Dekorasyon,2026-05-27
Loren Cam Abajur 12x19 cm Yeşil,7499.99,Dekorasyon,2026-05-27
"Loretta Dekoratif Tepsi 25x25x15,5 cm Bronz",8999.99,Dekorasyon,2026-05-27
Loretta Kırlent Kılıfı 45x45 cm Multicolor,2999.99,Dekorasyon,2026-05-27
Lorin Cam Abajur 11x18 cm Pembe,1199.99,Dekorasyon,2026-05-27
Lorin Cam Abajur 11x18 cm Turuncu,7499.99,Dekorasyon,2026-05-27
Lorin Cam Abajur 11x18 cm Yeşil,1199.99,Dekorasyon,2026-05-27
Lorinda Cam Abajur 22x25 cm Pembe,1199.99,Dekorasyon,2026-05-27
Lorinda Cam Abajur 22x25 cm Sarı,7499.99,Dekorasyon,2026-05-27
Lorinda Cam Abajur 22x25 cm Yeşil,7499.99,Dekorasyon,2026-05-27
Luly Dekoratif Kutu Kahve,1119.99,Dekorasyon,2026-05-27
Luna Dekoratif Tepsi 16x26 cm Mavi,1999.99,Dekorasyon,2026-05-27
Luna Kokulu Mum 170 g Beyaz,1399.99,Dekorasyon,2026-05-27
Luna Çerçeve 13x18 cm Gri,2499.99,Dekorasyon,2026-05-27
Lunel Masa Saati 13 cm Siyah,674.99,Dekorasyon,2026-05-27
Lusia Çerçeve 13x18 cm Bej,2499.99,Dekorasyon,2026-05-27
Lusia Çerçeve 13x18 cm Lacivert,2499.99,Dekorasyon,2026-05-27
Lusia Çerçeve 13x18 cm Yeşil,2499.99,Dekorasyon,2026-05-27
Luwrap Triko Kırlent Kılıfı Antrasit,1499.99,Dekorasyon,2026-05-27
Luxury Cam Dekoratif Kutu Gold,539.99,Dekorasyon,2026-05-27
Luxury Cam Dekoratif Tepsi Gold,799.99,Dekorasyon,2026-05-27
Luxwrap Triko Koltuk Şalı Açık Taş,7499.99,Dekorasyon,2026-05-27
Luxwrap Triko Koltuk Şalı Kiremit,7499.99,Dekorasyon,2026-05-27
Lyra Yılbaşı Ağacı Süsü Yeşil-Kırmızı,1299.99,Dekorasyon,2026-05-27
Magie Koltuk Şalı 130x170 cm Yeşil – Kırmızı,419.99,Dekorasyon,2026-05-27
"Magnifier Dekoratif Obje 16,5x11,5x5 cm Kahve",8999.99,Dekorasyon,2026-05-27
Mantha Vazo Gri,2999.99,Dekorasyon,2026-05-27
Marbling Dolgulu Kırlent 45x45 cm Bej – Bordo,559.99,Dekorasyon,2026-05-27
Marca Dekoratif Aydınlatma 31 cm Gold,4999.99,Dekorasyon,2026-05-27
Marca Metal Dekoratif Aydınlatma 31 cm Kahverengi,7499.99,Dekorasyon,2026-05-27
Marina Örgü Sepet Mavi-Beyaz,559.99,Dekorasyon,2026-05-27
Marine Mia Dijital Baskı Kırlent Kılıfı 45x45 cm Mavi - Yeşil,239.99,Dekorasyon,2026-05-27
Maris Vazo Yeşil,9999.99,Dekorasyon,2026-05-27
Marsha Seramik Vazo Bej,800.0,Dekorasyon,2026-05-27
Marsia Seramik Vazo 16 cm Bej,799.99,Dekorasyon,2026-05-27
Marsia Vazo Mavi,899.99,Dekorasyon,2026-05-27
Marsilya Aynalı Tepsi Gold,1039.99,Dekorasyon,2026-05-27
Marta Seramik Dekoratif Aksesuar15x15x4 cm Multicolor,559.99,Dekorasyon,2026-05-27
Marthe Vazo Krem,12999.99,Dekorasyon,2026-05-27
Maude Pelüş Sıcak Su Torbası 2L Kahverengi-Siyah,2999.99,Dekorasyon,2026-05-27
Mensa Aynalı Tepsi Gold,959.99,Dekorasyon,2026-05-27
Mensa Çerçeve 13x18 cm Silver,2499.99,Dekorasyon,2026-05-27
Merma Nakışlı Kırlent Kılıfı Lacivert,1249.99,Dekorasyon,2026-05-27
"Mica Askılı Aksesuar 23x8x14,5 cm Siyah",1499.99,Dekorasyon,2026-05-27
Mira Polyresin Ayna Kahve,639.99,Dekorasyon,2026-05-27
Mirena Kırlent Kılıfı 45x45 cm Siyah - Beyaz,3999.99,Dekorasyon,2026-05-27
Mirrory Dekoratif Tabak Gold,7499.99,Dekorasyon,2026-05-27
Mirrory Dekoratif Tabak Silver,10999.99,Dekorasyon,2026-05-27
Mocha Dekoratif Kırlent 45x45 cm Acı Kahve,4999.99,Dekorasyon,2026-05-27
Mocha Dekoratif Kırlent Kılıfı 45x45 cm Kahve,600.0,Dekorasyon,2026-05-27
Modern Square Kağıt İp Sepet Kahve,3749.99,Dekorasyon,2026-05-27
Modern Square Kağıt İp Sepet Turuncu,3499.99,Dekorasyon,2026-05-27
Mona Mdf Çerçeve 10x15 cm Kahverengi,359.99,Dekorasyon,2026-05-27
Mona Polyresin Çerçeve Beyaz-Gold,2749.99,Dekorasyon,2026-05-27
"Moneta Masa Saati 14,5 cm Turuncu",639.99,Dekorasyon,2026-05-27
Monica Mdf Çerçeve Kahverengi,299.99,Dekorasyon,2026-05-27
Monstera Leaf Tek Dal Yapay Çiçek 110 cm Yeşil-mor,1299.99,Dekorasyon,2026-05-27
Monty Mdf Çerçeve 13x18 cm Kiremit,2499.99,Dekorasyon,2026-05-27
Moonbear Bebe Pelüş Dekoratif Kırlent 33x26 cm Koyu Kahverengi,1799.99,Dekorasyon,2026-05-27
Morava Dolgulu Kırlent 35x50 cm Siyah - Beyaz,699.99,Dekorasyon,2026-05-27
Morino Polyresin Çerçeve 10x15 cm Kahverengi,419.99,Dekorasyon,2026-05-27
Morisa Polyresin Çerçeve 12x12 cm Kahverengi,539.99,Dekorasyon,2026-05-27
"Morris Masa Saati 15,5 cm Gold",3999.99,Dekorasyon,2026-05-27
Morro Dekoratif Kutu Kahverengi,639.99,Dekorasyon,2026-05-27
Mozaik Dekoratif Kırlent Ekru-Bordo,1999.99,Dekorasyon,2026-05-27
Muse Dekoratif Kırlent 35x55 cm Kahve,719.99,Dekorasyon,2026-05-27
Muse Dekoratif Kırlent 35x55 cm Krem,559.99,Dekorasyon,2026-05-27
Mushroom Bebe Pelüş Dekoratif Kırlent 31x27 cm Acı Kahve,404.99,Dekorasyon,2026-05-27
Mushroom Bebe Pelüş Dekoratif Kırlent 31x27 cm Vizon,1999.99,Dekorasyon,2026-05-27
Mushroom Borosilikat Vazo Şeffaf,1999.99,Dekorasyon,2026-05-27
"Nancy Masa Saati 9,5 cm Beyaz",1999.99,Dekorasyon,2026-05-27
"Nancy Masa Saati 9,5 cm Siyah",419.98,Dekorasyon,2026-05-27
Nara Koltuk Şalı 130x170 cm Multicolor,639.99,Dekorasyon,2026-05-27
Natural Cam 15 Dk Kum Saati Kahve,2249.99,Dekorasyon,2026-05-27
"Nelson Masa Saati 18,5 cm Bej",799.99,Dekorasyon,2026-05-27
Neroli Orchid Kokulu Mum 270 G Şeffaf,1499.99,Dekorasyon,2026-05-27
Noah Metal Çerçeve 10x10 cm Silver,1999.99,Dekorasyon,2026-05-27
Noelia Kırlent Kılıfı 45x45 cm Kırmızı,1999.99,Dekorasyon,2026-05-27
Norah Metal Çerçeve 13x18 cm Gold,2749.99,Dekorasyon,2026-05-27
Nostalgia Dolgulu Kırlent 35x50 cm Bej,629.99,Dekorasyon,2026-05-27
Nova Metal Çerçeve 10x15 cm Siyah,250.0,Dekorasyon,2026-05-27
"Novia Seramik Buhurdanlik 8x8x12,1 cm Krem",2499.99,Dekorasyon,2026-05-27
Nyla Çerçeve Siyah,323.99,Dekorasyon,2026-05-27
Ocean Kırlent Kılıfı 45x45 cm Lacivert,479.99,Dekorasyon,2026-05-27
Olea Polyresin Çerçeve 13x18 cm Kahve,559.99,Dekorasyon,2026-05-27
Olea Çerçeve Kahverengi,2099.99,Dekorasyon,2026-05-27
Olean Polyresin Çerçeve 13x18 cm Gold,3249.99,Dekorasyon,2026-05-27
Olena Polyresin Çerçeve 10x10 cm Kahve,329.99,Dekorasyon,2026-05-27
Olinda Çerçeve  Bordo,559.99,Dekorasyon,2026-05-27
Oliva Polyresin Dekoratif Obje Krem,2749.99,Dekorasyon,2026-05-27
Olive Koltuk Şalı 130x170 cm Multicolor,639.99,Dekorasyon,2026-05-27
Osana Metal Çerçeve 15x15 cm Gold,384.99,Dekorasyon,2026-05-27
Osana Metal Çerçeve 15x15 cm Silver,384.99,Dekorasyon,2026-05-27
Paisly Kağıt İp Abajur 22x22x40 cm Natural-Siyah,1119.99,Dekorasyon,2026-05-27
Pamira Set Yılbaşı Ağacı Süsü Gold,4499.99,Dekorasyon,2026-05-27
"Pan Askılı Aksesuar 20x9,5x5 cm Kırmızı",3499.99,Dekorasyon,2026-05-27
Pearl Mum 5 cm Silver,1274.9,Dekorasyon,2026-05-27
Peggy Pelüş Kırlent Kılıfı 45x45 cm Gri,1749.99,Dekorasyon,2026-05-27
Peggy Pelüş Kırlent Kılıfı 45x45 cm Hardal,319.99,Dekorasyon,2026-05-27
Peggy Pelüş Kırlent Kılıfı 45x45 cm Kahve,349.99,Dekorasyon,2026-05-27
Peggy Pelüş Kırlent Kılıfı 45x45 cm Lila,319.99,Dekorasyon,2026-05-27
Peony Tek Dal Yapay Çiçek Beyaz,1999.99,Dekorasyon,2026-05-27
Peony Tek Dal Yapay Çiçek Şampanya,1999.99,Dekorasyon,2026-05-27
Pera Ahşap Masa Saati Naturel,8999.99,Dekorasyon,2026-05-27
Perrine Dekoratif Tepsi Krem,7499.99,Dekorasyon,2026-05-27
Pine Tek Dal Yapay Çiçek Koyu Yeşil,1199.99,Dekorasyon,2026-05-27
Pine Tree Mum Yeşil,3999.99,Dekorasyon,2026-05-27
Pine Tree Yapay Ağaç Yeşil,1119.99,Dekorasyon,2026-05-27
PineJoy Nakışlı Dekoratif Kırlent 33x50 cm Ekru,8999.99,Dekorasyon,2026-05-27
"Pino Biblo 15,3x12,6x10,6 cm Mavi",2499.99,Dekorasyon,2026-05-27
Plushtouch Triko Kırlent Kılıfı Antrasit,1749.99,Dekorasyon,2026-05-27
Poetic Lily Kokulu Mum 270 G Şeffaf,209.99,Dekorasyon,2026-05-27
"Polina Polyresin Duvar Aksesuarı 15x3x32,5 cm Yeşil-Gold",6499.99,Dekorasyon,2026-05-27
"Polly Seramik Vazo 25,5 cm Multicolor",1079.99,Dekorasyon,2026-05-27
Poloski Kırlent Kılıfı 45x45 cm Kırmızı - Yeşil,1249.99,Dekorasyon,2026-05-27
Polte Seramik Dekoratif Obje 6 cm Mavi-yeşil,279.99,Dekorasyon,2026-05-27
Polte Seramik Dekoratif Obje 6 cm Sarı-Yeşil,279.99,Dekorasyon,2026-05-27
Poly Dekoratif Kutu Gold,559.99,Dekorasyon,2026-05-27
Ponponlu Sandalye Minderi 40x40 cm Antrasit,2499.99,Dekorasyon,2026-05-27
Ponponlu Sandalye Minderi 40x40 cm Bej,2499.99,Dekorasyon,2026-05-27
Ponponlu Sandalye Minderi 40x40 cm Pudra,2499.99,Dekorasyon,2026-05-27
Prato Kırlent Kılıfı 43x43 cm Yeşil,2249.99,Dekorasyon,2026-05-27
Prato Organizer 7li set Yeşil,5499.99,Dekorasyon,2026-05-27
Prisman Koltuk Şalı 130x170 cm Antrasit,4499.99,Dekorasyon,2026-05-27
Puff Ponponlu Tekli Sandalye Minderi 40x40 cm Açık Gri,1999.99,Dekorasyon,2026-05-27
Pumpkin Cam Dk Kum Saati Beyaz,359.99,Dekorasyon,2026-05-27
Pumpkin Cam Dk Kum Saati Siyah,479.99,Dekorasyon,2026-05-27
Pure Flowers Dekoratif Tepsi 30x42 cm Krem,419.99,Dekorasyon,2026-05-27
Pure Kokulu Mum 120 gr,1399.99,Dekorasyon,2026-05-27
Quadro Ahşap Masa Saati Naturel,979.99,Dekorasyon,2026-05-27
Queen Dekoratif Obje 25 cm Kahve,909.99,Dekorasyon,2026-05-27
Rachel Set Yılbaşı Ağacı Süsü Gold,1399.99,Dekorasyon,2026-05-27
Ragine Dekoratif Obje Krem,959.99,Dekorasyon,2026-05-27
Rash Çerçeve Kahve,279.99,Dekorasyon,2026-05-27
Rasphberry Dekoratif Tepsi 16x26 cm Mavi,1999.99,Dekorasyon,2026-05-27
Ravena Kırlent Kılıfı 45x45 cm Bej,399.99,Dekorasyon,2026-05-27
Raya Seramik Vazo 19 cm Bej,7499.99,Dekorasyon,2026-05-27
Rea Dekoratif Tepsi Kahve,719.99,Dekorasyon,2026-05-27
Recycled Bottle Cam Vazo Yeşil,279.99,Dekorasyon,2026-05-27
Recycled Demijohn Cam Vazo Yeşil,449.99,Dekorasyon,2026-05-27
Red Year Koltuk Şalı 130x170 cm Kırmızı,879.99,Dekorasyon,2026-05-27
Rhoda Çerçeve Siyah,1999.99,Dekorasyon,2026-05-27
Rhonda Seramik Dekoratif Obje Multicolor,699.99,Dekorasyon,2026-05-27
Ribbon Dolgulu Kırlent 45x45 cm Siyah - Beyaz,4999.99,Dekorasyon,2026-05-27
Ribbon Joy Koltuk Şalı 130x170 cm Kırmızı,10999.99,Dekorasyon,2026-05-27
Righe Kırlent Kılıfı 45x45 cm Kırmızı - Beyaz,1749.99,Dekorasyon,2026-05-27
Rina Yılbaşı Ağaç Süsü 17x21x4 cm Multicolor,1749.99,Dekorasyon,2026-05-27
Rita Kağıt İp Abajur Natural,1279.99,Dekorasyon,2026-05-27
Rope Kırlent Kılıfı 45x45 cm Lacivert,479.99,Dekorasyon,2026-05-27
Rosse Dekoratif Tepsi Kahve,1599.99,Dekorasyon,2026-05-27
Roya Kırlent Kılıfı 45x45 cm Kahve,1999.99,Dekorasyon,2026-05-27
Roya Kırlent Kılıfı 45x45 cm Kiremit,1999.99,Dekorasyon,2026-05-27
Ruby Bliss Kokulu Mum 120 gr Bordo,1399.99,Dekorasyon,2026-05-27
Ruby Organizer Beyaz,2499.99,Dekorasyon,2026-05-27
Ruby Organizer Siyah,479.99,Dekorasyon,2026-05-27
Rumi Koltuk Şalı 130x170 cm Kahve-Bej,3999.99,Dekorasyon,2026-05-27
Sage Çift Taraflı Kırlent Kılıfı 45x45 cm Yeşil,1749.99,Dekorasyon,2026-05-27
Sakura Tek Dal Yapay Çiçek Beyaz,479.99,Dekorasyon,2026-05-27
Santa Kar Küresi Beyaz,454.99,Dekorasyon,2026-05-27
Savannah Terra Kokulu Mum Şeffaf,1999.99,Dekorasyon,2026-05-27
Savin Spray Tek Dal Yapay Çiçek Yeşil,1399.99,Dekorasyon,2026-05-27
Sea Duvar Aksesuarı Kahve,4749.99,Dekorasyon,2026-05-27
Sea Holly Tek Dal Yapay Çiçek Yeşil,849.95,Dekorasyon,2026-05-27
Sea Marine Dijital Baskı Dekoratif Kırlent 35x55 cm Mavi - Yeşil,384.99,Dekorasyon,2026-05-27
Sea Shells Dekoratif Tabak Gold,279.99,Dekorasyon,2026-05-27
Sea Tale Kırlent Kılıfı 45x45 cm Mavi-Bej,559.99,Dekorasyon,2026-05-27
Selina Bambu Saklama Kutusu Antrasit,629.99,Dekorasyon,2026-05-27
Serai Kırlent Kılıfı 45x45 cm Lacivert,1749.99,Dekorasyon,2026-05-27
Serena Vazo Multicolor,1079.99,Dekorasyon,2026-05-27
Shadow Myst Kokulu Mum 120 gr Antrasit,1399.99,Dekorasyon,2026-05-27
Shine Cam 30 dk Kum Saati 8x8x20 cm Beyaz,2999.99,Dekorasyon,2026-05-27
Shine Kapaklı Saklama Kutusu Bej,359.99,Dekorasyon,2026-05-27
Shine Kapaklı Saklama Kutusu Siyah,2249.99,Dekorasyon,2026-05-27
Shine Line Kırlent Kılıfı 42x42 cm Hardal,2499.99,Dekorasyon,2026-05-27
Shine Saklama Kutusu 34x22x17 Lacivert,404.99,Dekorasyon,2026-05-27
Shine Saklama Kutusu 34x22x17 Siyah - Beyaz,2249.99,Dekorasyon,2026-05-27
Shine Saklama Kutusu Gri,2749.99,Dekorasyon,2026-05-27
Shine Saklama Kutusu Koyu Bej,2249.99,Dekorasyon,2026-05-27
Shine Sepet Bej,899.99,Dekorasyon,2026-05-27
Shine Sepet Gri,899.99,Dekorasyon,2026-05-27
Shine Sepet Koyu Bej,899.99,Dekorasyon,2026-05-27
Shine Sepet Lacivert,899.99,Dekorasyon,2026-05-27
Shine Sepet Siyah,899.99,Dekorasyon,2026-05-27
Shine Sepet Siyah - Beyaz,161.99,Dekorasyon,2026-05-27
Shiny Bird Polyresin Biblo Gold,3999.99,Dekorasyon,2026-05-27
Silda Mumluk Bronz,4999.99,Dekorasyon,2026-05-27
Silikonlu Kırlent Yastık Beyaz,649.99,Dekorasyon,2026-05-27
Silva Metal Vazo 19.5 x 19.5 x 19 cm Silver,9999.99,Dekorasyon,2026-05-27
"Silva Metal Vazo 6 x 6 x 6,5 cm Gold",7999.99,Dekorasyon,2026-05-27
Simple White Koltuk Şalı 130x170 cm Ekru,959.99,Dekorasyon,2026-05-27
Sky Way Müzik Kutusu 13x13x18.5 cm Kırmızı,7499.99,Dekorasyon,2026-05-27
Skylin Kokulu Mum,439.99,Dekorasyon,2026-05-27
Skylin Kokulu Mum 190 gr,279.99,Dekorasyon,2026-05-27
Soft Kokulu Mum 120 gr,1399.99,Dekorasyon,2026-05-27
Soft Touch Rabbit Pelüş Kırlent Kılıfı Antrasit,319.99,Dekorasyon,2026-05-27
Soft Touch Rabbit Pelüş Kırlent Kılıfı Bej,539.99,Dekorasyon,2026-05-27
Soft Touch Rabbit Pelüş Kırlent Kılıfı Beyaz,419.99,Dekorasyon,2026-05-27
Soft Touch Rabbit Pelüş Kırlent Kılıfı Pudra,479.99,Dekorasyon,2026-05-27
Softy Pelüş Sıcak Su Torbası Gri,479.99,Dekorasyon,2026-05-27
Solene Cam Dekoratif Tepsi 30x42 cm Siyah - Beyaz,559.99,Dekorasyon,2026-05-27
Solvi Koltuk Şalı 170x210 cm Multicolor,479.99,Dekorasyon,2026-05-27
Spiral Kırlent 45x45 cm Mor,1999.99,Dekorasyon,2026-05-27
Spotty Pelüş Sıcak Su Torbası Krem Siyah,479.99,Dekorasyon,2026-05-27
Stacia Vazo Yeşil,1039.99,Dekorasyon,2026-05-27
Star Flower Tek Dal Yapay Çiçek 71 cm Beyaz,1499.99,Dekorasyon,2026-05-27
Star Flower Tek Dal Yapay Çiçek 71 cm Mor,1499.99,Dekorasyon,2026-05-27
Star Flower Tek Dal Yapay Çiçek 71 cm Pembe,1499.99,Dekorasyon,2026-05-27
Star Mum Gold,1274.9,Dekorasyon,2026-05-27
Stars Şamdan Mavi,479.99,Dekorasyon,2026-05-27
Stella Vazo 16x24 cm Mavi,4999.99,Dekorasyon,2026-05-27
Stelle Kırlent Kılıfı 45x45 cm Yeşil,1999.99,Dekorasyon,2026-05-27
Steve Organizer Lacivert,2499.99,Dekorasyon,2026-05-27
Steve Organizer Siyah,2499.99,Dekorasyon,2026-05-27
Stone Set Yılbaşı Ağacı Süsü Multicolor,2999.99,Dekorasyon,2026-05-27
Strıpy Bambu Çerçeve Naturel,4499.99,Dekorasyon,2026-05-27
Summer Fruit Vazo Pembe,3499.99,Dekorasyon,2026-05-27
Summer Fruit Vazo Yeşil,839.99,Dekorasyon,2026-05-27
Summer Vazo Multicolor,799.99,Dekorasyon,2026-05-27
Sunline Stoneware Vazo 21 cm Sarı,639.99,Dekorasyon,2026-05-27
SwarmBees Kadife Nakışlı Kırlent Kılıfı 45x45 cm Yeşil,7999.99,Dekorasyon,2026-05-27
Sweet Panda Pelüş Bebe Dekoratif Kırlent 40x26 cm Beyaz,329.99,Dekorasyon,2026-05-27
Sweet Rabbit Bebe Pelüş Dekoratif Kırlent 35x27 cm Beyaz,479.99,Dekorasyon,2026-05-27
Sweet Rabbit Bebe Pelüş Dekoratif Kırlent 35x27 cm Pembe,479.99,Dekorasyon,2026-05-27
Sydney Çerçeve Yeşil,2999.99,Dekorasyon,2026-05-27
Sylvia Organizer Siyah,1999.99,Dekorasyon,2026-05-27
Talia Dekoratif Tepsi Kahve,1199.99,Dekorasyon,2026-05-27
Talia Mdf Dekoratif Kutu Antrasit,479.99,Dekorasyon,2026-05-27
Talissa Set Yılbaşı Ağacı Süsü Multicolor,1399.99,Dekorasyon,2026-05-27
Talisya Çerçeve 10x10 cm Multicolor,2999.99,Dekorasyon,2026-05-27
Tansy Kar Küresi 6x6x9 cm Kırmızı,2749.99,Dekorasyon,2026-05-27
Taylor Çerçeve Krem,2249.99,Dekorasyon,2026-05-27
Terazzo Müzik Kutusu 11x11x14 cm Kırmızı,4499.99,Dekorasyon,2026-05-27
Terra Cam Biblo 10 cm Koyu Kahverengi,3999.99,Dekorasyon,2026-05-27
Terra Pamuk Sepet Natural-Siyah,494.99,Dekorasyon,2026-05-27
Terra Pelüş Kırlent Kılıfı 45x45 cm Kahve,2499.99,Dekorasyon,2026-05-27
Terra Pelüş Kırlent Kılıfı 45x45 cm Turuncu,2999.99,Dekorasyon,2026-05-27
Tessa Abajur 23 cm Beyaz,5999.99,Dekorasyon,2026-05-27
Tessa Müzik Kutusu 11x11x14 cm Kırmızı,4999.99,Dekorasyon,2026-05-27
Thano Kırlent Kılıfı 45x45 cm Multicolor,2499.99,Dekorasyon,2026-05-27
Thorn Onion Tek Dal Yapay Çiçek Kırmızı,1549.99,Dekorasyon,2026-05-27
Thorn Onion Tek Dal Yapay Çiçek Sarı,1499.99,Dekorasyon,2026-05-27
Thorn Onion Tek Dal Yapay Çiçek Turuncu,1749.99,Dekorasyon,2026-05-27
Tiya Müzik Kutusu 11x11x15 cm Kırmızı,4999.99,Dekorasyon,2026-05-27
Toscana Seramik Vazo Bronz,10999.99,Dekorasyon,2026-05-27
Tresa Seramik Vazo 14 cm Gold,1499.99,Dekorasyon,2026-05-27
Tresa Seramik Vazo 17 cm Silver,2199.99,Dekorasyon,2026-05-27
Troya Seramik Vazo Bronz,1279.99,Dekorasyon,2026-05-27
Tulia Metal Çerçeve Siyah,209.99,Dekorasyon,2026-05-27
Tulip Garden Tek Dal Yapay Çiçek Beyaz,1249.99,Dekorasyon,2026-05-27
Tulip Garden Tek Dal Yapay Çiçek Sarı,1249.99,Dekorasyon,2026-05-27
Tulip Garden Tek Dal Yapay Çiçek Turuncu,1249.99,Dekorasyon,2026-05-27
Twinkle Dekoratif Kırlent 35x55 cm Kırmızı,5999.99,Dekorasyon,2026-05-27
"Valera Porselen Vazo 15,5 cm Yeşil",3749.99,Dekorasyon,2026-05-27
Valeria Porselen Vazo 20 cm Kırmızı,3999.99,Dekorasyon,2026-05-27
Valerie Porselen Vazo 15 cm Mavi,5999.99,Dekorasyon,2026-05-27
"Valley Porselen Vazo 17,5 cm Mavi-Turuncu",979.99,Dekorasyon,2026-05-27
"Vanecca Porselen Vazo 20,5 cm Mavi",3999.99,Dekorasyon,2026-05-27
"Vanessa Porselen Vazo 20,5 cm Mavi",719.99,Dekorasyon,2026-05-27
Vanilla Wind Kokulu Mum,1399.99,Dekorasyon,2026-05-27
Velvety Triko Kırlent Kılıfı Antrasit,1749.99,Dekorasyon,2026-05-27
Velvety Triko Kırlent Kılıfı Gri,1749.99,Dekorasyon,2026-05-27
Vena Çerçeve Açık Kahverengi,2999.99,Dekorasyon,2026-05-27
Vera Metal Şamdan Gold,3999.99,Dekorasyon,2026-05-27
Verdant Kırlent Kılıfı 45x45 cm Bordo,1999.99,Dekorasyon,2026-05-27
Verna Duvar Saati 30 cm Bordo,559.99,Dekorasyon,2026-05-27
Verona Rattan Dekoratif Tepsi Naturel,1619.99,Dekorasyon,2026-05-27
Vespera Dolgulu Kırlent 35x50 cm Multicolor,799.99,Dekorasyon,2026-05-27
Vesta Dekoratif Tepsi 16x26 cm Bej,1999.99,Dekorasyon,2026-05-27
Vesta Çerçeve 13x18 cm Bej,2499.99,Dekorasyon,2026-05-27
Vintage Marine Dijital Baskı Kırlent Kılıfı 45x45 cm Mavi-yeşil,1499.99,Dekorasyon,2026-05-27
Vintage Paisley Koltuk Şalı 140x170 cm Yeşil,839.99,Dekorasyon,2026-05-27
Whitestar Nakışlı Dekoratif Kırlent 45x45 cm Ekru,2449.99,Dekorasyon,2026-05-27
Wild Flower Tek Dal Yapay Çiçek Beyaz,849.95,Dekorasyon,2026-05-27
Wild Flower Tek Dal Yapay Çiçek Kırmızı,849.95,Dekorasyon,2026-05-27
Wild Flower Tek Dal Yapay Çiçek Turuncu,849.95,Dekorasyon,2026-05-27
Wild Terra Kokulu Mum 120 gr Şeffaf,239.99,Dekorasyon,2026-05-27
"Winter Tree Biblo 10x10x30,5 cm Siyah",6999.99,Dekorasyon,2026-05-27
Yumi Koltuk Şalı 140x170 cm Ekru-Kırmızı,4499.99,Dekorasyon,2026-05-27
Yılbaşı Ağacı 180 cm Siyah,9999.99,Dekorasyon,2026-05-27
Yılbaşı Ağacı Dekoratif Obje 20 cm Şampanya,1999.99,Dekorasyon,2026-05-27
Yılbaşı Ağacı Dekoratif Obje Koyu Kahverengi,769.99,Dekorasyon,2026-05-27
Yılbaşı Ağacı Dekoratif Obje Yeşil,5499.99,Dekorasyon,2026-05-27
Yılbaşı Ağacı Yeşil,1599.99,Dekorasyon,2026-05-27
Zaira Nakışlı Dekoratif Kırlent Kılıfı 45x45 cm Ekru,3499.99,Dekorasyon,2026-05-27
Zairan Dekoratif Kırlent 33x50 cm Natural,699.99,Dekorasyon,2026-05-27
Zairan Punch Nakışlı Dekoratif Kırlent 33x50 cm Ekru,3999.99,Dekorasyon,2026-05-27
Zebra Dekoratif Kırlent 45x45 cm Açık Kahverengi,500.0,Dekorasyon,2026-05-27
Zebra Dekoratif Kırlent 45x45 cm Bej,479.99,Dekorasyon,2026-05-27
Zebra Dekoratif Kırlent 45x45 cm Kahve,719.99,Dekorasyon,2026-05-27
Zelena Kırlent Kılıfı 45x45 cm Renkli,2249.99,Dekorasyon,2026-05-27
"Zena Küp 7,5x7,5x17,0 cm Mavi",2499.99,Dekorasyon,2026-05-27
Zodiac Kadife Nakışlı Kırlent Kılıfı 45x45 cm Lacivert,6999.99,Dekorasyon,2026-05-27
Zoey Koltuk Şalı 140x170 cm Bej,5499.99,Dekorasyon,2026-05-27
mystic Spices Kokulu Mum 200 gr,1749.99,Dekorasyon,2026-05-27
Albus Dekoratif Jüt Kilim 100 cm Beyaz,1439.99,Halı&Kilim,2026-05-27
Ales Dokuma Kilim 80x150 cm Bej,6999.99,Halı&Kilim,2026-05-27
Aligne Pamuklu Bukle Kilim Krem,719.99,Halı&Kilim,2026-05-27
Amy Dekoratif Jüt Kilim Natural,2559.99,Halı&Kilim,2026-05-27
Arbre Halı 100x200 cm Bej,6749.99,Halı&Kilim,2026-05-27
Arbre Halı 100x300 cm Bej,9999.99,Halı&Kilim,2026-05-27
Ariella Dekoratif Jüt Kilim Multicolor,1759.99,Halı&Kilim,2026-05-27
Arlo Halı 200x290 cm Gri-Beyaz,29999.99,Halı&Kilim,2026-05-27
Arlo Halı Gri-Beyaz,5999.99,Halı&Kilim,2026-05-27
Aurelia Halı 100x200 cm Bej,6749.99,Halı&Kilim,2026-05-27
Aurelia Halı 100x300 cm Bej,9999.99,Halı&Kilim,2026-05-27
Aurelia Halı 120x180 cm Bej,6999.99,Halı&Kilim,2026-05-27
Aurelia Halı 160X230 cm Bej,12999.99,Halı&Kilim,2026-05-27
Aurelia Halı 80x150 cm Bej,3999.99,Halı&Kilim,2026-05-27
Aurelia Halı 80x300 cm Bej,7499.99,Halı&Kilim,2026-05-27
Azure Halı 100x200 cm Gri,7999.99,Halı&Kilim,2026-05-27
Azure Halı 160x230 cm Gri,17499.99,Halı&Kilim,2026-05-27
Barley Dekoratif Jüt Kilim 120 cm Natural-Siyah,1759.99,Halı&Kilim,2026-05-27
Blossom Pamuklu Bukle Kilim Krem,719.99,Halı&Kilim,2026-05-27
Botani Halı Multicolor,11999.99,Halı&Kilim,2026-05-27
Calmo Halı 100x200 cm Bej,8499.99,Halı&Kilim,2026-05-27
Calmo Halı 100x300 cm Bej,13499.99,Halı&Kilim,2026-05-27
Calmo Halı 120x180 cm Bej,8499.99,Halı&Kilim,2026-05-27
Calmo Halı 160X230 cm Bej,13999.99,Halı&Kilim,2026-05-27
Calmo Halı 80x150 cm Bej,5749.99,Halı&Kilim,2026-05-27
Calmo Halı 80x300 cm Bej,11499.99,Halı&Kilim,2026-05-27
Cameron Halı Bej,16999.99,Halı&Kilim,2026-05-27
Cameron Halı Gri,16999.99,Halı&Kilim,2026-05-27
Caterina Halı 100x200 cm Bej,9999.99,Halı&Kilim,2026-05-27
Caterina Halı 100x300 cm Bej,14499.99,Halı&Kilim,2026-05-27
Caterina Halı 120x180 cm Bej,9999.99,Halı&Kilim,2026-05-27
Caterina Halı 160X230 cm Bej,17999.99,Halı&Kilim,2026-05-27
Caterina Halı 80x150 cm Bej,5499.99,Halı&Kilim,2026-05-27
Caterina Halı 80x300 cm Bej,10999.99,Halı&Kilim,2026-05-27
Checker Bukle Kilim Natural,9999.99,Halı&Kilim,2026-05-27
Chera Halı 100x200 cm Bej,10999.99,Halı&Kilim,2026-05-27
Chera Halı 100x300 cm Bej,14499.99,Halı&Kilim,2026-05-27
Chera Halı 120x180 cm Bej,10999.99,Halı&Kilim,2026-05-27
Chera Halı 160X230 cm Bej,3239.99,Halı&Kilim,2026-05-27
Chera Halı 80x150 cm Bej,5749.99,Halı&Kilim,2026-05-27
Chera Halı 80x300 cm Bej,10999.99,Halı&Kilim,2026-05-27
Circle Art Dekoratif Jüt Kilim Natural-Siyah,1399.99,Halı&Kilim,2026-05-27
Deanna Dekoratif Jüt Kilim 90x150 cm Natural-İndigo,1759.99,Halı&Kilim,2026-05-27
Esther Halı 100x200 cm Bej,15499.99,Halı&Kilim,2026-05-27
Esther Halı 100x300 cm Bej,19999.99,Halı&Kilim,2026-05-27
Esther Halı 120x180 cm Bej,13999.99,Halı&Kilim,2026-05-27
Esther Halı 160X230 cm Bej,26999.99,Halı&Kilim,2026-05-27
Esther Halı 80x150 cm Bej,8499.99,Halı&Kilim,2026-05-27
Esther Halı 80x300 cm Bej,16999.99,Halı&Kilim,2026-05-27
Ethnic Bukle Kilim Natural,5499.99,Halı&Kilim,2026-05-27
Etna Halı Bej,2719.99,Halı&Kilim,2026-05-27
Etnich Pamuklu Bukle Kilim Bej - Kahve,2599.99,Halı&Kilim,2026-05-27
Floweret Pamuklu Bukle Kilim 80x150 cm Pudra,4499.99,Halı&Kilim,2026-05-27
Floweret Pamuklu Bukle Kilim Krem,1599.99,Halı&Kilim,2026-05-27
Furry Pelüş Halı Bej,12499.99,Halı&Kilim,2026-05-27
Furry Pelüş Post 120x180 cm Antrasit,2699.99,Halı&Kilim,2026-05-27
Furry Pelüş Post 80x150 cm Acı Kahve,1759.99,Halı&Kilim,2026-05-27
Furry Pelüş Post Beyaz,12499.99,Halı&Kilim,2026-05-27
Furry Pelüş Post Pudra,12499.99,Halı&Kilim,2026-05-27
Gia Halı 100x200 cm Bej,10999.99,Halı&Kilim,2026-05-27
Gia Halı 100x300 cm Bej,15999.99,Halı&Kilim,2026-05-27
Gia Halı 120x180 cm Bej,11499.99,Halı&Kilim,2026-05-27
Gia Halı 160X230 cm Bej,18999.99,Halı&Kilim,2026-05-27
Gia Halı 80x150 cm Bej,5999.99,Halı&Kilim,2026-05-27
Gia Halı 80x300 cm Bej,13999.99,Halı&Kilim,2026-05-27
Hedra Halı Multicolor,2239.99,Halı&Kilim,2026-05-27
Hello Happy Day Kapı Önü Paspası 33x60 cm Natural,2499.99,Halı&Kilim,2026-05-27
Hora Halı 100x200 cm Bej,15499.99,Halı&Kilim,2026-05-27
Hora Halı 100x300 cm Bej,19999.99,Halı&Kilim,2026-05-27
Hora Halı 80x150 cm Bej,9499.99,Halı&Kilim,2026-05-27
Hora Halı 80x300 cm Bej,15499.99,Halı&Kilim,2026-05-27
Jazz Halı Bej,2399.99,Halı&Kilim,2026-05-27
Juliet Yuvarlak Dekoratif Jüt Kilim Natural,7999.99,Halı&Kilim,2026-05-27
Launis Pamuklu Bukle Kilim Krem,454.99,Halı&Kilim,2026-05-27
Leafs Pamuklu Bukle Kilim 110x110 cm Krem,719.99,Halı&Kilim,2026-05-27
Leafy Pamuklu Bukle Kilim 120x180 cm Hardal-Krem,1000.0,Halı&Kilim,2026-05-27
Leafy Pamuklu Bukle Kilim 80x150 cm Krem,719.99,Halı&Kilim,2026-05-27
Leona Dekoratif Jüt Kilim Multicolor,1599.99,Halı&Kilim,2026-05-27
Leona Dekoratif Jüt Kilim Natural,1599.99,Halı&Kilim,2026-05-27
Linear Dokuma Kilim 80x150 cm Açık Krem - Kahve,3999.99,Halı&Kilim,2026-05-27
Lovely Home Kapı Önü Paspası 35x60 cm Natural,2499.99,Halı&Kilim,2026-05-27
Lume Halı Multicolor,7999.99,Halı&Kilim,2026-05-27
Meow Home Kapı Önü Paspası 35x60 cm Natural,2499.99,Halı&Kilim,2026-05-27
Nerba Halı Krem,1743.99,Halı&Kilim,2026-05-27
Nomia Halı Multicolor,11999.99,Halı&Kilim,2026-05-27
Pearly Dokuma Kilim Ekru-Mavi-Turuncu,1199.99,Halı&Kilim,2026-05-27
Pearly Pamuklu Dokuma Kilim Turuncu-Ekru-Bej,1199.99,Halı&Kilim,2026-05-27
Peggy Pelüş Halı Gri,12499.99,Halı&Kilim,2026-05-27
Peggy Pelüş Halı Kahve,639.99,Halı&Kilim,2026-05-27
Pena Halı 100x200 cm Bej,14999.99,Halı&Kilim,2026-05-27
Pena Halı 100x300 cm Bej,22499.99,Halı&Kilim,2026-05-27
Pena Halı 120x180 cm Multicolor,15999.99,Halı&Kilim,2026-05-27
Pena Halı 160X230 cm Bej,27499.99,Halı&Kilim,2026-05-27
Pena Halı 200x290 cm Multicolor,34999.99,Halı&Kilim,2026-05-27
Pena Halı 80x150 cm Bej,9999.99,Halı&Kilim,2026-05-27
Pena Halı 80x300 cm Bej,2799.99,Halı&Kilim,2026-05-27
Penelope Halı Multicolor,2239.99,Halı&Kilim,2026-05-27
Piero Halı Multicolor,1919.99,Halı&Kilim,2026-05-27
Plain Serenity Halı Krem,8499.99,Halı&Kilim,2026-05-27
Seana Pamuklu Kilim Beyaz,719.99,Halı&Kilim,2026-05-27
Serenat Halı Gri,9999.99,Halı&Kilim,2026-05-27
Serenity Halı Açık Gri,7999.99,Halı&Kilim,2026-05-27
Silva Halı Multicolor,1743.99,Halı&Kilim,2026-05-27
Soft Touch Rabbit Pelüş Halı Antrasit,2249.99,Halı&Kilim,2026-05-27
Soft Touch Rabbit Pelüş Halı Bej,1439.99,Halı&Kilim,2026-05-27
Soft Touch Rabbit Pelüş Halı Pudra,2249.99,Halı&Kilim,2026-05-27
Soft Touch Rabbit Pelüş Post Antrasit,959.99,Halı&Kilim,2026-05-27
Soft Touch Rabbit Pelüş Post Beyaz,1359.99,Halı&Kilim,2026-05-27
Solan Halı Bordo,11999.99,Halı&Kilim,2026-05-27
Steve Halı 100x200 cm Bej,9499.99,Halı&Kilim,2026-05-27
Steve Halı 100x300 cm Bej,13999.99,Halı&Kilim,2026-05-27
Steve Halı 120x180 cm Bej,9499.99,Halı&Kilim,2026-05-27
Steve Halı 160X230 cm Bej,13999.99,Halı&Kilim,2026-05-27
Steve Halı 80x150 cm Bej,879.99,Halı&Kilim,2026-05-27
Steve Halı 80x300 cm Bej,10999.99,Halı&Kilim,2026-05-27
Stripe Bukle Kilim Natural,1599.99,Halı&Kilim,2026-05-27
Terra Pelüş Halı Bej,17499.99,Halı&Kilim,2026-05-27
Terra Pelüş Halı Kahve,2099.99,Halı&Kilim,2026-05-27
Verda Halı Multicolor,1919.99,Halı&Kilim,2026-05-27
Zeno Halı 200x290 cm Bej - Krem,29999.99,Halı&Kilim,2026-05-27
Zeno Halı Bej - Krem,5999.99,Halı&Kilim,2026-05-27
Bearette Pamuklu Çocuk Nevresim Takımı Pembe,4499.99,Hediye,2026-05-27
After Rain Çubuklu Oda Kokusu 100 ml,3199.99,Kozmetik,2026-05-27
Aloe Vera Maske 25 ml Yeşil,699.95,Kozmetik,2026-05-27
Aloe Vera – Ylang Ylang 5li Aromaterapi Set,559.99,Kozmetik,2026-05-27
Apple Rose Kolonya 200 ml Şeffaf,227.99,Kozmetik,2026-05-27
Apple Rose Oda Spreyi 300 ml Şeffaf,1499.99,Kozmetik,2026-05-27
Apple Rose Çubuklu Oda Kokusu 95 ml Şeffaf,2999.99,Kozmetik,2026-05-27
Aura Solaire Parfüm Seti 100 ml + 20 ml,699.99,Kozmetik,2026-05-27
Avokado Yağı Maske 25 ml Yeşil,699.95,Kozmetik,2026-05-27
Avokado Yağı Yüz & Vücut Spreyi,699.95,Kozmetik,2026-05-27
Azure Bliss Çubuklu Oda Kokusu 100 ml,1499.99,Kozmetik,2026-05-27
Beyaz Çiçekler Body Mist,1299.99,Kozmetik,2026-05-27
Beyaz Çiçekler El Kremi 30 ml,849.95,Kozmetik,2026-05-27
Beyaz Çiçekler Kokulu Kese,849.95,Kozmetik,2026-05-27
Beyaz Çiçekler Kolonya 100 ml,999.99,Kozmetik,2026-05-27
Beyaz Çiçekler Kolonya 200 ml,1499.99,Kozmetik,2026-05-27
Beyaz Çiçekler Oda Spreyi 400 ml,1499.99,Kozmetik,2026-05-27
Beyaz Çiçekler Çubuklu Oda Kokusu 100 ml,2249.99,Kozmetik,2026-05-27
Beyaz Çiçekler Çubuklu Oda Kokusu 200 ml,3499.99,Kozmetik,2026-05-27
Beyaz Çiçekler Çubuklu Oda Kokusu 500 ml,6999.99,Kozmetik,2026-05-27
Black Forest Çubuklu Oda Kokusu 200 ml Siyah,5499.99,Kozmetik,2026-05-27
Blissful Elixir Body Mist 100 ml Pembe,849.95,Kozmetik,2026-05-27
Blissful Elixir Vücut Losyonu 50 ml. Pembe,799.95,Kozmetik,2026-05-27
Blue Flowers Çubuklu Oda Kokusu 250 ml,3199.99,Kozmetik,2026-05-27
Bosphorus Breeze Çubuklu Oda Kokusu 100 ml Yeşil,2999.99,Kozmetik,2026-05-27
Botanical El Kremi,849.95,Kozmetik,2026-05-27
Botanical Katı Sabun,849.95,Kozmetik,2026-05-27
Botanical Çubuklu Oda Kokusu,3499.99,Kozmetik,2026-05-27
Botanical Çubuklu Oda Kokusu 100 ml,2499.99,Kozmetik,2026-05-27
Bouquet Kokulu Kese,849.95,Kozmetik,2026-05-27
Buket Tazeliği Kokulu Kese,849.95,Kozmetik,2026-05-27
Calm Haven Çubuklu Oda Kokusu 200 ml,4999.99,Kozmetik,2026-05-27
Camomile Maske,699.95,Kozmetik,2026-05-27
Camomile Sabun,699.95,Kozmetik,2026-05-27
Camomile Vücut Losyonu,699.95,Kozmetik,2026-05-27
Cashmersilk Çubuklu Oda Kokusu 250 ml,3199.99,Kozmetik,2026-05-27
Citrus&Lemon Çubuklu Oda Kokusu 100 ml,2499.99,Kozmetik,2026-05-27
Coconut Rose Kolonya 200 ml Şeffaf,227.99,Kozmetik,2026-05-27
Coconut Rose Oda Spreyi 300 ml Şeffaf,183.99,Kozmetik,2026-05-27
Coconut Rose Çubuklu Oda Kokusu 95 ml Şeffaf,2999.99,Kozmetik,2026-05-27
Energy Çubuklu Oda Kokusu 100 ml Butter Yellow,1999.99,Kozmetik,2026-05-27
Fig&Violet Çubuklu Oda Kokusu 95 ml,2999.99,Kozmetik,2026-05-27
Fleur dAmor Kadın Parfümü 100 ml Pembe,2499.99,Kozmetik,2026-05-27
Floral Glam Çubuklu Oda Kokusu,3499.99,Kozmetik,2026-05-27
Floral Oto Kokusu 10 ml,999.99,Kozmetik,2026-05-27
Floral Sense Çubuklu Oda Kokusu,2999.99,Kozmetik,2026-05-27
Floral&Patchouli Çubuklu Oda Kokusu 100 ml,2499.99,Kozmetik,2026-05-27
Forest Çubuklu Oda Kokusu 100 ml,1999.99,Kozmetik,2026-05-27
Gleam Çubuklu Oda Kokusu 200 ml,4999.99,Kozmetik,2026-05-27
Golden Ḿuse Kadın Parfümü 100 ml Açık Sarı,2499.99,Kozmetik,2026-05-27
Green Mist El Kremi,849.95,Kozmetik,2026-05-27
Green Mist Kokulu Kese,849.95,Kozmetik,2026-05-27
Gül Bahçesi Kokulu Kese,849.95,Kozmetik,2026-05-27
Hera Çubuklu Oda Kokusu 180 ml,5499.99,Kozmetik,2026-05-27
Iris Intense Çubuklu Oda Kokusu,3499.99,Kozmetik,2026-05-27
Island Herbs Çubuklu Oda Kokusu,3499.99,Kozmetik,2026-05-27
Jasmine Musk Çubuklu Oda Kokusu 100 ml Antrasit,2999.99,Kozmetik,2026-05-27
Lavanta Esintisi Kokulu Kese,849.95,Kozmetik,2026-05-27
Lavender Çubuklu Oda Kokusu 100 ml,1999.99,Kozmetik,2026-05-27
Lily & Pineapple Kolonya 100 ml Mavi,849.99,Kozmetik,2026-05-27
Lily & Pineapple Oda Spreyi 300 ml Mavi,1499.99,Kozmetik,2026-05-27
Lily & Pineapple Çubuklu Oda Kokusu 100 ml Mavi,2499.99,Kozmetik,2026-05-27
Luna Çubuklu Oda Kokusu 180 ml,5499.99,Kozmetik,2026-05-27
Marash Rose Çubuklu Oda Kokusu 100 ml,2749.99,Kozmetik,2026-05-27
Mediterranean Çubuklu Oda Kokusu 100 ml,2249.99,Kozmetik,2026-05-27
Mimosa Çubuklu Oda Kokusu 100 ml,1999.99,Kozmetik,2026-05-27
Misty Aromadifüzör 300 ml,6499.99,Kozmetik,2026-05-27
Misty Down Çubuklu Oda Kokusu 100 ml,3199.99,Kozmetik,2026-05-27
Mossy Wood Çubuklu Oda Kokusu,2999.99,Kozmetik,2026-05-27
Muguet&Vanilla Çubuklu Oda Kokusu 100 ml,1999.99,Kozmetik,2026-05-27
Mugwort Tütsü,699.95,Kozmetik,2026-05-27
Musk&Poppy Çubuklu Oda Kokusu 100 ml,1999.99,Kozmetik,2026-05-27
Neroli & Jasmine Oda Spreyi 500 ml Şeffaf,2499.99,Kozmetik,2026-05-27
Neroli & Jasmine Çubuklu Oda Kokusu 100 ml,2999.99,Kozmetik,2026-05-27
Nobile Tütsü,699.95,Kozmetik,2026-05-27
Noble Nuit Parfüm Seti 100 ml + 20 ml,699.99,Kozmetik,2026-05-27
Orange Blossom & Red Berry Kolonya 100 ml Kırmızı,849.99,Kozmetik,2026-05-27
Orange Blossom & Red Berry Oda Spreyi 300 ml Kırmızı,1499.99,Kozmetik,2026-05-27
Orange Blossom & Red Berry Çubuklu Oda Kokusu 100 ml Bordo,2499.99,Kozmetik,2026-05-27
Orange Rose Kolonya 200 ml Şeffaf,227.99,Kozmetik,2026-05-27
Orange Rose Oda Spreyi 300 ml Şeffaf,1499.99,Kozmetik,2026-05-27
Orange Rose Çubuklu Oda Kokusu 95 ml Şeffaf,2999.99,Kozmetik,2026-05-27
Orchid Çubuklu Oda Kokusu 250 ml,3199.99,Kozmetik,2026-05-27
Oriental Beyond Çubuklu Oda Kokusu,3249.99,Kozmetik,2026-05-27
Oud Touch Çubuklu Oda Kokusu,2999.99,Kozmetik,2026-05-27
Patchouli & Bergamote Kolonya 100 ml Yeşil,849.99,Kozmetik,2026-05-27
Patchouli & Bergamote Oda Spreyi 300 ml Yeşil,1499.99,Kozmetik,2026-05-27
Patchouli & Bergamote Çubuklu Oda Kokusu 100 ml Yeşil,2499.99,Kozmetik,2026-05-27
Patchouli & Musk Oda Spreyi 500 ml Şeffaf,250.0,Kozmetik,2026-05-27
Patchouli & Musk Çubuklu Oda Kokusu 100 ml,2999.99,Kozmetik,2026-05-27
Patchouli&Wood Çubuklu Oda Kokusu 95 ml,2999.99,Kozmetik,2026-05-27
Peach Blossom Body Mist 100 ml Turuncu,899.99,Kozmetik,2026-05-27
Peach Blossom Vücut Losyonu 50 ml. Turuncu,799.95,Kozmetik,2026-05-27
Peach&Apple Çubuklu Oda Kokusu 100 ml,2499.99,Kozmetik,2026-05-27
Pearl 3lü Koku Barı Beyaz,1499.99,Kozmetik,2026-05-27
Pearl Body Mist Vücut Spreyi,1149.99,Kozmetik,2026-05-27
Pearl El Kremi,849.95,Kozmetik,2026-05-27
Pearl Katı Sabun,849.95,Kozmetik,2026-05-27
Pearl Çubuklu Oda Kokusu,6999.99,Kozmetik,2026-05-27
Pearl Çubuklu Oda Kokusu 100 ml,2249.99,Kozmetik,2026-05-27
Peony Çubuklu Oda Kokusu 100 ml,2249.99,Kozmetik,2026-05-27
Pine Rose Çubuklu Oda Kokusu 140 ml Amber,3199.99,Kozmetik,2026-05-27
Pink Flower Çubuklu Oda Kokusu 100 ml,1999.99,Kozmetik,2026-05-27
Pink Pepper&Jasmine Çubuklu Oda Kokusu 100 ml,1999.99,Kozmetik,2026-05-27
Plum Blossom Çubuklu Oda Kokusu 100 ml,2999.99,Kozmetik,2026-05-27
Poudre El Kremi,849.95,Kozmetik,2026-05-27
Poudre Katı Sabun,849.95,Kozmetik,2026-05-27
Poudre Kokulu Kese,849.95,Kozmetik,2026-05-27
Poudre Oda Spreyi 400 ml,1324.92,Kozmetik,2026-05-27
Poudre Çubuklu Oda Kokusu,3499.99,Kozmetik,2026-05-27
Poudre Çubuklu Oda Kokusu 100 ml,2249.99,Kozmetik,2026-05-27
Powder & White Musk Oda Spreyi 500 ml Şeffaf,2499.99,Kozmetik,2026-05-27
Powder & White Musk Çubuklu Oda Kokusu 100 ml,2999.99,Kozmetik,2026-05-27
Powdery Oto Kokusu 10 ml,999.99,Kozmetik,2026-05-27
Pure Desir Parfüm Seti 100 ml + 20 ml,699.99,Kozmetik,2026-05-27
Pure El Kremi,849.95,Kozmetik,2026-05-27
Pure Koku Barı 2x55 g,1399.99,Kozmetik,2026-05-27
Pure Kokulu Kese 19 Gr,849.95,Kozmetik,2026-05-27
Pure Kolonya 200 ml,1499.99,Kozmetik,2026-05-27
Pure Oda Spreyi 500 ml,1499.99,Kozmetik,2026-05-27
Pure Sıvı Sabun,1499.99,Kozmetik,2026-05-27
Pure Çubuklu Oda Kokusu 100 ml,2249.99,Kozmetik,2026-05-27
Pure Çubuklu Oda Kokusu 200 ml,3499.99,Kozmetik,2026-05-27
Pure Çubuklu Oda Kokusu 500 ml,6999.99,Kozmetik,2026-05-27
Raindrop 3lü Kokulu Kese,849.95,Kozmetik,2026-05-27
Raspberry Lemon Çubuklu Oda Kokusu 140 ml Amber,2499.99,Kozmetik,2026-05-27
Rosemary – Geranium 5li Aromaterapi Set,3499.99,Kozmetik,2026-05-27
Rustic Harmony Çubuklu Oda Kokusu 200 ml Amber,5499.99,Kozmetik,2026-05-27
Sabun Ferahlığı Kokulu Kese,849.95,Kozmetik,2026-05-27
Sakura Çubuklu Oda Kokusu 100 ml,1999.99,Kozmetik,2026-05-27
Sandalwood Çubuklu Oda Kokusu 100 ml,2999.99,Kozmetik,2026-05-27
Savannah Terra Çubuklu Oda Kokusu 95 ml,3499.99,Kozmetik,2026-05-27
Sense Tütsü,699.95,Kozmetik,2026-05-27
Shiny Snow Çubuklu Oda Kokusu 100 ml,3199.99,Kozmetik,2026-05-27
Soft Gardenia Çubuklu Oda Kokusu,3499.99,Kozmetik,2026-05-27
Soft Koku Barı 3x70 g Şeffaf,1499.99,Kozmetik,2026-05-27
Soft Kokulu Kese,849.95,Kozmetik,2026-05-27
Soft Kolonya 200 ml,1499.99,Kozmetik,2026-05-27
Soft Oda Spreyi 400 ml,1499.99,Kozmetik,2026-05-27
Soft Powder Çubuklu Oda Kokusu,3499.99,Kozmetik,2026-05-27
Soft Çubuklu Oda Kokusu,2249.99,Kozmetik,2026-05-27
Soft Çubuklu Oda Kokusu 500 ml Şeffaf,6999.99,Kozmetik,2026-05-27
Suave Bliss Çubuklu Oda Kokusu 100 ml Şeffaf,1999.99,Kozmetik,2026-05-27
Sweet Séduction Kadın Parfümü 100 ml Lila,299.99,Kozmetik,2026-05-27
The Scent of a Autumn Sunset Çubuklu Oda Kokusu 200 ml,3499.99,Kozmetik,2026-05-27
The Scent of a Sweet Love Çubuklu Oda Kokusu 200 ml,3499.99,Kozmetik,2026-05-27
Tobacco 3lü Kokulu Kese,849.95,Kozmetik,2026-05-27
Tuberose Çubuklu Oda Kokusu 100 ml,2499.99,Kozmetik,2026-05-27
Twilight Bliss Çubuklu Oda Kokusu 100 ml Şeffaf,1999.99,Kozmetik,2026-05-27
Vanilla Wind Body Mist,1299.99,Kozmetik,2026-05-27
Vanilla Wind Katı Sabun,849.95,Kozmetik,2026-05-27
Vanilla Wind Koku Barı 3 x 70 g Şeffaf,1499.99,Kozmetik,2026-05-27
Vanilla Wind Kokulu Kese,849.95,Kozmetik,2026-05-27
Vanilla Wind Kolonya Şeffaf,1499.99,Kozmetik,2026-05-27
Vanilla Wind Oda Spreyi,1749.99,Kozmetik,2026-05-27
Vanilla Wind Çubuklu Oda Kokusu 200 ml,3499.99,Kozmetik,2026-05-27
Vanilla Wind Çubuklu Oda Kokusu 500 ml,6999.99,Kozmetik,2026-05-27
Vesta Çubuklu Oda Kokusu 180 ml,5499.99,Kozmetik,2026-05-27
Warm Embrace Çubuklu Oda Kokusu 200 ml,4999.99,Kozmetik,2026-05-27
White Lily Çubuklu Oda Kokusu 200 ml,5499.99,Kozmetik,2026-05-27
Wild Berry Body Mist 100 ml Mor,999.99,Kozmetik,2026-05-27
Wild Berry Vücut Losyonu 50 ml. Mor,799.95,Kozmetik,2026-05-27
Wild Terra Çubuklu Oda Kokusu 95 ml,3499.99,Kozmetik,2026-05-27
Wood Savage Çubuklu Oda Kokusu 100 ml,2499.99,Kozmetik,2026-05-27
Wood&Spicy Çubuklu Oda Kokusu 95 ml,2999.99,Kozmetik,2026-05-27
Woody Bergamot Çubuklu Oda Kokusu 140 ml Amber,3199.99,Kozmetik,2026-05-27
Woody Oto Kokusu 10 ml,999.99,Kozmetik,2026-05-27
Woody&Patchouli Çubuklu Oda Kokusu 100 ml,2999.99,Kozmetik,2026-05-27
Woody&Saffron Çubuklu Oda Kokusu 100 ml,2999.99,Kozmetik,2026-05-27
Woody&Vanilla Çubuklu Oda Kokusu 100 ml,2999.99,Kozmetik,2026-05-27
mystic spices Çubuklu Oda Kokusu,4499.99,Kozmetik,2026-05-27
AF-G Sepet Grubu Siyah,1399.99,Küçük Ev Aletleri,2026-05-27
AF-G Sepet Grubu Siyah-Bakır,1499.99,Küçük Ev Aletleri,2026-05-27
AF-G Sepet Grubu Siyah-Krom,1499.99,Küçük Ev Aletleri,2026-05-27
AQUA OPTIMA Su Arıtma Filtresi Beyaz,799.99,Küçük Ev Aletleri,2026-05-27
Bıçak Grubu  Kea Yedek Parça Beyaz,289.99,Küçük Ev Aletleri,2026-05-27
Bıçak Grubu  Kea Yedek Parça Siyah,289.99,Küçük Ev Aletleri,2026-05-27
CMK 6001 - CMK 6010 Çelik Çay Filtresi,299.99,Küçük Ev Aletleri,2026-05-27
CMK 6010 Inox Kapaksız Demlik Siyah-Bakır,729.99,Küçük Ev Aletleri,2026-05-27
CMK 6010 İNOX DEMLİK GRUBU Beyaz-Krom,729.99,Küçük Ev Aletleri,2026-05-27
CMK DEMLİK KAPAĞI BEYAZ LOGOLU Bakır,149.99,Küçük Ev Aletleri,2026-05-27
CMK DEMLİK KAPAĞI BEYAZ LOGOLU Krom,199.99,Küçük Ev Aletleri,2026-05-27
CMK DEMLİK KAPAĞI SİYAH LOGOLU Bakır,199.99,Küçük Ev Aletleri,2026-05-27
DGR 3001 Doğrayıcı Hazne,149.99,Küçük Ev Aletleri,2026-05-27
DGR 3001 Hazne Ayak Lastiği Kırmızı,169.99,Küçük Ev Aletleri,2026-05-27
DGR 3001 Hazne Ayak Lastiği Siyah,169.99,Küçük Ev Aletleri,2026-05-27
DGR 3001 Hazne Kapağı,199.99,Küçük Ev Aletleri,2026-05-27
DGR 3001 Hazne Kapağı Contası,169.99,Küçük Ev Aletleri,2026-05-27
DGR3010 Bıçak Mili,159.99,Küçük Ev Aletleri,2026-05-27
DGR3010 Hazne 1500 ml Siyah,299.99,Küçük Ev Aletleri,2026-05-27
ELB Parçalayıcı Ayak Siyah,279.99,Küçük Ev Aletleri,2026-05-27
ELM 3001 HAMUR KARIŞTIRICI - SAĞ,199.99,Küçük Ev Aletleri,2026-05-27
ELM 3001 HAMUR KARIŞTIRICI - SOL,199.99,Küçük Ev Aletleri,2026-05-27
ELM 3010 Çırpıcı Tel,649.99,Küçük Ev Aletleri,2026-05-27
Elm 3010 Yoğurucu Tel,499.99,Küçük Ev Aletleri,2026-05-27
English Home AIF 2030 XL Sıcak Tutma Hazneli Air Fryer 1500W Siyah-Krom,8499.99,Küçük Ev Aletleri,2026-05-27
English Home AIF 2030 XL Sıcak Tutma Hazneli Airfryer 1500W Siyah,6999.99,Küçük Ev Aletleri,2026-05-27
English Home AIF 2030 XL Sıcak Tutma Hazneli Airfryer 1500W Siyah-Bakır,9999.98,Küçük Ev Aletleri,2026-05-27
English Home CMK 6001 Cam Çay Makinesi ve Kettle Siyah,5399.99,Küçük Ev Aletleri,2026-05-27
English Home CMK 6001 Cam Çay Makinesi ve Kettle Siyah-Bakır,5399.99,Küçük Ev Aletleri,2026-05-27
English Home CMK 6001 Cam Çay Makinesi ve Kettle Siyah-Krom,5399.99,Küçük Ev Aletleri,2026-05-27
English Home CMK 6010 Inox Çay Makinesi ve Kettle Beyaz-Krom,5399.99,Küçük Ev Aletleri,2026-05-27
English Home CMK 6010 Inox Çay Makinesi ve Kettle Siyah,5399.99,Küçük Ev Aletleri,2026-05-27
English Home CMK 6010 Inox Çay Makinesi ve Kettle Siyah-Bakır,5399.99,Küçük Ev Aletleri,2026-05-27
English Home CMK 6010 Inox Çay Makinesi ve Kettle Siyah-Krom,5399.99,Küçük Ev Aletleri,2026-05-27
English Home CMK 6030 Çay Makinesi ve Kettle 2 Litre Antrasit,3599.99,Küçük Ev Aletleri,2026-05-27
English Home CMK 6030 Çay Makinesi ve Kettle 2 Litre Mint,3599.99,Küçük Ev Aletleri,2026-05-27
English Home DGR 3001 Plastik Doğrayıcı Kırmızı,1104.99,Küçük Ev Aletleri,2026-05-27
English Home DGR 3001 Plastik Doğrayıcı Siyah,1104.99,Küçük Ev Aletleri,2026-05-27
English Home DGR 3010 Doğrayıcı 1500 ml Siyah,1274.99,Küçük Ev Aletleri,2026-05-27
English Home EKM 5001 Dijital Ekmek Kızartma Makinesi 920W Siyah-Krom,2399.99,Küçük Ev Aletleri,2026-05-27
English Home ELB 3001 4 Bıçaklı El Blenderı 1500W Beyaz-Krom,1274.99,Küçük Ev Aletleri,2026-05-27
English Home ELB 3001 4 Bıçaklı El Blenderı Siyah-Krom,1274.99,Küçük Ev Aletleri,2026-05-27
English Home ELM 3001 El Mikserı 600 W Kırmızı,1104.99,Küçük Ev Aletleri,2026-05-27
English Home ELM 3001 El Mikserı 600 W Siyah,1104.99,Küçük Ev Aletleri,2026-05-27
English Home ELM 3010 El Mikseri 500W Siyah-Krom,1104.99,Küçük Ev Aletleri,2026-05-27
English Home ESM 6001 Espresso Makinesi Siyah,9399.99,Küçük Ev Aletleri,2026-05-27
"English Home FKM 6001 Coffee Talks Filtre Kahve Makinesi 1,5 LT Siyah",3999.99,Küçük Ev Aletleri,2026-05-27
"English Home FKM 6010 Coffee Talks Intelligent Filtre Kahve Makinesi 1,8L Siyah",5599.99,Küçük Ev Aletleri,2026-05-27
"English Home FKM 6020 Coffee Talks Expert Filtre Kahve Makinesi 1,35 Litre Siyah",9999.99,Küçük Ev Aletleri,2026-05-27
English Home KBL 3001 Shake Away Smoothie Blender Beyaz-Bakır,1529.99,Küçük Ev Aletleri,2026-05-27
English Home KBL 3001 Shake Away Smoothie Blender Siyah-Krom,1529.99,Küçük Ev Aletleri,2026-05-27
English Home KBL 3010 Shake Away Smoothie Blender Beyaz-Bakır,2549.99,Küçük Ev Aletleri,2026-05-27
English Home KBL 3010 Shake Away Smoothie Blender Kırmızı,2549.99,Küçük Ev Aletleri,2026-05-27
English Home KBL 3010 Shake Away Smoothie Blender Lacivert,2549.99,Küçük Ev Aletleri,2026-05-27
English Home KBL 3010 Shake Away Smoothie Blender Siyah-Krom,2549.99,Küçük Ev Aletleri,2026-05-27
English Home MBS 3001 4 Bıçaklı Mini Blender Seti Siyah-Krom,1699.99,Küçük Ev Aletleri,2026-05-27
English Home MBS 3010 4 Bıçaklı Mini Blender Seti 1500W Beyaz-Krom,2124.99,Küçük Ev Aletleri,2026-05-27
English Home RMB 3001 4 Bıçaklı Multi Blender Seti 1500W Beyaz-Krom,2294.99,Küçük Ev Aletleri,2026-05-27
English Home RMB 3001 4 Bıçaklı Multi Blender Seti Siyah-Krom,2294.99,Küçük Ev Aletleri,2026-05-27
English Home SBL 3001 Cam Sürahi Blender 1750 ml Beyaz-Krom,2974.99,Küçük Ev Aletleri,2026-05-27
English Home SBL 3001 Cam Sürahi Blender 1750 ml Siyah-Krom,2974.99,Küçük Ev Aletleri,2026-05-27
"English Home SMR 3001 Hammurix Hamur Yoğurma Makinesi 5,5 L Siyah-Krom",11999.99,Küçük Ev Aletleri,2026-05-27
"English Home SMR 3001 Hammurix Stand Mikseri 5,5 L Mint",11999.99,Küçük Ev Aletleri,2026-05-27
English Home SMR 3002 Kıyma Aparatı Uyumlu Stand Mikseri 7 L Kırmızı,14999.99,Küçük Ev Aletleri,2026-05-27
"English Home SUI 6001 Inox Su Isıtıcı 1,7L Siyah",2399.99,Küçük Ev Aletleri,2026-05-27
English Home TKM 6001 Çelik Cezve Çift Taşım Türk Kahvesi Makinesi Siyah-Krom,3399.99,Küçük Ev Aletleri,2026-05-27
English Home TKM 6002 Çift Taşım Türk Kahvesi Makinesi Siyah-Bakır,2799.99,Küçük Ev Aletleri,2026-05-27
English Home TKM 6002 Çift Taşım Türk Kahvesi Makinesi Siyah-Krom,2599.99,Küçük Ev Aletleri,2026-05-27
English Home TKM 6011 Sütlü Türk Kahvesi Makinesi Siyah-Bakır,3399.99,Küçük Ev Aletleri,2026-05-27
English Home TKM 6020 Çift Hazneli İkili Türk Kahvesi Makinesi Siyah-Bakır,13999.99,Küçük Ev Aletleri,2026-05-27
English Home TKM 6020 Çift Hazneli İkili Türk Kahvesi Makinesi Siyah-Krom,13999.98,Küçük Ev Aletleri,2026-05-27
English Home TKM 6030 Çift Taşım Türk Kahvesi Makinesi Siyah-Bakır,2799.99,Küçük Ev Aletleri,2026-05-27
English Home TKM 6030 Çift Taşım Türk Kahvesi Makinesi Siyah-Krom,2799.99,Küçük Ev Aletleri,2026-05-27
English Home TKM 6031 Çelik Cezve Çift Taşım Türk Kahvesi Makinesi Beyaz-Bakır,3399.99,Küçük Ev Aletleri,2026-05-27
English Home TKM 6031 Çelik Cezve Çift Taşım Türk Kahvesi Makinesi Siyah-Krom,3399.99,Küçük Ev Aletleri,2026-05-27
English Home TKM 6040 Sütlü Türk Kahvesi Makinesi Antrasit,3399.99,Küçük Ev Aletleri,2026-05-27
English Home TKM 6040 Sütlü Türk Kahvesi Makinesi Siyah-Krom,3199.99,Küçük Ev Aletleri,2026-05-27
English Home TMK 5001 Mini Tost ve Waffle Makinesi Siyah,4799.99,Küçük Ev Aletleri,2026-05-27
English Home TMK 5001 Mini Waffle ve Tost Makinesi 900W Yeşil,4799.99,Küçük Ev Aletleri,2026-05-27
English Home TMK 5010 Çıkarılabilir Plakalı Tost Makinesi Siyah-Krom,4799.99,Küçük Ev Aletleri,2026-05-27
English Home TMK 5030 Izgara ve Tost Makinesi Inox,8199.99,Küçük Ev Aletleri,2026-05-27
English Home TMK 5050 Teflon Çıkarılabilir Plakalı Tost Makinesi 1800W Antrasit,4599.99,Küçük Ev Aletleri,2026-05-27
English Home TMK 5050 Teflon Çıkarılabilir Plakalı Tost Makinesi 1800W Kırmızı,4599.99,Küçük Ev Aletleri,2026-05-27
FKM 6020 Fırça,139.99,Küçük Ev Aletleri,2026-05-27
FKM 6020 Süzgeç,649.99,Küçük Ev Aletleri,2026-05-27
KBL 3001 Doğrayıcı Bıçak Grubu Gri,279.99,Küçük Ev Aletleri,2026-05-27
KBL 3001 Shake Away Kişisel Blender Şişe Kapağı Beyaz,199.99,Küçük Ev Aletleri,2026-05-27
KBL 3001 Shake Away Kişisel Blender Şişe Kapağı Siyah,199.99,Küçük Ev Aletleri,2026-05-27
KBL 3001 Shake Away Kişisel Blender Şişe Şeffaf,229.98,Küçük Ev Aletleri,2026-05-27
KBL 3001 Şişe Siyah,229.99,Küçük Ev Aletleri,2026-05-27
KBL 3010 Bıçak Grubu Kırmızı,289.99,Küçük Ev Aletleri,2026-05-27
MBS 3001 - RMB 3001 Çırpıcı Top Beyaz,279.99,Küçük Ev Aletleri,2026-05-27
MBS 3001 - RMB 3001 Çırpıcı Top Siyah,179.99,Küçük Ev Aletleri,2026-05-27
MBS 3001 Dişli Kutusu Beyaz,169.99,Küçük Ev Aletleri,2026-05-27
MBS 3001 Dişli Kutusu Siyah,179.99,Küçük Ev Aletleri,2026-05-27
MBS 3001 Doğrayıcı Hazne,199.99,Küçük Ev Aletleri,2026-05-27
MBS 3010 Dişli Kutusu Siyah,279.99,Küçük Ev Aletleri,2026-05-27
MBS 3010 Hazne,229.99,Küçük Ev Aletleri,2026-05-27
Nespresso C40 Inissia Kapsül Espresso Makinesi Kırmızı,9999.99,Küçük Ev Aletleri,2026-05-27
Nespresso F121 Latissima One Süt Çözümlü Espresso Makinesi Beyaz,19999.99,Küçük Ev Aletleri,2026-05-27
Nespresso F541 Gran Latissima Süt Çözümlü Espresso Makinesi Siyah,27999.99,Küçük Ev Aletleri,2026-05-27
Philips 3000 Serisi STH3020/10 Taşınabilir Buharlı Düzleştirici Beyaz,3499.99,Küçük Ev Aletleri,2026-05-27
Philips 4000 Serisi FC9332/07 Toz Torbasız Süpürge + Philips HD7301/00 Çay Makinesi Hediye,12999.99,Küçük Ev Aletleri,2026-05-27
Philips 5000 Serisi DST5020/30 Buharlı Ütü 2400W Mor,2499.99,Küçük Ev Aletleri,2026-05-27
Philips 5000 Serisi DST5030/80 2400 W Buharlı Ütü + Omuz Çantası,3999.99,Küçük Ev Aletleri,2026-05-27
Philips 6000 Serisi XC6456/10 Şarjlı Dikey Süpürge,14999.0,Küçük Ev Aletleri,2026-05-27
Philips 7000 Serisi Marathon Daily XB7151/07 Toz Torbasız Süpürge,15999.99,Küçük Ev Aletleri,2026-05-27
Philips 7000 Serisi STH7060/80 Taşınabilir Buharlı Düzleştirici Siyah,5499.99,Küçük Ev Aletleri,2026-05-27
Philips Aqua Plus 8000 Serisi XC8054/01 Islak Kuru Şarjlı Dikey Süpürge,29999.99,Küçük Ev Aletleri,2026-05-27
Philips Azur 7500 Serisi DST7510/80 Buharlı Ütü 3200W Siyah,6499.99,Küçük Ev Aletleri,2026-05-27
Philips Azur 8000 Serisi 3000W DST8040/30 Buharlı Ütü Mor,9999.99,Küçük Ev Aletleri,2026-05-27
Philips LatteGo 2300 Serisi EP2331/10 Tam Otomatik Espresso Makinesi,27999.99,Küçük Ev Aletleri,2026-05-27
Philips LatteGo 5500 Serisi EP5547/90 Tam Otomatik Espresso Makinesi,39999.99,Küçük Ev Aletleri,2026-05-27
Philips OneUp 5000 Serisi XV5113/01 Elektrikli Mop,9299.99,Küçük Ev Aletleri,2026-05-27
Philips PerfectCare Compact Essential GC6842/30 Buhar Kazanlı Ütü Mor,8499.99,Küçük Ev Aletleri,2026-05-27
RMB 3001 Besin İtici,199.99,Küçük Ev Aletleri,2026-05-27
RMB 3001 Büyük Rende,179.99,Küçük Ev Aletleri,2026-05-27
RMB 3001 Dilimleme Aparatı,179.99,Küçük Ev Aletleri,2026-05-27
RMB 3001 Küçük Rende,179.99,Küçük Ev Aletleri,2026-05-27
SMR 3001 Metal Tas Saplı,1104.99,Küçük Ev Aletleri,2026-05-27
SMR3002 Kıyma Aparatı,1499.99,Küçük Ev Aletleri,2026-05-27
Sbl 3001 Bıçak Grubu  Kea Yedek Parça Beyaz,319.99,Küçük Ev Aletleri,2026-05-27
Sbl 3001 Bıçak Grubu  Kea Yedek Parça Kırmızı,319.99,Küçük Ev Aletleri,2026-05-27
Sbl 3001 Bıçak Grubu  Kea Yedek Parça Lacivert,319.99,Küçük Ev Aletleri,2026-05-27
Sbl 3001 Bıçak Grubu  Kea Yedek Parça Siyah,319.99,Küçük Ev Aletleri,2026-05-27
Sbl 3001 Hazne Kapağı  Kea Yedek Parça Beyaz,199.99,Küçük Ev Aletleri,2026-05-27
Sbl 3001 Hazne Kapağı  Kea Yedek Parça Lacivert,199.99,Küçük Ev Aletleri,2026-05-27
Sbl 3001 Hazne Kapağı  Kea Yedek Parça Siyah,199.99,Küçük Ev Aletleri,2026-05-27
Silikon Tutamak  Kea Yedek Parça Beyaz,169.99,Küçük Ev Aletleri,2026-05-27
Silikon Tutamak  Kea Yedek Parça Kırmızı,169.99,Küçük Ev Aletleri,2026-05-27
Silikon Tutamak  Kea Yedek Parça Lacivert,249.99,Küçük Ev Aletleri,2026-05-27
Silikon Tutamak  Kea Yedek Parça Siyah,169.99,Küçük Ev Aletleri,2026-05-27
TKM 6002 Cezve Kırmızı,900.99,Küçük Ev Aletleri,2026-05-27
TKM 6002 Cezve Siyah-Bakır,899.99,Küçük Ev Aletleri,2026-05-27
TKM 6010 - TKM 6011 Kahve Ölçü Kaşığı,159.99,Küçük Ev Aletleri,2026-05-27
TKM 6011 CEZVE Antrasit,1055.99,Küçük Ev Aletleri,2026-05-27
TKM 6011 CEZVE Kırmızı,865.99,Küçük Ev Aletleri,2026-05-27
TKM 6011 Cezve Siyah-Bakır,919.99,Küçük Ev Aletleri,2026-05-27
TKM 6011 Cezve Siyah-Krom,919.99,Küçük Ev Aletleri,2026-05-27
TKM ÖLÇEK KAŞIĞI SİYAH - TEK TARAFLI,199.99,Küçük Ev Aletleri,2026-05-27
TMK 5001 Tost Plakası Kea Yedek Parça Siyah,299.99,Küçük Ev Aletleri,2026-05-27
TMK 5010 Tost Plakası  Kea Yedek Parça,349.99,Küçük Ev Aletleri,2026-05-27
TMK 5020 Teflon Plaka,473.99,Küçük Ev Aletleri,2026-05-27
TMK 5040 Teflon Plaka,741.99,Küçük Ev Aletleri,2026-05-27
Tkm İnox Cezve Komple - Tek Tuş Mdl  Kea Yedek Parça Inox,995.99,Küçük Ev Aletleri,2026-05-27
Tmk 5001 Alt Waffle Plakası  Kea Yedek Parça Siyah,249.99,Küçük Ev Aletleri,2026-05-27
Tmk 5001 Üst Waffle Plakası  Kea Yedek Parça Siyah,249.99,Küçük Ev Aletleri,2026-05-27
Tmk 5030 Rezistanslı Plaka  Kea Yedek Parça Siyah,1399.99,Küçük Ev Aletleri,2026-05-27
Westinghouse Retro Ekmek Kızartma Makinesi Siyah,4999.99,Küçük Ev Aletleri,2026-05-27
Westinghouse Retro El Blenderı Krem,3999.99,Küçük Ev Aletleri,2026-05-27
Westinghouse Retro El Blenderı Kırmızı,4199.99,Küçük Ev Aletleri,2026-05-27
Westinghouse Retro El Blenderı Siyah,3999.99,Küçük Ev Aletleri,2026-05-27
Westinghouse Retro Standlı El Mikseri Krem,7499.99,Küçük Ev Aletleri,2026-05-27
Westinghouse Retro Standlı El Mikseri Kırmızı,8999.99,Küçük Ev Aletleri,2026-05-27
Westinghouse Retro Standlı El Mikseri Pembe,9999.99,Küçük Ev Aletleri,2026-05-27
Westinghouse Retro Standlı El Mikseri Siyah,6999.99,Küçük Ev Aletleri,2026-05-27
"Westinghouse Retro Su Isıtıcı 1,7 Lt Siyah",7499.99,Küçük Ev Aletleri,2026-05-27
"Westinghouse Retro Su Isıtıcı 1,7L Kırmızı",7999.99,Küçük Ev Aletleri,2026-05-27
Şişe Kapağı  Kea Yedek Parça Beyaz,199.99,Küçük Ev Aletleri,2026-05-27
Şişe Kapağı  Kea Yedek Parça Kırmızı,199.99,Küçük Ev Aletleri,2026-05-27
Şişe Kapağı  Kea Yedek Parça Lacivert,199.99,Küçük Ev Aletleri,2026-05-27
Şişe Kapağı  Kea Yedek Parça Siyah,199.99,Küçük Ev Aletleri,2026-05-27
Şişe Kapağı Kea Yedek Parça Şeffaf,159.99,Küçük Ev Aletleri,2026-05-27
Acoral Paslanmaz Çelik Rende 21 cm Gri,1749.99,Mutfak,2026-05-27
Adelina 2li Misafir Peçetesi Beyaz-Gold,1999.99,Mutfak,2026-05-27
"Adly 3 Parça Saklama Kabı 700 ml – 1,4 L – 2 L Yeşil-Krem",2249.99,Mutfak,2026-05-27
"Adra Rende 12x8,2x18,5 cm Turuncu",1999.99,Mutfak,2026-05-27
"Adra Rende 12x8,2x18,5 cm Yeşil",1999.99,Mutfak,2026-05-27
Adra Süzgeç 3 L Yeşil,1149.99,Mutfak,2026-05-27
Adrea Paslanmaz Çelik Süzgeç 40 cm Gri,539.99,Mutfak,2026-05-27
Aidan Rattan Peçete Halkası Kahve,749.95,Mutfak,2026-05-27
Alas Fırın Eldiveni ve Tutacak Seti Bej,2249.99,Mutfak,2026-05-27
Alas Pamuk Mutfak Önlüğü Lacivert,2499.99,Mutfak,2026-05-27
Ales Paslanmaz Çelik Soyacak 19 cm Yeşil,1299.99,Mutfak,2026-05-27
Alexi Mutfak Gereci Yeşil,279.99,Mutfak,2026-05-27
"Alexi Salata Kurutucu Mutfak Gereci 25,6x25,6x14,2 cm Turuncu",1749.99,Mutfak,2026-05-27
Alexy Soyacak 20 cm Mavi,1999.99,Mutfak,2026-05-27
Alfred Plastik Kavanoz Yeşil,699.95,Mutfak,2026-05-27
Alice Saklama Kabı Turuncu,1999.99,Mutfak,2026-05-27
Alice Saklama Kabı Zeytin Yeşili,1199.99,Mutfak,2026-05-27
Aligne Pamuk Kurulama Bezi 30x50 cm Antrasit,999.99,Mutfak,2026-05-27
Alina Cam 4lü Baharatlık Şeffaf,494.99,Mutfak,2026-05-27
Aline 3lü Ölçü Kabı Mutfak Gereci 8x8x9 cm Şeffaf,1299.95,Mutfak,2026-05-27
Aline 5’li Ölçü Kaşığı Mutfak Gereci 23X16 cm Yeşil,849.95,Mutfak,2026-05-27
Aline Plastik 4lü Saklama Kabı 280 ml Yeşil-Mavi,1049.99,Mutfak,2026-05-27
Aline Soyacak 28 cm Mavi,1999.99,Mutfak,2026-05-27
Alissa 5li Rende 24x11 cm Renkli,1999.99,Mutfak,2026-05-27
Alissa Soyacak 14 cm Turuncu,1999.99,Mutfak,2026-05-27
Alissa Soyacak 14 cm Yeşil,1999.99,Mutfak,2026-05-27
All Fresh Inox Paslanmaz Çelik Erzak Kabı Silver,2499.99,Mutfak,2026-05-27
Allure Hasır Ekmek Sepeti Bej,419.99,Mutfak,2026-05-27
Aluna Metal Ekmek Sepeti Bej,1749.99,Mutfak,2026-05-27
"Alvin Paslanmaz Çelik Rende 24,5 cm Mavi",359.99,Mutfak,2026-05-27
Amara Spagetti Kaşığı 32 cm Kırmızı,699.95,Mutfak,2026-05-27
Amity Metal Maşa Gri,1399.99,Mutfak,2026-05-27
Amity Paslanmaz Çelik Maşa 26 cm Siyah,1749.99,Mutfak,2026-05-27
Amity Silikon Spatula 30 cm Renkli,1149.99,Mutfak,2026-05-27
Amour Porselen Isıtıcılı Demlik Seti 850 ml Beyaz,4499.99,Mutfak,2026-05-27
Ancel Fırın Eldiveni ve Tutacak Seti Lacivert,2249.99,Mutfak,2026-05-27
Andy Saklama Kabı Şeffaf,899.99,Mutfak,2026-05-27
"Angelina Çelik 6lı Bıçak 19,5 cm Pembe",1749.99,Mutfak,2026-05-27
Antoine Cam Tereyağlık,1999.99,Mutfak,2026-05-27
Apple 20li Kağıt Peçete Kırmızı,1049.99,Mutfak,2026-05-27
Aqualis 20li Kağıt Peçete 33x33 cm Mavi-Beyaz,1049.99,Mutfak,2026-05-27
Aqualuna Fırın Eldiveni ve Tutacak Seti Mavi - Yeşil,2249.99,Mutfak,2026-05-27
Aquatine Pamuk Kurulama Bezi 30x50 cm Beyaz - Mavi,799.95,Mutfak,2026-05-27
Arian Borosilikat Saklama Kabı Şeffaf,153.99,Mutfak,2026-05-27
Arian Nova Borosilikat Saklama Kabı Şeffaf,1499.99,Mutfak,2026-05-27
Arnie Cam Kesme Tahtası 20x30 cm Sarı-Yeşil-Mavi-Kırmızı,1399.99,Mutfak,2026-05-27
Arnie Cam Kesme Tahtası Renkli,2249.99,Mutfak,2026-05-27
Arnie Çelik Rende 23x7 cm Bordo,1999.99,Mutfak,2026-05-27
Arzu Sabancı Splash 2li Misafir Peçetesi Krem-Turuncu,2749.99,Mutfak,2026-05-27
Aspen Paslanmaz Çelik Rende 24 cm Natural,1249.99,Mutfak,2026-05-27
"Aster Paslanmaz Çelik Rende 10,5x27,9x3,6 cm Yeşil",1249.99,Mutfak,2026-05-27
Aster Plastik El Rondosu Mutfak Gereci 13x11 cm Yeşil,1499.99,Mutfak,2026-05-27
"Aurelia Paslanmaz Çelik 5li Servis Seti 20,5x22,8x21,8x23,5x22 cm Gold",6499.99,Mutfak,2026-05-27
"Aurelia Paslanmaz Çelik 5li Servis Seti 20,5x22,8x21,8x23,5x22 cm Silver",779.99,Mutfak,2026-05-27
Autumn Flower 20li Kağıt Peçete Renkli,1049.99,Mutfak,2026-05-27
Avery Borosilikat Kavanoz 430 ml Şeffaf,2249.99,Mutfak,2026-05-27
Axel Akrilik Mini Süzgeç 15 cm Antrasit,999.99,Mutfak,2026-05-27
Axel Akrilik Mini Süzgeç 15 cm Şeffaf,999.99,Mutfak,2026-05-27
Axel Akrilik Süzgeç,1149.99,Mutfak,2026-05-27
Axel Akrilik Süzgeç Antrasit,1199.99,Mutfak,2026-05-27
Azure Bloom Emaye Bakraç 16 cm Lacivert,479.99,Mutfak,2026-05-27
Azure Bloom Emaye Cezve 10 cm Beyaz,439.99,Mutfak,2026-05-27
Azure Bloom Emaye Cezve 10 cm Lacivert,439.99,Mutfak,2026-05-27
Bake&Serve Cam Fırın Kabı Kırmızı,319.99,Mutfak,2026-05-27
Bake&Serve Cam Fırın Kabı Şeffaf,359.99,Mutfak,2026-05-27
Bakers Choice Karbon Çelik Kek Kalıbı Kırmızı,3499.99,Mutfak,2026-05-27
"Baker’s Choice Flower Karbon Çelik Kek Kalıbı 26 x 6,8 cm Kırmızı",439.99,Mutfak,2026-05-27
"Baker’s Choice Karbon Çelik Fırın Kabı 24 x 32 x 4,7cm Kırmızı",2499.99,Mutfak,2026-05-27
Baker’s Choice Karbon Çelik Tart Kek Kalıbı 28 x 4 cm Kırmızı,2749.99,Mutfak,2026-05-27
Balang Cam Kavanoz Şeffaf,1149.99,Mutfak,2026-05-27
Baldwin Borosilikat Saklama Kabı Kahve,1499.99,Mutfak,2026-05-27
Baldwin Borosilikat Yağdanlık Şeffaf,359.99,Mutfak,2026-05-27
Be Kind Kağıt 20li Kağıt Peçete 33x33 cm Turuncu,1049.99,Mutfak,2026-05-27
Bella Plastik 2li Mutfak Düzenleyici 3 L – 5 L Şeffaf,439.99,Mutfak,2026-05-27
Belle Band Cam Baharatlık 290 ml Natural,1399.99,Mutfak,2026-05-27
Belle Cam Kavanoz Natural,1399.99,Mutfak,2026-05-27
Belle Cam Saklama Kabı Natural,279.99,Mutfak,2026-05-27
Beloved Porselen Isıtıcılı Demlik Seti 850 ml Beyaz,809.99,Mutfak,2026-05-27
Berghoff Dina Entity Paslanmaz Çelik 6 Parça Bloklu Bıçak Seti 34x80 cm Gri,4100.0,Mutfak,2026-05-27
Berghoff Dina Pica Paslanmaz Çelik 7 Parça Bloklu Bıçak Seti 34x80 cm Siyah,2799.99,Mutfak,2026-05-27
"Berghoff Essentials Paslanmaz Çelik 4 Yönlü Rende 18,5 cm Siyah",549.99,Mutfak,2026-05-27
Berghoff LEO Phantom Derin Tencere 24 cm Siyah,15999.99,Mutfak,2026-05-27
Berghoff LEO Phantom Seramik Tava Latte,2899.99,Mutfak,2026-05-27
Berghoff LEO Phantom Seramik Tencere Latte,5669.99,Mutfak,2026-05-27
Berghoff LEO Phantom Seramik Tencere Siyah,15999.99,Mutfak,2026-05-27
"Berghoff Leo Balance Sage Tencere 24x11,5 cm Ada Çayı Yeşili",12999.99,Mutfak,2026-05-27
Berlin CeraWell 5 Parça Tencere Seti 24-28-28 cm Yeşil,22499.99,Mutfak,2026-05-27
Berlin CeraWell Tava Yeşil,5999.99,Mutfak,2026-05-27
Berlin Fusion Pro Basık Tencere Yeşil,1367.99,Mutfak,2026-05-27
Berlin Fusion Pro Seramik Tava Gri,5999.99,Mutfak,2026-05-27
Berlin Fusion Pro Seramik Tencere Gri,1439.99,Mutfak,2026-05-27
Berlin Fusion Pro Tencere Seti 24-28-28 cm Gri,22499.99,Mutfak,2026-05-27
Berry 20li Kağıt Peçete Kırmızı,1049.99,Mutfak,2026-05-27
Berry Branches 20li Kağıt Peçete Lacivert,1049.99,Mutfak,2026-05-27
Bertrand Paslanmaz Çelik Bıçak Kırmızı,799.95,Mutfak,2026-05-27
Bertrand Paslanmaz Çelik Bıçak Mavi,127.98,Mutfak,2026-05-27
Bertrand Paslanmaz Çelik Bıçak Yeşil,899.99,Mutfak,2026-05-27
Best Food Lunch Box Kırmızı,1999.99,Mutfak,2026-05-27
Best Food Lunch Box Mavi,1999.99,Mutfak,2026-05-27
Bety Kayın 2li Kesme Tahtası 19x26 cm - 21x35 cm Natural,2249.99,Mutfak,2026-05-27
Bianca Seramik Set Fırın Kabı Beyaz,359.99,Mutfak,2026-05-27
Bioni Paslanmaz Çelik Maşa 28 cm Yeşil,999.95,Mutfak,2026-05-27
Blitz Saklama Kabı 4 Lt Petrol Mavisi,999.99,Mutfak,2026-05-27
Blockify 20li Kağıt Peçete 33x33 cm Siyah - Beyaz,1049.99,Mutfak,2026-05-27
Blossom Frame New Bone China Demlik Seti 400 – 290 ml Pembe - Beyaz,699.99,Mutfak,2026-05-27
Blossom Frame Pamuklu Nakışlı Kurulama Bezi 30x50 cm Pembe,1399.99,Mutfak,2026-05-27
Blossy 20li Kağıt Peçete 33x33 cm Beyaz - Yeşil,1049.99,Mutfak,2026-05-27
Blue Flowers New Bone China Demlik 400 ml Mavi,639.99,Mutfak,2026-05-27
Blue Lines Fırın Eldiveni ve Tutacak Seti Lacivert,2499.99,Mutfak,2026-05-27
Blue Lines Mutfak Önlüğü 65x75 cm Lacivert,2249.99,Mutfak,2026-05-27
Bluette 20li Kağıt Peçete 33x33 cm Mavi,1049.99,Mutfak,2026-05-27
Blura Kağıt 20li Kağıt Peçete 33x33 cm Mavi,174.99,Mutfak,2026-05-27
Bluva Pamuk Kurulama Bezi 30x50 cm Mavi,1399.99,Mutfak,2026-05-27
Bluvita 20li Kağıt Peçete 33x33 cm Mavi-Beyaz,1099.99,Mutfak,2026-05-27
Bohem Line Cam Kavanoz Şeffaf,1999.99,Mutfak,2026-05-27
Bon Appetit Cam Kavanoz 500 ml Yeşil,1499.99,Mutfak,2026-05-27
Bon Vita Cam 2li Baharatlik 220 ml - 220 ml Mavi-yeşil,279.99,Mutfak,2026-05-27
Bony Cam 2li Yağlık - Sirkelik 18 cm Şeffaf,3999.99,Mutfak,2026-05-27
Botanic 20li Kağıt Peçete 33x33 cm Mavi,1049.99,Mutfak,2026-05-27
Botanica 20li Kağıt Peçete 33x33 cm Yeşil,1049.99,Mutfak,2026-05-27
Braid Dots Pamuk 2li Misafir Peçetesi Mavi - Lacivert,1399.99,Mutfak,2026-05-27
"Bright Dream Emaye Baharatlik 0,5L Kırmızı - Beyaz",2499.99,Mutfak,2026-05-27
Bright Floral Fırın Eldiveni ve Tutacak Seti Pembe - Yeşil,439.99,Mutfak,2026-05-27
Bright Parade Cam Kavanoz Kırmızı - Beyaz,1499.99,Mutfak,2026-05-27
Bright Parade Cam Kesme Tahtası 25x35 cm Kırmızı - Beyaz,1999.99,Mutfak,2026-05-27
"Bright Parade Emaye Baharatlik 0,75 L Kırmızı - Beyaz",2499.99,Mutfak,2026-05-27
Bright Parade Emaye Bakraç 16 cm Beyaz,3249.99,Mutfak,2026-05-27
Bright Parade Emaye Bakraç 20 cm Kırmızı,4999.99,Mutfak,2026-05-27
"Bright Parade Emaye Sos Tenceresı 1,6L Kırmızı",4499.99,Mutfak,2026-05-27
Bright Parade Fırın Eldiveni ve Tutacak Seti Kırmızı - Yeşil,2749.99,Mutfak,2026-05-27
Bright Parade Melamin Kaşıklık Mutfak Gereci 24 cm Kırmızı - Beyaz,1499.99,Mutfak,2026-05-27
Bright Parade Pamuklu Nakışlı Kurulama Bezi 30x50 cm Kırmızı,1399.99,Mutfak,2026-05-27
Brims Paslanmaz Çelik Süzgeç 18 cm Siyah,359.99,Mutfak,2026-05-27
Brims Paslanmaz Çelik Süzgeç 26 cm Gri,439.99,Mutfak,2026-05-27
Brims Paslanmaz Çelik Süzgeç Gri,1999.99,Mutfak,2026-05-27
Brims Paslanmaz Çelik Süzgeç Siyah,349.99,Mutfak,2026-05-27
Briony Borosilikat Kavanoz Kahve,2499.99,Mutfak,2026-05-27
Brisa Emaye Çaydanlık Kahverengi,7999.99,Mutfak,2026-05-27
Bubble Fish Pamuklu Nakışlı Kurulama Bezi 30x50 cm Turuncu – Bej,1499.99,Mutfak,2026-05-27
Bubble Joy Kağıt 20li Kağıt Peçete 33x33 cm Renkli,1049.99,Mutfak,2026-05-27
Burnia Silikon Bal Kaşığı Mutfak Gereci 16 cm Bordo,699.95,Mutfak,2026-05-27
Caitlin Maşa 35 cm Krem,849.95,Mutfak,2026-05-27
Caitlin Maşa 35 cm Yeşil,849.95,Mutfak,2026-05-27
"Callie 3 Parça Karıştırma Kabı 2,6 L Krem",1749.99,Mutfak,2026-05-27
Canela 4 Parça Karıştırma Kabı Yeşil,2249.99,Mutfak,2026-05-27
Carolie Kayın Kesme Tahtası 19x25 cm Kahve,1999.99,Mutfak,2026-05-27
Carolie Kayın Kesme Tahtası 28x21 cm Kahve,2249.99,Mutfak,2026-05-27
Casamere Metal 4lü Peçete Halkası Gold,1749.99,Mutfak,2026-05-27
Caterina Soyacak 17 cm Yeşil,1999.99,Mutfak,2026-05-27
Celia Silikon Spatula Gri,1149.99,Mutfak,2026-05-27
Celia Silikon Spatula Yeşil,1149.99,Mutfak,2026-05-27
Celia Silikon Yumurta Fırçası 22 cm Yeşil,799.95,Mutfak,2026-05-27
Celinda Kayın 2li Kesme Tahtası 22x30 cm - 15x21 cm Natural,1749.99,Mutfak,2026-05-27
Cest Cam Kavanoz 880 ml Turuncu,1749.99,Mutfak,2026-05-27
Chef Cut Paslanmaz Çelik 6 Parça Bıçak Seti 11x11x22 cm Siyah,3499.99,Mutfak,2026-05-27
Chena Silikon Spatula 25 cm Beyaz,999.99,Mutfak,2026-05-27
Cherries Pamuk Kurulama Bezi 30x50 cm Sarı-Kırmızı,999.99,Mutfak,2026-05-27
Cherry Cam Kavanoz 630 ml Şeffaf,1299.99,Mutfak,2026-05-27
Cherry Cherry Kağıt 20li Kağıt Peçete 33x33 cm Mavi,1049.99,Mutfak,2026-05-27
"Cherry Emaye Baharatlık 0,75 L Sarı",479.99,Mutfak,2026-05-27
Cherry Pamuk Kurulama Bezi 30x50 cm Kırmızı,1749.99,Mutfak,2026-05-27
Chimera Fırın Eldiveni ve Tutacak Seti Yeşil,2499.99,Mutfak,2026-05-27
Chimera Melamin Kaşıklık 24 cm Beyaz - Yeşil,1499.99,Mutfak,2026-05-27
Chimera Pamuk Kurulama Bezi 30x50 cm Mavi-Kırmızı,1499.99,Mutfak,2026-05-27
Chloe Iroko İkili Servis Gereci 29 cm Kahverengi,1999.99,Mutfak,2026-05-27
Christmas Cocaine 20li Kağıt Peçete Kırmızı,1149.95,Mutfak,2026-05-27
Christmas Straight 20li Kağıt Peçete Kırmızı,999.99,Mutfak,2026-05-27
Christmas Straight 20li Kağıt Peçete Yeşil,999.99,Mutfak,2026-05-27
Ciara Kepçe Siyah,1149.95,Mutfak,2026-05-27
Ciara Patates Ezici Mutfak Gereci Siyah,999.99,Mutfak,2026-05-27
Ciara Servis Kaşığı 32 cm Siyah,849.95,Mutfak,2026-05-27
Ciara Soyacak 17 cm Krem,1999.99,Mutfak,2026-05-27
Ciara Spatula 32 cm Siyah,1149.95,Mutfak,2026-05-27
"Ciara Süzgeç 31,5 cm Siyah",1149.95,Mutfak,2026-05-27
Classic Line 20li Kağıt Peçete Gri,1049.99,Mutfak,2026-05-27
Claudia Soyacak 15 cm Yeşil,1099.99,Mutfak,2026-05-27
Clawdia 20li Kağıt Peçete 33x33 cm Mavi-Turuncu,649.99,Mutfak,2026-05-27
ClickEase 7 Parça Premium Tencere Seti 18-20-24-28 cm Siyah,14999.99,Mutfak,2026-05-27
ClickEase CeraWell 8 Parça Tencere Seti 20 – 20 – 26 – 26 cm Mocha,21499.99,Mutfak,2026-05-27
ClickEase CeraWell 8 Parça Tencere Seti 20-24-26-26 cm Gri,25999.99,Mutfak,2026-05-27
ClickEase Premium 11 Parça Tencere Seti 16 – 20 – 24 – 26 - 28 cm Siyah,19999.99,Mutfak,2026-05-27
ClickEase Premium Tencere Seti Gri,2079.99,Mutfak,2026-05-27
Clyra Kağıt 20li Kağıt Peçete 33x33 cm Beyaz - Kırmızı,1049.99,Mutfak,2026-05-27
Coastal Charm 20li Kağıt Peçete 33x33 cm Mavi,649.99,Mutfak,2026-05-27
"Coastal Fish 20li Kağıt Peçete 32,5x32,5 cm Mavi",1099.99,Mutfak,2026-05-27
Coastal Hasır Ekmek Sepeti Gri,239.99,Mutfak,2026-05-27
Coastal Line 20li Kağıt Peçete 33x33 cm Mavi,1049.99,Mutfak,2026-05-27
Coastal Scorpion 20li Kağıt Peçete 33x33 cm Mavi,1049.99,Mutfak,2026-05-27
Coastal Seashell 20li Kağıt Peçete 33x33 cm Mavi,1049.99,Mutfak,2026-05-27
Coastal Stripe 20li Kağıt Peçete 33x33 cm Mavi,1049.99,Mutfak,2026-05-27
Coastal Tie 20li Kağıt Peçete 33x33 cm Mavi,1049.99,Mutfak,2026-05-27
Coastline Mutfak Önlüğü 65x75 cm Mavi - Yeşil,2499.99,Mutfak,2026-05-27
Coastlinear Plastik Peçetelik 15x6x11 cm Mavi,1499.99,Mutfak,2026-05-27
Colessa Limon Sıkacağı Krem,1399.99,Mutfak,2026-05-27
Colessa Maşa 26 cm Yeşil,849.95,Mutfak,2026-05-27
Colessa Maşa Krem,849.95,Mutfak,2026-05-27
Colessa Paslanmaz Çelik Rende 11x24 cm Krem,1499.99,Mutfak,2026-05-27
Colessa Paslanmaz Çelik Rende 11x24 cm Yeşil,1499.99,Mutfak,2026-05-27
Colessa Plastik Limon Sıkacağı Yeşil,1399.99,Mutfak,2026-05-27
Colessa Plastik Servis Seti 28 cm Krem,849.95,Mutfak,2026-05-27
Colessa Saklama Kabı Krem,1149.99,Mutfak,2026-05-27
Colessa Saklama Kabı Yeşil,223.99,Mutfak,2026-05-27
Colessa Soyacak 15 cm Krem,1099.99,Mutfak,2026-05-27
Colin Borosilikat Yağdanlık Şeffaf,419.99,Mutfak,2026-05-27
Collotte Maşa 27 cm Yeşil,999.99,Mutfak,2026-05-27
Collotte Maşa Krem,999.99,Mutfak,2026-05-27
Colorful Blooms Kağıt 20li Kağıt Peçete 33x33 cm Turuncu,1049.99,Mutfak,2026-05-27
Colorisca 20li Kağıt Peçete 33x33 cm Renkli,1099.99,Mutfak,2026-05-27
Colorpix Kağıt 20li Kağıt Peçete 33x33 cm Renkli,1049.99,Mutfak,2026-05-27
Colourful Joy Cam Kesme Tahtası 25x35 cm Renkli,1999.99,Mutfak,2026-05-27
Cooker Pamuk-Keten Mutfak Önlüğü 70x55 Cm Lacivert,1999.99,Mutfak,2026-05-27
Corazon Paslanmaz Çelik 4 Cup Moka Pot 160 ml Turuncu,1279.99,Mutfak,2026-05-27
Cordelia Silikon Maşa Kırmızı,1099.99,Mutfak,2026-05-27
Cordelia Silikon Çırpıcı 26 cm Kırmızı,1149.99,Mutfak,2026-05-27
Cordelia Silikon Çırpıcı Kırmızı,1399.99,Mutfak,2026-05-27
Cordie Cam Kesme Tahtası Renkli,1999.99,Mutfak,2026-05-27
Cosmic Cam Tereyağlık 21x8x7 Cm Şeffaf,2249.99,Mutfak,2026-05-27
Costa Premium 2li Tava Seti 20-24 cm Gri,6499.99,Mutfak,2026-05-27
Costa Premium 2li Tava Seti 24-28 cm Gri,7499.99,Mutfak,2026-05-27
Cottage Stoneware 2li Sufle Fırın Kabı 9 – 9 cm Açık Yeşil-Koyu Yeşil,1749.99,Mutfak,2026-05-27
Cottage Stoneware 2’li Sufle Fırın Kabı 9 – 9 cm Koyu Pembe – Açık Pembe,1749.99,Mutfak,2026-05-27
"Cottage Stoneware Dikdörtgen Fırın Kabı 39,5x24,5 cm Koyu Yeşil",7499.99,Mutfak,2026-05-27
Cottage Stoneware Fırın Kabı Açık Pembe,479.99,Mutfak,2026-05-27
Cottage Stoneware Fırın Kabı Açık Yeşil,1999.99,Mutfak,2026-05-27
Cottage Stoneware Fırın Kabı Koyu Pembe,479.99,Mutfak,2026-05-27
"Cottage Stoneware Kalp Fırın Kabı 14,5x13,5 cm Açık Yeşil",279.99,Mutfak,2026-05-27
Cottage Stoneware Yuvarlak Fırın Kabı 13x4 cm Koyu Yeşil,239.99,Mutfak,2026-05-27
"Count Ölçü Kabı Mutfak Gereci 7,5x8x18 cm Şeffaf",749.95,Mutfak,2026-05-27
"Creil Paslanmaz Çelik 5 Parça Bloklu Bıçak Seti 20,5-24,5-33-33-33 cm Silver",1439.99,Mutfak,2026-05-27
Cross Cam Peçetelik 13x9 cm Şeffaf,799.95,Mutfak,2026-05-27
Crustic Ekmek Sepeti Kahverengi,223.99,Mutfak,2026-05-27
"Crux Cam Tereyağlık 17,5x11x10 Cm Şeffaf",1749.99,Mutfak,2026-05-27
Culinary Pamuk Kurulama Bezi 30x50 cm Bej,749.95,Mutfak,2026-05-27
Culinary Pamuk Kurulama Bezi 30x50 cm Gri,749.95,Mutfak,2026-05-27
CutMe 2li Kesme Tahtası 27-34 cm Fuşya-Mavi,999.95,Mutfak,2026-05-27
CutMe 2li Kesme Tahtası 27-34 cm Lila - Pembe,999.95,Mutfak,2026-05-27
Cute Deer 12li Kağıt Peçete 33x40 Cm Siyah,799.95,Mutfak,2026-05-27
Daisy Kağıt Peçete Mavi,1049.99,Mutfak,2026-05-27
Dalmata 20li Kağıt Peçete 33x33 cm Yeşil,1049.99,Mutfak,2026-05-27
Daniel Plastik 2’li Ölçü Kabı Mutfak Gereci 300 – 600 ml Şeffaf,1499.99,Mutfak,2026-05-27
Daniel Silikon 2li Servis Gereci 23.5 x 25 cm Yeşil,1499.99,Mutfak,2026-05-27
Daniel Silikon 3lü Servis Gereci 23.5x25x26.5 cm Açık Pembe,2249.99,Mutfak,2026-05-27
Darkness Kağıt 20li Kağıt Peçete 33x33 cm Siyah - Beyaz,174.99,Mutfak,2026-05-27
Deanna 3 Parça Saklama Kabı Yeşil,2249.99,Mutfak,2026-05-27
Deeper 20li Kağıt Peçete 33x33 cm Kırmızı,649.99,Mutfak,2026-05-27
Deeper 20li Kağıt Peçete 33x33 cm Lacivert,649.99,Mutfak,2026-05-27
Diana Çelik 4lü Meyve Bıçak 16 cm Mavi,1399.99,Mutfak,2026-05-27
Dina Bambu Kesme Tahtası 31x20 cm Natural,1749.99,Mutfak,2026-05-27
Dolce Vita Cam Kavanoz 350 ml Sarı,1499.99,Mutfak,2026-05-27
Domino 20li Kağıt Peçete İndigo,1049.99,Mutfak,2026-05-27
Dr. Oetker Exclusive Seramik Kek Kalıbı Gri,3999.99,Mutfak,2026-05-27
Draze Pamuk Kurulama Bezi 30x50 cm Gri,999.99,Mutfak,2026-05-27
Dyna Pamuk 3lü Kurulama Bezi 30x50 cm Bej,1999.99,Mutfak,2026-05-27
Dyna Pamuk 3lü Kurulama Bezi 30x50 cm Gri,1999.99,Mutfak,2026-05-27
Eddy Silikon Servis Kaşığı Açık Bej,1149.95,Mutfak,2026-05-27
Eddy Silikon Spatula 28 cm Açık Bej,1149.95,Mutfak,2026-05-27
Eddy Silikon Spatula Açık Bej,1149.95,Mutfak,2026-05-27
Eddy Silikon Yumurta Fırçası Açık Bej,749.95,Mutfak,2026-05-27
Edenic Fırın Eldiveni ve Tutacak Seti Beyaz - Lacivert,2499.99,Mutfak,2026-05-27
Edenic Mutfak Önlüğü 65x75 cm Beyaz - Lacivert,2499.99,Mutfak,2026-05-27
Elegant Cam 6lı Baharatlık 90 ml Kahverengi,639.99,Mutfak,2026-05-27
Elisa Kayın Kesme Tahtası Natural,1749.99,Mutfak,2026-05-27
Elise Porselen Sahan Fırın Kabı Beyaz,223.99,Mutfak,2026-05-27
Elixan Borosilikat Kavanoz Şeffaf,489.99,Mutfak,2026-05-27
"Ella Silikon Buz Kalıbı 24x15,5 cm Renkli",269.99,Mutfak,2026-05-27
Elsie Cam Yağdanlık 500 ml Antrasit,1749.99,Mutfak,2026-05-27
Elvira New Bone China 3lü Saklama Kabı 300 ml-600 ml-800 ml Krem,3749.99,Mutfak,2026-05-27
Elysian Pamuk Kurulama Bezi 30x50 cm Kırmızı,1499.99,Mutfak,2026-05-27
Enjoy Today 20li Kağıt Peçete 33x33 cm Renkli,1049.99,Mutfak,2026-05-27
Essentials Paslanmaz Çelik Rende Gri,379.99,Mutfak,2026-05-27
"Estela Süzgeç 27,5x25 cm Krem",999.99,Mutfak,2026-05-27
"Estela Süzgeç 27,5x25 cm Yeşil",999.99,Mutfak,2026-05-27
Ethnic 20li Kağıt Peçete Renkli,1049.99,Mutfak,2026-05-27
Evelyn Borosilikat Çaydanlık 650 – 1300 ml Şeffaf,799.99,Mutfak,2026-05-27
Evelyn Pamuk Kurulama Bezi 40x60 cm Bej,999.99,Mutfak,2026-05-27
Evelyn Pamuk Kurulama Bezi 40x60 cm Kırmızı,999.99,Mutfak,2026-05-27
Evie Borosilikat-Akasya 2li Yağlık - Sirkelik 200 ml Şeffaf,489.99,Mutfak,2026-05-27
Fancy 20li Kağıt Peçete 33x33 cm Renkli,1049.99,Mutfak,2026-05-27
Fancy Tree Pamuk Kurulama Bezi Beyaz,1299.99,Mutfak,2026-05-27
"Fausta Saklama Kabı 17,4 x 12,5 x 6 cm Krem",849.95,Mutfak,2026-05-27
"Fausta Saklama Kabı 17,4 x 12,5 x 6 cm Yeşil",849.95,Mutfak,2026-05-27
Feel Happy New Bone China Demlik Seti 400 ml Beyaz,559.99,Mutfak,2026-05-27
Felicia Borosilikat Baharatlık 235 ml Şeffaf,1149.99,Mutfak,2026-05-27
Festive Tree Kağıt Peçete Beyaz,999.99,Mutfak,2026-05-27
Fiera Paslanmaz Çelik Termos Turuncu,3999.99,Mutfak,2026-05-27
Finny 20li Kağıt Peçete Turkuaz,1049.99,Mutfak,2026-05-27
"Fiorina Silikon Yumurta Fırçası 20,5 cm Yeşil",999.99,Mutfak,2026-05-27
Firbliss Kağıt 20li Kağıt Peçete 33x33 cm Renkli,999.99,Mutfak,2026-05-27
Fish 20li Kağıt Peçete Turuncu,188.99,Mutfak,2026-05-27
Fissler Adamant Yan Kulplu Wok Tava 32 cm,8099.99,Mutfak,2026-05-27
"Fissler Vitaquick Glossy Düdüklü Tencere 4,5L Siyah",22499.99,Mutfak,2026-05-27
"Fissler Vitaquick Premium Ek Cam Kapak + Buharda Pişirme Aparatlı Düdüklü Tencere Seti 6 + 3,5 L",21599.99,Mutfak,2026-05-27
Fissler Vitavit Premium Düdüklü Tencere Mat,16199.98,Mutfak,2026-05-27
"Fissler Vitavit Premium Düdüklü Tencere Seti 6 + 3,5 L Mat",25199.99,Mutfak,2026-05-27
Fleurwave 20li Kağıt Peçete 33x33 cm Bej,1049.99,Mutfak,2026-05-27
Floralia Kağıt 20li Kağıt Peçete 32x32 cm Yeşil,1049.99,Mutfak,2026-05-27
Florella Kağıt 20li Kağıt Peçete 33x33 cm Yeşil,188.99,Mutfak,2026-05-27
Florentis New Bone China Demlik Seti 400 – 290 ml Pembe - Yeşil,500.0,Mutfak,2026-05-27
Floresta 20li Kağıt Peçete 33x33 cm Renkli,1049.99,Mutfak,2026-05-27
Florid 20li Kağıt Peçete Renkli,1049.99,Mutfak,2026-05-27
"Florina Emaye Sos Tenceresi 1,1 L Krem",3999.99,Mutfak,2026-05-27
"Florina Emaye Sos Tenceresi 1,6L Beyaz",3499.99,Mutfak,2026-05-27
Florise 20li Kağıt Peçete 33x33 cm Renkli,1049.99,Mutfak,2026-05-27
Floryna 20li Kağıt Peçete 33x33 cm Pembe-Beyaz,1049.99,Mutfak,2026-05-27
Flower Garden 20li Kağıt Peçete Pembe - Mavi,1049.99,Mutfak,2026-05-27
Fluffy Cloud Pamuk 2li Kurulama Bezi 30x30 cm Mavi-Lila,1499.99,Mutfak,2026-05-27
Fresh 20li Kağıt Peçete Turuncu,1049.99,Mutfak,2026-05-27
Fresh Safe Cam Kavanoz Gri,1399.99,Mutfak,2026-05-27
Fresh Safe Cam Saklama Kabı Gri,1149.99,Mutfak,2026-05-27
Fresh Ware Cam Saklama Kabı Gri,1749.99,Mutfak,2026-05-27
Fruit Joy Cam Kesme Tahtası 38x28 cm Beyaz,1749.99,Mutfak,2026-05-27
Garden Petals Fırın Eldiveni ve Tutacak Seti Sarı,384.99,Mutfak,2026-05-27
"Garnet Emaye Sos Tenceresi 1,1 L Beyaz",3999.99,Mutfak,2026-05-27
"Garnet Emaye Sos Tenceresi 1,6L Kırmızı",3749.99,Mutfak,2026-05-27
Ginger Glow Cam Kavanoz 950 ml Beyaz - Kırmızı,639.99,Mutfak,2026-05-27
Ginger Glow Dolomite Demlik 490 ml Beyaz - Kırmızı,4499.99,Mutfak,2026-05-27
Gleam Cam Yağdanlık 290 ml Şeffaf,1699.95,Mutfak,2026-05-27
Glow Çelik 4 Parça Kızartma Tenceresi 14 cm Silver,7499.99,Mutfak,2026-05-27
Glow Çelik Cam Kapaklı Sahan Silver,3499.99,Mutfak,2026-05-27
Glow Çelik Sığ Tencere 26x6 cm Silver,5999.99,Mutfak,2026-05-27
Glow Çelik Tava 26x5 cm Silver,6499.99,Mutfak,2026-05-27
Glow Çelik Tencere Silver,4499.99,Mutfak,2026-05-27
Glowise Pamuk Kurulama Bezi 30x50 cm Gold,1149.95,Mutfak,2026-05-27
Good Mood 20li Kağıt Peçete Siyah - Beyaz,1049.99,Mutfak,2026-05-27
Good Mood Mia Çelik Saklama Termosu 500 ml Mor,519.99,Mutfak,2026-05-27
Good Times 20li Kağıt Peçete 33x33 cm Siyah - Beyaz,1049.99,Mutfak,2026-05-27
Gourmet Cam 2li Yağlık - Sirkelik 250 ml Krem,1699.95,Mutfak,2026-05-27
Gourmet Cam 2li Yağlık - Sirkelik 250 ml Siyah,1699.95,Mutfak,2026-05-27
Gozo Cam Kavanoz 680 ml Şeffaf,1499.99,Mutfak,2026-05-27
Grace 20li Kağıt Peçete 33x33 cm Beyaz – Gold,1049.99,Mutfak,2026-05-27
Grace 20li Kağıt Peçete 33x33 cm Siyah - Beyaz,1049.99,Mutfak,2026-05-27
Green Tea New Bone China Demlik Seti 300 ml Yeşil,519.99,Mutfak,2026-05-27
Greenery Pamuk Fırın Eldiveni ve Tutacak Seti Beyaz - Yeşil,2249.99,Mutfak,2026-05-27
Greenery Pamuk Mutfak Önlüğü 65x75 cm Beyaz - Yeşil,384.99,Mutfak,2026-05-27
Greeny Kağıt 20li Kağıt Peçete 33x33 cm Yeşil,1049.99,Mutfak,2026-05-27
Grify Kağıt 20li Kağıt Peçete 33x33 cm Siyah - Beyaz,146.99,Mutfak,2026-05-27
Grim Edge Paslanmaz Çelik Bıçak 12 cm Kırmızı,1499.99,Mutfak,2026-05-27
Grim Edge Paslanmaz Çelik Bıçak 12 cm Siyah,1499.99,Mutfak,2026-05-27
Gronda Soda Cam 3lü Baharatlık 400 ml Kahve,2499.99,Mutfak,2026-05-27
Growleaf 20li Kağıt Peçete 33x33 cm Yeşil,1049.99,Mutfak,2026-05-27
Harbour Paslanmaz Çelik Rende 21 cm Beyaz-Gri,244.99,Mutfak,2026-05-27
Harmony Mutfak Önlüğü 60x70 Cm Lacivert,1999.99,Mutfak,2026-05-27
Harper Paslanmaz Çelik Lunch Box 900 ml Turuncu,2749.99,Mutfak,2026-05-27
Harper Paslanmaz Çelik Lunch Box 900 ml Yeşil,539.99,Mutfak,2026-05-27
Healthy Yumurtalık Mutfak Gereci 26x11x7 cm Şeffaf,999.99,Mutfak,2026-05-27
Hecha Cam Kavanoz Kırmızı,359.99,Mutfak,2026-05-27
Hecha Cam Narenciye Sıkacaklı Ölçü Kabı Mutfak Gereci 500 ml Kırmızı,439.99,Mutfak,2026-05-27
Hecha Cam Saklama Kabı 640 ml Kırmızı,1999.99,Mutfak,2026-05-27
Hecha Demir Döküm Derin Tencere Mint,3199.99,Mutfak,2026-05-27
Hecha Demir Döküm Derin Tencere Pembe,3199.99,Mutfak,2026-05-27
Hecha Demir Döküm Izgara Tava 26 cm Mint,9999.99,Mutfak,2026-05-27
Hecha Demir Döküm Izgara Tava 26 cm Pembe,9999.99,Mutfak,2026-05-27
Hecha Demir Döküm Izgara Tava Biberiye Yeşili,9999.99,Mutfak,2026-05-27
Hecha Demir Döküm Izgara Tava Gri,9999.99,Mutfak,2026-05-27
Hecha Demir Döküm Izgara Tava Krem,9999.99,Mutfak,2026-05-27
Hecha Demir Döküm Izgara Tava Kırmızı,1599.99,Mutfak,2026-05-27
Hecha Demir Döküm Izgara Tava Kırmızı Degrade,2249.99,Mutfak,2026-05-27
Hecha Demir Döküm Izgara Tava Mat Bordo,1599.99,Mutfak,2026-05-27
Hecha Demir Döküm Izgara Tava Mat Yeşil,1999.99,Mutfak,2026-05-27
Hecha Demir Döküm Izgara Tava Turuncu,9999.99,Mutfak,2026-05-27
Hecha Demir Döküm Izgara Tava Yeşil Degrade,2249.99,Mutfak,2026-05-27
Hecha Demir Döküm Sahan 20 cm Biberiye Yeşili,6249.99,Mutfak,2026-05-27
Hecha Demir Döküm Sahan 20 cm Gri,5499.99,Mutfak,2026-05-27
Hecha Demir Döküm Sahan 20 cm Krem,5499.99,Mutfak,2026-05-27
Hecha Demir Döküm Sahan 20 cm Kırmızı,6499.99,Mutfak,2026-05-27
Hecha Demir Döküm Sahan 20 cm Turuncu,5999.99,Mutfak,2026-05-27
Hecha Demir Döküm Sığ Tencere 28 cm Turuncu Degrade,4049.99,Mutfak,2026-05-27
Hecha Demir Döküm Tava Kırmızı,9999.99,Mutfak,2026-05-27
Hecha Demir Döküm Tava Turuncu,1207.99,Mutfak,2026-05-27
Hecha Demir Döküm Tencere 24 cm Turuncu,2799.99,Mutfak,2026-05-27
Hecha Demir Döküm Tencere Kırmızı Degrade,3869.99,Mutfak,2026-05-27
Hecha Demir Döküm Tencere Yeşil Degrade,3869.99,Mutfak,2026-05-27
Hecha Master Paslanmaz Çelik 8 Parça Bıçak 34.5x34x33.5x24.5x21 cm Kırmızı,2249.99,Mutfak,2026-05-27
Hecha Master Paslanmaz Çelik 8 Parça Bıçak Seti 34.5x34x33.5x24.5x21 cm Siyah,18999.99,Mutfak,2026-05-27
Hecha Meşe Değirmen 20 cm Kırmızı,559.99,Mutfak,2026-05-27
Hecha Meşe Değirmen 20 cm Siyah,3999.99,Mutfak,2026-05-27
Hecha Meşe Değirmen 20 cm Turuncu,559.99,Mutfak,2026-05-27
Hecha Meşe Değirmen Kırmızı,359.99,Mutfak,2026-05-27
Hecha Meşe Değirmen Siyah,319.99,Mutfak,2026-05-27
Hecha Meşe Değirmen Turuncu,359.99,Mutfak,2026-05-27
Hecha Meşe Değirmen Yeşil,449.99,Mutfak,2026-05-27
Hecha Paslanmaz Çelik Rende 24.5 cm Kırmızı,2499.99,Mutfak,2026-05-27
Hecha Paslanmaz Çelik Rende 24.5 cm Siyah,2499.99,Mutfak,2026-05-27
Hecha Paslanmaz Çelik Rende 24.5 cm Yeşil,2499.99,Mutfak,2026-05-27
Hecha Seramik Fırın Kabı Biberiye Yeşili,809.99,Mutfak,2026-05-27
Hecha Seramik Fırın Kabı Krem,879.99,Mutfak,2026-05-27
Hecha Seramik Fırın Kabı Kırmızı,1199.99,Mutfak,2026-05-27
Hecha Seramik Karıştırma Kabı 23x12 cm Siyah,2249.99,Mutfak,2026-05-27
Hecha Seramik Kaşıklık Krem,1749.99,Mutfak,2026-05-27
Hecha Seramik Kaşıklık Kırmızı,1999.99,Mutfak,2026-05-27
Hecha Seramik Kaşıklık Siyah,1749.99,Mutfak,2026-05-27
Hecha Silikon 3 Parça Servis Seti 28x32.5x31 cm Krem,2249.99,Mutfak,2026-05-27
Hecha Silikon 3 Parça Servis Seti 28x32.5x31 cm Yeşil,2249.99,Mutfak,2026-05-27
"Hecha Silikon 4 Parça Servis Seti 28x32,5x31 cm x 14,5 cm Kırmızı",584.99,Mutfak,2026-05-27
Hecha Silikon 4 Parça Servis Seti 28x32.5x31 cm X 14.5 cm Siyah,2749.99,Mutfak,2026-05-27
Hecha Silikon 4 Parça Servis Seti 28x32.5x31 cm X 14.5 cm Turuncu,519.99,Mutfak,2026-05-27
"Hope Emaye Sos Tenceresı 1,1 L Beyaz",3499.99,Mutfak,2026-05-27
Hope Melamin Kaşıklık Mutfak Gereci 24 cm Renkli,1499.99,Mutfak,2026-05-27
Horeca Maksi Tava Siyah,3999.99,Mutfak,2026-05-27
Horeca Premium Sahan Siyah,2499.99,Mutfak,2026-05-27
Horizon Süzgeç Yeşil,1399.99,Mutfak,2026-05-27
Impera Çelik 2li Düdüklü Tencere Seti 4 + 6 L Siyah - Gri,19999.99,Mutfak,2026-05-27
Inox Paslanmaz Çelik Baharatlık 9 cm Silver,1149.99,Mutfak,2026-05-27
"Jade 3lü Kavanoz 700 ml – 1,4 L – 2 L Füme",1999.99,Mutfak,2026-05-27
"Jade 3lü Kavanoz 700 ml – 1,4 L – 2 L Şeffaf",1999.99,Mutfak,2026-05-27
Jardin Cam Kulplu Kavanoz Şeffaf,2499.99,Mutfak,2026-05-27
Jaxon Cam Kavanoz Şeffaf,1499.99,Mutfak,2026-05-27
"Jessica Çelik 2li Sebze Bıçak 20,5 cm Mavi-yeşil",1999.99,Mutfak,2026-05-27
Jimena Metal Mutfak Gereci Siyah,1999.99,Mutfak,2026-05-27
Jolie Iroko İkili Servis Gereci 29 cm Kahverengi,384.99,Mutfak,2026-05-27
Jolly Crab Pamuk Kurulama Bezi 30x50 cm Renkli,1299.99,Mutfak,2026-05-27
Jollytree Kağıt 20li Kağıt Peçete 33x33 cm Yeşil,999.99,Mutfak,2026-05-27
JoyPan Premium Krep Tava 26 cm Gri,3999.99,Mutfak,2026-05-27
JoyPan Premium Pankek Tavası 27 cm Gri,3999.99,Mutfak,2026-05-27
JoyPan Premium Waffle Tava 26 cm Siyah,2749.99,Mutfak,2026-05-27
Joyfully 20li Kağıt Peçete 33x33 cm Siyah - Beyaz,1049.99,Mutfak,2026-05-27
Just Smile 20li Kağıt Peçete 33x33 cm Yeşil-Turuncu,1049.99,Mutfak,2026-05-27
Karissa Cam Peçetelik 13x9 cm Şeffaf,799.95,Mutfak,2026-05-27
Keep Me 5 Parça Saklama Kabı Yeşil,1999.99,Mutfak,2026-05-27
Keep Me Plastik 5li Saklama Kabı 160-300-500-885-1500 ml Mavi,1399.99,Mutfak,2026-05-27
Keep Me Plastik 5li Saklama Kabı 160-300-500-885-1500 ml Turuncu,1399.99,Mutfak,2026-05-27
Keira Akrilik 2li Servis Gereci Antrasit,399.99,Mutfak,2026-05-27
Kinsley Paslanmaz Çelik Mutfak Makası Mutfak Gereci 20 cm Gri,1499.99,Mutfak,2026-05-27
Kinsley Paslanmaz Çelik Un Eleği Mutfak Gereci 11 cm Açık Pembe,239.99,Mutfak,2026-05-27
Kinsley Silikon 2li Çırpıcı 26x23 cm Pembe,1999.99,Mutfak,2026-05-27
Kinsley Silikon 4lü Servis Gereci 21 x 21 x 21.5 x 23 cm Açık Pembe,1999.99,Mutfak,2026-05-27
Kinsley Silikon Maşa 27 cm Açık Pembe,1399.99,Mutfak,2026-05-27
Kinsley Silikon Maşa 27 cm Gri,1399.99,Mutfak,2026-05-27
Kittenly 20li Kağıt Peçete 33x33 cm Renkli,1049.99,Mutfak,2026-05-27
Krim Çelik Mutfak Gereci Mavi,999.99,Mutfak,2026-05-27
Latona Kağıt 20li Kağıt Peçete 33x33 cm Siyah - Beyaz,167.99,Mutfak,2026-05-27
Lavispera Pamuklu Nakışlı Kurulama Bezi 30x50 cm Mor,1399.99,Mutfak,2026-05-27
Leggy Paslanmaz Çelik Rende 20 cm Siyah,2499.99,Mutfak,2026-05-27
Lemon 20li Kağıt Peçete Sarı,1049.99,Mutfak,2026-05-27
Lemon Emaye Baharatlık 1L Lila,2249.99,Mutfak,2026-05-27
Lemons Pamuk Kurulama Bezi Sarı,1299.99,Mutfak,2026-05-27
Lena Borosilikat Demlik Şeffaf,1549.95,Mutfak,2026-05-27
Leopura Kağıt 20li Kağıt Peçete 33x33 cm Kahverengi,1049.99,Mutfak,2026-05-27
"Lexus Paslanmaz Çelik 6 Parça Bıçak Seti 33x30,5x33x24,5x20,5 cm Siyah",1539.99,Mutfak,2026-05-27
Lia Seramik Fırın Kabı Mavi,2999.99,Mutfak,2026-05-27
Liana Silikon Spagetti Kaşığı Gri,849.95,Mutfak,2026-05-27
Lima Akasya Değirmen 9x6 cm Kahve,359.99,Mutfak,2026-05-27
Limefest Pamuk Kurulama Bezi 30x50 cm Sarı,999.99,Mutfak,2026-05-27
Linara 20li Kağıt Peçete 33x33 cm Yeşil,125.0,Mutfak,2026-05-27
"Linea Porselen Emaye Çaydanlık 0,85 + 2,2 L Hardal",8999.99,Mutfak,2026-05-27
Linear Hasır Ekmek Sepeti Gri,1999.99,Mutfak,2026-05-27
Linear Pamuk Kurulama Bezi 30x50 cm Beyaz - Gri,999.99,Mutfak,2026-05-27
Liore Kağıt 20li Kağıt Peçete 33x33 cm Bej,1049.99,Mutfak,2026-05-27
Liore Kağıt 20li Kağıt Peçete 33x33 cm Beyaz,1049.99,Mutfak,2026-05-27
"Lively Porselen Emaye Çaydanlık 0,85 + 2,2 L Mavi",8999.99,Mutfak,2026-05-27
Lovebloom 20li Kağıt Peçete 33x33 cm Pembe - Turuncu,1099.99,Mutfak,2026-05-27
Luca Çelik Cezve Silver,1749.99,Mutfak,2026-05-27
Lucie Borosilikat 2li Kavanoz 1000 ml Şeffaf,2499.99,Mutfak,2026-05-27
Lufia Paslanmaz Çelik Rende 23 cm Siyah,2249.99,Mutfak,2026-05-27
Lukas Akrilik Değirmen Şeffaf,1749.99,Mutfak,2026-05-27
Lumos Çelik Çaydanlık Silver,1979.99,Mutfak,2026-05-27
Lunaria Pamuk Kurulama Bezi 30x50 cm Gri,999.99,Mutfak,2026-05-27
Lusty Pamuk Kurulama Bezi 30x50 cm Lila,1049.99,Mutfak,2026-05-27
Lusty Pamuk Kurulama Bezi 30x50 cm Pudra,1049.99,Mutfak,2026-05-27
Lusty Pamuk Kurulama Bezi 30x50 cm Yeşil,999.99,Mutfak,2026-05-27
Luxe 20li Kağıt Peçete 33x33 cm Beyaz,1049.99,Mutfak,2026-05-27
Lydia Metal Ekmek Sepeti Bej,1999.99,Mutfak,2026-05-27
Maggy Ahşap Kesme Tahtası 30x20 cm Kırmızı,2249.99,Mutfak,2026-05-27
Maggy Ahşap Kesme Tahtası 30x20 cm Mavi,2249.99,Mutfak,2026-05-27
Magic Trees 20li Kağıt Peçete 33x33 cm Beyaz,999.99,Mutfak,2026-05-27
Maisy Paslanmaz Çelik Ezici Mutfak Gereci Krem,1499.99,Mutfak,2026-05-27
Maisy Paslanmaz Çelik Kaşık Servis Gereci Krem,1149.99,Mutfak,2026-05-27
Maisy Paslanmaz Çelik Kevgır 33 cm Krem,1149.99,Mutfak,2026-05-27
"Maisy Paslanmaz Çelik Mini Rende 24,5 cm Krem",1999.99,Mutfak,2026-05-27
Maisy Paslanmaz Çelik Soyacak 20 cm Krem,1149.95,Mutfak,2026-05-27
Maisy Paslanmaz Çelik Spatula Krem,1149.99,Mutfak,2026-05-27
Makeda Paslanmaz Çelik 4lü Saklama Kabı 280 ml Renkli,2499.99,Mutfak,2026-05-27
Makeda Paslanmaz Çelik Süzgeç 22 cm Açık Mavi,449.99,Mutfak,2026-05-27
Makeda Paslanmaz Çelik Süzgeç 22 cm Açık Pembe,2499.99,Mutfak,2026-05-27
Makeda Paslanmaz Çelik Süzgeç 22 cm Gri,2499.99,Mutfak,2026-05-27
Malic Pamuk Kurulama Bezi 30x50 cm Yeşil – Kırmızı,999.99,Mutfak,2026-05-27
Malory Cam 4 Parça Baharatlık 350 ml Şeffaf,1999.99,Mutfak,2026-05-27
Marcel CeraWell 5 Parça Tencere Seti 22 – 26 – 26 cm Siyah,13999.99,Mutfak,2026-05-27
Marco Cam 7 Parça Baharatlık 15x11 cm Siyah,4999.99,Mutfak,2026-05-27
Marguerite 20li Kağıt Peçete Pembe,1049.99,Mutfak,2026-05-27
"Marilda Cam 2 Parça Baharatlık 10x12,5 cm Natural",1999.99,Mutfak,2026-05-27
Marine Line 20li Kağıt Peçete Mavi,1049.99,Mutfak,2026-05-27
Mario Cam 6 Parça Baharatlık 13x13 cm Krem,3499.99,Mutfak,2026-05-27
Maris Borosilikat Saklama Kabı Beyaz,1499.99,Mutfak,2026-05-27
Marissa Borosilikat Kavanoz Şeffaf,1499.99,Mutfak,2026-05-27
Maritime Melody Fırın Eldiveni ve Tutacak Seti Beyaz - Yeşil,329.99,Mutfak,2026-05-27
Maritime Melody Mutfak Önlüğü 65x75 cm Beyaz - Yeşil,399.99,Mutfak,2026-05-27
Marlyn Borosilikat Saklama Kabı Kahve,479.99,Mutfak,2026-05-27
Master Lock Saklama Kabı Mavi,999.99,Mutfak,2026-05-27
Meadlyn 20li Kağıt Peçete 33x33 cm Siyah - Beyaz,1099.99,Mutfak,2026-05-27
Melie Cam Kavanoz Yeşil,1299.99,Mutfak,2026-05-27
Melon Kağıt Kağıt Peçete Kırmızı,1049.99,Mutfak,2026-05-27
Meri Cam Peçetelik Şeffaf,1299.99,Mutfak,2026-05-27
Merry Cam Kavanoz Mavi,1499.99,Mutfak,2026-05-27
Merry Christmas 20li Kağıt Peçete Kırmızı,1249.99,Mutfak,2026-05-27
Mezaluna Plastik 2 Katlı Lunch Box 710 ml+710 ml Turuncu,1399.99,Mutfak,2026-05-27
Mezaluna Plastik 2 Katlı Lunch Box 720 ml +720 ml Yeşil,1399.99,Mutfak,2026-05-27
Mezaluna Time 2 Katlı Lunch Box 1 L- 1 L Turuncu,1399.99,Mutfak,2026-05-27
Mezaluna Time 2 Katlı Lunch Box 1 L- 1 L Yeşil,1399.99,Mutfak,2026-05-27
Mia Silikon 2li Buz Kalıbı 22x12 cm Turuncu,359.99,Mutfak,2026-05-27
Mia Silikon 2li Buz Kalıbı 22x12 cm Yeşil,2199.99,Mutfak,2026-05-27
Mila Borosilikat Saklama Kabı Yeşil,1499.99,Mutfak,2026-05-27
Mirage Cam Kavanoz Yeşil,1399.99,Mutfak,2026-05-27
Miri Ahşap Değirmen Kahve,2499.99,Mutfak,2026-05-27
Miria Borosilikat Kavanoz Kahve,1299.99,Mutfak,2026-05-27
Mistora 20li Kağıt Peçete 33x33 cm Gri,146.99,Mutfak,2026-05-27
Mix Me 3 Parça Servis Seti Mavi,999.99,Mutfak,2026-05-27
Mixed Shapes Mutfak Gereci Yeşil,269.99,Mutfak,2026-05-27
Mocha Granit 4 Parça Kapaklı Sahan 18-20 cm Kahverengi,1039.99,Mutfak,2026-05-27
Mocha Mini Granit Tencere 22 cm Kahverengi,3999.99,Mutfak,2026-05-27
Moira Metal Kağıt Havluluk Mutfak Gereci 13x13 cm Krem,2999.99,Mutfak,2026-05-27
Moira Metal Kağıt Havluluk Mutfak Gereci 13x13 cm Siyah,2749.99,Mutfak,2026-05-27
Moira Metal Kaşıklık 11x11 cm Krem,479.99,Mutfak,2026-05-27
Moira Metal Kaşıklık 11x11 cm Siyah,2749.99,Mutfak,2026-05-27
Moneta Cam Süzgeçli Saklama Kabı Mavi,1749.99,Mutfak,2026-05-27
Monetta Cam 5 Parça Baharatlık Natural,479.99,Mutfak,2026-05-27
Mono Cam-Metal 2li Yağdanlik 500 ml Şeffaf,2249.99,Mutfak,2026-05-27
Morgan Plastik Saklama Kabı Beyaz,749.95,Mutfak,2026-05-27
Morgan Saklama Kabı Siyah,749.95,Mutfak,2026-05-27
Morino Silikon Bal Kaşığı Mutfak Gereci 16 cm Yeşil,749.95,Mutfak,2026-05-27
Mossica 20li Kağıt Peçete 33x33 cm Yeşil,1049.99,Mutfak,2026-05-27
Nador Paslanmaz Çelik Lunch Box Silver,479.99,Mutfak,2026-05-27
Nalini Cam Değirmen 13 cm Beyaz,1399.99,Mutfak,2026-05-27
Nalini Cam Değirmen 16 cm Gri,1249.99,Mutfak,2026-05-27
Natural Plaid Pamuk Kurulama Bezi 30x50 cm Antrasit,1049.99,Mutfak,2026-05-27
Natural Plaid Pamuk Kurulama Bezi 30x50 cm Mavi,1049.99,Mutfak,2026-05-27
"Navera Kağıt Ekmek Sepeti 23,5x18x8 cm Krem",1749.99,Mutfak,2026-05-27
Navessa Kağıt Ekmek Sepeti 24x18x8 cm Krem,269.99,Mutfak,2026-05-27
Neoflam Fika Alüminyum Döküm Cam Kapaklı Sahan 20 cm Bej,2105.99,Mutfak,2026-05-27
Neoflam Fika Alüminyum Döküm Tava 24 cm Bej,1889.99,Mutfak,2026-05-27
Neoflam Fika Alüminyum Döküm Tencere Bej,2249.99,Mutfak,2026-05-27
Neoflam Fika Glace Cam 5 Parça Vakumlu Saklama Kabı Seti Bej,3659.99,Mutfak,2026-05-27
Neoflam Midas Seramik 11 Parça Tencere Seti 16-20-24-28-28 cm Bej,9558.89,Mutfak,2026-05-27
Neoflam Midas Seramik 11 Parça Tencere Seti 16-20-24-28-28 cm Gri,9566.99,Mutfak,2026-05-27
Neoflam Perfect Seal Cam Derin Saklama Kabı 1600 ml Şeffaf,809.99,Mutfak,2026-05-27
Neoflam Perfect Seal Cam Saklama Kabı Şeffaf,469.99,Mutfak,2026-05-27
New Aden Çelik Çaydanlık Silver,1599.99,Mutfak,2026-05-27
New Rio Premium Makarna ve Popcorn Tencere 22 cm Kırmızı,4999.99,Mutfak,2026-05-27
Nice Mutfak Düzenleyici Şeffaf,999.95,Mutfak,2026-05-27
Norm Pamuk Kurulama Bezi 30x50 cm Beyaz - Gri,1499.99,Mutfak,2026-05-27
Nova Çelik Çaydanlık 1L- 2L Siyah,1799.99,Mutfak,2026-05-27
Novia 3lü Kavanoz 550 ml-1200 ml-1700 ml Açık Yeşil,1399.99,Mutfak,2026-05-27
Novia 3lü Kavanoz 550 ml-1200 ml-1700 ml Krem,1399.99,Mutfak,2026-05-27
Novia Cam Ölçü Kaplı Kavanoz Mavi-Beyaz,1199.99,Mutfak,2026-05-27
Nutmeg Kağıt 20li Kağıt Peçete 33x33 cm Kahverengi,1049.99,Mutfak,2026-05-27
Nuvia Kağıt 20li Kağıt Peçete 33x33 cm Siyah - Beyaz,1049.99,Mutfak,2026-05-27
"Odel Paslanmaz Çelik Rende 22,5 cm Gri",299.99,Mutfak,2026-05-27
Odes 2li Mutfak Düzenleyici 2 L – 5 L Şeffaf,2399.99,Mutfak,2026-05-27
Odile Çırpıcı 33 cm Mavi,1149.95,Mutfak,2026-05-27
"Ofelia Sarımsak Ezici Mutfak Gereci 14,5 cm Krem",999.99,Mutfak,2026-05-27
"Ofelia Sarımsak Ezici Mutfak Gereci 14,5 cm Yeşil",999.99,Mutfak,2026-05-27
Oh La La Cam Kesme Tahtası Mavi-Beyaz,1749.99,Mutfak,2026-05-27
Olith 20li Kağıt Peçete 33x33 cm Yeşil,1049.99,Mutfak,2026-05-27
Oliver New Bone China 3lü Saklama Kabı 300 ml-600 ml-800 ml Lila-Lacivert-Krem,2999.99,Mutfak,2026-05-27
Opalin 2li Misafir Peçetesi 40x40 cm Beyaz - Kırmızı,2249.99,Mutfak,2026-05-27
Orange Cam Kavanoz 970 ml Şeffaf,1399.99,Mutfak,2026-05-27
"Orange Emaye Baharatlık 0,5L Kırmızı",539.99,Mutfak,2026-05-27
Orange Melamin Kaşıklık 24 cm Beyaz - Turuncu,1499.99,Mutfak,2026-05-27
Orangebloom Kağıt 20li Kağıt Peçete 33x33 cm Sarı,1049.99,Mutfak,2026-05-27
Orangebloom Melamin Kaşıklık Mutfak Gereci 24 cm Turuncu-Mavi,1499.99,Mutfak,2026-05-27
Ornella Borosilikat Yağdanlık Şeffaf,271.98,Mutfak,2026-05-27
Oscar Borosilikat 3lü Baharatlık 205 ml Şeffaf,2249.99,Mutfak,2026-05-27
Owia Paslanmaz Çelik Çırpıcı 26 cm Gri,1499.99,Mutfak,2026-05-27
Pablo Borosilikat 2li Baharatlık 305 ml Şeffaf,439.99,Mutfak,2026-05-27
Paisley 2li Kavanoz 750 ml-1300 ml Yeşil,1299.99,Mutfak,2026-05-27
Palermo CeraWell Tava Gri,639.99,Mutfak,2026-05-27
Palermo Premium Tava Siyah,559.99,Mutfak,2026-05-27
Palm Tree Cam Kesme Tahtası 38x28 cm Beyaz,1749.99,Mutfak,2026-05-27
"Paolo Silikon 5 Parça Hazırlık Seti 31,5-32-33-34-34 cm Turuncu",3249.99,Mutfak,2026-05-27
Papaya 20li Kağıt Peçete Yeşil,1049.99,Mutfak,2026-05-27
Parrot 20li Kağıt Peçete Siyah,1249.99,Mutfak,2026-05-27
Pastora Rattan Ekmek Sepeti 34x20x12 cm Bej,1749.99,Mutfak,2026-05-27
Pastoral Rattan Ekmek Sepeti Bej,1749.99,Mutfak,2026-05-27
"Patisserie Amelie Premium Döküm Yuvarlak Kek Kalıbı 24,5 cm Şampanya",449.99,Mutfak,2026-05-27
Patisserie Aura Premium Döküm Kek Kalıbı 24 cm Şampanya,1999.99,Mutfak,2026-05-27
Patisserie Bella Döküm Kek Kalıbı 35 cm Gold,2499.99,Mutfak,2026-05-27
Patisserie Clamp Karbon Çelik Kek Kalıbı Şampanya,479.99,Mutfak,2026-05-27
"Patisserie Clara Premium Döküm Yuvarlak Kek Kalıbı 24,5 cm Şampanya",2199.99,Mutfak,2026-05-27
Patisserie Dream Döküm Kek Kalıbı 26 cm Gold,2249.99,Mutfak,2026-05-27
"Patisserie Elaris Karbon Çelik Yuvarlak Kek Kalıbı 27x4,5 cm Şampanya",2749.99,Mutfak,2026-05-27
Patisserie Frezya Döküm Kek Kalıbı 26 cm Gold-Silver,2649.99,Mutfak,2026-05-27
"Patisserie Harmonia Karbon Çelik Tart Kek Kalıbı 32x2,5 cm Şampanya",2249.99,Mutfak,2026-05-27
Patisserie Hazel Premium Döküm Yuvarlak Kek Kalıbı 25 cm Şampanya,2499.99,Mutfak,2026-05-27
Patisserie Helix Premium Döküm Baton Kek Kalıbı 26 cm Siyah,399.99,Mutfak,2026-05-27
Patisserie Kek Kalıbı Gri,2499.99,Mutfak,2026-05-27
Patisserie Lena Döküm Kek Kalıbı 25 cm Gold,2799.99,Mutfak,2026-05-27
Patisserie Margot Premium Döküm Baton Kek Kalıbı 28 cm Şampanya,449.99,Mutfak,2026-05-27
"Patisserie Mimi Karbon Çelik Muffin Kek Kalıbı 29,5x21 cm Şampanya",399.99,Mutfak,2026-05-27
Patisserie Nera Döküm Kek Kalıbı 25 cm Gold,2499.99,Mutfak,2026-05-27
Patisserie Nera Döküm Kek Kalıbı 25 cm Gold-Silver,399.99,Mutfak,2026-05-27
Patisserie Prince Karbon Çelik Fırın Kabı Şampanya,2749.99,Mutfak,2026-05-27
Patisserie Quinn Döküm Kek Kalıbı 25 cm Gold,2499.99,Mutfak,2026-05-27
Patisserie Quinn Döküm Kek Kalıbı 25 cm Gold-Silver,2499.99,Mutfak,2026-05-27
Patisserie Roasty Karbon Çelik Izgaralı Fırın Kabı 37x29 cm Koyu Gri,4499.99,Mutfak,2026-05-27
Patisserie Sigrid Karbon Çelik Baton Kek Kalıbı 28x17 cm Şampanya,2249.99,Mutfak,2026-05-27
"Patisserie Slices Karbon Çelik Kek Kalıbı 25,5 cm Şampanya",2999.99,Mutfak,2026-05-27
Patisserie Thin Döküm Kek Kalıbı 26 cm Gold-Silver,399.99,Mutfak,2026-05-27
Patisserie Tray Karbon Çelik Kek Kalıbı 37x27 cm Şampanya,439.99,Mutfak,2026-05-27
Patsy Akrilik Değirmen 16 cm Şeffaf,1749.99,Mutfak,2026-05-27
Patsy Metal Rende 22 cm Siyah,2249.99,Mutfak,2026-05-27
Pawzy 20li Kağıt Peçete 33x33 cm Renkli,1049.99,Mutfak,2026-05-27
Peony Akasya 3lü Servis Seti Krem,419.99,Mutfak,2026-05-27
"Peony Çelik Süzgeç 30,5x16 cm Krem",559.99,Mutfak,2026-05-27
"Peony Çelik Süzgeç 30,5x16 cm Yeşil",559.99,Mutfak,2026-05-27
"Perrine Spatula 17,5 cm Mavi",999.99,Mutfak,2026-05-27
Perro Emaye Mini Çaydanlık Krem,5999.99,Mutfak,2026-05-27
Petal Dreams Fırın Eldiveni ve Tutacak Seti Beyaz - Pembe,449.99,Mutfak,2026-05-27
Petal Dreams Mutfak Önlüğü 75x80 cm Beyaz - Pembe,449.99,Mutfak,2026-05-27
Petalpop 20li Kağıt Peçete 33x33 cm Renkli,1049.99,Mutfak,2026-05-27
Piatto Cest Cam 2li Baharatlık 220 ml - 220 ml Pembe - Lila,279.99,Mutfak,2026-05-27
Pinkbloom Kağıt 20li Kağıt Peçete 33x33 cm Pembe,146.99,Mutfak,2026-05-27
Pinklet 20li Kağıt Peçete 33x33 cm Pembe-Beyaz,1049.99,Mutfak,2026-05-27
Plain Elegance 20li Kağıt Peçete 33x33 cm Gold,1049.99,Mutfak,2026-05-27
Plain Elegance 20li Kağıt Peçete 33x33 cm Mavi,1049.99,Mutfak,2026-05-27
Plain Elegance 20li Kağıt Peçete 33x33 cm Silver,1049.99,Mutfak,2026-05-27
Plain Elegance 20li Kağıt Peçete 33x33 cm Turuncu,1049.99,Mutfak,2026-05-27
Plain Elegance 20li Kağıt Peçete 33x33 cm Yeşil,1049.99,Mutfak,2026-05-27
Pointra 20li Kağıt Peçete 33x33 cm Beyaz-Kahverengi,1049.99,Mutfak,2026-05-27
Polarbox 12L Mauve - Gold,4699.99,Mutfak,2026-05-27
Polarbox 12L Verda Forest - Gold,4699.99,Mutfak,2026-05-27
Polarbox 20 L Bubblegum Pink - Cyan Pop,4999.99,Mutfak,2026-05-27
Polarbox 20 L Marine - Mustard Classic,4999.99,Mutfak,2026-05-27
Polarbox 20 L Olive Green - Gold,4999.99,Mutfak,2026-05-27
Polarbox 6L Bruma - Denim Classic,4399.99,Mutfak,2026-05-27
Polarbox 6L Crema - Gold,4399.99,Mutfak,2026-05-27
Polarbox 6L Verda Agua - Rose Baby Pop,4399.99,Mutfak,2026-05-27
Polarbox Deri Kayışlı Soğuk ve Sıcak Saklama Termosu 6L Pudra – Gold,4399.99,Mutfak,2026-05-27
Polarbox Deri Kayışlı Soğuk ve Sıcak Saklama Termosu 6L Sarı – Bebe Mavisi,4399.99,Mutfak,2026-05-27
Polarbox Gold Edition Deri Kayışlı Soğuk ve Sıcak Saklama Termosu 20 L Pudra – Gold,4999.99,Mutfak,2026-05-27
Polito Paslanmaz Çelik Rende 21 cm Siyah,314.99,Mutfak,2026-05-27
Porto Premium Tava Seti Siyah,5499.99,Mutfak,2026-05-27
"Posuda 3lü Buz Kalıbı Mutfak Gereci 7x12,5x3,5 cm Açık Mavi",1149.99,Mutfak,2026-05-27
"Posuda 3lü Buz Kalıbı Mutfak Gereci 7x12,5x3,5 cm Lila",1149.99,Mutfak,2026-05-27
"Posuda 3lü Mini Buz Kalıbı 7x12,5x3,5 cm Krem",1299.95,Mutfak,2026-05-27
Posuda 3lü Mini Buz Kalıbı Mavi,1149.99,Mutfak,2026-05-27
Posuda 3lü Mini Buz Kalıbı Pembe,1149.99,Mutfak,2026-05-27
Prea Cam Kavanoz Krem,174.99,Mutfak,2026-05-27
Prea Cam Kavanoz Siyah,209.99,Mutfak,2026-05-27
Prego CeraWell Derin Tencere Siyah,7249.99,Mutfak,2026-05-27
Prego CeraWell Kapaklı Sahan 20 cm Krem - Kahve,5499.99,Mutfak,2026-05-27
Prego CeraWell Kapaklı Sahan 20 cm Siyah,4499.99,Mutfak,2026-05-27
Prego CeraWell Seramik Tencere Gri,799.99,Mutfak,2026-05-27
Prego CeraWell Tava Krem - Kahve,3999.99,Mutfak,2026-05-27
Prego CeraWell Tava Siyah,4999.99,Mutfak,2026-05-27
Prego CeraWell Tencere Krem - Kahve,1039.99,Mutfak,2026-05-27
Prego Çelik Çaydanlık Siyah,1439.99,Mutfak,2026-05-27
Pressico Borosilikat French Press 350 ml Siyah,449.99,Mutfak,2026-05-27
Pretty Premium 2li Sahan 18-22 cm Siyah,5999.99,Mutfak,2026-05-27
Pretty Premium Mini Tava 14 cm Gri,2499.99,Mutfak,2026-05-27
Pretty Premium Mini Tava 14 cm Mocha,2499.99,Mutfak,2026-05-27
Pretty Premium Sos Tenceresi 14 Cm Gri,479.99,Mutfak,2026-05-27
Pretty Premium Sos Tenceresi 14 cm Mocha,399.99,Mutfak,2026-05-27
Pretty Premium Tava Seti 18-20 cm Siyah,3999.99,Mutfak,2026-05-27
Prime Blush Premium Tava Seti 20-26 cm Bej,7999.99,Mutfak,2026-05-27
Prime Blush Premium Tava Seti 20-26 cm Bordo,9999.99,Mutfak,2026-05-27
Prime Blush Premium Tava Seti 20-26 cm Pembe,6249.99,Mutfak,2026-05-27
Prime Expert Animals Premium Pankek Tava 28 cm Siyah,719.99,Mutfak,2026-05-27
Prime Expert Premium Döküm Kapaklı Sahan Siyah - Gri,1199.99,Mutfak,2026-05-27
Prime Expert Premium Sahan Siyah,399.99,Mutfak,2026-05-27
Prime Maestro Premium Döküm Sahan Siyah,479.99,Mutfak,2026-05-27
Pro Cook Series Tava Siyah,5499.99,Mutfak,2026-05-27
Pro Cook Series Tencere Siyah,5999.99,Mutfak,2026-05-27
Pro Grade Premium İndüksiyon Tabanlı Krep Tava 30 cm Siyah,4999.99,Mutfak,2026-05-27
Pro Grade Premium İndüksiyon Tabanlı Tava Siyah,2999.99,Mutfak,2026-05-27
Pudlily 20li Kağıt Peçete 33x33 cm Renkli,1049.99,Mutfak,2026-05-27
Pure Plaid Pamuklu 3lü Kurulama Bezi 30x30 cm Bej,1399.99,Mutfak,2026-05-27
Pure Stoneware Oval Fırın Tenceresi Krem,559.99,Mutfak,2026-05-27
Rachelle Kepçe 32 cm Mavi - Gri,1149.99,Mutfak,2026-05-27
Rachelle Kevgır 34 cm Mavi - Gri,999.99,Mutfak,2026-05-27
"Rachelle Sarımsak Ezici Mutfak Gereci 15,5 cm Mavi - Gri",1649.99,Mutfak,2026-05-27
Rachelle Servis Kaşığı Servis Gereci 32 cm Mavi - Gri,1149.99,Mutfak,2026-05-27
"Rachelle Soyacak 14,5 cm Mavi - Gri",1049.99,Mutfak,2026-05-27
Rachelle Spatula 34 cm Mavi - Gri,1149.99,Mutfak,2026-05-27
Rainbow Grid Kağıt 20li Kağıt Peçete 33x33 cm Renkli,1049.99,Mutfak,2026-05-27
Rainbow Kurulama Bezi 30x50 cm Renkli,1299.99,Mutfak,2026-05-27
Raya Paslanmaz Çelik Mutfak Gereci Silver,1149.99,Mutfak,2026-05-27
Regent Metal Peçetelik 18x18 cm Gold,1499.99,Mutfak,2026-05-27
Renita Paslanmaz Çelik Rende 23 cm Siyah,359.99,Mutfak,2026-05-27
Retro Art 20li Kağıt Peçete Sarı,1049.99,Mutfak,2026-05-27
Retro Art Cam Kavanoz 500 ml Renkli,1149.99,Mutfak,2026-05-27
Retro Blossom 20li Kağıt Peçete Turuncu,1099.99,Mutfak,2026-05-27
Retro Botanique 20li Kağıt Peçete Yeşil,1099.99,Mutfak,2026-05-27
Retro Bouquet 20li Kağıt Peçete Beyaz,1099.99,Mutfak,2026-05-27
Retro Floral 20li Kağıt Peçete  Yeşil,1049.99,Mutfak,2026-05-27
Retro Flower 20li Kağıt Peçete Yeşil,1049.99,Mutfak,2026-05-27
Retro Flowery 20li Kağıt Peçete Krem,1049.99,Mutfak,2026-05-27
Retro Gingham 20li Kağıt Peçete Krem,1049.99,Mutfak,2026-05-27
Retro Grids Pamuk Kurulama Bezi Krem - Pembe,1499.99,Mutfak,2026-05-27
Retro Line 20li Kağıt Peçete Terracotta,1049.99,Mutfak,2026-05-27
Retro Plaid 20li Kağıt Peçete Yeşil,1049.99,Mutfak,2026-05-27
Retro Realm Cam Baharatlık 350 ml Renkli,1149.99,Mutfak,2026-05-27
Retro Revival Pamuk Kurulama Bezi Krem - Mavi,1299.99,Mutfak,2026-05-27
Retro Shapes 20li Kağıt Peçete Pembe,1049.99,Mutfak,2026-05-27
Retro Style 20li Kağıt Peçete Pembe,1049.99,Mutfak,2026-05-27
Retro Style Cam Kavanoz 500 ml Mavi,1399.99,Mutfak,2026-05-27
Retro Trellis 20li Kağıt Peçete Yeşil,1049.99,Mutfak,2026-05-27
Retro Vernal Pamuk Kurulama Bezi Pudra,1749.99,Mutfak,2026-05-27
Ribbon 20li Kağıt Peçete Gri,1049.99,Mutfak,2026-05-27
Riga Akrilik Değirmen 17 cm Şeffaf,359.99,Mutfak,2026-05-27
Rita Paslanmaz Çelik Soyacak 13 cm Siyah,1999.99,Mutfak,2026-05-27
Rivoli Borosilikat Kavanoz Şeffaf,999.95,Mutfak,2026-05-27
Roche Borosilikat Kavanoz Kahve,1499.99,Mutfak,2026-05-27
Romantic Toile 20li Kağıt Peçete Bej,1049.99,Mutfak,2026-05-27
"Ronna Silikon Spatula 21,5 cm Bordo",699.95,Mutfak,2026-05-27
Rosalia Süzgeç 23x21 cm Krem,849.95,Mutfak,2026-05-27
Rosalia Süzgeç 23x21 cm Yeşil,849.95,Mutfak,2026-05-27
Rosalyn 20li Kağıt Peçete 33x33 cm Pudra,1049.99,Mutfak,2026-05-27
Rosemary Cam Kesme Tahtası 25x35 cm Yeşil-Beyaz,2499.99,Mutfak,2026-05-27
Roseray Kağıt 20li Kağıt Peçete 33x33 cm Siyah - Beyaz,1049.99,Mutfak,2026-05-27
Rowena Akrilik Değirmen 14 cm Şeffaf,1499.99,Mutfak,2026-05-27
Rowena Metal Mutfak Makası Mutfak Gereci 21 cm Siyah,1399.99,Mutfak,2026-05-27
Rowena Metal Sarımsak Ezici 16 cm Siyah,439.99,Mutfak,2026-05-27
Rowena Metal Un Eleği Mutfak Gereci 10 cm Gri,1749.99,Mutfak,2026-05-27
Rowena Metal Çırpıcı Gri,1299.99,Mutfak,2026-05-27
Roxy Ahşap Değirmen 17 cm Natural,3249.99,Mutfak,2026-05-27
Rutilus Kağıt 20li Kağıt Peçete 33x33 cm Kırmızı,999.99,Mutfak,2026-05-27
Sage Pamuk Kurulama Bezi 30x50 cm Beyaz - Yeşil,1499.99,Mutfak,2026-05-27
Sakura 20li Kağıt Peçete Krem,1049.99,Mutfak,2026-05-27
Sakura 20li Kağıt Peçete Lila,1049.99,Mutfak,2026-05-27
Sakura 20li Kağıt Peçete Pembe,1049.99,Mutfak,2026-05-27
Sakura Dream 20li Kağıt Peçete Yeşil,1049.99,Mutfak,2026-05-27
Sakura World 20li Kağıt Peçete Pembe,1049.99,Mutfak,2026-05-27
Saly Cam 2li Yağlık - Sirkelik 245 ml Antrasit,1699.95,Mutfak,2026-05-27
Samantha Silikon Hamur Matı Mutfak Gereci 50x40 cm Yeşil,1499.99,Mutfak,2026-05-27
SauceMate Paslanmaz Çelik Sos Tava Silver,359.99,Mutfak,2026-05-27
Savor Premium Yuvarlak Izgara Tava 34 cm Siyah,4999.99,Mutfak,2026-05-27
Savory Pamuk 2li Kurulama Bezi 30x50 cm Lacivert,999.99,Mutfak,2026-05-27
Savory Pamuk 2li Kurulama Bezi 30x50 cm Mavi,999.99,Mutfak,2026-05-27
Scavri Paslanmaz Çelik Kevgır 14 cm Gri,1749.99,Mutfak,2026-05-27
Scavri Paslanmaz Çelik Kevgır 16 cm Gri,1999.99,Mutfak,2026-05-27
Seafree 20li Kağıt Peçete 33x33 cm Lacivert-Beyaz,1049.99,Mutfak,2026-05-27
Seashell 20li Kağıt Peçete Mavi,188.99,Mutfak,2026-05-27
Senash Cam Peçetelik Şeffaf,1299.99,Mutfak,2026-05-27
"Serena Silikon Airfryer Kek Kalıbı 5,5 L Bordo",135.98,Mutfak,2026-05-27
Shelby Bambu Kesme Tahtası Bıçak Seti Mavi,1439.99,Mutfak,2026-05-27
Shelby Borosilikat Bal Kavanoz 400 ml Gri,1749.99,Mutfak,2026-05-27
Shellwave Pamuk Kurulama Bezi 30x50 cm Beyaz - Mavi,999.99,Mutfak,2026-05-27
Siena Çelik 2li Kapaksız Sahan Seti 16-18 cm Silver,5499.99,Mutfak,2026-05-27
Siena Çelik Mini Tencere Silver,3499.99,Mutfak,2026-05-27
Silent Slash Paslanmaz Çelik 6lı Bıçak 9 cm Kırmızı,1749.99,Mutfak,2026-05-27
Silent Slash Paslanmaz Çelik 6lı Bıçak 9 cm Siyah,1749.99,Mutfak,2026-05-27
Simone Borosilikat Kavanoz Açık Pembe,349.99,Mutfak,2026-05-27
Simone Borosilikat Kavanoz Yeşil,359.99,Mutfak,2026-05-27
Simone Borosilikat Saklama Kabı Açık Pembe,314.99,Mutfak,2026-05-27
Simone Borosilikat Saklama Kabı Yeşil,2499.99,Mutfak,2026-05-27
Simple Cam 2li Yağlık - Sirkelik 180 ml Şeffaf,1699.95,Mutfak,2026-05-27
Sinna Borosilikat Kavanoz Şeffaf,1499.99,Mutfak,2026-05-27
Sinople Pamuk Kurulama Bezi 30x50 cm Beyaz - Yeşil,1499.99,Mutfak,2026-05-27
Skyglide Kağıt 20li Kağıt Peçete 33x33 cm Mavi,1049.99,Mutfak,2026-05-27
Skylith 20li Kağıt Peçete 33x33 cm Siyah - Beyaz,1049.99,Mutfak,2026-05-27
Smart Cut Paslanmaz Çelik 7 Parça Bıçak 34.5x34x34x31x24x21 cm Kırmızı,10499.99,Mutfak,2026-05-27
Smooth Fringes Pamuk 6lı Misafir Peçetesi Bordo,419.99,Mutfak,2026-05-27
Smooth Fringes Pamuk 6lı Misafir Peçetesi Krem,439.99,Mutfak,2026-05-27
Smooth Fringes Pamuk 6lı Misafir Peçetesi Yeşil,439.99,Mutfak,2026-05-27
Snow Smile Dolomite Demlik 640 ml Beyaz - Kırmızı,5999.99,Mutfak,2026-05-27
Soft Bloom Stoneware Fırın Kabı Krem,239.99,Mutfak,2026-05-27
Soft Bloom Stoneware Karıştırma Kabı 23 cm Krem,899.99,Mutfak,2026-05-27
Soft Bloom Stoneware Kavanoz Krem,2999.99,Mutfak,2026-05-27
Soft Bloom Stoneware Limon Sıkacağı 18 cm Krem,2499.99,Mutfak,2026-05-27
Solea Kağıt 20li Kağıt Peçete 33x33 cm Lacivert,1049.99,Mutfak,2026-05-27
Spotty 20li Kağıt Peçete Siyah - Beyaz,1049.99,Mutfak,2026-05-27
Spring 20li Kağıt Peçete 33x33 cm Mavi,1049.99,Mutfak,2026-05-27
Spring Daisies Kağıt 20li Kağıt Peçete 33x33 cm Mavi,1049.99,Mutfak,2026-05-27
Squarify Dark Kağıt 20li Kağıt Peçete 33x33 cm Mavi,1049.99,Mutfak,2026-05-27
Squarify Green Kağıt 20li Kağıt Peçete 33x33 cm Yeşil,1049.99,Mutfak,2026-05-27
Squarify Orange Kağıt 20li Kağıt Peçete 33x33 cm Sarı,1049.99,Mutfak,2026-05-27
Steel Edge Paslanmaz Çelik Kesme Tahtası 26x34 cm Gri,3499.99,Mutfak,2026-05-27
Steel Master Paslanmaz Çelik Mutfak Gereci Gri,269.99,Mutfak,2026-05-27
Stella Borosilikat French Press 360 ml Açık Pembe,239.99,Mutfak,2026-05-27
Stella Borosilikat French Press 360 ml Yeşil,1749.99,Mutfak,2026-05-27
Stella Borosilikat French Press 600 ml Gri,1999.99,Mutfak,2026-05-27
Stella Borosilikat French Press 600 ml Siyah,1999.99,Mutfak,2026-05-27
Straw Line Kağıt 20li Kağıt Peçete 33x33 cm Kahverengi,157.49,Mutfak,2026-05-27
Straw Rope Natural İp 2li Peçete Halkası Antrasit,749.95,Mutfak,2026-05-27
Strawberries Pamuk Kurulama Bezi Kırmızı,1299.99,Mutfak,2026-05-27
Streaky 20li Kağıt Peçete 33x33 cm Siyah - Beyaz,1099.99,Mutfak,2026-05-27
Stria Pamuk Kurulama Bezi 30x50 cm Bordo,1049.99,Mutfak,2026-05-27
Stria Pamuk Kurulama Bezi 30x50 cm Mavi,1049.99,Mutfak,2026-05-27
Striva Pamuk Kurulama Bezi 30x50 cm Bej,1099.99,Mutfak,2026-05-27
Summer Checkers 20li Kağıt Peçete 33x33 cm Mor-Sarı,1099.99,Mutfak,2026-05-27
Summer Checkers 20li Kağıt Peçete 33x33 cm Pembe - Yeşil,1099.99,Mutfak,2026-05-27
Summer Line 20li Kağıt Peçete 33x33 cm Turuncu-Mavi,1099.99,Mutfak,2026-05-27
Summer Line Cam Kavanoz 630 ml Şeffaf,1299.99,Mutfak,2026-05-27
Summer Orange 20li Kağıt Peçete 33x33 cm Turuncu,1099.99,Mutfak,2026-05-27
Summer Orange Fırın Eldiveni ve Tutacak Seti Kırmızı-Pembe,2499.99,Mutfak,2026-05-27
Summer Pomegranate 20li Kağıt Peçete 33x33 cm Kırmızı,1049.99,Mutfak,2026-05-27
Sunleaf Kağıt 20li Kağıt Peçete 33x33 cm Renkli,1049.99,Mutfak,2026-05-27
Sutil Kağıt 20li Kağıt Peçete 33x33 cm Beyaz,1049.99,Mutfak,2026-05-27
TKM 6002 Cezve Lacivert,899.99,Mutfak,2026-05-27
TKM 6002 Cezve Siyah-Krom,900.99,Mutfak,2026-05-27
Talisman Butterfly 20li Kağıt Peçete 33x33 cm Siyah,1049.99,Mutfak,2026-05-27
Talisman Eyes 20li Kağıt Peçete 33x33 cm Gold,1049.99,Mutfak,2026-05-27
Talisman Galaxy 20li Kağıt Peçete 33x33 cm Krem,999.99,Mutfak,2026-05-27
Talisman Magical 20li Kağıt Peçete  Beyaz,999.99,Mutfak,2026-05-27
Talisman Nature 20li Kağıt Peçete 33x33 cm Yeşil,1049.99,Mutfak,2026-05-27
Talisman Snakes 20li Kağıt Peçete 33x33 cm Bej,999.99,Mutfak,2026-05-27
Tassel 2li Misafir Peçetesi Krem,1399.99,Mutfak,2026-05-27
Tea Time New Bone China Demlik Seti 600 ml Beyaz,4999.99,Mutfak,2026-05-27
"Tessa Ahşap Değirmen 16,5 cm Beyaz",2499.99,Mutfak,2026-05-27
"Tessa Ahşap Değirmen 16,5 cm Yeşil",2499.99,Mutfak,2026-05-27
Thaliana 20li Kağıt Peçete 33x33 cm Siyah - Beyaz,1049.99,Mutfak,2026-05-27
"Tia Çelik Çaydanlık 0,75 L-1,75 L Siyah",9999.99,Mutfak,2026-05-27
Tiffany Plastik 6lı Servis Gereci 33 cm Renkli,559.99,Mutfak,2026-05-27
Tinna Borosilikat Yağdanlık Şeffaf,2499.99,Mutfak,2026-05-27
Tiny Cast Premium Döküm 5 Parça Mini Tencere Seti 16x16x16 cm Gold,7999.99,Mutfak,2026-05-27
Tiny Cast Premium Döküm 5 Parça Mini Tencere Seti 16x16x16 cm Lila,7999.99,Mutfak,2026-05-27
Tiny Cast Premium Döküm 5 Parça Mini Tencere Seti 16x16x16 cm Pembe,7999.99,Mutfak,2026-05-27
Titan Cut Paslanmaz Çelik Kesme Tahtası 24x34 cm Gri,3499.99,Mutfak,2026-05-27
Titan Steel Paslanmaz Çelik Bıçak 12 cm Kırmızı,1499.99,Mutfak,2026-05-27
Titan Steel Paslanmaz Çelik Bıçak 12 cm Siyah,1499.99,Mutfak,2026-05-27
Tiya Seramik Değirmen 15 cm Beyaz,1499.99,Mutfak,2026-05-27
Toile Plants 2li Misafir Peçetesi Koyu Lacivert,999.95,Mutfak,2026-05-27
Trees Red 20li Kağıt Peçete Kırmızı,1149.95,Mutfak,2026-05-27
Trikote Hasır 2li Peçete Halkası Krem,749.95,Mutfak,2026-05-27
Tual 20li Kağıt Peçete Lacivert,1049.99,Mutfak,2026-05-27
"Tubby Cam Limon Sıkacağı 17,5x15,5x7,2 cm Şeffaf",1999.99,Mutfak,2026-05-27
Tyler Cam 3lü Baharatlık 950 ml Şeffaf,639.99,Mutfak,2026-05-27
Vacuum Pro Lock 7 Parça Vakum Cihazlı Cam Saklama Kabı Siyah,8999.99,Mutfak,2026-05-27
Valessa Fırın Eldiveni ve Tutacak Seti Krem-Gri,439.99,Mutfak,2026-05-27
Vallira Cam Yağdanlik 500 ml Şeffaf,1399.99,Mutfak,2026-05-27
Veira Cam Yağdanlik 500 ml Şeffaf,1399.99,Mutfak,2026-05-27
Velma Metal Rende 23 cm Siyah,2499.99,Mutfak,2026-05-27
Venice CeraWell Tencere-Tava Seti Pembe,5749.99,Mutfak,2026-05-27
Victorinox 1.3603.B1 Paslanmaz Çelik Spartan Çakı,1979.99,Mutfak,2026-05-27
Victorinox 3 Parça Bıçak Seti Kırmızı,1369.99,Mutfak,2026-05-27
Victorinox 3 Parça Bıçak Seti Siyah,1369.99,Mutfak,2026-05-27
Victorinox 6.0950.1 RHO Düz Kenar Tek Taraf Soyacak Kırmızı,389.99,Mutfak,2026-05-27
Victorinox 6.0950.3 RHO Düz Kenar Tek Taraf Soyacak Siyah,389.99,Mutfak,2026-05-27
Victorinox 6.0950.4 RHO Düz Kenar Tek Taraf Soyacak Yeşil,389.99,Mutfak,2026-05-27
Victorinox 6.7111.34C1 Paslanmaz Çelik 3’lü Set Bıçak Seti Kırmızı,1369.99,Mutfak,2026-05-27
Victorinox 6.7113.34 Swiss Classic Paslanmaz Çelik 3lü Set Bıçak Seti Siyah,1259.99,Mutfak,2026-05-27
Victorinox 6.7116.32C1 Swiss Classic Paslanmaz Çelik 3lü Bıçak Seti Renkli,1289.99,Mutfak,2026-05-27
Victorinox 6.7116.34C1 Swiss Classic Paslanmaz Çelik 3lü Bıçak Seti Renkli,1369.99,Mutfak,2026-05-27
Victorinox 6.7601.C1 Swiss Classic Paslanmaz Çelik Düz Sivri Uçlu Bıçak 8 cm Kırmızı,399.99,Mutfak,2026-05-27
Victorinox 6.7605.C1 Paslanmaz Çelik Bıçak 8 cm Mor,399.99,Mutfak,2026-05-27
Victorinox 6.7606.L115 Paslanmaz Çelik Bıçak 8 cm Pembe,399.99,Mutfak,2026-05-27
Victorinox 6.7633 Paslanmaz Çelik Tırtıklı Soyma Bıçak 8 cm Siyah,399.99,Mutfak,2026-05-27
Victorinox 6.7634.C1 Paslanmaz Çelik Tırtıklı Soyma Bıçak 8 cm Yeşil,399.99,Mutfak,2026-05-27
Victorinox 6.7635.C1 Swiss Classic Paslanmaz Çelik Tırtıklı Soyma Bıçak 8 cm Mor,399.99,Mutfak,2026-05-27
Victorinox 6.7638.C1 Paslanmaz Çelik Tırtıklı Soyma Bıçak 8 cm Sarı,399.99,Mutfak,2026-05-27
Victorinox 6.7639.C1 Paslanmaz Çelik Tırtıklı Soyma Bıçak 8 cm Turuncu,399.99,Mutfak,2026-05-27
Victorinox 6.7701.C1 Swiss Classic Paslanmaz Çelik Düz Sivri Uçlu Bıçak 10 cm Kırmızı,479.99,Mutfak,2026-05-27
Victorinox 6.7705.C1 Paslanmaz Çelik Bıçak 10 cm Mor,479.99,Mutfak,2026-05-27
Victorinox 6.7709.C1 Paslanmaz Çelik Bıçak 10 cm Turuncu,479.99,Mutfak,2026-05-27
Victorinox 6.7731.C1 Swiss Classic Paslanmaz Çelik Tırtıklı Soyma Bıçak 10 cm Kırmızı,479.99,Mutfak,2026-05-27
Victorinox 6.7831.C1 Swiss Classic Paslanmaz Çelik Tırtıklı Domates Bıçak 11 cm Kırmızı,479.99,Mutfak,2026-05-27
Victorinox 6.7835.C1 Paslanmaz Çelik Tırtıklı Soyma Bıçak 11 cm Mor,479.99,Mutfak,2026-05-27
Victorinox 6.7836.L114 Paslanmaz Çelik Tırtıklı Soyma Bıçak 11 cm Yeşil,479.99,Mutfak,2026-05-27
Victorinox 6.7839.C1 Swiss Classic Paslanmaz Çelik Domates Bıçak 11 cm Turuncu,479.99,Mutfak,2026-05-27
Victorinox 6.7933.B Paslanmaz Çelik 2li Tırtıklı Bıçak Seti 12 cm Siyah,1289.99,Mutfak,2026-05-27
Victorinox 6.8003.19B Paslanmaz Çelik Doğrama Bıçak 19 cm Siyah,2589.99,Mutfak,2026-05-27
Victorinox 6.8103.12B Paslanmaz Çelik Doğrama Bıçak 12 cm Siyah,1809.99,Mutfak,2026-05-27
Victorinox 7.6081.1 Rende Kalın Kırmızı,789.99,Mutfak,2026-05-27
Victorinox 7.6363.3 Paslanmaz Çelik Çok Amaçlı Makas,1809.99,Mutfak,2026-05-27
Victorinox Domates ve Sofra Bıçak 11 cm Pembe,479.99,Mutfak,2026-05-27
Victorinox Domates ve Sofra Bıçak 11 cm Turuncu,479.99,Mutfak,2026-05-27
Victorinox IOTA Tırtıklı Kenar Çift Taraf Soyacak Kırmızı,389.99,Mutfak,2026-05-27
Victorinox IOTA Tırtıklı Kenar Çift Taraf Soyacak Siyah,389.99,Mutfak,2026-05-27
Victorinox IOTA Tırtıklı Kenar Çift Taraf Soyacak Yeşil,389.99,Mutfak,2026-05-27
Victorinox Rex Alüminyum Soyacak,469.99,Mutfak,2026-05-27
Victorinox Soyacak ve Sofra Bıçak Seti Siyah,889.99,Mutfak,2026-05-27
Victorinox Soyma Bıçak 8 cm Sarı,399.99,Mutfak,2026-05-27
Victorinox Soyma Bıçak 8 cm Yeşil,399.99,Mutfak,2026-05-27
Victorinox Star Alüminyum Jülyen Soyacak,549.99,Mutfak,2026-05-27
Victorinox SwissClassic Domates & Sosis Bıçak 11 cm Siyah,479.99,Mutfak,2026-05-27
Victorinox SwissClassic Soyma Bıçak 10 cm Kırmızı,479.99,Mutfak,2026-05-27
Victorinox SwissClassic Soyma Bıçak 10 cm Siyah,479.99,Mutfak,2026-05-27
Victorinox SwissClassic Soyma Bıçak 8 cm Kırmızı,399.99,Mutfak,2026-05-27
Victorinox SwissClassic Soyma Bıçak 8 cm Siyah,399.99,Mutfak,2026-05-27
Victorinox VT 6.8003.15B Paslanmaz Çelik Şef Doğrama Bıçak 15 cm,2119.99,Mutfak,2026-05-27
Victorinox VT Soyma Bıçak 8 cm Pembe,399.99,Mutfak,2026-05-27
Victorinox YPSO Tırtıklı Kenar Çift Taraf Soyacak Kırmızı,389.99,Mutfak,2026-05-27
Victorinox YPSO Tırtıklı Kenar Çift Taraf Soyacak Siyah,389.99,Mutfak,2026-05-27
Victorinox YPSO Tırtıklı Kenar Çift Taraf Soyacak Yeşil,389.99,Mutfak,2026-05-27
Vintage Borosilikat Kavanoz Beyaz,439.99,Mutfak,2026-05-27
Vintage Borosilikat Kavanoz Kırmızı,1499.99,Mutfak,2026-05-27
Vintage Borosilikat Kavanoz Lacivert,2249.99,Mutfak,2026-05-27
Vintage Botanic Cam Kesme Tahtası 25x35 cm Yeşil-Beyaz,1999.99,Mutfak,2026-05-27
Virelia 20li Kağıt Peçete 33x33 cm Yeşil,1049.99,Mutfak,2026-05-27
Virell Cam Yağdanlik 500 ml Şeffaf,1999.99,Mutfak,2026-05-27
Virginie Buz Kalıbı 24x10 cm Mavi,1149.99,Mutfak,2026-05-27
Virginie Buz Kalıbı 24x10 cm Pembe,1149.99,Mutfak,2026-05-27
Virginie Plastik Buz Kalıbı Mutfak Gereci 24x10 cm Turkuaz,1149.99,Mutfak,2026-05-27
Virginie Plastik Buz Kalıbı Mutfak Gereci 24x10 cm Turuncu,1149.99,Mutfak,2026-05-27
Virginie Plastik Ölçü Kaplı Limon Sıkacağı 8 cm Turkuaz,1499.99,Mutfak,2026-05-27
Vola Pamuk 2li Kurulama Bezi 30x40 cm Bej,1499.99,Mutfak,2026-05-27
Voysey 20li Kağıt Peçete Siyah,1049.99,Mutfak,2026-05-27
Watermelons Pamuk Kurulama Bezi 30x50 cm Kırmızı,1299.99,Mutfak,2026-05-27
Whispering Petals Fırın Eldiveni ve Tutacak Seti Pembe - Turuncu,489.99,Mutfak,2026-05-27
Whispering Petals Mutfak Önlüğü 75x80 cm Pembe - Turuncu,449.99,Mutfak,2026-05-27
Wicker Plastik Rattan Peçetelik 15x9 cm Kahverengi,1249.99,Mutfak,2026-05-27
Wildica 20li Kağıt Peçete 33x33 cm Gri-Beyaz,1049.99,Mutfak,2026-05-27
Winter Time 20li Kağıt Peçete 33x33 cm Yeşil,799.95,Mutfak,2026-05-27
Woody Beater Çelik Çırpıcı Mutfak Gereci Kahve,1399.99,Mutfak,2026-05-27
Woody Garlic Çelik Sarımsak Ezici Mutfak Gereci Kahve,1999.99,Mutfak,2026-05-27
Woody Ice Çelik Dondurma Kaşığı Kahve,1399.99,Mutfak,2026-05-27
Woody Ladle Çelik Kepçe Kahve,1399.99,Mutfak,2026-05-27
Woody Peeler Çelik Rende Kahve,1249.99,Mutfak,2026-05-27
Woody Peeler Çelik Soyacak Mutfak Gereci Kahve,1399.99,Mutfak,2026-05-27
Woody Potato Çelik Patates Ezici Servis Gereci Kahve,1399.99,Mutfak,2026-05-27
Woody Spaghetti Çelik Spagetti Kaşığı Kahve,1399.99,Mutfak,2026-05-27
Woody Spatula Çelik Izgara Spatula Servis Gereci Kahve,1399.99,Mutfak,2026-05-27
Woody Spoon Çelik Servis Kaşığı Kahve,1399.99,Mutfak,2026-05-27
Yummy Food Lunch Box Krem,1399.99,Mutfak,2026-05-27
Zoe Cam Limon Sıkacağı 425 ml Yeşil,1149.95,Mutfak,2026-05-27
​​​​​​​​​​​​​​​​​​​​​​​​Victorinox SwissCla Soyma Bıçak 10 cm Kırmızı,479.99,Mutfak,2026-05-27
​​​​​​​​​​​​​​​​​​​​​​​​Victorinox SwissCla Soyma Bıçak 10 cm Siyah,479.99,Mutfak,2026-05-27
​​​​​​​​​​​​​​​​​​​​​​​​​Victorinox Sw Soyma Bıçak 10 cm Pembe,479.99,Mutfak,2026-05-27
​​​​​​​​​​​​​​​​​​​​​​​​​Victorinox Sw Soyma Bıçak 10 cm Sarı,479.99,Mutfak,2026-05-27
​​​​​​​​​​​​​​​​​​​​​​​​​Victorinox Soyma Bıçak 10 cm Turuncu,479.99,Mutfak,2026-05-27
​​​​​​​​​​​​​​​​​​​​​​​​​​​​​​Victorinox Sw Domates & Sosis Bıçak 11 cm Kırmızı,479.99,Mutfak,2026-05-27
​​​​​​​​​​​​​​​​​​​​​​​​​​​​​​​​Victorinox 6.8103. Paslanmaz Çelik Doğrama Bıçak 15 cm Siyah,1809.99,Mutfak,2026-05-27
"Acalis Akasya-Cam 4 Parça Sunumluk 33x10,5x6 cm Şeffaf",384.99,Sofra,2026-05-27
Adel Pamuk Runner Bej,2249.99,Sofra,2026-05-27
Adelaide Sedefli Rattan Tepsi Kahverengi,5999.99,Sofra,2026-05-27
Adelina Masa Örtüsü 150x200 cm Beyaz-Gold,1439.99,Sofra,2026-05-27
Adelina Runner 40x140 cm Beyaz-Gold,479.99,Sofra,2026-05-27
Aden Pamuk Runner Bej,2249.99,Sofra,2026-05-27
Agolde Cam 2li Kadeh Şeffaf,359.99,Sofra,2026-05-27
Agolde Cam 2li Meşrubat Bardağı Şeffaf,1999.99,Sofra,2026-05-27
Alice Cam Kase Şeffaf,419.99,Sofra,2026-05-27
All Raindrop New Bone China Kupa 345 ml Siyah - Beyaz,1999.99,Sofra,2026-05-27
All Stripe New Bone China Kupa 345 ml Siyah - Beyaz,399.99,Sofra,2026-05-27
Allegro Borosilikat Cam Çift Cidarlı Kupa 200 ml Şeffaf,1499.99,Sofra,2026-05-27
Alvin Cam Sunumluk 32x11 cm Şeffaf,489.99,Sofra,2026-05-27
Amora Seramik Kahvaltı Takımı 14 parça 6 kişilik Lacivert-Kırmızı,1199.99,Sofra,2026-05-27
Amore Porselen 6lı Pasta Seti 19 cm Pembe - Yeşil,3499.99,Sofra,2026-05-27
Anchor Porselen Kahve Fincan Takımı 4 Parça 2 Kişilik Mavi-Yeşil,1499.99,Sofra,2026-05-27
Angelo Seramik Pasta Seti 18 Parça 6 Kişilik Renkli,1599.99,Sofra,2026-05-27
Angely New Bone China Kupa 270 ml Beyaz,1199.99,Sofra,2026-05-27
Angely New Bone China Kupa 270 ml Gri,999.99,Sofra,2026-05-27
Angled New Bone China 2 Parça 2 Kişilik Kahve Fincan Takımı 90 ml Açık Pembe,1499.99,Sofra,2026-05-27
Angled New Bone China 2 Parça 2 Kişilik Kahve Fincan Takımı 90 ml Lila,1999.99,Sofra,2026-05-27
Angled New Bone China 2 Parça 2 Kişilik Kahve Fincan Takımı 90 ml Turkuaz,1999.99,Sofra,2026-05-27
Antiquelle Porselen Kase 16 cm Krem,1249.99,Sofra,2026-05-27
Antiquelle Porselen Kase 16 cm Yeşil,1249.99,Sofra,2026-05-27
Antiquelle Porselen Pasta Tabağı 20 cm Krem,999.99,Sofra,2026-05-27
Antiquelle Porselen Pasta Tabağı 20 cm Yeşil,999.99,Sofra,2026-05-27
Antiquelle Porselen Servis Tabağı 25 cm Krem,1749.99,Sofra,2026-05-27
Antiquelle Porselen Servis Tabağı 25 cm Yeşil,1749.99,Sofra,2026-05-27
Antiquelle Porselen Çukur Tabak 20 cm Krem,1499.99,Sofra,2026-05-27
Antiquelle Porselen Çukur Tabak 20 cm Yeşil,1499.99,Sofra,2026-05-27
Apple Melamin Nihale 17 cm Renkli,1399.99,Sofra,2026-05-27
Aqua Rhythm Seramik Kase 20 cm Beyaz - Lacivert,1249.99,Sofra,2026-05-27
Aqualuna Seramik Pasta Tabağı 20 cm Mavi-yeşil,999.99,Sofra,2026-05-27
Arborelle Masa Örtüsü 150x200 cm Siyah - Beyaz,4499.99,Sofra,2026-05-27
Arborelle Runner 40x140 cm Siyah - Beyaz,359.99,Sofra,2026-05-27
Arborelle Seramik Bardak Altlığı 10.8x0.8 cm Siyah - Beyaz,999.95,Sofra,2026-05-27
Arcane Runner 40x140 cm Beyaz - Lacivert,2199.99,Sofra,2026-05-27
Arian Bone Porselen 4 Parça 2 Kişilik Kahve Fincan Takımı 90 ml Yeşil-mor,1999.99,Sofra,2026-05-27
Arina Cam Ayaklı Kase Yeşil-Turuncu,999.99,Sofra,2026-05-27
Arlena Seramik 2li Kahve Fincan Takımı 105 ml Açık Turuncu-Pudra,1499.99,Sofra,2026-05-27
Artistic Flower Emaye Katlı Servis 21x29 cm Renkli,759.99,Sofra,2026-05-27
Artistic Flower Seramik 2li Bardak 270 ml Kırmızı,359.99,Sofra,2026-05-27
Artistic Garden Melamin 4lü Kahvaltılık 30x21 cm Renkli,3499.99,Sofra,2026-05-27
Artistry Akasya-Cam 3 Parça Sunumluk 36x11x6 Cm Kahve,2499.99,Sofra,2026-05-27
Arzu Sabancı Bounce Runner 40x150 cm Krem - Mavi,559.99,Sofra,2026-05-27
Arzu Sabancı Bounce Stoneware Kupa 350 ML Mavi-Lacivert,239.99,Sofra,2026-05-27
Arzu Sabancı Bubble Cam El Yapımı Sürahi 1200 ml Şeffaf,2499.99,Sofra,2026-05-27
Arzu Sabancı Calle Cam El Yapımı Bardak 250 ml Mavi,209.99,Sofra,2026-05-27
Arzu Sabancı Calle Cam El Yapımı Kadeh Mavi,269.99,Sofra,2026-05-27
Arzu Sabancı Mystery Stoneware Pasta Tabağı 20 cm Terracotta,1149.95,Sofra,2026-05-27
Arzu Sabancı Torcello Cam El Yapımı Bardak 440 ml Beyaz,239.99,Sofra,2026-05-27
Arzu Sabancı Torcello Cam El Yapımı Bardak 440 ml Koyu Mavi,1499.99,Sofra,2026-05-27
Arzu Sabancı Torcello Cam El Yapımı Bardak 440 ml Mavi,1499.99,Sofra,2026-05-27
Ashley Porselen Kahve Fincan Takımı 4 Parça 2 Kişilik Bordo,1749.99,Sofra,2026-05-27
Ashley Porselen Kahve Fincan Takımı 4 Parça 2 Kişilik Mavi,1499.99,Sofra,2026-05-27
Ashley Porselen Kahve Fincan Takımı 4 Parça 2 Kişilik Siyah,2249.99,Sofra,2026-05-27
Ashley Porselen Kahve Fincan Takımı 4 Parça 2 Kişilik Siyah-Bordo,1499.99,Sofra,2026-05-27
Ashley Porselen Kahve Fincan Takımı 4 Parça 2 Kişilik Yeşil,1499.99,Sofra,2026-05-27
Astral Borosilikat Cam Çift Cidarlı Kupa Şeffaf,1499.99,Sofra,2026-05-27
Astrion New Bone China Kupa 460 ml Lacivert,539.99,Sofra,2026-05-27
Astrion Seramik Bardak Altlığı 11 cm Lacivert,799.95,Sofra,2026-05-27
"Aura Cam Kek Standı 31x9,5 Cm Şeffaf",799.99,Sofra,2026-05-27
Aura Cam Sunumluk Şeffaf,519.99,Sofra,2026-05-27
Aura Porselen Yemek Takımı 53 Parça 12 Kişilik Gold,9599.99,Sofra,2026-05-27
Auro Cam 3 Parça Su Takımı 1000 ml + 315 ml Renkli,2999.99,Sofra,2026-05-27
Auro Cam Şişe 450 ml Şeffaf,1199.99,Sofra,2026-05-27
Autumn Seramik Kahvaltı Takımı 10 parça 4 kişilik Renkli,1039.99,Sofra,2026-05-27
Avelia Bone Porselen 4 Parça 2 Kişilik Kahve Fincan Takımı 90 ml Pembe - Gold,719.99,Sofra,2026-05-27
Axel Akrilik 6 Bölmeli Kahvaltılık 25x35 cm Antrasit,629.99,Sofra,2026-05-27
Axel Akrilik 6 Bölmeli Kahvaltılık 25x35 cm Mavi,543.99,Sofra,2026-05-27
Axel Akrilik 6 Bölmeli Kahvaltılık 25x35 cm Şeffaf,3999.99,Sofra,2026-05-27
Azalia New Bone China 4 Parça 2 Kişilik Kahve Fincan Takımı 90 ml Renkli,5999.99,Sofra,2026-05-27
Azul Paslanmaz Çelik Çatal Kaşık Bıçak Takımı 18 Parça 6 Kişilik Gold,11999.99,Sofra,2026-05-27
Azul Paslanmaz Çelik Çatal Kaşık Bıçak Takımı 18 Parça 6 Kişilik Silver,1599.99,Sofra,2026-05-27
Baho Cam Tuzluk - Biberlik 4x4x8 cm Gold,1749.99,Sofra,2026-05-27
Balmy Porselen 20 Parça 6 Kişilik Kahvaltı Takımı Mavi-Sarı,12499.99,Sofra,2026-05-27
Balmy Porselen Yemek Takımı 24 Parça 6 Kişilik Mavi-Sarı,13999.99,Sofra,2026-05-27
Bamboo Bambu Dekoratif Tepsi Natural-Siyah,719.99,Sofra,2026-05-27
Bamboo Cam Dekoratif Tepsi Krem-Altın,719.99,Sofra,2026-05-27
Basic Cam 3lü Cup - Dondurma Kasesi 300 ml Şeffaf,319.99,Sofra,2026-05-27
Basic Shine Cam 3’lü Lüsterli Cup 300 ml Şeffaf,419.99,Sofra,2026-05-27
Be Joyful Cam Bardak 380 ml Siyah,899.99,Sofra,2026-05-27
Bealy Porselen 4 Parça 2 Kişilik Çay Fincanı Takımı 220 ml Yeşil-Sarı,1079.99,Sofra,2026-05-27
Beatrice Sedefli Rattan Tepsi Kahverengi,5999.99,Sofra,2026-05-27
Begonya Seramik 4lü Pasta Seti 16 cm Renkli,2999.99,Sofra,2026-05-27
Belle Bone Porselen 4 Parça 2 Kişilik Kahve Fincan Takımı 90 ml Renkli,2499.99,Sofra,2026-05-27
Bellflower Seramik Çerezlik Açık Mavi,799.95,Sofra,2026-05-27
Bellflower Seramik Çerezlik Lila,799.95,Sofra,2026-05-27
Bellflower Seramik Çerezlik Somon,799.95,Sofra,2026-05-27
Bellis Porselen 4 Parça 2 Kişilik Kahve Fincan Takımı Lacivert,1499.99,Sofra,2026-05-27
Berry Seramik Kahvaltı Takımı 10 parça 4 kişilik Pembe,6499.99,Sofra,2026-05-27
Best Wishes Stoneware Kupa 400 ml Kırmızı - Yeşil,239.99,Sofra,2026-05-27
Bianca Seramik 6lı Pasta Seti 20 cm Renkli,799.99,Sofra,2026-05-27
Birdie Seramik 4lü Pasta Seti 20 cm Renkli,2999.99,Sofra,2026-05-27
Bistro Seramik 4lü Pasta Seti 20 cm Kırmızı-Siyah,479.99,Sofra,2026-05-27
Black Dots Porselen Çerezlik 11 cm Siyah - Beyaz,1299.99,Sofra,2026-05-27
Black Lines Porselen Çerezlik 11 cm Siyah - Beyaz,159.99,Sofra,2026-05-27
Blatt Porselen Kahve Fincan Takımı 4 Parça 2 Kişilik Yeşil,1999.99,Sofra,2026-05-27
Blaze Cam Pasta Tabağı 19 cm Pembe,799.99,Sofra,2026-05-27
Blend Cam-Bambu 5 Parça Sunumluk 10x5 cm Şeffaf,639.99,Sofra,2026-05-27
Blendung Pamuk 2li Amerikan Servis Gold,1999.99,Sofra,2026-05-27
Bleu Blanc Cam Dekoratif Tepsi  31x46 cm Gold,479.99,Sofra,2026-05-27
Bloom Cam 3 Parça Su Takımı 1150 Ml + 400 Ml Kırmızı,2499.99,Sofra,2026-05-27
Bloom Cam 3 Parça Su Takımı 1150 Ml + 400 Ml Mavi,539.99,Sofra,2026-05-27
Bloomera Porselen Yemek Takımı 12 Parça 4 Kişilik Renkli,4999.99,Sofra,2026-05-27
Bloomline Bone Porselen 12 Parça 6 Kişilik Çay Seti 170 ml Beyaz,1349.99,Sofra,2026-05-27
Bloomline Porselen Yemek Takımı 27 Parça 6 Kişilik Gold,24999.99,Sofra,2026-05-27
Blossia Bone Porselen 4 Parça 2 Kişilik Kahve Fincan Takımı 90 ml Mavi Gold,3999.99,Sofra,2026-05-27
Blossom Frame Seramik Bardak Altlığı 11 cm Renkli,1049.99,Sofra,2026-05-27
Blossom Suni Deri 4lü Bardak Altlığı Açık Pembe,649.95,Sofra,2026-05-27
Blossom Suni Deri 4lü Bardak Altlığı Pembe,649.95,Sofra,2026-05-27
Blue Call Seramik Kase 13 cm Lacivert-Kırmızı,899.99,Sofra,2026-05-27
Blue Call Seramik Kayık Tabak 24x11 cm Lacivert-Kırmızı,999.99,Sofra,2026-05-27
"Blue Depth Ahşap 6lı Bardak Altlığı 9,5 cm Mavi - Yeşil",1249.99,Sofra,2026-05-27
Blue Fishy Seramik Kase Beyaz - Lacivert,899.99,Sofra,2026-05-27
Blue Fishy Seramik Pasta Tabağı 20 cm Beyaz - Lacivert,999.99,Sofra,2026-05-27
Blue Rhythm Seramik Pasta Tabağı 20 cm Beyaz - Lacivert,999.99,Sofra,2026-05-27
Blue Vista Seramik Pasta Seti 18 Parça 6 Kişilik Lacivert,1799.99,Sofra,2026-05-27
Blue Way Porselen Yemek Takımı 24 Parça 6 Kişilik Mavi,17499.99,Sofra,2026-05-27
Bluewaves Melamin Tepsi 35 cm Beyaz - Mavi,2249.99,Sofra,2026-05-27
Blush Cam Karaf Pembe,1399.95,Sofra,2026-05-27
Boho Rattan Katlı Servis Kahverengi,489.99,Sofra,2026-05-27
Boho Rattan Sunumluk Kahverengi,799.99,Sofra,2026-05-27
Boho Rattan Tepsi Kahverengi,319.99,Sofra,2026-05-27
"Boldband Melamin Kaydırmaz Tepsi 20x28,5 cm Pembe - Turuncu",1749.99,Sofra,2026-05-27
Boldband Melamin Tepsi 23x14 cm Yeşil-mor,999.99,Sofra,2026-05-27
Boldy Lines New Bone China Kupa 350 ml Mavi,2249.99,Sofra,2026-05-27
Boldy Lines New Bone China Kupa 350 ml Turuncu,2249.99,Sofra,2026-05-27
Boldy Lines New Bone China Kupa 350 ml Yeşil,2249.99,Sofra,2026-05-27
Bon Appetit Porselen Kahvaltı Takımı 12 Parça 4 Kişilik Siyah,7999.99,Sofra,2026-05-27
"Bona Stoneware 3lü Çerezlik 6,5 cm Siyah-Beyaz-Bej",1499.99,Sofra,2026-05-27
Bona Stoneware 6 Parça 3 Kişilik Kahve Fincan Takımı 70 ml Siyah-Beyaz-Bej,639.99,Sofra,2026-05-27
Botanic Porselen Kahvaltı Takımı 20 Parça 6 Kişilik Renkli,12499.99,Sofra,2026-05-27
Botanic Stoneware Kase Renkli,1119.99,Sofra,2026-05-27
Botanic Stoneware Kayık Tabak Renkli,543.99,Sofra,2026-05-27
Botanic Stoneware Kupa 375 ml Renkli,449.99,Sofra,2026-05-27
Botanic Stoneware Pasta Tabağı 16 cm Renkli,1999.99,Sofra,2026-05-27
Botanic Stoneware Sunumluk Renkli,639.99,Sofra,2026-05-27
"Botanic Stoneware Çerezlik 11,5x7,5 cm Renkli",1249.99,Sofra,2026-05-27
Botanical Garden Pamuk Masa Örtüsü 150x200 cm Beyaz - Yeşil,4499.99,Sofra,2026-05-27
Botanical Masa Örtüsü 145x200 cm Krem - Pembe,4999.99,Sofra,2026-05-27
Botelya Cam Başucu Sürahi Mavi,223.98,Sofra,2026-05-27
Botelya Cam Başucu Sürahi Pembe,223.98,Sofra,2026-05-27
Boty Borosilikat Detoks Şişe 450 ml Beyaz,215.98,Sofra,2026-05-27
Boty Borosilikat Detoks Şişe 450 ml Siyah,1349.95,Sofra,2026-05-27
Boty Borosilikat Detoks Şişe 450 ml Yeşil,215.98,Sofra,2026-05-27
Boundaries Pamuk Masa Örtüsü 140x200 cm Krem - Yeşil,3499.99,Sofra,2026-05-27
Bowsie Bone Porselen 4 Parça 2 Kişilik Kahve Fincan Takımı 90 ml Kırmızı - Yeşil,449.99,Sofra,2026-05-27
Breeze Bambu 4lü Amerikan Servis 30x45 cm Siyah-Krem,1999.99,Sofra,2026-05-27
Brice Cam Kek Standı 20 cm Şeffaf,489.99,Sofra,2026-05-27
Bridgette Cam 6lı Kadeh 350 ml Gold,4249.99,Sofra,2026-05-27
Bright Bliss New Bone China Kupa 370 ml Renkli,1499.99,Sofra,2026-05-27
Bright Bloom Emaye Tepsi 31 cm Renkli,4999.99,Sofra,2026-05-27
Bright Bloom Masa Örtüsü 150x200 cm Beyaz - Pembe,7499.99,Sofra,2026-05-27
"Bright Bloom New Bone China Kase 15,5 cm Renkli",1500.0,Sofra,2026-05-27
Bright Bloom New Bone China Kayık Tabak 25x11 cm Renkli,2250.0,Sofra,2026-05-27
Bright Bloom New Bone China Kupa 370 ml Renkli,1499.99,Sofra,2026-05-27
Bright Bloom New Bone China Pasta Tabağı 19 cm Renkli,1500.0,Sofra,2026-05-27
Bright Bloom New Bone China Servis Tabağı 26 cm Renkli,2250.0,Sofra,2026-05-27
Bright Bloom New Bone China Çerezlik 10 cm Renkli,1250.0,Sofra,2026-05-27
Bright Bloom Tepsi 33 cm Renkli,559.99,Sofra,2026-05-27
Bright Blossom Porselen 4 Parça 2 Kişilik Kahve Fincan Takımı 90 ml Renkli,2999.99,Sofra,2026-05-27
Bright Charm Melamin Kaydırmaz Tepsi 25x38 cm Pembe,1499.99,Sofra,2026-05-27
Bright Delight Seramik Bardak Altlığı 10 cm Yeşil,188.99,Sofra,2026-05-27
Bright Delight Tepsi 33 cm Renkli,3499.99,Sofra,2026-05-27
Bright Dream New Bone China Kupa 350 ml Renkli,1499.99,Sofra,2026-05-27
Bright Floral Melamin Cam Kapaklı Kahvaltılık Renkli,1349.99,Sofra,2026-05-27
Bright Floral Seramik Bardak Altlığı 11x11 cm Pembe,1049.99,Sofra,2026-05-27
Bright Floral Tepsi 40x26 cm Renkli,3499.99,Sofra,2026-05-27
Bright Flowers New Bone China Kupa 350 ml Renkli,1499.99,Sofra,2026-05-27
Bright Ophelia New Bone China 4 Parça 2 Kişilik Kahve Fincan Takımı 100 ml Renkli,4999.99,Sofra,2026-05-27
Bright Ophelia New Bone China Kupa 460 ml Renkli,599.99,Sofra,2026-05-27
Bright Parade Emaye Tepsi 31 cm Renkli,500.0,Sofra,2026-05-27
Bright Parade Masa Örtüsü 150x200 cm Beyaz - Kırmızı,1119.99,Sofra,2026-05-27
Bright Parade Melamin 2’li Kaydırmaz Tepsi 33-24 cm Kırmızı,3999.99,Sofra,2026-05-27
Bright Parade New Bone China Kase Renkli,2749.99,Sofra,2026-05-27
Bright Parade New Bone China Kayık Tabak 15x33 Cm Renkli,3750.0,Sofra,2026-05-27
Bright Parade New Bone China Kupa 370 ml Renkli,1499.99,Sofra,2026-05-27
Bright Parade New Bone China Pasta Tabağı 19 cm Renkli,1500.0,Sofra,2026-05-27
Bright Parade New Bone China Çerezlik 10 cm Renkli,224.99,Sofra,2026-05-27
Bright Parade Seramik Bardak Altlığı 10 cm Kırmızı - Yeşil,1049.99,Sofra,2026-05-27
Bright Parade Tepsi 33 cm Renkli,559.99,Sofra,2026-05-27
Bright Petals Cam 3lü Bardak Renkli,2999.99,Sofra,2026-05-27
Bright Petals New Bone China Kupa 370 ml Renkli,1499.99,Sofra,2026-05-27
Bright Petals Seramik Bardak Altlığı 11x11 cm Pembe,1049.99,Sofra,2026-05-27
Bright Petals Tepsi 35x35 cm Renkli,559.99,Sofra,2026-05-27
Bright Vionna New Bone China 4 Parça 2 Kişilik Kahve Fincan Takımı 100 ml Pembe-Kırmızı-Turuncu,4999.99,Sofra,2026-05-27
Bright Vionna New Bone China Kupa 460 ml Pembe-Kırmızı-Turuncu,599.99,Sofra,2026-05-27
Brightfloria Porselen Bardak 260 ml Beyaz,1249.99,Sofra,2026-05-27
Brownfall Cam Standlı ve 4lü Kupa 180 ml Kahverengi-Gold,4999.99,Sofra,2026-05-27
Bubbles Cam Kase Şeffaf,179.99,Sofra,2026-05-27
Bubbles Cam Kayık Tabak 14x30 cm Şeffaf,1249.99,Sofra,2026-05-27
Bubbles Cam Kek Standı 18x11 Cm Şeffaf,639.99,Sofra,2026-05-27
Bubbles Cam Pasta Tabağı 19 cm Şeffaf,1249.99,Sofra,2026-05-27
Bubbles Cam Çerezlik 8 cm Şeffaf,1299.99,Sofra,2026-05-27
"Cage Cam Kayık Tabak 39,5x15,5 cm Şeffaf",439.99,Sofra,2026-05-27
"Cage Cam Çerezlik 39,5x15,5 cm Şeffaf",439.99,Sofra,2026-05-27
Caitly Hasır Amerikan Servis Bej,999.95,Sofra,2026-05-27
Calantha Kağıt Tepsi Krem,1749.99,Sofra,2026-05-27
Calantha Kağıt Tepsi Siyah,1999.99,Sofra,2026-05-27
Calypso Porselen Kahvaltı ve Sunum Seti 18 Parça 6 Kişilik Renkli,12499.99,Sofra,2026-05-27
"Candessa Cam Şekerlik 12x10,5 cm Şeffaf",1499.99,Sofra,2026-05-27
Candy Cane Stripe Cam Bardak 510 ML Kırmızı,999.99,Sofra,2026-05-27
Candy Cane Stripe Cam Bardak 510 ML Yeşil,999.99,Sofra,2026-05-27
"Candy Cane Stripe Cam Çerezlik 8,5 cm Kırmızı",999.99,Sofra,2026-05-27
"Candy Cane Stripe Cam Çerezlik 8,5 cm Yeşil",999.99,Sofra,2026-05-27
Candyland Cam Şişe 750 ml Yeşil,1399.99,Sofra,2026-05-27
Caren Plastik Bardak Amber,699.95,Sofra,2026-05-27
Caren Plastik Bardak Füme,699.95,Sofra,2026-05-27
Carnival Sparrow New Bone China Kahve Fincan Takımı 4 Parça 2 Kişilik Fuşya,3499.99,Sofra,2026-05-27
Carny Bone Porselen Servis Tabağı 25 cm Fuşya,207.99,Sofra,2026-05-27
Carny Bone Porselen Servis Tabağı 25 cm Lacivert,207.99,Sofra,2026-05-27
Carny Bone Porselen Servis Tabağı 25 cm Turuncu,207.99,Sofra,2026-05-27
Catie Borosilikat Cam Çift Cidarlı Kupa 280 ml Pembe,1999.99,Sofra,2026-05-27
Celestial Cam 3 Parça Su Takımı 1000 ml + 380 ml Renkli,2499.99,Sofra,2026-05-27
Celine Masa Örtüsü 150x200 cm Gold,7499.99,Sofra,2026-05-27
Celine Runner 40x150 cm Gold,489.99,Sofra,2026-05-27
Chaplet Hasır Tepsi Kahverengi,319.99,Sofra,2026-05-27
Charmed Runner 40x140 cm Beyaz - Lacivert,2749.99,Sofra,2026-05-27
Charming New Bone China 4 Parça 2 Kişilik Cam Tabaklı Kahve Fincan Takımı 80 ml Pembe - Yeşil,3499.99,Sofra,2026-05-27
Charmsy Bone Porselen Pasta Tabağı 19 cm Renkli,999.99,Sofra,2026-05-27
Check & Sip Porselen 4 Parça 2 Kişilik Kahve Fincan Takımı 90 ml Kırmızı - Lacivert,2499.99,Sofra,2026-05-27
Checkerboard Seramik Kupa 260 ml Renkli,1499.99,Sofra,2026-05-27
Cheer and Dream Seramik Kupa 315 Ml Sarı,1499.99,Sofra,2026-05-27
Cheer and Enjoy Seramik Kupa 315 Ml Yeşil,1499.99,Sofra,2026-05-27
Cheer and Hope Seramik Kupa 315 Ml Mavi,1499.99,Sofra,2026-05-27
Cherry Garden Stoneware Kupa 320 ml Kırmızı,1399.99,Sofra,2026-05-27
Cherry Melamin Nihale 17 cm Renkli,1299.95,Sofra,2026-05-27
Cherry Seramik Bardak Altlığı 11 cm Pembe,999.99,Sofra,2026-05-27
Cherry Seramik Kahvaltı Takımı 14 parça 6 kişilik Kırmızı-Sarı,7499.99,Sofra,2026-05-27
Cherrypop Cam 3 Parça Su Takımı 1150 ml + 315 ml Kırmızı,1999.99,Sofra,2026-05-27
Chimera Bone Porselen Pasta Tabağı 19 cm Mavi,999.99,Sofra,2026-05-27
Chimera Runner 40x140 cm Beyaz - Kırmızı,2249.99,Sofra,2026-05-27
Chimera Seramik Bardak Altlığı 11 cm Beyaz - Yeşil,999.99,Sofra,2026-05-27
Christmas Cam 3lü Flüt Kadeh 195 ml Kırmızı,449.99,Sofra,2026-05-27
Christmas Cam 3lü Flüt Kadeh 195 ml Yeşil,2499.99,Sofra,2026-05-27
Christmas Cam 3lü Kadeh 490 ml Kırmızı,479.99,Sofra,2026-05-27
Christmas Cam 3lü Kadeh 490 ml Yeşil,479.99,Sofra,2026-05-27
Christmas Tree Cam Çerezlik 21 cm Yeşil,1199.99,Sofra,2026-05-27
Christmas Tree Dolomite 2li Tuzluk - Biberlik 6x14 cm Beyaz,419.99,Sofra,2026-05-27
Christmas Tree Dolomite 2li Tuzluk - Biberlik 6x14 cm Yeşil,3499.99,Sofra,2026-05-27
Ciara Cam Kase 20 cm Şeffaf,2499.99,Sofra,2026-05-27
Cladars Porselen 4 Parça 2 Kişilik Kahve Fincan Takımı 90 ml Gold,629.99,Sofra,2026-05-27
"Clementine Borosilikat-Akasya 2li Tuzluk - Biberlik 5,5x5 cm Şeffaf",479.99,Sofra,2026-05-27
Cleo Porselen 4 Parça 2 Kişilik Kahve Fincan Takımı 80 ml Mavi,1499.99,Sofra,2026-05-27
Cloves Seramik Kahvaltı Takımı 32 parça 6 kişilik Pembe,1749.99,Sofra,2026-05-27
Coaspiral Cam 6lı Bardak 180 ml Lacivert,399.99,Sofra,2026-05-27
Coaspiral Melamin Tepsi Lacivert,179.99,Sofra,2026-05-27
Coastal Bliss Seramik 4 Parça 2 Kişilik Çay Fincanı Takımı 184 ml Açık Mavi,2399.99,Sofra,2026-05-27
Coastal Bliss Seramik 4 Parça 2 Kişilik Çay Fincanı Takımı 184 ml Koyu Mavi,543.99,Sofra,2026-05-27
Coastline Runner 40x140 cm Mavi - Yeşil,279.99,Sofra,2026-05-27
Coastlinear Plastik Katlı Servis 20+27 cm Krem,559.99,Sofra,2026-05-27
Coastlinear Plastik Kek Standı 30x9 cm Krem,419.99,Sofra,2026-05-27
Coastlinear Plastik Sunumluk 30 cm Mavi - Krem,2499.99,Sofra,2026-05-27
Colessa PP Sürahi 1500 ml Krem,1399.95,Sofra,2026-05-27
Colessa PP Sürahi 1500 ml Yeşil,1399.95,Sofra,2026-05-27
Colessa Servis Seti 28 cm Yeşil,849.95,Sofra,2026-05-27
Colorline Paslanmaz Çelik 4lü Tatlı Kaşığı Renkli,2999.99,Sofra,2026-05-27
Confetti Melamin Tepsi 37x18 cm Renkli,199.99,Sofra,2026-05-27
Conner Porselen Kahve Fincan Takımı 4 Parça 2 Kişilik Mavi-Yeşil,1499.99,Sofra,2026-05-27
Copricornus New Bone China Kupa 325 ml Siyah-Beyaz-Gold,1499.99,Sofra,2026-05-27
Cora Cam 3lü Bardak 400 ml Şeffaf,999.99,Sofra,2026-05-27
Cordelia New Bone China 4 Parça 2 Kişilik Kahve Fincan Takımı 90 ml Beyaz - Pembe,2999.99,Sofra,2026-05-27
Cordelia New Bone China 4 Parça 2 Kişilik Çay Fincanı Takımı 220 ml Beyaz - Pembe,3999.95,Sofra,2026-05-27
Core Metal Tepsi 52x39 cm Krem,629.99,Sofra,2026-05-27
Cosmic Cam 2li Kadeh 450 ml Şeffaf,314.99,Sofra,2026-05-27
Cosmic Cam 4lü Bardak Şeffaf,395.99,Sofra,2026-05-27
Cosmic Cam 4lü Cup - Dondurma Kasesi,559.99,Sofra,2026-05-27
Cosmic Cam 4lü Kahve Yanı Bardak Şeffaf,539.99,Sofra,2026-05-27
Cosmic Cam 4lü Meşrubat Bardağı,395.99,Sofra,2026-05-27
Cosmic Cam Cup - Dondurma Kasesi 320 ml Şeffaf,1249.99,Sofra,2026-05-27
Cosmic Cam Kek Standı Cm,1039.99,Sofra,2026-05-27
Cosmic Cam Lokumluk 9 Cm,999.99,Sofra,2026-05-27
"Cosmic Cam Sunumluk 7x7,5x13 Cm Şeffaf",1749.99,Sofra,2026-05-27
Cosmic Cam Sunumluk Şeffaf,1999.99,Sofra,2026-05-27
Cosmic Cam Şekerlik Şeffaf,1499.99,Sofra,2026-05-27
Cosmos Cam 2 Bölmeli Sunumluk Şeffaf,359.99,Sofra,2026-05-27
Cosmos Seramik Kahvaltı Takımı 14 parça 6 kişilik Lacivert,7999.99,Sofra,2026-05-27
Cosy Stripe Melamin Kaydırmaz 2li Tepsi 42x31 cm + 25x38 cm Mavi,629.99,Sofra,2026-05-27
Cottage Tepsi 30x8 cm Mavi,419.99,Sofra,2026-05-27
Cove Cam Sürahi 1260 ml Renkli,1399.95,Sofra,2026-05-27
Cozy Cam Sürahi 1260 ml Renkli,1399.95,Sofra,2026-05-27
Cozy Polyresin Dekoratif Tepsi Kahve,3749.99,Sofra,2026-05-27
Crispy Flowers Seramik Çerezlik Krem,799.95,Sofra,2026-05-27
Crispy Flowers Seramik Çerezlik Lacivert,799.95,Sofra,2026-05-27
Cross Cam 2li Kayık Tabak 23x17 cm Şeffaf,300.0,Sofra,2026-05-27
Crux Cam Sunumluk Şeffaf,559.99,Sofra,2026-05-27
Crysta Cam 2li Kadeh 250 ml Pembe,1499.99,Sofra,2026-05-27
Cup of Sunshine Cam Kupa 270 ml Sarı,1299.99,Sofra,2026-05-27
Cute Cat New Bone China 2 Parça 1 Kişilik Kahve Fincan Takımı 90 ml Siyah-Gold,2499.99,Sofra,2026-05-27
Cyrus Cam Kek Standı 25 cm Şeffaf,479.99,Sofra,2026-05-27
Dainty Ahşap-Cam 5 Parça Sunumluk 10x5 cm Şeffaf,439.99,Sofra,2026-05-27
Daisy 4 Bölmeli Kahvaltılık 26x23 cm Yeşil,1999.99,Sofra,2026-05-27
Daisy Days New Bone China 4 Parça 2 Kişilik Cam Tabaklı Kahve Fincan Takımı 80 ml Pembe - Yeşil,629.99,Sofra,2026-05-27
Daisy Seramik Pasta Seti 13 parça 6 kişilik Renkli,8999.99,Sofra,2026-05-27
Dalia Jüt 2li Amerikan Servis Gri,1499.99,Sofra,2026-05-27
Dalia Jüt 2li Amerikan Servis Siyah,239.99,Sofra,2026-05-27
Dalmata Seramik Bardak Altlığı 10.8x0.8 cm Beyaz - Yeşil,1099.99,Sofra,2026-05-27
Daphne New Bone China Kupa 320 ml Açık Kahverengi,1499.99,Sofra,2026-05-27
Daphne New Bone China Kupa 320 ml Bej,1499.99,Sofra,2026-05-27
Darcy Polyresin Dekoratif Tepsi Kahve,559.99,Sofra,2026-05-27
Daydream PP 2li Amerikan Servis 30x45 cm Mavi - Pembe,999.95,Sofra,2026-05-27
Daylora Dolomite Kupa 415 ml Mavi-Turuncu,1749.99,Sofra,2026-05-27
Daylora Dolomite Kupa 415 ml Sarı - Mavi,1749.99,Sofra,2026-05-27
Daylora Dolomite Kupa 415 ml Turuncu-Sarı,1749.99,Sofra,2026-05-27
Dazzle Cam Sürahi 1500 ml Şeffaf,419.99,Sofra,2026-05-27
Deco Bone Porselen 4 Parça 2 Kişilik Kahve Fincan Takımı 90 ml Siyah,2499.99,Sofra,2026-05-27
Delight Borosilikat Cam Sürahi,3499.99,Sofra,2026-05-27
Detroit Borosilikat Cam Sürahi 1400 ml Şeffaf,559.99,Sofra,2026-05-27
Diamond Cam 6lı Kahve Yanı Bardak 90 ml Şeffaf,2499.99,Sofra,2026-05-27
"Diamond Gleam Cam Şekerlik 9,5X10 CM Şeffaf",1499.99,Sofra,2026-05-27
Diego Paslanmaz Çelik Çatal Kaşık Bıçak Takımı 18 Parça 6 Kişilik Bej,5999.99,Sofra,2026-05-27
Dipsy New Bone China Kupa 460 ml Hardal,479.99,Sofra,2026-05-27
Dolce Vita Seramik 6lı Pasta Seti 20 cm Sarı,4999.99,Sofra,2026-05-27
Dora Porselen Kase 14 cm Beyaz,999.99,Sofra,2026-05-27
Dora Porselen Çerezlik Beyaz,899.99,Sofra,2026-05-27
Dorothy Dekoratif Tepsi Kahve,629.99,Sofra,2026-05-27
Dorothy Jüt 2li Amerikan Servis Bej,1499.99,Sofra,2026-05-27
Dreamline New Bone China Kupa 290 ml Koyu Yeşil-Turuncu,1499.99,Sofra,2026-05-27
Dreamline New Bone China Kupa 290 ml Yeşil-Turuncu,1499.99,Sofra,2026-05-27
Dreampetal New Bone China 12 Parça 6 Kişilik Kahve Fincan Takımı 80 ml Mavi,6499.99,Sofra,2026-05-27
Dreamy Garden Opal Masa Örtüsü 140x200 cm Renkli,559.99,Sofra,2026-05-27
Dressy PP 2li Amerikan Servis 38 cm Krem,1749.99,Sofra,2026-05-27
Duskfall Cam Standlı ve 4lü Kupa 180 ml Renkli,3999.99,Sofra,2026-05-27
Dynamic Cam 3lü Bardak 400 ml Mor,215.99,Sofra,2026-05-27
Earl Cam Kek Standı 20 cm Şeffaf,400.0,Sofra,2026-05-27
Echo Porselen 4 Parça 2 Kişilik Kahve Fincan Takımı 80 ml Mavi,1499.99,Sofra,2026-05-27
Eclat Cam Karaf 1100 ml Şeffaf,1999.99,Sofra,2026-05-27
Eclipse Cam Şişe 1100 ml Mavi,1399.99,Sofra,2026-05-27
Eclipsed Porselen 4 Parça 2 Kişilik Kahve Fincan Takımı 85 ml Beyaz-Gold,479.99,Sofra,2026-05-27
Edenic 4lü Bardak Altlığı 14 cm Beyaz - Lacivert,223.98,Sofra,2026-05-27
Edenic Runner 40x140 cm Lacivert,2199.99,Sofra,2026-05-27
Edwin Porselen 4 Parça 2 Kişilik Kahve Fincan Takımı Mavi-Yeşil,1499.99,Sofra,2026-05-27
Elegant Mermer Sunumluk Beyaz,1279.99,Sofra,2026-05-27
Elegant Seramik Bardak Altlığı 10.8x0.8 cm Siyah - Beyaz,1499.99,Sofra,2026-05-27
Elisa PP 2li Amerikan Servis 35 cm Naturel,1499.99,Sofra,2026-05-27
Elisa Porselen Kahve Fincan Takımı 12 Parça 6 Kişilik Mavi,3499.99,Sofra,2026-05-27
Elise Çelik 4 Parça 2 Kişilik Çay Seti 170 ml Gold,419.99,Sofra,2026-05-27
Elise Çelik 4 Parça 2 Kişilik Çay Seti 170 ml Silver,2499.99,Sofra,2026-05-27
Elite Seramik Kahve Fincan Takımı 4 Parça 2 Kişilik Gri,1399.99,Sofra,2026-05-27
Elixir Cam Karaf 1800 ml Şeffaf,269.99,Sofra,2026-05-27
Elodie Porselen Kase Beyaz,999.99,Sofra,2026-05-27
Elodie Porselen Kayık Tabak Beyaz,799.99,Sofra,2026-05-27
"Eloise Borosilikat-Akasya 2li Tuzluk - Biberlik 6x7,5 Cm Şeffaf",2749.99,Sofra,2026-05-27
Elroy Akasya-Cam Kek Fanusu 30 cm Şeffaf,1679.99,Sofra,2026-05-27
Elvina Bone Porselen 4 Parça 2 Kişilik Kahve Fincan Takımı 90 ml Renkli,2499.99,Sofra,2026-05-27
Elyra Bone Porselen 4 Parça 2 Kişilik Kahve Fincan Takımı 90 ml Mavi Gold,639.99,Sofra,2026-05-27
Elysian Seramik Bardak Altlığı 11 cm Beyaz - Lacivert,799.95,Sofra,2026-05-27
Emberly Cam 4 Parça 2 Kişilik Çay Seti 165 ml Kahverengi-Gold,359.99,Sofra,2026-05-27
Emberly New Bone China 4 Parça 2 Kişilik Çay Fincanı Takımı 230 ml Kahverengi,719.99,Sofra,2026-05-27
Emma Metal Tepsi Gold,1399.99,Sofra,2026-05-27
Emma Metal Tepsi Silver,1399.99,Sofra,2026-05-27
Enjoy the Moment Bone Porselen 2li Espresso Fincan 90 ml Yeşil-Sarı,1499.99,Sofra,2026-05-27
"Estella Borosilikat-Akasya 2li Tuzluk - Biberlik 8x4x5,5 Cm Şeffaf",419.99,Sofra,2026-05-27
Etna Seramik Kase Kırmızı,1299.99,Sofra,2026-05-27
Etna Seramik Kupa 430 ml Yeşil,1299.99,Sofra,2026-05-27
Etna Seramik Çerezlik Kırmızı,999.99,Sofra,2026-05-27
Evelina New Bone China 12 Parça 6 Kişilik Kahve Fincan Takımı 90 ml Açık Pembe-Sarı-Mavi,7999.99,Sofra,2026-05-27
Evelina New Bone China 4 Parça 2 Kişilik Kahve Fincan Takımı 90 ml Koyu Yeşil,3499.99,Sofra,2026-05-27
Evelina New Bone China 4 Parça 2 Kişilik Kahve Fincan Takımı 90 ml Lacivert,629.99,Sofra,2026-05-27
Evie Bone Porselen 12 Parça 6 Kişilik Kahve Fincan Takımı Turuncu-Mavi,799.99,Sofra,2026-05-27
Evie Bone Porselen Çay Tabağı 11 cm Turuncu,699.99,Sofra,2026-05-27
Fabele Porselen 4 Parça 2 Kişilik Kahve Fincan Takımı 80 ml Renkli,1999.99,Sofra,2026-05-27
Fabulous Bone Porselen 2’li Espresso Fincan 90 ml Beyaz,1499.99,Sofra,2026-05-27
Farleg Bambu 4lü Amerikan Servis 4Siyah,279.99,Sofra,2026-05-27
Farleg Bambu 4lü Amerikan Servis Renkli,1999.99,Sofra,2026-05-27
Fawn Porselen 4 Parça 2 Kişilik Kahve Fincan Takımı 80 ml Koyu Mavi,1499.99,Sofra,2026-05-27
Faye Pamuk Runner Krem,1749.99,Sofra,2026-05-27
Feel Good Seramik Pasta Tabağı 13x19 cm Turuncu-Siyah,999.99,Sofra,2026-05-27
Feliz Porselen 4 Parça 2 Kişilik Kahve Fincan Takımı 80 ml Renkli,1749.99,Sofra,2026-05-27
Fern PP 2li Amerikan Servis 38 cm Beyaz - Mavi,239.99,Sofra,2026-05-27
Fiesta Seramik Kahvaltı Takımı 14 parça 6 kişilik Yeşil,7499.99,Sofra,2026-05-27
Fiora Amerikan Servis Kırmızı,1399.99,Sofra,2026-05-27
Fiora Amerikan Servis Mavi,1399.99,Sofra,2026-05-27
Fiore Cam 4lü Kadeh 540 Ml Açık Pembe,359.99,Sofra,2026-05-27
Fiore Cam 4lü Kadeh 540 Ml Açık Yeşil,359.99,Sofra,2026-05-27
Fiore New Bone China Kase Gri,279.99,Sofra,2026-05-27
Fiore New Bone China Pasta Tabağı Gri,2499.99,Sofra,2026-05-27
Fiore New Bone China Servis Tabağı Gri,479.99,Sofra,2026-05-27
Fiore New Bone China Tatlı Tabağı Gri,1749.99,Sofra,2026-05-27
Fiore New Bone China Çukur Yemek Tabağı 22 cm Gri,2999.99,Sofra,2026-05-27
Fiorellino Porselen Kahvaltı Takımı Yeşil-Sarı-Pembe-Mavi,5999.99,Sofra,2026-05-27
Fishy Cam Çerezlik Mavi,799.99,Sofra,2026-05-27
Flair Cam 3lü Bardak 365 ml Şeffaf,1499.99,Sofra,2026-05-27
Flaria Seramik Bardak Altlığı 10.8x0.8 cm Beyaz - Sarı,1149.95,Sofra,2026-05-27
Fleur Cam 2li Bardak Pembe,269.99,Sofra,2026-05-27
Floe Seramik 4lü Pasta Tabağı 20 cm Renkli,3499.99,Sofra,2026-05-27
Flor Pura Masa Örtüsü 150x220 cm Mint,899.99,Sofra,2026-05-27
Flor Pura Masa Örtüsü 150x220 cm Pembe,899.99,Sofra,2026-05-27
Flora Paslanmaz Çelik Kokteyl Çatalı 4 Parça Gold,319.99,Sofra,2026-05-27
Floral Bliss New Bone China Kupa 450 ml Renkli,1499.99,Sofra,2026-05-27
Floral Breeze New Bone China Kupa 450 ml Renkli,1499.99,Sofra,2026-05-27
"Floral Garden Melamin 4lü Kahvaltılık 24,5x21,5 cm Renkli",799.99,Sofra,2026-05-27
Floral Garden New Bone China Kupa 450 ml Renkli,1499.99,Sofra,2026-05-27
Floral Grace Stoneware Sunumluk Siyah - Beyaz,519.99,Sofra,2026-05-27
Floral Heaven New Bone China Kupa 450 ml Renkli,1499.99,Sofra,2026-05-27
Floral Stripe Seramik Bardak Altlığı 11 cm Renkli,188.99,Sofra,2026-05-27
Floral Symphony Bone Porselen Yemek Takımı 24 Parça 6 Kişilik Renkli,3999.99,Sofra,2026-05-27
Florana New Bone China 4 Parça 2 Kişilik Çay Fincanı Takımı 220 ml Koyu Pembe,989.99,Sofra,2026-05-27
Florana New Bone China 4 Parça 2 Kişilik Çay Fincanı Takımı 220 ml Yeşil,989.99,Sofra,2026-05-27
Floreline Bone Porselen Ayaklı Kek Standı 30 cm Renkli,1119.99,Sofra,2026-05-27
"Floreline Bone Porselen Kayık Tabak 25,5 cm Renkli",1999.99,Sofra,2026-05-27
"Floreline Bone Porselen Çerezlik 11,5 cm Renkli",1249.99,Sofra,2026-05-27
Florend Bone Porselen Kase 14 cm Renkli,1249.99,Sofra,2026-05-27
"Florend Bone Porselen Çerezlik 11,5 cm Renkli",1249.99,Sofra,2026-05-27
Florentis Bone Porselen Kase 19 cm Renkli,3249.99,Sofra,2026-05-27
Florentis Bone Porselen Katlı Servis 19+26 cm Renkli,3999.99,Sofra,2026-05-27
"Florentis Bone Porselen Kayık Tabak 21,5 cm Renkli",1499.99,Sofra,2026-05-27
Florentis Bone Porselen Pasta Tabağı 19 cm Renkli,1249.99,Sofra,2026-05-27
Florentis Bone Porselen Servis Tabağı 27 cm Renkli,1999.99,Sofra,2026-05-27
"Florentis Bone Porselen Çerezlik 11,5 cm Renkli",1249.99,Sofra,2026-05-27
Floret Cam Şişe 750 ml Beyaz,1249.99,Sofra,2026-05-27
Floretta Bone Porselen 4 Parça 2 Kişilik Kahve Fincan Takımı 90 ml Mor,503.99,Sofra,2026-05-27
Florida Cam Cup - Dondurma Kasesi Kahverengi,1249.99,Sofra,2026-05-27
Flossy Masa Örtüsü 150x200 cm Beyaz - Bej,899.99,Sofra,2026-05-27
Flossy Runner 40x140 cm Beyaz - Bej,1999.99,Sofra,2026-05-27
Flower Chic Dekoratif Tepsi Gold,559.99,Sofra,2026-05-27
"Flower Stoneware 2li Tuzluk - Biberlik 6x3,5x5,5 cm Pembe - Mavi",1999.99,Sofra,2026-05-27
Flowerella Dolomite Katlı Servis 21+26 cm Kırmızı-Pembe,839.99,Sofra,2026-05-27
Flowery Home Dolomite Kupa Renkli,4999.99,Sofra,2026-05-27
Flurries Amerikan Servis 38 cm Renkli,1499.99,Sofra,2026-05-27
Flux Cam 3lü Bardak 285 ml Şeffaf,1199.99,Sofra,2026-05-27
Fresco Porselen 4 Parça 2 Kişilik Kahve Fincan Takımı 80 ml Kırmızı - Beyaz,1749.99,Sofra,2026-05-27
Frezya Porselen Kahvaltı Takımı 20 Parça 6 Kişilik Renkli,12499.99,Sofra,2026-05-27
Frezya Porselen Yemek Takımı 24 Parça 6 Kişilik Sarı-Yeşil,3199.99,Sofra,2026-05-27
Friends Cam 3lü Lisanslı Bardak 315 Ml Renkli,223.99,Sofra,2026-05-27
Friends Cam Lisanslı Başucu Sürahi 700 Ml + 220 Ml Renkli,1999.99,Sofra,2026-05-27
Friends Cam Lisanslı Şişe 500 ml Renkli,1399.99,Sofra,2026-05-27
Fringe Jüt 2li Amerikan Servis 30x45 cm Pembe,1749.99,Sofra,2026-05-27
Frosty Tree Stoneware Kupa 330 ml Yeşil,1999.99,Sofra,2026-05-27
Frucht Cam 2li Bardak 380 ml Renkli,1249.99,Sofra,2026-05-27
Fruit Cam 2li Bardak 380 ml Renkli,1499.99,Sofra,2026-05-27
Fruity Seramik 4lü Pasta Seti 20 cm Renkli,2499.99,Sofra,2026-05-27
Fusion Seramik Kayık Tabak 27 cm Pembe,1299.99,Sofra,2026-05-27
Fusion Seramik Servis Tabağı 26 cm Pembe,1199.99,Sofra,2026-05-27
Fusion Seramik Servis Tabağı 26 cm Yeşil,1199.99,Sofra,2026-05-27
Gales Cam Çerezlik 11 cm Şeffaf,799.95,Sofra,2026-05-27
Garden Charm Stoneware 4 Parça Sunumluk 20 cm Renkli,3999.99,Sofra,2026-05-27
Garden Delight Stoneware 5 Parça Sunumluk 20 cm Renkli,6499.99,Sofra,2026-05-27
Garden Dream New Bone China 4 Parça 2 Kişilik Kahve Fincan Takımı 90 ml Yeşil-Beyaz,3999.99,Sofra,2026-05-27
Garden Serenity Stoneware Sunumluk Renkli,639.99,Sofra,2026-05-27
Gardenia Porselen Kase Yeşil,2499.99,Sofra,2026-05-27
Gardenia Porselen Kayık Tabak 30 cm Yeşil,1749.99,Sofra,2026-05-27
Gardenia Porselen Pasta Tabağı 19 cm Yeşil,1199.99,Sofra,2026-05-27
Gardenia Porselen Servis Tabağı 25 cm Yeşil,1249.99,Sofra,2026-05-27
Gardenia Porselen Çerezlik 11 cm Beyaz - Yeşil,999.99,Sofra,2026-05-27
Gardenia Porselen Çerezlik 11 cm Yeşil,999.99,Sofra,2026-05-27
Geometric Glow Kaydırmaz Tepsi 34x25 Cm Lacivert – Gold,1149.99,Sofra,2026-05-27
Georgia Cam Dekoratif Tepsi Mavi,479.99,Sofra,2026-05-27
Gifty Flower New Bone China Kupa 310 ml Pembe-Sarı-Mavi,2499.99,Sofra,2026-05-27
Gifty Petal New Bone China Kupa 310 ml Pembe-Sarı-Mavi,349.99,Sofra,2026-05-27
Giselle Cam Kase Gold,2249.99,Sofra,2026-05-27
Giselle Cam Pasta Tabağı 16 cm Gold,1499.99,Sofra,2026-05-27
"Glacis Akasya-Cam 4 Parça Sunumluk 33x10,5x6 cm Şeffaf",439.99,Sofra,2026-05-27
"Glamour Metal İkram Tepsisi 34,5x22 Cm Silver",6499.99,Sofra,2026-05-27
Glance Borosilikat Cam Sürahi Şeffaf,479.99,Sofra,2026-05-27
Gleam Cam 3lü Kadeh 350 ml Gold,449.99,Sofra,2026-05-27
Gleam Cam 3lü Kadeh 350 ml Silver,319.99,Sofra,2026-05-27
Gleam Paslanmaz Çelik Tepsi 35 cm Silver,439.99,Sofra,2026-05-27
Gleam Pipetli Cam Bardak 400 ml Lila,199.99,Sofra,2026-05-27
Glimmer Cam 2li Bardak Pembe - Yeşil,399.99,Sofra,2026-05-27
Glimmer Cam 2li Kadeh 250 ml Pembe - Yeşil,2499.99,Sofra,2026-05-27
Glint Cam 6lı Kahve Yanı Bardak 125 ml Gold,2999.99,Sofra,2026-05-27
Glint Metal İkram Tepsisi 20 cm Silver,559.99,Sofra,2026-05-27
Glintter Cam 3lü Cup 380 ml Şeffaf,419.99,Sofra,2026-05-27
Glitter Cam 3lü Bardak 350 ml Gold,299.99,Sofra,2026-05-27
Glory Cam Karaf 1000 ml Yeşil,3999.99,Sofra,2026-05-27
Glow Borosilikat Cam Sürahi 1800 ml Şeffaf,479.99,Sofra,2026-05-27
Glow Cam Sunumluk 16 cm Şeffaf-Gold,2199.99,Sofra,2026-05-27
Glow Metal Tepsi Silver,2249.99,Sofra,2026-05-27
Glowy White Bone Porselen 4 Parça 2 Kişilik Kahve Fincan Takımı 90 ml Siyah-Beyaz-Gold,559.99,Sofra,2026-05-27
Gola Bambu 2li Amerikan Servis Gri,1249.99,Sofra,2026-05-27
Gola Bambu 2li Amerikan Servis Lila,1299.99,Sofra,2026-05-27
Gola Bambu 2li Amerikan Servis Pudra,1399.99,Sofra,2026-05-27
Gola Bambu 4lü Amerikan Servis Bal,2499.99,Sofra,2026-05-27
Gold Leaves Cam 6lı Çay Bardağı 132 ml Şeffaf-Gold,2249.99,Sofra,2026-05-27
Golden Gleam Porselen Kase Beyaz-Gold,2999.99,Sofra,2026-05-27
Golden Gleam Porselen Kupa 440 ml Beyaz-Gold,399.99,Sofra,2026-05-27
Golden Harmony Kaydırmaz Tepsi Lacivert – Gold,2499.99,Sofra,2026-05-27
Goldenite Masa Örtüsü 145x200 cm Gold,1169.99,Sofra,2026-05-27
Goldenite Runner 45x145 cm Gold,479.99,Sofra,2026-05-27
Goldie Eye New Bone China Kupa 370 ml Beyaz-Gold,1499.99,Sofra,2026-05-27
Goldie Moon New Bone China Kupa 370 ml Siyah-Gold,1499.99,Sofra,2026-05-27
Good Day New Bone China Kupa 400 ml Siyah-Beyaz-Gold,1749.99,Sofra,2026-05-27
Good Day Seramik Çerezlik 13 cm Turuncu-Siyah,999.99,Sofra,2026-05-27
Good Mood Bliss Çelik Termos Kırmızı,2499.99,Sofra,2026-05-27
Good Mood Bliss Çelik Termos Siyah,2499.99,Sofra,2026-05-27
Good Mood Bliss Çelik Termos Yeşil,2499.99,Sofra,2026-05-27
Good Mood Dora Çelik Kaşıklı Saklama Termosu 750 ml Mavi,1039.99,Sofra,2026-05-27
Good Mood Dora Çelik Kaşıklı Saklama Termosu 750 ml Yeşil,1039.99,Sofra,2026-05-27
Good Mood Elise Çelik Termos 2 Litre Petrol Mavisi,1079.99,Sofra,2026-05-27
Good Mood Elise Çelik Termos 2 Litre Sütlü Kahve,959.99,Sofra,2026-05-27
Good Mood Etna Çelik Termos 1200 ml Mint,4999.99,Sofra,2026-05-27
Good Mood Etna Çelik Termos 1200 ml Mor,4999.99,Sofra,2026-05-27
Good Mood Fiera Çelik Termos 350 ml Kırmızı,447.99,Sofra,2026-05-27
Good Mood Florinox Çelik Termos 500 ml Inox,559.99,Sofra,2026-05-27
Good Mood HeatLock Çelik Bardaklı Termos 1 Litre Koyu Yeşil,839.99,Sofra,2026-05-27
Good Mood HeatLock Çelik Bardaklı Termos 1 Litre Siyah,839.99,Sofra,2026-05-27
Good Mood HeatLock Çelik Bardaklı Termos 500 ml Petrol Mavisi,419.99,Sofra,2026-05-27
Good Mood HeatLock Çelik Bardaklı Termos 500 ml Sütlü Kahve,439.99,Sofra,2026-05-27
Good Mood HeatLock Çelik Bardaklı Termos Kırmızı,6499.99,Sofra,2026-05-27
Good Mood Jenga Çelik Termos 750 ml Inox,799.99,Sofra,2026-05-27
Good Mood Journey Çelik Termos 600 ml Krem,639.99,Sofra,2026-05-27
Good Mood Journey Çelik Termos 600 ml Mor,639.99,Sofra,2026-05-27
Good Mood Kids Sky Çelik Termos Bardak 600 ml Lacivert,2199.99,Sofra,2026-05-27
Good Mood Leora PP – Cam Termos 1L Gri,2499.99,Sofra,2026-05-27
Good Mood Leora PP – Cam Termos 1L Kırmızı,2499.99,Sofra,2026-05-27
Good Mood Leora PP – Cam Termos 1L Siyah,2499.99,Sofra,2026-05-27
Good Mood Leora PP – Cam Termos 1L Turkuaz,279.99,Sofra,2026-05-27
Good Mood Lidya Çelik Travel Mug 570 ml Pembe,494.99,Sofra,2026-05-27
Good Mood Lidya Çelik Travel Mug 570 ml Turuncu,494.99,Sofra,2026-05-27
Good Mood Lidya Çelik Travel Mug 570 ml Yeşil,2749.99,Sofra,2026-05-27
Good Mood Loa Çelik Travel Mug 750 ml Lacivert,674.99,Sofra,2026-05-27
Good Mood Loa Çelik Travel Mug 750 ml Mor,674.99,Sofra,2026-05-27
Good Mood Lunchy Çelik Saklama Termosu 500 ml Krem,629.98,Sofra,2026-05-27
Good Mood Lunchy Çelik Saklama Termosu 500 ml Mor,629.98,Sofra,2026-05-27
Good Mood Lunchy Çelik Saklama Termosu 500 ml Yeşil,629.98,Sofra,2026-05-27
Good Mood Mila Çelik Termos 700 ml Gri,1039.99,Sofra,2026-05-27
Good Mood Mila Çelik Termos 700 ml Pudra Pembe,6499.99,Sofra,2026-05-27
Good Mood Mona Çelik Travel Mug 500 ml Açık Gri,2499.99,Sofra,2026-05-27
Good Mood Mona Çelik Travel Mug 500 ml Koyu Gri,2499.99,Sofra,2026-05-27
Good Mood Napoli Çelik Travel Mug 500 ml Mavi,439.99,Sofra,2026-05-27
Good Mood Napoli Çelik Travel Mug 500 ml Pembe,439.99,Sofra,2026-05-27
Good Mood Napoli Çelik Travel Mug 500 ml Siyah - Gri,479.99,Sofra,2026-05-27
Good Mood Napoli Çelik Travel Mug 500 ml Sütlü Kahve,319.99,Sofra,2026-05-27
Good Mood Napoli Çelik Travel Mug 500 ml Turuncu,439.99,Sofra,2026-05-27
Good Mood New Etna Çelik Termos 900 ml Bordo,639.99,Sofra,2026-05-27
Good Mood New Etna Çelik Termos 900 ml Gri,639.99,Sofra,2026-05-27
Good Mood New Etna Çelik Termos 900 ml Krem,639.99,Sofra,2026-05-27
Good Mood New Etna Çelik Termos 900 ml Mor,594.99,Sofra,2026-05-27
Good Mood New Etna Çelik Termos 900 ml Yeşil,639.99,Sofra,2026-05-27
"Good Mood Orion Cam Termos 1,6L Gri",1039.99,Sofra,2026-05-27
Good Mood Raven Çelik Termos 650 ml Gri,1039.99,Sofra,2026-05-27
Good Mood Raven Çelik Termos 650 ml Siyah,1039.99,Sofra,2026-05-27
Good Mood Sascha Paslanmaz Çelik Termos Pembe,4999.99,Sofra,2026-05-27
Good Mood Seramik Çerezlik 13 cm Turuncu-Siyah,999.99,Sofra,2026-05-27
"Good Mood Sparrow Cam Termos 0,95 L Pembe",1169.99,Sofra,2026-05-27
Good Mood Temp Çelik Termos Gri,3999.99,Sofra,2026-05-27
Good Mood Valen Çelik Termos 900 ml Beyaz,839.99,Sofra,2026-05-27
Good Mood Valen Çelik Termos 900 ml Gri,5999.99,Sofra,2026-05-27
Good Mood Valen Çelik Termos 900 ml Yeşil,5999.99,Sofra,2026-05-27
Good Mood Viva Çelik Termos 500 ml Gri,519.99,Sofra,2026-05-27
Graceful PP 2li Amerikan Servis 38 cm Gold,1999.99,Sofra,2026-05-27
Graceful PP 2li Amerikan Servis 38 cm Silver,1999.99,Sofra,2026-05-27
Graceful Shapes Cam Pasta Tabağı Gold,1199.99,Sofra,2026-05-27
Graceful Shapes Cam Servis Tabağı Gold,1249.99,Sofra,2026-05-27
Gracy Kristalin 6lı Bardak Gold,1169.99,Sofra,2026-05-27
Green Dream Emaye Kek Standı 31 cm Yeşil,4999.99,Sofra,2026-05-27
Green Pine Dolomite 4lü Kupa 153 ml-193 ml-267 ml-267 ml Yeşil,7999.99,Sofra,2026-05-27
Green Year PP 2li Amerikan Servis 38 cm Yeşil,1499.99,Sofra,2026-05-27
Greentide Cam 3 Parça Su Takımı 1150 ml + 315 ml Yeşil,399.99,Sofra,2026-05-27
Greeny Pamuk Masa Örtüsü 150x200 cm Beyaz - Yeşil,4999.99,Sofra,2026-05-27
Grena Borosilikat Cam Sürahi 1500 ml Yeşil,479.99,Sofra,2026-05-27
Greta Cam 2li Tuzluk - Biberlik 105 ml Koyu Bej,1399.99,Sofra,2026-05-27
Greta Cam 2li Tuzluk-Biberlik Antrasit,1499.99,Sofra,2026-05-27
Gridify Pvc 4lü Amerikan Servis 30x45 cm Bej,1499.99,Sofra,2026-05-27
Gridlane Pvc Masa Örtüsü Bej,2249.99,Sofra,2026-05-27
Gridlane Pvc Masa Örtüsü Kırmızı,2249.99,Sofra,2026-05-27
Gridlane Pvc Masa Örtüsü Mavi,2249.99,Sofra,2026-05-27
Groove Cam Şişe 980 ml Pembe,1499.99,Sofra,2026-05-27
Groove Cam Şişe 980 ml Turkuaz,1499.99,Sofra,2026-05-27
Grove Bambu 4lü Amerikan Servis 30x45 cm Siyah,1999.99,Sofra,2026-05-27
Grove Bambu 4lü Amerikan Servis Krem,1249.99,Sofra,2026-05-27
Gum Ahşap 7 Parça Bardak Altlığı Renkli,1399.99,Sofra,2026-05-27
Gusto Borosilikat Cam Kupa Hardal,1399.99,Sofra,2026-05-27
Happiness Cam Sürahi 1500 ml Renkli,349.99,Sofra,2026-05-27
Happy New Year Metal Tepsi 35x23 cm Kırmızı,1149.99,Sofra,2026-05-27
Harmon Cam Çerezlik Mor-Turkuaz,999.99,Sofra,2026-05-27
Harmonia Masa Örtüsü 145x200 cm Bej,4499.99,Sofra,2026-05-27
Harmonic Gold Kaydırmaz Tepsi 34 cm Lacivert – Gold,1749.99,Sofra,2026-05-27
Harmony Silver Porselen Tek Kişilik Kahve Sunum Seti 100 ml Beyaz-Silver,4999.99,Sofra,2026-05-27
Harry Potter Cam 3lü Lisanslı Bardak 315 Ml Renkli,1999.99,Sofra,2026-05-27
Harry Potter Cam Lisanslı Başucu Sürahi 700 Ml + 220 Ml Renkli,239.99,Sofra,2026-05-27
Harry Potter Cam Lisanslı Şişe 500 ml Renkli,1399.99,Sofra,2026-05-27
Heartie Borosilikat Cam Çift Cidarlı Kupa 160 ml Şeffaf,1499.99,Sofra,2026-05-27
"HeatLock Çelik Bardaklı Termos 1,5L Koyu Yeşil",5999.99,Sofra,2026-05-27
"HeatLock Çelik Bardaklı Termos 1,5L Siyah",1079.99,Sofra,2026-05-27
Hecha Seramik Yemek Takımı 4 Parça Tek Kişilik Krem,3999.99,Sofra,2026-05-27
Hecha Seramik Yemek Takımı 4 Parça Tek Kişilik Siyah,399.99,Sofra,2026-05-27
Hello New Day New Bone China Bardak Altlıklı Kupa 450 ml Beyaz,2249.99,Sofra,2026-05-27
Henna Bambu 4lü Amerikan Servis 30x45 cm Siyah,1249.99,Sofra,2026-05-27
Hera Porselen Kase 16 cm Gold,999.99,Sofra,2026-05-27
Herbal New Bone China Bardak 230 ml Beyaz - Yeşil,1249.99,Sofra,2026-05-27
Hestia New Bone China Kupa 350 ml Beyaz,1199.99,Sofra,2026-05-27
Hestia New Bone China Kupa 350 ml Gri,1199.99,Sofra,2026-05-27
Hestia New Bone China Kupa 350 ml Somon,1199.99,Sofra,2026-05-27
Hexa Cam 2li Tuzluk - Biberlik 4x9 cm Şeffaf,1999.99,Sofra,2026-05-27
Holly Metal Tepsi 16x35 cm Lacivert,1399.99,Sofra,2026-05-27
Hollyberry Ahşap 4lü Bardak Altlığı 11 cm Renkli,999.99,Sofra,2026-05-27
Hope More Stoneware Kupa 400 ml Renkli,1749.99,Sofra,2026-05-27
Horizon Porselen Kahvaltı Takımı 16 Parça 4 Kişilik Siyah,6999.99,Sofra,2026-05-27
Horizon Porselen Kahvaltı Takımı 16 Parça 4 Kişilik Yeşil,7999.99,Sofra,2026-05-27
Hues Cam 3lü Bardak 290 ml Şeffaf,1249.99,Sofra,2026-05-27
Isidora Emaye Yuvarlak Tepsi 31 cm Krem,479.99,Sofra,2026-05-27
Isidora Emaye Yuvarlak Tepsi Açık Mint,359.99,Sofra,2026-05-27
Janice Cam 12 Parça 6 Kişilik Çay Seti 135 ml Gold,1199.99,Sofra,2026-05-27
Jessica Porselen 20 Parça 6 Kişilik Kahvaltı Takımı Renkli,2079.99,Sofra,2026-05-27
Jingle Borosilikat Cam Sürahi Şeffaf,3499.99,Sofra,2026-05-27
Jinglewood Ahşap 4lü Bardak Altlığı 12x14 cm Renkli,1399.99,Sofra,2026-05-27
"Joy Akasya Sunumluk 25,3x13,5 cm Beyaz - Yeşil",400.0,Sofra,2026-05-27
Joy Dolomite Sunumluk 24x13 cm Beyaz - Kırmızı,639.99,Sofra,2026-05-27
Joy Dolomite Sunumluk Beyaz - Kırmızı,629.99,Sofra,2026-05-27
Joyful Christmas Cam Pipetli Bardak 400 ml Kırmızı,1199.99,Sofra,2026-05-27
Joyful Christmas Cam Pipetli Bardak 400 ml Yeşil,1199.99,Sofra,2026-05-27
Joyfull Bloom Cam Sürahi 1500 ml Renkli,399.99,Sofra,2026-05-27
Joyfull Seramik 6lı Çerezlik 6 cm Renkli,439.99,Sofra,2026-05-27
Kokina Borosilikat Pipetli Bardak 460 ml Kırmızı,1499.99,Sofra,2026-05-27
Koza Cam 3lü Meşrubat Bardağı Gold,1499.99,Sofra,2026-05-27
Kütahya Porselen Bone Luz Kahvaltı Takımı 18 Parça 6 Kişilik Beyaz,3499.99,Sofra,2026-05-27
Kütahya Porselen Milena Yemek Takımı 24 Parça 6 Kişilik Ekru,3299.99,Sofra,2026-05-27
Kütahya Porselen Moderna Kahvaltı Takımı 14 Parça 6 Kişilik Mavi Seashore,2399.99,Sofra,2026-05-27
Kütahya Porselen Moderna Yemek Takımı 24 Parça 6 Kişilik Tarçın,3999.99,Sofra,2026-05-27
Kütahya Porselen Romance Kahvaltı Takımı 14 Parça 6 Kişilik Renkli,1999.99,Sofra,2026-05-27
Laccy Cam 8 Parça 4 Kişilik Çay Seti 170 ml Gold,959.99,Sofra,2026-05-27
Lamour Seramik 6lı Pasta Tabağı 20 cm Renkli,799.99,Sofra,2026-05-27
Largii Cam Şişe Turkuaz,1399.99,Sofra,2026-05-27
Larry Kayık Tabak Lacivert,1249.99,Sofra,2026-05-27
Larry Porselen Kase Kırmızı,1499.99,Sofra,2026-05-27
Larry Porselen Kase Lacivert,999.99,Sofra,2026-05-27
Lavender Porselen Kahvaltı Takımı 12 Parça 6 Kişilik Yeşil-Mavi,7999.99,Sofra,2026-05-27
Lavendpetal New Bone China 12 Parça 6 Kişilik Kahve Fincan Takımı 80 ml Mavi,1039.99,Sofra,2026-05-27
Layla Bone Porselen Yemek Takımı 24 Parça 6 Kişilik Yeşil,3999.99,Sofra,2026-05-27
Leafora New Bone China Kupa 460 ml Yeşil-Mavi,3499.99,Sofra,2026-05-27
Leafscape Cam 3 Parça Su Takımı 1150 ml + 380 ml Yeşil,2999.99,Sofra,2026-05-27
Leafscape Emaye Bardak 350 ml Yeşil,1499.99,Sofra,2026-05-27
Leafscape New Bone China Kupa 460 ml Beyaz - Yeşil,539.99,Sofra,2026-05-27
Leafscape New Bone China Kupa 460 ml Yeşil,539.99,Sofra,2026-05-27
Leafy Dreams Melamin 2’li Kaydırmaz Tepsi 42x31 cm + 25x38 cm Yeşil,2999.99,Sofra,2026-05-27
Lelia Cam 2li Tuzluk - Biberlik 4x5 cm Gold,1099.99,Sofra,2026-05-27
Lelia Cam 2li Tuzluk - Biberlik 4x5 cm Silver,1049.99,Sofra,2026-05-27
Lemmy Porselen 8 Parça 4 Kişilik Çay Seti 165 ml Renkli,699.99,Sofra,2026-05-27
Lemon Bloom Metal Koruyuculu Servis Tamamlayıcı 30 Cm Sarı - Lacivert,1999.99,Sofra,2026-05-27
Lemon Cam 4lü Pasta Seti 19 cm Sarı-Yeşil,2999.99,Sofra,2026-05-27
Lemon Garden Seramik 6lı Pasta Seti 16 cm Renkli,2999.99,Sofra,2026-05-27
Lemon Garden Stoneware Kupa 320 ml Sarı,1399.99,Sofra,2026-05-27
Lemon Mısır Amerikan Servis 38 cm Krem,1399.99,Sofra,2026-05-27
"Lemon Stoneware 2li Tuzluk - Biberlik 6,5x5x5,5 cm Sarı",1999.99,Sofra,2026-05-27
Lemony Porselen Kahvaltı Takımı 20 Parça 6 Kişilik Sarı,2399.99,Sofra,2026-05-27
Leno Porselen Kahve Fincan Takımı 4 Parça 2 Kişilik Yeşil,1999.99,Sofra,2026-05-27
Lenore 2li Amerikan Servis 35x50 cm Gold,799.99,Sofra,2026-05-27
Lenore Masa Örtüsü 150x220 cm Gold,719.99,Sofra,2026-05-27
Leopa Seramik Bardak Altlığı 11 cm Bej,1499.99,Sofra,2026-05-27
Leoterra Seramik Bardak Altlığı 11 cm Kahverengi,1499.99,Sofra,2026-05-27
Leptis Paslanmaz Çelik Çatal Kaşık Bıçak Takımı 18 Parça 6 Kişilik Gold,1599.99,Sofra,2026-05-27
Leptis Paslanmaz Çelik Çatal Kaşık Bıçak Takımı 18 Parça 6 Kişilik Siyah,9999.99,Sofra,2026-05-27
Leron 2li Amerikan Servis Beyaz,1399.99,Sofra,2026-05-27
Lianis Emaye Kupa 350 ml Yeşil-Mavi,2249.99,Sofra,2026-05-27
Lilies Jüt 2li Amerikan Servis Antrasit,269.99,Sofra,2026-05-27
Lilla Cam 2li Tuzluk - Biberlik 4x4 cm Gold,1499.99,Sofra,2026-05-27
Lilla Cam 2li Tuzluk - Biberlik 4x4 cm Silver,1049.99,Sofra,2026-05-27
Lilt Cam Şişe 1500 ml Antrasit,1749.99,Sofra,2026-05-27
Lily Cam 3lü Bardak 290 ml Yeşil,1249.99,Sofra,2026-05-27
Lily Cam Çerezlik 12 cm Gold,999.99,Sofra,2026-05-27
Lilya Porselen 6lı Pasta Seti 19 cm Renkli,479.99,Sofra,2026-05-27
Lina Seramik Kase Krem,999.99,Sofra,2026-05-27
Lina Seramik Kase Yeşil,999.99,Sofra,2026-05-27
Lina Seramik Kupa 150 ml Krem,1149.95,Sofra,2026-05-27
Lina Seramik Kupa 150 ml Yeşil,1149.95,Sofra,2026-05-27
Lina Seramik Pasta Tabağı 14 cm Yeşil,799.99,Sofra,2026-05-27
Lina Seramik Çerezlik Krem,799.95,Sofra,2026-05-27
Lina Seramik Çerezlik Yeşil,799.95,Sofra,2026-05-27
Linea Seramik Kahvaltı Takımı 14 parça 6 kişilik Renkli,1199.99,Sofra,2026-05-27
Linear Cam 6lı Kahve Yanı Bardak 90 ml Şeffaf,1999.99,Sofra,2026-05-27
Little Unicorn Pipetli Bardak Pembe,999.99,Sofra,2026-05-27
Livia Bone Porselen 4 Parça 2 Kişilik Kahve Fincan Takımı 90 ml Renkli,399.99,Sofra,2026-05-27
Livia Porselen Yemek Takımı Gold,3679.99,Sofra,2026-05-27
Lolly Cam Şekerlık Şeffaf,1299.99,Sofra,2026-05-27
Loly New Bone China Kupa 460 ml Bordo,539.99,Sofra,2026-05-27
Loneta Cam Çerezlik Pembe,799.95,Sofra,2026-05-27
Looney Tunes Cam Lisanslı Başucu Sürahi 700 Ml + 220 Ml Renkli,1999.99,Sofra,2026-05-27
Looney Tunes Cam Lisanslı Şişe 500 ml Renkli,1399.99,Sofra,2026-05-27
Loopera Kağıt 2li Amerikan Servis 38 cm Kırmızı,1749.99,Sofra,2026-05-27
Loreva New Bone China Kupa 460 ml Yeşil-Pembe,1299.99,Sofra,2026-05-27
Louice Rattan Sedefli Tepsi Kahverengi,719.99,Sofra,2026-05-27
Love Day New Bone China Kupa 400 ml Siyah-Beyaz-Gold,2249.99,Sofra,2026-05-27
Love More Cam Bardak 380 ml Siyah,899.99,Sofra,2026-05-27
Love More Stoneware Kupa 400 ml Pembe,269.99,Sofra,2026-05-27
Love Stoneware Kupa 395 ml Turuncu,279.99,Sofra,2026-05-27
"Lovely Stoneware 4lü Çerezlik 6,5 cm Kırmızı",1499.99,Sofra,2026-05-27
Lovely Stoneware 8 Parça 4 Kişilik Fincan 150 ml Kırmızı,639.99,Sofra,2026-05-27
Lucan Cam Şişe 1000 ml Pembe,1749.99,Sofra,2026-05-27
Lucent Cam 3lü Bardak Şeffaf,224.99,Sofra,2026-05-27
Lucent Cam 4 Parça 2 Kişilik Kahve Fincan Takımı 102 ml Şeffaf,359.99,Sofra,2026-05-27
Lucent Cam Kupa 260 ml Şeffaf,749.99,Sofra,2026-05-27
Lucent Cam Pasta Tabağı 20 cm Şeffaf,1499.99,Sofra,2026-05-27
Lucienne Kristal 6lı Kadeh 530 ml Şeffaf,1119.99,Sofra,2026-05-27
"Lulia Akasya-Cam 2li Tuzluk - Biberlik 4,5x8cm Şeffaf",479.99,Sofra,2026-05-27
Luly Cam Sunumluk 38x13x7 Cm Şeffaf,479.99,Sofra,2026-05-27
Luma Seramik 2li Tuzluk - Biberlik 6 cm Krem,1049.99,Sofra,2026-05-27
Luminous Cam 3 Parça Su Takımı 1000 ml + 315 ml Şeffaf,359.99,Sofra,2026-05-27
Luminous White Bone Porselen 4 Parça 2 Kişilik Çay Fincanı Takımı 180 ml Siyah-Beyaz-Gold,719.99,Sofra,2026-05-27
Lunara Porselen 18 Parça 6 Kişilik Çay-Kahve Takımı 170-90 ml Beyaz,1199.99,Sofra,2026-05-27
Lunara Porselen 4 Parça 2 Kişilik Kahve Fincan Takımı 90 ml Beyaz,2499.99,Sofra,2026-05-27
Lunara Porselen 4 Parça 2 Kişilik Çay Fincanı Takımı 220 ml Beyaz,639.99,Sofra,2026-05-27
Lunara Porselen Kase Beyaz,1199.99,Sofra,2026-05-27
Lunara Porselen Kupa 350 ML Beyaz - Yeşil,749.99,Sofra,2026-05-27
Lunara Porselen Kupa 350 ml Beyaz,1499.99,Sofra,2026-05-27
Lunara Porselen Makarna Tabağı 27 cm Beyaz,1749.99,Sofra,2026-05-27
Lunara Porselen Pasta Tabağı 20 cm Beyaz,1499.99,Sofra,2026-05-27
Lunara Porselen Servis Tabağı 24 cm Beyaz,1999.99,Sofra,2026-05-27
Lunara Porselen Tabak Beyaz,1299.99,Sofra,2026-05-27
Lunara Porselen Çerezlik 10 cm Beyaz,1299.99,Sofra,2026-05-27
Lusana Cam Başucu Sürahi Antrasit,1399.95,Sofra,2026-05-27
Lusana Cam Başucu Sürahi Mavi,1399.95,Sofra,2026-05-27
Lush Elegance Paslanmaz Çelik T.Çatal-Kaşık Set 4 Parça Gold,1999.99,Sofra,2026-05-27
Lush Pamuk Masa Örtüsü 140x200 cm Krem,539.99,Sofra,2026-05-27
Lush Paslanmaz Çelik Tatlı Kaşığı 4 Parça Gold,1299.99,Sofra,2026-05-27
Lustrado Cam Lüsterli Şişe 500 ml Renkli,223.99,Sofra,2026-05-27
Lustraze Cam 3lü Lüsterli Bardak 375 ml Renkli,2499.99,Sofra,2026-05-27
Lustre Cam Pasta Tabağı 20 cm Krem-Gold,1499.99,Sofra,2026-05-27
Lustrous Kristal 2li Bardak Şeffaf,279.99,Sofra,2026-05-27
Lustrous Kristal 2li Kadeh Şeffaf,319.99,Sofra,2026-05-27
Luxe Cam 6lı Çerezlik 9 cm Şeffaf,399.99,Sofra,2026-05-27
Luxe Flora Paslanmaz Çelik Tatlı Kaşığı 4 Parça Gold,1999.99,Sofra,2026-05-27
Luxe Keten Look Masa Örtüsü 150x200 cm Bej,1039.99,Sofra,2026-05-27
Luxe Keten Runner Bej,479.99,Sofra,2026-05-27
Luxe White Bone Porselen 4 Parça 2 Kişilik Kahve Fincan Takımı 90 ml Siyah-Beyaz-Gold,3499.99,Sofra,2026-05-27
Luz Bone Porselen Yemek Takımı 24 Parça 6 Kişilik Renkli,3999.99,Sofra,2026-05-27
Luzia Cam 3 Parça Karaf Şeffaf,799.99,Sofra,2026-05-27
Lydie Akasya-Cam Kek Fanusu 26 cm Şeffaf,1499.99,Sofra,2026-05-27
Mae Cam 4lü Cup - Dondurma Kasesi 270 ml Şeffaf,419.99,Sofra,2026-05-27
Maglieria Rafya 2li Peçete Halkası 6 cm Taba,749.95,Sofra,2026-05-27
"Malic Melamin Kaydırmaz Tepsi 20x28,5 cm Kırmızı",1749.99,Sofra,2026-05-27
Malic Seramik Pasta Tabağı 20 cm Renkli,1199.99,Sofra,2026-05-27
Mara Cam 2li Kase Şeffaf,1299.99,Sofra,2026-05-27
Mara Cam 2li Çerezlik Şeffaf,1499.99,Sofra,2026-05-27
Marcelo Porselen Kase 13 cm Beyaz,999.99,Sofra,2026-05-27
Marcelo Porselen Çerezlik Beyaz,899.99,Sofra,2026-05-27
Marcuss Cam Şişe 1000 ml Mavi,1749.99,Sofra,2026-05-27
Marin Symphony Runner 40x140 cm Beyaz - Lacivert,419.99,Sofra,2026-05-27
Marine Anchor Seramik Pasta Tabağı 16 cm Lacivert – Yeşil,999.99,Sofra,2026-05-27
Mariner Parade New Bone China Kupa 260 ml Mavi - Kırmızı -Yeşil,1249.99,Sofra,2026-05-27
Mariner Sun Stoneware 6 Parça 3 Kişilik Fincan 150 ml Mavi-Kırmızı,479.99,Sofra,2026-05-27
Marinique Porselen Kayık Tabak Mavi-yeşil,329.99,Sofra,2026-05-27
Marinique Porselen Pasta Tabağı 23 cm Mavi-yeşil,2249.99,Sofra,2026-05-27
Marinova Porselen Kase Mavi-Beyaz,3249.99,Sofra,2026-05-27
Marinova Porselen Pasta Tabağı 23 cm Mavi-Beyaz,2249.99,Sofra,2026-05-27
Marinova Porselen Çerezlik Mavi-Beyaz,1499.99,Sofra,2026-05-27
Maritime Melody Melamin Kaydırmaz Tepsi 25x38 cm Beyaz - Lacivert,1499.99,Sofra,2026-05-27
Marivella New Bone China 4 Parça 2 Kişilik Kahve Fincan Takımı 100 ml Mavi,799.99,Sofra,2026-05-27
Marivella New Bone China Kupa 460 ml Mavi,799.99,Sofra,2026-05-27
Marivella New Bone China Yemek Takımı 24 Parça 6 Kişilik Mavi,4799.99,Sofra,2026-05-27
Marlon Porselen Yemek Takımı 16 Parça 4 Kişilik Krem - Yeşil,7499.99,Sofra,2026-05-27
Martinez Bambu 4lü Amerikan Servis Bal,1999.99,Sofra,2026-05-27
Martinez Bambu 4lü Amerikan Servis Kahve,2249.99,Sofra,2026-05-27
Marvelous Bone Porselen Yemek Takımı 54 Parça 12 Kişilik Lacivert,59999.99,Sofra,2026-05-27
Maya Cam Çerezlik 13 cm Gold,799.99,Sofra,2026-05-27
Maze Porselen 6lı Pasta Seti 19 cm Renkli,479.99,Sofra,2026-05-27
Meadow Masa Örtüsü 145x200 cm Beyaz - Mavi,6499.99,Sofra,2026-05-27
Meghan Cam 2li Kadeh Antrasit,395.99,Sofra,2026-05-27
Melie Cam Şişe Mavi,1499.99,Sofra,2026-05-27
Merci Seramik Kupa 260 ml Yeşil,1499.99,Sofra,2026-05-27
Merion Cam Şişe 1000 ml Şeffaf,199.99,Sofra,2026-05-27
Mica Cam Kase,799.95,Sofra,2026-05-27
Mika Porselen Kahve Fincan Takımı 4 Parça 2 Kişilik Siyah,1499.99,Sofra,2026-05-27
Mika Porselen Kahve Fincan Takımı 4 Parça 2 Kişilik Yeşil,1749.99,Sofra,2026-05-27
Mile Seramik Pasta Tabağı 20 cm Gri,849.99,Sofra,2026-05-27
Mile Seramik Çerezlik 13 cm Gri,799.95,Sofra,2026-05-27
Mini&Mummy Seramik İkili Kupa 150-230 ml Mavi - Pembe,2499.99,Sofra,2026-05-27
Miny Cam Kapaklı Sunumluk Şeffaf,519.99,Sofra,2026-05-27
Miny Cam Pasta Tabağı Şeffaf,999.99,Sofra,2026-05-27
Miny Cam Salata Kasesi Şeffaf,279.99,Sofra,2026-05-27
Miny Cam Çerezlik,799.95,Sofra,2026-05-27
Miny Cam Çerezlik Şeffaf,159.99,Sofra,2026-05-27
Mira Porselen 4 Parça 2 Kişilik Kahve Fincan Takımı 80 ml Yeşil,1499.99,Sofra,2026-05-27
Miraca Seramik Kase Krem,799.95,Sofra,2026-05-27
Miracle Cam 2li Bardak 235 ml Mavi - Yeşil,2999.99,Sofra,2026-05-27
Mirage Cam 3lü Bardak Şeffaf-Gold,319.99,Sofra,2026-05-27
Mirage Cam 3lü Kadeh Şeffaf-Gold,449.99,Sofra,2026-05-27
Mistral Borosilikat Cam Çift Cidarlı Kupa Şeffaf,1499.99,Sofra,2026-05-27
Mix Me 3 Parça Servis Seti 32 cm Kırmızı,1499.99,Sofra,2026-05-27
Mix Me 3 Parça Servis Seti Yeşil,1299.99,Sofra,2026-05-27
Mixed Lines Porselen Kahve Fincan Takımı Renkli,2499.99,Sofra,2026-05-27
Modern Cube Bone Porselen Kahve Fincan Takımı 4 Parça 2 Kişilik Sarı,319.99,Sofra,2026-05-27
Modern Cube Bone Porselen Kahve Fincan Takımı 4 Parça 2 Kişilik Turuncu,1899.99,Sofra,2026-05-27
Modern Cube Bone Porselen Pasta Tabağı 20 cm Yeşil,849.95,Sofra,2026-05-27
"Molly Cam Meşrubatlık 3,5L Şeffaf",1039.99,Sofra,2026-05-27
Molten Cam Şişe Mavi,1499.99,Sofra,2026-05-27
Monarch Porselen Kase Siyah - Beyaz,359.99,Sofra,2026-05-27
Monarch Porselen Kayık Tabak 30 cm Siyah - Beyaz,279.99,Sofra,2026-05-27
Monarch Porselen Pasta Tabağı 19 cm Siyah - Beyaz,1299.99,Sofra,2026-05-27
Monarch Porselen Servis Tabağı 25 cm Siyah - Beyaz,1249.99,Sofra,2026-05-27
Monarch Porselen Çukur Tabak 19 cm Siyah - Beyaz,1299.99,Sofra,2026-05-27
Monica Cam 12 Parça 6 Kişilik Çay Seti 80 ml Gold,9999.99,Sofra,2026-05-27
Mood Cups New Bone China 8 Parça 4 Kişilik Kahve Fincan Takımı 90 ml Renkli,5999.99,Sofra,2026-05-27
Moonlit Porselen 12 Parça 6 Kişilik Kahve Fincan Takımı 90 ml Beyaz-Gold,1439.99,Sofra,2026-05-27
Mossia Seramik Bardak Altlığı 10.8x0.8 cm Beyaz - Yeşil,1149.95,Sofra,2026-05-27
Mossica Melamin Tepsi 24x14 cm Yeşil,1149.95,Sofra,2026-05-27
My Bottle Cam Şişe 750 ml Antrasit,1499.99,Sofra,2026-05-27
Myla Cam Kayık Tabak 47x17 cm Gold,719.99,Sofra,2026-05-27
Mystic Eyes New Bone China Kupa 425 ml Gold,479.99,Sofra,2026-05-27
Mystic Look New Bone China Kupa 425 ml Gold,1749.99,Sofra,2026-05-27
Nami Porselen 4 Parça 2 Kişilik Kahve Fincan Takımı 80 ml Yeşil,1749.99,Sofra,2026-05-27
Nautical Emaye Katlı Servis 21x29 cm Mavi,4299.99,Sofra,2026-05-27
Navy Ajurlu Masa Örtüsü 150x200 cm Krem,809.99,Sofra,2026-05-27
Navy Ajurlu Masa Örtüsü 150x200 cm Siyah,719.99,Sofra,2026-05-27
New Year Joy Metal Tepsi 35x23 cm Yeşil,1149.99,Sofra,2026-05-27
Nimbus Seramik 2li Tuzluk - Biberlik 14x8 cm Beyaz,224.99,Sofra,2026-05-27
Nish Cam Başucu Sürahi 750 ml + 200 ml Şeffaf,2999.99,Sofra,2026-05-27
Nixie Flowery Porselen 12 Parça 6 Kişilik Kahve Fincan Takımı 80 ml Yeşil-Mavi,629.99,Sofra,2026-05-27
Nixie Porselen 4 Parça 2 Kişilik Kahve Fincan Takımı 80 ml Yeşil-Mavi,1499.99,Sofra,2026-05-27
Noble Metal İkram Tepsisi 35 cm Silver,479.99,Sofra,2026-05-27
Noctara Cam 4 Parça 2 Kişilik Çay Seti 165 ml Kahverengi-Gold,2499.99,Sofra,2026-05-27
Noctis Cam 2li Tuzluk - Biberlik 6x9 cm Şeffaf,2499.99,Sofra,2026-05-27
Nostalgia Porselen 4 Parça 2 Kişilik Kahve Fincan Takımı 90 ml Mavi-Sarı,3999.99,Sofra,2026-05-27
Nour Masa Örtüsü 145x200 cm Gold,629.99,Sofra,2026-05-27
Nour Runner 45x145 cm Gold,2499.99,Sofra,2026-05-27
Nour Runner 45x145 cm Silver,1999.99,Sofra,2026-05-27
Nova Cam Pasta Tabağı 22 cm Siyah-Gold,999.99,Sofra,2026-05-27
Nova Cam Servis Tabağı 28 cm Siyah-Gold,1249.99,Sofra,2026-05-27
Nova Cam Çerezlik 14 cm Siyah-Gold,1299.99,Sofra,2026-05-27
Nura Cam Şişe 450 ml Şeffaf,1199.99,Sofra,2026-05-27
Octavia Borosilikat-Akasya 2li Tuzluk - Biberlik 6x8 cm Şeffaf,479.99,Sofra,2026-05-27
"Octaviana Akasya-Cam 2li Tuzluk - Biberlik 4,5x8cm Yeşil",559.99,Sofra,2026-05-27
Olith Cam Kase Mavi,999.99,Sofra,2026-05-27
Olith Cam Kase Yeşil,999.99,Sofra,2026-05-27
Olith Cam Pasta Tabağı Mavi,999.99,Sofra,2026-05-27
Olith Cam Çerezlik Yeşil,999.99,Sofra,2026-05-27
Olivia Akrilik Kırılmaz Bardak Şeffaf,899.99,Sofra,2026-05-27
Opal Seramik Kahvaltı Takımı 10 parça 4 kişilik Yeşil,1039.99,Sofra,2026-05-27
Opalin 4lü Bardak Altlığı 14 cm Beyaz - Kırmızı,1499.99,Sofra,2026-05-27
Ophelia Porselen Kase Mavi-Beyaz,999.99,Sofra,2026-05-27
Ophelia Porselen Kayık Tabak Mavi-Beyaz,999.99,Sofra,2026-05-27
Ophelia Porselen Çerezlik Mavi-Beyaz,799.99,Sofra,2026-05-27
Optimus Borosilikat Cam Sürahi 1400 ml Şeffaf,479.99,Sofra,2026-05-27
Orange Carny Bone Porselen Kase 15 cm Turuncu-Mavi,1499.99,Sofra,2026-05-27
Orange Seramik Bardak Altlığı 11 cm Yeşil,999.99,Sofra,2026-05-27
Orangeis Tepsi Beyaz - Turuncu,1749.99,Sofra,2026-05-27
Oria Cam 6lı Cup - Dondurma Kasesi,4999.99,Sofra,2026-05-27
Orient Akasya Sunumluk Koyu Kahverengi,479.99,Sofra,2026-05-27
Orphia Cam 2li Tuzluk - Biberlik 6x9 cm Şeffaf,2499.99,Sofra,2026-05-27
Orvin Porselen 4 Parça 2 Kişilik Kahve Fincan Takımı 90 ml Gümüş,639.99,Sofra,2026-05-27
Oyster Cam Bardak 400 ml Mavi,899.99,Sofra,2026-05-27
Palette Cam 3lü Bardak 230 ml Renkli,2249.99,Sofra,2026-05-27
Palle Cam Tuzluk - Biberlik 11 Cm,1999.99,Sofra,2026-05-27
Pantherra Seramik Bardak Altlığı 11 cm Kahverengi,1499.99,Sofra,2026-05-27
Pappi Porselen Kahve Fincan Takımı 4 Parça 2 Kişilik Mavi,1749.99,Sofra,2026-05-27
Paradise Cam 3lü Bardak 425 ml Şeffaf,1249.99,Sofra,2026-05-27
Paradise Cam 3lü Kadeh 350 ml Şeffaf,359.99,Sofra,2026-05-27
Parma Porselen Yemek Takımı 12 Parça 4 Kişilik Silver,1599.99,Sofra,2026-05-27
Parsley Cam 4lü Bardak 425 ml Yeşil,2499.99,Sofra,2026-05-27
Parsley New Bone China Bardak 230 ml Beyaz - Yeşil,999.99,Sofra,2026-05-27
Party Splash Cam 3lü Standlı Kokteyl Bardak 34 ml Renkli,2499.99,Sofra,2026-05-27
Pastel Dream Porselen 4lü Pasta Seti 20 cm Renkli,2999.99,Sofra,2026-05-27
Pearl Plastik Rattan Kek Standı 30 cm Açık Kahverengi,719.99,Sofra,2026-05-27
Pearly Cam Şişe 1250 ml Koyu Yeşil,1499.99,Sofra,2026-05-27
Pearly Cam Şişe 1250 ml Şeffaf,209.99,Sofra,2026-05-27
Pearly Cam Şişe Mavi,1499.99,Sofra,2026-05-27
Peble Cam Şişe Şeffaf,1499.99,Sofra,2026-05-27
Pecan Masa Örtüsü 145x200 cm Bej-Kahverengi,899.99,Sofra,2026-05-27
Pecan Runner 40x140 cm Bej-Kahverengi,1499.99,Sofra,2026-05-27
Pelia New Bone China Bardak Altlıklı Kupa 380 ml Pembe,2499.99,Sofra,2026-05-27
Perfection Masa Örtüsü 145x200 cm Lacivert,989.99,Sofra,2026-05-27
Petal Cam Çerezlik 12 cm Gold,999.99,Sofra,2026-05-27
Petal Dreams Melamin 2’li Kaydırmaz Tepsi 33-24 cm Pembe - Yeşil,479.99,Sofra,2026-05-27
Petal Haven Bone Porselen 4 Parça 2 Kişilik Kahve Fincan Takımı 90 ml Yeşil,399.99,Sofra,2026-05-27
Petal Parade Porselen Kahvaltı ve Sunum Seti 15 Parça 6 Kişilik Renkli,19999.99,Sofra,2026-05-27
Petite New Bone China Kase 23 cm Renkli,3250.0,Sofra,2026-05-27
Petite Seramik Kahvaltı Takımı 14 parça 6 kişilik Renkli,7499.99,Sofra,2026-05-27
Phoebe Cappucino New Bone China Kupa 200 ml Lacivert,1499.99,Sofra,2026-05-27
Phoebe Cappucino New Bone China Kupa 200 ml Yeşil,1499.99,Sofra,2026-05-27
Phoebe Latte New Bone China Kupa 200 ml Krem,209.99,Sofra,2026-05-27
Phoebe New Bone China 2 Parça 2 Kişilik Espresso Fincan 90 ml Lacivert - Krem,1749.99,Sofra,2026-05-27
Phoebe New Bone China 4 Parça 2 Kişilik Kahve Fincan Takımı 90 ml Lacivert - Krem,3499.99,Sofra,2026-05-27
Pia Porselen Kahve Fincan Takımı 4 Parça 2 Kişilik Mavi,1499.99,Sofra,2026-05-27
Pico Cam Ahşap Kapaklı 4 Bölmeli Kahvaltılık 21x21 cm Şeffaf,4999.99,Sofra,2026-05-27
Pico Lines Porselen 12 Parça 6 Kişilik Kahve Fincan Takımı 80 ml Lacivert-Kırmızı,629.99,Sofra,2026-05-27
Pico Porselen 4 Parça 2 Kişilik Kahve Fincan Takımı 80 ml Lacivert-Kırmızı,1499.99,Sofra,2026-05-27
Pine Tree Dolomite Kupa Koyu Yeşil,699.99,Sofra,2026-05-27
Pineglow Amerikan Servis 38 cm Yeşil,1499.99,Sofra,2026-05-27
Pixel Porselen Pasta Tabağı 4lü Renkli,3999.99,Sofra,2026-05-27
Pixel Porselen Yemek Takımı 12 Parça 4 Kişilik Renkli,12499.99,Sofra,2026-05-27
Plaina Pvc 4lü Amerikan Servis 30x45 cm Açık Mint,1499.99,Sofra,2026-05-27
Plantopia Emaye Tepsi 31 cm Yeşil,899.99,Sofra,2026-05-27
Plantopia Melamin 4lü Cam Kapaklı Kahvaltılık 30x21 cm Koyu Yeşil,639.99,Sofra,2026-05-27
Plantopia Melamin 6lı Cam Kapaklı Kahvaltılık 39x21 cm Beyaz - Yeşil,5999.99,Sofra,2026-05-27
Plantopia Porselen Kayık Tabak 17x10 cm Beyaz - Yeşil,1499.99,Sofra,2026-05-27
Plantopia Porselen Kayık Tabak 18x14 cm Yeşil,1499.99,Sofra,2026-05-27
Plantopia Porselen Kayık Tabak Lacivert-Yeşil,1749.99,Sofra,2026-05-27
Plantopia Porselen Kayık Tabak Sarı-Yeşil,1499.99,Sofra,2026-05-27
Plantopia Porselen Pasta Tabağı 15 cm Beyaz - Lacivert,1249.99,Sofra,2026-05-27
Plantopia Porselen Yemek Takımı 24 Parça 6 Kişilik Bordo,17499.99,Sofra,2026-05-27
Plantopia Porselen Yemek Takımı 24 Parça 6 Kişilik Yeşil,3149.99,Sofra,2026-05-27
Plantopia Porselen Çerezlik 11 cm Koyu Yeşil,1299.99,Sofra,2026-05-27
Plantopia Porselen Çerezlik 11 cm Yeşil,1299.99,Sofra,2026-05-27
Plantopia Porselen Çerezlik 9 cm Lacivert-Yeşil,999.99,Sofra,2026-05-27
Plantopia Porselen Çerezlik 9 cm Sarı-Yeşil,999.99,Sofra,2026-05-27
Plantopia Porselen Çerezlik Beyaz - Yeşil,1299.99,Sofra,2026-05-27
Playful Loop Seramik Kupa 350 ml Kırmızı-Pembe,1499.99,Sofra,2026-05-27
Playful Twist Seramik Kupa 350 ml Sarı-Turuncu,1249.99,Sofra,2026-05-27
Point Seramik Kahvaltı Takımı 14 parça 6 kişilik Renkli,1199.99,Sofra,2026-05-27
Positive Seramik Kupa 260 ml Renkli,1499.99,Sofra,2026-05-27
Preston Nova Porselen Yemek Takımı 24 Parça 6 Kişilik Mavi,14999.99,Sofra,2026-05-27
Preston Nova Porselen Yemek Takımı 24 Parça 6 Kişilik Yeşil,14999.99,Sofra,2026-05-27
Preston Stoneware Kayık Tabak Bordo,1519.99,Sofra,2026-05-27
Pretty Home Dolomite Kupa Renkli,799.99,Sofra,2026-05-27
Prime Borosilikat Cam Sürahi 1400 ml Şeffaf,559.99,Sofra,2026-05-27
Pura Cam Şişe 450 ml Şeffaf,1199.99,Sofra,2026-05-27
Pure Flower Porselen Kupa Açık Mavi,1299.99,Sofra,2026-05-27
Pure Flower Porselen Kupa Küf Yeşili,1299.99,Sofra,2026-05-27
Pure Paslanmaz Çelik Çatal Kaşık Bıçak Takımı 18 Parça 6 Kişilik Krem,7499.99,Sofra,2026-05-27
Pure Porselen Yemek Takımı 21 Parça 6 Kişilik Beyaz,17499.99,Sofra,2026-05-27
Purepetal New Bone China 4 Parça 2 Kişilik Cam Tabaklı Kahve Fincan Takımı 80 ml Yeşil,629.99,Sofra,2026-05-27
"Puries Cam Lokumluk Şekerlik 6,5x5,5x7 cm Şeffaf",1149.95,Sofra,2026-05-27
Rabecca New Bone China Kahve Fincan Takımı 4 Parça 2 Kişilik Kırmızı,539.99,Sofra,2026-05-27
Rabecca New Bone China Kahve Fincan Takımı 4 Parça 2 Kişilik Lacivert,539.99,Sofra,2026-05-27
Rabecca New Bone China Kahve Fincan Takımı 4 Parça 2 Kişilik Pembe,2999.99,Sofra,2026-05-27
Rabecca New Bone China Kahve Fincan Takımı 4 Parça 2 Kişilik Siyah,539.99,Sofra,2026-05-27
Rabecca New Bone China Kahve Fincan Takımı 4 Parça 2 Kişilik Yeşil,2999.99,Sofra,2026-05-27
Rachel Cam 12 Parça 6 Kişilik Çay Seti 135 ml Şeffaf,1079.99,Sofra,2026-05-27
Ramona Cam 3lü Bardak Pembe - Mavi,2249.99,Sofra,2026-05-27
Raphael Akasya-Cam Kek Fanusu 25 cm Şeffaf,1399.99,Sofra,2026-05-27
Rapture Porselen 4 Parça 2 Kişilik Kahve Fincan Takımı 80 ml Mavi,1999.99,Sofra,2026-05-27
Reflection Metal Kapaklı Sunumluk Silver,479.99,Sofra,2026-05-27
Refresh Bottle Cam Kılıflı Şişe 600 ml Pembe,1499.99,Sofra,2026-05-27
Refresh Bottle Cam Kılıflı Şişe 600 ml Turuncu,1399.99,Sofra,2026-05-27
Refresh Bottle Cam Kılıflı Şişe 750 ml Mor,1499.99,Sofra,2026-05-27
Refresh Bottle Cam Kılıflı Şişe 750 ml Pudra,1499.99,Sofra,2026-05-27
Refresh Bottle Cam Kılıflı Şişe Siyah,1499.99,Sofra,2026-05-27
Regal Cam Kek Standı 25 cm Siyah-Gold,479.99,Sofra,2026-05-27
Reina Cam El Yapımı 2li Kadeh Şeffaf-Gold,2249.99,Sofra,2026-05-27
Reina Cam El Yapımı 2’li Meşrubat Bardağı Pudra,2199.99,Sofra,2026-05-27
Remixy Seramik 2li Kahve Fincan Takımı 110 ml Mavi,1999.99,Sofra,2026-05-27
Remixy Seramik 2li Kahve Fincan Takımı 110 ml Yeşil,1999.99,Sofra,2026-05-27
Remixy Seramik 2li Çay Fincanı Takımı 184 ml Bordo,2499.99,Sofra,2026-05-27
Remixy Seramik 2li Çay Fincanı Takımı 184 ml Mavi,399.99,Sofra,2026-05-27
Retro Charm New Bone China Servis Tabağı 27 cm Beyaz - Mavi,1499.99,Sofra,2026-05-27
Retro Hearty New Bone China Kase 10 cm Beyaz - Mavi,1250.0,Sofra,2026-05-27
Retro Paisley New Bone China Kayık Tabak 26 cm Beyaz - Mavi,1750.0,Sofra,2026-05-27
Retro Paisley New Bone China Pasta Tabağı 18 cm Beyaz - Mavi,1499.99,Sofra,2026-05-27
Retro Paisley New Bone China Servis Tabağı 27 cm Beyaz - Mavi,2499.99,Sofra,2026-05-27
Retro Petite New Bone China Kase Renkli,1500.0,Sofra,2026-05-27
Retro Plaid Emaye Tepsi Lacivert – Yeşil,2499.99,Sofra,2026-05-27
Retro Pure Emaye Katlı Servis 21x29 cm Pembe - Yeşil,3999.99,Sofra,2026-05-27
Retro Realm New Bone China Pasta Tabağı 18 cm Beyaz - Turuncu,1500.0,Sofra,2026-05-27
Retro Rosy New Bone China Kayık Tabak 17 cm Beyaz - Turuncu,1250.0,Sofra,2026-05-27
Retro Seramik Kahvaltı Takımı 10 parça 4 kişilik Renkli,6749.99,Sofra,2026-05-27
Retro Seramik Pasta Seti 13 parça 6 kişilik Renkli,9999.99,Sofra,2026-05-27
"Rhenys Cam Ahşap Ayaklı Kase 19,5 cm Şeffaf",639.99,Sofra,2026-05-27
Ribbon Joy Cam 2li Bardak 380 ml Kırmızı - Yeşil,1149.99,Sofra,2026-05-27
Ribbon Joy Masa Örtüsü 150x200 cm Yeşil-Beyaz,639.99,Sofra,2026-05-27
Ribbon Joy Runner 40x140 cm Yeşil-Beyaz,439.99,Sofra,2026-05-27
Ricco Cam Ahşap Kapaklı 4 Bölmeli Kahvaltılık 21x21 cm Renkli,1199.99,Sofra,2026-05-27
Riley Cam Çerezlik Pembe,999.99,Sofra,2026-05-27
Ring Borosilikat Cam Kupa Mavi,1499.99,Sofra,2026-05-27
Ring Borosilikat Cam Kupa Yeşil,1499.99,Sofra,2026-05-27
Ripple Cam 3 Parça Su Takımı 1200 ml + 220 ml Şeffaf,639.99,Sofra,2026-05-27
Rolena %50 Pamuk %50 Jüt 2li Amerikan Servis 35 cm Krem,1749.99,Sofra,2026-05-27
Rolly Cam Şekerlik,1749.99,Sofra,2026-05-27
Romance Porselen Kahvaltı Takımı 12 Parça 6 Kişilik Kırmızı-Siyah,7999.99,Sofra,2026-05-27
Rootix Cam 3lü Cup 300 ml Yeşil,2499.99,Sofra,2026-05-27
Rosalie New Bone China 4 Parça 2 Kişilik Kahve Fincan Takımı 100 ml Renkli,4999.99,Sofra,2026-05-27
Rosalie New Bone China Kupa 460 ml Renkli,599.99,Sofra,2026-05-27
"Roselle Rattan Sunumluk 26x10,5 cm Kahverengi",1999.99,Sofra,2026-05-27
Roselle Seramik 4lü Pasta Seti 16 cm Renkli,2999.99,Sofra,2026-05-27
Rosen Porselen Yemek Takımı 24 Parça 6 Kişilik Lacivert,17499.99,Sofra,2026-05-27
Rosewood Melamin Kaydırmaz Tepsi 27x36 cm Kırmızı,2499.99,Sofra,2026-05-27
Rosy Life Melamin Kaydırmaz 2li Tepsi 33-24 cm Renkli,489.99,Sofra,2026-05-27
Royal Rose Cam Dekoratif Tepsi Gold,3999.99,Sofra,2026-05-27
Royals New Bone China 4 Parça 2 Kişilik Kahve Fincan Takımı 90 ml Mavi,3999.99,Sofra,2026-05-27
"Rustic Iroco Peçete Halkası 3,5x4 Cm Kahverengi",999.99,Sofra,2026-05-27
Rustic Porselen Pasta Seti 7 parça 6 kişilik Renkli,4999.99,Sofra,2026-05-27
Rustique Akasya Sunumluk Kahverengi,909.99,Sofra,2026-05-27
Ruth Pamuk Runner 35x145 Cm Bej,2249.99,Sofra,2026-05-27
Safari Pipetli Bardak Yeşil,999.99,Sofra,2026-05-27
Sage Garden Bone Porselen 4 Parça 2 Kişilik Kahve Fincan Takımı 90 ml Yeşil,439.99,Sofra,2026-05-27
Sailor Lines Pvc 4lü Amerikan Servis 30x45 cm Lacivert-Beyaz,1499.99,Sofra,2026-05-27
Sanitary Borosilikat Şişe 550 ml Mavi,1749.99,Sofra,2026-05-27
Sanitary Borosilikat Şişe 550 ml Pembe,1749.99,Sofra,2026-05-27
Santos Borosilikat 2li Çift Cidarlı Bardak Şeffaf,239.99,Sofra,2026-05-27
Savanna Jüt 2li Amerikan Servis 38 cm Mavi-Bej,1299.99,Sofra,2026-05-27
Seafish Cam Bardak Mavi,1249.99,Sofra,2026-05-27
Seaside Whispers Masa Örtüsü 150x200 cm Beyaz - Lacivert,899.99,Sofra,2026-05-27
Secret Garden Opal Masa Örtüsü 140x200 cm Renkli,629.99,Sofra,2026-05-27
Sedona New Bone China 4 Parça 2 Kişilik Çay Fincanı Takımı 230 ml Kahverengi,3999.99,Sofra,2026-05-27
Selene Porselen 4 Parça 2 Kişilik Kahve Fincan Takımı 80 ml Mavi,559.99,Sofra,2026-05-27
Selene Porselen 4 Parça 2 Kişilik Kahve Fincan Takımı 80 ml Sarı,479.99,Sofra,2026-05-27
Selly Cam 5 Parça Su Takımı 1000 ml + 380 ml Şeffaf,2499.99,Sofra,2026-05-27
Seraphic Cam Pasta Tabağı 19 cm Gold,999.99,Sofra,2026-05-27
Serenade Bone Porselen 4 Parça 2 Kişilik Kahve Fincan Takımı 90 ml Mavi Gold,2999.99,Sofra,2026-05-27
Serenade Bone Porselen 4 Parça 2 Kişilik Kahve Fincan Takımı 90 ml Pembe - Gold,2999.99,Sofra,2026-05-27
Serenade Bone Porselen 4 Parça 2 Kişilik Kahve Fincan Takımı 90 ml Yeşil-Gold,2999.99,Sofra,2026-05-27
Serene Bambu 4lü Amerikan Servis 30x45 cm Pembe - Mavi,1499.99,Sofra,2026-05-27
Serene Bambu 4lü Amerikan Servis 30x45 cm Siyah-Krem,1999.99,Sofra,2026-05-27
"Serene Calm Cam Şekerlik 9x9,5x7,5 cm Şeffaf",1499.99,Sofra,2026-05-27
Serenika Pamuk Runner 40x140 cm Beyaz - Yeşil,439.99,Sofra,2026-05-27
Serenity Blue Bone Porselen Yemek Takımı 24 Parça 6 Kişilik Lacivert,3999.99,Sofra,2026-05-27
Serina Seramik Bardak Altlığı 10.8x0.8 cm Beyaz - Yeşil,1149.95,Sofra,2026-05-27
Seris Bone Porselen 4 Parça 2 Kişilik Kahve Fincan Takımı 90 ml Pembe - Sarı,439.99,Sofra,2026-05-27
Shape Porselen Yemek Takımı 8 Parça 2 Kişilik Beyaz,799.99,Sofra,2026-05-27
Shelltide Masa Örtüsü 150x200 cm Beyaz - Mavi,639.99,Sofra,2026-05-27
Shelltide Seramik Kase 15 cm Mavi-yeşil,699.99,Sofra,2026-05-27
Shellwave Porselen 4lü Pasta Seti 19 cm Lacivert-Beyaz,479.99,Sofra,2026-05-27
Shellwave Runner 40x140 cm Beyaz - Mavi,2249.99,Sofra,2026-05-27
Shimmer Borosilikat Çift Cidarlı Bardak 400 ml Gold,1749.99,Sofra,2026-05-27
Shimmer Borosilikat Çift Cidarlı Bardak 400 ml Silver,1749.99,Sofra,2026-05-27
Shimmer Masa Örtüsü 150x240 cm Gold,1039.99,Sofra,2026-05-27
Shimmer Masa Örtüsü 150x240 cm Silver,6499.99,Sofra,2026-05-27
Shimmer Runner Gold,1399.95,Sofra,2026-05-27
Shimmer Runner Silver,1499.99,Sofra,2026-05-27
Shinea Cam 3 Parça Su Takımı 1000 ml + 315 ml Renkli,399.99,Sofra,2026-05-27
Shiny Cam Bardak Altlığı 10 cm Şeffaf,1149.95,Sofra,2026-05-27
Shiny Metal Sunum Tepsisi Gold,319.99,Sofra,2026-05-27
Shiny Metal Sunum Tepsisi Gümüş,319.99,Sofra,2026-05-27
Shoreline Seramik Kayık Tabak 22 cm Mavi-yeşil,999.99,Sofra,2026-05-27
"Shoreline Seramik Çukur Tabak 19,5 cm Mavi-yeşil",999.99,Sofra,2026-05-27
Siana Cam Kase Gold,999.99,Sofra,2026-05-27
Siana Cam Katlı Servis Gold,479.99,Sofra,2026-05-27
Siana Cam Kek Standı 28 cm Gold,479.99,Sofra,2026-05-27
Siana Cam Pasta Tabağı 21 cm Gold,1499.99,Sofra,2026-05-27
Side Seramik 2 Parça 1 Kişilik Çay Fincanı 225 ml Krem - Taş,2499.99,Sofra,2026-05-27
Simple Bloom Opal Masa Örtüsü 140x200 cm Renkli,559.99,Sofra,2026-05-27
Simple Seramik Kupa 270 ml Bej,1149.95,Sofra,2026-05-27
Simple Seramik Kupa 270 ml Mavi,1149.95,Sofra,2026-05-27
Simple Seramik Kupa 270 ml Yeşil,999.99,Sofra,2026-05-27
Simplex Metal Tepsi 37 cm Krem,2249.99,Sofra,2026-05-27
Simplex Metal Tepsi 37 cm Kırmızı,2249.99,Sofra,2026-05-27
Smile Stoneware Kupa 395 ml Açık Yeşil,279.99,Sofra,2026-05-27
Smooth Fringes Pamuk Runner Bordo,1399.95,Sofra,2026-05-27
Snowman Seramik 2li Tuzluk - Biberlik 9x6 cm Beyaz - Yeşil,559.99,Sofra,2026-05-27
So Blessed New Bone China Bardak Altlıklı Kupa 450 ml Beyaz,2249.99,Sofra,2026-05-27
Soft Cam Sunumluk 18x9x1 Cm Şeffaf,999.99,Sofra,2026-05-27
Soft Dream New Bone China Kupa 250 ml Açık Mavi,1249.99,Sofra,2026-05-27
Soft Dream New Bone China Kupa 250 ml Açık Pembe,1249.99,Sofra,2026-05-27
Soft Dream New Bone China Kupa 250 ml Açık Yeşil,1249.99,Sofra,2026-05-27
Soft Dream New Bone China Kupa 250 ml Lila,1249.99,Sofra,2026-05-27
Soft Garden Porselen Kahvaltı Takımı 20 Parça 6 Kişilik Gold,3999.99,Sofra,2026-05-27
Soft Garden Porselen Yemek Takımı 24 Parça 6 Kişilik Gold,4799.99,Sofra,2026-05-27
Soft Prime Seramik Kahvaltı Takımı 14 parça 6 kişilik Krem,1599.99,Sofra,2026-05-27
Soft glow 4lü Amerikan Servis 30x45 cm Beyaz,1749.99,Sofra,2026-05-27
Soft glow 4lü Amerikan Servis 30x45 cm Gold,1749.99,Sofra,2026-05-27
Sommer Cam Karaf 800 ml Yeşil,1499.99,Sofra,2026-05-27
Somnia Seramik Kahvaltı Takımı 14 parça 6 kişilik Yeşil-Pembe,7999.99,Sofra,2026-05-27
Sonnie Bambu 4lü Amerikan Servis Mint,1999.99,Sofra,2026-05-27
Sonnie Bambu 4lü Amerikan Servis Renkli,319.99,Sofra,2026-05-27
Sora Bloom Porselen 12 Parça 6 Kişilik Kahve Fincan Takımı 80 ml Turuncu-Mavi,3499.99,Sofra,2026-05-27
Spectral Cam 2li Lüsterli Kadeh Renkli,359.99,Sofra,2026-05-27
Spinora Kağıt 2li Amerikan Servis 38 cm Pembe - Turuncu,1999.99,Sofra,2026-05-27
Spinora Kağıt 2li Amerikan Servis 38 cm Yeşil,1999.99,Sofra,2026-05-27
Splash Seramik Kahvaltı Takımı 10 parça 4 kişilik Kırmızı-Pembe,799.99,Sofra,2026-05-27
Splashy Stoneware Kupa 300 ml Açık Kahverengi,1999.99,Sofra,2026-05-27
Spring Time Dekoratif Tepsi Gold,3999.99,Sofra,2026-05-27
Springtime Cam 3lü Kadeh 280 ml Mavi - Pudra,1999.99,Sofra,2026-05-27
Springtime Cam 3lü Kadeh 280 ml Pembe - Yeşil,1999.99,Sofra,2026-05-27
Springtime Cam 3lü Kadeh 280 ml Renkli,1999.99,Sofra,2026-05-27
Sprosse Cam 2li Kadeh 350 ml Yeşil,319.99,Sofra,2026-05-27
Spruce Cam 6lı Kahve Yanı Bardak 125 ml Şeffaf,359.99,Sofra,2026-05-27
Starfish Cam Bardak 400 ml Yeşil,899.99,Sofra,2026-05-27
Starlit Borosilikat Kupa 320 ml Mavi,1499.99,Sofra,2026-05-27
Starry Cam 3 Parça Karaf Gold,2749.99,Sofra,2026-05-27
Stella Cam Sunumluk Şeffaf-Gold,279.99,Sofra,2026-05-27
Stellar Cam 12 Parça 6 Kişilik Çay Seti 140 ml Silver,2999.99,Sofra,2026-05-27
Stitch Kağıt 2li Amerikan Servis 38 cm Beyaz-Gold,1999.99,Sofra,2026-05-27
Striatus Cam Şişe 1000 ml Yeşil,1499.99,Sofra,2026-05-27
Strides Pamuk Masa Örtüsü 140x200 cm Krem,3499.99,Sofra,2026-05-27
Stripe Cam El Yapımı Bardak 240 ml Beyaz,1549.99,Sofra,2026-05-27
Stripe Cam El Yapımı Bardak 240 ml Siyah,1999.99,Sofra,2026-05-27
Stripe Flow Seramik Kupa 260 ml Renkli,1499.99,Sofra,2026-05-27
Stripes Paslanmaz Çelik Çatal Kaşık Bıçak Tk. 18 Parça 6 Kişilik Silver,6499.99,Sofra,2026-05-27
Stripy White Bone Porselen Kupa 290 ml Siyah-Beyaz-Gold,1399.99,Sofra,2026-05-27
Summer Apple Masa Örtüsü 150x200 cm Yeşil,559.99,Sofra,2026-05-27
Summer Kiwi PP 2li Amerikan Servis 38 cm Yeşil,1499.99,Sofra,2026-05-27
Summer Orange Masa Örtüsü 150x200 cm Turuncu,3999.99,Sofra,2026-05-27
Summer Pink Runner 40x140 cm Beyaz - Pembe,2499.99,Sofra,2026-05-27
Summer Watermelon PP 2li Amerikan Servis 38 cm Kırmızı,1499.99,Sofra,2026-05-27
Sun Light Stoneware Kupa 220 ml Sarı-Yeşil,999.99,Sofra,2026-05-27
Sun Time Stoneware Kupa 220 ml Sarı-Yeşil,999.99,Sofra,2026-05-27
Sunflowers Seramik 4lü Pasta Seti 20 cm Renkli,2999.99,Sofra,2026-05-27
Sunny Seramik 3 Bölmeli Kahvaltılık 4 Parça Sarı,2749.99,Sofra,2026-05-27
Sunny Seramik Kahvaltı Takımı 26 Parça 6 Kişilik Sarı,12999.99,Sofra,2026-05-27
Sunshine Stoneware Kupa 395 ml Açık Kahverengi,279.99,Sofra,2026-05-27
Sunwake Cam-Bambu 4lü Kahvaltılık 18x18 cm Şeffaf,1039.99,Sofra,2026-05-27
Sway Bone Porselen 2li Kupa 290 ml Kırmızı,1749.99,Sofra,2026-05-27
Sway Bone Porselen 2li Kupa 290 ml Mavi,1999.99,Sofra,2026-05-27
Sway Bone Porselen 2li Kupa 290 ml Sarı,239.99,Sofra,2026-05-27
"Sweet Lines Cam Şekerlik 11,5x7,5x11,5 cm Şeffaf",1499.99,Sofra,2026-05-27
Sweet Spring Dekoratif Tepsi Yeşil,559.99,Sofra,2026-05-27
Sweethearts Stoneware 2li Kupa 285 ml Bej – Bordo,3499.99,Sofra,2026-05-27
Symphony Akasya-Cam Sunumluk Kahve,639.99,Sofra,2026-05-27
Talavera Garden Bone Porselen 4 Parça 2 Kişilik Kahve Fincan Takımı 90 ml A. Mavi-Yeşil-Sarı,449.99,Sofra,2026-05-27
Talavera Glow Bone Porselen 4 Parça 2 Kişilik Kahve Fincan Takımı 90 ml Mavi-yeşil,2499.99,Sofra,2026-05-27
Talisman Magic New Bone China Kupa 460 ml Pembe,2999.99,Sofra,2026-05-27
Talisman Snake Bone China Çerezlik 10 cm Açık Mavi,849.99,Sofra,2026-05-27
Talisman Spirit New Bone China Kupa 370 ml Siyah-Beyaz-Gold,1499.99,Sofra,2026-05-27
Talisman Star Bone Porselen 4 Parça 2 Kişilik Kahve Fincan Takımı 90 ml Gold,629.99,Sofra,2026-05-27
Tasty Cam Pipetli Bardak Yeşil,1499.99,Sofra,2026-05-27
Tendre Runner 40x140 cm Kırmızı,400.0,Sofra,2026-05-27
Tendre Runner 40x140 cm Yeşil,2499.99,Sofra,2026-05-27
Terra Cam Kase 16 cm Kahverengi-Siyah,1299.99,Sofra,2026-05-27
Terra Cam Pasta Tabağı 21 cm Kahverengi-Siyah,1299.99,Sofra,2026-05-27
Thalia Bone Porselen 4 Parça 2 Kişilik Kahve Fincan Takımı 90 ml Yeşil,2999.99,Sofra,2026-05-27
"Thermos Icon IS101 Mug 0,47 L Açık Mavi",2249.99,Sofra,2026-05-27
"Thermos Icon IS101 Mug 0,47 L Bej",2249.99,Sofra,2026-05-27
"Thermos Icon IS101 Mug 0,47 L Gece Mavisi",2249.99,Sofra,2026-05-27
"Thermos Icon IS115 Slide Lock Mug 0,53 L Gece Mavisi",1849.99,Sofra,2026-05-27
"Thermos Icon IS115 Slide Lock Mug 0,53 L Kahverengi",1849.99,Sofra,2026-05-27
"Thermos Icon IS115 Slide Lock Mug 0,53 L Turuncu",1849.99,Sofra,2026-05-27
"Thermos Icon IS115 Slide Lock Mug 0,53 L Yeşil",1849.99,Sofra,2026-05-27
"Thermos Icon IS210 Termos 1,2L Kiremit",2949.99,Sofra,2026-05-27
"Thermos Icon IS210 Termos 1,2L Mavi",2949.99,Sofra,2026-05-27
"Thermos Icon IS210 Termos 1,2L Yeşil",2949.99,Sofra,2026-05-27
"Thermos Icon IS233 Pipetli Termos 0,94 L Bej",2249.99,Sofra,2026-05-27
"Thermos Icon IS233 Pipetli Termos 0,94 L Gri",2249.99,Sofra,2026-05-27
"Thermos Icon IS233 Pipetli Termos 0,94 L Kiremit",2249.99,Sofra,2026-05-27
"Thermos Icon IS233 Pipetli Termos 0,94 L Pembe",2249.99,Sofra,2026-05-27
"Thermos Icon IS251 Pipetli Termos 0,53 L Lacivert",1749.99,Sofra,2026-05-27
"Thermos Icon IS251 Pipetli Termos 0,53 L Pembe",1749.99,Sofra,2026-05-27
"Thermos Icon IS251 Pipetli Termos 0,53 L Turuncu",1749.99,Sofra,2026-05-27
"Thermos JNL-500 Ultralight Mug 0,5L Mint",1649.99,Sofra,2026-05-27
"Thermos JNL-500 Ultralight Mug 0,5L Pembe",1649.99,Sofra,2026-05-27
"Thermos SK1005 Stainless King Mug 0,47 L Gece Mavisi",2199.99,Sofra,2026-05-27
"Thermos SK1005 Stainless King Mug 0,47 L Kırmızı",2199.99,Sofra,2026-05-27
"Thermos SK1005 Stainless King Mug 0,47 L Mat Gri",2199.99,Sofra,2026-05-27
Thermos SK2020 Stainless King X Large Mug 2L Gece Mavisi,3699.99,Sofra,2026-05-27
Thermos SK2020 Stainless King X Large Mug 2L Kırmızı,3699.99,Sofra,2026-05-27
Tillie Cam Tuzluk - Biberlik 110 ml Krem-Antrasit,999.95,Sofra,2026-05-27
Timbered Akasya 2li Tuzluk - Biberlik 11x9 cm Kahverengi,2499.99,Sofra,2026-05-27
Timbered Akasya Sunumluk Kahverengi,1499.99,Sofra,2026-05-27
Timbered Akasya Tepsi 34x21 cm Kahverengi,2249.99,Sofra,2026-05-27
Toffee New Bone China 12 Parça 6 Kişilik Kahve Fincan Takımı 90 ml Renkli,5999.99,Sofra,2026-05-27
Tolida Kağıt 2li Amerikan Servis Mavi,199.99,Sofra,2026-05-27
Torino Porselen Kase Silver,999.99,Sofra,2026-05-27
Torino Porselen Tuzluk-Biberlik Silver,1299.99,Sofra,2026-05-27
Torino Porselen Yemek Takımı 27 Parça 6 Kişilik Gold,32999.99,Sofra,2026-05-27
Torino Porselen Yemek Takımı 27 Parça 6 Kişilik Silver,31499.99,Sofra,2026-05-27
Torino Porselen Yemek Takımı 54 Parça 12 Kişilik Gold,64999.99,Sofra,2026-05-27
Torrent Cam Şişe 1000 ml Turkuaz,209.99,Sofra,2026-05-27
Trace Cam 3 Parça Su Takımı 1200 ml + 180 ml Şeffaf,359.99,Sofra,2026-05-27
Trails Cam 2li Kupa 195 ml Şeffaf-Gold,1749.99,Sofra,2026-05-27
Trikote Rafya 2li Peçete Halkası Siyah,999.99,Sofra,2026-05-27
Trin Porselen Kahve Fincan Takımı 4 Parça 2 Kişilik Lacivert,1999.99,Sofra,2026-05-27
"Tuko Akrilik Sürahi 1,5 LT Şeffaf",1499.99,Sofra,2026-05-27
Tuko Akrilik Sürahi Mavi,1749.99,Sofra,2026-05-27
Tweety Cam 3lü Lisanslı Bardak 315 Ml Renkli,1899.99,Sofra,2026-05-27
Twin Goldy Seramik 2li Kupa 184 ml Vizon-Beyaz-Gold,2999.99,Sofra,2026-05-27
Twinkle Tree Cam Pasta Tabağı 16 cm Yeşil,1299.99,Sofra,2026-05-27
Twisty Seramik Kupa 255 ml Pembe,1199.99,Sofra,2026-05-27
Twisty Seramik Kupa 255 ml Sarı,1199.99,Sofra,2026-05-27
Twisty Seramik Kupa 255 ml Yeşil,1199.99,Sofra,2026-05-27
Valda Porselen 4 Parça 2 Kişilik Kahve Fincan Takımı Yeşil,1499.99,Sofra,2026-05-27
Valentina New Bone China Kupa 300 ml Açık Yeşil,2499.99,Sofra,2026-05-27
Valentina New Bone China Kupa 300 ml Lila,479.99,Sofra,2026-05-27
Valentina New Bone China Kupa 300 ml Pembe,494.99,Sofra,2026-05-27
Valentina New Bone China Kupa 300 ml Sarı,2499.99,Sofra,2026-05-27
Valora Seramik 4 Parça 2 Kişilik Kahve Fincan Takımı 90 ml Açık Yeşil,439.99,Sofra,2026-05-27
Valora Seramik 4 Parça 2 Kişilik Kahve Fincan Takımı 90 ml Pembe,479.99,Sofra,2026-05-27
Vanilla Mood New Bone China 12 Parça 6 Kişilik Kahve Fincan Takımı 90 ml Sarı,9999.99,Sofra,2026-05-27
Vanilla New Bone China  Çay Fincanı Takımı 4 Parça 2 Kişilik Açık Pembe,1039.99,Sofra,2026-05-27
Vanilla New Bone China 4 Parça 2 Kişilik Kahve Fincan Takımı 90 ml Açık Yeşil,799.99,Sofra,2026-05-27
Vanilla New Bone China 4 Parça 2 Kişilik Kahve Fincan Takımı Açık Mavi,719.99,Sofra,2026-05-27
Vanilla New Bone China 4 Parça 2 Kişilik Kahve Fincan Takımı Mor,719.99,Sofra,2026-05-27
Vanilla New Bone China 4 Parça 2 Kişilik Kahve Fincan Takımı Sarı,719.99,Sofra,2026-05-27
Vanilla New Bone China Kahve Fincan Takımı 4 Parça 2 Kişilik Açık Pembe,799.99,Sofra,2026-05-27
Vanilla New Bone China Kahve Fincan Takımı 4 Parça 2 Kişilik Lacivert,719.99,Sofra,2026-05-27
Vanilla New Bone China Kahve Fincan Takımı 4 Parça 2 Kişilik Turkuaz,799.99,Sofra,2026-05-27
Vanilla New Bone China Pasta Tabağı 16 cm Açık Pembe,1249.99,Sofra,2026-05-27
Vanilla New Bone China Pasta Tabağı 16 cm Açık Yeşil,1249.99,Sofra,2026-05-27
Vanilla New Bone China Pasta Tabağı 16 cm Turkuaz,199.99,Sofra,2026-05-27
Vanilla New Bone China Çay Fincan Takımı 4 Parça 2 Kişilik Açık Gri,1039.99,Sofra,2026-05-27
Vanilla New Bone China Çay Fincan Takımı 4 Parça 2 Kişilik Açık Mavi,1039.99,Sofra,2026-05-27
Vanilla New Bone China Çay Fincan Takımı 4 Parça 2 Kişilik Açık Yeşil,1039.99,Sofra,2026-05-27
Vanilla New Bone China Çay Fincan Takımı 4 Parça 2 Kişilik Mor,1039.99,Sofra,2026-05-27
Vanilla New Bone China Çay Fincan Takımı 4 Parça 2 Kişilik Sarı,1039.99,Sofra,2026-05-27
Vanilla New Bone China Çay Fincanı Takımı 4 Parça 2 Kişilik Turkuaz,1039.99,Sofra,2026-05-27
Velonix Cam 2li Tuzluk - Biberlik 6x9 cm Şeffaf,479.99,Sofra,2026-05-27
Veloria Masa Örtüsü 150x200 cm Siyah - Beyaz,3499.99,Sofra,2026-05-27
Vera Porselen 4 Parça 2 Kişilik Kahve Fincan Takımı Mavi,1499.99,Sofra,2026-05-27
Vera Porselen Kase 14 cm Beyaz,999.99,Sofra,2026-05-27
Vera Porselen Çerezlik 10 cm Beyaz,899.99,Sofra,2026-05-27
Vermilion Emaye Bardak 350 ml Sarı-Kırmızı,1499.99,Sofra,2026-05-27
Verona Porselen Kase Beyaz,3499.99,Sofra,2026-05-27
Verona Porselen Kayık Tabak Beyaz,239.99,Sofra,2026-05-27
Verona Porselen Servis Tabağı 28 cm Beyaz,3999.99,Sofra,2026-05-27
Verona Porselen Sunumluk 19 cm Beyaz,79.99,Sofra,2026-05-27
Vertical Pamuk Masa Örtüsü 140x200 cm Pembe,2499.99,Sofra,2026-05-27
Vespera Seramik Bardak Altlığı 11 cm Beyaz - Pembe,1499.99,Sofra,2026-05-27
Vespera Seramik Bardak Altlığı 11 cm Lacivert,799.95,Sofra,2026-05-27
Via Porselen 6lı Pasta Tabağı 21 cm Beyaz - Lacivert,3999.99,Sofra,2026-05-27
Vibe Porselen 4 Parça 2 Kişilik Kahve Fincan Takımı 80 ml Renkli,1499.99,Sofra,2026-05-27
Victoria Rattan Sunumluk Kahverengi,639.99,Sofra,2026-05-27
Victoria Seramik Bardak Altlığı 10.8x0.8 cm Siyah - Beyaz,1499.99,Sofra,2026-05-27
Village Cam Pasta Tabağı 20 cm Yeşil,1199.99,Sofra,2026-05-27
Vintage Porselen Yemek Takımı 12 Parça 4 Kişilik Renkli,6499.99,Sofra,2026-05-27
Violet Porselen Kahvaltı Takımı 10 parça 4 kişilik Renkli,799.99,Sofra,2026-05-27
Vireo Porselen 12 Parça 6 Kişilik Kahve Fincan Takımı 80 ml Mavi-Kırmızı,559.99,Sofra,2026-05-27
"Viserra Cam Ahşap Ayaklı Kase 19,5 cm Şeffaf",639.99,Sofra,2026-05-27
Viserys Cam-Ahşap Sunumluk Şeffaf,809.99,Sofra,2026-05-27
Viva Porselen 4 Parça 2 Kişilik Kahve Fincan Takımı 80 ml Lacivert,1749.99,Sofra,2026-05-27
Vivian Cam Şekerlık Şeffaf,1749.99,Sofra,2026-05-27
Vivy Porselen 4 Parça 2 Kişilik Kahve Fincan Takımı 80 ml Bordo-Yeşil,1649.99,Sofra,2026-05-27
Watermellies Tepsi Beyaz - Kırmızı,1749.99,Sofra,2026-05-27
Wave Porselen Yemek Takımı 24 Parça 6 Kişilik Beyaz,17999.99,Sofra,2026-05-27
Wendy Bone Porselen Çay Tabağı 11 cm Mavi,111.99,Sofra,2026-05-27
Whimsical Bone Porselen Pasta Tabağı 19 cm Renkli,999.99,Sofra,2026-05-27
Whimsy Stoneware Kupa 375 ml Renkli,629.99,Sofra,2026-05-27
Whimsy Stoneware Sunumluk 23x23x14 Cm Renkli,1599.99,Sofra,2026-05-27
Whircal Bone Porselen Kase 14 cm Kırmızı - Yeşil,1249.99,Sofra,2026-05-27
Whisper Cam Sunumluk Şeffaf,1169.99,Sofra,2026-05-27
Whispering Bone Porselen 4 Parça 2 Kişilik Kahve Fincan Takımı 90 ml Yeşil,399.99,Sofra,2026-05-27
White Angles Bone Porselen 4 Parça 2 Kişilik Çay Fincanı Takımı 180 ml Siyah-Beyaz-Gold,4999.99,Sofra,2026-05-27
White Angles Bone Porselen Kupa 290 ml Siyah-Beyaz-Gold,1399.99,Sofra,2026-05-27
White Charmed Bone Porselen Kupa 290 ml Siyah-Beyaz-Gold,1199.99,Sofra,2026-05-27
White Chic Bone Porselen 4 Parça 2 Kişilik Kahve Fincan Takımı 90 ml Siyah-Beyaz-Gold,629.99,Sofra,2026-05-27
White Mirage Bone Porselen 4 Parça 2 Kişilik Kahve Fincan Takımı 90 ml Siyah-Beyaz-Gold,559.99,Sofra,2026-05-27
White Pine Dolomite 4lü Kupa 153 ml-193 ml-267 ml-267 ml Beyaz,7999.99,Sofra,2026-05-27
Whitney Cam 2li Cup - Dondurma Kasesi 175 ml Mavi - Pembe,1499.99,Sofra,2026-05-27
Whitney Cam 2li Cup - Dondurma Kasesi 175 ml Pembe - Krem,1499.99,Sofra,2026-05-27
Wicker Plastik Rattan 3 Bölmeli Sunumluk Açık Kahverengi,1499.99,Sofra,2026-05-27
Wicker Plastik Rattan Katlı Servis Açık Kahverengi,719.99,Sofra,2026-05-27
Wicker Plastik Rattan Kek Standı 30 cm Açık Kahverengi,2999.99,Sofra,2026-05-27
Wicker Weave Natural İp 2li Peçete Halkası 4 cm Krem,749.95,Sofra,2026-05-27
Wild Blossom Bone Porselen 4 Parça 2 Kişilik Kahve Fincan Takımı 90 ml Yeşil,399.99,Sofra,2026-05-27
Wingy New Bone China 4 Parça 2 Kişilik Kahve Fincan Takımı 100 ml Lacivert,4999.99,Sofra,2026-05-27
Wingy New Bone China Kupa 460 ml Lacivert,3499.99,Sofra,2026-05-27
Winsome Bone Porselen 4 Parça 2 Kişilik Kahve Fincan Takımı 90 ml Yeşil,2499.99,Sofra,2026-05-27
Winter Tree Borosilikat Pipetli Bardak 460 ml Yeşil,224.99,Sofra,2026-05-27
Wishful Bone Porselen 4 Parça 2 Kişilik Kahve Fincan Takımı 90 ml Kırmızı - Yeşil,419.99,Sofra,2026-05-27
Wisp Porselen 4 Parça 2 Kişilik Kahve Fincan Takımı 80 ml Yeşil-Kırmızı,239.99,Sofra,2026-05-27
Wisteria New Bone China 12 Parça 6 Kişilik Kahve Fincan Takımı 90 ml Beyaz,1199.99,Sofra,2026-05-27
Woodland Mango Kase 16 cm Kahverengi,449.99,Sofra,2026-05-27
You Rock Stoneware Kupa 395 ml Mavi,244.99,Sofra,2026-05-27
Yuna Cam Tuzluk - Biberlik Şeffaf,1499.99,Sofra,2026-05-27
Zenith Cam 3lü Cup 170 ml Şeffaf,1749.99,Sofra,2026-05-27
Zest Cam 2li Tuzluk - Biberlik 20x11x5 cm Siyah,399.99,Sofra,2026-05-27
Zett Cam Pasta Tabağı 20 cm Gold,999.99,Sofra,2026-05-27
Zoey Cam Çerezlik 12 cm Gold,999.99,Sofra,2026-05-27
Abstract Flowers Kolay Ütülenir Tek Kişilik Çarşaflı Nevresim Takımı 160x220 cm Yeşil-Mavi,839.99,Yatak Odası,2026-05-27
Air Plus Klimalı Yastık 50x70 cm Beyaz-Gold,1749.99,Yatak Odası,2026-05-27
Airy Serin Tutan Yastık 50x70 cm Mavi,8999.99,Yatak Odası,2026-05-27
Alba Bloom King Size Çok Amaçlı Örtü 220x240 cm Mavi,4499.99,Yatak Odası,2026-05-27
Alba Bloom Tek Kişilik Çok Amaçlı Örtü 160x220 cm Mavi,3499.99,Yatak Odası,2026-05-27
Alba Bloom Çift Kişilik Çok Amaçlı Örtü 200x220 cm Mavi,3999.99,Yatak Odası,2026-05-27
Aquatic Flowers King Size Çok Amaçlı Örtü 240x220 cm Lacivert,4499.99,Yatak Odası,2026-05-27
Aquatic Flowers Tek Kişilik Çok Amaçlı Örtü 160x220 cm Lacivert,489.99,Yatak Odası,2026-05-27
Aquatic Flowers Çift Kişilik Çok Amaçlı Örtü 200x220 cm Lacivert,639.99,Yatak Odası,2026-05-27
Ashley Baskılı Pamuklu Tek Kişilik Pike 150x220 cm Mavi,639.99,Yatak Odası,2026-05-27
Ashley Baskılı Pamuklu Çift Kişilik Pike 200x220 cm Mavi,799.99,Yatak Odası,2026-05-27
Ashley Kolay Ütülenir 2li Yastık Kılıfı 50x70 cm Mavi,1499.99,Yatak Odası,2026-05-27
Aura Boncuk Elyaf Yastık 50x70 cm Gri,3749.99,Yatak Odası,2026-05-27
Aurelia Tek Kişilik Pike Takımı 150x200 cm Sarı,5999.99,Yatak Odası,2026-05-27
Aurelia Çift Kişilik Pike Takımı 200x220 cm Sarı,7499.99,Yatak Odası,2026-05-27
Autumn Branch Baskılı Pamuklu Tek Kişilik Pike 150x220 cm Pembe,3499.99,Yatak Odası,2026-05-27
Autumn Branch Baskılı Pamuklu Çift Kişilik Pike 200x220 cm Pembe,3999.99,Yatak Odası,2026-05-27
Autumn Branch Kolay Ütülenir 2li Yastık Kılıfı 50x70 cm Pembe,1999.99,Yatak Odası,2026-05-27
Autumn Whisper Kolay Ütülenir 2li Yastık Kılıfı 50x70 cm Yeşil,1499.99,Yatak Odası,2026-05-27
Autumn Whisper Tek Kişilik Pike 150x220 cm Yeşil,449.99,Yatak Odası,2026-05-27
Autumn Whisper Çift Kişilik Pike 200x220 cm Yeşil,479.99,Yatak Odası,2026-05-27
Azule Baskılı Pamuklu Tek Kişilik Pike 150x220 cm Mavi,639.99,Yatak Odası,2026-05-27
Azule Baskılı Pamuklu Çift Kişilik Pike 200x220 cm Mavi,799.99,Yatak Odası,2026-05-27
Balmy Çift Kişilik Yatak Pedi 160x200 cm Beyaz,2799.99,Yatak Odası,2026-05-27
Belle Band Tek Kişilik Yatak Örtüsü Takımı 160x220 cm Pembe,3999.99,Yatak Odası,2026-05-27
Belle Band Çift Kişilik Yatak Örtüsü Takımı 200x220 cm Pembe,5999.99,Yatak Odası,2026-05-27
Belle Bloom Tek Kişilik Yatak Örtüsü Takımı 160x220 cm Yeşil,1799.99,Yatak Odası,2026-05-27
Belle Bloom Çift Kişilik Yatak Örtüsü Takımı 200x220 cm Yeşil,13999.99,Yatak Odası,2026-05-27
Bera Baskılı Pamuklu Tek Kişilik Pike 150x220 cm Pembe,3999.99,Yatak Odası,2026-05-27
Bera Baskılı Pamuklu Çift Kişilik Pike 200x220 cm Pembe,4999.99,Yatak Odası,2026-05-27
Bera Kolay Ütülenir 2li Yastık Kılıfı 50x70 cm Pembe,1499.99,Yatak Odası,2026-05-27
Berry Garden Baskılı Pamuklu Tek Kişilik Pike 150x220 cm Kırmızı,639.99,Yatak Odası,2026-05-27
Berry Garden Baskılı Pamuklu Çift Kişilik Pike 200x220 cm Kırmızı,809.99,Yatak Odası,2026-05-27
Berryland Kolay Ütülenir Çarşaflı Tek Kişilik Nevresim Takımı 160x220 cm Mavi-Turuncu,7499.99,Yatak Odası,2026-05-27
Berryland Kolay Ütülenir Çarşaflı Çift Kişilik Nevresim Takımı 200x220 cm Mavi-Turuncu,8999.99,Yatak Odası,2026-05-27
Berryscus Kolay Ütülenir Çarşaflı Tek Kişilik Nevresim Takımı 160x220 cm Mor,1039.99,Yatak Odası,2026-05-27
Berryscus Kolay Ütülenir Çarşaflı Çift Kişilik Nevresim Takımı 200x220 cm Mor,7999.99,Yatak Odası,2026-05-27
Birdlight Kolay Ütülenir 2li Yastık Kılıfı 50x70 cm Yeşil,1499.99,Yatak Odası,2026-05-27
Birdlight Tek Kişilik Pike 150x220 cm Yeşil,539.99,Yatak Odası,2026-05-27
Birdlight Çift Kişilik Pike 200x220 cm Yeşil,539.99,Yatak Odası,2026-05-27
Block Dots Kolay Ütülenir Çift Kişilik Çarşaflı Nevresim Takımı 200x220 cm Mavi,1259.99,Yatak Odası,2026-05-27
Block Patch Kolay Ütülenir Tek Kişilik Nevresim Seti 160x220 cm Mavi-Kırmızı,3499.99,Yatak Odası,2026-05-27
Block Patch Kolay Ütülenir Çift Kişilik Nevresim Seti 200x220 cm Mavi-Kırmızı,639.99,Yatak Odası,2026-05-27
Blockform Kolay Ütülenir Çift Kişilik Çarşaflı Nevresim Takımı 200x220 cm Koyu Mavi-Bej,7499.99,Yatak Odası,2026-05-27
Bloom Crest Kolay Ütülenir 2li Yastık Kılıfı 50x70 cm Yeşil,1499.99,Yatak Odası,2026-05-27
Bloom Crest Tek Kişilik Pike 150x220 cm Yeşil,419.99,Yatak Odası,2026-05-27
Bloom Crest Çift Kişilik Pike 200x220 cm Yeşil,559.99,Yatak Odası,2026-05-27
Bloom Rhombus  King Size Çok Amaçlı Örtü 220x240 cm Yeşil,809.99,Yatak Odası,2026-05-27
Bloom Rhombus  Tek Kişilik Çok Amaçlı Örtü 160x220 cm Yeşil,489.99,Yatak Odası,2026-05-27
Bloom Rhombus  Çift Kişilik Çok Amaçlı Örtü 200x220 cm Yeşil,719.99,Yatak Odası,2026-05-27
Bloomelle Pamuklu Tek Kişilik Nevresim Seti 160x220 cm Sarı-Yeşil,4999.99,Yatak Odası,2026-05-27
Bloomelle Pamuklu Çift Kişilik Nevresim Seti 200x220 cm Sarı-Yeşil,959.99,Yatak Odası,2026-05-27
Bloomlet Kolay Ütülenir 2li Yastık Kılıfı 50x70 cm Mavi,1499.99,Yatak Odası,2026-05-27
Bloomlet Kolay Ütülenir 2li Yastık Kılıfı 50x70 cm Yeşil,1499.99,Yatak Odası,2026-05-27
Bloomlet Tek Kişilik Pike 150x220 cm Yeşil,449.99,Yatak Odası,2026-05-27
Bloomlet Çift Kişilik Pike 200x220 cm Yeşil,2999.99,Yatak Odası,2026-05-27
Bloomora Dijital Baskılı Kolay Ütülenir Tek Kişilik Çarşaflı Nevresim Takımı 160x220 cm Bej-Sarı,899.99,Yatak Odası,2026-05-27
Bloomora Dijital Baskılı Kolay Ütülenir Çift Kişilik Çarşaflı Nevresim Takımı 200x220 cm Bej-Sarı,7999.99,Yatak Odası,2026-05-27
Bloomtopia Pamuk Tek Kişilik Çarşaflı Nevresim Takımı 160x220 cm Yeşil,8999.99,Yatak Odası,2026-05-27
Bloss Mist Pamuklu Tek Kişilik Nevresim Seti 160x220 cm Lila,639.99,Yatak Odası,2026-05-27
Blossira Kolay Ütülenir Tek Kişilik Çarşaflı Nevresim Takımı 160x220 cm Lila,959.99,Yatak Odası,2026-05-27
Blossira Kolay Ütülenir Tek Kişilik Çarşaflı Nevresim Takımı 160x220 cm Pembe,959.99,Yatak Odası,2026-05-27
Blossira Kolay Ütülenir Çift Kişilik Çarşaflı Nevresim Takımı 200x220 cm Lila,6999.99,Yatak Odası,2026-05-27
Blossira Kolay Ütülenir Çift Kişilik Çarşaflı Nevresim Takımı 200x220 cm Pembe,1119.99,Yatak Odası,2026-05-27
Blossom Bouquet King Size Çok Amaçlı Örtü 240x220 cm Pembe,4499.99,Yatak Odası,2026-05-27
Blossom Bouquet Tek Kişilik Çok Amaçlı Örtü 160x220 cm Pembe,3499.99,Yatak Odası,2026-05-27
Blossom Bouquet Çift Kişilik Çok Amaçlı Örtü 200x220 cm Pembe,3999.99,Yatak Odası,2026-05-27
Blossom Haze King Size Çok Amaçlı Örtü 220x240 cm Mor,809.99,Yatak Odası,2026-05-27
Blossom Haze Tek Kişilik Çok Amaçlı Örtü 160x220 cm Mor,629.99,Yatak Odası,2026-05-27
Blossom Haze Çift Kişilik Çok Amaçlı Örtü 200x220 cm Mor,3999.99,Yatak Odası,2026-05-27
Blue Bouquet Baskılı Pamuklu Tek Kişilik Pike 150x220 cm Mavi,559.99,Yatak Odası,2026-05-27
Blue Bouquet Baskılı Pamuklu Çift Kişilik Pike 200x220 cm Mavi,639.99,Yatak Odası,2026-05-27
Blue Bouquet Kolay Ütülenir 2li Yastık Kılıfı 50x70 cm Mavi - Bej,1499.99,Yatak Odası,2026-05-27
Blue Spring Kolay Ütülenir 2li Yastık Kılıfı 50x70 cm Mavi,1499.99,Yatak Odası,2026-05-27
Blue Spring Tek Kişilik Pike 150x220 cm Mavi,539.99,Yatak Odası,2026-05-27
Blue Spring Çift Kişilik Pike 200x220 cm Mavi,629.99,Yatak Odası,2026-05-27
Blush Twig King Size Çok Amaçlı Örtü 220x240 cm Pembe,809.99,Yatak Odası,2026-05-27
Blush Twig Tek Kişilik Çok Amaçlı Örtü 160x220 cm Pembe,559.99,Yatak Odası,2026-05-27
Blush Twig Çift Kişilik Çok Amaçlı Örtü 200x220 cm Pembe,639.99,Yatak Odası,2026-05-27
Boho Chic Pamuk Çift Kişilik Çarşaflı Nevresim Takımı 200x220 cm Mavi,10999.99,Yatak Odası,2026-05-27
Boho Elegance Kolay Ütülenir Çarşaflı Tek Kişilik Nevresim Takımı 160x220 cm Bej,839.99,Yatak Odası,2026-05-27
Boho Elegance Kolay Ütülenir Çarşaflı Çift Kişilik Nevresim Takımı 200x220 cm Bej,6999.99,Yatak Odası,2026-05-27
Bonnie Kolay Ütülenir 2li Yastık Kılıfı 50x70 cm Sarı,1499.99,Yatak Odası,2026-05-27
Bonnie Tek Kişilik Pike 150x220 cm Sarı,419.99,Yatak Odası,2026-05-27
Bonnie Çift Kişilik Pike 200x220 cm Sarı,559.99,Yatak Odası,2026-05-27
Border Dots Kolay Ütülenir Çarşaflı Tek Kişilik Nevresim Takımı 160x220 cm Lacivert,1199.99,Yatak Odası,2026-05-27
Border Dots Kolay Ütülenir Çarşaflı Çift Kişilik Nevresim Takımı 200x220 cm Lacivert,1439.99,Yatak Odası,2026-05-27
Botanica Baskılı Pamuklu Tek Kişilik Pike 150x220 cm Mavi,3499.99,Yatak Odası,2026-05-27
Botanica Baskılı Pamuklu Çift Kişilik Pike 200x220 cm Mavi,3999.99,Yatak Odası,2026-05-27
Botanica Kolay Ütülenir 2li Yastık Kılıfı 50x70 cm Mavi - Yeşil,1499.99,Yatak Odası,2026-05-27
Botanical Patch Pamuklu Tek Kişilik Nevresim Seti 160x220 cm Mavi - Yeşil,799.99,Yatak Odası,2026-05-27
Botanical Patch Pamuklu Çift Kişilik Nevresim Seti 200x220 cm Mavi - Yeşil,959.99,Yatak Odası,2026-05-27
Branchmist Kolay Ütülenir Tek Kişilik Nevresim Seti 160x220 cm Sarı,3999.99,Yatak Odası,2026-05-27
Branchmist Kolay Ütülenir Çift Kişilik Nevresim Seti 200x220 cm Sarı,4499.99,Yatak Odası,2026-05-27
Bright Garden Dijital Baskılı Kolay Ütülenir Tek Kişilik Çarşaflı Nevresim Takımı 160x220 cm Pembe - Sarı,799.99,Yatak Odası,2026-05-27
Bright Garden Dijital Baskılı Kolay Ütülenir Çift Kişilik Çarşaflı Nevresim Takımı 200x220 cm Pembe - Sarı,7999.99,Yatak Odası,2026-05-27
Calm Horizon İpliği Boyalı Tek Kişilik Çarşaflı Nevresim Takımı 160x220 cm Mavi,2079.99,Yatak Odası,2026-05-27
Calm Horizon İpliği Boyalı Tek Kişilik Çarşaflı Nevresim Takımı 160x220 cm Yeşil,6249.99,Yatak Odası,2026-05-27
Calm Horizon İpliği Boyalı Çift Kişilik Nevresim Takımı 200x220 cm Mavi,15999.99,Yatak Odası,2026-05-27
Calm Horizon İpliği Boyalı Çift Kişilik Nevresim Takımı 200x220 cm Yeşil,15999.99,Yatak Odası,2026-05-27
Camille Ray King Size Çok Amaçlı Örtü 220x240 cm Lacivert,899.99,Yatak Odası,2026-05-27
Camille Ray Tek Kişilik Çok Amaçlı Örtü 160x220 cm Lacivert,559.99,Yatak Odası,2026-05-27
Camille Ray Çift Kişilik Çok Amaçlı Örtü 200x220 cm Lacivert,639.99,Yatak Odası,2026-05-27
Chain Patch Kolay Ütülenir Çarşaflı Tek Kişilik Nevresim Takımı 160x220 cm Mürdüm,5999.99,Yatak Odası,2026-05-27
Chain Patch Kolay Ütülenir Çarşaflı Tek Kişilik Nevresim Takımı 160x220 cm Turuncu,4999.99,Yatak Odası,2026-05-27
Chain Patch Kolay Ütülenir Çarşaflı Çift Kişilik Nevresim Takımı 200x220 cm Mürdüm,1259.99,Yatak Odası,2026-05-27
Chain Patch Kolay Ütülenir Çarşaflı Çift Kişilik Nevresim Takımı 200x220 cm Turuncu,5999.99,Yatak Odası,2026-05-27
Charming Garden Pamuklu Bebe Battaniye 100x120 cm Pudra,404.98,Yatak Odası,2026-05-27
Checkmate Kolay Ütülenir Tek Kişilik Nevresim Seti 160x220 cm Yeşil,4749.99,Yatak Odası,2026-05-27
Checkmate Kolay Ütülenir Çift Kişilik Nevresim Seti 200x220 cm Lacivert- Terracotta,719.99,Yatak Odası,2026-05-27
Cherry Plaid Tek Kişilik Yatak Örtüsü Takımı 160x220 cm Fuşya,639.99,Yatak Odası,2026-05-27
Cherry Plaid Çift Kişilik Yatak Örtüsü Takımı 200x220 cm Fuşya,839.99,Yatak Odası,2026-05-27
Chic Bloom Kolay Ütülenir Çarşaflı Tek Kişilik Nevresim Takımı 160x220 cm Yeşil,839.99,Yatak Odası,2026-05-27
Chic Bloom Kolay Ütülenir Çarşaflı Çift Kişilik Nevresim Takımı 200x220 cm Yeşil,1119.99,Yatak Odası,2026-05-27
Classic Yastık 50x70 cm Beyaz,159.99,Yatak Odası,2026-05-27
Clouded Grid İpliği Boyalı Tek Kişilik Çarşaflı Nevresim Takımı 160x220 cm Bej,5499.99,Yatak Odası,2026-05-27
Clouded Grid İpliği Boyalı Tek Kişilik Çarşaflı Nevresim Takımı 160x220 cm Koyu Yeşil,5499.99,Yatak Odası,2026-05-27
Clouded Grid İpliği Boyalı Çift Kişilik Çarşaflı Nevresim Takımı 200x220 cm Bej,6999.99,Yatak Odası,2026-05-27
Clouded Grid İpliği Boyalı Çift Kişilik Çarşaflı Nevresim Takımı 200x220 cm Koyu Yeşil,1679.99,Yatak Odası,2026-05-27
Clover Tek Kişilik Pike Takımı 150x220 cm Yeşil,4999.99,Yatak Odası,2026-05-27
Clover Çift Kişilik Pike Takımı 200x220 cm Yeşil,5999.99,Yatak Odası,2026-05-27
Colorful Stripeway King Size Çok Amaçlı Örtü 220x240 cm Kırmızı,809.99,Yatak Odası,2026-05-27
Colorful Stripeway Tek Kişilik Çok Amaçlı Örtü 160x220 cm Kırmızı,3499.99,Yatak Odası,2026-05-27
Colorful Stripeway Çift Kişilik Çok Amaçlı Örtü 200x220 cm Kırmızı,719.99,Yatak Odası,2026-05-27
Comfort Pamuklu Sıvı Geçirmez Alez Yastık Kılıfı 50x70 cm Beyaz,1499.99,Yatak Odası,2026-05-27
Comfort Pamuklu Sıvı Geçirmez Tek Kişilik Alez 140x200 + 30 cm Beyaz,599.99,Yatak Odası,2026-05-27
Comfort Pamuklu Sıvı Geçirmez Tek Kişilik Yatak Koruyucu Alez 100x200 + 30 cm Beyaz,3499.99,Yatak Odası,2026-05-27
Comfort Pamuklu Sıvı Geçirmez Tek Kişilik Yatak Koruyucu Alez 120x200 + 30 cm Beyaz,3999.99,Yatak Odası,2026-05-27
Comfort Pamuklu Sıvı Geçirmez Çift Kişilik Yatak Koruyucu Alez 160x200 + 30 cm Beyaz,4999.99,Yatak Odası,2026-05-27
Comfort Pamuklu Sıvı Geçirmez Çift Kişilik Yatak Koruyucu Alez 180x200 + 30 cm Beyaz,799.99,Yatak Odası,2026-05-27
Comfy Pamuk Yastık 50x70 cm Beyaz,629.99,Yatak Odası,2026-05-27
Comfy Pamuk Yorgan 155x215 cm Beyaz,1619.99,Yatak Odası,2026-05-27
Comfy Pamuk Yorgan 195x215 cm Beyaz,9999.99,Yatak Odası,2026-05-27
Contemporary Chic King Size Çok Amaçlı Örtü 240x220 cm Lacivert,719.99,Yatak Odası,2026-05-27
Contemporary Chic Tek Kişilik Çok Amaçlı Örtü 160x220 cm Lacivert,3499.99,Yatak Odası,2026-05-27
Contemporary Chic Çift Kişilik Çok Amaçlı Örtü 200x220 cm Lacivert,3999.99,Yatak Odası,2026-05-27
Cool Garden Pamuklu 2li Yastık Kılıfı 50x70 cm Yeşil,1749.99,Yatak Odası,2026-05-27
Cool Touch Serin Tutan Visco Yastık 60x40x15 cm Mavi,8999.99,Yatak Odası,2026-05-27
Cozy Check Kolay Ütülenir Çarşaflı Tek Kişilik Nevresim Takımı 160x220 cm Mavi-Sarı,1199.99,Yatak Odası,2026-05-27
Cozy Check Kolay Ütülenir Çarşaflı Çift Kişilik Nevresim Takımı 200x220 cm Mavi-Sarı,1439.99,Yatak Odası,2026-05-27
Crispcheck İpliği Boyalı Tek Kişilik Çarşaflı Nevresim Takımı 160x220 cm Turuncu,1439.99,Yatak Odası,2026-05-27
Crispcheck İpliği Boyalı Çift Kişilik Çarşaflı Nevresim Takımı 200x220 cm Turuncu,1759.99,Yatak Odası,2026-05-27
Crispy Dots Ecosoft Tek Kişilik Pike 150x220 cm Yeşil,3199.99,Yatak Odası,2026-05-27
Crispy Garden Tek Kişilik Çok Amaçlı Örtü 160x220 cm Pembe,584.99,Yatak Odası,2026-05-27
Crystal Vibe İpliği Boyalı Tek Kişilik Çarşaflı Nevresim Takımı 160x220 cm Pembe,6499.99,Yatak Odası,2026-05-27
Crystal Vibe İpliği Boyalı Çift Kişilik Çarşaflı Nevresim Takımı 200x220 cm Pembe,6999.99,Yatak Odası,2026-05-27
Cuby Kolay Ütülenir Çift Kişilik Nevresim Seti 200x220 cm Gri-Hardal,3249.99,Yatak Odası,2026-05-27
Cuby Kolay Ütülenir Çift Kişilik Nevresim Seti 200x220 cm Seledon - Mavi,3249.99,Yatak Odası,2026-05-27
Daisy Charm King Size Çok Amaçlı Örtü 220x240 cm Yeşil,3899.99,Yatak Odası,2026-05-27
Daisy Charm Tek Kişilik Çok Amaçlı Örtü 160x220 cm Yeşil,463.99,Yatak Odası,2026-05-27
Daisy Charm Çift Kişilik Çok Amaçlı Örtü 200x220 cm Yeşil,543.99,Yatak Odası,2026-05-27
Daisy Harmony Soft Tek Kişilik Pike Takımı 150x220 cm Beyaz,8149.95,Yatak Odası,2026-05-27
Daisy Kamila King Size Çok Amaçlı Örtü 220x240 cm Açık Mavi,4999.99,Yatak Odası,2026-05-27
Daisy Kamila Tek Kişilik Çok Amaçlı Örtü 160x220 cm Açık Mavi,3499.99,Yatak Odası,2026-05-27
Daisy Kamila Çift Kişilik Çok Amaçlı Örtü 200x220 cm Açık Mavi,3999.99,Yatak Odası,2026-05-27
Daisy Touch Kolay Ütülenir Tek Kişilik Nevresim Seti 160x220 cm Lila-Turuncu,719.99,Yatak Odası,2026-05-27
Daisy Touch Kolay Ütülenir Çift Kişilik Nevresim Seti 200x220 cm Lila-Turuncu,719.99,Yatak Odası,2026-05-27
Damada Bloom Kolay Ütülenir Çarşaflı Tek Kişilik Nevresim Takımı 160x220 cm Sarı-Yeşil,7499.99,Yatak Odası,2026-05-27
Damada Bloom Kolay Ütülenir Çarşaflı Çift Kişilik Nevresim Takımı 200x220 cm Sarı-Yeşil,8999.99,Yatak Odası,2026-05-27
Delicate Bloss Pamuklu Tek Kişilik Nevresim Seti 160x220 cm Sarı-Yeşil,719.99,Yatak Odası,2026-05-27
Delicate Bloss Pamuklu Çift Kişilik Nevresim Seti 200x220 cm Sarı-Yeşil,1199.99,Yatak Odası,2026-05-27
Diamond Clam Tek Kişilik Çok Amaçlı Örtü 160x220 cm Bordo,809.99,Yatak Odası,2026-05-27
Diamond Clam Çift Kişilik Çok Amaçlı Örtü 200x220 cm Bordo,4999.99,Yatak Odası,2026-05-27
Diamond Twist Kolay Ütülenir Tek Kişilik Çarşaflı Nevresim Takımı 160x220 cm Koyu Mavi,959.99,Yatak Odası,2026-05-27
Diamond Twist Kolay Ütülenir Çift Kişilik Çarşaflı Nevresim Takımı 200x220 cm Koyu Mavi,1259.99,Yatak Odası,2026-05-27
Direct Message Unique Trine Kabartma Jakar Tekli Kırlent Kılıfı Yeşil,849.95,Yatak Odası,2026-05-27
Direct Message Unique Trine Kabartma Jakar Tekli Yastık Kılıfı Krem,849.95,Yatak Odası,2026-05-27
Dorma Mevsimsel Tek Kişilik Yorgan 155x215 cm Beyaz,9999.99,Yatak Odası,2026-05-27
Dorma Mevsimsel Çift Kişilik Yorgan 195x215 cm Beyaz,12999.99,Yatak Odası,2026-05-27
Dotty Gingham Kolay Ütülenir Tek Kişilik Çarşaflı Nevresim Takımı 160x220 cm Koyu Mavi-Yeşil,1079.99,Yatak Odası,2026-05-27
Dotty Gingham Kolay Ütülenir Çift Kişilik Çarşaflı Nevresim Takımı 200x220 cm Koyu Mavi-Yeşil,7499.99,Yatak Odası,2026-05-27
Dream Baskılı Pamuklu Tek Kişilik Pike Takımı 150x220 cm Pembe,1619.99,Yatak Odası,2026-05-27
Dream Baskılı Pamuklu Çift Kişilik Pike Takımı 200x220 cm Pembe,10999.99,Yatak Odası,2026-05-27
Dream Touch Örme Sıvı Geçirmez King Size Alez 180x200 cm Beyaz,479.99,Yatak Odası,2026-05-27
Dream Touch Örme Sıvı Geçirmez Tek Kişilik Alez 100x200 cm Beyaz,1999.99,Yatak Odası,2026-05-27
Dream Touch Örme Sıvı Geçirmez Çift Kişilik Alez 160x200 cm Beyaz,2499.99,Yatak Odası,2026-05-27
Dreamy Patch Kolay Ütülenir Çift Kişilik Nevresim Seti 200x220 cm Pembe - Yeşil,4499.99,Yatak Odası,2026-05-27
Dulcie Tek Kişilik Pike 150x220 cm Mavi,479.99,Yatak Odası,2026-05-27
Dulcie Tek Kişilik Pike 150x220 cm Pembe,539.99,Yatak Odası,2026-05-27
Dulcie Çift Kişilik Pike 200x220 cm Mavi,559.99,Yatak Odası,2026-05-27
Dulcie Çift Kişilik Pike 200x220 cm Pembe,3499.99,Yatak Odası,2026-05-27
Dyna Tek Kişilik Pike Takımı 150x220 cm Mavi,7499.99,Yatak Odası,2026-05-27
Dyna Çift Kişilik Pike Takımı 200x220 cm Mavi,8999.99,Yatak Odası,2026-05-27
Düz Pamuklu King Size Lastikli Çarşaf 180x200 cm Beyaz,3999.99,Yatak Odası,2026-05-27
Düz Pamuklu King Size Lastikli Çarşaf 180x200 cm Gece Mavisi,3999.99,Yatak Odası,2026-05-27
Düz Pamuklu Tek Kişilik Lastikli Çarşaf 100x200 cm Beyaz,2999.99,Yatak Odası,2026-05-27
Düz Pamuklu Tek Kişilik Lastikli Çarşaf 100x200 cm Gece Mavisi,2999.99,Yatak Odası,2026-05-27
Düz Pamuklu Tek Kişilik Lastikli Çarşaf 100x200 cm Kahve Köpüğü,2999.99,Yatak Odası,2026-05-27
Düz Pamuklu Tek Kişilik Lastikli Çarşaf 100x200 cm Toz Pembe,2999.99,Yatak Odası,2026-05-27
Düz Pamuklu Tek Kişilik Lastikli Çarşaf 100x200 cm Çakıl Taşı,2999.99,Yatak Odası,2026-05-27
Düz Pamuklu Tek Kişilik Lastikli Çarşaf 100x200 cm Çağla Yeşili,2999.99,Yatak Odası,2026-05-27
Düz Pamuklu Tek Kişilik Plus Lastikli Çarşaf 120x200 cm Beyaz,3249.99,Yatak Odası,2026-05-27
Düz Pamuklu Çift Kişilik Lastikli Çarşaf 160x200 cm Beyaz,3499.99,Yatak Odası,2026-05-27
Düz Pamuklu Çift Kişilik Lastikli Çarşaf 160x200 cm Gece Mavisi,3499.99,Yatak Odası,2026-05-27
Düz Pamuklu Çift Kişilik Lastikli Çarşaf 160x200 cm Kahve Köpüğü,3499.99,Yatak Odası,2026-05-27
Düz Pamuklu Çift Kişilik Lastikli Çarşaf 160x200 cm Toz Pembe,3499.99,Yatak Odası,2026-05-27
Düz Pamuklu Çift Kişilik Lastikli Çarşaf 160x200 cm Çakıl Taşı,3499.99,Yatak Odası,2026-05-27
Düz Pamuklu Çift Kişilik Lastikli Çarşaf 160x200 cm Çağla Yeşili,3499.99,Yatak Odası,2026-05-27
Elegant İpliği Boyalı Tek Kişilik Çarşaflı Nevresim Takımı 160x220 cm Gold,1439.99,Yatak Odası,2026-05-27
Elegant İpliği Boyalı Çift Kişilik Nevresim Takımı 200x220 cm Gold,2559.99,Yatak Odası,2026-05-27
Endless Journey Pamuklu Çift Kişilik Nevresim Seti 200x220 cm Taş Rengi,7499.99,Yatak Odası,2026-05-27
Ergonomik Boyun Destekli Visco Yastık 60x40x16 cm Beyaz,8999.99,Yatak Odası,2026-05-27
Essence %100 Pamuk Tek Kişilik Lastikli Çarşaf 100x200 cm Bej,2499.99,Yatak Odası,2026-05-27
Essence %100 Pamuk Tek Kişilik Lastikli Çarşaf 100x200 cm Beyaz,2499.99,Yatak Odası,2026-05-27
Essence %100 Pamuk Tek Kişilik Lastikli Çarşaf 100x200 cm Gri,2499.99,Yatak Odası,2026-05-27
Essence %100 Pamuk Tek Kişilik Lastikli Çarşaf 100x200 cm Lila,2499.99,Yatak Odası,2026-05-27
Essence %100 Pamuk Tek Kişilik Lastikli Çarşaf 100x200 cm Ortanca Mavi,2499.99,Yatak Odası,2026-05-27
Essence %100 Pamuk Tek Kişilik Lastikli Çarşaf 100x200 cm Toz Pembe,2499.99,Yatak Odası,2026-05-27
Essence %100 Pamuk Tek Kişilik Lastikli Çarşaf 100x200 cm Yeşil,2499.99,Yatak Odası,2026-05-27
Essence %100 Pamuk Çift Kişilik Lastikli Çarşaf 160x200 cm Lila,2999.99,Yatak Odası,2026-05-27
Essence %100 Pamuk Çift Kişilik Lastikli Çarşaf 160x200 cm Ortanca Mavi,2999.99,Yatak Odası,2026-05-27
Ethnic Charm Kolay Ütülenir Tek Kişilik Çarşaflı Nevresim Takımı 160x220 cm Yağ Yeşili,959.99,Yatak Odası,2026-05-27
Felix Baskılı Pamuklu Tek Kişilik Pike Takımı 150x220 cm Sarı,8999.99,Yatak Odası,2026-05-27
Felix Baskılı Pamuklu Çift Kişilik Pike Takımı 200x220 cm Sarı,1599.99,Yatak Odası,2026-05-27
Fiesta Baskılı Mikrofiber Tek Kişilik Yorgan 155x215 cm Taş Rengi,899.99,Yatak Odası,2026-05-27
Fiesta Baskılı Mikrofiber Çift Kişilik Yorgan 195x215 cm Taş Rengi,1039.99,Yatak Odası,2026-05-27
Fiore Baskılı Pamuklu Tek Kişilik Pike 150x220 cm Mor,639.99,Yatak Odası,2026-05-27
Fiore Baskılı Pamuklu Çift Kişilik Pike 200x220 cm Mor,719.99,Yatak Odası,2026-05-27
Fiore Kolay Ütülenir 2li Yastık Kılıfı 50x70 cm Mor,1499.99,Yatak Odası,2026-05-27
Fiore Viola Tek Kişilik Çok Amaçlı Örtü 160x220 cm Mor,2999.99,Yatak Odası,2026-05-27
Fioreline Dijital Baskılı Kolay Ütülenir  Tek Kişilik Çarşaflı Nevresim Takımı 160x220 cm Yeşil-Sarı,799.99,Yatak Odası,2026-05-27
Fioreline Dijital Baskılı Kolay Ütülenir  Çift Kişilik Çarşaflı Nevresim Takımı 200x220 cm Yeşil-Sarı,7999.99,Yatak Odası,2026-05-27
Fleur 3D Jakarlı Yastık 50x70 cm Beyaz,3999.99,Yatak Odası,2026-05-27
Fleur Multicolore King Size Çok Amaçlı Örtü 220x240 cm Yavruağzı,899.99,Yatak Odası,2026-05-27
Fleur Multicolore Tek Kişilik Çok Amaçlı Örtü 160x220 cm Yavruağzı,629.99,Yatak Odası,2026-05-27
Fleur Multicolore Çift Kişilik Çok Amaçlı Örtü 200x220 cm Yavruağzı,719.99,Yatak Odası,2026-05-27
Flora Drape Tek Kişilik Çok Amaçlı Örtü 160x220 cm Mavi,559.99,Yatak Odası,2026-05-27
Flora Drape Çift Kişilik Çok Amaçlı Örtü 200x220 cm Mavi,899.99,Yatak Odası,2026-05-27
Floral Breeze Baskılı Pamuklu Tek Kişilik Pike 150x220 cm Yeşil,639.99,Yatak Odası,2026-05-27
Floral Breeze Baskılı Pamuklu Çift Kişilik Pike 200x220 cm Yeşil,719.99,Yatak Odası,2026-05-27
Floral Breeze Kolay Ütülenir 2li Yastık Kılıfı 50x70 cm Yeşil,1499.99,Yatak Odası,2026-05-27
Floral Cascade King Size Çok Amaçlı Örtü 240x220 cm Pembe,4499.99,Yatak Odası,2026-05-27
Floral Cascade Tek Kişilik Çok Amaçlı Örtü 160x220 cm Pembe,629.99,Yatak Odası,2026-05-27
Floral Cascade Çift Kişilik Çok Amaçlı Örtü 200x220 cm Pembe,719.99,Yatak Odası,2026-05-27
Floral Euphoria Fırfırlı Çift Kişilik Yatak Örtüsü Takımı 200x220 cm Pembe,4999.99,Yatak Odası,2026-05-27
Floral Serenade King Size Çok Amaçlı Örtü 240x220 cm Pembe,809.99,Yatak Odası,2026-05-27
Floral Serenade Tek Kişilik Çok Amaçlı Örtü 160x220 cm Pembe,489.99,Yatak Odası,2026-05-27
Floral Serenade Çift Kişilik Çok Amaçlı Örtü 200x220 cm Pembe,639.99,Yatak Odası,2026-05-27
Floral Trail Kolay Ütülenir 2li Yastık Kılıfı 50x70 cm Bej,1499.99,Yatak Odası,2026-05-27
Floral Trail Tek Kişilik Pike 150x220 cm Bej,449.99,Yatak Odası,2026-05-27
Floral Trail Çift Kişilik Pike 200x220 cm Bej,479.99,Yatak Odası,2026-05-27
Floral Twilight Tek Kişilik Çok Amaçlı Örtü 160x220 cm Mavi,2999.99,Yatak Odası,2026-05-27
Florish Pamuk Tek Kişilik Çarşaflı Nevresim Takımı 160x220 cm Yeşil,1199.99,Yatak Odası,2026-05-27
Florish Pamuk Çift Kişilik Nevresim Takımı 200x220 cm Yeşil,11999.99,Yatak Odası,2026-05-27
Flower Stripes Baskılı Pamuklu Tek Kişilik Pike Takımı 150x220 cm Sarı,8999.99,Yatak Odası,2026-05-27
Flower Stripes Baskılı Pamuklu Çift Kişilik Pike Takımı 200x220 cm Sarı,10999.99,Yatak Odası,2026-05-27
Forest Blossom Baskılı Pamuklu Tek Kişilik Pike 150x220 cm Yeşil,3499.99,Yatak Odası,2026-05-27
Forest Blossom Baskılı Pamuklu Çift Kişilik Pike 200x220 cm Yeşil,639.99,Yatak Odası,2026-05-27
Forest Blossom Kolay Ütülenir 2li Yastık Kılıfı 50x70 cm Mavi - Yeşil,1499.99,Yatak Odası,2026-05-27
Fragile Ivy Kolay Ütülenir Çarşaflı Çift Kişilik Nevresim Takımı 200x220 cm Lacivert,6999.99,Yatak Odası,2026-05-27
Fragrant Garden Kolay Ütülenir Çarşaflı Tek Kişilik Nevresim Takımı 160x220 cm Kırmızı - Yeşil,6499.99,Yatak Odası,2026-05-27
Fragrant Garden Kolay Ütülenir Çarşaflı Çift Kişilik Nevresim Takımı 200x220 cm Kırmızı - Yeşil,7999.99,Yatak Odası,2026-05-27
Free Antistress Yastık 50x70 cm Beyaz,2249.99,Yatak Odası,2026-05-27
Fresh Ivy Kolay Ütülenir Çarşaflı Tek Kişilik Nevresim Takımı 160x220 cm Mavi,1199.99,Yatak Odası,2026-05-27
Fresh Ivy Kolay Ütülenir Çarşaflı Çift Kişilik Nevresim Takımı 200x220 cm Mavi,8999.99,Yatak Odası,2026-05-27
Fresh Sprout Kolay Ütülenir 2li Yastık Kılıfı 50x70 cm Yeşil-Sarı,1499.99,Yatak Odası,2026-05-27
Fresh Sprout Tek Kişilik Pike 150x220 cm Yeşil,2399.99,Yatak Odası,2026-05-27
Fresh Sprout Çift Kişilik Pike 200x220 cm Yeşil,2899.99,Yatak Odası,2026-05-27
Fresh Tartan Kolay Ütülenir Çift Kişilik Çarşaflı Nevresim Takımı 200x220 cm Mavi,7349.99,Yatak Odası,2026-05-27
Fresh Touch Sıvı Geçirmez Alez Yastık Kılıfı 50x70 cm Beyaz,999.99,Yatak Odası,2026-05-27
Fresh Touch Sıvı Geçirmez Tek Kişilik Yatak Koruyucu Alez 100x200 cm Beyaz,1749.99,Yatak Odası,2026-05-27
Fresh Touch Sıvı Geçirmez Çift Kişilik Yatak Koruyucu Alez 180x200 cm Beyaz,2499.99,Yatak Odası,2026-05-27
Fruit Fiesta King Size Çok Amaçlı Örtü 240x220 cm Yeşil,4999.99,Yatak Odası,2026-05-27
Fruit Fiesta Tek Kişilik Çok Amaçlı Örtü 160x220 cm Yeşil,3499.99,Yatak Odası,2026-05-27
Fruit Fiesta Çift Kişilik Çok Amaçlı Örtü 200x220 cm Yeşil,3999.99,Yatak Odası,2026-05-27
Garden Glory Pamuk Tek Kişilik Çarşaflı Nevresim Takımı 160x220 cm Yeşil,1199.99,Yatak Odası,2026-05-27
Garden Lullaby  Kolay Ütülenir Tek Kişilik Çarşaflı Nevresim Takımı 160x220 cm Koyu Mavi,959.99,Yatak Odası,2026-05-27
Garden Melody Pamuklu Tek Kişilik Nevresim Seti 160x220 cm Yeşil-Sarı,5999.99,Yatak Odası,2026-05-27
Garden Melody Pamuklu Çift Kişilik Nevresim Seti 200x220 cm Yeşil-Sarı,7499.99,Yatak Odası,2026-05-27
Garden Toile Pamuklu Çarşaflı Tek Kişilik Nevresim Takımı 160x220 cm Bej,1439.99,Yatak Odası,2026-05-27
Garden Toile Pamuklu Çarşaflı Çift Kişilik Nevresim Takımı 200x220 cm Bej,10999.99,Yatak Odası,2026-05-27
Garden Veil Kolay Ütülenir Çarşaflı Tek Kişilik Nevresim Takımı 160x220 cm Pudra,959.99,Yatak Odası,2026-05-27
Garden Veil Kolay Ütülenir Çarşaflı Tek Kişilik Nevresim Takımı 160x220 cm Yağ Yeşili,839.99,Yatak Odası,2026-05-27
Garden Veil Kolay Ütülenir Çarşaflı Çift Kişilik Nevresim Takımı 200x220 cm Pudra,1259.99,Yatak Odası,2026-05-27
Garden Veil Kolay Ütülenir Çarşaflı Çift Kişilik Nevresim Takımı 200x220 cm Yağ Yeşili,1259.99,Yatak Odası,2026-05-27
Gentle Florals Kolay Ütülenir 2li Yastık Kılıfı 50x70 cm Mavi - Pembe,1499.99,Yatak Odası,2026-05-27
Gentle Florals Tek Kişilik Pike 150x220 cm Yeşil,3499.99,Yatak Odası,2026-05-27
Gentle Florals Çift Kişilik Pike 200x220 cm Yeşil,3999.99,Yatak Odası,2026-05-27
Gentle Flower Pamuk Tek Kişilik Çarşaflı Nevresim Takımı 160x220 cm Yeşil-Mavi,6999.99,Yatak Odası,2026-05-27
Gentle Swirl Kolay Ütülenir Çarşaflı Tek Kişilik Nevresim Takımı 160x220 cm Sarı,5999.99,Yatak Odası,2026-05-27
Gentle Swirl Kolay Ütülenir Çarşaflı Tek Kişilik Nevresim Takımı 160x220 cm Yeşil,839.99,Yatak Odası,2026-05-27
Gentle Swirl Kolay Ütülenir Çarşaflı Çift Kişilik Nevresim Takımı 200x220 cm Sarı,1259.99,Yatak Odası,2026-05-27
Gentle Swirl Kolay Ütülenir Çarşaflı Çift Kişilik Nevresim Takımı 200x220 cm Yeşil,6999.99,Yatak Odası,2026-05-27
Geo Harmony Kolay Ütülenir Çarşaflı Çift Kişilik Nevresim Takımı 200x220 cm Mavi-Sarı,1279.99,Yatak Odası,2026-05-27
Geo Plaid Pamuklu 2li Yastık Kılıfı 50x70 cm Yeşil-Pembe,1499.99,Yatak Odası,2026-05-27
Geomora Kolay Ütülenir Tek Kişilik Çarşaflı Nevresim Takımı 160x220 cm Vizon,959.99,Yatak Odası,2026-05-27
Geomora Kolay Ütülenir Çift Kişilik Çarşaflı Nevresim Takımı 200x220 cm Vizon,1259.99,Yatak Odası,2026-05-27
Glare Jakarlı Tek Kişilik Çarşaflı Nevresim Takımı 160x220 cm Bej,1599.99,Yatak Odası,2026-05-27
Glare Jakarlı Tek Kişilik Çarşaflı Nevresim Takımı 160x220 cm Beyaz,1599.99,Yatak Odası,2026-05-27
Glare King Size Çarşaflı Nevresim Takımı Beyaz,17999.99,Yatak Odası,2026-05-27
Glare Tek Kişilik Nevresim Takımı Yeşil,9999.99,Yatak Odası,2026-05-27
Glen Plaid İpliği Boyalı Tek Kişilik Çarşaflı Nevresim Takımı 160x220 cm Koyu Bej,1439.99,Yatak Odası,2026-05-27
Glen Plaid İpliği Boyalı Çift Kişilik Çarşaflı Nevresim Takımı 200x220 cm Koyu Bej,1759.99,Yatak Odası,2026-05-27
Glint Stripes İpliği Boyalı Tek Kişilik Çarşaflı Nevresim Takımı 160x220 cm Bej-Gri,1259.99,Yatak Odası,2026-05-27
Glint Stripes İpliği Boyalı Çift Kişilik Çarşaflı Nevresim Takımı 200x220 cm Bej-Gri,1979.99,Yatak Odası,2026-05-27
Glossline İpliği Boyalı Tek Kişilik Çarşaflı Nevresim Takımı 160x220 cm Gold,1259.99,Yatak Odası,2026-05-27
Glossline İpliği Boyalı Çift Kişilik Çarşaflı Nevresim Takımı 200x220 cm Gold,1759.99,Yatak Odası,2026-05-27
Glossy Kolay Ütülenir Perkal Tek Kişilik Çarşaflı Nevresim Takımı 160x220 cm Beyaz,1259.99,Yatak Odası,2026-05-27
Glossy Kolay Ütülenir Perkal Tek Kişilik Çarşaflı Nevresim Takımı 160x220 cm Gri,8999.99,Yatak Odası,2026-05-27
Glossy Kolay Ütülenir Perkal Tek Kişilik Çarşaflı Nevresim Takımı 160x220 cm Sisli Mürdüm,1439.99,Yatak Odası,2026-05-27
Glossy Kolay Ütülenir Perkal Çift Kişilik Çarşaflı Nevresim Takımı 200x220 cm Beyaz,1759.99,Yatak Odası,2026-05-27
Glossy Kolay Ütülenir Perkal Çift Kişilik Çarşaflı Nevresim Takımı 200x220 cm Gri,10999.99,Yatak Odası,2026-05-27
Glowing Bears Pamuklu Bebe Battaniye 100x120 cm Seledon,404.99,Yatak Odası,2026-05-27
Golden Petals Kolay Ütülenir 2li Yastık Kılıfı 50x70 cm Sarı,1499.99,Yatak Odası,2026-05-27
Golden Petals Tek Kişilik Pike 150x220 cm Sarı,2499.99,Yatak Odası,2026-05-27
Golden Petals Çift Kişilik Pike 200x220 cm Sarı,2999.99,Yatak Odası,2026-05-27
Grandiose Ajurlu Perkal Çift Kişilik Çarşaflı Nevresim Takımı 200x220 cm Beyaz,2399.99,Yatak Odası,2026-05-27
Graphic Grid Kolay Ütülenir Tek Kişilik Çarşaflı Nevresim Takımı 160x220 cm Gri,839.99,Yatak Odası,2026-05-27
Graphic Grid Kolay Ütülenir Çift Kişilik Çarşaflı Nevresim Takımı 200x220 cm Gri,6999.99,Yatak Odası,2026-05-27
Green Harmony Baskılı Pamuklu Tek Kişilik Pike 150x220 cm Yeşil,3499.99,Yatak Odası,2026-05-27
Green Harmony Baskılı Pamuklu Çift Kişilik Pike 200x220 cm Yeşil,3999.99,Yatak Odası,2026-05-27
Green Harmony Kolay Ütülenir 2li Yastık Kılıfı 50x70 cm Yeşil,1499.99,Yatak Odası,2026-05-27
Gridline Kolay Ütülenir Çarşaflı Tek Kişilik Nevresim Takımı 160x220 cm Seledon-Mürdüm,959.99,Yatak Odası,2026-05-27
Gridline Kolay Ütülenir Çarşaflı Tek Kişilik Nevresim Takımı 160x220 cm Yağ Yeşili- Mavi,959.99,Yatak Odası,2026-05-27
Gridline Kolay Ütülenir Çarşaflı Çift Kişilik Nevresim Takımı 200x220 cm Seledon-Mürdüm,1119.99,Yatak Odası,2026-05-27
Gridline Kolay Ütülenir Çarşaflı Çift Kişilik Nevresim Takımı 200x220 cm Yağ Yeşili- Mavi,1119.99,Yatak Odası,2026-05-27
Harlem King Size Çok Amaçlı Örtü 240x220 cm Lacivert,719.99,Yatak Odası,2026-05-27
Harlem Tek Kişilik Çok Amaçlı Örtü 160x220 cm Lacivert,629.99,Yatak Odası,2026-05-27
Harlem Çift Kişilik Çok Amaçlı Örtü 200x220 cm Lacivert,639.99,Yatak Odası,2026-05-27
Heritage Grace Kolay Ütülenir Çarşaflı Tek Kişilik Nevresim Takımı 160x220 cm Haki,5999.99,Yatak Odası,2026-05-27
Heritage Grace Kolay Ütülenir Çarşaflı Çift Kişilik Nevresim Takımı 200x220 cm Haki,1259.99,Yatak Odası,2026-05-27
Heritage blue Baskılı Pamuklu Tek Kişilik Pike 150x220 cm Mavi,719.99,Yatak Odası,2026-05-27
Heritage blue Baskılı Pamuklu Çift Kişilik Pike 200x220 cm Mavi,809.99,Yatak Odası,2026-05-27
Heritage blue Kolay Ütülenir 2li Yastık Kılıfı 50x70 cm Mavi,1499.99,Yatak Odası,2026-05-27
Icy Cool Touch Alez Yastık Kılıfı 50x70 cm Mavi,479.99,Yatak Odası,2026-05-27
Imperial Lace Güpürlü Oxford King Size Nevresim Takımı 240x220 cm Beyaz,18999.99,Yatak Odası,2026-05-27
Ivy Blush Kolay Ütülenir Çarşaflı Tek Kişilik Nevresim Takımı 160x220 cm Mor,959.99,Yatak Odası,2026-05-27
Ivy Blush Kolay Ütülenir Çarşaflı Çift Kişilik Nevresim Takımı 200x220 cm Hardal,6999.99,Yatak Odası,2026-05-27
Ivy Blush Kolay Ütülenir Çarşaflı Çift Kişilik Nevresim Takımı 200x220 cm Mor,1259.99,Yatak Odası,2026-05-27
Jacobean Plaid Tek Kişilik Çok Amaçlı Örtü 160x220 cm Bordo,629.99,Yatak Odası,2026-05-27
Jardin Belle Tek Kişilik Yatak Örtüsü Takımı 160x220 cm Bordo,1599.99,Yatak Odası,2026-05-27
Jardin Belle Çift Kişilik Yatak Örtüsü Takımı 200x220 cm Bordo,2249.99,Yatak Odası,2026-05-27
Jardin Lume King Size Çok Amaçlı Örtü 220x240 cm Yeşil,4499.99,Yatak Odası,2026-05-27
Jardin Lume Tek Kişilik Çok Amaçlı Örtü 160x220 cm Yeşil,3499.99,Yatak Odası,2026-05-27
Jardin Lume Çift Kişilik Çok Amaçlı Örtü 200x220 cm Yeşil,3999.99,Yatak Odası,2026-05-27
Jouyline Pamuklu Çarşaflı Tek Kişilik Nevresim Takımı 160x220 cm Yeşil,8999.99,Yatak Odası,2026-05-27
Jouyline Pamuklu Çarşaflı Çift Kişilik Nevresim Takımı 200x220 cm Yeşil,1799.99,Yatak Odası,2026-05-27
Knitline Pamuk Tek Kişilik Nevresim Takımı 160x220 cm Yeşil,7999.99,Yatak Odası,2026-05-27
Lace Elegance Kopanakili Perkal Tek Kişilik Çarşaflı Nevresim Takımı 160x220 cm Beyaz,2159.99,Yatak Odası,2026-05-27
Lace Elegance Kopanakili Perkal Tek Kişilik Çarşaflı Nevresim Takımı 160x220 cm Yeşil,8999.99,Yatak Odası,2026-05-27
Layna Yün Alez Yastık Kılıfı 50x70 cm Krem,1999.99,Yatak Odası,2026-05-27
Layna Yün Yastık 50x70 cm Krem,7499.99,Yatak Odası,2026-05-27
Layna Yıkanabilir Yün Çift Kişilik Yorgan 195x215 cm Krem,14999.99,Yatak Odası,2026-05-27
Leaf Dream Kolay Ütülenir Tek Kişilik Nevresim Takımı 160x220 cm Mavi,5999.99,Yatak Odası,2026-05-27
Leaf Dream Kolay Ütülenir Tek Kişilik Çarşaflı Nevresim Takımı 160x220 cm Yeşil,5999.99,Yatak Odası,2026-05-27
Leaf Dream Kolay Ütülenir Çift Kişilik Çarşaflı Nevresim Takımı 200x220 cm Mavi,6999.99,Yatak Odası,2026-05-27
Leaf Dream Kolay Ütülenir Çift Kişilik Çarşaflı Nevresim Takımı 200x220 cm Yeşil,1119.99,Yatak Odası,2026-05-27
Leafline Baskılı Pamuklu Tek Kişilik Pike 150x220 cm Yeşil,3499.99,Yatak Odası,2026-05-27
Leafline Baskılı Pamuklu Çift Kişilik Pike 200x220 cm Yeşil,719.99,Yatak Odası,2026-05-27
Leafline Kolay Ütülenir 2li Yastık Kılıfı 50x70 cm Yeşil,1499.99,Yatak Odası,2026-05-27
Lemon Delight Tek Kişilik Çok Amaçlı Örtü 160x220 cm Sarı,2999.99,Yatak Odası,2026-05-27
Lemon Delight Çift Kişilik Çok Amaçlı Örtü 200x220 cm Sarı,3499.99,Yatak Odası,2026-05-27
Lilitha Kolay Ütülenir Çarşaflı Tek Kişilik Nevresim Takımı 160x220 cm Lila,5999.99,Yatak Odası,2026-05-27
Lilitha Kolay Ütülenir Çarşaflı Tek Kişilik Nevresim Takımı 160x220 cm Pudra,5999.99,Yatak Odası,2026-05-27
Lilitha Kolay Ütülenir Çarşaflı Çift Kişilik Nevresim Takımı 200x220 cm Lila,6999.99,Yatak Odası,2026-05-27
Lilitha Kolay Ütülenir Çarşaflı Çift Kişilik Nevresim Takımı 200x220 cm Pudra,6999.99,Yatak Odası,2026-05-27
Line Art Çift Kişilik Yatak Örtüsü Takımı Gri,5999.99,Yatak Odası,2026-05-27
Line Mesh İpliği Boyalı Tek Kişilik Çarşaflı Nevresim Takımı 160x220 cm Gri,8999.99,Yatak Odası,2026-05-27
Line Mesh İpliği Boyalı Çift Kişilik Çarşaflı Nevresim Takımı 200x220 cm Gri,10999.99,Yatak Odası,2026-05-27
Line Motion Kolay Ütülenir Tek Kişilik Çarşaflı Nevresim Takımı 160x220 cm Lacivert - Bej,5999.99,Yatak Odası,2026-05-27
Line Motion Kolay Ütülenir Çift Kişilik Çarşaflı Nevresim Takımı 200x220 cm Lacivert - Bej,7499.99,Yatak Odası,2026-05-27
Lines & Dots Kolay Ütülenir Çarşaflı Tek Kişilik Nevresim Takımı 160x220 cm Mavi,1199.99,Yatak Odası,2026-05-27
Lines & Dots Kolay Ütülenir Çarşaflı Çift Kişilik Nevresim Takımı 200x220 cm Mavi,1439.99,Yatak Odası,2026-05-27
Linescape Kolay Ütülenir Tek Kişilik Çarşaflı Nevresim Takımı 160x220 cm Açık Mavi,1169.99,Yatak Odası,2026-05-27
Linescape Kolay Ütülenir Çift Kişilik Çarşaflı Nevresim Takımı 200x220 cm Açık Mavi,7999.99,Yatak Odası,2026-05-27
Linework Kolay Ütülenir Tek Kişilik Çarşaflı Nevresim Takımı 160x220 cm Açık Mürdüm,959.99,Yatak Odası,2026-05-27
Liny İpliği Boyalı Tek Kişilik Çarşaflı Nevresim Takımı 160x220 cm Terracotta,879.99,Yatak Odası,2026-05-27
Lior Tek Kişilik Pike 150x220 cm Sarı,629.99,Yatak Odası,2026-05-27
Lior Çift Kişilik Pike 200x220 cm Sarı,639.99,Yatak Odası,2026-05-27
Lorita Baskılı Pamuklu Çift Kişilik Pike 200x220 cm Mavi,5999.99,Yatak Odası,2026-05-27
Love Bow Pamuklu Bebe Battaniye 100x120 cm Somon,404.98,Yatak Odası,2026-05-27
Lumira Fiorito  King Size Çok Amaçlı Örtü 220x240 cm Açık Mavi,4499.99,Yatak Odası,2026-05-27
Lumira Fiorito  Tek Kişilik Çok Amaçlı Örtü 160x220 cm Açık Mavi,3499.99,Yatak Odası,2026-05-27
Lumira Fiorito  Çift Kişilik Çok Amaçlı Örtü 200x220 cm Açık Mavi,3999.99,Yatak Odası,2026-05-27
Lunar Waffle Mikrojel Yastık 50x70 cm Beyaz,3999.99,Yatak Odası,2026-05-27
Lush Blooms Kolay Ütülenir Çift Kişilik Nevresim Takımı 200x220 cm Lila-Yeşil,6999.99,Yatak Odası,2026-05-27
Lush Leopard Jakarlı Çift Kişilik Çarşaflı Nevresim Takımı 200x220 cm Bej,13999.99,Yatak Odası,2026-05-27
Luzia Kolay Ütülenir 2li Yastık Kılıfı 50x70 cm Mavi,1499.99,Yatak Odası,2026-05-27
Luzia Tek Kişilik Pike 150x220 cm Mavi,2499.99,Yatak Odası,2026-05-27
Luzia Çift Kişilik Pike 200x220 cm Mavi,479.99,Yatak Odası,2026-05-27
Maisy Baskılı Pamuklu Tek Kişilik Pike Takımı 150x220 cm Mavi,8999.99,Yatak Odası,2026-05-27
Maisy Baskılı Pamuklu Çift Kişilik Pike Takımı 200x220 cm Mavi,10999.99,Yatak Odası,2026-05-27
Marcel Tek Kişilik Pike Takımı 150x220 cm Mor,7499.99,Yatak Odası,2026-05-27
Marcel Çift Kişilik Pike Takımı 200x220 cm Mor,9999.99,Yatak Odası,2026-05-27
Maren Baskılı Pamuklu Tek Kişilik Pike Takımı 150x220 cm Mavi,7999.99,Yatak Odası,2026-05-27
Maren Baskılı Pamuklu Çift Kişilik Pike Takımı 200x220 cm Mavi,8999.99,Yatak Odası,2026-05-27
Maris Baskılı Pamuklu Tek Kişilik Pike 150x220 cm Mavi,3999.99,Yatak Odası,2026-05-27
Maris Baskılı Pamuklu Çift Kişilik Pike 200x220 cm Mavi,4999.99,Yatak Odası,2026-05-27
Maris Kolay Ütülenir 2li Yastık Kılıfı 50x70 cm Mavi,1499.99,Yatak Odası,2026-05-27
Micell Pamuk Saten 2li Yastık Kılıfı 50x70 cm Gümüş,1749.99,Yatak Odası,2026-05-27
Micell Pamuk Saten Çift Kişilik Lastikli Çarşaf Antrasit,3999.99,Yatak Odası,2026-05-27
Micell Pamuk Saten Çift Kişilik Çarşaf 240x260 cm Yeşil,4749.99,Yatak Odası,2026-05-27
Mini Cachemire Tek Kişilik Yatak Örtüsü Takımı 160x220 cm Lacivert,3999.99,Yatak Odası,2026-05-27
Mini Cachemire  Çift Kişilik Yatak Örtüsü Takımı 200x220 cm Lacivert,5999.99,Yatak Odası,2026-05-27
Minibloss Pamuklu Çift Kişilik Nevresim Seti 200x220 cm Lila,5999.99,Yatak Odası,2026-05-27
Mira Blush King Size Çok Amaçlı Örtü 220x240 cm Fuşya,701.99,Yatak Odası,2026-05-27
Mira Blush Tek Kişilik Çok Amaçlı Örtü 160x220 cm Fuşya,463.99,Yatak Odası,2026-05-27
Mira Blush Çift Kişilik Çok Amaçlı Örtü 200x220 cm Fuşya,543.99,Yatak Odası,2026-05-27
Misty Dream Dijital Baskılı Kolay Ütülenir  Çift Kişilik Çarşaflı Nevresim Takımı 200x220 cm Mor,7999.99,Yatak Odası,2026-05-27
Misty Dream Dijital Baskılı Kolay Ütülenir Çarşaflı Tek Kişilik Nevresim Takımı 160x220 cm Mor,899.99,Yatak Odası,2026-05-27
Misty Flora Tek Kişilik Çok Amaçlı Örtü 160x220 cm Açık Mavi,3499.99,Yatak Odası,2026-05-27
Misty Flora Çift Kişilik Çok Amaçlı Örtü 200x220 cm Açık Mavi,3999.99,Yatak Odası,2026-05-27
Misty Flora King Size Çok Amaçlı Örtü 220x240 cm Açık Mavi,4499.99,Yatak Odası,2026-05-27
Modern Braid Kolay Ütülenir Tek Kişilik Çarşaflı Nevresim Takımı 160x220 cm Yeşil-Mavi,959.99,Yatak Odası,2026-05-27
Modern Frame Nakışlı Perkal King Size Nevresim Takımı 240x220 cm Gold,19999.99,Yatak Odası,2026-05-27
Modern Frame Nakışlı Perkal Super King Nevresim Takımı 260x220 cm Gümüş,20999.99,Yatak Odası,2026-05-27
Modern Frame Nakışlı Perkal Super King Çarşaflı Nevresim Takımı 260x220 cm Gold,20999.99,Yatak Odası,2026-05-27
Modern Grid Tek Kişilik Pike 150x220 cm Gri,1499.99,Yatak Odası,2026-05-27
Modern Grid Tek Kişilik Pike 150x220 cm Seledon,1499.99,Yatak Odası,2026-05-27
Modern Grid Çift Kişilik Pike 180x220 cm Gri,1999.99,Yatak Odası,2026-05-27
Modern Grid Çift Kişilik Pike 180x220 cm Seledon,1999.99,Yatak Odası,2026-05-27
Modern Harmony Armürlü Çift Kişilik Çarşaflı Nevresim Takımı 200x220 cm Beyaz,10999.99,Yatak Odası,2026-05-27
Mono Diamond İpliği Boyalı Tek Kişilik Çarşaflı Nevresim Takımı 160x220 cm Gri,1439.99,Yatak Odası,2026-05-27
Mono Diamond İpliği Boyalı Çift Kişilik Çarşaflı Nevresim Takımı 200x220 cm Gri,1759.99,Yatak Odası,2026-05-27
Mosa Blu Tek Kişilik Yatak Örtüsü Takımı 160x220 cm Lacivert,3999.99,Yatak Odası,2026-05-27
Mosa Blu Çift Kişilik Yatak Örtüsü Takımı 200x220 cm Lacivert,5999.99,Yatak Odası,2026-05-27
Napline Pamuklu Kapitoneli Sıvı Geçirmez King Size Alez 180x200 cm Beyaz,8999.99,Yatak Odası,2026-05-27
Napline Pamuklu Kapitoneli Sıvı Geçirmez Tek Kişilik Alez 100x200 cm Beyaz,5999.99,Yatak Odası,2026-05-27
Napline Pamuklu Kapitoneli Sıvı Geçirmez Yastık Alezi 50x70 cm Beyaz,1499.99,Yatak Odası,2026-05-27
Napline Pamuklu Kapitoneli Sıvı Geçirmez Çift Kişilik Alez 160x200 cm Beyaz,1399.99,Yatak Odası,2026-05-27
Natur Baskılı Tek Kişilik Pike Takımı 150x220 cm Yeşil,8999.99,Yatak Odası,2026-05-27
Natur Baskılı Çift Kişilik Pike Takımı 200x220 cm Yeşil,9999.99,Yatak Odası,2026-05-27
Natural Bands Kolay Ütülenir Çarşaflı Tek Kişilik Nevresim Takımı 160x220 cm Mavi - Yeşil,1039.99,Yatak Odası,2026-05-27
Natural Bands Kolay Ütülenir Çarşaflı Çift Kişilik Nevresim Takımı 200x220 cm Mavi - Yeşil,1279.99,Yatak Odası,2026-05-27
Natural Whirl Kolay Ütülenir Tek Kişilik Çarşaflı Nevresim Takımı 160x220 cm Mavi - Bej,959.99,Yatak Odası,2026-05-27
Novella Premium Pamuk Dokulu 2li Yastık Kılıfı 50x70 cm Açık Mavi,1499.99,Yatak Odası,2026-05-27
Novella Premium Pamuk Dokulu 2li Yastık Kılıfı 50x70 cm Açık Sarı,1499.99,Yatak Odası,2026-05-27
Novella Premium Pamuk Dokulu 2li Yastık Kılıfı 50x70 cm Açık Yeşil,1249.99,Yatak Odası,2026-05-27
Novella Premium Pamuk Dokulu 2li Yastık Kılıfı 50x70 cm Beyaz,1499.99,Yatak Odası,2026-05-27
Novella Premium Pamuk Dokulu 2li Yastık Kılıfı 50x70 cm Denim Mavi,1499.99,Yatak Odası,2026-05-27
Novella Premium Pamuk Dokulu 2li Yastık Kılıfı 50x70 cm Koyu Seledon,1499.99,Yatak Odası,2026-05-27
Novella Premium Pamuk Dokulu 2li Yastık Kılıfı 50x70 cm Krem,1249.99,Yatak Odası,2026-05-27
Novella Premium Pamuk Dokulu 2li Yastık Kılıfı 50x70 cm Lila,1499.99,Yatak Odası,2026-05-27
Novella Premium Pamuk Dokulu 2li Yastık Kılıfı 50x70 cm Toz Pembe,1499.99,Yatak Odası,2026-05-27
Novella Premium Pamuk Dokulu King Size Lastikli Çarşaf 180x200 cm Açık Mavi,3499.99,Yatak Odası,2026-05-27
Novella Premium Pamuk Dokulu King Size Lastikli Çarşaf 180x200 cm Açık Sarı,3499.99,Yatak Odası,2026-05-27
Novella Premium Pamuk Dokulu King Size Lastikli Çarşaf 180x200 cm Açık Yeşil,3499.99,Yatak Odası,2026-05-27
Novella Premium Pamuk Dokulu King Size Lastikli Çarşaf 180x200 cm Beyaz,3499.99,Yatak Odası,2026-05-27
Novella Premium Pamuk Dokulu King Size Lastikli Çarşaf 180x200 cm Denim Mavi,3499.99,Yatak Odası,2026-05-27
Novella Premium Pamuk Dokulu King Size Lastikli Çarşaf 180x200 cm Koyu Seledon,3499.99,Yatak Odası,2026-05-27
Novella Premium Pamuk Dokulu King Size Lastikli Çarşaf 180x200 cm Krem,3499.99,Yatak Odası,2026-05-27
Novella Premium Pamuk Dokulu King Size Lastikli Çarşaf 180x200 cm Lila,3499.99,Yatak Odası,2026-05-27
Novella Premium Pamuk Dokulu King Size Lastikli Çarşaf 180x200 cm Toz Pembe,3499.99,Yatak Odası,2026-05-27
Novella Premium Pamuk Dokulu Tek Kişilik Lastikli Çarşaf 100x200 cm Açık Mavi,2499.99,Yatak Odası,2026-05-27
Novella Premium Pamuk Dokulu Tek Kişilik Lastikli Çarşaf 100x200 cm Açık Sarı,2499.99,Yatak Odası,2026-05-27
Novella Premium Pamuk Dokulu Tek Kişilik Lastikli Çarşaf 100x200 cm Açık Yeşil,2499.99,Yatak Odası,2026-05-27
Novella Premium Pamuk Dokulu Tek Kişilik Lastikli Çarşaf 100x200 cm Beyaz,2499.99,Yatak Odası,2026-05-27
Novella Premium Pamuk Dokulu Tek Kişilik Lastikli Çarşaf 100x200 cm Denim Mavi,2499.99,Yatak Odası,2026-05-27
Novella Premium Pamuk Dokulu Tek Kişilik Lastikli Çarşaf 100x200 cm Koyu Seledon,2499.99,Yatak Odası,2026-05-27
Novella Premium Pamuk Dokulu Tek Kişilik Lastikli Çarşaf 100x200 cm Krem,2499.99,Yatak Odası,2026-05-27
Novella Premium Pamuk Dokulu Tek Kişilik Lastikli Çarşaf 100x200 cm Lila,2499.99,Yatak Odası,2026-05-27
Novella Premium Pamuk Dokulu Tek Kişilik Lastikli Çarşaf 100x200 cm Toz Pembe,2499.99,Yatak Odası,2026-05-27
Novella Premium Pamuk Dokulu Tek Kişilik Plus Lastikli Çarşaf 120x200 cm Açık Mavi,2999.99,Yatak Odası,2026-05-27
Novella Premium Pamuk Dokulu Tek Kişilik Plus Lastikli Çarşaf 120x200 cm Açık Sarı,2999.99,Yatak Odası,2026-05-27
Novella Premium Pamuk Dokulu Tek Kişilik Plus Lastikli Çarşaf 120x200 cm Açık Yeşil,2999.99,Yatak Odası,2026-05-27
Novella Premium Pamuk Dokulu Tek Kişilik Plus Lastikli Çarşaf 120x200 cm Beyaz,2999.99,Yatak Odası,2026-05-27
Novella Premium Pamuk Dokulu Tek Kişilik Plus Lastikli Çarşaf 120x200 cm Denim Mavi,2999.99,Yatak Odası,2026-05-27
Novella Premium Pamuk Dokulu Tek Kişilik Plus Lastikli Çarşaf 120x200 cm Koyu Seledon,2999.99,Yatak Odası,2026-05-27
Novella Premium Pamuk Dokulu Tek Kişilik Plus Lastikli Çarşaf 120x200 cm Krem,2999.99,Yatak Odası,2026-05-27
Novella Premium Pamuk Dokulu Tek Kişilik Plus Lastikli Çarşaf 120x200 cm Lila,2999.99,Yatak Odası,2026-05-27
Novella Premium Pamuk Dokulu Tek Kişilik Plus Lastikli Çarşaf 120x200 cm Toz Pembe,2999.99,Yatak Odası,2026-05-27
Novella Premium Pamuk Dokulu Çift Kişilik Lastikli Çarşaf 160x200 cm Açık Mavi,2999.99,Yatak Odası,2026-05-27
Novella Premium Pamuk Dokulu Çift Kişilik Lastikli Çarşaf 160x200 cm Açık Sarı,2999.99,Yatak Odası,2026-05-27
Novella Premium Pamuk Dokulu Çift Kişilik Lastikli Çarşaf 160x200 cm Açık Yeşil,2999.99,Yatak Odası,2026-05-27
Novella Premium Pamuk Dokulu Çift Kişilik Lastikli Çarşaf 160x200 cm Beyaz,2999.99,Yatak Odası,2026-05-27
Novella Premium Pamuk Dokulu Çift Kişilik Lastikli Çarşaf 160x200 cm Denim Mavi,2999.99,Yatak Odası,2026-05-27
Novella Premium Pamuk Dokulu Çift Kişilik Lastikli Çarşaf 160x200 cm Koyu Seledon,2999.99,Yatak Odası,2026-05-27
Novella Premium Pamuk Dokulu Çift Kişilik Lastikli Çarşaf 160x200 cm Krem,2999.99,Yatak Odası,2026-05-27
Novella Premium Pamuk Dokulu Çift Kişilik Lastikli Çarşaf 160x200 cm Lila,2999.99,Yatak Odası,2026-05-27
Novella Premium Pamuk Dokulu Çift Kişilik Lastikli Çarşaf 160x200 cm Toz Pembe,2999.99,Yatak Odası,2026-05-27
Nuit Paisley Tek Kişilik Yatak Örtüsü Takımı 160x220 cm Mavi,3999.99,Yatak Odası,2026-05-27
Nuit Paisley Çift Kişilik Yatak Örtüsü Takımı 200x220 cm Mavi,1079.99,Yatak Odası,2026-05-27
Paisley Celeste  King Size Çok Amaçlı Örtü 220x240 cm Mavi,899.99,Yatak Odası,2026-05-27
Paisley Celeste  Tek Kişilik Çok Amaçlı Örtü 160x220 cm Mavi,629.99,Yatak Odası,2026-05-27
Paisley Celeste  Çift Kişilik Çok Amaçlı Örtü 200x220 cm Mavi,639.99,Yatak Odası,2026-05-27
Pamuklu Kapitoneli Alez Yastık Kılıfı 50x70 cm Beyaz,1249.99,Yatak Odası,2026-05-27
Pastel Gingham Pamuklu Tek Kişilik Nevresim Seti 160x220 cm Pembe - Turuncu,4999.99,Yatak Odası,2026-05-27
Pastoral Patch Pamuklu Çarşaflı Tek Kişilik Nevresim Takımı 160x220 cm Yeşil,1619.99,Yatak Odası,2026-05-27
Pastoral Patch Pamuklu Çarşaflı Çift Kişilik Nevresim Takımı 200x220 cm Yeşil,10999.99,Yatak Odası,2026-05-27
Patch Line King Size Çok Amaçlı Örtü 240x220 cm Lacivert,4499.99,Yatak Odası,2026-05-27
Patch Line Çift Kişilik Çok Amaçlı Örtü 200x220 cm Lacivert,719.99,Yatak Odası,2026-05-27
Patch Line Çift Taraflı Tek Kişilik Çok Amaçlı Örtü Lacivert,3499.99,Yatak Odası,2026-05-27
Patch Mosaic Tek Kişilik Çok Amaçlı Örtü 160x220 cm Mavi,3999.99,Yatak Odası,2026-05-27
Patch Mosaic Çift Kişilik Çok Amaçlı Örtü 200x220 cm Mavi,799.99,Yatak Odası,2026-05-27
Patch Square Tek Kişilik Çok Amaçlı Örtü 160x220 cm Yeşil,3999.99,Yatak Odası,2026-05-27
Patch Square Çift Kişilik Çok Amaçlı Örtü 200x220 cm Yeşil,4999.99,Yatak Odası,2026-05-27
Patchform Kolay Ütülenir Tek Kişilik Nevresim Seti 160x220 cm Mavi – Bordo,719.99,Yatak Odası,2026-05-27
Patchform Kolay Ütülenir Çift Kişilik Nevresim Seti 200x220 cm Mavi – Bordo,719.99,Yatak Odası,2026-05-27
Pear Garden Baskılı Tek Kişilik Pike Takımı 150x220 cm Yeşil,8149.95,Yatak Odası,2026-05-27
Penny Bloom King Size Çok Amaçlı Örtü 220x240 cm Mor,4499.99,Yatak Odası,2026-05-27
Penny Bloom Tek Kişilik Çok Amaçlı Örtü 160x220 cm Mor,3499.99,Yatak Odası,2026-05-27
Penny Bloom Çift Kişilik Çok Amaçlı Örtü 200x220 cm Mor,3999.99,Yatak Odası,2026-05-27
Pesca Wave  King Size Çok Amaçlı Örtü 220x240 cm Mavi,899.99,Yatak Odası,2026-05-27
Pesca Wave  Tek Kişilik Çok Amaçlı Örtü 160x220 cm Mavi,629.99,Yatak Odası,2026-05-27
Pesca Wave  Çift Kişilik Çok Amaçlı Örtü 200x220 cm Mavi,639.99,Yatak Odası,2026-05-27
Petal Bouquet Kolay Ütülenir Çarşaflı Tek Kişilik Nevresim Takımı 160x220 cm Hardal,839.99,Yatak Odası,2026-05-27
Petal Bouquet Kolay Ütülenir Çarşaflı Çift Kişilik Nevresim Takımı 200x220 cm Hardal,6999.99,Yatak Odası,2026-05-27
Petit Chamomile Baskılı Tek Kişilik Pike Takımı 150x220 cm Pembe,8149.95,Yatak Odası,2026-05-27
Petit Check Pamuklu 2li Yastık Kılıfı 50x70 cm Sarı-Yeşil,1749.99,Yatak Odası,2026-05-27
Petit Check Pamuklu 2li Yastık Kılıfı 50x70 cm Yeşil-Mavi,1499.99,Yatak Odası,2026-05-27
Petty Chic Kolay Ütülenir Tek Kişilik Nevresim Seti 160x220 cm Açık Sarı,629.99,Yatak Odası,2026-05-27
Petty Chic Kolay Ütülenir Çift Kişilik Nevresim Seti 200x220 cm Açık Sarı,719.99,Yatak Odası,2026-05-27
Petty Chic Tek Kişilik Pike 150x200 cm Yeşil,559.99,Yatak Odası,2026-05-27
Petty Chic Çift Kişilik Pike 200x220 cm Yeşil,639.99,Yatak Odası,2026-05-27
Pied de poule İpliği Boyalı Tek Kişilik Çarşaflı Nevresim Takımı 160x220 cm Bej,1539.99,Yatak Odası,2026-05-27
Pincheck İpliği Boyalı Tek Kişilik Çarşaflı Nevresim Takımı 160x220 cm Mavi,8999.99,Yatak Odası,2026-05-27
Pincheck İpliği Boyalı Çift Kişilik Çarşaflı Nevresim Takımı 200x220 cm Mavi,1979.99,Yatak Odası,2026-05-27
Pixel Kolay Ütülenir 2li Yastık Kılıfı 50x70 cm Mor,239.99,Yatak Odası,2026-05-27
Pixel Tek Kişilik Pike 150x220 cm Mor,2399.99,Yatak Odası,2026-05-27
Pixel Çift Kişilik Pike 200x220 cm Mor,463.99,Yatak Odası,2026-05-27
Plain Pamuk King Size Lastikli Çarşaf Takımı 180x200 cm Heritage Yeşili,4749.99,Yatak Odası,2026-05-27
Plain Pamuk King Size Lastikli Çarşaf Takımı 180x200 cm Ortanca Mavi,4749.99,Yatak Odası,2026-05-27
Plain Pamuk Tek Kişilik Lastikli Çarşaf Takımı 100x200 cm Heritage Yeşili,2499.99,Yatak Odası,2026-05-27
Plain Pamuk Tek Kişilik Lastikli Çarşaf Takımı 100x200 cm Lavanta,2499.99,Yatak Odası,2026-05-27
Plain Pamuk Çarşaflı Tek Kişilik Nevresim Takımı 160x220 cm Mavi-Turuncu,1259.99,Yatak Odası,2026-05-27
Plain Pamuk Çarşaflı Tek Kişilik Nevresim Takımı 160x220 cm Yeşil-mor,1439.99,Yatak Odası,2026-05-27
Plain Pamuk Çarşaflı Çift Kişilik Nevresim Takımı 200x220 cm Gri-Sarı,1759.99,Yatak Odası,2026-05-27
Plain Pamuk Çarşaflı Çift Kişilik Nevresim Takımı 200x220 cm Mavi-Turuncu,1759.99,Yatak Odası,2026-05-27
Plain Pamuk Çarşaflı Çift Kişilik Nevresim Takımı 200x220 cm Yeşil-mor,1759.99,Yatak Odası,2026-05-27
Plain Pamuk Çift Kişilik Lastikli Çarşaf Takımı 160x200 cm Heritage Yeşili,3999.99,Yatak Odası,2026-05-27
Poemy Kolay Ütülenir Tek Kişilik Nevresim Seti 160x220 cm Turuncu-Mavi,719.99,Yatak Odası,2026-05-27
Poemy Kolay Ütülenir Çift Kişilik Nevresim Seti 200x220 cm Turuncu-Mavi,809.99,Yatak Odası,2026-05-27
Poffy Bunny Pamuklu Bebe Battaniye 100x120 cm Mavi,404.99,Yatak Odası,2026-05-27
Polka Grid Kolay Ütülenir Çarşaflı Tek Kişilik Nevresim Takımı 160x220 cm Mavi,1039.99,Yatak Odası,2026-05-27
Polka Grid Kolay Ütülenir Çarşaflı Çift Kişilik Nevresim Takımı 200x220 cm Mavi,1279.99,Yatak Odası,2026-05-27
Pop Grid Kolay Ütülenir Tek Kişilik Nevresim Seti 160x220 cm Lila-Yeşil,719.99,Yatak Odası,2026-05-27
Pop Grid Kolay Ütülenir Tek Kişilik Nevresim Seti 160x220 cm Mavi - Yeşil,719.99,Yatak Odası,2026-05-27
Pop Grid Kolay Ütülenir Çift Kişilik Nevresim Seti 200x220 cm Lila-Yeşil,719.99,Yatak Odası,2026-05-27
Pop Grid Kolay Ütülenir Çift Kişilik Nevresim Seti 200x220 cm Mavi - Yeşil,719.99,Yatak Odası,2026-05-27
Posy Flowers Tek Kişilik Pike Takımı 150x220 cm Sarı,7999.99,Yatak Odası,2026-05-27
Posy Flowers Çift Kişilik Pike Takımı 200x220 cm Sarı,9999.99,Yatak Odası,2026-05-27
Posy Garden Baskılı Pamuklu Çift Kişilik Pike 200x220 cm Kırmızı,3499.99,Yatak Odası,2026-05-27
Premium Mikrojel Tek Kişilik Yorgan 155x215 cm Beyaz,5999.99,Yatak Odası,2026-05-27
Premium Mikrojel Yastık 50x70 cm Beyaz,899.99,Yatak Odası,2026-05-27
Premium Mikrojel Çift Kişilik Yorgan 195x215 cm Beyaz,6999.99,Yatak Odası,2026-05-27
Pretty Charm Kolay Ütülenir Çarşaflı Tek Kişilik Nevresim Takımı 160x220 cm Pudra,5999.99,Yatak Odası,2026-05-27
Pretty Loop Kolay Ütülenir Çarşaflı  Çift Kişilik Nevresim Takımı 200x220 cm Sarı-Yeşil,7999.99,Yatak Odası,2026-05-27
Pretty Loop Kolay Ütülenir Çarşaflı Tek Kişilik Nevresim Takımı 160x220 cm Sarı-Yeşil,6499.99,Yatak Odası,2026-05-27
Prime Klimalı Visco Yastık 40x60x15 cm Beyaz-Gold,8999.99,Yatak Odası,2026-05-27
Promise Of Spring Kolay Ütülenir Tek Kişilik Çarşaflı Nevresim Takımı 160x220 cm Turuncu,959.99,Yatak Odası,2026-05-27
Pure Essence Nakışlı Pamuk Çift Kişilik Çarşaflı Nevresim Takımı 200x220 cm Beyaz,19999.99,Yatak Odası,2026-05-27
Pure Leaves Ecosoft Tek Kişilik Pike 150x220 cm Bej,2399.99,Yatak Odası,2026-05-27
Pure Leaves Ecosoft Tek Kişilik Pike 150x220 cm Mavi,2499.99,Yatak Odası,2026-05-27
Pure Leaves Ecosoft Çift Kişilik Pike 200x220 cm Bej,2899.99,Yatak Odası,2026-05-27
Pure Leaves Ecosoft Çift Kişilik Pike 200x220 cm Mavi,539.99,Yatak Odası,2026-05-27
Pure Leaves Kolay Ütülenir 2li Yastık Kılıfı 50x70 cm Bej,1499.99,Yatak Odası,2026-05-27
Pure Leaves Kolay Ütülenir 2li Yastık Kılıfı 50x70 cm Mavi,1499.99,Yatak Odası,2026-05-27
Pure Pamuklu 2li Yastık Kılıfı 50x70 cm Beyaz,319.99,Yatak Odası,2026-05-27
Pure Pamuklu 2li Yastık Kılıfı 50x70 cm Kahve Köpüğü,319.99,Yatak Odası,2026-05-27
Pure Pamuklu 2li Yastık Kılıfı 50x70 cm Çakıl Taşı,1999.99,Yatak Odası,2026-05-27
Pure Pamuklu 2li Yastık Kılıfı 50x70 cm Çağla Yeşili,1999.99,Yatak Odası,2026-05-27
Pure Pamuklu King Size Lastikli Çarşaf 180x200 cm Beyaz,4499.99,Yatak Odası,2026-05-27
Pure Pamuklu King Size Lastikli Çarşaf 180x200 cm Gece Mavisi,4499.99,Yatak Odası,2026-05-27
Pure Pamuklu King Size Lastikli Çarşaf 180x200 cm Çakıl Taşı,4499.99,Yatak Odası,2026-05-27
Pure Pamuklu King Size Lastikli Çarşaf 180x200 cm Çağla Yeşili,4499.99,Yatak Odası,2026-05-27
Pure Pamuklu Tek Kişilik Lastikli Çarşaf 100x200 cm Beyaz,3249.99,Yatak Odası,2026-05-27
Pure Pamuklu Tek Kişilik Lastikli Çarşaf 100x200 cm Gece Mavisi,3249.99,Yatak Odası,2026-05-27
Pure Pamuklu Tek Kişilik Lastikli Çarşaf 100x200 cm Çakıl Taşı,3249.99,Yatak Odası,2026-05-27
Pure Pamuklu Tek Kişilik Lastikli Çarşaf 100x200 cm Çağla Yeşili,3249.99,Yatak Odası,2026-05-27
Pure Pamuklu Tek Kişilik Plus Lastikli Çarşaf 120x200 cm Beyaz,3499.99,Yatak Odası,2026-05-27
Pure Pamuklu Tek Kişilik Plus Lastikli Çarşaf 120x200 cm Gece Mavisi,3499.99,Yatak Odası,2026-05-27
Pure Pamuklu Tek Kişilik Plus Lastikli Çarşaf 120x200 cm Çakıl Taşı,3499.99,Yatak Odası,2026-05-27
Pure Pamuklu Tek Kişilik Plus Lastikli Çarşaf 120x200 cm Çağla Yeşili,3499.99,Yatak Odası,2026-05-27
Pure Pamuklu Çift Kişilik Lastikli Çarşaf 160x200 cm Beyaz,3999.99,Yatak Odası,2026-05-27
Pure Pamuklu Çift Kişilik Lastikli Çarşaf 160x200 cm Gece Mavisi,3999.99,Yatak Odası,2026-05-27
Pure Pamuklu Çift Kişilik Lastikli Çarşaf 160x200 cm Çakıl Taşı,3999.99,Yatak Odası,2026-05-27
Pure Pamuklu Çift Kişilik Lastikli Çarşaf 160x200 cm Çağla Yeşili,3999.99,Yatak Odası,2026-05-27
Pure Summer Baskılı Pamuklu Tek Kişilik Pike Takımı 150x220 cm Mavi,7999.99,Yatak Odası,2026-05-27
Pure Summer Baskılı Pamuklu Çift Kişilik Pike Takımı 200x220 cm Mavi,9999.99,Yatak Odası,2026-05-27
Pure Wings  Kolay Ütülenir Tek Kişilik Nevresim Seti 160x220 cm Hardal-Yeşil,719.99,Yatak Odası,2026-05-27
Pure Wings  Kolay Ütülenir Çift Kişilik Nevresim Seti 200x220 cm Hardal-Yeşil,719.99,Yatak Odası,2026-05-27
Relax Visco Yastık 55x35x12 cm Ekru,1039.99,Yatak Odası,2026-05-27
Resty Visco Yastık 37x54 cm Beyaz,639.99,Yatak Odası,2026-05-27
Ripple Bloom  Tek Kişilik Çok Amaçlı Örtü 160x220 cm Turuncu,3499.99,Yatak Odası,2026-05-27
Ripple Bloom King Size Çok Amaçlı Örtü 220x240 cm Turuncu,719.99,Yatak Odası,2026-05-27
Ripple Bloom Çift Kişilik Çok Amaçlı Örtü 200x220 cm Turuncu,719.99,Yatak Odası,2026-05-27
Romance Ribbon Tek Kişilik Pike 150x220 cm Mavi,2499.99,Yatak Odası,2026-05-27
Romance Ribbon Çift Kişilik Pike 200x220 cm Mavi,2999.99,Yatak Odası,2026-05-27
Rose Bright Dijital Baskılı Kolay Ütülenir  Tek Kişilik Çarşaflı Nevresim Takımı 160x220 cm Kahverengi,4999.99,Yatak Odası,2026-05-27
Rose Bright Dijital Baskılı Kolay Ütülenir  Çift Kişilik Çarşaflı Nevresim Takımı 200x220 cm Kahverengi,7999.99,Yatak Odası,2026-05-27
Rossa Kolay Ütülenir 2li Yastık Kılıfı 50x70 cm Mavi,1499.99,Yatak Odası,2026-05-27
Rossa Kolay Ütülenir 2li Yastık Kılıfı 50x70 cm Pembe,1499.99,Yatak Odası,2026-05-27
Royal Leafage Nakışlı Pamuk King Size Nevresim Takımı 240x220 cm Beyaz,20999.99,Yatak Odası,2026-05-27
Ruby Garden Flanel Tek Kişilik Çarşaflı Nevresim Takımı 160x220 cm Koyu Yeşil,1299.99,Yatak Odası,2026-05-27
Scarlet Bloom Çift Kişilik Yatak Örtüsü Takımı 200x220 cm Kırmızı,959.99,Yatak Odası,2026-05-27
Scarlet Bloom  Tek Kişilik Yatak Örtüsü Takımı 160x220 cm Kırmızı,639.99,Yatak Odası,2026-05-27
Sea Marine Kolay Ütülenir Çift Kişilik Çarşaflı Nevresim Takımı 200x220 cm Mavi - Bej,1119.99,Yatak Odası,2026-05-27
Seaside Serenity King Size Çok Amaçlı Örtü 220x240 cm Mavi,799.99,Yatak Odası,2026-05-27
Seaside Serenity Tek Kişilik Çok Amaçlı Örtü 160x220 cm Mavi,629.99,Yatak Odası,2026-05-27
Seaside Serenity Çift Kişilik Çok Amaçlı Örtü 200x220 cm Mavi,639.99,Yatak Odası,2026-05-27
Serena Baskılı Pamuklu Tek Kişilik Pike Takımı 150x220 cm Pembe,8999.99,Yatak Odası,2026-05-27
Serena Baskılı Pamuklu Çift Kişilik Pike Takımı 200x220 cm Pembe,9999.99,Yatak Odası,2026-05-27
Serenade Kolay Ütülenir Tek Kişilik Nevresim Seti 160x220 cm Yeşil,559.99,Yatak Odası,2026-05-27
Serenade Kolay Ütülenir Çift Kişilik Nevresim Seti 200x220 cm Yeşil,4499.99,Yatak Odası,2026-05-27
Serene Bliss Perkal King Size Çarşaflı Nevresim Takımı 240x220 cm Beyaz,16999.99,Yatak Odası,2026-05-27
Serene Bliss Perkal Çift Kişilik Çarşaflı Nevresim Takımı 200x220 cm Beyaz,14999.99,Yatak Odası,2026-05-27
Serene Stripes Pamuklu 2li Yastık Kılıfı 50x70 cm Lacivert,1249.99,Yatak Odası,2026-05-27
Serene Stripes Pamuklu 2li Yastık Kılıfı 50x70 cm Pembe,1249.99,Yatak Odası,2026-05-27
Serene Stripes Pamuklu Tek Kişilik Lastikli Çarşaf 100x200 cm Pembe,2749.99,Yatak Odası,2026-05-27
Sevilla Baskılı Pamuklu Tek Kişilik Pike 150x220 cm Sarı,639.99,Yatak Odası,2026-05-27
Sevilla Baskılı Pamuklu Çift Kişilik Pike 200x220 cm Sarı,799.99,Yatak Odası,2026-05-27
Sevilla Kolay Ütülenir 2li Yastık Kılıfı 50x70 cm Sarı,1499.99,Yatak Odası,2026-05-27
Siesta Mikrofiber Çift Kişilik Yorgan 195x215 cm Beyaz,2999.99,Yatak Odası,2026-05-27
Silva Baskılı Pamuklu Tek Kişilik Pike 150x220 cm Pembe,639.99,Yatak Odası,2026-05-27
Silva Baskılı Pamuklu Çift Kişilik Pike 200x220 cm Pembe,4499.99,Yatak Odası,2026-05-27
Silva Kolay Ütülenir 2li Yastık Kılıfı 50x70 cm Pembe,1499.99,Yatak Odası,2026-05-27
Simple Checks Kolay Ütülenir Tek Kişilik Çarşaflı Nevresim Takımı 160x220 cm Gri,5999.99,Yatak Odası,2026-05-27
Simple Checks Kolay Ütülenir Çarşaflı Tek Kişilik Nevresim Takımı 160x220 cm Kahverengi,959.99,Yatak Odası,2026-05-27
Simple Checks Kolay Ütülenir Çarşaflı Çift Kişilik Nevresim Takımı 200x220 cm Kahverengi,1119.99,Yatak Odası,2026-05-27
Simple Checks Kolay Ütülenir Çift Kişilik Çarşaflı Nevresim Takımı 200x220 cm Gri,6999.99,Yatak Odası,2026-05-27
Simple Checks Kolay Ütülenir Çift Kişilik Çarşaflı Nevresim Takımı 200x220 cm Seledon,1119.99,Yatak Odası,2026-05-27
Sleek Stripes Çift Kişilik Yatak Örtüsü Takımı 200x220 cm Mavi,959.99,Yatak Odası,2026-05-27
Sleek Stripes Çift Taraflı Tek Kişilik Yatak Örtüsü Takımı Mavi,4499.99,Yatak Odası,2026-05-27
Soft Breeze Çift Kişilik Pike Takımı 200x220 cm Yeşil,7499.99,Yatak Odası,2026-05-27
Soft Care Örme Sıvı Geçirmez King Size Alez 180x200 cm Beyaz,3999.99,Yatak Odası,2026-05-27
Soft Care Örme Sıvı Geçirmez Tek Kişilik Alez 100x200 cm Beyaz,2999.99,Yatak Odası,2026-05-27
Soft Care Örme Sıvı Geçirmez Çift Kişilik Alez 160x200 cm Beyaz,3499.99,Yatak Odası,2026-05-27
Soft Daisy Kolay Ütülenir 2li Yastık Kılıfı 50x70 cm Mavi,1999.99,Yatak Odası,2026-05-27
Soft Daisy Tek Kişilik Pike 150x220 cm Mavi,2999.99,Yatak Odası,2026-05-27
Soft Daisy Çift Kişilik Pike 200x220 cm Mavi,3499.99,Yatak Odası,2026-05-27
Soft Streaks İpliği Boyalı Tek Kişilik Çarşaflı Nevresim Takımı 160x220 cm Mavi,5499.99,Yatak Odası,2026-05-27
Soft Streaks İpliği Boyalı Tek Kişilik Çarşaflı Nevresim Takımı 160x220 cm Yeşil,5499.99,Yatak Odası,2026-05-27
Soft Streaks İpliği Boyalı Çift Kişilik Çarşaflı Nevresim Takımı 200x220 cm Mavi,6999.99,Yatak Odası,2026-05-27
Soft Streaks İpliği Boyalı Çift Kişilik Çarşaflı Nevresim Takımı 200x220 cm Yeşil,6999.99,Yatak Odası,2026-05-27
Softy Ultrasonic 2li Yastık 50x70 cm Beyaz,1999.99,Yatak Odası,2026-05-27
Somni Mikrofiber Tek Kişilik Yorgan 155x215 cm Ekru,2999.99,Yatak Odası,2026-05-27
Somni Mikrofiber Çift Kişilik Yorgan 195x215 cm Ekru,3499.99,Yatak Odası,2026-05-27
Spektrum Line Pamuklu Çift Kişilik Nevresim Seti 200x220 cm Yeşil-Mavi,6499.99,Yatak Odası,2026-05-27
Spring Garden Kolay Ütülenir 2li Yastık Kılıfı 50x70 cm Yeşil,1499.99,Yatak Odası,2026-05-27
Spring Garden Tek Kişilik Pike 150x220 cm Yeşil,3499.99,Yatak Odası,2026-05-27
Spring Garden Çift Kişilik Pike 200x220 cm Yeşil,3999.99,Yatak Odası,2026-05-27
Spring Mosaic Pamuklu Tek Kişilik Nevresim Seti 160x220 cm Mavi - Yeşil,899.99,Yatak Odası,2026-05-27
Spring Mosaic Pamuklu Çift Kişilik Nevresim Seti 200x220 cm Mavi - Yeşil,959.99,Yatak Odası,2026-05-27
Spring Petal Baskılı Tek Kişilik Pike Takımı 150x220 cm Sarı,8149.95,Yatak Odası,2026-05-27
Star Kapitoneli Yastık Koruyucu 50x70 cm Beyaz,1249.99,Yatak Odası,2026-05-27
Star Mikrofiber Kapitoneli King Size Alez 180x200 cm Beyaz,699.99,Yatak Odası,2026-05-27
Star Mikrofiber Kapitoneli Tek Kişilik Alez 100x200 cm Beyaz,559.99,Yatak Odası,2026-05-27
Star Mikrofiber Kapitoneli Çift Kişilik Alez 160x200 cm Beyaz,699.99,Yatak Odası,2026-05-27
Static Check Çok Amaçlı Tek Kişilik Yatak Örtüsü Takımı 160x220 cm Gri,4499.99,Yatak Odası,2026-05-27
Static Check Çok Amaçlı Çift Kişilik Yatak Örtüsü Takımı 200x220 cm Gri,959.99,Yatak Odası,2026-05-27
Stitch Line İpliği Boyalı Çift Kişilik Çarşaflı Nevresim Takımı 200x220 cm Bej,15999.99,Yatak Odası,2026-05-27
Strada Grid Çift Kişilik Çok Amaçlı Örtü 200x220 cm Yeşil,719.99,Yatak Odası,2026-05-27
Stria Kolay Ütülenir Çarşaflı Tek Kişilik Nevresim Takımı 160x220 cm Mavi - Bej,1199.99,Yatak Odası,2026-05-27
Stria Kolay Ütülenir Çarşaflı Çift Kişilik Nevresim Takımı 200x220 cm Mavi - Bej,1439.99,Yatak Odası,2026-05-27
Striped Jouy Pamuklu Çarşaflı Tek Kişilik Nevresim Takımı 160x220 cm Mavi,8999.99,Yatak Odası,2026-05-27
Striped Jouy Pamuklu Çarşaflı Çift Kişilik Nevresim Takımı 200x220 cm Mavi,10999.99,Yatak Odası,2026-05-27
Subtle Waves İpliği Boyalı Tek Kişilik Çarşaflı Nevresim Takımı 160x220 cm Mavi,5499.99,Yatak Odası,2026-05-27
Subtle Waves İpliği Boyalı Çift Kişilik Çarşaflı Nevresim Takımı 200x220 cm Mavi,1599.99,Yatak Odası,2026-05-27
Summer Grid Baskılı Pamuklu Tek Kişilik Pike 150x220 cm Turuncu,559.99,Yatak Odası,2026-05-27
Summer Grid Baskılı Pamuklu Çift Kişilik Pike 200x220 cm Turuncu,3999.99,Yatak Odası,2026-05-27
Summer Grid Kolay Ütülenir 2li Yastık Kılıfı 50x70 cm Turuncu,1499.99,Yatak Odası,2026-05-27
Summer Stripe Tek Kişilik Pike Takımı 150x220 cm Yeşil-Turuncu,7499.99,Yatak Odası,2026-05-27
Summer Stripe Çift Kişilik Pike Takımı 200x220 cm Yeşil-Turuncu,8999.99,Yatak Odası,2026-05-27
Sunleaf Kolay Ütülenir 2li Yastık Kılıfı 50x70 cm Sarı-Yeşil,1499.99,Yatak Odası,2026-05-27
Sunleaf Tek Kişilik Pike 150x220 cm Sarı,479.99,Yatak Odası,2026-05-27
Sunleaf Çift Kişilik Pike 200x220 cm Sarı,559.99,Yatak Odası,2026-05-27
Super Soft Kaz Tüyü Tek Kişilik Yorgan 155x215 cm Beyaz,19999.99,Yatak Odası,2026-05-27
Sweet Blossoms Tek Kişilik Pike Takımı 150x220 cm Pembe,7499.99,Yatak Odası,2026-05-27
Sweet Stripes Baskılı Pamuklu Tek Kişilik Pike 150x220 cm Pembe,719.99,Yatak Odası,2026-05-27
Sweet Stripes Baskılı Pamuklu Çift Kişilik Pike 200x220 cm Pembe,809.99,Yatak Odası,2026-05-27
Sweet Stripes Kolay Ütülenir 2li Yastık Kılıfı 50x70 cm Pembe,1499.99,Yatak Odası,2026-05-27
Sweety Meadow Kolay Ütülenir Tek Kişilik Nevresim Seti 160x220 cm Lila,3999.99,Yatak Odası,2026-05-27
Sweety Meadow Kolay Ütülenir Çift Kişilik Nevresim Seti 200x220 cm Lila,4499.99,Yatak Odası,2026-05-27
Swirl Check İpliği Boyalı Tek Kişilik Çarşaflı Nevresim Takımı 160x220 cm Siyah,1619.99,Yatak Odası,2026-05-27
Swirl Check İpliği Boyalı Çift Kişilik Çarşaflı Nevresim Takımı 200x220 cm Siyah,1759.99,Yatak Odası,2026-05-27
Symetra Kolay Ütülenir Çarşaflı Tek Kişilik Nevresim Takımı 160x220 cm Mavi,5999.99,Yatak Odası,2026-05-27
Symetra Kolay Ütülenir Çarşaflı Çift Kişilik Nevresim Takımı 200x220 cm Mavi,6999.99,Yatak Odası,2026-05-27
Tattersall İpliği Boyalı Tek Kişilik Çarşaflı Nevresim Takımı 160x220 cm Kahverengi,1439.99,Yatak Odası,2026-05-27
Tattersall İpliği Boyalı Çift Kişilik Çarşaflı Nevresim Takımı 200x220 cm Kahverengi,1759.99,Yatak Odası,2026-05-27
Tendril Bloom Tek Kişilik Çok Amaçlı Örtü 160x220 cm Yeşil,399.99,Yatak Odası,2026-05-27
Tendril Bloom Çift Kişilik Çok Amaçlı Örtü 200x220 cm Yeşil,809.99,Yatak Odası,2026-05-27
Textured Grid Kolay Ütülenir Tek Kişilik Çarşaflı Nevresim Takımı 160x220 cm Lacivert,5999.99,Yatak Odası,2026-05-27
Tile Check İpliği Boyalı Tek Kişilik Çarşaflı Nevresim Takımı 160x220 cm Lacivert-Kırmızı,1439.99,Yatak Odası,2026-05-27
Tile Check İpliği Boyalı Çift Kişilik Çarşaflı Nevresim Takımı 200x220 cm Lacivert-Kırmızı,1759.99,Yatak Odası,2026-05-27
Timeless Grid Kolay Ütülenir Çarşaflı Tek Kişilik Nevresim Takımı 160x220 cm Gri,1199.99,Yatak Odası,2026-05-27
Timeless Grid Kolay Ütülenir Çarşaflı Çift Kişilik Nevresim Takımı 200x220 cm Gri,1439.99,Yatak Odası,2026-05-27
Timeless Line Kolay Ütülenir Çarşaflı Tek Kişilik Nevresim Takımı 160x220 cm Açık Mavi,5999.99,Yatak Odası,2026-05-27
Timeless Line Kolay Ütülenir Çarşaflı Tek Kişilik Nevresim Takımı 160x220 cm Bej,839.99,Yatak Odası,2026-05-27
Timeless Line Kolay Ütülenir Çarşaflı Çift Kişilik Nevresim Takımı 200x220 cm Açık Mavi,6999.99,Yatak Odası,2026-05-27
Timeless Line Kolay Ütülenir Çarşaflı Çift Kişilik Nevresim Takımı 200x220 cm Bej,6999.99,Yatak Odası,2026-05-27
Triangle Flow Kolay Ütülenir Çarşaflı Tek Kişilik Nevresim Takımı 160x220 cm Lacivert,6499.99,Yatak Odası,2026-05-27
Triangle Flow Kolay Ütülenir Çift Kişilik Çarşaflı Nevresim Takımı 200x220 cm Lacivert,1259.99,Yatak Odası,2026-05-27
Trio Patch Kolay Ütülenir Tek Kişilik Çarşaflı Nevresim Takımı 160x220 cm Bej,5999.99,Yatak Odası,2026-05-27
Trio Patch Kolay Ütülenir Çift Kişilik Çarşaflı Nevresim Takımı 200x220 cm Bej,979.99,Yatak Odası,2026-05-27
Trio Shape Kolay Ütülenir Tek Kişilik Çarşaflı Nevresim Takımı 160x220 cm Turuncu,959.99,Yatak Odası,2026-05-27
Trio Shape Kolay Ütülenir Çift Kişilik Çarşaflı Nevresim Takımı 200x220 cm Gri,1119.99,Yatak Odası,2026-05-27
Trio Shape Kolay Ütülenir Çift Kişilik Çarşaflı Nevresim Takımı 200x220 cm Turuncu,6999.99,Yatak Odası,2026-05-27
Triweave Kolay Ütülenir Çarşaflı Tek Kişilik Nevresim Takımı 160x220 cm Bej,1079.99,Yatak Odası,2026-05-27
Triweave Kolay Ütülenir Çarşaflı Tek Kişilik Nevresim Takımı 160x220 cm Yeşil,1079.99,Yatak Odası,2026-05-27
Triweave Kolay Ütülenir Çarşaflı Çift Kişilik Nevresim Takımı 200x220 cm Bej,1259.99,Yatak Odası,2026-05-27
Triweave Kolay Ütülenir Çarşaflı Çift Kişilik Nevresim Takımı 200x220 cm Yeşil,1259.99,Yatak Odası,2026-05-27
Tropica Kolay Ütülenir Tek Kişilik Nevresim Seti 160x220 cm Yeşil,3999.99,Yatak Odası,2026-05-27
Tropica Kolay Ütülenir Çift Kişilik Nevresim Seti 200x220 cm Yeşil,4499.99,Yatak Odası,2026-05-27
Twiluxe  İpliği Boyalı Tek Kişilik Çarşaflı Nevresim Takımı 160x220 cm Lacivert,1439.99,Yatak Odası,2026-05-27
Twiluxe  İpliği Boyalı Çift Kişilik Çarşaflı Nevresim Takımı 200x220 cm Lacivert,1759.99,Yatak Odası,2026-05-27
Twist Cool & Warm Yastık 50x70 cm Mavi-Beyaz,10999.99,Yatak Odası,2026-05-27
Urban Patchwork King Size Çok Amaçlı Örtü 240x220 cm Lacivert,4499.99,Yatak Odası,2026-05-27
Urban Patchwork Tek Kişilik Çok Amaçlı Örtü 160x220 cm Lacivert,3499.99,Yatak Odası,2026-05-27
Urban Patchwork Çift Kişilik Çok Amaçlı Örtü 200x220 cm Lacivert,3999.99,Yatak Odası,2026-05-27
Verona Jakarlı Pamuk Saten King Size Çarşaflı Nevresim Takımı 240x220 cm Kırık Beyaz,17999.99,Yatak Odası,2026-05-27
Verona Jakarlı Pamuk Saten Super King Çarşaflı Nevresim Takımı 260x220 cm Kırık Beyaz,18999.99,Yatak Odası,2026-05-27
Viola Bloom King Size Çok Amaçlı Örtü 220x240 cm Mor,4999.99,Yatak Odası,2026-05-27
Viola Bloom Tek Kişilik Çok Amaçlı Örtü 160x220 cm Mor,3499.99,Yatak Odası,2026-05-27
Viola Bloom Çift Kişilik Çok Amaçlı Örtü 200x220 cm Mor,3999.99,Yatak Odası,2026-05-27
Vionne Kolay Ütülenir Çarşaflı Tek Kişilik Nevresim Takımı 160x220 cm Açık Sarı,839.99,Yatak Odası,2026-05-27
Vionne Kolay Ütülenir Çarşaflı Tek Kişilik Nevresim Takımı 160x220 cm Lila,959.99,Yatak Odası,2026-05-27
Vionne Kolay Ütülenir Çarşaflı Çift Kişilik Nevresim Takımı 200x220 cm Açık Sarı,1119.99,Yatak Odası,2026-05-27
Vionne Kolay Ütülenir Çarşaflı Çift Kişilik Nevresim Takımı 200x220 cm Lila,6999.99,Yatak Odası,2026-05-27
Warm Shapes Kolay Ütülenir Çarşaflı Tek Kişilik Nevresim Takımı 160x220 cm Yeşil-Bej,1199.99,Yatak Odası,2026-05-27
Warm Shapes Kolay Ütülenir Çarşaflı Çift Kişilik Nevresim Takımı 200x220 cm Yeşil-Bej,1439.99,Yatak Odası,2026-05-27
Wave Check Kolay Ütülenir Tek Kişilik Çarşaflı Nevresim Takımı 160x220 cm Açık Yeşil-Bej,839.99,Yatak Odası,2026-05-27
Wave Check Kolay Ütülenir Çift Kişilik Çarşaflı Nevresim Takımı 200x220 cm Açık Yeşil-Bej,1119.99,Yatak Odası,2026-05-27
Whispers Dijital Baskılı Kolay Ütülenir  Tek Kişilik Çarşaflı Nevresim Takımı 160x220 cm Seledon,799.99,Yatak Odası,2026-05-27
Wild Forest King Size Çift Taraflı Yatak Örtüsü Pembe,3899.99,Yatak Odası,2026-05-27
Wild Forest Çift Taraflı Tek Kişilik Çok Amaçlı Örtü 160x220 cm Pembe,2899.99,Yatak Odası,2026-05-27
Wildflower Dream Pamuklu Çift Kişilik Nevresim Seti 200x220 cm Pembe,5999.99,Yatak Odası,2026-05-27
Wildflower Dream Çift Taraflı Pamuklu Tek Kişilik Nevresim Seti 160x220 cm Yeşil,799.99,Yatak Odası,2026-05-27
Wildflower Dream Çift Taraflı Pamuklu Çift Kişilik Nevresim Seti 200x220 cm Yeşil,5999.99,Yatak Odası,2026-05-27
William Pamuklu Çift Kişilik Battaniye 200x220 cm Bej,719.99,Yatak Odası,2026-05-27
Windsor Kolay Ütülenir Tek Kişilik Çarşaflı Nevresim Takımı 160x220 cm Yeşil,1039.99,Yatak Odası,2026-05-27
Windsor Kolay Ütülenir Çift Kişilik Çarşaflı Nevresim Takımı 200x220 cm Mavi,1119.99,Yatak Odası,2026-05-27
Winter Patch Flanel Tek Kişilik Çarşaflı Nevresim Takımı 160x220 cm Açık Yeşil,1299.99,Yatak Odası,2026-05-27
Wintera Sherpa Tek Kişilik Yorgan 155x215 cm Krem,6499.99,Yatak Odası,2026-05-27
Wintera Sherpa Yastık 50x70 cm Krem,2999.99,Yatak Odası,2026-05-27
Wintera Sherpa Çift Kişilik Yorgan 195x215 cm Krem,7999.99,Yatak Odası,2026-05-27
Wisteria Kolay Ütülenir Tek Kişilik Nevresim Seti 160x220 cm Lila-Turuncu,3999.99,Yatak Odası,2026-05-27
Wisteria Kolay Ütülenir Çift Kişilik Nevresim Seti 200x220 cm Lila-Turuncu,4499.99,Yatak Odası,2026-05-27
Woody Kolay Ütülenir Çift Kişilik Nevresim Seti 200x220 cm Bej-Kahverengi,719.99,Yatak Odası,2026-05-27
Wooly Yün Tek Kişilik Yorgan 155x215 cm Beyaz,1599.99,Yatak Odası,2026-05-27
Wooly Yün Çift Kişilik Yorgan 195x215 cm Beyaz,10999.99,Yatak Odası,2026-05-27
