item_name,price,category,date
After Rain Çubuklu Oda Kokusu 100 ml,3199.99,Banyo,2026-05-12
Albie Banyo Seti Şeffaf,2999.99,Banyo,2026-05-12
Aloe Vera Maske 25 ml Yeşil,699.95,Banyo,2026-05-12
Aloe Vera – Ylang Ylang 5li Aromaterapi Set,3499.99,Banyo,2026-05-12
Alyssa Pamuklu Jakarlı El Havlusu Siyah,999.99,Banyo,2026-05-12
"Anna Banyo Sıvı Sabunluk 14,5 cm Pembe",251.99,Banyo,2026-05-12
"Anna Banyo Sıvı Sabunluk 14,5 cm Şeffaf",1499.99,Banyo,2026-05-12
Apple Rose Kolonya 200 ml Şeffaf,227.99,Banyo,2026-05-12
Apple Rose Oda Spreyi 300 ml Şeffaf,1499.99,Banyo,2026-05-12
Apple Rose Çubuklu Oda Kokusu 95 ml Şeffaf,2999.99,Banyo,2026-05-12
Aqua Pamuk Banyo Havlusu 90x150 cm Fildişi,719.99,Banyo,2026-05-12
Aqua Pamuk Banyo Havlusu 90x150 cm Gri,899.99,Banyo,2026-05-12
Aqua Pamuk Banyo Havlusu 90x150 cm Lacivert,899.99,Banyo,2026-05-12
Aqua Pamuk Banyo Havlusu 90x150 cm Yeşil,799.99,Banyo,2026-05-12
Aqua Pamuk Yüz Havlusu 50x80 cm Fildişi,1999.99,Banyo,2026-05-12
Aqua Pamuk Yüz Havlusu 50x80 cm Lacivert,1999.99,Banyo,2026-05-12
Aqua Pamuk Yüz Havlusu 50x80 cm Yeşil,1999.99,Banyo,2026-05-12
Artistic Leafy Pamuklu Brodeli Yüz Havlusu 50x80 cm Ekru-Sarı,1999.99,Banyo,2026-05-12
"Ashle Banyo Sıvı Sabunluk 14,5 cm Beyaz",300.99,Banyo,2026-05-12
Ava Pamuklu Banyo Paspası Açık Gri,3999.99,Banyo,2026-05-12
Ava Pamuklu Banyo Paspası Ekru,4499.99,Banyo,2026-05-12
Avokado Yağı Maske 25 ml Yeşil,699.95,Banyo,2026-05-12
Azure Bliss Çubuklu Oda Kokusu 100 ml,1499.99,Banyo,2026-05-12
Bamboo Bambu Duş Kaydırmazı Bej,699.99,Banyo,2026-05-12
Bamboo Bambu Duş Kaydırmazı Kahve,719.99,Banyo,2026-05-12
Barbara Müslin %100 Pamuklu Bornoz Antrasit,6999.99,Banyo,2026-05-12
"Barton 3lü Banyo Seti 14,5 cm Şeffaf",3499.99,Banyo,2026-05-12
Becca Duş Kaydırmazı 50x70 cm Kahve,489.99,Banyo,2026-05-12
Becca Duş Kaydırmazı 50x70 cm Kahverengi,629.99,Banyo,2026-05-12
Becky Duş Kaydırmazı 40x60 cm Açık Kahverengi,447.99,Banyo,2026-05-12
Betty Duş Kaydırmazı 40x60 cm Açık Kahverengi,419.99,Banyo,2026-05-12
Beyaz Çiçekler 3lü Koku Barı Beyaz,1499.99,Banyo,2026-05-12
Beyaz Çiçekler Body Mist,1299.99,Banyo,2026-05-12
Beyaz Çiçekler El Kremi 30 ml,849.95,Banyo,2026-05-12
Beyaz Çiçekler Kokulu Kese,849.95,Banyo,2026-05-12
Beyaz Çiçekler Kolonya 100 ml,999.99,Banyo,2026-05-12
Beyaz Çiçekler Kolonya 200 ml,1499.99,Banyo,2026-05-12
Beyaz Çiçekler Oda Spreyi 400 ml,1499.99,Banyo,2026-05-12
Beyaz Çiçekler Sıvı Sabun,1499.99,Banyo,2026-05-12
Beyaz Çiçekler Çubuklu Oda Kokusu 100 ml,2249.99,Banyo,2026-05-12
Beyaz Çiçekler Çubuklu Oda Kokusu 200 ml,3499.99,Banyo,2026-05-12
Beyaz Çiçekler Çubuklu Oda Kokusu 500 ml,6999.99,Banyo,2026-05-12
Big and Tiny Kaydırmaz Taban Banyo Paspası Seti 60x90 + 40x60 cm Bej,6499.99,Banyo,2026-05-12
Big and Tiny Kaydırmaz Taban Banyo Paspası Seti 60x90 + 40x60 cm Beyaz,4999.99,Banyo,2026-05-12
Big and Tiny Kaydırmaz Taban Banyo Paspası Seti 60x90 + 40x60 cm Mavi,1079.99,Banyo,2026-05-12
Black Forest Çubuklu Oda Kokusu 200 ml Siyah,5499.99,Banyo,2026-05-12
Blissful Elixir Body Mist 100 ml Pembe,849.95,Banyo,2026-05-12
Blissful Elixir Vücut Losyonu 50 ml. Pembe,799.95,Banyo,2026-05-12
Blowfish Pamuklu Torba Peştemal 90x150 cm Turuncu,1499.99,Banyo,2026-05-12
Blue Flowers Çubuklu Oda Kokusu 250 ml,3199.99,Banyo,2026-05-12
Bohem Line Pamuklu Peştemal 90x150 cm Açık Bej-Koyu Lacivert,2499.99,Banyo,2026-05-12
Bohem Line Pamuklu Saçaklı Banyo Paspası 50x80 cm Siyah - Beyaz,2249.99,Banyo,2026-05-12
Bony Rejenere Peştemal Bornoz Standart Lacivert-Turuncu,584.99,Banyo,2026-05-12
Bony Rejenere Çizgili Peştamal 90x150 cm Mavi-Turuncu,1399.99,Banyo,2026-05-12
Bony Çizgili Çizgili Peştamal 90x150 cm Lacivert-Turuncu,1399.99,Banyo,2026-05-12
Border Check Pamuk Banyo Havlusu 70x140 cm Fildişi,2399.99,Banyo,2026-05-12
Border Check Pamuk Banyo Havlusu 70x140 cm Petrol,2249.99,Banyo,2026-05-12
Border Check Pamuk Banyo Havlusu 70x140 cm Sarı,1749.99,Banyo,2026-05-12
Border Check Pamuk Banyo Havlusu 70x140 cm Somon,2499.99,Banyo,2026-05-12
Border Check Pamuk El Havlusu 30x40 cm Fildişi,999.99,Banyo,2026-05-12
Border Check Pamuk El Havlusu 30x40 cm Petrol,999.99,Banyo,2026-05-12
Border Check Pamuk El Havlusu 30x40 cm Sarı,999.99,Banyo,2026-05-12
Border Check Pamuk El Havlusu 30x40 cm Somon,999.99,Banyo,2026-05-12
Border Check Pamuk Yüz Havlusu 50x80 cm Fildişi,1049.95,Banyo,2026-05-12
Border Check Pamuk Yüz Havlusu 50x80 cm Petrol,1299.99,Banyo,2026-05-12
Border Check Pamuk Yüz Havlusu 50x80 cm Sarı,1049.95,Banyo,2026-05-12
Border Check Pamuk Yüz Havlusu 50x80 cm Somon,1399.99,Banyo,2026-05-12
Bosphorus Breeze Çubuklu Oda Kokusu 100 ml Yeşil,2999.99,Banyo,2026-05-12
Botanical El Kremi,849.95,Banyo,2026-05-12
Botanical Katı Sabun,849.95,Banyo,2026-05-12
Botanical Çubuklu Oda Kokusu,3499.99,Banyo,2026-05-12
Botanical Çubuklu Oda Kokusu 100 ml,2499.99,Banyo,2026-05-12
Bouquet Kokulu Kese,849.95,Banyo,2026-05-12
Branches Pamuklu Püsküllü Peştemal 90x150 cm Mavi - Yeşil,1999.99,Banyo,2026-05-12
Bubble %100 Pamuk Banyo Havlusu 70x140 cm Ekru,1499.99,Banyo,2026-05-12
Bubble %100 Pamuk Banyo Havlusu 70x140 cm Lila,1749.99,Banyo,2026-05-12
Bubble %100 Pamuk Yüz Havlusu 50x80 cm Ekru,1049.99,Banyo,2026-05-12
Bubble %100 Pamuk Yüz Havlusu 50x80 cm Lila,1299.99,Banyo,2026-05-12
Bubble Pamuk Banyo Havlusu 70x140 cm Açık Yeşil,1599.99,Banyo,2026-05-12
Bubble Pamuk Banyo Havlusu 70x140 cm Mint,1749.99,Banyo,2026-05-12
Bubble Pamuk Bornoz Açık Yeşil,4499.99,Banyo,2026-05-12
Bubble Pamuk Bornoz Ekru,799.99,Banyo,2026-05-12
Bubble Pamuk Bornoz Mint,4499.99,Banyo,2026-05-12
Bubble Pamuk El Havlusu 30x40 cm Açık Yeşil,999.99,Banyo,2026-05-12
Bubble Pamuk El Havlusu 30x40 cm Ekru,999.99,Banyo,2026-05-12
Bubble Pamuk El Havlusu 30x40 cm Lila,999.99,Banyo,2026-05-12
Bubble Pamuk El Havlusu 30x40 cm Mint,999.99,Banyo,2026-05-12
Bubble Pamuk Yüz Havlusu 50x80 cm Açık Yeşil,1049.99,Banyo,2026-05-12
Bubble Pamuk Yüz Havlusu 50x80 cm Mint,1299.99,Banyo,2026-05-12
Buket Tazeliği Kokulu Kese,849.95,Banyo,2026-05-12
Calm Daisy Pamuk Yüz Havlusu 50x80 cm Beyaz,1999.99,Banyo,2026-05-12
Calm Daisy Pamuk Yüz Havlusu 50x80 cm Sarı,1999.99,Banyo,2026-05-12
Calm Haven Çubuklu Oda Kokusu 200 ml,4999.99,Banyo,2026-05-12
Camomile El Kremi,749.95,Banyo,2026-05-12
Camomile Maske,699.95,Banyo,2026-05-12
Camomile Sabun,699.95,Banyo,2026-05-12
Camomile Vücut Losyonu,699.95,Banyo,2026-05-12
Candy Cane Pamuk Nakışlı Yüz Havlusu 50x80 cm Beyaz,1399.95,Banyo,2026-05-12
Candy Rejenere Çizgili Peştamal 90x150 cm Turuncu-Açık Mavi,1499.99,Banyo,2026-05-12
Cashmersilk Çubuklu Oda Kokusu 250 ml,3199.99,Banyo,2026-05-12
Chequer %100 Pamuk Ayak Havlusu 50x70 cm Bej,1249.99,Banyo,2026-05-12
Chequer %100 Pamuk Ayak Havlusu 50x70 cm Beyaz,1199.99,Banyo,2026-05-12
Chequer %100 Pamuk Ayak Havlusu 50x70 cm Gri,1249.99,Banyo,2026-05-12
Chequer %100 Pamuk Banyo Havlusu 80x150 cm Gri,3499.99,Banyo,2026-05-12
Chequer %100 Pamuk Yüz Havlusu 50x80 cm Bej,1749.99,Banyo,2026-05-12
Chequer %100 Pamuk Yüz Havlusu 50x80 cm Gri,239.99,Banyo,2026-05-12
Chequer Pamuk Ayak Havlusu 50x70 cm Mavi,1199.99,Banyo,2026-05-12
Chequer Pamuk Banyo Havlusu 80x150 cm Bej,2999.99,Banyo,2026-05-12
Chequer Pamuk Banyo Havlusu 80x150 cm Beyaz,2499.99,Banyo,2026-05-12
Chequer Pamuk Banyo Havlusu 80x150 cm Mavi,2999.99,Banyo,2026-05-12
Chequer Pamuk Bornoz Bej,5999.99,Banyo,2026-05-12
Chequer Pamuk Bornoz Beyaz,5999.99,Banyo,2026-05-12
Chequer Pamuk Bornoz Gri,5999.99,Banyo,2026-05-12
Chequer Pamuk Bornoz Mavi,1119.99,Banyo,2026-05-12
Chequer Pamuk El Havlusu 30x45 cm Bej,1249.99,Banyo,2026-05-12
Chequer Pamuk El Havlusu 30x45 cm Beyaz,1149.99,Banyo,2026-05-12
Chequer Pamuk El Havlusu 30x45 cm Gri,1149.99,Banyo,2026-05-12
Chequer Pamuk El Havlusu 30x45 cm Mavi,1149.99,Banyo,2026-05-12
Chequer Pamuk Yüz Havlusu 50x80 cm Beyaz,1399.99,Banyo,2026-05-12
Chequer Pamuk Yüz Havlusu 50x80 cm Mavi,223.99,Banyo,2026-05-12
Chic Diamond Pamuk Ayak Havlusu 50x70 cm Açık Yeşil,1499.99,Banyo,2026-05-12
Chic Diamond Pamuk Ayak Havlusu 50x70 cm Fildişi,1499.99,Banyo,2026-05-12
Chic Diamond Pamuk Banyo Havlusu 80x150 cm Açık Yeşil,4249.99,Banyo,2026-05-12
Chic Diamond Pamuk Banyo Havlusu 80x150 cm Fildişi,2999.99,Banyo,2026-05-12
Chic Diamond Pamuk Bornoz Açık Yeşil,6999.99,Banyo,2026-05-12
Chic Diamond Pamuk Bornoz Fildişi,1259.99,Banyo,2026-05-12
Chic Diamond Pamuk El Havlusu 30x45 cm Açık Yeşil,1049.99,Banyo,2026-05-12
Chic Diamond Pamuk El Havlusu 30x45 cm Fildişi,1049.99,Banyo,2026-05-12
Chic Diamond Pamuk Yüz Havlusu 50x80 cm Açık Yeşil,287.99,Banyo,2026-05-12
Chic Diamond Pamuk Yüz Havlusu 50x80 cm Fildişi,1499.99,Banyo,2026-05-12
CloudSoft Pamuk Banyo Havlusu 90x150 cm Beyaz,4999.99,Banyo,2026-05-12
CloudSoft Pamuk Yüz Havlusu 50x80 cm Beyaz,399.99,Banyo,2026-05-12
Coconut Rose Kolonya 200 ml Şeffaf,227.99,Banyo,2026-05-12
Coconut Rose Oda Spreyi 300 ml Şeffaf,1149.99,Banyo,2026-05-12
Coconut Rose Çubuklu Oda Kokusu 95 ml Şeffaf,2999.99,Banyo,2026-05-12
Color Wave Pamuklu İpliği Boyalı Plaj Havlusu 90x150 cm Yeşil,719.99,Banyo,2026-05-12
Colorful Lines Pamuklu El Havlusu Ekru - Yeşil,999.99,Banyo,2026-05-12
Colorful Lines Pamuklu Püsküllü Yüz Havlusu 50x80 cm Açık Bej-Yeşil,1499.99,Banyo,2026-05-12
Colorful Lines Pamuklu Yüz Havlusu 50x80 cm Ekru - Mavi,1249.99,Banyo,2026-05-12
Colorful Lines Pamuklu Yüz Havlusu 50x80 cm Ekru - Yeşil,1499.99,Banyo,2026-05-12
Coral Pamuklu Torba Peştemal 90x150 cm Fuşya-Turuncu,2499.99,Banyo,2026-05-12
Corallo Kaydırmaz Taban Banyo Paspası Seti 60x90 + 40x60 cm Mavi-Beyaz,4499.99,Banyo,2026-05-12
Cosy Pamuklu Banyo Havlusu Takımı Gri-Beyaz,2999.99,Banyo,2026-05-12
Curve Pamuk Bornoz Bej,1039.99,Banyo,2026-05-12
Curve Pamuk Bornoz Mavi,1169.99,Banyo,2026-05-12
Curve Pamuk Yüz Havlusu 50x70 cm Bej,999.95,Banyo,2026-05-12
Curve Pamuk Yüz Havlusu 50x70 cm Mavi,999.95,Banyo,2026-05-12
Curveline Kaydırmaz Taban Banyo Paspası Seti Bej,1999.99,Banyo,2026-05-12
Curveline Kaydırmaz Taban Banyo Paspası Seti Mavi,1999.99,Banyo,2026-05-12
Daina 3lü Banyo Seti Bej,7499.99,Banyo,2026-05-12
Daisy Bouquet Pamuk Nakışlı Yüz Havlusu 50x80 cm Ekru,1999.99,Banyo,2026-05-12
Daisy Line Pamuk Yüz Havlusu 50x80 cm Beyaz,1749.99,Banyo,2026-05-12
Deluxe Low Twist Pamuklu El Havlusu 30x50 cm Mavi,999.99,Banyo,2026-05-12
Deluxe Low Twist Pamuklu Yüz Havlusu 50x90 cm Gül Kurusu,1999.99,Banyo,2026-05-12
Deluxe Pamuklu Low Twist El Havlusu 30x50 cm Antrasit,999.99,Banyo,2026-05-12
Deluxe Pamuklu Low Twist El Havlusu 30x50 cm Beyaz,999.99,Banyo,2026-05-12
Deluxe Pamuklu Low Twist El Havlusu 30x50 cm Gri,999.99,Banyo,2026-05-12
Deluxe Pamuklu Low Twist Yüz Havlusu 50x90 cm Beyaz,1399.99,Banyo,2026-05-12
Diamond Cam Banyo Sıvı Sabunluk,1149.99,Banyo,2026-05-12
Diana Cam Banyo Sıvı Sabunluk Şeffaf,1399.99,Banyo,2026-05-12
Dina 3lü Banyo Seti Antrasit,4999.99,Banyo,2026-05-12
Dolly Rejenere Çizgili Peştamal 90x150 cm Fuşya-Mavi,999.99,Banyo,2026-05-12
Dolly Çizgili Peştamal 90x150 cm Mavi-Turuncu,1399.99,Banyo,2026-05-12
Doria Çamaşır Sepeti Naturel,4499.99,Banyo,2026-05-12
Dottie Pamuk Banyo Havlusu 80x150 cm Antrasit,3199.99,Banyo,2026-05-12
Dottie Pamuk El Havlusu 30x45 cm Antrasit,1299.99,Banyo,2026-05-12
Dottie Pamuk Yüz Havlusu 50x80 cm Antrasit,1399.99,Banyo,2026-05-12
Dynamic Word Pamuklu Plaj Havlusu 70x140 cm Sage,2999.99,Banyo,2026-05-12
Elegant Lady El Kremi 75 ml,999.99,Banyo,2026-05-12
Endless Love El Kremi 75 ml,749.95,Banyo,2026-05-12
Energy Çubuklu Oda Kokusu 100 ml Butter Yellow,1999.99,Banyo,2026-05-12
Falbelo Pamuklu Yuvarlak Banyo Paspası Ekru,5999.99,Banyo,2026-05-12
Falbelo Pamuklu Yuvarlak Banyo Paspası Pembe,1039.99,Banyo,2026-05-12
Fancy Katlanabilir 2 Bölmeli Bambu Çamaşır Sepeti Bej,629.99,Banyo,2026-05-12
Fancy Katlanabilir Çamaşır Sepeti Bej,5499.99,Banyo,2026-05-12
Felis Pamuk Yüz Havlusu 50x80 cm Ekru-Kahve,1749.99,Banyo,2026-05-12
Fig&Violet Çubuklu Oda Kokusu 95 ml,2999.99,Banyo,2026-05-12
Fleur dAmor Kadın Parfümü 100 ml Pembe,2499.99,Banyo,2026-05-12
Floral Check Pamuk Yüz Havlusu 50x80 cm Beyaz,1749.99,Banyo,2026-05-12
Floral Glam Çubuklu Oda Kokusu,3499.99,Banyo,2026-05-12
Floral Line Pamuk Nakışlı Yüz Havlusu 50x80 cm Beyaz,1999.99,Banyo,2026-05-12
Floral Sense Çubuklu Oda Kokusu,2999.99,Banyo,2026-05-12
Florina Pamuk Yüz Havlusu 50x80 cm Beyaz,1999.99,Banyo,2026-05-12
Flower Bud Pamuklu Nakışlı Banyo Havlusu 90x150 cm Beyaz,3499.99,Banyo,2026-05-12
Flower Touch Pamuklu Jakarlı Yüz Havlusu 50x80 cm Lila,1499.99,Banyo,2026-05-12
Fluffy Cotton Plus Pamuklu Banyo Havlusu 70x140 cm Bej,2499.99,Banyo,2026-05-12
Fluffy Cotton Plus Pamuklu Banyo Havlusu 70x140 cm Gri,2499.99,Banyo,2026-05-12
Fluffy Cotton Plus Pamuklu El Havlusu 30x45 cm Gri,999.99,Banyo,2026-05-12
Fluffy Cotton Plus Pamuklu Yüz Havlusu 50x80 cm Bej,1299.99,Banyo,2026-05-12
Fluffy Cotton Plus Pamuklu Yüz Havlusu 50x80 cm Gri,1299.99,Banyo,2026-05-12
Fluffy Cotton Plus Pamuklu Yüz Havlusu 50x80 cm Sage,1499.99,Banyo,2026-05-12
Forest Çubuklu Oda Kokusu 100 ml,1999.99,Banyo,2026-05-12
Frame Pamuk Bornoz Beyaz,6499.99,Banyo,2026-05-12
Frame Pamuk Bornoz Gri,6499.99,Banyo,2026-05-12
Frame Pamuk Yüz Havlusu 50x70 cm Beyaz,999.95,Banyo,2026-05-12
Frame Pamuk Yüz Havlusu 50x70 cm Gri,999.95,Banyo,2026-05-12
Funny Lines Pamuklu İpliği Boyalı Yüz Havlusu 50x80 cm Ekru-Kırmızı,1499.99,Banyo,2026-05-12
Funny Stripe Pamuklu Baskılı Plaj Havlusu 90x150 cm Pembe,3999.99,Banyo,2026-05-12
Funny Sunny Pamuklu Plaj Havlusu Sarı,3024.91,Banyo,2026-05-12
Gina Bambu Çamaşır Sepeti Açık Kahve,2499.99,Banyo,2026-05-12
Gleam Çubuklu Oda Kokusu 200 ml,4999.99,Banyo,2026-05-12
Golden Ḿuse Kadın Parfümü 100 ml Açık Sarı,2499.99,Banyo,2026-05-12
Golden Pine Pamuk Nakışlı Yüz Havlusu 50x80 cm Beyaz,2199.99,Banyo,2026-05-12
Green Basil Kokulu Oda Spreyi,849.95,Banyo,2026-05-12
Green Mist El Kremi,849.95,Banyo,2026-05-12
Green Mist Kokulu Kese,849.95,Banyo,2026-05-12
Grid Pamuk Yüz Havlusu 50x70 cm Hardal,999.95,Banyo,2026-05-12
Grid Pamuk Yüz Havlusu 50x70 cm Koyu Yeşil,999.95,Banyo,2026-05-12
Grid Pamuk Yüz Havlusu 50x70 cm Somon,999.95,Banyo,2026-05-12
Gridline Kaydırmaz Taban Banyo Paspası Seti Beyaz,359.99,Banyo,2026-05-12
Gridline Kaydırmaz Taban Banyo Paspası Seti Gri,1999.99,Banyo,2026-05-12
Gridline Kaydırmaz Taban Banyo Paspası Seti Hardal,1999.99,Banyo,2026-05-12
Gridline Kaydırmaz Taban Banyo Paspası Seti Koyu Yeşil,1999.99,Banyo,2026-05-12
Gridline Kaydırmaz Taban Banyo Paspası Seti Somon,1749.99,Banyo,2026-05-12
Gül Bahçesi Kokulu Kese,849.95,Banyo,2026-05-12
Hestia Banyo Seti 13 cm Pembe,989.99,Banyo,2026-05-12
Highlight Pamuklu Simli El Havlusu Siyah,849.95,Banyo,2026-05-12
Honeycomb Pamuklu Peştemal 90x150 cm Açık Bej-Lacivert-Kiremit,439.99,Banyo,2026-05-12
Iris Intense Oda Spreyi,1324.92,Banyo,2026-05-12
Iris Intense Çubuklu Oda Kokusu,3499.99,Banyo,2026-05-12
Island Herbs Çubuklu Oda Kokusu,3499.99,Banyo,2026-05-12
Jade Rejenere Çizgili Peştemal 90x150 cm Lacivert-Turuncu,999.99,Banyo,2026-05-12
Jasmine Musk Çubuklu Oda Kokusu 100 ml Antrasit,2999.99,Banyo,2026-05-12
Jess 3lü Set Banyo Seti 20 cm Yeşil,3999.99,Banyo,2026-05-12
Jeylo Pamuklu Plaj Havlusu 90x150 cm Ekru-Sarı,2999.99,Banyo,2026-05-12
Lavanta Esintisi Kokulu Kese,849.95,Banyo,2026-05-12
Lavender Çubuklu Oda Kokusu 100 ml,1999.99,Banyo,2026-05-12
Leafy Bambu Banyo Havlusu 70x140 cm Açık Bej,489.99,Banyo,2026-05-12
Leafy Bambu Banyo Havlusu 70x140 cm Ekru,489.99,Banyo,2026-05-12
Leafy Bambu Banyo Havlusu 70x140 cm Gri,3249.99,Banyo,2026-05-12
Leafy Bambu Banyo Havlusu 70x140 cm Pembe,489.99,Banyo,2026-05-12
Leafy Bambu Banyo Havlusu Krem,2499.99,Banyo,2026-05-12
Leafy Bambu El Havlusu 30x50 cm Açık Bej,999.99,Banyo,2026-05-12
Leafy Bambu El Havlusu 30x50 cm Ekru,999.99,Banyo,2026-05-12
Leafy Bambu El Havlusu 30x50 cm Gri,999.99,Banyo,2026-05-12
Leafy Bambu Yüz Havlusu 50x90 cm Ekru,2499.99,Banyo,2026-05-12
Leafy Touch Pamuk Jakarlı Banyo Havlusu 90x150 cm Ekru,3499.99,Banyo,2026-05-12
Leafy Touch Pamuk Jakarlı Banyo Havlusu 90x150 cm Yeşil,489.99,Banyo,2026-05-12
Leafy Touch Pamuk Jakarlı El Havlusu 30x40 cm Ekru,1049.99,Banyo,2026-05-12
Leafy Touch Pamuk Jakarlı El Havlusu 30x40 cm Yeşil,1049.99,Banyo,2026-05-12
Leafy Touch Pamuk Jakarlı Yüz Havlusu 50x80 cm Ekru,1499.99,Banyo,2026-05-12
Leafy Touch Pamuk Jakarlı Yüz Havlusu 50x80 cm Yeşil,1499.99,Banyo,2026-05-12
Leafy Touch Pamuk Yüz Havlusu 50x80 cm Açık Yeşil,2249.99,Banyo,2026-05-12
Leggy Pamuklu Bornoz S-M Beyaz,8999.99,Banyo,2026-05-12
Light Tree Pamuklu Nakışlı El Havlusu 30x50 cm Ekru,999.99,Banyo,2026-05-12
Lily & Pineapple Çubuklu Oda Kokusu 100 ml Mavi,2499.99,Banyo,2026-05-12
Linda Pamuklu Nakışlı Banyo Havlusu 90x150 cm Beyaz,3499.99,Banyo,2026-05-12
Linelike Pamuklu Çizgili Plaj Havlusu 90x150 cm Ekru-Yeşil-Sarı,3024.91,Banyo,2026-05-12
Lines Pamuk Bornoz Gül Kurusu,6499.99,Banyo,2026-05-12
Lines Pamuk Bornoz Ortanca Lila,6499.99,Banyo,2026-05-12
Lines Pamuk Yüz Havlusu 50x70 cm Gül Kurusu,999.99,Banyo,2026-05-12
Lines Pamuk Yüz Havlusu 50x70 cm Ortanca Lila,999.99,Banyo,2026-05-12
Liny Pamuklu Çizgili Plaj Havlusu 90x150 cm Ekru-Mavi-Turuncu,3024.91,Banyo,2026-05-12
Lisa Pamuklu Nakışlı Banyo Havlusu 90x150 cm Beyaz,3499.99,Banyo,2026-05-12
Macaroni Kaydırmaz Taban Banyo Paspası 50x80 cm Yeşil,2999.99,Banyo,2026-05-12
Macaroni Kaydırmaz Taban Banyo Paspası Seti 60x90 + 40x60 cm Mavi,719.99,Banyo,2026-05-12
Macaroni Kaydırmaz Taban Banyo Paspası Seti 60x90 + 40x60 cm Yeşil,1039.99,Banyo,2026-05-12
Marble 3lü Banyo Seti Beyaz,5999.99,Banyo,2026-05-12
Mayra Rejenere Peştemal Bornoz Standart Turuncu-Sarı,479.99,Banyo,2026-05-12
Mayra Rejenere Çizgili Peştamal 90x150 cm Fuşya-Mavi,239.99,Banyo,2026-05-12
Mayra Çizgili Peştamal 90x150 cm Turuncu-Sarı,999.99,Banyo,2026-05-12
Mediterranean Çubuklu Oda Kokusu 100 ml,2249.99,Banyo,2026-05-12
Melange Pamuk Banyo Havlusu 80x150 cm Bej Melanj,3499.99,Banyo,2026-05-12
Melange Pamuk El Havlusu 30x45 cm Bej Melanj,183.99,Banyo,2026-05-12
Melange Pamuk Yüz Havlusu 50x80 cm Bej Melanj,1499.99,Banyo,2026-05-12
Melinda Bambu Yüz Havlusu 50x90 cm Beyaz,1499.99,Banyo,2026-05-12
Mimosa Çubuklu Oda Kokusu 100 ml,1999.99,Banyo,2026-05-12
Mini Daisy Pamuk Nakışlı Yüz Havlusu 50x80 cm Ekru,1999.99,Banyo,2026-05-12
Misty Aromadifüzör 300 ml,6499.99,Banyo,2026-05-12
Misty Down Çubuklu Oda Kokusu 100 ml,3199.99,Banyo,2026-05-12
Modern Dots Pamuklu Kroşeli Yüz Havlusu 50x80 cm Siyah,1399.99,Banyo,2026-05-12
Modern Line Pamuklu Peştemal 90x150 cm Açık Bej-Kiremit,2299.99,Banyo,2026-05-12
Mono Stripe Pamuk Ayak Havlusu 50x70 cm Beyaz - Bej,1999.99,Banyo,2026-05-12
Mono Stripe Pamuk Ayak Havlusu 50x70 cm Beyaz - Gri,1999.99,Banyo,2026-05-12
Mono Stripe Pamuk Ayak Havlusu 50x70 cm Beyaz - Pembe,1999.99,Banyo,2026-05-12
Mono Stripe Pamuk Ayak Havlusu 50x70 cm Beyaz - Yeşil,1999.99,Banyo,2026-05-12
Mono Stripe Pamuk Bornoz Beyaz - Bej,1599.99,Banyo,2026-05-12
Mono Stripe Pamuk Bornoz Beyaz - Gri,1599.99,Banyo,2026-05-12
Mono Stripe Pamuk Bornoz Beyaz - Mavi,1599.99,Banyo,2026-05-12
Mono Stripe Pamuk Bornoz Beyaz - Pembe,1599.99,Banyo,2026-05-12
Mono Stripe Pamuk Bornoz Beyaz - Yeşil,1599.99,Banyo,2026-05-12
Moonstar Pamuklu Nakışlı Yüz Havlusu 50x80 cm Ekru,2999.99,Banyo,2026-05-12
Morning Daisy Pamuk Yüz Havlusu 50x80 cm Pudra,1999.99,Banyo,2026-05-12
Mossy Wood Çubuklu Oda Kokusu,2999.99,Banyo,2026-05-12
Mugwort Tütsü,699.95,Banyo,2026-05-12
Myla Cam Banyo Sıvı Sabunluk Amber,1749.99,Banyo,2026-05-12
Myla Cam Banyo Sıvı Sabunluk Şeffaf,1999.99,Banyo,2026-05-12
Natural Stripe Pamuklu Banyo Havlusu 90x150 cm Beyaz,3499.99,Banyo,2026-05-12
Natural Stripe Pamuklu Yüz Havlusu 50x90 cm Beyaz,1999.99,Banyo,2026-05-12
Neroli & Jasmine Oda Spreyi 500 ml Şeffaf,2499.99,Banyo,2026-05-12
Neroli & Jasmine Çubuklu Oda Kokusu 100 ml,2999.99,Banyo,2026-05-12
Nevana Cam Banyo Sıvı Sabunluk Amber,1749.99,Banyo,2026-05-12
Nobile Tütsü,699.95,Banyo,2026-05-12
Noir Leopard Pamuk Püsküllü Yüz Havlusu 50x80 cm Ekru-Kahve,1999.99,Banyo,2026-05-12
Nossa Pamuklu Saçaklı Plaj Havlusu 90x150 cm Ekru-Yeşil-Sarı,2999.99,Banyo,2026-05-12
Nova Pamuklu Saçaklı Plaj Havlusu 90x150 cm Ekru-Yeşil-Sarı,2999.99,Banyo,2026-05-12
Orange Blossom & Red Berry Çubuklu Oda Kokusu 100 ml Bordo,2499.99,Banyo,2026-05-12
Orange Rose Kolonya 200 ml Şeffaf,227.99,Banyo,2026-05-12
Orange Rose Oda Spreyi 300 ml Şeffaf,1499.99,Banyo,2026-05-12
Orange Rose Çubuklu Oda Kokusu 95 ml Şeffaf,2999.99,Banyo,2026-05-12
Orchid Çubuklu Oda Kokusu 250 ml,3199.99,Banyo,2026-05-12
Oriental Beyond Çubuklu Oda Kokusu,5499.99,Banyo,2026-05-12
Ornate Stripe Pamuklu İpliği Boyalı Yüz Havlusu 50x80 cm Ekru - Pembe,1999.99,Banyo,2026-05-12
Osmantus El Kremi 30 ml,749.95,Banyo,2026-05-12
Oud Touch Oda Spreyi,1324.92,Banyo,2026-05-12
Oud Touch Çubuklu Oda Kokusu,2999.99,Banyo,2026-05-12
Paige Makarna Banyo Paspası Mavi,2499.99,Banyo,2026-05-12
Panera Pamuk Ayak Havlusu 50x85 cm Mor,1499.99,Banyo,2026-05-12
Panera Pamuk Ayak Havlusu 50x85 cm Sage,1499.99,Banyo,2026-05-12
Panera Pamuk Ayak Havlusu 50x85 cm Sisli Kahve,1499.99,Banyo,2026-05-12
Panera Pamuk Banyo Havlusu 90x150 cm Mor,2799.99,Banyo,2026-05-12
Panera Pamuk Banyo Havlusu 90x150 cm Sage,439.99,Banyo,2026-05-12
Panera Pamuk Banyo Havlusu 90x150 cm Sisli Kahve,2999.99,Banyo,2026-05-12
Panera Pamuk El Havlusu 30x45 cm Mor,1049.99,Banyo,2026-05-12
Panera Pamuk El Havlusu 30x45 cm Sage,1049.99,Banyo,2026-05-12
Panera Pamuk El Havlusu 30x45 cm Sisli Kahve,1049.99,Banyo,2026-05-12
Panera Pamuk Yüz Havlusu 50x85 cm Mor,1399.99,Banyo,2026-05-12
Panera Pamuk Yüz Havlusu 50x85 cm Sage,1399.99,Banyo,2026-05-12
Panera Pamuk Yüz Havlusu 50x85 cm Sisli Kahve,1399.99,Banyo,2026-05-12
Panthera Pamuk Yüz Havlusu 50x80 cm Ekru,1999.99,Banyo,2026-05-12
Patchouli & Bergamote Çubuklu Oda Kokusu 100 ml Yeşil,2499.99,Banyo,2026-05-12
Patchouli & Musk Oda Spreyi 500 ml Şeffaf,250.0,Banyo,2026-05-12
Patchouli & Musk Çubuklu Oda Kokusu 100 ml,2999.99,Banyo,2026-05-12
Patchouli&Wood Çubuklu Oda Kokusu 95 ml,2999.99,Banyo,2026-05-12
Pavia Cam Banyo Sıvı Sabunluk Amber,1749.99,Banyo,2026-05-12
Peach Blossom Body Mist 100 ml Turuncu,899.99,Banyo,2026-05-12
Peach Blossom Vücut Losyonu 50 ml. Turuncu,799.95,Banyo,2026-05-12
Pearl 3lü Koku Barı Beyaz,1499.99,Banyo,2026-05-12
Pearl Body Mist Vücut Spreyi,1149.99,Banyo,2026-05-12
Pearl El Kremi,849.95,Banyo,2026-05-12
Pearl Katı Sabun,849.95,Banyo,2026-05-12
Pearl Çubuklu Oda Kokusu,3499.99,Banyo,2026-05-12
Pearl Çubuklu Oda Kokusu 100 ml,2249.99,Banyo,2026-05-12
Peony Çubuklu Oda Kokusu 100 ml,2249.99,Banyo,2026-05-12
Petite Checked Pamuklu Kroşeli Yüz Havlusu 50x80 cm Ekru - Lila,1499.99,Banyo,2026-05-12
Petite Dot Pamuk Püsküllü Yüz Havlusu 50x80 cm Pembe - Yeşil,2249.99,Banyo,2026-05-12
Petite Dot Pamuk Püsküllü Yüz Havlusu 50x80 cm Yeşil-Mavi,1999.99,Banyo,2026-05-12
Pine Rose Çubuklu Oda Kokusu 140 ml Amber,3199.99,Banyo,2026-05-12
Pink Flower Çubuklu Oda Kokusu 100 ml,1999.99,Banyo,2026-05-12
Plum Blossom Çubuklu Oda Kokusu 100 ml,2999.99,Banyo,2026-05-12
Poffy Soft-Premium Pamuklu Banyo Havlusu 70x140 cm Ekru,2999.99,Banyo,2026-05-12
Poffy Soft-Premium Pamuklu Banyo Havlusu Pembe,2499.99,Banyo,2026-05-12
Poffy Soft-Premium Pamuklu El Havlusu 30x45 cm Ekru,999.99,Banyo,2026-05-12
Poffy Soft-Premium Pamuklu El Havlusu 30x45 cm Pembe,999.99,Banyo,2026-05-12
Poffy Soft-Premium Pamuklu El Havlusu 30x45 cm Su Yeşili,999.99,Banyo,2026-05-12
Poffy Soft-Premium Pamuklu El Havlusu Bej,999.99,Banyo,2026-05-12
Poffy Soft-Premium Pamuklu Yüz Havlusu 50x80 cm Bej,1499.99,Banyo,2026-05-12
Poffy Soft-Premium Pamuklu Yüz Havlusu 50x80 cm Ekru,271.99,Banyo,2026-05-12
Poffy Soft-Premium Pamuklu Yüz Havlusu 50x80 cm Su Yeşili,1499.99,Banyo,2026-05-12
Polina Cam Banyo Sıvı Sabunluk Amber,1149.99,Banyo,2026-05-12
Porte Pamuklu Peştemal 90x150 cm Açık Bej,1999.99,Banyo,2026-05-12
Poti Pamuklu Çizgili Plaj Havlusu 90x150 cm Ekru-Mavi-Sarı,349.99,Banyo,2026-05-12
Poudre El Kremi,849.95,Banyo,2026-05-12
Poudre Katı Sabun,849.95,Banyo,2026-05-12
Poudre Kokulu Kese,849.95,Banyo,2026-05-12
Poudre Oda Spreyi 400 ml,1324.92,Banyo,2026-05-12
Poudre Çubuklu Oda Kokusu,3499.99,Banyo,2026-05-12
Poudre Çubuklu Oda Kokusu 100 ml,2249.99,Banyo,2026-05-12
Powder & White Musk Oda Spreyi 500 ml Şeffaf,2499.99,Banyo,2026-05-12
Powder & White Musk Çubuklu Oda Kokusu 100 ml,2999.99,Banyo,2026-05-12
Punto Pamuk Banyo Havlusu 80x150 cm Yeşil-Beyaz,629.99,Banyo,2026-05-12
Punto Pamuk El Havlusu 30x45 cm Yeşil-Beyaz,1299.99,Banyo,2026-05-12
Punto Pamuk Yüz Havlusu 50x80 cm Pembe - Yeşil,1999.99,Banyo,2026-05-12
Punto Pamuk Yüz Havlusu 50x80 cm Yeşil-Beyaz,2249.99,Banyo,2026-05-12
Pure 3lü Koku Barı Beyaz,1499.99,Banyo,2026-05-12
Pure Basic El Havlusu Açık Gül Kurusu,649.95,Banyo,2026-05-12
Pure Basic Pamuk Banyo Havlusu 100x150 cm Açık Pembe,3999.99,Banyo,2026-05-12
Pure Basic Pamuk El Havlusu 30x30 cm Beyaz,999.99,Banyo,2026-05-12
Pure Basic Pamuk El Havlusu 30x30 cm Koyu Mavi,1499.95,Banyo,2026-05-12
Pure Basic Pamuk Yüz Havlusu 50x90 cm Bej,1299.99,Banyo,2026-05-12
Pure Basic Pamuk Yüz Havlusu 50x90 cm Koyu Mavi,1299.99,Banyo,2026-05-12
Pure Basic Pamuklu Banyo Havlusu 70x140 cm Açık Pembe,2999.99,Banyo,2026-05-12
Pure Basic Pamuklu Banyo Havlusu Bej,479.99,Banyo,2026-05-12
Pure Basic Pamuklu Banyo Havlusu Beyaz,2499.99,Banyo,2026-05-12
Pure Basic Pamuklu Banyo Havlusu Koyu Mavi,2499.99,Banyo,2026-05-12
Pure Basic Pamuklu Banyo Havlusu Koyu Mor,1999.99,Banyo,2026-05-12
Pure Basic Pamuklu El Havlusu 30x30 cm Bej,1499.95,Banyo,2026-05-12
Pure Basic Pamuklu El Havlusu 30x30 cm Gri,999.99,Banyo,2026-05-12
Pure Basic Pamuklu El Havlusu 30x30 cm Koyu Mor,1499.95,Banyo,2026-05-12
Pure El Kremi,849.95,Banyo,2026-05-12
Pure Flowers Pamuklu Yüz Havlusu 50x80 cm Ekru,1749.99,Banyo,2026-05-12
Pure Fresh Pamuk Banyo Havlusu 70x140 cm Açık Mavi,319.99,Banyo,2026-05-12
Pure Fresh Pamuk Banyo Havlusu 70x140 cm Bej,1999.99,Banyo,2026-05-12
Pure Fresh Pamuk El Havlusu 30x40 cm Açık Mavi,1049.99,Banyo,2026-05-12
Pure Fresh Pamuk El Havlusu 30x40 cm Bej,1049.99,Banyo,2026-05-12
Pure Fresh Pamuk Yüz Havlusu 50x80 cm Açık Mavi,1299.99,Banyo,2026-05-12
Pure Fresh Pamuk Yüz Havlusu 50x80 cm Bej,1299.99,Banyo,2026-05-12
Pure Kokulu Kese 19 Gr,849.95,Banyo,2026-05-12
Pure Kolonya 200 ml,1499.99,Banyo,2026-05-12
Pure Natural Pamuklu Peştamal 90x150 cm Açık Bej-Kiremit,2249.99,Banyo,2026-05-12
Pure Oda Spreyi 500 ml,1499.99,Banyo,2026-05-12
Pure Pamuk Banyo Havlusu 70x140 cm Beyaz,1749.99,Banyo,2026-05-12
Pure Pamuk Banyo Havlusu 70x140 cm Mor,1999.99,Banyo,2026-05-12
Pure Pamuk Banyo Havlusu 70x140 cm Sage,1749.99,Banyo,2026-05-12
Pure Pamuk Banyo Havlusu 70x140 cm Yeşil,1749.99,Banyo,2026-05-12
Pure Pamuk El Havlusu 30x40 cm Beyaz,999.99,Banyo,2026-05-12
Pure Pamuk El Havlusu 30x40 cm Mor,999.99,Banyo,2026-05-12
Pure Pamuk Yüz Havlusu 50x80 cm Beyaz,1399.99,Banyo,2026-05-12
Pure Pamuk Yüz Havlusu 50x80 cm Mor,1299.99,Banyo,2026-05-12
Pure Pamuk Yüz Havlusu 50x80 cm Sage,1049.99,Banyo,2026-05-12
Pure Pamuk Yüz Havlusu 50x80 cm Yeşil,1199.99,Banyo,2026-05-12
Pure Sıvı Sabun,1499.99,Banyo,2026-05-12
Pure Çubuklu Oda Kokusu 100 ml,2249.99,Banyo,2026-05-12
Pure Çubuklu Oda Kokusu 200 ml,3499.99,Banyo,2026-05-12
Raindrop 3lü Kokulu Kese,849.95,Banyo,2026-05-12
Raspberry Lemon Çubuklu Oda Kokusu 140 ml Amber,2499.99,Banyo,2026-05-12
Retro Waves Pamuklu Nakışlı El Havlusu 30x45 cm Ekru - Mavi,699.95,Banyo,2026-05-12
Retro Waves Pamuklu Nakışlı El Havlusu Ekru - Pembe,699.95,Banyo,2026-05-12
Retro Waves Pamuklu Nakışlı Yüz Havlusu Ekru - Pembe,1999.99,Banyo,2026-05-12
River Rejenere Çizgili Peştamal 90x150 cm Sarı-Fuşya,1499.99,Banyo,2026-05-12
River Rejenere Çizgili Peştemal 90x150 cm Lacivert- Mavi,1499.99,Banyo,2026-05-12
Romance Ribbon Pamuk Jakarlı Banyo Havlusu 90x150 cm Pudra,489.99,Banyo,2026-05-12
Romance Ribbon Pamuk Jakarlı Yüz Havlusu 50x80 cm Pudra,1499.99,Banyo,2026-05-12
Rosemary – Geranium 5li Aromaterapi Set,3499.99,Banyo,2026-05-12
Rosita Microcotton Pamuklu Banyo Havlusu 90x150 cm Beyaz,719.99,Banyo,2026-05-12
Rosita Microcotton Pamuklu Yüz Havlusu 50x90 cm Beyaz,1399.95,Banyo,2026-05-12
Rossy Pamuklu Kabartma Nakışlı Yüz Havlusu 50x80 cm Ekru,2249.99,Banyo,2026-05-12
Rustic Harmony Çubuklu Oda Kokusu 200 ml Amber,5499.99,Banyo,2026-05-12
Sabun Ferahlığı Kokulu Kese,849.95,Banyo,2026-05-12
Sakura Çubuklu Oda Kokusu 100 ml,1999.99,Banyo,2026-05-12
Sandalwood Çubuklu Oda Kokusu 100 ml,2999.99,Banyo,2026-05-12
Sandy Stripe Pamuk Ayak Havlusu 50x70 cm Beyaz,1399.99,Banyo,2026-05-12
Sandy Stripe Pamuk Ayak Havlusu 50x70 cm Lacivert,1499.99,Banyo,2026-05-12
Sandy Stripe Pamuk Banyo Havlusu 80x150 cm Beyaz,2999.99,Banyo,2026-05-12
Sandy Stripe Pamuk Banyo Havlusu 80x150 cm Lacivert,511.99,Banyo,2026-05-12
Sandy Stripe Pamuk Bornoz Beyaz,6999.99,Banyo,2026-05-12
Sandy Stripe Pamuk Bornoz Lacivert,6999.99,Banyo,2026-05-12
Sandy Stripe Pamuk El Havlusu 30x45 cm Beyaz,1049.99,Banyo,2026-05-12
Sandy Stripe Pamuk El Havlusu 30x45 cm Lacivert,1049.99,Banyo,2026-05-12
Sandy Stripe Pamuk Yüz Havlusu 50x80 cm Beyaz,1499.99,Banyo,2026-05-12
Sandy Stripe Pamuk Yüz Havlusu 50x80 cm Lacivert,1749.99,Banyo,2026-05-12
Savanna Check Pamuk Yüz Havlusu 50x80 cm Kahve-Açık Kahve,1999.99,Banyo,2026-05-12
Savannah Terra Çubuklu Oda Kokusu 95 ml,3499.99,Banyo,2026-05-12
Seafish Pamuklu Plaj Havlusu 90x150 cm Ekru-Lacivert,719.99,Banyo,2026-05-12
Selina Bambu Çamaşır Sepeti 41x31x60 cm Antrasit,804.99,Banyo,2026-05-12
Sense Tütsü,699.95,Banyo,2026-05-12
Serene Floral Pamuk Kabartma Nakışlı Yüz Havlusu 50x80 cm Beyaz,1749.99,Banyo,2026-05-12
Shiny Snow Çubuklu Oda Kokusu 100 ml,3199.99,Banyo,2026-05-12
Silky Shine Kaydırmaz Taban Banyo Paspası 50x80 cm Gri,300.0,Banyo,2026-05-12
Silky Shine Kaydırmaz Taban Banyo Paspası 50x80 cm Petrol,300.0,Banyo,2026-05-12
Silky Shine Kaydırmaz Taban Banyo Paspası 50x80 cm Yeşil,359.99,Banyo,2026-05-12
Soft %100 Pamuklu Bornoz Beyaz,4499.99,Banyo,2026-05-12
Soft %100 Pamuklu Saç Bonesi Mint,1399.99,Banyo,2026-05-12
Soft Koku Barı 3x70 g Şeffaf,1499.99,Banyo,2026-05-12
Soft Kokulu Kese,849.95,Banyo,2026-05-12
Soft Kolonya 200 ml,1499.99,Banyo,2026-05-12
Soft Oda Spreyi 400 ml,1499.99,Banyo,2026-05-12
Soft Pamuklu Banyo Havlusu 70x140 cm Açık Pembe,2999.99,Banyo,2026-05-12
Soft Pamuklu Saç Bonesi Açık Mavi,1399.99,Banyo,2026-05-12
Soft Pamuklu Saç Bonesı Standart Antrasit,1399.99,Banyo,2026-05-12
Soft Powder Çubuklu Oda Kokusu,3499.99,Banyo,2026-05-12
Soft Ruffle Pamuk Banyo Havlusu 70x140 cm Fildişi,2499.99,Banyo,2026-05-12
Soft Ruffle Pamuk Banyo Havlusu 70x140 cm Pudra,2499.99,Banyo,2026-05-12
Soft Ruffle Pamuk Yüz Havlusu 50x80 cm Fildişi,999.99,Banyo,2026-05-12
Soft Ruffle Pamuk Yüz Havlusu 50x80 cm Pudra,999.99,Banyo,2026-05-12
Soft Step Kaydırmaz Taban Banyo Paspası 50x80 cm Gri,2249.99,Banyo,2026-05-12
Soft Step Kaydırmaz Taban Banyo Paspası 50x80 cm Mavi,1999.99,Banyo,2026-05-12
Soft Step Kaydırmaz Taban Banyo Paspası 50x80 cm Sarı,1499.99,Banyo,2026-05-12
Soft Step Kaydırmaz Taban Banyo Paspası 50x80 cm Yeşil,1499.99,Banyo,2026-05-12
Soft Step Pamuk Ayak Havlusu 50x70 cm Bej,1749.99,Banyo,2026-05-12
Soft Step Pamuk Ayak Havlusu 50x70 cm Beyaz,1499.99,Banyo,2026-05-12
Soft Step Pamuk Ayak Havlusu 50x70 cm Gri,1749.99,Banyo,2026-05-12
Soft Step Pamuk Ayak Havlusu 50x70 cm Lila,1499.99,Banyo,2026-05-12
Soft Step Pamuk Ayak Havlusu 50x70 cm Mavi,1499.99,Banyo,2026-05-12
Soft Step Pamuk Ayak Havlusu 50x70 cm Mint,1499.99,Banyo,2026-05-12
Soft Step Pamuk Ayak Havlusu 50x70 cm Mor,1499.99,Banyo,2026-05-12
Soft Step Pamuk Ayak Havlusu 50x70 cm Petrol,1499.99,Banyo,2026-05-12
Soft Step Pamuk Ayak Havlusu 50x70 cm Pudra,1499.99,Banyo,2026-05-12
Soft Step Pamuk Ayak Havlusu 50x70 cm Sarı,1499.99,Banyo,2026-05-12
Soft Step Pamuk Ayak Havlusu 50x70 cm Somon,1499.99,Banyo,2026-05-12
Soft Step Pamuk Ayak Havlusu 50x70 cm Yeşil,1499.99,Banyo,2026-05-12
Soft Stripe Pamuk Banyo Havlusu 80x150 cm Fildişi,489.99,Banyo,2026-05-12
Soft Stripe Pamuk El Havlusu 30x45 cm Fildişi,1299.99,Banyo,2026-05-12
Soft Stripe Pamuk Yüz Havlusu 50x80 cm Fildişi,1499.99,Banyo,2026-05-12
Soft Wave Pamuklu Yüz Havlusu 50x80 cm Ekru,1249.99,Banyo,2026-05-12
Soft Çubuklu Oda Kokusu,2249.99,Banyo,2026-05-12
Soft Çubuklu Oda Kokusu 500 ml Şeffaf,6999.99,Banyo,2026-05-12
Softline Pamuk Banyo Havlusu 90x150 cm Beyaz,4999.99,Banyo,2026-05-12
Softline Pamuk Yüz Havlusu 50x80 cm Beyaz,2499.99,Banyo,2026-05-12
Sofya Pamuklu Waffle Banyo Havlusu 70x140 cm Ekru,2499.99,Banyo,2026-05-12
Sofya Pamuklu Waffle Banyo Havlusu Gri,559.99,Banyo,2026-05-12
Sofya Pamuklu Waffle Banyo Havlusu Gül Kurusu,2499.99,Banyo,2026-05-12
Stone 3lü Banyo Seti Bej,5999.99,Banyo,2026-05-12
Strala Kaydırmaz Taban Banyo Paspası Seti Gül Kurusu,1999.99,Banyo,2026-05-12
Stripe Edge Pamuk Banyo Havlusu 70x140 cm Mint,2499.99,Banyo,2026-05-12
Stripe Edge Pamuk Banyo Havlusu 70x140 cm Pudra,2499.99,Banyo,2026-05-12
Stripe Edge Pamuk El Havlusu 30x40 cm Mint,1049.99,Banyo,2026-05-12
Stripe Edge Pamuk El Havlusu 30x40 cm Pudra,1049.99,Banyo,2026-05-12
Stripe Edge Pamuk Yüz Havlusu 50x80 cm Mint,1299.99,Banyo,2026-05-12
Stripe Edge Pamuk Yüz Havlusu 50x80 cm Pudra,1299.99,Banyo,2026-05-12
Stripe Pamuk Yüz Havlusu 50x70 cm Gül Kurusu,999.95,Banyo,2026-05-12
Stripe Pamuk Yüz Havlusu 50x70 cm Haki,999.95,Banyo,2026-05-12
Stripe Pamuk Yüz Havlusu 50x70 cm Koyu Bej,999.95,Banyo,2026-05-12
Suave Bliss Çubuklu Oda Kokusu 100 ml Şeffaf,1999.99,Banyo,2026-05-12
Sweet Strawberry Pamuklu Plaj Havlusu 70x140 cm Fuşya,250.0,Banyo,2026-05-12
Sweet Séduction Kadın Parfümü 100 ml Lila,299.99,Banyo,2026-05-12
Tassel Check Pamuklu Püsküllü Banyo Paspası Bej,559.99,Banyo,2026-05-12
Tassel Check Pamuklu Püsküllü Banyo Paspası Gri,3499.99,Banyo,2026-05-12
The Scent of a Autumn Sunset Çubuklu Oda Kokusu 200 ml,3499.99,Banyo,2026-05-12
The Scent of a Magical Night Çubuklu Oda Kokusu 200 ml,4999.99,Banyo,2026-05-12
The Scent of a Sweet Love Çubuklu Oda Kokusu 200 ml,3499.99,Banyo,2026-05-12
Tobacco 3lü Kokulu Kese,849.95,Banyo,2026-05-12
Toretto Pamuklu El Havlusu Bej-Kahverengi,999.99,Banyo,2026-05-12
Trendy Kaydırmaz Taban Banyo Paspası 50x80 cm Bej,2249.99,Banyo,2026-05-12
Trendy Kaydırmaz Taban Banyo Paspası 50x80 cm Gri,1999.99,Banyo,2026-05-12
Trendy Kaydırmaz Taban Banyo Paspası 50x80 cm Kiremit,1499.99,Banyo,2026-05-12
Trendy Kaydırmaz Taban Banyo Paspası 50x80 cm Mavi,1499.99,Banyo,2026-05-12
Trim Stripe Pamuklu Çizgili Plaj Havlusu 90x150 cm Ekru,419.99,Banyo,2026-05-12
Tuberose Çubuklu Oda Kokusu 100 ml,2499.99,Banyo,2026-05-12
Twilight Bliss Çubuklu Oda Kokusu 100 ml Şeffaf,1999.99,Banyo,2026-05-12
Twill Pamuk Yüz Havlusu 50x70 cm Açık Gri,999.95,Banyo,2026-05-12
Twill Pamuk Yüz Havlusu 50x70 cm Açık Mavi,999.95,Banyo,2026-05-12
Twill Pamuk Yüz Havlusu 50x70 cm Su Yeşili,999.95,Banyo,2026-05-12
Twillow Kaydırmaz Taban Banyo Paspası Seti Açık Mavi,1999.99,Banyo,2026-05-12
Twillow Kaydırmaz Taban Banyo Paspası Seti Su Yeşili,1749.99,Banyo,2026-05-12
Twinkle Tree Pamuk Nakışlı Yüz Havlusu 50x80 cm Beyaz,399.99,Banyo,2026-05-12
Urbann Bambu Katlanabilir 2 Bölmeli Çamaşır Sepeti Kahve,607.99,Banyo,2026-05-12
Urbann Katlanabilir Çamaşır Sepeti Kahve,5499.99,Banyo,2026-05-12
Valeria Cam Banyo Sıvı Sabunluk 10x22 cm Şeffaf,1399.99,Banyo,2026-05-12
Valerie Kokulu Kese,849.95,Banyo,2026-05-12
Vanilla Wind Body Mist,1299.99,Banyo,2026-05-12
Vanilla Wind Katı Sabun,849.95,Banyo,2026-05-12
Vanilla Wind Koku Barı 3 x 70 g Şeffaf,1499.99,Banyo,2026-05-12
Vanilla Wind Kokulu Kese,849.95,Banyo,2026-05-12
Vanilla Wind Kolonya Şeffaf,1499.99,Banyo,2026-05-12
Vanilla Wind Oda Spreyi,1749.99,Banyo,2026-05-12
Vanilla Wind Çubuklu Oda Kokusu,3499.99,Banyo,2026-05-12
Vanilla Wind Çubuklu Oda Kokusu 500 ml,6999.99,Banyo,2026-05-12
Velvet Bloom Pamuk Yüz Havlusu 50x80 cm Beyaz,269.99,Banyo,2026-05-12
Velvet Bloom Pamuk Yüz Havlusu 50x80 cm Pembe,1999.99,Banyo,2026-05-12
Velvet Mimosa Sıvı Sabun,699.95,Banyo,2026-05-12
Velvet Touch Pamuklu El Havlusu 30x45 cm Mavi,999.99,Banyo,2026-05-12
Velvet Touch Pamuklu Yüz Havlusu 50x80 cm Mavi,1299.99,Banyo,2026-05-12
Velvet Touch Pamuklu Yüz Havlusu 50x80 cm Yeşil,1999.99,Banyo,2026-05-12
Vier Pamuklu Nakışlı El Havlusu Seti 30x40 cm Beyaz,2999.99,Banyo,2026-05-12
Vina Pamuklu Peştemal 90x150 cm Sarı,1999.99,Banyo,2026-05-12
Waffle %100 Pamuklu Bornoz Takımı Mor,2399.99,Banyo,2026-05-12
Waffle Weave Kaydırmaz Taban Banyo Paspası 50x80 cm Açık Kahverengi,2499.99,Banyo,2026-05-12
Waffle Weave Kaydırmaz Taban Banyo Paspası 50x80 cm Gri,3449.99,Banyo,2026-05-12
Waffle Weave Kaydırmaz Taban Banyo Paspası 50x80 cm Krem,3499.99,Banyo,2026-05-12
Waffle Weave Kaydırmaz Taban Banyo Paspası 50x80 cm Mavi,250.0,Banyo,2026-05-12
Warm Embrace Çubuklu Oda Kokusu 200 ml,4999.99,Banyo,2026-05-12
Watermelon Pamuklu Plaj Havlusu 70x140 cm Yeşil,423.48,Banyo,2026-05-12
Wave Pamuk Yüz Havlusu 50x70 cm Açık Bej,999.95,Banyo,2026-05-12
Wave Pamuk Yüz Havlusu 50x70 cm Ekru,999.99,Banyo,2026-05-12
Wave Pamuk Yüz Havlusu 50x70 cm Mor,999.95,Banyo,2026-05-12
Wavelet Kaydırmaz Taban Banyo Paspası Seti Açık Bej,2249.99,Banyo,2026-05-12
Wavelet Kaydırmaz Taban Banyo Paspası Seti Mor,1749.99,Banyo,2026-05-12
White Lily Çubuklu Oda Kokusu 200 ml,5499.99,Banyo,2026-05-12
Wild Berry Body Mist 100 ml Mor,999.99,Banyo,2026-05-12
Wild Berry Vücut Losyonu 50 ml. Mor,799.95,Banyo,2026-05-12
Wild Terra Çubuklu Oda Kokusu 95 ml,3499.99,Banyo,2026-05-12
Wood Savage Çubuklu Oda Kokusu 100 ml,2499.99,Banyo,2026-05-12
Wood&Spicy Çubuklu Oda Kokusu 95 ml,2999.99,Banyo,2026-05-12
Woody Bergamot Çubuklu Oda Kokusu 140 ml Amber,3199.99,Banyo,2026-05-12
Woody&Patchouli Çubuklu Oda Kokusu 100 ml,2999.99,Banyo,2026-05-12
Woody&Saffron Çubuklu Oda Kokusu 100 ml,2999.99,Banyo,2026-05-12
Woody&Vanilla Çubuklu Oda Kokusu 100 ml,2999.99,Banyo,2026-05-12
Zen Composure Çubuklu Oda Kokusu,3499.99,Banyo,2026-05-12
Zigzag Pamuk Bornoz Limon Yeşili,6499.99,Banyo,2026-05-12
Zigzag Pamuk Bornoz Yeşil,6499.99,Banyo,2026-05-12
Zigzag Pamuk Yüz Havlusu 50x70 cm Limon Yeşili,999.99,Banyo,2026-05-12
Zigzag Pamuk Yüz Havlusu 50x70 cm Yeşil,999.99,Banyo,2026-05-12
Zigzag Pamuklu Püsküllü Peştemal 90x150 cm Mavi-Fuşya,1999.99,Banyo,2026-05-12
Abrazo Yılbaşı Ağacı Süsü 8 cm Kırmızı,999.99,Dekorasyon,2026-05-12
Acorn Branch Tek Dal Yapay Çiçek 76 cm Yeşil,2499.99,Dekorasyon,2026-05-12
Adara Mum Siyah-Gold,1274.9,Dekorasyon,2026-05-12
Adela Ahşap Masa Saati Naturel,8999.99,Dekorasyon,2026-05-12
"Aden Yılbaşı Ağacı Süsü 11,5 cm Kırmızı",999.99,Dekorasyon,2026-05-12
"Ador Yılbaşı Ağacı Süsü 11,5 cm Kırmızı",999.99,Dekorasyon,2026-05-12
Adora Cam Vazo 23 cm Kahverengi,6999.99,Dekorasyon,2026-05-12
"Adora Cam Vazo 28,5 cm Krem",1199.99,Dekorasyon,2026-05-12
Adora Metal Dekoratif Tepsi Silver,5999.99,Dekorasyon,2026-05-12
Adra Cam Vazo Amber,1619.99,Dekorasyon,2026-05-12
Adrian Yılbaşı Ağacı Süsü 11 cm Kırmızı,999.99,Dekorasyon,2026-05-12
Akasya Dekoratif Tepsi Koyu Kahverengi,2249.99,Dekorasyon,2026-05-12
Akuante Dekoratif Tepsi 30x42 cm Multicolor,3999.99,Dekorasyon,2026-05-12
Alba Cam Şamdan Kırmızı,2199.99,Dekorasyon,2026-05-12
Alba Metal Çerçeve Gold,1749.99,Dekorasyon,2026-05-12
Alba Metal Çerçeve Silver,1999.99,Dekorasyon,2026-05-12
Albero Yılbaşı Ağacı Süsü 12.5 cm Yeşil,999.99,Dekorasyon,2026-05-12
Alesa Cam Vazo Multicolor,6999.99,Dekorasyon,2026-05-12
Alesa Cam Şamdan Turuncu,1499.99,Dekorasyon,2026-05-12
Alesta Yılbaşı Ağacı Süsü 12.5 cm Siyah,999.99,Dekorasyon,2026-05-12
Alice Polyresin Çerçeve 10x15 cm Krem,419.99,Dekorasyon,2026-05-12
"Alicia Cam Vazo 20,5 cm Kahverengi",1259.99,Dekorasyon,2026-05-12
Alicia Polyresin Çerçeve 10x15 cm Krem,519.99,Dekorasyon,2026-05-12
Alina Dokuma Kırlent Kılıfı Tarçın,1499.99,Dekorasyon,2026-05-12
Alina Polyresin Çerçeve 10x15 cm Beyaz,454.99,Dekorasyon,2026-05-12
Alina Polyresin Çerçeve 10x15 cm Krem,519.99,Dekorasyon,2026-05-12
Aline Dekoratif Kutu Krem,1329.99,Dekorasyon,2026-05-12
Alisia Polyresin Çerçeve 10x15 cm Bej,539.99,Dekorasyon,2026-05-12
Alissa Polyresin Çerçeve 10x15 cm Beyaz,454.99,Dekorasyon,2026-05-12
Alisya Polyresin Çerçeve 10x15 cm Bej,519.99,Dekorasyon,2026-05-12
Alita Polyresin Çerçeve 10x15 cm Bej – Bordo,3249.99,Dekorasyon,2026-05-12
Alium Tek Dal Yapay Çiçek 94 cm Pembe,1399.99,Dekorasyon,2026-05-12
Allegra Kandil Şeffaf,1749.99,Dekorasyon,2026-05-12
Almina Dekoratif Tepsi 33x33 cm Krem,2999.99,Dekorasyon,2026-05-12
Aloha Yılbaşı Ağaç Süsü 6x6x13 cm Kırmızı,1499.99,Dekorasyon,2026-05-12
Aloha Yılbaşı Ağaç Süsü Multicolor,3499.99,Dekorasyon,2026-05-12
Alonza Dekoratif Tepsi Gold,3999.99,Dekorasyon,2026-05-12
Alonza Yılbaşı Ağaç Süsü Multicolor,1499.99,Dekorasyon,2026-05-12
Aluna Suni Deri Sepet Siyah,1749.99,Dekorasyon,2026-05-12
Alura Yılbaşı Ağaç Süsü Multicolor,539.99,Dekorasyon,2026-05-12
Alure Yılbaşı Ağaç Süsü Multicolor,1499.99,Dekorasyon,2026-05-12
Alva Yılbaşı Ağaç Süsü Multicolor,419.99,Dekorasyon,2026-05-12
"Alvena Kar Küresi 14,5 cm Kırmızı",1049.99,Dekorasyon,2026-05-12
Alvin Cam 15 Dk Kum Saati Füme,1999.99,Dekorasyon,2026-05-12
Alvin Polyresin Dekoratif Tepsi 32x46 cm Kahve,7999.99,Dekorasyon,2026-05-12
Alvin Seramik Abajur Krem,7499.99,Dekorasyon,2026-05-12
Alvin Yılbaşı Ağaç Süsü Multicolor,1149.99,Dekorasyon,2026-05-12
Alyysa Metal Çerçeve Lila,1749.99,Dekorasyon,2026-05-12
Alyysa Metal Çerçeve Mint,1749.99,Dekorasyon,2026-05-12
Alyysa Metal Çerçeve Pudra,1299.95,Dekorasyon,2026-05-12
Amaranthus Kumaş Tek Dal Yapay Çiçek Açık Pembe,1249.99,Dekorasyon,2026-05-12
Amaranthus Kumaş Tek Dal Yapay Çiçek Koyu Pembe,1249.99,Dekorasyon,2026-05-12
Amaranthus Kumaş Tek Dal Yapay Çiçek Krem,1249.99,Dekorasyon,2026-05-12
Amare Tek Dal Yapay Çiçek 90 cm Kırmızı,1199.99,Dekorasyon,2026-05-12
Amaris Dolgulu Kırlent 35x50 cm Kırmızı - Bej,4999.99,Dekorasyon,2026-05-12
Amber Woods Kokulu Mum 120 gr Kahverengi,1399.99,Dekorasyon,2026-05-12
Anchor Yılbaşı Ağaç Süsü Multicolor,2249.99,Dekorasyon,2026-05-12
Andora Cam Vazo 10.5 cm Yeşil,6499.99,Dekorasyon,2026-05-12
Andora Cam Vazo 13 cm Kırmızı,1119.99,Dekorasyon,2026-05-12
"Andora Yılbaşı Ağaç Süsü 13,5 cm Gold",359.99,Dekorasyon,2026-05-12
"Andora Yılbaşı Ağaç Süsü 13,5 cm Kırmızı",479.99,Dekorasyon,2026-05-12
Andora Örgü Sepet Pembe,2249.99,Dekorasyon,2026-05-12
Andre Tek Dal Yapay Çiçek 80 cm Kahve,849.95,Dekorasyon,2026-05-12
Andre Yılbaşı Ağaç Süsü Multicolor,1299.99,Dekorasyon,2026-05-12
Andre Çerçeve 13x18 cm Bej,489.99,Dekorasyon,2026-05-12
Andre Çerçeve Krem,2999.99,Dekorasyon,2026-05-12
Angel Dekoratif Obje 15 cm Kahve,4999.99,Dekorasyon,2026-05-12
Angel Dekoratif Obje Beyaz,12499.99,Dekorasyon,2026-05-12
"Angel Mum 12,5x4,5x15 cm Gold",1499.99,Dekorasyon,2026-05-12
"Angela Mum 7x4,5x7,5 cm Kırmızı",1274.9,Dekorasyon,2026-05-12
"Angela Mum 9x6,5x11 cm Kırmızı",1999.99,Dekorasyon,2026-05-12
Angela Yılbaşı Ağaç Süsü Multicolor,1749.99,Dekorasyon,2026-05-12
Anica Yılbaşı Ağaç Süsü 7 cm Gold,1999.99,Dekorasyon,2026-05-12
Anica Yılbaşı Ağaç Süsü 7 cm Kırmızı,1999.99,Dekorasyon,2026-05-12
Anica Yılbaşı Ağaç Süsü 7 cm Silver,1999.99,Dekorasyon,2026-05-12
Anissa Kar Küresi 14 cm Kırmızı,5999.99,Dekorasyon,2026-05-12
"Anissa Metal Dekoratif Tabak 27,5x22x4 cm Gümüş",899.99,Dekorasyon,2026-05-12
Anissa Yılbaşı Ağaç Süsü Multicolor,1299.99,Dekorasyon,2026-05-12
"Apple Biblo 11,5x11,5x13cm Kahve",3499.99,Dekorasyon,2026-05-12
Apple Biblo 14x14x16cm Gri,4999.99,Dekorasyon,2026-05-12
Aquamarine Dijital Baskı Dekoratif Kırlent 35x55 cm Mavi - Yeşil,419.99,Dekorasyon,2026-05-12
Aquamarine Seramik Vazo 15 cm Beyaz,4999.99,Dekorasyon,2026-05-12
Aquamarine Seramik Vazo 18 cm Lacivert,4999.99,Dekorasyon,2026-05-12
Areka Yılbaşı Ağacı Süsü 10 cm Gold,1149.99,Dekorasyon,2026-05-12
Areka Çerçeve 13x18 cm Kahverengi,3499.99,Dekorasyon,2026-05-12
Aremis Çerçeve 13x18 cm Krem,1499.99,Dekorasyon,2026-05-12
Arena Koltuk Şalı 170x210 cm Bej,2999.99,Dekorasyon,2026-05-12
Aris Mum 10 cm Kırmızı,879.99,Dekorasyon,2026-05-12
Aris Mum 10 cm Yeşil,879.99,Dekorasyon,2026-05-12
Aris Seramik Abajur Bej,7999.99,Dekorasyon,2026-05-12
Armin Yılbaşı Kar Küresi 21 cm Kırmızı,9499.99,Dekorasyon,2026-05-12
Arnie Dekoratif Kırlent 35x50 cm Ekru,3999.99,Dekorasyon,2026-05-12
Artistic Bloom Dekoratif Kırlent 40 cm Bordo,3999.99,Dekorasyon,2026-05-12
Artistic Bloom Dekoratif Kırlent 40 cm Kahverengi,3999.99,Dekorasyon,2026-05-12
Artistic Bloom Dekoratif Kırlent 40 cm Yağ Yeşili,3999.99,Dekorasyon,2026-05-12
"Artistic Bloom Dekoratif Kırlent 40,0x1,3x55,0 cm Bej",639.99,Dekorasyon,2026-05-12
"Artistic Bloom Dekoratif Kırlent 40,0x15,5 cm Hardal",559.99,Dekorasyon,2026-05-12
"Artistic Bloom Dekoratif Kırlent 40,0x30,5x1,5 cm Kiremit",4999.99,Dekorasyon,2026-05-12
Arya Metal Dekoratif Obje 33 cm Gold,4499.99,Dekorasyon,2026-05-12
Ashara Koltuk Şalı 170x210 cm Multicolor,3499.99,Dekorasyon,2026-05-12
Aspen Çerçeve 13x18 cm Silver,1499.99,Dekorasyon,2026-05-12
Aspen Çerçeve Gold,1999.99,Dekorasyon,2026-05-12
Astra Yılbaşı Ağaç Süsü Multicolor,1499.99,Dekorasyon,2026-05-12
Astre Varak Baskılı Dekoratif Kırlent 45x45 cm Bordo,1039.99,Dekorasyon,2026-05-12
"Asya Metal Dekoratif Obje 30,5 cm Gold",6999.99,Dekorasyon,2026-05-12
Audra Çerçeve 8x8 cm Multicolor,2749.99,Dekorasyon,2026-05-12
Aura Çerçeve 8x8 cm Multicolor,439.99,Dekorasyon,2026-05-12
Avani Vazo Krem,2519.99,Dekorasyon,2026-05-12
Avin Biblo 18 cm Kırmızı,5999.99,Dekorasyon,2026-05-12
Avin Tek Dal Yapay Çiçek 71 cm Kırmızı,1299.99,Dekorasyon,2026-05-12
Avin Yılbaşı Ağaç Süsü Multicolor,1499.99,Dekorasyon,2026-05-12
Avin Çerçeve Kahverengi,299.99,Dekorasyon,2026-05-12
"Azure Yılbaşı Kar Küresi 15,5 cm Kırmızı",4749.99,Dekorasyon,2026-05-12
Baby Dog Bebe Pelüş Dekoratif Kırlent 38x25 cm Beyaz,3499.99,Dekorasyon,2026-05-12
Baby Koala Sıcak Su Torbası 750 ml Gri,2249.99,Dekorasyon,2026-05-12
Bailey Yılbaşı Ağaç Süsü 10x10x10 cm Kırmızı,1399.99,Dekorasyon,2026-05-12
Ball Flower Tek Dal Yapay Çiçek 61 cm Kırmızı - Yeşil,1299.99,Dekorasyon,2026-05-12
Bally Pelüş Dekoratif Kırlent 40 cm Gri,3499.99,Dekorasyon,2026-05-12
Bally Pelüş Dekoratif Kırlent 40 cm Hardal,2999.99,Dekorasyon,2026-05-12
Bamboo Metal Çerçeve Gold,3499.99,Dekorasyon,2026-05-12
Bamboo Metal Çerçeve Silver,2499.99,Dekorasyon,2026-05-12
Basic Line Dolgulu Kırlent 45x45 cm Bej,539.99,Dekorasyon,2026-05-12
Becca Yılbaşı Ağaç Süsü 8x8x8 cm Kırmızı,1299.99,Dekorasyon,2026-05-12
Becky Metal Çerçeve Gold,2499.99,Dekorasyon,2026-05-12
Becky Metal Çerçeve Silver,299.99,Dekorasyon,2026-05-12
Becky Seramik Vazo 35 cm Kırmızı - Yeşil,1999.99,Dekorasyon,2026-05-12
Bedros Yılbaşı Ağaç Süsü Multicolor,1499.99,Dekorasyon,2026-05-12
Bega Yılbaşı Ağaç Süsü 6x6x13 cm Gri,1199.99,Dekorasyon,2026-05-12
Belinda Yılbaşı Ağaç Süsü 8x8x8 cm Gri,1299.99,Dekorasyon,2026-05-12
Belita Biblo 12 cm Kırmızı,799.99,Dekorasyon,2026-05-12
Bell Yılbaşı Ağaç Süsü 6x5x9 cm Gri,1199.99,Dekorasyon,2026-05-12
Bella Biblo 10 cm Yeşil,1499.99,Dekorasyon,2026-05-12
Belleza Yılbaşı Ağaç Süsü 8x8x8 cm Siyah,999.95,Dekorasyon,2026-05-12
"Bello Yılbaşı Ağacı Süsü 5,5 cm Kırmızı",999.99,Dekorasyon,2026-05-12
Berilda Dekoratif Tepsi 33x33 cm Krem,2999.99,Dekorasyon,2026-05-12
Berilda Tek Dal Yapay Çiçek 78 cm Sarı,1399.99,Dekorasyon,2026-05-12
Berry Leaves Tek Dal Yapay Çiçek Kırmızı,1199.99,Dekorasyon,2026-05-12
Berry Tek Dal Yapay Çiçek Kırmızı,1749.99,Dekorasyon,2026-05-12
Berry Yılbaşı Ağaç Süsü 8x5x6 cm Siyah,999.95,Dekorasyon,2026-05-12
Berta Yılbaşı Ağaç Süsü 8x8x8 cm Kahverengi,1299.99,Dekorasyon,2026-05-12
Betty Yılbaşı Ağaç Süsü 8x8x8 cm Beyaz,1299.99,Dekorasyon,2026-05-12
Beyaz Çiçekler Kokulu Mum,1399.99,Dekorasyon,2026-05-12
Birch Leaf Spray Tek Dal Yapay Çiçek Yeşil,1199.99,Dekorasyon,2026-05-12
"Birdy Cam Biblo 11,5 cm Açık Pembe",559.99,Dekorasyon,2026-05-12
Blare 6Lı Organizer Set Lacivert,629.99,Dekorasyon,2026-05-12
Blare 6Lı Organizer Set Pudra,4999.99,Dekorasyon,2026-05-12
Blare 6lı Organizer Set Gri,539.99,Dekorasyon,2026-05-12
Blare 6lı Organizer Set Siyah,3999.99,Dekorasyon,2026-05-12
Blare Yılbaşı Ağaç Süsü 5x7x15 cm Beyaz,1499.99,Dekorasyon,2026-05-12
Blume Kar Küresi 9 cm Kırmızı,599.99,Dekorasyon,2026-05-12
Blume Yılbaşı Ağaç Süsü 6x6x14 cm Beyaz,1299.99,Dekorasyon,2026-05-12
Bohemian Dolgulu Kırlent 45x45 cm Multicolor,699.99,Dekorasyon,2026-05-12
Boho Chic Bambu Dekoratif Kutu Kahverengi,6999.99,Dekorasyon,2026-05-12
Boise Sepet Naturel,879.99,Dekorasyon,2026-05-12
Bona Dekoratif Kutu Bej,539.99,Dekorasyon,2026-05-12
Bonita Kum Saati Bej,4999.99,Dekorasyon,2026-05-12
Bonnie Yılbaşı Ağacı Süsü 12.5 cm Beyaz,999.99,Dekorasyon,2026-05-12
Bonny Yılbaşı Ağacı Süsü 10 cm Beyaz,999.99,Dekorasyon,2026-05-12
Boston Çerçeve 10x10 cm Multicolor,2999.99,Dekorasyon,2026-05-12
Bouquet Buhurdanlık Beyaz,494.99,Dekorasyon,2026-05-12
Bradley Tek Dal Yapay Çiçek 72 cm Pembe,1299.99,Dekorasyon,2026-05-12
Brayden Sepet Naturel,599.99,Dekorasyon,2026-05-12
Brenda Tek Dal Yapay Çiçek 48 cm Kırmızı,1499.99,Dekorasyon,2026-05-12
Breton Goblen Kırlent Kılıfı Mavi,1399.99,Dekorasyon,2026-05-12
Breton Pamuk Dolgulu Kırlent Mavi,2499.99,Dekorasyon,2026-05-12
Briana Biblo 15 cm Kahverengi,719.99,Dekorasyon,2026-05-12
Briel Dekoratif Tepsi Kahverengi-Siyah,899.99,Dekorasyon,2026-05-12
Briel Metal Fener 16x16x30 cm Krem,7999.99,Dekorasyon,2026-05-12
Brill Koltuk Şalı 130x170 cm Açık Taş,11999.99,Dekorasyon,2026-05-12
Brittle Rose Dolgulu Kırlent 45x45 cm Multicolor,3499.99,Dekorasyon,2026-05-12
"Brook Biblo 30,5 cm Kırmızı",10999.99,Dekorasyon,2026-05-12
Brook Yılbaşı Ağaç Süsü Multicolor,1299.99,Dekorasyon,2026-05-12
Bruna Metal Çerçeve Gold,2499.99,Dekorasyon,2026-05-12
Bruna Metal Çerçeve Silver,319.99,Dekorasyon,2026-05-12
Bubble Çerçeve 13x18 cm Hardal,1749.99,Dekorasyon,2026-05-12
Bubble Çerçeve 13x18 cm Mavi,2249.99,Dekorasyon,2026-05-12
Buds Nakışlı Dekoratif Kırlent 33x50 cm Ekru,479.99,Dekorasyon,2026-05-12
Bunny Pelüş Sıcak Su Torbası Ekru,3499.99,Dekorasyon,2026-05-12
Bunny Sıcak Su Torbası Gri,2499.99,Dekorasyon,2026-05-12
Bunny Sıcak Su Torbası Pembe,539.99,Dekorasyon,2026-05-12
Bunny Tail Leaf Tek Dal Yapay Çiçek 68 cm Sarı,1199.99,Dekorasyon,2026-05-12
Butterfly Polyresin Duvar Aksesuarı Gold,629.99,Dekorasyon,2026-05-12
"Cabella Yılbaşı Ağaç Süsü 8X8X8,5 cm Multicolor",1499.99,Dekorasyon,2026-05-12
Caletta Koltuk Şalı 170x210 cm Multicolor,629.99,Dekorasyon,2026-05-12
Calida Yılbaşı Ağaç Süsü Multicolor,494.99,Dekorasyon,2026-05-12
Calisa Metal Çerçeve Siyah,2499.99,Dekorasyon,2026-05-12
Calloge Dolgulu Kırlent 45x45 cm Multicolor,559.99,Dekorasyon,2026-05-12
"Calva Kum Saati 14,5 cm Mavi",2999.99,Dekorasyon,2026-05-12
Candies Dekoratif Aydınlatma Şeffaf,7499.99,Dekorasyon,2026-05-12
Candlelight Dekoratif Aydınlatma Bal,899.99,Dekorasyon,2026-05-12
Candlelight Fener Siyah,839.99,Dekorasyon,2026-05-12
Candlestick Ledli Dekoratif Aydınlatma Siyah,359.99,Dekorasyon,2026-05-12
Candy Mumluk Kırmızı,2499.99,Dekorasyon,2026-05-12
Candy Sticks Mumluk 20 cm Kırmızı,6999.99,Dekorasyon,2026-05-12
Canker Bloom Kumaş Tek Dal Yapay Çiçek Krem,1249.99,Dekorasyon,2026-05-12
Canker Bloom Kumaş Tek Dal Yapay Çiçek Yavruağzı,1249.99,Dekorasyon,2026-05-12
Cara Duvar Saati 30 cm Koyu Krem,879.99,Dekorasyon,2026-05-12
Cara Duvar Saati 30 cm Krem,629.99,Dekorasyon,2026-05-12
"Card Box Dekoratif Kutu 12,5x8,5x2,5 cm Kahve",3749.99,Dekorasyon,2026-05-12
"Caren Metal Dekoratif Obje 30,5 cm Gold",8999.99,Dekorasyon,2026-05-12
Caren Seramik Vazo Sarı,1439.99,Dekorasyon,2026-05-12
Carlin Kokulu Mum,449.99,Dekorasyon,2026-05-12
Carlin Kokulu Mum 190 gr,1749.99,Dekorasyon,2026-05-12
Carly Sepet Naturel,4499.99,Dekorasyon,2026-05-12
Carmin Dekoratif Kırlent 35x55 cm Multicolor,3999.99,Dekorasyon,2026-05-12
Carmin Kokulu Mum 190 gr,1749.99,Dekorasyon,2026-05-12
Carolie Cam Dekoratif Tepsi 30x42 cm Bordo,719.99,Dekorasyon,2026-05-12
Carolie Dekoratif Kırlent 45x45 cm Bronz,4999.99,Dekorasyon,2026-05-12
"Casilias Yılbaşı Ağaç Süsü 8x8x21,5 Gold",5999.99,Dekorasyon,2026-05-12
Celeste Koltuk Şalı 130x170 cm Hardal,8999.99,Dekorasyon,2026-05-12
Cella Masa Saati 10 cm Kahve,3999.99,Dekorasyon,2026-05-12
Cercio Dijital Dolgulu Kırlent Multicolor,1749.99,Dekorasyon,2026-05-12
Cesa Çerçeve 10x15 cm Kahverengi,1499.99,Dekorasyon,2026-05-12
"Chain Dekoratif Obje 14x11,5 cm Kahve",769.99,Dekorasyon,2026-05-12
Cheerful Skate Goblen Kırlent Kılıfı Pembe,5499.99,Dekorasyon,2026-05-12
Cherry Branch Tek Dal Yapay Çiçek Beyaz,1749.99,Dekorasyon,2026-05-12
Cherry Branch Tek Dal Yapay Çiçek Koyu Pembe,1999.99,Dekorasyon,2026-05-12
Chess Dekoratif 17x17 cm Kahve,1979.99,Dekorasyon,2026-05-12
Chole Organizer Siyah,2249.99,Dekorasyon,2026-05-12
Chris Cam Şamdan Mavi,449.99,Dekorasyon,2026-05-12
Chris Kum Saati Beyaz,3999.99,Dekorasyon,2026-05-12
Christmas Kapı Süsü 25 cm Kırmızı,1119.99,Dekorasyon,2026-05-12
Christmas Parafin Mum,1499.99,Dekorasyon,2026-05-12
"Christmas Tree 2li Mum 26,4x5,7x3,5 cm Ekru",1499.99,Dekorasyon,2026-05-12
Christmas Tree Yapay Ağaç Siyah,959.99,Dekorasyon,2026-05-12
Christmas Tree Yılbaşı Ağacı Yeşil,181.99,Dekorasyon,2026-05-12
Christmas Şamdan 16 cm Kırmızı - Beyaz,959.99,Dekorasyon,2026-05-12
Citrus Spark Kokulu Mum 120 gr Yeşil,999.99,Dekorasyon,2026-05-12
Claira Yılbaşı Ağaç Süsü 5x8 cm Kırmızı,1499.99,Dekorasyon,2026-05-12
Claira Yılbaşı Ağaç Süsü 5x8 cm Yeşil,1499.99,Dekorasyon,2026-05-12
Clare Set Yılbaşı Ağaç Süsü Gold,1399.99,Dekorasyon,2026-05-12
Classy Rose Dolgulu Kırlent 33x50 cm Multicolor,3499.99,Dekorasyon,2026-05-12
Claudi Çerçeve Yeşil,349.99,Dekorasyon,2026-05-12
Clover Polyresin Duvar Aksesuarı Gold,639.99,Dekorasyon,2026-05-12
Colessa Çerçeve 10x15 cm Siyah,1749.99,Dekorasyon,2026-05-12
Colessa Çerçeve 10x15 cm Turuncu,1299.99,Dekorasyon,2026-05-12
Colin Kokulu Mum,2499.99,Dekorasyon,2026-05-12
Colin Kokulu Mum 190 gr,1749.99,Dekorasyon,2026-05-12
Colin Set Yılbaşı Ağacı Süsü Gold,1399.99,Dekorasyon,2026-05-12
Colorful Flowers Dolgulu Kırlent 35x50 cm Multicolor,3999.99,Dekorasyon,2026-05-12
Colorful Lines Kağıt İp Sepet Kırmızı,1999.99,Dekorasyon,2026-05-12
Colorful Lines Kağıt İp Sepet Pembe,1999.99,Dekorasyon,2026-05-12
Colorful Striped Kağıt İp Dekoratif Kutu 18x18x8cm Kırmızı,3999.99,Dekorasyon,2026-05-12
Colorful Striped Kağıt İp Dekoratif Kutu Lacivert,2449.99,Dekorasyon,2026-05-12
Colorful Striped Kağıt İp Fener Mavi,4999.99,Dekorasyon,2026-05-12
Comfycover Triko Kırlent Kılıfı Antrasit,1349.99,Dekorasyon,2026-05-12
Corallo Dekoratif Kase Bej,3499.99,Dekorasyon,2026-05-12
Corallo Punch Nakışlı Kırlent Kılıfı 45x45 cm Mavi - Yeşil,3249.99,Dekorasyon,2026-05-12
Cornflower Tek Dal Yapay Çiçek 64 cm Beyaz,1499.99,Dekorasyon,2026-05-12
Cornflower Tek Dal Yapay Çiçek 64 cm Koyu Mavi,1499.99,Dekorasyon,2026-05-12
Cornflower Tek Dal Yapay Çiçek 64 cm Mavi,239.99,Dekorasyon,2026-05-12
Corsage Kumaş Tek Dal Yapay Çiçek Beyaz,1499.99,Dekorasyon,2026-05-12
Corsage Kumaş Tek Dal Yapay Çiçek Koyu Pembe,1249.99,Dekorasyon,2026-05-12
Crabapple Branch Tek Dal Yapay Çiçek 21 cm Kırmızı,1999.99,Dekorasyon,2026-05-12
"Creil Vazo 10x10x8,5 cm Mavi",1477.45,Dekorasyon,2026-05-12
Crown Seramik Vazo Antrasit,2159.99,Dekorasyon,2026-05-12
Cubic Abajur 30 cm Turuncu,1119.99,Dekorasyon,2026-05-12
Cubic Seramik Abajur Yeşil,1169.99,Dekorasyon,2026-05-12
Cuddly Biblo 11 cm Kırmızı,719.99,Dekorasyon,2026-05-12
Curl Pelüş Sıcak Su Torbası Pembe,2999.99,Dekorasyon,2026-05-12
Cute Birds Polyresin Biblo Siyah,319.99,Dekorasyon,2026-05-12
Cute Cow Bebe Dekoratif Kırlent 45x45 cm Ekru,2499.99,Dekorasyon,2026-05-12
Cute Dogs Pelüş Sıcak Su Torbası Kahverengi,539.99,Dekorasyon,2026-05-12
Cute Panda Bebe Dekoratif Kırlent 45x45 cm Ekru,2999.99,Dekorasyon,2026-05-12
Cyrstal Cam Şamdan Amber,2849.99,Dekorasyon,2026-05-12
"Dahlia Biblo 13,5 cm Kırmızı",419.99,Dekorasyon,2026-05-12
Daisy Bebe Pelüş Dekoratif Kırlent 40 cm Beyaz,3499.99,Dekorasyon,2026-05-12
Daisy Love Dekoratif Kırlent 33x50 cm Natural,699.99,Dekorasyon,2026-05-12
Daisy Tek Dal Yapay Çiçek 60 cm Açık Pembe,1299.99,Dekorasyon,2026-05-12
Daisy Tek Dal Yapay Çiçek 60 cm Kırmızı,1299.99,Dekorasyon,2026-05-12
Daisy Tek Dal Yapay Çiçek 60 cm Turuncu,1299.99,Dekorasyon,2026-05-12
Daisy Tek Dal Yapay Çiçek Açık Mor,1249.99,Dekorasyon,2026-05-12
Daisy Tek Dal Yapay Çiçek Mor,1249.99,Dekorasyon,2026-05-12
Daisy Tek Dal Yapay Çiçek Pembe,1249.99,Dekorasyon,2026-05-12
Daisy Tek Dal Yapay Çiçek Turuncu,1199.99,Dekorasyon,2026-05-12
Dalia Alüminyum Dekoratif Gold,479.99,Dekorasyon,2026-05-12
Dandelion Tek Dal Yapay Çiçek Gül Kurusu,1249.99,Dekorasyon,2026-05-12
Dandelion Tek Dal Yapay Çiçek Lila,1249.99,Dekorasyon,2026-05-12
Dandelion Tek Dal Yapay Çiçek Mint,1249.99,Dekorasyon,2026-05-12
Danny Kum Saati Siyah,3999.99,Dekorasyon,2026-05-12
Danny Porselen Dekoratif Aydınlatma Beyaz,1759.99,Dekorasyon,2026-05-12
Dare Biblo 32 cm Beyaz,3249.99,Dekorasyon,2026-05-12
Daria Alüminyum Dekoratif Siyah,4499.99,Dekorasyon,2026-05-12
Darwin Biblo Siyah - Beyaz,1499.99,Dekorasyon,2026-05-12
Delhi Kırlent Kılıfı 43x43 cm Hardal,1999.99,Dekorasyon,2026-05-12
Delhi Kırlent Kılıfı 43x43 cm Yeşil,2499.99,Dekorasyon,2026-05-12
Deluxe Cam Dekoratif Kutu Gold,3249.99,Dekorasyon,2026-05-12
Deluxe Dekoratif Kase 28x28x14 cm Silver,7999.99,Dekorasyon,2026-05-12
Deluxe Dekoratif Kase Gold,6349.95,Dekorasyon,2026-05-12
Deluxe Jakarlı Dekoratif Kırlent 35x55 cm Ekru,559.99,Dekorasyon,2026-05-12
Deluxe Jakarlı Dekoratif Kırlent 35x55 cm Krem,639.99,Dekorasyon,2026-05-12
Deluxe Roses Tek Dal Yapay Çiçek Beyaz,1399.99,Dekorasyon,2026-05-12
Denver Kağıt İp Abajur 25x20 cm Natural-Siyah,1439.99,Dekorasyon,2026-05-12
Denver Kağıt İp Dekoratif Kutu Natural-Siyah,3999.99,Dekorasyon,2026-05-12
Denver Kağıt İp Dekoratif Tepsi Natural-Siyah,4499.99,Dekorasyon,2026-05-12
Dessa Hasır Sepet Naturel,699.99,Dekorasyon,2026-05-12
"Dessa Mumluk 6,5 cm Beyaz",419.99,Dekorasyon,2026-05-12
"Destin Dekoratif Obje 13,5 cm Gold",350.0,Dekorasyon,2026-05-12
Dia Goblen Kırlent Kılıfı Siyah,1499.99,Dekorasyon,2026-05-12
Diaz Kapı Süsü 18 cm Yeşil,1399.99,Dekorasyon,2026-05-12
Dice Dekoratif Kırlent 20x20 cm Siyah,494.99,Dekorasyon,2026-05-12
Dice Dekoratif Obje 6x6x6 cm Kahve,419.99,Dekorasyon,2026-05-12
"Dice Oyun 9x6,5x4 cm Kahve",524.99,Dekorasyon,2026-05-12
Dice Pelüş Dekoratif Kırlent 20x20 cm Beyaz,3499.99,Dekorasyon,2026-05-12
Dice Pelüş Dolgulu Kırlent 20x20 cm Açık Kahverengi,3499.99,Dekorasyon,2026-05-12
Dita Kapı Süsü 30 cm Yeşil,3499.99,Dekorasyon,2026-05-12
Doris Dekoratif Tepsi Naturel,3999.99,Dekorasyon,2026-05-12
Dorothy Metal Çerçeve Silver,287.99,Dekorasyon,2026-05-12
Dorothy Çerçeve Gold,359.99,Dekorasyon,2026-05-12
Dream Dolgulu Kırlent 33x50 cm Multicolor,699.99,Dekorasyon,2026-05-12
Edela Metal Çerçeve Siyah,1999.99,Dekorasyon,2026-05-12
Elegance Chic Koltuk Şalı 130x170 cm Gri,5999.99,Dekorasyon,2026-05-12
Elegant Flower Tek Dal Yapay Çiçek 4 Mor,849.95,Dekorasyon,2026-05-12
Elegant Flower Tek Dal Yapay Çiçek Beyaz,849.95,Dekorasyon,2026-05-12
Elephant Alüminyum Biblo 18 cm Siyah,4999.99,Dekorasyon,2026-05-12
Elephant Biblo Kahverengi,2749.99,Dekorasyon,2026-05-12
Elephant Biblo Krem,899.99,Dekorasyon,2026-05-12
Elisa Cam Kum Saati Mavi,1999.99,Dekorasyon,2026-05-12
Ellie Dekoratif Kırlent 45x45 cm Bronz,3249.99,Dekorasyon,2026-05-12
Elsie Çerçeve Gold,1299.99,Dekorasyon,2026-05-12
Elsie Çerçeve Silver,2499.99,Dekorasyon,2026-05-12
Elsie Çerçeve Siyah,1749.99,Dekorasyon,2026-05-12
Embrance Triko Kırlent Kılıfı Antrasit,1749.99,Dekorasyon,2026-05-12
Embrance Triko Kırlent Kılıfı Gri,1749.99,Dekorasyon,2026-05-12
Esta Çerçeve Silver,244.99,Dekorasyon,2026-05-12
Este Bağcıklı Sandalye Minderi Ekru,1499.99,Dekorasyon,2026-05-12
Eucalyptus Spray Tek Dal Yapay Çiçek Turuncu,2249.99,Dekorasyon,2026-05-12
Eva Buhurdanlık Kahve,494.99,Dekorasyon,2026-05-12
Everfest Varak Baskılı Kırlent Kılıfı 45x45 cm Ekru,519.99,Dekorasyon,2026-05-12
Exotic Terra Kokulu Mum 120 gr Şeffaf,1999.99,Dekorasyon,2026-05-12
Fancy Cam 30 Dk Kum Saati Gold,1999.99,Dekorasyon,2026-05-12
Fancy Dekoratif Kırlent 35x55 cm Pembe - Yeşil,439.99,Dekorasyon,2026-05-12
Fancy Katlanabilir Sepet Bej,1749.99,Dekorasyon,2026-05-12
Fancy Striped Jakarlı Dekoratif Kırlent 35x55 cm Ekru-Bej,2499.99,Dekorasyon,2026-05-12
Fancy Vazo Silver,1477.45,Dekorasyon,2026-05-12
Fancy  Square Koltuk Şalı 120x160 cm Bej,2999.99,Dekorasyon,2026-05-12
Fancy  Square Koltuk Şalı 120x160 cm Bordo,419.99,Dekorasyon,2026-05-12
Faultier Bebe Dekoratif Kırlent 35x55 cm Açık Gri,3749.99,Dekorasyon,2026-05-12
Felicita Çerçeve Gold,314.99,Dekorasyon,2026-05-12
Felicita Çerçeve Silver,1749.99,Dekorasyon,2026-05-12
Fenti Dekoratif Kırlent Siyah-Kiremit,1249.99,Dekorasyon,2026-05-12
Fig Branch Tek Dal Yapay Çiçek 33 cm Mor,2499.99,Dekorasyon,2026-05-12
Fig branch Tek Dal Yapay Çiçek 82 cm Bordo,384.99,Dekorasyon,2026-05-12
Fig branch Tek Dal Yapay Çiçek 82 cm Pembe,439.99,Dekorasyon,2026-05-12
Fiora Kırlent Kılıfı 45x45 cm Bordo,419.99,Dekorasyon,2026-05-12
Fiyonklu Dekoratif Kırlent Bordo,350.0,Dekorasyon,2026-05-12
Flair Masa Saati Siyah,699.99,Dekorasyon,2026-05-12
Flena Metal Dekoratif Kase Gold,5999.99,Dekorasyon,2026-05-12
"Flore Kağıt İp Sepet 1,5 cm Turuncu",4999.99,Dekorasyon,2026-05-12
Floret Buhurdanlık Beyaz,2499.99,Dekorasyon,2026-05-12
Floria Goblen Kırlent Kılıfı Siyah,1499.99,Dekorasyon,2026-05-12
"Flower Branch Duvar Aksesuarı 13,5x3x35 cm Turuncu",6499.99,Dekorasyon,2026-05-12
"Flower Duvar Aksesuarı 17,5x5,5x34,5 cm Bej",1169.99,Dekorasyon,2026-05-12
Flower Joy Koltuk Şalı 120x160 cm Hardal,2999.99,Dekorasyon,2026-05-12
Flower Joy Koltuk Şalı 120x160 cm Kahve,449.99,Dekorasyon,2026-05-12
Flower Kırlent Kılıfı 45x45 cm Multicolor,279.99,Dekorasyon,2026-05-12
Flowers Polyresin Duvar Aksesuarı Bej,4499.99,Dekorasyon,2026-05-12
Flowery Dekoratif Tepsi 30x42 cm Krem,3999.99,Dekorasyon,2026-05-12
"Flowery Duvar Aksesuarı 13,5x3,5x34,5 cm Turuncu",779.99,Dekorasyon,2026-05-12
Flowery Hurç Beyaz,999.99,Dekorasyon,2026-05-12
Flowery Vazo Beyaz,1999.99,Dekorasyon,2026-05-12
Fluffy Kırlent Kılıfı 45x45 cm Gri,2499.99,Dekorasyon,2026-05-12
Fluffy Pelüş Kırlent Kılıfı 45x45 cm Açık Kahverengi,2499.99,Dekorasyon,2026-05-12
Fluffy Pelüş Kırlent Kılıfı 45x45 cm Vişne,349.99,Dekorasyon,2026-05-12
Fluffy Pelüş Sıcak Su Torbası Pudra,2499.99,Dekorasyon,2026-05-12
Freda Seramik Buhurdanlık Yeşil,2799.99,Dekorasyon,2026-05-12
Fringe Jakarlı Dekoratif Kırlent 35x50 cm Ekru-Siyah,2499.99,Dekorasyon,2026-05-12
Frost Dekoratif Kırlent 35x50 cm Ekru,4999.99,Dekorasyon,2026-05-12
Fruit Branch Tek Dal Yapay Çiçek 63 cm Pembe,1199.99,Dekorasyon,2026-05-12
Fruit Spray Tek Dal Yapay Çiçek 73 cm Beyaz,1999.99,Dekorasyon,2026-05-12
Fruit Spray Tek Dal Yapay Çiçek 73 cm Kahve,1499.99,Dekorasyon,2026-05-12
Fruit Spray Tek Dal Yapay Çiçek 73 cm Kırmızı,1499.99,Dekorasyon,2026-05-12
Fruit Spray Tek Dal Yapay Çiçek 73 cm Turuncu,1999.99,Dekorasyon,2026-05-12
Fruıt Spray Tek Dal Yapay Çiçek Açık Krem,849.95,Dekorasyon,2026-05-12
Fruıt Spray Tek Dal Yapay Çiçek Sarı,1199.99,Dekorasyon,2026-05-12
Fun Koltuk Şalı 130x170 cm Siyah - Beyaz,5999.99,Dekorasyon,2026-05-12
Fırfırlı Sandalye Minderi 40x40 cm Bej,2499.99,Dekorasyon,2026-05-12
Fırfırlı Sandalye Minderi 40x40 cm Hardal,2499.99,Dekorasyon,2026-05-12
Fırfırlı Sandalye Minderi 40x40 cm Kiremit,2499.99,Dekorasyon,2026-05-12
Gabby Çerçeve 13x18 cm Kahve,2249.99,Dekorasyon,2026-05-12
Gage Dijital Kırlent Kılıfı Mürdüm,2249.99,Dekorasyon,2026-05-12
Galio Dijital Kırlent Kılıfı Su Yeşili,2249.99,Dekorasyon,2026-05-12
Galya Alüminyum Dekoratif Tepsi Gold,7499.99,Dekorasyon,2026-05-12
Geometric Kırlent 45x45 cm Kahverengi,1999.99,Dekorasyon,2026-05-12
Gia Koltuk Şalı 140x170 cm Multicolor,5999.99,Dekorasyon,2026-05-12
Gina Bambu Saklama Kutusu Açık Kahverengi,2499.99,Dekorasyon,2026-05-12
Gina Bambu Saklama Kutusu Kahve,629.99,Dekorasyon,2026-05-12
Gina Bambu Sepet Açık Kahverengi,239.99,Dekorasyon,2026-05-12
Gina Bambu Sepet Koyu Kahverengi,1299.99,Dekorasyon,2026-05-12
Gina Jakarlı Dekoratif Kırlent Mürdüm,2499.99,Dekorasyon,2026-05-12
Glacier Mum 8 cm Gold,4499.99,Dekorasyon,2026-05-12
"Glam Metal Dekoratif Obje 27,5 cm Gold",6499.99,Dekorasyon,2026-05-12
Glam Mum 3 cm Kırmızı,1274.9,Dekorasyon,2026-05-12
Glamour Metal Dekoratif Obje Gold,7999.99,Dekorasyon,2026-05-12
Glare Alüminyum Dekoratif Tepsi Gold,5999.99,Dekorasyon,2026-05-12
"Glen Metal Vazo 23,5 cm Gold",719.99,Dekorasyon,2026-05-12
Glitter Çerçeveli Yılbaşı Ağaç Süsü Gold,1499.99,Dekorasyon,2026-05-12
Glitz Dekoratif Kutu Bronz,2499.99,Dekorasyon,2026-05-12
Gloria Metal Çerçeve Silver,1999.99,Dekorasyon,2026-05-12
Glossy Cam Bölmeli Takı Kutusu Gold,3249.99,Dekorasyon,2026-05-12
Glossy Cam Dekoratif Kutu Gold,699.99,Dekorasyon,2026-05-12
Grace Koltuk Şalı 130x170 cm Multicolor,3999.99,Dekorasyon,2026-05-12
Grass Ball Tek Dal Yapay Çiçek Bordo,749.95,Dekorasyon,2026-05-12
Grass Bush Tek Dal Yapay Çiçek Beyaz,1549.99,Dekorasyon,2026-05-12
Grass Bush Tek Dal Yapay Çiçek Kahve,1499.99,Dekorasyon,2026-05-12
Grass Bush Tek Dal Yapay Çiçek Krem,1299.99,Dekorasyon,2026-05-12
Grass Bush Tek Dal Yapay Çiçek Mürdüm,1299.99,Dekorasyon,2026-05-12
Grass Bush Tek Dal Yapay Çiçek Pembe,1499.99,Dekorasyon,2026-05-12
Grass Bush Tek Dal Yapay Çiçek Siyah,1299.99,Dekorasyon,2026-05-12
Grass Bush Tek Dal Yapay Çiçek Şampanya,1199.99,Dekorasyon,2026-05-12
Grass Spray Tek Dal Yapay Çiçek Sarı,1999.99,Dekorasyon,2026-05-12
Grassy Tek Dal Yapay Çiçek Açık Yeşil,2249.99,Dekorasyon,2026-05-12
Grassy Tek Dal Yapay Çiçek Bej,1399.99,Dekorasyon,2026-05-12
Grassy Tek Dal Yapay Çiçek Gül Kurusu,1399.99,Dekorasyon,2026-05-12
Grassy Tek Dal Yapay Çiçek Kahve,1399.99,Dekorasyon,2026-05-12
Grassy Tek Dal Yapay Çiçek Mint,1399.99,Dekorasyon,2026-05-12
Grassy Tek Dal Yapay Çiçek Siyah,1299.99,Dekorasyon,2026-05-12
Grid Çift Taraflı Kırlent Kılıfı 45x45 cm Lacivert – Yeşil,1749.99,Dekorasyon,2026-05-12
"Grön Dekoratif Tepsi 17x16,3x3 cm Gold",2499.99,Dekorasyon,2026-05-12
Halley Tek Dal Yapay Çiçek 120 cm Yeşil,879.99,Dekorasyon,2026-05-12
Halona Tek Dal Yapay Çiçek 25 cm Kırmızı - Yeşil,1199.99,Dekorasyon,2026-05-12
Hana Dokuma Kırlent Kılıfı Kırmızı - Yeşil,2749.99,Dekorasyon,2026-05-12
Hana Mum 9 cm Kırmızı,1749.99,Dekorasyon,2026-05-12
Happy Bear Pelüş Bebe Dekoratif Kırlent 35x26 cm Kahve,2499.99,Dekorasyon,2026-05-12
Hardwood Bambu Saklama Kutusu Kahve,2999.99,Dekorasyon,2026-05-12
Harmon Çerçeve Açık Kahverengi,1499.99,Dekorasyon,2026-05-12
Harmony Dolgulu Kırlent 35x50 cm Bej,4999.99,Dekorasyon,2026-05-12
Hayden Metal Masa Saati 9 cm Krem,4999.99,Dekorasyon,2026-05-12
Helena Cam Vazo Lacivert,2999.99,Dekorasyon,2026-05-12
Hera Dekoratif Tepsi 16x26 cm Kırmızı,1499.99,Dekorasyon,2026-05-12
Hera Dolomite Vazo Lila,584.99,Dekorasyon,2026-05-12
Hera Kokulu Mum 170 g Beyaz,1149.99,Dekorasyon,2026-05-12
Hera Çerçeve 13x18 cm Pembe,399.99,Dekorasyon,2026-05-12
"Hilary Metal Dekoratif Tepsi 5,5 cm Gold",4999.99,Dekorasyon,2026-05-12
Hipopotam Pelüş Sıcak Su Torbası Gri,2249.99,Dekorasyon,2026-05-12
"Hira Metal Dekoratif Tepsi 5,5 cm Gold",1079.99,Dekorasyon,2026-05-12
Hokipa Dekoratif Kırlent 44x39 cm Yeşil,5499.99,Dekorasyon,2026-05-12
Hollya Kırlent Kılıfı 45x45 cm Kırmızı,1999.99,Dekorasyon,2026-05-12
Honewort Kumaş Tek Dal Yapay Çiçek Beyaz - Yeşil,1249.99,Dekorasyon,2026-05-12
Honewort Kumaş Tek Dal Yapay Çiçek Yeşil,1499.99,Dekorasyon,2026-05-12
Horizon Kırlent Kılıfı 45x45 cm Renkli,503.99,Dekorasyon,2026-05-12
Hortensia Hurç Açık Gri,749.95,Dekorasyon,2026-05-12
Hortensia Tek Dal Yapay Çiçek Açık Mor,1199.99,Dekorasyon,2026-05-12
Hortensia Tek Dal Yapay Çiçek Beyaz,1199.99,Dekorasyon,2026-05-12
Hortensia Tek Dal Yapay Çiçek Mavi,1199.99,Dekorasyon,2026-05-12
Hortensia Tek Dal Yapay Çiçek Yeşil,1199.99,Dekorasyon,2026-05-12
Hortensia Tek Dal Yapay Çiçek Şampanya,1199.99,Dekorasyon,2026-05-12
Houndstooth Koltuk Şalı 130x170 cm Turuncu,959.99,Dekorasyon,2026-05-12
Hypnosis Kırlent 45x45 cm Kahverengi,1499.99,Dekorasyon,2026-05-12
Hypnosis Kırlent 45x45 cm Pembe,1999.99,Dekorasyon,2026-05-12
Ivory Koltuk Şalı 140x170 cm Ekru,6999.99,Dekorasyon,2026-05-12
Jean Vazo Multicolor,4999.99,Dekorasyon,2026-05-12
Jesse Tek Dal Yapay Çiçek 120 cm Yeşil,879.99,Dekorasyon,2026-05-12
Jesy Cam Vazo Siyah,1949.99,Dekorasyon,2026-05-12
Jolie Dolomite Dekoratif 21x21x15 cm Kırmızı - Beyaz,5999.99,Dekorasyon,2026-05-12
Jolly Metal Çerçeve 10x15 cm Bordo,2249.99,Dekorasyon,2026-05-12
Jona Stoneware Dekoratif 10x10x6 cm Multicolor,2249.99,Dekorasyon,2026-05-12
Jonah Stoneware Dekoratif 10x10x6 cm Multicolor,2249.99,Dekorasyon,2026-05-12
Jorda Stoneware Vazo 20 cm Multicolor,719.99,Dekorasyon,2026-05-12
Journey Dolomite Dekoratif Obje 16 cm Mavi,3999.99,Dekorasyon,2026-05-12
Jude Dolomite Dekoratif 18x11 Cm Mavi,2749.99,Dekorasyon,2026-05-12
Jude Metal Çerçeve 10x15 cm Pudra,2249.99,Dekorasyon,2026-05-12
Judie Dolomite Dekoratif 20x2 Cm Mavi,2749.99,Dekorasyon,2026-05-12
Judie Çerçeve Gold,2249.99,Dekorasyon,2026-05-12
Judy Seramik Dekoratif 20x2 Cm Kırmızı,2749.99,Dekorasyon,2026-05-12
Julia Dolgulu Kırlent Lacivert,1499.99,Dekorasyon,2026-05-12
Julie Seramik Vazo 12x12x14 cm Kahve - Bej,559.99,Dekorasyon,2026-05-12
Juliet Seramik Vazo 15x15x21 cm Bej,979.99,Dekorasyon,2026-05-12
Jullia Seramik Vazo 19x19x13 cm Bej,6499.99,Dekorasyon,2026-05-12
Jullia Stoneware Vazo 11 cm Multicolor,1999.99,Dekorasyon,2026-05-12
July Stoneware Dekoratif 10x10x10 cm Multicolor,479.99,Dekorasyon,2026-05-12
"Kado Biblo 10,5x10,5x9,5cm Kırmızı",1499.99,Dekorasyon,2026-05-12
"Kado Biblo 10,5x10,5x9,5cm Turuncu",1499.99,Dekorasyon,2026-05-12
Kalida Dekoratif Obje 29 cm Kırmızı,4999.99,Dekorasyon,2026-05-12
Kalida Dekoratif Obje Gold,1919.99,Dekorasyon,2026-05-12
Kalida Metal Abajur 24 cm Bej,5999.99,Dekorasyon,2026-05-12
Kalida Metal Abajur 24 cm Bordo,3999.99,Dekorasyon,2026-05-12
Kalida Metal Abajur 24 cm Lacivert,3999.99,Dekorasyon,2026-05-12
Kalida Metal Abajur 24 cm Yeşil,839.99,Dekorasyon,2026-05-12
Kalida Çerçeve 10x15 cm Pembe,1749.99,Dekorasyon,2026-05-12
Kalida Çerçeve 13x18 cm Yeşil,3049.99,Dekorasyon,2026-05-12
Kalpli Pelüş Dekoratif Kırlent Bordo,539.99,Dekorasyon,2026-05-12
Kalpli Pelüş Dekoratif Kırlent Pudra,479.99,Dekorasyon,2026-05-12
Kare Çerçeve 13x18 cm Bej,1499.99,Dekorasyon,2026-05-12
Karen Metal Çerçeve 10x10 cm Gold,1999.99,Dekorasyon,2026-05-12
Karen Stoneware Çerçeve 10x10 cm Multicolor,2999.99,Dekorasyon,2026-05-12
Karin Stoneware Çerçeve 10x10 cm Multicolor,2999.99,Dekorasyon,2026-05-12
Karina Stoneware Çerçeve 10x10 cm Multicolor,539.99,Dekorasyon,2026-05-12
Karine Stoneware Çerçeve 8x8 cm Multicolor,2999.99,Dekorasyon,2026-05-12
Karla Porselen Vazo 26 cm Bej,1119.99,Dekorasyon,2026-05-12
Karla Stoneware Çerçeve 8x8 cm Multicolor,2999.99,Dekorasyon,2026-05-12
Karme Çerçeve Krem,1999.99,Dekorasyon,2026-05-12
Katie Dekoratif Kutu Kahve,4749.99,Dekorasyon,2026-05-12
Kavita Takı Kutusu Koyu Kahverengi,2499.99,Dekorasyon,2026-05-12
"Kayla Seramik Vazo 15,5 cm Bej - Kırmızı",629.99,Dekorasyon,2026-05-12
Kayle Dekoratif Obje 13 cm Siyah,3999.99,Dekorasyon,2026-05-12
Keira Vazo Siyah,8999.99,Dekorasyon,2026-05-12
"Kelsey Dekoratif Obje 14,5 cm Beyaz",1279.99,Dekorasyon,2026-05-12
Kelsey Porselen Vazo 24 cm Kahve,6999.99,Dekorasyon,2026-05-12
Kerry Cam Dekoratif Obje 16 cm Multicolor,719.99,Dekorasyon,2026-05-12
Kerry Dekoratif Obje Gold,1439.99,Dekorasyon,2026-05-12
Kety Cam Dekoratif Obje 20 cm Multicolor,799.99,Dekorasyon,2026-05-12
Kety Vazo 12 cm Krem,1079.99,Dekorasyon,2026-05-12
"King Dekoratif Obje 27,5 cm Kahve",769.99,Dekorasyon,2026-05-12
Kitten Cam Dekoratif Obje 22 cm Multicolor,899.99,Dekorasyon,2026-05-12
Kitty Cam Dekoratif Obje 21 cm Multicolor,899.99,Dekorasyon,2026-05-12
Kitty Dekoratif Aydınlatma 10 cm Kırmızı - Beyaz,419.99,Dekorasyon,2026-05-12
Knit Splay Örgü Puf Siyah,4999.99,Dekorasyon,2026-05-12
Knit Örgü Akrilik Puf Mavi,4999.99,Dekorasyon,2026-05-12
Kokina Pinecone Tek Dal Yapay Çiçek Kırmızı,1199.99,Dekorasyon,2026-05-12
Kokina Tek Dal Yapay Çiçek Kırmızı,1749.99,Dekorasyon,2026-05-12
Koral Dekoratif Obje Gold,600.0,Dekorasyon,2026-05-12
Kozo Kırlent Kılıfı 45x45 cm Bordo,400.0,Dekorasyon,2026-05-12
Kozo Kırlent Kılıfı 45x45 cm Lacivert,1999.99,Dekorasyon,2026-05-12
Kozo Kırlent Kılıfı 45x45 cm Yeşil,1999.99,Dekorasyon,2026-05-12
Krina Dekoratif Kutu Krem,1199.99,Dekorasyon,2026-05-12
Labrador Goblen Kırlent Kılıfı Siyah,1499.99,Dekorasyon,2026-05-12
Lace Damask Hurç Beyaz,749.95,Dekorasyon,2026-05-12
Lace Örgü Sepet Ekru,629.99,Dekorasyon,2026-05-12
Laces Dekoratif Aydınlatma 12 cm Kırmızı - Beyaz,350.0,Dekorasyon,2026-05-12
Lacita Dekoratif Aydınlatma 15 cm Kırmızı - Beyaz,314.99,Dekorasyon,2026-05-12
Lacita Çerçeve Kahverengi,1499.99,Dekorasyon,2026-05-12
Lara Seramik Dekoratif Aksesuar 21x21x9 cm Multicolor,1049.99,Dekorasyon,2026-05-12
Lara Çerçeve 10x15 cm Bej,1999.99,Dekorasyon,2026-05-12
Larissa Seramik Dekoratif Obje 26x26x12cm Multicolor,12499.99,Dekorasyon,2026-05-12
"Lattice Seramik Vazo 17x12x14,5 Multicolor",5499.99,Dekorasyon,2026-05-12
Lau Kırlent Kılıfı Bej,1499.99,Dekorasyon,2026-05-12
Laura Seramik Vazo Multicolor,9999.99,Dekorasyon,2026-05-12
Laure Ayna 13x18 cm Kahverengi,2999.99,Dekorasyon,2026-05-12
Laurel Seramik Vazo Multicolor,1439.99,Dekorasyon,2026-05-12
Lauren Seramik Vazo Multicolor,2399.99,Dekorasyon,2026-05-12
"Lavina Vazo 21,5 cm Krem",1119.99,Dekorasyon,2026-05-12
Lea Dolgulu Kırlent 35x55 cm Ekru,2999.99,Dekorasyon,2026-05-12
Leaf Metal Yılbaşı Ağaç Süsü 9x4 cm Gold,999.95,Dekorasyon,2026-05-12
"Leafs Duvar Aksesuarı 15x3x32,5 cm Bej",1079.99,Dekorasyon,2026-05-12
Leafy Stoneware Vazo Gri - Yeşil,1599.99,Dekorasyon,2026-05-12
Leaves Vazolu Yapay Çiçek Beyaz,699.95,Dekorasyon,2026-05-12
Leaves Vazolu Yapay Çiçek Gri,2999.99,Dekorasyon,2026-05-12
Leina Stoneware Dekoratif Mavi-Beyaz,3999.99,Dekorasyon,2026-05-12
Leina Stoneware Vazo 19 cm Mavi-Beyaz,3999.99,Dekorasyon,2026-05-12
Lema Dekoratif Tepsi Kahverengi,629.99,Dekorasyon,2026-05-12
Lemon Blossom Yapay Çiçek 4 Mor,1249.99,Dekorasyon,2026-05-12
Lenore Kağıt İp Abajur Natural,7999.99,Dekorasyon,2026-05-12
Leopura Dekoratif Kırlent 45x45 cm Açık Kahverengi,599.99,Dekorasyon,2026-05-12
Leopura Dekoratif Kırlent 45x45 cm Bej,5999.99,Dekorasyon,2026-05-12
Leopura Dekoratif Kırlent 45x45 cm Kahve,599.99,Dekorasyon,2026-05-12
Lerca Triko Kırlent Kılıfı 40x40 cm Antrasit,999.99,Dekorasyon,2026-05-12
Levina Mdf Çerçeve Kahve – Gold,239.99,Dekorasyon,2026-05-12
Liana Mdf Çerçeve 10x15 cm Mavi,2499.99,Dekorasyon,2026-05-12
Light 3lü Cam Kandil Fitili,699.95,Dekorasyon,2026-05-12
Lilie Şamdan Krem,3499.99,Dekorasyon,2026-05-12
Lilly Mdf Çerçeve 15x15 cm Bej,1999.99,Dekorasyon,2026-05-12
Lilly Mdf Çerçeve 15x15 cm Lila,1999.99,Dekorasyon,2026-05-12
Lily Tek Dal Yapay Çiçek 70 cm Fildişi,1749.99,Dekorasyon,2026-05-12
Lily Tek Dal Yapay Çiçek 70 cm Pembe,1999.99,Dekorasyon,2026-05-12
Lina Mdf Çerçeve 13x13 cm Bej,2499.99,Dekorasyon,2026-05-12
Lineta Dekoratif Kırlent 40x40 cm Açık Kahverengi,2999.99,Dekorasyon,2026-05-12
Lineta Dekoratif Kırlent 40x40 cm Kahve,559.99,Dekorasyon,2026-05-12
Liora Dolgulu Kırlent 35x50 cm Pembe,699.99,Dekorasyon,2026-05-12
Little Monkey Pelüş Sıcak Su Torbası Bej,2999.99,Dekorasyon,2026-05-12
Little Penguin Bebe Uyku Arkadaşı Gri,1749.99,Dekorasyon,2026-05-12
"Little Penguin Mum 5,5x6,5x9,8 cm Renkli",1499.99,Dekorasyon,2026-05-12
Little Penguin Pelüş Sıcak Su Torbası Ekru,2999.99,Dekorasyon,2026-05-12
Liza Metal Dekoratif Tepsi Silver,639.99,Dekorasyon,2026-05-12
Liza Vazo Sarı,9999.99,Dekorasyon,2026-05-12
Loop Dekoratif Obje 11x11 cm Kahve,2499.99,Dekorasyon,2026-05-12
"Loretta Dekoratif Tepsi 25x25x15,5 cm Bronz",8999.99,Dekorasyon,2026-05-12
Loretta Kırlent Kılıfı 45x45 cm Multicolor,2999.99,Dekorasyon,2026-05-12
Love Bath Kırlent Kılıfı 45x45 cm Natural,2199.99,Dekorasyon,2026-05-12
Loya Çerçeve 13x18 cm Beyaz,2249.99,Dekorasyon,2026-05-12
Luly Dekoratif Kutu Kahve,6999.99,Dekorasyon,2026-05-12
Luna Dekoratif Tepsi 16x26 cm Mavi,1999.99,Dekorasyon,2026-05-12
Luna Kokulu Mum 170 g Beyaz,1399.99,Dekorasyon,2026-05-12
Luna Çerçeve 13x18 cm Gri,399.99,Dekorasyon,2026-05-12
Lune Organizer 22x8x17 cm Yeşil,449.99,Dekorasyon,2026-05-12
Lunel Masa Saati 13 cm Siyah,599.99,Dekorasyon,2026-05-12
Lusia Çerçeve 13x18 cm Bej,2499.99,Dekorasyon,2026-05-12
Lusia Çerçeve 13x18 cm Lacivert,2499.99,Dekorasyon,2026-05-12
Lusia Çerçeve 13x18 cm Yeşil,2499.99,Dekorasyon,2026-05-12
Luwrap Triko Kırlent Kılıfı Antrasit,1499.99,Dekorasyon,2026-05-12
Luxwrap Triko Koltuk Şalı Açık Taş,7499.99,Dekorasyon,2026-05-12
Luxwrap Triko Koltuk Şalı Kiremit,7499.99,Dekorasyon,2026-05-12
Lyra Yılbaşı Ağacı Süsü Yeşil-Kırmızı,1299.99,Dekorasyon,2026-05-12
Magical Deer Kırlent Kılıfı Ekru,1749.99,Dekorasyon,2026-05-12
Magie Koltuk Şalı 130x170 cm Yeşil – Kırmızı,489.99,Dekorasyon,2026-05-12
"Magnifier Dekoratif Obje 16,5x11,5x5 cm Kahve",8999.99,Dekorasyon,2026-05-12
Mantha Vazo Gri,3749.99,Dekorasyon,2026-05-12
Marbling Dolgulu Kırlent 45x45 cm Bej – Bordo,3499.99,Dekorasyon,2026-05-12
Marca Dekoratif Aydınlatma 31 cm Gold,4999.99,Dekorasyon,2026-05-12
Marca Dekoratif Aydınlatma 31 cm Silver,899.99,Dekorasyon,2026-05-12
Marca Metal Dekoratif Aydınlatma 31 cm Kahverengi,1199.99,Dekorasyon,2026-05-12
Marina Örgü Sepet Mavi-Beyaz,629.99,Dekorasyon,2026-05-12
Marine Mia Dijital Baskı Kırlent Kılıfı 45x45 cm Mavi - Yeşil,1499.99,Dekorasyon,2026-05-12
Maris Vazo Yeşil,4999.99,Dekorasyon,2026-05-12
Marsha Seramik Vazo Bej,800.0,Dekorasyon,2026-05-12
Marsia Seramik Vazo 16 cm Bej,4999.99,Dekorasyon,2026-05-12
Marsia Vazo Mavi,899.99,Dekorasyon,2026-05-12
Marta Seramik Dekoratif Aksesuar15x15x4 cm Multicolor,479.99,Dekorasyon,2026-05-12
Marthe Vazo Krem,12999.99,Dekorasyon,2026-05-12
Marvin Metal Abajur Siyah,6999.99,Dekorasyon,2026-05-12
Maude Pelüş Sıcak Su Torbası 2L Kahverengi-Siyah,2999.99,Dekorasyon,2026-05-12
Melita Dekoratif Obje 30 cm Beyaz,1119.99,Dekorasyon,2026-05-12
Mensa Çerçeve 13x18 cm Gold,2999.99,Dekorasyon,2026-05-12
Mensa Çerçeve 13x18 cm Silver,2499.99,Dekorasyon,2026-05-12
Merma Nakışlı Kırlent Kılıfı Lacivert,1249.99,Dekorasyon,2026-05-12
"Mica Askılı Aksesuar 23x8x14,5 cm Siyah",1499.99,Dekorasyon,2026-05-12
Midnight Koltuk Şalı 170x210 cm Siyah,479.99,Dekorasyon,2026-05-12
Mira Polyresin Ayna Kahve,719.99,Dekorasyon,2026-05-12
Mirena Kırlent Kılıfı 45x45 cm Siyah - Beyaz,3999.99,Dekorasyon,2026-05-12
Mirrory Dekoratif Tabak Gold,7499.99,Dekorasyon,2026-05-12
Mirrory Dekoratif Tabak Silver,10999.99,Dekorasyon,2026-05-12
Mocha Dekoratif Kırlent 45x45 cm Acı Kahve,899.99,Dekorasyon,2026-05-12
Mocha Dekoratif Kırlent Kılıfı 45x45 cm Kahve,839.99,Dekorasyon,2026-05-12
Modern Square Kağıt İp Sepet Kahve,3499.99,Dekorasyon,2026-05-12
Modern Square Kağıt İp Sepet Turuncu,3499.99,Dekorasyon,2026-05-12
Mona Mdf Çerçeve 10x15 cm Kahverengi,359.99,Dekorasyon,2026-05-12
Mona Polyresin Çerçeve Beyaz-Gold,494.99,Dekorasyon,2026-05-12
Monica Mdf Çerçeve Kahverengi,299.99,Dekorasyon,2026-05-12
Monna Mdf Çerçeve 10x15 cm Kiremit,1999.99,Dekorasyon,2026-05-12
Monstera Leaf Tek Dal Yapay Çiçek 110 cm Yeşil-mor,1299.99,Dekorasyon,2026-05-12
Monty Mdf Çerçeve 13x18 cm Kiremit,2499.99,Dekorasyon,2026-05-12
Moonbear Bebe Pelüş Dekoratif Kırlent 33x26 cm Koyu Kahverengi,1799.99,Dekorasyon,2026-05-12
Morava Dolgulu Kırlent 35x50 cm Siyah - Beyaz,799.99,Dekorasyon,2026-05-12
Morino Polyresin Çerçeve 10x15 cm Kahverengi,479.99,Dekorasyon,2026-05-12
Morisa Polyresin Çerçeve 12x12 cm Kahverengi,419.99,Dekorasyon,2026-05-12
Morro Dekoratif Kutu Açık Kahverengi,519.99,Dekorasyon,2026-05-12
Morro Dekoratif Kutu Kahverengi,639.99,Dekorasyon,2026-05-12
Mozaik Dekoratif Kırlent Ekru-Bordo,1999.99,Dekorasyon,2026-05-12
Muse Dekoratif Kırlent 35x55 cm Kahve,639.99,Dekorasyon,2026-05-12
Muse Dekoratif Kırlent 35x55 cm Krem,639.99,Dekorasyon,2026-05-12
Mushroom Bebe Pelüş Dekoratif Kırlent 31x27 cm Acı Kahve,2249.99,Dekorasyon,2026-05-12
Mushroom Bebe Pelüş Dekoratif Kırlent 31x27 cm Vizon,1999.99,Dekorasyon,2026-05-12
Mushroom Borosilikat Vazo Şeffaf,1999.99,Dekorasyon,2026-05-12
Nara Koltuk Şalı 130x170 cm Multicolor,639.99,Dekorasyon,2026-05-12
Natural Cam 15 Dk Kum Saati Kahve,2249.99,Dekorasyon,2026-05-12
Neroli Orchid Kokulu Mum 270 G Şeffaf,1499.99,Dekorasyon,2026-05-12
Nila Duvar Aksesuarı 10 cm Gold,1499.99,Dekorasyon,2026-05-12
Noelia Kırlent Kılıfı 45x45 cm Kırmızı,1999.99,Dekorasyon,2026-05-12
Nola Koltuk Şalı Siyah,1274.9,Dekorasyon,2026-05-12
North Pole Triko Kırlent Kılıfı Antrasit,749.95,Dekorasyon,2026-05-12
Nostalgia Dolgulu Kırlent 35x50 cm Bej,4499.99,Dekorasyon,2026-05-12
Nova Metal Çerçeve 10x15 cm Siyah,299.99,Dekorasyon,2026-05-12
"Novia Seramik Buhurdanlik 8x8x12,1 cm Krem",2499.99,Dekorasyon,2026-05-12
Nyla Çerçeve Siyah,1499.99,Dekorasyon,2026-05-12
Olea Polyresin Çerçeve 13x18 cm Kahve,3499.99,Dekorasyon,2026-05-12
Olea Çerçeve Kahverengi,2249.99,Dekorasyon,2026-05-12
Olean Polyresin Çerçeve 13x18 cm Gold,3249.99,Dekorasyon,2026-05-12
Olena Polyresin Çerçeve 10x10 cm Kahve,384.99,Dekorasyon,2026-05-12
Olinda Çerçeve  Bordo,269.99,Dekorasyon,2026-05-12
Oliva Polyresin Dekoratif Obje Krem,439.99,Dekorasyon,2026-05-12
Olive Koltuk Şalı 130x170 cm Multicolor,3999.99,Dekorasyon,2026-05-12
Paisly Kağıt İp Abajur 22x22x40 cm Natural-Siyah,6999.99,Dekorasyon,2026-05-12
Pamira Set Yılbaşı Ağacı Süsü Gold,539.99,Dekorasyon,2026-05-12
"Pan Askılı Aksesuar 20x9,5x5 cm Kırmızı",489.99,Dekorasyon,2026-05-12
Patch Fener Siyah-Bej,5499.99,Dekorasyon,2026-05-12
Pearl Mum 5 cm Silver,1274.9,Dekorasyon,2026-05-12
Peggy Pelüş Kırlent Kılıfı 45x45 cm Gri,1749.99,Dekorasyon,2026-05-12
Peggy Pelüş Kırlent Kılıfı 45x45 cm Hardal,209.99,Dekorasyon,2026-05-12
Peggy Pelüş Kırlent Kılıfı 45x45 cm Kahve,250.0,Dekorasyon,2026-05-12
Peggy Pelüş Kırlent Kılıfı 45x45 cm Lila,244.99,Dekorasyon,2026-05-12
Peony Tek Dal Yapay Çiçek Beyaz,1999.99,Dekorasyon,2026-05-12
Peony Tek Dal Yapay Çiçek Şampanya,1999.99,Dekorasyon,2026-05-12
Perrine Dekoratif Tepsi Krem,6499.99,Dekorasyon,2026-05-12
Pine Tek Dal Yapay Çiçek Koyu Yeşil,1199.99,Dekorasyon,2026-05-12
Pine Tree Mum Yeşil,1499.99,Dekorasyon,2026-05-12
"Pine Tree Yapay Ağaç 1,8 M Yeşil",1119.99,Dekorasyon,2026-05-12
PineJoy Nakışlı Dekoratif Kırlent 33x50 cm Ekru,1259.99,Dekorasyon,2026-05-12
"Pino Biblo 11,3x10x8,6 cm Bej",1499.99,Dekorasyon,2026-05-12
"Pino Biblo 15,3x12,6x10,6 cm Mavi",2499.99,Dekorasyon,2026-05-12
Plushtouch Triko Kırlent Kılıfı Antrasit,1749.99,Dekorasyon,2026-05-12
Poetic Lily Kokulu Mum 270 G Şeffaf,239.99,Dekorasyon,2026-05-12
"Polin Polyresin Duvar Aksesuarı 15x3x32,5 cm Yeşil-Gold",1039.99,Dekorasyon,2026-05-12
"Polina Polyresin Duvar Aksesuarı 15x3x32,5 cm Yeşil-Gold",779.99,Dekorasyon,2026-05-12
Polline Dekoratif Kırlent 45x45 cm Ekru,2499.99,Dekorasyon,2026-05-12
Polly Seramik Dekoratif Obje 16 cm Mavi-yeşil,3999.99,Dekorasyon,2026-05-12
"Polly Seramik Vazo 25,5 cm Multicolor",5999.99,Dekorasyon,2026-05-12
Poloski Kırlent Kılıfı 45x45 cm Kırmızı - Yeşil,1249.99,Dekorasyon,2026-05-12
Polte Seramik Dekoratif Obje 6 cm Mavi-yeşil,1999.99,Dekorasyon,2026-05-12
Polte Seramik Dekoratif Obje 6 cm Sarı-Yeşil,1999.99,Dekorasyon,2026-05-12
Poly Dekoratif Kutu Gold,559.99,Dekorasyon,2026-05-12
Ponponlu Sandalye Minderi 40x40 cm Antrasit,2499.99,Dekorasyon,2026-05-12
Ponponlu Sandalye Minderi 40x40 cm Bej,2499.99,Dekorasyon,2026-05-12
Ponponlu Sandalye Minderi 40x40 cm Pudra,2499.99,Dekorasyon,2026-05-12
Prisman Koltuk Şalı 130x170 cm Antrasit,4499.99,Dekorasyon,2026-05-12
Puff Ponponlu Tekli Sandalye Minderi 40x40 cm Açık Gri,1999.99,Dekorasyon,2026-05-12
Pumpkin Cam Dk Kum Saati Beyaz,419.99,Dekorasyon,2026-05-12
Pumpkin Cam Dk Kum Saati Siyah,419.99,Dekorasyon,2026-05-12
Pure Flowers Dekoratif Tepsi 30x42 cm Krem,419.99,Dekorasyon,2026-05-12
Pure Kokulu Mum 120 gr,1399.99,Dekorasyon,2026-05-12
Quadro Ahşap Masa Saati Naturel,6999.99,Dekorasyon,2026-05-12
Rachel Set Yılbaşı Ağacı Süsü Gold,1399.99,Dekorasyon,2026-05-12
Ragine Dekoratif Obje Krem,5999.99,Dekorasyon,2026-05-12
Randa Yılbaşı Ağaç Süsü 16x16x8 cm Gold,1399.99,Dekorasyon,2026-05-12
Rase Dekoratif Kutu Gold,319.99,Dekorasyon,2026-05-12
Rash Çerçeve Kahve,1999.99,Dekorasyon,2026-05-12
"Rasia Dekoratif Kutu 18x11,5x7 cm Gold",809.99,Dekorasyon,2026-05-12
Ravena Kırlent Kılıfı 45x45 cm Bej,349.99,Dekorasyon,2026-05-12
Rea Dekoratif Tepsi Kahve,839.99,Dekorasyon,2026-05-12
Recycled Bottle Cam Vazo Yeşil,236.38,Dekorasyon,2026-05-12
Recycled Demijohn Cam Vazo Yeşil,449.99,Dekorasyon,2026-05-12
Red Year Koltuk Şalı 130x170 cm Kırmızı,879.99,Dekorasyon,2026-05-12
Reed Grass Bush Tek Dal Yapay Çiçek Gri,849.95,Dekorasyon,2026-05-12
Reed Grass Bush Tek Dal Yapay Çiçek Krem,849.95,Dekorasyon,2026-05-12
Renita Cam Vazo Yağ Yeşili,6499.99,Dekorasyon,2026-05-12
Rhoda Çerçeve Siyah,1999.99,Dekorasyon,2026-05-12
Rhonda Seramik Dekoratif Obje Multicolor,4999.99,Dekorasyon,2026-05-12
Ribbon Dolgulu Kırlent 45x45 cm Siyah - Beyaz,4999.99,Dekorasyon,2026-05-12
Righe Kırlent Kılıfı 45x45 cm Kırmızı - Beyaz,1749.99,Dekorasyon,2026-05-12
Rina Yılbaşı Ağaç Süsü 17x21x4 cm Multicolor,1749.99,Dekorasyon,2026-05-12
Rita Kağıt İp Abajur Natural,7999.99,Dekorasyon,2026-05-12
Romantic Bloom Kırlent Kılıfı 45x45 cm Multicolor,2999.99,Dekorasyon,2026-05-12
Romia Çerçeve Gold,2249.99,Dekorasyon,2026-05-12
Rosse Dekoratif Tepsi Kahve,1799.99,Dekorasyon,2026-05-12
Roya Kırlent Kılıfı 45x45 cm Kahve,1999.99,Dekorasyon,2026-05-12
Roya Kırlent Kılıfı 45x45 cm Kiremit,1999.99,Dekorasyon,2026-05-12
Roya Kırlent Kılıfı 45x45 cm Yeşil,2249.99,Dekorasyon,2026-05-12
Royal Dekoratif Kutu 7.2x9 cm Krem,1974.92,Dekorasyon,2026-05-12
Ruby Bliss Kokulu Mum 120 gr Bordo,1399.99,Dekorasyon,2026-05-12
Ruby Organizer Beyaz,2499.99,Dekorasyon,2026-05-12
Ruby Organizer Siyah,2999.99,Dekorasyon,2026-05-12
Rumi Koltuk Şalı 130x170 cm Kahve-Bej,3999.99,Dekorasyon,2026-05-12
Sage Çift Taraflı Kırlent Kılıfı 45x45 cm Yeşil,1749.99,Dekorasyon,2026-05-12
Sakura Tek Dal Yapay Çiçek Beyaz,2999.99,Dekorasyon,2026-05-12
Santa Kar Küresi Beyaz,519.99,Dekorasyon,2026-05-12
Savannah Terra Kokulu Mum Şeffaf,1999.99,Dekorasyon,2026-05-12
Savin Spray Tek Dal Yapay Çiçek Yeşil,1399.99,Dekorasyon,2026-05-12
Sea Duvar Aksesuarı Kahve,7999.99,Dekorasyon,2026-05-12
Sea Holly Tek Dal Yapay Çiçek Beyaz,849.95,Dekorasyon,2026-05-12
Sea Holly Tek Dal Yapay Çiçek Lila,849.95,Dekorasyon,2026-05-12
Sea Holly Tek Dal Yapay Çiçek Yeşil,849.95,Dekorasyon,2026-05-12
Sea Marine Dijital Baskı Dekoratif Kırlent 35x55 cm Mavi - Yeşil,384.99,Dekorasyon,2026-05-12
Sea Marine Dolgulu Kırlent 35x50 cm Mavi-Bej,4999.99,Dekorasyon,2026-05-12
Sea Shells Dekoratif Tabak Gold,1749.99,Dekorasyon,2026-05-12
Sea Tale Kırlent Kılıfı 45x45 cm Mavi-Bej,3499.99,Dekorasyon,2026-05-12
Selina Bambu Saklama Kutusu Antrasit,489.99,Dekorasyon,2026-05-12
Selina Bambu Sepet Antrasit,1399.95,Dekorasyon,2026-05-12
Serai Kırlent Kılıfı 45x45 cm Lacivert,1749.99,Dekorasyon,2026-05-12
Serena Vazo Multicolor,5999.99,Dekorasyon,2026-05-12
Shadow Myst Kokulu Mum 120 gr Antrasit,1399.99,Dekorasyon,2026-05-12
Shine Cam 30 dk Kum Saati 8x8x20 cm Beyaz,479.99,Dekorasyon,2026-05-12
Shine Kapaklı Saklama Kutusu Siyah,2249.99,Dekorasyon,2026-05-12
Shine Line Kırlent Kılıfı 42x42 cm Hardal,2499.99,Dekorasyon,2026-05-12
Shine Saklama Kutusu 34x22x17 Lacivert,404.99,Dekorasyon,2026-05-12
Shine Saklama Kutusu 34x22x17 Siyah - Beyaz,2249.99,Dekorasyon,2026-05-12
Shine Saklama Kutusu Gri,439.99,Dekorasyon,2026-05-12
Shine Saklama Kutusu Koyu Bej,2249.99,Dekorasyon,2026-05-12
Shine Sepet Bej,899.99,Dekorasyon,2026-05-12
Shine Sepet Gri,899.99,Dekorasyon,2026-05-12
Shine Sepet Koyu Bej,899.99,Dekorasyon,2026-05-12
Shine Sepet Lacivert,899.99,Dekorasyon,2026-05-12
Shine Sepet Siyah,899.99,Dekorasyon,2026-05-12
Shine Sepet Siyah - Beyaz,161.99,Dekorasyon,2026-05-12
Shiny Bird Polyresin Biblo Gold,3999.99,Dekorasyon,2026-05-12
Siena Vazo Multicolor,5999.99,Dekorasyon,2026-05-12
Silda Mumluk Bronz,4999.99,Dekorasyon,2026-05-12
Silikonlu Kırlent Yastık Beyaz,649.99,Dekorasyon,2026-05-12
Silva Kağıt İp Abajur Natural,8999.99,Dekorasyon,2026-05-12
Silva Metal Vazo 19.5 x 19.5 x 19 cm Silver,9999.99,Dekorasyon,2026-05-12
"Silva Metal Vazo 6 x 6 x 6,5 cm Gold",7999.99,Dekorasyon,2026-05-12
Simple White Koltuk Şalı 130x170 cm Ekru,5999.99,Dekorasyon,2026-05-12
Sky Way Müzik Kutusu 13x13x18.5 cm Kırmızı,1049.99,Dekorasyon,2026-05-12
Skylin Kokulu Mum,494.99,Dekorasyon,2026-05-12
Skylin Kokulu Mum 190 gr,1749.99,Dekorasyon,2026-05-12
Soft Kokulu Mum 120 gr,1399.99,Dekorasyon,2026-05-12
Soft Touch Rabbit Pelüş Kırlent Kılıfı Antrasit,319.99,Dekorasyon,2026-05-12
Soft Touch Rabbit Pelüş Kırlent Kılıfı Bej,479.99,Dekorasyon,2026-05-12
Soft Touch Rabbit Pelüş Kırlent Kılıfı Beyaz,300.0,Dekorasyon,2026-05-12
Soft Touch Rabbit Pelüş Kırlent Kılıfı Pudra,2999.99,Dekorasyon,2026-05-12
Softy Pelüş Sıcak Su Torbası Gri,539.99,Dekorasyon,2026-05-12
Solene Cam Dekoratif Tepsi 30x42 cm Siyah - Beyaz,719.99,Dekorasyon,2026-05-12
Solvi Koltuk Şalı 170x210 cm Multicolor,479.99,Dekorasyon,2026-05-12
Spiral Kırlent 45x45 cm Mor,1999.99,Dekorasyon,2026-05-12
Spotty Pelüş Sıcak Su Torbası Krem Siyah,2999.99,Dekorasyon,2026-05-12
Stacia Vazo Yeşil,6499.99,Dekorasyon,2026-05-12
Star Flower Tek Dal Yapay Çiçek 71 cm Beyaz,1499.99,Dekorasyon,2026-05-12
Star Flower Tek Dal Yapay Çiçek 71 cm Mor,1499.99,Dekorasyon,2026-05-12
Star Flower Tek Dal Yapay Çiçek 71 cm Pembe,1499.99,Dekorasyon,2026-05-12
Star Mum Gold,1499.99,Dekorasyon,2026-05-12
"Starfish Biblo 12,5x12,5x3 cm Yeşil",2749.99,Dekorasyon,2026-05-12
Stars Şamdan Mavi,2999.99,Dekorasyon,2026-05-12
Stelle Kırlent Kılıfı 45x45 cm Yeşil,1999.99,Dekorasyon,2026-05-12
Steve Organizer Lacivert,2499.99,Dekorasyon,2026-05-12
Steve Organizer Siyah,2499.99,Dekorasyon,2026-05-12
Stone Set Yılbaşı Ağacı Süsü Multicolor,479.99,Dekorasyon,2026-05-12
Striped Bambu Çerçeve Naturel,4499.99,Dekorasyon,2026-05-12
Stripy Bambu Sepet Naturel,1299.99,Dekorasyon,2026-05-12
Strıpy Bambu Çerçeve Naturel,4499.99,Dekorasyon,2026-05-12
Summer Fruit Vazo Pembe,3499.99,Dekorasyon,2026-05-12
Summer Fruit Vazo Yeşil,839.99,Dekorasyon,2026-05-12
Summer Lemon Kırlent Kılıfı 45x45 cm Natural,2749.99,Dekorasyon,2026-05-12
Summer Vazo Multicolor,4999.99,Dekorasyon,2026-05-12
Sunrise Dolgulu Kırlent 45x45 cm Turuncu,699.99,Dekorasyon,2026-05-12
SwarmBees Kadife Nakışlı Kırlent Kılıfı 45x45 cm Yeşil,959.99,Dekorasyon,2026-05-12
Sweet Abajur 23 cm Pembe,1799.99,Dekorasyon,2026-05-12
Sweet Abajur 23 cm Sarı,1599.99,Dekorasyon,2026-05-12
Sweet Cat Bebe Dekoratif Kırlent 45x45 cm Ekru,2749.99,Dekorasyon,2026-05-12
Sweet Panda Pelüş Bebe Dekoratif Kırlent 40x26 cm Beyaz,329.99,Dekorasyon,2026-05-12
Sweet Rabbit Bebe Pelüş Dekoratif Kırlent 35x27 cm Beyaz,559.99,Dekorasyon,2026-05-12
Sweet Rabbit Bebe Pelüş Dekoratif Kırlent 35x27 cm Pembe,559.99,Dekorasyon,2026-05-12
Sydney Çerçeve Yeşil,4499.99,Dekorasyon,2026-05-12
Sylvia Elbise Kılıfı 60x100 cm Siyah,999.99,Dekorasyon,2026-05-12
Sylvia Organizer Siyah,1999.99,Dekorasyon,2026-05-12
Sylvie Tek Dal Yapay Çiçek 90 cm Pembe,1749.99,Dekorasyon,2026-05-12
Talia Mdf Dekoratif Kutu Antrasit,2999.99,Dekorasyon,2026-05-12
Talissa Set Yılbaşı Ağacı Süsü Multicolor,1399.99,Dekorasyon,2026-05-12
Talisya Çerçeve 10x10 cm Multicolor,2999.99,Dekorasyon,2026-05-12
Tansy Kar Küresi 6x6x9 cm Kırmızı,2749.99,Dekorasyon,2026-05-12
Taylor Çerçeve Krem,2249.99,Dekorasyon,2026-05-12
Terazzo Müzik Kutusu 11x11x14 cm Kırmızı,4499.99,Dekorasyon,2026-05-12
Terra Cam Biblo 10 cm Kahverengi,559.99,Dekorasyon,2026-05-12
Terra Cam Biblo 10 cm Koyu Kahverengi,3999.99,Dekorasyon,2026-05-12
Terra Pamuk Sepet Natural-Siyah,2749.99,Dekorasyon,2026-05-12
Terra Pelüş Kırlent Kılıfı 45x45 cm Kahve,2499.99,Dekorasyon,2026-05-12
Terra Pelüş Kırlent Kılıfı 45x45 cm Multicolor,2999.99,Dekorasyon,2026-05-12
Terra Pelüş Kırlent Kılıfı 45x45 cm Turuncu,2999.99,Dekorasyon,2026-05-12
Terrier Pamuk Dolgulu Kırlent Ekru - Gri,2499.99,Dekorasyon,2026-05-12
Tessa Müzik Kutusu 11x11x14 cm Kırmızı,4999.99,Dekorasyon,2026-05-12
Thano Kırlent Kılıfı 45x45 cm Multicolor,2499.99,Dekorasyon,2026-05-12
Thorn Onion Tek Dal Yapay Çiçek Kırmızı,1549.99,Dekorasyon,2026-05-12
Thorn Onion Tek Dal Yapay Çiçek Sarı,1499.99,Dekorasyon,2026-05-12
Thorn Onion Tek Dal Yapay Çiçek Turuncu,1749.99,Dekorasyon,2026-05-12
Tiya Müzik Kutusu 11x11x15 cm Kırmızı,4999.99,Dekorasyon,2026-05-12
Tracer Dekoratif Kırlent Ekru,2499.99,Dekorasyon,2026-05-12
Tresa Seramik Vazo 17 cm Silver,2199.99,Dekorasyon,2026-05-12
Tulia Metal Çerçeve Siyah,239.99,Dekorasyon,2026-05-12
Tulip Garden Tek Dal Yapay Çiçek Beyaz,1249.99,Dekorasyon,2026-05-12
Tulip Garden Tek Dal Yapay Çiçek Sarı,1249.99,Dekorasyon,2026-05-12
Tulip Garden Tek Dal Yapay Çiçek Turuncu,1249.99,Dekorasyon,2026-05-12
Twinkle Dekoratif Kırlent 35x55 cm Kırmızı,5999.99,Dekorasyon,2026-05-12
"Valera Porselen Vazo 15,5 cm Yeşil",3749.99,Dekorasyon,2026-05-12
Valeria Porselen Vazo 20 cm Kırmızı,3999.99,Dekorasyon,2026-05-12
Valerie Porselen Vazo 15 cm Mavi,5999.99,Dekorasyon,2026-05-12
"Valley Porselen Vazo 17,5 cm Mavi-Turuncu",979.99,Dekorasyon,2026-05-12
"Vanecca Porselen Vazo 20,5 cm Mavi",3999.99,Dekorasyon,2026-05-12
"Vanessa Porselen Vazo 20,5 cm Mavi",719.99,Dekorasyon,2026-05-12
Vanilla Wind Kokulu Mum,1399.99,Dekorasyon,2026-05-12
Velvety Triko Kırlent Kılıfı Antrasit,1749.99,Dekorasyon,2026-05-12
Velvety Triko Kırlent Kılıfı Açık Taş,1749.99,Dekorasyon,2026-05-12
Velvety Triko Kırlent Kılıfı Gri,1749.99,Dekorasyon,2026-05-12
Vena Çerçeve Açık Kahverengi,2999.99,Dekorasyon,2026-05-12
Vera Metal Dekoratif Obje 9 x 9 x 35 cm Silver,3999.99,Dekorasyon,2026-05-12
Verdant Kırlent Kılıfı 45x45 cm Bordo,1999.99,Dekorasyon,2026-05-12
Verna Duvar Saati 30 cm Bordo,559.99,Dekorasyon,2026-05-12
Verona Rattan Dekoratif Tepsi Naturel,1619.99,Dekorasyon,2026-05-12
Vesta Dekoratif Tepsi 16x26 cm Bej,1999.99,Dekorasyon,2026-05-12
Vesta Çerçeve 13x18 cm Bej,399.99,Dekorasyon,2026-05-12
Vintage Marine Dijital Baskı Kırlent Kılıfı 45x45 cm Mavi-yeşil,1499.99,Dekorasyon,2026-05-12
Vintage Paisley Koltuk Şalı 140x170 cm Yeşil,959.99,Dekorasyon,2026-05-12
Vivian Organizer Siyah,1999.99,Dekorasyon,2026-05-12
Vividline Koltuk Şalı 130x170 cm Vizon,2749.99,Dekorasyon,2026-05-12
Wendy Kırlent Kılıfı Ekru-Kiremit,849.95,Dekorasyon,2026-05-12
White Berry Stem Tek Dal Yapay Çiçek Beyaz,1199.99,Dekorasyon,2026-05-12
Whitestar Nakışlı Dekoratif Kırlent 45x45 cm Ekru,2449.99,Dekorasyon,2026-05-12
Wild Flower Tek Dal Yapay Çiçek Beyaz,849.95,Dekorasyon,2026-05-12
Wild Flower Tek Dal Yapay Çiçek Kırmızı,849.95,Dekorasyon,2026-05-12
Wild Flower Tek Dal Yapay Çiçek Turuncu,849.95,Dekorasyon,2026-05-12
Wild Terra Kokulu Mum 120 gr Şeffaf,239.99,Dekorasyon,2026-05-12
"Winter Tree Biblo 10x10x30,5 cm Siyah",6999.99,Dekorasyon,2026-05-12
Yumi Koltuk Şalı 140x170 cm Ekru-Kırmızı,4499.99,Dekorasyon,2026-05-12
Yılbaşı Ağacı 180 cm Siyah,1599.99,Dekorasyon,2026-05-12
Yılbaşı Ağacı Dekoratif Obje 20 cm Şampanya,1999.99,Dekorasyon,2026-05-12
Yılbaşı Ağacı Dekoratif Obje Koyu Kahverengi,769.99,Dekorasyon,2026-05-12
Yılbaşı Ağacı Dekoratif Obje Yeşil,879.99,Dekorasyon,2026-05-12
Yılbaşı Ağacı Yeşil,1599.99,Dekorasyon,2026-05-12
Zaira Nakışlı Dekoratif Kırlent Kılıfı 45x45 cm Ekru,3499.99,Dekorasyon,2026-05-12
Zairan Dekoratif Kırlent 33x50 cm Natural,699.99,Dekorasyon,2026-05-12
Zairan Punch Nakışlı Dekoratif Kırlent 33x50 cm Ekru,3999.99,Dekorasyon,2026-05-12
Zebra Dekoratif Kırlent 45x45 cm Açık Kahverengi,599.99,Dekorasyon,2026-05-12
Zebra Dekoratif Kırlent 45x45 cm Bej,559.99,Dekorasyon,2026-05-12
Zebra Dekoratif Kırlent 45x45 cm Kahve,839.99,Dekorasyon,2026-05-12
Zelena Kırlent Kılıfı 45x45 cm Renkli,2249.99,Dekorasyon,2026-05-12
"Zena Küp 7,5x7,5x17,0 cm Mavi",2499.99,Dekorasyon,2026-05-12
Zodiac Kadife Nakışlı Kırlent Kılıfı 45x45 cm Lacivert,6999.99,Dekorasyon,2026-05-12
Zoey Koltuk Şalı 140x170 cm Bej,5499.99,Dekorasyon,2026-05-12
Zola Kırlent Kılıfı 45x45 cm Multicolor,2499.99,Dekorasyon,2026-05-12
Ales Dokuma Kilim 80x150 cm Bej,1119.99,Halı&Kilim,2026-05-12
Aligne Pamuklu Bukle Kilim Krem,4499.99,Halı&Kilim,2026-05-12
Amy Dekoratif Jüt Kilim Natural,15999.99,Halı&Kilim,2026-05-12
Arbre Halı 100x200 cm Bej,6749.99,Halı&Kilim,2026-05-12
Arbre Halı 100x300 cm Bej,9999.99,Halı&Kilim,2026-05-12
Arbre Halı 120x180 cm Bej,6999.99,Halı&Kilim,2026-05-12
Arbre Halı 160X230 cm Bej,12999.99,Halı&Kilim,2026-05-12
Arbre Halı 80x150 cm Bej,4499.99,Halı&Kilim,2026-05-12
Arbre Halı 80x300 cm Bej,8499.99,Halı&Kilim,2026-05-12
Arlo Halı 200x290 cm Gri-Beyaz,29999.99,Halı&Kilim,2026-05-12
Arlo Halı Gri-Beyaz,1079.99,Halı&Kilim,2026-05-12
Aurelia Halı 100x200 cm Bej,6749.99,Halı&Kilim,2026-05-12
Aurelia Halı 100x300 cm Bej,9999.99,Halı&Kilim,2026-05-12
Aurelia Halı 120x180 cm Bej,6999.99,Halı&Kilim,2026-05-12
Aurelia Halı 160X230 cm Bej,12999.99,Halı&Kilim,2026-05-12
Aurelia Halı 80x150 cm Bej,3999.99,Halı&Kilim,2026-05-12
Aurelia Halı 80x300 cm Bej,7499.99,Halı&Kilim,2026-05-12
Azure Halı 100x200 cm Gri,7999.99,Halı&Kilim,2026-05-12
Azure Halı 100x300 cm Gri,14999.99,Halı&Kilim,2026-05-12
Azure Halı 160x230 cm Gri,17499.99,Halı&Kilim,2026-05-12
Azure Halı 80x300 cm Gri,11499.99,Halı&Kilim,2026-05-12
Blossom Pamuklu Bukle Kilim Krem,4499.99,Halı&Kilim,2026-05-12
Botani Halı Multicolor,7999.99,Halı&Kilim,2026-05-12
Calmo Halı 100x200 cm Bej,8499.99,Halı&Kilim,2026-05-12
Calmo Halı 100x300 cm Bej,13499.99,Halı&Kilim,2026-05-12
Calmo Halı 120x180 cm Bej,8499.99,Halı&Kilim,2026-05-12
Calmo Halı 160X230 cm Bej,13999.99,Halı&Kilim,2026-05-12
Calmo Halı 80x150 cm Bej,5749.99,Halı&Kilim,2026-05-12
Calmo Halı 80x300 cm Bej,11499.99,Halı&Kilim,2026-05-12
Caterina Halı 100x200 cm Bej,9999.99,Halı&Kilim,2026-05-12
Caterina Halı 100x300 cm Bej,14499.99,Halı&Kilim,2026-05-12
Caterina Halı 120x180 cm Bej,9999.99,Halı&Kilim,2026-05-12
Caterina Halı 160X230 cm Bej,17999.99,Halı&Kilim,2026-05-12
Caterina Halı 80x150 cm Bej,5499.99,Halı&Kilim,2026-05-12
Caterina Halı 80x300 cm Bej,10999.99,Halı&Kilim,2026-05-12
Checker Bukle Kilim Natural,9999.99,Halı&Kilim,2026-05-12
Chera Halı 100x200 cm Bej,10999.99,Halı&Kilim,2026-05-12
Chera Halı 100x300 cm Bej,14499.99,Halı&Kilim,2026-05-12
Chera Halı 120x180 cm Bej,1979.99,Halı&Kilim,2026-05-12
Chera Halı 160X230 cm Bej,3239.99,Halı&Kilim,2026-05-12
Chera Halı 80x150 cm Bej,5749.99,Halı&Kilim,2026-05-12
Chera Halı 80x300 cm Bej,10999.99,Halı&Kilim,2026-05-12
Circle Art Dekoratif Jüt Kilim Natural-Siyah,1399.99,Halı&Kilim,2026-05-12
Esther Halı 100x200 cm Bej,15499.99,Halı&Kilim,2026-05-12
Esther Halı 100x300 cm Bej,19999.99,Halı&Kilim,2026-05-12
Esther Halı 120x180 cm Bej,13999.99,Halı&Kilim,2026-05-12
Esther Halı 160X230 cm Bej,26999.99,Halı&Kilim,2026-05-12
Esther Halı 80x150 cm Bej,8499.99,Halı&Kilim,2026-05-12
Esther Halı 80x300 cm Bej,16999.99,Halı&Kilim,2026-05-12
Ethnic Bukle Kilim Natural,5499.99,Halı&Kilim,2026-05-12
Etna Halı Bej,16999.99,Halı&Kilim,2026-05-12
Etnich Pamuklu Bukle Kilim Bej - Kahve,7499.99,Halı&Kilim,2026-05-12
Floweret Pamuklu Bukle Kilim 80x150 cm Pudra,719.99,Halı&Kilim,2026-05-12
Floweret Pamuklu Bukle Kilim Krem,1399.99,Halı&Kilim,2026-05-12
Furry Pelüş Halı Bej,2249.99,Halı&Kilim,2026-05-12
Furry Pelüş Post 120x180 cm Antrasit,2399.99,Halı&Kilim,2026-05-12
Furry Pelüş Post 80x150 cm Acı Kahve,1539.99,Halı&Kilim,2026-05-12
Furry Pelüş Post Beyaz,1999.99,Halı&Kilim,2026-05-12
Furry Pelüş Post Pudra,1999.99,Halı&Kilim,2026-05-12
Hedra Halı Multicolor,13999.99,Halı&Kilim,2026-05-12
Hello Happy Day Kapı Önü Paspası 33x60 cm Natural,2499.99,Halı&Kilim,2026-05-12
Hora Halı 100x200 cm Bej,15499.99,Halı&Kilim,2026-05-12
Hora Halı 100x300 cm Bej,19999.99,Halı&Kilim,2026-05-12
Hora Halı 120x180 cm Bej,15999.99,Halı&Kilim,2026-05-12
Hora Halı 160X230 cm Bej,27499.99,Halı&Kilim,2026-05-12
Hora Halı 80x150 cm Bej,9499.99,Halı&Kilim,2026-05-12
Hora Halı 80x300 cm Bej,15499.99,Halı&Kilim,2026-05-12
Jazz Halı Bej,14999.99,Halı&Kilim,2026-05-12
Juliet Yuvarlak Dekoratif Jüt Kilim Natural,959.99,Halı&Kilim,2026-05-12
Lara Purl Dokuma Kilim Krem - Kırmızı,3749.99,Halı&Kilim,2026-05-12
Lara Rony Dokuma Kilim Krem-Turkuaz,2499.99,Halı&Kilim,2026-05-12
Lara Tiar Dokuma Kilim Lacivert - Krem,3749.99,Halı&Kilim,2026-05-12
Launis Pamuklu Bukle Kilim Krem,454.99,Halı&Kilim,2026-05-12
Leafs Pamuklu Bukle Kilim 110x110 cm Krem,719.99,Halı&Kilim,2026-05-12
Leafy Pamuklu Bukle Kilim 120x180 cm Hardal-Krem,1000.0,Halı&Kilim,2026-05-12
Leafy Pamuklu Bukle Kilim 80x150 cm Krem,719.99,Halı&Kilim,2026-05-12
Leona Dekoratif Jüt Kilim Multicolor,9999.99,Halı&Kilim,2026-05-12
Leona Dekoratif Jüt Kilim Natural,9999.99,Halı&Kilim,2026-05-12
Linear Dokuma Kilim 80x150 cm Açık Krem - Kahve,3999.99,Halı&Kilim,2026-05-12
Lovely Home Kapı Önü Paspası 35x60 cm Natural,2499.99,Halı&Kilim,2026-05-12
Lume Halı Multicolor,11999.99,Halı&Kilim,2026-05-12
Meow Home Kapı Önü Paspası 35x60 cm Natural,2499.99,Halı&Kilim,2026-05-12
Nerba Halı Krem,11999.99,Halı&Kilim,2026-05-12
Nomia Halı Multicolor,7999.99,Halı&Kilim,2026-05-12
Pearly Dokuma Kilim Ekru-Mavi-Turuncu,7499.99,Halı&Kilim,2026-05-12
Pearly Pamuklu Dokuma Kilim Turuncu-Ekru-Bej,7499.99,Halı&Kilim,2026-05-12
Peggy Pelüş Halı Gri,12499.99,Halı&Kilim,2026-05-12
Peggy Pelüş Halı Kahve,639.99,Halı&Kilim,2026-05-12
Pena Halı 100x200 cm Bej,14999.99,Halı&Kilim,2026-05-12
Pena Halı 100x300 cm Bej,4049.99,Halı&Kilim,2026-05-12
Pena Halı 120x180 cm Multicolor,15999.99,Halı&Kilim,2026-05-12
Pena Halı 160X230 cm Bej,4949.99,Halı&Kilim,2026-05-12
Pena Halı 200x290 cm Multicolor,34999.99,Halı&Kilim,2026-05-12
Pena Halı 80x150 cm Bej,1799.99,Halı&Kilim,2026-05-12
Pena Halı 80x300 cm Bej,17499.99,Halı&Kilim,2026-05-12
Penelope Halı Multicolor,13999.99,Halı&Kilim,2026-05-12
Piero Halı Multicolor,11999.99,Halı&Kilim,2026-05-12
Plain Serenity Halı Krem,8499.99,Halı&Kilim,2026-05-12
Prisma Dokuma Kilim 80x150 cm Kahverengi.,7499.99,Halı&Kilim,2026-05-12
Ring Dekoratif Jüt Kilim Naturel,14999.99,Halı&Kilim,2026-05-12
Seana Pamuklu Kilim Beyaz,4499.99,Halı&Kilim,2026-05-12
Serenat Halı Gri,9999.99,Halı&Kilim,2026-05-12
Serenity Halı Açık Gri,7999.99,Halı&Kilim,2026-05-12
Shabby Pamuklu Kilim Krem,4499.99,Halı&Kilim,2026-05-12
Silva Halı Multicolor,11999.99,Halı&Kilim,2026-05-12
Soft Touch Rabbit Pelüş Halı Antrasit,2249.99,Halı&Kilim,2026-05-12
Soft Touch Rabbit Pelüş Halı Bej,8999.99,Halı&Kilim,2026-05-12
Soft Touch Rabbit Pelüş Halı Pudra,2249.99,Halı&Kilim,2026-05-12
Soft Touch Rabbit Pelüş Post Antrasit,5999.99,Halı&Kilim,2026-05-12
Soft Touch Rabbit Pelüş Post Açık Gri,4274.91,Halı&Kilim,2026-05-12
Soft Touch Rabbit Pelüş Post Bej,4274.91,Halı&Kilim,2026-05-12
Soft Touch Rabbit Pelüş Post Beyaz,8499.99,Halı&Kilim,2026-05-12
Solan Halı Bordo,11999.99,Halı&Kilim,2026-05-12
Steve Halı 100x200 cm Bej,9499.99,Halı&Kilim,2026-05-12
Steve Halı 100x300 cm Bej,2239.99,Halı&Kilim,2026-05-12
Steve Halı 120x180 cm Bej,9499.99,Halı&Kilim,2026-05-12
Steve Halı 160X230 cm Bej,13999.99,Halı&Kilim,2026-05-12
Steve Halı 80x150 cm Bej,989.99,Halı&Kilim,2026-05-12
Steve Halı 80x300 cm Bej,10999.99,Halı&Kilim,2026-05-12
Stripe Bukle Kilim Natural,9999.99,Halı&Kilim,2026-05-12
Terra Pelüş Halı Bej,17499.99,Halı&Kilim,2026-05-12
Terra Pelüş Halı Kahve,2099.99,Halı&Kilim,2026-05-12
Verda Halı Multicolor,11999.99,Halı&Kilim,2026-05-12
Zeno Halı 200x290 cm Bej - Krem,29999.99,Halı&Kilim,2026-05-12
Zeno Halı Bej - Krem,1079.99,Halı&Kilim,2026-05-12
Bearette Pamuklu Çocuk Nevresim Takımı Pembe,4499.99,Hediye,2026-05-12
Aura Solaire Parfüm Seti 100 ml + 20 ml,4999.99,Kozmetik,2026-05-12
Citrus&Lemon Çubuklu Oda Kokusu 100 ml,2499.99,Kozmetik,2026-05-12
Floral Oto Kokusu 10 ml,999.99,Kozmetik,2026-05-12
Floral&Patchouli Çubuklu Oda Kokusu 100 ml,2499.99,Kozmetik,2026-05-12
Hera Çubuklu Oda Kokusu 180 ml,5499.99,Kozmetik,2026-05-12
Lily & Pineapple Kolonya 100 ml Mavi,849.99,Kozmetik,2026-05-12
Lily & Pineapple Oda Spreyi 300 ml Mavi,1499.99,Kozmetik,2026-05-12
Luna Çubuklu Oda Kokusu 180 ml,5499.99,Kozmetik,2026-05-12
Muguet&Vanilla Çubuklu Oda Kokusu 100 ml,1999.99,Kozmetik,2026-05-12
Musk&Poppy Çubuklu Oda Kokusu 100 ml,1999.99,Kozmetik,2026-05-12
Noble Nuit Parfüm Seti 100 ml + 20 ml,4999.99,Kozmetik,2026-05-12
Orange Blossom & Red Berry Kolonya 100 ml Kırmızı,849.99,Kozmetik,2026-05-12
Orange Blossom & Red Berry Oda Spreyi 300 ml Kırmızı,1499.99,Kozmetik,2026-05-12
Patchouli & Bergamote Kolonya 100 ml Yeşil,849.99,Kozmetik,2026-05-12
Patchouli & Bergamote Oda Spreyi 300 ml Yeşil,1499.99,Kozmetik,2026-05-12
Peach&Apple Çubuklu Oda Kokusu 100 ml,2499.99,Kozmetik,2026-05-12
Pink Pepper&Jasmine Çubuklu Oda Kokusu 100 ml,1999.99,Kozmetik,2026-05-12
Powdery Oto Kokusu 10 ml,999.99,Kozmetik,2026-05-12
Pure Desir Parfüm Seti 100 ml + 20 ml,4999.99,Kozmetik,2026-05-12
Pure Koku Barı 2x55 g,1399.99,Kozmetik,2026-05-12
Vesta Çubuklu Oda Kokusu 180 ml,5499.99,Kozmetik,2026-05-12
Woody Oto Kokusu 10 ml,999.99,Kozmetik,2026-05-12
AF-G Sepet Grubu Siyah,1399.99,Küçük Ev Aletleri,2026-05-12
AF-G Sepet Grubu Siyah-Bakır,1499.99,Küçük Ev Aletleri,2026-05-12
AF-G Sepet Grubu Siyah-Krom,1499.99,Küçük Ev Aletleri,2026-05-12
AQUA OPTIMA Su Arıtma Filtresi Beyaz,799.99,Küçük Ev Aletleri,2026-05-12
Bıçak Grubu  Kea Yedek Parça Beyaz,289.99,Küçük Ev Aletleri,2026-05-12
Bıçak Grubu  Kea Yedek Parça Siyah,289.99,Küçük Ev Aletleri,2026-05-12
CMK 6010 Inox Kapaksız Demlik Siyah-Bakır,729.99,Küçük Ev Aletleri,2026-05-12
CMK 6010 İNOX DEMLİK GRUBU Beyaz-Krom,729.99,Küçük Ev Aletleri,2026-05-12
CMK DEMLİK KAPAĞI BEYAZ LOGOLU Bakır,149.99,Küçük Ev Aletleri,2026-05-12
CMK DEMLİK KAPAĞI BEYAZ LOGOLU Krom,199.99,Küçük Ev Aletleri,2026-05-12
CMK DEMLİK KAPAĞI SİYAH LOGOLU Bakır,199.99,Küçük Ev Aletleri,2026-05-12
DGR 3001 Doğrayıcı Bıçak,229.99,Küçük Ev Aletleri,2026-05-12
DGR 3001 Doğrayıcı Hazne,149.99,Küçük Ev Aletleri,2026-05-12
DGR 3001 Hazne Ayak Lastiği Kırmızı,169.99,Küçük Ev Aletleri,2026-05-12
DGR 3001 Hazne Ayak Lastiği Siyah,169.99,Küçük Ev Aletleri,2026-05-12
DGR 3001 Hazne Kapağı,199.99,Küçük Ev Aletleri,2026-05-12
DGR 3001 Hazne Kapağı Contası,169.99,Küçük Ev Aletleri,2026-05-12
DGR3010 Bıçak Mili,159.99,Küçük Ev Aletleri,2026-05-12
DGR3010 Hazne 1500 ml Siyah,299.99,Küçük Ev Aletleri,2026-05-12
ELB Parçalayıcı Ayak Siyah,279.99,Küçük Ev Aletleri,2026-05-12
ELM 3001 HAMUR KARIŞTIRICI - SAĞ,199.99,Küçük Ev Aletleri,2026-05-12
ELM 3001 HAMUR KARIŞTIRICI - SOL,199.99,Küçük Ev Aletleri,2026-05-12
ELM 3001 ÇIRPICI TAKIMI,229.99,Küçük Ev Aletleri,2026-05-12
ELM 3010 Çırpıcı Tel,649.99,Küçük Ev Aletleri,2026-05-12
Elm 3010 Yoğurucu Tel,499.99,Küçük Ev Aletleri,2026-05-12
English Home AIF 2030 XL Sıcak Tutma Hazneli Air Fryer 1500W Siyah-Krom,11999.99,Küçük Ev Aletleri,2026-05-12
English Home AIF 2030 XL Sıcak Tutma Hazneli Airfryer 1500W Siyah,9999.98,Küçük Ev Aletleri,2026-05-12
English Home CMK 6001 Cam Çay Makinesi ve Kettle Siyah,5699.99,Küçük Ev Aletleri,2026-05-12
English Home CMK 6001 Cam Çay Makinesi ve Kettle Siyah-Bakır,5699.99,Küçük Ev Aletleri,2026-05-12
English Home CMK 6001 Cam Çay Makinesi ve Kettle Siyah-Krom,5699.99,Küçük Ev Aletleri,2026-05-12
English Home CMK 6010 Inox Çay Makinesi ve Kettle Beyaz-Krom,5699.99,Küçük Ev Aletleri,2026-05-12
English Home CMK 6010 Inox Çay Makinesi ve Kettle Siyah,5699.99,Küçük Ev Aletleri,2026-05-12
English Home CMK 6010 Inox Çay Makinesi ve Kettle Siyah-Bakır,5699.99,Küçük Ev Aletleri,2026-05-12
English Home CMK 6010 Inox Çay Makinesi ve Kettle Siyah-Krom,5699.99,Küçük Ev Aletleri,2026-05-12
English Home CMK 6030 Çay Makinesi ve Kettle 2 Litre Antrasit,3599.99,Küçük Ev Aletleri,2026-05-12
English Home CMK 6030 Çay Makinesi ve Kettle 2 Litre Mint,3599.99,Küçük Ev Aletleri,2026-05-12
English Home DGR 3001 Plastik Doğrayıcı Kırmızı,2999.99,Küçük Ev Aletleri,2026-05-12
English Home DGR 3001 Plastik Doğrayıcı Siyah,2999.99,Küçük Ev Aletleri,2026-05-12
English Home DGR 3010 Doğrayıcı 1500 ml Siyah,2999.99,Küçük Ev Aletleri,2026-05-12
English Home EKM 5001 Dijital Ekmek Kızartma Makinesi 920W Siyah-Krom,2999.99,Küçük Ev Aletleri,2026-05-12
English Home ELB 3001 4 Bıçaklı El Blenderı 1500W Beyaz-Krom,2999.99,Küçük Ev Aletleri,2026-05-12
English Home ELB 3001 4 Bıçaklı El Blenderı Siyah-Krom,2999.99,Küçük Ev Aletleri,2026-05-12
English Home ELM 3001 El Mikserı 600 W Kırmızı,3299.99,Küçük Ev Aletleri,2026-05-12
English Home ELM 3001 El Mikserı 600 W Siyah,2599.99,Küçük Ev Aletleri,2026-05-12
English Home ELM 3010 El Mikseri 500W Siyah-Krom,2999.99,Küçük Ev Aletleri,2026-05-12
English Home ESM 6001 Espresso Makinesi Siyah,9999.99,Küçük Ev Aletleri,2026-05-12
"English Home FKM 6001 Coffee Talks Filtre Kahve Makinesi 1,5 LT Siyah",3999.99,Küçük Ev Aletleri,2026-05-12
"English Home FKM 6010 Coffee Talks Intelligent Filtre Kahve Makinesi 1,8L Siyah",6999.99,Küçük Ev Aletleri,2026-05-12
"English Home FKM 6020 Coffee Talks Expert Filtre Kahve Makinesi 1,35 Litre Siyah",10999.99,Küçük Ev Aletleri,2026-05-12
English Home KBL 3001 Shake Away Smoothie Blender Beyaz-Bakır,3599.99,Küçük Ev Aletleri,2026-05-12
English Home KBL 3001 Shake Away Smoothie Blender Siyah-Krom,3599.99,Küçük Ev Aletleri,2026-05-12
English Home KBL 3010 Shake Away Smoothie Blender Beyaz-Bakır,6999.99,Küçük Ev Aletleri,2026-05-12
English Home KBL 3010 Shake Away Smoothie Blender Kırmızı,6999.99,Küçük Ev Aletleri,2026-05-12
English Home KBL 3010 Shake Away Smoothie Blender Lacivert,6999.99,Küçük Ev Aletleri,2026-05-12
English Home KBL 3010 Shake Away Smoothie Blender Siyah-Krom,6999.99,Küçük Ev Aletleri,2026-05-12
English Home MBS 3001 4 Bıçaklı Mini Blender Seti Siyah-Krom,3999.99,Küçük Ev Aletleri,2026-05-12
English Home MBS 3010 4 Bıçaklı Mini Blender Seti 1500W Beyaz-Krom,4999.99,Küçük Ev Aletleri,2026-05-12
English Home RMB 3001 4 Bıçaklı Multi Blender Seti 1500W Beyaz-Krom,5999.99,Küçük Ev Aletleri,2026-05-12
English Home RMB 3001 4 Bıçaklı Multi Blender Seti Siyah-Krom,5999.99,Küçük Ev Aletleri,2026-05-12
English Home SBL 3001 Cam Sürahi Blender 1750 ml Beyaz-Krom,7999.99,Küçük Ev Aletleri,2026-05-12
English Home SBL 3001 Cam Sürahi Blender 1750 ml Lacivert,4999.99,Küçük Ev Aletleri,2026-05-12
English Home SBL 3001 Cam Sürahi Blender 1750 ml Siyah-Krom,7999.99,Küçük Ev Aletleri,2026-05-12
"English Home SMR 3001 Hammurix Hamur Yoğurma Makinesi 5,5 L Mint",12499.99,Küçük Ev Aletleri,2026-05-12
"English Home SMR 3001 Hammurix Hamur Yoğurma Makinesi 5,5 L Siyah-Krom",12499.99,Küçük Ev Aletleri,2026-05-12
"English Home SUI 6001 Inox Su Isıtıcı 1,7L Siyah",2999.99,Küçük Ev Aletleri,2026-05-12
English Home TKM 6001 Çelik Cezve Çift Taşım Türk Kahvesi Makinesi Beyaz-Bakır,3999.99,Küçük Ev Aletleri,2026-05-12
English Home TKM 6001 Çelik Cezve Çift Taşım Türk Kahvesi Makinesi Siyah-Krom,3999.99,Küçük Ev Aletleri,2026-05-12
English Home TKM 6002 Çift Taşım Türk Kahvesi Makinesi Lacivert,3399.99,Küçük Ev Aletleri,2026-05-12
English Home TKM 6002 Çift Taşım Türk Kahvesi Makinesi Siyah-Bakır,3399.99,Küçük Ev Aletleri,2026-05-12
English Home TKM 6002 Çift Taşım Türk Kahvesi Makinesi Siyah-Krom,3399.99,Küçük Ev Aletleri,2026-05-12
English Home TKM 6011 Sütlü Türk Kahvesi Makinesi Siyah-Bakır,3999.99,Küçük Ev Aletleri,2026-05-12
English Home TKM 6011 Sütlü Türk Kahvesi Makinesi Siyah-Krom,3599.99,Küçük Ev Aletleri,2026-05-12
English Home TKM 6020 Çift Hazneli İkili Türk Kahvesi Makinesi Siyah-Bakır,13999.99,Küçük Ev Aletleri,2026-05-12
English Home TKM 6020 Çift Hazneli İkili Türk Kahvesi Makinesi Siyah-Krom,13999.98,Küçük Ev Aletleri,2026-05-12
English Home TKM 6030 Çift Taşım Türk Kahvesi Makinesi Siyah-Bakır,3599.99,Küçük Ev Aletleri,2026-05-12
English Home TKM 6030 Çift Taşım Türk Kahvesi Makinesi Siyah-Krom,3599.99,Küçük Ev Aletleri,2026-05-12
English Home TKM 6031 Çelik Cezve Çift Taşım Türk Kahvesi Makinesi Beyaz-Bakır,3699.99,Küçük Ev Aletleri,2026-05-12
English Home TKM 6031 Çelik Cezve Çift Taşım Türk Kahvesi Makinesi Siyah-Krom,3699.99,Küçük Ev Aletleri,2026-05-12
English Home TKM 6040 Sütlü Türk Kahvesi Makinesi Antrasit,3599.99,Küçük Ev Aletleri,2026-05-12
English Home TKM 6040 Sütlü Türk Kahvesi Makinesi Siyah-Krom,3599.99,Küçük Ev Aletleri,2026-05-12
English Home TMK 5001 Mini Tost ve Waffle Makinesi Siyah,4799.99,Küçük Ev Aletleri,2026-05-12
English Home TMK 5001 Mini Waffle ve Tost Makinesi 900W Yeşil,5999.99,Küçük Ev Aletleri,2026-05-12
English Home TMK 5010 Çıkarılabilir Plakalı Tost Makinesi Siyah-Krom,4499.99,Küçük Ev Aletleri,2026-05-12
English Home TMK 5030 Izgara ve Tost Makinesi Inox,9999.99,Küçük Ev Aletleri,2026-05-12
English Home TMK 5050 Teflon Çıkarılabilir Plakalı Tost Makinesi 1800W Antrasit,5999.99,Küçük Ev Aletleri,2026-05-12
English Home TMK 5050 Teflon Çıkarılabilir Plakalı Tost Makinesi 1800W Kırmızı,5999.99,Küçük Ev Aletleri,2026-05-12
FKM 6020 Fırça,139.99,Küçük Ev Aletleri,2026-05-12
FKM 6020 Süzgeç,649.99,Küçük Ev Aletleri,2026-05-12
KBL 3001 Doğrayıcı Bıçak Grubu Gri,279.99,Küçük Ev Aletleri,2026-05-12
KBL 3001 Shake Away Kişisel Blender Şişe Kapağı Beyaz,199.99,Küçük Ev Aletleri,2026-05-12
KBL 3001 Shake Away Kişisel Blender Şişe Kapağı Siyah,199.99,Küçük Ev Aletleri,2026-05-12
KBL 3001 Shake Away Kişisel Blender Şişe Şeffaf,229.99,Küçük Ev Aletleri,2026-05-12
KBL 3001 Şişe Siyah,229.99,Küçük Ev Aletleri,2026-05-12
KBL 3010 Bıçak Grubu Kırmızı,289.99,Küçük Ev Aletleri,2026-05-12
MBS 3001 - RMB 3001 Çırpıcı Top Beyaz,279.99,Küçük Ev Aletleri,2026-05-12
MBS 3001 - RMB 3001 Çırpıcı Top Siyah,179.99,Küçük Ev Aletleri,2026-05-12
MBS 3001 Dişli Kutusu Beyaz,169.99,Küçük Ev Aletleri,2026-05-12
MBS 3001 Dişli Kutusu Siyah,179.99,Küçük Ev Aletleri,2026-05-12
MBS 3001 Doğrayıcı Hazne,199.99,Küçük Ev Aletleri,2026-05-12
MBS 3010 Dişli Kutusu Siyah,279.99,Küçük Ev Aletleri,2026-05-12
MBS 3010 Hazne,229.99,Küçük Ev Aletleri,2026-05-12
MBS Hazne Bıçağı Siyah,199.99,Küçük Ev Aletleri,2026-05-12
Nespresso C40 Inissia Kapsül Espresso Makinesi Kırmızı,9999.99,Küçük Ev Aletleri,2026-05-12
Nespresso F121 Latissima One Süt Çözümlü Espresso Makinesi Beyaz,19999.99,Küçük Ev Aletleri,2026-05-12
Nespresso F541 Gran Latissima Süt Çözümlü Espresso Makinesi Siyah,27999.99,Küçük Ev Aletleri,2026-05-12
Philips 2000 Serisi XB2142/10 Toz Torbasız Süpürge + Philips HDA150/61 Türk Kahve Makinesi,8999.99,Küçük Ev Aletleri,2026-05-12
Philips 3000 Serisi STH3020/10 Taşınabilir Buharlı Düzleştirici Beyaz,3499.99,Küçük Ev Aletleri,2026-05-12
Philips 4000 Serisi FC9332/07 Toz Torbasız Süpürge + Philips HD7301/00 Çay Makinesi,12999.99,Küçük Ev Aletleri,2026-05-12
Philips 5000 Serisi DST5020/30 Buharlı Ütü 2400W Mor,2499.99,Küçük Ev Aletleri,2026-05-12
Philips 5000 Serisi DST5030/80 2400 W Buharlı Ütü + Omuz Çantası,3999.99,Küçük Ev Aletleri,2026-05-12
Philips 6000 Serisi XC6456/10 Şarjlı Dikey Süpürge,14999.0,Küçük Ev Aletleri,2026-05-12
Philips 7000 Serisi Marathon Daily XB7151/07 Toz Torbasız Süpürge,15999.99,Küçük Ev Aletleri,2026-05-12
Philips 7000 Serisi STH7060/80 Taşınabilir Buharlı Düzleştirici Siyah,5499.99,Küçük Ev Aletleri,2026-05-12
Philips Aqua Plus 8000 Serisi XC8054/01 Islak Kuru Şarjlı Dikey Süpürge,29999.99,Küçük Ev Aletleri,2026-05-12
Philips Azur 7500 Serisi DST7510/80 Buharlı Ütü 3200W Siyah,6499.99,Küçük Ev Aletleri,2026-05-12
Philips Azur 8000 Serisi 3000W DST8040/30 Buharlı Ütü Mor,9999.99,Küçük Ev Aletleri,2026-05-12
Philips Daily Collection HD7461/20 Filtre Kahve Makinesi,4499.99,Küçük Ev Aletleri,2026-05-12
Philips LatteGo 2300 Serisi EP2331/10 Tam Otomatik Espresso Makinesi,27999.99,Küçük Ev Aletleri,2026-05-12
Philips LatteGo 5500 Serisi EP5547/90 Tam Otomatik Espresso Makinesi,39999.99,Küçük Ev Aletleri,2026-05-12
Philips OneUp 5000 Serisi XV5113/01 Elektrikli Mop,9299.99,Küçük Ev Aletleri,2026-05-12
Philips PerfectCare Compact Essential GC6842/30 Buhar Kazanlı Ütü Mor,8499.99,Küçük Ev Aletleri,2026-05-12
Philips PerfectCare Elite Plus GC9682/80 Buhar Kazanlı Ütü,26499.99,Küçük Ev Aletleri,2026-05-12
RMB 3001 Besin İtici,199.99,Küçük Ev Aletleri,2026-05-12
RMB 3001 Büyük Rende,179.99,Küçük Ev Aletleri,2026-05-12
RMB 3001 Dilimleme Aparatı,179.99,Küçük Ev Aletleri,2026-05-12
RMB 3001 Küçük Rende,179.99,Küçük Ev Aletleri,2026-05-12
SMR 3001 Metal Tas Saplı,1104.99,Küçük Ev Aletleri,2026-05-12
SMR 3001 Tas Kapağı,149.99,Küçük Ev Aletleri,2026-05-12
Sbl 3001 Bıçak Grubu  Kea Yedek Parça Beyaz,319.99,Küçük Ev Aletleri,2026-05-12
Sbl 3001 Bıçak Grubu  Kea Yedek Parça Kırmızı,319.99,Küçük Ev Aletleri,2026-05-12
Sbl 3001 Bıçak Grubu  Kea Yedek Parça Lacivert,319.99,Küçük Ev Aletleri,2026-05-12
Sbl 3001 Bıçak Grubu  Kea Yedek Parça Siyah,319.99,Küçük Ev Aletleri,2026-05-12
Sbl 3001 Hazne Kapağı  Kea Yedek Parça Beyaz,199.99,Küçük Ev Aletleri,2026-05-12
Sbl 3001 Hazne Kapağı  Kea Yedek Parça Lacivert,199.99,Küçük Ev Aletleri,2026-05-12
Sbl 3001 Hazne Kapağı  Kea Yedek Parça Siyah,199.99,Küçük Ev Aletleri,2026-05-12
Silikon Tutamak  Kea Yedek Parça Beyaz,169.99,Küçük Ev Aletleri,2026-05-12
Silikon Tutamak  Kea Yedek Parça Kırmızı,169.99,Küçük Ev Aletleri,2026-05-12
Silikon Tutamak  Kea Yedek Parça Lacivert,249.99,Küçük Ev Aletleri,2026-05-12
Silikon Tutamak  Kea Yedek Parça Siyah,169.99,Küçük Ev Aletleri,2026-05-12
TKM 6002 Cezve Kırmızı,900.99,Küçük Ev Aletleri,2026-05-12
TKM 6002 Cezve Siyah-Bakır,899.99,Küçük Ev Aletleri,2026-05-12
TKM 6010 - TKM 6011 Kahve Ölçü Kaşığı,159.99,Küçük Ev Aletleri,2026-05-12
TKM 6011 CEZVE Antrasit,1055.99,Küçük Ev Aletleri,2026-05-12
TKM 6011 CEZVE Kırmızı,865.99,Küçük Ev Aletleri,2026-05-12
TKM 6011 Cezve Siyah-Bakır,919.99,Küçük Ev Aletleri,2026-05-12
TKM 6011 Cezve Siyah-Krom,919.99,Küçük Ev Aletleri,2026-05-12
TKM ÖLÇEK KAŞIĞI SİYAH - TEK TARAFLI,199.99,Küçük Ev Aletleri,2026-05-12
TMK 5001 Tost Plakası Kea Yedek Parça Siyah,299.99,Küçük Ev Aletleri,2026-05-12
TMK 5010 Tost Plakası  Kea Yedek Parça,349.99,Küçük Ev Aletleri,2026-05-12
TMK 5020 Teflon Plaka,473.99,Küçük Ev Aletleri,2026-05-12
TMK 5040 Teflon Plaka,741.99,Küçük Ev Aletleri,2026-05-12
Tkm İnox Cezve Komple - Tek Tuş Mdl  Kea Yedek Parça Inox,995.99,Küçük Ev Aletleri,2026-05-12
Tmk 5001 Alt Waffle Plakası  Kea Yedek Parça Siyah,249.99,Küçük Ev Aletleri,2026-05-12
Tmk 5001 Üst Waffle Plakası  Kea Yedek Parça Siyah,249.99,Küçük Ev Aletleri,2026-05-12
Tmk 5030 Rezistanslı Plaka  Kea Yedek Parça Siyah,1399.99,Küçük Ev Aletleri,2026-05-12
Westinghouse Retro Ekmek Kızartma Makinesi Krem,6799.99,Küçük Ev Aletleri,2026-05-12
Westinghouse Retro Ekmek Kızartma Makinesi Siyah,5999.99,Küçük Ev Aletleri,2026-05-12
Westinghouse Retro El Blenderı Krem,4999.99,Küçük Ev Aletleri,2026-05-12
Westinghouse Retro El Blenderı Kırmızı,5499.99,Küçük Ev Aletleri,2026-05-12
Westinghouse Retro El Blenderı Siyah,4699.99,Küçük Ev Aletleri,2026-05-12
Westinghouse Retro Standlı El Mikseri Krem,7499.99,Küçük Ev Aletleri,2026-05-12
Westinghouse Retro Standlı El Mikseri Kırmızı,8999.99,Küçük Ev Aletleri,2026-05-12
Westinghouse Retro Standlı El Mikseri Pembe,9999.99,Küçük Ev Aletleri,2026-05-12
Westinghouse Retro Standlı El Mikseri Siyah,6999.99,Küçük Ev Aletleri,2026-05-12
"Westinghouse Retro Su Isıtıcı 1,7 Lt Siyah",8499.99,Küçük Ev Aletleri,2026-05-12
"Westinghouse Retro Su Isıtıcı 1,7L Kırmızı",9499.99,Küçük Ev Aletleri,2026-05-12
Westinghouse Retro Sürahi Blender Kırmızı,8499.99,Küçük Ev Aletleri,2026-05-12
Şişe Kapağı  Kea Yedek Parça Beyaz,199.99,Küçük Ev Aletleri,2026-05-12
Şişe Kapağı  Kea Yedek Parça Kırmızı,199.99,Küçük Ev Aletleri,2026-05-12
Şişe Kapağı  Kea Yedek Parça Lacivert,199.99,Küçük Ev Aletleri,2026-05-12
Şişe Kapağı  Kea Yedek Parça Siyah,199.99,Küçük Ev Aletleri,2026-05-12
Şişe Kapağı Kea Yedek Parça Şeffaf,159.99,Küçük Ev Aletleri,2026-05-12
Acoral Paslanmaz Çelik Rende 21 cm Gri,1749.99,Mutfak,2026-05-12
Adelina 2li Misafir Peçetesi Beyaz-Gold,1999.99,Mutfak,2026-05-12
"Adly 3 Parça Saklama Kabı 700 ml – 1,4 L – 2 L Yeşil-Krem",2249.99,Mutfak,2026-05-12
"Adra Rende 12x8,2x18,5 cm Turuncu",1999.99,Mutfak,2026-05-12
"Adra Rende 12x8,2x18,5 cm Yeşil",1999.99,Mutfak,2026-05-12
Adra Süzgeç 3 L Turuncu,1149.99,Mutfak,2026-05-12
Adra Süzgeç 3 L Yeşil,1149.99,Mutfak,2026-05-12
Adrea Paslanmaz Çelik Süzgeç 40 cm Gri,2999.99,Mutfak,2026-05-12
Aidan Rattan Peçete Halkası Kahve,749.95,Mutfak,2026-05-12
Alas Fırın Eldiveni ve Tutacak Seti Bej,2249.99,Mutfak,2026-05-12
Alas Pamuk Mutfak Önlüğü Lacivert,2499.99,Mutfak,2026-05-12
Ales Paslanmaz Çelik Soyacak 19 cm Yeşil,1299.99,Mutfak,2026-05-12
Alexi Mutfak Gereci Yeşil,279.99,Mutfak,2026-05-12
"Alexi Salata Kurutucu Mutfak Gereci 25,6x25,6x14,2 cm Turuncu",1749.99,Mutfak,2026-05-12
Alexy Soyacak 20 cm Mavi,1999.99,Mutfak,2026-05-12
Alfred Plastik Kavanoz Yeşil,699.95,Mutfak,2026-05-12
Alice Saklama Kabı Turuncu,1999.99,Mutfak,2026-05-12
Alice Saklama Kabı Zeytin Yeşili,1199.99,Mutfak,2026-05-12
Aligne Pamuk Kurulama Bezi 30x50 cm Antrasit,999.99,Mutfak,2026-05-12
Aligne Pamuk Kurulama Bezi 30x50 cm Gri,999.99,Mutfak,2026-05-12
Alina Cam 4lü Baharatlık Şeffaf,2749.99,Mutfak,2026-05-12
Alina Cam Baharatlık Bordo,649.95,Mutfak,2026-05-12
Alina Cam Baharatlık Mavi,649.95,Mutfak,2026-05-12
Alina Cam Baharatlık Yeşil,649.95,Mutfak,2026-05-12
Aline 3lü Ölçü Kabı Mutfak Gereci 8x8x9 cm Şeffaf,1299.95,Mutfak,2026-05-12
Aline 5’li Ölçü Kaşığı Mutfak Gereci 23X16 cm Yeşil,849.95,Mutfak,2026-05-12
Aline Plastik 4lü Saklama Kabı 280 ml Yeşil-Mavi,1049.99,Mutfak,2026-05-12
Aline Soyacak 28 cm Mavi,1999.99,Mutfak,2026-05-12
Alissa 5li Rende 24x11 cm Renkli,1999.99,Mutfak,2026-05-12
Alissa Soyacak 14 cm Turuncu,1999.99,Mutfak,2026-05-12
Alissa Soyacak 14 cm Yeşil,1999.99,Mutfak,2026-05-12
All Fresh Inox Paslanmaz Çelik Erzak Kabı Silver,2749.99,Mutfak,2026-05-12
Allure Hasır Ekmek Sepeti Bej,419.99,Mutfak,2026-05-12
Aluna Metal Ekmek Sepeti Bej,1749.99,Mutfak,2026-05-12
"Alvin Paslanmaz Çelik Rende 24,5 cm Mavi",359.99,Mutfak,2026-05-12
Amara Spagetti Kaşığı 32 cm Kırmızı,699.95,Mutfak,2026-05-12
"Amara Spatula 31,5 cm Kırmızı",999.99,Mutfak,2026-05-12
Amity Metal Maşa Gri,1399.99,Mutfak,2026-05-12
Amity Paslanmaz Çelik Maşa 26 cm Siyah,1749.99,Mutfak,2026-05-12
Amity Silikon Spatula 30 cm Renkli,1149.99,Mutfak,2026-05-12
Amorf Air Kayın Kesme Tahtası Kahve,439.99,Mutfak,2026-05-12
Amour Porselen Isıtıcılı Demlik Seti 850 ml Beyaz,4499.99,Mutfak,2026-05-12
Anabella Dantel 4lü Misafir Peçetesi Açık Pembe,649.99,Mutfak,2026-05-12
Ancel Fırın Eldiveni ve Tutacak Seti Lacivert,2249.99,Mutfak,2026-05-12
Andy Saklama Kabı Şeffaf,899.99,Mutfak,2026-05-12
"Angelina Çelik 6lı Bıçak 19,5 cm Pembe",1749.99,Mutfak,2026-05-12
Antoine Cam Tereyağlık,1999.99,Mutfak,2026-05-12
Apple 20li Kağıt Peçete Kırmızı,1049.99,Mutfak,2026-05-12
Aqualis 20li Kağıt Peçete 33x33 cm Mavi-Beyaz,1049.99,Mutfak,2026-05-12
Aqualuna Fırın Eldiveni ve Tutacak Seti Mavi - Yeşil,2249.99,Mutfak,2026-05-12
Aquatine Pamuk Kurulama Bezi 30x50 cm Beyaz - Mavi,799.95,Mutfak,2026-05-12
Arian Borosilikat Saklama Kabı Şeffaf,153.99,Mutfak,2026-05-12
Arian Nova Borosilikat Saklama Kabı Şeffaf,1499.99,Mutfak,2026-05-12
Arlene Cam Kavanoz Yeşil,649.95,Mutfak,2026-05-12
"Arnie 3lü Ölçü Kaşığı 22x7,8x5 cm Bordo",1249.99,Mutfak,2026-05-12
Arnie Cam Kesme Tahtası 20x30 cm Sarı-Yeşil-Mavi-Kırmızı,1399.99,Mutfak,2026-05-12
Arnie Cam Kesme Tahtası Renkli,2249.99,Mutfak,2026-05-12
Arnie Kesme Tahtası Bordo,1327.45,Mutfak,2026-05-12
Arnie Çelik Rende 23x7 cm Bordo,1999.99,Mutfak,2026-05-12
Arzu Sabancı Splash 2li Misafir Peçetesi Krem-Turuncu,2749.99,Mutfak,2026-05-12
Aspen Paslanmaz Çelik Rende 24 cm Natural,1249.99,Mutfak,2026-05-12
"Aster Paslanmaz Çelik Rende 10,5x27,9x3,6 cm Yeşil",1249.99,Mutfak,2026-05-12
Aster Plastik El Rondosu Mutfak Gereci 13x11 cm Yeşil,1499.99,Mutfak,2026-05-12
"Aurelia Paslanmaz Çelik 5li Servis Seti 20,5x22,8x21,8x23,5x22 cm Gold",1039.99,Mutfak,2026-05-12
"Aurelia Paslanmaz Çelik 5li Servis Seti 20,5x22,8x21,8x23,5x22 cm Silver",909.99,Mutfak,2026-05-12
Autumn Flower 20li Kağıt Peçete Renkli,1049.99,Mutfak,2026-05-12
Avery Borosilikat Kavanoz 430 ml Şeffaf,2249.99,Mutfak,2026-05-12
"Axel Akrilik Limon Sıkacağı 16,5 cm Şeffaf",749.95,Mutfak,2026-05-12
Axel Akrilik Mini Süzgeç 15 cm Antrasit,999.99,Mutfak,2026-05-12
Axel Akrilik Mini Süzgeç 15 cm Şeffaf,999.99,Mutfak,2026-05-12
Axel Akrilik Süzgeç,1149.99,Mutfak,2026-05-12
Axel Akrilik Süzgeç Antrasit,1199.99,Mutfak,2026-05-12
Azure Bloom Emaye Bakraç 16 cm Lacivert,2999.99,Mutfak,2026-05-12
Azure Bloom Emaye Cezve 10 cm Beyaz,2749.99,Mutfak,2026-05-12
Azure Bloom Emaye Cezve 10 cm Lacivert,2749.99,Mutfak,2026-05-12
Bake&Serve Cam Fırın Kabı Kırmızı,1999.99,Mutfak,2026-05-12
Bake&Serve Cam Fırın Kabı Şeffaf,359.99,Mutfak,2026-05-12
Bakers Choice Karbon Çelik Kek Kalıbı Kırmızı,3499.99,Mutfak,2026-05-12
"Baker’s Choice Flower Karbon Çelik Kek Kalıbı 26 x 6,8 cm Kırmızı",2749.99,Mutfak,2026-05-12
"Baker’s Choice Karbon Çelik Fırın Kabı 24 x 32 x 4,7cm Kırmızı",2499.99,Mutfak,2026-05-12
Baker’s Choice Karbon Çelik Tart Kek Kalıbı 28 x 4 cm Kırmızı,2749.99,Mutfak,2026-05-12
Balang Cam Kavanoz Şeffaf,1149.99,Mutfak,2026-05-12
Baldwin Borosilikat Saklama Kabı Kahve,1499.99,Mutfak,2026-05-12
Baldwin Borosilikat Yağdanlık Şeffaf,404.99,Mutfak,2026-05-12
Basic Buzdolabı Düzenleyici Şeffaf,999.99,Mutfak,2026-05-12
Be Kind Kağıt 20li Kağıt Peçete 33x33 cm Turuncu,1049.99,Mutfak,2026-05-12
Bella Plastik 2li Mutfak Düzenleyici 3 L – 5 L Şeffaf,2749.99,Mutfak,2026-05-12
Belle Band Cam Baharatlık 290 ml Natural,1399.99,Mutfak,2026-05-12
Belle Cam Kavanoz Natural,1399.99,Mutfak,2026-05-12
Belle Cam Saklama Kabı Natural,314.99,Mutfak,2026-05-12
Beloved Porselen Isıtıcılı Demlik Seti 850 ml Beyaz,809.99,Mutfak,2026-05-12
Berghoff Dina Entity Paslanmaz Çelik 6 Parça Bloklu Bıçak Seti 34x80 cm Gri,4100.0,Mutfak,2026-05-12
Berghoff Dina Pica Paslanmaz Çelik 7 Parça Bloklu Bıçak Seti 34x80 cm Siyah,2799.99,Mutfak,2026-05-12
Berlin CeraWell 5 Parça Tencere Seti 24-28-28 cm Yeşil,22499.99,Mutfak,2026-05-12
Berlin CeraWell Tava Yeşil,1079.99,Mutfak,2026-05-12
Berlin Fusion Pro Basık Tencere 24 cm Gri,1439.99,Mutfak,2026-05-12
Berlin Fusion Pro Basık Tencere Yeşil,8549.99,Mutfak,2026-05-12
Berlin Fusion Pro Seramik Tava Gri,909.99,Mutfak,2026-05-12
Berlin Fusion Pro Seramik Tencere Gri,1619.99,Mutfak,2026-05-12
Berlin Fusion Pro Tencere Seti 24-28-28 cm Gri,4049.99,Mutfak,2026-05-12
Berry 20li Kağıt Peçete Kırmızı,1049.99,Mutfak,2026-05-12
Berry Branches 20li Kağıt Peçete Lacivert,1049.99,Mutfak,2026-05-12
Bertrand Paslanmaz Çelik Bıçak Kırmızı,1999.99,Mutfak,2026-05-12
Bertrand Paslanmaz Çelik Bıçak Mavi,799.95,Mutfak,2026-05-12
Bertrand Paslanmaz Çelik Bıçak Yeşil,899.99,Mutfak,2026-05-12
Best Food Lunch Box Kırmızı,1999.99,Mutfak,2026-05-12
Best Food Lunch Box Mavi,1999.99,Mutfak,2026-05-12
Bety Kayın 2li Kesme Tahtası 19x26 cm - 21x35 cm Natural,2249.99,Mutfak,2026-05-12
Bianca Seramik Set Fırın Kabı Beyaz,2249.99,Mutfak,2026-05-12
Bioni Paslanmaz Çelik Maşa 28 cm Yeşil,999.95,Mutfak,2026-05-12
Bioni Süzgeç 23 cm Renkli,949.95,Mutfak,2026-05-12
Blitz Saklama Kabı 4 Lt Gül Kurusu,999.99,Mutfak,2026-05-12
Blitz Saklama Kabı 4 Lt Petrol Mavisi,999.99,Mutfak,2026-05-12
Blockify 20li Kağıt Peçete 33x33 cm Siyah - Beyaz,1049.99,Mutfak,2026-05-12
Blossom Frame New Bone China Demlik Seti 400 – 290 ml Pembe - Beyaz,599.99,Mutfak,2026-05-12
Blossom Frame Pamuklu Nakışlı Kurulama Bezi 30x50 cm Pembe,1399.99,Mutfak,2026-05-12
Blossy 20li Kağıt Peçete 33x33 cm Beyaz - Yeşil,1049.99,Mutfak,2026-05-12
Blue Flowers New Bone China Demlik 400 ml Mavi,3999.99,Mutfak,2026-05-12
Blue Lines Fırın Eldiveni ve Tutacak Seti Lacivert,2499.99,Mutfak,2026-05-12
Blue Lines Mutfak Önlüğü 65x75 cm Lacivert,2249.99,Mutfak,2026-05-12
Bluette 20li Kağıt Peçete 33x33 cm Mavi,1049.99,Mutfak,2026-05-12
Blura Kağıt 20li Kağıt Peçete 33x33 cm Mavi,174.99,Mutfak,2026-05-12
Bluva Pamuk Kurulama Bezi 30x50 cm Mavi,1399.99,Mutfak,2026-05-12
Bluvita 20li Kağıt Peçete 33x33 cm Mavi-Beyaz,1099.99,Mutfak,2026-05-12
Bohem Line Cam Kavanoz Şeffaf,1999.99,Mutfak,2026-05-12
Bon Appetit Cam Kavanoz 500 ml Yeşil,1499.99,Mutfak,2026-05-12
Bon Vita Cam 2li Baharatlik 220 ml - 220 ml Mavi-yeşil,314.99,Mutfak,2026-05-12
Bony Cam 2li Yağlık - Sirkelik 18 cm Şeffaf,3999.99,Mutfak,2026-05-12
Botanic 20li Kağıt Peçete 33x33 cm Mavi,1049.99,Mutfak,2026-05-12
Botanica 20li Kağıt Peçete 33x33 cm Yeşil,1049.99,Mutfak,2026-05-12
Braid Dots Pamuk 2li Misafir Peçetesi Mavi - Lacivert,1399.99,Mutfak,2026-05-12
"Bright Dream Emaye Baharatlik 0,5L Kırmızı - Beyaz",2499.99,Mutfak,2026-05-12
Bright Floral Fırın Eldiveni ve Tutacak Seti Pembe - Yeşil,384.99,Mutfak,2026-05-12
Bright Parade Cam Kavanoz Kırmızı - Beyaz,1499.99,Mutfak,2026-05-12
Bright Parade Cam Kesme Tahtası 25x35 cm Kırmızı - Beyaz,1999.99,Mutfak,2026-05-12
"Bright Parade Emaye Baharatlik 0,75 L Kırmızı - Beyaz",2499.99,Mutfak,2026-05-12
Bright Parade Emaye Bakraç 16 cm Beyaz,584.99,Mutfak,2026-05-12
Bright Parade Emaye Bakraç 20 cm Kırmızı,4999.99,Mutfak,2026-05-12
"Bright Parade Emaye Sos Tenceresı 1,6L Kırmızı",719.99,Mutfak,2026-05-12
Bright Parade Fırın Eldiveni ve Tutacak Seti Kırmızı - Yeşil,2749.99,Mutfak,2026-05-12
Bright Parade Melamin Kaşıklık Mutfak Gereci 24 cm Kırmızı - Beyaz,1499.99,Mutfak,2026-05-12
Bright Parade Pamuklu Nakışlı Kurulama Bezi 30x50 cm Kırmızı,1399.99,Mutfak,2026-05-12
Brims Paslanmaz Çelik Süzgeç 14 cm Siyah,399.99,Mutfak,2026-05-12
Brims Paslanmaz Çelik Süzgeç 18 cm Siyah,419.99,Mutfak,2026-05-12
Brims Paslanmaz Çelik Süzgeç 26 cm Gri,2749.99,Mutfak,2026-05-12
Brims Paslanmaz Çelik Süzgeç Gri,1999.99,Mutfak,2026-05-12
Briony Borosilikat Kavanoz Kahve,2499.99,Mutfak,2026-05-12
Brisa Emaye Çaydanlık Kahverengi,7999.99,Mutfak,2026-05-12
Bubble Fish Pamuklu Nakışlı Kurulama Bezi 30x50 cm Turuncu – Bej,1499.99,Mutfak,2026-05-12
Bubble Joy Kağıt 20li Kağıt Peçete 33x33 cm Renkli,1049.99,Mutfak,2026-05-12
Burnia Silikon Bal Kaşığı Mutfak Gereci 16 cm Bordo,699.95,Mutfak,2026-05-12
Caitlin Maşa 35 cm Krem,849.95,Mutfak,2026-05-12
Caitlin Maşa 35 cm Yeşil,849.95,Mutfak,2026-05-12
"Callie 3 Parça Karıştırma Kabı 2,6 L Krem",1749.99,Mutfak,2026-05-12
Canela 4 Parça Karıştırma Kabı Yeşil,2249.99,Mutfak,2026-05-12
Carnival 20li Kağıt Peçete Mavi,1049.99,Mutfak,2026-05-12
Carnival 20li Kağıt Peçete Pembe,1049.99,Mutfak,2026-05-12
Carolie Kayın Kesme Tahtası 19x25 cm Kahve,1999.99,Mutfak,2026-05-12
Carolie Kayın Kesme Tahtası 28x21 cm Kahve,2249.99,Mutfak,2026-05-12
Casamere Metal 4lü Peçete Halkası Gold,1749.99,Mutfak,2026-05-12
Catalina Süzgeç 20x35 cm Krem,1399.99,Mutfak,2026-05-12
Caterina Soyacak 17 cm Yeşil,1999.99,Mutfak,2026-05-12
Celia Silikon Spatula Gri,1149.99,Mutfak,2026-05-12
Celia Silikon Spatula Yeşil,1149.99,Mutfak,2026-05-12
Celia Silikon Yumurta Fırçası 22 cm Yeşil,799.95,Mutfak,2026-05-12
Celinda Kayın 2li Kesme Tahtası 22x30 cm - 15x21 cm Natural,1749.99,Mutfak,2026-05-12
Cest Cam Kavanoz 880 ml Turuncu,1749.99,Mutfak,2026-05-12
Cheerful Stoneware Fırın Tenceresi Mavi,1999.99,Mutfak,2026-05-12
Chef Cut Paslanmaz Çelik 6 Parça Bıçak Seti 11x11x22 cm Siyah,3499.99,Mutfak,2026-05-12
Chef Mutfak Önlüğü 65x75 cm Bej,1749.99,Mutfak,2026-05-12
Chef Mutfak Önlüğü 65x75 cm Lacivert,1749.99,Mutfak,2026-05-12
Chena Silikon Spatula 25 cm Beyaz,999.99,Mutfak,2026-05-12
Cherries Pamuk Kurulama Bezi 30x50 cm Sarı-Kırmızı,999.99,Mutfak,2026-05-12
Cherry Cam Kavanoz 630 ml Şeffaf,1299.99,Mutfak,2026-05-12
Cherry Cherry Kağıt 20li Kağıt Peçete 33x33 cm Mavi,1049.99,Mutfak,2026-05-12
"Cherry Emaye Baharatlık 0,75 L Sarı",2999.99,Mutfak,2026-05-12
Cherry Pamuk Kurulama Bezi 30x50 cm Kırmızı,1749.99,Mutfak,2026-05-12
Chimera Fırın Eldiveni ve Tutacak Seti Yeşil,2499.99,Mutfak,2026-05-12
Chimera Melamin Kaşıklık 24 cm Beyaz - Yeşil,1499.99,Mutfak,2026-05-12
Chimera Mutfak Önlüğü 65x75 cm Yeşil,2499.99,Mutfak,2026-05-12
Chimera Pamuk Kurulama Bezi 30x50 cm Mavi-Kırmızı,1499.99,Mutfak,2026-05-12
Chloe Iroko İkili Servis Gereci 29 cm Kahverengi,1999.99,Mutfak,2026-05-12
Christmas Cocaine 20li Kağıt Peçete Kırmızı,1149.95,Mutfak,2026-05-12
Christmas Straight 20li Kağıt Peçete Kırmızı,999.99,Mutfak,2026-05-12
Christmas Straight 20li Kağıt Peçete Yeşil,999.99,Mutfak,2026-05-12
Ciara Kepçe Siyah,1149.95,Mutfak,2026-05-12
Ciara Patates Ezici Mutfak Gereci Siyah,999.99,Mutfak,2026-05-12
Ciara Silikon Airfryer Kek Kalıbı Gri,1199.99,Mutfak,2026-05-12
Ciara Soyacak 17 cm Krem,1999.99,Mutfak,2026-05-12
Ciara Spatula 32 cm Siyah,1149.95,Mutfak,2026-05-12
"Ciara Süzgeç 31,5 cm Siyah",1149.95,Mutfak,2026-05-12
Classic Line 20li Kağıt Peçete Gri,1049.99,Mutfak,2026-05-12
Claudia Soyacak 15 cm Yeşil,1099.99,Mutfak,2026-05-12
Clawdia 20li Kağıt Peçete 33x33 cm Mavi-Turuncu,649.99,Mutfak,2026-05-12
ClickEase 6 Parça Premium Tencere ve Tava Seti Siyah,9999.99,Mutfak,2026-05-12
ClickEase 7 Parça Premium Tencere Seti 18-20-24-28 cm Siyah,14999.99,Mutfak,2026-05-12
ClickEase CeraWell 8 Parça Tencere Seti 20 – 20 – 26 – 26 cm Hardal,3869.99,Mutfak,2026-05-12
ClickEase CeraWell 8 Parça Tencere Seti 20 – 20 – 26 – 26 cm Mocha,21499.99,Mutfak,2026-05-12
ClickEase CeraWell 8 Parça Tencere Seti 20-24-26-26 cm Gri,4159.99,Mutfak,2026-05-12
ClickEase Premium 11 Parça Tencere Seti 16 – 20 – 24 – 26 - 28 cm Siyah,19999.99,Mutfak,2026-05-12
ClickEase Premium Tencere Seti Gri,2079.99,Mutfak,2026-05-12
Clyra Kağıt 20li Kağıt Peçete 33x33 cm Beyaz - Kırmızı,1049.99,Mutfak,2026-05-12
Coastal Charm 20li Kağıt Peçete 33x33 cm Mavi,649.99,Mutfak,2026-05-12
"Coastal Fish 20li Kağıt Peçete 32,5x32,5 cm Mavi",1099.99,Mutfak,2026-05-12
Coastal Hasır Ekmek Sepeti Gri,239.99,Mutfak,2026-05-12
Coastal Line 20li Kağıt Peçete 33x33 cm Mavi,1049.99,Mutfak,2026-05-12
Coastal Scorpion 20li Kağıt Peçete 33x33 cm Mavi,1049.99,Mutfak,2026-05-12
Coastal Sea 20li Kağıt Peçete 33x33 cm Mavi,1099.99,Mutfak,2026-05-12
Coastal Seashell 20li Kağıt Peçete 33x33 cm Mavi,1049.99,Mutfak,2026-05-12
Coastal Stripe 20li Kağıt Peçete 33x33 cm Mavi,1049.99,Mutfak,2026-05-12
Coastal Tie 20li Kağıt Peçete 33x33 cm Mavi,1049.99,Mutfak,2026-05-12
Coastline Mutfak Önlüğü 65x75 cm Mavi - Yeşil,2499.99,Mutfak,2026-05-12
Coastlinear Plastik Peçetelik 15x6x11 cm Mavi,1499.99,Mutfak,2026-05-12
Colessa Limon Sıkacağı Krem,1399.99,Mutfak,2026-05-12
Colessa Maşa 26 cm Yeşil,849.95,Mutfak,2026-05-12
Colessa Maşa Krem,849.95,Mutfak,2026-05-12
Colessa Paslanmaz Çelik Rende 11x24 cm Krem,1499.99,Mutfak,2026-05-12
Colessa Paslanmaz Çelik Rende 11x24 cm Yeşil,1499.99,Mutfak,2026-05-12
Colessa Plastik Limon Sıkacağı Yeşil,1399.99,Mutfak,2026-05-12
Colessa Saklama Kabı Krem,1149.99,Mutfak,2026-05-12
Colessa Saklama Kabı Yeşil,1399.99,Mutfak,2026-05-12
Colessa Soyacak 15 cm Krem,1099.99,Mutfak,2026-05-12
Colin Borosilikat Yağdanlık Şeffaf,489.99,Mutfak,2026-05-12
Collotte Maşa 27 cm Yeşil,999.99,Mutfak,2026-05-12
Collotte Maşa Krem,999.99,Mutfak,2026-05-12
Colorful Blooms Kağıt 20li Kağıt Peçete 33x33 cm Turuncu,1049.99,Mutfak,2026-05-12
Colorisca 20li Kağıt Peçete 33x33 cm Renkli,1099.99,Mutfak,2026-05-12
Colorpix Kağıt 20li Kağıt Peçete 33x33 cm Renkli,1049.99,Mutfak,2026-05-12
Colourful Joy Cam Kesme Tahtası 25x35 cm Renkli,1999.99,Mutfak,2026-05-12
Cooker Pamuk-Keten Mutfak Önlüğü 70x55 Cm Kiremit,1999.99,Mutfak,2026-05-12
Cooker Pamuk-Keten Mutfak Önlüğü 70x55 Cm Lacivert,1999.99,Mutfak,2026-05-12
Corazon Paslanmaz Çelik 4 Cup Moka Pot 160 ml Turuncu,1439.99,Mutfak,2026-05-12
Cordelia Silikon Maşa Kırmızı,1099.99,Mutfak,2026-05-12
Cordelia Silikon Çırpıcı 26 cm Kırmızı,1149.99,Mutfak,2026-05-12
Cordelia Silikon Çırpıcı Kırmızı,1399.99,Mutfak,2026-05-12
Cordie Cam Kesme Tahtası Renkli,1999.99,Mutfak,2026-05-12
Cosmic Cam Tereyağlık 21x8x7 Cm Şeffaf,2249.99,Mutfak,2026-05-12
Costa Premium 2li Tava Seti 20-24 cm Gri,6499.99,Mutfak,2026-05-12
Costa Premium 2li Tava Seti 24-28 cm Gri,7499.99,Mutfak,2026-05-12
Cottage Stoneware 2li Sufle Fırın Kabı 9 – 9 cm Açık Yeşil-Koyu Yeşil,314.99,Mutfak,2026-05-12
Cottage Stoneware 2’li Sufle Fırın Kabı 9 – 9 cm Koyu Pembe – Açık Pembe,1749.99,Mutfak,2026-05-12
"Cottage Stoneware Dikdörtgen Fırın Kabı 39,5x24,5 cm Koyu Yeşil",7499.99,Mutfak,2026-05-12
Cottage Stoneware Fırın Kabı Açık Pembe,539.99,Mutfak,2026-05-12
Cottage Stoneware Fırın Kabı Açık Yeşil,1999.99,Mutfak,2026-05-12
Cottage Stoneware Fırın Kabı Koyu Pembe,539.99,Mutfak,2026-05-12
Cottage Stoneware Yuvarlak Fırın Kabı 13x4 cm Koyu Yeşil,1499.99,Mutfak,2026-05-12
"Count Ölçü Kabı Mutfak Gereci 7,5x8x18 cm Şeffaf",749.95,Mutfak,2026-05-12
"Creil Paslanmaz Çelik 5 Parça Bloklu Bıçak Seti 20,5-24,5-33-33-33 cm Silver",1439.99,Mutfak,2026-05-12
Cross Cam Peçetelik 13x9 cm Şeffaf,799.95,Mutfak,2026-05-12
Crustic Ekmek Sepeti Kahverengi,1399.99,Mutfak,2026-05-12
"Crux Cam Tereyağlık 17,5x11x10 Cm Şeffaf",1749.99,Mutfak,2026-05-12
Culinary Pamuk Kurulama Bezi 30x50 cm Bej,749.95,Mutfak,2026-05-12
Culinary Pamuk Kurulama Bezi 30x50 cm Gri,749.95,Mutfak,2026-05-12
Cut Me 2li Kesme Tahtası 27-34 cm Bordo-Pembe,999.95,Mutfak,2026-05-12
CutMe 2li Kesme Tahtası 27-34 cm Fuşya-Mavi,999.95,Mutfak,2026-05-12
CutMe 2li Kesme Tahtası 27-34 cm Lila - Pembe,999.95,Mutfak,2026-05-12
Cute Deer 12li Kağıt Peçete 33x40 Cm Siyah,799.95,Mutfak,2026-05-12
Cutting Set Soyacaklı Kesme Tahtası Koyu Bej,1327.45,Mutfak,2026-05-12
Daisy Kağıt Peçete Mavi,1049.99,Mutfak,2026-05-12
Dalmata 20li Kağıt Peçete 33x33 cm Yeşil,1049.99,Mutfak,2026-05-12
Daniel Plastik 2’li Ölçü Kabı Mutfak Gereci 300 – 600 ml Şeffaf,1499.99,Mutfak,2026-05-12
Daniel Silikon 2li Servis Gereci 23.5 x 25 cm Yeşil,1499.99,Mutfak,2026-05-12
Daniel Silikon 3lü Servis Gereci 23.5x25x26.5 cm Açık Pembe,2249.99,Mutfak,2026-05-12
Darkness Kağıt 20li Kağıt Peçete 33x33 cm Siyah - Beyaz,174.99,Mutfak,2026-05-12
Deanna 3 Parça Saklama Kabı 1-2-3 Lt Pembe,2249.99,Mutfak,2026-05-12
Deanna 3 Parça Saklama Kabı Krem,2249.99,Mutfak,2026-05-12
Deanna 3 Parça Saklama Kabı Yeşil,2249.99,Mutfak,2026-05-12
Deeper 20li Kağıt Peçete 33x33 cm Kırmızı,649.99,Mutfak,2026-05-12
Deeper 20li Kağıt Peçete 33x33 cm Lacivert,649.99,Mutfak,2026-05-12
Diana Çelik 4lü Meyve Bıçak 16 cm Mavi,1399.99,Mutfak,2026-05-12
Dina Bambu Kesme Tahtası 31x20 cm Natural,1749.99,Mutfak,2026-05-12
Dolce Vita Cam Kavanoz 350 ml Sarı,1499.99,Mutfak,2026-05-12
Domino 20li Kağıt Peçete İndigo,1049.99,Mutfak,2026-05-12
Dr. Oetker Exclusive Seramik Kek Kalıbı Gri,3999.99,Mutfak,2026-05-12
Draze Pamuk Kurulama Bezi 30x50 cm Gri,999.99,Mutfak,2026-05-12
Dyna Pamuk 3lü Kurulama Bezi 30x50 cm Bej,1999.99,Mutfak,2026-05-12
Dyna Pamuk 3lü Kurulama Bezi 30x50 cm Gri,1999.99,Mutfak,2026-05-12
Düz Süzgeç Mavi,749.95,Mutfak,2026-05-12
Düz Süzgeç Pembe,749.95,Mutfak,2026-05-12
Eddy Silikon Servis Kaşığı Açık Bej,1149.95,Mutfak,2026-05-12
Eddy Silikon Spatula 28 cm Açık Bej,1149.95,Mutfak,2026-05-12
Eddy Silikon Spatula Açık Bej,1149.95,Mutfak,2026-05-12
Eddy Silikon Yumurta Fırçası Açık Bej,749.95,Mutfak,2026-05-12
Edenic Fırın Eldiveni ve Tutacak Seti Beyaz - Lacivert,2499.99,Mutfak,2026-05-12
Edenic Mutfak Önlüğü 65x75 cm Beyaz - Lacivert,2499.99,Mutfak,2026-05-12
Elegant Cam 6lı Baharatlık 90 ml Kahverengi,719.99,Mutfak,2026-05-12
Elisa Kayın Kesme Tahtası Natural,1749.99,Mutfak,2026-05-12
Elise Porselen Sahan Fırın Kabı Beyaz,251.99,Mutfak,2026-05-12
Elixan Borosilikat Kavanoz Şeffaf,3499.99,Mutfak,2026-05-12
Eliza Emaye Mini Çaydanlık Gül Kurusu,5999.99,Mutfak,2026-05-12
"Ella Silikon Buz Kalıbı 24x15,5 cm Renkli",239.99,Mutfak,2026-05-12
Elsie Cam Yağdanlık 500 ml Antrasit,1749.99,Mutfak,2026-05-12
Elsie Cam Yağdanlık 500 ml Krem,1699.95,Mutfak,2026-05-12
Elvira New Bone China 3lü Saklama Kabı 300 ml-600 ml-800 ml Krem,674.99,Mutfak,2026-05-12
Elysian Pamuk Kurulama Bezi 30x50 cm Kırmızı,1499.99,Mutfak,2026-05-12
Enjoy Today 20li Kağıt Peçete 33x33 cm Renkli,1049.99,Mutfak,2026-05-12
Essentials Paslanmaz Çelik Rende Gri,379.99,Mutfak,2026-05-12
"Estela Süzgeç 27,5x25 cm Krem",999.99,Mutfak,2026-05-12
"Estela Süzgeç 27,5x25 cm Yeşil",999.99,Mutfak,2026-05-12
Ethnic 20li Kağıt Peçete Renkli,1049.99,Mutfak,2026-05-12
Evelyn Borosilikat Çaydanlık 650 – 1300 ml Şeffaf,899.99,Mutfak,2026-05-12
Evelyn Pamuk Kurulama Bezi 40x60 cm Bej,999.99,Mutfak,2026-05-12
Evelyn Pamuk Kurulama Bezi 40x60 cm Kırmızı,999.99,Mutfak,2026-05-12
Evie Borosilikat-Akasya 2li Yağlık - Sirkelik 200 ml Şeffaf,489.99,Mutfak,2026-05-12
Fancy 20li Kağıt Peçete 33x33 cm Renkli,1049.99,Mutfak,2026-05-12
Fancy Tree Pamuk Kurulama Bezi Beyaz,1299.99,Mutfak,2026-05-12
"Fausta Saklama Kabı 17,4 x 12,5 x 6 cm Krem",849.95,Mutfak,2026-05-12
"Fausta Saklama Kabı 17,4 x 12,5 x 6 cm Yeşil",849.95,Mutfak,2026-05-12
Feel Happy New Bone China Demlik Seti 400 ml Beyaz,639.99,Mutfak,2026-05-12
Felicia Borosilikat Baharatlık 235 ml Şeffaf,1149.99,Mutfak,2026-05-12
Festive Tree Kağıt Peçete Beyaz,999.99,Mutfak,2026-05-12
Fiera Paslanmaz Çelik 5 Parça Bloklu Bıçak Seti 9-12-19-19-19 cm Yeşil,5499.99,Mutfak,2026-05-12
Finny 20li Kağıt Peçete Beyaz,1049.99,Mutfak,2026-05-12
Finny 20li Kağıt Peçete Turkuaz,1049.99,Mutfak,2026-05-12
"Fiorina Silikon Yumurta Fırçası 20,5 cm Yeşil",999.99,Mutfak,2026-05-12
Firbliss Kağıt 20li Kağıt Peçete 33x33 cm Renkli,999.99,Mutfak,2026-05-12
Fish 20li Kağıt Peçete Turuncu,188.99,Mutfak,2026-05-12
Fissler Vitaquick Glossy Düdüklü Tencere Siyah,27999.99,Mutfak,2026-05-12
"Fissler Vitaquick Premium Ek Cam Kapak + Buharda Pişirme Aparatlı Düdüklü Tencere Seti 6 + 3,5 L",26999.99,Mutfak,2026-05-12
"Fissler Vitavit Premium Düdüklü Tencere 4,5L Mat",17999.99,Mutfak,2026-05-12
"Fissler Vitavit Premium Düdüklü Tencere Seti 6 + 3,5 L Mat",27999.99,Mutfak,2026-05-12
Fleurwave 20li Kağıt Peçete 33x33 cm Bej,1049.99,Mutfak,2026-05-12
Floral 20li Kağıt Peçete 33x33 cm Beyaz,1049.99,Mutfak,2026-05-12
Floralia Kağıt 20li Kağıt Peçete 32x32 cm Yeşil,1049.99,Mutfak,2026-05-12
Florella Kağıt 20li Kağıt Peçete 33x33 cm Yeşil,188.99,Mutfak,2026-05-12
Florentis New Bone China Demlik Seti 400 – 290 ml Pembe - Yeşil,599.99,Mutfak,2026-05-12
Floresta 20li Kağıt Peçete 33x33 cm Renkli,1049.99,Mutfak,2026-05-12
Florid 20li Kağıt Peçete Renkli,1049.99,Mutfak,2026-05-12
"Florina Emaye Sos Tenceresi 1,1 L Krem",3999.99,Mutfak,2026-05-12
"Florina Emaye Sos Tenceresi 1,6L Beyaz",3499.99,Mutfak,2026-05-12
Florise 20li Kağıt Peçete 33x33 cm Renkli,1049.99,Mutfak,2026-05-12
Florset 20li Kağıt Peçete 33x33 cm Renkli,1049.99,Mutfak,2026-05-12
Floryna 20li Kağıt Peçete 33x33 cm Pembe-Beyaz,1049.99,Mutfak,2026-05-12
Flower Garden 20li Kağıt Peçete Pembe - Mavi,1049.99,Mutfak,2026-05-12
Fluffy Cloud Pamuk 2li Kurulama Bezi 30x30 cm Mavi-Lila,1499.99,Mutfak,2026-05-12
Frady Lunch Box Yeşil,1149.99,Mutfak,2026-05-12
"Fresco 4 Parça Süzgeç 3x1,8x0,5 Litre Antrasit",1199.99,Mutfak,2026-05-12
"Fresco 4 Parça Süzgeç 3x1,8x0,5 Litre Yeşil",179.98,Mutfak,2026-05-12
Fresh Safe Cam Kavanoz Gri,1399.99,Mutfak,2026-05-12
Fresh Safe Cam Saklama Kabı Gri,1149.99,Mutfak,2026-05-12
Fresh Ware Cam Saklama Kabı Gri,999.95,Mutfak,2026-05-12
Fruit Joy Cam Kesme Tahtası 38x28 cm Beyaz,1749.99,Mutfak,2026-05-12
Garden Petals Fırın Eldiveni ve Tutacak Seti Sarı,384.99,Mutfak,2026-05-12
Garnet Emaye Bakraç 16 cm Beyaz,2999.99,Mutfak,2026-05-12
"Garnet Emaye Sos Tenceresi 1,1 L Beyaz",719.99,Mutfak,2026-05-12
"Garnet Emaye Sos Tenceresi 1,6L Kırmızı",3749.99,Mutfak,2026-05-12
Gemma Air Kayın Kesme Tahtası Kahve,1499.99,Mutfak,2026-05-12
Ginger Glow Cam Kavanoz 950 ml Beyaz - Kırmızı,3999.99,Mutfak,2026-05-12
Ginger Glow Dolomite Demlik 490 ml Beyaz - Kırmızı,4499.99,Mutfak,2026-05-12
Gleam Cam Yağdanlık 290 ml Şeffaf,1699.95,Mutfak,2026-05-12
Glow Çelik 4 Parça Kızartma Tenceresi 14 cm Silver,7499.99,Mutfak,2026-05-12
Glow Çelik Cam Kapaklı Sahan Silver,629.99,Mutfak,2026-05-12
Glow Çelik Sığ Tencere 26x6 cm Silver,5999.99,Mutfak,2026-05-12
Glow Çelik Tava 26x5 cm Silver,6499.99,Mutfak,2026-05-12
Glow Çelik Tencere Silver,809.99,Mutfak,2026-05-12
Glowise Pamuk Kurulama Bezi 30x50 cm Gold,1149.95,Mutfak,2026-05-12
Good Mood 20li Kağıt Peçete Siyah - Beyaz,1049.99,Mutfak,2026-05-12
Good Times 20li Kağıt Peçete 33x33 cm Siyah - Beyaz,1049.99,Mutfak,2026-05-12
Gourmet Cam 2li Yağlık - Sirkelik 250 ml Krem,1699.95,Mutfak,2026-05-12
Gourmet Cam 2li Yağlık - Sirkelik 250 ml Siyah,1699.95,Mutfak,2026-05-12
Gozo Cam Kavanoz 680 ml Şeffaf,1499.99,Mutfak,2026-05-12
Grace 20li Kağıt Peçete 33x33 cm Siyah - Beyaz,1049.99,Mutfak,2026-05-12
Granada Granit 2 Parça Tava Seti Siyah,959.99,Mutfak,2026-05-12
Green Tea New Bone China Demlik Seti 300 ml Yeşil,584.99,Mutfak,2026-05-12
Greenery Pamuk Fırın Eldiveni ve Tutacak Seti Beyaz - Yeşil,2249.99,Mutfak,2026-05-12
Greenery Pamuk Mutfak Önlüğü 65x75 cm Beyaz - Yeşil,384.99,Mutfak,2026-05-12
Greeny Kağıt 20li Kağıt Peçete 33x33 cm Yeşil,1049.99,Mutfak,2026-05-12
Grify Kağıt 20li Kağıt Peçete 33x33 cm Siyah - Beyaz,146.99,Mutfak,2026-05-12
Grim Edge Paslanmaz Çelik Bıçak 12 cm Kırmızı,1499.99,Mutfak,2026-05-12
Grim Edge Paslanmaz Çelik Bıçak 12 cm Siyah,1499.99,Mutfak,2026-05-12
Gronda Soda Cam 3lü Baharatlık 400 ml Kahve,2499.99,Mutfak,2026-05-12
Growleaf 20li Kağıt Peçete 33x33 cm Yeşil,1049.99,Mutfak,2026-05-12
Haky Silikon Servis Kaşığı 29 cm Somon,699.95,Mutfak,2026-05-12
Harbour Paslanmaz Çelik Rende 21 cm Beyaz-Gri,244.99,Mutfak,2026-05-12
Harmony Mutfak Önlüğü 60x70 Cm Lacivert,1999.99,Mutfak,2026-05-12
Harper Paslanmaz Çelik Lunch Box 900 ml Turuncu,2749.99,Mutfak,2026-05-12
Harper Paslanmaz Çelik Lunch Box 900 ml Yeşil,2999.99,Mutfak,2026-05-12
Healthy Yumurtalık Mutfak Gereci 26x11x7 cm Şeffaf,999.99,Mutfak,2026-05-12
Hecha Cam Kavanoz Kırmızı,1999.99,Mutfak,2026-05-12
Hecha Demir Döküm Derin Tencere Mint,19999.99,Mutfak,2026-05-12
Hecha Demir Döküm Derin Tencere Pembe,19999.99,Mutfak,2026-05-12
Hecha Demir Döküm Izgara Tava 26 cm Mint,9999.99,Mutfak,2026-05-12
Hecha Demir Döküm Izgara Tava 26 cm Pembe,9999.99,Mutfak,2026-05-12
Hecha Demir Döküm Izgara Tava Biberiye Yeşili,7499.99,Mutfak,2026-05-12
Hecha Demir Döküm Izgara Tava Gri,9999.99,Mutfak,2026-05-12
Hecha Demir Döküm Izgara Tava Krem,9999.99,Mutfak,2026-05-12
Hecha Demir Döküm Izgara Tava Kırmızı,1599.99,Mutfak,2026-05-12
Hecha Demir Döküm Izgara Tava Mat Bordo,1799.99,Mutfak,2026-05-12
Hecha Demir Döküm Izgara Tava Mat Yeşil,12499.99,Mutfak,2026-05-12
Hecha Demir Döküm Izgara Tava Turuncu,1599.99,Mutfak,2026-05-12
Hecha Demir Döküm Sahan 20 cm Biberiye Yeşili,6249.99,Mutfak,2026-05-12
Hecha Demir Döküm Sahan 20 cm Gri,5499.99,Mutfak,2026-05-12
Hecha Demir Döküm Sahan 20 cm Krem,5499.99,Mutfak,2026-05-12
Hecha Demir Döküm Sahan 20 cm Kırmızı,6499.99,Mutfak,2026-05-12
Hecha Demir Döküm Sahan 20 cm Turuncu,5999.99,Mutfak,2026-05-12
Hecha Demir Döküm Tava Kırmızı,1799.99,Mutfak,2026-05-12
Hecha Demir Döküm Tava Turuncu,1599.99,Mutfak,2026-05-12
Hecha Demir Döküm Tencere Turuncu,17499.99,Mutfak,2026-05-12
Hecha Master Paslanmaz Çelik 8 Parça Bıçak 34.5x34x33.5x24.5x21 cm Kırmızı,12499.99,Mutfak,2026-05-12
Hecha Master Paslanmaz Çelik 8 Parça Bıçak Seti 34.5x34x33.5x24.5x21 cm Siyah,2659.99,Mutfak,2026-05-12
Hecha Meşe Değirmen 20 cm Kırmızı,639.99,Mutfak,2026-05-12
Hecha Meşe Değirmen 20 cm Siyah,639.99,Mutfak,2026-05-12
Hecha Meşe Değirmen 20 cm Turuncu,639.99,Mutfak,2026-05-12
Hecha Meşe Değirmen Kırmızı,359.99,Mutfak,2026-05-12
Hecha Meşe Değirmen Siyah,359.99,Mutfak,2026-05-12
Hecha Meşe Değirmen Turuncu,359.99,Mutfak,2026-05-12
Hecha Meşe Değirmen Yeşil,399.99,Mutfak,2026-05-12
Hecha Paslanmaz Çelik Rende 24.5 cm Kırmızı,2499.99,Mutfak,2026-05-12
Hecha Paslanmaz Çelik Rende 24.5 cm Siyah,2499.99,Mutfak,2026-05-12
Hecha Paslanmaz Çelik Rende 24.5 cm Yeşil,2499.99,Mutfak,2026-05-12
Hecha Seramik Fırın Kabı Biberiye Yeşili,4999.99,Mutfak,2026-05-12
Hecha Seramik Fırın Kabı Krem,989.99,Mutfak,2026-05-12
Hecha Seramik Fırın Kabı Kırmızı,7499.99,Mutfak,2026-05-12
Hecha Seramik Karıştırma Kabı 23x12 cm Siyah,2249.99,Mutfak,2026-05-12
Hecha Seramik Kaşıklık Krem,1749.99,Mutfak,2026-05-12
Hecha Seramik Kaşıklık Kırmızı,1999.99,Mutfak,2026-05-12
Hecha Seramik Kaşıklık Siyah,1749.99,Mutfak,2026-05-12
Hecha Silikon 3 Parça Servis Seti 28x32.5x31 cm Krem,2249.99,Mutfak,2026-05-12
Hecha Silikon 3 Parça Servis Seti 28x32.5x31 cm Yeşil,2249.99,Mutfak,2026-05-12
"Hecha Silikon 4 Parça Servis Seti 28x32,5x31 cm x 14,5 cm Kırmızı",3249.99,Mutfak,2026-05-12
Hecha Silikon 4 Parça Servis Seti 28x32.5x31 cm X 14.5 cm Siyah,2749.99,Mutfak,2026-05-12
Hecha Silikon 4 Parça Servis Seti 28x32.5x31 cm X 14.5 cm Turuncu,3249.99,Mutfak,2026-05-12
"Hope Emaye Sos Tenceresı 1,1 L Beyaz",3499.99,Mutfak,2026-05-12
Hope Melamin Kaşıklık Mutfak Gereci 24 cm Renkli,1499.99,Mutfak,2026-05-12
Horeca Alüminyum Wok Tava Siyah,4999.99,Mutfak,2026-05-12
Horeca Maksi Tava Siyah,4999.99,Mutfak,2026-05-12
Horeca Premium Sahan Siyah,2499.99,Mutfak,2026-05-12
Horizon Süzgeç Yeşil,1399.99,Mutfak,2026-05-12
Impera Çelik 2li Düdüklü Tencere Seti 4 + 6 L Siyah - Gri,19999.99,Mutfak,2026-05-12
Inox Paslanmaz Çelik Baharatlık 9 cm Silver,1149.99,Mutfak,2026-05-12
"Jade 3lü Kavanoz 700 ml – 1,4 L – 2 L Füme",1999.99,Mutfak,2026-05-12
"Jade 3lü Kavanoz 700 ml – 1,4 L – 2 L Şeffaf",1999.99,Mutfak,2026-05-12
Jaden Cam Kapaklı Şişe Kahve,999.99,Mutfak,2026-05-12
Jardin Cam Kulplu Kavanoz Şeffaf,2499.99,Mutfak,2026-05-12
Jaxon Cam Kavanoz Şeffaf,1499.99,Mutfak,2026-05-12
"Jessica Çelik 2li Sebze Bıçak 20,5 cm Mavi-yeşil",1999.99,Mutfak,2026-05-12
Jimena Metal Mutfak Gereci Siyah,1999.99,Mutfak,2026-05-12
Jolene Cam Şekerlik Mutfak Gereci 16 cm Şeffaf,1299.95,Mutfak,2026-05-12
Jolie Iroko İkili Servis Gereci 29 cm Kahverengi,439.99,Mutfak,2026-05-12
Jolly Crab Pamuk Kurulama Bezi 30x50 cm Renkli,1299.99,Mutfak,2026-05-12
Jollytree Kağıt 20li Kağıt Peçete 33x33 cm Yeşil,999.99,Mutfak,2026-05-12
Jore Cam 3lü Baharatlık Şeffaf,2499.99,Mutfak,2026-05-12
JoyPan Premium Krep Tava 26 cm Gri,639.99,Mutfak,2026-05-12
JoyPan Premium Pankek Tavası 27 cm Gri,3999.99,Mutfak,2026-05-12
JoyPan Premium Waffle Tava 26 cm Siyah,2749.99,Mutfak,2026-05-12
Joyfully 20li Kağıt Peçete 33x33 cm Siyah - Beyaz,1049.99,Mutfak,2026-05-12
Just Smile 20li Kağıt Peçete 33x33 cm Yeşil-Turuncu,1049.99,Mutfak,2026-05-12
Karissa Cam Peçetelik 13x9 cm Şeffaf,799.95,Mutfak,2026-05-12
Keep Me 5 Parça Saklama Kabı Kırmızı,1999.99,Mutfak,2026-05-12
Keep Me 5 Parça Saklama Kabı Yeşil,1999.99,Mutfak,2026-05-12
Keep Me Plastik 5li Saklama Kabı 160-300-500-885-1500 ml Mavi,1399.99,Mutfak,2026-05-12
Keep Me Plastik 5li Saklama Kabı 160-300-500-885-1500 ml Turuncu,1399.99,Mutfak,2026-05-12
Keira Akrilik 2li Servis Gereci Antrasit,399.99,Mutfak,2026-05-12
Kinsley Paslanmaz Çelik Mutfak Makası Mutfak Gereci 20 cm Gri,1499.99,Mutfak,2026-05-12
Kinsley Paslanmaz Çelik Un Eleği Mutfak Gereci 11 cm Açık Pembe,269.99,Mutfak,2026-05-12
Kinsley Silikon 2li Çırpıcı 26x23 cm Pembe,1999.99,Mutfak,2026-05-12
Kinsley Silikon 4lü Servis Gereci 21 x 21 x 21.5 x 23 cm Açık Pembe,1999.99,Mutfak,2026-05-12
Kinsley Silikon Maşa 27 cm Açık Pembe,1399.99,Mutfak,2026-05-12
Kinsley Silikon Maşa 27 cm Gri,1399.99,Mutfak,2026-05-12
Kittenly 20li Kağıt Peçete 33x33 cm Renkli,1049.99,Mutfak,2026-05-12
Krim Çelik Mutfak Gereci Mavi,999.99,Mutfak,2026-05-12
Krim Çelik Mutfak Gereci Pembe,999.99,Mutfak,2026-05-12
Krim Çelik Soyacak Krem,999.99,Mutfak,2026-05-12
Latona Kağıt 20li Kağıt Peçete 33x33 cm Siyah - Beyaz,167.99,Mutfak,2026-05-12
Laura Premium Kaplama Wok Tava 30 cm Siyah,4999.99,Mutfak,2026-05-12
Lavispera Pamuklu Nakışlı Kurulama Bezi 30x50 cm Mor,1399.99,Mutfak,2026-05-12
Leggy Paslanmaz Çelik Rende 20 cm Siyah,2499.99,Mutfak,2026-05-12
Lemon 20li Kağıt Peçete Sarı,1049.99,Mutfak,2026-05-12
Lemon Cam Kavanoz 970 ml Şeffaf,1299.99,Mutfak,2026-05-12
Lemon Emaye Baharatlık 1L Lila,2249.99,Mutfak,2026-05-12
Lemons Pamuk Kurulama Bezi Sarı,1299.99,Mutfak,2026-05-12
Lena Borosilikat Demlik Şeffaf,1549.95,Mutfak,2026-05-12
Lenna Pamuk Su Geçirmez Mutfak Önlüğü 60x75 cm Kırmızı,1499.99,Mutfak,2026-05-12
Leopura Kağıt 20li Kağıt Peçete 33x33 cm Kahverengi,1049.99,Mutfak,2026-05-12
"Lexus Paslanmaz Çelik 6 Parça Bıçak Seti 33x30,5x33x24,5x20,5 cm Siyah",1759.99,Mutfak,2026-05-12
Lia Seramik Fırın Kabı Mavi,479.99,Mutfak,2026-05-12
Liana Silikon Spagetti Kaşığı Gri,849.95,Mutfak,2026-05-12
Lily Plastik Mutfak Gereci Kahve,1999.99,Mutfak,2026-05-12
Lily Rende Mavi,749.95,Mutfak,2026-05-12
Lima Akasya Değirmen 9x6 cm Kahve,419.99,Mutfak,2026-05-12
Limefest Pamuk Kurulama Bezi 30x50 cm Sarı,999.99,Mutfak,2026-05-12
Linara 20li Kağıt Peçete 33x33 cm Yeşil,125.0,Mutfak,2026-05-12
"Linea Porselen Emaye Çaydanlık 0,85 + 2,2 L Hardal",1619.99,Mutfak,2026-05-12
Linear Hasır Ekmek Sepeti Gri,1999.99,Mutfak,2026-05-12
Linear Pamuk Kurulama Bezi 30x50 cm Beyaz - Gri,999.99,Mutfak,2026-05-12
Liore Kağıt 20li Kağıt Peçete 33x33 cm Bej,1049.99,Mutfak,2026-05-12
Liore Kağıt 20li Kağıt Peçete 33x33 cm Beyaz,1049.99,Mutfak,2026-05-12
"Lively Porselen Emaye Çaydanlık 0,85 + 2,2 L Mavi",8999.99,Mutfak,2026-05-12
Lovebloom 20li Kağıt Peçete 33x33 cm Pembe - Turuncu,1099.99,Mutfak,2026-05-12
Luca Çelik Cezve Silver,1999.99,Mutfak,2026-05-12
Lucie Borosilikat 2li Kavanoz 1000 ml Şeffaf,2499.99,Mutfak,2026-05-12
"Lucy Silikon 3 Parça Hazırlık Seti 23-26,5-30,5 cm Bej",1999.99,Mutfak,2026-05-12
Lufia Paslanmaz Çelik Rende 23 cm Siyah,2249.99,Mutfak,2026-05-12
Lukas Akrilik Değirmen Şeffaf,1749.99,Mutfak,2026-05-12
Lumos Çelik Çaydanlık Silver,10999.99,Mutfak,2026-05-12
Lunaria Pamuk Kurulama Bezi 30x50 cm Gri,999.99,Mutfak,2026-05-12
Lusty Pamuk Kurulama Bezi 30x50 cm Lila,1049.99,Mutfak,2026-05-12
Lusty Pamuk Kurulama Bezi 30x50 cm Pudra,1049.99,Mutfak,2026-05-12
Lusty Pamuk Kurulama Bezi 30x50 cm Yeşil,999.99,Mutfak,2026-05-12
Luxe 20li Kağıt Peçete 33x33 cm Beyaz,1049.99,Mutfak,2026-05-12
Lydia Metal Ekmek Sepeti Bej,1999.99,Mutfak,2026-05-12
Lyon Mutfak Düzenleyici Şeffaf,749.95,Mutfak,2026-05-12
Maggy Ahşap Kesme Tahtası 30x20 cm Kırmızı,2249.99,Mutfak,2026-05-12
Maggy Ahşap Kesme Tahtası 30x20 cm Mavi,2249.99,Mutfak,2026-05-12
Magic Trees 20li Kağıt Peçete 33x33 cm Beyaz,999.99,Mutfak,2026-05-12
Maisy Paslanmaz Çelik Ezici Mutfak Gereci Krem,1149.99,Mutfak,2026-05-12
Maisy Paslanmaz Çelik Kaşık Servis Gereci Krem,1149.99,Mutfak,2026-05-12
Maisy Paslanmaz Çelik Kevgır 33 cm Krem,1149.99,Mutfak,2026-05-12
"Maisy Paslanmaz Çelik Mini Rende 24,5 cm Krem",1999.99,Mutfak,2026-05-12
Maisy Paslanmaz Çelik Mini Süzgeç 26 cm Krem,1199.99,Mutfak,2026-05-12
Maisy Paslanmaz Çelik Soyacak 20 cm Krem,1149.95,Mutfak,2026-05-12
Maisy Paslanmaz Çelik Spatula Krem,1149.99,Mutfak,2026-05-12
Maisy Paslanmaz Çelik Çırpıcı 30 cm Krem,1399.99,Mutfak,2026-05-12
Makeda Paslanmaz Çelik Süzgeç 22 cm Açık Mavi,2499.99,Mutfak,2026-05-12
Makeda Paslanmaz Çelik Süzgeç 22 cm Açık Pembe,2499.99,Mutfak,2026-05-12
Makeda Paslanmaz Çelik Süzgeç 22 cm Gri,2499.99,Mutfak,2026-05-12
Malic Pamuk Kurulama Bezi 30x50 cm Yeşil – Kırmızı,999.99,Mutfak,2026-05-12
Malory Cam 4 Parça Baharatlık 350 ml Şeffaf,1999.99,Mutfak,2026-05-12
Marble Stripe 20li Kağıt Peçete Gold,1049.99,Mutfak,2026-05-12
Marcel CeraWell 5 Parça Tencere Seti 22 – 26 – 26 cm Siyah,13999.99,Mutfak,2026-05-12
Marco Cam 7 Parça Baharatlık 15x11 cm Siyah,4999.99,Mutfak,2026-05-12
Marguerite 20li Kağıt Peçete Pembe,1049.99,Mutfak,2026-05-12
"Marilda Cam 2 Parça Baharatlık 10x12,5 cm Natural",1999.99,Mutfak,2026-05-12
Marine Line 20li Kağıt Peçete Mavi,1049.99,Mutfak,2026-05-12
Marine Line 20li Kağıt Peçete Yeşil,1049.99,Mutfak,2026-05-12
Mario Cam 6 Parça Baharatlık 13x13 cm Krem,3499.99,Mutfak,2026-05-12
Maris Borosilikat Saklama Kabı Beyaz,1749.99,Mutfak,2026-05-12
Marissa Borosilikat Kavanoz Şeffaf,1499.99,Mutfak,2026-05-12
Maritime Melody Fırın Eldiveni ve Tutacak Seti Beyaz - Yeşil,384.99,Mutfak,2026-05-12
Maritime Melody Mutfak Önlüğü 65x75 cm Beyaz - Yeşil,449.99,Mutfak,2026-05-12
Marlyn Borosilikat Saklama Kabı Kahve,479.99,Mutfak,2026-05-12
Maro Pamuk 2li Misafir Peçetesi Siyah,1399.99,Mutfak,2026-05-12
Master Lock Plastik Saklama Kabı Pembe,999.99,Mutfak,2026-05-12
Master Lock Saklama Kabı Mavi,1999.99,Mutfak,2026-05-12
Meadlyn 20li Kağıt Peçete 33x33 cm Siyah - Beyaz,1099.99,Mutfak,2026-05-12
Melie Cam Kavanoz Yeşil,1399.99,Mutfak,2026-05-12
Melon Kağıt Kağıt Peçete Kırmızı,1049.99,Mutfak,2026-05-12
Meri Cam Peçetelik Şeffaf,1299.99,Mutfak,2026-05-12
Merry Cam Kavanoz Mavi,1499.99,Mutfak,2026-05-12
Merry Christmas 20li Kağıt Peçete Kırmızı,1249.99,Mutfak,2026-05-12
Mezaluna Plastik 2 Katlı Lunch Box 710 ml+710 ml Turuncu,1399.99,Mutfak,2026-05-12
Mezaluna Plastik 2 Katlı Lunch Box 720 ml +720 ml Yeşil,1399.99,Mutfak,2026-05-12
Mezaluna Time 2 Katlı Lunch Box 1 L- 1 L Turuncu,1399.99,Mutfak,2026-05-12
Mezaluna Time 2 Katlı Lunch Box 1 L- 1 L Yeşil,1399.99,Mutfak,2026-05-12
Mia Silikon 2li Buz Kalıbı 22x12 cm Turuncu,1999.99,Mutfak,2026-05-12
Mia Silikon 2li Buz Kalıbı 22x12 cm Yeşil,2199.99,Mutfak,2026-05-12
Mila Borosilikat Saklama Kabı Yeşil,1499.99,Mutfak,2026-05-12
Mini Squeezer Limon Sıkacağı Yeşil,999.99,Mutfak,2026-05-12
Miny Hazneli Rende Lacivert,849.95,Mutfak,2026-05-12
Mirage Cam Kavanoz Yeşil,1399.99,Mutfak,2026-05-12
Miri Ahşap Değirmen Kahve,2499.99,Mutfak,2026-05-12
Miria Borosilikat Kavanoz Kahve,1499.99,Mutfak,2026-05-12
Mistora 20li Kağıt Peçete 33x33 cm Gri,146.99,Mutfak,2026-05-12
Mix Me 3 Parça Servis Seti Mavi,999.99,Mutfak,2026-05-12
Mix Me 3 Parça Servis Seti Pembe,999.99,Mutfak,2026-05-12
Mixed Shapes Mutfak Gereci Yeşil,269.99,Mutfak,2026-05-12
Mocha Granit 4 Parça Kapaklı Sahan 18-20 cm Kahverengi,6499.99,Mutfak,2026-05-12
Mocha Mini Granit Tencere 22 cm Kahverengi,3999.99,Mutfak,2026-05-12
Modern Linen Pamuk 2li Misafir Peçetesi Terracotta,1499.99,Mutfak,2026-05-12
Moira Metal Kağıt Havluluk Mutfak Gereci 13x13 cm Krem,2999.99,Mutfak,2026-05-12
Moira Metal Kağıt Havluluk Mutfak Gereci 13x13 cm Siyah,2749.99,Mutfak,2026-05-12
Moira Metal Kaşıklık 11x11 cm Krem,2999.99,Mutfak,2026-05-12
Moira Metal Kaşıklık 11x11 cm Siyah,2749.99,Mutfak,2026-05-12
Moneta Cam Süzgeçli Saklama Kabı Mavi,1749.99,Mutfak,2026-05-12
Monetta Cam 5 Parça Baharatlık Natural,2999.99,Mutfak,2026-05-12
Morgan Plastik Saklama Kabı Beyaz,1499.99,Mutfak,2026-05-12
Morgan Saklama Kabı Siyah,749.95,Mutfak,2026-05-12
Morino Silikon Bal Kaşığı Mutfak Gereci 16 cm Yeşil,749.95,Mutfak,2026-05-12
Mossica 20li Kağıt Peçete 33x33 cm Yeşil,1049.99,Mutfak,2026-05-12
Nador Paslanmaz Çelik Lunch Box Silver,2999.99,Mutfak,2026-05-12
Nalini Cam Değirmen 13 cm Beyaz,1399.99,Mutfak,2026-05-12
Nalini Cam Değirmen 16 cm Gri,1249.99,Mutfak,2026-05-12
Natural Plaid Pamuk Kurulama Bezi 30x50 cm Antrasit,1049.99,Mutfak,2026-05-12
Natural Plaid Pamuk Kurulama Bezi 30x50 cm Mavi,1049.99,Mutfak,2026-05-12
"Navera Kağıt Ekmek Sepeti 23,5x18x8 cm Krem",1749.99,Mutfak,2026-05-12
Navessa Kağıt Ekmek Sepeti 24x18x8 cm Krem,269.99,Mutfak,2026-05-12
Navy 2li Saklama Kabı Seti Lacivert,2499.99,Mutfak,2026-05-12
Neoflam Fika Alüminyum Döküm Cam Kapaklı Sahan 20 cm Bej,2339.99,Mutfak,2026-05-12
Neoflam Fika Alüminyum Döküm Tava Bej,2099.99,Mutfak,2026-05-12
Neoflam Fika Alüminyum Döküm Tencere Bej,2499.99,Mutfak,2026-05-12
Neoflam Midas Seramik 11 Parça Tencere Seti 16-20-24-28-28 cm Bej,10620.99,Mutfak,2026-05-12
Neoflam Midas Seramik 11 Parça Tencere Seti 16-20-24-28-28 cm Gri,10629.99,Mutfak,2026-05-12
Neoflam Perfect Seal Cam Derin Saklama Kabı 1600 ml Şeffaf,809.99,Mutfak,2026-05-12
New Aden Çelik Çaydanlık Silver,9999.99,Mutfak,2026-05-12
New Rio Premium Makarna ve Popcorn Tencere 22 cm Kırmızı,4999.99,Mutfak,2026-05-12
Nice Mutfak Düzenleyici Şeffaf,999.95,Mutfak,2026-05-12
Nish Plastik 2li Saklama Kabı Seti Pembe,2499.99,Mutfak,2026-05-12
Norm Pamuk Kurulama Bezi 30x50 cm Beyaz - Gri,1499.99,Mutfak,2026-05-12
Nova Çelik Çaydanlık 1L- 2L Siyah,9999.99,Mutfak,2026-05-12
Novia 3lü Kavanoz 550 ml-1200 ml-1700 ml Açık Yeşil,1399.99,Mutfak,2026-05-12
Novia 3lü Kavanoz 550 ml-1200 ml-1700 ml Krem,1399.99,Mutfak,2026-05-12
Novia Cam Ölçü Kaplı Kavanoz Mavi-Beyaz,1499.99,Mutfak,2026-05-12
Nutmeg Kağıt 20li Kağıt Peçete 33x33 cm Kahverengi,1049.99,Mutfak,2026-05-12
Nuvia Kağıt 20li Kağıt Peçete 33x33 cm Siyah - Beyaz,1049.99,Mutfak,2026-05-12
"Odel Paslanmaz Çelik Rende 22,5 cm Gri",299.99,Mutfak,2026-05-12
Odes 2li Mutfak Düzenleyici 2 L – 5 L Şeffaf,2399.99,Mutfak,2026-05-12
Odile Çırpıcı 33 cm Mavi,1149.95,Mutfak,2026-05-12
Odin Borosilikat Cam Çaydanlık 600-1200 ml Şeffaf,4999.99,Mutfak,2026-05-12
"Ofelia Sarımsak Ezici Mutfak Gereci 14,5 cm Krem",999.99,Mutfak,2026-05-12
"Ofelia Sarımsak Ezici Mutfak Gereci 14,5 cm Yeşil",999.99,Mutfak,2026-05-12
Oh La La Cam Kesme Tahtası Mavi-Beyaz,1749.99,Mutfak,2026-05-12
Oh deer 20li Kağıt Peçete 33x33 cm Siyah,999.99,Mutfak,2026-05-12
Olith 20li Kağıt Peçete 33x33 cm Yeşil,1049.99,Mutfak,2026-05-12
Oliver New Bone China 3lü Saklama Kabı 300 ml-600 ml-800 ml Lila-Lacivert-Krem,2999.99,Mutfak,2026-05-12
Opalin 2li Misafir Peçetesi 40x40 cm Beyaz - Kırmızı,2249.99,Mutfak,2026-05-12
Opulent Cam 3lü Baharatlık 240 ml Kahverengi,559.99,Mutfak,2026-05-12
Orange Cam Kavanoz 970 ml Şeffaf,1399.99,Mutfak,2026-05-12
"Orange Emaye Baharatlık 0,5L Kırmızı",2999.99,Mutfak,2026-05-12
Orange Melamin Kaşıklık 24 cm Beyaz - Turuncu,1499.99,Mutfak,2026-05-12
Orangebloom Kağıt 20li Kağıt Peçete 33x33 cm Sarı,1049.99,Mutfak,2026-05-12
Orangebloom Melamin Kaşıklık Mutfak Gereci 24 cm Turuncu-Mavi,1499.99,Mutfak,2026-05-12
Ornella Borosilikat Yağdanlık Şeffaf,1699.95,Mutfak,2026-05-12
Oscar Borosilikat 3lü Baharatlık 205 ml Şeffaf,2249.99,Mutfak,2026-05-12
Owia Paslanmaz Çelik Çırpıcı 26 cm Gri,1499.99,Mutfak,2026-05-12
Pablo Borosilikat 2li Baharatlık 305 ml Şeffaf,439.99,Mutfak,2026-05-12
Paisley 2li Kavanoz 750 ml-1300 ml Yeşil,1299.99,Mutfak,2026-05-12
Palm Tree Cam Kesme Tahtası 38x28 cm Beyaz,1749.99,Mutfak,2026-05-12
"Paolo Silikon 5 Parça Hazırlık Seti 31,5-32-33-34-34 cm Turuncu",3249.99,Mutfak,2026-05-12
Papaya 20li Kağıt Peçete Yeşil,1049.99,Mutfak,2026-05-12
Pastora Rattan Ekmek Sepeti 34x20x12 cm Bej,1749.99,Mutfak,2026-05-12
Pastoral Rattan Ekmek Sepeti Bej,1749.99,Mutfak,2026-05-12
"Patisserie Amelie Premium Döküm Yuvarlak Kek Kalıbı 24,5 cm Şampanya",449.99,Mutfak,2026-05-12
Patisserie Aura Premium Döküm Kek Kalıbı 24 cm Şampanya,1999.99,Mutfak,2026-05-12
Patisserie Bella Döküm Kek Kalıbı 35 cm Gold,2499.99,Mutfak,2026-05-12
Patisserie Clamp Karbon Çelik Kek Kalıbı Şampanya,2999.99,Mutfak,2026-05-12
"Patisserie Clara Premium Döküm Yuvarlak Kek Kalıbı 24,5 cm Şampanya",2199.99,Mutfak,2026-05-12
Patisserie Dream Döküm Kek Kalıbı 26 cm Gold,2249.99,Mutfak,2026-05-12
"Patisserie Elaris Karbon Çelik Yuvarlak Kek Kalıbı 27x4,5 cm Şampanya",439.99,Mutfak,2026-05-12
Patisserie Frezya Döküm Kek Kalıbı 26 cm Gold-Silver,2649.99,Mutfak,2026-05-12
"Patisserie Harmonia Karbon Çelik Tart Kek Kalıbı 32x2,5 cm Şampanya",2249.99,Mutfak,2026-05-12
Patisserie Hazel Premium Döküm Yuvarlak Kek Kalıbı 25 cm Şampanya,2499.99,Mutfak,2026-05-12
Patisserie Helix Premium Döküm Baton Kek Kalıbı 26 cm Siyah,449.99,Mutfak,2026-05-12
Patisserie Kek Kalıbı Gri,2499.99,Mutfak,2026-05-12
Patisserie Lena Döküm Kek Kalıbı 25 cm Gold,2799.99,Mutfak,2026-05-12
Patisserie Margot Premium Döküm Baton Kek Kalıbı 28 cm Şampanya,449.99,Mutfak,2026-05-12
Patisserie Meri Döküm Kek Kalıbı 25 cm Gold,2499.99,Mutfak,2026-05-12
"Patisserie Mimi Karbon Çelik Muffin Kek Kalıbı 29,5x21 cm Şampanya",2499.99,Mutfak,2026-05-12
Patisserie Nera Döküm Kek Kalıbı 25 cm Gold,2499.99,Mutfak,2026-05-12
Patisserie Nera Döküm Kek Kalıbı 25 cm Gold-Silver,2499.99,Mutfak,2026-05-12
Patisserie Prince Karbon Çelik Fırın Kabı Şampanya,3199.99,Mutfak,2026-05-12
Patisserie Quinn Döküm Kek Kalıbı 25 cm Gold,2499.99,Mutfak,2026-05-12
Patisserie Quinn Döküm Kek Kalıbı 25 cm Gold-Silver,2499.99,Mutfak,2026-05-12
Patisserie Roasty Karbon Çelik Izgaralı Fırın Kabı 37x29 cm Koyu Gri,4499.99,Mutfak,2026-05-12
Patisserie Sigrid Karbon Çelik Baton Kek Kalıbı 28x17 cm Şampanya,2249.99,Mutfak,2026-05-12
"Patisserie Slices Karbon Çelik Kek Kalıbı 25,5 cm Şampanya",539.99,Mutfak,2026-05-12
Patisserie Star Döküm Kek Kalıbı Gold-Silver,2749.99,Mutfak,2026-05-12
Patisserie Thin Döküm Kek Kalıbı 26 cm Gold-Silver,2499.99,Mutfak,2026-05-12
Patisserie Tray Karbon Çelik Kek Kalıbı 37x27 cm Şampanya,2749.99,Mutfak,2026-05-12
Patsy Akrilik Değirmen 16 cm Şeffaf,1749.99,Mutfak,2026-05-12
Patsy Metal Rende 22 cm Siyah,2249.99,Mutfak,2026-05-12
Patti Cam Yağdanlık,849.95,Mutfak,2026-05-12
Pawzy 20li Kağıt Peçete 33x33 cm Renkli,1049.99,Mutfak,2026-05-12
Peony Akasya 3lü Servis Seti Krem,2999.99,Mutfak,2026-05-12
"Peony Çelik Süzgeç 30,5x16 cm Krem",3999.99,Mutfak,2026-05-12
"Peony Çelik Süzgeç 30,5x16 cm Yeşil",3999.99,Mutfak,2026-05-12
"Perrine Spatula 17,5 cm Mavi",999.99,Mutfak,2026-05-12
Perro Emaye Mini Çaydanlık Krem,5999.99,Mutfak,2026-05-12
Petal Dreams Fırın Eldiveni ve Tutacak Seti Beyaz - Pembe,2499.99,Mutfak,2026-05-12
Petalpop 20li Kağıt Peçete 33x33 cm Renkli,1049.99,Mutfak,2026-05-12
Piatto Cest Cam 2li Baharatlık 220 ml - 220 ml Pembe - Lila,314.99,Mutfak,2026-05-12
Pinkbloom Kağıt 20li Kağıt Peçete 33x33 cm Pembe,146.99,Mutfak,2026-05-12
Pinklet 20li Kağıt Peçete 33x33 cm Pembe-Beyaz,1049.99,Mutfak,2026-05-12
Plain Elegance 20li Kağıt Peçete 33x33 cm Gold,1049.99,Mutfak,2026-05-12
Plain Elegance 20li Kağıt Peçete 33x33 cm Mavi,1049.99,Mutfak,2026-05-12
Plain Elegance 20li Kağıt Peçete 33x33 cm Silver,1049.99,Mutfak,2026-05-12
Plain Elegance 20li Kağıt Peçete 33x33 cm Turuncu,1049.99,Mutfak,2026-05-12
Plain Elegance 20li Kağıt Peçete 33x33 cm Yeşil,1049.99,Mutfak,2026-05-12
Pointra 20li Kağıt Peçete 33x33 cm Beyaz-Kahverengi,1049.99,Mutfak,2026-05-12
Polarbox 12L Mauve - Gold,4699.99,Mutfak,2026-05-12
Polarbox 12L Verda Forest - Gold,4699.99,Mutfak,2026-05-12
Polarbox 20 L Bubblegum Pink - Cyan Pop,4999.99,Mutfak,2026-05-12
Polarbox 20 L Marine - Mustard Classic,4999.99,Mutfak,2026-05-12
Polarbox 20 L Olive Green - Gold,4999.99,Mutfak,2026-05-12
Polarbox 6L Bruma - Denim Classic,4399.99,Mutfak,2026-05-12
Polarbox Deri Kayışlı Soğuk ve Sıcak Saklama Termosu 6L Pudra – Gold,4399.99,Mutfak,2026-05-12
Polarbox Deri Kayışlı Soğuk ve Sıcak Saklama Termosu 6L Sarı – Bebe Mavisi,4399.99,Mutfak,2026-05-12
Polarbox Gold Edition Deri Kayışlı Soğuk ve Sıcak Saklama Termosu 20 L Pudra – Gold,4999.99,Mutfak,2026-05-12
Polito Paslanmaz Çelik Rende 21 cm Siyah,359.99,Mutfak,2026-05-12
Porto Premium Tava Seti Siyah,3749.99,Mutfak,2026-05-12
"Posuda 3lü Mini Buz Kalıbı 7x12,5x3,5 cm Krem",1299.95,Mutfak,2026-05-12
Posuda 3lü Mini Buz Kalıbı Mavi,1149.99,Mutfak,2026-05-12
Posuda 3lü Mini Buz Kalıbı Pembe,1149.99,Mutfak,2026-05-12
"Poul 3lü Ölçü Kaşığı 22x7,8x5 cm Turkuaz",649.95,Mutfak,2026-05-12
Prea Cam Kavanoz Krem,1249.99,Mutfak,2026-05-12
Prea Cam Kavanoz Siyah,209.99,Mutfak,2026-05-12
Prego CeraWell Derin Tencere Siyah,1159.99,Mutfak,2026-05-12
Prego CeraWell Kapaklı Sahan 20 cm Krem - Kahve,5499.99,Mutfak,2026-05-12
Prego CeraWell Kapaklı Sahan 20 cm Siyah,4499.99,Mutfak,2026-05-12
Prego CeraWell Seramik Kapaklı Sahan 20 cm Gri,719.99,Mutfak,2026-05-12
Prego CeraWell Seramik Tencere Gri,4999.99,Mutfak,2026-05-12
Prego CeraWell Tava Krem - Kahve,719.99,Mutfak,2026-05-12
Prego CeraWell Tava Siyah,4999.99,Mutfak,2026-05-12
Prego CeraWell Tencere Krem - Kahve,6499.99,Mutfak,2026-05-12
Prego Çelik Çaydanlık Siyah,8999.99,Mutfak,2026-05-12
Pressico Borosilikat French Press 350 ml Siyah,2499.99,Mutfak,2026-05-12
Pretty Premium 2li Sahan 18-22 cm Siyah,959.99,Mutfak,2026-05-12
Pretty Premium 5 Parça Mini Tencere Seti 14-16-16 cm Yeşil,6999.99,Mutfak,2026-05-12
Pretty Premium Mini Tava 14 cm Gri,2499.99,Mutfak,2026-05-12
Pretty Premium Mini Tava 14 cm Mocha,399.99,Mutfak,2026-05-12
Pretty Premium Sos Tenceresi 14 Cm Gri,2999.99,Mutfak,2026-05-12
Pretty Premium Sos Tenceresi 14 cm Mocha,2499.99,Mutfak,2026-05-12
Pretty Premium Tava Seti 18-20 cm Siyah,3999.99,Mutfak,2026-05-12
Prime Blush Premium Tava Seti 20-26 cm Bej,7999.99,Mutfak,2026-05-12
Prime Blush Premium Tava Seti 20-26 cm Bordo,1399.99,Mutfak,2026-05-12
Prime Blush Premium Tava Seti 20-26 cm Pembe,6249.99,Mutfak,2026-05-12
Prime Expert Animals Premium Pankek Tava 28 cm Siyah,4499.99,Mutfak,2026-05-12
Prime Expert Premium Döküm Kapaklı Sahan Siyah - Gri,1199.99,Mutfak,2026-05-12
Prime Expert Premium Sahan Siyah,2499.99,Mutfak,2026-05-12
Prime Maestro Premium Döküm Sahan Siyah,539.99,Mutfak,2026-05-12
Prime Red Love Döküm Tencere Kırmızı,6249.99,Mutfak,2026-05-12
Pro Cook Series Tava Siyah,5499.99,Mutfak,2026-05-12
Pro Cook Series Tencere Siyah,6999.99,Mutfak,2026-05-12
Pro Grade Premium İndüksiyon Tabanlı Krep Tava 30 cm Siyah,4999.99,Mutfak,2026-05-12
Pro Grade Premium İndüksiyon Tabanlı Tava Siyah,2999.99,Mutfak,2026-05-12
Pudlily 20li Kağıt Peçete 33x33 cm Renkli,1049.99,Mutfak,2026-05-12
Pure Plaid Pamuklu 3lü Kurulama Bezi 30x30 cm Bej,1399.99,Mutfak,2026-05-12
Pure Stoneware Oval Fırın Tenceresi Krem,3499.99,Mutfak,2026-05-12
Pure Wooden Borosilikat Kavanoz Şeffaf,1199.99,Mutfak,2026-05-12
Rachelle Kepçe 32 cm Mavi - Gri,1149.99,Mutfak,2026-05-12
Rachelle Kevgır 34 cm Mavi - Gri,999.99,Mutfak,2026-05-12
Rachelle Paslanmaz Çelik Çırpıcı 30 cm Mavi - Gri,1299.99,Mutfak,2026-05-12
"Rachelle Sarımsak Ezici Mutfak Gereci 15,5 cm Mavi - Gri",1649.99,Mutfak,2026-05-12
Rachelle Servis Kaşığı Servis Gereci 32 cm Mavi - Gri,1149.99,Mutfak,2026-05-12
"Rachelle Soyacak 14,5 cm Mavi - Gri",1049.99,Mutfak,2026-05-12
Rachelle Spatula 34 cm Mavi - Gri,1149.99,Mutfak,2026-05-12
Rainbow Grid Kağıt 20li Kağıt Peçete 33x33 cm Renkli,1049.99,Mutfak,2026-05-12
Rainbow Kurulama Bezi 30x50 cm Renkli,1299.99,Mutfak,2026-05-12
Raya Paslanmaz Çelik Mutfak Gereci Silver,999.99,Mutfak,2026-05-12
Regent Metal Peçetelik 18x18 cm Gold,1499.99,Mutfak,2026-05-12
Renita Paslanmaz Çelik Rende 23 cm Siyah,1999.99,Mutfak,2026-05-12
Retro Art 20li Kağıt Peçete Sarı,1049.99,Mutfak,2026-05-12
Retro Art Cam Kavanoz 500 ml Renkli,1149.99,Mutfak,2026-05-12
Retro Blossom 20li Kağıt Peçete Turuncu,1099.99,Mutfak,2026-05-12
Retro Botanique 20li Kağıt Peçete Yeşil,1099.99,Mutfak,2026-05-12
Retro Bouquet 20li Kağıt Peçete Beyaz,1099.99,Mutfak,2026-05-12
Retro Floral 20li Kağıt Peçete  Yeşil,1049.99,Mutfak,2026-05-12
Retro Flower 20li Kağıt Peçete Yeşil,1049.99,Mutfak,2026-05-12
Retro Flowery 20li Kağıt Peçete Krem,1049.99,Mutfak,2026-05-12
Retro Gingham 20li Kağıt Peçete Krem,1049.99,Mutfak,2026-05-12
Retro Grids Pamuk Kurulama Bezi Krem - Pembe,1499.99,Mutfak,2026-05-12
Retro Line 20li Kağıt Peçete Terracotta,1049.99,Mutfak,2026-05-12
Retro Petite Melamin Nihale Mutfak Gereci Beyaz - Turuncu,1299.95,Mutfak,2026-05-12
Retro Plaid 20li Kağıt Peçete Yeşil,1049.99,Mutfak,2026-05-12
Retro Realm Cam Baharatlık 350 ml Renkli,1149.99,Mutfak,2026-05-12
Retro Realm Emaye Baharatlık Mavi,2499.99,Mutfak,2026-05-12
Retro Revival Pamuk Kurulama Bezi Krem - Mavi,1299.99,Mutfak,2026-05-12
Retro Shapes 20li Kağıt Peçete Pembe,1049.99,Mutfak,2026-05-12
Retro Style 20li Kağıt Peçete Pembe,1049.99,Mutfak,2026-05-12
Retro Style Cam Kavanoz 500 ml Mavi,1399.99,Mutfak,2026-05-12
Retro Trellis 20li Kağıt Peçete Yeşil,1049.99,Mutfak,2026-05-12
Retro Vernal Pamuk Kurulama Bezi Pudra,1749.99,Mutfak,2026-05-12
Retro Waves 20li Kağıt Peçete Pembe,1049.99,Mutfak,2026-05-12
Ribbon 20li Kağıt Peçete Gri,1049.99,Mutfak,2026-05-12
Riga Akrilik Değirmen 17 cm Şeffaf,404.99,Mutfak,2026-05-12
Rita Paslanmaz Çelik Soyacak 13 cm Siyah,1999.99,Mutfak,2026-05-12
Rivoli Borosilikat Kavanoz Şeffaf,999.95,Mutfak,2026-05-12
Roche Borosilikat Kavanoz Kahve,1499.99,Mutfak,2026-05-12
Romantic Toile 20li Kağıt Peçete Bej,1049.99,Mutfak,2026-05-12
"Ronna Silikon Spatula 21,5 cm Bordo",699.95,Mutfak,2026-05-12
"Ronna Silikon Yumurta Fırçası 20,5 cm Bordo",749.95,Mutfak,2026-05-12
Rosalia Süzgeç 23x21 cm Krem,849.95,Mutfak,2026-05-12
Rosalia Süzgeç 23x21 cm Yeşil,849.95,Mutfak,2026-05-12
Rosalyn 20li Kağıt Peçete 33x33 cm Pudra,1049.99,Mutfak,2026-05-12
Rosemary Cam Kesme Tahtası 25x35 cm Yeşil-Beyaz,2499.99,Mutfak,2026-05-12
Roseray Kağıt 20li Kağıt Peçete 33x33 cm Siyah - Beyaz,1049.99,Mutfak,2026-05-12
Rowena Akrilik Değirmen 14 cm Şeffaf,1499.99,Mutfak,2026-05-12
Rowena Metal Ceviz ve Fındık Kıracağı Mutfak Gereci 17 cm Siyah,1499.99,Mutfak,2026-05-12
Rowena Metal Mutfak Makası Mutfak Gereci 21 cm Siyah,1399.99,Mutfak,2026-05-12
Rowena Metal Sarımsak Ezici 16 cm Siyah,439.99,Mutfak,2026-05-12
Rowena Metal Un Eleği Mutfak Gereci 10 cm Gri,1749.99,Mutfak,2026-05-12
Rowena Metal Çırpıcı Gri,1299.99,Mutfak,2026-05-12
Roxy Ahşap Değirmen 17 cm Natural,584.99,Mutfak,2026-05-12
Rutilus Kağıt 20li Kağıt Peçete 33x33 cm Kırmızı,999.99,Mutfak,2026-05-12
Sage Pamuk Kurulama Bezi 30x50 cm Beyaz - Yeşil,1499.99,Mutfak,2026-05-12
Sakura 20li Kağıt Peçete Krem,1049.99,Mutfak,2026-05-12
Sakura 20li Kağıt Peçete Lila,1049.99,Mutfak,2026-05-12
Sakura 20li Kağıt Peçete Pembe,1049.99,Mutfak,2026-05-12
Sakura Dream 20li Kağıt Peçete Yeşil,1049.99,Mutfak,2026-05-12
Sakura World 20li Kağıt Peçete Pembe,1049.99,Mutfak,2026-05-12
Salina Metal 4lü Saklama Kabı 1.3 L x 9 L Siyah,6999.99,Mutfak,2026-05-12
Saly Cam 2li Yağlık - Sirkelik 245 ml Antrasit,1699.95,Mutfak,2026-05-12
Samantha Silikon Hamur Matı Mutfak Gereci 50x40 cm Yeşil,1499.99,Mutfak,2026-05-12
Sartagi Emaye Kızartma Tencere 22 cm Mocha,4999.99,Mutfak,2026-05-12
Sartagi Emaye Kızartma Tenceresi 22 Cm Açık Mint,4999.99,Mutfak,2026-05-12
SauceMate Paslanmaz Çelik Sos Tava Silver,2499.99,Mutfak,2026-05-12
Savor Premium Yuvarlak Izgara Tava 34 cm Siyah,4999.99,Mutfak,2026-05-12
Savory Pamuk 2li Kurulama Bezi 30x50 cm Lacivert,999.99,Mutfak,2026-05-12
Savory Pamuk 2li Kurulama Bezi 30x50 cm Mavi,999.99,Mutfak,2026-05-12
Scavri Paslanmaz Çelik Kevgır 14 cm Gri,1749.99,Mutfak,2026-05-12
Scavri Paslanmaz Çelik Kevgır 16 cm Gri,1999.99,Mutfak,2026-05-12
Seafree 20li Kağıt Peçete 33x33 cm Lacivert-Beyaz,1049.99,Mutfak,2026-05-12
Seashell 20li Kağıt Peçete Mavi,188.99,Mutfak,2026-05-12
Senash Cam Peçetelik Şeffaf,1299.99,Mutfak,2026-05-12
"Serena Silikon Airfryer Kek Kalıbı 5,5 L Bordo",849.95,Mutfak,2026-05-12
"Serena Silikon Airfryer Kek Kalıbı 5,5 L Yeşil",849.95,Mutfak,2026-05-12
Shelby Bambu Kesme Tahtası Bıçak Seti Mavi,1619.99,Mutfak,2026-05-12
Shelby Borosilikat Bal Kavanoz 400 ml Gri,1749.99,Mutfak,2026-05-12
Shellwave Pamuk Kurulama Bezi 30x50 cm Beyaz - Mavi,999.99,Mutfak,2026-05-12
Siena Çelik 2li Kapaksız Sahan Seti 16-18 cm Silver,5499.99,Mutfak,2026-05-12
Siena Çelik Mini Tencere Silver,3499.99,Mutfak,2026-05-12
Silent Slash Paslanmaz Çelik 6lı Bıçak 9 cm Kırmızı,1749.99,Mutfak,2026-05-12
Silent Slash Paslanmaz Çelik 6lı Bıçak 9 cm Siyah,1749.99,Mutfak,2026-05-12
Simone Borosilikat Kavanoz Açık Pembe,2499.99,Mutfak,2026-05-12
Simone Borosilikat Kavanoz Yeşil,404.99,Mutfak,2026-05-12
Simone Borosilikat Saklama Kabı Açık Pembe,2249.99,Mutfak,2026-05-12
Simone Borosilikat Saklama Kabı Yeşil,2499.99,Mutfak,2026-05-12
Simple Cam 2li Yağlık - Sirkelik 180 ml Şeffaf,1699.95,Mutfak,2026-05-12
Sinna Borosilikat Kavanoz Şeffaf,1499.99,Mutfak,2026-05-12
Sinople Pamuk Kurulama Bezi 30x50 cm Beyaz - Yeşil,1499.99,Mutfak,2026-05-12
Skyglide Kağıt 20li Kağıt Peçete 33x33 cm Mavi,1049.99,Mutfak,2026-05-12
Skylith 20li Kağıt Peçete 33x33 cm Siyah - Beyaz,1049.99,Mutfak,2026-05-12
Smart Cut Paslanmaz Çelik 7 Parça Bıçak 34.5x34x34x31x24x21 cm Kırmızı,10499.99,Mutfak,2026-05-12
Smooth Fringes Pamuk 6lı Misafir Peçetesi Bordo,479.99,Mutfak,2026-05-12
Smooth Fringes Pamuk 6lı Misafir Peçetesi Krem,2749.99,Mutfak,2026-05-12
Smooth Fringes Pamuk 6lı Misafir Peçetesi Yeşil,2749.99,Mutfak,2026-05-12
Snow Smile Dolomite Demlik 640 ml Beyaz - Kırmızı,959.99,Mutfak,2026-05-12
Soft Bloom Stoneware Fırın Kabı Krem,239.99,Mutfak,2026-05-12
Soft Bloom Stoneware Karıştırma Kabı 23 cm Krem,799.99,Mutfak,2026-05-12
Soft Bloom Stoneware Kavanoz Krem,3499.99,Mutfak,2026-05-12
Soft Bloom Stoneware Limon Sıkacağı 18 cm Krem,2499.99,Mutfak,2026-05-12
Solea Kağıt 20li Kağıt Peçete 33x33 cm Lacivert,1049.99,Mutfak,2026-05-12
Spotty 20li Kağıt Peçete Siyah - Beyaz,1049.99,Mutfak,2026-05-12
Spring 20li Kağıt Peçete 33x33 cm Mavi,1049.99,Mutfak,2026-05-12
Spring Daisies Kağıt 20li Kağıt Peçete 33x33 cm Mavi,1049.99,Mutfak,2026-05-12
Squarify Dark Kağıt 20li Kağıt Peçete 33x33 cm Mavi,1049.99,Mutfak,2026-05-12
Squarify Green Kağıt 20li Kağıt Peçete 33x33 cm Yeşil,1049.99,Mutfak,2026-05-12
Squarify Orange Kağıt 20li Kağıt Peçete 33x33 cm Sarı,1049.99,Mutfak,2026-05-12
Steel Edge Paslanmaz Çelik Kesme Tahtası 26x34 cm Gri,3499.99,Mutfak,2026-05-12
Steel Master Paslanmaz Çelik Mutfak Gereci Gri,1499.99,Mutfak,2026-05-12
Stella Borosilikat French Press 360 ml Açık Pembe,1499.99,Mutfak,2026-05-12
Stella Borosilikat French Press 360 ml Yeşil,1749.99,Mutfak,2026-05-12
Stella Borosilikat French Press 600 ml Gri,1999.99,Mutfak,2026-05-12
Stella Borosilikat French Press 600 ml Siyah,1999.99,Mutfak,2026-05-12
Straw Line Kağıt 20li Kağıt Peçete 33x33 cm Kahverengi,157.49,Mutfak,2026-05-12
Straw Rope Natural İp 2li Peçete Halkası Antrasit,749.95,Mutfak,2026-05-12
Strawberries Pamuk Kurulama Bezi Kırmızı,1299.99,Mutfak,2026-05-12
Streaky 20li Kağıt Peçete 33x33 cm Siyah - Beyaz,1099.99,Mutfak,2026-05-12
Stria Pamuk Kurulama Bezi 30x50 cm Bordo,1049.99,Mutfak,2026-05-12
Stria Pamuk Kurulama Bezi 30x50 cm Mavi,1049.99,Mutfak,2026-05-12
Striva Pamuk Kurulama Bezi 30x50 cm Bej,1099.99,Mutfak,2026-05-12
Summer Checkers 20li Kağıt Peçete 33x33 cm Mor-Sarı,1099.99,Mutfak,2026-05-12
Summer Checkers 20li Kağıt Peçete 33x33 cm Pembe - Yeşil,1099.99,Mutfak,2026-05-12
Summer Line 20li Kağıt Peçete 33x33 cm Turuncu-Mavi,1099.99,Mutfak,2026-05-12
Summer Line Cam Kavanoz 630 ml Şeffaf,1299.99,Mutfak,2026-05-12
Summer Orange 20li Kağıt Peçete 33x33 cm Turuncu,1099.99,Mutfak,2026-05-12
Summer Orange Fırın Eldiveni ve Tutacak Seti Kırmızı-Pembe,2499.99,Mutfak,2026-05-12
Summer Orange Mutfak Önlüğü 65x75 cm Kırmızı-Pembe,2499.99,Mutfak,2026-05-12
Summer Pomegranate 20li Kağıt Peçete 33x33 cm Kırmızı,1049.99,Mutfak,2026-05-12
Sunleaf Kağıt 20li Kağıt Peçete 33x33 cm Renkli,1049.99,Mutfak,2026-05-12
Sutil Kağıt 20li Kağıt Peçete 33x33 cm Beyaz,1049.99,Mutfak,2026-05-12
Sydney Premium İndüksiyonlu Tava 26 cm Siyah,4499.99,Mutfak,2026-05-12
Sydney Premium İndüksiyonlu Tava Krem,3999.99,Mutfak,2026-05-12
TKM 6002 Cezve Lacivert,899.99,Mutfak,2026-05-12
TKM 6002 Cezve Siyah-Krom,900.99,Mutfak,2026-05-12
Talisman 20li Kağıt Peçete 33x33 cm Siyah,999.99,Mutfak,2026-05-12
Talisman Butterfly 20li Kağıt Peçete 33x33 cm Siyah,1049.99,Mutfak,2026-05-12
Talisman Eyes 20li Kağıt Peçete 33x33 cm Gold,1049.99,Mutfak,2026-05-12
Talisman Galaxy 20li Kağıt Peçete 33x33 cm Krem,999.99,Mutfak,2026-05-12
Talisman Magical 20li Kağıt Peçete  Beyaz,999.99,Mutfak,2026-05-12
Talisman Mystic 20li Kağıt Peçete 33x33 cm Siyah,999.99,Mutfak,2026-05-12
Talisman Nature 20li Kağıt Peçete 33x33 cm Yeşil,1049.99,Mutfak,2026-05-12
Talisman Snakes 20li Kağıt Peçete 33x33 cm Bej,999.99,Mutfak,2026-05-12
Talisman Sun 20li Kağıt Peçete 33x33 cm Siyah,1049.99,Mutfak,2026-05-12
Tangerine 20li Kağıt Peçete Beyaz,999.99,Mutfak,2026-05-12
Tassel 2li Misafir Peçetesi Krem,1399.99,Mutfak,2026-05-12
Tea Time New Bone China Demlik Seti 600 ml Beyaz,799.99,Mutfak,2026-05-12
"Tessa Ahşap Değirmen 16,5 cm Beyaz",2499.99,Mutfak,2026-05-12
"Tessa Ahşap Değirmen 16,5 cm Yeşil",2499.99,Mutfak,2026-05-12
Thaliana 20li Kağıt Peçete 33x33 cm Siyah - Beyaz,1049.99,Mutfak,2026-05-12
"Thano Süzgeç 3,5L Petrol Mavisi",749.95,Mutfak,2026-05-12
"Tia Çelik Çaydanlık 0,75 L-1,75 L Siyah",9999.99,Mutfak,2026-05-12
Tiffany Plastik 6lı Servis Gereci 33 cm Renkli,559.99,Mutfak,2026-05-12
Tinna Borosilikat Yağdanlık Şeffaf,2499.99,Mutfak,2026-05-12
Tiny Cast Premium Döküm 5 Parça Mini Tencere Seti 16x16x16 cm Gold,7999.99,Mutfak,2026-05-12
Tiny Cast Premium Döküm 5 Parça Mini Tencere Seti 16x16x16 cm Lila,7999.99,Mutfak,2026-05-12
Tiny Cast Premium Döküm 5 Parça Mini Tencere Seti 16x16x16 cm Pembe,7999.99,Mutfak,2026-05-12
Tiny Taste Döküm Mini Tencere Seti 14x14x14 cm Siyah,5999.99,Mutfak,2026-05-12
Titan Cut Paslanmaz Çelik Kesme Tahtası 24x34 cm Gri,3499.99,Mutfak,2026-05-12
Titan Steel Paslanmaz Çelik Bıçak 12 cm Kırmızı,1499.99,Mutfak,2026-05-12
Titan Steel Paslanmaz Çelik Bıçak 12 cm Siyah,1499.99,Mutfak,2026-05-12
Tiya Seramik Değirmen 15 cm Beyaz,1499.99,Mutfak,2026-05-12
Toile Plants 2li Misafir Peçetesi Koyu Lacivert,999.95,Mutfak,2026-05-12
Tokyo Seramik Tencere Yeşil,6999.99,Mutfak,2026-05-12
Torino Pamuk 2li Misafir Peçetesi Gold,999.95,Mutfak,2026-05-12
Torino Pamuk 2li Misafir Peçetesi Silver,999.95,Mutfak,2026-05-12
Trees Red 20li Kağıt Peçete Kırmızı,1149.95,Mutfak,2026-05-12
Trendy Ayarlanabilir Lavabo Süzgeci Süzgeç Kırmızı,999.99,Mutfak,2026-05-12
Trendy Ayarlanabilir Lavabo Süzgeci Süzgeç Yeşil,1149.99,Mutfak,2026-05-12
Trikote Hasır 2li Peçete Halkası Krem,749.95,Mutfak,2026-05-12
Tual 20li Kağıt Peçete Lacivert,1049.99,Mutfak,2026-05-12
"Tubby Cam Limon Sıkacağı 17,5x15,5x7,2 cm Şeffaf",1999.99,Mutfak,2026-05-12
Tyler Cam 3lü Baharatlık 950 ml Şeffaf,3999.99,Mutfak,2026-05-12
Vacuum Pro Lock 7 Parça Vakum Cihazlı Cam Saklama Kabı Siyah,8999.99,Mutfak,2026-05-12
Valessa Fırın Eldiveni ve Tutacak Seti Krem-Gri,2749.99,Mutfak,2026-05-12
Velma Metal Rende 23 cm Siyah,2499.99,Mutfak,2026-05-12
Venice CeraWell Tencere-Tava Seti Pembe,7499.99,Mutfak,2026-05-12
Verona Döküm Tava 26 cm Turuncu,3999.99,Mutfak,2026-05-12
Verona Döküm Tencere Turuncu,5999.99,Mutfak,2026-05-12
Victorinox 1.3603.B1 Paslanmaz Çelik Spartan Çakı,1979.99,Mutfak,2026-05-12
Victorinox 3 Parça Bıçak Seti Kırmızı,1369.99,Mutfak,2026-05-12
Victorinox 3 Parça Bıçak Seti Siyah,1369.99,Mutfak,2026-05-12
Victorinox 6.0950.1 RHO Düz Kenar Tek Taraf Soyacak Kırmızı,389.99,Mutfak,2026-05-12
Victorinox 6.0950.3 RHO Düz Kenar Tek Taraf Soyacak Siyah,389.99,Mutfak,2026-05-12
Victorinox 6.0950.4 RHO Düz Kenar Tek Taraf Soyacak Yeşil,389.99,Mutfak,2026-05-12
Victorinox 6.7111.34C1 Paslanmaz Çelik 3’lü Set Bıçak Seti Kırmızı,1369.99,Mutfak,2026-05-12
Victorinox 6.7113.34 Swiss Classic Paslanmaz Çelik 3lü Set Bıçak Seti Siyah,1259.99,Mutfak,2026-05-12
Victorinox 6.7116.32C1 Swiss Classic Paslanmaz Çelik 3lü Bıçak Seti Renkli,1289.99,Mutfak,2026-05-12
Victorinox 6.7116.34C1 Swiss Classic Paslanmaz Çelik 3lü Bıçak Seti Renkli,1369.99,Mutfak,2026-05-12
Victorinox 6.7601.C1 Swiss Classic Paslanmaz Çelik Düz Sivri Uçlu Bıçak 8 cm Kırmızı,399.99,Mutfak,2026-05-12
Victorinox 6.7605.C1 Paslanmaz Çelik Bıçak 8 cm Mor,399.99,Mutfak,2026-05-12
Victorinox 6.7606.L115 Paslanmaz Çelik Bıçak 8 cm Pembe,399.99,Mutfak,2026-05-12
Victorinox 6.7633 Paslanmaz Çelik Tırtıklı Soyma Bıçak 8 cm Siyah,399.99,Mutfak,2026-05-12
Victorinox 6.7634.C1 Paslanmaz Çelik Tırtıklı Soyma Bıçak 8 cm Yeşil,399.99,Mutfak,2026-05-12
Victorinox 6.7635.C1 Swiss Classic Paslanmaz Çelik Tırtıklı Soyma Bıçak 8 cm Mor,399.99,Mutfak,2026-05-12
Victorinox 6.7638.C1 Paslanmaz Çelik Tırtıklı Soyma Bıçak 8 cm Sarı,399.99,Mutfak,2026-05-12
Victorinox 6.7639.C1 Paslanmaz Çelik Tırtıklı Soyma Bıçak 8 cm Turuncu,399.99,Mutfak,2026-05-12
Victorinox 6.7701.C1 Swiss Classic Paslanmaz Çelik Düz Sivri Uçlu Bıçak 10 cm Kırmızı,479.99,Mutfak,2026-05-12
Victorinox 6.7705.C1 Paslanmaz Çelik Bıçak 10 cm Mor,479.99,Mutfak,2026-05-12
Victorinox 6.7709.C1 Paslanmaz Çelik Bıçak 10 cm Turuncu,479.99,Mutfak,2026-05-12
Victorinox 6.7731.C1 Swiss Classic Paslanmaz Çelik Tırtıklı Soyma Bıçak 10 cm Kırmızı,479.99,Mutfak,2026-05-12
Victorinox 6.7831.C1 Swiss Classic Paslanmaz Çelik Tırtıklı Domates Bıçak 11 cm Kırmızı,479.99,Mutfak,2026-05-12
Victorinox 6.7835.C1 Paslanmaz Çelik Tırtıklı Soyma Bıçak 11 cm Mor,479.99,Mutfak,2026-05-12
Victorinox 6.7836.L114 Paslanmaz Çelik Tırtıklı Soyma Bıçak 11 cm Yeşil,479.99,Mutfak,2026-05-12
Victorinox 6.7933.B Paslanmaz Çelik 2li Tırtıklı Bıçak Seti 12 cm Siyah,1289.99,Mutfak,2026-05-12
Victorinox 6.8003.19B Paslanmaz Çelik Doğrama Bıçak 19 cm Siyah,2589.99,Mutfak,2026-05-12
Victorinox 7.6081.1 Rende Kalın Kırmızı,789.99,Mutfak,2026-05-12
Victorinox Domates ve Sofra Bıçak 11 cm Pembe,479.99,Mutfak,2026-05-12
Victorinox Domates ve Sofra Bıçak 11 cm Turuncu,479.99,Mutfak,2026-05-12
Victorinox IOTA Tırtıklı Kenar Çift Taraf Soyacak Kırmızı,389.99,Mutfak,2026-05-12
Victorinox IOTA Tırtıklı Kenar Çift Taraf Soyacak Siyah,389.99,Mutfak,2026-05-12
Victorinox IOTA Tırtıklı Kenar Çift Taraf Soyacak Yeşil,389.99,Mutfak,2026-05-12
Victorinox Rex Alüminyum Soyacak,469.99,Mutfak,2026-05-12
Victorinox Soyacak ve Sofra Bıçak Seti Siyah,889.99,Mutfak,2026-05-12
Victorinox Soyma Bıçak 8 cm Sarı,399.99,Mutfak,2026-05-12
Victorinox Soyma Bıçak 8 cm Yeşil,399.99,Mutfak,2026-05-12
Victorinox Star Alüminyum Jülyen Soyacak,549.99,Mutfak,2026-05-12
Victorinox SwissClassic Domates & Sosis Bıçak 11 cm Siyah,479.99,Mutfak,2026-05-12
Victorinox SwissClassic Soyma Bıçak 10 cm Kırmızı,479.99,Mutfak,2026-05-12
Victorinox SwissClassic Soyma Bıçak 10 cm Siyah,479.99,Mutfak,2026-05-12
Victorinox SwissClassic Soyma Bıçak 8 cm Kırmızı,399.99,Mutfak,2026-05-12
Victorinox SwissClassic Soyma Bıçak 8 cm Siyah,399.99,Mutfak,2026-05-12
Victorinox VT Soyma Bıçak 8 cm Pembe,399.99,Mutfak,2026-05-12
Victorinox YPSO Tırtıklı Kenar Çift Taraf Soyacak Kırmızı,389.99,Mutfak,2026-05-12
Victorinox YPSO Tırtıklı Kenar Çift Taraf Soyacak Siyah,389.99,Mutfak,2026-05-12
Victorinox YPSO Tırtıklı Kenar Çift Taraf Soyacak Yeşil,389.99,Mutfak,2026-05-12
Vintage Borosilikat Kavanoz Beyaz,439.99,Mutfak,2026-05-12
Vintage Borosilikat Kavanoz Kırmızı,1499.99,Mutfak,2026-05-12
Vintage Borosilikat Kavanoz Lacivert,2249.99,Mutfak,2026-05-12
Vintage Botanic Cam Kesme Tahtası 25x35 cm Yeşil-Beyaz,1999.99,Mutfak,2026-05-12
Virelia 20li Kağıt Peçete 33x33 cm Yeşil,1049.99,Mutfak,2026-05-12
Virginie Buz Kalıbı 24x10 cm Mavi,1149.99,Mutfak,2026-05-12
Virginie Buz Kalıbı 24x10 cm Pembe,1149.99,Mutfak,2026-05-12
Virginie Plastik Buz Kalıbı Mutfak Gereci 24x10 cm Turkuaz,1149.99,Mutfak,2026-05-12
Virginie Plastik Buz Kalıbı Mutfak Gereci 24x10 cm Turuncu,1149.99,Mutfak,2026-05-12
Virginie Plastik Ölçü Kaplı Limon Sıkacağı 8 cm Turkuaz,1499.99,Mutfak,2026-05-12
Vola Pamuk 2li Kurulama Bezi 30x40 cm Bej,1499.99,Mutfak,2026-05-12
Voysey 20li Kağıt Peçete Siyah,1049.99,Mutfak,2026-05-12
Watermelons Pamuk Kurulama Bezi 30x50 cm Kırmızı,1299.99,Mutfak,2026-05-12
Whispering Petals Fırın Eldiveni ve Tutacak Seti Pembe - Turuncu,489.99,Mutfak,2026-05-12
Whispering Petals Mutfak Önlüğü 75x80 cm Pembe - Turuncu,449.99,Mutfak,2026-05-12
Whity Borosilikat Saklama Kabı 1040 ml Beyaz,1999.99,Mutfak,2026-05-12
Wicker Plastik Rattan Peçetelik 15x9 cm Kahverengi,1249.99,Mutfak,2026-05-12
Wicker Plastik Rattan Peçetelik 19x13 cm Açık Kahverengi,1399.99,Mutfak,2026-05-12
Wildica 20li Kağıt Peçete 33x33 cm Gri-Beyaz,1049.99,Mutfak,2026-05-12
Winter Time 20li Kağıt Peçete 33x33 cm Yeşil,799.95,Mutfak,2026-05-12
"Wooden Iroco Maşa Servis Gereci 29,5 cm Kahve",1399.99,Mutfak,2026-05-12
Woody Beater Çelik Çırpıcı Mutfak Gereci Kahve,1399.99,Mutfak,2026-05-12
Woody Cheese Çelik Peynir Soyacağı Kahve,1149.99,Mutfak,2026-05-12
Woody Garlic Çelik Sarımsak Ezici Mutfak Gereci Kahve,1999.99,Mutfak,2026-05-12
Woody Ice Çelik Dondurma Kaşığı Kahve,1399.99,Mutfak,2026-05-12
Woody Ladle Çelik Kepçe Kahve,1399.99,Mutfak,2026-05-12
Woody Peeler Çelik Rende Kahve,1249.99,Mutfak,2026-05-12
Woody Peeler Çelik Soyacak Mutfak Gereci Kahve,1399.99,Mutfak,2026-05-12
Woody Potato Çelik Patates Ezici Servis Gereci Kahve,1399.99,Mutfak,2026-05-12
Woody Spaghetti Çelik Spagetti Kaşığı Kahve,1399.99,Mutfak,2026-05-12
Woody Spatula Çelik Izgara Spatula Servis Gereci Kahve,1399.99,Mutfak,2026-05-12
Woody Spoon Çelik Servis Kaşığı Kahve,1399.99,Mutfak,2026-05-12
Yummy Food Lunch Box Krem,1399.99,Mutfak,2026-05-12
Zoe Cam Limon Sıkacağı 425 ml Yeşil,1149.95,Mutfak,2026-05-12
​​​​​​​​​​​​​​​​​​​​​​​​Victorinox SwissCla Soyma Bıçak 10 cm Kırmızı,479.99,Mutfak,2026-05-12
​​​​​​​​​​​​​​​​​​​​​​​​Victorinox SwissCla Soyma Bıçak 10 cm Siyah,479.99,Mutfak,2026-05-12
​​​​​​​​​​​​​​​​​​​​​​​​​Victorinox Sw Soyma Bıçak 10 cm Pembe,479.99,Mutfak,2026-05-12
​​​​​​​​​​​​​​​​​​​​​​​​​Victorinox Sw Soyma Bıçak 10 cm Sarı,479.99,Mutfak,2026-05-12
​​​​​​​​​​​​​​​​​​​​​​​​​Victorinox Soyma Bıçak 10 cm Turuncu,479.99,Mutfak,2026-05-12
​​​​​​​​​​​​​​​​​​​​​​​​​​​​​​Victorinox Sw Domates & Sosis Bıçak 11 cm Kırmızı,479.99,Mutfak,2026-05-12
​​​​​​​​​​​​​​​​​​​​​​​​​​​​​​​​Victorinox 6.8103. Paslanmaz Çelik Doğrama Bıçak 15 cm Siyah,1809.99,Mutfak,2026-05-12
Abstract Melamin Tepsi 17x44 cm Lacivert-gold,1749.99,Sofra,2026-05-12
"Acalis Akasya-Cam 4 Parça Sunumluk 33x10,5x6 cm Şeffaf",329.99,Sofra,2026-05-12
Adel Pamuk Runner Bej,2249.99,Sofra,2026-05-12
Adelaide Sedefli Rattan Tepsi Kahverengi,5999.99,Sofra,2026-05-12
Adelina 4lü Bardak Altlığı 14 cm Beyaz-Gold,1199.99,Sofra,2026-05-12
Adelina Masa Örtüsü 150x200 cm Beyaz-Gold,1079.99,Sofra,2026-05-12
Adelina Runner 40x140 cm Beyaz-Gold,2999.99,Sofra,2026-05-12
Aden Pamuk Runner Bej,2249.99,Sofra,2026-05-12
Agolde Cam 2li Kadeh Şeffaf,539.99,Sofra,2026-05-12
Agolde Cam 2li Meşrubat Bardağı Şeffaf,1999.99,Sofra,2026-05-12
Alami Bambu Amerikan Servis Naturel,699.95,Sofra,2026-05-12
Alice Cam Kase Şeffaf,419.99,Sofra,2026-05-12
Alicent Seramik 4 Parça 2 Kişilik Double Kahve Fincan Takımı 150 ml Krem,2499.99,Sofra,2026-05-12
All Eyes On New Bone China Kupa 345 ml Siyah - Beyaz,1999.99,Sofra,2026-05-12
All Raindrop New Bone China Kupa 345 ml Siyah - Beyaz,1999.99,Sofra,2026-05-12
All Stripe New Bone China Kupa 345 ml Siyah - Beyaz,399.99,Sofra,2026-05-12
Allegro Borosilikat Cam Çift Cidarlı Kupa 200 ml Şeffaf,1499.99,Sofra,2026-05-12
Alpins Cam Şişe 720 ml Kahve,1249.99,Sofra,2026-05-12
Alvin Cam Sunumluk 32x11 cm Şeffaf,559.99,Sofra,2026-05-12
Alvina Porselen 12 Parça 6 Kişilik Çay Seti 165 ml Mavi - Pembe,899.99,Sofra,2026-05-12
Alya Tek Kişilik Kahve Sunum Seti 90 ml Krem-Gold,3999.99,Sofra,2026-05-12
Amelia Kristal 6lı Kadeh 400 ml Şeffaf,3499.99,Sofra,2026-05-12
Amora Seramik Kahvaltı Takımı 14 parça 6 kişilik Lacivert-Kırmızı,7499.99,Sofra,2026-05-12
Amore Porselen 6lı Pasta Seti 19 cm Pembe - Yeşil,559.99,Sofra,2026-05-12
Anchor Porselen Kahve Fincan Takımı 4 Parça 2 Kişilik Mavi-Yeşil,1499.99,Sofra,2026-05-12
Angelo Seramik Pasta Seti 18 Parça 6 Kişilik Renkli,9999.99,Sofra,2026-05-12
Angely New Bone China Kupa 270 ml Beyaz,1199.99,Sofra,2026-05-12
Angely New Bone China Kupa 270 ml Gri,999.99,Sofra,2026-05-12
Angled New Bone China 2 Parça 2 Kişilik Kahve Fincan Takımı 90 ml Açık Pembe,1499.99,Sofra,2026-05-12
Angled New Bone China 2 Parça 2 Kişilik Kahve Fincan Takımı 90 ml Lila,1999.99,Sofra,2026-05-12
Angled New Bone China 2 Parça 2 Kişilik Kahve Fincan Takımı 90 ml Turkuaz,1499.99,Sofra,2026-05-12
Antiquelle Porselen Kase 16 cm Krem,1249.99,Sofra,2026-05-12
Antiquelle Porselen Kase 16 cm Yeşil,1249.99,Sofra,2026-05-12
Antiquelle Porselen Pasta Tabağı 20 cm Krem,999.99,Sofra,2026-05-12
Antiquelle Porselen Pasta Tabağı 20 cm Yeşil,999.99,Sofra,2026-05-12
Antiquelle Porselen Servis Tabağı 25 cm Krem,1749.99,Sofra,2026-05-12
Antiquelle Porselen Servis Tabağı 25 cm Yeşil,1749.99,Sofra,2026-05-12
Antiquelle Porselen Çukur Tabak 20 cm Krem,1499.99,Sofra,2026-05-12
Antiquelle Porselen Çukur Tabak 20 cm Yeşil,1499.99,Sofra,2026-05-12
Apple Melamin Nihale 17 cm Renkli,1399.99,Sofra,2026-05-12
Aqua Rhythm Seramik Kase 20 cm Beyaz - Lacivert,1249.99,Sofra,2026-05-12
Aqualuna Seramik Kayık Tabak 22 cm Mavi-yeşil,999.99,Sofra,2026-05-12
Aqualuna Seramik Pasta Tabağı 20 cm Mavi-yeşil,999.99,Sofra,2026-05-12
Arborelle Masa Örtüsü 150x200 cm Siyah - Beyaz,4499.99,Sofra,2026-05-12
Arborelle Runner 40x140 cm Siyah - Beyaz,2249.99,Sofra,2026-05-12
Arborelle Seramik Bardak Altlığı 10.8x0.8 cm Siyah - Beyaz,999.95,Sofra,2026-05-12
Arcane Runner 40x140 cm Beyaz - Lacivert,2199.99,Sofra,2026-05-12
Arian Bone Porselen 4 Parça 2 Kişilik Kahve Fincan Takımı 90 ml Yeşil-mor,1999.99,Sofra,2026-05-12
Aries New Bone China Kupa 325 ml Siyah-Beyaz-Gold,1499.99,Sofra,2026-05-12
Arina Cam Ayaklı Kase Yeşil-Turuncu,999.99,Sofra,2026-05-12
Arlena Seramik 2li Kahve Fincan Takımı 105 ml Açık Turuncu-Pudra,1499.99,Sofra,2026-05-12
Artisan Seramik Bardak 370 ml Krem,1277.45,Sofra,2026-05-12
Artisan Seramik Bardak 370 ml Lacivert,1277.45,Sofra,2026-05-12
Artistic Flower Emaye Katlı Servis 21x29 cm Renkli,4749.99,Sofra,2026-05-12
Artistic Flower Seramik 2li Bardak 270 ml Kırmızı,539.99,Sofra,2026-05-12
Artistic Flower Seramik 2li Bardak 270 ml Lacivert,399.99,Sofra,2026-05-12
Artistic Garden Melamin 4lü Kahvaltılık 30x21 cm Renkli,3499.99,Sofra,2026-05-12
Artistry Akasya-Cam 3 Parça Sunumluk 36x11x6 Cm Kahve,2499.99,Sofra,2026-05-12
Arzu Sabancı Bounce Runner 40x150 cm Krem - Mavi,3499.99,Sofra,2026-05-12
Arzu Sabancı Bounce Stoneware Kupa 350 ML Mavi-Lacivert,1499.99,Sofra,2026-05-12
Arzu Sabancı Bubble Cam El Yapımı Sürahi 1200 ml Şeffaf,2499.99,Sofra,2026-05-12
Arzu Sabancı Calle Cam El Yapımı Bardak 250 ml Mavi,239.99,Sofra,2026-05-12
Arzu Sabancı Calle Cam El Yapımı Kadeh Mavi,319.99,Sofra,2026-05-12
Arzu Sabancı Torcello Cam El Yapımı Bardak 440 ml Beyaz,1499.99,Sofra,2026-05-12
Arzu Sabancı Torcello Cam El Yapımı Bardak 440 ml Koyu Mavi,1499.99,Sofra,2026-05-12
Arzu Sabancı Torcello Cam El Yapımı Bardak 440 ml Mavi,1499.99,Sofra,2026-05-12
Ashley Porselen Kahve Fincan Takımı 4 Parça 2 Kişilik Bordo,1749.99,Sofra,2026-05-12
Ashley Porselen Kahve Fincan Takımı 4 Parça 2 Kişilik Mavi,1499.99,Sofra,2026-05-12
Ashley Porselen Kahve Fincan Takımı 4 Parça 2 Kişilik Siyah,2249.99,Sofra,2026-05-12
Ashley Porselen Kahve Fincan Takımı 4 Parça 2 Kişilik Siyah-Bordo,1499.99,Sofra,2026-05-12
Ashley Porselen Kahve Fincan Takımı 4 Parça 2 Kişilik Yeşil,1499.99,Sofra,2026-05-12
Astral Borosilikat Cam Çift Cidarlı Kupa Şeffaf,1499.99,Sofra,2026-05-12
Astrion New Bone China Kupa 460 ml Lacivert,2999.99,Sofra,2026-05-12
Astrion Seramik Bardak Altlığı 11 cm Lacivert,799.95,Sofra,2026-05-12
Aura Cam Başucu Sürahi 1000 ml Şeffaf,2749.99,Sofra,2026-05-12
"Aura Cam Kek Standı 31x9,5 Cm Şeffaf",4999.99,Sofra,2026-05-12
Aura Cam Sunumluk Şeffaf,519.99,Sofra,2026-05-12
Aura Porselen Yemek Takımı 53 Parça 12 Kişilik Gold,59999.99,Sofra,2026-05-12
Auro Cam 3 Parça Su Takımı 1000 ml + 315 ml Renkli,2999.99,Sofra,2026-05-12
Auro Cam Şişe 450 ml Şeffaf,1199.99,Sofra,2026-05-12
Autumn Seramik Kahvaltı Takımı 10 parça 4 kişilik Renkli,6499.99,Sofra,2026-05-12
Avelia Bone Porselen 4 Parça 2 Kişilik Kahve Fincan Takımı 90 ml Pembe - Gold,719.99,Sofra,2026-05-12
Aven Cam Sürahi 1800 ml Şeffaf,639.99,Sofra,2026-05-12
Axel Akrilik 6 Bölmeli Kahvaltılık 25x35 cm Antrasit,629.99,Sofra,2026-05-12
Axel Akrilik 6 Bölmeli Kahvaltılık 25x35 cm Mavi,543.99,Sofra,2026-05-12
Axel Akrilik 6 Bölmeli Kahvaltılık 25x35 cm Şeffaf,3999.99,Sofra,2026-05-12
Axel Akrilik Kase Lacivert,799.95,Sofra,2026-05-12
Azalia New Bone China 4 Parça 2 Kişilik Kahve Fincan Takımı 90 ml Renkli,5999.99,Sofra,2026-05-12
Azul Paslanmaz Çelik Çatal Kaşık Bıçak Takımı 18 Parça 6 Kişilik Gold,11999.99,Sofra,2026-05-12
Azul Paslanmaz Çelik Çatal Kaşık Bıçak Takımı 18 Parça 6 Kişilik Silver,1799.99,Sofra,2026-05-12
Baho Cam Tuzluk - Biberlik 4x4x8 cm Gold,1749.99,Sofra,2026-05-12
Balcet Mısır Amerikan Servis Pembe,699.95,Sofra,2026-05-12
Balmy Porselen 20 Parça 6 Kişilik Kahvaltı Takımı Mavi-Sarı,12499.99,Sofra,2026-05-12
Balmy Porselen Yemek Takımı 24 Parça 6 Kişilik Mavi-Sarı,13999.99,Sofra,2026-05-12
Bamboo Bambu Dekoratif Tepsi Natural-Siyah,3999.99,Sofra,2026-05-12
Bamboo Cam Dekoratif Tepsi Krem-Altın,559.99,Sofra,2026-05-12
Basic Cam 3lü Cup - Dondurma Kasesi 300 ml Şeffaf,319.99,Sofra,2026-05-12
Basic Shine Cam 3’lü Lüsterli Cup 300 ml Şeffaf,489.99,Sofra,2026-05-12
Be Joyful Cam Bardak 380 ml Siyah,899.99,Sofra,2026-05-12
Bealy Porselen 4 Parça 2 Kişilik Çay Fincanı Takımı 220 ml Yeşil-Sarı,839.99,Sofra,2026-05-12
Beatrice Sedefli Rattan Tepsi Kahverengi,5999.99,Sofra,2026-05-12
Begonya Seramik 4lü Pasta Seti 16 cm Renkli,2999.99,Sofra,2026-05-12
Bella Cam Şekerlik 9x11 cm Şeffaf,1399.99,Sofra,2026-05-12
Belle Bone Porselen 4 Parça 2 Kişilik Kahve Fincan Takımı 90 ml Renkli,2499.99,Sofra,2026-05-12
Bellflower Seramik Çerezlik Açık Mavi,799.95,Sofra,2026-05-12
Bellflower Seramik Çerezlik Açık Yeşil,799.95,Sofra,2026-05-12
Bellflower Seramik Çerezlik Küf Yeşili,799.95,Sofra,2026-05-12
Bellflower Seramik Çerezlik Lacivert,799.95,Sofra,2026-05-12
Bellflower Seramik Çerezlik Lila,799.95,Sofra,2026-05-12
Bellflower Seramik Çerezlik Somon,799.95,Sofra,2026-05-12
Bellis Porselen 4 Parça 2 Kişilik Kahve Fincan Takımı Lacivert,1499.99,Sofra,2026-05-12
Berry Seramik Kahvaltı Takımı 10 parça 4 kişilik Pembe,1039.99,Sofra,2026-05-12
Best Wishes Stoneware Kupa 400 ml Kırmızı - Yeşil,1499.99,Sofra,2026-05-12
Bianca Seramik 6lı Pasta Seti 20 cm Renkli,4999.99,Sofra,2026-05-12
Bienne Kağıt Amerikan Servis Kırmızı,699.95,Sofra,2026-05-12
Bienne Kağıt Amerikan Servis Siyah,1299.99,Sofra,2026-05-12
Birdie Seramik 4lü Pasta Seti 20 cm Renkli,479.99,Sofra,2026-05-12
Bistro Seramik 4lü Pasta Seti 20 cm Kırmızı-Siyah,479.99,Sofra,2026-05-12
Black Dots Porselen Çerezlik 11 cm Siyah - Beyaz,1299.99,Sofra,2026-05-12
Black Lines Porselen Çerezlik 11 cm Siyah - Beyaz,159.99,Sofra,2026-05-12
Blatt Porselen Kahve Fincan Takımı 4 Parça 2 Kişilik Yeşil,1999.99,Sofra,2026-05-12
Blaze Cam Pasta Tabağı 19 cm Pembe,799.99,Sofra,2026-05-12
Blend Cam-Bambu 5 Parça Sunumluk 10x5 cm Şeffaf,3999.99,Sofra,2026-05-12
Blendung Pamuk 2li Amerikan Servis Gold,1999.99,Sofra,2026-05-12
Bleu Blanc Cam Dekoratif Tepsi  31x46 cm Gold,2999.99,Sofra,2026-05-12
Bloom Cam 3 Parça Su Takımı 1150 Ml + 400 Ml Kırmızı,2499.99,Sofra,2026-05-12
Bloom Cam 3 Parça Su Takımı 1150 Ml + 400 Ml Mavi,479.99,Sofra,2026-05-12
Bloomera Porselen Yemek Takımı 12 Parça 4 Kişilik Renkli,4999.99,Sofra,2026-05-12
Bloomline Bone Porselen 12 Parça 6 Kişilik Çay Seti 170 ml Beyaz,1199.99,Sofra,2026-05-12
Bloomline Porselen Yemek Takımı 27 Parça 6 Kişilik Gold,24999.99,Sofra,2026-05-12
Blossia Bone Porselen 4 Parça 2 Kişilik Kahve Fincan Takımı 90 ml Mavi Gold,3999.99,Sofra,2026-05-12
Blossom Frame Melamin Kaydırmaz Tepsi 42x31 cm Renkli,1999.99,Sofra,2026-05-12
Blossom Frame Seramik Bardak Altlığı 11 cm Renkli,1049.99,Sofra,2026-05-12
Blossom Suni Deri 2li Amerikan Servis Pembe,699.95,Sofra,2026-05-12
Blossom Suni Deri 4lü Bardak Altlığı Açık Pembe,649.95,Sofra,2026-05-12
Blossom Suni Deri 4lü Bardak Altlığı Pembe,649.95,Sofra,2026-05-12
Blue Call Seramik Kase 13 cm Lacivert-Kırmızı,899.99,Sofra,2026-05-12
Blue Call Seramik Kayık Tabak 24x11 cm Lacivert-Kırmızı,999.99,Sofra,2026-05-12
Blue Fishy Seramik Kase Beyaz - Lacivert,899.99,Sofra,2026-05-12
Blue Fishy Seramik Pasta Tabağı 20 cm Beyaz - Lacivert,999.99,Sofra,2026-05-12
Blue Rhythm Seramik Pasta Tabağı 20 cm Beyaz - Lacivert,999.99,Sofra,2026-05-12
Blue Vista Seramik Pasta Seti 18 Parça 6 Kişilik Lacivert,1599.99,Sofra,2026-05-12
Bluebell Porselen Yemek Takımı 24 Parça 6 Kişilik Mavi,14999.99,Sofra,2026-05-12
Bluewaves Melamin Tepsi 35 cm Beyaz - Mavi,2249.99,Sofra,2026-05-12
Blush Cam Karaf Pembe,1399.95,Sofra,2026-05-12
Boho Rattan Katlı Servis Kahverengi,489.99,Sofra,2026-05-12
Boho Rattan Sunumluk Kahverengi,799.99,Sofra,2026-05-12
Boho Rattan Tepsi Kahverengi,1999.99,Sofra,2026-05-12
"Boldband Melamin Kaydırmaz Tepsi 20x28,5 cm Pembe - Turuncu",1749.99,Sofra,2026-05-12
Boldband Melamin Tepsi 23x14 cm Yeşil-mor,999.99,Sofra,2026-05-12
Boldy Lines New Bone China Kupa 350 ml Mavi,2249.99,Sofra,2026-05-12
Boldy Lines New Bone China Kupa 350 ml Turuncu,2249.99,Sofra,2026-05-12
Boldy Lines New Bone China Kupa 350 ml Yeşil,2249.99,Sofra,2026-05-12
Bon Appetit Porselen Kahvaltı Takımı 12 Parça 4 Kişilik Siyah,7999.99,Sofra,2026-05-12
"Bona Stoneware 3lü Çerezlik 6,5 cm Siyah-Beyaz-Bej",1499.99,Sofra,2026-05-12
Bona Stoneware 6 Parça 3 Kişilik Kahve Fincan Takımı 70 ml Siyah-Beyaz-Bej,3499.99,Sofra,2026-05-12
Bonnie Bone Porselen 4 Parça 2 Kişilik Kahve Fincan Takımı 90 ml Koyu Mavi,1999.99,Sofra,2026-05-12
Botanic Porselen Kahvaltı Takımı 20 Parça 6 Kişilik Renkli,12499.99,Sofra,2026-05-12
Botanic Stoneware Kase Renkli,1119.99,Sofra,2026-05-12
Botanic Stoneware Kayık Tabak Renkli,719.99,Sofra,2026-05-12
Botanic Stoneware Kupa 375 ml Renkli,559.99,Sofra,2026-05-12
Botanic Stoneware Pasta Tabağı 16 cm Renkli,1999.99,Sofra,2026-05-12
Botanic Stoneware Sunumluk Renkli,3999.99,Sofra,2026-05-12
"Botanic Stoneware Çerezlik 11,5x7,5 cm Renkli",1249.99,Sofra,2026-05-12
Botanical Garden Pamuk Masa Örtüsü 150x200 cm Beyaz - Yeşil,719.99,Sofra,2026-05-12
Botanical Garden Seramik Bardak Altlığı 10.8x0.8 cm Beyaz - Yeşil,1149.95,Sofra,2026-05-12
Botanical Masa Örtüsü 145x200 cm Krem - Pembe,4999.99,Sofra,2026-05-12
Botelya Cam Başucu Sürahi Mavi,1399.95,Sofra,2026-05-12
Botelya Cam Başucu Sürahi Pembe,1399.95,Sofra,2026-05-12
Boty Borosilikat Detoks Şişe 450 ml Beyaz,1349.95,Sofra,2026-05-12
Boty Borosilikat Detoks Şişe 450 ml Siyah,1349.95,Sofra,2026-05-12
Boty Borosilikat Detoks Şişe 450 ml Yeşil,1349.95,Sofra,2026-05-12
Boundaries Pamuk Masa Örtüsü 140x200 cm Krem - Yeşil,3499.99,Sofra,2026-05-12
Bowsie Bone Porselen 4 Parça 2 Kişilik Kahve Fincan Takımı 90 ml Kırmızı - Yeşil,479.99,Sofra,2026-05-12
Breeze Bambu 4lü Amerikan Servis 30x45 cm Siyah-Krem,1999.99,Sofra,2026-05-12
Brenda Pamuk Amerikan Servis 32 cm Silver,899.99,Sofra,2026-05-12
Brice Cam Kek Standı 20 cm Şeffaf,629.99,Sofra,2026-05-12
Bridgette Cam 6lı Kadeh 350 ml Gold,4249.99,Sofra,2026-05-12
Bright Bliss New Bone China Kupa 370 ml Renkli,1499.99,Sofra,2026-05-12
Bright Bloom Emaye Tepsi 31 cm Renkli,4999.99,Sofra,2026-05-12
Bright Bloom Masa Örtüsü 150x200 cm Beyaz - Pembe,7499.99,Sofra,2026-05-12
"Bright Bloom New Bone China Kase 15,5 cm Renkli",1500.0,Sofra,2026-05-12
Bright Bloom New Bone China Kayık Tabak 25x11 cm Renkli,2250.0,Sofra,2026-05-12
Bright Bloom New Bone China Kupa 370 ml Renkli,1499.99,Sofra,2026-05-12
Bright Bloom New Bone China Pasta Tabağı 19 cm Renkli,1500.0,Sofra,2026-05-12
Bright Bloom New Bone China Servis Tabağı 26 cm Renkli,2250.0,Sofra,2026-05-12
Bright Bloom New Bone China Çerezlik 10 cm Renkli,1250.0,Sofra,2026-05-12
Bright Bloom Tepsi 33 cm Renkli,3499.99,Sofra,2026-05-12
Bright Blossom Porselen 4 Parça 2 Kişilik Kahve Fincan Takımı 90 ml Renkli,2999.99,Sofra,2026-05-12
Bright Charm Melamin Kaydırmaz Tepsi 25x38 cm Pembe,1499.99,Sofra,2026-05-12
Bright Delight Seramik Bardak Altlığı 10 cm Yeşil,188.99,Sofra,2026-05-12
Bright Delight Tepsi 33 cm Renkli,3499.99,Sofra,2026-05-12
Bright Dream New Bone China Kupa 350 ml Renkli,1499.99,Sofra,2026-05-12
Bright Floral Melamin Cam Kapaklı Kahvaltılık Renkli,7499.99,Sofra,2026-05-12
Bright Floral Seramik Bardak Altlığı 11x11 cm Pembe,1049.99,Sofra,2026-05-12
Bright Floral Tepsi 40x26 cm Renkli,3499.99,Sofra,2026-05-12
Bright Flowers New Bone China Kupa 350 ml Renkli,1499.99,Sofra,2026-05-12
Bright Ophelia New Bone China 4 Parça 2 Kişilik Kahve Fincan Takımı 100 ml Renkli,899.99,Sofra,2026-05-12
Bright Ophelia New Bone China Kupa 460 ml Renkli,699.99,Sofra,2026-05-12
Bright Parade Emaye Tepsi 31 cm Renkli,599.99,Sofra,2026-05-12
Bright Parade Masa Örtüsü 150x200 cm Beyaz - Kırmızı,1119.99,Sofra,2026-05-12
Bright Parade Melamin 2’li Kaydırmaz Tepsi 33-24 cm Kırmızı,3999.99,Sofra,2026-05-12
Bright Parade New Bone China Kase Renkli,2749.99,Sofra,2026-05-12
Bright Parade New Bone China Kayık Tabak 15x33 Cm Renkli,674.99,Sofra,2026-05-12
Bright Parade New Bone China Kupa 370 ml Renkli,1499.99,Sofra,2026-05-12
Bright Parade New Bone China Pasta Tabağı 19 cm Renkli,1500.0,Sofra,2026-05-12
Bright Parade New Bone China Çerezlik 10 cm Renkli,224.99,Sofra,2026-05-12
Bright Parade Seramik Bardak Altlığı 10 cm Kırmızı - Yeşil,1049.99,Sofra,2026-05-12
Bright Parade Tepsi 33 cm Renkli,3499.99,Sofra,2026-05-12
Bright Petals New Bone China Kupa 370 ml Renkli,1499.99,Sofra,2026-05-12
Bright Petals Seramik Bardak Altlığı 11x11 cm Pembe,188.99,Sofra,2026-05-12
Bright Petals Tepsi 35x35 cm Renkli,3499.99,Sofra,2026-05-12
Bright Vionna New Bone China 4 Parça 2 Kişilik Kahve Fincan Takımı 100 ml Pembe-Kırmızı-Turuncu,4999.99,Sofra,2026-05-12
Bright Vionna New Bone China Kupa 460 ml Pembe-Kırmızı-Turuncu,599.99,Sofra,2026-05-12
Brightfloria Porselen Bardak 260 ml Beyaz,1249.99,Sofra,2026-05-12
Brownfall Cam Standlı ve 4lü Kupa 180 ml Kahverengi-Gold,3999.99,Sofra,2026-05-12
Bubbles Cam Başucu Sürahi 1150 ml Mavi,2749.99,Sofra,2026-05-12
Bubbles Cam Kase Şeffaf,1124.99,Sofra,2026-05-12
Bubbles Cam Kayık Tabak 14x30 cm Şeffaf,1249.99,Sofra,2026-05-12
Bubbles Cam Kek Standı Şeffaf,3999.99,Sofra,2026-05-12
Bubbles Cam Pasta Tabağı 19 cm Şeffaf,1249.99,Sofra,2026-05-12
Bubbles Cam Çerezlik 8 cm Şeffaf,1299.99,Sofra,2026-05-12
"Cage Cam Kayık Tabak 39,5x15,5 cm Şeffaf",2749.99,Sofra,2026-05-12
"Cage Cam Çerezlik 39,5x15,5 cm Şeffaf",494.99,Sofra,2026-05-12
Caitly Hasır Amerikan Servis Bej,999.95,Sofra,2026-05-12
Calantha Kağıt Tepsi Krem,1749.99,Sofra,2026-05-12
Calantha Kağıt Tepsi Siyah,1999.99,Sofra,2026-05-12
Calith Cam Şişe 720 ml Şeffaf,999.99,Sofra,2026-05-12
Calypso Porselen Kahvaltı ve Sunum Seti 18 Parça 6 Kişilik Renkli,12499.99,Sofra,2026-05-12
"Candessa Cam Şekerlik 12x10,5 cm Şeffaf",1499.99,Sofra,2026-05-12
Candy Cane Stripe Cam Bardak 510 ML Kırmızı,1199.99,Sofra,2026-05-12
Candy Cane Stripe Cam Bardak 510 ML Yeşil,1199.99,Sofra,2026-05-12
"Candy Cane Stripe Cam Çerezlik 8,5 cm Kırmızı",999.99,Sofra,2026-05-12
"Candy Cane Stripe Cam Çerezlik 8,5 cm Yeşil",999.99,Sofra,2026-05-12
Candyland Cam Şişe 750 ml Yeşil,1399.99,Sofra,2026-05-12
Capri Hasır Sunumluk Kahverengi,1299.99,Sofra,2026-05-12
Caren Plastik Bardak Amber,699.95,Sofra,2026-05-12
Caren Plastik Bardak Füme,699.95,Sofra,2026-05-12
Carnival Cam Karaf 800 ml Pembe,1399.95,Sofra,2026-05-12
Carnival Palm Bone Porselen Pasta Tabağı 20 cm Mavi-yeşil,1299.99,Sofra,2026-05-12
Carnival Sparrow New Bone China Kahve Fincan Takımı 4 Parça 2 Kişilik Fuşya,3499.99,Sofra,2026-05-12
Carnival Tree Bone Porselen Pasta Tabağı 20 cm Fuşya-Beyaz,1499.99,Sofra,2026-05-12
Carny Bone Porselen Servis Tabağı 25 cm Fuşya,1299.99,Sofra,2026-05-12
Carny Bone Porselen Servis Tabağı 25 cm Lacivert,1299.99,Sofra,2026-05-12
Carny Bone Porselen Servis Tabağı 25 cm Turuncu,1299.99,Sofra,2026-05-12
Catie Borosilikat Cam Çift Cidarlı Kupa 280 ml Pembe,1999.99,Sofra,2026-05-12
Cavea Cam Sürahi Şeffaf,1749.99,Sofra,2026-05-12
Celestial Cam 3 Parça Su Takımı 1000 ml + 380 ml Renkli,2499.99,Sofra,2026-05-12
Celine Masa Örtüsü 150x200 cm Gold,1349.99,Sofra,2026-05-12
Celine Runner 40x150 cm Gold,629.99,Sofra,2026-05-12
Cesar Borosilikat Cam Çift Cidarlı Kase Şeffaf,1249.99,Sofra,2026-05-12
Chanson Cam 2li Bardak 350 ml Siyah-Gold,1499.99,Sofra,2026-05-12
Chaplet Hasır Tepsi Kahverengi,359.99,Sofra,2026-05-12
Charm Cam Çay Tabağı Açık Mavi,699.95,Sofra,2026-05-12
Charm Cam Çay Tabağı Mor,649.95,Sofra,2026-05-12
Charmed Runner 40x140 cm Beyaz - Lacivert,2749.99,Sofra,2026-05-12
Charming New Bone China 4 Parça 2 Kişilik Cam Tabaklı Kahve Fincan Takımı 80 ml Pembe - Yeşil,3499.99,Sofra,2026-05-12
Charmsy Bone Porselen Pasta Tabağı 19 cm Renkli,999.99,Sofra,2026-05-12
Check & Sip Porselen 4 Parça 2 Kişilik Kahve Fincan Takımı 90 ml Kırmızı - Lacivert,2499.99,Sofra,2026-05-12
Checkerboard Seramik Kupa 260 ml Renkli,1499.99,Sofra,2026-05-12
Cheer and Dream Seramik Kupa 315 Ml Sarı,1499.99,Sofra,2026-05-12
Cheer and Enjoy Seramik Kupa 315 Ml Yeşil,1499.99,Sofra,2026-05-12
Cheer and Hope Seramik Kupa 315 Ml Mavi,1499.99,Sofra,2026-05-12
Cheerful Sunset New Bone China Kupa 460 ml Renkli,699.99,Sofra,2026-05-12
Cheery Cam 3lü Bardak 380 ml Kırmızı - Yeşil,1499.99,Sofra,2026-05-12
Cherries Cam 3lü Cup - Dondurma Kasesi 300 ml Kırmızı,2499.99,Sofra,2026-05-12
Cherry Garden Stoneware Kupa 320 ml Kırmızı,1399.99,Sofra,2026-05-12
Cherry Melamin Nihale 17 cm Renkli,1299.95,Sofra,2026-05-12
Cherry Seramik Bardak Altlığı 11 cm Pembe,999.99,Sofra,2026-05-12
Cherrylim Cam 3lü Cup - Dondurma Kasesi 300 ml Renkli,2499.99,Sofra,2026-05-12
Cherrypop Cam 3 Parça Su Takımı 1150 ml + 315 ml Kırmızı,1999.99,Sofra,2026-05-12
Chimera Bone Porselen Pasta Tabağı 19 cm Mavi,999.99,Sofra,2026-05-12
Chimera Cam Şişe 750 ml Renkli,1399.99,Sofra,2026-05-12
Chimera Masa Örtüsü 150x200 cm Beyaz - Kırmızı,4999.99,Sofra,2026-05-12
Chimera Runner 40x140 cm Beyaz - Kırmızı,2249.99,Sofra,2026-05-12
Chimera Seramik Bardak Altlığı 11 cm Beyaz - Yeşil,999.99,Sofra,2026-05-12
Christmas Cam 3lü Flüt Kadeh 195 ml Kırmızı,479.99,Sofra,2026-05-12
Christmas Cam 3lü Flüt Kadeh 195 ml Yeşil,2249.99,Sofra,2026-05-12
Christmas Cam 3lü Kadeh 490 ml Kırmızı,479.99,Sofra,2026-05-12
Christmas Cam 3lü Kadeh 490 ml Yeşil,2999.99,Sofra,2026-05-12
Christmas Tree Cam Çerezlik 21 cm Yeşil,1199.99,Sofra,2026-05-12
Christmas Tree Dolomite 2li Tuzluk - Biberlik 6x14 cm Beyaz,419.99,Sofra,2026-05-12
Christmas Tree Dolomite 2li Tuzluk - Biberlik 6x14 cm Yeşil,3499.99,Sofra,2026-05-12
Ciara Cam Kase 20 cm Şeffaf,2499.99,Sofra,2026-05-12
Cladars Porselen 4 Parça 2 Kişilik Kahve Fincan Takımı 90 ml Gold,629.99,Sofra,2026-05-12
Clara Seramik Pasta Seti 18 Parça 6 Kişilik Renkli,1599.99,Sofra,2026-05-12
"Clementine Borosilikat-Akasya 2li Tuzluk - Biberlik 5,5x5 cm Şeffaf",2999.99,Sofra,2026-05-12
Cleo Porselen 4 Parça 2 Kişilik Kahve Fincan Takımı 80 ml Mavi,1499.99,Sofra,2026-05-12
Coaspiral Cam 6lı Bardak 180 ml Lacivert,2749.99,Sofra,2026-05-12
Coaspiral Melamin Tepsi Lacivert,999.99,Sofra,2026-05-12
Coastal Bliss Seramik 4 Parça 2 Kişilik Çay Fincanı Takımı 184 ml Açık Mavi,2399.99,Sofra,2026-05-12
Coastal Bliss Seramik 4 Parça 2 Kişilik Çay Fincanı Takımı 184 ml Koyu Mavi,3399.99,Sofra,2026-05-12
Coastline Runner 40x140 cm Mavi - Yeşil,279.99,Sofra,2026-05-12
Coastlinear Plastik Katlı Servis 20+27 cm Krem,639.99,Sofra,2026-05-12
Coastlinear Plastik Kek Standı 30x9 cm Krem,559.99,Sofra,2026-05-12
Coastlinear Plastik Sunumluk 30 cm Mavi - Krem,2499.99,Sofra,2026-05-12
Colessa PP Sürahi 1500 ml Krem,1399.95,Sofra,2026-05-12
Colessa PP Sürahi 1500 ml Yeşil,1399.95,Sofra,2026-05-12
Colessa Plastik Servis Seti 28 cm Krem,849.95,Sofra,2026-05-12
Colessa Servis Seti 28 cm Yeşil,849.95,Sofra,2026-05-12
Colorline Paslanmaz Çelik 4lü Tatlı Kaşığı Renkli,479.99,Sofra,2026-05-12
Confella New Bone China 4 Parça 2 Kişilik Kahve Fincan Takımı 100 ml Renkli,2499.99,Sofra,2026-05-12
Confetti Melamin Tepsi 37x18 cm Renkli,1249.99,Sofra,2026-05-12
Conner Porselen Kahve Fincan Takımı 4 Parça 2 Kişilik Mavi-Yeşil,1499.99,Sofra,2026-05-12
Copricornus New Bone China Kupa 325 ml Siyah-Beyaz-Gold,1499.99,Sofra,2026-05-12
Cora Cam 3lü Bardak 400 ml Şeffaf,999.99,Sofra,2026-05-12
Coral Cam 3lü Bardak 400 ml Beyaz,1499.99,Sofra,2026-05-12
Cordelia New Bone China 4 Parça 2 Kişilik Kahve Fincan Takımı 90 ml Beyaz - Pembe,2999.99,Sofra,2026-05-12
Cordelia New Bone China 4 Parça 2 Kişilik Çay Fincanı Takımı 220 ml Beyaz - Pembe,3999.95,Sofra,2026-05-12
Core Metal Tepsi 52x39 cm Krem,559.99,Sofra,2026-05-12
Cosmic Cam 2 Bölmeli Sunumluk Şeffaf,2749.99,Sofra,2026-05-12
Cosmic Cam 2li Ayaklı Bardak 450 ml Şeffaf,359.99,Sofra,2026-05-12
Cosmic Cam 4lü Bardak 310 ml Şeffaf,399.99,Sofra,2026-05-12
Cosmic Cam 4lü Cup - Dondurma Kasesi,639.99,Sofra,2026-05-12
Cosmic Cam 4lü Kahve Yanı Bardak Şeffaf,2999.99,Sofra,2026-05-12
Cosmic Cam 4lü Meşrubat Bardağı,349.99,Sofra,2026-05-12
Cosmic Cam Cup - Dondurma Kasesi 320 ml Şeffaf,1249.99,Sofra,2026-05-12
Cosmic Cam Kek Standı Cm,6499.99,Sofra,2026-05-12
Cosmic Cam Lokumluk 9 Cm,999.99,Sofra,2026-05-12
"Cosmic Cam Sunumluk 7x7,5x13 Cm Şeffaf",1749.99,Sofra,2026-05-12
Cosmic Cam Sunumluk Şeffaf,3999.99,Sofra,2026-05-12
Cosmic Cam Şekerlik Şeffaf,1749.99,Sofra,2026-05-12
Cosmos Cam 2 Bölmeli Sunumluk Şeffaf,359.99,Sofra,2026-05-12
Cosmos Seramik Kahvaltı Takımı 14 parça 6 kişilik Lacivert,1279.99,Sofra,2026-05-12
Cosy Stripe Melamin Kaydırmaz 2li Tepsi 42x31 cm + 25x38 cm Mavi,629.99,Sofra,2026-05-12
Cottage Tepsi 30x8 cm Mavi,419.99,Sofra,2026-05-12
Cove Cam Sürahi 1260 ml Renkli,1399.95,Sofra,2026-05-12
Cozy Cam Sürahi 1260 ml Renkli,1399.95,Sofra,2026-05-12
Cozy Polyresin Dekoratif Tepsi Kahve,3749.99,Sofra,2026-05-12
Crispy Flowers Seramik Çerezlik Krem,799.95,Sofra,2026-05-12
Crispy Flowers Seramik Çerezlik Lacivert,799.95,Sofra,2026-05-12
Cross Cam 2li Kayık Tabak 23x17 cm Şeffaf,419.99,Sofra,2026-05-12
Crux Cam Sunumluk Şeffaf,629.99,Sofra,2026-05-12
Cup Of Love Cam Kupa 270 ml Kırmızı,1299.99,Sofra,2026-05-12
Cup of Sunshine Cam Kupa 270 ml Sarı,1299.99,Sofra,2026-05-12
Cute Cat New Bone China 2 Parça 1 Kişilik Kahve Fincan Takımı 90 ml Siyah-Gold,2499.99,Sofra,2026-05-12
Cyrus Cam Kek Standı 25 cm Şeffaf,639.99,Sofra,2026-05-12
Dahlia New Bone China 4 Parça 2 Kişilik Kahve Fincan Takımı 90 ml Renkli,799.99,Sofra,2026-05-12
Dainty Ahşap-Cam 5 Parça Sunumluk 10x5 cm Şeffaf,2749.99,Sofra,2026-05-12
Daisy 4 Bölmeli Kahvaltılık 26x23 cm Yeşil,1999.99,Sofra,2026-05-12
Daisy Days New Bone China 4 Parça 2 Kişilik Cam Tabaklı Kahve Fincan Takımı 80 ml Pembe - Yeşil,3499.99,Sofra,2026-05-12
Daisy Seramik Pasta Seti 13 parça 6 kişilik Renkli,1439.99,Sofra,2026-05-12
Dalia Jüt 2li Amerikan Servis Gri,1499.99,Sofra,2026-05-12
Dalia Jüt 2li Amerikan Servis Siyah,1499.99,Sofra,2026-05-12
Dalmata Seramik Bardak Altlığı 10.8x0.8 cm Beyaz - Yeşil,1099.99,Sofra,2026-05-12
Daphne New Bone China Kupa 320 ml Açık Kahverengi,1499.99,Sofra,2026-05-12
Daphne New Bone China Kupa 320 ml Bej,1499.99,Sofra,2026-05-12
Daphne New Bone China Kupa 320 ml Koyu Kahverengi,1499.99,Sofra,2026-05-12
Darcy Polyresin Dekoratif Tepsi Kahve,639.99,Sofra,2026-05-12
Daydream PP 2li Amerikan Servis 30x45 cm Mavi - Pembe,999.95,Sofra,2026-05-12
Daylora Dolomite Kupa 415 ml Mavi-Turuncu,1749.99,Sofra,2026-05-12
Daylora Dolomite Kupa 415 ml Sarı - Mavi,1749.99,Sofra,2026-05-12
Daylora Dolomite Kupa 415 ml Turuncu-Sarı,1749.99,Sofra,2026-05-12
Dazzle Cam Sürahi 1500 ml Şeffaf,489.99,Sofra,2026-05-12
Dear Porselen 4 Parça 2 Kişilik Kahve Fincan Takımı Koyu Yeşil,1999.99,Sofra,2026-05-12
Deco Bone Porselen 4 Parça 2 Kişilik Kahve Fincan Takımı 90 ml Siyah,2499.99,Sofra,2026-05-12
Delight Borosilikat Cam Sürahi,3499.99,Sofra,2026-05-12
Detroit Borosilikat Cam Sürahi 1400 ml Şeffaf,719.99,Sofra,2026-05-12
Diamond Cam 6lı Kahve Yanı Bardak 90 ml Şeffaf,2249.99,Sofra,2026-05-12
"Diamond Gleam Cam Şekerlik 9,5X10 CM Şeffaf",1499.99,Sofra,2026-05-12
Diego Paslanmaz Çelik Çatal Kaşık Bıçak Takımı 18 Parça 6 Kişilik Bej,5999.99,Sofra,2026-05-12
Dipsy New Bone China Kupa 460 ml Hardal,419.99,Sofra,2026-05-12
Dolce Vita Seramik 6lı Pasta Seti 20 cm Sarı,4999.99,Sofra,2026-05-12
Dora Porselen Kase 14 cm Beyaz,999.99,Sofra,2026-05-12
Dora Porselen Çerezlik Beyaz,899.99,Sofra,2026-05-12
Dorothy Dekoratif Tepsi Kahve,629.99,Sofra,2026-05-12
Dorothy Jüt 2li Amerikan Servis Bej,1499.99,Sofra,2026-05-12
Dreamline New Bone China Kupa 290 ml Koyu Yeşil-Turuncu,1499.99,Sofra,2026-05-12
Dreamline New Bone China Kupa 290 ml Yeşil-Turuncu,1499.99,Sofra,2026-05-12
Dreamy Garden Opal Masa Örtüsü 140x200 cm Renkli,3499.99,Sofra,2026-05-12
Dressy PP 2li Amerikan Servis 38 cm Krem,1749.99,Sofra,2026-05-12
Duskfall Cam Standlı ve 4lü Kupa 180 ml Renkli,719.99,Sofra,2026-05-12
Dynamic Cam 3lü Bardak 400 ml Mor,233.98,Sofra,2026-05-12
Earl Cam Kek Standı 20 cm Şeffaf,559.99,Sofra,2026-05-12
Echo Porselen 4 Parça 2 Kişilik Kahve Fincan Takımı 80 ml Mavi,1499.99,Sofra,2026-05-12
Eclat Cam Karaf 1100 ml Şeffaf,1999.99,Sofra,2026-05-12
Eclipse Cam Şişe 1100 ml Mavi,1399.99,Sofra,2026-05-12
Eclipsed Porselen 4 Parça 2 Kişilik Kahve Fincan Takımı 85 ml Beyaz-Gold,2499.99,Sofra,2026-05-12
Edenic 4lü Bardak Altlığı 14 cm Beyaz - Lacivert,251.98,Sofra,2026-05-12
Edenic Runner 40x140 cm Lacivert,2199.99,Sofra,2026-05-12
Edwin Porselen 4 Parça 2 Kişilik Kahve Fincan Takımı Mavi-Yeşil,1499.99,Sofra,2026-05-12
Elegant Mermer Sunumluk Beyaz,1439.99,Sofra,2026-05-12
Elegant Seramik Bardak Altlığı 10.8x0.8 cm Siyah - Beyaz,1499.99,Sofra,2026-05-12
Elisa PP 2li Amerikan Servis 35 cm Naturel,1499.99,Sofra,2026-05-12
Elisa Porselen Kahve Fincan Takımı 12 Parça 6 Kişilik Mavi,629.99,Sofra,2026-05-12
Elise Çelik 4 Parça 2 Kişilik Çay Seti 170 ml Gold,479.99,Sofra,2026-05-12
Elise Çelik 4 Parça 2 Kişilik Çay Seti 170 ml Silver,2499.99,Sofra,2026-05-12
Elite Seramik Kahve Fincan Takımı 4 Parça 2 Kişilik Gri,1399.99,Sofra,2026-05-12
Elixir Cam Karaf 1800 ml Şeffaf,1499.99,Sofra,2026-05-12
Elodie Porselen Kase Beyaz,2049.99,Sofra,2026-05-12
Elodie Porselen Kayık Tabak Beyaz,799.99,Sofra,2026-05-12
"Elodie Porselen Servis Tabağı 25,5 cm Beyaz",1749.99,Sofra,2026-05-12
"Eloise Borosilikat-Akasya 2li Tuzluk - Biberlik 6x7,5 Cm Şeffaf",2749.99,Sofra,2026-05-12
Elroy Akasya-Cam Kek Fanusu 30 cm Şeffaf,1679.99,Sofra,2026-05-12
Elvina Bone Porselen 4 Parça 2 Kişilik Kahve Fincan Takımı 90 ml Renkli,2499.99,Sofra,2026-05-12
Elyra Bone Porselen 4 Parça 2 Kişilik Kahve Fincan Takımı 90 ml Mavi Gold,719.99,Sofra,2026-05-12
Elysian Seramik Bardak Altlığı 11 cm Beyaz - Lacivert,799.95,Sofra,2026-05-12
Emberly Cam 4 Parça 2 Kişilik Çay Seti 165 ml Kahverengi-Gold,404.99,Sofra,2026-05-12
Emberly New Bone China 4 Parça 2 Kişilik Çay Fincanı Takımı 230 ml Kahverengi,639.99,Sofra,2026-05-12
Emma Metal Tepsi Gold,1399.99,Sofra,2026-05-12
Emma Metal Tepsi Silver,1399.99,Sofra,2026-05-12
Enjoy the Moment Bone Porselen 2li Espresso Fincan 90 ml Yeşil-Sarı,1499.99,Sofra,2026-05-12
"Estella Borosilikat-Akasya 2li Tuzluk - Biberlik 8x4x5,5 Cm Şeffaf",2999.99,Sofra,2026-05-12
Etna Seramik Kase Kırmızı,1249.99,Sofra,2026-05-12
Etna Seramik Kupa 430 ml Kırmızı,1299.99,Sofra,2026-05-12
Etna Seramik Kupa 430 ml Yeşil,1299.99,Sofra,2026-05-12
Etna Seramik Çerezlik Kırmızı,1149.99,Sofra,2026-05-12
Euphoria Masa Örtüsü 150x200 cm Renkli,4999.99,Sofra,2026-05-12
Euphoria Runner 40x140 cm Renkli,2999.99,Sofra,2026-05-12
Evelina New Bone China 12 Parça 6 Kişilik Kahve Fincan Takımı 90 ml Açık Pembe-Sarı-Mavi,29999.95,Sofra,2026-05-12
Evie Bone Porselen 12 Parça 6 Kişilik Kahve Fincan Takımı Turuncu-Mavi,799.99,Sofra,2026-05-12
Evie Bone Porselen Çay Tabağı 11 cm Turuncu,699.99,Sofra,2026-05-12
Exotic Lines Jüt 2li Amerikan Servis 35x50 cm Fuşya,1499.99,Sofra,2026-05-12
Exotic Lines Jüt 2li Amerikan Servis 35x50 cm Mavi,1399.99,Sofra,2026-05-12
Fabele Porselen 4 Parça 2 Kişilik Kahve Fincan Takımı 80 ml Renkli,1999.99,Sofra,2026-05-12
Fabulous Bone Porselen 2’li Espresso Fincan 90 ml Beyaz,1499.99,Sofra,2026-05-12
Fanciful Bone Porselen Servis Tabağı 25 cm Lacivert-Kırmızı,999.99,Sofra,2026-05-12
Farleg Bambu 4lü Amerikan Servis 4Siyah,279.99,Sofra,2026-05-12
Farleg Bambu 4lü Amerikan Servis Renkli,1999.99,Sofra,2026-05-12
Favorite Borosilikat Cam Kupa Yeşil,1499.99,Sofra,2026-05-12
Fawn Porselen 4 Parça 2 Kişilik Kahve Fincan Takımı 80 ml Koyu Mavi,1499.99,Sofra,2026-05-12
Faye Pamuk Runner Krem,1749.99,Sofra,2026-05-12
Feel Good Seramik Pasta Tabağı 13x19 cm Turuncu-Siyah,999.99,Sofra,2026-05-12
Feel Meal Porselen 2li Makarna Tabağı 27 cm Beyaz - Lacivert,3999.99,Sofra,2026-05-12
Feliz Porselen 4 Parça 2 Kişilik Kahve Fincan Takımı 80 ml Renkli,1749.99,Sofra,2026-05-12
Fern PP 2li Amerikan Servis 38 cm Beyaz - Mavi,1499.99,Sofra,2026-05-12
Fiesta Seramik Kahvaltı Takımı 14 parça 6 kişilik Yeşil,7499.99,Sofra,2026-05-12
Fiora Amerikan Servis Kırmızı,1399.99,Sofra,2026-05-12
Fiora Amerikan Servis Mavi,1399.99,Sofra,2026-05-12
Fiore Cam 4lü Kadeh 540 Ml Açık Pembe,2249.99,Sofra,2026-05-12
Fiore Cam 4lü Kadeh 540 Ml Açık Yeşil,2249.99,Sofra,2026-05-12
Fiore New Bone China Kase Gri,319.99,Sofra,2026-05-12
Fiore New Bone China Pasta Tabağı Gri,2499.99,Sofra,2026-05-12
Fiore New Bone China Pasta Tabağı Mint,1499.99,Sofra,2026-05-12
Fiore New Bone China Servis Tabağı Gri,479.99,Sofra,2026-05-12
Fiore New Bone China Çukur Yemek Tabağı 22 cm Gri,479.99,Sofra,2026-05-12
Fiorellino Porselen Kahvaltı Takımı Yeşil-Sarı-Pembe-Mavi,5999.99,Sofra,2026-05-12
Fishy Cam Çerezlik Mavi,999.95,Sofra,2026-05-12
Flair Cam 3lü Bardak 365 ml Şeffaf,1499.99,Sofra,2026-05-12
Flaria Seramik Bardak Altlığı 10.8x0.8 cm Beyaz - Sarı,1149.95,Sofra,2026-05-12
Fleur Cam 2li Bardak Pembe,359.99,Sofra,2026-05-12
Floe Seramik 4lü Pasta Tabağı 20 cm Renkli,489.99,Sofra,2026-05-12
Flor Pura Cam 2li Kadeh Şeffaf,2249.99,Sofra,2026-05-12
Flor Pura Cam 2li Meşrubat Bardağı Şeffaf,2999.99,Sofra,2026-05-12
Flor Pura Fırfırlı Masa Örtüsü 150x200 cm Krem,4999.99,Sofra,2026-05-12
Flor Pura Masa Örtüsü 150x220 cm Mint,899.99,Sofra,2026-05-12
Flor Pura Masa Örtüsü 150x220 cm Pembe,899.99,Sofra,2026-05-12
Flora Paslanmaz Çelik Kokteyl Çatalı 4 Parça Gold,1999.99,Sofra,2026-05-12
Floral Bliss New Bone China Kupa 450 ml Renkli,1499.99,Sofra,2026-05-12
Floral Breeze New Bone China Kupa 450 ml Renkli,1499.99,Sofra,2026-05-12
"Floral Garden Melamin 4lü Kahvaltılık 24,5x21,5 cm Renkli",899.99,Sofra,2026-05-12
Floral Garden New Bone China Kupa 450 ml Renkli,1499.99,Sofra,2026-05-12
Floral Grace Stoneware Sunumluk Siyah - Beyaz,584.99,Sofra,2026-05-12
Floral Heaven New Bone China Kupa 450 ml Renkli,1499.99,Sofra,2026-05-12
Floral Stripe Seramik Bardak Altlığı 11 cm Renkli,188.99,Sofra,2026-05-12
Florana New Bone China 4 Parça 2 Kişilik Çay Fincanı Takımı 220 ml Koyu Pembe,879.99,Sofra,2026-05-12
Florana New Bone China 4 Parça 2 Kişilik Çay Fincanı Takımı 220 ml Yeşil,989.99,Sofra,2026-05-12
Floreline Bone Porselen Ayaklı Kek Standı 30 cm Renkli,1119.99,Sofra,2026-05-12
"Floreline Bone Porselen Kayık Tabak 25,5 cm Renkli",1999.99,Sofra,2026-05-12
"Floreline Bone Porselen Çerezlik 11,5 cm Renkli",1249.99,Sofra,2026-05-12
Florend Bone Porselen Kase 14 cm Renkli,1249.99,Sofra,2026-05-12
"Florend Bone Porselen Çerezlik 11,5 cm Renkli",1249.99,Sofra,2026-05-12
Florentis Bone Porselen Kase 19 cm Renkli,3249.99,Sofra,2026-05-12
Florentis Bone Porselen Katlı Servis 19+26 cm Renkli,639.99,Sofra,2026-05-12
"Florentis Bone Porselen Kayık Tabak 21,5 cm Renkli",1499.99,Sofra,2026-05-12
Florentis Bone Porselen Pasta Tabağı 19 cm Renkli,1249.99,Sofra,2026-05-12
Florentis Bone Porselen Servis Tabağı 27 cm Renkli,1999.99,Sofra,2026-05-12
"Florentis Bone Porselen Çerezlik 11,5 cm Renkli",1249.99,Sofra,2026-05-12
Floret Cam 3 Parça Su Takımı 1150 ml + 315 ml Şeffaf,2249.99,Sofra,2026-05-12
Floret Cam Dekoratif Tepsi Mavi,3749.99,Sofra,2026-05-12
Floret Cam Şişe 750 ml Beyaz,1249.99,Sofra,2026-05-12
Floretta Bone Porselen 4 Parça 2 Kişilik Kahve Fincan Takımı 90 ml Mor,503.99,Sofra,2026-05-12
Floria Bone Porselen 4 Parça 2 Kişilik Kahve Fincan Takımı 80 ml Renkli,539.99,Sofra,2026-05-12
Florida Cam Cup - Dondurma Kasesi Kahverengi,1249.99,Sofra,2026-05-12
Flossy Masa Örtüsü 150x200 cm Beyaz - Bej,899.99,Sofra,2026-05-12
Flossy Runner 40x140 cm Beyaz - Bej,1999.99,Sofra,2026-05-12
Flower Chic Dekoratif Tepsi Gold,479.99,Sofra,2026-05-12
"Flower Stoneware 2li Tuzluk - Biberlik 6x3,5x5,5 cm Pembe - Mavi",1999.99,Sofra,2026-05-12
Flowerella Dolomite Katlı Servis 21+26 cm Kırmızı-Pembe,5999.99,Sofra,2026-05-12
Flowerella Dolomite Katlı Servis 21+26 cm Mavi,5999.99,Sofra,2026-05-12
Flowery Home Dolomite Kupa Renkli,4999.99,Sofra,2026-05-12
Flowly Seramik Kupa 260 ml Açık Mavi,1199.99,Sofra,2026-05-12
Flurries Amerikan Servis 38 cm Renkli,1499.99,Sofra,2026-05-12
Flux Cam 3lü Bardak 285 ml Şeffaf,1199.99,Sofra,2026-05-12
Fresco Porselen 4 Parça 2 Kişilik Kahve Fincan Takımı 80 ml Kırmızı - Beyaz,1749.99,Sofra,2026-05-12
Friends Cam 3lü Lisanslı Bardak 315 Ml Renkli,319.99,Sofra,2026-05-12
Friends Cam Lisanslı Başucu Sürahi 700 Ml + 220 Ml Renkli,1999.99,Sofra,2026-05-12
Friends Cam Lisanslı Şişe 500 ml Renkli,1399.99,Sofra,2026-05-12
Fringe Jüt 2li Amerikan Servis 30x45 cm Pembe,1749.99,Sofra,2026-05-12
Frosty Tree Stoneware Kupa 330 ml Yeşil,1999.99,Sofra,2026-05-12
Frucht Cam 2li Bardak 380 ml Renkli,1249.99,Sofra,2026-05-12
Fruit Cam 2li Bardak 380 ml Renkli,1249.99,Sofra,2026-05-12
Fusion Cam 3lü Bardak 400 ml Pembe,1999.99,Sofra,2026-05-12
Fusion Seramik Kayık Tabak 27 cm Pembe,1299.99,Sofra,2026-05-12
Fusion Seramik Servis Tabağı 26 cm Pembe,1199.99,Sofra,2026-05-12
Fusion Seramik Servis Tabağı 26 cm Yeşil,1199.99,Sofra,2026-05-12
Gales Cam Çerezlik 11 cm Şeffaf,799.95,Sofra,2026-05-12
Garden Delight Stoneware 5 Parça Sunumluk 20 cm Renkli,6499.99,Sofra,2026-05-12
Garden Dream New Bone China 4 Parça 2 Kişilik Kahve Fincan Takımı 90 ml Yeşil-Beyaz,639.99,Sofra,2026-05-12
Garden Serenity Stoneware Sunumluk Renkli,3999.99,Sofra,2026-05-12
Gardenia Dream New Bone China Kupa 380 ml Renkli,1399.99,Sofra,2026-05-12
Gardenia Porselen Kase Yeşil,2499.99,Sofra,2026-05-12
Gardenia Porselen Kayık Tabak 30 cm Yeşil,1749.99,Sofra,2026-05-12
Gardenia Porselen Pasta Tabağı 19 cm Yeşil,1199.99,Sofra,2026-05-12
Gardenia Porselen Servis Tabağı 25 cm Yeşil,1249.99,Sofra,2026-05-12
Gardenia Porselen Çerezlik 11 cm Beyaz - Yeşil,999.99,Sofra,2026-05-12
Gardenia Porselen Çerezlik 11 cm Yeşil,999.99,Sofra,2026-05-12
Geometric Glow Kaydırmaz Tepsi 34x25 Cm Lacivert – Gold,1149.99,Sofra,2026-05-12
Georgia Cam Dekoratif Tepsi Mavi,419.99,Sofra,2026-05-12
Gifty Flower New Bone China Kupa 310 ml Pembe-Sarı-Mavi,2499.99,Sofra,2026-05-12
Gifty Petal New Bone China Kupa 310 ml Pembe-Sarı-Mavi,349.99,Sofra,2026-05-12
Giselle Cam Kase Gold,2249.99,Sofra,2026-05-12
Giselle Cam Pasta Tabağı 16 cm Gold,1499.99,Sofra,2026-05-12
Glacial Cam Şekerlik 10x10 cm Şeffaf,1499.99,Sofra,2026-05-12
"Glacis Akasya-Cam 4 Parça Sunumluk 33x10,5x6 cm Şeffaf",384.99,Sofra,2026-05-12
"Glamour Metal İkram Tepsisi 34,5x22 Cm Silver",6499.99,Sofra,2026-05-12
Glance Borosilikat Cam Sürahi Şeffaf,559.99,Sofra,2026-05-12
Gleam Cam 3lü Bardak 425 ml Gold,1749.99,Sofra,2026-05-12
Gleam Cam 3lü Bardak 425 ml Silver,1499.99,Sofra,2026-05-12
Gleam Cam 3lü Kadeh 350 ml Gold,449.99,Sofra,2026-05-12
Gleam Cam 3lü Kadeh 350 ml Silver,349.99,Sofra,2026-05-12
Gleam Cam Bardak 400 ml Lila,159.99,Sofra,2026-05-12
Gleam Paslanmaz Çelik Tepsi 35 cm Silver,2749.99,Sofra,2026-05-12
Glimmer Cam 2li Bardak 400 ml Pembe - Yeşil,399.99,Sofra,2026-05-12
Glimmer Cam 2li Kadeh 250 ml Pembe - Yeşil,2749.99,Sofra,2026-05-12
Glint Cam 6lı Kahve Yanı Bardak 125 ml Gold,479.99,Sofra,2026-05-12
Glint Metal İkram Tepsisi 20 cm Silver,559.99,Sofra,2026-05-12
Glintter Cam 3lü Cup 380 ml Şeffaf,489.99,Sofra,2026-05-12
Glitter Cam 3lü Bardak 350 ml Gold,349.99,Sofra,2026-05-12
Glory Cam Karaf 1000 ml Yeşil,3999.99,Sofra,2026-05-12
Glow Borosilikat Cam Sürahi 1800 ml Şeffaf,479.99,Sofra,2026-05-12
Glow Cam Sunumluk 16 cm Şeffaf-Gold,2199.99,Sofra,2026-05-12
Glow Metal Tepsi Silver,2249.99,Sofra,2026-05-12
Glowy White Bone Porselen 4 Parça 2 Kişilik Kahve Fincan Takımı 90 ml Siyah-Beyaz-Gold,629.99,Sofra,2026-05-12
Gola Bambu 2li Amerikan Servis Gri,1249.99,Sofra,2026-05-12
Gola Bambu 2li Amerikan Servis Lila,1299.99,Sofra,2026-05-12
Gola Bambu 2li Amerikan Servis Pudra,1399.99,Sofra,2026-05-12
Gola Bambu 4lü Amerikan Servis Bal,2499.99,Sofra,2026-05-12
Gola Bambu 4lü Amerikan Servis Krem,1749.99,Sofra,2026-05-12
Gold Goose New Bone China Kupa 380 ml Gold,1499.99,Sofra,2026-05-12
Gold Leaves Cam 6lı Çay Bardağı 132 ml Şeffaf-Gold,2249.99,Sofra,2026-05-12
Golden Gleam Porselen Kase Beyaz-Gold,2999.99,Sofra,2026-05-12
Golden Gleam Porselen Kupa 440 ml Beyaz-Gold,2499.99,Sofra,2026-05-12
Golden Gleam Porselen Supla 34 cm Beyaz-Gold,5999.99,Sofra,2026-05-12
Golden Harmony Kaydırmaz Tepsi Lacivert – Gold,2499.99,Sofra,2026-05-12
Goldenite Masa Örtüsü 145x200 cm Gold,6499.99,Sofra,2026-05-12
Goldenite Runner 45x145 cm Gold,2999.99,Sofra,2026-05-12
Goldie Eye New Bone China Kupa 370 ml Beyaz-Gold,1499.99,Sofra,2026-05-12
Goldie Moon New Bone China Kupa 370 ml Siyah-Gold,1499.99,Sofra,2026-05-12
Good Day New Bone China Kupa 400 ml Siyah-Beyaz-Gold,1749.99,Sofra,2026-05-12
Good Day Seramik Çerezlik 13 cm Turuncu-Siyah,999.99,Sofra,2026-05-12
Good Mood Bliss Çelik Termos Kırmızı,2499.99,Sofra,2026-05-12
Good Mood Bliss Çelik Termos Siyah,2499.99,Sofra,2026-05-12
Good Mood Bliss Çelik Termos Yeşil,2499.99,Sofra,2026-05-12
Good Mood Chic Porselen Travel Mug 350 ml Siyah,1749.95,Sofra,2026-05-12
Good Mood Dora Çelik Kaşıklı Saklama Termosu 750 ml Mavi,1169.99,Sofra,2026-05-12
Good Mood Dora Çelik Kaşıklı Saklama Termosu 750 ml Yeşil,1169.99,Sofra,2026-05-12
Good Mood Elise Çelik Termos 2 Litre Petrol Mavisi,959.99,Sofra,2026-05-12
Good Mood Elise Çelik Termos 2 Litre Sütlü Kahve,959.99,Sofra,2026-05-12
Good Mood Everyday Akrilik Travel Mug 250 ml Şeffaf,1999.99,Sofra,2026-05-12
Good Mood Fiera Çelik Termos 350 ml Krem,2999.99,Sofra,2026-05-12
Good Mood Fiera Çelik Termos 350 ml Kırmızı,2799.99,Sofra,2026-05-12
Good Mood Florinox Çelik Termos 500 ml Inox,719.99,Sofra,2026-05-12
Good Mood HeatLock Çelik Bardaklı Termos 1 Litre Koyu Yeşil,5999.99,Sofra,2026-05-12
Good Mood HeatLock Çelik Bardaklı Termos 1 Litre Siyah,5999.99,Sofra,2026-05-12
Good Mood HeatLock Çelik Bardaklı Termos 500 ml Petrol Mavisi,419.99,Sofra,2026-05-12
Good Mood HeatLock Çelik Bardaklı Termos 500 ml Sütlü Kahve,439.99,Sofra,2026-05-12
Good Mood HeatLock Çelik Bardaklı Termos Kırmızı,1039.99,Sofra,2026-05-12
Good Mood Jenga Çelik Termos 750 ml Inox,899.99,Sofra,2026-05-12
Good Mood Journey Çelik Termos 600 ml Gri,3999.99,Sofra,2026-05-12
Good Mood Journey Çelik Termos 600 ml Krem,3999.99,Sofra,2026-05-12
Good Mood Journey Çelik Termos 600 ml Mor,3999.99,Sofra,2026-05-12
Good Mood Kids Sky Çelik Termos Bardak 600 ml Lacivert,2199.99,Sofra,2026-05-12
Good Mood Leonor Çelik Travel Mug 400 ml Mavi,2749.99,Sofra,2026-05-12
Good Mood Leora PP – Cam Termos 1L Gri,2499.99,Sofra,2026-05-12
Good Mood Leora PP – Cam Termos 1L Kırmızı,2499.99,Sofra,2026-05-12
Good Mood Leora PP – Cam Termos 1L Siyah,2499.99,Sofra,2026-05-12
Good Mood Leora PP – Cam Termos 1L Turkuaz,1749.99,Sofra,2026-05-12
Good Mood Lidya Çelik Travel Mug 570 ml Pembe,384.99,Sofra,2026-05-12
Good Mood Lidya Çelik Travel Mug 570 ml Turuncu,494.99,Sofra,2026-05-12
Good Mood Lidya Çelik Travel Mug 570 ml Yeşil,494.99,Sofra,2026-05-12
Good Mood Loa Çelik Travel Mug 750 ml Lacivert,3749.99,Sofra,2026-05-12
Good Mood Loa Çelik Travel Mug 750 ml Mor,3749.99,Sofra,2026-05-12
Good Mood Lunchy Çelik Saklama Termosu 500 ml Krem,3499.95,Sofra,2026-05-12
Good Mood Lunchy Çelik Saklama Termosu 500 ml Mor,3499.95,Sofra,2026-05-12
Good Mood Lunchy Çelik Saklama Termosu 500 ml Yeşil,3499.95,Sofra,2026-05-12
Good Mood Mila Çelik Termos 700 ml Gri,1169.99,Sofra,2026-05-12
Good Mood Mila Çelik Termos 700 ml Pudra Pembe,6499.99,Sofra,2026-05-12
Good Mood Mona Çelik Travel Mug 500 ml Açık Gri,2499.99,Sofra,2026-05-12
Good Mood Mona Çelik Travel Mug 500 ml Koyu Gri,2499.99,Sofra,2026-05-12
Good Mood Napoli Çelik Travel Mug 500 ml Mavi,2749.99,Sofra,2026-05-12
Good Mood Napoli Çelik Travel Mug 500 ml Pembe,2749.99,Sofra,2026-05-12
Good Mood Napoli Çelik Travel Mug 500 ml Siyah - Gri,2999.99,Sofra,2026-05-12
Good Mood Napoli Çelik Travel Mug 500 ml Sütlü Kahve,1999.99,Sofra,2026-05-12
Good Mood Napoli Çelik Travel Mug 500 ml Turuncu,2749.99,Sofra,2026-05-12
Good Mood New Etna Çelik Termos 900 ml Bordo,3999.99,Sofra,2026-05-12
Good Mood New Etna Çelik Termos 900 ml Gri,3999.99,Sofra,2026-05-12
Good Mood New Etna Çelik Termos 900 ml Krem,3999.99,Sofra,2026-05-12
Good Mood New Etna Çelik Termos 900 ml Mor,679.99,Sofra,2026-05-12
Good Mood New Etna Çelik Termos 900 ml Rose Pembe,3999.99,Sofra,2026-05-12
Good Mood New Etna Çelik Termos 900 ml Yeşil,639.99,Sofra,2026-05-12
"Good Mood Orion Cam Termos 1,6L Bej",1169.99,Sofra,2026-05-12
"Good Mood Orion Cam Termos 1,6L Gri",1169.99,Sofra,2026-05-12
Good Mood Raven Çelik Termos 650 ml Gri,1169.99,Sofra,2026-05-12
Good Mood Raven Çelik Termos 650 ml Siyah,1169.99,Sofra,2026-05-12
Good Mood Roxy Çelik Travel Mug 400 ml Turuncu,2749.99,Sofra,2026-05-12
Good Mood Sascha Paslanmaz Çelik Termos Pembe,4999.99,Sofra,2026-05-12
Good Mood Seramik Çerezlik 13 cm Turuncu-Siyah,999.99,Sofra,2026-05-12
"Good Mood Sparrow Cam Termos 0,95 L Pembe",1169.99,Sofra,2026-05-12
Good Mood Temp Çelik Termos Gri,3999.99,Sofra,2026-05-12
Good Mood Temp Çelik Termos Siyah,4999.95,Sofra,2026-05-12
Good Mood Valen Çelik Termos 900 ml Beyaz,839.99,Sofra,2026-05-12
Good Mood Valen Çelik Termos 900 ml Gri,1079.99,Sofra,2026-05-12
Good Mood Valen Çelik Termos 900 ml Yeşil,5999.99,Sofra,2026-05-12
Good Mood Viva Çelik Termos 500 ml Gri,519.99,Sofra,2026-05-12
Good Mood Viva Çelik Termos 500 ml Krem,2999.99,Sofra,2026-05-12
Grace Porselen 4lü Pasta Seti 21 cm Pembe,3999.99,Sofra,2026-05-12
Graceful PP 2li Amerikan Servis 38 cm Gold,1999.99,Sofra,2026-05-12
Graceful Shapes Cam Pasta Tabağı Gold,1199.99,Sofra,2026-05-12
Graceful Shapes Cam Servis Tabağı Gold,1249.99,Sofra,2026-05-12
Graceful Shapes Cam Supla Gold,215.99,Sofra,2026-05-12
Graceful Çelik 4 Parça 2 Kişilik Çay Seti 140 ml Silver,2999.99,Sofra,2026-05-12
Gracy Kristalin 6lı Bardak Gold,1439.99,Sofra,2026-05-12
Green Dream Emaye Kek Standı 31 cm Yeşil,4999.99,Sofra,2026-05-12
Green Pine Dolomite 4lü Kupa 153 ml-193 ml-267 ml-267 ml Yeşil,7999.99,Sofra,2026-05-12
Green Year PP 2li Amerikan Servis 38 cm Yeşil,1499.99,Sofra,2026-05-12
Greenery Tepsi 33 cm Beyaz - Yeşil,479.99,Sofra,2026-05-12
Greentide Cam 3 Parça Su Takımı 1150 ml + 315 ml Yeşil,449.99,Sofra,2026-05-12
Greeny Pamuk Masa Örtüsü 150x200 cm Beyaz - Yeşil,4999.99,Sofra,2026-05-12
Grena Borosilikat Cam Sürahi 1500 ml Yeşil,639.99,Sofra,2026-05-12
Greta Cam 2li Tuzluk - Biberlik 105 ml Koyu Bej,1399.99,Sofra,2026-05-12
Greta Cam 2li Tuzluk-Biberlik Antrasit,1499.99,Sofra,2026-05-12
Gridify Pvc 4lü Amerikan Servis 30x45 cm Bej,1499.99,Sofra,2026-05-12
Gridlane Pvc Masa Örtüsü Bej,359.99,Sofra,2026-05-12
Gridlane Pvc Masa Örtüsü Kırmızı,2249.99,Sofra,2026-05-12
Gridlane Pvc Masa Örtüsü Mavi,2249.99,Sofra,2026-05-12
Grove Bambu 4lü Amerikan Servis 30x45 cm Siyah,1999.99,Sofra,2026-05-12
Grove Bambu 4lü Amerikan Servis Krem,1249.99,Sofra,2026-05-12
Gum Ahşap 7 Parça Bardak Altlığı Renkli,1399.99,Sofra,2026-05-12
Happiness Cam Sürahi 1500 ml Renkli,2499.99,Sofra,2026-05-12
Happy New Year Metal Tepsi 35x23 cm Kırmızı,1149.99,Sofra,2026-05-12
Harmon Cam Çerezlik Mor-Turkuaz,999.99,Sofra,2026-05-12
Harmonia Masa Örtüsü 145x200 cm Bej,4499.99,Sofra,2026-05-12
Harmonic Gold Kaydırmaz Tepsi 34 cm Lacivert – Gold,1749.99,Sofra,2026-05-12
Harmony Silver Porselen Tek Kişilik Kahve Sunum Seti 100 ml Beyaz-Silver,6499.99,Sofra,2026-05-12
Harry Potter Cam 3lü Lisanslı Bardak 315 Ml Renkli,1999.99,Sofra,2026-05-12
Harry Potter Cam Lisanslı Başucu Sürahi 700 Ml + 220 Ml Renkli,1499.99,Sofra,2026-05-12
Harry Potter Cam Lisanslı Şişe 500 ml Renkli,1399.99,Sofra,2026-05-12
Heart Cam 3lü Bardak 290 ml Kırmızı,1499.99,Sofra,2026-05-12
Heartie Borosilikat Cam Çift Cidarlı Kupa 160 ml Şeffaf,1499.99,Sofra,2026-05-12
"HeatLock Çelik Bardaklı Termos 1,5L Koyu Yeşil",5999.99,Sofra,2026-05-12
"HeatLock Çelik Bardaklı Termos 1,5L Siyah",959.99,Sofra,2026-05-12
HeatLock Çelik Bardaklı Travel Mug 500 ml Turuncu,2749.99,Sofra,2026-05-12
Hecha Seramik Yemek Takımı 4 Parça Tek Kişilik Krem,400.0,Sofra,2026-05-12
Hecha Seramik Yemek Takımı 4 Parça Tek Kişilik Kırmızı,629.99,Sofra,2026-05-12
Hecha Seramik Yemek Takımı 4 Parça Tek Kişilik Siyah,2499.99,Sofra,2026-05-12
Hello New Day New Bone China Bardak Altlıklı Kupa 450 ml Beyaz,2249.99,Sofra,2026-05-12
Henna Bambu 4lü Amerikan Servis 30x45 cm Siyah,1249.99,Sofra,2026-05-12
Hera Porselen Kase 16 cm Gold,999.99,Sofra,2026-05-12
Herbal New Bone China Bardak 230 ml Beyaz - Yeşil,1249.99,Sofra,2026-05-12
Hestia New Bone China Kupa 350 ml Beyaz,1199.99,Sofra,2026-05-12
Hestia New Bone China Kupa 350 ml Gri,1199.99,Sofra,2026-05-12
Hestia New Bone China Kupa 350 ml Somon,1199.99,Sofra,2026-05-12
Hestia New Bone China Kupa 350 ml Yeşil,1199.99,Sofra,2026-05-12
Hexa Cam 2li Tuzluk - Biberlik 4x9 cm Şeffaf,1999.99,Sofra,2026-05-12
Holly Metal Tepsi 16x35 cm Lacivert,1399.99,Sofra,2026-05-12
Hollyberry Ahşap 4lü Bardak Altlığı 11 cm Renkli,999.99,Sofra,2026-05-12
Hope More Stoneware Kupa 400 ml Renkli,1749.99,Sofra,2026-05-12
Horizon Porselen Kahvaltı Takımı 16 Parça 4 Kişilik Siyah,6999.99,Sofra,2026-05-12
Horizon Porselen Kahvaltı Takımı 16 Parça 4 Kişilik Yeşil,7999.99,Sofra,2026-05-12
Hue Cam 3lü Bardak 290 ml Siyah,1199.99,Sofra,2026-05-12
Hues Cam 3lü Bardak 290 ml Renkli,1249.99,Sofra,2026-05-12
Hues Cam 3lü Bardak 290 ml Şeffaf,1249.99,Sofra,2026-05-12
Isidora Emaye Kupa 350 ml Yeşil,1499.99,Sofra,2026-05-12
Isidora Emaye Yuvarlak Tepsi 31 cm Krem,419.99,Sofra,2026-05-12
Isidora Emaye Yuvarlak Tepsi Açık Mint,419.99,Sofra,2026-05-12
Janice Cam 12 Parça 6 Kişilik Çay Seti 135 ml Gold,1199.99,Sofra,2026-05-12
Jesse Cam Pasta Tabağı 16 cm Şeffaf,999.95,Sofra,2026-05-12
Jessica Porselen 20 Parça 6 Kişilik Kahvaltı Takımı Renkli,12999.99,Sofra,2026-05-12
Jingle Borosilikat Cam Sürahi Şeffaf,3499.99,Sofra,2026-05-12
Jinglewood Ahşap 4lü Bardak Altlığı 12x14 cm Renkli,1399.99,Sofra,2026-05-12
Jolly Metal Tepsi 16x35 cm Kırmızı - Lacivert,1399.99,Sofra,2026-05-12
"Joy Akasya Sunumluk 25,3x13,5 cm Beyaz - Yeşil",479.99,Sofra,2026-05-12
Joy Dolomite Sunumluk 24x13 cm Beyaz - Kırmızı,639.99,Sofra,2026-05-12
Joy Dolomite Sunumluk Beyaz - Kırmızı,719.99,Sofra,2026-05-12
Joyful Christmas Cam Pipetli Bardak 400 ml Kırmızı,1199.99,Sofra,2026-05-12
Joyful Christmas Cam Pipetli Bardak 400 ml Yeşil,1199.99,Sofra,2026-05-12
Joyfull Bloom Cam Sürahi 1500 ml Renkli,2499.99,Sofra,2026-05-12
Joyfull Seramik 6lı Çerezlik 6 cm Renkli,439.99,Sofra,2026-05-12
Kokina Borosilikat Pipetli Bardak 460 ml Kırmızı,1499.99,Sofra,2026-05-12
Koza Cam 3lü Meşrubat Bardağı Gold,319.99,Sofra,2026-05-12
Laccy Cam 8 Parça 4 Kişilik Çay Seti 170 ml Gold,1079.99,Sofra,2026-05-12
Lamour Seramik 6lı Pasta Tabağı 20 cm Renkli,4999.99,Sofra,2026-05-12
Largii Cam Şişe Turkuaz,1399.99,Sofra,2026-05-12
Larry Kayık Tabak Lacivert,1249.99,Sofra,2026-05-12
Larry Porselen Kase Kırmızı,1499.99,Sofra,2026-05-12
Larry Porselen Kase Lacivert,999.99,Sofra,2026-05-12
Lavender Porselen Kahvaltı Takımı 12 Parça 6 Kişilik Yeşil-Mavi,7999.99,Sofra,2026-05-12
Layla Bone Porselen Yemek Takımı 24 Parça 6 Kişilik Yeşil,24999.99,Sofra,2026-05-12
Leafora New Bone China Kupa 460 ml Yeşil-Mavi,3499.99,Sofra,2026-05-12
Leafscape Cam 3 Parça Su Takımı 1150 ml + 380 ml Yeşil,2999.99,Sofra,2026-05-12
Leafscape Emaye Bardak 350 ml Yeşil,1749.99,Sofra,2026-05-12
Leafscape New Bone China Kupa 460 ml Beyaz - Yeşil,559.99,Sofra,2026-05-12
Leafscape New Bone China Kupa 460 ml Yeşil,559.99,Sofra,2026-05-12
Lelia Cam 2li Tuzluk - Biberlik 4x5 cm Gold,1099.99,Sofra,2026-05-12
Lelia Cam 2li Tuzluk - Biberlik 4x5 cm Silver,1049.99,Sofra,2026-05-12
Lemmy Porselen 8 Parça 4 Kişilik Çay Seti 165 ml Renkli,4999.99,Sofra,2026-05-12
Lemon Bloom Metal Koruyuculu Servis Tamamlayıcı 30 Cm Sarı - Lacivert,1999.99,Sofra,2026-05-12
Lemon Cam 4lü Pasta Seti 19 cm Sarı-Yeşil,479.99,Sofra,2026-05-12
Lemon Garden Seramik 6lı Pasta Seti 16 cm Renkli,2999.99,Sofra,2026-05-12
Lemon Garden Stoneware Kupa 320 ml Sarı,1399.99,Sofra,2026-05-12
Lemon Mısır Amerikan Servis 38 cm Krem,1399.99,Sofra,2026-05-12
Lemon Seramik Bardak Altlığı 11 cm Sarı,1499.99,Sofra,2026-05-12
Lemony Porselen Kahvaltı Takımı 20 Parça 6 Kişilik Sarı,14999.99,Sofra,2026-05-12
Leno Porselen Kahve Fincan Takımı 4 Parça 2 Kişilik Yeşil,1999.99,Sofra,2026-05-12
Lenore 2li Amerikan Servis 35x50 cm Gold,799.99,Sofra,2026-05-12
Lenore Masa Örtüsü 150x220 cm Gold,3999.99,Sofra,2026-05-12
Lenore Runner Gold,1749.99,Sofra,2026-05-12
Leopa Seramik Bardak Altlığı 11 cm Bej,1499.99,Sofra,2026-05-12
Leoterra Seramik Bardak Altlığı 11 cm Kahverengi,1499.99,Sofra,2026-05-12
Leptis Paslanmaz Çelik Çatal Kaşık Bıçak Takımı 18 Parça 6 Kişilik Gold,9999.99,Sofra,2026-05-12
Leptis Paslanmaz Çelik Çatal Kaşık Bıçak Takımı 18 Parça 6 Kişilik Siyah,9999.99,Sofra,2026-05-12
Leron 2li Amerikan Servis Beyaz,1399.99,Sofra,2026-05-12
Liana Porselen 4 Parça 2 Kişilik Kahve Fincan Takımı 80 ml Lacivert-Beyaz,2249.99,Sofra,2026-05-12
Lianis Emaye Kupa 350 ml Yeşil-Mavi,2249.99,Sofra,2026-05-12
Lida Seramik Kahvaltı ve Sunum Seti 325x100 ml Siyah,719.99,Sofra,2026-05-12
Lilies Cam Çerezlik 12 cm Kahverengi,799.95,Sofra,2026-05-12
Lilies Cam Çerezlik Yeşil,799.99,Sofra,2026-05-12
Lilies Jüt 2li Amerikan Servis Antrasit,269.99,Sofra,2026-05-12
Lilla Cam 2li Tuzluk - Biberlik 4x4 cm Gold,1499.99,Sofra,2026-05-12
Lilla Cam 2li Tuzluk - Biberlik 4x4 cm Silver,1049.99,Sofra,2026-05-12
Lily Cam 3lü Bardak 290 ml Yeşil,1499.99,Sofra,2026-05-12
Lily Cam Çerezlik 12 cm Gold,999.99,Sofra,2026-05-12
Lily Seramik Pasta Seti 18 Parça 6 Kişilik Renkli,1599.99,Sofra,2026-05-12
Lilya Porselen 6lı Pasta Seti 19 cm Renkli,2999.99,Sofra,2026-05-12
Lina Seramik Kase Krem,999.99,Sofra,2026-05-12
Lina Seramik Kase Yeşil,999.99,Sofra,2026-05-12
Lina Seramik Kupa 150 ml Krem,1149.95,Sofra,2026-05-12
Lina Seramik Kupa 150 ml Yeşil,1149.95,Sofra,2026-05-12
Lina Seramik Pasta Tabağı 14 cm Yeşil,799.99,Sofra,2026-05-12
Lina Seramik Çerezlik Krem,799.95,Sofra,2026-05-12
Lina Seramik Çerezlik Yeşil,799.95,Sofra,2026-05-12
Linea Cam Başucu Sürahi 1000 ml Mavi - Yeşil,1499.99,Sofra,2026-05-12
Linea Seramik Kahvaltı Takımı 14 parça 6 kişilik Renkli,1349.99,Sofra,2026-05-12
Linear Cam 6lı Kahve Yanı Bardak 90 ml Şeffaf,1999.99,Sofra,2026-05-12
Linera Cam El Yapımı 2’li Cup 300 ml Vizon,1999.99,Sofra,2026-05-12
Little Unicorn Pipetli Bardak Pembe,999.99,Sofra,2026-05-12
Livia Bone Porselen 4 Parça 2 Kişilik Kahve Fincan Takımı 90 ml Renkli,399.99,Sofra,2026-05-12
Livia Porselen Yemek Takımı Gold,22999.99,Sofra,2026-05-12
Lolly Cam Şekerlık Şeffaf,1299.99,Sofra,2026-05-12
Loly New Bone China Kupa 460 ml Bordo,479.99,Sofra,2026-05-12
Loneta Cam Çerezlik Pembe,799.95,Sofra,2026-05-12
Looney Tunes Cam Lisanslı Başucu Sürahi 700 Ml + 220 Ml Renkli,1999.99,Sofra,2026-05-12
Looney Tunes Cam Lisanslı Şişe 500 ml Renkli,1399.99,Sofra,2026-05-12
Loopera Kağıt 2li Amerikan Servis 38 cm Kırmızı,1749.99,Sofra,2026-05-12
Louice Rattan Sedefli Tepsi Kahverengi,719.99,Sofra,2026-05-12
Love Day New Bone China Kupa 400 ml Siyah-Beyaz-Gold,2249.99,Sofra,2026-05-12
Love More Cam Bardak 380 ml Siyah,899.99,Sofra,2026-05-12
Love More Stoneware Kupa 400 ml Pembe,269.99,Sofra,2026-05-12
Love Stoneware Kupa 395 ml Turuncu,244.99,Sofra,2026-05-12
"Lovely Stoneware 4lü Çerezlik 6,5 cm Kırmızı",1499.99,Sofra,2026-05-12
Lovely Stoneware 8 Parça 4 Kişilik Fincan 150 ml Kırmızı,3499.99,Sofra,2026-05-12
Luce Cam Katlı Servis 21+28 cm Şeffaf,2249.99,Sofra,2026-05-12
Lucienne Kristal 6lı Kadeh 530 ml Şeffaf,7999.99,Sofra,2026-05-12
Luck Seramik Kayık Tabak 22 cm Mor,799.99,Sofra,2026-05-12
Luly Cam Sunumluk 38x13x7 Cm Şeffaf,479.99,Sofra,2026-05-12
Luma Seramik 2li Tuzluk - Biberlik 6 cm Krem,1049.99,Sofra,2026-05-12
Luminous Cam 3 Parça Su Takımı 1000 ml + 315 ml Şeffaf,1999.99,Sofra,2026-05-12
Luminous White Bone Porselen 4 Parça 2 Kişilik Çay Fincanı Takımı 180 ml Siyah-Beyaz-Gold,4499.99,Sofra,2026-05-12
Lunara Porselen 18 Parça 6 Kişilik Çay-Kahve Takımı 170-90 ml Beyaz,1349.99,Sofra,2026-05-12
Lunara Porselen 4 Parça 2 Kişilik Kahve Fincan Takımı 90 ml Beyaz,2499.99,Sofra,2026-05-12
Lunara Porselen 4 Parça 2 Kişilik Kahve Fincanı 90 ml Beyaz - Yeşil,3499.0,Sofra,2026-05-12
Lunara Porselen 4 Parça 2 Kişilik Çay Fincanı Takımı 220 ml Beyaz,4999.99,Sofra,2026-05-12
Lunara Porselen 4 Parça 2 Kişilik Çay Fincanı Takımı 220 ml Beyaz - Yeşil,899.81,Sofra,2026-05-12
Lunara Porselen Kase Beyaz,1199.99,Sofra,2026-05-12
Lunara Porselen Kupa 350 ML Beyaz - Yeşil,749.99,Sofra,2026-05-12
Lunara Porselen Kupa 350 ml Beyaz,1499.99,Sofra,2026-05-12
Lunara Porselen Makarna Tabağı 27 cm Beyaz,1749.99,Sofra,2026-05-12
Lunara Porselen Pasta Tabağı 20 cm Beyaz,1499.99,Sofra,2026-05-12
Lunara Porselen Servis Tabağı 24 cm Beyaz,1999.99,Sofra,2026-05-12
Lunara Porselen Tabak Beyaz,1749.99,Sofra,2026-05-12
Lunara Porselen Çerezlik 10 cm Beyaz,1299.99,Sofra,2026-05-12
Lunessa Porselen 12 Parça 6 Kişilik Çay Seti 165 ml Mavi,4999.99,Sofra,2026-05-12
Lusana Cam Başucu Sürahi Antrasit,1399.95,Sofra,2026-05-12
Lusana Cam Başucu Sürahi Mavi,1399.95,Sofra,2026-05-12
Lush Elegance Paslanmaz Çelik T.Çatal-Kaşık Set 4 Parça Gold,279.99,Sofra,2026-05-12
Lush Pamuk Masa Örtüsü 140x200 cm Krem,2999.99,Sofra,2026-05-12
Lush Paslanmaz Çelik Tatlı Kaşığı 4 Parça Gold,1299.99,Sofra,2026-05-12
Lustrado Cam Lüsterli Şişe 500 ml Renkli,223.99,Sofra,2026-05-12
Lustraze Cam 3lü Lüsterli Bardak 375 ml Renkli,2499.99,Sofra,2026-05-12
Lustrous Kristal 2li Bardak Şeffaf,1999.99,Sofra,2026-05-12
Lustrous Kristal 2li Kadeh Şeffaf,479.99,Sofra,2026-05-12
Luxe Cam 6lı Çerezlik 9 cm Şeffaf,399.99,Sofra,2026-05-12
Luxe Flora Paslanmaz Çelik Tatlı Kaşığı 4 Parça Gold,1999.99,Sofra,2026-05-12
Luxe Keten Look 2li Amerikan Servis Bej,1149.99,Sofra,2026-05-12
Luxe Keten Look 2li Amerikan Servis Krem Siyah,1499.99,Sofra,2026-05-12
Luxe Keten Look Masa Örtüsü 150x200 cm Bej,6499.99,Sofra,2026-05-12
Luxe Keten Runner Bej,2999.99,Sofra,2026-05-12
Luxe White Bone Porselen 4 Parça 2 Kişilik Kahve Fincan Takımı 90 ml Siyah-Beyaz-Gold,3499.99,Sofra,2026-05-12
Luzia Cam 3 Parça Karaf Şeffaf,4999.99,Sofra,2026-05-12
Lydie Akasya-Cam Kek Fanusu 26 cm Şeffaf,1749.99,Sofra,2026-05-12
Mae Cam 4lü Cup - Dondurma Kasesi 270 ml Şeffaf,2999.99,Sofra,2026-05-12
"Malic Melamin Kaydırmaz Tepsi 20x28,5 cm Kırmızı",1749.99,Sofra,2026-05-12
Malic Seramik Pasta Tabağı 20 cm Renkli,1199.99,Sofra,2026-05-12
Mara Cam 2li Kase Şeffaf,1299.99,Sofra,2026-05-12
Mara Cam 2li Çerezlik Şeffaf,1499.99,Sofra,2026-05-12
Marcelo Porselen Kase 13 cm Beyaz,999.99,Sofra,2026-05-12
Marcelo Porselen Çerezlik Beyaz,899.99,Sofra,2026-05-12
Marcus Cam Su Şişesi 1000 ml Pembe,1299.99,Sofra,2026-05-12
Marcus Cam Su Şişesi 1000 ml Sarı,1299.99,Sofra,2026-05-12
Marcuss Cam Şişe 1000 ml Mavi,1749.99,Sofra,2026-05-12
Marcuss Cam Şişe 1000 ml Pembe,1499.99,Sofra,2026-05-12
Maren Polipropilen Amerikan Servis Lacivert,699.95,Sofra,2026-05-12
Margon Rattan Amerikan Servis Kahve,699.95,Sofra,2026-05-12
Margon Rattan Amerikan Servis Siyah,1299.99,Sofra,2026-05-12
Marine Anchor Seramik Pasta Tabağı 16 cm Lacivert – Yeşil,999.99,Sofra,2026-05-12
Mariner Blues New Bone China Kupa 260 ml Mavi-yeşil,1249.99,Sofra,2026-05-12
Mariner Fishy New Bone China Kupa 260 ml Mavi - Kırmızı -Yeşil,1249.99,Sofra,2026-05-12
Mariner Parade New Bone China Kupa 260 ml Mavi - Kırmızı -Yeşil,1249.99,Sofra,2026-05-12
Mariner Sun Stoneware 6 Parça 3 Kişilik Fincan 150 ml Mavi-Kırmızı,479.99,Sofra,2026-05-12
Marinique Porselen Kayık Tabak Mavi-yeşil,439.99,Sofra,2026-05-12
Marinique Porselen Pasta Tabağı 23 cm Mavi-yeşil,2249.99,Sofra,2026-05-12
Marinova Porselen Kase Mavi-Beyaz,3249.99,Sofra,2026-05-12
Marinova Porselen Pasta Tabağı 23 cm Mavi-Beyaz,2249.99,Sofra,2026-05-12
Marinova Porselen Çerezlik Mavi-Beyaz,1499.99,Sofra,2026-05-12
Mariscopia Seramik Kayık Tabak 25 cm Mavi-yeşil,999.99,Sofra,2026-05-12
Maritime Melody Melamin Kaydırmaz Tepsi 25x38 cm Beyaz - Lacivert,1499.99,Sofra,2026-05-12
Marivella New Bone China Yemek Takımı 24 Parça 6 Kişilik Mavi,29999.99,Sofra,2026-05-12
Marlon Porselen Yemek Takımı 16 Parça 4 Kişilik Krem - Yeşil,7499.99,Sofra,2026-05-12
Marsia Jüt 2li Amerikan Servis Lacivert,1499.99,Sofra,2026-05-12
Marta Jüt Tekli Amerikan Servis Siyah,899.99,Sofra,2026-05-12
Martinez Bambu 4lü Amerikan Servis Bal,1999.99,Sofra,2026-05-12
Martinez Bambu 4lü Amerikan Servis Kahve,2249.99,Sofra,2026-05-12
Marvelous Bone Porselen Yemek Takımı 54 Parça 12 Kişilik Lacivert,59999.99,Sofra,2026-05-12
Maya Cam Çerezlik 13 cm Gold,799.99,Sofra,2026-05-12
Meadow Masa Örtüsü 145x200 cm Beyaz - Mavi,6499.99,Sofra,2026-05-12
Meghan Cam 2li Kadeh Antrasit,399.99,Sofra,2026-05-12
Melie Cam Şişe 1000 ml Pembe,1399.99,Sofra,2026-05-12
Melie Cam Şişe Mavi,1499.99,Sofra,2026-05-12
Merci Seramik Kupa 260 ml Yeşil,1499.99,Sofra,2026-05-12
Merion Cam Şişe 1000 ml Şeffaf,1249.99,Sofra,2026-05-12
Mica Cam Kase,799.95,Sofra,2026-05-12
Mika Porselen Kahve Fincan Takımı 4 Parça 2 Kişilik Siyah,1499.99,Sofra,2026-05-12
Mika Porselen Kahve Fincan Takımı 4 Parça 2 Kişilik Yeşil,1749.99,Sofra,2026-05-12
Mila Masa Örtüsü 150x200 cm Pudra,1749.99,Sofra,2026-05-12
Mile Seramik Pasta Tabağı 20 cm Gri,849.99,Sofra,2026-05-12
Mile Seramik Çerezlik 13 cm Gri,799.95,Sofra,2026-05-12
Mile Seramik Çerezlik 13 cm Pembe,799.95,Sofra,2026-05-12
Miny Cam Kapaklı Sunumluk Şeffaf,584.99,Sofra,2026-05-12
Miny Cam Pasta Tabağı Şeffaf,999.99,Sofra,2026-05-12
Miny Cam Salata Kasesi Şeffaf,319.99,Sofra,2026-05-12
Miny Cam Çerezlik,799.95,Sofra,2026-05-12
Mira Porselen 4 Parça 2 Kişilik Kahve Fincan Takımı 80 ml Yeşil,1499.99,Sofra,2026-05-12
Mira Seramik Bardak Yeşil,799.99,Sofra,2026-05-12
Miraca Seramik Kase Krem,799.95,Sofra,2026-05-12
Miracle Cam 2li Bardak 235 ml Mavi - Yeşil,2749.99,Sofra,2026-05-12
Mirage Cam 3lü Bardak Şeffaf-Gold,2499.99,Sofra,2026-05-12
Mirage Cam 3lü Kadeh Şeffaf-Gold,519.99,Sofra,2026-05-12
Mistral Borosilikat Cam Çift Cidarlı Kupa Şeffaf,1499.99,Sofra,2026-05-12
Mita Cam Şişe 750 ml Mavi,1199.99,Sofra,2026-05-12
Mix Me 3 Parça Servis Seti 32 cm Kırmızı,1499.99,Sofra,2026-05-12
Mix Me 3 Parça Servis Seti Yeşil,1299.99,Sofra,2026-05-12
Mixed Lines Porselen Kahve Fincan Takımı Renkli,2499.99,Sofra,2026-05-12
Modern Cube Bone Porselen Kahve Fincan Takımı 4 Parça 2 Kişilik Sarı,1999.99,Sofra,2026-05-12
Modern Cube Bone Porselen Kahve Fincan Takımı 4 Parça 2 Kişilik Turuncu,1899.99,Sofra,2026-05-12
Modern Cube Bone Porselen Kahve Fincan Takımı 4 Parça 2 Kişilik Yeşil,1949.99,Sofra,2026-05-12
Modern Cube Bone Porselen Pasta Tabağı 20 cm Yeşil,849.95,Sofra,2026-05-12
"Molly Cam Meşrubatlık 3,5L Şeffaf",6499.99,Sofra,2026-05-12
Molten Cam Şişe Mavi,1499.99,Sofra,2026-05-12
Monarch Porselen Kase Siyah - Beyaz,359.99,Sofra,2026-05-12
Monarch Porselen Kayık Tabak 30 cm Siyah - Beyaz,314.99,Sofra,2026-05-12
Monarch Porselen Pasta Tabağı 19 cm Siyah - Beyaz,1299.99,Sofra,2026-05-12
Monarch Porselen Servis Tabağı 25 cm Siyah - Beyaz,1249.99,Sofra,2026-05-12
Monarch Porselen Çukur Tabak 19 cm Siyah - Beyaz,1299.99,Sofra,2026-05-12
Monica Cam 12 Parça 6 Kişilik Çay Seti 80 ml Gold,1599.99,Sofra,2026-05-12
Mood Cups New Bone China 8 Parça 4 Kişilik Kahve Fincan Takımı 90 ml Renkli,4999.99,Sofra,2026-05-12
Moonlit Porselen 12 Parça 6 Kişilik Kahve Fincan Takımı 90 ml Beyaz-Gold,8999.99,Sofra,2026-05-12
Morph Cam 3lü Amorf Bardak 270 ml Şeffaf,1499.99,Sofra,2026-05-12
Morris Porselen Kahve Fincan Takımı 4 Parça 2 Kişilik Yeşil,1499.99,Sofra,2026-05-12
Mossia Seramik Bardak Altlığı 10.8x0.8 cm Beyaz - Yeşil,1149.95,Sofra,2026-05-12
Mossica Melamin Tepsi 24x14 cm Yeşil,1149.95,Sofra,2026-05-12
Myla Cam Kayık Tabak 47x17 cm Gold,719.99,Sofra,2026-05-12
Mystic Eyes New Bone China Kupa 425 ml Gold,2999.99,Sofra,2026-05-12
Mystic Look New Bone China Kupa 425 ml Gold,1749.99,Sofra,2026-05-12
Nami Porselen 4 Parça 2 Kişilik Kahve Fincan Takımı 80 ml Yeşil,1749.99,Sofra,2026-05-12
Nautical Emaye Katlı Servis 21x29 cm Mavi,4299.99,Sofra,2026-05-12
Navy Ajurlu Masa Örtüsü 150x200 cm Krem,4499.99,Sofra,2026-05-12
Navy Ajurlu Masa Örtüsü 150x200 cm Siyah,4499.99,Sofra,2026-05-12
New Year Joy Cam Pipetli Bardak Beyaz,699.95,Sofra,2026-05-12
New Year Joy Metal Tepsi 35x23 cm Yeşil,1149.99,Sofra,2026-05-12
Nimbus Seramik 2li Tuzluk - Biberlik 14x8 cm Beyaz,224.99,Sofra,2026-05-12
Nish Cam Başucu Sürahi 750 ml + 200 ml Şeffaf,2999.99,Sofra,2026-05-12
Nixie Flowery Porselen 12 Parça 6 Kişilik Kahve Fincan Takımı 80 ml Yeşil-Mavi,3499.98,Sofra,2026-05-12
Nixie Porselen 4 Parça 2 Kişilik Kahve Fincan Takımı 80 ml Yeşil-Mavi,1499.99,Sofra,2026-05-12
Noble Metal İkram Tepsisi 35 cm Silver,2999.99,Sofra,2026-05-12
Noctara Cam 4 Parça 2 Kişilik Çay Seti 165 ml Kahverengi-Gold,2499.99,Sofra,2026-05-12
Noctis Cam 2li Tuzluk - Biberlik 6x9 cm Şeffaf,2499.99,Sofra,2026-05-12
Nostalgia Porselen 4 Parça 2 Kişilik Kahve Fincan Takımı 90 ml Mavi-Sarı,3999.99,Sofra,2026-05-12
Nour Masa Örtüsü 145x200 cm Gold,4499.99,Sofra,2026-05-12
Nour Runner 45x145 cm Gold,2499.99,Sofra,2026-05-12
Nour Runner 45x145 cm Silver,1999.99,Sofra,2026-05-12
Nova Cam Pasta Tabağı 22 cm Siyah-Gold,999.99,Sofra,2026-05-12
Nova Cam Servis Tabağı 28 cm Siyah-Gold,1249.99,Sofra,2026-05-12
Nova Cam Çerezlik 14 cm Siyah-Gold,1299.99,Sofra,2026-05-12
Nura Cam Şişe 450 ml Şeffaf,1199.99,Sofra,2026-05-12
Octavia Borosilikat-Akasya 2li Tuzluk - Biberlik 6x8 cm Şeffaf,2999.99,Sofra,2026-05-12
Odri Örme 6Lı Peçete Halkası Beyaz,999.99,Sofra,2026-05-12
Olith Cam Kase Mavi,999.99,Sofra,2026-05-12
Olith Cam Kase Yeşil,999.99,Sofra,2026-05-12
Olith Cam Pasta Tabağı Mavi,999.99,Sofra,2026-05-12
Olith Cam Çerezlik Yeşil,999.99,Sofra,2026-05-12
"Oliver Akasya-Cam 2 Parça Meşrubatlık 5,4 LT Şeffaf",1619.99,Sofra,2026-05-12
Olivia Akrilik Kırılmaz Bardak Şeffaf,699.95,Sofra,2026-05-12
Opal Seramik Kahvaltı Takımı 10 parça 4 kişilik Yeşil,1169.99,Sofra,2026-05-12
Opalin 4lü Bardak Altlığı 14 cm Beyaz - Kırmızı,1499.99,Sofra,2026-05-12
Opalin Masa Örtüsü 150x200 cm Beyaz - Kırmızı,3999.99,Sofra,2026-05-12
Ophelia Porselen Kase Mavi-Beyaz,999.99,Sofra,2026-05-12
Ophelia Porselen Kayık Tabak Mavi-Beyaz,1249.99,Sofra,2026-05-12
Ophelia Porselen Çerezlik Mavi-Beyaz,799.99,Sofra,2026-05-12
Optimus Borosilikat Cam Sürahi 1400 ml Şeffaf,639.99,Sofra,2026-05-12
Orange Carny Bone Porselen Kase 15 cm Turuncu-Mavi,1499.99,Sofra,2026-05-12
Orange Seramik Bardak Altlığı 11 cm Yeşil,999.99,Sofra,2026-05-12
Orangeis Tepsi Beyaz - Turuncu,1749.99,Sofra,2026-05-12
Orchid Cam 3lü Bardak 425 ml Pudra,1499.99,Sofra,2026-05-12
Oria Cam 6lı Cup - Dondurma Kasesi,4999.99,Sofra,2026-05-12
Orient Akasya Sunumluk Koyu Kahverengi,479.99,Sofra,2026-05-12
Orphia Cam 2li Tuzluk - Biberlik 6x9 cm Şeffaf,2499.99,Sofra,2026-05-12
Orvin Porselen 4 Parça 2 Kişilik Kahve Fincan Takımı 90 ml Gümüş,2999.99,Sofra,2026-05-12
Osier Hasır Amerikan Servis Lacivert,1299.99,Sofra,2026-05-12
Oyster Cam Bardak 400 ml Mavi,999.99,Sofra,2026-05-12
Palette Cam 3lü Bardak 230 ml Renkli,2249.99,Sofra,2026-05-12
Palle Cam Tuzluk - Biberlik 11 Cm,1999.99,Sofra,2026-05-12
Pappi Porselen Kahve Fincan Takımı 4 Parça 2 Kişilik Mavi,1749.99,Sofra,2026-05-12
Paradise Cam 3lü Bardak 425 ml Mavi - Yeşil,559.99,Sofra,2026-05-12
Paradise Cam 3lü Bardak 425 ml Şeffaf,1499.99,Sofra,2026-05-12
Paradise Cam 3lü Kadeh 350 ml Mavi - Pembe,359.99,Sofra,2026-05-12
Paradise Cam 3lü Kadeh 350 ml Şeffaf,359.99,Sofra,2026-05-12
Parma Porselen Yemek Takımı 12 Parça 4 Kişilik Silver,9999.99,Sofra,2026-05-12
Parry Jüt 2li Amerikan Servis Gold,1749.99,Sofra,2026-05-12
Parsley Cam 4lü Bardak 425 ml Yeşil,2499.99,Sofra,2026-05-12
Parsley New Bone China Bardak 230 ml Beyaz - Yeşil,1249.99,Sofra,2026-05-12
Pastel Dream Porselen 4lü Pasta Seti 20 cm Renkli,2999.99,Sofra,2026-05-12
Pastel Parade Melamin Kaydırmaz Tepsi 25x38 cm Turuncu,1749.99,Sofra,2026-05-12
Pear Seramik Pasta Tabağı 20 cm Renkli,1199.99,Sofra,2026-05-12
Pearl Plastik Rattan Kek Standı 30 cm Açık Kahverengi,639.99,Sofra,2026-05-12
Pearly Cam Şişe 1250 ml Koyu Yeşil,1499.99,Sofra,2026-05-12
Peble Cam Şişe Şeffaf,1499.99,Sofra,2026-05-12
Pecan Masa Örtüsü 145x200 cm Bej-Kahverengi,799.99,Sofra,2026-05-12
Pecan Runner 40x140 cm Bej-Kahverengi,1499.99,Sofra,2026-05-12
Peggy Pamuk 2li Amerikan Servis İndigo,699.95,Sofra,2026-05-12
Pelia New Bone China Bardak Altlıklı Kupa 380 ml Pembe,2499.99,Sofra,2026-05-12
Perfection Masa Örtüsü 145x200 cm Lacivert,989.99,Sofra,2026-05-12
Petal Cam Çerezlik 12 cm Gold,999.99,Sofra,2026-05-12
Petal Haven Bone Porselen 4 Parça 2 Kişilik Kahve Fincan Takımı 90 ml Yeşil,449.99,Sofra,2026-05-12
Petal Parade Porselen Kahvaltı ve Sunum Seti 15 Parça 6 Kişilik Renkli,19999.99,Sofra,2026-05-12
Petite New Bone China Kase 23 cm Renkli,3250.0,Sofra,2026-05-12
Petite Seramik Kahvaltı Takımı 14 parça 6 kişilik Renkli,7499.99,Sofra,2026-05-12
Petra Cam Şişe 1000 ml Şeffaf,1499.99,Sofra,2026-05-12
Phoebe Cappucino New Bone China Kupa 200 ml Lacivert,1499.99,Sofra,2026-05-12
Phoebe Cappucino New Bone China Kupa 200 ml Yeşil,1499.99,Sofra,2026-05-12
Phoebe Latte New Bone China Kupa 200 ml Kahverengi,1499.99,Sofra,2026-05-12
Phoebe Latte New Bone China Kupa 200 ml Krem,1499.99,Sofra,2026-05-12
Phoebe New Bone China 2 Parça 2 Kişilik Espresso Fincan 90 ml Lacivert - Krem,1749.99,Sofra,2026-05-12
Phoebe New Bone China 4 Parça 2 Kişilik Kahve Fincan Takımı 90 ml Lacivert - Krem,559.99,Sofra,2026-05-12
Pia Porselen Kahve Fincan Takımı 4 Parça 2 Kişilik Mavi,1499.99,Sofra,2026-05-12
Pico Cam Ahşap Kapaklı 4 Bölmeli Kahvaltılık 21x21 cm Şeffaf,4999.99,Sofra,2026-05-12
Pico Lines Porselen 12 Parça 6 Kişilik Kahve Fincan Takımı 80 ml Lacivert-Kırmızı,3499.98,Sofra,2026-05-12
Pico Porselen 4 Parça 2 Kişilik Kahve Fincan Takımı 80 ml Lacivert-Kırmızı,1499.99,Sofra,2026-05-12
Pine Tree Dolomite Kupa Koyu Yeşil,699.99,Sofra,2026-05-12
Pineglow Amerikan Servis 38 cm Yeşil,1499.99,Sofra,2026-05-12
Pink Flowers Melamin 2li Tepsi 36x16 cm + 24x14 cm Pembe,1499.99,Sofra,2026-05-12
Pixel Porselen Pasta Tabağı 4lü Renkli,3999.99,Sofra,2026-05-12
Pixel Porselen Yemek Takımı 12 Parça 4 Kişilik Renkli,1999.99,Sofra,2026-05-12
Plaina Pvc 4lü Amerikan Servis 30x45 cm Açık Mint,1499.99,Sofra,2026-05-12
Plantopia Emaye Tepsi 31 cm Yeşil,799.99,Sofra,2026-05-12
Plantopia Melamin 4lü Cam Kapaklı Kahvaltılık 30x21 cm Koyu Yeşil,3999.99,Sofra,2026-05-12
Plantopia Melamin 6lı Cam Kapaklı Kahvaltılık 39x21 cm Beyaz - Yeşil,959.99,Sofra,2026-05-12
Plantopia Porselen Kayık Tabak 17x10 cm Beyaz - Yeşil,1499.99,Sofra,2026-05-12
Plantopia Porselen Kayık Tabak 18x14 cm Yeşil,1499.99,Sofra,2026-05-12
Plantopia Porselen Kayık Tabak Lacivert-Yeşil,1749.99,Sofra,2026-05-12
Plantopia Porselen Kayık Tabak Sarı-Yeşil,1499.99,Sofra,2026-05-12
Plantopia Porselen Pasta Tabağı 15 cm Beyaz - Lacivert,1249.99,Sofra,2026-05-12
Plantopia Porselen Çerezlik 11 cm Koyu Yeşil,1299.99,Sofra,2026-05-12
Plantopia Porselen Çerezlik 11 cm Yeşil,1299.99,Sofra,2026-05-12
Plantopia Porselen Çerezlik 9 cm Lacivert-Yeşil,999.99,Sofra,2026-05-12
Plantopia Porselen Çerezlik 9 cm Sarı-Yeşil,999.99,Sofra,2026-05-12
Plantopia Porselen Çerezlik Beyaz - Yeşil,1299.99,Sofra,2026-05-12
Playful Loop Seramik Kupa 350 ml Kırmızı-Pembe,1499.99,Sofra,2026-05-12
Playful Rust Seramik Kupa 350 ml Turuncu-Mavi,1249.99,Sofra,2026-05-12
Playful Twist Seramik Kupa 350 ml Sarı-Turuncu,1249.99,Sofra,2026-05-12
Poinsettia Nakışlı Amerikan Servis 33x48 cm Mint,899.99,Sofra,2026-05-12
Point Seramik Kahvaltı Takımı 14 parça 6 kişilik Renkli,7499.99,Sofra,2026-05-12
Polar Bear Tritan Çocuk Pıpetlı Şişe Turuncu,699.95,Sofra,2026-05-12
Positive Seramik Kupa 260 ml Renkli,1499.99,Sofra,2026-05-12
Preston Nova Porselen Yemek Takımı 24 Parça 6 Kişilik Mavi,14999.99,Sofra,2026-05-12
Preston Nova Porselen Yemek Takımı 24 Parça 6 Kişilik Yeşil,14999.99,Sofra,2026-05-12
Preston Stoneware Kayık Tabak Bordo,9499.99,Sofra,2026-05-12
Pretty Home Dolomite Kupa Renkli,4999.99,Sofra,2026-05-12
Prime Borosilikat Cam Sürahi 1400 ml Şeffaf,719.99,Sofra,2026-05-12
Pura Cam Şişe 450 ml Şeffaf,1199.99,Sofra,2026-05-12
Pure Flower Porselen Kupa Açık Mavi,1299.99,Sofra,2026-05-12
Pure Flower Porselen Kupa Küf Yeşili,1299.99,Sofra,2026-05-12
Pure Flower Porselen Çerezlik Mavi,1499.99,Sofra,2026-05-12
Pure Paslanmaz Çelik Çatal Kaşık Bıçak Takımı 18 Parça 6 Kişilik Krem,7499.99,Sofra,2026-05-12
Pure Porselen Yemek Takımı 21 Parça 6 Kişilik Beyaz,17499.99,Sofra,2026-05-12
Purepetal New Bone China 4 Parça 2 Kişilik Cam Tabaklı Kahve Fincan Takımı 80 ml Yeşil,3499.99,Sofra,2026-05-12
"Puries Cam Lokumluk Şekerlik 6,5x5,5x7 cm Şeffaf",1149.95,Sofra,2026-05-12
Rabecca New Bone China Kahve Fincan Takımı 4 Parça 2 Kişilik Kırmızı,2999.99,Sofra,2026-05-12
Rabecca New Bone China Kahve Fincan Takımı 4 Parça 2 Kişilik Lacivert,2999.99,Sofra,2026-05-12
Rabecca New Bone China Kahve Fincan Takımı 4 Parça 2 Kişilik Pembe,479.99,Sofra,2026-05-12
Rabecca New Bone China Kahve Fincan Takımı 4 Parça 2 Kişilik Siyah,2999.99,Sofra,2026-05-12
Rabecca New Bone China Kahve Fincan Takımı 4 Parça 2 Kişilik Yeşil,2999.99,Sofra,2026-05-12
Rachel Cam 12 Parça 6 Kişilik Çay Seti 135 ml Şeffaf,5999.99,Sofra,2026-05-12
Ramona Cam 3lü Bardak 375 ml Şeffaf,1249.99,Sofra,2026-05-12
Ramona Cam 3lü Bardak Pembe - Mavi,2249.99,Sofra,2026-05-12
Raphael Akasya-Cam Kek Fanusu 25 cm Şeffaf,1399.99,Sofra,2026-05-12
Rapture Porselen 4 Parça 2 Kişilik Kahve Fincan Takımı 80 ml Mavi,1999.99,Sofra,2026-05-12
Ratio Biyeli Amerikan Servis 35x50 cm Lila,899.99,Sofra,2026-05-12
Red Year PP 2li Amerikan Servis 38 cm Kırmızı,1399.95,Sofra,2026-05-12
Reflection Metal Kapaklı Sunumluk Silver,2999.99,Sofra,2026-05-12
Refresh Bottle Cam Kılıflı Şişe 600 ml Pembe,1499.99,Sofra,2026-05-12
Refresh Bottle Cam Kılıflı Şişe 600 ml Turuncu,1399.99,Sofra,2026-05-12
Refresh Bottle Cam Kılıflı Şişe 750 ml Mor,1499.99,Sofra,2026-05-12
Refresh Bottle Cam Kılıflı Şişe 750 ml Pudra,1499.99,Sofra,2026-05-12
Refresh Bottle Cam Kılıflı Şişe Siyah,1499.99,Sofra,2026-05-12
Regal Cam Kek Standı 25 cm Siyah-Gold,479.99,Sofra,2026-05-12
Reina Cam El Yapımı 2li Flüt Kadeh Şeffaf-Gold,2249.99,Sofra,2026-05-12
Reina Cam El Yapımı 2’li Meşrubat Bardağı Pudra,2249.99,Sofra,2026-05-12
Remixy Seramik 2li Kahve Fincan Takımı 110 ml Mavi,1999.99,Sofra,2026-05-12
Remixy Seramik 2li Kahve Fincan Takımı 110 ml Yeşil,1999.99,Sofra,2026-05-12
Remixy Seramik 2li Çay Fincanı Takımı 184 ml Bordo,2499.99,Sofra,2026-05-12
Remixy Seramik 2li Çay Fincanı Takımı 184 ml Mavi,2499.99,Sofra,2026-05-12
Retro Ahşap Tepsi 40x27 cm Mavi,2749.99,Sofra,2026-05-12
Retro Charm New Bone China Servis Tabağı 27 cm Beyaz - Mavi,1499.99,Sofra,2026-05-12
Retro Hearty New Bone China Kase 10 cm Beyaz - Mavi,1250.0,Sofra,2026-05-12
Retro Paisley New Bone China Kayık Tabak 26 cm Beyaz - Mavi,1750.0,Sofra,2026-05-12
Retro Paisley New Bone China Pasta Tabağı 18 cm Beyaz - Mavi,1499.99,Sofra,2026-05-12
Retro Paisley New Bone China Servis Tabağı 27 cm Beyaz - Mavi,2499.99,Sofra,2026-05-12
Retro Petite New Bone China Kase Renkli,1500.0,Sofra,2026-05-12
Retro Plaid Emaye Tepsi Lacivert – Yeşil,2499.99,Sofra,2026-05-12
Retro Pure Emaye Katlı Servis 21x29 cm Pembe - Yeşil,3999.99,Sofra,2026-05-12
Retro Realm New Bone China Pasta Tabağı 18 cm Beyaz - Turuncu,1500.0,Sofra,2026-05-12
Retro Revival Seramik Bardak Altlığı 11 cm Mavi,1499.99,Sofra,2026-05-12
Retro Rosy New Bone China Kayık Tabak 17 cm Beyaz - Turuncu,1250.0,Sofra,2026-05-12
Retro Seramik Kahvaltı Takımı 10 parça 4 kişilik Renkli,6749.99,Sofra,2026-05-12
Retro Seramik Pasta Seti 13 parça 6 kişilik Renkli,9999.99,Sofra,2026-05-12
"Rhenys Cam Ahşap Ayaklı Kase 19,5 cm Şeffaf",639.99,Sofra,2026-05-12
Ribbon Joy Cam 2li Bardak 380 ml Kırmızı - Yeşil,1499.99,Sofra,2026-05-12
Ribbon Joy Masa Örtüsü 150x200 cm Yeşil-Beyaz,3999.99,Sofra,2026-05-12
Ribbon Joy Runner 40x140 cm Yeşil-Beyaz,2749.99,Sofra,2026-05-12
Ricco Cam Ahşap Kapaklı 4 Bölmeli Kahvaltılık 21x21 cm Renkli,1049.99,Sofra,2026-05-12
Riley Cam Çerezlik Pembe,999.99,Sofra,2026-05-12
Ring Borosilikat Cam Kupa Mavi,1499.99,Sofra,2026-05-12
Ring Borosilikat Cam Kupa Yeşil,1499.99,Sofra,2026-05-12
Ripple Cam 3 Parça Su Takımı 1200 ml + 220 ml Şeffaf,3999.99,Sofra,2026-05-12
Rolena %50 Pamuk %50 Jüt 2li Amerikan Servis 35 cm Krem,1749.99,Sofra,2026-05-12
Rolly Cam Şekerlik,1749.99,Sofra,2026-05-12
Romance Porselen Kahvaltı Takımı 12 Parça 6 Kişilik Kırmızı-Siyah,7999.99,Sofra,2026-05-12
Rootix Cam 3lü Cup 300 ml Yeşil,2499.99,Sofra,2026-05-12
Rosalie New Bone China 4 Parça 2 Kişilik Kahve Fincan Takımı 100 ml Renkli,4999.99,Sofra,2026-05-12
Rosalie New Bone China Kupa 460 ml Renkli,699.99,Sofra,2026-05-12
Roselle Seramik 4lü Pasta Seti 16 cm Renkli,2999.99,Sofra,2026-05-12
Rosemary Cam 3 Parça Su Takımı 1150 Ml + 400 Ml Renkli,2499.99,Sofra,2026-05-12
Rosen Porselen Yemek Takımı 24 Parça 6 Kişilik Lacivert,17499.99,Sofra,2026-05-12
Rosewood Melamin Kaydırmaz Tepsi 27x36 cm Kırmızı,2499.99,Sofra,2026-05-12
Rosy Life Melamin Kaydırmaz 2li Tepsi 33-24 cm Renkli,3499.99,Sofra,2026-05-12
Royal Rose Cam Dekoratif Tepsi Gold,719.99,Sofra,2026-05-12
Royals New Bone China 4 Parça 2 Kişilik Kahve Fincan Takımı 90 ml Mavi,3999.99,Sofra,2026-05-12
"Rustic Iroco Peçete Halkası 3,5x4 Cm Kahverengi",999.99,Sofra,2026-05-12
Rustic Iroco Sunum Tahtası Kahverengi,2499.99,Sofra,2026-05-12
Rustic Linen Pamuk Runner 40x140 cm Bej,2499.99,Sofra,2026-05-12
Rustic Porselen Pasta Seti 7 parça 6 kişilik Renkli,4999.99,Sofra,2026-05-12
Rustique Akasya Sunumluk Kahverengi,909.99,Sofra,2026-05-12
Ruth Pamuk Runner 35x145 Cm Bej,2249.99,Sofra,2026-05-12
Safari Pipetli Bardak Yeşil,999.99,Sofra,2026-05-12
Sage Garden Bone Porselen 4 Parça 2 Kişilik Kahve Fincan Takımı 90 ml Yeşil,2749.99,Sofra,2026-05-12
Sailor Lines Pvc 4lü Amerikan Servis 30x45 cm Lacivert-Beyaz,1499.99,Sofra,2026-05-12
Sanchi Paslanmaz Çelik Çatal Kaşık Bıçak Takımı 18 Parça 6 Kişilik Silver,7499.99,Sofra,2026-05-12
Sanitary Borosilikat Şişe 550 ml Mavi,1749.99,Sofra,2026-05-12
Sanitary Borosilikat Şişe 550 ml Pembe,1749.99,Sofra,2026-05-12
Santos Borosilikat 2li Çift Cidarlı Bardak Şeffaf,199.99,Sofra,2026-05-12
Savanna Hasır Tepsi 32 cm Mavi-Bej,489.99,Sofra,2026-05-12
Savanna Jüt 2li Amerikan Servis 38 cm Mavi-Bej,1299.99,Sofra,2026-05-12
Seafish Cam Bardak Mavi,1249.99,Sofra,2026-05-12
Seashell Jüt 2li Amerikan Servis 34x38 Cm Krem,2249.99,Sofra,2026-05-12
Seaside Emaye Tepsi 31 cm Beyaz - Mavi,599.99,Sofra,2026-05-12
Secret Garden Opal Masa Örtüsü 140x200 cm Renkli,559.99,Sofra,2026-05-12
Sedona New Bone China 4 Parça 2 Kişilik Çay Fincanı Takımı 230 ml Kahverengi,3999.99,Sofra,2026-05-12
Selene Porselen 4 Parça 2 Kişilik Kahve Fincan Takımı 80 ml Mavi,559.99,Sofra,2026-05-12
Selene Porselen 4 Parça 2 Kişilik Kahve Fincan Takımı 80 ml Sarı,559.99,Sofra,2026-05-12
Selly Cam 5 Parça Su Takımı 1000 ml + 380 ml Şeffaf,2499.99,Sofra,2026-05-12
Seraphic Cam Pasta Tabağı 19 cm Gold,999.99,Sofra,2026-05-12
Serenade Bone Porselen 4 Parça 2 Kişilik Kahve Fincan Takımı 90 ml Mavi Gold,2999.99,Sofra,2026-05-12
Serenade Bone Porselen 4 Parça 2 Kişilik Kahve Fincan Takımı 90 ml Pembe - Gold,2999.99,Sofra,2026-05-12
Serenade Bone Porselen 4 Parça 2 Kişilik Kahve Fincan Takımı 90 ml Yeşil-Gold,2999.99,Sofra,2026-05-12
Serene Bambu 4lü Amerikan Servis 30x45 cm Siyah-Krem,1999.99,Sofra,2026-05-12
"Serene Calm Cam Şekerlik 9x9,5x7,5 cm Şeffaf",1499.99,Sofra,2026-05-12
Serenika Pamuk Runner 40x140 cm Beyaz - Yeşil,2749.99,Sofra,2026-05-12
Serenity Kristal 2li Kadeh 440 ml Silver,349.99,Sofra,2026-05-12
Serenity Kristalin 2li Bardak Silver,2499.99,Sofra,2026-05-12
Serina Seramik Bardak Altlığı 10.8x0.8 cm Beyaz - Yeşil,1149.95,Sofra,2026-05-12
Seris Bone Porselen 4 Parça 2 Kişilik Kahve Fincan Takımı 90 ml Pembe - Sarı,439.99,Sofra,2026-05-12
Shadow Shine Cam Kek Standı 28 cm Siyah,1999.99,Sofra,2026-05-12
Shape Porselen Yemek Takımı 8 Parça 2 Kişilik Beyaz,4999.99,Sofra,2026-05-12
Sheen Porselen 12 Parça 6 Kişilik Kahve Fincan Takımı 90 ml Beyaz-Gold,7499.99,Sofra,2026-05-12
Shelltide Masa Örtüsü 150x200 cm Beyaz - Mavi,3999.99,Sofra,2026-05-12
Shelltide Seramik Kase 15 cm Mavi-yeşil,699.99,Sofra,2026-05-12
Shellwave Porselen 4lü Pasta Seti 19 cm Lacivert-Beyaz,2999.99,Sofra,2026-05-12
Shellwave Runner 40x140 cm Beyaz - Mavi,2249.99,Sofra,2026-05-12
Shimmer Borosilikat Çift Cidarlı Bardak 400 ml Gold,1749.99,Sofra,2026-05-12
Shimmer Borosilikat Çift Cidarlı Bardak 400 ml Silver,1749.99,Sofra,2026-05-12
Shimmer Masa Örtüsü 150x240 cm Gold,6499.99,Sofra,2026-05-12
Shimmer Masa Örtüsü 150x240 cm Silver,6499.99,Sofra,2026-05-12
Shimmer Runner Gold,1399.95,Sofra,2026-05-12
Shimmer Runner Silver,1499.99,Sofra,2026-05-12
Shinea Cam 3 Parça Su Takımı 1000 ml + 315 ml Renkli,449.99,Sofra,2026-05-12
Shiny Cam Bardak Altlığı 10 cm Şeffaf,1149.95,Sofra,2026-05-12
Shiny Keten 2li Amerikan Servis Gold,1299.99,Sofra,2026-05-12
Shiny Metal Sunum Tepsisi Gold,1999.99,Sofra,2026-05-12
Shiny Metal Sunum Tepsisi Gümüş,1999.99,Sofra,2026-05-12
Shoreline Seramik Kayık Tabak 22 cm Mavi-yeşil,999.99,Sofra,2026-05-12
"Shoreline Seramik Çukur Tabak 19,5 cm Mavi-yeşil",999.99,Sofra,2026-05-12
Siana Cam Kase Gold,999.99,Sofra,2026-05-12
Siana Cam Katlı Servis Gold,559.99,Sofra,2026-05-12
Siana Cam Kek Standı 28 cm Gold,2999.99,Sofra,2026-05-12
Siana Cam Pasta Tabağı 21 cm Gold,1499.99,Sofra,2026-05-12
Side Seramik 2 Parça 1 Kişilik Çay Fincanı 225 ml Krem - Taş,2499.99,Sofra,2026-05-12
Simple Bloom Opal Masa Örtüsü 140x200 cm Renkli,559.99,Sofra,2026-05-12
Simple Seramik Kupa 270 ml Bej,1149.95,Sofra,2026-05-12
Simple Seramik Kupa 270 ml Mavi,1149.95,Sofra,2026-05-12
Simple Seramik Kupa 270 ml Yeşil,999.99,Sofra,2026-05-12
Simplex Metal Tepsi 37 cm Krem,2249.99,Sofra,2026-05-12
Simplex Metal Tepsi 37 cm Kırmızı,2249.99,Sofra,2026-05-12
Smile Stoneware Kupa 395 ml Açık Yeşil,244.99,Sofra,2026-05-12
Smooth Fringes Pamuk Runner Bordo,1399.95,Sofra,2026-05-12
Snowman Seramik 2li Tuzluk - Biberlik 9x6 cm Beyaz - Yeşil,559.99,Sofra,2026-05-12
So Blessed New Bone China Bardak Altlıklı Kupa 450 ml Beyaz,2249.99,Sofra,2026-05-12
Soft Cam Sunumluk 18x9x1 Cm Şeffaf,999.99,Sofra,2026-05-12
Soft Dream New Bone China Kupa 250 ml Açık Mavi,1249.99,Sofra,2026-05-12
Soft Dream New Bone China Kupa 250 ml Açık Pembe,1249.99,Sofra,2026-05-12
Soft Dream New Bone China Kupa 250 ml Açık Yeşil,1249.99,Sofra,2026-05-12
Soft Dream New Bone China Kupa 250 ml Lila,1249.99,Sofra,2026-05-12
Soft Garden Porselen Kahvaltı Takımı 20 Parça 6 Kişilik Gold,24999.99,Sofra,2026-05-12
Soft Garden Porselen Yemek Takımı 24 Parça 6 Kişilik Gold,29999.99,Sofra,2026-05-12
Soft glow 4lü Amerikan Servis 30x45 cm Beyaz,1749.99,Sofra,2026-05-12
Soft glow 4lü Amerikan Servis 30x45 cm Gold,1749.99,Sofra,2026-05-12
Sommer Cam Karaf 800 ml Sarı,1499.99,Sofra,2026-05-12
Sommer Cam Karaf 800 ml Yeşil,1499.99,Sofra,2026-05-12
Sommertanz Polipropilen 2li Amerikan Servis 29x42 cm Mor,699.95,Sofra,2026-05-12
Somnia Seramik Kahvaltı Takımı 14 parça 6 kişilik Yeşil-Pembe,1279.99,Sofra,2026-05-12
Sonnie Bambu 4lü Amerikan Servis Mint,1999.99,Sofra,2026-05-12
Sora Bloom Porselen 12 Parça 6 Kişilik Kahve Fincan Takımı 80 ml Turuncu-Mavi,3499.99,Sofra,2026-05-12
Sortie Cam Şişe 500 ml Siyah,1999.99,Sofra,2026-05-12
Sortie Pamuk Masa Örtüsü 150x200 cm Beyaz,3999.99,Sofra,2026-05-12
Spectral Cam 2li Lüsterli Kadeh Renkli,399.99,Sofra,2026-05-12
Spectrum Cam Şişe 750 ml Mavi,1299.99,Sofra,2026-05-12
Spinora Kağıt 2li Amerikan Servis 38 cm Pembe - Turuncu,1999.99,Sofra,2026-05-12
Spinora Kağıt 2li Amerikan Servis 38 cm Yeşil,1999.99,Sofra,2026-05-12
Splash Seramik Kahvaltı Takımı 10 parça 4 kişilik Kırmızı-Pembe,4999.99,Sofra,2026-05-12
Splashy Stoneware Kupa 300 ml Açık Kahverengi,1999.99,Sofra,2026-05-12
Spring Akrilik İçi Cam Termos,2499.99,Sofra,2026-05-12
Spring Time Dekoratif Tepsi Gold,3999.99,Sofra,2026-05-12
Springtime Cam 3lü Bardak 280 ml Mavi - Pudra,349.99,Sofra,2026-05-12
Springtime Cam 3lü Bardak 280 ml Pembe - Yeşil,359.99,Sofra,2026-05-12
Springtime Cam 3lü Bardak 280 ml Renkli,359.99,Sofra,2026-05-12
Sprosse Cam 2li Kadeh 350 ml Yeşil,2249.99,Sofra,2026-05-12
Spruce Cam 6lı Kahve Yanı Bardak 125 ml Şeffaf,449.99,Sofra,2026-05-12
Star Cam Çerezlik Mavi-Beyaz,799.95,Sofra,2026-05-12
Starfish Cam Bardak 400 ml Yeşil,999.99,Sofra,2026-05-12
Starlit Borosilikat Kupa 320 ml Mavi,1499.99,Sofra,2026-05-12
Starlit Borosilikat Kupa 320 ml Yeşil,1499.99,Sofra,2026-05-12
Starry Cam 3 Parça Karaf Gold,2749.99,Sofra,2026-05-12
Stella Cam Sunumluk Şeffaf-Gold,1749.99,Sofra,2026-05-12
Stellar Cam 12 Parça 6 Kişilik Çay Seti 140 ml Gold,2999.99,Sofra,2026-05-12
Stellar Cam 12 Parça 6 Kişilik Çay Seti 140 ml Silver,2999.99,Sofra,2026-05-12
Stitch Kağıt 2li Amerikan Servis 38 cm Beyaz-Gold,1999.99,Sofra,2026-05-12
Strides Pamuk Masa Örtüsü 140x200 cm Krem,3499.99,Sofra,2026-05-12
Stripe Cam El Yapımı Bardak 240 ml Beyaz,1549.99,Sofra,2026-05-12
Stripe Cam El Yapımı Bardak 240 ml Siyah,1999.99,Sofra,2026-05-12
Stripe Flow Seramik Kupa 260 ml Renkli,1499.99,Sofra,2026-05-12
Striped Cam Başucu Sürahi Şeffaf,1999.99,Sofra,2026-05-12
Stripes Paslanmaz Çelik Çatal Kaşık Bıçak Tk. 18 Parça 6 Kişilik Silver,1039.99,Sofra,2026-05-12
Stripy White Bone Porselen Kupa 290 ml Siyah-Beyaz-Gold,1399.99,Sofra,2026-05-12
Summer Apple Masa Örtüsü 150x200 cm Yeşil,3499.99,Sofra,2026-05-12
Summer Kiwi PP 2li Amerikan Servis 38 cm Yeşil,1499.99,Sofra,2026-05-12
Summer Orange Masa Örtüsü 150x200 cm Turuncu,3999.99,Sofra,2026-05-12
Summer Pink Runner 40x140 cm Beyaz - Pembe,2499.99,Sofra,2026-05-12
Summer Watermelon PP 2li Amerikan Servis 38 cm Kırmızı,1499.99,Sofra,2026-05-12
Sun Light Stoneware Kupa 220 ml Sarı-Yeşil,999.99,Sofra,2026-05-12
Sun Time Stoneware Kupa 220 ml Sarı-Yeşil,999.99,Sofra,2026-05-12
Sunflowers Seramik 4lü Pasta Seti 20 cm Renkli,2999.99,Sofra,2026-05-12
Sunny Seramik Kahvaltı Takımı 26 Parça 6 Kişilik Sarı,12999.99,Sofra,2026-05-12
Sunshine Bone Porselen Yemek Takımı 27 Parça 6 Kişilik Gold,32999.99,Sofra,2026-05-12
Sunshine Stoneware Kupa 395 ml Açık Kahverengi,244.99,Sofra,2026-05-12
Suza Dantelli 6Lı Peçete Halkası Beyaz,999.99,Sofra,2026-05-12
Sway Bone Porselen 2li Kupa 290 ml Kırmızı,1749.99,Sofra,2026-05-12
Sway Bone Porselen 2li Kupa 290 ml Mavi,1749.99,Sofra,2026-05-12
Sway Bone Porselen 2li Kupa 290 ml Sarı,269.99,Sofra,2026-05-12
Sway Bone Porselen 2li Kupa 290 ml Yeşil,1999.99,Sofra,2026-05-12
"Sweet Lines Cam Şekerlik 11,5x7,5x11,5 cm Şeffaf",1499.99,Sofra,2026-05-12
Sweet Spring Dekoratif Tepsi Yeşil,639.99,Sofra,2026-05-12
Sweethearts Stoneware 2li Kupa 285 ml Bej – Bordo,629.99,Sofra,2026-05-12
Symphony Akasya-Cam Sunumluk Kahve,639.99,Sofra,2026-05-12
Talavera Garden Bone Porselen 4 Parça 2 Kişilik Kahve Fincan Takımı 90 ml A. Mavi-Yeşil-Sarı,559.99,Sofra,2026-05-12
Talavera Glow Bone Porselen 4 Parça 2 Kişilik Kahve Fincan Takımı 90 ml Mavi-yeşil,3499.99,Sofra,2026-05-12
Talisman Bee Seramik Bardak Altlığı 11 cm Yeşil,1499.99,Sofra,2026-05-12
Talisman Magic New Bone China Kupa 460 ml Pembe,2999.99,Sofra,2026-05-12
"Talisman Optic New Bone China Çerezlik 11,5 cm Mor",999.99,Sofra,2026-05-12
Talisman Snake Bone China Çerezlik 10 cm Açık Mavi,849.99,Sofra,2026-05-12
Talisman Spirit New Bone China Kupa 370 ml Siyah-Beyaz-Gold,1499.99,Sofra,2026-05-12
Talisman Star Bone Porselen 4 Parça 2 Kişilik Kahve Fincan Takımı 90 ml Gold,3499.99,Sofra,2026-05-12
Talisman Sun Bone China Çerezlik 10 cm Pembe,849.99,Sofra,2026-05-12
Tasty Cam Pipetli Bardak Yeşil,1499.99,Sofra,2026-05-12
Taurus New Bone China Kupa 325 ml Siyah-Beyaz-Gold,1499.99,Sofra,2026-05-12
Teby Cam Çerezlik 9 cm Mint,999.99,Sofra,2026-05-12
Tendre Runner 40x140 cm Kırmızı,479.99,Sofra,2026-05-12
Tendre Runner 40x140 cm Yeşil,2499.99,Sofra,2026-05-12
Terra Cam Kase 16 cm Kahverengi-Siyah,1299.99,Sofra,2026-05-12
Terra Cam Pasta Tabağı 21 cm Kahverengi-Siyah,1299.99,Sofra,2026-05-12
Thalia Bone Porselen 4 Parça 2 Kişilik Kahve Fincan Takımı 90 ml Yeşil,539.99,Sofra,2026-05-12
"Thermos Icon IS101 Mug 0,47 L Açık Mavi",2249.99,Sofra,2026-05-12
"Thermos Icon IS101 Mug 0,47 L Bej",2249.99,Sofra,2026-05-12
"Thermos Icon IS101 Mug 0,47 L Gece Mavisi",2249.99,Sofra,2026-05-12
"Thermos Icon IS115 Slide Lock Mug 0,53 L Gece Mavisi",1849.99,Sofra,2026-05-12
"Thermos Icon IS115 Slide Lock Mug 0,53 L Kahverengi",1849.99,Sofra,2026-05-12
"Thermos Icon IS115 Slide Lock Mug 0,53 L Turuncu",1849.99,Sofra,2026-05-12
"Thermos Icon IS115 Slide Lock Mug 0,53 L Yeşil",1849.99,Sofra,2026-05-12
"Thermos Icon IS210 Termos 1,2L Kiremit",2949.99,Sofra,2026-05-12
"Thermos Icon IS210 Termos 1,2L Mavi",2949.99,Sofra,2026-05-12
"Thermos Icon IS210 Termos 1,2L Yeşil",2949.99,Sofra,2026-05-12
"Thermos Icon IS233 Pipetli Termos 0,94 L Bej",2249.99,Sofra,2026-05-12
"Thermos Icon IS233 Pipetli Termos 0,94 L Gri",2249.99,Sofra,2026-05-12
"Thermos Icon IS233 Pipetli Termos 0,94 L Kiremit",2249.99,Sofra,2026-05-12
"Thermos Icon IS233 Pipetli Termos 0,94 L Pembe",2249.99,Sofra,2026-05-12
"Thermos Icon IS251 Pipetli Termos 0,53 L Lacivert",1749.99,Sofra,2026-05-12
"Thermos Icon IS251 Pipetli Termos 0,53 L Pembe",1749.99,Sofra,2026-05-12
"Thermos Icon IS251 Pipetli Termos 0,53 L Turuncu",1749.99,Sofra,2026-05-12
"Thermos JNL-500 Ultralight Mug 0,5L Mint",1649.99,Sofra,2026-05-12
"Thermos JNL-500 Ultralight Mug 0,5L Pembe",1649.99,Sofra,2026-05-12
"Thermos SK1005 Stainless King Mug 0,47 L Gece Mavisi",2199.99,Sofra,2026-05-12
"Thermos SK1005 Stainless King Mug 0,47 L Kırmızı",2199.99,Sofra,2026-05-12
"Thermos SK1005 Stainless King Mug 0,47 L Mat Gri",2199.99,Sofra,2026-05-12
Thermos SK2020 Stainless King X Large Mug 2L Gece Mavisi,3699.99,Sofra,2026-05-12
Thermos SK2020 Stainless King X Large Mug 2L Kırmızı,3699.99,Sofra,2026-05-12
Thyme Seramik Bardak Altlığı 10.8x0.8 cm Beyaz - Yeşil,1099.99,Sofra,2026-05-12
Tierra Bone Porselen Yemek Takımı 24 Parça 6 Kişilik Kahverengi,24999.99,Sofra,2026-05-12
Tillie Cam Tuzluk - Biberlik 110 ml Krem-Antrasit,999.95,Sofra,2026-05-12
Timbered Akasya 2li Tuzluk - Biberlik 11x9 cm Kahverengi,2499.99,Sofra,2026-05-12
Timbered Akasya Sunumluk Kahverengi,1499.99,Sofra,2026-05-12
Toffee New Bone China 12 Parça 6 Kişilik Kahve Fincan Takımı 90 ml Renkli,1079.99,Sofra,2026-05-12
Tolida Kağıt 2li Amerikan Servis Mavi,1249.99,Sofra,2026-05-12
Torino Porselen Kase Silver,999.99,Sofra,2026-05-12
Torino Porselen Sosluk Gold,1249.99,Sofra,2026-05-12
Torino Porselen Tuzluk-Biberlik Silver,1299.99,Sofra,2026-05-12
Torino Porselen Yemek Takımı 27 Parça 6 Kişilik Gold,32999.99,Sofra,2026-05-12
Torino Porselen Yemek Takımı 27 Parça 6 Kişilik Silver,31499.99,Sofra,2026-05-12
Torino Porselen Yemek Takımı 54 Parça 12 Kişilik Gold,64999.99,Sofra,2026-05-12
Torino Porselen Yumurtalık Gold,999.99,Sofra,2026-05-12
Trace Cam 3 Parça Su Takımı 1200 ml + 180 ml Şeffaf,419.99,Sofra,2026-05-12
Traces Bone Porselen 4 Parça 2 Kişilik Kahve Fincan Takımı 80 ml Mavi-Turuncu,1999.99,Sofra,2026-05-12
Trails Cam 2li Kupa 195 ml Şeffaf-Gold,1749.99,Sofra,2026-05-12
Trento Tritan Matara Mor,1349.95,Sofra,2026-05-12
Trento Tritan Matara Pembe,1349.95,Sofra,2026-05-12
Trikote Rafya 2li Peçete Halkası Siyah,999.99,Sofra,2026-05-12
Trin Porselen Kahve Fincan Takımı 4 Parça 2 Kişilik Lacivert,1999.99,Sofra,2026-05-12
"Tuko Akrilik Sürahi 1,5 LT Şeffaf",1499.99,Sofra,2026-05-12
Tuko Akrilik Sürahi Mavi,1749.99,Sofra,2026-05-12
Tweety Cam 3lü Lisanslı Bardak 315 Ml Renkli,1899.99,Sofra,2026-05-12
Twin Goldy Seramik 2li Kupa 184 ml Vizon-Beyaz-Gold,2999.99,Sofra,2026-05-12
Twinkle Tree Cam Pasta Tabağı 16 cm Yeşil,1299.99,Sofra,2026-05-12
Twisty Seramik Kupa 255 ml Pembe,1199.99,Sofra,2026-05-12
Twisty Seramik Kupa 255 ml Sarı,1199.99,Sofra,2026-05-12
Twisty Seramik Kupa 255 ml Yeşil,1199.99,Sofra,2026-05-12
Valda Porselen 4 Parça 2 Kişilik Kahve Fincan Takımı Yeşil,1499.99,Sofra,2026-05-12
Valentina New Bone China Kupa 300 ml Açık Yeşil,2499.99,Sofra,2026-05-12
Valentina New Bone China Kupa 300 ml Lila,539.99,Sofra,2026-05-12
Valentina New Bone China Kupa 300 ml Pembe,494.99,Sofra,2026-05-12
Valentina New Bone China Kupa 300 ml Sarı,2499.99,Sofra,2026-05-12
Valora Seramik 4 Parça 2 Kişilik Kahve Fincan Takımı 90 ml Açık Yeşil,2749.99,Sofra,2026-05-12
Valora Seramik 4 Parça 2 Kişilik Kahve Fincan Takımı 90 ml Pembe,2999.99,Sofra,2026-05-12
Vanilla Mood New Bone China 12 Parça 6 Kişilik Kahve Fincan Takımı 90 ml Sarı,9999.99,Sofra,2026-05-12
Vanilla New Bone China  Çay Fincanı Takımı 4 Parça 2 Kişilik Açık Pembe,6499.99,Sofra,2026-05-12
Vanilla New Bone China 4 Parça 2 Kişilik Kahve Fincan Takımı 90 ml Açık Yeşil,4999.99,Sofra,2026-05-12
Vanilla New Bone China 4 Parça 2 Kişilik Kahve Fincan Takımı Açık Mavi,4499.99,Sofra,2026-05-12
Vanilla New Bone China 4 Parça 2 Kişilik Kahve Fincan Takımı Mor,4499.99,Sofra,2026-05-12
Vanilla New Bone China 4 Parça 2 Kişilik Kahve Fincan Takımı Sarı,4499.99,Sofra,2026-05-12
Vanilla New Bone China Kahve Fincan Takımı 4 Parça 2 Kişilik Açık Pembe,4999.99,Sofra,2026-05-12
Vanilla New Bone China Kahve Fincan Takımı 4 Parça 2 Kişilik Lacivert,4499.99,Sofra,2026-05-12
Vanilla New Bone China Kahve Fincan Takımı 4 Parça 2 Kişilik Turkuaz,4999.99,Sofra,2026-05-12
Vanilla New Bone China Pasta Tabağı 16 cm Açık Pembe,1249.99,Sofra,2026-05-12
Vanilla New Bone China Pasta Tabağı 16 cm Açık Yeşil,1249.99,Sofra,2026-05-12
Vanilla New Bone China Pasta Tabağı 16 cm Turkuaz,1249.99,Sofra,2026-05-12
Vanilla New Bone China Pasta Tabağı 20 cm Açık Mavi,1999.99,Sofra,2026-05-12
Vanilla New Bone China Pasta Tabağı 20 cm Mor,1999.99,Sofra,2026-05-12
Vanilla New Bone China Pasta Tabağı 20 cm Sarı,1999.99,Sofra,2026-05-12
Vanilla New Bone China Çay Fincan Takımı 4 Parça 2 Kişilik Açık Mavi,6499.99,Sofra,2026-05-12
Vanilla New Bone China Çay Fincan Takımı 4 Parça 2 Kişilik Açık Yeşil,6499.99,Sofra,2026-05-12
Vanilla New Bone China Çay Fincan Takımı 4 Parça 2 Kişilik Mor,6499.99,Sofra,2026-05-12
Vanilla New Bone China Çay Fincan Takımı 4 Parça 2 Kişilik Sarı,6499.99,Sofra,2026-05-12
Vanilla New Bone China Çay Fincanı Takımı 4 Parça 2 Kişilik Turkuaz,6499.99,Sofra,2026-05-12
Velonix Cam 2li Tuzluk - Biberlik 6x9 cm Şeffaf,2999.99,Sofra,2026-05-12
Veloria Masa Örtüsü 150x200 cm Siyah - Beyaz,3499.99,Sofra,2026-05-12
Vera Porselen 4 Parça 2 Kişilik Kahve Fincan Takımı Mavi,1499.99,Sofra,2026-05-12
Vera Porselen Kase 14 cm Beyaz,999.99,Sofra,2026-05-12
Vera Porselen Çerezlik 10 cm Beyaz,899.99,Sofra,2026-05-12
Vermilion Emaye Bardak 350 ml Sarı-Kırmızı,1499.99,Sofra,2026-05-12
Vertical Pamuk Masa Örtüsü 140x200 cm Pembe,2499.99,Sofra,2026-05-12
Vespera Seramik Bardak Altlığı 11 cm Beyaz - Pembe,1499.99,Sofra,2026-05-12
Vespera Seramik Bardak Altlığı 11 cm Lacivert,799.95,Sofra,2026-05-12
Via Porselen 6lı Pasta Tabağı 21 cm Beyaz - Lacivert,3999.99,Sofra,2026-05-12
Vibe Porselen 4 Parça 2 Kişilik Kahve Fincan Takımı 80 ml Renkli,1499.99,Sofra,2026-05-12
Victoria Rattan Sunumluk Kahverengi,3999.99,Sofra,2026-05-12
Victoria Seramik Bardak Altlığı 10.8x0.8 cm Siyah - Beyaz,1499.99,Sofra,2026-05-12
Village Cam Pasta Tabağı 20 cm Yeşil,1199.99,Sofra,2026-05-12
Vintage Porselen Yemek Takımı 12 Parça 4 Kişilik Renkli,6499.99,Sofra,2026-05-12
Violet Porselen Kahvaltı Takımı 10 parça 4 kişilik Renkli,4999.99,Sofra,2026-05-12
Vireo Porselen 12 Parça 6 Kişilik Kahve Fincan Takımı 80 ml Mavi-Kırmızı,3499.99,Sofra,2026-05-12
"Viserra Cam Ahşap Ayaklı Kase 19,5 cm Şeffaf",639.99,Sofra,2026-05-12
Viserys Cam-Ahşap Sunumluk Şeffaf,809.99,Sofra,2026-05-12
Viva Porselen 4 Parça 2 Kişilik Kahve Fincan Takımı 80 ml Lacivert,1749.99,Sofra,2026-05-12
Vivian Cam Şekerlık Şeffaf,1749.99,Sofra,2026-05-12
Vivy Porselen 4 Parça 2 Kişilik Kahve Fincan Takımı 80 ml Bordo-Yeşil,1649.99,Sofra,2026-05-12
Watermellies Tepsi Beyaz - Kırmızı,1749.99,Sofra,2026-05-12
Wave Porselen Yemek Takımı 24 Parça 6 Kişilik Beyaz,17999.99,Sofra,2026-05-12
Wendy Bone Porselen Çay Tabağı 11 cm Mavi,699.99,Sofra,2026-05-12
Whimsical Bone Porselen Pasta Tabağı 19 cm Renkli,999.99,Sofra,2026-05-12
Whimsy Stoneware Kupa 375 ml Renkli,629.99,Sofra,2026-05-12
Whimsy Stoneware Sunumluk 23x23x14 Cm Renkli,9999.99,Sofra,2026-05-12
Whircal Bone Porselen Kase 14 cm Kırmızı - Yeşil,1249.99,Sofra,2026-05-12
Whisper Cam Sunumluk Şeffaf,1039.99,Sofra,2026-05-12
Whispering Bone Porselen 4 Parça 2 Kişilik Kahve Fincan Takımı 90 ml Yeşil,449.99,Sofra,2026-05-12
White Angles Bone Porselen 4 Parça 2 Kişilik Çay Fincanı Takımı 180 ml Siyah-Beyaz-Gold,809.99,Sofra,2026-05-12
White Angles Bone Porselen Kupa 290 ml Siyah-Beyaz-Gold,1399.99,Sofra,2026-05-12
White Charmed Bone Porselen Kupa 290 ml Siyah-Beyaz-Gold,1399.99,Sofra,2026-05-12
White Chic Bone Porselen 4 Parça 2 Kişilik Kahve Fincan Takımı 90 ml Siyah-Beyaz-Gold,629.99,Sofra,2026-05-12
White Mirage Bone Porselen 4 Parça 2 Kişilik Kahve Fincan Takımı 90 ml Siyah-Beyaz-Gold,629.99,Sofra,2026-05-12
White Pine Dolomite 4lü Kupa 153 ml-193 ml-267 ml-267 ml Beyaz,7999.99,Sofra,2026-05-12
Whitney Cam 2li Cup - Dondurma Kasesi 175 ml Mavi - Pembe,1499.99,Sofra,2026-05-12
Whitney Cam 2li Cup - Dondurma Kasesi 175 ml Pembe - Krem,1499.99,Sofra,2026-05-12
Wicker Plastik Rattan 3 Bölmeli Sunumluk Açık Kahverengi,1499.99,Sofra,2026-05-12
Wicker Plastik Rattan Katlı Servis Açık Kahverengi,719.99,Sofra,2026-05-12
Wicker Plastik Rattan Kek Standı 30 cm Açık Kahverengi,479.99,Sofra,2026-05-12
Wicker Weave Natural İp 2li Peçete Halkası 4 cm Krem,749.95,Sofra,2026-05-12
Wild Blossom Bone Porselen 4 Parça 2 Kişilik Kahve Fincan Takımı 90 ml Yeşil,399.99,Sofra,2026-05-12
Wingy New Bone China Kupa 460 ml Lacivert,3499.99,Sofra,2026-05-12
Winsome Bone Porselen 4 Parça 2 Kişilik Kahve Fincan Takımı 90 ml Yeşil,2499.99,Sofra,2026-05-12
Winter Enjoy Pamuk Amerikan Servis Krem,899.99,Sofra,2026-05-12
Winter Pine Cam Sürahi 700 Ml + 220 Ml Yeşil,1499.99,Sofra,2026-05-12
Winter Tree Borosilikat Pipetli Bardak 460 ml Yeşil,1499.99,Sofra,2026-05-12
Winter Wonderland New Bone China Çerezlik 13x13 cm Beyaz,849.99,Sofra,2026-05-12
Wishful Bone Porselen 4 Parça 2 Kişilik Kahve Fincan Takımı 90 ml Kırmızı - Yeşil,479.99,Sofra,2026-05-12
Wisp Porselen 4 Parça 2 Kişilik Kahve Fincan Takımı 80 ml Yeşil-Kırmızı,269.99,Sofra,2026-05-12
Wisteria New Bone China 12 Parça 6 Kişilik Kahve Fincan Takımı 90 ml Beyaz,7499.99,Sofra,2026-05-12
Woodcrest Akasya 4 Parça Sunumluk 10x10 cm Beyaz-Kahverengi,4249.99,Sofra,2026-05-12
Woodland Mango Kase 16 cm Kahverengi,2499.99,Sofra,2026-05-12
Wrapped Amerikan Servis Siyah,899.99,Sofra,2026-05-12
You Rock Stoneware Kupa 395 ml Mavi,244.99,Sofra,2026-05-12
Yuna Cam Tuzluk - Biberlik Şeffaf,1499.99,Sofra,2026-05-12
Zenith Cam 3lü Cup 170 ml Şeffaf,1749.99,Sofra,2026-05-12
Zest Cam 2li Tuzluk - Biberlik 20x11x5 cm Siyah,399.99,Sofra,2026-05-12
Zett Cam Pasta Tabağı 20 cm Gold,999.99,Sofra,2026-05-12
Zoey Cam Çerezlik 12 cm Gold,999.99,Sofra,2026-05-12
Abstract Flowers Kolay Ütülenir Tek Kişilik Çarşaflı Nevresim Takımı 160x220 cm Yeşil-Mavi,839.99,Yatak Odası,2026-05-12
Air Plus Klimalı Yastık 50x70 cm Beyaz-Gold,1749.99,Yatak Odası,2026-05-12
Airy Serin Tutan Yastık 50x70 cm Mavi,8999.99,Yatak Odası,2026-05-12
Alba Bloom King Size Çok Amaçlı Örtü 220x240 cm Mavi,4499.99,Yatak Odası,2026-05-12
Alba Bloom Tek Kişilik Çok Amaçlı Örtü 160x220 cm Mavi,559.99,Yatak Odası,2026-05-12
Alba Bloom Çift Kişilik Çok Amaçlı Örtü 200x220 cm Mavi,3999.99,Yatak Odası,2026-05-12
Aquatic Flowers King Size Çok Amaçlı Örtü 240x220 cm Lacivert,4499.99,Yatak Odası,2026-05-12
Aquatic Flowers Tek Kişilik Çok Amaçlı Örtü 160x220 cm Lacivert,489.99,Yatak Odası,2026-05-12
Aquatic Flowers Çift Kişilik Çok Amaçlı Örtü 200x220 cm Lacivert,3999.99,Yatak Odası,2026-05-12
Ashley Baskılı Pamuklu Tek Kişilik Pike 150x220 cm Mavi,3999.99,Yatak Odası,2026-05-12
Ashley Baskılı Pamuklu Çift Kişilik Pike 200x220 cm Mavi,4999.99,Yatak Odası,2026-05-12
Aura Boncuk Elyaf Yastık 50x70 cm Gri,3749.99,Yatak Odası,2026-05-12
Aurelia Çift Kişilik Pike Takımı 200x220 cm Sarı,6499.99,Yatak Odası,2026-05-12
Autumn Branch Baskılı Pamuklu Tek Kişilik Pike 150x220 cm Pembe,3499.99,Yatak Odası,2026-05-12
Autumn Branch Baskılı Pamuklu Çift Kişilik Pike 200x220 cm Pembe,3999.99,Yatak Odası,2026-05-12
Autumn Branch Kolay Ütülenir 2li Yastık Kılıfı 50x70 cm Pembe,1999.99,Yatak Odası,2026-05-12
Autumn Whisper Kolay Ütülenir 2li Yastık Kılıfı 50x70 cm Yeşil,1499.99,Yatak Odası,2026-05-12
Autumn Whisper Tek Kişilik Pike 150x220 cm Yeşil,2499.99,Yatak Odası,2026-05-12
Autumn Whisper Çift Kişilik Pike 200x220 cm Yeşil,2999.99,Yatak Odası,2026-05-12
Azule Baskılı Pamuklu Tek Kişilik Pike 150x220 cm Mavi,3999.99,Yatak Odası,2026-05-12
Azule Baskılı Pamuklu Çift Kişilik Pike 200x220 cm Mavi,4999.99,Yatak Odası,2026-05-12
Balmy Çift Kişilik Yatak Pedi 160x200 cm Beyaz,17499.99,Yatak Odası,2026-05-12
Belle Band Tek Kişilik Yatak Örtüsü Takımı 160x220 cm Pembe,3999.99,Yatak Odası,2026-05-12
Belle Band Çift Kişilik Yatak Örtüsü Takımı 200x220 cm Pembe,5999.99,Yatak Odası,2026-05-12
Belle Bloom Tek Kişilik Yatak Örtüsü Takımı 160x220 cm Yeşil,1599.99,Yatak Odası,2026-05-12
Belle Bloom Çift Kişilik Yatak Örtüsü Takımı 200x220 cm Yeşil,13999.99,Yatak Odası,2026-05-12
Bera Baskılı Pamuklu Tek Kişilik Pike 150x220 cm Pembe,3999.99,Yatak Odası,2026-05-12
Bera Baskılı Pamuklu Çift Kişilik Pike 200x220 cm Pembe,4999.99,Yatak Odası,2026-05-12
Berry Garden Baskılı Pamuklu Tek Kişilik Pike 150x220 cm Kırmızı,719.99,Yatak Odası,2026-05-12
Berry Garden Baskılı Pamuklu Çift Kişilik Pike 200x220 cm Kırmızı,809.99,Yatak Odası,2026-05-12
Berryland Kolay Ütülenir Çarşaflı Tek Kişilik Nevresim Takımı 160x220 cm Mavi-Turuncu,1199.99,Yatak Odası,2026-05-12
Berryland Kolay Ütülenir Çarşaflı Çift Kişilik Nevresim Takımı 200x220 cm Mavi-Turuncu,1259.99,Yatak Odası,2026-05-12
Berryscus Kolay Ütülenir Çarşaflı Tek Kişilik Nevresim Takımı 160x220 cm Mor,1039.99,Yatak Odası,2026-05-12
Berryscus Kolay Ütülenir Çarşaflı Çift Kişilik Nevresim Takımı 200x220 cm Mor,7999.99,Yatak Odası,2026-05-12
Birdlight Kolay Ütülenir 2li Yastık Kılıfı 50x70 cm Yeşil,1499.99,Yatak Odası,2026-05-12
Birdlight Tek Kişilik Pike 150x220 cm Yeşil,539.99,Yatak Odası,2026-05-12
Birdlight Çift Kişilik Pike 200x220 cm Yeşil,2999.99,Yatak Odası,2026-05-12
Block Dots Kolay Ütülenir Çift Kişilik Çarşaflı Nevresim Takımı 200x220 cm Mavi,5999.99,Yatak Odası,2026-05-12
Block Patch Kolay Ütülenir Tek Kişilik Nevresim Seti 160x220 cm Mavi-Kırmızı,3499.99,Yatak Odası,2026-05-12
Block Patch Kolay Ütülenir Çift Kişilik Nevresim Seti 200x220 cm Mavi-Kırmızı,3999.99,Yatak Odası,2026-05-12
Blockform Kolay Ütülenir Çift Kişilik Çarşaflı Nevresim Takımı 200x220 cm Koyu Mavi-Bej,1199.99,Yatak Odası,2026-05-12
Bloom Crest Kolay Ütülenir 2li Yastık Kılıfı 50x70 cm Yeşil,1499.99,Yatak Odası,2026-05-12
Bloom Crest Tek Kişilik Pike 150x220 cm Yeşil,419.99,Yatak Odası,2026-05-12
Bloom Crest Çift Kişilik Pike 200x220 cm Yeşil,559.99,Yatak Odası,2026-05-12
Bloom Rhombus  King Size Çok Amaçlı Örtü 220x240 cm Yeşil,719.99,Yatak Odası,2026-05-12
Bloom Rhombus  Tek Kişilik Çok Amaçlı Örtü 160x220 cm Yeşil,489.99,Yatak Odası,2026-05-12
Bloom Rhombus  Çift Kişilik Çok Amaçlı Örtü 200x220 cm Yeşil,719.99,Yatak Odası,2026-05-12
Bloomelle Pamuklu Tek Kişilik Nevresim Seti 160x220 cm Sarı-Yeşil,959.99,Yatak Odası,2026-05-12
Bloomelle Pamuklu Çift Kişilik Nevresim Seti 200x220 cm Sarı-Yeşil,1199.99,Yatak Odası,2026-05-12
Bloomlet Kolay Ütülenir 2li Yastık Kılıfı 50x70 cm Mavi,1499.99,Yatak Odası,2026-05-12
Bloomlet Kolay Ütülenir 2li Yastık Kılıfı 50x70 cm Yeşil,1499.99,Yatak Odası,2026-05-12
Bloomlet Tek Kişilik Pike 150x220 cm Yeşil,2499.99,Yatak Odası,2026-05-12
Bloomlet Çift Kişilik Pike 200x220 cm Yeşil,2999.99,Yatak Odası,2026-05-12
Bloomora Dijital Baskılı Kolay Ütülenir Tek Kişilik Çarşaflı Nevresim Takımı 160x220 cm Bej-Sarı,1079.99,Yatak Odası,2026-05-12
Bloomora Dijital Baskılı Kolay Ütülenir Çift Kişilik Çarşaflı Nevresim Takımı 200x220 cm Bej-Sarı,1439.99,Yatak Odası,2026-05-12
Bloomtopia Pamuk Tek Kişilik Çarşaflı Nevresim Takımı 160x220 cm Yeşil,8999.99,Yatak Odası,2026-05-12
Bloss Mist Pamuklu Tek Kişilik Nevresim Seti 160x220 cm Lila,719.99,Yatak Odası,2026-05-12
Blossira Kolay Ütülenir Tek Kişilik Çarşaflı Nevresim Takımı 160x220 cm Lila,959.99,Yatak Odası,2026-05-12
Blossira Kolay Ütülenir Tek Kişilik Çarşaflı Nevresim Takımı 160x220 cm Pembe,5999.99,Yatak Odası,2026-05-12
Blossira Kolay Ütülenir Çift Kişilik Çarşaflı Nevresim Takımı 200x220 cm Lila,6999.99,Yatak Odası,2026-05-12
Blossira Kolay Ütülenir Çift Kişilik Çarşaflı Nevresim Takımı 200x220 cm Pembe,6999.99,Yatak Odası,2026-05-12
Blossom Bouquet King Size Çok Amaçlı Örtü 240x220 cm Pembe,4499.99,Yatak Odası,2026-05-12
Blossom Bouquet Tek Kişilik Çok Amaçlı Örtü 160x220 cm Pembe,3499.99,Yatak Odası,2026-05-12
Blossom Bouquet Çift Kişilik Çok Amaçlı Örtü 200x220 cm Pembe,3999.99,Yatak Odası,2026-05-12
Blossom Harmony King Size Çok Amaçlı Örtü 240x220 cm Lila,3999.99,Yatak Odası,2026-05-12
Blossom Haze King Size Çok Amaçlı Örtü 220x240 cm Mor,4499.99,Yatak Odası,2026-05-12
Blossom Haze Tek Kişilik Çok Amaçlı Örtü 160x220 cm Mor,3499.99,Yatak Odası,2026-05-12
Blossom Haze Çift Kişilik Çok Amaçlı Örtü 200x220 cm Mor,3999.99,Yatak Odası,2026-05-12
Blue Bouquet Baskılı Pamuklu Tek Kişilik Pike 150x220 cm Mavi,3499.99,Yatak Odası,2026-05-12
Blue Bouquet Baskılı Pamuklu Çift Kişilik Pike 200x220 cm Mavi,3999.99,Yatak Odası,2026-05-12
Blue Bouquet Kolay Ütülenir 2li Yastık Kılıfı 50x70 cm Mavi - Bej,1499.99,Yatak Odası,2026-05-12
Blue Spring Kolay Ütülenir 2li Yastık Kılıfı 50x70 cm Mavi,1499.99,Yatak Odası,2026-05-12
Blue Spring Tek Kişilik Pike 150x220 cm Mavi,539.99,Yatak Odası,2026-05-12
Blue Spring Çift Kişilik Pike 200x220 cm Mavi,629.99,Yatak Odası,2026-05-12
Blush Twig King Size Çok Amaçlı Örtü 220x240 cm Pembe,629.99,Yatak Odası,2026-05-12
Blush Twig Tek Kişilik Çok Amaçlı Örtü 160x220 cm Pembe,3499.99,Yatak Odası,2026-05-12
Blush Twig Çift Kişilik Çok Amaçlı Örtü 200x220 cm Pembe,559.99,Yatak Odası,2026-05-12
Bohemian Kolay Ütülenir Çift Kişilik Çarşaflı Nevresim Takımı 200x220 cm Hardal,5999.99,Yatak Odası,2026-05-12
Boho Bloom Pamuk Tek Kişilik Çarşaflı Nevresim Takımı 160x220 cm Lacivert,7499.99,Yatak Odası,2026-05-12
Boho Chic Pamuk Çift Kişilik Çarşaflı Nevresim Takımı 200x220 cm Mavi,10999.99,Yatak Odası,2026-05-12
Boho Elegance Kolay Ütülenir Çarşaflı Tek Kişilik Nevresim Takımı 160x220 cm Bej,1079.99,Yatak Odası,2026-05-12
Boho Elegance Kolay Ütülenir Çarşaflı Çift Kişilik Nevresim Takımı 200x220 cm Bej,6999.99,Yatak Odası,2026-05-12
Bold Pattern Kolay Ütülenir Tek Kişilik Çarşaflı Nevresim Takımı 160x220 cm Taş Rengi,5999.99,Yatak Odası,2026-05-12
Bold Pattern Kolay Ütülenir Çift Kişilik Çarşaflı Nevresim Takımı 200x220 cm Taş Rengi,8499.99,Yatak Odası,2026-05-12
Bonnie Tek Kişilik Pike 150x220 cm Sarı,419.99,Yatak Odası,2026-05-12
Bonnie Çift Kişilik Pike 200x220 cm Sarı,559.99,Yatak Odası,2026-05-12
Border Line Kolay Ütülenir Tek Kişilik Çarşaflı Nevresim Takımı 160x220 cm Yeşil-Bej,1079.99,Yatak Odası,2026-05-12
Botanica Baskılı Pamuklu Tek Kişilik Pike 150x220 cm Mavi,3499.99,Yatak Odası,2026-05-12
Botanica Baskılı Pamuklu Çift Kişilik Pike 200x220 cm Mavi,3999.99,Yatak Odası,2026-05-12
Botanica Kolay Ütülenir 2li Yastık Kılıfı 50x70 cm Mavi - Yeşil,1499.99,Yatak Odası,2026-05-12
Botanical Patch Pamuklu Tek Kişilik Nevresim Seti 160x220 cm Mavi - Yeşil,839.99,Yatak Odası,2026-05-12
Botanical Patch Pamuklu Çift Kişilik Nevresim Seti 200x220 cm Mavi - Yeşil,1049.99,Yatak Odası,2026-05-12
Botanical Spring Kolay Ütülenir Tek Kişilik Çarşaflı Nevresim Takımı 160x220 cm Bej,1079.99,Yatak Odası,2026-05-12
Branchmist Kolay Ütülenir Tek Kişilik Nevresim Seti 160x220 cm Sarı,3999.99,Yatak Odası,2026-05-12
Branchmist Kolay Ütülenir Çift Kişilik Nevresim Seti 200x220 cm Sarı,4499.99,Yatak Odası,2026-05-12
Bright Garden Dijital Baskılı Kolay Ütülenir Tek Kişilik Çarşaflı Nevresim Takımı 160x220 cm Pembe - Sarı,5999.99,Yatak Odası,2026-05-12
Bright Garden Dijital Baskılı Kolay Ütülenir Çift Kişilik Çarşaflı Nevresim Takımı 200x220 cm Pembe - Sarı,1439.99,Yatak Odası,2026-05-12
Calm Horizon İpliği Boyalı Tek Kişilik Çarşaflı Nevresim Takımı 160x220 cm Mavi,2339.99,Yatak Odası,2026-05-12
Calm Horizon İpliği Boyalı Tek Kişilik Çarşaflı Nevresim Takımı 160x220 cm Yeşil,6249.99,Yatak Odası,2026-05-12
Calm Horizon İpliği Boyalı Çift Kişilik Çarşaflı Nevresim Takımı 200x220 cm Mavi,2879.99,Yatak Odası,2026-05-12
Calm Horizon İpliği Boyalı Çift Kişilik Çarşaflı Nevresim Takımı 200x220 cm Yeşil,2559.99,Yatak Odası,2026-05-12
Camille Ray King Size Çok Amaçlı Örtü 220x240 cm Lacivert,4999.99,Yatak Odası,2026-05-12
Camille Ray Tek Kişilik Çok Amaçlı Örtü 160x220 cm Lacivert,3499.99,Yatak Odası,2026-05-12
Camille Ray Çift Kişilik Çok Amaçlı Örtü 200x220 cm Lacivert,3999.99,Yatak Odası,2026-05-12
Chain Patch Kolay Ütülenir Çarşaflı Tek Kişilik Nevresim Takımı 160x220 cm Mürdüm,5999.99,Yatak Odası,2026-05-12
Chain Patch Kolay Ütülenir Çarşaflı Tek Kişilik Nevresim Takımı 160x220 cm Turuncu,4999.99,Yatak Odası,2026-05-12
Chain Patch Kolay Ütülenir Çarşaflı Çift Kişilik Nevresim Takımı 200x220 cm Mürdüm,1119.99,Yatak Odası,2026-05-12
Chain Patch Kolay Ütülenir Çarşaflı Çift Kişilik Nevresim Takımı 200x220 cm Turuncu,5999.99,Yatak Odası,2026-05-12
Charming Garden Pamuklu Bebe Battaniye 100x120 cm Pudra,2249.95,Yatak Odası,2026-05-12
Checkmate Kolay Ütülenir Çift Kişilik Nevresim Seti 200x220 cm Lacivert- Terracotta,4499.99,Yatak Odası,2026-05-12
Checkmate Kolay Ütülenir Çift Kişilik Nevresim Seti 200x220 cm Yeşil,4999.99,Yatak Odası,2026-05-12
Cherry Plaid Tek Kişilik Yatak Örtüsü Takımı 160x220 cm Fuşya,639.99,Yatak Odası,2026-05-12
Cherry Plaid Çift Kişilik Yatak Örtüsü Takımı 200x220 cm Fuşya,839.99,Yatak Odası,2026-05-12
Chic Bloom Kolay Ütülenir Çarşaflı Tek Kişilik Nevresim Takımı 160x220 cm Yeşil,839.99,Yatak Odası,2026-05-12
Chic Bloom Kolay Ütülenir Çarşaflı Çift Kişilik Nevresim Takımı 200x220 cm Yeşil,6999.99,Yatak Odası,2026-05-12
Classic Yastık 50x70 cm Beyaz,999.99,Yatak Odası,2026-05-12
Clouded Grid İpliği Boyalı Tek Kişilik Çarşaflı Nevresim Takımı 160x220 cm Bej,5499.99,Yatak Odası,2026-05-12
Clouded Grid İpliği Boyalı Tek Kişilik Çarşaflı Nevresim Takımı 160x220 cm Koyu Yeşil,5499.99,Yatak Odası,2026-05-12
Clouded Grid İpliği Boyalı Çift Kişilik Çarşaflı Nevresim Takımı 200x220 cm Bej,6999.99,Yatak Odası,2026-05-12
Clouded Grid İpliği Boyalı Çift Kişilik Çarşaflı Nevresim Takımı 200x220 cm Koyu Yeşil,1679.99,Yatak Odası,2026-05-12
Clover Tek Kişilik Pike Takımı 150x220 cm Yeşil,4999.99,Yatak Odası,2026-05-12
Clover Çift Kişilik Pike Takımı 200x220 cm Yeşil,5999.99,Yatak Odası,2026-05-12
Colorful Stripeway King Size Çok Amaçlı Örtü 220x240 cm Kırmızı,809.99,Yatak Odası,2026-05-12
Colorful Stripeway Tek Kişilik Çok Amaçlı Örtü 160x220 cm Kırmızı,559.99,Yatak Odası,2026-05-12
Colorful Stripeway Çift Kişilik Çok Amaçlı Örtü 200x220 cm Kırmızı,719.99,Yatak Odası,2026-05-12
Colors Dance Kolay Ütülenir Tek Kişilik Çarşaflı Nevresim Takımı 160x220 cm Fuşya-Turuncu,5999.99,Yatak Odası,2026-05-12
Comfort Pamuklu Sıvı Geçirmez Alez Yastık Kılıfı 50x70 cm Beyaz,239.99,Yatak Odası,2026-05-12
Comfort Pamuklu Sıvı Geçirmez Tek Kişilik Alez 140x200 + 30 cm Beyaz,599.99,Yatak Odası,2026-05-12
Comfort Pamuklu Sıvı Geçirmez Tek Kişilik Yatak Koruyucu Alez 100x200 + 30 cm Beyaz,3499.99,Yatak Odası,2026-05-12
Comfort Pamuklu Sıvı Geçirmez Tek Kişilik Yatak Koruyucu Alez 120x200 + 30 cm Beyaz,3999.99,Yatak Odası,2026-05-12
Comfort Pamuklu Sıvı Geçirmez Çift Kişilik Yatak Koruyucu Alez 160x200 + 30 cm Beyaz,4999.99,Yatak Odası,2026-05-12
Comfort Pamuklu Sıvı Geçirmez Çift Kişilik Yatak Koruyucu Alez 180x200 + 30 cm Beyaz,799.99,Yatak Odası,2026-05-12
Comfy Pamuk Yastık 50x70 cm Beyaz,629.99,Yatak Odası,2026-05-12
Comfy Pamuk Yorgan 155x215 cm Beyaz,8999.99,Yatak Odası,2026-05-12
Comfy Pamuk Yorgan 195x215 cm Beyaz,9999.99,Yatak Odası,2026-05-12
Contemporary Chic King Size Çok Amaçlı Örtü 240x220 cm Lacivert,4499.99,Yatak Odası,2026-05-12
Contemporary Chic Tek Kişilik Çok Amaçlı Örtü 160x220 cm Lacivert,3499.99,Yatak Odası,2026-05-12
Contemporary Chic Çift Kişilik Çok Amaçlı Örtü 200x220 cm Lacivert,3999.99,Yatak Odası,2026-05-12
Cool Garden Pamuklu 2li Yastık Kılıfı 50x70 cm Yeşil,1749.99,Yatak Odası,2026-05-12
Cool Stripe İpliği Boyalı Tek Kişilik Çarşaflı Nevresim Takımı 160x220 cm Bordo-Yeşil,1259.99,Yatak Odası,2026-05-12
Cool Touch Serin Tutan Visco Yastık 60x40x15 cm Mavi,1439.99,Yatak Odası,2026-05-12
Cosmic Line İpliği Boyalı Tek Kişilik Çarşaflı Nevresim Takımı 160x220 cm Seledon,5499.99,Yatak Odası,2026-05-12
Crispcheck İpliği Boyalı Tek Kişilik Çarşaflı Nevresim Takımı 160x220 cm Turuncu,1619.99,Yatak Odası,2026-05-12
Crispcheck İpliği Boyalı Çift Kişilik Çarşaflı Nevresim Takımı 200x220 cm Turuncu,1759.99,Yatak Odası,2026-05-12
Crispy Dots Ecosoft Tek Kişilik Pike 150x220 cm Yeşil,3199.99,Yatak Odası,2026-05-12
Crispy Dots Kolay Ütülenir 2li Yastık Kılıfı 50x70 cm Yeşil-Turuncu,1499.99,Yatak Odası,2026-05-12
Crispy Garden King Size Çok Amaçlı Örtü 240x220 cm Pembe,3499.99,Yatak Odası,2026-05-12
Crispy Garden Tek Kişilik Çok Amaçlı Örtü 160x220 cm Pembe,3249.99,Yatak Odası,2026-05-12
Crispy Garden Çift Kişilik Çok Amaçlı Örtü 200x220 cm Pembe,559.99,Yatak Odası,2026-05-12
Crystal Vibe İpliği Boyalı Tek Kişilik Çarşaflı Nevresim Takımı 160x220 cm Pembe,6499.99,Yatak Odası,2026-05-12
Crystal Vibe İpliği Boyalı Çift Kişilik Çarşaflı Nevresim Takımı 200x220 cm Pembe,6999.99,Yatak Odası,2026-05-12
Cuby Kolay Ütülenir Çift Kişilik Nevresim Seti 200x220 cm Gri-Hardal,3249.99,Yatak Odası,2026-05-12
Cuby Kolay Ütülenir Çift Kişilik Nevresim Seti 200x220 cm Seledon - Mavi,3249.99,Yatak Odası,2026-05-12
Curioleaf Pamuk Tek Kişilik Çarşaflı Nevresim Takımı 160x220 cm Bej,1279.99,Yatak Odası,2026-05-12
Daisy Chain Kolay Ütülenir 2li Yastık Kılıfı 50x70 cm Pembe,1149.99,Yatak Odası,2026-05-12
Daisy Charm King Size Çok Amaçlı Örtü 220x240 cm Yeşil,4499.99,Yatak Odası,2026-05-12
Daisy Charm Tek Kişilik Çok Amaçlı Örtü 160x220 cm Yeşil,489.99,Yatak Odası,2026-05-12
Daisy Charm Çift Kişilik Çok Amaçlı Örtü 200x220 cm Yeşil,559.99,Yatak Odası,2026-05-12
Daisy Harmony Soft Tek Kişilik Pike Takımı 150x220 cm Beyaz,8149.95,Yatak Odası,2026-05-12
Daisy Kamila King Size Çok Amaçlı Örtü 220x240 cm Açık Mavi,4999.99,Yatak Odası,2026-05-12
Daisy Kamila Tek Kişilik Çok Amaçlı Örtü 160x220 cm Açık Mavi,3499.99,Yatak Odası,2026-05-12
Daisy Kamila Çift Kişilik Çok Amaçlı Örtü 200x220 cm Açık Mavi,3999.99,Yatak Odası,2026-05-12
Daisy Touch Kolay Ütülenir Tek Kişilik Nevresim Seti 160x220 cm Lila-Turuncu,3499.99,Yatak Odası,2026-05-12
Daisy Touch Kolay Ütülenir Çift Kişilik Nevresim Seti 200x220 cm Lila-Turuncu,4499.99,Yatak Odası,2026-05-12
Damada Bloom Kolay Ütülenir Çarşaflı Tek Kişilik Nevresim Takımı 160x220 cm Sarı-Yeşil,7499.99,Yatak Odası,2026-05-12
Damada Bloom Kolay Ütülenir Çarşaflı Çift Kişilik Nevresim Takımı 200x220 cm Sarı-Yeşil,8999.99,Yatak Odası,2026-05-12
Delicate Bloss Pamuklu Tek Kişilik Nevresim Seti 160x220 cm Sarı-Yeşil,839.99,Yatak Odası,2026-05-12
Delicate Bloss Pamuklu Çift Kişilik Nevresim Seti 200x220 cm Sarı-Yeşil,1199.99,Yatak Odası,2026-05-12
Dewy Blossom Kolay Ütülenir Tek Kişilik Çarşaflı Nevresim Takımı 160x220 cm Sarı,5999.99,Yatak Odası,2026-05-12
Diamond Clam Tek Kişilik Çok Amaçlı Örtü 160x220 cm Bordo,4499.99,Yatak Odası,2026-05-12
Diamond Clam Çift Kişilik Çok Amaçlı Örtü 200x220 cm Bordo,4999.99,Yatak Odası,2026-05-12
Diamond Twist Kolay Ütülenir Tek Kişilik Çarşaflı Nevresim Takımı 160x220 cm Koyu Mavi,959.99,Yatak Odası,2026-05-12
Diamond Twist Kolay Ütülenir Çift Kişilik Çarşaflı Nevresim Takımı 200x220 cm Koyu Mavi,1259.99,Yatak Odası,2026-05-12
Direct Message Unique Trine Kabartma Jakar Tekli Kırlent Kılıfı Yeşil,849.95,Yatak Odası,2026-05-12
Direct Message Unique Trine Kabartma Jakar Tekli Yastık Kılıfı Krem,849.95,Yatak Odası,2026-05-12
Dorma Mevsimsel Tek Kişilik Yorgan 155x215 cm Beyaz,9999.99,Yatak Odası,2026-05-12
Dorma Mevsimsel Çift Kişilik Yorgan 195x215 cm Beyaz,12999.99,Yatak Odası,2026-05-12
Dotty Gingham Kolay Ütülenir Tek Kişilik Çarşaflı Nevresim Takımı 160x220 cm Koyu Mavi-Yeşil,1079.99,Yatak Odası,2026-05-12
Dotty Gingham Kolay Ütülenir Çift Kişilik Çarşaflı Nevresim Takımı 200x220 cm Koyu Mavi-Yeşil,1199.99,Yatak Odası,2026-05-12
Dream Baskılı Pamuklu Tek Kişilik Pike Takımı 150x220 cm Pembe,7999.99,Yatak Odası,2026-05-12
Dream Baskılı Pamuklu Çift Kişilik Pike Takımı 200x220 cm Pembe,9999.99,Yatak Odası,2026-05-12
Dream Touch Örme Sıvı Geçirmez King Size Alez 180x200 cm Beyaz,539.99,Yatak Odası,2026-05-12
Dream Touch Örme Sıvı Geçirmez Tek Kişilik Alez 100x200 cm Beyaz,1999.99,Yatak Odası,2026-05-12
Dream Touch Örme Sıvı Geçirmez Çift Kişilik Alez 160x200 cm Beyaz,2499.99,Yatak Odası,2026-05-12
Dreamira Kaz Tüyü Yastık 50x70 cm Beyaz,9999.99,Yatak Odası,2026-05-12
Dreamy Patch Kolay Ütülenir Çift Kişilik Nevresim Seti 200x220 cm Pembe - Yeşil,3999.99,Yatak Odası,2026-05-12
Dulcie Tek Kişilik Pike 150x220 cm Mavi,2999.99,Yatak Odası,2026-05-12
Dulcie Tek Kişilik Pike 150x220 cm Pembe,539.99,Yatak Odası,2026-05-12
Dulcie Çift Kişilik Pike 200x220 cm Mavi,3499.99,Yatak Odası,2026-05-12
Dulcie Çift Kişilik Pike 200x220 cm Pembe,629.99,Yatak Odası,2026-05-12
Dyna Tek Kişilik Pike Takımı 150x220 cm Mavi,6499.99,Yatak Odası,2026-05-12
Dyna Çift Kişilik Pike Takımı 200x220 cm Mavi,7499.99,Yatak Odası,2026-05-12
Düz Pamuklu 2li Yastık Kılıfı Toz Pembe,1749.99,Yatak Odası,2026-05-12
Düz Pamuklu Ara Ebat Lastikli Çarşaf 140x200 cm Gece Mavisi,3499.99,Yatak Odası,2026-05-12
Düz Pamuklu Ara Ebat Lastikli Çarşaf 140x200 cm Toz Pembe,3499.99,Yatak Odası,2026-05-12
Düz Pamuklu King Size Lastikli Çarşaf 180x200 cm Beyaz,3999.99,Yatak Odası,2026-05-12
Düz Pamuklu King Size Lastikli Çarşaf 180x200 cm Gece Mavisi,3999.99,Yatak Odası,2026-05-12
Düz Pamuklu King Size Lastikli Çarşaf 180x200 cm Çağla Yeşili,3999.99,Yatak Odası,2026-05-12
Düz Pamuklu Super King Lastikli Çarşaf 200x200 cm Çağla Yeşili,4499.99,Yatak Odası,2026-05-12
Düz Pamuklu Tek Kişilik Lastikli Çarşaf 100x200 cm Beyaz,2999.99,Yatak Odası,2026-05-12
Düz Pamuklu Tek Kişilik Lastikli Çarşaf 100x200 cm Gece Mavisi,2999.99,Yatak Odası,2026-05-12
Düz Pamuklu Tek Kişilik Lastikli Çarşaf 100x200 cm Kahve Köpüğü,2999.99,Yatak Odası,2026-05-12
Düz Pamuklu Tek Kişilik Lastikli Çarşaf 100x200 cm Toz Pembe,2999.99,Yatak Odası,2026-05-12
Düz Pamuklu Tek Kişilik Lastikli Çarşaf 100x200 cm Çakıl Taşı,2999.99,Yatak Odası,2026-05-12
Düz Pamuklu Tek Kişilik Lastikli Çarşaf 100x200 cm Çağla Yeşili,2999.99,Yatak Odası,2026-05-12
Düz Pamuklu Tek Kişilik Plus Lastikli Çarşaf 120x200 cm Beyaz,3249.99,Yatak Odası,2026-05-12
Düz Pamuklu Tek Kişilik Plus Lastikli Çarşaf 120x200 cm Gece Mavisi,2999.99,Yatak Odası,2026-05-12
Düz Pamuklu Çift Kişilik Lastikli Çarşaf 160x200 cm Beyaz,3499.99,Yatak Odası,2026-05-12
Düz Pamuklu Çift Kişilik Lastikli Çarşaf 160x200 cm Gece Mavisi,3499.99,Yatak Odası,2026-05-12
Düz Pamuklu Çift Kişilik Lastikli Çarşaf 160x200 cm Kahve Köpüğü,3499.99,Yatak Odası,2026-05-12
Düz Pamuklu Çift Kişilik Lastikli Çarşaf 160x200 cm Toz Pembe,3499.99,Yatak Odası,2026-05-12
Düz Pamuklu Çift Kişilik Lastikli Çarşaf 160x200 cm Çakıl Taşı,3499.99,Yatak Odası,2026-05-12
Düz Pamuklu Çift Kişilik Lastikli Çarşaf 160x200 cm Çağla Yeşili,3499.99,Yatak Odası,2026-05-12
Ejderha Pamuk Çocuk Pike Gri,1749.99,Yatak Odası,2026-05-12
Elegant İpliği Boyalı Tek Kişilik Çarşaflı Nevresim Takımı 160x220 cm Gold,1439.99,Yatak Odası,2026-05-12
Elegant İpliği Boyalı Çift Kişilik Çarşaflı Nevresim Takımı 200x220 cm Gold,2559.99,Yatak Odası,2026-05-12
Elite Lines İpliği Boyalı Çift Kişilik Çarşaflı Nevresim Takımı Lacivert,1979.99,Yatak Odası,2026-05-12
Enchanted Harmony Çift Kişilik Çok Amaçlı Örtü 200x220 cm Yeşil,3499.99,Yatak Odası,2026-05-12
Endless Journey Pamuklu Çift Kişilik Nevresim Seti 200x220 cm Taş Rengi,7499.99,Yatak Odası,2026-05-12
Ergonomik Boyun Destekli Visco Yastık 60x40x16 cm Beyaz,8999.99,Yatak Odası,2026-05-12
Essence %100 Pamuk Tek Kişilik Lastikli Çarşaf 100x200 cm Bej,2499.99,Yatak Odası,2026-05-12
Essence %100 Pamuk Tek Kişilik Lastikli Çarşaf 100x200 cm Beyaz,2499.99,Yatak Odası,2026-05-12
Essence %100 Pamuk Tek Kişilik Lastikli Çarşaf 100x200 cm Gri,2499.99,Yatak Odası,2026-05-12
Essence %100 Pamuk Tek Kişilik Lastikli Çarşaf 100x200 cm Lila,2499.99,Yatak Odası,2026-05-12
Essence %100 Pamuk Tek Kişilik Lastikli Çarşaf 100x200 cm Ortanca Mavi,2499.99,Yatak Odası,2026-05-12
Essence %100 Pamuk Tek Kişilik Lastikli Çarşaf 100x200 cm Toz Pembe,2499.99,Yatak Odası,2026-05-12
Essence %100 Pamuk Tek Kişilik Lastikli Çarşaf 100x200 cm Yeşil,2499.99,Yatak Odası,2026-05-12
Essence %100 Pamuk Çift Kişilik Lastikli Çarşaf 160x200 cm Bej,2999.99,Yatak Odası,2026-05-12
Essence %100 Pamuk Çift Kişilik Lastikli Çarşaf 160x200 cm Beyaz,2999.99,Yatak Odası,2026-05-12
Essence %100 Pamuk Çift Kişilik Lastikli Çarşaf 160x200 cm Gri,2999.99,Yatak Odası,2026-05-12
Essence %100 Pamuk Çift Kişilik Lastikli Çarşaf 160x200 cm Lila,2999.99,Yatak Odası,2026-05-12
Essence %100 Pamuk Çift Kişilik Lastikli Çarşaf 160x200 cm Ortanca Mavi,2999.99,Yatak Odası,2026-05-12
Essence %100 Pamuk Çift Kişilik Lastikli Çarşaf 160x200 cm Toz Pembe,2999.99,Yatak Odası,2026-05-12
Essence %100 Pamuk Çift Kişilik Lastikli Çarşaf 160x200 cm Yeşil,2999.99,Yatak Odası,2026-05-12
Ethnic Charm Kolay Ütülenir Tek Kişilik Çarşaflı Nevresim Takımı 160x220 cm Yağ Yeşili,4999.99,Yatak Odası,2026-05-12
Felix Baskılı Pamuklu Tek Kişilik Pike Takımı 150x220 cm Sarı,7999.99,Yatak Odası,2026-05-12
Felix Baskılı Pamuklu Çift Kişilik Pike Takımı 200x220 cm Sarı,8999.99,Yatak Odası,2026-05-12
Fiesta Baskılı Mikrofiber Tek Kişilik Yorgan 155x215 cm Taş Rengi,4999.99,Yatak Odası,2026-05-12
Fiesta Baskılı Mikrofiber Çift Kişilik Yorgan 195x215 cm Taş Rengi,1169.99,Yatak Odası,2026-05-12
Fiore Baskılı Pamuklu Tek Kişilik Pike 150x220 cm Mor,719.99,Yatak Odası,2026-05-12
Fiore Baskılı Pamuklu Çift Kişilik Pike 200x220 cm Mor,809.99,Yatak Odası,2026-05-12
Fiore Kolay Ütülenir 2li Yastık Kılıfı 50x70 cm Mor,1499.99,Yatak Odası,2026-05-12
Fiore Viola Tek Kişilik Çok Amaçlı Örtü 160x220 cm Mor,2999.99,Yatak Odası,2026-05-12
Fioreline Dijital Baskılı Kolay Ütülenir  Tek Kişilik Çarşaflı Nevresim Takımı 160x220 cm Yeşil-Sarı,1079.99,Yatak Odası,2026-05-12
Fioreline Dijital Baskılı Kolay Ütülenir  Çift Kişilik Çarşaflı Nevresim Takımı 200x220 cm Yeşil-Sarı,1439.99,Yatak Odası,2026-05-12
Fleur 3D Jakarlı Yastık 50x70 cm Beyaz,3999.99,Yatak Odası,2026-05-12
Fleur Multicolore King Size Çok Amaçlı Örtü 220x240 cm Yavruağzı,899.99,Yatak Odası,2026-05-12
Fleur Multicolore Tek Kişilik Çok Amaçlı Örtü 160x220 cm Yavruağzı,629.99,Yatak Odası,2026-05-12
Fleur Multicolore Çift Kişilik Çok Amaçlı Örtü 200x220 cm Yavruağzı,639.99,Yatak Odası,2026-05-12
Flora Drape Tek Kişilik Çok Amaçlı Örtü 160x220 cm Mavi,3499.99,Yatak Odası,2026-05-12
Flora Drape Çift Kişilik Çok Amaçlı Örtü 200x220 cm Mavi,4999.99,Yatak Odası,2026-05-12
Floral Breeze Baskılı Pamuklu Tek Kişilik Pike 150x220 cm Yeşil,719.99,Yatak Odası,2026-05-12
Floral Breeze Baskılı Pamuklu Çift Kişilik Pike 200x220 cm Yeşil,809.99,Yatak Odası,2026-05-12
Floral Breeze Kolay Ütülenir 2li Yastık Kılıfı 50x70 cm Yeşil,1499.99,Yatak Odası,2026-05-12
Floral Breeze Kolay Ütülenir Tek Kişilik Çarşaflı Nevresim Takımı 160x220 cm Mor,839.99,Yatak Odası,2026-05-12
Floral Cascade King Size Çok Amaçlı Örtü 240x220 cm Pembe,4499.99,Yatak Odası,2026-05-12
Floral Cascade Tek Kişilik Çok Amaçlı Örtü 160x220 cm Pembe,489.99,Yatak Odası,2026-05-12
Floral Cascade Çift Kişilik Çok Amaçlı Örtü 200x220 cm Pembe,719.99,Yatak Odası,2026-05-12
Floral Euphoria Fırfırlı Çift Kişilik Yatak Örtüsü Takımı 200x220 cm Pembe,4999.99,Yatak Odası,2026-05-12
Floral Serenade King Size Çok Amaçlı Örtü 240x220 cm Pembe,4499.99,Yatak Odası,2026-05-12
Floral Serenade Tek Kişilik Çok Amaçlı Örtü 160x220 cm Pembe,489.99,Yatak Odası,2026-05-12
Floral Serenade Çift Kişilik Çok Amaçlı Örtü 200x220 cm Pembe,3999.99,Yatak Odası,2026-05-12
Floral Trail Tek Kişilik Pike 150x220 cm Bej,2499.99,Yatak Odası,2026-05-12
Floral Trail Çift Kişilik Pike 200x220 cm Bej,2999.99,Yatak Odası,2026-05-12
Floral Twilight Tek Kişilik Çok Amaçlı Örtü 160x220 cm Mavi,2999.99,Yatak Odası,2026-05-12
Florine Kolay Ütülenir Tek Kişilik Çarşaflı Nevresim Takımı 160x220 cm Açık Yeşil,4999.99,Yatak Odası,2026-05-12
Florish Pamuk Tek Kişilik Çarşaflı Nevresim Takımı 160x220 cm Yeşil,1199.99,Yatak Odası,2026-05-12
Florish Pamuk Çift Kişilik Nevresim Takımı 200x220 cm Yeşil,11999.99,Yatak Odası,2026-05-12
Flower Blast Baskılı Pamuklu Tek Kişilik Pike 150x220 cm Mavi,2999.99,Yatak Odası,2026-05-12
Flower Blast Baskılı Pamuklu Çift Kişilik Pike 200x220 cm Mavi,3249.99,Yatak Odası,2026-05-12
Flower Stripes Baskılı Pamuklu Tek Kişilik Pike Takımı 150x220 cm Sarı,8499.99,Yatak Odası,2026-05-12
Flower Stripes Baskılı Pamuklu Çift Kişilik Pike Takımı 200x220 cm Sarı,9999.99,Yatak Odası,2026-05-12
Flowery Kolay Ütülenir Çarşaflı Tek Kişilik Nevresim Takımı 160x220 cm Mavi - Yeşil,6499.99,Yatak Odası,2026-05-12
Flowery Kolay Ütülenir Çarşaflı Çift Kişilik Nevresim Takımı 200x220 cm Mavi - Yeşil,1529.99,Yatak Odası,2026-05-12
Forest Blossom Baskılı Pamuklu Tek Kişilik Pike 150x220 cm Yeşil,3499.99,Yatak Odası,2026-05-12
Forest Blossom Baskılı Pamuklu Çift Kişilik Pike 200x220 cm Yeşil,3999.99,Yatak Odası,2026-05-12
Forest Blossom Kolay Ütülenir 2li Yastık Kılıfı 50x70 cm Mavi - Yeşil,1499.99,Yatak Odası,2026-05-12
Fragile Ivy Kolay Ütülenir Çarşaflı Çift Kişilik Nevresim Takımı 200x220 cm Lacivert,6999.99,Yatak Odası,2026-05-12
Fragrant Garden Kolay Ütülenir Çarşaflı Çift Kişilik Nevresim Takımı 200x220 cm Kırmızı - Yeşil,7999.99,Yatak Odası,2026-05-12
Fresh Ivy Kolay Ütülenir Çarşaflı Tek Kişilik Nevresim Takımı 160x220 cm Mavi,1049.99,Yatak Odası,2026-05-12
Fresh Ivy Kolay Ütülenir Çarşaflı Çift Kişilik Nevresim Takımı 200x220 cm Mavi,1259.99,Yatak Odası,2026-05-12
Fresh Sprout Kolay Ütülenir 2li Yastık Kılıfı 50x70 cm Yeşil-Sarı,1499.99,Yatak Odası,2026-05-12
Fresh Sprout Tek Kişilik Pike 150x220 cm Yeşil,2499.99,Yatak Odası,2026-05-12
Fresh Sprout Çift Kişilik Pike 200x220 cm Yeşil,3499.99,Yatak Odası,2026-05-12
Fresh Tartan Kolay Ütülenir Tek Kişilik Çarşaflı Nevresim Takımı 160x220 cm Mavi,5999.99,Yatak Odası,2026-05-12
Fresh Tartan Kolay Ütülenir Çift Kişilik Çarşaflı Nevresim Takımı 200x220 cm Mavi,7349.99,Yatak Odası,2026-05-12
Fresh Touch Sıvı Geçirmez Alez Yastık Kılıfı 50x70 cm Beyaz,749.99,Yatak Odası,2026-05-12
Fresh Touch Sıvı Geçirmez Tek Kişilik Yatak Koruyucu Alez 100x200 cm Beyaz,314.99,Yatak Odası,2026-05-12
Fresh Touch Sıvı Geçirmez Çift Kişilik Yatak Koruyucu Alez 160x200 cm Beyaz,2249.99,Yatak Odası,2026-05-12
Fresh Touch Sıvı Geçirmez Çift Kişilik Yatak Koruyucu Alez 180x200 cm Beyaz,2499.99,Yatak Odası,2026-05-12
Fruit Fiesta King Size Çok Amaçlı Örtü 240x220 cm Yeşil,699.99,Yatak Odası,2026-05-12
Fruit Fiesta Tek Kişilik Çok Amaçlı Örtü 160x220 cm Yeşil,3499.99,Yatak Odası,2026-05-12
Fruit Fiesta Çift Kişilik Çok Amaçlı Örtü 200x220 cm Yeşil,3999.99,Yatak Odası,2026-05-12
Garden Glory Pamuk Tek Kişilik Çarşaflı Nevresim Takımı 160x220 cm Yeşil,1199.99,Yatak Odası,2026-05-12
Garden Lullaby  Kolay Ütülenir Tek Kişilik Çarşaflı Nevresim Takımı 160x220 cm Koyu Mavi,4999.99,Yatak Odası,2026-05-12
Garden Toile Pamuklu Çarşaflı Tek Kişilik Nevresim Takımı 160x220 cm Bej,8999.99,Yatak Odası,2026-05-12
Garden Toile Pamuklu Çarşaflı Çift Kişilik Nevresim Takımı 200x220 cm Bej,9999.99,Yatak Odası,2026-05-12
Garden Veil Kolay Ütülenir Çarşaflı Tek Kişilik Nevresim Takımı 160x220 cm Pudra,1079.99,Yatak Odası,2026-05-12
Garden Veil Kolay Ütülenir Çarşaflı Tek Kişilik Nevresim Takımı 160x220 cm Yağ Yeşili,5999.99,Yatak Odası,2026-05-12
Garden Veil Kolay Ütülenir Çarşaflı Çift Kişilik Nevresim Takımı 200x220 cm Pudra,6999.99,Yatak Odası,2026-05-12
Garden Veil Kolay Ütülenir Çarşaflı Çift Kişilik Nevresim Takımı 200x220 cm Yağ Yeşili,6999.99,Yatak Odası,2026-05-12
Gentle Florals Kolay Ütülenir 2li Yastık Kılıfı 50x70 cm Mavi - Pembe,1499.99,Yatak Odası,2026-05-12
Gentle Florals Tek Kişilik Pike 150x220 cm Yeşil,3499.99,Yatak Odası,2026-05-12
Gentle Florals Çift Kişilik Pike 200x220 cm Yeşil,719.99,Yatak Odası,2026-05-12
Gentle Flower Pamuk Tek Kişilik Çarşaflı Nevresim Takımı 160x220 cm Yeşil-Mavi,6999.99,Yatak Odası,2026-05-12
Gentle Swirl Kolay Ütülenir Çarşaflı Tek Kişilik Nevresim Takımı 160x220 cm Sarı,5999.99,Yatak Odası,2026-05-12
Gentle Swirl Kolay Ütülenir Çarşaflı Tek Kişilik Nevresim Takımı 160x220 cm Yeşil,5999.99,Yatak Odası,2026-05-12
Gentle Swirl Kolay Ütülenir Çarşaflı Çift Kişilik Nevresim Takımı 200x220 cm Sarı,1119.99,Yatak Odası,2026-05-12
Gentle Swirl Kolay Ütülenir Çarşaflı Çift Kişilik Nevresim Takımı 200x220 cm Yeşil,6999.99,Yatak Odası,2026-05-12
Geo Plaid Pamuklu 2li Yastık Kılıfı 50x70 cm Yeşil-Pembe,1499.99,Yatak Odası,2026-05-12
GeoModern Kolay Ütülenir Çift Kişilik Çarşaflı Nevresim Takımı 200x220 cm Lacivert,6999.99,Yatak Odası,2026-05-12
Geomora Kolay Ütülenir Tek Kişilik Çarşaflı Nevresim Takımı 160x220 cm Vizon,4999.99,Yatak Odası,2026-05-12
Geomora Kolay Ütülenir Çift Kişilik Çarşaflı Nevresim Takımı 200x220 cm Vizon,5999.99,Yatak Odası,2026-05-12
Glare Jakarlı Tek Kişilik Çarşaflı Nevresim Takımı 160x220 cm Bej,1599.99,Yatak Odası,2026-05-12
Glare Jakarlı Tek Kişilik Çarşaflı Nevresim Takımı 160x220 cm Beyaz,9999.99,Yatak Odası,2026-05-12
Glare King Size Çarşaflı Nevresim Takımı Beyaz,3239.99,Yatak Odası,2026-05-12
Glare Tek Kişilik Nevresim Takımı Yeşil,9999.99,Yatak Odası,2026-05-12
Glen Plaid İpliği Boyalı Tek Kişilik Çarşaflı Nevresim Takımı 160x220 cm Koyu Bej,1439.99,Yatak Odası,2026-05-12
Glen Plaid İpliği Boyalı Çift Kişilik Çarşaflı Nevresim Takımı 200x220 cm Koyu Bej,1979.99,Yatak Odası,2026-05-12
Glint Stripes İpliği Boyalı Tek Kişilik Çarşaflı Nevresim Takımı 160x220 cm Bej-Gri,1439.99,Yatak Odası,2026-05-12
Glint Stripes İpliği Boyalı Çift Kişilik Çarşaflı Nevresim Takımı 200x220 cm Bej-Gri,1979.99,Yatak Odası,2026-05-12
Glossline İpliği Boyalı Tek Kişilik Çarşaflı Nevresim Takımı 160x220 cm Gold,1439.99,Yatak Odası,2026-05-12
Glossline İpliği Boyalı Çift Kişilik Çarşaflı Nevresim Takımı 200x220 cm Gold,1759.99,Yatak Odası,2026-05-12
Glossy Kolay Ütülenir Perkal Tek Kişilik Çarşaflı Nevresim Takımı 160x220 cm Beyaz,1439.99,Yatak Odası,2026-05-12
Glossy Kolay Ütülenir Perkal Tek Kişilik Çarşaflı Nevresim Takımı 160x220 cm Gri,1619.99,Yatak Odası,2026-05-12
Glossy Kolay Ütülenir Perkal Tek Kişilik Çarşaflı Nevresim Takımı 160x220 cm Sisli Mürdüm,1439.99,Yatak Odası,2026-05-12
Glossy Kolay Ütülenir Perkal Çift Kişilik Çarşaflı Nevresim Takımı 200x220 cm Beyaz,1759.99,Yatak Odası,2026-05-12
Glossy Kolay Ütülenir Perkal Çift Kişilik Çarşaflı Nevresim Takımı 200x220 cm Gri,10999.99,Yatak Odası,2026-05-12
Glossy Kolay Ütülenir Perkal Çift Kişilik Çarşaflı Nevresim Takımı 200x220 cm Sisli Mürdüm,10999.99,Yatak Odası,2026-05-12
Glowing Bears Pamuklu Bebe Battaniye 100x120 cm Seledon,2249.99,Yatak Odası,2026-05-12
Golden Petals Kolay Ütülenir 2li Yastık Kılıfı 50x70 cm Sarı,1499.99,Yatak Odası,2026-05-12
Golden Petals Tek Kişilik Pike 150x220 cm Sarı,2499.99,Yatak Odası,2026-05-12
Golden Petals Çift Kişilik Pike 200x220 cm Sarı,2999.99,Yatak Odası,2026-05-12
Grandiose Ajurlu Perkal Çift Kişilik Çarşaflı Nevresim Takımı 200x220 cm Beyaz,14999.99,Yatak Odası,2026-05-12
Graphic Grid Kolay Ütülenir Tek Kişilik Çarşaflı Nevresim Takımı 160x220 cm Gri,959.99,Yatak Odası,2026-05-12
Graphic Grid Kolay Ütülenir Çift Kişilik Çarşaflı Nevresim Takımı 200x220 cm Gri,6999.99,Yatak Odası,2026-05-12
Green Harmony Baskılı Pamuklu Tek Kişilik Pike 150x220 cm Yeşil,3499.99,Yatak Odası,2026-05-12
Green Harmony Baskılı Pamuklu Çift Kişilik Pike 200x220 cm Yeşil,3999.99,Yatak Odası,2026-05-12
Green Harmony Kolay Ütülenir 2li Yastık Kılıfı 50x70 cm Yeşil,1499.99,Yatak Odası,2026-05-12
Gridline Kolay Ütülenir Çarşaflı Tek Kişilik Nevresim Takımı 160x220 cm Seledon-Mürdüm,5999.99,Yatak Odası,2026-05-12
Gridline Kolay Ütülenir Çarşaflı Tek Kişilik Nevresim Takımı 160x220 cm Yağ Yeşili- Mavi,5999.99,Yatak Odası,2026-05-12
Gridline Kolay Ütülenir Çarşaflı Çift Kişilik Nevresim Takımı 200x220 cm Seledon-Mürdüm,6999.99,Yatak Odası,2026-05-12
Gridline Kolay Ütülenir Çarşaflı Çift Kişilik Nevresim Takımı 200x220 cm Yağ Yeşili- Mavi,6999.99,Yatak Odası,2026-05-12
Harlem King Size Çok Amaçlı Örtü 240x220 cm Lacivert,4499.99,Yatak Odası,2026-05-12
Harlem Tek Kişilik Çok Amaçlı Örtü 160x220 cm Lacivert,559.99,Yatak Odası,2026-05-12
Harlem Çift Kişilik Çok Amaçlı Örtü 200x220 cm Lacivert,3999.99,Yatak Odası,2026-05-12
Heritage Grace Kolay Ütülenir Çarşaflı Tek Kişilik Nevresim Takımı 160x220 cm Haki,5999.99,Yatak Odası,2026-05-12
Heritage Grace Kolay Ütülenir Çarşaflı Çift Kişilik Nevresim Takımı 200x220 cm Haki,1119.99,Yatak Odası,2026-05-12
Heritage blue Baskılı Pamuklu Tek Kişilik Pike 150x220 cm Mavi,719.99,Yatak Odası,2026-05-12
Heritage blue Baskılı Pamuklu Çift Kişilik Pike 200x220 cm Mavi,809.99,Yatak Odası,2026-05-12
Heritage blue Kolay Ütülenir 2li Yastık Kılıfı 50x70 cm Mavi,1499.99,Yatak Odası,2026-05-12
High Orthopedic Visco Yastık 55x40x13 cm Beyaz,7499.99,Yatak Odası,2026-05-12
Icy Cool Touch Alez Yastık Kılıfı 50x70 cm Mavi,2999.99,Yatak Odası,2026-05-12
Imperial Lace Güpürlü Oxford King Size Çarşaflı Nevresim Takımı 240x220 cm Beyaz,3419.99,Yatak Odası,2026-05-12
Ivy Blush Kolay Ütülenir Çarşaflı Tek Kişilik Nevresim Takımı 160x220 cm Hardal,5999.99,Yatak Odası,2026-05-12
Ivy Blush Kolay Ütülenir Çarşaflı Tek Kişilik Nevresim Takımı 160x220 cm Mor,4999.99,Yatak Odası,2026-05-12
Ivy Blush Kolay Ütülenir Çarşaflı Çift Kişilik Nevresim Takımı 200x220 cm Hardal,1119.99,Yatak Odası,2026-05-12
Ivy Blush Kolay Ütülenir Çarşaflı Çift Kişilik Nevresim Takımı 200x220 cm Mor,5999.99,Yatak Odası,2026-05-12
Jacobean Plaid Tek Kişilik Çok Amaçlı Örtü 160x220 cm Bordo,3499.99,Yatak Odası,2026-05-12
Jardin Belle Tek Kişilik Yatak Örtüsü Takımı 160x220 cm Bordo,1599.99,Yatak Odası,2026-05-12
Jardin Belle Çift Kişilik Yatak Örtüsü Takımı 200x220 cm Bordo,1999.99,Yatak Odası,2026-05-12
Jardin Lume King Size Çok Amaçlı Örtü 220x240 cm Yeşil,719.99,Yatak Odası,2026-05-12
Jardin Lume Tek Kişilik Çok Amaçlı Örtü 160x220 cm Yeşil,559.99,Yatak Odası,2026-05-12
Jardin Lume Çift Kişilik Çok Amaçlı Örtü 200x220 cm Yeşil,639.99,Yatak Odası,2026-05-12
Jouyline Pamuklu Çarşaflı Tek Kişilik Nevresim Takımı 160x220 cm Yeşil,8999.99,Yatak Odası,2026-05-12
Jouyline Pamuklu Çarşaflı Çift Kişilik Nevresim Takımı 200x220 cm Yeşil,1599.99,Yatak Odası,2026-05-12
Knitline Pamuk Tek Kişilik Nevresim Takımı 160x220 cm Yeşil,7999.99,Yatak Odası,2026-05-12
Lace Elegance Kopanakili Perkal King Size Çarşaflı Nevresim Takımı 240x220 cm Yeşil,14999.99,Yatak Odası,2026-05-12
Lace Elegance Kopanakili Perkal Tek Kişilik Çarşaflı Nevresim Takımı 160x220 cm Beyaz,2159.99,Yatak Odası,2026-05-12
Lace Elegance Kopanakili Perkal Tek Kişilik Çarşaflı Nevresim Takımı 160x220 cm Yeşil,8999.99,Yatak Odası,2026-05-12
Layna Yün Alez Yastık Kılıfı 50x70 cm Krem,1999.99,Yatak Odası,2026-05-12
Layna Yün Yastık 50x70 cm Krem,7499.99,Yatak Odası,2026-05-12
Layna Yıkanabilir Yün Çift Kişilik Yorgan 195x215 cm Krem,14999.99,Yatak Odası,2026-05-12
Leaf Dream Kolay Ütülenir Tek Kişilik Nevresim Takımı 160x220 cm Mavi,5999.99,Yatak Odası,2026-05-12
Leaf Dream Kolay Ütülenir Tek Kişilik Çarşaflı Nevresim Takımı 160x220 cm Yeşil,959.99,Yatak Odası,2026-05-12
Leaf Dream Kolay Ütülenir Çift Kişilik Çarşaflı Nevresim Takımı 200x220 cm Mavi,1259.99,Yatak Odası,2026-05-12
Leaf Dream Kolay Ütülenir Çift Kişilik Çarşaflı Nevresim Takımı 200x220 cm Yeşil,6999.99,Yatak Odası,2026-05-12
Leafline Baskılı Pamuklu Tek Kişilik Pike 150x220 cm Yeşil,3499.99,Yatak Odası,2026-05-12
Leafline Baskılı Pamuklu Çift Kişilik Pike 200x220 cm Yeşil,3999.99,Yatak Odası,2026-05-12
Leafline Kolay Ütülenir 2li Yastık Kılıfı 50x70 cm Yeşil,1499.99,Yatak Odası,2026-05-12
Lemon Delight Tek Kişilik Çok Amaçlı Örtü 160x220 cm Sarı,2999.99,Yatak Odası,2026-05-12
Lemon Delight Çift Kişilik Çok Amaçlı Örtü 200x220 cm Sarı,3499.99,Yatak Odası,2026-05-12
Lilitha Kolay Ütülenir Çarşaflı Tek Kişilik Nevresim Takımı 160x220 cm Lila,5999.99,Yatak Odası,2026-05-12
Lilitha Kolay Ütülenir Çarşaflı Tek Kişilik Nevresim Takımı 160x220 cm Pudra,1079.99,Yatak Odası,2026-05-12
Lilitha Kolay Ütülenir Çarşaflı Çift Kişilik Nevresim Takımı 200x220 cm Lila,6999.99,Yatak Odası,2026-05-12
Lilitha Kolay Ütülenir Çarşaflı Çift Kişilik Nevresim Takımı 200x220 cm Pudra,6999.99,Yatak Odası,2026-05-12
Line Art Tek Kişilik Yatak Örtüsü Takımı Gri,3999.99,Yatak Odası,2026-05-12
Line Art Çift Kişilik Yatak Örtüsü Takımı Gri,5999.99,Yatak Odası,2026-05-12
Line Mesh İpliği Boyalı Tek Kişilik Çarşaflı Nevresim Takımı 160x220 cm Gri,8999.99,Yatak Odası,2026-05-12
Line Mesh İpliği Boyalı Çift Kişilik Çarşaflı Nevresim Takımı 200x220 cm Gri,10999.99,Yatak Odası,2026-05-12
Line Motion Kolay Ütülenir Tek Kişilik Çarşaflı Nevresim Takımı 160x220 cm Lacivert - Bej,5999.99,Yatak Odası,2026-05-12
Line Motion Kolay Ütülenir Çift Kişilik Çarşaflı Nevresim Takımı 200x220 cm Lacivert - Bej,7499.99,Yatak Odası,2026-05-12
Linescape Kolay Ütülenir Tek Kişilik Çarşaflı Nevresim Takımı 160x220 cm Açık Mavi,1169.99,Yatak Odası,2026-05-12
Linescape Kolay Ütülenir Çift Kişilik Çarşaflı Nevresim Takımı 200x220 cm Açık Mavi,1279.99,Yatak Odası,2026-05-12
Liny İpliği Boyalı Tek Kişilik Çarşaflı Nevresim Takımı 160x220 cm Terracotta,5499.99,Yatak Odası,2026-05-12
Liny İpliği Boyalı Çift Kişilik Çarşaflı Nevresim Takımı 200x220 cm Terracotta,1759.99,Yatak Odası,2026-05-12
Lior Tek Kişilik Pike 150x220 cm Sarı,629.99,Yatak Odası,2026-05-12
Lior Çift Kişilik Pike 200x220 cm Sarı,719.99,Yatak Odası,2026-05-12
Love Bow Pamuklu Bebe Battaniye 100x120 cm Somon,2249.95,Yatak Odası,2026-05-12
Lumira Fiorito  King Size Çok Amaçlı Örtü 220x240 cm Açık Mavi,4499.99,Yatak Odası,2026-05-12
Lumira Fiorito  Tek Kişilik Çok Amaçlı Örtü 160x220 cm Açık Mavi,3499.99,Yatak Odası,2026-05-12
Lumira Fiorito  Çift Kişilik Çok Amaçlı Örtü 200x220 cm Açık Mavi,3999.99,Yatak Odası,2026-05-12
Lunar Waffle Mikrojel Yastık 50x70 cm Beyaz,3999.99,Yatak Odası,2026-05-12
Lush Blooms Kolay Ütülenir Tek Kişilik Çarşaflı Nevresim Takımı 160x220 cm Lila-Yeşil,5999.99,Yatak Odası,2026-05-12
Lush Blooms Kolay Ütülenir Çift Kişilik Nevresim Takımı 200x220 cm Lila-Yeşil,6999.99,Yatak Odası,2026-05-12
Lush Leopard Jakarlı Çift Kişilik Çarşaflı Nevresim Takımı 200x220 cm Bej,2519.99,Yatak Odası,2026-05-12
Luzia Tek Kişilik Pike 150x220 cm Mavi,2499.99,Yatak Odası,2026-05-12
Luzia Çift Kişilik Pike 200x220 cm Mavi,2999.99,Yatak Odası,2026-05-12
Maisy Baskılı Pamuklu Tek Kişilik Pike Takımı 150x220 cm Mavi,7999.99,Yatak Odası,2026-05-12
Maisy Baskılı Pamuklu Çift Kişilik Pike Takımı 200x220 cm Mavi,9999.99,Yatak Odası,2026-05-12
Marcel Tek Kişilik Pike Takımı 150x220 cm Mor,6499.99,Yatak Odası,2026-05-12
Marcel Çift Kişilik Pike Takımı 200x220 cm Mor,8999.99,Yatak Odası,2026-05-12
Maris Baskılı Pamuklu Tek Kişilik Pike 150x220 cm Mavi,719.99,Yatak Odası,2026-05-12
Maris Baskılı Pamuklu Çift Kişilik Pike 200x220 cm Mavi,899.99,Yatak Odası,2026-05-12
Micell Pamuk Saten 2li Yastık Kılıfı 50x70 cm Gümüş,1749.99,Yatak Odası,2026-05-12
Micell Pamuk Saten 2li Yastık Kılıfı 50x70 cm Yeşil,1749.99,Yatak Odası,2026-05-12
Micell Pamuk Saten King Size Lastikli Çarşaf 180x200 cm Yeşil,4999.99,Yatak Odası,2026-05-12
Micell Pamuk Saten Çift Kişilik Lastikli Çarşaf 160x200 cm Gümüş,4249.99,Yatak Odası,2026-05-12
Micell Pamuk Saten Çift Kişilik Lastikli Çarşaf Antrasit,3999.99,Yatak Odası,2026-05-12
Micell Pamuk Saten Çift Kişilik Çarşaf 240x260 cm Yeşil,4749.99,Yatak Odası,2026-05-12
Mini Cachemire Tek Kişilik Yatak Örtüsü Takımı 160x220 cm Lacivert,3999.99,Yatak Odası,2026-05-12
Mini Cachemire  Çift Kişilik Yatak Örtüsü Takımı 200x220 cm Lacivert,5999.99,Yatak Odası,2026-05-12
Minibloss Pamuklu Çift Kişilik Nevresim Seti 200x220 cm Lila,1079.99,Yatak Odası,2026-05-12
Mira Blush King Size Çok Amaçlı Örtü 220x240 cm Fuşya,4499.99,Yatak Odası,2026-05-12
Mira Blush Tek Kişilik Çok Amaçlı Örtü 160x220 cm Fuşya,3499.99,Yatak Odası,2026-05-12
Mira Blush Çift Kişilik Çok Amaçlı Örtü 200x220 cm Fuşya,3999.99,Yatak Odası,2026-05-12
Misty Dream Dijital Baskılı Kolay Ütülenir  Çift Kişilik Çarşaflı Nevresim Takımı 200x220 cm Mor,1259.99,Yatak Odası,2026-05-12
Misty Dream Dijital Baskılı Kolay Ütülenir Çarşaflı Tek Kişilik Nevresim Takımı 160x220 cm Mor,959.99,Yatak Odası,2026-05-12
Misty Flora Tek Kişilik Çok Amaçlı Örtü 160x220 cm Açık Mavi,3499.99,Yatak Odası,2026-05-12
Misty Flora Çift Kişilik Çok Amaçlı Örtü 200x220 cm Açık Mavi,3999.99,Yatak Odası,2026-05-12
Misty Flora King Size Çok Amaçlı Örtü 220x240 cm Açık Mavi,4499.99,Yatak Odası,2026-05-12
Modern Braid Kolay Ütülenir Tek Kişilik Çarşaflı Nevresim Takımı 160x220 cm Yeşil-Mavi,959.99,Yatak Odası,2026-05-12
Modern Braid Kolay Ütülenir Çift Kişilik Çarşaflı Nevresim Takımı 200x220 cm Yeşil-Mavi,7499.99,Yatak Odası,2026-05-12
Modern Frame Nakışlı Perkal King Size Çarşaflı Nevresim Takımı 240x220 cm Gold,19999.99,Yatak Odası,2026-05-12
Modern Frame Nakışlı Perkal Super King Çarşaflı Nevresim Takımı 260x220 cm Gold,20999.99,Yatak Odası,2026-05-12
Modern Frame Nakışlı Perkal Super King Çarşaflı Nevresim Takımı 260x220 cm Gümüş,20999.99,Yatak Odası,2026-05-12
Modern Harmony Armürlü Çift Kişilik Çarşaflı Nevresim Takımı 200x220 cm Beyaz,10999.99,Yatak Odası,2026-05-12
Mono Diamond İpliği Boyalı Tek Kişilik Çarşaflı Nevresim Takımı 160x220 cm Gri,1619.99,Yatak Odası,2026-05-12
Mono Diamond İpliği Boyalı Çift Kişilik Çarşaflı Nevresim Takımı 200x220 cm Gri,1979.99,Yatak Odası,2026-05-12
Mosa Blu Tek Kişilik Yatak Örtüsü Takımı 160x220 cm Lacivert,3999.99,Yatak Odası,2026-05-12
Mosa Blu Çift Kişilik Yatak Örtüsü Takımı 200x220 cm Lacivert,5999.99,Yatak Odası,2026-05-12
Mosaicca Kolay Ütülenir Tek Kişilik Nevresim Seti 160x220 cm Hardal-Yeşil,3999.99,Yatak Odası,2026-05-12
Mosaicca Kolay Ütülenir Çift Kişilik Nevresim Seti 200x220 cm Hardal-Yeşil,4499.99,Yatak Odası,2026-05-12
Mystic Noor Pamuk Tek Kişilik Çarşaflı Nevresim Takımı 160x220 cm Yeşil,7499.99,Yatak Odası,2026-05-12
Napline Pamuklu Kapitoneli Sıvı Geçirmez King Size Alez 180x200 cm Beyaz,1619.99,Yatak Odası,2026-05-12
Napline Pamuklu Kapitoneli Sıvı Geçirmez Tek Kişilik Alez 100x200 cm Beyaz,839.99,Yatak Odası,2026-05-12
Napline Pamuklu Kapitoneli Sıvı Geçirmez Yastık Alezi 50x70 cm Beyaz,1499.99,Yatak Odası,2026-05-12
Napline Pamuklu Kapitoneli Sıvı Geçirmez Çift Kişilik Alez 160x200 cm Beyaz,9999.99,Yatak Odası,2026-05-12
Natur Baskılı Tek Kişilik Pike Takımı 150x220 cm Yeşil,7499.99,Yatak Odası,2026-05-12
Natur Baskılı Çift Kişilik Pike Takımı 200x220 cm Yeşil,8999.99,Yatak Odası,2026-05-12
Natural Plaid Kolay Ütülenir Tek Kişilik Çarşaflı Nevresim Takımı 160x220 cm Koyu Bej,1079.99,Yatak Odası,2026-05-12
Natural Whirl Kolay Ütülenir Tek Kişilik Çarşaflı Nevresim Takımı 160x220 cm Mavi - Bej,5999.99,Yatak Odası,2026-05-12
Noble Elegance Jakarlı Fırfırlı Çift Kişilik Pike 200x220 cm Beyaz,14999.99,Yatak Odası,2026-05-12
Novella Premium Pamuk Dokulu 2li Yastık Kılıfı 50x70 cm Açık Mavi,1499.99,Yatak Odası,2026-05-12
Novella Premium Pamuk Dokulu 2li Yastık Kılıfı 50x70 cm Açık Sarı,1499.99,Yatak Odası,2026-05-12
Novella Premium Pamuk Dokulu 2li Yastık Kılıfı 50x70 cm Açık Yeşil,1249.99,Yatak Odası,2026-05-12
Novella Premium Pamuk Dokulu 2li Yastık Kılıfı 50x70 cm Beyaz,1499.99,Yatak Odası,2026-05-12
Novella Premium Pamuk Dokulu 2li Yastık Kılıfı 50x70 cm Denim Mavi,1499.99,Yatak Odası,2026-05-12
Novella Premium Pamuk Dokulu 2li Yastık Kılıfı 50x70 cm Koyu Seledon,1499.99,Yatak Odası,2026-05-12
Novella Premium Pamuk Dokulu 2li Yastık Kılıfı 50x70 cm Krem,1249.99,Yatak Odası,2026-05-12
Novella Premium Pamuk Dokulu 2li Yastık Kılıfı 50x70 cm Lila,1499.99,Yatak Odası,2026-05-12
Novella Premium Pamuk Dokulu 2li Yastık Kılıfı 50x70 cm Toz Pembe,1499.99,Yatak Odası,2026-05-12
Novella Premium Pamuk Dokulu King Size Lastikli Çarşaf 180x200 cm Açık Mavi,3499.99,Yatak Odası,2026-05-12
Novella Premium Pamuk Dokulu King Size Lastikli Çarşaf 180x200 cm Açık Sarı,3499.99,Yatak Odası,2026-05-12
Novella Premium Pamuk Dokulu King Size Lastikli Çarşaf 180x200 cm Açık Yeşil,3499.99,Yatak Odası,2026-05-12
Novella Premium Pamuk Dokulu King Size Lastikli Çarşaf 180x200 cm Beyaz,3499.99,Yatak Odası,2026-05-12
Novella Premium Pamuk Dokulu King Size Lastikli Çarşaf 180x200 cm Denim Mavi,3499.99,Yatak Odası,2026-05-12
Novella Premium Pamuk Dokulu King Size Lastikli Çarşaf 180x200 cm Koyu Seledon,3499.99,Yatak Odası,2026-05-12
Novella Premium Pamuk Dokulu King Size Lastikli Çarşaf 180x200 cm Krem,3499.99,Yatak Odası,2026-05-12
Novella Premium Pamuk Dokulu King Size Lastikli Çarşaf 180x200 cm Lila,3499.99,Yatak Odası,2026-05-12
Novella Premium Pamuk Dokulu King Size Lastikli Çarşaf 180x200 cm Toz Pembe,3499.99,Yatak Odası,2026-05-12
Novella Premium Pamuk Dokulu Tek Kişilik Lastikli Çarşaf 100x200 cm Açık Mavi,2499.99,Yatak Odası,2026-05-12
Novella Premium Pamuk Dokulu Tek Kişilik Lastikli Çarşaf 100x200 cm Açık Sarı,2499.99,Yatak Odası,2026-05-12
Novella Premium Pamuk Dokulu Tek Kişilik Lastikli Çarşaf 100x200 cm Açık Yeşil,399.99,Yatak Odası,2026-05-12
Novella Premium Pamuk Dokulu Tek Kişilik Lastikli Çarşaf 100x200 cm Beyaz,2499.99,Yatak Odası,2026-05-12
Novella Premium Pamuk Dokulu Tek Kişilik Lastikli Çarşaf 100x200 cm Denim Mavi,2499.99,Yatak Odası,2026-05-12
Novella Premium Pamuk Dokulu Tek Kişilik Lastikli Çarşaf 100x200 cm Koyu Seledon,2499.99,Yatak Odası,2026-05-12
Novella Premium Pamuk Dokulu Tek Kişilik Lastikli Çarşaf 100x200 cm Krem,2499.99,Yatak Odası,2026-05-12
Novella Premium Pamuk Dokulu Tek Kişilik Lastikli Çarşaf 100x200 cm Lila,2499.99,Yatak Odası,2026-05-12
Novella Premium Pamuk Dokulu Tek Kişilik Lastikli Çarşaf 100x200 cm Toz Pembe,2499.99,Yatak Odası,2026-05-12
Novella Premium Pamuk Dokulu Tek Kişilik Plus Lastikli Çarşaf 120x200 cm Açık Mavi,479.99,Yatak Odası,2026-05-12
Novella Premium Pamuk Dokulu Tek Kişilik Plus Lastikli Çarşaf 120x200 cm Açık Sarı,2999.99,Yatak Odası,2026-05-12
Novella Premium Pamuk Dokulu Tek Kişilik Plus Lastikli Çarşaf 120x200 cm Açık Yeşil,2999.99,Yatak Odası,2026-05-12
Novella Premium Pamuk Dokulu Tek Kişilik Plus Lastikli Çarşaf 120x200 cm Beyaz,2999.99,Yatak Odası,2026-05-12
Novella Premium Pamuk Dokulu Tek Kişilik Plus Lastikli Çarşaf 120x200 cm Denim Mavi,2999.99,Yatak Odası,2026-05-12
Novella Premium Pamuk Dokulu Tek Kişilik Plus Lastikli Çarşaf 120x200 cm Koyu Seledon,2999.99,Yatak Odası,2026-05-12
Novella Premium Pamuk Dokulu Tek Kişilik Plus Lastikli Çarşaf 120x200 cm Krem,2999.99,Yatak Odası,2026-05-12
Novella Premium Pamuk Dokulu Tek Kişilik Plus Lastikli Çarşaf 120x200 cm Lila,2999.99,Yatak Odası,2026-05-12
Novella Premium Pamuk Dokulu Tek Kişilik Plus Lastikli Çarşaf 120x200 cm Toz Pembe,2999.99,Yatak Odası,2026-05-12
Novella Premium Pamuk Dokulu Çift Kişilik Lastikli Çarşaf 160x200 cm Açık Mavi,479.99,Yatak Odası,2026-05-12
Novella Premium Pamuk Dokulu Çift Kişilik Lastikli Çarşaf 160x200 cm Açık Sarı,2999.99,Yatak Odası,2026-05-12
Novella Premium Pamuk Dokulu Çift Kişilik Lastikli Çarşaf 160x200 cm Açık Yeşil,2999.99,Yatak Odası,2026-05-12
Novella Premium Pamuk Dokulu Çift Kişilik Lastikli Çarşaf 160x200 cm Beyaz,2999.99,Yatak Odası,2026-05-12
Novella Premium Pamuk Dokulu Çift Kişilik Lastikli Çarşaf 160x200 cm Denim Mavi,2999.99,Yatak Odası,2026-05-12
Novella Premium Pamuk Dokulu Çift Kişilik Lastikli Çarşaf 160x200 cm Koyu Seledon,2999.99,Yatak Odası,2026-05-12
Novella Premium Pamuk Dokulu Çift Kişilik Lastikli Çarşaf 160x200 cm Krem,2999.99,Yatak Odası,2026-05-12
Novella Premium Pamuk Dokulu Çift Kişilik Lastikli Çarşaf 160x200 cm Lila,2999.99,Yatak Odası,2026-05-12
Novella Premium Pamuk Dokulu Çift Kişilik Lastikli Çarşaf 160x200 cm Toz Pembe,2999.99,Yatak Odası,2026-05-12
Novella Premium Pamuk Dokulu Çift Kişilik Nevresim Beyaz,2999.99,Yatak Odası,2026-05-12
Nuit Paisley Tek Kişilik Yatak Örtüsü Takımı 160x220 cm Mavi,3999.99,Yatak Odası,2026-05-12
Nuit Paisley Çift Kişilik Yatak Örtüsü Takımı 200x220 cm Mavi,5999.99,Yatak Odası,2026-05-12
Paisley Celeste  King Size Çok Amaçlı Örtü 220x240 cm Mavi,4999.99,Yatak Odası,2026-05-12
Paisley Celeste  Tek Kişilik Çok Amaçlı Örtü 160x220 cm Mavi,3499.99,Yatak Odası,2026-05-12
Paisley Celeste  Çift Kişilik Çok Amaçlı Örtü 200x220 cm Mavi,3999.99,Yatak Odası,2026-05-12
Pamuklu Kapitoneli Alez Yastık Kılıfı 50x70 cm Beyaz,1249.99,Yatak Odası,2026-05-12
Pastel Gingham Pamuklu Çift Kişilik Nevresim Seti 200x220 cm Pembe - Turuncu,5999.99,Yatak Odası,2026-05-12
Pastoral Patch Pamuklu Çarşaflı Tek Kişilik Nevresim Takımı 160x220 cm Yeşil,1619.99,Yatak Odası,2026-05-12
Pastoral Patch Pamuklu Çarşaflı Çift Kişilik Nevresim Takımı 200x220 cm Yeşil,9999.99,Yatak Odası,2026-05-12
Patch Bouquet Çift Taraflı Pamuklu Çift Kişilik Nevresim Seti 200x220 cm Yeşil-Sarı,6499.99,Yatak Odası,2026-05-12
Patch Line King Size Çok Amaçlı Örtü 240x220 cm Lacivert,4499.99,Yatak Odası,2026-05-12
Patch Line Çift Kişilik Çok Amaçlı Örtü 200x220 cm Lacivert,3999.99,Yatak Odası,2026-05-12
Patch Line Çift Taraflı Tek Kişilik Çok Amaçlı Örtü Lacivert,3499.99,Yatak Odası,2026-05-12
Patch Mosaic Tek Kişilik Çok Amaçlı Örtü 160x220 cm Mavi,3999.99,Yatak Odası,2026-05-12
Patch Mosaic Çift Kişilik Çok Amaçlı Örtü 200x220 cm Mavi,4999.99,Yatak Odası,2026-05-12
Patch Square Tek Kişilik Çok Amaçlı Örtü 160x220 cm Yeşil,3999.99,Yatak Odası,2026-05-12
Patch Square Çift Kişilik Çok Amaçlı Örtü 200x220 cm Yeşil,4999.99,Yatak Odası,2026-05-12
Patchform Kolay Ütülenir Tek Kişilik Nevresim Seti 160x220 cm Mavi – Bordo,3499.99,Yatak Odası,2026-05-12
Patchform Kolay Ütülenir Çift Kişilik Nevresim Seti 200x220 cm Mavi – Bordo,3999.99,Yatak Odası,2026-05-12
Pear Garden Baskılı Tek Kişilik Pike Takımı 150x220 cm Yeşil,8149.95,Yatak Odası,2026-05-12
Pear Garden Baskılı Çift Kişilik Pike Takımı 200x220 cm Yeşil,8149.95,Yatak Odası,2026-05-12
Penny Bloom King Size Çok Amaçlı Örtü 220x240 cm Mor,4499.99,Yatak Odası,2026-05-12
Penny Bloom Tek Kişilik Çok Amaçlı Örtü 160x220 cm Mor,3499.99,Yatak Odası,2026-05-12
Penny Bloom Çift Kişilik Çok Amaçlı Örtü 200x220 cm Mor,559.99,Yatak Odası,2026-05-12
Pesca Wave  King Size Çok Amaçlı Örtü 220x240 cm Mavi,4999.99,Yatak Odası,2026-05-12
Pesca Wave  Tek Kişilik Çok Amaçlı Örtü 160x220 cm Mavi,3499.99,Yatak Odası,2026-05-12
Pesca Wave  Çift Kişilik Çok Amaçlı Örtü 200x220 cm Mavi,3999.99,Yatak Odası,2026-05-12
Petal Bouquet Kolay Ütülenir Çarşaflı Tek Kişilik Nevresim Takımı 160x220 cm Hardal,5999.99,Yatak Odası,2026-05-12
Petal Bouquet Kolay Ütülenir Çarşaflı Çift Kişilik Nevresim Takımı 200x220 cm Hardal,6999.99,Yatak Odası,2026-05-12
Petit Chamomile Baskılı Tek Kişilik Pike Takımı 150x220 cm Pembe,8149.95,Yatak Odası,2026-05-12
Petit Check Pamuklu 2li Yastık Kılıfı 50x70 cm Sarı-Yeşil,1749.99,Yatak Odası,2026-05-12
Petit Check Pamuklu 2li Yastık Kılıfı 50x70 cm Yeşil-Mavi,1499.99,Yatak Odası,2026-05-12
Petty Chic Kolay Ütülenir Tek Kişilik Nevresim Seti 160x220 cm Açık Sarı,559.99,Yatak Odası,2026-05-12
Petty Chic Kolay Ütülenir Çift Kişilik Nevresim Seti 200x220 cm Açık Sarı,639.99,Yatak Odası,2026-05-12
Petty Chic Tek Kişilik Pike 150x200 cm Yeşil,3499.99,Yatak Odası,2026-05-12
Petty Chic Çift Kişilik Pike 200x220 cm Yeşil,719.99,Yatak Odası,2026-05-12
Pied de poule İpliği Boyalı Tek Kişilik Çarşaflı Nevresim Takımı 160x220 cm Bej,1539.99,Yatak Odası,2026-05-12
Pincheck İpliği Boyalı Tek Kişilik Çarşaflı Nevresim Takımı 160x220 cm Mavi,8999.99,Yatak Odası,2026-05-12
Pincheck İpliği Boyalı Çift Kişilik Çarşaflı Nevresim Takımı 200x220 cm Mavi,1979.99,Yatak Odası,2026-05-12
Pine Serenity Dijital Baskılı Pamuklu Çift Kişilik Çarşaflı Nevresim Takımı 200x220 cm Yeşil,1959.99,Yatak Odası,2026-05-12
Pixel Tek Kişilik Pike 150x220 cm Mor,629.99,Yatak Odası,2026-05-12
Pixel Çift Kişilik Pike 200x220 cm Mor,719.99,Yatak Odası,2026-05-12
Plaid Harmony King Size Çok Amaçlı Örtü 240x220 cm Mavi,3999.99,Yatak Odası,2026-05-12
Plain Pamuk King Size Lastikli Çarşaf Takımı 180x200 cm Heritage Yeşili,4749.99,Yatak Odası,2026-05-12
Plain Pamuk King Size Lastikli Çarşaf Takımı 180x200 cm Lavanta,4749.99,Yatak Odası,2026-05-12
Plain Pamuk King Size Lastikli Çarşaf Takımı 180x200 cm Ortanca Mavi,4749.99,Yatak Odası,2026-05-12
Plain Pamuk Tek Kişilik Lastikli Çarşaf Takımı 100x200 cm Heritage Yeşili,2499.99,Yatak Odası,2026-05-12
Plain Pamuk Tek Kişilik Lastikli Çarşaf Takımı 100x200 cm Lavanta,2499.99,Yatak Odası,2026-05-12
Plain Pamuk Tek Kişilik Lastikli Çarşaf Takımı 100x200 cm Ortanca Mavi,2999.99,Yatak Odası,2026-05-12
Plain Pamuk Çarşaflı Tek Kişilik Nevresim Takımı 160x220 cm Mavi-Turuncu,7999.99,Yatak Odası,2026-05-12
Plain Pamuk Çarşaflı Çift Kişilik Nevresim Takımı 200x220 cm Gri-Sarı,10999.99,Yatak Odası,2026-05-12
Plain Pamuk Çarşaflı Çift Kişilik Nevresim Takımı 200x220 cm Mavi-Turuncu,10999.99,Yatak Odası,2026-05-12
Plain Pamuk Çarşaflı Çift Kişilik Nevresim Takımı 200x220 cm Yeşil-mor,10999.99,Yatak Odası,2026-05-12
Plain Pamuk Çift Kişilik Lastikli Çarşaf Takımı 160x200 cm Heritage Yeşili,3999.99,Yatak Odası,2026-05-12
Plain Pamuk Çift Kişilik Lastikli Çarşaf Takımı 160x200 cm Ortanca Mavi,3999.99,Yatak Odası,2026-05-12
Plain Pamuklu Oxford Tekli Yastık Kılıfı Gece Mavisi,849.95,Yatak Odası,2026-05-12
Plain Pamuklu Oxford Yastık Kılıfı Kahve Köpüğü,1249.99,Yatak Odası,2026-05-12
Poemy Kolay Ütülenir Tek Kişilik Nevresim Seti 160x220 cm Turuncu-Mavi,3499.99,Yatak Odası,2026-05-12
Poemy Kolay Ütülenir Çift Kişilik Nevresim Seti 200x220 cm Turuncu-Mavi,3999.99,Yatak Odası,2026-05-12
Poffy Bunny Pamuklu Bebe Battaniye 100x120 cm Mavi,2249.99,Yatak Odası,2026-05-12
Pop Grid Kolay Ütülenir Tek Kişilik Nevresim Seti 160x220 cm Lila-Yeşil,3499.99,Yatak Odası,2026-05-12
Pop Grid Kolay Ütülenir Tek Kişilik Nevresim Seti 160x220 cm Mavi - Yeşil,3499.99,Yatak Odası,2026-05-12
Pop Grid Kolay Ütülenir Çift Kişilik Nevresim Seti 200x220 cm Lila-Yeşil,4499.99,Yatak Odası,2026-05-12
Pop Grid Kolay Ütülenir Çift Kişilik Nevresim Seti 200x220 cm Mavi - Yeşil,3999.99,Yatak Odası,2026-05-12
Posy Flowers Tek Kişilik Pike Takımı 150x220 cm Sarı,6999.99,Yatak Odası,2026-05-12
Posy Flowers Çift Kişilik Pike Takımı 200x220 cm Sarı,8999.99,Yatak Odası,2026-05-12
Posy Garden Baskılı Pamuklu Tek Kişilik Pike 150x220 cm Kırmızı,2999.99,Yatak Odası,2026-05-12
Posy Garden Baskılı Pamuklu Çift Kişilik Pike 200x220 cm Kırmızı,3499.99,Yatak Odası,2026-05-12
Premium Mikrojel Tek Kişilik Yorgan 155x215 cm Beyaz,5999.99,Yatak Odası,2026-05-12
Premium Mikrojel Yastık 50x70 cm Beyaz,899.99,Yatak Odası,2026-05-12
Premium Mikrojel Çift Kişilik Yorgan 195x215 cm Beyaz,6999.99,Yatak Odası,2026-05-12
Pretty Loop Kolay Ütülenir Çarşaflı  Çift Kişilik Nevresim Takımı 200x220 cm Sarı-Yeşil,7999.99,Yatak Odası,2026-05-12
Pretty Loop Kolay Ütülenir Çarşaflı Tek Kişilik Nevresim Takımı 160x220 cm Sarı-Yeşil,6499.99,Yatak Odası,2026-05-12
Prime Klimalı Visco Yastık 40x60x15 cm Beyaz-Gold,8999.99,Yatak Odası,2026-05-12
Promise Of Spring Kolay Ütülenir Tek Kişilik Çarşaflı Nevresim Takımı 160x220 cm Turuncu,5999.99,Yatak Odası,2026-05-12
Pure Leaves Ecosoft Tek Kişilik Pike 150x220 cm Bej,2499.99,Yatak Odası,2026-05-12
Pure Leaves Ecosoft Tek Kişilik Pike 150x220 cm Mavi,2499.99,Yatak Odası,2026-05-12
Pure Leaves Ecosoft Çift Kişilik Pike 200x220 cm Bej,2999.99,Yatak Odası,2026-05-12
Pure Leaves Ecosoft Çift Kişilik Pike 200x220 cm Mavi,2999.99,Yatak Odası,2026-05-12
Pure Leaves Kolay Ütülenir 2li Yastık Kılıfı 50x70 cm Bej,1499.99,Yatak Odası,2026-05-12
Pure Leaves Kolay Ütülenir 2li Yastık Kılıfı 50x70 cm Mavi,1499.99,Yatak Odası,2026-05-12
Pure Pamuklu 2li Yastık Kılıfı 50x70 cm Beyaz,1749.99,Yatak Odası,2026-05-12
Pure Pamuklu 2li Yastık Kılıfı 50x70 cm Gece Mavisi,1749.99,Yatak Odası,2026-05-12
Pure Pamuklu 2li Yastık Kılıfı 50x70 cm Kahve Köpüğü,1749.99,Yatak Odası,2026-05-12
Pure Pamuklu 2li Yastık Kılıfı 50x70 cm Toz Pembe,1749.99,Yatak Odası,2026-05-12
Pure Pamuklu 2li Yastık Kılıfı 50x70 cm Çakıl Taşı,1749.99,Yatak Odası,2026-05-12
Pure Pamuklu 2li Yastık Kılıfı 50x70 cm Çağla Yeşili,1749.99,Yatak Odası,2026-05-12
Pure Pamuklu King Size Lastikli Çarşaf 180x200 cm Beyaz,4499.99,Yatak Odası,2026-05-12
Pure Pamuklu King Size Lastikli Çarşaf 180x200 cm Gece Mavisi,4499.99,Yatak Odası,2026-05-12
Pure Pamuklu King Size Lastikli Çarşaf 180x200 cm Çakıl Taşı,4499.99,Yatak Odası,2026-05-12
Pure Pamuklu King Size Lastikli Çarşaf 180x200 cm Çağla Yeşili,4499.99,Yatak Odası,2026-05-12
Pure Pamuklu Tek Kişilik Lastikli Çarşaf 100x200 cm Beyaz,3499.99,Yatak Odası,2026-05-12
Pure Pamuklu Tek Kişilik Lastikli Çarşaf 100x200 cm Gece Mavisi,3499.99,Yatak Odası,2026-05-12
Pure Pamuklu Tek Kişilik Lastikli Çarşaf 100x200 cm Çakıl Taşı,3499.99,Yatak Odası,2026-05-12
Pure Pamuklu Tek Kişilik Lastikli Çarşaf 100x200 cm Çağla Yeşili,3499.99,Yatak Odası,2026-05-12
Pure Pamuklu Tek Kişilik Plus Lastikli Çarşaf 120x200 cm Beyaz,3499.99,Yatak Odası,2026-05-12
Pure Pamuklu Tek Kişilik Plus Lastikli Çarşaf 120x200 cm Gece Mavisi,3499.99,Yatak Odası,2026-05-12
Pure Pamuklu Tek Kişilik Plus Lastikli Çarşaf 120x200 cm Çakıl Taşı,3499.99,Yatak Odası,2026-05-12
Pure Pamuklu Tek Kişilik Plus Lastikli Çarşaf 120x200 cm Çağla Yeşili,3499.99,Yatak Odası,2026-05-12
Pure Pamuklu Çift Kişilik Lastikli Çarşaf 160x200 cm Beyaz,3999.99,Yatak Odası,2026-05-12
Pure Pamuklu Çift Kişilik Lastikli Çarşaf 160x200 cm Gece Mavisi,3999.99,Yatak Odası,2026-05-12
Pure Pamuklu Çift Kişilik Lastikli Çarşaf 160x200 cm Çakıl Taşı,3999.99,Yatak Odası,2026-05-12
Pure Pamuklu Çift Kişilik Lastikli Çarşaf 160x200 cm Çağla Yeşili,3999.99,Yatak Odası,2026-05-12
Pure Summer Baskılı Pamuklu Tek Kişilik Pike Takımı 150x220 cm Mavi,6499.99,Yatak Odası,2026-05-12
Pure Summer Baskılı Pamuklu Çift Kişilik Pike Takımı 200x220 cm Mavi,8999.99,Yatak Odası,2026-05-12
Pure Wings  Kolay Ütülenir Çift Kişilik Nevresim Seti 200x220 cm Hardal-Yeşil,3999.99,Yatak Odası,2026-05-12
Relax Visco Yastık 55x35x12 cm Ekru,7499.99,Yatak Odası,2026-05-12
Resty Visco Yastık 37x54 cm Beyaz,639.99,Yatak Odası,2026-05-12
Ripple Bloom  Tek Kişilik Çok Amaçlı Örtü 160x220 cm Turuncu,629.99,Yatak Odası,2026-05-12
Ripple Bloom King Size Çok Amaçlı Örtü 220x240 cm Turuncu,809.99,Yatak Odası,2026-05-12
Ripple Bloom Çift Kişilik Çok Amaçlı Örtü 200x220 cm Turuncu,719.99,Yatak Odası,2026-05-12
Romance Ribbon Çift Kişilik Pike 200x220 cm Mavi,2999.99,Yatak Odası,2026-05-12
Rose Bright Dijital Baskılı Kolay Ütülenir  Tek Kişilik Çarşaflı Nevresim Takımı 160x220 cm Kahverengi,1079.99,Yatak Odası,2026-05-12
Rose Bright Dijital Baskılı Kolay Ütülenir  Çift Kişilik Çarşaflı Nevresim Takımı 200x220 cm Kahverengi,1439.99,Yatak Odası,2026-05-12
Rosy Glow Pamuk Tek Kişilik Çarşaflı Nevresim Takımı 160x220 cm Yeşil,7499.99,Yatak Odası,2026-05-12
Royal Elegance Jakarlı Çift Kişilik Yatak Örtüsü Takımı 240x260 cm Antrasit,14999.99,Yatak Odası,2026-05-12
Royal Leafage Nakışlı Pamuk King Size Çarşaflı Nevresim Takımı 240x220 cm Beyaz,20999.99,Yatak Odası,2026-05-12
Ruby Garden Flanel Tek Kişilik Çarşaflı Nevresim Takımı 160x220 cm Koyu Yeşil,1299.99,Yatak Odası,2026-05-12
Rustic Blossom Çift Taraflı Çarşaflı Tek Kişilik Nevresim Takımı 160x220 Lila-Bej,4999.99,Yatak Odası,2026-05-12
Scarlet Bloom Çift Kişilik Yatak Örtüsü Takımı 200x220 cm Kırmızı,959.99,Yatak Odası,2026-05-12
Scarlet Bloom  Tek Kişilik Yatak Örtüsü Takımı 160x220 cm Kırmızı,639.99,Yatak Odası,2026-05-12
Sea Marine Kolay Ütülenir Tek Kişilik Çarşaflı Nevresim Takımı 160x220 cm Mavi - Bej,5999.99,Yatak Odası,2026-05-12
Sea Marine Kolay Ütülenir Çift Kişilik Çarşaflı Nevresim Takımı 200x220 cm Mavi - Bej,6999.99,Yatak Odası,2026-05-12
Seaside Serenity King Size Çok Amaçlı Örtü 220x240 cm Mavi,4999.99,Yatak Odası,2026-05-12
Seaside Serenity Tek Kişilik Çok Amaçlı Örtü 160x220 cm Mavi,3499.99,Yatak Odası,2026-05-12
Seaside Serenity Çift Kişilik Çok Amaçlı Örtü 200x220 cm Mavi,3999.99,Yatak Odası,2026-05-12
Serena Baskılı Pamuklu Tek Kişilik Pike Takımı 150x220 cm Pembe,7999.99,Yatak Odası,2026-05-12
Serena Baskılı Pamuklu Çift Kişilik Pike Takımı 200x220 cm Pembe,8999.99,Yatak Odası,2026-05-12
Serenade Kolay Ütülenir Tek Kişilik Nevresim Seti 160x220 cm Yeşil,639.99,Yatak Odası,2026-05-12
Serenade Kolay Ütülenir Çift Kişilik Nevresim Seti 200x220 cm Yeşil,4499.99,Yatak Odası,2026-05-12
Serene Bliss Perkal King Size Çarşaflı Nevresim Takımı 240x220 cm Beyaz,16999.99,Yatak Odası,2026-05-12
Serene Bliss Perkal Çift Kişilik Çarşaflı Nevresim Takımı 200x220 cm Beyaz,14999.99,Yatak Odası,2026-05-12
Serene Stripes Pamuklu 2li Yastık Kılıfı 50x70 cm Lacivert,1249.99,Yatak Odası,2026-05-12
Serene Stripes Pamuklu 2li Yastık Kılıfı 50x70 cm Pembe,1249.99,Yatak Odası,2026-05-12
Serene Stripes Pamuklu Tek Kişilik Lastikli Çarşaf 100x200 cm Pembe,2749.99,Yatak Odası,2026-05-12
Sevilla Baskılı Pamuklu Çift Kişilik Pike 200x220 cm Sarı,4999.99,Yatak Odası,2026-05-12
Siesta Mikrofiber Tek Kişilik Yorgan 155x215 cm Beyaz,2749.99,Yatak Odası,2026-05-12
Siesta Mikrofiber Yastık 80x80 cm Beyaz,849.95,Yatak Odası,2026-05-12
Siesta Mikrofiber Çift Kişilik Yorgan 195x215 cm Beyaz,2999.99,Yatak Odası,2026-05-12
Silva Baskılı Pamuklu Tek Kişilik Pike 150x220 cm Pembe,719.99,Yatak Odası,2026-05-12
Silva Baskılı Pamuklu Çift Kişilik Pike 200x220 cm Pembe,809.99,Yatak Odası,2026-05-12
Silva Kolay Ütülenir 2li Yastık Kılıfı 50x70 cm Pembe,1499.99,Yatak Odası,2026-05-12
Simple Checks Kolay Ütülenir Tek Kişilik Çarşaflı Nevresim Takımı 160x220 cm Gri,5999.99,Yatak Odası,2026-05-12
Simple Checks Kolay Ütülenir Tek Kişilik Çarşaflı Nevresim Takımı 160x220 cm Seledon,1079.99,Yatak Odası,2026-05-12
Simple Checks Kolay Ütülenir Çarşaflı Tek Kişilik Nevresim Takımı 160x220 cm Kahverengi,5999.99,Yatak Odası,2026-05-12
Simple Checks Kolay Ütülenir Çarşaflı Çift Kişilik Nevresim Takımı 200x220 cm Kahverengi,6999.99,Yatak Odası,2026-05-12
Simple Checks Kolay Ütülenir Çift Kişilik Çarşaflı Nevresim Takımı 200x220 cm Gri,1259.99,Yatak Odası,2026-05-12
Simple Checks Kolay Ütülenir Çift Kişilik Çarşaflı Nevresim Takımı 200x220 cm Seledon,1259.99,Yatak Odası,2026-05-12
Sleek Lines Kolay Ütülenir Çift Kişilik Çarşaflı Nevresim Takımı 200x220 cm Gri,5999.99,Yatak Odası,2026-05-12
Sleek Stripes Çift Kişilik Yatak Örtüsü Takımı 200x220 cm Mavi,839.99,Yatak Odası,2026-05-12
Sleek Stripes Çift Taraflı Tek Kişilik Yatak Örtüsü Takımı Mavi,4499.99,Yatak Odası,2026-05-12
Soft Breeze Tek Kişilik Pike Takımı 150x220 cm Yeşil,4999.99,Yatak Odası,2026-05-12
Soft Breeze Çift Kişilik Pike Takımı 200x220 cm Yeşil,5999.99,Yatak Odası,2026-05-12
Soft Care Örme Sıvı Geçirmez King Size Alez 180x200 cm Beyaz,3999.99,Yatak Odası,2026-05-12
Soft Care Örme Sıvı Geçirmez Tek Kişilik Alez 100x200 cm Beyaz,2999.99,Yatak Odası,2026-05-12
Soft Care Örme Sıvı Geçirmez Çift Kişilik Alez 160x200 cm Beyaz,3499.99,Yatak Odası,2026-05-12
Soft Daisy Kolay Ütülenir 2li Yastık Kılıfı 50x70 cm Mavi,1999.99,Yatak Odası,2026-05-12
Soft Daisy Tek Kişilik Pike 150x220 cm Mavi,2999.99,Yatak Odası,2026-05-12
Soft Daisy Çift Kişilik Pike 200x220 cm Mavi,3499.99,Yatak Odası,2026-05-12
Soft Streaks İpliği Boyalı Tek Kişilik Çarşaflı Nevresim Takımı 160x220 cm Yeşil,5499.99,Yatak Odası,2026-05-12
Soft Streaks İpliği Boyalı Çift Kişilik Çarşaflı Nevresim Takımı 200x220 cm Mavi,6999.99,Yatak Odası,2026-05-12
Soft Streaks İpliği Boyalı Çift Kişilik Çarşaflı Nevresim Takımı 200x220 cm Yeşil,6999.99,Yatak Odası,2026-05-12
Softy Ultrasonic 2li Yastık 50x70 cm Beyaz,1999.99,Yatak Odası,2026-05-12
Somni Mikrofiber Tek Kişilik Yorgan 155x215 cm Ekru,3499.99,Yatak Odası,2026-05-12
Somni Mikrofiber Çift Kişilik Yorgan 195x215 cm Ekru,3499.99,Yatak Odası,2026-05-12
Spektrum Line Pamuklu Çift Kişilik Nevresim Seti 200x220 cm Yeşil-Mavi,6499.99,Yatak Odası,2026-05-12
Splendor Saten Çift Kişilik Yatak Örtüsü Takımı 200x220 cm Beyaz,5249.99,Yatak Odası,2026-05-12
Spring Garden Kolay Ütülenir 2li Yastık Kılıfı 50x70 cm Yeşil,1499.99,Yatak Odası,2026-05-12
Spring Garden Tek Kişilik Pike 150x220 cm Yeşil,3499.99,Yatak Odası,2026-05-12
Spring Garden Çift Kişilik Pike 200x220 cm Yeşil,3999.99,Yatak Odası,2026-05-12
Spring Mosaic Pamuklu Tek Kişilik Nevresim Seti 160x220 cm Mavi - Yeşil,4999.99,Yatak Odası,2026-05-12
Spring Mosaic Pamuklu Çift Kişilik Nevresim Seti 200x220 cm Mavi - Yeşil,5999.99,Yatak Odası,2026-05-12
Spring Petal Baskılı Tek Kişilik Pike Takımı 150x220 cm Sarı,8149.95,Yatak Odası,2026-05-12
Star Kapitoneli Yastık Koruyucu 50x70 cm Beyaz,199.99,Yatak Odası,2026-05-12
Star Mikrofiber Kapitoneli King Size Alez 180x200 cm Beyaz,4999.99,Yatak Odası,2026-05-12
Star Mikrofiber Kapitoneli Tek Kişilik Alez 100x200 cm Beyaz,3999.99,Yatak Odası,2026-05-12
Star Mikrofiber Kapitoneli Çift Kişilik Alez 160x200 cm Beyaz,4999.99,Yatak Odası,2026-05-12
Static Check Çok Amaçlı Tek Kişilik Yatak Örtüsü Takımı 160x220 cm Gri,4499.99,Yatak Odası,2026-05-12
Static Check Çok Amaçlı Çift Kişilik Yatak Örtüsü Takımı 200x220 cm Gri,5999.99,Yatak Odası,2026-05-12
Stitch Line İpliği Boyalı Tek Kişilik Çarşaflı Nevresim Takımı 160x220 cm Bej,5499.99,Yatak Odası,2026-05-12
Stitch Line İpliği Boyalı Çift Kişilik Çarşaflı Nevresim Takımı 200x220 cm Bej,2559.99,Yatak Odası,2026-05-12
Strada Grid Tek Kişilik Çok Amaçlı Örtü 160x220 cm Yeşil,2999.99,Yatak Odası,2026-05-12
Strada Grid Çift Kişilik Çok Amaçlı Örtü 200x220 cm Yeşil,4499.99,Yatak Odası,2026-05-12
Striped Jouy Pamuklu Çarşaflı Tek Kişilik Nevresim Takımı 160x220 cm Mavi,8999.99,Yatak Odası,2026-05-12
Striped Jouy Pamuklu Çarşaflı Çift Kişilik Nevresim Takımı 200x220 cm Mavi,9999.99,Yatak Odası,2026-05-12
Subtle Waves İpliği Boyalı Tek Kişilik Çarşaflı Nevresim Takımı 160x220 cm Mavi,5499.99,Yatak Odası,2026-05-12
Subtle Waves İpliği Boyalı Çift Kişilik Çarşaflı Nevresim Takımı 200x220 cm Mavi,1599.99,Yatak Odası,2026-05-12
Summer Grid Baskılı Pamuklu Tek Kişilik Pike 150x220 cm Turuncu,3499.99,Yatak Odası,2026-05-12
Summer Grid Baskılı Pamuklu Çift Kişilik Pike 200x220 cm Turuncu,3999.99,Yatak Odası,2026-05-12
Summer Grid Kolay Ütülenir 2li Yastık Kılıfı 50x70 cm Turuncu,1499.99,Yatak Odası,2026-05-12
Summer Stripe Tek Kişilik Pike Takımı 150x220 cm Yeşil-Turuncu,6499.99,Yatak Odası,2026-05-12
Summer Stripe Çift Kişilik Pike Takımı 200x220 cm Yeşil-Turuncu,7499.99,Yatak Odası,2026-05-12
Sunleaf Kolay Ütülenir 2li Yastık Kılıfı 50x70 cm Sarı-Yeşil,1499.99,Yatak Odası,2026-05-12
Sunleaf Tek Kişilik Pike 150x220 cm Sarı,419.99,Yatak Odası,2026-05-12
Sunleaf Çift Kişilik Pike 200x220 cm Sarı,629.99,Yatak Odası,2026-05-12
Super Soft Kaz Tüyü Tek Kişilik Yorgan 155x215 cm Beyaz,3599.99,Yatak Odası,2026-05-12
Sweet Blossoms Tek Kişilik Pike Takımı 150x220 cm Pembe,6499.99,Yatak Odası,2026-05-12
Sweet Blossoms Çift Kişilik Pike Takımı 200x220 cm Pembe,7999.99,Yatak Odası,2026-05-12
Sweet Stripes Baskılı Pamuklu Tek Kişilik Pike 150x220 cm Pembe,3999.99,Yatak Odası,2026-05-12
Sweet Stripes Baskılı Pamuklu Çift Kişilik Pike 200x220 cm Pembe,809.99,Yatak Odası,2026-05-12
Sweet Stripes Kolay Ütülenir 2li Yastık Kılıfı 50x70 cm Pembe,1499.99,Yatak Odası,2026-05-12
Sweety Meadow Kolay Ütülenir Tek Kişilik Nevresim Seti 160x220 cm Lila,3999.99,Yatak Odası,2026-05-12
Sweety Meadow Kolay Ütülenir Çift Kişilik Nevresim Seti 200x220 cm Lila,4499.99,Yatak Odası,2026-05-12
Swirl Check İpliği Boyalı Tek Kişilik Çarşaflı Nevresim Takımı 160x220 cm Siyah,1619.99,Yatak Odası,2026-05-12
Swirl Check İpliği Boyalı Çift Kişilik Çarşaflı Nevresim Takımı 200x220 cm Siyah,1979.99,Yatak Odası,2026-05-12
Sydney Mikrojel Kanguru Yastık 50x70 cm Beyaz,6999.99,Yatak Odası,2026-05-12
Symetra Kolay Ütülenir Çarşaflı Tek Kişilik Nevresim Takımı 160x220 cm Mavi,5999.99,Yatak Odası,2026-05-12
Symetra Kolay Ütülenir Çarşaflı Çift Kişilik Nevresim Takımı 200x220 cm Mavi,6999.99,Yatak Odası,2026-05-12
Tattersall İpliği Boyalı Tek Kişilik Çarşaflı Nevresim Takımı 160x220 cm Kahverengi,1439.99,Yatak Odası,2026-05-12
Tattersall İpliği Boyalı Çift Kişilik Çarşaflı Nevresim Takımı 200x220 cm Kahverengi,1759.99,Yatak Odası,2026-05-12
Tendril Bloom Tek Kişilik Çok Amaçlı Örtü 160x220 cm Yeşil,2499.99,Yatak Odası,2026-05-12
Tendril Bloom Çift Kişilik Çok Amaçlı Örtü 200x220 cm Yeşil,4499.99,Yatak Odası,2026-05-12
Textured Grid Kolay Ütülenir Tek Kişilik Çarşaflı Nevresim Takımı 160x220 cm Lacivert,5999.99,Yatak Odası,2026-05-12
Tile Check İpliği Boyalı Tek Kişilik Çarşaflı Nevresim Takımı 160x220 cm Lacivert-Kırmızı,1619.99,Yatak Odası,2026-05-12
Tile Check İpliği Boyalı Çift Kişilik Çarşaflı Nevresim Takımı 200x220 cm Lacivert-Kırmızı,1979.99,Yatak Odası,2026-05-12
Timeless Line Kolay Ütülenir Çarşaflı Tek Kişilik Nevresim Takımı 160x220 cm Bej,5999.99,Yatak Odası,2026-05-12
Timeless Line Kolay Ütülenir Çarşaflı Çift Kişilik Nevresim Takımı 200x220 cm Bej,6999.99,Yatak Odası,2026-05-12
Triangle Flow Kolay Ütülenir Çarşaflı Tek Kişilik Nevresim Takımı 160x220 cm Lacivert,6499.99,Yatak Odası,2026-05-12
Triangle Flow Kolay Ütülenir Çift Kişilik Çarşaflı Nevresim Takımı 200x220 cm Lacivert,1259.99,Yatak Odası,2026-05-12
Trio Patch Kolay Ütülenir Tek Kişilik Çarşaflı Nevresim Takımı 160x220 cm Bej,959.99,Yatak Odası,2026-05-12
Trio Patch Kolay Ütülenir Çift Kişilik Çarşaflı Nevresim Takımı 200x220 cm Bej,1119.99,Yatak Odası,2026-05-12
Trio Shape Kolay Ütülenir Tek Kişilik Çarşaflı Nevresim Takımı 160x220 cm Turuncu,4999.99,Yatak Odası,2026-05-12
Trio Shape Kolay Ütülenir Çift Kişilik Çarşaflı Nevresim Takımı 200x220 cm Gri,6999.99,Yatak Odası,2026-05-12
Trio Shape Kolay Ütülenir Çift Kişilik Çarşaflı Nevresim Takımı 200x220 cm Turuncu,5999.99,Yatak Odası,2026-05-12
Tropica Kolay Ütülenir Tek Kişilik Nevresim Seti 160x220 cm Yeşil,639.99,Yatak Odası,2026-05-12
Tropica Kolay Ütülenir Çift Kişilik Nevresim Seti 200x220 cm Yeşil,4499.99,Yatak Odası,2026-05-12
Tropical Breeze Tek Kişilik Pike 150x220 cm Takımı Yeşil,8149.95,Yatak Odası,2026-05-12
Twiluxe  İpliği Boyalı Tek Kişilik Çarşaflı Nevresim Takımı 160x220 cm Lacivert,1439.99,Yatak Odası,2026-05-12
Twiluxe  İpliği Boyalı Çift Kişilik Çarşaflı Nevresim Takımı 200x220 cm Lacivert,1759.99,Yatak Odası,2026-05-12
Twist Cool & Warm Yastık 50x70 cm Mavi-Beyaz,10999.99,Yatak Odası,2026-05-12
Unique Trine Kabartma Jakar Tekli Kırlent Kılıfı 70x70 cm Lacivert,849.95,Yatak Odası,2026-05-12
Urban Patchwork King Size Çok Amaçlı Örtü 240x220 cm Lacivert,4499.99,Yatak Odası,2026-05-12
Urban Patchwork Tek Kişilik Çok Amaçlı Örtü 160x220 cm Lacivert,3499.99,Yatak Odası,2026-05-12
Urban Patchwork Çift Kişilik Çok Amaçlı Örtü 200x220 cm Lacivert,3999.99,Yatak Odası,2026-05-12
Viola Bloom King Size Çok Amaçlı Örtü 220x240 cm Mor,4999.99,Yatak Odası,2026-05-12
Viola Bloom Tek Kişilik Çok Amaçlı Örtü 160x220 cm Mor,3499.99,Yatak Odası,2026-05-12
Viola Bloom Çift Kişilik Çok Amaçlı Örtü 200x220 cm Mor,3999.99,Yatak Odası,2026-05-12
Vionne Kolay Ütülenir Çarşaflı Tek Kişilik Nevresim Takımı 160x220 cm Açık Sarı,5999.99,Yatak Odası,2026-05-12
Vionne Kolay Ütülenir Çarşaflı Tek Kişilik Nevresim Takımı 160x220 cm Lila,1079.99,Yatak Odası,2026-05-12
Vionne Kolay Ütülenir Çarşaflı Çift Kişilik Nevresim Takımı 200x220 cm Açık Sarı,6999.99,Yatak Odası,2026-05-12
Vionne Kolay Ütülenir Çarşaflı Çift Kişilik Nevresim Takımı 200x220 cm Lila,6999.99,Yatak Odası,2026-05-12
Wave Check Kolay Ütülenir Tek Kişilik Çarşaflı Nevresim Takımı 160x220 cm Açık Yeşil-Bej,959.99,Yatak Odası,2026-05-12
Wave Check Kolay Ütülenir Çift Kişilik Çarşaflı Nevresim Takımı 200x220 cm Açık Yeşil-Bej,1119.99,Yatak Odası,2026-05-12
Whispers Dijital Baskılı Kolay Ütülenir  Tek Kişilik Çarşaflı Nevresim Takımı 160x220 cm Seledon,959.99,Yatak Odası,2026-05-12
Wild Forest King Size Çift Taraflı Yatak Örtüsü Pembe,4499.99,Yatak Odası,2026-05-12
Wild Forest Çift Taraflı Tek Kişilik Çok Amaçlı Örtü 160x220 cm Pembe,3499.99,Yatak Odası,2026-05-12
Wild Forest Çift Taraflı Çift Kişilik Çok Amaçlı Örtü 200x220 cm Pembe,3999.99,Yatak Odası,2026-05-12
Wildflower Dream Pamuklu Tek Kişilik Nevresim Seti 160x220 cm Pembe,1079.99,Yatak Odası,2026-05-12
Wildflower Dream Pamuklu Çift Kişilik Nevresim Seti 200x220 cm Pembe,1079.99,Yatak Odası,2026-05-12
Wildflower Dream Çift Taraflı Pamuklu Tek Kişilik Nevresim Seti 160x220 cm Yeşil,1049.99,Yatak Odası,2026-05-12
Wildflower Dream Çift Taraflı Pamuklu Çift Kişilik Nevresim Seti 200x220 cm Yeşil,1119.99,Yatak Odası,2026-05-12
William Pamuklu Çift Kişilik Battaniye 200x220 cm Bej,3999.99,Yatak Odası,2026-05-12
Windsor Kolay Ütülenir Tek Kişilik Çarşaflı Nevresim Takımı 160x220 cm Yeşil,1039.99,Yatak Odası,2026-05-12
Windsor Kolay Ütülenir Çift Kişilik Çarşaflı Nevresim Takımı 200x220 cm Mavi,6999.99,Yatak Odası,2026-05-12
Winter Check Flanel Tek Kişilik Çarşaflı Nevresim Takımı 160x220 cm Yeşil – Kırmızı,2079.99,Yatak Odası,2026-05-12
Winter Patch Flanel Tek Kişilik Çarşaflı Nevresim Takımı 160x220 cm Açık Yeşil,1559.99,Yatak Odası,2026-05-12
Wintera Sherpa Tek Kişilik Yorgan 155x215 cm Krem,6499.99,Yatak Odası,2026-05-12
Wintera Sherpa Yastık 50x70 cm Krem,2999.99,Yatak Odası,2026-05-12
Wintera Sherpa Çift Kişilik Yorgan 195x215 cm Krem,7999.99,Yatak Odası,2026-05-12
Wisteria Kolay Ütülenir Tek Kişilik Nevresim Seti 160x220 cm Lila-Turuncu,3999.99,Yatak Odası,2026-05-12
Wisteria Kolay Ütülenir Çift Kişilik Nevresim Seti 200x220 cm Lila-Turuncu,4499.99,Yatak Odası,2026-05-12
Woody Kolay Ütülenir Tek Kişilik Nevresim Seti 160x220 cm Bej-Kahverengi,3499.99,Yatak Odası,2026-05-12
Woody Kolay Ütülenir Çift Kişilik Nevresim Seti 200x220 cm Bej-Kahverengi,639.99,Yatak Odası,2026-05-12
Wooly Yün Tek Kişilik Yorgan 155x215 cm Beyaz,1599.99,Yatak Odası,2026-05-12
Wooly Yün Çift Kişilik Yorgan 195x215 cm Beyaz,10999.99,Yatak Odası,2026-05-12
Funny Çocuk Terliği,1399.99,Çeyiz Ürünleri,2026-05-12
Romance Ribbon Pamuk Jakarlı El Havlusu 30x40 cm Pudra,1049.99,Çeyiz Ürünleri,2026-05-12
Trigon Cam 4lü Cup 160 ml Şeffaf,1999.99,Çeyiz Ürünleri,2026-05-12
