item_name,price,category,date
Albie Banyo Seti Şeffaf,2999.99,Banyo,2026-05-02
Aluna Suni Deri Çamaşır Sepeti Siyah,719.99,Banyo,2026-05-02
"Anna Banyo Sıvı Sabunluk 14,5 cm Pembe",251.99,Banyo,2026-05-02
"Anna Banyo Sıvı Sabunluk 14,5 cm Şeffaf",1499.99,Banyo,2026-05-02
Aqua Pamuk Banyo Havlusu 90x150 cm Fildişi,719.99,Banyo,2026-05-02
Aqua Pamuk Banyo Havlusu 90x150 cm Gri,899.99,Banyo,2026-05-02
Aqua Pamuk Banyo Havlusu 90x150 cm Lacivert,899.99,Banyo,2026-05-02
Aqua Pamuk Banyo Havlusu 90x150 cm Yeşil,899.99,Banyo,2026-05-02
Aqua Pamuk Yüz Havlusu 50x80 cm Fildişi,1999.99,Banyo,2026-05-02
Aqua Pamuk Yüz Havlusu 50x80 cm Gri,1999.99,Banyo,2026-05-02
Aqua Pamuk Yüz Havlusu 50x80 cm Lacivert,1999.99,Banyo,2026-05-02
Aqua Pamuk Yüz Havlusu 50x80 cm Yeşil,1999.99,Banyo,2026-05-02
Areka 3’lü Set Banyo Seti Şeffaf,629.99,Banyo,2026-05-02
Artistic Leafy Pamuklu Brodeli Yüz Havlusu 50x80 cm Ekru - Yeşil,2199.99,Banyo,2026-05-02
Artistic Leafy Pamuklu Brodeli Yüz Havlusu 50x80 cm Ekru-Sarı,1999.99,Banyo,2026-05-02
"Ashle Banyo Sıvı Sabunluk 14,5 cm Beyaz",300.99,Banyo,2026-05-02
"Ashle Banyo Sıvı Sabunluk 14,5 cm Pembe",1999.99,Banyo,2026-05-02
Ava Pamuklu Banyo Paspası Açık Gri,3999.99,Banyo,2026-05-02
Avin Temizlik Fırçası Pudra,999.99,Banyo,2026-05-02
Bamboo Bambu Duş Kaydırmazı Bej,4999.99,Banyo,2026-05-02
Bamboo Bambu Duş Kaydırmazı Kahve,5999.99,Banyo,2026-05-02
Barbara Müslin %100 Pamuklu Bornoz Antrasit,6999.99,Banyo,2026-05-02
"Barton 3lü Banyo Seti 14,5 cm Şeffaf",3499.99,Banyo,2026-05-02
Becca Duş Kaydırmazı 50x70 cm Kahve,489.99,Banyo,2026-05-02
Becca Duş Kaydırmazı 50x70 cm Kahverengi,3499.99,Banyo,2026-05-02
Becky Duş Kaydırmazı 40x60 cm Açık Kahverengi,575.99,Banyo,2026-05-02
Betty Duş Kaydırmazı 40x60 cm Açık Kahverengi,419.99,Banyo,2026-05-02
Big and Tiny Kaydırmaz Taban Banyo Paspası Seti 60x90 + 40x60 cm Bej,6499.99,Banyo,2026-05-02
Big and Tiny Kaydırmaz Taban Banyo Paspası Seti 60x90 + 40x60 cm Beyaz,4999.99,Banyo,2026-05-02
Big and Tiny Kaydırmaz Taban Banyo Paspası Seti 60x90 + 40x60 cm Mavi,5999.99,Banyo,2026-05-02
Bohem Line Pamuklu Peştemal 90x150 cm Açık Bej-Koyu Lacivert,2499.99,Banyo,2026-05-02
Bohem Line Pamuklu Saçaklı Banyo Paspası 50x80 cm Siyah - Beyaz,2249.99,Banyo,2026-05-02
Bona Pamuklu Banyo Paspası Seti 60x90 + 40x60 cm Ekru,6499.99,Banyo,2026-05-02
Bony Rejenere Peştemal Bornoz Standart Lacivert-Turuncu,584.99,Banyo,2026-05-02
Bony Rejenere Çizgili Peştamal 90x150 cm Mavi-Turuncu,1399.99,Banyo,2026-05-02
Bony Çizgili Çizgili Peştamal 90x150 cm Lacivert-Turuncu,1399.99,Banyo,2026-05-02
Border Check Pamuk Banyo Havlusu 70x140 cm Fildişi,2399.99,Banyo,2026-05-02
Border Check Pamuk Banyo Havlusu 70x140 cm Petrol,2249.99,Banyo,2026-05-02
Border Check Pamuk Banyo Havlusu 70x140 cm Sarı,1749.99,Banyo,2026-05-02
Border Check Pamuk Banyo Havlusu 70x140 cm Somon,2499.99,Banyo,2026-05-02
Border Check Pamuk El Havlusu 30x40 cm Fildişi,999.99,Banyo,2026-05-02
Border Check Pamuk El Havlusu 30x40 cm Petrol,999.99,Banyo,2026-05-02
Border Check Pamuk El Havlusu 30x40 cm Sarı,999.99,Banyo,2026-05-02
Border Check Pamuk El Havlusu 30x40 cm Somon,999.99,Banyo,2026-05-02
Border Check Pamuk Yüz Havlusu 50x80 cm Fildişi,1049.95,Banyo,2026-05-02
Border Check Pamuk Yüz Havlusu 50x80 cm Petrol,1299.99,Banyo,2026-05-02
Border Check Pamuk Yüz Havlusu 50x80 cm Sarı,1049.95,Banyo,2026-05-02
Border Check Pamuk Yüz Havlusu 50x80 cm Somon,1399.99,Banyo,2026-05-02
Braid 3lü Set Banyo Seti Şeffaf,2249.99,Banyo,2026-05-02
Branches Pamuklu Püsküllü Peştemal 90x150 cm Mavi - Yeşil,1999.99,Banyo,2026-05-02
Bubble %100 Pamuk Banyo Havlusu 70x140 cm Ekru,1499.99,Banyo,2026-05-02
Bubble %100 Pamuk Banyo Havlusu 70x140 cm Lila,1749.99,Banyo,2026-05-02
Bubble %100 Pamuk Yüz Havlusu 50x80 cm Ekru,1049.99,Banyo,2026-05-02
Bubble %100 Pamuk Yüz Havlusu 50x80 cm Lila,1299.99,Banyo,2026-05-02
Bubble Pamuk Banyo Havlusu 70x140 cm Açık Yeşil,1599.99,Banyo,2026-05-02
Bubble Pamuk Banyo Havlusu 70x140 cm Mint,1749.99,Banyo,2026-05-02
Bubble Pamuk Bornoz Açık Yeşil,4499.99,Banyo,2026-05-02
Bubble Pamuk Bornoz Ekru,4999.99,Banyo,2026-05-02
Bubble Pamuk Bornoz Mint,4499.99,Banyo,2026-05-02
Bubble Pamuk El Havlusu 30x40 cm Açık Yeşil,999.99,Banyo,2026-05-02
Bubble Pamuk El Havlusu 30x40 cm Ekru,139.99,Banyo,2026-05-02
Bubble Pamuk El Havlusu 30x40 cm Lila,999.99,Banyo,2026-05-02
Bubble Pamuk El Havlusu 30x40 cm Mint,999.99,Banyo,2026-05-02
Bubble Pamuk Yüz Havlusu 50x80 cm Açık Yeşil,1049.99,Banyo,2026-05-02
Bubble Pamuk Yüz Havlusu 50x80 cm Mint,1299.99,Banyo,2026-05-02
Calm Daisy Pamuk Yüz Havlusu 50x80 cm Beyaz,1999.99,Banyo,2026-05-02
Calm Daisy Pamuk Yüz Havlusu 50x80 cm Sarı,1999.99,Banyo,2026-05-02
Candy Cane Pamuk Nakışlı Yüz Havlusu 50x80 cm Beyaz,1399.95,Banyo,2026-05-02
Candy Rejenere Çizgili Peştamal 90x150 cm Turuncu-Açık Mavi,1499.99,Banyo,2026-05-02
Candy Rejenere Çizgili Peştemal 90x150 cm Lacivert-Turuncu,1399.99,Banyo,2026-05-02
Chequer %100 Pamuk Ayak Havlusu 50x70 cm Bej,1249.99,Banyo,2026-05-02
Chequer %100 Pamuk Ayak Havlusu 50x70 cm Beyaz,1199.99,Banyo,2026-05-02
Chequer %100 Pamuk Ayak Havlusu 50x70 cm Gri,1249.99,Banyo,2026-05-02
Chequer %100 Pamuk Banyo Havlusu 80x150 cm Gri,3499.99,Banyo,2026-05-02
Chequer %100 Pamuk Yüz Havlusu 50x80 cm Bej,1749.99,Banyo,2026-05-02
Chequer %100 Pamuk Yüz Havlusu 50x80 cm Gri,239.99,Banyo,2026-05-02
Chequer Pamuk Ayak Havlusu 50x70 cm Mavi,1199.99,Banyo,2026-05-02
Chequer Pamuk Banyo Havlusu 80x150 cm Bej,2999.99,Banyo,2026-05-02
Chequer Pamuk Banyo Havlusu 80x150 cm Beyaz,2499.99,Banyo,2026-05-02
Chequer Pamuk Banyo Havlusu 80x150 cm Mavi,2999.99,Banyo,2026-05-02
Chequer Pamuk Bornoz Bej,5999.99,Banyo,2026-05-02
Chequer Pamuk Bornoz Beyaz,5999.99,Banyo,2026-05-02
Chequer Pamuk Bornoz Gri,5999.99,Banyo,2026-05-02
Chequer Pamuk Bornoz Mavi,1119.99,Banyo,2026-05-02
Chequer Pamuk El Havlusu 30x45 cm Bej,1249.99,Banyo,2026-05-02
Chequer Pamuk El Havlusu 30x45 cm Beyaz,1149.99,Banyo,2026-05-02
Chequer Pamuk El Havlusu 30x45 cm Gri,1149.99,Banyo,2026-05-02
Chequer Pamuk El Havlusu 30x45 cm Mavi,1149.99,Banyo,2026-05-02
Chequer Pamuk Yüz Havlusu 50x80 cm Beyaz,1399.99,Banyo,2026-05-02
Chequer Pamuk Yüz Havlusu 50x80 cm Mavi,223.99,Banyo,2026-05-02
Chic Diamond Pamuk Ayak Havlusu 50x70 cm Açık Yeşil,1499.99,Banyo,2026-05-02
Chic Diamond Pamuk Ayak Havlusu 50x70 cm Fildişi,1499.99,Banyo,2026-05-02
Chic Diamond Pamuk Banyo Havlusu 80x150 cm Açık Yeşil,4249.99,Banyo,2026-05-02
Chic Diamond Pamuk Banyo Havlusu 80x150 cm Fildişi,2999.99,Banyo,2026-05-02
Chic Diamond Pamuk Bornoz Açık Yeşil,6999.99,Banyo,2026-05-02
Chic Diamond Pamuk Bornoz Fildişi,1259.99,Banyo,2026-05-02
Chic Diamond Pamuk El Havlusu 30x45 cm Açık Yeşil,1049.99,Banyo,2026-05-02
Chic Diamond Pamuk El Havlusu 30x45 cm Fildişi,1049.99,Banyo,2026-05-02
Chic Diamond Pamuk Yüz Havlusu 50x80 cm Açık Yeşil,287.99,Banyo,2026-05-02
Chic Diamond Pamuk Yüz Havlusu 50x80 cm Fildişi,1499.99,Banyo,2026-05-02
CloudSoft Pamuk Banyo Havlusu 90x150 cm Beyaz,4999.99,Banyo,2026-05-02
CloudSoft Pamuk Yüz Havlusu 50x80 cm Beyaz,399.99,Banyo,2026-05-02
Color Pop Pamuklu İpliği Boyalı Plaj Havlusu 90x150 cm Pembe,3999.99,Banyo,2026-05-02
Color Wave Pamuklu İpliği Boyalı Plaj Havlusu 90x150 cm Yeşil,719.99,Banyo,2026-05-02
Colorful Lines Pamuklu El Havlusu 30x45 cm Ekru - Mavi,849.95,Banyo,2026-05-02
Colorful Lines Pamuklu El Havlusu Ekru - Yeşil,999.99,Banyo,2026-05-02
Colorful Lines Pamuklu Püsküllü Yüz Havlusu 50x80 cm Açık Bej-Yeşil,1499.99,Banyo,2026-05-02
Colorful Lines Pamuklu Yüz Havlusu 50x80 cm Ekru - Mavi,1249.99,Banyo,2026-05-02
Colorful Lines Pamuklu Yüz Havlusu 50x80 cm Ekru - Yeşil,1499.99,Banyo,2026-05-02
Colorful Lines Pamuklu Yüz Havlusu 50x80 cm Ekru-Fuşya,1499.99,Banyo,2026-05-02
Colorful Lines Pamuklu Yüz Havlusu 50x80 cm Ekru-Sarı,1399.99,Banyo,2026-05-02
Cool Stripe Pamuklu Çizgili Banyo Havlusu Takımı Ekru - Mavi,539.99,Banyo,2026-05-02
Coral Pamuklu Torba Peştemal 90x150 cm Fuşya-Turuncu,2499.99,Banyo,2026-05-02
Corallo Kaydırmaz Taban Banyo Paspası Seti 60x90 + 40x60 cm Mavi-Beyaz,4499.99,Banyo,2026-05-02
Crispy Pamuklu Püsküllü Peştemal 90x150 cm Pembe - Yeşil,2749.99,Banyo,2026-05-02
Curve Pamuk Bornoz Bej,1039.99,Banyo,2026-05-02
Curve Pamuk Bornoz Mavi,1169.99,Banyo,2026-05-02
Curve Pamuk Yüz Havlusu 50x70 cm Bej,999.95,Banyo,2026-05-02
Curve Pamuk Yüz Havlusu 50x70 cm Mavi,999.95,Banyo,2026-05-02
Curveline Kaydırmaz Taban Banyo Paspası Seti Bej,1999.99,Banyo,2026-05-02
Curveline Kaydırmaz Taban Banyo Paspası Seti Mavi,1999.99,Banyo,2026-05-02
Daisy Bouquet Pamuk Nakışlı Yüz Havlusu 50x80 cm Ekru,1999.99,Banyo,2026-05-02
Daisy Line Pamuk Yüz Havlusu 50x80 cm Beyaz,1749.99,Banyo,2026-05-02
Deluxe Low Twist Pamuklu El Havlusu 30x50 cm Mavi,999.99,Banyo,2026-05-02
Deluxe Low Twist Pamuklu Yüz Havlusu 50x90 cm Gül Kurusu,1999.99,Banyo,2026-05-02
Deluxe Pamuklu Low Twist El Havlusu 30x50 cm Antrasit,999.99,Banyo,2026-05-02
Deluxe Pamuklu Low Twist El Havlusu 30x50 cm Bej,999.99,Banyo,2026-05-02
Deluxe Pamuklu Low Twist El Havlusu 30x50 cm Beyaz,999.99,Banyo,2026-05-02
Deluxe Pamuklu Low Twist El Havlusu 30x50 cm Gri,999.99,Banyo,2026-05-02
Deluxe Pamuklu Low Twist Yüz Havlusu 50x90 cm Beyaz,1399.99,Banyo,2026-05-02
Diamond Cam Banyo Sıvı Sabunluk,1149.99,Banyo,2026-05-02
Diana Cam Banyo Sıvı Sabunluk Şeffaf,1399.99,Banyo,2026-05-02
Dolly Rejenere Çizgili Peştamal 90x150 cm Fuşya-Mavi,999.99,Banyo,2026-05-02
Dolly Çizgili Peştamal 90x150 cm Mavi-Turuncu,1399.99,Banyo,2026-05-02
Doria Çamaşır Sepeti Naturel,4499.99,Banyo,2026-05-02
Dottie Pamuk Banyo Havlusu 80x150 cm Antrasit,3199.99,Banyo,2026-05-02
Dottie Pamuk El Havlusu 30x45 cm Antrasit,1299.99,Banyo,2026-05-02
Dottie Pamuk Yüz Havlusu 50x80 cm Antrasit,1399.99,Banyo,2026-05-02
Dynamic Word Pamuklu Plaj Havlusu 70x140 cm Sage,2999.99,Banyo,2026-05-02
Falbelo Pamuklu Yuvarlak Banyo Paspası Ekru,5999.99,Banyo,2026-05-02
Falbelo Pamuklu Yuvarlak Banyo Paspası Pembe,1039.99,Banyo,2026-05-02
Fancy Katlanabilir 2 Bölmeli Bambu Çamaşır Sepeti Bej,629.99,Banyo,2026-05-02
Fancy Katlanabilir Çamaşır Sepeti Bej,5499.99,Banyo,2026-05-02
Felis Pamuk Yüz Havlusu 50x80 cm Ekru-Kahve,1749.99,Banyo,2026-05-02
Fishbone Pamuklu Banyo Paspası Lacivert-Beyaz,2249.99,Banyo,2026-05-02
Floral Check Pamuk Yüz Havlusu 50x80 cm Beyaz,1749.99,Banyo,2026-05-02
Floral Line Pamuk Nakışlı Yüz Havlusu 50x80 cm Beyaz,1999.99,Banyo,2026-05-02
Florina Pamuk Yüz Havlusu 50x80 cm Beyaz,1999.99,Banyo,2026-05-02
Flower Bud Pamuklu Nakışlı Banyo Havlusu 90x150 cm Beyaz,3499.99,Banyo,2026-05-02
Flower Touch Pamuklu Jakarlı Yüz Havlusu 50x80 cm Lila,1499.99,Banyo,2026-05-02
Fluffy Cotton Plus Pamuklu Banyo Havlusu 70x140 cm Bej,2499.99,Banyo,2026-05-02
Fluffy Cotton Plus Pamuklu Banyo Havlusu 70x140 cm Gri,2499.99,Banyo,2026-05-02
Fluffy Cotton Plus Pamuklu El Havlusu 30x45 cm Bej,999.99,Banyo,2026-05-02
Fluffy Cotton Plus Pamuklu El Havlusu 30x45 cm Gri,999.99,Banyo,2026-05-02
Fluffy Cotton Plus Pamuklu Yüz Havlusu 50x80 cm Bej,1299.99,Banyo,2026-05-02
Fluffy Cotton Plus Pamuklu Yüz Havlusu 50x80 cm Gri,1299.99,Banyo,2026-05-02
Fluffy Cotton Plus Pamuklu Yüz Havlusu 50x80 cm Sage,1499.99,Banyo,2026-05-02
Frame Pamuk Bornoz Beyaz,6499.99,Banyo,2026-05-02
Frame Pamuk Bornoz Gri,6499.99,Banyo,2026-05-02
Frame Pamuk Yüz Havlusu 50x70 cm Beyaz,999.95,Banyo,2026-05-02
Frame Pamuk Yüz Havlusu 50x70 cm Gri,999.95,Banyo,2026-05-02
Frodo Pamuklu Ayak Havlusu 50x70 cm Koyu Gri,1399.99,Banyo,2026-05-02
Funny Lines Pamuklu İpliği Boyalı Yüz Havlusu 50x80 cm Ekru-Kırmızı,1499.99,Banyo,2026-05-02
Funny Stripe Pamuklu Baskılı Plaj Havlusu 90x150 cm Pembe,3999.99,Banyo,2026-05-02
Funny Sunny Pamuklu Plaj Havlusu Sarı,3024.91,Banyo,2026-05-02
Gina Bambu Çamaşır Sepeti Açık Kahve,2499.99,Banyo,2026-05-02
Golden Pine Pamuk Nakışlı Yüz Havlusu 50x80 cm Beyaz,2199.99,Banyo,2026-05-02
Grid Pamuk Yüz Havlusu 50x70 cm Hardal,999.95,Banyo,2026-05-02
Grid Pamuk Yüz Havlusu 50x70 cm Koyu Yeşil,999.95,Banyo,2026-05-02
Grid Pamuk Yüz Havlusu 50x70 cm Somon,999.95,Banyo,2026-05-02
Gridline Kaydırmaz Taban Banyo Paspası Seti 60x80 cm + 40x60 cm Koyu Yeşil,1999.99,Banyo,2026-05-02
Gridline Kaydırmaz Taban Banyo Paspası Seti Beyaz,359.99,Banyo,2026-05-02
Gridline Kaydırmaz Taban Banyo Paspası Seti Gri,1999.99,Banyo,2026-05-02
Gridline Kaydırmaz Taban Banyo Paspası Seti Hardal,1999.99,Banyo,2026-05-02
Gridline Kaydırmaz Taban Banyo Paspası Seti Somon,1999.99,Banyo,2026-05-02
Hestia Banyo Seti 13 cm Pembe,5499.99,Banyo,2026-05-02
Honeycomb Pamuklu Peştemal 90x150 cm Açık Bej-Lacivert-Kiremit,2749.99,Banyo,2026-05-02
Hued Palm Pamuklu Yüz Havlusu 50x80 cm Mavi - Yeşil,1499.99,Banyo,2026-05-02
Jess 3lü Set Banyo Seti 20 cm Yeşil,899.99,Banyo,2026-05-02
Jeylo Pamuklu Plaj Havlusu 90x150 cm Ekru-Sarı,2999.99,Banyo,2026-05-02
Judie 3lü Set Banyo Seti 19 cm Bej,4999.99,Banyo,2026-05-02
Leafy Bambu Banyo Havlusu 70x140 cm Açık Bej,489.99,Banyo,2026-05-02
Leafy Bambu Banyo Havlusu 70x140 cm Ekru,489.99,Banyo,2026-05-02
Leafy Bambu Banyo Havlusu 70x140 cm Gri,3249.99,Banyo,2026-05-02
Leafy Bambu Banyo Havlusu 70x140 cm Pembe,489.99,Banyo,2026-05-02
Leafy Bambu El Havlusu 30x50 cm Açık Bej,999.99,Banyo,2026-05-02
Leafy Bambu El Havlusu 30x50 cm Ekru,999.99,Banyo,2026-05-02
Leafy Bambu El Havlusu Gül Kurusu,999.99,Banyo,2026-05-02
Leafy Bambu Yüz Havlusu 50x90 cm Ekru,2499.99,Banyo,2026-05-02
Leafy Touch Pamuk Jakarlı Banyo Havlusu 90x150 cm Ekru,3499.99,Banyo,2026-05-02
Leafy Touch Pamuk Jakarlı Banyo Havlusu 90x150 cm Yeşil,489.99,Banyo,2026-05-02
Leafy Touch Pamuk Jakarlı El Havlusu 30x40 cm Ekru,1049.99,Banyo,2026-05-02
Leafy Touch Pamuk Jakarlı El Havlusu 30x40 cm Yeşil,1049.99,Banyo,2026-05-02
Leafy Touch Pamuk Jakarlı Yüz Havlusu 50x80 cm Ekru,1499.99,Banyo,2026-05-02
Leafy Touch Pamuk Jakarlı Yüz Havlusu 50x80 cm Yeşil,1499.99,Banyo,2026-05-02
Leafy Touch Pamuk Yüz Havlusu 50x80 cm Açık Yeşil,2249.99,Banyo,2026-05-02
Leggy Pamuklu Bornoz S-M Beyaz,8999.99,Banyo,2026-05-02
Lemon Garden Pamuklu Plaj Havlusu 70x140 cm Açık Yeşil,3024.91,Banyo,2026-05-02
Linda Pamuklu Nakışlı Banyo Havlusu 90x150 cm Beyaz,3499.99,Banyo,2026-05-02
Linelike Pamuklu Çizgili Plaj Havlusu 90x150 cm Ekru-Yeşil-Sarı,3024.91,Banyo,2026-05-02
Liny Pamuklu Çizgili Plaj Havlusu 90x150 cm Ekru-Mavi-Turuncu,3024.91,Banyo,2026-05-02
Lisa Pamuklu Nakışlı Banyo Havlusu 90x150 cm Beyaz,3499.99,Banyo,2026-05-02
Lisa Pamuklu Nakışlı Yüz Havlusu 50x90 cm Beyaz,1999.99,Banyo,2026-05-02
Lucina Pamuklu Saçaklı El Havlusu Ekru-Lacivert,999.99,Banyo,2026-05-02
Luna Pamuklu Banyo Paspası Açık Mavi,4499.99,Banyo,2026-05-02
Macaroni Kaydırmaz Taban Banyo Paspası 50x80 cm Bej,3449.99,Banyo,2026-05-02
Macaroni Kaydırmaz Taban Banyo Paspası 50x80 cm Gri,2499.99,Banyo,2026-05-02
Macaroni Kaydırmaz Taban Banyo Paspası 50x80 cm Yeşil,2999.99,Banyo,2026-05-02
Macaroni Kaydırmaz Taban Banyo Paspası Seti 60x90 + 40x60 cm Bej,5999.99,Banyo,2026-05-02
Macaroni Kaydırmaz Taban Banyo Paspası Seti 60x90 + 40x60 cm Mavi,3999.99,Banyo,2026-05-02
Macaroni Kaydırmaz Taban Banyo Paspası Seti 60x90 + 40x60 cm Yeşil,6499.99,Banyo,2026-05-02
Marvin Pamuklu Saçaklı El Havlusu 30x45 cm Ekru,999.99,Banyo,2026-05-02
Mayra Rejenere Peştemal Bornoz Standart Turuncu-Sarı,2999.99,Banyo,2026-05-02
Mayra Rejenere Çizgili Peştamal 90x150 cm Fuşya-Mavi,239.99,Banyo,2026-05-02
Mayra Çizgili Peştamal 90x150 cm Turuncu-Sarı,999.99,Banyo,2026-05-02
Medusa Mermer Tekli Dış Fırçalık Beyaz,4249.99,Banyo,2026-05-02
Melange Pamuk Banyo Havlusu 80x150 cm Bej Melanj,3499.99,Banyo,2026-05-02
Melange Pamuk El Havlusu 30x45 cm Bej Melanj,183.99,Banyo,2026-05-02
Melange Pamuk Yüz Havlusu 50x80 cm Bej Melanj,1499.99,Banyo,2026-05-02
Melinda Bambu Banyo Havlusu 90x150 cm Koyu Gri,899.99,Banyo,2026-05-02
Melinda Bambu Yüz Havlusu 50x90 cm Beyaz,1499.99,Banyo,2026-05-02
Mini Daisy Pamuk Nakışlı Yüz Havlusu 50x80 cm Ekru,1999.99,Banyo,2026-05-02
Mix Blend Pamuklu Jakarlı Banyo Havlusu 70x140 cm Bej,2499.99,Banyo,2026-05-02
Modern Line Pamuklu Peştemal 90x150 cm Açık Bej-Kiremit,2299.99,Banyo,2026-05-02
Mono Stripe Pamuk Ayak Havlusu 50x70 cm Beyaz - Bej,1999.99,Banyo,2026-05-02
Mono Stripe Pamuk Ayak Havlusu 50x70 cm Beyaz - Gri,1999.99,Banyo,2026-05-02
Mono Stripe Pamuk Ayak Havlusu 50x70 cm Beyaz - Mavi,1999.99,Banyo,2026-05-02
Mono Stripe Pamuk Ayak Havlusu 50x70 cm Beyaz - Pembe,1999.99,Banyo,2026-05-02
Mono Stripe Pamuk Ayak Havlusu 50x70 cm Beyaz - Yeşil,1999.99,Banyo,2026-05-02
Mono Stripe Pamuk Bornoz Beyaz - Bej,1799.99,Banyo,2026-05-02
Mono Stripe Pamuk Bornoz Beyaz - Gri,1799.99,Banyo,2026-05-02
Mono Stripe Pamuk Bornoz Beyaz - Mavi,1799.99,Banyo,2026-05-02
Mono Stripe Pamuk Bornoz Beyaz - Pembe,1800.0,Banyo,2026-05-02
Mono Stripe Pamuk Bornoz Beyaz - Yeşil,1799.99,Banyo,2026-05-02
Moonstar Pamuklu Nakışlı Yüz Havlusu 50x80 cm Ekru,2999.99,Banyo,2026-05-02
Morning Daisy Pamuk Yüz Havlusu 50x80 cm Pudra,1999.99,Banyo,2026-05-02
Myla Cam Banyo Sıvı Sabunluk Amber,1749.99,Banyo,2026-05-02
Myla Cam Banyo Sıvı Sabunluk Şeffaf,1999.99,Banyo,2026-05-02
Natural Stripe Pamuklu Banyo Havlusu 90x150 cm Beyaz,3499.99,Banyo,2026-05-02
Natural Stripe Pamuklu Yüz Havlusu 50x90 cm Beyaz,1999.99,Banyo,2026-05-02
Nevana Cam Banyo Sıvı Sabunluk Amber,1749.99,Banyo,2026-05-02
Nico Pamuklu Püsküllü El Havlusu Antrasit,999.99,Banyo,2026-05-02
Noir Leopard Pamuk Püsküllü Yüz Havlusu 50x80 cm Ekru-Kahve,1999.99,Banyo,2026-05-02
Nossa Pamuklu Saçaklı Plaj Havlusu 90x150 cm Ekru-Yeşil-Sarı,2999.99,Banyo,2026-05-02
Nova Pamuklu Saçaklı Plaj Havlusu 90x150 cm Ekru-Yeşil-Sarı,2999.99,Banyo,2026-05-02
Ocean Pamuklu Plaj Havlusu 70x140 cm Mavi,539.99,Banyo,2026-05-02
Ornate Stripe Pamuklu İpliği Boyalı Yüz Havlusu 50x80 cm Ekru - Mavi,1399.99,Banyo,2026-05-02
Ornate Stripe Pamuklu İpliği Boyalı Yüz Havlusu 50x80 cm Ekru - Pembe,1999.99,Banyo,2026-05-02
Paige Makarna Banyo Paspası Gri,439.99,Banyo,2026-05-02
Paige Makarna Banyo Paspası Mavi,2499.99,Banyo,2026-05-02
Panera Pamuk Ayak Havlusu 50x85 cm Mor,1499.99,Banyo,2026-05-02
Panera Pamuk Ayak Havlusu 50x85 cm Sage,1499.99,Banyo,2026-05-02
Panera Pamuk Ayak Havlusu 50x85 cm Sisli Kahve,1499.99,Banyo,2026-05-02
Panera Pamuk Banyo Havlusu 90x150 cm Mor,2799.99,Banyo,2026-05-02
Panera Pamuk Banyo Havlusu 90x150 cm Sage,2749.99,Banyo,2026-05-02
Panera Pamuk Banyo Havlusu 90x150 cm Sisli Kahve,2999.99,Banyo,2026-05-02
Panera Pamuk El Havlusu 30x45 cm Mor,1049.99,Banyo,2026-05-02
Panera Pamuk El Havlusu 30x45 cm Sage,1049.99,Banyo,2026-05-02
Panera Pamuk El Havlusu 30x45 cm Sisli Kahve,1049.99,Banyo,2026-05-02
Panera Pamuk Yüz Havlusu 50x85 cm Mor,1399.99,Banyo,2026-05-02
Panera Pamuk Yüz Havlusu 50x85 cm Sage,1399.99,Banyo,2026-05-02
Panera Pamuk Yüz Havlusu 50x85 cm Sisli Kahve,1399.99,Banyo,2026-05-02
Panthera Pamuk Yüz Havlusu 50x80 cm Ekru,1499.99,Banyo,2026-05-02
Pavia Cam Banyo Sıvı Sabunluk Amber,1749.99,Banyo,2026-05-02
Petite Checked Pamuklu Kroşeli Yüz Havlusu 50x80 cm Ekru - Lila,1499.99,Banyo,2026-05-02
Petite Checked Pamuklu Kroşeli Yüz Havlusu 50x80 cm Ekru-Sarı,1499.99,Banyo,2026-05-02
Petite Dot Pamuk Püsküllü Yüz Havlusu 50x80 cm Pembe - Yeşil,2249.99,Banyo,2026-05-02
Petite Dot Pamuk Püsküllü Yüz Havlusu 50x80 cm Yeşil-Mavi,1999.99,Banyo,2026-05-02
Pine Pamuklu Nakışlı Yüz Havlusu 50x80 cm Bej,1999.99,Banyo,2026-05-02
Plain Pamuklu Saç Bonesi Standart Koyu Gri,999.99,Banyo,2026-05-02
Poffy Soft-Premium Pamuklu Banyo Havlusu 70x140 cm Ekru,2999.99,Banyo,2026-05-02
Poffy Soft-Premium Pamuklu Banyo Havlusu 70x140 cm Koyu Gri,2999.99,Banyo,2026-05-02
Poffy Soft-Premium Pamuklu Banyo Havlusu 70x140 cm Lila,3999.99,Banyo,2026-05-02
Poffy Soft-Premium Pamuklu Banyo Havlusu Pembe,2499.99,Banyo,2026-05-02
Poffy Soft-Premium Pamuklu El Havlusu 30x45 cm Ekru,999.99,Banyo,2026-05-02
Poffy Soft-Premium Pamuklu El Havlusu 30x45 cm Pembe,999.99,Banyo,2026-05-02
Poffy Soft-Premium Pamuklu El Havlusu 30x45 cm Su Yeşili,999.99,Banyo,2026-05-02
Poffy Soft-Premium Pamuklu El Havlusu Bej,999.99,Banyo,2026-05-02
Poffy Soft-Premium Pamuklu Yüz Havlusu 50x80 cm Bej,1499.99,Banyo,2026-05-02
Poffy Soft-Premium Pamuklu Yüz Havlusu 50x80 cm Ekru,271.99,Banyo,2026-05-02
Poffy Soft-Premium Pamuklu Yüz Havlusu 50x80 cm Koyu Gri,1499.99,Banyo,2026-05-02
Poffy Soft-Premium Pamuklu Yüz Havlusu 50x80 cm Su Yeşili,1499.99,Banyo,2026-05-02
Polina Cam Banyo Sıvı Sabunluk Amber,1149.99,Banyo,2026-05-02
Porte Pamuklu Peştemal 90x150 cm Açık Bej,1999.99,Banyo,2026-05-02
Poti Pamuklu Çizgili Plaj Havlusu 90x150 cm Ekru-Mavi-Sarı,349.99,Banyo,2026-05-02
Punto Pamuk Banyo Havlusu 80x150 cm Yeşil-Beyaz,629.99,Banyo,2026-05-02
Punto Pamuk El Havlusu 30x45 cm Yeşil-Beyaz,1299.99,Banyo,2026-05-02
Punto Pamuk Yüz Havlusu 50x80 cm Pembe - Yeşil,1999.99,Banyo,2026-05-02
Punto Pamuk Yüz Havlusu 50x80 cm Yeşil-Beyaz,2249.99,Banyo,2026-05-02
Pure Basic Ayak Havlusu 50x70 cm Açık Pembe,2249.99,Banyo,2026-05-02
Pure Basic Ayak Havlusu 50x70 cm Koyu Mor,2249.99,Banyo,2026-05-02
Pure Basic El Havlusu Açık Kahve,999.99,Banyo,2026-05-02
Pure Basic El Havlusu Mavi,999.99,Banyo,2026-05-02
Pure Basic Pamuk Banyo Havlusu 100x150 cm Açık Pembe,3999.99,Banyo,2026-05-02
Pure Basic Pamuk El Havlusu 30x30 cm Beyaz,999.99,Banyo,2026-05-02
Pure Basic Pamuk El Havlusu 30x30 cm Koyu Mavi,1499.95,Banyo,2026-05-02
Pure Basic Pamuk Yüz Havlusu 50x90 cm Bej,1299.99,Banyo,2026-05-02
Pure Basic Pamuk Yüz Havlusu 50x90 cm Beyaz,1249.99,Banyo,2026-05-02
Pure Basic Pamuk Yüz Havlusu 50x90 cm Koyu Mavi,1299.99,Banyo,2026-05-02
Pure Basic Pamuklu Ayak Havlusu 50x70 cm Beyaz,2249.99,Banyo,2026-05-02
Pure Basic Pamuklu Banyo Havlusu 70x140 cm Açık Pembe,2999.99,Banyo,2026-05-02
Pure Basic Pamuklu Banyo Havlusu Bej,479.99,Banyo,2026-05-02
Pure Basic Pamuklu Banyo Havlusu Koyu Mavi,1999.99,Banyo,2026-05-02
Pure Basic Pamuklu Banyo Havlusu Koyu Mor,1999.99,Banyo,2026-05-02
Pure Basic Pamuklu El Havlusu 30x30 cm Bej,1499.95,Banyo,2026-05-02
Pure Basic Pamuklu El Havlusu 30x30 cm Gri,999.99,Banyo,2026-05-02
Pure Basic Pamuklu El Havlusu 30x30 cm Koyu Mor,1499.95,Banyo,2026-05-02
Pure Basic Pamuklu El Havlusu Açık Pembe,699.95,Banyo,2026-05-02
Pure Flowers Pamuklu Yüz Havlusu 50x80 cm Ekru,1749.99,Banyo,2026-05-02
Pure Fresh Pamuk Banyo Havlusu 70x140 cm Açık Mavi,319.99,Banyo,2026-05-02
Pure Fresh Pamuk Banyo Havlusu 70x140 cm Bej,1999.99,Banyo,2026-05-02
Pure Fresh Pamuk El Havlusu 30x40 cm Açık Mavi,1049.99,Banyo,2026-05-02
Pure Fresh Pamuk El Havlusu 30x40 cm Bej,1049.99,Banyo,2026-05-02
Pure Fresh Pamuk Yüz Havlusu 50x80 cm Açık Mavi,1299.99,Banyo,2026-05-02
Pure Fresh Pamuk Yüz Havlusu 50x80 cm Bej,1299.99,Banyo,2026-05-02
Pure Natural Pamuklu Peştamal 90x150 cm Açık Bej-Kiremit,2249.99,Banyo,2026-05-02
Pure Pamuk Banyo Havlusu 70x140 cm Beyaz,1749.99,Banyo,2026-05-02
Pure Pamuk Banyo Havlusu 70x140 cm Mor,1999.99,Banyo,2026-05-02
Pure Pamuk Banyo Havlusu 70x140 cm Sage,1749.99,Banyo,2026-05-02
Pure Pamuk Banyo Havlusu 70x140 cm Yeşil,1749.99,Banyo,2026-05-02
Pure Pamuk El Havlusu 30x40 cm Beyaz,999.99,Banyo,2026-05-02
Pure Pamuk El Havlusu 30x40 cm Mor,1149.95,Banyo,2026-05-02
Pure Pamuk Yüz Havlusu 50x80 cm Beyaz,1399.99,Banyo,2026-05-02
Pure Pamuk Yüz Havlusu 50x80 cm Mor,1299.99,Banyo,2026-05-02
Pure Pamuk Yüz Havlusu 50x80 cm Sage,1049.99,Banyo,2026-05-02
Pure Pamuk Yüz Havlusu 50x80 cm Yeşil,1199.99,Banyo,2026-05-02
Pure Çubuklu Oda Kokusu 500 ml,6999.99,Banyo,2026-05-02
Retro Waves Pamuklu Nakışlı El Havlusu 30x45 cm Ekru - Mavi,699.95,Banyo,2026-05-02
Retro Waves Pamuklu Nakışlı Yüz Havlusu 50x80 cm Ekru - Mavi,1999.99,Banyo,2026-05-02
Retro Waves Pamuklu Nakışlı Yüz Havlusu Ekru - Pembe,1999.99,Banyo,2026-05-02
River Rejenere Çizgili Peştamal 90x150 cm Sarı-Fuşya,1499.99,Banyo,2026-05-02
River Rejenere Çizgili Peştemal 90x150 cm Lacivert- Mavi,1499.99,Banyo,2026-05-02
Romance Ribbon Pamuk Jakarlı Banyo Havlusu 90x150 cm Pudra,489.99,Banyo,2026-05-02
Romance Ribbon Pamuk Jakarlı El Havlusu 30x40 cm Pudra,1049.99,Banyo,2026-05-02
Romance Ribbon Pamuk Jakarlı Yüz Havlusu 50x80 cm Pudra,1499.99,Banyo,2026-05-02
Rosita Microcotton Pamuklu Banyo Havlusu 90x150 cm Beyaz,719.99,Banyo,2026-05-02
Rosita Microcotton Pamuklu Yüz Havlusu 50x90 cm Beyaz,1399.95,Banyo,2026-05-02
Rossy Pamuklu Kabartma Nakışlı Yüz Havlusu 50x80 cm Ekru,2249.99,Banyo,2026-05-02
Sandy Stripe Pamuk Ayak Havlusu 50x70 cm Beyaz,1399.99,Banyo,2026-05-02
Sandy Stripe Pamuk Ayak Havlusu 50x70 cm Lacivert,1499.99,Banyo,2026-05-02
Sandy Stripe Pamuk Banyo Havlusu 80x150 cm Beyaz,2999.99,Banyo,2026-05-02
Sandy Stripe Pamuk Banyo Havlusu 80x150 cm Lacivert,511.99,Banyo,2026-05-02
Sandy Stripe Pamuk Bornoz Beyaz,6999.99,Banyo,2026-05-02
Sandy Stripe Pamuk Bornoz Lacivert,6999.99,Banyo,2026-05-02
Sandy Stripe Pamuk El Havlusu 30x45 cm Beyaz,1049.99,Banyo,2026-05-02
Sandy Stripe Pamuk El Havlusu 30x45 cm Lacivert,1049.99,Banyo,2026-05-02
Sandy Stripe Pamuk Yüz Havlusu 50x80 cm Beyaz,1499.99,Banyo,2026-05-02
Sandy Stripe Pamuk Yüz Havlusu 50x80 cm Lacivert,1749.99,Banyo,2026-05-02
Savanna Check Pamuk Yüz Havlusu 50x80 cm Kahve-Açık Kahve,1999.99,Banyo,2026-05-02
Seafish Pamuklu Plaj Havlusu 90x150 cm Ekru-Lacivert,719.99,Banyo,2026-05-02
Selina Bambu Çamaşır Sepeti 41x31x60 cm Antrasit,919.99,Banyo,2026-05-02
Serene Floral Pamuk Kabartma Nakışlı Yüz Havlusu 50x80 cm Beyaz,1749.99,Banyo,2026-05-02
Silky Shine Kaydırmaz Taban Banyo Paspası 50x80 cm Gri,359.99,Banyo,2026-05-02
Silky Shine Kaydırmaz Taban Banyo Paspası 50x80 cm Petrol,359.99,Banyo,2026-05-02
Silky Shine Kaydırmaz Taban Banyo Paspası 50x80 cm Yeşil,419.99,Banyo,2026-05-02
Soft %100 Pamuklu Bornoz Beyaz,4999.99,Banyo,2026-05-02
Soft %100 Pamuklu Bornoz Mint,4499.99,Banyo,2026-05-02
Soft %100 Pamuklu Saç Bonesi Mint,1399.99,Banyo,2026-05-02
Soft Pamuklu Banyo Havlusu 70x140 cm Açık Pembe,2999.99,Banyo,2026-05-02
Soft Pamuklu Saç Bonesi Açık Mavi,1399.99,Banyo,2026-05-02
Soft Pamuklu Saç Bonesi Standart Açık Pembe,1399.99,Banyo,2026-05-02
Soft Pamuklu Saç Bonesı Standart Antrasit,1399.99,Banyo,2026-05-02
Soft Pamuklu Saç Bonesı Standart Koyu Bej,1399.99,Banyo,2026-05-02
Soft Step Kaydırmaz Taban Banyo Paspası 50x80 cm Gri,2249.99,Banyo,2026-05-02
Soft Step Kaydırmaz Taban Banyo Paspası 50x80 cm Mavi,1999.99,Banyo,2026-05-02
Soft Step Kaydırmaz Taban Banyo Paspası 50x80 cm Sarı,1499.99,Banyo,2026-05-02
Soft Step Kaydırmaz Taban Banyo Paspası 50x80 cm Yeşil,1499.99,Banyo,2026-05-02
Soft Step Pamuk Ayak Havlusu 50x70 cm Bej,1749.99,Banyo,2026-05-02
Soft Step Pamuk Ayak Havlusu 50x70 cm Beyaz,1499.99,Banyo,2026-05-02
Soft Step Pamuk Ayak Havlusu 50x70 cm Gri,1749.99,Banyo,2026-05-02
Soft Step Pamuk Ayak Havlusu 50x70 cm Lila,1499.99,Banyo,2026-05-02
Soft Step Pamuk Ayak Havlusu 50x70 cm Mavi,1499.99,Banyo,2026-05-02
Soft Step Pamuk Ayak Havlusu 50x70 cm Mint,1499.99,Banyo,2026-05-02
Soft Step Pamuk Ayak Havlusu 50x70 cm Mor,1499.99,Banyo,2026-05-02
Soft Step Pamuk Ayak Havlusu 50x70 cm Petrol,1499.99,Banyo,2026-05-02
Soft Step Pamuk Ayak Havlusu 50x70 cm Pudra,1499.99,Banyo,2026-05-02
Soft Step Pamuk Ayak Havlusu 50x70 cm Sarı,1499.99,Banyo,2026-05-02
Soft Step Pamuk Ayak Havlusu 50x70 cm Somon,1499.99,Banyo,2026-05-02
Soft Step Pamuk Ayak Havlusu 50x70 cm Yeşil,1499.99,Banyo,2026-05-02
Soft Stripe Pamuk Banyo Havlusu 80x150 cm Fildişi,489.99,Banyo,2026-05-02
Soft Stripe Pamuk El Havlusu 30x45 cm Fildişi,1299.99,Banyo,2026-05-02
Soft Stripe Pamuk Yüz Havlusu 50x80 cm Fildişi,1499.99,Banyo,2026-05-02
Soft Wave Pamuklu Yüz Havlusu 50x80 cm Ekru,1249.99,Banyo,2026-05-02
Softline Pamuk Banyo Havlusu 90x150 cm Beyaz,4999.99,Banyo,2026-05-02
Softline Pamuk Yüz Havlusu 50x80 cm Beyaz,2499.99,Banyo,2026-05-02
Sofya Pamuklu Waffle Banyo Havlusu 70x140 cm Bej,2499.99,Banyo,2026-05-02
Sofya Pamuklu Waffle Banyo Havlusu 70x140 cm Ekru,2499.99,Banyo,2026-05-02
Sofya Pamuklu Waffle Banyo Havlusu Gri,559.99,Banyo,2026-05-02
Sofya Pamuklu Waffle Banyo Havlusu Gül Kurusu,2499.99,Banyo,2026-05-02
Sofya Pamuklu Waffle Yüz Havlusu 50x80 cm Bej,1499.99,Banyo,2026-05-02
Strala Kaydırmaz Taban Banyo Paspası Seti Gül Kurusu,1999.99,Banyo,2026-05-02
Strala Kaydırmaz Taban Banyo Paspası Seti Haki,2249.99,Banyo,2026-05-02
Strala Kaydırmaz Taban Banyo Paspası Seti Koyu Bej,1999.99,Banyo,2026-05-02
Stripe Edge Pamuk Banyo Havlusu 70x140 cm Mint,2499.99,Banyo,2026-05-02
Stripe Edge Pamuk Banyo Havlusu 70x140 cm Pudra,2499.99,Banyo,2026-05-02
Stripe Edge Pamuk El Havlusu 30x40 cm Mint,1049.99,Banyo,2026-05-02
Stripe Edge Pamuk El Havlusu 30x40 cm Pudra,1049.99,Banyo,2026-05-02
Stripe Edge Pamuk Yüz Havlusu 50x80 cm Mint,1299.99,Banyo,2026-05-02
Stripe Edge Pamuk Yüz Havlusu 50x80 cm Pudra,1299.99,Banyo,2026-05-02
Stripe Pamuk Yüz Havlusu 50x70 cm Gül Kurusu,999.95,Banyo,2026-05-02
Stripe Pamuk Yüz Havlusu 50x70 cm Haki,999.95,Banyo,2026-05-02
Stripe Pamuk Yüz Havlusu 50x70 cm Koyu Bej,999.95,Banyo,2026-05-02
Sweet Strawberry Pamuklu Plaj Havlusu 70x140 cm Fuşya,362.98,Banyo,2026-05-02
Tassel Check Pamuklu Püsküllü Banyo Paspası Bej,3499.99,Banyo,2026-05-02
Tassel Check Pamuklu Püsküllü Banyo Paspası Gri,3499.99,Banyo,2026-05-02
Toretto Pamuklu El Havlusu Bej-Kahverengi,999.99,Banyo,2026-05-02
Trendy Kaydırmaz Taban Banyo Paspası 50x80 cm Bej,2249.99,Banyo,2026-05-02
Trendy Kaydırmaz Taban Banyo Paspası 50x80 cm Gri,1999.99,Banyo,2026-05-02
Trendy Kaydırmaz Taban Banyo Paspası 50x80 cm Kiremit,1499.99,Banyo,2026-05-02
Trendy Kaydırmaz Taban Banyo Paspası 50x80 cm Mavi,1499.99,Banyo,2026-05-02
Trim Stripe Pamuklu Çizgili Plaj Havlusu 90x150 cm Ekru,419.99,Banyo,2026-05-02
Twill Pamuk Yüz Havlusu 50x70 cm Açık Gri,999.95,Banyo,2026-05-02
Twill Pamuk Yüz Havlusu 50x70 cm Açık Mavi,999.95,Banyo,2026-05-02
Twill Pamuk Yüz Havlusu 50x70 cm Su Yeşili,999.95,Banyo,2026-05-02
Twillow Kaydırmaz Taban Banyo Paspası Seti 60x80 cm + 40x60 cm Açık Mavi,1999.99,Banyo,2026-05-02
Twillow Kaydırmaz Taban Banyo Paspası Seti Su Yeşili,1749.99,Banyo,2026-05-02
Twinkle Tree Pamuk Nakışlı Yüz Havlusu 50x80 cm Beyaz,399.99,Banyo,2026-05-02
Urbann Bambu Katlanabilir 2 Bölmeli Çamaşır Sepeti Kahve,3799.99,Banyo,2026-05-02
Urbann Katlanabilir Çamaşır Sepeti Kahve,989.99,Banyo,2026-05-02
Valeria Cam Banyo Sıvı Sabunluk 10x22 cm Şeffaf,1399.99,Banyo,2026-05-02
Vanity Pirinç Ayak Havlusu 50x70 cm Antrasit,1749.99,Banyo,2026-05-02
Velvet Bloom Pamuk Yüz Havlusu 50x80 cm Beyaz,269.99,Banyo,2026-05-02
Velvet Bloom Pamuk Yüz Havlusu 50x80 cm Pembe,1999.99,Banyo,2026-05-02
Velvet Touch Pamuklu El Havlusu 30x45 cm Ekru,699.95,Banyo,2026-05-02
Velvet Touch Pamuklu Yüz Havlusu 50x80 cm Mavi,1299.99,Banyo,2026-05-02
Velvet Touch Pamuklu Yüz Havlusu 50x80 cm Yeşil,1999.99,Banyo,2026-05-02
Vina Pamuklu Peştemal 90x150 cm Sarı,1999.99,Banyo,2026-05-02
Waffle %100 Pamuklu Bornoz Takımı Mor,2399.99,Banyo,2026-05-02
Waffle Weave Kaydırmaz Taban Banyo Paspası 50x80 cm Açık Kahverengi,2499.99,Banyo,2026-05-02
Waffle Weave Kaydırmaz Taban Banyo Paspası 50x80 cm Gri,3449.99,Banyo,2026-05-02
Waffle Weave Kaydırmaz Taban Banyo Paspası 50x80 cm Krem,3499.99,Banyo,2026-05-02
Waffle Weave Kaydırmaz Taban Banyo Paspası 50x80 cm Mavi,250.0,Banyo,2026-05-02
Watermelon Pamuklu Plaj Havlusu 70x140 cm Yeşil,423.48,Banyo,2026-05-02
Wave Pamuk Yüz Havlusu 50x70 cm Açık Bej,999.95,Banyo,2026-05-02
Wave Pamuk Yüz Havlusu 50x70 cm Ekru,1399.99,Banyo,2026-05-02
Wave Pamuk Yüz Havlusu 50x70 cm Mor,999.95,Banyo,2026-05-02
Wavelet Kaydırmaz Taban Banyo Paspası Seti 60x80 cm + 40x60 cm Mor,1749.99,Banyo,2026-05-02
Wavelet Kaydırmaz Taban Banyo Paspası Seti Açık Bej,1749.99,Banyo,2026-05-02
Zigzag Pamuklu Püsküllü Peştemal 90x150 cm Mavi-Fuşya,1999.99,Banyo,2026-05-02
isla 3’lü Set Banyo Seti 18 cm Yeşil,4499.99,Banyo,2026-05-02
Abrazo Yılbaşı Ağacı Süsü 8 cm Kırmızı,999.99,Dekorasyon,2026-05-02
Acorn Branch Tek Dal Yapay Çiçek 76 cm Yeşil,2499.99,Dekorasyon,2026-05-02
Adara Cam Şamdan Kahverengi,2499.99,Dekorasyon,2026-05-02
Adara Mum Siyah-Gold,1499.99,Dekorasyon,2026-05-02
Adela Ahşap Masa Saati Naturel,8999.99,Dekorasyon,2026-05-02
"Aden Yılbaşı Ağacı Süsü 11,5 cm Kırmızı",999.99,Dekorasyon,2026-05-02
"Ador Yılbaşı Ağacı Süsü 11,5 cm Kırmızı",999.99,Dekorasyon,2026-05-02
Adora Cam Vazo 23 cm Kahverengi,6999.99,Dekorasyon,2026-05-02
"Adora Cam Vazo 28,5 cm Krem",1199.99,Dekorasyon,2026-05-02
Adora Metal Dekoratif Tepsi Gold,4999.99,Dekorasyon,2026-05-02
Adora Metal Dekoratif Tepsi Silver,5999.99,Dekorasyon,2026-05-02
Adra Cam Vazo Amber,1619.99,Dekorasyon,2026-05-02
Akasya Dekoratif Tepsi Koyu Kahverengi,2249.99,Dekorasyon,2026-05-02
Akuante Dekoratif Tepsi 30x42 cm Multicolor,3999.99,Dekorasyon,2026-05-02
Alba Cam Şamdan Kırmızı,2199.99,Dekorasyon,2026-05-02
Alba Metal Çerçeve Gold,1749.99,Dekorasyon,2026-05-02
Alba Metal Çerçeve Silver,1999.99,Dekorasyon,2026-05-02
Albero Yılbaşı Ağacı Süsü 12.5 cm Yeşil,999.99,Dekorasyon,2026-05-02
Alesa Cam Vazo Multicolor,6999.99,Dekorasyon,2026-05-02
Alesa Cam Şamdan Turuncu,1499.99,Dekorasyon,2026-05-02
Alesta Yılbaşı Ağacı Süsü 12.5 cm Siyah,999.99,Dekorasyon,2026-05-02
Aleta Seramik Biblo 10 cm Krem,2999.99,Dekorasyon,2026-05-02
Alice Müzik Kutusu 17 cm Kırmızı,12499.99,Dekorasyon,2026-05-02
Alice Polyresin Çerçeve 10x15 cm Krem,479.99,Dekorasyon,2026-05-02
"Alicia Cam Vazo 20,5 cm Kahverengi",1259.99,Dekorasyon,2026-05-02
Alicia Pamuk Koltuk Şalı Yeşil,1749.99,Dekorasyon,2026-05-02
Alina Cam Vazo Mor,3999.99,Dekorasyon,2026-05-02
Alina Dokuma Kırlent Kılıfı Tarçın,1499.99,Dekorasyon,2026-05-02
Alina Polyresin Çerçeve 10x15 cm Krem,519.99,Dekorasyon,2026-05-02
Aline Dekoratif Kutu Krem,1329.99,Dekorasyon,2026-05-02
Alisia Polyresin Çerçeve 10x15 cm Bej,479.99,Dekorasyon,2026-05-02
Alisya Polyresin Çerçeve 10x15 cm Bej,519.99,Dekorasyon,2026-05-02
Alita Polyresin Çerçeve 10x15 cm Bej – Bordo,584.99,Dekorasyon,2026-05-02
Alium Tek Dal Yapay Çiçek 94 cm Pembe,1399.99,Dekorasyon,2026-05-02
Allegra Kandil Şeffaf,1749.99,Dekorasyon,2026-05-02
Almina Dekoratif Tepsi 33x33 cm Krem,2999.99,Dekorasyon,2026-05-02
Aloha Yılbaşı Ağaç Süsü 6x6x13 cm Kırmızı,1499.99,Dekorasyon,2026-05-02
Aloha Yılbaşı Ağaç Süsü Multicolor,3499.99,Dekorasyon,2026-05-02
Alonza Dekoratif Tepsi Gold,3999.99,Dekorasyon,2026-05-02
Alonza Yılbaşı Ağaç Süsü Multicolor,1499.99,Dekorasyon,2026-05-02
Aluna Suni Deri Sepet Siyah,1749.99,Dekorasyon,2026-05-02
Alura Yılbaşı Ağaç Süsü Multicolor,629.99,Dekorasyon,2026-05-02
Alure Yılbaşı Ağaç Süsü Multicolor,1499.99,Dekorasyon,2026-05-02
Alva Yılbaşı Ağaç Süsü Multicolor,489.99,Dekorasyon,2026-05-02
"Alvena Kar Küresi 14,5 cm Kırmızı",1049.99,Dekorasyon,2026-05-02
Alvin Cam 15 Dk Kum Saati Füme,1999.99,Dekorasyon,2026-05-02
Alvin Polyresin Dekoratif Tepsi 32x46 cm Kahve,7999.99,Dekorasyon,2026-05-02
Alvin Seramik Abajur Krem,7499.99,Dekorasyon,2026-05-02
Alvin Yılbaşı Ağaç Süsü Multicolor,1149.99,Dekorasyon,2026-05-02
Alyysa Metal Çerçeve Lila,1299.95,Dekorasyon,2026-05-02
Alyysa Metal Çerçeve Mint,1749.99,Dekorasyon,2026-05-02
Amaranthus Kumaş Tek Dal Yapay Çiçek Açık Pembe,999.99,Dekorasyon,2026-05-02
Amaranthus Kumaş Tek Dal Yapay Çiçek Koyu Pembe,999.99,Dekorasyon,2026-05-02
Amaranthus Kumaş Tek Dal Yapay Çiçek Krem,999.99,Dekorasyon,2026-05-02
Amaris Dolgulu Kırlent 35x50 cm Kırmızı - Bej,4999.99,Dekorasyon,2026-05-02
Amber Woods Kokulu Mum 120 gr Kahverengi,1399.99,Dekorasyon,2026-05-02
Anchor Yılbaşı Ağaç Süsü Multicolor,2249.99,Dekorasyon,2026-05-02
Andora Cam Vazo 10.5 cm Yeşil,6499.99,Dekorasyon,2026-05-02
Andora Cam Vazo 13 cm Kırmızı,1119.99,Dekorasyon,2026-05-02
"Andora Yılbaşı Ağaç Süsü 13,5 cm Gold",419.99,Dekorasyon,2026-05-02
"Andora Yılbaşı Ağaç Süsü 13,5 cm Kırmızı",479.99,Dekorasyon,2026-05-02
Andora Örgü Sepet Pembe,2999.99,Dekorasyon,2026-05-02
Andre Tek Dal Yapay Çiçek 80 cm Kahve,849.95,Dekorasyon,2026-05-02
Andre Yılbaşı Ağaç Süsü Multicolor,1299.99,Dekorasyon,2026-05-02
Andre Çerçeve 13x18 cm Bej,559.99,Dekorasyon,2026-05-02
Andre Çerçeve Krem,3999.99,Dekorasyon,2026-05-02
Angel Dekoratif Obje 15 cm Kahve,4999.99,Dekorasyon,2026-05-02
Angel Dekoratif Obje Beyaz,2499.99,Dekorasyon,2026-05-02
"Angel Mum 12,5x4,5x15 cm Gold",1499.99,Dekorasyon,2026-05-02
"Angela Metal Dekoratif Tabak 20x6,5 cm Gümüş",4999.99,Dekorasyon,2026-05-02
"Angela Mum 7x4,5x7,5 cm Kırmızı",1274.9,Dekorasyon,2026-05-02
"Angela Mum 9x6,5x11 cm Kırmızı",1999.99,Dekorasyon,2026-05-02
Angela Yılbaşı Ağaç Süsü Multicolor,1749.99,Dekorasyon,2026-05-02
Anica Yılbaşı Ağaç Süsü 7 cm Gold,1999.99,Dekorasyon,2026-05-02
Anica Yılbaşı Ağaç Süsü 7 cm Kırmızı,1999.99,Dekorasyon,2026-05-02
Anica Yılbaşı Ağaç Süsü 7 cm Silver,1999.99,Dekorasyon,2026-05-02
Anissa Kar Küresi 14 cm Kırmızı,5999.99,Dekorasyon,2026-05-02
"Anissa Metal Dekoratif Tabak 27,5x22x4 cm Gümüş",4999.99,Dekorasyon,2026-05-02
Anissa Yılbaşı Ağaç Süsü Multicolor,1299.99,Dekorasyon,2026-05-02
"Apple Biblo 11,5x11,5x13cm Kahve",3499.99,Dekorasyon,2026-05-02
Apple Biblo 14x14x16cm Gri,4999.99,Dekorasyon,2026-05-02
Aquamarine Dijital Baskı Dekoratif Kırlent 35x55 cm Mavi - Yeşil,479.99,Dekorasyon,2026-05-02
Areka Yılbaşı Ağacı Süsü 10 cm Gold,1149.99,Dekorasyon,2026-05-02
Areka Çerçeve 13x18 cm Kahverengi,3499.99,Dekorasyon,2026-05-02
Aremis Çerçeve 13x18 cm Krem,1499.99,Dekorasyon,2026-05-02
Arena Koltuk Şalı 170x210 cm Bej,2999.99,Dekorasyon,2026-05-02
Aris Mum 10 cm Kırmızı,879.99,Dekorasyon,2026-05-02
Aris Mum 10 cm Yeşil,879.99,Dekorasyon,2026-05-02
Aris Seramik Abajur Bej,7999.99,Dekorasyon,2026-05-02
Armin Yılbaşı Kar Küresi 21 cm Kırmızı,9499.99,Dekorasyon,2026-05-02
Arnie Dekoratif Kırlent 35x50 cm Ekru,3999.99,Dekorasyon,2026-05-02
Artistic Bloom Dekoratif Kırlent 40 cm Bordo,3999.99,Dekorasyon,2026-05-02
Artistic Bloom Dekoratif Kırlent 40 cm Kahverengi,3999.99,Dekorasyon,2026-05-02
Artistic Bloom Dekoratif Kırlent 40 cm Pembe,3999.99,Dekorasyon,2026-05-02
Artistic Bloom Dekoratif Kırlent 40 cm Yağ Yeşili,3999.99,Dekorasyon,2026-05-02
Artistic Bloom Dekoratif Kırlent 40 cm Yeşil,3999.99,Dekorasyon,2026-05-02
"Artistic Bloom Dekoratif Kırlent 40,0x1,3x55,0 cm Bej",3999.99,Dekorasyon,2026-05-02
"Artistic Bloom Dekoratif Kırlent 40,0x15,5 cm Hardal",559.99,Dekorasyon,2026-05-02
"Artistic Bloom Dekoratif Kırlent 40,0x30,5x1,5 cm Kiremit",4999.99,Dekorasyon,2026-05-02
Arya Metal Dekoratif Obje 33 cm Gold,4499.99,Dekorasyon,2026-05-02
Ashara Koltuk Şalı 170x210 cm Multicolor,3499.99,Dekorasyon,2026-05-02
Aspen Çerçeve 13x18 cm Silver,1499.99,Dekorasyon,2026-05-02
Aspen Çerçeve Gold,1999.99,Dekorasyon,2026-05-02
Astra Yılbaşı Ağaç Süsü Multicolor,1499.99,Dekorasyon,2026-05-02
Astre Varak Baskılı Dekoratif Kırlent 45x45 cm Bordo,1039.99,Dekorasyon,2026-05-02
"Asya Metal Dekoratif Obje 30,5 cm Gold",6999.99,Dekorasyon,2026-05-02
Audra Çerçeve 8x8 cm Multicolor,2749.99,Dekorasyon,2026-05-02
Aura Tek Dal Yapay Çiçek 25 cm Kırmızı,1299.99,Dekorasyon,2026-05-02
Aura Çerçeve 8x8 cm Multicolor,439.99,Dekorasyon,2026-05-02
Avani Vazo Krem,2519.99,Dekorasyon,2026-05-02
Avin Biblo 18 cm Kırmızı,5999.99,Dekorasyon,2026-05-02
Avin Tek Dal Yapay Çiçek 71 cm Kırmızı,1299.99,Dekorasyon,2026-05-02
Avin Yılbaşı Ağaç Süsü Multicolor,1499.99,Dekorasyon,2026-05-02
Avin Çerçeve 10x15 cm Kahverengi,349.99,Dekorasyon,2026-05-02
"Azure Yılbaşı Kar Küresi 15,5 cm Kırmızı",4749.99,Dekorasyon,2026-05-02
Baby Dog Bebe Pelüş Dekoratif Kırlent 38x25 cm Beyaz,3499.99,Dekorasyon,2026-05-02
Baby Koala Sıcak Su Torbası 750 ml Gri,2249.99,Dekorasyon,2026-05-02
Bailey Yılbaşı Ağaç Süsü 10x10x10 cm Kırmızı,1399.99,Dekorasyon,2026-05-02
Ball Flower Tek Dal Yapay Çiçek 61 cm Kırmızı - Yeşil,1299.99,Dekorasyon,2026-05-02
Ballerina Girl Yılbaşı Biblo Kırmızı,14999.99,Dekorasyon,2026-05-02
Bally Pelüş Dekoratif Kırlent 40 cm Gri,3499.99,Dekorasyon,2026-05-02
Bally Pelüş Dekoratif Kırlent 40 cm Hardal,2999.99,Dekorasyon,2026-05-02
Bamboo Metal Çerçeve Gold,3499.99,Dekorasyon,2026-05-02
Bamboo Metal Çerçeve Silver,2499.99,Dekorasyon,2026-05-02
Basic Line Dolgulu Kırlent 45x45 cm Bej,539.99,Dekorasyon,2026-05-02
Becca Yılbaşı Ağaç Süsü 8x8x8 cm Kırmızı,1299.99,Dekorasyon,2026-05-02
Becky Metal Çerçeve Gold,2499.99,Dekorasyon,2026-05-02
Becky Metal Çerçeve Silver,299.99,Dekorasyon,2026-05-02
Becky Seramik Vazo 35 cm Kırmızı - Yeşil,2249.99,Dekorasyon,2026-05-02
Bedros Yılbaşı Ağaç Süsü Multicolor,1499.99,Dekorasyon,2026-05-02
Bega Yılbaşı Ağaç Süsü 6x6x13 cm Gri,1199.99,Dekorasyon,2026-05-02
Belicia Dekoratif Kırlent 35x55 cm Bordo,799.99,Dekorasyon,2026-05-02
Belinda Yılbaşı Ağaç Süsü 8x8x8 cm Gri,1299.99,Dekorasyon,2026-05-02
Belita Biblo 12 cm Kırmızı,799.99,Dekorasyon,2026-05-02
Bell Yılbaşı Ağaç Süsü 6x5x9 cm Gri,1199.99,Dekorasyon,2026-05-02
Bella Biblo 10 cm Yeşil,1499.99,Dekorasyon,2026-05-02
Belleza Yılbaşı Ağaç Süsü 8x8x8 cm Siyah,999.95,Dekorasyon,2026-05-02
"Bello Yılbaşı Ağacı Süsü 5,5 cm Kırmızı",999.99,Dekorasyon,2026-05-02
Benita Müzik Kutusu 13 cm Kahverengi,4499.99,Dekorasyon,2026-05-02
Benitta Kar Küresi 9 cm Kırmızı,2499.99,Dekorasyon,2026-05-02
Bera Abajur 13 cm Kahverengi,3999.99,Dekorasyon,2026-05-02
Berilda Dekoratif Tepsi 33x33 cm Krem,2999.99,Dekorasyon,2026-05-02
Berilda Tek Dal Yapay Çiçek 78 cm Sarı,1399.99,Dekorasyon,2026-05-02
Berry Dekoratif Obje Kırmızı,959.99,Dekorasyon,2026-05-02
Berry Leaves Tek Dal Yapay Çiçek Kırmızı,1199.99,Dekorasyon,2026-05-02
Berry Tek Dal Yapay Çiçek Kırmızı,1749.99,Dekorasyon,2026-05-02
Berry Yılbaşı Ağaç Süsü 8x5x6 cm Siyah,999.95,Dekorasyon,2026-05-02
Berta Yılbaşı Ağaç Süsü 8x8x8 cm Kahverengi,1299.99,Dekorasyon,2026-05-02
"Betina Mumluk 5,5 cm Beyaz",1499.99,Dekorasyon,2026-05-02
Betty Yılbaşı Ağaç Süsü 8x8x8 cm Beyaz,1299.99,Dekorasyon,2026-05-02
Beyaz Çiçekler Kokulu Mum,1399.99,Dekorasyon,2026-05-02
Birch Leaf Spray Tek Dal Yapay Çiçek Yeşil,1199.99,Dekorasyon,2026-05-02
Birdy Biblo Bej,799.99,Dekorasyon,2026-05-02
"Birdy Cam Biblo 11,5 cm Açık Pembe",559.99,Dekorasyon,2026-05-02
Birdy Cam Biblo Kahverengi,559.99,Dekorasyon,2026-05-02
Blare 6Lı Organizer Set Lacivert,629.99,Dekorasyon,2026-05-02
Blare 6Lı Organizer Set Pudra,4999.99,Dekorasyon,2026-05-02
Blare 6lı Organizer Set Gri,539.99,Dekorasyon,2026-05-02
Blare 6lı Organizer Set Siyah,3999.99,Dekorasyon,2026-05-02
Blare Yılbaşı Ağaç Süsü 5x7x15 cm Beyaz,1499.99,Dekorasyon,2026-05-02
Blume Kar Küresi 9 cm Kırmızı,599.99,Dekorasyon,2026-05-02
Blume Yılbaşı Ağaç Süsü 6x6x14 cm Beyaz,1299.99,Dekorasyon,2026-05-02
Boheme Dekoratif Kase Naturel,2499.99,Dekorasyon,2026-05-02
Bohemian Dolgulu Kırlent 45x45 cm Multicolor,699.99,Dekorasyon,2026-05-02
Boise Sepet Naturel,879.99,Dekorasyon,2026-05-02
Bona Dekoratif Kutu Bej,539.99,Dekorasyon,2026-05-02
Bonnie Yılbaşı Ağacı Süsü 12.5 cm Beyaz,999.99,Dekorasyon,2026-05-02
Bonny Yılbaşı Ağacı Süsü 10 cm Beyaz,999.99,Dekorasyon,2026-05-02
Boston Çerçeve 10x10 cm Multicolor,2999.99,Dekorasyon,2026-05-02
Bouquet Buhurdanlık Beyaz,494.99,Dekorasyon,2026-05-02
Bradley Tek Dal Yapay Çiçek 72 cm Pembe,1299.99,Dekorasyon,2026-05-02
Braw Tek Dal Yapay Çiçek 87 cm Pembe,849.95,Dekorasyon,2026-05-02
Brayden Sepet Naturel,674.99,Dekorasyon,2026-05-02
Breton Goblen Kırlent Kılıfı Mavi,1399.99,Dekorasyon,2026-05-02
Breton Pamuk Dolgulu Kırlent Mavi,2499.99,Dekorasyon,2026-05-02
Briana Biblo 15 cm Kahverengi,719.99,Dekorasyon,2026-05-02
Briel Dekoratif Tepsi Kahverengi-Siyah,899.99,Dekorasyon,2026-05-02
Brill Koltuk Şalı 130x170 cm Açık Taş,11999.99,Dekorasyon,2026-05-02
"Brook Biblo 30,5 cm Kırmızı",10999.99,Dekorasyon,2026-05-02
Brook Yılbaşı Ağaç Süsü Multicolor,1299.99,Dekorasyon,2026-05-02
Bruna Metal Çerçeve Gold,2499.99,Dekorasyon,2026-05-02
Bruna Metal Çerçeve Silver,319.99,Dekorasyon,2026-05-02
Bubble Çerçeve 13x18 cm Hardal,1749.99,Dekorasyon,2026-05-02
Bubble Çerçeve 13x18 cm Mavi,2249.99,Dekorasyon,2026-05-02
Buds Nakışlı Dekoratif Kırlent 33x50 cm Ekru,479.99,Dekorasyon,2026-05-02
Bunny Pelüş Sıcak Su Torbası Ekru,3499.99,Dekorasyon,2026-05-02
Bunny Sıcak Su Torbası Gri,2499.99,Dekorasyon,2026-05-02
Bunny Sıcak Su Torbası Pembe,2999.99,Dekorasyon,2026-05-02
Bunny Tail Leaf Tek Dal Yapay Çiçek 68 cm Sarı,1199.99,Dekorasyon,2026-05-02
Butterfly Polyresin Duvar Aksesuarı Gold,559.99,Dekorasyon,2026-05-02
"Cabella Yılbaşı Ağaç Süsü 8X8X8,5 cm Multicolor",1499.99,Dekorasyon,2026-05-02
Caletta Koltuk Şalı 170x210 cm Multicolor,559.99,Dekorasyon,2026-05-02
Calida Yılbaşı Ağaç Süsü Multicolor,494.99,Dekorasyon,2026-05-02
Calisa Metal Çerçeve Siyah,2499.99,Dekorasyon,2026-05-02
Calloge Dolgulu Kırlent 45x45 cm Multicolor,559.99,Dekorasyon,2026-05-02
"Calva Kum Saati 14,5 cm Mavi",2999.99,Dekorasyon,2026-05-02
"Camila Porselen Vazo 11,5 cm Sarı",3749.99,Dekorasyon,2026-05-02
Candies Dekoratif Aydınlatma Şeffaf,7499.99,Dekorasyon,2026-05-02
Candlelight Dekoratif Aydınlatma Bal,899.99,Dekorasyon,2026-05-02
Candlelight Fener Siyah,839.99,Dekorasyon,2026-05-02
Candlestick Ledli Dekoratif Aydınlatma Siyah,359.99,Dekorasyon,2026-05-02
Candy Mumluk Kırmızı,2499.99,Dekorasyon,2026-05-02
Candy Sticks Mumluk 20 cm Kırmızı,6999.99,Dekorasyon,2026-05-02
Canker Bloom Kumaş Tek Dal Yapay Çiçek Krem,999.99,Dekorasyon,2026-05-02
Canker Bloom Kumaş Tek Dal Yapay Çiçek Yavruağzı,999.99,Dekorasyon,2026-05-02
"Cannes Porselen Vazo 7,5 cm Mavi",2999.99,Dekorasyon,2026-05-02
Cara Duvar Saati 30 cm Koyu Krem,989.99,Dekorasyon,2026-05-02
Cara Duvar Saati 30 cm Krem,629.99,Dekorasyon,2026-05-02
"Card Box Dekoratif Kutu 12,5x8,5x2,5 cm Kahve",3749.99,Dekorasyon,2026-05-02
"Caren Metal Dekoratif Obje 30,5 cm Gold",8999.99,Dekorasyon,2026-05-02
Caren Seramik Vazo Sarı,1619.99,Dekorasyon,2026-05-02
Carlin Kokulu Mum,449.99,Dekorasyon,2026-05-02
Carlin Kokulu Mum 190 gr,1749.99,Dekorasyon,2026-05-02
Carly Sepet Naturel,4499.99,Dekorasyon,2026-05-02
Carmin Dekoratif Kırlent 35x55 cm Multicolor,3999.99,Dekorasyon,2026-05-02
Carmin Kokulu Mum 190 gr,1749.99,Dekorasyon,2026-05-02
Carolie Cam Dekoratif Tepsi 30x42 cm Bordo,3999.99,Dekorasyon,2026-05-02
Carolie Dekoratif Kırlent 45x45 cm Bronz,4999.99,Dekorasyon,2026-05-02
"Casilias Yılbaşı Ağaç Süsü 8x8x21,5 Gold",5999.99,Dekorasyon,2026-05-02
Celeste Koltuk Şalı 130x170 cm Hardal,8999.99,Dekorasyon,2026-05-02
Cella Masa Saati 10 cm Kahve,3999.99,Dekorasyon,2026-05-02
Cercio Dijital Dolgulu Kırlent Multicolor,1749.99,Dekorasyon,2026-05-02
Cesa Çerçeve 10x15 cm Kahverengi,1499.99,Dekorasyon,2026-05-02
"Chain Dekoratif Obje 14x11,5 cm Kahve",769.99,Dekorasyon,2026-05-02
Cheerful Skate Goblen Kırlent Kılıfı Pembe,5499.99,Dekorasyon,2026-05-02
Cherry Branch Tek Dal Yapay Çiçek Açık Pembe,1499.99,Dekorasyon,2026-05-02
Cherry Branch Tek Dal Yapay Çiçek Beyaz,1749.99,Dekorasyon,2026-05-02
Cherry Branch Tek Dal Yapay Çiçek Koyu Pembe,1999.99,Dekorasyon,2026-05-02
Chess Dekoratif 17x17 cm Kahve,1759.99,Dekorasyon,2026-05-02
Chic Palm Dekoratif Tabak Lacivert,1524.9,Dekorasyon,2026-05-02
"Chloe Organizer,Lacivert,21x20x8 cm",2499.99,Dekorasyon,2026-05-02
Chole Organizer Siyah,2249.99,Dekorasyon,2026-05-02
Chris Cam Şamdan Mavi,449.99,Dekorasyon,2026-05-02
Christmas Kapı Süsü 25 cm Kırmızı,1119.99,Dekorasyon,2026-05-02
Christmas Parafin Mum,1499.99,Dekorasyon,2026-05-02
"Christmas Tree 2li Mum 26,4x5,7x3,5 cm Ekru",1499.99,Dekorasyon,2026-05-02
Christmas Tree Mum Gold,1499.99,Dekorasyon,2026-05-02
Christmas Tree Yapay Ağaç Siyah,959.99,Dekorasyon,2026-05-02
Christmas Tree Yılbaşı Ağacı Yeşil,181.99,Dekorasyon,2026-05-02
Christmas Şamdan 16 cm Kırmızı - Beyaz,959.99,Dekorasyon,2026-05-02
Citrus Spark Kokulu Mum 120 gr Yeşil,1399.99,Dekorasyon,2026-05-02
Claira Yılbaşı Ağaç Süsü 5x8 cm Kırmızı,1499.99,Dekorasyon,2026-05-02
Claira Yılbaşı Ağaç Süsü 5x8 cm Yeşil,1499.99,Dekorasyon,2026-05-02
Clare Set Yılbaşı Ağaç Süsü Gold,1399.99,Dekorasyon,2026-05-02
Claudi Çerçeve Yeşil,349.99,Dekorasyon,2026-05-02
Clover Polyresin Duvar Aksesuarı Gold,639.99,Dekorasyon,2026-05-02
Colessa Çerçeve 10x15 cm Siyah,1749.99,Dekorasyon,2026-05-02
Colessa Çerçeve 10x15 cm Turuncu,1299.99,Dekorasyon,2026-05-02
Colin Kokulu Mum,2499.99,Dekorasyon,2026-05-02
Colin Kokulu Mum 190 gr,1749.99,Dekorasyon,2026-05-02
Colin Set Yılbaşı Ağacı Süsü Gold,1399.99,Dekorasyon,2026-05-02
Colorful Lines Kağıt İp Sepet Kırmızı,1999.99,Dekorasyon,2026-05-02
Colorful Striped Kağıt İp Abajur Kırmızı - Krem,6999.99,Dekorasyon,2026-05-02
Colorful Striped Kağıt İp Dekoratif Kutu 18x18x8cm Kırmızı,3999.99,Dekorasyon,2026-05-02
Colorful Striped Kağıt İp Dekoratif Kutu Lacivert,2449.99,Dekorasyon,2026-05-02
Colorful Striped Kağıt İp Fener Mavi,4999.99,Dekorasyon,2026-05-02
Comfycover Triko Kırlent Kılıfı Antrasit,1349.99,Dekorasyon,2026-05-02
Corallium Nakışlı Kırlent Kılıfı Beyaz,1399.99,Dekorasyon,2026-05-02
Corallo Dekoratif Kase Bej,4499.99,Dekorasyon,2026-05-02
Corallo Punch Nakışlı Kırlent Kılıfı 45x45 cm Mavi - Yeşil,3249.99,Dekorasyon,2026-05-02
Cornflower Tek Dal Yapay Çiçek 64 cm Beyaz,1499.99,Dekorasyon,2026-05-02
Cornflower Tek Dal Yapay Çiçek 64 cm Koyu Mavi,1499.99,Dekorasyon,2026-05-02
Cornflower Tek Dal Yapay Çiçek 64 cm Mavi,279.99,Dekorasyon,2026-05-02
Corsage Kumaş Tek Dal Yapay Çiçek Beyaz,1499.99,Dekorasyon,2026-05-02
Corsage Kumaş Tek Dal Yapay Çiçek Koyu Pembe,1249.99,Dekorasyon,2026-05-02
Crabapple Branch Tek Dal Yapay Çiçek 21 cm Kırmızı,1999.99,Dekorasyon,2026-05-02
Crabapple Branch Tek Dal Yapay Çiçek 75 cm Pembe,2499.99,Dekorasyon,2026-05-02
"Creil Vazo 10x10x8,5 cm Mavi",1477.45,Dekorasyon,2026-05-02
Crown Seramik Vazo Antrasit,2159.99,Dekorasyon,2026-05-02
Cubic Abajur 30 cm Turuncu,1119.99,Dekorasyon,2026-05-02
Cubic Seramik Abajur Yeşil,1169.99,Dekorasyon,2026-05-02
Cuddly Biblo 11 cm Kırmızı,719.99,Dekorasyon,2026-05-02
Curl Pelüş Sıcak Su Torbası Pembe,2999.99,Dekorasyon,2026-05-02
Cute Birds Polyresin Biblo Siyah,319.99,Dekorasyon,2026-05-02
Cute Cow Bebe Dekoratif Kırlent 45x45 cm Ekru,2499.99,Dekorasyon,2026-05-02
Cute Dogs Pelüş Sıcak Su Torbası Kahverengi,2999.99,Dekorasyon,2026-05-02
Cute Panda Bebe Dekoratif Kırlent 45x45 cm Ekru,2999.99,Dekorasyon,2026-05-02
Cutlery Biblo 11 cm Kırmızı,1119.99,Dekorasyon,2026-05-02
Cyrstal Cam Şamdan Amber,2849.99,Dekorasyon,2026-05-02
"Dahlia Biblo 13,5 cm Kırmızı",419.99,Dekorasyon,2026-05-02
Daisy Bebe Pelüş Dekoratif Kırlent 40 cm Beyaz,3499.99,Dekorasyon,2026-05-02
Daisy Love Dekoratif Kırlent 33x50 cm Natural,699.99,Dekorasyon,2026-05-02
Daisy Tek Dal Yapay Çiçek 60 cm Açık Pembe,1299.99,Dekorasyon,2026-05-02
Daisy Tek Dal Yapay Çiçek 60 cm Kırmızı,1299.99,Dekorasyon,2026-05-02
Daisy Tek Dal Yapay Çiçek 60 cm Turuncu,1299.99,Dekorasyon,2026-05-02
Daisy Tek Dal Yapay Çiçek Açık Mor,1399.99,Dekorasyon,2026-05-02
Daisy Tek Dal Yapay Çiçek Mor,1399.99,Dekorasyon,2026-05-02
Daisy Tek Dal Yapay Çiçek Pembe,1399.99,Dekorasyon,2026-05-02
Daisy Tek Dal Yapay Çiçek Turuncu,1199.99,Dekorasyon,2026-05-02
Daisy Çerçeve 13x18 cm Beyaz,3499.99,Dekorasyon,2026-05-02
Dalia Alüminyum Dekoratif Gold,479.99,Dekorasyon,2026-05-02
Damsk Biblo 14 cm Beyaz,3499.99,Dekorasyon,2026-05-02
Dandelion Tek Dal Yapay Çiçek Gül Kurusu,1249.99,Dekorasyon,2026-05-02
Dandelion Tek Dal Yapay Çiçek Lila,1249.99,Dekorasyon,2026-05-02
Dandelion Tek Dal Yapay Çiçek Mint,1249.99,Dekorasyon,2026-05-02
Dandelion Tek Dal Yapay Çiçek Şampanya,1249.99,Dekorasyon,2026-05-02
Danny Duvar Aksesuarı 15x20 cm Gold,3749.99,Dekorasyon,2026-05-02
Danny Porselen Dekoratif Aydınlatma Beyaz,1759.99,Dekorasyon,2026-05-02
Dare Biblo 32 cm Beyaz,3249.99,Dekorasyon,2026-05-02
Daria Alüminyum Dekoratif Siyah,4499.99,Dekorasyon,2026-05-02
Darwin Biblo Siyah - Beyaz,1499.99,Dekorasyon,2026-05-02
Delhi Kırlent Kılıfı 43x43 cm Hardal,1999.99,Dekorasyon,2026-05-02
Delhi Kırlent Kılıfı 43x43 cm Yeşil,1999.99,Dekorasyon,2026-05-02
Deluxe Aynalı Tepsi Gold,3999.99,Dekorasyon,2026-05-02
Deluxe Cam Dekoratif Kutu Gold,4499.99,Dekorasyon,2026-05-02
Deluxe Dekoratif Kase 28x28x14 cm Silver,7999.99,Dekorasyon,2026-05-02
Deluxe Dekoratif Kase Gold,7999.99,Dekorasyon,2026-05-02
Deluxe Jakarlı Dekoratif Kırlent 35x55 cm Ekru,559.99,Dekorasyon,2026-05-02
Deluxe Jakarlı Dekoratif Kırlent 35x55 cm Krem,639.99,Dekorasyon,2026-05-02
Deluxe Roses Tek Dal Yapay Çiçek Beyaz,1399.99,Dekorasyon,2026-05-02
Denver Kağıt İp Abajur 25x20 cm Natural-Siyah,1439.99,Dekorasyon,2026-05-02
Denver Kağıt İp Dekoratif Tepsi Natural-Siyah,3999.99,Dekorasyon,2026-05-02
Dessa Hasır Sepet Naturel,699.99,Dekorasyon,2026-05-02
"Dessa Mumluk 6,5 cm Beyaz",419.99,Dekorasyon,2026-05-02
"Destin Dekoratif Obje 13,5 cm Gold",350.0,Dekorasyon,2026-05-02
Dia Duvar Aksesuarı 28x24 cm Gold,1039.99,Dekorasyon,2026-05-02
Diaz Kapı Süsü 18 cm Yeşil,1399.99,Dekorasyon,2026-05-02
Dice Dekoratif Kırlent 20x20 cm Siyah,494.99,Dekorasyon,2026-05-02
Dice Dekoratif Obje 6x6x6 cm Kahve,419.99,Dekorasyon,2026-05-02
"Dice Oyun 9x6,5x4 cm Kahve",524.99,Dekorasyon,2026-05-02
Dice Pelüş Dekoratif Kırlent 20x20 cm Beyaz,3499.99,Dekorasyon,2026-05-02
Dice Pelüş Dolgulu Kırlent 20x20 cm Açık Kahverengi,3499.99,Dekorasyon,2026-05-02
Dita Kapı Süsü 30 cm Yeşil,3499.99,Dekorasyon,2026-05-02
Doris Dekoratif Tepsi Naturel,3999.99,Dekorasyon,2026-05-02
Dorothy Metal Çerçeve Silver,323.99,Dekorasyon,2026-05-02
Dorothy Çerçeve Gold,359.99,Dekorasyon,2026-05-02
Dream Dolgulu Kırlent 33x50 cm Multicolor,699.99,Dekorasyon,2026-05-02
Edela Metal Çerçeve Siyah,1299.95,Dekorasyon,2026-05-02
Elegance Chic Koltuk Şalı 130x170 cm Gri,5999.99,Dekorasyon,2026-05-02
Elegant Flower Tek Dal Yapay Çiçek 4 Mor,849.95,Dekorasyon,2026-05-02
Elephant Alüminyum Biblo 18 cm Siyah,4999.99,Dekorasyon,2026-05-02
Elephant Biblo Kahverengi,3999.99,Dekorasyon,2026-05-02
Elephant Biblo Krem,4999.99,Dekorasyon,2026-05-02
Elis Dekoratif Kırlent Beyaz,1499.99,Dekorasyon,2026-05-02
Elisa Cam Kum Saati Mavi,1999.99,Dekorasyon,2026-05-02
Ellie Dekoratif Kırlent 45x45 cm Bronz,3249.99,Dekorasyon,2026-05-02
Elsie Çerçeve Gold,1299.99,Dekorasyon,2026-05-02
Elsie Çerçeve Silver,2499.99,Dekorasyon,2026-05-02
Elsie Çerçeve Siyah,1749.99,Dekorasyon,2026-05-02
Embrance Triko Kırlent Kılıfı Antrasit,1749.99,Dekorasyon,2026-05-02
Embrance Triko Kırlent Kılıfı Gri,1749.99,Dekorasyon,2026-05-02
Esta Çerçeve Silver,244.99,Dekorasyon,2026-05-02
Eterna Nakışlı Dekoratif Kırlent 33x50 cm Ekru,2749.99,Dekorasyon,2026-05-02
Eucalyptus Spray Tek Dal Yapay Çiçek Turuncu,2249.99,Dekorasyon,2026-05-02
Eucalyptus Tek Dal Yapay Çiçek Yeşil,1399.99,Dekorasyon,2026-05-02
Eva Buhurdanlık Kahve,494.99,Dekorasyon,2026-05-02
Everfest Varak Baskılı Kırlent Kılıfı 45x45 cm Ekru,519.99,Dekorasyon,2026-05-02
Exotic Terra Kokulu Mum 120 gr Şeffaf,1999.99,Dekorasyon,2026-05-02
Fancy Cam 30 Dk Kum Saati Gold,1999.99,Dekorasyon,2026-05-02
Fancy Dekoratif Kırlent 35x55 cm Pembe - Yeşil,2749.99,Dekorasyon,2026-05-02
Fancy Katlanabilir Sepet Bej,1749.99,Dekorasyon,2026-05-02
Fancy Striped Jakarlı Dekoratif Kırlent 35x55 cm Ekru-Bej,2499.99,Dekorasyon,2026-05-02
Fancy  Square Koltuk Şalı 120x160 cm Bej,2999.99,Dekorasyon,2026-05-02
Fancy  Square Koltuk Şalı 120x160 cm Bordo,419.99,Dekorasyon,2026-05-02
Faultier Bebe Dekoratif Kırlent 35x55 cm Açık Gri,3749.99,Dekorasyon,2026-05-02
Felicita Çerçeve Gold,314.99,Dekorasyon,2026-05-02
Felicita Çerçeve Silver,1749.99,Dekorasyon,2026-05-02
Fig Branch Tek Dal Yapay Çiçek 33 cm Mor,2499.99,Dekorasyon,2026-05-02
Fig branch Tek Dal Yapay Çiçek 82 cm Bordo,384.99,Dekorasyon,2026-05-02
Fig branch Tek Dal Yapay Çiçek 82 cm Pembe,494.99,Dekorasyon,2026-05-02
Fiora Kırlent Kılıfı 45x45 cm Bordo,419.99,Dekorasyon,2026-05-02
Fiyonklu Dekoratif Kırlent Bordo,350.0,Dekorasyon,2026-05-02
Fiyonklu Dekoratif Kırlent Gold,539.99,Dekorasyon,2026-05-02
Flair Masa Saati Siyah,699.99,Dekorasyon,2026-05-02
Flena Metal Dekoratif Kase Gold,5999.99,Dekorasyon,2026-05-02
"Flore Kağıt İp Sepet 1,5 cm Turuncu",4999.99,Dekorasyon,2026-05-02
Floret Buhurdanlık Beyaz,2499.99,Dekorasyon,2026-05-02
"Flower Branch Duvar Aksesuarı 13,5x3x35 cm Turuncu",6499.99,Dekorasyon,2026-05-02
Flower Bunch Tek Dal Yapay Çiçek Bordo,1299.99,Dekorasyon,2026-05-02
"Flower Duvar Aksesuarı 17,5x5,5x34,5 cm Bej",1169.99,Dekorasyon,2026-05-02
Flower Joy Koltuk Şalı 120x160 cm Hardal,2999.99,Dekorasyon,2026-05-02
Flower Joy Koltuk Şalı 120x160 cm Kahve,524.99,Dekorasyon,2026-05-02
Flower Kırlent Kılıfı 45x45 cm Multicolor,279.99,Dekorasyon,2026-05-02
"Flowers Duvar Aksesuarı 17,5x5x34,5 cm Bej",7999.99,Dekorasyon,2026-05-02
Flowers Polyresin Duvar Aksesuarı Bej,4499.99,Dekorasyon,2026-05-02
Flowery Dekoratif Tepsi 30x42 cm Krem,3999.99,Dekorasyon,2026-05-02
"Flowery Duvar Aksesuarı 13,5x3,5x34,5 cm Turuncu",779.99,Dekorasyon,2026-05-02
Flowery Hurç Beyaz,749.95,Dekorasyon,2026-05-02
Fluffy Kırlent Kılıfı 45x45 cm Gri,2499.99,Dekorasyon,2026-05-02
Fluffy Pelüş Kırlent Kılıfı 45x45 cm Açık Kahverengi,2499.99,Dekorasyon,2026-05-02
Fluffy Pelüş Kırlent Kılıfı 45x45 cm Vişne,349.99,Dekorasyon,2026-05-02
Fluffy Pelüş Sıcak Su Torbası Pudra,2499.99,Dekorasyon,2026-05-02
Fluffy Pv Pelüş Kırlent Kılıfı Haki,1999.99,Dekorasyon,2026-05-02
Freda Seramik Buhurdanlık Yeşil,2799.99,Dekorasyon,2026-05-02
Fringe Jakarlı Dekoratif Kırlent 35x50 cm Ekru-Siyah,2499.99,Dekorasyon,2026-05-02
Frost Dekoratif Kırlent 35x50 cm Ekru,4999.99,Dekorasyon,2026-05-02
Fruit Branch Tek Dal Yapay Çiçek 63 cm Pembe,1199.99,Dekorasyon,2026-05-02
Fruit Spray Tek Dal Yapay Çiçek 73 cm Beyaz,1999.99,Dekorasyon,2026-05-02
Fruit Spray Tek Dal Yapay Çiçek 73 cm Kahve,1499.99,Dekorasyon,2026-05-02
Fruit Spray Tek Dal Yapay Çiçek 73 cm Kırmızı,1499.99,Dekorasyon,2026-05-02
Fruit Spray Tek Dal Yapay Çiçek 73 cm Turuncu,1999.99,Dekorasyon,2026-05-02
Fruıt Spray Tek Dal Yapay Çiçek Sarı,1199.99,Dekorasyon,2026-05-02
Fun Koltuk Şalı 130x170 cm Siyah - Beyaz,5999.99,Dekorasyon,2026-05-02
Fırfırlı Sandalye Minderi 40x40 cm Bej,2499.99,Dekorasyon,2026-05-02
Fırfırlı Sandalye Minderi 40x40 cm Hardal,2499.99,Dekorasyon,2026-05-02
Fırfırlı Sandalye Minderi 40x40 cm Kiremit,2499.99,Dekorasyon,2026-05-02
Gabby Çerçeve 13x18 cm Kahve,2249.99,Dekorasyon,2026-05-02
Gage Dijital Kırlent Kılıfı Mürdüm,2249.99,Dekorasyon,2026-05-02
Galio Dijital Kırlent Kılıfı Su Yeşili,2249.99,Dekorasyon,2026-05-02
Galya Alüminyum Dekoratif Tepsi Gold,7499.99,Dekorasyon,2026-05-02
Gemma Triko Kırlent Kılıfı Lacivert,749.95,Dekorasyon,2026-05-02
Geometric Kırlent 45x45 cm Kahverengi,1999.99,Dekorasyon,2026-05-02
Gia Koltuk Şalı 140x170 cm Multicolor,5999.99,Dekorasyon,2026-05-02
"Giftbox Mum 7,5 cm Kırmızı",1274.9,Dekorasyon,2026-05-02
Gina Bambu Saklama Kutusu Açık Kahverengi,2499.99,Dekorasyon,2026-05-02
Gina Bambu Saklama Kutusu Kahve,629.99,Dekorasyon,2026-05-02
Gina Bambu Sepet Açık Kahverengi,239.99,Dekorasyon,2026-05-02
Gina Bambu Sepet Koyu Kahverengi,1299.99,Dekorasyon,2026-05-02
Gina Jakarlı Dekoratif Kırlent Mürdüm,2499.99,Dekorasyon,2026-05-02
Glacier Mum 8 cm Gold,4499.99,Dekorasyon,2026-05-02
"Glam Metal Dekoratif Obje 27,5 cm Gold",6499.99,Dekorasyon,2026-05-02
Glam Mum 3 cm Kırmızı,1274.9,Dekorasyon,2026-05-02
Glamour Metal Dekoratif Obje Gold,1439.99,Dekorasyon,2026-05-02
Glare Alüminyum Dekoratif Tepsi Gold,5999.99,Dekorasyon,2026-05-02
"Glen Metal Vazo 23,5 cm Gold",719.99,Dekorasyon,2026-05-02
Glen Vazo 16x16x14cm Sarı,3999.99,Dekorasyon,2026-05-02
Glitter Çerçeveli Yılbaşı Ağaç Süsü Gold,999.99,Dekorasyon,2026-05-02
Glitz Dekoratif Kutu Bronz,3299.99,Dekorasyon,2026-05-02
Gloria Metal Vazo 32 cm Gold,8999.99,Dekorasyon,2026-05-02
Gloria Metal Çerçeve Silver,1999.99,Dekorasyon,2026-05-02
Glory Metal Vazo 29 cm Gold,4999.99,Dekorasyon,2026-05-02
Glossy Cam Bölmeli Takı Kutusu Gold,3249.99,Dekorasyon,2026-05-02
Glossy Cam Dekoratif Kutu Gold,699.99,Dekorasyon,2026-05-02
Glossy Metal Vazo 15 cm Gold,539.99,Dekorasyon,2026-05-02
Glow Metal Vazo 29 cm Gold,1079.99,Dekorasyon,2026-05-02
Gomphrena Tek Dal Yapay Çiçek Koyu Pembe,1299.99,Dekorasyon,2026-05-02
Grace Koltuk Şalı 130x170 cm Multicolor,3999.99,Dekorasyon,2026-05-02
Grace Şamdan Koyu Kahverengi,2499.99,Dekorasyon,2026-05-02
Grass Ball Tek Dal Yapay Çiçek Turuncu,849.95,Dekorasyon,2026-05-02
Grass Bush Tek Dal Yapay Çiçek Beyaz,1549.99,Dekorasyon,2026-05-02
Grass Bush Tek Dal Yapay Çiçek Kahve,1499.99,Dekorasyon,2026-05-02
Grass Bush Tek Dal Yapay Çiçek Krem,1299.99,Dekorasyon,2026-05-02
Grass Bush Tek Dal Yapay Çiçek Mürdüm,1299.99,Dekorasyon,2026-05-02
Grass Bush Tek Dal Yapay Çiçek Pembe,1499.99,Dekorasyon,2026-05-02
Grass Bush Tek Dal Yapay Çiçek Siyah,1299.99,Dekorasyon,2026-05-02
Grass Bush Tek Dal Yapay Çiçek Şampanya,1199.99,Dekorasyon,2026-05-02
Grass Spray Tek Dal Yapay Çiçek Sarı,1999.99,Dekorasyon,2026-05-02
Grassy Tek Dal Yapay Çiçek Gül Kurusu,1399.99,Dekorasyon,2026-05-02
Grassy Tek Dal Yapay Çiçek Kahve,1399.99,Dekorasyon,2026-05-02
Grassy Tek Dal Yapay Çiçek Lila,1399.99,Dekorasyon,2026-05-02
Grassy Tek Dal Yapay Çiçek Mint,1399.99,Dekorasyon,2026-05-02
Grid Çift Taraflı Kırlent Kılıfı 45x45 cm Lacivert – Yeşil,1749.99,Dekorasyon,2026-05-02
"Grön Dekoratif Tepsi 17x16,3x3 cm Gold",2499.99,Dekorasyon,2026-05-02
Halley Tek Dal Yapay Çiçek 120 cm Yeşil,879.99,Dekorasyon,2026-05-02
Halona Tek Dal Yapay Çiçek 25 cm Kırmızı - Yeşil,1199.99,Dekorasyon,2026-05-02
Hana Dokuma Kırlent Kılıfı Kırmızı - Yeşil,2749.99,Dekorasyon,2026-05-02
Hana Mum 9 cm Kırmızı,1749.99,Dekorasyon,2026-05-02
Happy Bear Pelüş Bebe Dekoratif Kırlent 35x26 cm Kahve,2499.99,Dekorasyon,2026-05-02
"Happy Snowman Kar Küresi 6,5x8,3x9 cm Beyaz",454.99,Dekorasyon,2026-05-02
Hardwood Bambu Saklama Kutusu Kahve,2999.99,Dekorasyon,2026-05-02
Harmon Çerçeve Açık Kahverengi,1499.99,Dekorasyon,2026-05-02
Harmony Dolgulu Kırlent 35x50 cm Bej,4999.99,Dekorasyon,2026-05-02
"Harry Metal Masa Saati 7,5 cm Gold",979.99,Dekorasyon,2026-05-02
Hayden Metal Masa Saati 9 cm Krem,4999.99,Dekorasyon,2026-05-02
Helena Cam Vazo Lacivert,2999.99,Dekorasyon,2026-05-02
Hera Dekoratif Tepsi 16x26 cm Kırmızı,1499.99,Dekorasyon,2026-05-02
Hera Dolomite Vazo Lila,584.99,Dekorasyon,2026-05-02
Hera Dolomite Vazo Mint,3499.99,Dekorasyon,2026-05-02
Hera Kokulu Mum 170 g Beyaz,1149.99,Dekorasyon,2026-05-02
Hera Çerçeve 13x18 cm Pembe,299.99,Dekorasyon,2026-05-02
"Hilary Metal Dekoratif Tepsi 5,5 cm Gold",4999.99,Dekorasyon,2026-05-02
Hipopotam Pelüş Sıcak Su Torbası Gri,2249.99,Dekorasyon,2026-05-02
"Hira Metal Dekoratif Tepsi 5,5 cm Gold",1079.99,Dekorasyon,2026-05-02
Hokipa Dekoratif Kırlent 44x39 cm Yeşil,5499.99,Dekorasyon,2026-05-02
Hollya Kırlent Kılıfı 45x45 cm Kırmızı,1999.99,Dekorasyon,2026-05-02
Honewort Kumaş Tek Dal Yapay Çiçek Beyaz - Yeşil,999.99,Dekorasyon,2026-05-02
Honewort Kumaş Tek Dal Yapay Çiçek Yeşil,1499.99,Dekorasyon,2026-05-02
Horizon Kırlent Kılıfı 45x45 cm Renkli,503.99,Dekorasyon,2026-05-02
Hortensia Hurç Açık Gri,749.95,Dekorasyon,2026-05-02
Hortensia Tek Dal Yapay Çiçek Açık Mor,1199.99,Dekorasyon,2026-05-02
Hortensia Tek Dal Yapay Çiçek Beyaz,1199.99,Dekorasyon,2026-05-02
Hortensia Tek Dal Yapay Çiçek Mavi,1199.99,Dekorasyon,2026-05-02
Hortensia Tek Dal Yapay Çiçek Yeşil,1199.99,Dekorasyon,2026-05-02
Hortensia Tek Dal Yapay Çiçek Şampanya,1199.99,Dekorasyon,2026-05-02
Houndstooth Koltuk Şalı 130x170 cm Turuncu,959.99,Dekorasyon,2026-05-02
Hypnosis Kırlent 45x45 cm Kahverengi,1499.99,Dekorasyon,2026-05-02
Hypnosis Kırlent 45x45 cm Pembe,1999.99,Dekorasyon,2026-05-02
"Ida Metal Masa Aynası 8,5 cm Gold",8999.99,Dekorasyon,2026-05-02
"Ilda Metal Mum Söndürme Aleti 5,5 cm Gold",539.99,Dekorasyon,2026-05-02
Ivory Koltuk Şalı 140x170 cm Ekru,6999.99,Dekorasyon,2026-05-02
Jada Kapı Süsü 23 cm Kırmızı - Yeşil,2749.99,Dekorasyon,2026-05-02
Jean Vazo Multicolor,899.99,Dekorasyon,2026-05-02
Jesse Tek Dal Yapay Çiçek 120 cm Yeşil,879.99,Dekorasyon,2026-05-02
Jesy Cam Vazo Siyah,1949.99,Dekorasyon,2026-05-02
Jolly Metal Çerçeve 10x15 cm Bordo,2249.99,Dekorasyon,2026-05-02
Jona Stoneware Dekoratif 10x10x6 cm Multicolor,2249.99,Dekorasyon,2026-05-02
Jonah Stoneware Dekoratif 10x10x6 cm Multicolor,2249.99,Dekorasyon,2026-05-02
Jorda Stoneware Vazo 20 cm Multicolor,809.99,Dekorasyon,2026-05-02
Jude Metal Çerçeve 10x15 cm Pudra,2249.99,Dekorasyon,2026-05-02
Judie Çerçeve Gold,2249.99,Dekorasyon,2026-05-02
Julia Dolgulu Kırlent Lacivert,1499.99,Dekorasyon,2026-05-02
Julie Seramik Vazo 12x12x14 cm Kahve - Bej,559.99,Dekorasyon,2026-05-02
Juliet Seramik Vazo 15x15x21 cm Bej,979.99,Dekorasyon,2026-05-02
Jullia Seramik Vazo 19x19x13 cm Bej,6499.99,Dekorasyon,2026-05-02
Jullia Stoneware Vazo 11 cm Multicolor,1999.99,Dekorasyon,2026-05-02
July Stoneware Dekoratif 10x10x10 cm Multicolor,539.99,Dekorasyon,2026-05-02
"Kado Biblo 10,5x10,5x9,5cm Kırmızı",1499.99,Dekorasyon,2026-05-02
"Kado Biblo 10,5x10,5x9,5cm Turuncu",1499.99,Dekorasyon,2026-05-02
Kalida Dekoratif Obje 29 cm Kırmızı,4999.99,Dekorasyon,2026-05-02
Kalida Metal Abajur 24 cm Bej,5999.99,Dekorasyon,2026-05-02
Kalida Metal Abajur 24 cm Bordo,3999.99,Dekorasyon,2026-05-02
Kalida Metal Abajur 24 cm Lacivert,3999.99,Dekorasyon,2026-05-02
Kalida Metal Abajur 24 cm Yeşil,839.99,Dekorasyon,2026-05-02
Kalida Çerçeve 10x15 cm Pembe,1749.99,Dekorasyon,2026-05-02
Kalida Çerçeve 13x18 cm Yeşil,3049.99,Dekorasyon,2026-05-02
Kalpli Pelüş Dekoratif Kırlent Bordo,2999.99,Dekorasyon,2026-05-02
Kalpli Pelüş Dekoratif Kırlent Pudra,479.99,Dekorasyon,2026-05-02
Karen Metal Çerçeve 10x10 cm Gold,1999.99,Dekorasyon,2026-05-02
Karen Stoneware Çerçeve 10x10 cm Multicolor,2999.99,Dekorasyon,2026-05-02
Karin Stoneware Çerçeve 10x10 cm Multicolor,2999.99,Dekorasyon,2026-05-02
"Karina Cam Dekoratif Kase 8,5 cm Kahve",3999.99,Dekorasyon,2026-05-02
Karina Stoneware Çerçeve 10x10 cm Multicolor,479.99,Dekorasyon,2026-05-02
Karine Stoneware Çerçeve 8x8 cm Multicolor,2999.99,Dekorasyon,2026-05-02
"Karla Dekoratif Kutu 21x13x8,5 cm Kahve",4999.99,Dekorasyon,2026-05-02
Karla Porselen Vazo 26 cm Bej,1119.99,Dekorasyon,2026-05-02
Karla Stoneware Çerçeve 8x8 cm Multicolor,2999.99,Dekorasyon,2026-05-02
Karme Çerçeve Krem,1999.99,Dekorasyon,2026-05-02
Karmin Vazo 14 cm Kahve,3999.99,Dekorasyon,2026-05-02
Katie Dekoratif Kutu Kahve,4749.99,Dekorasyon,2026-05-02
"Kayla Seramik Vazo 15,5 cm Bej - Kırmızı",3499.99,Dekorasyon,2026-05-02
Kayle Dekoratif Obje 13 cm Siyah,3999.99,Dekorasyon,2026-05-02
Keira Vazo Siyah,8999.99,Dekorasyon,2026-05-02
"Kelsey Dekoratif Obje 14,5 cm Beyaz",1279.99,Dekorasyon,2026-05-02
Kelsey Porselen Vazo 24 cm Kahve,6999.99,Dekorasyon,2026-05-02
Kerry Cam Dekoratif Obje 16 cm Multicolor,3999.99,Dekorasyon,2026-05-02
Kerry Dekoratif Obje Gold,1439.99,Dekorasyon,2026-05-02
Kety Cam Dekoratif Obje 20 cm Multicolor,899.99,Dekorasyon,2026-05-02
Kety Vazo 12 cm Krem,1079.99,Dekorasyon,2026-05-02
Kety Çerçeve 10x15 cm Kahverengi,2249.99,Dekorasyon,2026-05-02
Kitten Cam Dekoratif Obje 22 cm Multicolor,4999.99,Dekorasyon,2026-05-02
Kitty Cam Dekoratif Obje 21 cm Multicolor,4999.99,Dekorasyon,2026-05-02
Kitty Dekoratif Aydınlatma 10 cm Kırmızı - Beyaz,489.99,Dekorasyon,2026-05-02
Knit Splay Örgü Puf Siyah,4999.99,Dekorasyon,2026-05-02
Kokina Pinecone Tek Dal Yapay Çiçek Kırmızı,1199.99,Dekorasyon,2026-05-02
Kokina Tek Dal Yapay Çiçek Kırmızı,1749.99,Dekorasyon,2026-05-02
Koral Dekoratif Obje Gold,719.99,Dekorasyon,2026-05-02
Kozo Kırlent Kılıfı 45x45 cm Bordo,400.0,Dekorasyon,2026-05-02
Kozo Kırlent Kılıfı 45x45 cm Lacivert,1999.99,Dekorasyon,2026-05-02
Kozo Kırlent Kılıfı 45x45 cm Yeşil,1999.99,Dekorasyon,2026-05-02
Krina Dekoratif Kutu Krem,1199.99,Dekorasyon,2026-05-02
Kuzu Unisex Bebe Dekoratif Kırlent Ekru,1749.99,Dekorasyon,2026-05-02
Labrador Goblen Kırlent Kılıfı Siyah,1499.99,Dekorasyon,2026-05-02
Lace Damask Hurç Beyaz,749.95,Dekorasyon,2026-05-02
Lace Örgü Sepet Ekru,629.99,Dekorasyon,2026-05-02
Laces Dekoratif Aydınlatma 12 cm Kırmızı - Beyaz,350.0,Dekorasyon,2026-05-02
Lacita Dekoratif Aydınlatma 15 cm Kırmızı - Beyaz,314.99,Dekorasyon,2026-05-02
Lacita Çerçeve Kahverengi,1499.99,Dekorasyon,2026-05-02
Lara Seramik Dekoratif Aksesuar 21x21x9 cm Multicolor,1049.99,Dekorasyon,2026-05-02
Lara Çerçeve 10x15 cm Bej,1999.99,Dekorasyon,2026-05-02
Larissa Seramik Dekoratif Obje 26x26x12cm Multicolor,12499.99,Dekorasyon,2026-05-02
"Lattice Seramik Vazo 17x12x14,5 Multicolor",5499.99,Dekorasyon,2026-05-02
Lau Kırlent Kılıfı Bej,1499.99,Dekorasyon,2026-05-02
Laura Seramik Vazo Multicolor,9999.99,Dekorasyon,2026-05-02
Laure Ayna 13x18 cm Kahverengi,2999.99,Dekorasyon,2026-05-02
Laurel Seramik Vazo Multicolor,1439.99,Dekorasyon,2026-05-02
Lauren Seramik Vazo Multicolor,2399.99,Dekorasyon,2026-05-02
Lavina Cam 3lü Vazo Bordo,2499.99,Dekorasyon,2026-05-02
Lavina Cam 3lü Vazo Yeşil,2499.99,Dekorasyon,2026-05-02
"Lavina Vazo 21,5 cm Krem",1119.99,Dekorasyon,2026-05-02
Lazio Tek Dal Yapay Çiçek 70 cm Turuncu,1199.99,Dekorasyon,2026-05-02
Lea Dolgulu Kırlent 35x55 cm Ekru,2999.99,Dekorasyon,2026-05-02
Leaf Metal Yılbaşı Ağaç Süsü 9x4 cm Gold,999.95,Dekorasyon,2026-05-02
"Leafs Duvar Aksesuarı 15x3x32,5 cm Bej",1079.99,Dekorasyon,2026-05-02
Leafy Stoneware Vazo Gri - Yeşil,1599.99,Dekorasyon,2026-05-02
Leafy Tek Dal Yapay Çiçek Beyaz,849.95,Dekorasyon,2026-05-02
Lema Dekoratif Tepsi Kahverengi,629.99,Dekorasyon,2026-05-02
Lenore Kağıt İp Abajur Natural,7999.99,Dekorasyon,2026-05-02
Leopura Dekoratif Kırlent 45x45 cm Açık Kahverengi,599.99,Dekorasyon,2026-05-02
Leopura Dekoratif Kırlent 45x45 cm Bej,5999.99,Dekorasyon,2026-05-02
Leopura Dekoratif Kırlent 45x45 cm Kahve,599.99,Dekorasyon,2026-05-02
Lerca Triko Kırlent Kılıfı 40x40 cm Antrasit,999.99,Dekorasyon,2026-05-02
Levina Mdf Çerçeve Kahve – Gold,279.99,Dekorasyon,2026-05-02
Liana Mdf Çerçeve 10x15 cm Mavi,2499.99,Dekorasyon,2026-05-02
Lierre Çerçeve 15x20 cm Kırmızı,1499.99,Dekorasyon,2026-05-02
Light 3lü Cam Kandil Fitili,699.95,Dekorasyon,2026-05-02
Lilie Şamdan Krem,3499.99,Dekorasyon,2026-05-02
Lilly Mdf Çerçeve 15x15 cm Bej,1999.99,Dekorasyon,2026-05-02
Lilly Mdf Çerçeve 15x15 cm Lila,1999.99,Dekorasyon,2026-05-02
Lily Tek Dal Yapay Çiçek 70 cm Fildişi,1749.99,Dekorasyon,2026-05-02
Lily Tek Dal Yapay Çiçek 70 cm Pembe,1999.99,Dekorasyon,2026-05-02
Lina Mdf Çerçeve 13x13 cm Bej,2499.99,Dekorasyon,2026-05-02
Lineta Dekoratif Kırlent 40x40 cm Açık Kahverengi,2999.99,Dekorasyon,2026-05-02
Lineta Dekoratif Kırlent 40x40 cm Kahve,559.99,Dekorasyon,2026-05-02
Liora Dolgulu Kırlent 35x50 cm Pembe,699.99,Dekorasyon,2026-05-02
Little Monkey Pelüş Sıcak Su Torbası Bej,2999.99,Dekorasyon,2026-05-02
Little Penguin Bebe Uyku Arkadaşı Gri,1749.99,Dekorasyon,2026-05-02
"Little Penguin Mum 5,5x6,5x9,8 cm Renkli",1499.99,Dekorasyon,2026-05-02
Little Penguin Pelüş Sıcak Su Torbası Ekru,2999.99,Dekorasyon,2026-05-02
Liza Metal Dekoratif Tepsi Silver,639.99,Dekorasyon,2026-05-02
Liza Vazo Sarı,9999.99,Dekorasyon,2026-05-02
Loop Dekoratif Obje 11x11 cm Kahve,2499.99,Dekorasyon,2026-05-02
"Loretta Dekoratif Tepsi 25x25x15,5 cm Bronz",8999.99,Dekorasyon,2026-05-02
Loretta Kırlent Kılıfı 45x45 cm Multicolor,2999.99,Dekorasyon,2026-05-02
Love Bath Koltuk Şalı 130x170 cm Mavi - Gri,1999.99,Dekorasyon,2026-05-02
Love Bath Kırlent Kılıfı 45x45 cm Natural,2199.99,Dekorasyon,2026-05-02
Loya Dekoratif Kutu 15x10x6cm Gold,3999.99,Dekorasyon,2026-05-02
Loya Çerçeve 13x18 cm Beyaz,2249.99,Dekorasyon,2026-05-02
Lucent Koltuk Şalı Siyah,2249.99,Dekorasyon,2026-05-02
Luly Dekoratif Kutu Kahve,5999.99,Dekorasyon,2026-05-02
Luna Dekoratif Tepsi 16x26 cm Mavi,1999.99,Dekorasyon,2026-05-02
Luna Kokulu Mum 170 g Beyaz,1399.99,Dekorasyon,2026-05-02
Luna Çerçeve 13x18 cm Gri,299.99,Dekorasyon,2026-05-02
Lune Organizer 22x8x17 cm Yeşil,449.99,Dekorasyon,2026-05-02
Lunel Masa Saati 13 cm Siyah,3749.99,Dekorasyon,2026-05-02
Lusia Çerçeve 13x18 cm Bej,2499.99,Dekorasyon,2026-05-02
Lusia Çerçeve 13x18 cm Lacivert,2499.99,Dekorasyon,2026-05-02
Lusia Çerçeve 13x18 cm Yeşil,2499.99,Dekorasyon,2026-05-02
Luxwrap Triko Koltuk Şalı Açık Taş,7499.99,Dekorasyon,2026-05-02
Luxwrap Triko Koltuk Şalı Kiremit,7499.99,Dekorasyon,2026-05-02
Lyra Yılbaşı Ağacı Süsü Yeşil-Kırmızı,1299.99,Dekorasyon,2026-05-02
Magie Koltuk Şalı 130x170 cm Yeşil – Kırmızı,489.99,Dekorasyon,2026-05-02
"Magnifier Dekoratif Obje 16,5x11,5x5 cm Kahve",8999.99,Dekorasyon,2026-05-02
Mantha Vazo Gri,3749.99,Dekorasyon,2026-05-02
Marbling Dolgulu Kırlent 45x45 cm Bej – Bordo,3499.99,Dekorasyon,2026-05-02
Marca Dekoratif Aydınlatma 31 cm Gold,899.99,Dekorasyon,2026-05-02
Marca Dekoratif Aydınlatma 31 cm Silver,899.99,Dekorasyon,2026-05-02
Marca Metal Dekoratif Aydınlatma 31 cm Kahverengi,1199.99,Dekorasyon,2026-05-02
Marina Örgü Sepet Mavi-Beyaz,629.99,Dekorasyon,2026-05-02
Marine Lena Pamuk Kırlent Kılıfı Ekru,1499.99,Dekorasyon,2026-05-02
Marine Mia Dijital Baskı Kırlent Kılıfı 45x45 cm Mavi - Yeşil,1499.99,Dekorasyon,2026-05-02
Maris Vazo Yeşil,9999.99,Dekorasyon,2026-05-02
Marsel Vazo 19 cm Turkuaz,2249.99,Dekorasyon,2026-05-02
Marsha Seramik Vazo Bej,800.0,Dekorasyon,2026-05-02
Marsia Seramik Vazo 16 cm Bej,4999.99,Dekorasyon,2026-05-02
Marsia Vazo Mavi,899.99,Dekorasyon,2026-05-02
Marta Seramik Dekoratif Aksesuar15x15x4 cm Multicolor,479.99,Dekorasyon,2026-05-02
Marthe Vazo 35 cm Krem,12999.99,Dekorasyon,2026-05-02
Martina Dijital Kırlent Kılıfı Kırmızı,1249.99,Dekorasyon,2026-05-02
Marvin Metal Abajur Siyah,6999.99,Dekorasyon,2026-05-02
Maude Pelüş Sıcak Su Torbası 2L Kahverengi-Siyah,2999.99,Dekorasyon,2026-05-02
Melita Dekoratif Obje 30 cm Beyaz,1119.99,Dekorasyon,2026-05-02
Mensa Aynalı Tepsi Gold,959.99,Dekorasyon,2026-05-02
Mensa Çerçeve 13x18 cm Gold,2999.99,Dekorasyon,2026-05-02
Mensa Çerçeve 13x18 cm Silver,2499.99,Dekorasyon,2026-05-02
Merma Nakışlı Kırlent Kılıfı Lacivert,1249.99,Dekorasyon,2026-05-02
"Mica Askılı Aksesuar 23x8x14,5 cm Siyah",1499.99,Dekorasyon,2026-05-02
Midnight Koltuk Şalı 170x210 cm Siyah,479.99,Dekorasyon,2026-05-02
Mikrofiber Kırlent Kılıfı Mavi Beyaz,1249.99,Dekorasyon,2026-05-02
Mira Polyresin Ayna Kahve,719.99,Dekorasyon,2026-05-02
Mirena Kırlent Kılıfı 45x45 cm Siyah - Beyaz,3999.99,Dekorasyon,2026-05-02
Mirrory Dekoratif Tabak Gold,7499.99,Dekorasyon,2026-05-02
Mirrory Dekoratif Tabak Silver,10999.99,Dekorasyon,2026-05-02
Mocha Dekoratif Kırlent 45x45 cm Acı Kahve,899.99,Dekorasyon,2026-05-02
Mocha Dekoratif Kırlent Kılıfı 45x45 cm Kahve,959.99,Dekorasyon,2026-05-02
Modern Square Kağıt İp Sepet Kahve,3499.99,Dekorasyon,2026-05-02
Modern Square Kağıt İp Sepet Turuncu,3499.99,Dekorasyon,2026-05-02
Mona Mdf Çerçeve 10x15 cm Kahverengi,359.99,Dekorasyon,2026-05-02
Mona Polyresin Çerçeve Beyaz-Gold,494.99,Dekorasyon,2026-05-02
Monica Mdf Çerçeve Kahverengi,299.99,Dekorasyon,2026-05-02
Monna Mdf Çerçeve 10x15 cm Kiremit,1999.99,Dekorasyon,2026-05-02
Monstera Leaf Tek Dal Yapay Çiçek 110 cm Yeşil-mor,1299.99,Dekorasyon,2026-05-02
Monty Mdf Çerçeve 13x18 cm Kiremit,2499.99,Dekorasyon,2026-05-02
Moonbear Bebe Pelüş Dekoratif Kırlent 33x26 cm Koyu Kahverengi,1799.99,Dekorasyon,2026-05-02
Morava Dolgulu Kırlent 35x50 cm Siyah - Beyaz,799.99,Dekorasyon,2026-05-02
Morino Polyresin Çerçeve 10x15 cm Kahverengi,479.99,Dekorasyon,2026-05-02
Morisa Polyresin Çerçeve 12x12 cm Kahverengi,419.99,Dekorasyon,2026-05-02
Morro Dekoratif Kutu Açık Kahverengi,519.99,Dekorasyon,2026-05-02
Morro Dekoratif Kutu Kahverengi,639.99,Dekorasyon,2026-05-02
Mozaik Dekoratif Kırlent Ekru - Mavi,2249.99,Dekorasyon,2026-05-02
Mozaik Dekoratif Kırlent Ekru-Bordo,1999.99,Dekorasyon,2026-05-02
Muse Dekoratif Kırlent 35x55 cm Kahve,639.99,Dekorasyon,2026-05-02
Muse Dekoratif Kırlent 35x55 cm Krem,639.99,Dekorasyon,2026-05-02
Mushroom Bebe Pelüş Dekoratif Kırlent 31x27 cm Acı Kahve,2249.99,Dekorasyon,2026-05-02
Mushroom Bebe Pelüş Dekoratif Kırlent 31x27 cm Vizon,1999.99,Dekorasyon,2026-05-02
Mushroom Borosilikat Vazo Şeffaf,1999.99,Dekorasyon,2026-05-02
Naki Nakışlı Dekoratif Kırlent 33x50 cm Yeşil,2499.99,Dekorasyon,2026-05-02
Nara Koltuk Şalı 130x170 cm Multicolor,639.99,Dekorasyon,2026-05-02
Natural Cam 15 Dk Kum Saati Kahve,2249.99,Dekorasyon,2026-05-02
Neroli Orchid Kokulu Mum 270 G Şeffaf,1499.99,Dekorasyon,2026-05-02
Nila Duvar Aksesuarı 10 cm Gold,1499.99,Dekorasyon,2026-05-02
Noelia Kırlent Kılıfı 45x45 cm Kırmızı,1999.99,Dekorasyon,2026-05-02
North Pole Triko Kırlent Kılıfı Lacivert,749.95,Dekorasyon,2026-05-02
Nostalgia Dolgulu Kırlent 35x50 cm Bej,4499.99,Dekorasyon,2026-05-02
Nova Metal Çerçeve 10x15 cm Siyah,349.99,Dekorasyon,2026-05-02
"Novia Seramik Buhurdanlik 8x8x12,1 cm Krem",2499.99,Dekorasyon,2026-05-02
Nyla Çerçeve Siyah,1499.99,Dekorasyon,2026-05-02
Oil Cam Kandil Yağı Yeşil,749.95,Dekorasyon,2026-05-02
Olea Polyresin Çerçeve 13x18 cm Kahve,3499.99,Dekorasyon,2026-05-02
Olea Çerçeve Kahverengi,2249.99,Dekorasyon,2026-05-02
Olean Polyresin Çerçeve 13x18 cm Gold,3249.99,Dekorasyon,2026-05-02
Olena Polyresin Çerçeve 10x10 cm Kahve,384.99,Dekorasyon,2026-05-02
Olinda Çerçeve  Bordo,269.99,Dekorasyon,2026-05-02
Oliva Polyresin Dekoratif Obje Krem,439.99,Dekorasyon,2026-05-02
Olive Koltuk Şalı 130x170 cm Multicolor,3999.99,Dekorasyon,2026-05-02
Owl Biblo Kırmızı,1499.99,Dekorasyon,2026-05-02
Paisley Hurç Bej,749.95,Dekorasyon,2026-05-02
Paisly Kağıt İp Abajur 22x22x40 cm Natural-Siyah,6999.99,Dekorasyon,2026-05-02
Pamira Set Yılbaşı Ağacı Süsü Gold,539.99,Dekorasyon,2026-05-02
"Pan Askılı Aksesuar 20x9,5x5 cm Kırmızı",489.99,Dekorasyon,2026-05-02
Patch Fener Siyah-Bej,4499.99,Dekorasyon,2026-05-02
Pearl Mum 5 cm Silver,1274.9,Dekorasyon,2026-05-02
Pearl Mum 8 cm Gold,1274.9,Dekorasyon,2026-05-02
Peggy Pelüş Kırlent Kılıfı 45x45 cm Gri,1749.99,Dekorasyon,2026-05-02
Peggy Pelüş Kırlent Kılıfı 45x45 cm Hardal,209.99,Dekorasyon,2026-05-02
Peggy Pelüş Kırlent Kılıfı 45x45 cm Kahve,250.0,Dekorasyon,2026-05-02
Peggy Pelüş Kırlent Kılıfı 45x45 cm Lila,244.99,Dekorasyon,2026-05-02
Peony Tek Dal Yapay Çiçek Beyaz,1999.99,Dekorasyon,2026-05-02
Peony Tek Dal Yapay Çiçek Şampanya,1999.99,Dekorasyon,2026-05-02
Perrine Dekoratif Tepsi Krem,6499.99,Dekorasyon,2026-05-02
Pine Rose Dekoratif Tepsi 16x26 cm Turuncu,1999.99,Dekorasyon,2026-05-02
Pine Tek Dal Yapay Çiçek Koyu Yeşil,1199.99,Dekorasyon,2026-05-02
Pine Tree Mum Yeşil,3999.99,Dekorasyon,2026-05-02
"Pine Tree Yapay Ağaç 1,8 M Yeşil",1119.99,Dekorasyon,2026-05-02
PineJoy Nakışlı Dekoratif Kırlent 33x50 cm Ekru,1259.99,Dekorasyon,2026-05-02
"Pino Biblo 15,3x12,6x10,6 cm Mavi",2499.99,Dekorasyon,2026-05-02
Plaid Lines Hurç Gri,749.95,Dekorasyon,2026-05-02
Plushtouch Triko Kırlent Kılıfı Antrasit,1749.99,Dekorasyon,2026-05-02
Plushtouch Triko Kırlent Kılıfı Açık Taş,1499.99,Dekorasyon,2026-05-02
Poetic Lily Kokulu Mum 270 G Şeffaf,269.99,Dekorasyon,2026-05-02
"Polin Polyresin Duvar Aksesuarı 15x3x32,5 cm Yeşil-Gold",1169.99,Dekorasyon,2026-05-02
"Polina Polyresin Duvar Aksesuarı 15x3x32,5 cm Yeşil-Gold",909.99,Dekorasyon,2026-05-02
Polina Çerçeve Gold,2499.99,Dekorasyon,2026-05-02
Polline Dekoratif Kırlent 45x45 cm Ekru,2499.99,Dekorasyon,2026-05-02
Poloski Kırlent Kılıfı 45x45 cm Kırmızı - Yeşil,1249.99,Dekorasyon,2026-05-02
Poly Dekoratif Kutu Gold,559.99,Dekorasyon,2026-05-02
Ponponlu Sandalye Minderi 40x40 cm Antrasit,2499.99,Dekorasyon,2026-05-02
Ponponlu Sandalye Minderi 40x40 cm Bej,2499.99,Dekorasyon,2026-05-02
Ponponlu Sandalye Minderi 40x40 cm Pudra,2499.99,Dekorasyon,2026-05-02
Prato Kırlent Kılıfı 43x43 cm Yeşil,2249.99,Dekorasyon,2026-05-02
Prisman Koltuk Şalı 130x170 cm Antrasit,4499.99,Dekorasyon,2026-05-02
Puff Ponponlu Tekli Sandalye Minderi 40x40 cm Açık Gri,1999.99,Dekorasyon,2026-05-02
Puff Ponponlu Tekli Sandalye Minderi 40x40 cm Bej,2249.99,Dekorasyon,2026-05-02
Puff Ponponlu Tekli Sandalye Minderi 40x40 cm Hardal,1999.99,Dekorasyon,2026-05-02
Pumpkin Cam Dk Kum Saati Beyaz,419.99,Dekorasyon,2026-05-02
Pumpkin Cam Dk Kum Saati Siyah,419.99,Dekorasyon,2026-05-02
Pure Flowers Dekoratif Tepsi 30x42 cm Krem,419.99,Dekorasyon,2026-05-02
Pure Kokulu Mum 120 gr,1399.99,Dekorasyon,2026-05-02
Quadro Ahşap Masa Saati Naturel,6999.99,Dekorasyon,2026-05-02
Rachel Set Yılbaşı Ağacı Süsü Gold,1399.99,Dekorasyon,2026-05-02
Ragine Dekoratif Obje Krem,5999.99,Dekorasyon,2026-05-02
Randa Yılbaşı Ağaç Süsü 16x16x8 cm Gold,1399.99,Dekorasyon,2026-05-02
Rase Dekoratif Kutu Gold,319.99,Dekorasyon,2026-05-02
Rash Çerçeve Kahve,1999.99,Dekorasyon,2026-05-02
"Rasia Dekoratif Kutu 18x11,5x7 cm Gold",809.99,Dekorasyon,2026-05-02
Rasphberry Dekoratif Tepsi 16x26 cm Mavi,1999.99,Dekorasyon,2026-05-02
Ravena Kırlent Kılıfı 45x45 cm Bej,349.99,Dekorasyon,2026-05-02
Rea Dekoratif Tepsi Kahve,839.99,Dekorasyon,2026-05-02
Recycled Bottle Cam Vazo Yeşil,236.38,Dekorasyon,2026-05-02
Recycled Demijohn Cam Vazo Yeşil,449.99,Dekorasyon,2026-05-02
Red Year Koltuk Şalı 130x170 cm Kırmızı,879.99,Dekorasyon,2026-05-02
Renita Cam Vazo Yağ Yeşili,6999.99,Dekorasyon,2026-05-02
Rhoda Çerçeve Siyah,1999.99,Dekorasyon,2026-05-02
Ribbon Dolgulu Kırlent 45x45 cm Siyah - Beyaz,4999.99,Dekorasyon,2026-05-02
Righe Kırlent Kılıfı 45x45 cm Kırmızı - Beyaz,1749.99,Dekorasyon,2026-05-02
Rina Yılbaşı Ağaç Süsü 17x21x4 cm Multicolor,1749.99,Dekorasyon,2026-05-02
Rita Kağıt İp Abajur Natural,4999.99,Dekorasyon,2026-05-02
Romia Çerçeve Gold,2249.99,Dekorasyon,2026-05-02
Rosse Dekoratif Tepsi Kahve,1799.99,Dekorasyon,2026-05-02
Roya Kırlent Kılıfı 45x45 cm Kahve,1999.99,Dekorasyon,2026-05-02
Roya Kırlent Kılıfı 45x45 cm Kiremit,1999.99,Dekorasyon,2026-05-02
Roya Kırlent Kılıfı 45x45 cm Yeşil,2249.99,Dekorasyon,2026-05-02
Royal Dekoratif Kutu 7.2x9 cm Krem,1974.92,Dekorasyon,2026-05-02
Ruby Bliss Kokulu Mum 120 gr Bordo,1399.99,Dekorasyon,2026-05-02
Ruby Organizer Beyaz,2499.99,Dekorasyon,2026-05-02
Ruby Organizer Siyah,2999.99,Dekorasyon,2026-05-02
Rumi Koltuk Şalı 130x170 cm Kahve-Bej,3999.99,Dekorasyon,2026-05-02
Sage Çift Taraflı Kırlent Kılıfı 45x45 cm Yeşil,1749.99,Dekorasyon,2026-05-02
Sailors Knot Denim Kırlent Kılıfı İndigo,1399.99,Dekorasyon,2026-05-02
Sakura Tek Dal Yapay Çiçek Beyaz,2999.99,Dekorasyon,2026-05-02
Santa Kar Küresi Beyaz,519.99,Dekorasyon,2026-05-02
Santa Kar Küresi Gold,1774.9,Dekorasyon,2026-05-02
Savannah Terra Kokulu Mum Şeffaf,1999.99,Dekorasyon,2026-05-02
Savin Spray Tek Dal Yapay Çiçek Yeşil,1399.99,Dekorasyon,2026-05-02
Sea Duvar Aksesuarı Kahve,4749.99,Dekorasyon,2026-05-02
Sea Marine Dijital Baskı Dekoratif Kırlent 35x55 cm Mavi - Yeşil,384.99,Dekorasyon,2026-05-02
Sea Shells Dekoratif Tabak Gold,1749.99,Dekorasyon,2026-05-02
"Seashell Biblo 25,7x9,6x8,5 cm Mavi",2749.99,Dekorasyon,2026-05-02
Selina Bambu Saklama Kutusu Antrasit,489.99,Dekorasyon,2026-05-02
Serai Kırlent Kılıfı 45x45 cm Lacivert,1749.99,Dekorasyon,2026-05-02
Serena Vazo Multicolor,5999.99,Dekorasyon,2026-05-02
Shadow Myst Kokulu Mum 120 gr Antrasit,1399.99,Dekorasyon,2026-05-02
Shine Cam 30 dk Kum Saati 8x8x20 cm Beyaz,479.99,Dekorasyon,2026-05-02
Shine Kapaklı Saklama Kutusu Bej,359.99,Dekorasyon,2026-05-02
Shine Kapaklı Saklama Kutusu Siyah,2249.99,Dekorasyon,2026-05-02
Shine Line Kırlent Kılıfı 42x42 cm Hardal,2499.99,Dekorasyon,2026-05-02
Shine Saklama Kutusu 34x22x17 Lacivert,404.99,Dekorasyon,2026-05-02
Shine Saklama Kutusu 34x22x17 Siyah - Beyaz,314.99,Dekorasyon,2026-05-02
Shine Saklama Kutusu Gri,439.99,Dekorasyon,2026-05-02
Shine Saklama Kutusu Koyu Bej,359.99,Dekorasyon,2026-05-02
Shine Sepet Bej,649.99,Dekorasyon,2026-05-02
Shine Sepet Gri,799.95,Dekorasyon,2026-05-02
Shine Sepet Koyu Bej,499.99,Dekorasyon,2026-05-02
Shine Sepet Lacivert,799.95,Dekorasyon,2026-05-02
Shine Sepet Siyah,799.95,Dekorasyon,2026-05-02
Shine Sepet Siyah - Beyaz,143.98,Dekorasyon,2026-05-02
Shiny Bird Polyresin Biblo Gold,719.99,Dekorasyon,2026-05-02
Siena Vazo Multicolor,5999.99,Dekorasyon,2026-05-02
Silda Mumluk Bronz,4999.99,Dekorasyon,2026-05-02
Silikonlu Kırlent Yastık Beyaz,649.99,Dekorasyon,2026-05-02
Silva Kağıt İp Abajur Natural,8999.99,Dekorasyon,2026-05-02
Silva Metal Vazo 19.5 x 19.5 x 19 cm Silver,9999.99,Dekorasyon,2026-05-02
"Silva Metal Vazo 6 x 6 x 6,5 cm Gold",7999.99,Dekorasyon,2026-05-02
Simple White Koltuk Şalı 130x170 cm Ekru,5999.99,Dekorasyon,2026-05-02
Sky Way Müzik Kutusu 13x13x18.5 cm Kırmızı,1049.99,Dekorasyon,2026-05-02
Skylin Kokulu Mum,2749.99,Dekorasyon,2026-05-02
Skylin Kokulu Mum 190 gr,1749.99,Dekorasyon,2026-05-02
Soft Gardenia Kokulu Mum 200 gr,1999.99,Dekorasyon,2026-05-02
Soft Kokulu Mum 120 gr,1399.99,Dekorasyon,2026-05-02
Soft Touch Rabbit Pelüş Kırlent Kılıfı Antrasit,319.99,Dekorasyon,2026-05-02
Soft Touch Rabbit Pelüş Kırlent Kılıfı Bej,479.99,Dekorasyon,2026-05-02
Soft Touch Rabbit Pelüş Kırlent Kılıfı Beyaz,300.0,Dekorasyon,2026-05-02
Soft Touch Rabbit Pelüş Kırlent Kılıfı Pudra,2999.99,Dekorasyon,2026-05-02
Softy Pelüş Sıcak Su Torbası Gri,2999.99,Dekorasyon,2026-05-02
Solene Cam Dekoratif Tepsi 30x42 cm Siyah - Beyaz,3999.99,Dekorasyon,2026-05-02
Solvi Koltuk Şalı 170x210 cm Multicolor,479.99,Dekorasyon,2026-05-02
Spiral Kırlent 45x45 cm Mor,1999.99,Dekorasyon,2026-05-02
Spotty Pelüş Sıcak Su Torbası Krem Siyah,2999.99,Dekorasyon,2026-05-02
Stacia Vazo Yeşil,6499.99,Dekorasyon,2026-05-02
Star Flower Tek Dal Yapay Çiçek 71 cm Beyaz,1499.99,Dekorasyon,2026-05-02
Star Flower Tek Dal Yapay Çiçek 71 cm Mor,1499.99,Dekorasyon,2026-05-02
Star Flower Tek Dal Yapay Çiçek 71 cm Pembe,1499.99,Dekorasyon,2026-05-02
"Starfish Biblo 12,5x12,5x3 cm Yeşil",2749.99,Dekorasyon,2026-05-02
Starry Tek Dal Yapay Çiçek 78 cm Pembe,1399.99,Dekorasyon,2026-05-02
Stars Şamdan Mavi,2999.99,Dekorasyon,2026-05-02
Steve Organizer Lacivert,2499.99,Dekorasyon,2026-05-02
Steve Organizer Siyah,2499.99,Dekorasyon,2026-05-02
Stone Set Yılbaşı Ağacı Süsü Multicolor,479.99,Dekorasyon,2026-05-02
Striped Bambu Çerçeve Naturel,4499.99,Dekorasyon,2026-05-02
Striped Hurç Beyaz,749.95,Dekorasyon,2026-05-02
Stripy Bambu Sepet Naturel,1299.99,Dekorasyon,2026-05-02
Strıpy Bambu Çerçeve Naturel,4499.99,Dekorasyon,2026-05-02
Sueno Vazo Multicolor,1499.99,Dekorasyon,2026-05-02
Summer Fruit Vazo Pembe,4999.99,Dekorasyon,2026-05-02
Summer Fruit Vazo Yeşil,839.99,Dekorasyon,2026-05-02
Summer Vazo Multicolor,4999.99,Dekorasyon,2026-05-02
Sunrise Dolgulu Kırlent 45x45 cm Turuncu,699.99,Dekorasyon,2026-05-02
SwarmBees Kadife Nakışlı Kırlent Kılıfı 45x45 cm Yeşil,959.99,Dekorasyon,2026-05-02
Sweet Abajur 23 cm Pembe,1799.99,Dekorasyon,2026-05-02
Sweet Abajur 23 cm Sarı,1599.99,Dekorasyon,2026-05-02
Sweet Cat Bebe Dekoratif Kırlent 45x45 cm Ekru,2749.99,Dekorasyon,2026-05-02
Sweet Flowers Bebe Dekoratif Kırlent 45x45 cm Ekru,2749.99,Dekorasyon,2026-05-02
Sweet Panda Pelüş Bebe Dekoratif Kırlent 40x26 cm Beyaz,329.99,Dekorasyon,2026-05-02
Sweet Rabbit Bebe Pelüş Dekoratif Kırlent 35x27 cm Beyaz,559.99,Dekorasyon,2026-05-02
Sweet Rabbit Bebe Pelüş Dekoratif Kırlent 35x27 cm Pembe,559.99,Dekorasyon,2026-05-02
Sydney Çerçeve Yeşil,4499.99,Dekorasyon,2026-05-02
Sylvia Elbise Kılıfı 60x100 cm Siyah,999.99,Dekorasyon,2026-05-02
Sylvia Organizer Siyah,1999.99,Dekorasyon,2026-05-02
Talia Dekoratif Tepsi Kahve,5499.99,Dekorasyon,2026-05-02
Talia Mdf Dekoratif Kutu Antrasit,2999.99,Dekorasyon,2026-05-02
Talissa Set Yılbaşı Ağacı Süsü Multicolor,1399.99,Dekorasyon,2026-05-02
Talisya Çerçeve 10x10 cm Multicolor,2999.99,Dekorasyon,2026-05-02
Tansy Kar Küresi 6x6x9 cm Kırmızı,2749.99,Dekorasyon,2026-05-02
Taylor Çerçeve Krem,2249.99,Dekorasyon,2026-05-02
Terazzo Müzik Kutusu 11x11x14 cm Kırmızı,3999.99,Dekorasyon,2026-05-02
Terra Cam Biblo 10 cm Kahverengi,559.99,Dekorasyon,2026-05-02
Terra Cam Biblo 10 cm Koyu Kahverengi,3999.99,Dekorasyon,2026-05-02
Terra Cam Biblo 10 cm Krem,489.99,Dekorasyon,2026-05-02
Terra Elephant Dolomite Biblo Natural,1399.95,Dekorasyon,2026-05-02
Terra Pamuk Sepet Natural-Siyah,2749.99,Dekorasyon,2026-05-02
Terra Pelüş Kırlent Kılıfı 45x45 cm Bordo,2499.99,Dekorasyon,2026-05-02
Terra Pelüş Kırlent Kılıfı 45x45 cm Kahve,2499.99,Dekorasyon,2026-05-02
Terra Pelüş Kırlent Kılıfı 45x45 cm Multicolor,2999.99,Dekorasyon,2026-05-02
Terra Pelüş Kırlent Kılıfı 45x45 cm Turuncu,2999.99,Dekorasyon,2026-05-02
Terrier Goblen Kırlent Kılıfı Ekru,1299.99,Dekorasyon,2026-05-02
Terrier Pamuk Dolgulu Kırlent Ekru - Gri,2499.99,Dekorasyon,2026-05-02
Tessa Müzik Kutusu 11x11x14 cm Kırmızı,899.99,Dekorasyon,2026-05-02
Thano Kırlent Kılıfı 45x45 cm Multicolor,2499.99,Dekorasyon,2026-05-02
Thorn Onion Tek Dal Yapay Çiçek Kırmızı,1549.99,Dekorasyon,2026-05-02
Thorn Onion Tek Dal Yapay Çiçek Sarı,1499.99,Dekorasyon,2026-05-02
Thorn Onion Tek Dal Yapay Çiçek Turuncu,1749.99,Dekorasyon,2026-05-02
Tilo Goblen Kırlent Kılıfı Bej,1399.99,Dekorasyon,2026-05-02
Tiya Müzik Kutusu 11x11x15 cm Kırmızı,4999.99,Dekorasyon,2026-05-02
Tracer Dekoratif Kırlent Ekru,2499.99,Dekorasyon,2026-05-02
Tresa Seramik Vazo 14 cm Gold,1499.99,Dekorasyon,2026-05-02
Tresa Seramik Vazo 17 cm Silver,2199.99,Dekorasyon,2026-05-02
Trina Dekoratif Kırlent Ekru-Kiremit,1499.99,Dekorasyon,2026-05-02
Tulia Metal Çerçeve Siyah,269.99,Dekorasyon,2026-05-02
Tulip Garden Tek Dal Yapay Çiçek Beyaz,1249.99,Dekorasyon,2026-05-02
Tulip Garden Tek Dal Yapay Çiçek Sarı,1249.99,Dekorasyon,2026-05-02
Tulip Garden Tek Dal Yapay Çiçek Turuncu,1249.99,Dekorasyon,2026-05-02
Tulip Tek Dal Yapay Çiçek 2 Pembe,1249.99,Dekorasyon,2026-05-02
Twinkle Dekoratif Kırlent 35x55 cm Kırmızı,5999.99,Dekorasyon,2026-05-02
Undersea Dekoratif Kırlent Beyaz – Indigo,1499.99,Dekorasyon,2026-05-02
"Valera Porselen Vazo 15,5 cm Yeşil",3749.99,Dekorasyon,2026-05-02
Valeria Porselen Vazo 20 cm Kırmızı,3999.99,Dekorasyon,2026-05-02
Valerie Porselen Vazo 15 cm Mavi,5999.99,Dekorasyon,2026-05-02
"Valley Porselen Vazo 17,5 cm Mavi-Turuncu",979.99,Dekorasyon,2026-05-02
"Vanecca Porselen Vazo 20,5 cm Mavi",3999.99,Dekorasyon,2026-05-02
"Vanessa Porselen Vazo 20,5 cm Mavi",539.99,Dekorasyon,2026-05-02
Vanilla Wind Kokulu Mum,1399.99,Dekorasyon,2026-05-02
Velvety Triko Kırlent Kılıfı Antrasit,1749.99,Dekorasyon,2026-05-02
Velvety Triko Kırlent Kılıfı Açık Taş,1749.99,Dekorasyon,2026-05-02
Velvety Triko Kırlent Kılıfı Gri,1749.99,Dekorasyon,2026-05-02
Vena Çerçeve Açık Kahverengi,2999.99,Dekorasyon,2026-05-02
Vera Metal Dekoratif Obje 9 x 9 x 35 cm Silver,3999.99,Dekorasyon,2026-05-02
Verdant Kırlent Kılıfı 45x45 cm Bordo,1999.99,Dekorasyon,2026-05-02
Verna Duvar Saati 30 cm Bordo,559.99,Dekorasyon,2026-05-02
Vernon Dokuma Kırlent Kılıfı Bej,1149.95,Dekorasyon,2026-05-02
Verona Rattan Dekoratif Tepsi Naturel,1619.99,Dekorasyon,2026-05-02
Vesta Dekoratif Tepsi 16x26 cm Bej,1999.99,Dekorasyon,2026-05-02
Vesta Çerçeve 13x18 cm Bej,299.99,Dekorasyon,2026-05-02
Vintage Marine Dijital Baskı Kırlent Kılıfı 45x45 cm Mavi-yeşil,1499.99,Dekorasyon,2026-05-02
Vintage Paisley Koltuk Şalı 140x170 cm Yeşil,959.99,Dekorasyon,2026-05-02
Vivian Organizer Gri,1999.99,Dekorasyon,2026-05-02
Vivian Organizer Siyah,1999.99,Dekorasyon,2026-05-02
Whitestar Nakışlı Dekoratif Kırlent 45x45 cm Ekru,2449.99,Dekorasyon,2026-05-02
Wild Flower Tek Dal Yapay Çiçek Beyaz,849.95,Dekorasyon,2026-05-02
Wild Flower Tek Dal Yapay Çiçek Kırmızı,849.95,Dekorasyon,2026-05-02
Wild Flower Tek Dal Yapay Çiçek Turuncu,849.95,Dekorasyon,2026-05-02
Wild Terra Kokulu Mum 120 gr Şeffaf,239.99,Dekorasyon,2026-05-02
"Winter Tree Biblo 10x10x30,5 cm Siyah",6999.99,Dekorasyon,2026-05-02
Woody Bergamot Dekoratif Tepsi 16x26 cm Kırmızı,1999.99,Dekorasyon,2026-05-02
Yumi Koltuk Şalı 140x170 cm Ekru-Kırmızı,4499.99,Dekorasyon,2026-05-02
Yılbaşı Ağacı 180 cm Siyah,1599.99,Dekorasyon,2026-05-02
Yılbaşı Ağacı Dekoratif Obje 20 cm Şampanya,1999.99,Dekorasyon,2026-05-02
Yılbaşı Ağacı Dekoratif Obje Koyu Kahverengi,769.99,Dekorasyon,2026-05-02
Yılbaşı Ağacı Dekoratif Obje Yeşil,879.99,Dekorasyon,2026-05-02
Yılbaşı Ağacı Yeşil,1599.99,Dekorasyon,2026-05-02
Zaira Nakışlı Dekoratif Kırlent Kılıfı 45x45 cm Ekru,3499.99,Dekorasyon,2026-05-02
Zairan Dekoratif Kırlent 33x50 cm Natural,699.99,Dekorasyon,2026-05-02
Zairan Punch Nakışlı Dekoratif Kırlent 33x50 cm Ekru,3999.99,Dekorasyon,2026-05-02
Zebra Dekoratif Kırlent 45x45 cm Açık Kahverengi,599.99,Dekorasyon,2026-05-02
Zebra Dekoratif Kırlent 45x45 cm Bej,559.99,Dekorasyon,2026-05-02
Zebra Dekoratif Kırlent 45x45 cm Kahve,839.99,Dekorasyon,2026-05-02
Zelena Kırlent Kılıfı 45x45 cm Renkli,2249.99,Dekorasyon,2026-05-02
"Zena Küp 7,5x7,5x17,0 cm Mavi",2499.99,Dekorasyon,2026-05-02
Zodiac Kadife Nakışlı Kırlent Kılıfı 45x45 cm Lacivert,6999.99,Dekorasyon,2026-05-02
Zoey Koltuk Şalı 140x170 cm Bej,5499.99,Dekorasyon,2026-05-02
Zola Kırlent Kılıfı 45x45 cm Multicolor,2499.99,Dekorasyon,2026-05-02
mystic Spices Kokulu Mum 200 gr,1749.99,Dekorasyon,2026-05-02
Ales Dokuma Kilim 80x150 cm Bej,839.99,Halı&Kilim,2026-05-02
Aligne Pamuklu Bukle Kilim Krem,4499.99,Halı&Kilim,2026-05-02
Amy Dekoratif Jüt Kilim Natural,15999.99,Halı&Kilim,2026-05-02
Arbre Halı 100x200 cm Bej,6749.99,Halı&Kilim,2026-05-02
Arbre Halı 100x300 cm Bej,9999.99,Halı&Kilim,2026-05-02
Arbre Halı 160X230 cm Bej,12999.99,Halı&Kilim,2026-05-02
Arbre Halı 80x300 cm Bej,8499.99,Halı&Kilim,2026-05-02
Arlo Halı 200x290 cm Gri-Beyaz,29999.99,Halı&Kilim,2026-05-02
Arlo Halı Gri-Beyaz,1079.99,Halı&Kilim,2026-05-02
Aurelia Halı 100x200 cm Bej,6749.99,Halı&Kilim,2026-05-02
Aurelia Halı 100x300 cm Bej,9999.99,Halı&Kilim,2026-05-02
Aurelia Halı 120x180 cm Bej,6999.99,Halı&Kilim,2026-05-02
Aurelia Halı 160X230 cm Bej,12999.99,Halı&Kilim,2026-05-02
Aurelia Halı 80x150 cm Bej,3999.99,Halı&Kilim,2026-05-02
Aurelia Halı 80x300 cm Bej,7499.99,Halı&Kilim,2026-05-02
Azure Halı 160x230 cm Gri,3149.99,Halı&Kilim,2026-05-02
Azure Halı 80x300 cm Gri,11499.99,Halı&Kilim,2026-05-02
Blossom Pamuklu Bukle Kilim Krem,4499.99,Halı&Kilim,2026-05-02
Botani Halı Multicolor,7999.99,Halı&Kilim,2026-05-02
Calmo Halı 100x200 cm Bej,8499.99,Halı&Kilim,2026-05-02
Calmo Halı 100x300 cm Bej,13499.99,Halı&Kilim,2026-05-02
Calmo Halı 120x180 cm Bej,8499.99,Halı&Kilim,2026-05-02
Calmo Halı 160X230 cm Bej,13999.99,Halı&Kilim,2026-05-02
Calmo Halı 80x150 cm Bej,5749.99,Halı&Kilim,2026-05-02
Calmo Halı 80x300 cm Bej,11499.99,Halı&Kilim,2026-05-02
Caterina Halı 100x200 cm Bej,9999.99,Halı&Kilim,2026-05-02
Caterina Halı 100x300 cm Bej,14499.99,Halı&Kilim,2026-05-02
Caterina Halı 120x180 cm Bej,9999.99,Halı&Kilim,2026-05-02
Caterina Halı 160X230 cm Bej,17999.99,Halı&Kilim,2026-05-02
Caterina Halı 80x150 cm Bej,5499.99,Halı&Kilim,2026-05-02
Caterina Halı 80x300 cm Bej,10999.99,Halı&Kilim,2026-05-02
Checker Bukle Kilim Natural,4499.99,Halı&Kilim,2026-05-02
Chera Halı 100x200 cm Bej,10999.99,Halı&Kilim,2026-05-02
Chera Halı 100x300 cm Bej,14499.99,Halı&Kilim,2026-05-02
Chera Halı 120x180 cm Bej,1979.99,Halı&Kilim,2026-05-02
Chera Halı 160X230 cm Bej,3239.99,Halı&Kilim,2026-05-02
Chera Halı 80x150 cm Bej,5749.99,Halı&Kilim,2026-05-02
Chera Halı 80x300 cm Bej,10999.99,Halı&Kilim,2026-05-02
Chester Pamuklu Kilim Krem,4499.99,Halı&Kilim,2026-05-02
Circle Art Dekoratif Jüt Kilim Natural-Siyah,1399.99,Halı&Kilim,2026-05-02
Esther Halı 100x200 cm Bej,15499.99,Halı&Kilim,2026-05-02
Esther Halı 100x300 cm Bej,19999.99,Halı&Kilim,2026-05-02
Esther Halı 120x180 cm Bej,13999.99,Halı&Kilim,2026-05-02
Esther Halı 160X230 cm Bej,26999.99,Halı&Kilim,2026-05-02
Esther Halı 80x150 cm Bej,8499.99,Halı&Kilim,2026-05-02
Esther Halı 80x300 cm Bej,16999.99,Halı&Kilim,2026-05-02
Ethnic Bukle Kilim Natural,5499.99,Halı&Kilim,2026-05-02
Etnich Pamuklu Bukle Kilim Bej - Kahve,7499.99,Halı&Kilim,2026-05-02
Floweret Pamuklu Bukle Kilim 120x180 cm Krem,1399.99,Halı&Kilim,2026-05-02
Floweret Pamuklu Bukle Kilim 80x150 cm Pudra,719.99,Halı&Kilim,2026-05-02
Furry Pelüş Halı Bej,12499.99,Halı&Kilim,2026-05-02
Furry Pelüş Post 120x180 cm Antrasit,2399.99,Halı&Kilim,2026-05-02
Furry Pelüş Post 80x150 cm Acı Kahve,1539.99,Halı&Kilim,2026-05-02
Furry Pelüş Post Beyaz,1999.99,Halı&Kilim,2026-05-02
Furry Pelüş Post Pudra,2249.99,Halı&Kilim,2026-05-02
Hello Happy Day Kapı Önü Paspası 33x60 cm Natural,2499.99,Halı&Kilim,2026-05-02
Hello New Day Kapı Önü Paspası 40x60 cm Natural,2999.99,Halı&Kilim,2026-05-02
Hora Halı 100x200 cm Bej,15499.99,Halı&Kilim,2026-05-02
Hora Halı 100x300 cm Bej,19999.99,Halı&Kilim,2026-05-02
Hora Halı 80x150 cm Bej,9499.99,Halı&Kilim,2026-05-02
Hora Halı 80x300 cm Bej,15499.99,Halı&Kilim,2026-05-02
Juliet Yuvarlak Dekoratif Jüt Kilim Natural,959.99,Halı&Kilim,2026-05-02
Lau Pamuklu Bukle Kilim Krem,4499.99,Halı&Kilim,2026-05-02
Launis Pamuklu Bukle Kilim Krem,454.99,Halı&Kilim,2026-05-02
Leafs Pamuklu Bukle Kilim 110x110 cm Krem,719.99,Halı&Kilim,2026-05-02
Leafy Pamuklu Bukle Kilim 120x180 cm Hardal-Krem,1000.0,Halı&Kilim,2026-05-02
Leafy Pamuklu Bukle Kilim 80x150 cm Krem,719.99,Halı&Kilim,2026-05-02
Leona Dekoratif Jüt Kilim Multicolor,9999.99,Halı&Kilim,2026-05-02
Leona Dekoratif Jüt Kilim Natural,9999.99,Halı&Kilim,2026-05-02
Linear Dokuma Kilim 80x150 cm Açık Krem - Kahve,3999.99,Halı&Kilim,2026-05-02
Lume Halı Multicolor,11999.99,Halı&Kilim,2026-05-02
Meow Home Kapı Önü Paspası 35x60 cm Natural,2499.99,Halı&Kilim,2026-05-02
Nerba Halı Krem,11999.99,Halı&Kilim,2026-05-02
Nomia Halı Multicolor,7999.99,Halı&Kilim,2026-05-02
Pearly Dokuma Kilim Ekru-Mavi-Turuncu,7499.99,Halı&Kilim,2026-05-02
Pearly Pamuklu Dokuma Kilim Turuncu-Ekru-Bej,7499.99,Halı&Kilim,2026-05-02
Peggy Pelüş Halı Gri,12499.99,Halı&Kilim,2026-05-02
Peggy Pelüş Halı Kahve,719.99,Halı&Kilim,2026-05-02
Pena Halı 100x200 cm Bej,14999.99,Halı&Kilim,2026-05-02
Pena Halı 100x300 cm Bej,4049.99,Halı&Kilim,2026-05-02
Pena Halı 120x180 cm Multicolor,15999.99,Halı&Kilim,2026-05-02
Pena Halı 160X230 cm Bej,4949.99,Halı&Kilim,2026-05-02
Pena Halı 80x150 cm Bej,1799.99,Halı&Kilim,2026-05-02
Pena Halı 80x300 cm Bej,17499.99,Halı&Kilim,2026-05-02
Plain Serenity Halı Krem,8499.99,Halı&Kilim,2026-05-02
Prisma Dokuma Kilim 80x150 cm Kahverengi.,7499.99,Halı&Kilim,2026-05-02
Ring Dekoratif Jüt Kilim Naturel,14999.99,Halı&Kilim,2026-05-02
Seana Pamuklu Kilim Beyaz,4499.99,Halı&Kilim,2026-05-02
Serenat Halı Gri,9999.99,Halı&Kilim,2026-05-02
Serenity Halı Açık Gri,7499.99,Halı&Kilim,2026-05-02
Shabby Pamuklu Kilim Krem,4499.99,Halı&Kilim,2026-05-02
Silva Halı Multicolor,11999.99,Halı&Kilim,2026-05-02
Soft Touch Rabbit Pelüş Halı Antrasit,2249.99,Halı&Kilim,2026-05-02
Soft Touch Rabbit Pelüş Halı Bej,8999.99,Halı&Kilim,2026-05-02
Soft Touch Rabbit Pelüş Halı Pudra,2699.99,Halı&Kilim,2026-05-02
Soft Touch Rabbit Pelüş Post Açık Gri,4274.91,Halı&Kilim,2026-05-02
Soft Touch Rabbit Pelüş Post Bej,5999.99,Halı&Kilim,2026-05-02
Soft Touch Rabbit Pelüş Post Beyaz,4274.91,Halı&Kilim,2026-05-02
Solan Halı Bordo,11999.99,Halı&Kilim,2026-05-02
Steve Halı 100x200 cm Bej,9499.99,Halı&Kilim,2026-05-02
Steve Halı 100x300 cm Bej,2239.99,Halı&Kilim,2026-05-02
Steve Halı 120x180 cm Bej,9499.99,Halı&Kilim,2026-05-02
Steve Halı 160X230 cm Bej,13999.99,Halı&Kilim,2026-05-02
Steve Halı 80x150 cm Bej,989.99,Halı&Kilim,2026-05-02
Steve Halı 80x300 cm Bej,10999.99,Halı&Kilim,2026-05-02
Stripe Bukle Kilim Natural,4149.99,Halı&Kilim,2026-05-02
Terra Pelüş Halı Bej,17499.99,Halı&Kilim,2026-05-02
Terra Pelüş Halı Kahve,2399.99,Halı&Kilim,2026-05-02
Verda Halı Multicolor,11999.99,Halı&Kilim,2026-05-02
Zeno Halı Bej - Krem,1079.99,Halı&Kilim,2026-05-02
Bearette Pamuklu Çocuk Nevresim Takımı Pembe,4499.99,Hediye,2026-05-02
After Rain Çubuklu Oda Kokusu 100 ml,3199.99,Kozmetik,2026-05-02
Aloe Vera Maske 25 ml Yeşil,699.95,Kozmetik,2026-05-02
Aloe Vera Nemlendirici Jel 300 ml,699.95,Kozmetik,2026-05-02
Aloe Vera – Ylang Ylang 5li Aromaterapi Set,3499.99,Kozmetik,2026-05-02
Apple Rose Kolonya 200 ml Şeffaf,227.99,Kozmetik,2026-05-02
Apple Rose Oda Spreyi 300 ml Şeffaf,1499.99,Kozmetik,2026-05-02
Apple Rose Çubuklu Oda Kokusu 95 ml Şeffaf,2999.99,Kozmetik,2026-05-02
Aurora Çubuklu Oda Kokusu 200 ml,4999.99,Kozmetik,2026-05-02
Avokado Yağı Maske 25 ml Yeşil,699.95,Kozmetik,2026-05-02
Avokado Yağı Yüz & Vücut Spreyi,699.95,Kozmetik,2026-05-02
Azure Bliss Çubuklu Oda Kokusu 100 ml,1749.99,Kozmetik,2026-05-02
Beyaz Çiçekler 3lü Koku Barı Beyaz,1499.99,Kozmetik,2026-05-02
Beyaz Çiçekler Body Mist,1299.99,Kozmetik,2026-05-02
Beyaz Çiçekler El Kremi 30 ml,849.95,Kozmetik,2026-05-02
Beyaz Çiçekler Kokulu Kese,849.95,Kozmetik,2026-05-02
Beyaz Çiçekler Kolonya 100 ml,999.99,Kozmetik,2026-05-02
Beyaz Çiçekler Kolonya 200 ml,1499.99,Kozmetik,2026-05-02
Beyaz Çiçekler Oda Spreyi 400 ml,1499.99,Kozmetik,2026-05-02
Beyaz Çiçekler Sıvı Sabun,1499.99,Kozmetik,2026-05-02
Beyaz Çiçekler Çubuklu Oda Kokusu 100 ml,2249.99,Kozmetik,2026-05-02
Beyaz Çiçekler Çubuklu Oda Kokusu 200 ml,3499.99,Kozmetik,2026-05-02
Beyaz Çiçekler Çubuklu Oda Kokusu 500 ml,6999.99,Kozmetik,2026-05-02
Black Forest Çubuklu Oda Kokusu 200 ml Siyah,5499.99,Kozmetik,2026-05-02
Black Serenity Oda Spreyi 500 ml Siyah,1499.99,Kozmetik,2026-05-02
Blissful Elixir Body Mist 100 ml Pembe,849.95,Kozmetik,2026-05-02
Blissful Elixir Vücut Losyonu 50 ml. Pembe,799.95,Kozmetik,2026-05-02
Blue Flowers Çubuklu Oda Kokusu 250 ml,3199.99,Kozmetik,2026-05-02
Bosphorus Breeze Çubuklu Oda Kokusu 100 ml Yeşil,2999.99,Kozmetik,2026-05-02
Botanical El Kremi,849.95,Kozmetik,2026-05-02
Botanical Katı Sabun,849.95,Kozmetik,2026-05-02
Botanical Kokulu Kese,849.95,Kozmetik,2026-05-02
Botanical Çubuklu Oda Kokusu,3499.99,Kozmetik,2026-05-02
Botanical Çubuklu Oda Kokusu 100 ml,2499.99,Kozmetik,2026-05-02
Bouquet Kokulu Kese,849.95,Kozmetik,2026-05-02
Buket Tazeliği Kokulu Kese,849.95,Kozmetik,2026-05-02
Calm Haven Çubuklu Oda Kokusu 200 ml,4999.99,Kozmetik,2026-05-02
Camomile Duş Jeli,699.95,Kozmetik,2026-05-02
Camomile El Kremi,749.95,Kozmetik,2026-05-02
Camomile Maske,699.95,Kozmetik,2026-05-02
Camomile Sabun,699.95,Kozmetik,2026-05-02
Camomile Vücut Losyonu,699.95,Kozmetik,2026-05-02
Cashmersilk Çubuklu Oda Kokusu 250 ml,3199.99,Kozmetik,2026-05-02
Citrus&Lemon Çubuklu Oda Kokusu 100 ml,2499.99,Kozmetik,2026-05-02
Coconut Rose Kolonya 200 ml Şeffaf,227.99,Kozmetik,2026-05-02
Coconut Rose Oda Spreyi 300 ml Şeffaf,1149.99,Kozmetik,2026-05-02
Coconut Rose Çubuklu Oda Kokusu 95 ml Şeffaf,2999.99,Kozmetik,2026-05-02
Elegant Lady El Kremi 75 ml,999.99,Kozmetik,2026-05-02
Endless Love El Kremi 75 ml,749.95,Kozmetik,2026-05-02
Energy Çubuklu Oda Kokusu 100 ml Butter Yellow,1999.99,Kozmetik,2026-05-02
Exotic Terra Çubuklu Oda Kokusu 95 ml,3499.99,Kozmetik,2026-05-02
Fig&Violet Çubuklu Oda Kokusu 95 ml,2999.99,Kozmetik,2026-05-02
Fleur dAmor Kadın Parfümü 100 ml Pembe,2499.99,Kozmetik,2026-05-02
Floral Glam Çubuklu Oda Kokusu,3499.99,Kozmetik,2026-05-02
Floral Oto Kokusu 10 ml,999.99,Kozmetik,2026-05-02
Floral Sense Çubuklu Oda Kokusu,2999.99,Kozmetik,2026-05-02
Floral&Patchouli Çubuklu Oda Kokusu 100 ml,2499.99,Kozmetik,2026-05-02
Forest Çubuklu Oda Kokusu 100 ml,1999.99,Kozmetik,2026-05-02
Gleam Çubuklu Oda Kokusu 200 ml,4999.99,Kozmetik,2026-05-02
Golden Ḿuse Kadın Parfümü 100 ml Açık Sarı,2499.99,Kozmetik,2026-05-02
Green Basil Kokulu Oda Spreyi,849.95,Kozmetik,2026-05-02
Green Mist El Kremi,849.95,Kozmetik,2026-05-02
Green Mist Kokulu Kese,849.95,Kozmetik,2026-05-02
Gül Bahçesi Kokulu Kese,849.95,Kozmetik,2026-05-02
Hera Çubuklu Oda Kokusu 180 ml,5499.99,Kozmetik,2026-05-02
Iris Intense Oda Spreyi,1324.92,Kozmetik,2026-05-02
Iris Intense Çubuklu Oda Kokusu,3499.99,Kozmetik,2026-05-02
Island Herbs Çubuklu Oda Kokusu,3499.99,Kozmetik,2026-05-02
Jasmine Musk Çubuklu Oda Kokusu 100 ml Antrasit,2999.99,Kozmetik,2026-05-02
Lavanta Esintisi Kokulu Kese,849.95,Kozmetik,2026-05-02
Lavender Çubuklu Oda Kokusu 100 ml,1999.99,Kozmetik,2026-05-02
Lily & Pineapple Kolonya 100 ml Mavi,849.99,Kozmetik,2026-05-02
Lily & Pineapple Oda Spreyi 300 ml Mavi,1499.99,Kozmetik,2026-05-02
Lily & Pineapple Çubuklu Oda Kokusu 100 ml Mavi,2499.99,Kozmetik,2026-05-02
Luna Çubuklu Oda Kokusu 180 ml,5499.99,Kozmetik,2026-05-02
Mediterranean Katı Sabun,699.95,Kozmetik,2026-05-02
Mediterranean Çubuklu Oda Kokusu 100 ml,2249.99,Kozmetik,2026-05-02
Mimosa Çubuklu Oda Kokusu 100 ml,1999.99,Kozmetik,2026-05-02
Misty Aromadifüzör 300 ml,6499.99,Kozmetik,2026-05-02
Misty Down Çubuklu Oda Kokusu 100 ml,3199.99,Kozmetik,2026-05-02
Mossy Wood Çubuklu Oda Kokusu,2999.99,Kozmetik,2026-05-02
Muguet&Vanilla Çubuklu Oda Kokusu 100 ml,1999.99,Kozmetik,2026-05-02
Mugwort Tütsü,699.95,Kozmetik,2026-05-02
Musk&Poppy Çubuklu Oda Kokusu 100 ml,1999.99,Kozmetik,2026-05-02
Neroli & Jasmine Oda Spreyi 500 ml Şeffaf,1499.99,Kozmetik,2026-05-02
Neroli & Jasmine Çubuklu Oda Kokusu 100 ml,2999.99,Kozmetik,2026-05-02
Nobile Tütsü,699.95,Kozmetik,2026-05-02
Orange Blossom & Red Berry Kolonya 100 ml Kırmızı,849.99,Kozmetik,2026-05-02
Orange Blossom & Red Berry Oda Spreyi 300 ml Kırmızı,1499.99,Kozmetik,2026-05-02
Orange Blossom & Red Berry Çubuklu Oda Kokusu 100 ml Bordo,2499.99,Kozmetik,2026-05-02
Orange Rose Kolonya 200 ml Şeffaf,227.99,Kozmetik,2026-05-02
Orange Rose Oda Spreyi 300 ml Şeffaf,1499.99,Kozmetik,2026-05-02
Orange Rose Çubuklu Oda Kokusu 95 ml Şeffaf,2999.99,Kozmetik,2026-05-02
Orchid Çubuklu Oda Kokusu 250 ml,3199.99,Kozmetik,2026-05-02
Oriental Beyond Çubuklu Oda Kokusu,5499.99,Kozmetik,2026-05-02
Osmantus El Kremi 30 ml,749.95,Kozmetik,2026-05-02
Osmantus Kokulu Kese,849.95,Kozmetik,2026-05-02
Oud Touch Oda Spreyi,1324.92,Kozmetik,2026-05-02
Oud Touch Çubuklu Oda Kokusu,2999.99,Kozmetik,2026-05-02
Patchouli & Bergamote Kolonya 100 ml Yeşil,849.99,Kozmetik,2026-05-02
Patchouli & Bergamote Oda Spreyi 300 ml Yeşil,1499.99,Kozmetik,2026-05-02
Patchouli & Bergamote Çubuklu Oda Kokusu 100 ml Yeşil,2499.99,Kozmetik,2026-05-02
Patchouli & Musk Oda Spreyi 500 ml Şeffaf,299.99,Kozmetik,2026-05-02
Patchouli & Musk Çubuklu Oda Kokusu 100 ml,2999.99,Kozmetik,2026-05-02
Patchouli&Wood Çubuklu Oda Kokusu 95 ml,2999.99,Kozmetik,2026-05-02
"Paçuli, Bergamot, Lavanta 3lü Esansiyel Koku Yağı Amber",1499.99,Kozmetik,2026-05-02
Peach Blossom Body Mist 100 ml Turuncu,899.99,Kozmetik,2026-05-02
Peach Blossom Vücut Losyonu 50 ml. Turuncu,799.95,Kozmetik,2026-05-02
Peach&Apple Çubuklu Oda Kokusu 100 ml,2499.99,Kozmetik,2026-05-02
Pearl 3lü Koku Barı Beyaz,1499.99,Kozmetik,2026-05-02
Pearl Body Mist Vücut Spreyi,1149.99,Kozmetik,2026-05-02
Pearl El Kremi,849.95,Kozmetik,2026-05-02
Pearl Katı Sabun,849.95,Kozmetik,2026-05-02
Pearl Çubuklu Oda Kokusu,6999.99,Kozmetik,2026-05-02
Pearl Çubuklu Oda Kokusu 100 ml,2249.99,Kozmetik,2026-05-02
Peony Çubuklu Oda Kokusu 100 ml,2249.99,Kozmetik,2026-05-02
Pine Rose Çubuklu Oda Kokusu 140 ml Amber,3199.99,Kozmetik,2026-05-02
Pink Flower Çubuklu Oda Kokusu 100 ml,1999.99,Kozmetik,2026-05-02
Pink Pepper&Jasmine Çubuklu Oda Kokusu 100 ml,1999.99,Kozmetik,2026-05-02
Plum Blossom Çubuklu Oda Kokusu 100 ml,2999.99,Kozmetik,2026-05-02
Poudre El Kremi,849.95,Kozmetik,2026-05-02
Poudre Katı Sabun,849.95,Kozmetik,2026-05-02
Poudre Kokulu Kese,849.95,Kozmetik,2026-05-02
Poudre Oda Spreyi 400 ml,1324.92,Kozmetik,2026-05-02
Poudre Çubuklu Oda Kokusu,3499.99,Kozmetik,2026-05-02
Poudre Çubuklu Oda Kokusu 100 ml,2249.99,Kozmetik,2026-05-02
Powder & White Musk Oda Spreyi 500 ml Şeffaf,1499.99,Kozmetik,2026-05-02
Powder & White Musk Çubuklu Oda Kokusu 100 ml,2999.99,Kozmetik,2026-05-02
Powdery Oto Kokusu 10 ml,999.99,Kozmetik,2026-05-02
Pure 3lü Koku Barı Beyaz,1499.99,Kozmetik,2026-05-02
Pure El Kremi,849.95,Kozmetik,2026-05-02
Pure Koku Barı 2x55 g,1399.99,Kozmetik,2026-05-02
Pure Kokulu Kese 19 Gr,849.95,Kozmetik,2026-05-02
Pure Kolonya 200 ml,1499.99,Kozmetik,2026-05-02
Pure Oda Spreyi 500 ml,1499.99,Kozmetik,2026-05-02
Pure Sıvı Sabun,1499.99,Kozmetik,2026-05-02
Pure Çubuklu Oda Kokusu 100 ml,2249.99,Kozmetik,2026-05-02
Pure Çubuklu Oda Kokusu 200 ml,3499.99,Kozmetik,2026-05-02
Raindrop 3lü Kokulu Kese,849.95,Kozmetik,2026-05-02
Raspberry Lemon Çubuklu Oda Kokusu 140 ml Amber,2499.99,Kozmetik,2026-05-02
Rosemary – Geranium 5li Aromaterapi Set,3499.99,Kozmetik,2026-05-02
Rustic Harmony Çubuklu Oda Kokusu 200 ml Amber,5499.99,Kozmetik,2026-05-02
Sabun Ferahlığı Kokulu Kese,849.95,Kozmetik,2026-05-02
Sakura Çubuklu Oda Kokusu 100 ml,1999.99,Kozmetik,2026-05-02
Sandalwood Çubuklu Oda Kokusu 100 ml,2999.99,Kozmetik,2026-05-02
Savannah Terra Çubuklu Oda Kokusu 95 ml,3499.99,Kozmetik,2026-05-02
Sense Tütsü,699.95,Kozmetik,2026-05-02
Shiny Snow Çubuklu Oda Kokusu 100 ml,3199.99,Kozmetik,2026-05-02
Soft Koku Barı 3x70 g Şeffaf,1499.99,Kozmetik,2026-05-02
Soft Kokulu Kese,849.95,Kozmetik,2026-05-02
Soft Kolonya 200 ml,1499.99,Kozmetik,2026-05-02
Soft Oda Spreyi 400 ml,1499.99,Kozmetik,2026-05-02
Soft Powder Çubuklu Oda Kokusu,3499.99,Kozmetik,2026-05-02
Soft Çubuklu Oda Kokusu 100 ml,2249.99,Kozmetik,2026-05-02
Soft Çubuklu Oda Kokusu 500 ml Şeffaf,6999.99,Kozmetik,2026-05-02
Suave Bliss Çubuklu Oda Kokusu 100 ml Şeffaf,1999.99,Kozmetik,2026-05-02
Sweet Spring Kokulu Vücut Spreyi,1149.99,Kozmetik,2026-05-02
Sweet Séduction Kadın Parfümü 100 ml Lila,299.99,Kozmetik,2026-05-02
The Scent of a Autumn Sunset Çubuklu Oda Kokusu 200 ml,3499.99,Kozmetik,2026-05-02
The Scent of a Magical Night Çubuklu Oda Kokusu 200 ml,4999.99,Kozmetik,2026-05-02
The Scent of a Sweet Love Çubuklu Oda Kokusu 200 ml,3499.99,Kozmetik,2026-05-02
Tobacco 3lü Kokulu Kese,849.95,Kozmetik,2026-05-02
Tuberose Çubuklu Oda Kokusu 100 ml,2499.99,Kozmetik,2026-05-02
Twilight Bliss Çubuklu Oda Kokusu 100 ml Şeffaf,1999.99,Kozmetik,2026-05-02
Valerie Kokulu Kese,849.95,Kozmetik,2026-05-02
Vanilla Wind Body Mist,1299.99,Kozmetik,2026-05-02
Vanilla Wind Katı Sabun,849.95,Kozmetik,2026-05-02
Vanilla Wind Koku Barı 3 x 70 g Şeffaf,1499.99,Kozmetik,2026-05-02
Vanilla Wind Kokulu Kese,849.95,Kozmetik,2026-05-02
Vanilla Wind Kolonya Şeffaf,1499.99,Kozmetik,2026-05-02
Vanilla Wind Oda Spreyi,1749.99,Kozmetik,2026-05-02
Vanilla Wind Çubuklu Oda Kokusu 200 ml,3499.99,Kozmetik,2026-05-02
Vanilla Wind Çubuklu Oda Kokusu 500 ml,6999.99,Kozmetik,2026-05-02
Vesta Çubuklu Oda Kokusu 180 ml,5499.99,Kozmetik,2026-05-02
Warm Embrace Çubuklu Oda Kokusu 200 ml,4999.99,Kozmetik,2026-05-02
White Lily Çubuklu Oda Kokusu 200 ml,5499.99,Kozmetik,2026-05-02
Wild Berry Body Mist 100 ml Mor,999.99,Kozmetik,2026-05-02
Wild Berry Vücut Losyonu 50 ml. Mor,799.95,Kozmetik,2026-05-02
Wild Terra Çubuklu Oda Kokusu 95 ml,3499.99,Kozmetik,2026-05-02
Winter Pomegranate Çubuklu Oda Kokusu 100 ml,1999.99,Kozmetik,2026-05-02
Wood Savage Çubuklu Oda Kokusu 100 ml,2499.99,Kozmetik,2026-05-02
Wood&Spicy Çubuklu Oda Kokusu 95 ml,2999.99,Kozmetik,2026-05-02
Woody Bergamot Çubuklu Oda Kokusu 140 ml Amber,3199.99,Kozmetik,2026-05-02
Woody Oto Kokusu 10 ml,499.99,Kozmetik,2026-05-02
Woody&Patchouli Çubuklu Oda Kokusu 100 ml,2999.99,Kozmetik,2026-05-02
Woody&Saffron Çubuklu Oda Kokusu 100 ml,2999.99,Kozmetik,2026-05-02
Woody&Vanilla Çubuklu Oda Kokusu 100 ml,2999.99,Kozmetik,2026-05-02
Zen Composure Oda Spreyi,1324.92,Kozmetik,2026-05-02
AF-G Sepet Grubu Siyah,1399.99,Küçük Ev Aletleri,2026-05-02
AF-G Sepet Grubu Siyah-Bakır,1499.99,Küçük Ev Aletleri,2026-05-02
AF-G Sepet Grubu Siyah-Krom,1499.99,Küçük Ev Aletleri,2026-05-02
AQUA OPTIMA Su Arıtma Filtresi Beyaz,799.99,Küçük Ev Aletleri,2026-05-02
"Ariete Vintage 2869/04 Su Isıtıcı 1,7L Yeşil",4989.99,Küçük Ev Aletleri,2026-05-02
Bıçak Grubu  Kea Yedek Parça Beyaz,289.99,Küçük Ev Aletleri,2026-05-02
Bıçak Grubu  Kea Yedek Parça Siyah,289.99,Küçük Ev Aletleri,2026-05-02
CMK 6001 - CMK 6010 Alt Tabla Beyaz,179.99,Küçük Ev Aletleri,2026-05-02
CMK 6001 - CMK 6010 Alt Tabla Siyah,339.99,Küçük Ev Aletleri,2026-05-02
CMK 6010 Inox Kapaksız Demlik Siyah-Bakır,729.99,Küçük Ev Aletleri,2026-05-02
CMK 6010 İNOX DEMLİK GRUBU Beyaz-Krom,729.99,Küçük Ev Aletleri,2026-05-02
CMK DEMLİK KAPAĞI BEYAZ LOGOLU Bakır,149.99,Küçük Ev Aletleri,2026-05-02
CMK DEMLİK KAPAĞI BEYAZ LOGOLU Krom,199.99,Küçük Ev Aletleri,2026-05-02
CMK DEMLİK KAPAĞI SİYAH LOGOLU Bakır,199.99,Küçük Ev Aletleri,2026-05-02
DGR 3001 Doğrayıcı Bıçak,229.99,Küçük Ev Aletleri,2026-05-02
DGR 3001 Doğrayıcı Hazne,149.99,Küçük Ev Aletleri,2026-05-02
DGR 3001 Hazne Ayak Lastiği Kırmızı,169.99,Küçük Ev Aletleri,2026-05-02
DGR 3001 Hazne Ayak Lastiği Siyah,169.99,Küçük Ev Aletleri,2026-05-02
DGR 3001 Hazne Kapağı,199.99,Küçük Ev Aletleri,2026-05-02
DGR 3001 Hazne Kapağı Contası,169.99,Küçük Ev Aletleri,2026-05-02
DGR3010 Bıçak Mili,159.99,Küçük Ev Aletleri,2026-05-02
DGR3010 Hazne 1500 ml Siyah,299.99,Küçük Ev Aletleri,2026-05-02
ELB Parçalayıcı Ayak Siyah,279.99,Küçük Ev Aletleri,2026-05-02
ELM 3001 HAMUR KARIŞTIRICI - SAĞ,199.99,Küçük Ev Aletleri,2026-05-02
ELM 3001 HAMUR KARIŞTIRICI - SOL,199.99,Küçük Ev Aletleri,2026-05-02
ELM 3010 Çırpıcı Tel,649.99,Küçük Ev Aletleri,2026-05-02
Elm 3010 Yoğurucu Tel,499.99,Küçük Ev Aletleri,2026-05-02
English Home AIF 2030 XL Sıcak Tutma Hazneli Air Fryer 1500W Siyah-Krom,11999.99,Küçük Ev Aletleri,2026-05-02
English Home AIF 2030 XL Sıcak Tutma Hazneli Airfryer 1500W Siyah,9999.98,Küçük Ev Aletleri,2026-05-02
English Home AIF 2030 XL Sıcak Tutma Hazneli Airfryer 1500W Siyah-Bakır,9999.98,Küçük Ev Aletleri,2026-05-02
English Home CMK 6001 Cam Çay Makinesi ve Kettle Siyah,5399.99,Küçük Ev Aletleri,2026-05-02
English Home CMK 6001 Cam Çay Makinesi ve Kettle Siyah-Bakır,5399.99,Küçük Ev Aletleri,2026-05-02
English Home CMK 6001 Cam Çay Makinesi ve Kettle Siyah-Krom,5399.99,Küçük Ev Aletleri,2026-05-02
English Home CMK 6010 Inox Çay Makinesi ve Kettle Beyaz-Krom,5399.99,Küçük Ev Aletleri,2026-05-02
English Home CMK 6010 Inox Çay Makinesi ve Kettle Siyah,5399.99,Küçük Ev Aletleri,2026-05-02
English Home CMK 6010 Inox Çay Makinesi ve Kettle Siyah-Bakır,5399.99,Küçük Ev Aletleri,2026-05-02
English Home CMK 6010 Inox Çay Makinesi ve Kettle Siyah-Krom,5399.99,Küçük Ev Aletleri,2026-05-02
English Home CMK 6030 Çay Makinesi ve Kettle 2 Litre Antrasit,3599.99,Küçük Ev Aletleri,2026-05-02
English Home CMK 6030 Çay Makinesi ve Kettle 2 Litre Bej,3599.99,Küçük Ev Aletleri,2026-05-02
English Home CMK 6030 Çay Makinesi ve Kettle 2 Litre Mint,3599.99,Küçük Ev Aletleri,2026-05-02
English Home DGR 3001 Plastik Doğrayıcı Kırmızı,1274.99,Küçük Ev Aletleri,2026-05-02
English Home DGR 3001 Plastik Doğrayıcı Siyah,1274.99,Küçük Ev Aletleri,2026-05-02
English Home DGR 3010 Doğrayıcı 1500 ml Siyah,1274.99,Küçük Ev Aletleri,2026-05-02
English Home EKM 5001 Dijital Ekmek Kızartma Makinesi 920W Siyah-Krom,2999.99,Küçük Ev Aletleri,2026-05-02
English Home ELB 3001 4 Bıçaklı El Blenderı 1500W Beyaz-Krom,1019.99,Küçük Ev Aletleri,2026-05-02
English Home ELB 3001 4 Bıçaklı El Blenderı Siyah-Krom,1274.99,Küçük Ev Aletleri,2026-05-02
English Home ELM 3001 El Mikserı 600 W Kırmızı,1402.49,Küçük Ev Aletleri,2026-05-02
English Home ELM 3001 El Mikserı 600 W Siyah,1104.99,Küçük Ev Aletleri,2026-05-02
English Home ELM 3010 El Mikseri 500W Beyaz-Bakır,1274.99,Küçük Ev Aletleri,2026-05-02
English Home ELM 3010 El Mikseri 500W Siyah-Krom,1274.99,Küçük Ev Aletleri,2026-05-02
English Home ESM 6001 Espresso Makinesi Siyah,9399.99,Küçük Ev Aletleri,2026-05-02
"English Home FKM 6010 Coffee Talks Intelligent Filtre Kahve Makinesi 1,8L Siyah",5999.99,Küçük Ev Aletleri,2026-05-02
"English Home FKM 6020 Coffee Talks Expert Filtre Kahve Makinesi 1,35 Litre Siyah",9999.99,Küçük Ev Aletleri,2026-05-02
English Home KBL 3001 Shake Away Smoothie Blender Beyaz-Bakır,1529.99,Küçük Ev Aletleri,2026-05-02
English Home KBL 3001 Shake Away Smoothie Blender Siyah-Krom,1529.99,Küçük Ev Aletleri,2026-05-02
English Home KBL 3010 Shake Away Smoothie Blender Beyaz-Bakır,2974.99,Küçük Ev Aletleri,2026-05-02
English Home KBL 3010 Shake Away Smoothie Blender Kırmızı,2974.99,Küçük Ev Aletleri,2026-05-02
English Home KBL 3010 Shake Away Smoothie Blender Lacivert,2974.99,Küçük Ev Aletleri,2026-05-02
English Home KBL 3010 Shake Away Smoothie Blender Siyah-Krom,2974.99,Küçük Ev Aletleri,2026-05-02
English Home MBS 3001 4 Bıçaklı Mini Blender Seti Siyah-Krom,1699.99,Küçük Ev Aletleri,2026-05-02
English Home MBS 3010 4 Bıçaklı Mini Blender Seti 1500W Beyaz-Krom,2124.99,Küçük Ev Aletleri,2026-05-02
English Home MBS 3010 4 Bıçaklı Mini Blender Seti 1500W Siyah-Krom,2124.99,Küçük Ev Aletleri,2026-05-02
English Home RMB 3001 4 Bıçaklı Multi Blender Seti 1500W Beyaz-Krom,2294.99,Küçük Ev Aletleri,2026-05-02
English Home RMB 3001 4 Bıçaklı Multi Blender Seti Siyah-Krom,2294.99,Küçük Ev Aletleri,2026-05-02
English Home SBL 3001 Cam Sürahi Blender 1750 ml Beyaz-Krom,3399.99,Küçük Ev Aletleri,2026-05-02
English Home SBL 3001 Cam Sürahi Blender 1750 ml Lacivert,2124.99,Küçük Ev Aletleri,2026-05-02
English Home SBL 3001 Cam Sürahi Blender 1750 ml Siyah-Krom,3399.99,Küçük Ev Aletleri,2026-05-02
"English Home SMR 3001 Hammurix Hamur Yoğurma Makinesi 5,5 L Mint",9999.99,Küçük Ev Aletleri,2026-05-02
"English Home SMR 3001 Hammurix Hamur Yoğurma Makinesi 5,5 L Siyah-Krom",9999.99,Küçük Ev Aletleri,2026-05-02
"English Home SMR 3001 Hammurix Stand Mikseri 5,5 L Mint",9999.99,Küçük Ev Aletleri,2026-05-02
"English Home SUI 6001 Inox Su Isıtıcı 1,7L Siyah",2999.99,Küçük Ev Aletleri,2026-05-02
English Home TKM 6001 Çelik Cezve Çift Taşım Türk Kahvesi Makinesi Beyaz-Bakır,3999.99,Küçük Ev Aletleri,2026-05-02
English Home TKM 6001 Çelik Cezve Çift Taşım Türk Kahvesi Makinesi Siyah-Krom,3999.99,Küçük Ev Aletleri,2026-05-02
English Home TKM 6002 Çift Taşım Türk Kahvesi Makinesi Lacivert,3399.99,Küçük Ev Aletleri,2026-05-02
English Home TKM 6002 Çift Taşım Türk Kahvesi Makinesi Siyah-Bakır,3399.99,Küçük Ev Aletleri,2026-05-02
English Home TKM 6002 Çift Taşım Türk Kahvesi Makinesi Siyah-Krom,3399.99,Küçük Ev Aletleri,2026-05-02
English Home TKM 6011 Sütlü Türk Kahvesi Makinesi Siyah-Bakır,3999.99,Küçük Ev Aletleri,2026-05-02
English Home TKM 6011 Sütlü Türk Kahvesi Makinesi Siyah-Krom,3399.99,Küçük Ev Aletleri,2026-05-02
English Home TKM 6020 Çift Hazneli İkili Türk Kahvesi Makinesi Siyah-Bakır,13999.99,Küçük Ev Aletleri,2026-05-02
English Home TKM 6020 Çift Hazneli İkili Türk Kahvesi Makinesi Siyah-Krom,13999.98,Küçük Ev Aletleri,2026-05-02
English Home TKM 6030 Çift Taşım Türk Kahvesi Makinesi Siyah-Bakır,3399.98,Küçük Ev Aletleri,2026-05-02
English Home TKM 6030 Çift Taşım Türk Kahvesi Makinesi Siyah-Krom,3399.98,Küçük Ev Aletleri,2026-05-02
English Home TKM 6031 Çelik Cezve Çift Taşım Türk Kahvesi Makinesi Beyaz-Bakır,3499.99,Küçük Ev Aletleri,2026-05-02
English Home TKM 6031 Çelik Cezve Çift Taşım Türk Kahvesi Makinesi Siyah-Krom,3499.99,Küçük Ev Aletleri,2026-05-02
English Home TKM 6040 Sütlü Türk Kahvesi Makinesi Antrasit,3399.99,Küçük Ev Aletleri,2026-05-02
English Home TKM 6040 Sütlü Türk Kahvesi Makinesi Siyah-Krom,3399.99,Küçük Ev Aletleri,2026-05-02
English Home TMK 5001 Mini Tost ve Waffle Makinesi Siyah,4799.99,Küçük Ev Aletleri,2026-05-02
English Home TMK 5001 Mini Waffle ve Tost Makinesi 900W Yeşil,5999.99,Küçük Ev Aletleri,2026-05-02
English Home TMK 5010 Çıkarılabilir Plakalı Tost Makinesi Siyah-Krom,3999.99,Küçük Ev Aletleri,2026-05-02
English Home TMK 5030 Izgara ve Tost Makinesi Inox,8199.99,Küçük Ev Aletleri,2026-05-02
English Home TMK 5050 Teflon Çıkarılabilir Plakalı Tost Makinesi 1800W Antrasit,4599.99,Küçük Ev Aletleri,2026-05-02
FKM 6020 Fırça,139.99,Küçük Ev Aletleri,2026-05-02
FKM 6020 Süzgeç,649.99,Küçük Ev Aletleri,2026-05-02
KBL 3001 Doğrayıcı Bıçak Grubu Gri,279.99,Küçük Ev Aletleri,2026-05-02
KBL 3001 Shake Away Kişisel Blender Şişe Kapağı Beyaz,199.99,Küçük Ev Aletleri,2026-05-02
KBL 3001 Shake Away Kişisel Blender Şişe Kapağı Siyah,199.99,Küçük Ev Aletleri,2026-05-02
KBL 3001 Shake Away Kişisel Blender Şişe Şeffaf,229.98,Küçük Ev Aletleri,2026-05-02
KBL 3001 Şişe Siyah,229.99,Küçük Ev Aletleri,2026-05-02
KBL 3010 Bıçak Grubu Kırmızı,289.99,Küçük Ev Aletleri,2026-05-02
MBS 3001 - RMB 3001 Çırpıcı Top Beyaz,279.99,Küçük Ev Aletleri,2026-05-02
MBS 3001 - RMB 3001 Çırpıcı Top Siyah,179.99,Küçük Ev Aletleri,2026-05-02
MBS 3001 Dişli Kutusu Beyaz,169.99,Küçük Ev Aletleri,2026-05-02
MBS 3001 Dişli Kutusu Siyah,179.99,Küçük Ev Aletleri,2026-05-02
MBS 3001 Doğrayıcı Hazne,199.99,Küçük Ev Aletleri,2026-05-02
MBS 3010 Dişli Kutusu Siyah,279.99,Küçük Ev Aletleri,2026-05-02
MBS 3010 Hazne,229.99,Küçük Ev Aletleri,2026-05-02
Nespresso C40 Inissia Kapsül Espresso Makinesi Kırmızı,9999.99,Küçük Ev Aletleri,2026-05-02
Nespresso F121 Latissima One Süt Çözümlü Espresso Makinesi Beyaz,19999.99,Küçük Ev Aletleri,2026-05-02
Nespresso F541 Gran Latissima Süt Çözümlü Espresso Makinesi Siyah,27999.99,Küçük Ev Aletleri,2026-05-02
Philips 2000 Serisi XB2142/10 Toz Torbasız Süpürge + Philips HDA150/61 Türk Kahve Makinesi,8999.99,Küçük Ev Aletleri,2026-05-02
Philips 3000 Serisi STH3020/10 Taşınabilir Buharlı Düzleştirici Beyaz,3499.99,Küçük Ev Aletleri,2026-05-02
Philips 4000 Serisi FC9332/07 Toz Torbasız Süpürge + Philips 7000 Serisi DST7022/40 Buharlı Ütü,12999.99,Küçük Ev Aletleri,2026-05-02
Philips 4000 Serisi FC9332/07 Toz Torbasız Süpürge + Philips HD7301/00 Çay Makinesi,12999.99,Küçük Ev Aletleri,2026-05-02
Philips 5000 Serisi DST5020/30 Buharlı Ütü 2400W Mor,2499.99,Küçük Ev Aletleri,2026-05-02
Philips 5000 Serisi DST5030/80 2400 W Buharlı Ütü + Omuz Çantası,3999.99,Küçük Ev Aletleri,2026-05-02
Philips 5000 Serisi STH5020/40 Taşınabilir Buharlı Düzleştirici Kırmızı,4499.99,Küçük Ev Aletleri,2026-05-02
Philips 6000 Serisi XC6456/10 Şarjlı Dikey Süpürge,15999.99,Küçük Ev Aletleri,2026-05-02
Philips 7000 Serisi Marathon Daily XB7151/07 Toz Torbasız Süpürge,15999.99,Küçük Ev Aletleri,2026-05-02
Philips 7000 Serisi STH7060/80 Taşınabilir Buharlı Düzleştirici Siyah,5499.99,Küçük Ev Aletleri,2026-05-02
Philips Aqua Plus 8000 Serisi XC8054/01 Islak Kuru Şarjlı Dikey Süpürge,29999.99,Küçük Ev Aletleri,2026-05-02
Philips Azur 7500 Serisi DST7510/80 Buharlı Ütü 3200W Siyah,6499.99,Küçük Ev Aletleri,2026-05-02
Philips Azur 8000 Serisi 3000W DST8040/30 Buharlı Ütü Mor,9999.99,Küçük Ev Aletleri,2026-05-02
Philips Daily Collection HD7461/20 Filtre Kahve Makinesi,4499.99,Küçük Ev Aletleri,2026-05-02
Philips LatteGo 2300 Serisi EP2331/10 Tam Otomatik Espresso Makinesi,27999.99,Küçük Ev Aletleri,2026-05-02
Philips LatteGo 5500 Serisi EP5547/90 Tam Otomatik Espresso Makinesi,39999.99,Küçük Ev Aletleri,2026-05-02
Philips OneUp 5000 Serisi XV5113/01 Elektrikli Mop,9299.99,Küçük Ev Aletleri,2026-05-02
Philips PerfectCare Compact Essential GC6842/30 Buhar Kazanlı Ütü Mor,8499.99,Küçük Ev Aletleri,2026-05-02
Philips PerfectCare Elite Plus GC9682/80 Buhar Kazanlı Ütü,26499.99,Küçük Ev Aletleri,2026-05-02
RMB 3001 Besin İtici,199.99,Küçük Ev Aletleri,2026-05-02
RMB 3001 Büyük Rende,179.99,Küçük Ev Aletleri,2026-05-02
RMB 3001 Dilimleme Aparatı,179.99,Küçük Ev Aletleri,2026-05-02
RMB 3001 Küçük Rende,179.99,Küçük Ev Aletleri,2026-05-02
SMR 3001 Karıştırıcı,449.99,Küçük Ev Aletleri,2026-05-02
SMR 3001 Metal Tas Saplı,1104.99,Küçük Ev Aletleri,2026-05-02
SMR 3001 Tas Kapağı,149.99,Küçük Ev Aletleri,2026-05-02
Sbl 3001 Bıçak Grubu  Kea Yedek Parça Beyaz,319.99,Küçük Ev Aletleri,2026-05-02
Sbl 3001 Bıçak Grubu  Kea Yedek Parça Kırmızı,319.99,Küçük Ev Aletleri,2026-05-02
Sbl 3001 Bıçak Grubu  Kea Yedek Parça Lacivert,319.99,Küçük Ev Aletleri,2026-05-02
Sbl 3001 Bıçak Grubu  Kea Yedek Parça Siyah,319.99,Küçük Ev Aletleri,2026-05-02
Sbl 3001 Hazne Kapağı  Kea Yedek Parça Beyaz,199.99,Küçük Ev Aletleri,2026-05-02
Sbl 3001 Hazne Kapağı  Kea Yedek Parça Lacivert,199.99,Küçük Ev Aletleri,2026-05-02
Sbl 3001 Hazne Kapağı  Kea Yedek Parça Siyah,199.99,Küçük Ev Aletleri,2026-05-02
Silikon Tutamak  Kea Yedek Parça Beyaz,169.99,Küçük Ev Aletleri,2026-05-02
Silikon Tutamak  Kea Yedek Parça Kırmızı,169.99,Küçük Ev Aletleri,2026-05-02
Silikon Tutamak  Kea Yedek Parça Lacivert,249.99,Küçük Ev Aletleri,2026-05-02
Silikon Tutamak  Kea Yedek Parça Siyah,169.99,Küçük Ev Aletleri,2026-05-02
TKM 6002 Cezve Kırmızı,900.99,Küçük Ev Aletleri,2026-05-02
TKM 6002 Cezve Lacivert,899.99,Küçük Ev Aletleri,2026-05-02
TKM 6002 Cezve Siyah-Bakır,899.99,Küçük Ev Aletleri,2026-05-02
TKM 6002 Cezve Siyah-Krom,900.99,Küçük Ev Aletleri,2026-05-02
TKM 6010 - TKM 6011 Kahve Ölçü Kaşığı,159.99,Küçük Ev Aletleri,2026-05-02
TKM 6011 CEZVE Antrasit,1055.99,Küçük Ev Aletleri,2026-05-02
TKM 6011 CEZVE Kırmızı,865.99,Küçük Ev Aletleri,2026-05-02
TKM 6011 Cezve Siyah-Bakır,919.99,Küçük Ev Aletleri,2026-05-02
TKM 6011 Cezve Siyah-Krom,919.99,Küçük Ev Aletleri,2026-05-02
TKM ÖLÇEK KAŞIĞI SİYAH - TEK TARAFLI,199.99,Küçük Ev Aletleri,2026-05-02
TMK 5001 Tost Plakası Kea Yedek Parça Siyah,299.99,Küçük Ev Aletleri,2026-05-02
TMK 5010 Tost Plakası  Kea Yedek Parça,349.99,Küçük Ev Aletleri,2026-05-02
TMK 5020 Teflon Plaka,473.99,Küçük Ev Aletleri,2026-05-02
TMK 5040 Teflon Plaka,741.99,Küçük Ev Aletleri,2026-05-02
Tkm İnox Cezve Komple - Tek Tuş Mdl  Kea Yedek Parça Inox,995.99,Küçük Ev Aletleri,2026-05-02
Tmk 5001 Alt Waffle Plakası  Kea Yedek Parça Siyah,249.99,Küçük Ev Aletleri,2026-05-02
Tmk 5001 Üst Waffle Plakası  Kea Yedek Parça Siyah,249.99,Küçük Ev Aletleri,2026-05-02
Tmk 5030 Rezistanslı Plaka  Kea Yedek Parça Siyah,1399.99,Küçük Ev Aletleri,2026-05-02
Westinghouse Retro Ekmek Kızartma Makinesi Krem,6799.99,Küçük Ev Aletleri,2026-05-02
Westinghouse Retro Ekmek Kızartma Makinesi Siyah,5999.99,Küçük Ev Aletleri,2026-05-02
Westinghouse Retro El Blenderı Krem,1997.49,Küçük Ev Aletleri,2026-05-02
Westinghouse Retro El Blenderı Kırmızı,1997.49,Küçük Ev Aletleri,2026-05-02
Westinghouse Retro El Blenderı Siyah,1997.49,Küçük Ev Aletleri,2026-05-02
Westinghouse Retro Standlı El Mikseri Krem,2762.49,Küçük Ev Aletleri,2026-05-02
Westinghouse Retro Standlı El Mikseri Kırmızı,3824.99,Küçük Ev Aletleri,2026-05-02
Westinghouse Retro Standlı El Mikseri Pembe,4249.99,Küçük Ev Aletleri,2026-05-02
Westinghouse Retro Standlı El Mikseri Siyah,2762.49,Küçük Ev Aletleri,2026-05-02
"Westinghouse Retro Su Isıtıcı 1,7 Lt Krem",8499.99,Küçük Ev Aletleri,2026-05-02
"Westinghouse Retro Su Isıtıcı 1,7 Lt Siyah",8499.99,Küçük Ev Aletleri,2026-05-02
"Westinghouse Retro Su Isıtıcı 1,7L Kırmızı",8499.99,Küçük Ev Aletleri,2026-05-02
Westinghouse Retro Sürahi Blender Kırmızı,3399.99,Küçük Ev Aletleri,2026-05-02
Westinghouse Retro Sürahi Blender Pembe,3824.99,Küçük Ev Aletleri,2026-05-02
Şişe Kapağı  Kea Yedek Parça Beyaz,199.99,Küçük Ev Aletleri,2026-05-02
Şişe Kapağı  Kea Yedek Parça Kırmızı,199.99,Küçük Ev Aletleri,2026-05-02
Şişe Kapağı  Kea Yedek Parça Lacivert,199.99,Küçük Ev Aletleri,2026-05-02
Şişe Kapağı  Kea Yedek Parça Siyah,199.99,Küçük Ev Aletleri,2026-05-02
Şişe Kapağı Kea Yedek Parça Şeffaf,159.99,Küçük Ev Aletleri,2026-05-02
Acoral Paslanmaz Çelik Rende 21 cm Gri,1749.99,Mutfak,2026-05-02
Adelina 2li Misafir Peçetesi Beyaz-Gold,1999.99,Mutfak,2026-05-02
"Adly 3 Parça Saklama Kabı 700 ml – 1,4 L – 2 L Yeşil-Krem",2249.99,Mutfak,2026-05-02
"Adra Rende 12x8,2x18,5 cm Turuncu",1999.99,Mutfak,2026-05-02
"Adra Rende 12x8,2x18,5 cm Yeşil",1999.99,Mutfak,2026-05-02
Adra Süzgeç 3 L Turuncu,1149.99,Mutfak,2026-05-02
Adra Süzgeç 3 L Yeşil,1149.99,Mutfak,2026-05-02
Adrea Paslanmaz Çelik Süzgeç 40 cm Gri,2999.99,Mutfak,2026-05-02
Agnes Alüminyum Dondurma Kaşığı Lacivert,1999.99,Mutfak,2026-05-02
Aidan Rattan Peçete Halkası Kahve,749.95,Mutfak,2026-05-02
Alas Fırın Eldiveni ve Tutacak Seti Bej,2249.99,Mutfak,2026-05-02
Alas Pamuk Mutfak Önlüğü Lacivert,2499.99,Mutfak,2026-05-02
Ales Paslanmaz Çelik Soyacak 19 cm Kırmızı,999.95,Mutfak,2026-05-02
Ales Paslanmaz Çelik Soyacak 19 cm Yeşil,1299.99,Mutfak,2026-05-02
Alexi Mutfak Gereci Yeşil,319.99,Mutfak,2026-05-02
"Alexi Salata Kurutucu Mutfak Gereci 25,6x25,6x14,2 cm Turuncu",1749.99,Mutfak,2026-05-02
Alexy Soyacak 20 cm Mavi,1999.99,Mutfak,2026-05-02
Alfred Plastik Kavanoz Yeşil,699.95,Mutfak,2026-05-02
Alice Saklama Kabı Turuncu,1999.99,Mutfak,2026-05-02
Alice Saklama Kabı Zeytin Yeşili,1199.99,Mutfak,2026-05-02
Aligne Pamuk Kurulama Bezi 30x50 cm Antrasit,999.99,Mutfak,2026-05-02
Aligne Pamuk Kurulama Bezi 30x50 cm Gri,999.99,Mutfak,2026-05-02
Alina Cam 4lü Baharatlık Şeffaf,2749.99,Mutfak,2026-05-02
Alina Cam Baharatlık Bordo,649.95,Mutfak,2026-05-02
Alina Cam Baharatlık Mavi,649.95,Mutfak,2026-05-02
Alina Cam Baharatlık Yeşil,649.95,Mutfak,2026-05-02
Aline 3lü Ölçü Kabı Mutfak Gereci 8x8x9 cm Şeffaf,1299.95,Mutfak,2026-05-02
Aline 5’li Ölçü Kaşığı Mutfak Gereci 23X16 cm Yeşil,849.95,Mutfak,2026-05-02
Aline El Rondosu Mutfak Gereci Mavi,2249.99,Mutfak,2026-05-02
Aline Plastik 4lü Saklama Kabı 280 ml Yeşil-Mavi,1049.99,Mutfak,2026-05-02
Aline Soyacak 28 cm Mavi,1999.99,Mutfak,2026-05-02
Alissa 5li Rende 24x11 cm Renkli,1999.99,Mutfak,2026-05-02
Alissa Soyacak 14 cm Turuncu,1999.99,Mutfak,2026-05-02
Alissa Soyacak 14 cm Yeşil,1999.99,Mutfak,2026-05-02
All Fresh Inox Paslanmaz Çelik Erzak Kabı Silver,2499.99,Mutfak,2026-05-02
Allure Hasır Ekmek Sepeti Bej,419.99,Mutfak,2026-05-02
Aluna Metal Ekmek Sepeti Bej,1749.99,Mutfak,2026-05-02
"Alvin Paslanmaz Çelik Rende 24,5 cm Mavi",359.99,Mutfak,2026-05-02
Amara Kaşık Servis Gereci 32 cm Kırmızı,699.95,Mutfak,2026-05-02
"Amara Kevgir Süzgeç 32,5 cm Kırmızı",749.95,Mutfak,2026-05-02
Amara Spagetti Kaşığı 32 cm Kırmızı,699.95,Mutfak,2026-05-02
"Amara Spatula 31,5 cm Kırmızı",999.99,Mutfak,2026-05-02
Amity Metal Maşa Gri,1399.99,Mutfak,2026-05-02
Amity Paslanmaz Çelik Maşa 26 cm Siyah,1749.99,Mutfak,2026-05-02
Amity Silikon Spatula 30 cm Renkli,1149.99,Mutfak,2026-05-02
Amorf Air Kayın Kesme Tahtası Kahve,439.99,Mutfak,2026-05-02
Amour Porselen Isıtıcılı Demlik Seti 850 ml Beyaz,4499.99,Mutfak,2026-05-02
Ancel Fırın Eldiveni ve Tutacak Seti Lacivert,2249.99,Mutfak,2026-05-02
Andy Saklama Kabı Şeffaf,899.99,Mutfak,2026-05-02
"Angelina Çelik 6lı Bıçak 19,5 cm Pembe",1749.99,Mutfak,2026-05-02
Antoine Cam Tereyağlık,1999.99,Mutfak,2026-05-02
Apple 20li Kağıt Peçete Kırmızı,1049.99,Mutfak,2026-05-02
Aqualis 20li Kağıt Peçete 33x33 cm Mavi-Beyaz,1049.99,Mutfak,2026-05-02
Aqualuna Fırın Eldiveni ve Tutacak Seti 17x30 Cm + 20x20 Cm Mavi - Yeşil,2249.99,Mutfak,2026-05-02
Aquatine Pamuk Kurulama Bezi 30x50 cm Beyaz - Mavi,799.95,Mutfak,2026-05-02
Arian Borosilikat Saklama Kabı Şeffaf,153.99,Mutfak,2026-05-02
Arian Nova Borosilikat Saklama Kabı Şeffaf,1499.99,Mutfak,2026-05-02
Ariete Vintage 0413/03 Narenciye Sıkacağı Bej,6989.99,Mutfak,2026-05-02
Ariete Vintage 0413/04 Narenciye Sıkacağı Yeşil,6989.99,Mutfak,2026-05-02
Arlene Cam Kavanoz Yeşil,649.95,Mutfak,2026-05-02
Arnie Cam Kesme Tahtası 20x30 cm Sarı-Yeşil-Mavi-Kırmızı,1399.99,Mutfak,2026-05-02
Arnie Cam Kesme Tahtası Renkli,2249.99,Mutfak,2026-05-02
Arnie Çelik Rende 23x7 cm Bordo,1999.99,Mutfak,2026-05-02
Arzu Sabancı Splash 2li Misafir Peçetesi Krem-Turuncu,2749.99,Mutfak,2026-05-02
Aspen Paslanmaz Çelik Rende 24 cm Natural,1249.99,Mutfak,2026-05-02
"Aster Paslanmaz Çelik Rende 10,5x27,9x3,6 cm Yeşil",1249.99,Mutfak,2026-05-02
Aster Plastik El Rondosu Mutfak Gereci 13x11 cm Yeşil,1499.99,Mutfak,2026-05-02
"Aurelia Paslanmaz Çelik 5li Servis Seti 20,5x22,8x21,8x23,5x22 cm Gold",1039.99,Mutfak,2026-05-02
"Aurelia Paslanmaz Çelik 5li Servis Seti 20,5x22,8x21,8x23,5x22 cm Silver",909.99,Mutfak,2026-05-02
Autumn Flower 20li Kağıt Peçete Renkli,1049.99,Mutfak,2026-05-02
Avery Borosilikat Kavanoz 430 ml Şeffaf,2249.99,Mutfak,2026-05-02
Axel Akrilik Kaşıklık 25 cm Mürdüm,749.95,Mutfak,2026-05-02
"Axel Akrilik Limon Sıkacağı 16,5 cm Şeffaf",749.95,Mutfak,2026-05-02
Axel Akrilik Mini Süzgeç 15 cm Antrasit,999.99,Mutfak,2026-05-02
Axel Akrilik Mini Süzgeç 15 cm Şeffaf,999.99,Mutfak,2026-05-02
Axel Akrilik Süzgeç,1149.99,Mutfak,2026-05-02
Axel Akrilik Süzgeç Antrasit,1199.99,Mutfak,2026-05-02
"Axis Paslanmaz Çelik Rende 22,5 cm Siyah",1749.99,Mutfak,2026-05-02
Azure Bloom Emaye Bakraç 16 cm Lacivert,2999.99,Mutfak,2026-05-02
Azure Bloom Emaye Bakraç 20 cm Beyaz,4499.99,Mutfak,2026-05-02
Azure Bloom Emaye Cezve 10 cm Beyaz,2749.99,Mutfak,2026-05-02
Azure Bloom Emaye Cezve 10 cm Lacivert,2749.99,Mutfak,2026-05-02
Bake&Serve Cam Fırın Kabı Kırmızı,2499.99,Mutfak,2026-05-02
Bake&Serve Cam Fırın Kabı Şeffaf,359.99,Mutfak,2026-05-02
"Bakers Choice Airfryer Kek Kalıbı 21,5 cm Gold",1999.99,Mutfak,2026-05-02
Bakers Choice Karbon Çelik Kek Kalıbı Kırmızı,2999.99,Mutfak,2026-05-02
"Baker’s Choice Flower Karbon Çelik Kek Kalıbı 26 x 6,8 cm Kırmızı",2749.99,Mutfak,2026-05-02
"Baker’s Choice Karbon Çelik Fırın Kabı 24 x 32 x 4,7cm Kırmızı",2499.99,Mutfak,2026-05-02
Baker’s Choice Karbon Çelik Tart Kek Kalıbı 28 x 4 cm Kırmızı,2749.99,Mutfak,2026-05-02
Balang Cam Kavanoz Şeffaf,1149.99,Mutfak,2026-05-02
Baldwin Borosilikat Saklama Kabı Kahve,1499.99,Mutfak,2026-05-02
Baldwin Borosilikat Yağdanlık Şeffaf,404.99,Mutfak,2026-05-02
Basic Buzdolabı Düzenleyici Şeffaf,699.95,Mutfak,2026-05-02
Be Kind Kağıt 20li Kağıt Peçete 33x33 cm Turuncu,1049.99,Mutfak,2026-05-02
Bella Plastik 2li Mutfak Düzenleyici 3 L – 5 L Şeffaf,2749.99,Mutfak,2026-05-02
Belle Band Cam Baharatlık 290 ml Natural,1399.99,Mutfak,2026-05-02
Belle Cam Kavanoz Natural,1399.99,Mutfak,2026-05-02
Belle Cam Saklama Kabı Natural,314.99,Mutfak,2026-05-02
Beloved Porselen Isıtıcılı Demlik Seti 850 ml Beyaz,809.99,Mutfak,2026-05-02
Berghoff Dina Entity Paslanmaz Çelik 6 Parça Bloklu Bıçak Seti 34x80 cm Gri,4100.0,Mutfak,2026-05-02
Berghoff Dina Pica Paslanmaz Çelik 7 Parça Bloklu Bıçak Seti 34x80 cm Siyah,2799.99,Mutfak,2026-05-02
"Berghoff Essentials Paslanmaz Çelik 4 Yönlü Rende 18,5 cm Siyah",549.99,Mutfak,2026-05-02
"Berghoff Graphite Paslanmaz Çelik 5 Parça Bloklu Bıçak Seti 20-17,5-16-12 cm Siyah",6589.99,Mutfak,2026-05-02
Berghoff LEO Phantom Kızartma Tavası Latte,2899.99,Mutfak,2026-05-02
Berghoff LEO Phantom Seramik Tava Siyah,9999.99,Mutfak,2026-05-02
Berghoff LEO Phantom Seramik Tencere Latte,5669.99,Mutfak,2026-05-02
Berghoff LEO Phantom Seramik Tencere Siyah,16249.99,Mutfak,2026-05-02
Berghoff LEO Phantom Tencere Siyah,17499.99,Mutfak,2026-05-02
Berghoff Leo Balance Forest 3lü Paslanmaz Çelik Bıçak Seti Yeşil,1599.99,Mutfak,2026-05-02
Berghoff Leo Balance Sage Tava Ada Çayı Yeşili,9999.99,Mutfak,2026-05-02
Berghoff Leo Balance Sage Tencere Ada Çayı Yeşili,12499.99,Mutfak,2026-05-02
Berlin CeraWell 5 Parça Tencere Seti 24-28-28 cm Yeşil,22499.99,Mutfak,2026-05-02
Berlin CeraWell Tava Yeşil,5999.99,Mutfak,2026-05-02
Berlin Fusion Pro Basık Tencere 24 cm Gri,1439.99,Mutfak,2026-05-02
Berlin Fusion Pro Basık Tencere Yeşil,8499.99,Mutfak,2026-05-02
Berlin Fusion Pro Seramik Tava Gri,909.99,Mutfak,2026-05-02
Berlin Fusion Pro Seramik Tencere Gri,1619.99,Mutfak,2026-05-02
Berlin Fusion Pro Tencere Seti 24-28-28 cm Gri,3599.99,Mutfak,2026-05-02
Berry 20li Kağıt Peçete Kırmızı,1049.99,Mutfak,2026-05-02
Berry Branches 20li Kağıt Peçete Lacivert,1049.99,Mutfak,2026-05-02
Bertrand Paslanmaz Çelik Bıçak Kırmızı,799.95,Mutfak,2026-05-02
Bertrand Paslanmaz Çelik Bıçak Mavi,799.95,Mutfak,2026-05-02
Bertrand Paslanmaz Çelik Bıçak Yeşil,899.99,Mutfak,2026-05-02
Best Food Lunch Box Kırmızı,1999.99,Mutfak,2026-05-02
Best Food Lunch Box Mavi,1999.99,Mutfak,2026-05-02
Bety Kayın 2li Kesme Tahtası 19x26 cm - 21x35 cm Natural,2249.99,Mutfak,2026-05-02
Bianca Seramik Set Fırın Kabı Beyaz,2249.99,Mutfak,2026-05-02
Bioni Paslanmaz Çelik Maşa 28 cm Yeşil,999.95,Mutfak,2026-05-02
Bioni Süzgeç 23 cm Renkli,949.95,Mutfak,2026-05-02
Blitz Saklama Kabı 4 Lt Gül Kurusu,999.99,Mutfak,2026-05-02
Blitz Saklama Kabı 4 Lt Petrol Mavisi,999.99,Mutfak,2026-05-02
Blockify 20li Kağıt Peçete 33x33 cm Siyah - Beyaz,1049.99,Mutfak,2026-05-02
Blossia Kağıt 20li Kağıt Peçete 33x33 cm Renkli,1049.99,Mutfak,2026-05-02
Blossom Frame New Bone China Demlik Seti 400 – 290 ml Pembe - Beyaz,599.99,Mutfak,2026-05-02
Blossom Frame Pamuk Polyester Nakışlı Kurulama Bezi 30x50 cm Pembe,1399.99,Mutfak,2026-05-02
Blossy 20li Kağıt Peçete 33x33 cm Beyaz - Yeşil,1049.99,Mutfak,2026-05-02
Blue Flowers New Bone China Demlik 400 ml Mavi,3999.99,Mutfak,2026-05-02
Blue Lines Fırın Eldiveni ve Tutacak Seti Lacivert,2499.99,Mutfak,2026-05-02
Blue Lines Mutfak Önlüğü 65x75 cm Lacivert,2249.99,Mutfak,2026-05-02
Bluebloom Kağıt 20li Kağıt Peçete 33x40 Cm Mavi,1049.99,Mutfak,2026-05-02
Bluette 20li Kağıt Peçete 33x33 cm Mavi,1049.99,Mutfak,2026-05-02
Blura Kağıt 20li Kağıt Peçete 33x33 cm Mavi,174.99,Mutfak,2026-05-02
Bluva Pamuk Kurulama Bezi 30x50 cm Mavi,1399.99,Mutfak,2026-05-02
Bluvita 20li Kağıt Peçete 33x33 cm Mavi-Beyaz,1099.99,Mutfak,2026-05-02
Bohem Line Cam Kavanoz Şeffaf,1999.99,Mutfak,2026-05-02
Bon Appetit Cam Kavanoz 500 ml Yeşil,1499.99,Mutfak,2026-05-02
Bon Vita Cam 2li Baharatlik 220 ml - 220 ml Mavi-yeşil,314.99,Mutfak,2026-05-02
Bony Cam 2li Yağlık - Sirkelik 18 cm Şeffaf,3999.99,Mutfak,2026-05-02
Boston 3’lü Dikdörtgen Erzak Kabı Bej,1299.99,Mutfak,2026-05-02
"Botanic Garden Emaye 2li Saklama Kabı 0,75 x 1,20 L Yeşil",3999.99,Mutfak,2026-05-02
Botanica 20li Kağıt Peçete 33x33 cm Yeşil,1049.99,Mutfak,2026-05-02
Braid Dots Pamuk 2li Misafir Peçetesi Mavi - Lacivert,1399.99,Mutfak,2026-05-02
Breton Stripe Pamuk Kurulama Bezi Yeşil,999.99,Mutfak,2026-05-02
"Bright Dream Emaye Baharatlik 0,5L Kırmızı - Beyaz",2499.99,Mutfak,2026-05-02
Bright Floral 2li Fırın Eldiveni ve Tutacak Seti Pembe - Yeşil,384.99,Mutfak,2026-05-02
Bright Parade 2li Fırın Eldiveni ve Tutacak Seti Kırmızı - Yeşil,2749.99,Mutfak,2026-05-02
Bright Parade Cam Kavanoz Kırmızı - Beyaz,1499.99,Mutfak,2026-05-02
Bright Parade Cam Kesme Tahtası 25x35 cm Kırmızı - Beyaz,1999.99,Mutfak,2026-05-02
"Bright Parade Emaye Baharatlik 0,75 L Kırmızı - Beyaz",2499.99,Mutfak,2026-05-02
Bright Parade Emaye Bakraç 16 cm Beyaz,584.99,Mutfak,2026-05-02
Bright Parade Emaye Bakraç 20 cm Kırmızı,4999.99,Mutfak,2026-05-02
"Bright Parade Emaye Sos Tenceresı 1,6L Kırmızı",719.99,Mutfak,2026-05-02
"Bright Parade Emaye Çaydanlık 1,1 Litre + 2,3 Litre Kırmızı",7999.99,Mutfak,2026-05-02
Bright Parade Melamin Kaşıklık Mutfak Gereci 24 cm Kırmızı - Beyaz,1499.99,Mutfak,2026-05-02
Bright Parade Pamuk Polyester Nakışlı Kurulama Bezi 30x50 cm Kırmızı,1399.99,Mutfak,2026-05-02
Brims Paslanmaz Çelik Süzgeç 14 cm Siyah,449.99,Mutfak,2026-05-02
Brims Paslanmaz Çelik Süzgeç 18 cm Siyah,419.99,Mutfak,2026-05-02
Brims Paslanmaz Çelik Süzgeç 26 cm Gri,3499.99,Mutfak,2026-05-02
Brims Paslanmaz Çelik Süzgeç Gri,1999.99,Mutfak,2026-05-02
Briony Borosilikat Kavanoz Kahve,2499.99,Mutfak,2026-05-02
Brisa Emaye Çaydanlık Kahverengi,7999.99,Mutfak,2026-05-02
Bubble Fish Pamuk Polyester Nakışlı Kurulama Bezi 30x50 cm Turuncu – Bej,1499.99,Mutfak,2026-05-02
Bubble Joy Kağıt 20li Kağıt Peçete 33x33 cm Renkli,1049.99,Mutfak,2026-05-02
Burnia Silikon Bal Kaşığı Mutfak Gereci 16 cm Bordo,699.95,Mutfak,2026-05-02
Caitlin Maşa 35 cm Krem,849.95,Mutfak,2026-05-02
Caitlin Maşa 35 cm Yeşil,849.95,Mutfak,2026-05-02
"Callie 3 Parça Karıştırma Kabı 2,6 L Krem",1749.99,Mutfak,2026-05-02
Calvina 3 Parça Saklama Kabı 450 x 950 x 1800 ml Pembe,1499.99,Mutfak,2026-05-02
Canela 4 Parça Karıştırma Kabı Yeşil,2249.99,Mutfak,2026-05-02
Carnival 20li Kağıt Peçete Mavi,1049.99,Mutfak,2026-05-02
Carnival 20li Kağıt Peçete Pembe,1049.99,Mutfak,2026-05-02
Carnival Tree New Bone China Saklama Kabı Pembe,1149.95,Mutfak,2026-05-02
Carolie Kayın Kesme Tahtası 19x25 cm Kahve,1999.99,Mutfak,2026-05-02
Carolie Kayın Kesme Tahtası 28x21 cm Kahve,2249.99,Mutfak,2026-05-02
Casamere Metal 4lü Peçete Halkası Gold,1749.99,Mutfak,2026-05-02
Catalina Süzgeç 20x35 cm Krem,1399.99,Mutfak,2026-05-02
Caterina Soyacak 17 cm Yeşil,1999.99,Mutfak,2026-05-02
Celia Silikon Spatula Gri,1149.99,Mutfak,2026-05-02
Celia Silikon Spatula Yeşil,1149.99,Mutfak,2026-05-02
Celia Silikon Yumurta Fırçası 22 cm Yeşil,799.95,Mutfak,2026-05-02
Celinda Kayın 2li Kesme Tahtası 22x30 cm - 15x21 cm Natural,1749.99,Mutfak,2026-05-02
Cest Cam Kavanoz 880 ml Turuncu,1749.99,Mutfak,2026-05-02
Cheerful Stoneware Fırın Tenceresi Mavi,1999.99,Mutfak,2026-05-02
Chef Cut Paslanmaz Çelik 6 Parça Bıçak Seti 11x11x22 cm Siyah,3499.99,Mutfak,2026-05-02
Chef Mutfak Önlüğü 65x75 cm Lacivert,1749.99,Mutfak,2026-05-02
Chena Silikon Spatula 25 cm Beyaz,999.99,Mutfak,2026-05-02
Chena Silikon Spatula 25 cm Gri,699.95,Mutfak,2026-05-02
Cherries Pamuk Kurulama Bezi 30x50 cm Sarı-Kırmızı,999.99,Mutfak,2026-05-02
Cherry Cam Kavanoz 630 ml Şeffaf,1299.99,Mutfak,2026-05-02
Cherry Cherry Kağıt 20li Kağıt Peçete 33x33 cm Mavi,1049.99,Mutfak,2026-05-02
Cherry Dream Emaye Bakraç Kırmızı,2999.99,Mutfak,2026-05-02
"Cherry Dream Emaye Sos Tenceresi 1,6L Kırmızı",4499.99,Mutfak,2026-05-02
"Cherry Emaye Baharatlık 0,75 L Sarı",2999.99,Mutfak,2026-05-02
Cherry Pamuk Kurulama Bezi 30x50 cm Kırmızı,1749.99,Mutfak,2026-05-02
Chimera Fırın Eldiveni ve Tutacak Seti 17x30 cm+20x20 cm Yeşil,2499.99,Mutfak,2026-05-02
Chimera Melamin Kaşıklık 24 cm Beyaz - Yeşil,1499.99,Mutfak,2026-05-02
Chimera Mutfak Önlüğü 65x75 cm Yeşil,2499.99,Mutfak,2026-05-02
Chimera Pamuk Kurulama Bezi 30x50 cm Mavi-Kırmızı,1499.99,Mutfak,2026-05-02
Chloe Iroko İkili Servis Gereci 29 cm Kahverengi,1999.99,Mutfak,2026-05-02
Christmas Cocaine 20li Kağıt Peçete Kırmızı,1149.95,Mutfak,2026-05-02
Christmas Straight 20li Kağıt Peçete Kırmızı,999.99,Mutfak,2026-05-02
Christmas Straight 20li Kağıt Peçete Yeşil,999.99,Mutfak,2026-05-02
Christmas Tree Dolomite Peçetelik 12x9x13 cm Beyaz,1399.99,Mutfak,2026-05-02
Ciara Kepçe Siyah,1149.95,Mutfak,2026-05-02
Ciara Patates Ezici Mutfak Gereci Siyah,999.99,Mutfak,2026-05-02
Ciara Servis Kaşığı 32 cm Siyah,849.95,Mutfak,2026-05-02
Ciara Silikon Airfryer Kek Kalıbı Gri,1199.99,Mutfak,2026-05-02
Ciara Soyacak 17 cm Krem,1999.99,Mutfak,2026-05-02
Ciara Spatula 32 cm Siyah,1149.95,Mutfak,2026-05-02
"Ciara Süzgeç 31,5 cm Siyah",1149.95,Mutfak,2026-05-02
Classic Line 20li Kağıt Peçete Gri,1049.99,Mutfak,2026-05-02
Claudia Soyacak 15 cm Yeşil,1099.99,Mutfak,2026-05-02
Clawdia 20li Kağıt Peçete 33x33 cm Mavi-Turuncu,649.99,Mutfak,2026-05-02
ClickEase 6 Parça Premium Tencere Seti 20-24-26 cm Gri,2079.99,Mutfak,2026-05-02
ClickEase 6 Parça Premium Tencere ve Tava Seti Siyah,9999.99,Mutfak,2026-05-02
ClickEase 7 Parça Premium Tencere Seti 18-20-24-28 cm Siyah,14999.99,Mutfak,2026-05-02
ClickEase CeraWell 8 Parça Tencere Seti 20 – 20 – 26 – 26 cm Hardal,3869.99,Mutfak,2026-05-02
ClickEase CeraWell 8 Parça Tencere Seti 20 – 20 – 26 – 26 cm Mocha,21499.99,Mutfak,2026-05-02
ClickEase CeraWell 8 Parça Tencere Seti 20 – 20 – 26 – 26 cm Yeşil,22999.99,Mutfak,2026-05-02
ClickEase CeraWell 8 Parça Tencere Seti 20-24-26-26 cm Gri,4159.99,Mutfak,2026-05-02
ClickEase Premium 11 Parça Tencere Seti 16 – 20 – 24 – 26 - 28 cm Siyah,19999.99,Mutfak,2026-05-02
Clyra Kağıt 20li Kağıt Peçete 33x33 cm Beyaz - Kırmızı,1049.99,Mutfak,2026-05-02
Coastal Charm 20li Kağıt Peçete 33x33 cm Mavi,649.99,Mutfak,2026-05-02
"Coastal Fish 20li Kağıt Peçete 32,5x32,5 cm Mavi",1099.99,Mutfak,2026-05-02
Coastal Hasır Ekmek Sepeti Gri,239.99,Mutfak,2026-05-02
Coastal Line 20li Kağıt Peçete 33x33 cm Mavi,1049.99,Mutfak,2026-05-02
Coastal Scorpion 20li Kağıt Peçete 33x33 cm Mavi,1049.99,Mutfak,2026-05-02
Coastal Sea 20li Kağıt Peçete 33x33 cm Mavi,1099.99,Mutfak,2026-05-02
Coastal Seashell 20li Kağıt Peçete 33x33 cm Mavi,1049.99,Mutfak,2026-05-02
Coastal Stripe 20li Kağıt Peçete 33x33 cm Mavi,1049.99,Mutfak,2026-05-02
Coastal Tie 20li Kağıt Peçete 33x33 cm Mavi,1049.99,Mutfak,2026-05-02
Coastline Mutfak Önlüğü 65x75 cm Mavi - Yeşil,2499.99,Mutfak,2026-05-02
Coastlinear Plastik Peçetelik 15x6x11 cm Mavi,1499.99,Mutfak,2026-05-02
Colessa Limon Sıkacağı Krem,1399.99,Mutfak,2026-05-02
Colessa Maşa 26 cm Yeşil,849.95,Mutfak,2026-05-02
Colessa Maşa Krem,849.95,Mutfak,2026-05-02
Colessa Mutfak Gereci Krem,1499.99,Mutfak,2026-05-02
Colessa Mutfak Gereci Yeşil,999.99,Mutfak,2026-05-02
Colessa Paslanmaz Çelik Rende 11x24 cm Krem,1499.99,Mutfak,2026-05-02
Colessa Paslanmaz Çelik Rende 11x24 cm Yeşil,1499.99,Mutfak,2026-05-02
Colessa Plastik Limon Sıkacağı Yeşil,1399.99,Mutfak,2026-05-02
Colessa Plastik Servis Seti 28 cm Krem,849.95,Mutfak,2026-05-02
Colessa Saklama Kabı Krem,1149.99,Mutfak,2026-05-02
Colessa Saklama Kabı Yeşil,1399.99,Mutfak,2026-05-02
Colessa Soyacak 15 cm Krem,1099.99,Mutfak,2026-05-02
Colette 20li Kağıt Peçete Açık Mavi,999.99,Mutfak,2026-05-02
Colin Borosilikat Yağdanlık Şeffaf,489.99,Mutfak,2026-05-02
Collotte Maşa 27 cm Yeşil,999.99,Mutfak,2026-05-02
Collotte Maşa Krem,999.99,Mutfak,2026-05-02
Colorful Blooms Kağıt 20li Kağıt Peçete 33x33 cm Turuncu,1049.99,Mutfak,2026-05-02
Colorisca 20li Kağıt Peçete 33x33 cm Renkli,1099.99,Mutfak,2026-05-02
Colorpix Kağıt 20li Kağıt Peçete 33x33 cm Renkli,1049.99,Mutfak,2026-05-02
Colourful Joy Cam Kesme Tahtası 25x35 cm Renkli,1999.99,Mutfak,2026-05-02
Cooker Pamuk-Keten Mutfak Önlüğü 70x55 Cm Kiremit,1999.99,Mutfak,2026-05-02
Cooker Pamuk-Keten Mutfak Önlüğü 70x55 Cm Lacivert,1999.99,Mutfak,2026-05-02
Cooktop Pamuk Mutfak Önlüğü Beyaz - Mavi,1149.95,Mutfak,2026-05-02
Cora Bambu Kesme Tahtası 30x23 cm Turuncu,1327.45,Mutfak,2026-05-02
Corazon Borosilikat French Press Turuncu,1524.9,Mutfak,2026-05-02
Corazon Paslanmaz Çelik 4 Cup Moka Pot 160 ml Turuncu,1439.99,Mutfak,2026-05-02
Corazon Paslanmaz Çelik 4 Cup Moka Pot 160 ml Yeşil,7999.99,Mutfak,2026-05-02
Cordelia Silikon Maşa Kırmızı,1099.99,Mutfak,2026-05-02
Cordelia Silikon Çırpıcı 26 cm Kırmızı,1149.99,Mutfak,2026-05-02
Cordelia Silikon Çırpıcı Kırmızı,1399.99,Mutfak,2026-05-02
Cordie Cam Kesme Tahtası Renkli,1999.99,Mutfak,2026-05-02
Cosmic Cam Tereyağlık 21x8x7 Cm Şeffaf,2249.99,Mutfak,2026-05-02
Costa 3lü Premium Tava Seti 20-24-28 cm Gri,1439.99,Mutfak,2026-05-02
Costa Nuovo Premium 3lü Tava Seti 20-24-28 cm Gri,1439.99,Mutfak,2026-05-02
Costa Premium 2li Tava Seti 20-24 cm Gri,6499.99,Mutfak,2026-05-02
Costa Premium 2li Tava Seti 24-28 cm Gri,7499.99,Mutfak,2026-05-02
Cottage Stoneware 2li Sufle Fırın Kabı 9 – 9 cm Açık Yeşil-Koyu Yeşil,314.99,Mutfak,2026-05-02
Cottage Stoneware 2’li Sufle Fırın Kabı 9 – 9 cm Koyu Pembe – Açık Pembe,1749.99,Mutfak,2026-05-02
"Cottage Stoneware Dikdörtgen Fırın Kabı 39,5x24,5 cm Koyu Yeşil",7499.99,Mutfak,2026-05-02
Cottage Stoneware Fırın Kabı Açık Pembe,539.99,Mutfak,2026-05-02
Cottage Stoneware Fırın Kabı Açık Yeşil,1999.99,Mutfak,2026-05-02
Cottage Stoneware Fırın Kabı Koyu Pembe,539.99,Mutfak,2026-05-02
"Cottage Stoneware Kalp Fırın Kabı 14,5x13,5 cm Açık Yeşil",1749.99,Mutfak,2026-05-02
Cottage Stoneware Yuvarlak Fırın Kabı 13x4 cm Koyu Yeşil,1499.99,Mutfak,2026-05-02
"Count Ölçü Kabı Mutfak Gereci 7,5x8x18 cm Şeffaf",749.95,Mutfak,2026-05-02
Creil Paslanmaz Çelik 4 Parça Bloklu Bıçak Seti 21-24-33-33 cm Siyah,5499.99,Mutfak,2026-05-02
"Creil Paslanmaz Çelik 5 Parça Bloklu Bıçak Seti 20,5-24,5-33-33-33 cm Silver",1439.99,Mutfak,2026-05-02
Cremy Emaye 5 Parça Tencere Seti 16 cm Krem,6999.99,Mutfak,2026-05-02
Cross Cam Peçetelik 13x9 cm Şeffaf,799.95,Mutfak,2026-05-02
Crustic Ekmek Sepeti Kahverengi,1399.99,Mutfak,2026-05-02
"Crux Cam Tereyağlık 17,5x11x10 Cm Şeffaf",1749.99,Mutfak,2026-05-02
Culinary Pamuk Kurulama Bezi 30x50 cm Bej,749.95,Mutfak,2026-05-02
Culinary Pamuk Kurulama Bezi 30x50 cm Gri,749.95,Mutfak,2026-05-02
"Cut Master , Paslanmaz Çelik 10 parça Kesme Tahtası Bıçak Seti 32x10x23 cm Krem",6499.99,Mutfak,2026-05-02
Cut Me 2li Kesme Tahtası 27-34 cm Bordo-Pembe,999.95,Mutfak,2026-05-02
Cut Me 2li Kesme Tahtası 27-34 cm Turuncu-yeşil,999.95,Mutfak,2026-05-02
Cut Me 2li Kesme Tahtası Kırmızı,999.95,Mutfak,2026-05-02
CutMe 2li Kesme Tahtası 27-34 cm Fuşya-Mavi,999.95,Mutfak,2026-05-02
CutMe 2li Kesme Tahtası 27-34 cm Lila - Pembe,999.95,Mutfak,2026-05-02
Cute Deer 12li Kağıt Peçete 33x40 Cm Siyah,799.95,Mutfak,2026-05-02
Cutting Set Soyacaklı Kesme Tahtası Koyu Bej,1327.45,Mutfak,2026-05-02
Daisy Kağıt Peçete Mavi,1049.99,Mutfak,2026-05-02
Dalmata 20li Kağıt Peçete 33x33 cm Yeşil,1049.99,Mutfak,2026-05-02
Daniel Plastik 2’li Ölçü Kabı Mutfak Gereci 300 – 600 ml Şeffaf,1499.99,Mutfak,2026-05-02
Daniel Silikon 2li Servis Gereci 23.5 x 25 cm Yeşil,1499.99,Mutfak,2026-05-02
Daniel Silikon 3lü Servis Gereci 23.5x25x26.5 cm Açık Pembe,2249.99,Mutfak,2026-05-02
Darkness Kağıt 20li Kağıt Peçete 33x33 cm Siyah - Beyaz,174.99,Mutfak,2026-05-02
Deanna 3 Parça Saklama Kabı 1-2-3 Lt Pembe,2249.99,Mutfak,2026-05-02
Deanna 3 Parça Saklama Kabı Krem,2249.99,Mutfak,2026-05-02
Deanna 3 Parça Saklama Kabı Yeşil,2249.99,Mutfak,2026-05-02
Deeper 20li Kağıt Peçete 33x33 cm Kırmızı,649.99,Mutfak,2026-05-02
Deeper 20li Kağıt Peçete 33x33 cm Lacivert,649.99,Mutfak,2026-05-02
Diana Çelik 4lü Meyve Bıçak 16 cm Mavi,1399.99,Mutfak,2026-05-02
Dina Bambu Kesme Tahtası 31x20 cm Natural,1749.99,Mutfak,2026-05-02
Ditsy Garden Kağıt 20li Kağıt Peçete 33x33 cm Renkli,1049.99,Mutfak,2026-05-02
Dolce Vita Cam Kavanoz 350 ml Sarı,1499.99,Mutfak,2026-05-02
Domino 20li Kağıt Peçete İndigo,1049.99,Mutfak,2026-05-02
Dora Cam Baharatlık 105 ml Yeşil,999.99,Mutfak,2026-05-02
Dr. Oetker Exclusive Seramik Kek Kalıbı Gri,3999.99,Mutfak,2026-05-02
Draze Pamuk Kurulama Bezi 30x50 cm Gri,999.99,Mutfak,2026-05-02
Dyna Pamuk 3lü Kurulama Bezi 30x50 cm Bej,1999.99,Mutfak,2026-05-02
Dyna Pamuk 3lü Kurulama Bezi 30x50 cm Gri,1999.99,Mutfak,2026-05-02
Düz Poşet Klipsi Pembe,649.95,Mutfak,2026-05-02
Düz Süzgeç Mavi,749.95,Mutfak,2026-05-02
Düz Süzgeç Pembe,749.95,Mutfak,2026-05-02
Eddy Silikon Servis Kaşığı Açık Bej,1149.95,Mutfak,2026-05-02
Eddy Silikon Spatula 28 cm Açık Bej,1149.95,Mutfak,2026-05-02
Eddy Silikon Spatula Açık Bej,1149.95,Mutfak,2026-05-02
Eddy Silikon Spatula Koyu Bej,699.95,Mutfak,2026-05-02
Eddy Silikon Yumurta Fırçası Açık Bej,749.95,Mutfak,2026-05-02
Edenic Fırın Eldiveni ve Tutacak Seti 17x30 cm+20x20 cm Beyaz - Lacivert,2499.99,Mutfak,2026-05-02
Edenic Mutfak Önlüğü 65x75 cm Beyaz - Lacivert,2499.99,Mutfak,2026-05-02
Elegant Cam 6lı Baharatlık 90 ml Kahverengi,719.99,Mutfak,2026-05-02
Elisa Kayın Kesme Tahtası Natural,1749.99,Mutfak,2026-05-02
Elise Porselen Sahan Fırın Kabı Beyaz,1399.99,Mutfak,2026-05-02
"Ella Silikon Buz Kalıbı 24x15,5 cm Renkli",239.99,Mutfak,2026-05-02
Elsie Cam Yağdanlık 500 ml Antrasit,1749.99,Mutfak,2026-05-02
Elsie Cam Yağdanlık 500 ml Krem,1699.95,Mutfak,2026-05-02
Elvira New Bone China 3lü Saklama Kabı 300 ml-600 ml-800 ml Krem,674.99,Mutfak,2026-05-02
Elysian Pamuk Kurulama Bezi 30x50 cm Kırmızı,1499.99,Mutfak,2026-05-02
Emilie Iroko İkili Servis Gereci 20 cm Kahverengi,1499.99,Mutfak,2026-05-02
Enjoy Today 20li Kağıt Peçete 33x33 cm Renkli,1049.99,Mutfak,2026-05-02
Essentials Paslanmaz Çelik Rende Gri,599.99,Mutfak,2026-05-02
"Estela Süzgeç 27,5x25 cm Krem",999.99,Mutfak,2026-05-02
"Estela Süzgeç 27,5x25 cm Yeşil",999.99,Mutfak,2026-05-02
Ethnic 20li Kağıt Peçete Renkli,1049.99,Mutfak,2026-05-02
Euphoria 2li Misafir Peçetesi 38x38 cm Renkli,1999.99,Mutfak,2026-05-02
Evelyn Borosilikat Çaydanlık 650 – 1300 ml Şeffaf,4999.99,Mutfak,2026-05-02
Evelyn Pamuk Kurulama Bezi 40x60 cm Bej,999.99,Mutfak,2026-05-02
Evelyn Pamuk Kurulama Bezi 40x60 cm Kırmızı,999.99,Mutfak,2026-05-02
Evie Borosilikat-Akasya 2li Yağlık - Sirkelik 200 ml Şeffaf,489.99,Mutfak,2026-05-02
Fancy 20li Kağıt Peçete 33x33 cm Renkli,1049.99,Mutfak,2026-05-02
Fancy Tree Pamuk Kurulama Bezi Beyaz,1299.99,Mutfak,2026-05-02
"Fausta Saklama Kabı 17,4 x 12,5 x 6 cm Krem",849.95,Mutfak,2026-05-02
"Fausta Saklama Kabı 17,4 x 12,5 x 6 cm Yeşil",849.95,Mutfak,2026-05-02
Feel Happy New Bone China Demlik Seti 400 ml Beyaz,639.99,Mutfak,2026-05-02
Felicia Borosilikat Baharatlık 235 ml Şeffaf,1149.99,Mutfak,2026-05-02
Festive Tree Kağıt Peçete Beyaz,999.99,Mutfak,2026-05-02
Fiera Paslanmaz Çelik 5 Parça Bloklu Bıçak Seti 9-12-19-19-19 cm Bordo,989.99,Mutfak,2026-05-02
Fiera Paslanmaz Çelik 5 Parça Bloklu Bıçak Seti 9-12-19-19-19 cm Yeşil,5499.99,Mutfak,2026-05-02
Finny 20li Kağıt Peçete Beyaz,1049.99,Mutfak,2026-05-02
Finny 20li Kağıt Peçete Turkuaz,1049.99,Mutfak,2026-05-02
Fiona Borosilikat Cam Demlik 500 ml Gri,3499.99,Mutfak,2026-05-02
"Fiorina Silikon Yumurta Fırçası 20,5 cm Yeşil",999.99,Mutfak,2026-05-02
Firbliss Kağıt 20li Kağıt Peçete 33x33 cm Renkli,999.99,Mutfak,2026-05-02
Fish 20li Kağıt Peçete Turuncu,188.99,Mutfak,2026-05-02
Fissler Adamant 5 Parça Tencere Seti 18-20-24 cm Siyah,13998.99,Mutfak,2026-05-02
Fissler Pure Collection Paslanmaz Çelik 9 Parça Tencere Seti 16-16-20-20-24 cm Silver,19999.99,Mutfak,2026-05-02
"Fissler Vitaquick Glossy Düdüklü Tencere 4,5L Siyah",27999.99,Mutfak,2026-05-02
"Fissler Vitaquick Premium Ek Cam Kapak + Buharda Pişirme Aparatlı Düdüklü Tencere Seti 6 + 3,5 L",26999.99,Mutfak,2026-05-02
"Fissler Vitavit Premium Düdüklü Tencere 4,5L Mat",17999.99,Mutfak,2026-05-02
"Fissler Vitavit Premium Düdüklü Tencere Seti 6 + 3,5 L Mat",27999.99,Mutfak,2026-05-02
"Fleur 3lü Mutfak Düzenleyici 850 ml – 850 ml – 1,80 L Şeffaf",1499.99,Mutfak,2026-05-02
Fleurwave 20li Kağıt Peçete 33x33 cm Bej,1049.99,Mutfak,2026-05-02
Floralia Kağıt 20li Kağıt Peçete 32x32 cm Yeşil,1049.99,Mutfak,2026-05-02
Florella Kağıt 20li Kağıt Peçete 33x33 cm Yeşil,188.99,Mutfak,2026-05-02
Florentis New Bone China Demlik Seti 400 – 290 ml Pembe - Yeşil,599.99,Mutfak,2026-05-02
Floresta 20li Kağıt Peçete 33x33 cm Renkli,1049.99,Mutfak,2026-05-02
Florid 20li Kağıt Peçete Renkli,1049.99,Mutfak,2026-05-02
"Florina Emaye Sos Tenceresi 1,1 L Krem",4999.99,Mutfak,2026-05-02
"Florina Emaye Sos Tenceresi 1,6L Beyaz",4499.99,Mutfak,2026-05-02
Florise 20li Kağıt Peçete 33x33 cm Renkli,1049.99,Mutfak,2026-05-02
Florset 20li Kağıt Peçete 33x33 cm Renkli,1049.99,Mutfak,2026-05-02
Floryna 20li Kağıt Peçete 33x33 cm Pembe-Beyaz,1049.99,Mutfak,2026-05-02
Flower Garden 20li Kağıt Peçete Pembe - Mavi,1049.99,Mutfak,2026-05-02
Fluffy Cloud Pamuk 2li Kurulama Bezi 30x30 cm Mavi-Lila,1499.99,Mutfak,2026-05-02
Frady Lunch Box Yeşil,1149.99,Mutfak,2026-05-02
"Fresco 4 Parça Süzgeç 3x1,8x0,5 Litre Antrasit",1199.99,Mutfak,2026-05-02
"Fresco 4 Parça Süzgeç 3x1,8x0,5 Litre Yeşil",179.98,Mutfak,2026-05-02
Fresh 20li Kağıt Peçete Turuncu,1049.99,Mutfak,2026-05-02
Fresh Safe Cam Kavanoz Gri,1399.99,Mutfak,2026-05-02
Fresh Safe Cam Saklama Kabı Gri,1149.99,Mutfak,2026-05-02
Fresh Ware Cam Saklama Kabı Gri,1499.99,Mutfak,2026-05-02
Fruit Joy Cam Kesme Tahtası 38x28 cm Beyaz,1749.99,Mutfak,2026-05-02
Garden 20li Kağıt Peçete 33x33 cm Lacivert,1099.99,Mutfak,2026-05-02
Garden Petals 2li Fırın Eldiveni ve Tutacak Seti Sarı,384.99,Mutfak,2026-05-02
Garnet Emaye Bakraç 16 cm Beyaz,2999.99,Mutfak,2026-05-02
"Garnet Emaye Sos Tenceresi 1,1 L Beyaz",719.99,Mutfak,2026-05-02
"Garnet Emaye Sos Tenceresi 1,6L Kırmızı",3749.99,Mutfak,2026-05-02
Gemma Air Kayın Kesme Tahtası Kahve,1499.99,Mutfak,2026-05-02
Gigi Cam 4 Parça Yağlık - Sirkelik Gold,2749.99,Mutfak,2026-05-02
Ginger Glow Cam Kavanoz 950 ml Beyaz - Kırmızı,3999.99,Mutfak,2026-05-02
Ginger Glow Dolomite Demlik 490 ml Beyaz - Kırmızı,4499.99,Mutfak,2026-05-02
Ginger Man Cam Kavanoz 950 ml Beyaz - Kırmızı,3999.99,Mutfak,2026-05-02
Ginger Time Cam Kavanoz 600 ml Beyaz - Kırmızı,3499.99,Mutfak,2026-05-02
Gleam Cam Yağdanlık 290 ml Şeffaf,1699.95,Mutfak,2026-05-02
Glow Çelik 4 Parça Kızartma Tenceresi 14 cm Silver,7499.99,Mutfak,2026-05-02
Glow Çelik Cam Kapaklı Sahan Silver,629.99,Mutfak,2026-05-02
Glow Çelik Sığ Tencere 26x6 cm Silver,5999.99,Mutfak,2026-05-02
Glow Çelik Tava 26x5 cm Silver,6499.99,Mutfak,2026-05-02
Glow Çelik Tencere Silver,809.99,Mutfak,2026-05-02
Glowise Pamuk Kurulama Bezi 30x50 cm Gold,1149.95,Mutfak,2026-05-02
Good Mood 20li Kağıt Peçete Siyah - Beyaz,1049.99,Mutfak,2026-05-02
Good Mood Mia Çelik Saklama Termosu 500 ml Krem,3249.99,Mutfak,2026-05-02
Good Times 20li Kağıt Peçete 33x33 cm Siyah - Beyaz,1049.99,Mutfak,2026-05-02
Gourmet Cam 2li Yağlık - Sirkelik 250 ml Krem,1699.95,Mutfak,2026-05-02
Gourmet Cam 2li Yağlık - Sirkelik 250 ml Siyah,1699.95,Mutfak,2026-05-02
Gozo Cam Kavanoz 680 ml Şeffaf,1499.99,Mutfak,2026-05-02
Grace 20li Kağıt Peçete 33x33 cm Beyaz – Gold,1049.99,Mutfak,2026-05-02
Grace 20li Kağıt Peçete 33x33 cm Siyah - Beyaz,1049.99,Mutfak,2026-05-02
Green Tea New Bone China Demlik Seti 300 ml Yeşil,584.99,Mutfak,2026-05-02
Greenery Pamuk Fırın Eldiveni ve Tutacak Seti Beyaz - Yeşil,2249.99,Mutfak,2026-05-02
Greenery Pamuk Mutfak Önlüğü 65x75 cm Beyaz - Yeşil,384.99,Mutfak,2026-05-02
Greeny Kağıt 20li Kağıt Peçete 33x33 cm Yeşil,1049.99,Mutfak,2026-05-02
Grify Kağıt 20li Kağıt Peçete 33x33 cm Siyah - Beyaz,146.99,Mutfak,2026-05-02
Grim Edge Paslanmaz Çelik Bıçak 12 cm Kırmızı,1499.99,Mutfak,2026-05-02
Grim Edge Paslanmaz Çelik Bıçak 12 cm Siyah,1499.99,Mutfak,2026-05-02
Gronda Soda Cam 3lü Baharatlık 400 ml Kahve,2499.99,Mutfak,2026-05-02
Growleaf 20li Kağıt Peçete 33x33 cm Yeşil,1049.99,Mutfak,2026-05-02
Haky Silikon Servis Kaşığı 29 cm Somon,699.95,Mutfak,2026-05-02
Harbour Paslanmaz Çelik Rende 21 cm Beyaz-Gri,244.99,Mutfak,2026-05-02
Harmony Mutfak Önlüğü 60x70 Cm Lacivert,1999.99,Mutfak,2026-05-02
Harper Paslanmaz Çelik Lunch Box 900 ml Turuncu,2749.99,Mutfak,2026-05-02
Harper Paslanmaz Çelik Lunch Box 900 ml Yeşil,2999.99,Mutfak,2026-05-02
Healthy Yumurtalık Mutfak Gereci 26x11x7 cm Şeffaf,999.99,Mutfak,2026-05-02
Hecha Cam Kavanoz Kırmızı,1999.99,Mutfak,2026-05-02
Hecha Demir Döküm Derin Tencere Mint,19999.99,Mutfak,2026-05-02
Hecha Demir Döküm Derin Tencere Pembe,19999.99,Mutfak,2026-05-02
Hecha Demir Döküm Izgara Tava 26 cm Mint,9999.99,Mutfak,2026-05-02
Hecha Demir Döküm Izgara Tava 26 cm Pembe,9999.99,Mutfak,2026-05-02
Hecha Demir Döküm Izgara Tava Biberiye Yeşili,9999.99,Mutfak,2026-05-02
Hecha Demir Döküm Izgara Tava Gri,9999.99,Mutfak,2026-05-02
Hecha Demir Döküm Izgara Tava Krem,9999.99,Mutfak,2026-05-02
Hecha Demir Döküm Izgara Tava Kırmızı,1599.99,Mutfak,2026-05-02
Hecha Demir Döküm Izgara Tava Mat Bordo,1799.99,Mutfak,2026-05-02
Hecha Demir Döküm Izgara Tava Mat Yeşil,12499.99,Mutfak,2026-05-02
Hecha Demir Döküm Izgara Tava Mavi,6999.99,Mutfak,2026-05-02
Hecha Demir Döküm Izgara Tava Siyah,979.99,Mutfak,2026-05-02
Hecha Demir Döküm Izgara Tava Turuncu,1599.99,Mutfak,2026-05-02
Hecha Demir Döküm Sahan 20 cm Biberiye Yeşili,6249.99,Mutfak,2026-05-02
Hecha Demir Döküm Sahan 20 cm Gri,5499.99,Mutfak,2026-05-02
Hecha Demir Döküm Sahan 20 cm Krem,4999.99,Mutfak,2026-05-02
Hecha Demir Döküm Sahan 20 cm Kırmızı,6499.99,Mutfak,2026-05-02
Hecha Demir Döküm Sahan 20 cm Turuncu,5999.99,Mutfak,2026-05-02
Hecha Demir Döküm Tava Kırmızı,1799.99,Mutfak,2026-05-02
Hecha Demir Döküm Tava Siyah,1399.99,Mutfak,2026-05-02
Hecha Demir Döküm Tava Turuncu,1599.99,Mutfak,2026-05-02
Hecha Demir Döküm Tencere Kırmızı,4999.99,Mutfak,2026-05-02
Hecha Demir Döküm Tencere Turuncu,14999.99,Mutfak,2026-05-02
Hecha Master Paslanmaz Çelik 8 Parça Bıçak 34.5x34x33.5x24.5x21 cm Kırmızı,12499.99,Mutfak,2026-05-02
Hecha Master Paslanmaz Çelik 8 Parça Bıçak Seti 34.5x34x33.5x24.5x21 cm Siyah,2659.99,Mutfak,2026-05-02
Hecha Meşe Değirmen 20 cm Kırmızı,639.99,Mutfak,2026-05-02
Hecha Meşe Değirmen 20 cm Siyah,639.99,Mutfak,2026-05-02
Hecha Meşe Değirmen 20 cm Turuncu,639.99,Mutfak,2026-05-02
Hecha Meşe Değirmen Kırmızı,359.99,Mutfak,2026-05-02
Hecha Meşe Değirmen Siyah,359.99,Mutfak,2026-05-02
Hecha Meşe Değirmen Turuncu,359.99,Mutfak,2026-05-02
Hecha Meşe Değirmen Yeşil,399.99,Mutfak,2026-05-02
Hecha Paslanmaz Çelik Rende 24.5 cm Kırmızı,2499.99,Mutfak,2026-05-02
Hecha Paslanmaz Çelik Rende 24.5 cm Siyah,2499.99,Mutfak,2026-05-02
Hecha Paslanmaz Çelik Rende 24.5 cm Yeşil,2499.99,Mutfak,2026-05-02
Hecha Seramik Fırın Kabı Biberiye Yeşili,4999.99,Mutfak,2026-05-02
Hecha Seramik Fırın Kabı Krem,5499.99,Mutfak,2026-05-02
Hecha Seramik Fırın Kabı Kırmızı,4999.99,Mutfak,2026-05-02
Hecha Seramik Karıştırma Kabı 23x12 cm Kırmızı,2249.99,Mutfak,2026-05-02
Hecha Seramik Karıştırma Kabı 23x12 cm Siyah,2249.99,Mutfak,2026-05-02
Hecha Seramik Kaşıklık Krem,1749.99,Mutfak,2026-05-02
Hecha Seramik Kaşıklık Kırmızı,1999.99,Mutfak,2026-05-02
Hecha Seramik Kaşıklık Siyah,1749.99,Mutfak,2026-05-02
Hecha Silikon 3 Parça Servis Seti 28x32.5x31 cm Krem,2249.99,Mutfak,2026-05-02
Hecha Silikon 3 Parça Servis Seti 28x32.5x31 cm Yeşil,2249.99,Mutfak,2026-05-02
"Hecha Silikon 4 Parça Servis Seti 28x32,5x31 cm x 14,5 cm Kırmızı",3249.99,Mutfak,2026-05-02
Hecha Silikon 4 Parça Servis Seti 28x32.5x31 cm X 14.5 cm Siyah,2749.99,Mutfak,2026-05-02
Hecha Silikon 4 Parça Servis Seti 28x32.5x31 cm X 14.5 cm Turuncu,3249.99,Mutfak,2026-05-02
"Hope Emaye Sos Tenceresı 1,1 L Beyaz",3499.99,Mutfak,2026-05-02
Hope Melamin Kaşıklık Mutfak Gereci 24 cm Renkli,1499.99,Mutfak,2026-05-02
Horeca Alüminyum Wok Tava Siyah,4999.99,Mutfak,2026-05-02
Horeca Maksi Tava Siyah,3999.99,Mutfak,2026-05-02
Horeca Premium Sahan Siyah,2499.99,Mutfak,2026-05-02
Horizon Süzgeç Yeşil,1399.99,Mutfak,2026-05-02
Impera Çelik 2li Düdüklü Tencere Seti 4 + 6 L Siyah - Gri,19999.99,Mutfak,2026-05-02
Inox Paslanmaz Çelik Baharatlık 9 cm Silver,1149.99,Mutfak,2026-05-02
"Jade 3lü Kavanoz 700 ml – 1,4 L – 2 L Füme",1999.99,Mutfak,2026-05-02
"Jade 3lü Kavanoz 700 ml – 1,4 L – 2 L Şeffaf",1999.99,Mutfak,2026-05-02
Jaden Cam Kapaklı Şişe Kahve,999.99,Mutfak,2026-05-02
Jardin Cam Kulplu Kavanoz Şeffaf,2499.99,Mutfak,2026-05-02
Jaxon Cam Kavanoz Şeffaf,1499.99,Mutfak,2026-05-02
"Jessica Çelik 2li Sebze Bıçak 20,5 cm Mavi-yeşil",1999.99,Mutfak,2026-05-02
Jimena Metal Mutfak Gereci Siyah,1999.99,Mutfak,2026-05-02
Jolene Cam Şekerlik Mutfak Gereci 16 cm Şeffaf,1299.95,Mutfak,2026-05-02
Jolie Iroko İkili Servis Gereci 29 cm Kahverengi,439.99,Mutfak,2026-05-02
Jolly Crab Pamuk Kurulama Bezi 30x50 cm Renkli,1299.99,Mutfak,2026-05-02
Jollytree Kağıt 20li Kağıt Peçete 33x33 cm Yeşil,999.99,Mutfak,2026-05-02
Jore Cam 3lü Baharatlık Şeffaf,2499.99,Mutfak,2026-05-02
JoyPan Premium Krep Tava 26 cm Gri,639.99,Mutfak,2026-05-02
JoyPan Premium Pankek Tavası 27 cm Gri,3999.99,Mutfak,2026-05-02
JoyPan Premium Waffle Tava 26 cm Siyah,2749.99,Mutfak,2026-05-02
Joyfully 20li Kağıt Peçete 33x33 cm Siyah - Beyaz,1049.99,Mutfak,2026-05-02
Judie Cam Peçetelik Şeffaf,799.95,Mutfak,2026-05-02
Just Smile 20li Kağıt Peçete 33x33 cm Yeşil-Turuncu,1049.99,Mutfak,2026-05-02
Karissa Cam Peçetelik 13x9 cm Şeffaf,799.95,Mutfak,2026-05-02
Keep Me 5 Parça Saklama Kabı Kırmızı,1999.99,Mutfak,2026-05-02
Keep Me 5 Parça Saklama Kabı Yeşil,1999.99,Mutfak,2026-05-02
Keep Me Plastik 5li Saklama Kabı 160-300-500-885-1500 ml Mavi,1399.99,Mutfak,2026-05-02
Keep Me Plastik 5li Saklama Kabı 160-300-500-885-1500 ml Turuncu,1399.99,Mutfak,2026-05-02
Keira Akrilik 2li Servis Gereci Antrasit,2499.99,Mutfak,2026-05-02
Kinsley Paslanmaz Çelik Mutfak Makası Mutfak Gereci 20 cm Gri,1499.99,Mutfak,2026-05-02
Kinsley Paslanmaz Çelik Un Eleği Mutfak Gereci 11 cm Açık Pembe,269.99,Mutfak,2026-05-02
Kinsley Silikon 2li Çırpıcı 26x23 cm Pembe,1499.99,Mutfak,2026-05-02
Kinsley Silikon 4lü Servis Gereci 21 x 21 x 21.5 x 23 cm Açık Pembe,1999.99,Mutfak,2026-05-02
Kinsley Silikon Maşa 27 cm Açık Pembe,1399.99,Mutfak,2026-05-02
Kinsley Silikon Maşa 27 cm Gri,1399.99,Mutfak,2026-05-02
Kittenly 20li Kağıt Peçete 33x33 cm Renkli,1049.99,Mutfak,2026-05-02
Krim Çelik Mutfak Gereci Mavi,999.99,Mutfak,2026-05-02
Krim Çelik Mutfak Gereci Pembe,999.99,Mutfak,2026-05-02
Krim Çelik Soyacak Krem,999.99,Mutfak,2026-05-02
Latona Kağıt 20li Kağıt Peçete 33x33 cm Siyah - Beyaz,167.99,Mutfak,2026-05-02
Laugh 20li Kağıt Peçete Gri,1049.99,Mutfak,2026-05-02
Laura Premium Kaplama Wok Tava 30 cm Siyah,4999.99,Mutfak,2026-05-02
Lavispera Pamuk Polyester Nakışlı Kurulama Bezi 30x50 cm Mor,1399.99,Mutfak,2026-05-02
Leggy Paslanmaz Çelik Rende 20 cm Siyah,2499.99,Mutfak,2026-05-02
Lemon 20li Kağıt Peçete Sarı,1049.99,Mutfak,2026-05-02
Lemon Cam Kavanoz 970 ml Şeffaf,1299.99,Mutfak,2026-05-02
Lemon Emaye Baharatlık 1L Lila,2249.99,Mutfak,2026-05-02
Lemons Pamuk Kurulama Bezi Sarı,1299.99,Mutfak,2026-05-02
Lena Borosilikat Demlik Şeffaf,1549.95,Mutfak,2026-05-02
"Lena Dolomite 3lü Baharatlık 28,5x9,5 cm Renkli",3999.99,Mutfak,2026-05-02
Lenna Pamuk Su Geçirmez Mutfak Önlüğü 60x75 cm Kırmızı,1499.99,Mutfak,2026-05-02
Leopura Kağıt 20li Kağıt Peçete 33x33 cm Kahverengi,1049.99,Mutfak,2026-05-02
"Lexus Paslanmaz Çelik 6 Parça Bıçak Seti 33x30,5x33x24,5x20,5 cm Siyah",1759.99,Mutfak,2026-05-02
Lia Seramik Fırın Kabı Mavi,479.99,Mutfak,2026-05-02
Lia Seramik Fırın Kabı Mint,1749.99,Mutfak,2026-05-02
Liana Silikon Kepçe Gri,999.99,Mutfak,2026-05-02
Liana Silikon Spagetti Kaşığı Gri,849.95,Mutfak,2026-05-02
Liana Silikon Spagetti Kaşığı Krem,699.95,Mutfak,2026-05-02
Lienza Cam Baharatlık Koyu Bej,849.95,Mutfak,2026-05-02
Lily Mutfak Gereci Koyu Bej,1999.99,Mutfak,2026-05-02
Lily Plastik Sarımsak Ezici 1 Kahve,849.95,Mutfak,2026-05-02
Lily Rende Mavi,749.95,Mutfak,2026-05-02
Lima Akasya Değirmen 9x6 cm Kahve,419.99,Mutfak,2026-05-02
Limefest Pamuk Kurulama Bezi 30x50 cm Sarı,999.99,Mutfak,2026-05-02
Linara 20li Kağıt Peçete 33x33 cm Yeşil,125.0,Mutfak,2026-05-02
"Linea Porselen Emaye Çaydanlık 0,85 + 2,2 L Hardal",1619.99,Mutfak,2026-05-02
Linear Hasır Ekmek Sepeti Gri,1999.99,Mutfak,2026-05-02
Linear Pamuk Kurulama Bezi 30x50 cm Beyaz - Gri,999.99,Mutfak,2026-05-02
Liore Kağıt 20li Kağıt Peçete 33x33 cm Bej,1049.99,Mutfak,2026-05-02
Liore Kağıt 20li Kağıt Peçete 33x33 cm Beyaz,1049.99,Mutfak,2026-05-02
"Lively Porselen Emaye Çaydanlık 0,85 + 2,2 L Mavi",8999.99,Mutfak,2026-05-02
Lizbon Cam Baharatlık Koyu Bej,849.95,Mutfak,2026-05-02
Lizbon CeraWell Tencere Mocha,3999.99,Mutfak,2026-05-02
"Lola Paslanmaz Çelik Rende 23,5 cm Siyah",1149.99,Mutfak,2026-05-02
Lorena Limon Sıkacağı 700 ml Krem,999.99,Mutfak,2026-05-02
Lovebloom 20li Kağıt Peçete 33x33 cm Pembe - Turuncu,1099.99,Mutfak,2026-05-02
Luca Çelik Cezve Silver,1749.99,Mutfak,2026-05-02
Lucie Borosilikat 2li Kavanoz 1000 ml Şeffaf,2499.99,Mutfak,2026-05-02
"Lucy Silikon 3 Parça Hazırlık Seti 23-26,5-30,5 cm Bej",1999.99,Mutfak,2026-05-02
Lufia Paslanmaz Çelik Rende 23 cm Siyah,2249.99,Mutfak,2026-05-02
Lukas Akrilik Değirmen Şeffaf,1749.99,Mutfak,2026-05-02
Lumos Çelik Çaydanlık Silver,10999.99,Mutfak,2026-05-02
Lunaria Pamuk Kurulama Bezi 30x50 cm Gri,999.99,Mutfak,2026-05-02
Lusty Pamuk Kurulama Bezi 30x50 cm Lila,1049.99,Mutfak,2026-05-02
Lusty Pamuk Kurulama Bezi 30x50 cm Pudra,1049.99,Mutfak,2026-05-02
Lusty Pamuk Kurulama Bezi 30x50 cm Yeşil,999.99,Mutfak,2026-05-02
Luxe 20li Kağıt Peçete 33x33 cm Beyaz,1049.99,Mutfak,2026-05-02
Lydia Metal Ekmek Sepeti Bej,1999.99,Mutfak,2026-05-02
Lyon Mutfak Düzenleyici Şeffaf,749.95,Mutfak,2026-05-02
Maggy Ahşap Kesme Tahtası 30x20 cm Kırmızı,2249.99,Mutfak,2026-05-02
Maggy Ahşap Kesme Tahtası 30x20 cm Mavi,2249.99,Mutfak,2026-05-02
Magia Bambu Kesme Tahtası 30x20 cm Natural,1327.45,Mutfak,2026-05-02
Magic Trees 20li Kağıt Peçete 33x33 cm Beyaz,999.99,Mutfak,2026-05-02
Maisy Paslanmaz Çelik Ezici Mutfak Gereci Krem,1149.99,Mutfak,2026-05-02
Maisy Paslanmaz Çelik Kaşık Servis Gereci Krem,1149.99,Mutfak,2026-05-02
Maisy Paslanmaz Çelik Kevgır 33 cm Krem,1149.99,Mutfak,2026-05-02
"Maisy Paslanmaz Çelik Mini Rende 24,5 cm Krem",1999.99,Mutfak,2026-05-02
Maisy Paslanmaz Çelik Mini Süzgeç 26 cm Krem,1199.99,Mutfak,2026-05-02
Maisy Paslanmaz Çelik Soyacak 20 cm Krem,1149.95,Mutfak,2026-05-02
Maisy Paslanmaz Çelik Spatula Krem,1149.99,Mutfak,2026-05-02
Maisy Paslanmaz Çelik Çırpıcı 30 cm Krem,1399.99,Mutfak,2026-05-02
Makeda Paslanmaz Çelik Süzgeç 22 cm Açık Mavi,2499.99,Mutfak,2026-05-02
Makeda Paslanmaz Çelik Süzgeç 22 cm Açık Pembe,2499.99,Mutfak,2026-05-02
Makeda Paslanmaz Çelik Süzgeç 22 cm Gri,2499.99,Mutfak,2026-05-02
Malic Pamuk Kurulama Bezi 30x50 cm Yeşil – Kırmızı,999.99,Mutfak,2026-05-02
Malory Cam 4 Parça Baharatlık 350 ml Şeffaf,1999.99,Mutfak,2026-05-02
Marble Stripe 20li Kağıt Peçete Gold,1049.99,Mutfak,2026-05-02
Marcel CeraWell 5 Parça Tencere Seti 22 – 26 – 26 cm Siyah,13999.99,Mutfak,2026-05-02
Marco Cam 7 Parça Baharatlık 15x11 cm Siyah,4999.99,Mutfak,2026-05-02
Marguerite 20li Kağıt Peçete Pembe,1049.99,Mutfak,2026-05-02
"Marilda Cam 2 Parça Baharatlık 10x12,5 cm Natural",1999.99,Mutfak,2026-05-02
Marine Line 20li Kağıt Peçete Mavi,1049.99,Mutfak,2026-05-02
Marine Line 20li Kağıt Peçete Yeşil,1049.99,Mutfak,2026-05-02
Mario Cam 6 Parça Baharatlık 13x13 cm Krem,3499.99,Mutfak,2026-05-02
Maris Borosilikat Saklama Kabı Beyaz,1499.99,Mutfak,2026-05-02
Marissa Borosilikat Kavanoz Şeffaf,1499.99,Mutfak,2026-05-02
Maritime Melody 2li Fırın Eldiveni ve Tutacak Seti Beyaz - Yeşil,439.99,Mutfak,2026-05-02
Maritime Melody Mutfak Önlüğü 65x75 cm Beyaz - Yeşil,449.99,Mutfak,2026-05-02
Marlyn Borosilikat Saklama Kabı Kahve,479.99,Mutfak,2026-05-02
Master Lock Plastik Saklama Kabı Pembe,999.99,Mutfak,2026-05-02
Master Lock Saklama Kabı Mavi,1999.99,Mutfak,2026-05-02
Meadlyn 20li Kağıt Peçete 33x33 cm Siyah - Beyaz,1099.99,Mutfak,2026-05-02
Melie Cam Kavanoz Yeşil,1299.99,Mutfak,2026-05-02
"Melina Çelik 3lü Bıçak 22-27,5-27,5 cm Yeşil",2249.99,Mutfak,2026-05-02
Melon Kağıt Kağıt Peçete Kırmızı,1049.99,Mutfak,2026-05-02
Meri Cam Peçetelik Şeffaf,1299.99,Mutfak,2026-05-02
Merry Cam Kavanoz Mavi,1499.99,Mutfak,2026-05-02
Merry Christmas 20li Kağıt Peçete Kırmızı,1249.99,Mutfak,2026-05-02
Mezaluna Plastik 2 Katlı Lunch Box 710 ml+710 ml Turuncu,1399.99,Mutfak,2026-05-02
Mezaluna Plastik 2 Katlı Lunch Box 720 ml +720 ml Yeşil,1399.99,Mutfak,2026-05-02
Mezaluna Time 2 Katlı Lunch Box 1 L- 1 L Turuncu,1399.99,Mutfak,2026-05-02
Mezaluna Time 2 Katlı Lunch Box 1 L- 1 L Yeşil,1399.99,Mutfak,2026-05-02
Mia Silikon 2li Buz Kalıbı 22x12 cm Turuncu,1999.99,Mutfak,2026-05-02
Mia Silikon 2li Buz Kalıbı 22x12 cm Yeşil,2199.99,Mutfak,2026-05-02
Mila Borosilikat Saklama Kabı Yeşil,1499.99,Mutfak,2026-05-02
Mini Squeezer Limon Sıkacağı Kırmızı,649.95,Mutfak,2026-05-02
Mini Squeezer Limon Sıkacağı Yeşil,999.99,Mutfak,2026-05-02
"Miny Hazneli Rende 5,6x13x4 cm Pudra",749.95,Mutfak,2026-05-02
Miny Hazneli Rende Lacivert,849.95,Mutfak,2026-05-02
Miny Hazneli Rende Pudra,749.95,Mutfak,2026-05-02
Mirage Cam Kavanoz Yeşil,1149.99,Mutfak,2026-05-02
"Miri Ahşap Değirmen 5,5x25 cm Kahve",494.99,Mutfak,2026-05-02
Miri Ahşap Değirmen Kahve,2499.99,Mutfak,2026-05-02
Miria Borosilikat Kavanoz Kahve,1299.99,Mutfak,2026-05-02
Mistora 20li Kağıt Peçete 33x33 cm Gri,146.99,Mutfak,2026-05-02
Mix Me 3 Parça Servis Seti Mavi,999.99,Mutfak,2026-05-02
Mix Me 3 Parça Servis Seti Pembe,999.99,Mutfak,2026-05-02
Mixed Shapes Mutfak Gereci Yeşil,269.99,Mutfak,2026-05-02
Mocha Granit 4 Parça Kapaklı Sahan 18-20 cm Kahverengi,6499.99,Mutfak,2026-05-02
Mocha Mini Granit Tencere 22 cm Kahverengi,3999.99,Mutfak,2026-05-02
Modern Linen Pamuk 2li Misafir Peçetesi Terracotta,1499.99,Mutfak,2026-05-02
Moira Metal Kağıt Havluluk Mutfak Gereci 13x13 cm Krem,2999.99,Mutfak,2026-05-02
Moira Metal Kağıt Havluluk Mutfak Gereci 13x13 cm Siyah,2749.99,Mutfak,2026-05-02
Moira Metal Kaşıklık 11x11 cm Krem,2999.99,Mutfak,2026-05-02
Moira Metal Kaşıklık 11x11 cm Siyah,2749.99,Mutfak,2026-05-02
Moneta Cam Süzgeçli Saklama Kabı Mavi,1749.99,Mutfak,2026-05-02
Monetta Cam 5 Parça Baharatlık Natural,2999.99,Mutfak,2026-05-02
Morgan Plastik Saklama Kabı Beyaz,749.95,Mutfak,2026-05-02
Morgan Saklama Kabı Siyah,749.95,Mutfak,2026-05-02
Morino Silikon Bal Kaşığı Mutfak Gereci 16 cm Yeşil,749.95,Mutfak,2026-05-02
Mossica 20li Kağıt Peçete 33x33 cm Yeşil,1049.99,Mutfak,2026-05-02
Nador Paslanmaz Çelik Lunch Box Silver,2999.99,Mutfak,2026-05-02
Nalini Cam Değirmen 13 cm Beyaz,1399.99,Mutfak,2026-05-02
Nalini Cam Değirmen 16 cm Gri,1249.99,Mutfak,2026-05-02
Natural Ceviz Kesme Tahtası Koyu Kahverengi,2749.99,Mutfak,2026-05-02
Natural Plaid Pamuk Kurulama Bezi 30x50 cm Antrasit,1049.99,Mutfak,2026-05-02
Natural Plaid Pamuk Kurulama Bezi 30x50 cm Mavi,1049.99,Mutfak,2026-05-02
"Navera Kağıt Ekmek Sepeti 23,5x18x8 cm Krem",1749.99,Mutfak,2026-05-02
Navessa Kağıt Ekmek Sepeti 24x18x8 cm Krem,269.99,Mutfak,2026-05-02
Navy 2li Saklama Kabı Seti Lacivert,2499.99,Mutfak,2026-05-02
Neoflam Fika Alüminyum Döküm Cam Kapaklı Sahan 20 cm Bej,2339.99,Mutfak,2026-05-02
Neoflam Fika Alüminyum Döküm Tava Bej,1999.99,Mutfak,2026-05-02
Neoflam Fika Alüminyum Döküm Tencere Bej,2499.99,Mutfak,2026-05-02
Neoflam Midas Seramik 11 Parça Tencere Seti 16-20-24-28-28 cm Bej,10620.99,Mutfak,2026-05-02
Neoflam Midas Seramik 11 Parça Tencere Seti 16-20-24-28-28 cm Gri,10629.99,Mutfak,2026-05-02
Neoflam Perfect Seal Cam Derin Saklama Kabı 1600 ml Şeffaf,809.99,Mutfak,2026-05-02
New Aden Çelik Çaydanlık Silver,9999.99,Mutfak,2026-05-02
New Rio Premium Makarna ve Popcorn Tencere 22 cm Kırmızı,4999.99,Mutfak,2026-05-02
Nice Mutfak Düzenleyici Şeffaf,999.95,Mutfak,2026-05-02
Nish Plastik 2li Saklama Kabı Seti Pembe,2499.99,Mutfak,2026-05-02
Norm Pamuk Kurulama Bezi 30x50 cm Beyaz - Gri,1499.99,Mutfak,2026-05-02
Nova Çelik Çaydanlık 1L- 2L Siyah,9999.99,Mutfak,2026-05-02
Novia 3lü Kavanoz 550 ml-1200 ml-1700 ml Açık Yeşil,1399.99,Mutfak,2026-05-02
Novia 3lü Kavanoz 550 ml-1200 ml-1700 ml Krem,1399.99,Mutfak,2026-05-02
Novia Cam Ölçü Kaplı Kavanoz Mavi-Beyaz,1499.99,Mutfak,2026-05-02
Nutmeg Kağıt 20li Kağıt Peçete 33x33 cm Kahverengi,1049.99,Mutfak,2026-05-02
Nuvia Kağıt 20li Kağıt Peçete 33x33 cm Siyah - Beyaz,1049.99,Mutfak,2026-05-02
"Odel Paslanmaz Çelik Rende 22,5 cm Gri",299.99,Mutfak,2026-05-02
Odes 2li Mutfak Düzenleyici 2 L – 5 L Şeffaf,2399.99,Mutfak,2026-05-02
Odile Çırpıcı 33 cm Mavi,1149.95,Mutfak,2026-05-02
Odin Borosilikat Cam Çaydanlık 600-1200 ml Şeffaf,4999.99,Mutfak,2026-05-02
"Ofelia Sarımsak Ezici Mutfak Gereci 14,5 cm Krem",999.99,Mutfak,2026-05-02
"Ofelia Sarımsak Ezici Mutfak Gereci 14,5 cm Yeşil",999.99,Mutfak,2026-05-02
Oh La La Cam Kesme Tahtası Mavi-Beyaz,1749.99,Mutfak,2026-05-02
Oh deer 20li Kağıt Peçete 33x33 cm Siyah,999.99,Mutfak,2026-05-02
Olina Borosilikat Cam Demlik 800 ml Gri,809.99,Mutfak,2026-05-02
Olith 20li Kağıt Peçete 33x33 cm Yeşil,1049.99,Mutfak,2026-05-02
Oliver New Bone China 3lü Saklama Kabı 300 ml-600 ml-800 ml Lila-Lacivert-Krem,3749.99,Mutfak,2026-05-02
Opalin 2li Misafir Peçetesi 40x40 cm Beyaz - Kırmızı,2249.99,Mutfak,2026-05-02
Opalix Cam 2li Yağlık - Sirkelik 530 ml Yeşil,2999.99,Mutfak,2026-05-02
Orange Cam Kavanoz 970 ml Şeffaf,1399.99,Mutfak,2026-05-02
"Orange Emaye Baharatlık 0,5L Kırmızı",2999.99,Mutfak,2026-05-02
Orange Melamin Kaşıklık 24 cm Beyaz - Turuncu,1499.99,Mutfak,2026-05-02
Orangebloom Kağıt 20li Kağıt Peçete 33x33 cm Sarı,1049.99,Mutfak,2026-05-02
Orangebloom Melamin Kaşıklık Mutfak Gereci 24 cm Turuncu-Mavi,1499.99,Mutfak,2026-05-02
Ornella Borosilikat Yağdanlık Şeffaf,1699.95,Mutfak,2026-05-02
Oscar Borosilikat 3lü Baharatlık 205 ml Şeffaf,404.99,Mutfak,2026-05-02
Owia Paslanmaz Çelik Çırpıcı 26 cm Gri,1499.99,Mutfak,2026-05-02
Pablo Borosilikat 2li Baharatlık 305 ml Şeffaf,439.99,Mutfak,2026-05-02
Paisley 2li Kavanoz 750 ml-1300 ml Yeşil,1299.99,Mutfak,2026-05-02
Palm Tree Cam Kesme Tahtası 38x28 cm Beyaz,1749.99,Mutfak,2026-05-02
"Paolo Silikon 5 Parça Hazırlık Seti 31,5-32-33-34-34 cm Turuncu",3249.99,Mutfak,2026-05-02
Papaya 20li Kağıt Peçete Yeşil,1049.99,Mutfak,2026-05-02
Pastora Rattan Ekmek Sepeti 34x20x12 cm Bej,1749.99,Mutfak,2026-05-02
Pastoral Rattan Ekmek Sepeti Bej,1749.99,Mutfak,2026-05-02
"Patisserie Amelie Premium Döküm Yuvarlak Kek Kalıbı 24,5 cm Şampanya",449.99,Mutfak,2026-05-02
Patisserie Aura Premium Döküm Kek Kalıbı 24 cm Şampanya,359.99,Mutfak,2026-05-02
Patisserie Bella Döküm Kek Kalıbı 35 cm Gold,2499.99,Mutfak,2026-05-02
Patisserie Clamp Karbon Çelik Kek Kalıbı Şampanya,3499.99,Mutfak,2026-05-02
"Patisserie Clara Premium Döküm Yuvarlak Kek Kalıbı 24,5 cm Şampanya",2199.99,Mutfak,2026-05-02
Patisserie Dream Döküm Kek Kalıbı 26 cm Gold,2249.99,Mutfak,2026-05-02
"Patisserie Elaris Karbon Çelik Yuvarlak Kek Kalıbı 27x4,5 cm Şampanya",439.99,Mutfak,2026-05-02
Patisserie Frezya Döküm Kek Kalıbı 26 cm Gold-Silver,2649.99,Mutfak,2026-05-02
"Patisserie Harmonia Karbon Çelik Tart Kek Kalıbı 32x2,5 cm Şampanya",2249.99,Mutfak,2026-05-02
Patisserie Hazel Premium Döküm Yuvarlak Kek Kalıbı 25 cm Şampanya,449.99,Mutfak,2026-05-02
Patisserie Heart Premium Döküm Kek Kalıbı 30 cm Şampanya,2499.99,Mutfak,2026-05-02
Patisserie Helix Premium Döküm Baton Kek Kalıbı 26 cm Siyah,449.99,Mutfak,2026-05-02
Patisserie Karbon Çelik Klasik 4 Parça Kek Kalıbı Siyah,3499.99,Mutfak,2026-05-02
Patisserie Kek Kalıbı Gri,2499.99,Mutfak,2026-05-02
Patisserie Lena Döküm Kek Kalıbı 25 cm Gold,2799.99,Mutfak,2026-05-02
Patisserie Margot Premium Döküm Baton Kek Kalıbı 28 cm Şampanya,449.99,Mutfak,2026-05-02
Patisserie Meri Döküm Kek Kalıbı 25 cm Gold,2499.99,Mutfak,2026-05-02
"Patisserie Mimi Karbon Çelik Muffin Kek Kalıbı 29,5x21 cm Şampanya",2499.99,Mutfak,2026-05-02
Patisserie Nera Döküm Kek Kalıbı 25 cm Gold,449.99,Mutfak,2026-05-02
Patisserie Nera Döküm Kek Kalıbı 25 cm Gold-Silver,2499.99,Mutfak,2026-05-02
Patisserie Prince Karbon Çelik Fırın Kabı Şampanya,3199.99,Mutfak,2026-05-02
Patisserie Quinn Döküm Kek Kalıbı 25 cm Gold,2499.99,Mutfak,2026-05-02
Patisserie Quinn Döküm Kek Kalıbı 25 cm Gold-Silver,2499.99,Mutfak,2026-05-02
Patisserie Roasty Karbon Çelik Izgaralı Fırın Kabı 37x29 cm Koyu Gri,4499.99,Mutfak,2026-05-02
Patisserie Sigrid Karbon Çelik Baton Kek Kalıbı 28x17 cm Şampanya,2249.99,Mutfak,2026-05-02
"Patisserie Slices Karbon Çelik Kek Kalıbı 25,5 cm Şampanya",2999.99,Mutfak,2026-05-02
Patisserie Star Döküm Kek Kalıbı Gold-Silver,2749.99,Mutfak,2026-05-02
Patisserie Thin Döküm Kek Kalıbı 26 cm Gold-Silver,2499.99,Mutfak,2026-05-02
Patisserie Tray Karbon Çelik Kek Kalıbı 37x27 cm Şampanya,2749.99,Mutfak,2026-05-02
Patsy Akrilik Değirmen 16 cm Şeffaf,1749.99,Mutfak,2026-05-02
Patsy Metal Rende 22 cm Siyah,2249.99,Mutfak,2026-05-02
Patti Cam Yağdanlık,849.95,Mutfak,2026-05-02
Pawzy 20li Kağıt Peçete 33x33 cm Renkli,1049.99,Mutfak,2026-05-02
"Peony Akasya 3lü Servis Seti 31,5x27,5x30,2 cm Krem",2999.99,Mutfak,2026-05-02
"Perrine Spatula 17,5 cm Mavi",999.99,Mutfak,2026-05-02
Perro Emaye Mini Çaydanlık Krem,5999.99,Mutfak,2026-05-02
Petalpop 20li Kağıt Peçete 33x33 cm Renkli,1049.99,Mutfak,2026-05-02
Piatto Cest Cam 2li Baharatlık 220 ml - 220 ml Pembe - Lila,314.99,Mutfak,2026-05-02
Pinkbloom Kağıt 20li Kağıt Peçete 33x33 cm Pembe,146.99,Mutfak,2026-05-02
Pinklet 20li Kağıt Peçete 33x33 cm Pembe-Beyaz,1049.99,Mutfak,2026-05-02
Plain Elegance 20li Kağıt Peçete 33x33 cm Gold,1049.99,Mutfak,2026-05-02
Plain Elegance 20li Kağıt Peçete 33x33 cm Mavi,1049.99,Mutfak,2026-05-02
Plain Elegance 20li Kağıt Peçete 33x33 cm Silver,1049.99,Mutfak,2026-05-02
Plain Elegance 20li Kağıt Peçete 33x33 cm Turuncu,1049.99,Mutfak,2026-05-02
Plain Elegance 20li Kağıt Peçete 33x33 cm Yeşil,1049.99,Mutfak,2026-05-02
Pointra 20li Kağıt Peçete 33x33 cm Beyaz-Kahverengi,1049.99,Mutfak,2026-05-02
Polarbox 12L Mauve - Gold,4699.99,Mutfak,2026-05-02
Polarbox 12L Verda Forest - Gold,4699.99,Mutfak,2026-05-02
Polarbox 20 L Bubblegum Pink - Cyan Pop,4999.99,Mutfak,2026-05-02
Polarbox 20 L Marine - Mustard Classic,4999.99,Mutfak,2026-05-02
Polarbox 20 L Olive Green - Gold,4999.99,Mutfak,2026-05-02
Polarbox 6L Bruma - Denim Classic,4399.99,Mutfak,2026-05-02
Polarbox 6L Crema - Gold,4399.99,Mutfak,2026-05-02
Polarbox 6L Verda Agua - Rose Baby Pop,4399.99,Mutfak,2026-05-02
Polarbox Deri Kayışlı Soğuk ve Sıcak Saklama Termosu 6L Pudra – Gold,4399.99,Mutfak,2026-05-02
Polarbox Deri Kayışlı Soğuk ve Sıcak Saklama Termosu 6L Sarı – Bebe Mavisi,3299.99,Mutfak,2026-05-02
Polarbox Gold Edition Deri Kayışlı Soğuk ve Sıcak Saklama Termosu 20 L Pudra – Gold,4999.99,Mutfak,2026-05-02
Polito Paslanmaz Çelik Rende 21 cm Siyah,359.99,Mutfak,2026-05-02
Porto Premium Tava Seti Siyah,3749.99,Mutfak,2026-05-02
Porto Premium Tencere Seti 26-26 cm Siyah,1279.99,Mutfak,2026-05-02
"Posuda 3lü Mini Buz Kalıbı 7x12,5x3,5 cm Krem",1299.95,Mutfak,2026-05-02
Posuda Buz Kalıbı Mavi,1149.99,Mutfak,2026-05-02
Posuda Buz Kalıbı Pembe,1149.99,Mutfak,2026-05-02
"Poul 3lü Ölçü Kaşığı 22x7,8x5 cm Turkuaz",649.95,Mutfak,2026-05-02
Poul Çelik Rende 23x7 cm Turkuaz,749.95,Mutfak,2026-05-02
Prea Cam Kavanoz 350 ml Krem,1249.99,Mutfak,2026-05-02
Prea Cam Kavanoz Siyah,239.99,Mutfak,2026-05-02
Prego CeraWell Derin Tencere Siyah,1159.99,Mutfak,2026-05-02
Prego CeraWell Kapaklı Sahan 20 cm Krem - Kahve,5499.99,Mutfak,2026-05-02
Prego CeraWell Kapaklı Sahan 20 cm Siyah,4499.99,Mutfak,2026-05-02
Prego CeraWell Seramik Kapaklı Sahan 20 cm Gri,719.99,Mutfak,2026-05-02
Prego CeraWell Seramik Kapaklı Sahan 20 cm Krem,629.99,Mutfak,2026-05-02
Prego CeraWell Seramik Tava Krem,3499.99,Mutfak,2026-05-02
Prego CeraWell Seramik Tencere 20 cm Gri,3499.99,Mutfak,2026-05-02
Prego CeraWell Seramik Tencere Gri,4499.99,Mutfak,2026-05-02
Prego CeraWell Seramik Tencere Krem,4499.99,Mutfak,2026-05-02
Prego CeraWell Tava Gri,629.99,Mutfak,2026-05-02
Prego CeraWell Tava Krem - Kahve,719.99,Mutfak,2026-05-02
Prego CeraWell Tava Siyah,4999.99,Mutfak,2026-05-02
Prego CeraWell Tencere Krem - Kahve,6499.99,Mutfak,2026-05-02
Prego Çelik Çaydanlık Siyah,8999.99,Mutfak,2026-05-02
Pressico Borosilikat French Press 350 ml Siyah,2499.99,Mutfak,2026-05-02
Pretty Premium 2li Sahan 18-22 cm Siyah,959.99,Mutfak,2026-05-02
Pretty Premium 5 Parça Mini Tencere Seti 14-16-16 cm Yeşil,6999.99,Mutfak,2026-05-02
Pretty Premium Mini Sos Tenceresi 14 cm Pembe,2999.99,Mutfak,2026-05-02
Pretty Premium Mini Tava 14 cm Bej,1999.99,Mutfak,2026-05-02
Pretty Premium Mini Tava 14 cm Gri,2499.99,Mutfak,2026-05-02
Pretty Premium Mini Tava 14 cm Mocha,399.99,Mutfak,2026-05-02
Pretty Premium Sos Tenceresi 14 Cm Gri,2999.99,Mutfak,2026-05-02
Pretty Premium Sos Tenceresi 14 cm Mocha,2499.99,Mutfak,2026-05-02
Pretty Premium Tava Seti 18-20 cm Siyah,3999.99,Mutfak,2026-05-02
Pretty Sos Tenceresi 14 Cm Bej,584.99,Mutfak,2026-05-02
Prime Blush Premium Tava Seti 20-26 cm Bej,7999.99,Mutfak,2026-05-02
Prime Blush Premium Tava Seti 20-26 cm Bordo,1399.99,Mutfak,2026-05-02
Prime Blush Premium Tava Seti 20-26 cm Pembe,6249.99,Mutfak,2026-05-02
Prime Expert Animals Premium Pankek Tava 28 cm Siyah,4499.99,Mutfak,2026-05-02
Prime Expert Premium Döküm Kapaklı Sahan Siyah - Gri,1199.99,Mutfak,2026-05-02
Prime Expert Premium Sahan Siyah,3249.99,Mutfak,2026-05-02
Prime Gusto Döküm Tencere Siyah,6999.99,Mutfak,2026-05-02
Prime Maestro Premium Döküm Sahan Siyah,539.99,Mutfak,2026-05-02
Prime Red Love Döküm Tava 26 cm Kırmızı,4999.99,Mutfak,2026-05-02
Prime Red Love Döküm Tencere Kırmızı,6249.99,Mutfak,2026-05-02
Prime Sunset Premium Sahan Turuncu,2749.99,Mutfak,2026-05-02
Pro Cook Series Tava Siyah,5499.99,Mutfak,2026-05-02
Pro Cook Series Tencere Siyah,6999.99,Mutfak,2026-05-02
"Pro Cut Silikon,Paslanmaz Çelik Kesme Tahtası, Servis Gereci Bıçak Seti 21.5x13x20 cm Krem",5499.99,Mutfak,2026-05-02
Pro Grade Premium İndüksiyon Tabanlı Krep Tava 30 cm Siyah,4999.99,Mutfak,2026-05-02
Pro Grade Premium İndüksiyon Tabanlı Tava Siyah,2999.99,Mutfak,2026-05-02
Pudlily 20li Kağıt Peçete 33x33 cm Renkli,1049.99,Mutfak,2026-05-02
Pure Plaid Pamuk Polyester 3lü Kurulama Bezi 30x30 cm Bej,1399.99,Mutfak,2026-05-02
Pure Stoneware Oval Fırın Tenceresi Krem,3499.99,Mutfak,2026-05-02
Pure Wooden Borosilikat Kavanoz Şeffaf,1299.99,Mutfak,2026-05-02
Rachelle Kepçe 32 cm Mavi - Gri,1149.99,Mutfak,2026-05-02
Rachelle Kevgır 34 cm Mavi - Gri,999.99,Mutfak,2026-05-02
Rachelle Paslanmaz Çelik Çırpıcı 30 cm Mavi - Gri,1299.99,Mutfak,2026-05-02
"Rachelle Sarımsak Ezici Mutfak Gereci 15,5 cm Mavi - Gri",1649.99,Mutfak,2026-05-02
Rachelle Servis Kaşığı Servis Gereci 32 cm Mavi - Gri,1149.99,Mutfak,2026-05-02
"Rachelle Soyacak 14,5 cm Mavi - Gri",1049.99,Mutfak,2026-05-02
Rachelle Spatula 34 cm Mavi - Gri,1149.99,Mutfak,2026-05-02
Rainbow Grid Kağıt 20li Kağıt Peçete 33x33 cm Renkli,1049.99,Mutfak,2026-05-02
Rainbow Kurulama Bezi 30x50 cm Renkli,1299.99,Mutfak,2026-05-02
Raya Paslanmaz Çelik Mutfak Gereci Silver,999.99,Mutfak,2026-05-02
Regent Metal Peçetelik 18x18 cm Gold,1499.99,Mutfak,2026-05-02
Relief Pamuk Kurulama Bezi Açık Mavi,999.99,Mutfak,2026-05-02
Renita Paslanmaz Çelik Rende 23 cm Siyah,1999.99,Mutfak,2026-05-02
Retro Art 20li Kağıt Peçete Sarı,1049.99,Mutfak,2026-05-02
Retro Art Cam Kavanoz 500 ml Renkli,1149.99,Mutfak,2026-05-02
Retro Blossom 20li Kağıt Peçete Turuncu,1099.99,Mutfak,2026-05-02
Retro Botanique 20li Kağıt Peçete Yeşil,1099.99,Mutfak,2026-05-02
Retro Bouquet 20li Kağıt Peçete Beyaz,1099.99,Mutfak,2026-05-02
Retro Floral 20li Kağıt Peçete  Yeşil,1049.99,Mutfak,2026-05-02
Retro Flower 20li Kağıt Peçete Yeşil,1049.99,Mutfak,2026-05-02
Retro Flowery 20li Kağıt Peçete Krem,1049.99,Mutfak,2026-05-02
Retro Gingham 20li Kağıt Peçete Krem,1049.99,Mutfak,2026-05-02
Retro Grids Pamuk Kurulama Bezi Krem - Pembe,1499.99,Mutfak,2026-05-02
Retro Line 20li Kağıt Peçete Terracotta,1049.99,Mutfak,2026-05-02
Retro Mood Emaye 3lü Saklama Kabı Bordo-Pembe-Sarı,4499.99,Mutfak,2026-05-02
Retro Petite Melamin Nihale Mutfak Gereci Beyaz - Turuncu,1299.95,Mutfak,2026-05-02
Retro Pink Emaye Baharatlık Pembe,2499.99,Mutfak,2026-05-02
Retro Plaid 20li Kağıt Peçete Yeşil,1049.99,Mutfak,2026-05-02
Retro Realm Cam Baharatlık 350 ml Renkli,1149.99,Mutfak,2026-05-02
Retro Realm Emaye Baharatlık Mavi,2499.99,Mutfak,2026-05-02
Retro Realm Melamin Nihale Mutfak Gereci Beyaz - Mavi,1299.95,Mutfak,2026-05-02
Retro Revival Pamuk Kurulama Bezi Krem - Mavi,1299.99,Mutfak,2026-05-02
Retro Shapes 20li Kağıt Peçete Pembe,1049.99,Mutfak,2026-05-02
Retro Style 20li Kağıt Peçete Pembe,1049.99,Mutfak,2026-05-02
Retro Style Cam Kavanoz 500 ml Mavi,1399.99,Mutfak,2026-05-02
Retro Style Cam Kavanoz 800 ml Turuncu,1399.99,Mutfak,2026-05-02
Retro Trellis 20li Kağıt Peçete Yeşil,1049.99,Mutfak,2026-05-02
Retro Vernal Pamuk Kurulama Bezi Pudra,1749.99,Mutfak,2026-05-02
Retro Waves 20li Kağıt Peçete Pembe,1049.99,Mutfak,2026-05-02
Ribbon 20li Kağıt Peçete Gri,1049.99,Mutfak,2026-05-02
Riga Akrilik Değirmen 17 cm Şeffaf,404.99,Mutfak,2026-05-02
Rita Paslanmaz Çelik Soyacak 13 cm Siyah,1999.99,Mutfak,2026-05-02
Rivoli Borosilikat Kavanoz Şeffaf,999.95,Mutfak,2026-05-02
Roche Borosilikat Kavanoz Kahve,1499.99,Mutfak,2026-05-02
Romantic Toile 20li Kağıt Peçete Bej,1049.99,Mutfak,2026-05-02
"Ronna Silikon Spatula 21,5 cm Bordo",699.95,Mutfak,2026-05-02
"Ronna Silikon Yumurta Fırçası 20,5 cm Bordo",749.95,Mutfak,2026-05-02
Rosalia Süzgeç 23x21 cm Krem,849.95,Mutfak,2026-05-02
Rosalia Süzgeç 23x21 cm Yeşil,849.95,Mutfak,2026-05-02
Rosalyn 20li Kağıt Peçete 33x33 cm Pudra,1049.99,Mutfak,2026-05-02
Rosemary Cam Kesme Tahtası 25x35 cm Yeşil-Beyaz,2249.99,Mutfak,2026-05-02
Roseray Kağıt 20li Kağıt Peçete 33x33 cm Siyah - Beyaz,1049.99,Mutfak,2026-05-02
Rowena Akrilik Değirmen 14 cm Şeffaf,1499.99,Mutfak,2026-05-02
Rowena Metal Ceviz ve Fındık Kıracağı Mutfak Gereci 17 cm Siyah,1499.99,Mutfak,2026-05-02
Rowena Metal Mutfak Makası Mutfak Gereci 21 cm Siyah,1399.99,Mutfak,2026-05-02
Rowena Metal Rende 25 cm Siyah,1499.99,Mutfak,2026-05-02
Rowena Metal Sarımsak Ezici 16 cm Siyah,439.99,Mutfak,2026-05-02
Rowena Metal Un Eleği Mutfak Gereci 10 cm Gri,1749.99,Mutfak,2026-05-02
Rowena Metal Çırpıcı Gri,1299.99,Mutfak,2026-05-02
Roxane Çelik Mini Boy Çaydanlık Siyah,6999.99,Mutfak,2026-05-02
Roxy Ahşap Değirmen 17 cm Natural,584.99,Mutfak,2026-05-02
Rutilus Kağıt 20li Kağıt Peçete 33x33 cm Kırmızı,999.99,Mutfak,2026-05-02
Sage Pamuk Kurulama Bezi 30x50 cm Beyaz - Yeşil,1499.99,Mutfak,2026-05-02
Sakura 20li Kağıt Peçete Krem,1049.99,Mutfak,2026-05-02
Sakura 20li Kağıt Peçete Lila,1049.99,Mutfak,2026-05-02
Sakura 20li Kağıt Peçete Pembe,1049.99,Mutfak,2026-05-02
Sakura Dream 20li Kağıt Peçete Yeşil,1049.99,Mutfak,2026-05-02
Sakura World 20li Kağıt Peçete Pembe,1049.99,Mutfak,2026-05-02
Salina Metal 4lü Saklama Kabı 1.3 L x 9 L Siyah,6999.99,Mutfak,2026-05-02
Saly Cam 2li Yağlık - Sirkelik 245 ml Antrasit,1699.95,Mutfak,2026-05-02
Samantha Silikon Hamur Matı Mutfak Gereci 50x40 cm Yeşil,1499.99,Mutfak,2026-05-02
Sartagi Emaye Kızartma Tencere 22 cm Mocha,4999.99,Mutfak,2026-05-02
Sartagi Emaye Kızartma Tenceresi 22 Cm Açık Mint,4999.99,Mutfak,2026-05-02
Sartagi Emaye Kızartma Tenceresi 22 Cm Bej,4499.99,Mutfak,2026-05-02
Sartagi Emaye Kızartma Tenceresi 22 cm Gül Kurusu,4499.99,Mutfak,2026-05-02
SauceMate Paslanmaz Çelik Sos Tava Silver,2249.99,Mutfak,2026-05-02
Savor Premium Yuvarlak Izgara Tava 34 cm Siyah,4999.99,Mutfak,2026-05-02
Savory Pamuk 2li Kurulama Bezi 30x50 cm Lacivert,999.99,Mutfak,2026-05-02
Savory Pamuk 2li Kurulama Bezi 30x50 cm Mavi,999.99,Mutfak,2026-05-02
Scavri Paslanmaz Çelik Kevgır 14 cm Gri,1749.99,Mutfak,2026-05-02
Scavri Paslanmaz Çelik Kevgır 16 cm Gri,1999.99,Mutfak,2026-05-02
Scratch Line Pamuk Cepli Mutfak Önlüğü Kırmızı,1749.99,Mutfak,2026-05-02
Seafree 20li Kağıt Peçete 33x33 cm Lacivert-Beyaz,1049.99,Mutfak,2026-05-02
Seashell 20li Kağıt Peçete Mavi,188.99,Mutfak,2026-05-02
Senash Cam Peçetelik Şeffaf,1299.99,Mutfak,2026-05-02
"Serena Silikon Airfryer Kek Kalıbı 5,5 L Bordo",849.95,Mutfak,2026-05-02
"Serena Silikon Airfryer Kek Kalıbı 5,5 L Yeşil",849.95,Mutfak,2026-05-02
"Sharp Cut Silikon, Paslanmaz Çelik 9 Parça Servis Gereci Bıçak Seti 19x11x22 cm Beyaz",5499.99,Mutfak,2026-05-02
Shelby Bambu 6 Parça Kesme Tahtası Bıçak Seti 38x25 cm Mavi,1619.99,Mutfak,2026-05-02
Shelby Borosilikat Bal Kavanoz 400 ml Gri,1749.99,Mutfak,2026-05-02
Shellwave Pamuk Kurulama Bezi 30x50 cm Beyaz - Mavi,999.99,Mutfak,2026-05-02
Siena Çelik 2li Kapaksız Sahan Seti 16-18 cm Silver,5499.99,Mutfak,2026-05-02
Siena Çelik Mini Tencere Silver,3499.99,Mutfak,2026-05-02
Silent Slash Paslanmaz Çelik 6lı Bıçak 9 cm Kırmızı,1749.99,Mutfak,2026-05-02
Silent Slash Paslanmaz Çelik 6lı Bıçak 9 cm Siyah,1749.99,Mutfak,2026-05-02
Simone Borosilikat Kavanoz Yeşil,404.99,Mutfak,2026-05-02
Simone Borosilikat Saklama Kabı Yeşil,2499.99,Mutfak,2026-05-02
Simple Cam 2li Yağlık - Sirkelik 180 ml Şeffaf,1699.95,Mutfak,2026-05-02
Sinna Borosilikat Kavanoz Şeffaf,1499.99,Mutfak,2026-05-02
Sinople Pamuk Kurulama Bezi 30x50 cm Beyaz - Yeşil,1499.99,Mutfak,2026-05-02
Skyglide Kağıt 20li Kağıt Peçete 33x33 cm Mavi,1049.99,Mutfak,2026-05-02
Skylith 20li Kağıt Peçete 33x33 cm Siyah - Beyaz,1099.99,Mutfak,2026-05-02
Smart Cut Paslanmaz Çelik 7 Parça Bıçak 34.5x34x34x31x24x21 cm Kırmızı,10499.99,Mutfak,2026-05-02
Smooth Fringes Pamuk 6lı Misafir Peçetesi Bordo,479.99,Mutfak,2026-05-02
Smooth Fringes Pamuk 6lı Misafir Peçetesi Krem,2749.99,Mutfak,2026-05-02
Smooth Fringes Pamuk 6lı Misafir Peçetesi Yeşil,2749.99,Mutfak,2026-05-02
Snow Smile Dolomite Demlik 640 ml Beyaz - Kırmızı,959.99,Mutfak,2026-05-02
Soft Bloom Stoneware Fırın Kabı Krem,239.99,Mutfak,2026-05-02
Soft Bloom Stoneware Karıştırma Kabı 23 cm Krem,4999.99,Mutfak,2026-05-02
Soft Bloom Stoneware Kavanoz Krem,2999.99,Mutfak,2026-05-02
Soft Bloom Stoneware Limon Sıkacağı 18 cm Krem,2499.99,Mutfak,2026-05-02
Solea Kağıt 20li Kağıt Peçete 33x33 cm Lacivert,1049.99,Mutfak,2026-05-02
Spotty 20li Kağıt Peçete Siyah - Beyaz,1049.99,Mutfak,2026-05-02
Spring 20li Kağıt Peçete 33x33 cm Mavi,1049.99,Mutfak,2026-05-02
Spring Daisies Kağıt 20li Kağıt Peçete 33x33 cm Mavi,1049.99,Mutfak,2026-05-02
Squarify Dark Kağıt 20li Kağıt Peçete 33x33 cm Mavi,1049.99,Mutfak,2026-05-02
Squarify Green Kağıt 20li Kağıt Peçete 33x33 cm Yeşil,1049.99,Mutfak,2026-05-02
Squarify Orange Kağıt 20li Kağıt Peçete 33x33 cm Sarı,1049.99,Mutfak,2026-05-02
Steel Edge Paslanmaz Çelik Kesme Tahtası 26x34 cm Gri,3499.99,Mutfak,2026-05-02
Steel Master Paslanmaz Çelik Mutfak Gereci Gri,1499.99,Mutfak,2026-05-02
Stella Borosilikat French Press 360 ml Açık Pembe,1499.99,Mutfak,2026-05-02
Stella Borosilikat French Press 360 ml Yeşil,1749.99,Mutfak,2026-05-02
Stella Borosilikat French Press 600 ml Gri,1999.99,Mutfak,2026-05-02
Stella Borosilikat French Press 600 ml Siyah,1999.99,Mutfak,2026-05-02
Straw Line Kağıt 20li Kağıt Peçete 33x33 cm Kahverengi,157.49,Mutfak,2026-05-02
Straw Rope Natural İp 2li Peçete Halkası Antrasit,749.95,Mutfak,2026-05-02
Strawberries Pamuk Kurulama Bezi Kırmızı,1299.99,Mutfak,2026-05-02
Streaky 20li Kağıt Peçete 33x33 cm Siyah - Beyaz,1099.99,Mutfak,2026-05-02
Stria Pamuk Kurulama Bezi 30x50 cm Bordo,1049.99,Mutfak,2026-05-02
Stria Pamuk Kurulama Bezi 30x50 cm Mavi,1049.99,Mutfak,2026-05-02
Striva Pamuk Kurulama Bezi 30x50 cm Bej,1099.99,Mutfak,2026-05-02
"Strong Cut Silikon, Paslanmaz Çelik 9 Parça Servis Gereci Bıçak Seti 19x11x22 cm Siyah",5999.99,Mutfak,2026-05-02
Summer Checkers 20li Kağıt Peçete 33x33 cm Mor-Sarı,1099.99,Mutfak,2026-05-02
Summer Checkers 20li Kağıt Peçete 33x33 cm Pembe - Yeşil,1099.99,Mutfak,2026-05-02
Summer Line 20li Kağıt Peçete 33x33 cm Turuncu-Mavi,1099.99,Mutfak,2026-05-02
Summer Line Cam Kavanoz 630 ml Şeffaf,1299.99,Mutfak,2026-05-02
"Summer Line Emaye 2li Saklama Kabı 0,75 x 1,20 L Beyaz - Sarı",3499.99,Mutfak,2026-05-02
Summer Line Emaye Karıştırma Kabı 4 Lt Beyaz - Yeşil,559.99,Mutfak,2026-05-02
Summer Orange 20li Kağıt Peçete 33x33 cm Turuncu,1099.99,Mutfak,2026-05-02
Summer Orange 2li Fırın Eldiveni ve Tutacak Seti 17x30 Cm + 20x20 Cm Kırmızı-Pembe,2499.99,Mutfak,2026-05-02
Summer Orange Mutfak Önlüğü 65x75 cm Kırmızı-Pembe,2499.99,Mutfak,2026-05-02
Summer Pomegranate 20li Kağıt Peçete 33x33 cm Kırmızı,1049.99,Mutfak,2026-05-02
Sunleaf Kağıt 20li Kağıt Peçete 33x33 cm Renkli,1049.99,Mutfak,2026-05-02
Susanna Emaye Karıştırma Kabı 24 cm Yeşil,3999.99,Mutfak,2026-05-02
Sutil Kağıt 20li Kağıt Peçete 33x33 cm Beyaz,1049.99,Mutfak,2026-05-02
Sydney Premium İndüksiyonlu Tava Krem,3999.99,Mutfak,2026-05-02
Symbol 2li Siyah,749.95,Mutfak,2026-05-02
Symbol Cam 4lü Baharatlık Krem,1749.99,Mutfak,2026-05-02
Talia Air Kayın Kesme Tahtası Kahve,1327.45,Mutfak,2026-05-02
Talisman 20li Kağıt Peçete 33x33 cm Siyah,999.99,Mutfak,2026-05-02
Talisman Butterfly 20li Kağıt Peçete 33x33 cm Siyah,1049.99,Mutfak,2026-05-02
Talisman Eyes 20li Kağıt Peçete 33x33 cm Gold,1049.99,Mutfak,2026-05-02
Talisman Galaxy 20li Kağıt Peçete 33x33 cm Krem,999.99,Mutfak,2026-05-02
Talisman Magical 20li Kağıt Peçete  Beyaz,999.99,Mutfak,2026-05-02
Talisman Mystic 20li Kağıt Peçete 33x33 cm Siyah,999.99,Mutfak,2026-05-02
Talisman Nature 20li Kağıt Peçete 33x33 cm Yeşil,1049.99,Mutfak,2026-05-02
Talisman Snakes 20li Kağıt Peçete 33x33 cm Bej,999.99,Mutfak,2026-05-02
Talisman Sun 20li Kağıt Peçete 33x33 cm Siyah,1049.99,Mutfak,2026-05-02
Tangerine 20li Kağıt Peçete Beyaz,999.99,Mutfak,2026-05-02
Tassel 2li Misafir Peçetesi Krem,1399.99,Mutfak,2026-05-02
Tea Time New Bone China Demlik Seti 600 ml Beyaz,799.99,Mutfak,2026-05-02
"Tessa Ahşap Değirmen 16,5 cm Beyaz",2499.99,Mutfak,2026-05-02
"Tessa Ahşap Değirmen 16,5 cm Yeşil",2499.99,Mutfak,2026-05-02
Thaliana 20li Kağıt Peçete 33x33 cm Siyah - Beyaz,1049.99,Mutfak,2026-05-02
"Thano Süzgeç 3,5L Pembe",749.95,Mutfak,2026-05-02
"Thano Süzgeç 3,5L Petrol Mavisi",749.95,Mutfak,2026-05-02
Theo Premium Ahşap Saplı Tava Siyah,3399.99,Mutfak,2026-05-02
"Tia Çelik Çaydanlık 0,75 L-1,75 L Siyah",9999.99,Mutfak,2026-05-02
Tiffany Plastik 6lı Servis Gereci 33 cm Renkli,559.99,Mutfak,2026-05-02
Tinna Borosilikat Yağdanlık Şeffaf,2499.99,Mutfak,2026-05-02
Tiny Cast Premium Döküm 5 Parça Mini Tencere Seti 16x16x16 cm Gold,7999.99,Mutfak,2026-05-02
Tiny Cast Premium Döküm 5 Parça Mini Tencere Seti 16x16x16 cm Lila,7999.99,Mutfak,2026-05-02
Tiny Cast Premium Döküm 5 Parça Mini Tencere Seti 16x16x16 cm Pembe,7999.99,Mutfak,2026-05-02
Tiny Taste Döküm Mini Tencere Seti 14x14x14 cm Siyah,6999.99,Mutfak,2026-05-02
Titan Cut Paslanmaz Çelik Kesme Tahtası 24x34 cm Gri,3499.99,Mutfak,2026-05-02
Titan Steel Paslanmaz Çelik Bıçak 12 cm Kırmızı,1499.99,Mutfak,2026-05-02
Titan Steel Paslanmaz Çelik Bıçak 12 cm Siyah,1499.99,Mutfak,2026-05-02
Tiya Seramik Değirmen 15 cm Beyaz,1499.99,Mutfak,2026-05-02
Toile Plants 2li Misafir Peçetesi Koyu Lacivert,999.95,Mutfak,2026-05-02
Tokyo Seramik Tencere Yeşil,6999.99,Mutfak,2026-05-02
Torino Pamuk 2li Misafir Peçetesi Gold,999.95,Mutfak,2026-05-02
Torino Pamuk 2li Misafir Peçetesi Silver,999.95,Mutfak,2026-05-02
Trees Red 20li Kağıt Peçete Kırmızı,1149.95,Mutfak,2026-05-02
Trendy Ayarlanabilir Lavabo Süzgeci Süzgeç Kırmızı,999.99,Mutfak,2026-05-02
Trendy Ayarlanabilir Lavabo Süzgeci Süzgeç Yeşil,1149.99,Mutfak,2026-05-02
Trendy Plastik 4 Parça Poşet Klipsi Turuncu,999.99,Mutfak,2026-05-02
Trikote Hasır 2li Peçete Halkası Krem,749.95,Mutfak,2026-05-02
Tual 20li Kağıt Peçete Lacivert,1049.99,Mutfak,2026-05-02
"Tubby Cam Limon Sıkacağı 17,5x15,5x7,2 cm Şeffaf",1999.99,Mutfak,2026-05-02
Tyler Cam 3lü Baharatlık 950 ml Şeffaf,3999.99,Mutfak,2026-05-02
Vacuum Pro Lock 7 Parça Vakum Cihazlı Cam Saklama Kabı Siyah,8999.99,Mutfak,2026-05-02
Valessa Fırın Eldiveni ve Tutacak Seti Krem-Gri,2749.99,Mutfak,2026-05-02
Velma Metal Rende 23 cm Siyah,2499.99,Mutfak,2026-05-02
Venice CeraWell Tencere-Tava Seti Pembe,7499.99,Mutfak,2026-05-02
Verona Döküm Tava 26 cm Turuncu,3999.99,Mutfak,2026-05-02
Verona Döküm Tencere Turuncu,6499.99,Mutfak,2026-05-02
Victorinox 1.3603.B1 Paslanmaz Çelik Spartan Çakı,1979.99,Mutfak,2026-05-02
Victorinox 3 Parça Bıçak Seti Kırmızı,1369.99,Mutfak,2026-05-02
Victorinox 3 Parça Bıçak Seti Siyah,1369.99,Mutfak,2026-05-02
Victorinox 6.0942.3 IOTA Paslanmaz Çelik Çift Taraflı Soyacak Siyah,389.99,Mutfak,2026-05-02
Victorinox 6.0950.1 RHO Düz Kenar Tek Taraf Soyacak Kırmızı,389.99,Mutfak,2026-05-02
Victorinox 6.0950.3 RHO Düz Kenar Tek Taraf Soyacak Siyah,389.99,Mutfak,2026-05-02
Victorinox 6.0950.4 RHO Düz Kenar Tek Taraf Soyacak Yeşil,389.99,Mutfak,2026-05-02
Victorinox 6.7111.34C1 Paslanmaz Çelik 3’lü Set Bıçak Seti Kırmızı,1159.99,Mutfak,2026-05-02
Victorinox 6.7113.34 Swiss Classic Paslanmaz Çelik 3lü Set Bıçak Seti Siyah,1259.99,Mutfak,2026-05-02
Victorinox 6.7116.32C1 Swiss Classic Paslanmaz Çelik 3lü Bıçak Seti Renkli,1289.99,Mutfak,2026-05-02
Victorinox 6.7116.34C1 Swiss Classic Paslanmaz Çelik 3lü Bıçak Seti Renkli,1369.99,Mutfak,2026-05-02
Victorinox 6.7601.C1 Swiss Classic Paslanmaz Çelik Düz Sivri Uçlu Bıçak 8 cm Kırmızı,399.99,Mutfak,2026-05-02
Victorinox 6.7605.C1 Paslanmaz Çelik Bıçak 8 cm Mor,399.99,Mutfak,2026-05-02
Victorinox 6.7606.L115 Paslanmaz Çelik Bıçak 8 cm Pembe,399.99,Mutfak,2026-05-02
Victorinox 6.7633 Paslanmaz Çelik Tırtıklı Soyma Bıçak 8 cm Siyah,399.99,Mutfak,2026-05-02
Victorinox 6.7634.C1 Paslanmaz Çelik Tırtıklı Soyma Bıçak 8 cm Yeşil,399.99,Mutfak,2026-05-02
Victorinox 6.7635.C1 Swiss Classic Paslanmaz Çelik Tırtıklı Soyma Bıçak 8 cm Mor,399.99,Mutfak,2026-05-02
Victorinox 6.7638.C1 Paslanmaz Çelik Tırtıklı Soyma Bıçak 8 cm Sarı,399.99,Mutfak,2026-05-02
Victorinox 6.7639.C1 Paslanmaz Çelik Tırtıklı Soyma Bıçak 8 cm Turuncu,399.99,Mutfak,2026-05-02
Victorinox 6.7701.C1 Swiss Classic Paslanmaz Çelik Düz Sivri Uçlu Bıçak 10 cm Kırmızı,479.99,Mutfak,2026-05-02
Victorinox 6.7705.C1 Paslanmaz Çelik Bıçak 10 cm Mor,479.99,Mutfak,2026-05-02
Victorinox 6.7709.C1 Paslanmaz Çelik Bıçak 10 cm Turuncu,479.99,Mutfak,2026-05-02
Victorinox 6.7731.C1 Swiss Classic Paslanmaz Çelik Tırtıklı Soyma Bıçak 10 cm Kırmızı,479.99,Mutfak,2026-05-02
Victorinox 6.7831.C1 Swiss Classic Paslanmaz Çelik Tırtıklı Domates Bıçak 11 cm Kırmızı,479.99,Mutfak,2026-05-02
Victorinox 6.7835.C1 Paslanmaz Çelik Tırtıklı Soyma Bıçak 11 cm Mor,479.99,Mutfak,2026-05-02
Victorinox 6.7836.L114 Paslanmaz Çelik Tırtıklı Soyma Bıçak 11 cm Yeşil,479.99,Mutfak,2026-05-02
Victorinox 6.7839.C1 Swiss Classic Paslanmaz Çelik Domates Bıçak 11 cm Turuncu,479.99,Mutfak,2026-05-02
Victorinox 6.7933.B Paslanmaz Çelik 2li Tırtıklı Bıçak Seti 12 cm Siyah,1159.99,Mutfak,2026-05-02
Victorinox 6.8003.19B Paslanmaz Çelik Doğrama Bıçak 19 cm Siyah,2589.99,Mutfak,2026-05-02
Victorinox 6.8103.12B Paslanmaz Çelik Doğrama Bıçak 12 cm Siyah,1809.99,Mutfak,2026-05-02
Victorinox 7.6081.1 Rende Kalın Kırmızı,699.99,Mutfak,2026-05-02
Victorinox 7.6363.3 Paslanmaz Çelik Çok Amaçlı Makas,1809.99,Mutfak,2026-05-02
Victorinox Domates ve Sofra Bıçak 11 cm Pembe,479.99,Mutfak,2026-05-02
Victorinox Domates ve Sofra Bıçak 11 cm Turuncu,479.99,Mutfak,2026-05-02
Victorinox IOTA Tırtıklı Kenar Çift Taraf Soyacak Kırmızı,389.99,Mutfak,2026-05-02
Victorinox IOTA Tırtıklı Kenar Çift Taraf Soyacak Siyah,389.99,Mutfak,2026-05-02
Victorinox IOTA Tırtıklı Kenar Çift Taraf Soyacak Yeşil,389.99,Mutfak,2026-05-02
Victorinox Rex Alüminyum Soyacak,469.99,Mutfak,2026-05-02
Victorinox Soyacak ve Sofra Bıçak Seti Siyah,889.99,Mutfak,2026-05-02
Victorinox Soyma Bıçak 8 cm Sarı,399.99,Mutfak,2026-05-02
Victorinox Soyma Bıçak 8 cm Yeşil,399.99,Mutfak,2026-05-02
Victorinox Star Alüminyum Jülyen Soyacak,549.99,Mutfak,2026-05-02
Victorinox SwissClassic Domates & Sosis Bıçak 11 cm Siyah,479.99,Mutfak,2026-05-02
Victorinox SwissClassic Soyma Bıçak 10 cm Kırmızı,479.99,Mutfak,2026-05-02
Victorinox SwissClassic Soyma Bıçak 10 cm Siyah,479.99,Mutfak,2026-05-02
Victorinox SwissClassic Soyma Bıçak 8 cm Kırmızı,399.99,Mutfak,2026-05-02
Victorinox SwissClassic Soyma Bıçak 8 cm Siyah,399.99,Mutfak,2026-05-02
Victorinox VT 6.8003.15B Paslanmaz Çelik Şef Doğrama Bıçak 15 cm,2119.99,Mutfak,2026-05-02
Victorinox VT Soyma Bıçak 8 cm Pembe,399.99,Mutfak,2026-05-02
Victorinox YPSO Tırtıklı Kenar Çift Taraf Soyacak Kırmızı,389.99,Mutfak,2026-05-02
Victorinox YPSO Tırtıklı Kenar Çift Taraf Soyacak Siyah,389.99,Mutfak,2026-05-02
Victorinox YPSO Tırtıklı Kenar Çift Taraf Soyacak Yeşil,389.99,Mutfak,2026-05-02
Vintage Borosilikat Kavanoz Beyaz,439.99,Mutfak,2026-05-02
Vintage Borosilikat Kavanoz Kırmızı,1499.99,Mutfak,2026-05-02
Vintage Borosilikat Kavanoz Lacivert,2249.99,Mutfak,2026-05-02
Vintage Botanic Cam Kesme Tahtası 25x35 cm Yeşil-Beyaz,1999.99,Mutfak,2026-05-02
Virelia 20li Kağıt Peçete 33x33 cm Yeşil,1049.99,Mutfak,2026-05-02
Virginie Buz Kalıbı 24x10 cm Mavi,1149.99,Mutfak,2026-05-02
Virginie Buz Kalıbı 24x10 cm Pembe,1149.99,Mutfak,2026-05-02
Virginie Plastik Buz Kalıbı Mutfak Gereci 24x10 cm Turkuaz,1149.99,Mutfak,2026-05-02
Virginie Plastik Buz Kalıbı Mutfak Gereci 24x10 cm Turuncu,1149.99,Mutfak,2026-05-02
Virginie Plastik Ölçü Kaplı Limon Sıkacağı 8 cm Turkuaz,1499.99,Mutfak,2026-05-02
Vola Pamuk 2li Kurulama Bezi 30x40 cm Bej,1499.99,Mutfak,2026-05-02
Voysey 20li Kağıt Peçete Siyah,1049.99,Mutfak,2026-05-02
Watermelons Pamuk Kurulama Bezi 30x50 cm Kırmızı,1299.99,Mutfak,2026-05-02
Welle 20li Kağıt Peçete Mavi,999.99,Mutfak,2026-05-02
Whispering Petals Fırın Eldiveni ve Tutacak Seti Pembe - Turuncu,489.99,Mutfak,2026-05-02
Whispering Petals Mutfak Önlüğü 75x80 cm Pembe - Turuncu,449.99,Mutfak,2026-05-02
Whity Borosilikat Saklama Kabı 1040 ml Beyaz,1999.99,Mutfak,2026-05-02
Wicker Plastik Rattan Peçetelik 15x9 cm Kahverengi,1399.99,Mutfak,2026-05-02
Wicker Plastik Rattan Peçetelik 19x13 cm Açık Kahverengi,1399.99,Mutfak,2026-05-02
Wildica 20li Kağıt Peçete 33x33 cm Gri-Beyaz,1049.99,Mutfak,2026-05-02
Wingle Pamuk Mutfak Önlüğü 65x75 cm Lacivert - Bej,1749.99,Mutfak,2026-05-02
Winter Time 20li Kağıt Peçete 33x33 cm Yeşil,799.95,Mutfak,2026-05-02
"Wooden Iroco Maşa Servis Gereci 29,5 cm Kahve",1399.99,Mutfak,2026-05-02
Woody Beater Çelik Çırpıcı Mutfak Gereci Kahve,1399.99,Mutfak,2026-05-02
Woody Cheese Çelik Peynir Soyacağı Kahve,1149.99,Mutfak,2026-05-02
Woody Garlic Çelik Sarımsak Ezici Mutfak Gereci Kahve,1999.99,Mutfak,2026-05-02
Woody Ice Çelik Dondurma Kaşığı Kahve,1399.99,Mutfak,2026-05-02
Woody Ladle Çelik Kepçe Kahve,1399.99,Mutfak,2026-05-02
Woody Peeler Çelik Rende Kahve,1249.99,Mutfak,2026-05-02
Woody Peeler Çelik Soyacak Mutfak Gereci Kahve,1399.99,Mutfak,2026-05-02
Woody Potato Çelik Patates Ezici Servis Gereci Kahve,1399.99,Mutfak,2026-05-02
Woody Spaghetti Çelik Spagetti Kaşığı Kahve,1399.99,Mutfak,2026-05-02
Woody Spatula Çelik Izgara Spatula Servis Gereci Kahve,1399.99,Mutfak,2026-05-02
Woody Spoon Çelik Servis Kaşığı Kahve,1399.99,Mutfak,2026-05-02
Yummy Food Lunch Box Krem,1399.99,Mutfak,2026-05-02
Zoe Cam Limon Sıkacağı 425 ml Yeşil,1149.95,Mutfak,2026-05-02
​​​​​​​​​​​​​​​​​​​​​​​​Victorinox SwissCla Soyma Bıçak 10 cm Kırmızı,479.99,Mutfak,2026-05-02
​​​​​​​​​​​​​​​​​​​​​​​​Victorinox SwissCla Soyma Bıçak 10 cm Siyah,479.99,Mutfak,2026-05-02
​​​​​​​​​​​​​​​​​​​​​​​​​Victorinox Sw Soyma Bıçak 10 cm Pembe,479.99,Mutfak,2026-05-02
​​​​​​​​​​​​​​​​​​​​​​​​​Victorinox Sw Soyma Bıçak 10 cm Sarı,479.99,Mutfak,2026-05-02
​​​​​​​​​​​​​​​​​​​​​​​​​Victorinox Soyma Bıçak 10 cm Turuncu,479.99,Mutfak,2026-05-02
​​​​​​​​​​​​​​​​​​​​​​​​​​​​​​Victorinox Sw Domates & Sosis Bıçak 11 cm Kırmızı,479.99,Mutfak,2026-05-02
​​​​​​​​​​​​​​​​​​​​​​​​​​​​​​​​Victorinox 6.8103. Paslanmaz Çelik Doğrama Bıçak 15 cm Siyah,1809.99,Mutfak,2026-05-02
Abstract Melamin Tepsi 17x44 cm Lacivert-gold,1749.99,Sofra,2026-05-02
"Acalis Akasya-Cam 4 Parça Sunumluk 33x10,5x6 cm Şeffaf",384.99,Sofra,2026-05-02
Adel Pamuk Runner Bej,2249.99,Sofra,2026-05-02
Adelaide Sedefli Rattan Tepsi Kahverengi,5999.99,Sofra,2026-05-02
Adelina 4lü Bardak Altlığı 14 cm Beyaz-Gold,1199.99,Sofra,2026-05-02
Adelina Masa Örtüsü 150x200 cm Beyaz-Gold,1079.99,Sofra,2026-05-02
Adelina Runner 40x140 cm Beyaz-Gold,2999.99,Sofra,2026-05-02
Aden Pamuk Runner Bej,2249.99,Sofra,2026-05-02
Agolde Cam 2li Kadeh Şeffaf,539.99,Sofra,2026-05-02
Agolde Cam 2li Meşrubat Bardağı Şeffaf,1999.99,Sofra,2026-05-02
Alami Bambu Amerikan Servis Naturel,699.95,Sofra,2026-05-02
Alice Cam Kase Şeffaf,419.99,Sofra,2026-05-02
Alicent Seramik 4 Parça 2 Kişilik Double Kahve Fincan Takımı 150 ml Açık Turuncu,2499.99,Sofra,2026-05-02
Alicent Seramik 4 Parça 2 Kişilik Double Kahve Fincan Takımı 150 ml Krem,2499.99,Sofra,2026-05-02
All Raindrop New Bone China Kupa 345 ml Siyah - Beyaz,1999.99,Sofra,2026-05-02
All Stripe New Bone China Kupa 345 ml Siyah - Beyaz,399.99,Sofra,2026-05-02
Allegro Borosilikat Cam Çift Cidarlı Kupa 200 ml Şeffaf,1499.99,Sofra,2026-05-02
Alpins Cam Şişe 720 ml Kahve,1249.99,Sofra,2026-05-02
Alvin Cam Sunumluk 32x11 cm Şeffaf,629.99,Sofra,2026-05-02
Alvina Porselen 12 Parça 6 Kişilik Çay Seti 165 ml Mavi - Pembe,899.99,Sofra,2026-05-02
Alya Tek Kişilik Kahve Sunum Seti 90 ml Krem-Gold,3999.99,Sofra,2026-05-02
Alysa Melamin 4lü Cam Kapaklı Kahvaltılık 30x21 cm Renkli,2499.99,Sofra,2026-05-02
Amelia Kristal 6lı Kadeh 400 ml Şeffaf,3499.99,Sofra,2026-05-02
Amora Seramik Kahvaltı Takımı 14 parça 6 kişilik Lacivert-Kırmızı,7499.99,Sofra,2026-05-02
Amore Porselen 6lı Pasta Tabağı 19 cm Pembe - Yeşil,3499.99,Sofra,2026-05-02
Anchor Porselen Kahve Fincan Takımı 4 Parça 2 Kişilik Mavi-Yeşil,1499.99,Sofra,2026-05-02
Angelo Seramik Pasta Seti 18 Parça 6 Kişilik Renkli,9999.99,Sofra,2026-05-02
Angely New Bone China Kupa 270 ml Beyaz,1199.99,Sofra,2026-05-02
Angely New Bone China Kupa 270 ml Gri,1199.99,Sofra,2026-05-02
Angled New Bone China 2 Parça 2 Kişilik Kahve Fincan Takımı 90 ml Açık Pembe,1499.99,Sofra,2026-05-02
Angled New Bone China 2 Parça 2 Kişilik Kahve Fincan Takımı 90 ml Lila,1999.99,Sofra,2026-05-02
Angled New Bone China 2 Parça 2 Kişilik Kahve Fincan Takımı 90 ml Turkuaz,1499.99,Sofra,2026-05-02
Antiquelle Porselen Kase 16 cm Krem,1249.99,Sofra,2026-05-02
Antiquelle Porselen Kase 16 cm Yeşil,1249.99,Sofra,2026-05-02
Antiquelle Porselen Pasta Tabağı 20 cm Krem,999.99,Sofra,2026-05-02
Antiquelle Porselen Pasta Tabağı 20 cm Yeşil,999.99,Sofra,2026-05-02
Antiquelle Porselen Servis Tabağı 25 cm Krem,1749.99,Sofra,2026-05-02
Antiquelle Porselen Servis Tabağı 25 cm Yeşil,1749.99,Sofra,2026-05-02
Antiquelle Porselen Çukur Tabak 20 cm Krem,1499.99,Sofra,2026-05-02
Antiquelle Porselen Çukur Tabak 20 cm Yeşil,1499.99,Sofra,2026-05-02
Apple Melamin Nihale 17 cm Renkli,1399.99,Sofra,2026-05-02
Aqua Rhythm Seramik Kase 20 cm Beyaz - Lacivert,1249.99,Sofra,2026-05-02
Aquacrest Cam Katlı Servis 21x28 cm Mavi,1799.99,Sofra,2026-05-02
Aqualuna Seramik Kayık Tabak 22 cm Mavi-yeşil,999.99,Sofra,2026-05-02
Aqualuna Seramik Pasta Tabağı 20 cm Mavi-yeşil,999.99,Sofra,2026-05-02
Aqualuxe Cam Sunumluk 30 cm Mavi,1439.98,Sofra,2026-05-02
Arborelle Masa Örtüsü 150x200 cm Siyah - Beyaz,4499.99,Sofra,2026-05-02
Arborelle Runner 40x140 cm Siyah - Beyaz,2249.99,Sofra,2026-05-02
Arborelle Seramik Bardak Altlığı 10.8x0.8 cm Siyah - Beyaz,999.95,Sofra,2026-05-02
Arcane Runner 40x140 cm Beyaz - Lacivert,2199.99,Sofra,2026-05-02
Aren Porselen Kayık Tabak Gold,1499.99,Sofra,2026-05-02
Arian Bone Porselen 4 Parça 2 Kişilik Kahve Fincan Takımı 90 ml Yeşil-mor,1999.99,Sofra,2026-05-02
Aries New Bone China Kupa 325 ml Siyah-Beyaz-Gold,1499.99,Sofra,2026-05-02
Arina Cam Ayaklı Kase Yeşil-Turuncu,999.99,Sofra,2026-05-02
Arlena Seramik 2li Kahve Fincan Takımı 105 ml Açık Turuncu-Pudra,1499.99,Sofra,2026-05-02
Arlena Seramik 2li Kahve Fincan Takımı 105 ml Bej-Kahverengi,1499.99,Sofra,2026-05-02
Arno Porselen Kahvaltı Takımı 20 Parça 6 Kişilik Renkli,12499.99,Sofra,2026-05-02
Artistic Flower Emaye Katlı Servis 21x29 cm Renkli,4749.99,Sofra,2026-05-02
Artistic Flower Seramik 2li Bardak 270 ml Kırmızı,539.99,Sofra,2026-05-02
Artistic Flower Seramik 2li Bardak 270 ml Lacivert,399.99,Sofra,2026-05-02
Artistic Garden Melamin 4lü Kahvaltılık 30x21 cm Renkli,3499.99,Sofra,2026-05-02
Artistic Garden Melamin 6lı Kahvaltılık 39x21 cm Beyaz - Lacivert,4999.99,Sofra,2026-05-02
Artistry Akasya-Cam 3 Parça Sunumluk 36x11x6 Cm Kahve,2499.99,Sofra,2026-05-02
Arzu Sabancı Bounce 2li Amerikan Servis 30x45 cm Krem - Mavi,1999.99,Sofra,2026-05-02
Arzu Sabancı Bounce Runner 40x150 cm Krem - Mavi,3499.99,Sofra,2026-05-02
Arzu Sabancı Bounce Stoneware Kupa 350 ML Mavi-Lacivert,1499.99,Sofra,2026-05-02
Arzu Sabancı Bubble Cam El Yapımı Sürahi 1200 ml Şeffaf,2499.99,Sofra,2026-05-02
Arzu Sabancı Calle Cam El Yapımı Bardak 250 ml Kırmızı,1499.99,Sofra,2026-05-02
Arzu Sabancı Calle Cam El Yapımı Bardak 250 ml Mavi,269.99,Sofra,2026-05-02
Arzu Sabancı Calle Cam El Yapımı Kadeh Mavi,359.99,Sofra,2026-05-02
Arzu Sabancı Torcello Cam El Yapımı Bardak 440 ml Beyaz,1499.99,Sofra,2026-05-02
Arzu Sabancı Torcello Cam El Yapımı Bardak 440 ml Koyu Mavi,1499.99,Sofra,2026-05-02
Arzu Sabancı Torcello Cam El Yapımı Bardak 440 ml Mavi,1499.99,Sofra,2026-05-02
Ashley Porselen Kahve Fincan Takımı 4 Parça 2 Kişilik Bordo,1749.99,Sofra,2026-05-02
Ashley Porselen Kahve Fincan Takımı 4 Parça 2 Kişilik Mavi,1499.99,Sofra,2026-05-02
Ashley Porselen Kahve Fincan Takımı 4 Parça 2 Kişilik Siyah,2249.99,Sofra,2026-05-02
Ashley Porselen Kahve Fincan Takımı 4 Parça 2 Kişilik Siyah-Bordo,1499.99,Sofra,2026-05-02
Ashley Porselen Kahve Fincan Takımı 4 Parça 2 Kişilik Yeşil,1499.99,Sofra,2026-05-02
Astral Borosilikat Cam Çift Cidarlı Kupa Şeffaf,1499.99,Sofra,2026-05-02
Astrion New Bone China Kupa 460 ml Lacivert,2999.99,Sofra,2026-05-02
Astrion Seramik Bardak Altlığı 11 cm Lacivert,799.95,Sofra,2026-05-02
Aura Cam Başucu Sürahi 1000 ml Şeffaf,2749.99,Sofra,2026-05-02
"Aura Cam Kek Standı 31x9,5 Cm Şeffaf",4999.99,Sofra,2026-05-02
Aura Cam Sunumluk Şeffaf,519.99,Sofra,2026-05-02
Aura Porselen Yemek Takımı 53 Parça 12 Kişilik Gold,59999.99,Sofra,2026-05-02
Auro Cam 3 Parça Su Takımı 1000 ml + 315 ml Renkli,2999.99,Sofra,2026-05-02
Auro Cam Şişe 450 ml Şeffaf,1199.99,Sofra,2026-05-02
Autumn Seramik Kahvaltı Takımı 10 parça 4 kişilik Renkli,6499.99,Sofra,2026-05-02
Avelia Bone Porselen 4 Parça 2 Kişilik Kahve Fincan Takımı 90 ml Pembe - Gold,719.99,Sofra,2026-05-02
Aven Cam Sürahi 1800 ml Şeffaf,639.99,Sofra,2026-05-02
Axel Akrilik 6 Bölmeli Kahvaltılık 25x35 cm Antrasit,559.99,Sofra,2026-05-02
Axel Akrilik 6 Bölmeli Kahvaltılık 25x35 cm Mavi,543.99,Sofra,2026-05-02
Axel Akrilik 6 Bölmeli Kahvaltılık 25x35 cm Şeffaf,3999.99,Sofra,2026-05-02
Axel Akrilik Kase Lacivert,799.95,Sofra,2026-05-02
Azalia New Bone China 4 Parça 2 Kişilik Kahve Fincan Takımı 90 ml Renkli,5999.99,Sofra,2026-05-02
Azul Paslanmaz Çelik Çatal Kaşık Bıçak Takımı 18 Parça 6 Kişilik Gold,11999.99,Sofra,2026-05-02
Azul Paslanmaz Çelik Çatal Kaşık Bıçak Takımı 18 Parça 6 Kişilik Silver,1799.99,Sofra,2026-05-02
Baho Cam Tuzluk - Biberlik 4x4x8 cm Gold,1749.99,Sofra,2026-05-02
Balcet Mısır Amerikan Servis Pembe,699.95,Sofra,2026-05-02
Balmy Porselen 20 Parça 6 Kişilik Kahvaltı Takımı Mavi-Sarı,12499.99,Sofra,2026-05-02
Balmy Porselen Yemek Takımı 24 Parça 6 Kişilik Mavi-Sarı,2239.99,Sofra,2026-05-02
Bamboo Bambu Dekoratif Tepsi Natural-Siyah,3999.99,Sofra,2026-05-02
Bamboo Cam Dekoratif Tepsi Krem-Altın,559.99,Sofra,2026-05-02
Basic Cam 3lü Cup - Dondurma Kasesi 300 ml Şeffaf,319.99,Sofra,2026-05-02
Basic Shine Cam 3’lü Lüsterli Cup 300 ml Şeffaf,489.99,Sofra,2026-05-02
Be Joyful Cam Bardak 380 ml Siyah,899.99,Sofra,2026-05-02
Bealy Porselen 4 Parça 2 Kişilik Çay Fincanı Takımı 220 ml Yeşil-Sarı,839.99,Sofra,2026-05-02
Beatrice Sedefli Rattan Tepsi Kahverengi,5999.99,Sofra,2026-05-02
Begonya Seramik 4lü Pasta Seti 16 cm Renkli,2999.99,Sofra,2026-05-02
Belle Bone Porselen 4 Parça 2 Kişilik Kahve Fincan Takımı 90 ml Renkli,2499.99,Sofra,2026-05-02
Bellflower Seramik Çerezlik Açık Mavi,799.95,Sofra,2026-05-02
Bellflower Seramik Çerezlik Lacivert,799.95,Sofra,2026-05-02
Bellflower Seramik Çerezlik Lila,799.95,Sofra,2026-05-02
Bellflower Seramik Çerezlik Somon,799.95,Sofra,2026-05-02
Bellis Porselen 4 Parça 2 Kişilik Kahve Fincan Takımı Lacivert,1499.99,Sofra,2026-05-02
Berry Seramik Kahvaltı Takımı 10 parça 4 kişilik Pembe,1039.99,Sofra,2026-05-02
Best Wishes Stoneware Kupa 400 ml Kırmızı - Yeşil,1499.99,Sofra,2026-05-02
Bianca Seramik 6lı Pasta Seti 20 cm Renkli,3999.99,Sofra,2026-05-02
Bienne Kağıt Amerikan Servis Kırmızı,699.95,Sofra,2026-05-02
Bienne Kağıt Amerikan Servis Siyah,1299.99,Sofra,2026-05-02
Birdie Seramik 4lü Pasta Seti 20 cm Renkli,419.99,Sofra,2026-05-02
Bistro Seramik 4lü Pasta Seti 20 cm Kırmızı-Siyah,479.99,Sofra,2026-05-02
Black Dots Porselen Çerezlik 11 cm Siyah - Beyaz,1299.99,Sofra,2026-05-02
Black Lines Porselen Çerezlik 11 cm Siyah - Beyaz,159.99,Sofra,2026-05-02
Blade Paslanmaz Çelik Tepsi Silver,2749.99,Sofra,2026-05-02
Blatt Porselen Kahve Fincan Takımı 4 Parça 2 Kişilik Lacivert,1499.99,Sofra,2026-05-02
Blatt Porselen Kahve Fincan Takımı 4 Parça 2 Kişilik Yeşil,1999.99,Sofra,2026-05-02
Blaze Cam Pasta Tabağı 19 cm Pembe,799.99,Sofra,2026-05-02
Blend Cam-Bambu 5 Parça Sunumluk 10x5 cm Şeffaf,3999.99,Sofra,2026-05-02
Blenda Cam-Bambu 4 Parça Sunumluk 10x5 cm Şeffaf,2749.99,Sofra,2026-05-02
Blendung Pamuk 2li Amerikan Servis Gold,1999.99,Sofra,2026-05-02
Bleu Blanc Cam Dekoratif Tepsi  31x46 cm Gold,2999.99,Sofra,2026-05-02
Bloom Cam 3 Parça Su Takımı 1150 Ml + 400 Ml Kırmızı,2499.99,Sofra,2026-05-02
Bloom Cam 3 Parça Su Takımı 1150 Ml + 400 Ml Mavi,479.99,Sofra,2026-05-02
Bloomera Porselen Yemek Takımı 12 Parça 4 Kişilik Renkli,4999.99,Sofra,2026-05-02
Bloomline Bone Porselen 12 Parça 6 Kişilik Çay Seti 170 ml Beyaz,1199.99,Sofra,2026-05-02
Bloomline Porselen Yemek Takımı 27 Parça 6 Kişilik Gold,24999.99,Sofra,2026-05-02
Blossia Bone Porselen 4 Parça 2 Kişilik Kahve Fincan Takımı 90 ml Mavi Gold,3999.99,Sofra,2026-05-02
Blossom Frame Melamin Kaydırmaz Tepsi 42x31 cm Renkli,1999.99,Sofra,2026-05-02
Blossom Frame Seramik Bardak Altlığı 11 cm Renkli,1049.99,Sofra,2026-05-02
Blossom Suni Deri 2li Amerikan Servis Açık Pembe,699.95,Sofra,2026-05-02
Blossom Suni Deri 2li Amerikan Servis Pembe,699.95,Sofra,2026-05-02
Blossom Suni Deri 4lü Bardak Altlığı Açık Pembe,649.95,Sofra,2026-05-02
Blossom Suni Deri 4lü Bardak Altlığı Mavi,1499.99,Sofra,2026-05-02
Blossom Suni Deri 4lü Bardak Altlığı Pembe,649.95,Sofra,2026-05-02
Blue Call Seramik Kase 13 cm Lacivert-Kırmızı,899.99,Sofra,2026-05-02
Blue Call Seramik Kayık Tabak 24x11 cm Lacivert-Kırmızı,999.99,Sofra,2026-05-02
Blue Fishy Seramik Kase Beyaz - Lacivert,899.99,Sofra,2026-05-02
Blue Fishy Seramik Pasta Tabağı 20 cm Beyaz - Lacivert,999.99,Sofra,2026-05-02
Blue Rhythm Seramik Pasta Tabağı 20 cm Beyaz - Lacivert,999.99,Sofra,2026-05-02
Blue Vista Seramik Pasta Seti 18 Parça 6 Kişilik Lacivert,1919.99,Sofra,2026-05-02
Bluebell Porselen Yemek Takımı 24 Parça 6 Kişilik Mavi,14999.99,Sofra,2026-05-02
Bluewaves Melamin Tepsi 35 cm Beyaz - Mavi,2249.99,Sofra,2026-05-02
Blush Cam 3lü Cup 350 ml Şeffaf,1499.99,Sofra,2026-05-02
Blush Cam Karaf Pembe,1399.95,Sofra,2026-05-02
Bohemia Porselen Pasta Tabağı 21 cm Beyaz,799.99,Sofra,2026-05-02
Boho Rattan Katlı Servis Kahverengi,559.99,Sofra,2026-05-02
Boho Rattan Sunumluk Kahverengi,799.99,Sofra,2026-05-02
Boho Rattan Tepsi Kahverengi,2499.99,Sofra,2026-05-02
"Boldband Melamin Kaydırmaz Tepsi 20x28,5 cm Pembe - Turuncu",1749.99,Sofra,2026-05-02
Boldband Melamin Tepsi 23x14 cm Yeşil-mor,999.99,Sofra,2026-05-02
Boldy Lines New Bone China Kupa 350 ml Mavi,2249.99,Sofra,2026-05-02
Boldy Lines New Bone China Kupa 350 ml Turuncu,2249.99,Sofra,2026-05-02
Boldy Lines New Bone China Kupa 350 ml Yeşil,2249.99,Sofra,2026-05-02
Bon Appetit Porselen Kahvaltı Takımı 12 Parça 4 Kişilik Siyah,7999.99,Sofra,2026-05-02
"Bona Stoneware 3lü Çerezlik 6,5 cm Siyah-Beyaz-Bej",1499.99,Sofra,2026-05-02
Bona Stoneware 6 Parça 3 Kişilik Kahve Fincan Takımı 70 ml Siyah-Beyaz-Bej,3499.99,Sofra,2026-05-02
Bonnie Bone Porselen 4 Parça 2 Kişilik Kahve Fincan Takımı 90 ml Koyu Mavi,1999.99,Sofra,2026-05-02
Botanic Porselen Kahvaltı Takımı 20 Parça 6 Kişilik Renkli,12499.99,Sofra,2026-05-02
Botanic Stoneware Kase Renkli,1119.99,Sofra,2026-05-02
Botanic Stoneware Kayık Tabak Renkli,719.99,Sofra,2026-05-02
Botanic Stoneware Kupa 375 ml Renkli,559.99,Sofra,2026-05-02
Botanic Stoneware Pasta Tabağı 16 cm Renkli,1999.99,Sofra,2026-05-02
Botanic Stoneware Sunumluk Renkli,3999.99,Sofra,2026-05-02
"Botanic Stoneware Çerezlik 11,5x7,5 cm Renkli",1249.99,Sofra,2026-05-02
Botanical Garden Pamuk Masa Örtüsü 150x200 cm Beyaz - Yeşil,539.99,Sofra,2026-05-02
Botanical Garden Seramik Bardak Altlığı 10.8x0.8 cm Beyaz - Yeşil,1149.95,Sofra,2026-05-02
Botanical Masa Örtüsü 145x200 cm Krem - Pembe,4999.99,Sofra,2026-05-02
Botelya Cam Başucu Sürahi Mavi,1399.95,Sofra,2026-05-02
Botelya Cam Başucu Sürahi Pembe,1399.95,Sofra,2026-05-02
Botelya Cam Şişe 1100 ml Şeffaf,1499.99,Sofra,2026-05-02
Boty Borosilikat Detoks Şişe 450 ml Beyaz,1349.95,Sofra,2026-05-02
Boty Borosilikat Detoks Şişe 450 ml Siyah,1349.95,Sofra,2026-05-02
Boty Borosilikat Detoks Şişe 450 ml Yeşil,1349.95,Sofra,2026-05-02
Boundaries Pamuk Masa Örtüsü 140x200 cm Krem - Yeşil,3499.99,Sofra,2026-05-02
Bowsie Bone Porselen 4 Parça 2 Kişilik Kahve Fincan Takımı 90 ml Kırmızı - Yeşil,479.99,Sofra,2026-05-02
Breeze Bambu 4lü Amerikan Servis 30x45 cm Siyah-Krem,1999.99,Sofra,2026-05-02
Brenda Pamuk Amerikan Servis 32 cm Silver,899.99,Sofra,2026-05-02
Brice Cam Kek Standı 20 cm Şeffaf,630.0,Sofra,2026-05-02
Bridgette Cam 6lı Kadeh 350 ml Gold,4249.99,Sofra,2026-05-02
Bright Bliss New Bone China Kupa 370 ml Renkli,1499.99,Sofra,2026-05-02
Bright Bloom Emaye Tepsi 31 cm Renkli,4999.99,Sofra,2026-05-02
"Bright Bloom New Bone China Kase 15,5 cm Renkli",1500.0,Sofra,2026-05-02
Bright Bloom New Bone China Kayık Tabak 25x11 cm Renkli,2250.0,Sofra,2026-05-02
Bright Bloom New Bone China Kupa 370 ml Renkli,1499.99,Sofra,2026-05-02
Bright Bloom New Bone China Pasta Tabağı 19 cm Renkli,1500.0,Sofra,2026-05-02
Bright Bloom New Bone China Servis Tabağı 26 cm Renkli,2250.0,Sofra,2026-05-02
Bright Bloom New Bone China Çerezlik 10 cm Renkli,1250.0,Sofra,2026-05-02
Bright Bloom Polyester Masa Örtüsü 150x200 cm Beyaz - Pembe,7499.99,Sofra,2026-05-02
Bright Bloom Tepsi 33 cm Renkli,3499.99,Sofra,2026-05-02
Bright Blossom Porselen 4 Parça 2 Kişilik Kahve Fincan Takımı 90 ml Renkli,2999.99,Sofra,2026-05-02
Bright Charm Melamin Kaydırmaz Tepsi 25x38 cm Pembe,1499.99,Sofra,2026-05-02
Bright Delight Seramik Bardak Altlığı 10 cm Yeşil,188.99,Sofra,2026-05-02
Bright Delight Tepsi 33 cm Renkli,3499.99,Sofra,2026-05-02
Bright Dream New Bone China Kupa 350 ml Renkli,1499.99,Sofra,2026-05-02
Bright Floral Melamin Cam Kapaklı Kahvaltılık Renkli,7499.99,Sofra,2026-05-02
Bright Floral Seramik Bardak Altlığı 11x11 cm Pembe,1049.99,Sofra,2026-05-02
Bright Floral Tepsi 40x26 cm Renkli,3499.99,Sofra,2026-05-02
Bright Flowers New Bone China Kupa 350 ml Renkli,1499.99,Sofra,2026-05-02
Bright Harmony Melamin Kaydırmaz Tepsi 42x31 cm Pembe,1999.99,Sofra,2026-05-02
Bright Ophelia New Bone China 4 Parça 2 Kişilik Kahve Fincan Takımı 100 ml Renkli,899.99,Sofra,2026-05-02
Bright Ophelia New Bone China Kupa 460 ml Renkli,699.99,Sofra,2026-05-02
Bright Parade Emaye Tepsi 31 cm Renkli,599.99,Sofra,2026-05-02
Bright Parade Melamin 2’li Kaydırmaz Tepsi 33-24 cm Kırmızı,3999.99,Sofra,2026-05-02
Bright Parade New Bone China Kase Renkli,1500.0,Sofra,2026-05-02
Bright Parade New Bone China Kayık Tabak 15x33 Cm Renkli,674.99,Sofra,2026-05-02
Bright Parade New Bone China Kupa 370 ml Renkli,1499.99,Sofra,2026-05-02
Bright Parade New Bone China Pasta Tabağı 19 cm Renkli,1500.0,Sofra,2026-05-02
Bright Parade New Bone China Çerezlik 10 cm Renkli,224.99,Sofra,2026-05-02
Bright Parade Polyester Masa Örtüsü 150x200 cm Beyaz - Kırmızı,1119.99,Sofra,2026-05-02
Bright Parade Seramik Bardak Altlığı 10 cm Kırmızı - Yeşil,1049.99,Sofra,2026-05-02
Bright Parade Tepsi 33 cm Renkli,3499.99,Sofra,2026-05-02
Bright Petals New Bone China Kupa 370 ml Renkli,1499.99,Sofra,2026-05-02
Bright Petals Seramik Bardak Altlığı 11x11 cm Pembe,188.99,Sofra,2026-05-02
Bright Petals Tepsi 35x35 cm Renkli,3499.99,Sofra,2026-05-02
Bright Vionna New Bone China 4 Parça 2 Kişilik Kahve Fincan Takımı 100 ml Pembe-Kırmızı-Turuncu,899.99,Sofra,2026-05-02
Bright Vionna New Bone China Kupa 460 ml Pembe-Kırmızı-Turuncu,599.99,Sofra,2026-05-02
Brightfloria Porselen Bardak 260 ml Beyaz,1249.99,Sofra,2026-05-02
Bubbles Cam Başucu Sürahi 1150 ml Mavi,2749.99,Sofra,2026-05-02
Bubbles Cam Kase Şeffaf,1124.99,Sofra,2026-05-02
Bubbles Cam Kayık Tabak 14x30 cm Şeffaf,1249.99,Sofra,2026-05-02
Bubbles Cam Kek Standı Şeffaf,2999.99,Sofra,2026-05-02
Bubbles Cam Pasta Tabağı 19 cm Şeffaf,1249.99,Sofra,2026-05-02
Bubbles Cam Çerezlik 8 cm Şeffaf,1299.99,Sofra,2026-05-02
"Cage Cam Kayık Tabak 39,5x15,5 cm Şeffaf",2749.99,Sofra,2026-05-02
"Cage Cam Çerezlik 39,5x15,5 cm Şeffaf",2749.99,Sofra,2026-05-02
Caitly Hasır Amerikan Servis Bej,999.95,Sofra,2026-05-02
Calantha Kağıt Tepsi Krem,1749.99,Sofra,2026-05-02
Calantha Kağıt Tepsi Siyah,1999.99,Sofra,2026-05-02
Calith Cam Şişe 720 ml Şeffaf,999.99,Sofra,2026-05-02
Calypso Porselen Kahvaltı ve Sunum Seti 18 Parça 6 Kişilik Renkli,12499.99,Sofra,2026-05-02
"Candessa Cam Şekerlik 12x10,5 cm Şeffaf",1499.99,Sofra,2026-05-02
Candy Cane Stripe Cam Bardak 510 ML Kırmızı,1199.99,Sofra,2026-05-02
Candy Cane Stripe Cam Bardak 510 ML Yeşil,1199.99,Sofra,2026-05-02
"Candy Cane Stripe Cam Çerezlik 8,5 cm Kırmızı",999.99,Sofra,2026-05-02
"Candy Cane Stripe Cam Çerezlik 8,5 cm Yeşil",999.99,Sofra,2026-05-02
Candyland Cam Şişe 750 ml Yeşil,1399.99,Sofra,2026-05-02
Capri Hasır Sunumluk Kahverengi,1299.99,Sofra,2026-05-02
Caren Plastik Bardak Amber,699.95,Sofra,2026-05-02
Caren Plastik Bardak Füme,699.95,Sofra,2026-05-02
Carmen New Bone China Kupa 400 ml Beyaz,1399.99,Sofra,2026-05-02
Carmine Porselen 4 Parça 2 Kişilik Çay Fincanı Takımı 200 ml Kırmızı - Beyaz,6499.99,Sofra,2026-05-02
Carnival Cam Karaf 800 ml Pembe,1399.95,Sofra,2026-05-02
Carnival Floral Bone Porselen Servis Tabağı 25 cm Lacivert-Beyaz,1499.99,Sofra,2026-05-02
Carnival Palm Bone Porselen Pasta Tabağı 20 cm Mavi-yeşil,1299.99,Sofra,2026-05-02
Carnival Phenix Seramik Bardak Altlığı Pembe,1149.95,Sofra,2026-05-02
Carnival Sparrow New Bone China Kahve Fincan Takımı 4 Parça 2 Kişilik Fuşya,3499.99,Sofra,2026-05-02
Carnival Tree Bone Porselen Pasta Tabağı 20 cm Fuşya-Beyaz,1499.99,Sofra,2026-05-02
Carny Bone Porselen Servis Tabağı 25 cm Fuşya,1299.99,Sofra,2026-05-02
Carny Bone Porselen Servis Tabağı 25 cm Lacivert,1299.99,Sofra,2026-05-02
Carny Bone Porselen Servis Tabağı 25 cm Turuncu,1299.99,Sofra,2026-05-02
Catie Borosilikat Cam Çift Cidarlı Kupa 280 ml Pembe,1999.99,Sofra,2026-05-02
Cavea Cam Sürahi Şeffaf,1749.99,Sofra,2026-05-02
Celestia Porselen 4 Parça 2 Kişilik Kahve Fincan Takımı 90 ml Renkli,3999.99,Sofra,2026-05-02
Celestial Cam 3 Parça Su Takımı 1000 ml + 380 ml Renkli,2499.99,Sofra,2026-05-02
Celine Masa Örtüsü 150x200 cm Gold,1349.99,Sofra,2026-05-02
Celine Runner 40x150 cm Gold,3499.99,Sofra,2026-05-02
Cella Bone Porselen Servis Tabağı 23 cm Turuncu,999.99,Sofra,2026-05-02
Cesar Borosilikat Cam Çift Cidarlı Kase Şeffaf,999.99,Sofra,2026-05-02
Chaplet Hasır Tepsi Kahverengi,359.99,Sofra,2026-05-02
Charm Cam Çay Tabağı Mor,649.95,Sofra,2026-05-02
Charmed Dream Porselen 4 Parça 2 Kişilik Double Kahve Fincan Takımı 155 ml Beyaz-Gold,3499.99,Sofra,2026-05-02
Charmed Glow Porselen 4 Parça 2 Kişilik Double Kahve Fincan Takımı 155 ml Beyaz-Gold,3499.99,Sofra,2026-05-02
Charmed Runner 40x140 cm Beyaz - Lacivert,2749.99,Sofra,2026-05-02
Charming New Bone China 4 Parça 2 Kişilik Cam Tabaklı Kahve Fincan Takımı 80 ml Pembe - Yeşil,3499.99,Sofra,2026-05-02
Charmsy Bone Porselen Pasta Tabağı 19 cm Renkli,999.99,Sofra,2026-05-02
Check & Sip Porselen 4 Parça 2 Kişilik Kahve Fincan Takımı 90 ml Kırmızı - Lacivert,2499.99,Sofra,2026-05-02
Checkerboard Seramik Kupa 260 ml Renkli,1499.99,Sofra,2026-05-02
Cheer and Dream Seramik Kupa 315 Ml Sarı,1499.99,Sofra,2026-05-02
Cheer and Enjoy Seramik Kupa 315 Ml Yeşil,1499.99,Sofra,2026-05-02
Cheer and Hope Seramik Kupa 315 Ml Mavi,1499.99,Sofra,2026-05-02
Cheerful Sunset New Bone China Kupa 460 ml Renkli,699.99,Sofra,2026-05-02
Cheery Cam 3lü Bardak 380 ml Kırmızı - Yeşil,1499.99,Sofra,2026-05-02
Cherries Cam 3lü Cup - Dondurma Kasesi 300 ml Kırmızı,2499.99,Sofra,2026-05-02
Cherries Melamin Tepsi 24x39 Cm Kırmızı,2499.99,Sofra,2026-05-02
Cherry Garden Stoneware Kupa 320 ml Kırmızı,1399.99,Sofra,2026-05-02
Cherry Melamin Nihale 17 cm Renkli,1299.95,Sofra,2026-05-02
Cherry Seramik Bardak Altlığı 11 cm Pembe,999.99,Sofra,2026-05-02
Cherrypop Cam 3 Parça Su Takımı 1150 ml + 315 ml Kırmızı,1999.99,Sofra,2026-05-02
Chimera Bone Porselen Pasta Tabağı 19 cm Mavi,999.99,Sofra,2026-05-02
Chimera Cam Şişe 750 ml Renkli,1399.99,Sofra,2026-05-02
Chimera Masa Örtüsü 150x200 cm Beyaz - Kırmızı,4999.99,Sofra,2026-05-02
Chimera Runner 40x140 cm Beyaz - Kırmızı,2249.99,Sofra,2026-05-02
Chimera Seramik Bardak Altlığı 11 cm Beyaz - Yeşil,999.99,Sofra,2026-05-02
Chimera Tepsi 33 cm Renkli,2499.99,Sofra,2026-05-02
Christmas Cam 3lü Flüt Kadeh 195 ml Kırmızı,479.99,Sofra,2026-05-02
Christmas Cam 3lü Flüt Kadeh 195 ml Yeşil,2249.99,Sofra,2026-05-02
Christmas Cam 3lü Kadeh 490 ml Kırmızı,479.99,Sofra,2026-05-02
Christmas Cam 3lü Kadeh 490 ml Yeşil,2999.99,Sofra,2026-05-02
Christmas Tree Cam Çerezlik 21 cm Yeşil,1199.99,Sofra,2026-05-02
Christmas Tree Dolomite 2li Tuzluk - Biberlik 6x14 cm Beyaz,419.99,Sofra,2026-05-02
Christmas Tree Dolomite 2li Tuzluk - Biberlik 6x14 cm Yeşil,3499.99,Sofra,2026-05-02
Ciara Cam Kase 20 cm Şeffaf,2499.99,Sofra,2026-05-02
Cladars Porselen 4 Parça 2 Kişilik Kahve Fincan Takımı 90 ml Gold,3499.99,Sofra,2026-05-02
Clara Seramik Pasta Seti 18 Parça 6 Kişilik Renkli,1329.99,Sofra,2026-05-02
"Clementine Borosilikat-Akasya 2li Tuzluk - Biberlik 5,5x5 cm Şeffaf",2999.99,Sofra,2026-05-02
Cleo Porselen 4 Parça 2 Kişilik Kahve Fincan Takımı 80 ml Mavi,1499.99,Sofra,2026-05-02
Coaspiral Cam 6lı Bardak 180 ml Lacivert,2749.99,Sofra,2026-05-02
Coaspiral Melamin Tepsi Lacivert,1649.99,Sofra,2026-05-02
Coastal Bliss Seramik 4 Parça 2 Kişilik Çay Fincanı Takımı 184 ml Açık Mavi,2399.99,Sofra,2026-05-02
Coastal Bliss Seramik 4 Parça 2 Kişilik Çay Fincanı Takımı 184 ml Koyu Mavi,3399.99,Sofra,2026-05-02
Coastline Runner 40x140 cm Mavi - Yeşil,1749.99,Sofra,2026-05-02
Coastline Seramik Pasta Tabağı 20 cm Mavi-yeşil,699.99,Sofra,2026-05-02
Coastlinear Plastik Katlı Servis 20+27 cm Krem,639.99,Sofra,2026-05-02
Coastlinear Plastik Kek Standı 30x9 cm Krem,629.99,Sofra,2026-05-02
Coastlinear Plastik Sunumluk 30 cm Mavi - Krem,2499.99,Sofra,2026-05-02
Colessa PP Sürahi 1500 ml Krem,1399.95,Sofra,2026-05-02
Colessa PP Sürahi 1500 ml Yeşil,1399.95,Sofra,2026-05-02
Colessa Servis Seti 28 cm Yeşil,849.95,Sofra,2026-05-02
Colorful Love New Bone China Kupa 380 ml Gold,1499.99,Sofra,2026-05-02
Colorline Paslanmaz Çelik 4lü Tatlı Kaşığı Renkli,2999.99,Sofra,2026-05-02
Confella New Bone China 4 Parça 2 Kişilik Kahve Fincan Takımı 100 ml Renkli,2499.99,Sofra,2026-05-02
Confetti Melamin Tepsi 37x18 cm Renkli,1249.99,Sofra,2026-05-02
Conner Porselen Kahve Fincan Takımı 4 Parça 2 Kişilik Mavi-Yeşil,1499.99,Sofra,2026-05-02
Copricornus New Bone China Kupa 325 ml Siyah-Beyaz-Gold,1499.99,Sofra,2026-05-02
Cora Cam 3lü Bardak 400 ml Şeffaf,999.99,Sofra,2026-05-02
Coral Cam 3lü Bardak 400 ml Beyaz,1499.99,Sofra,2026-05-02
Cordelia New Bone China 4 Parça 2 Kişilik Kahve Fincan Takımı 90 ml Beyaz - Pembe,3999.95,Sofra,2026-05-02
Cordelia New Bone China 4 Parça 2 Kişilik Çay Fincanı Takımı 220 ml Beyaz - Pembe,3999.95,Sofra,2026-05-02
Core Metal Tepsi 52x39 cm Krem,3499.99,Sofra,2026-05-02
Cosmic Cam 2 Bölmeli Sunumluk Şeffaf,2749.99,Sofra,2026-05-02
Cosmic Cam 2li Ayaklı Bardak 450 ml Şeffaf,319.99,Sofra,2026-05-02
Cosmic Cam 4lü Bardak Şeffaf,2499.99,Sofra,2026-05-02
Cosmic Cam 4lü Cup - Dondurma Kasesi,639.99,Sofra,2026-05-02
Cosmic Cam 4lü Kahve Yanı Bardak Şeffaf,2999.99,Sofra,2026-05-02
Cosmic Cam 4lü Meşrubat Bardağı,349.99,Sofra,2026-05-02
Cosmic Cam 4’lü Kahve Yanı Bardak 140 ml Şeffaf,1499.99,Sofra,2026-05-02
Cosmic Cam Cup - Dondurma Kasesi 320 ml Şeffaf,1249.99,Sofra,2026-05-02
Cosmic Cam Kek Standı Cm,6499.99,Sofra,2026-05-02
Cosmic Cam Lokumluk 9 Cm,999.99,Sofra,2026-05-02
"Cosmic Cam Sunumluk 7x7,5x13 Cm Şeffaf",1749.99,Sofra,2026-05-02
Cosmic Cam Sunumluk Şeffaf,1999.99,Sofra,2026-05-02
Cosmic Cam Şekerlik Şeffaf,1499.99,Sofra,2026-05-02
Cosmos Cam 2 Bölmeli Sunumluk Şeffaf,419.99,Sofra,2026-05-02
Cosmos Seramik Kahvaltı Takımı 14 parça 6 kişilik Lacivert,7999.99,Sofra,2026-05-02
Cosy Stripe Melamin Kaydırmaz 2li Tepsi 42x31 cm + 25x38 cm Mavi,629.99,Sofra,2026-05-02
Cottage Tepsi 30x8 cm Mavi,419.99,Sofra,2026-05-02
Cove Cam Sürahi 1260 ml Renkli,1399.95,Sofra,2026-05-02
Cozy Cam Sürahi 1260 ml Renkli,1399.95,Sofra,2026-05-02
Cozy Polyresin Dekoratif Tepsi Kahve,3749.99,Sofra,2026-05-02
Crispy Flowers Seramik Çerezlik Krem,799.95,Sofra,2026-05-02
Crispy Flowers Seramik Çerezlik Lacivert,799.95,Sofra,2026-05-02
Cross Cam 2li Kayık Tabak 23x17 cm Şeffaf,419.99,Sofra,2026-05-02
Crux Cam Sunumluk Şeffaf,3499.99,Sofra,2026-05-02
Crysta Cam 2li Bardak 300 ml Pembe,1249.99,Sofra,2026-05-02
Crysta Cam 2li Kadeh 250 ml Pembe,1499.99,Sofra,2026-05-02
Cup Of Love Cam Kupa 270 ml Kırmızı,1299.99,Sofra,2026-05-02
Cup of Happiness Cam Kupa 270 ml Mavi,1299.99,Sofra,2026-05-02
Cup of Sunshine Cam Kupa 270 ml Sarı,1299.99,Sofra,2026-05-02
Cute Cat New Bone China 2 Parça 1 Kişilik Kahve Fincan Takımı 90 ml Siyah-Gold,2499.99,Sofra,2026-05-02
Cyrus Cam Kek Standı 25 cm Şeffaf,720.0,Sofra,2026-05-02
Dahlia New Bone China 4 Parça 2 Kişilik Kahve Fincan Takımı 90 ml Renkli,799.99,Sofra,2026-05-02
Dainty Ahşap-Cam 5 Parça Sunumluk 10x5 cm Şeffaf,2749.99,Sofra,2026-05-02
Daisy 4 Bölmeli Kahvaltılık 26x23 cm Yeşil,1999.99,Sofra,2026-05-02
Daisy Seramik Pasta Seti 13 parça 6 kişilik Renkli,8999.99,Sofra,2026-05-02
Dalia Jüt 2li Amerikan Servis Gri,1499.99,Sofra,2026-05-02
Dalia Jüt 2li Amerikan Servis Siyah,1499.99,Sofra,2026-05-02
Dalmata Seramik Bardak Altlığı 10.8x0.8 cm Beyaz - Yeşil,1099.99,Sofra,2026-05-02
Daphne New Bone China Kupa 320 ml Açık Kahverengi,1499.99,Sofra,2026-05-02
Daphne New Bone China Kupa 320 ml Bej,1499.99,Sofra,2026-05-02
Daphne New Bone China Kupa 320 ml Koyu Kahverengi,1499.99,Sofra,2026-05-02
Darcy Polyresin Dekoratif Tepsi Kahve,639.99,Sofra,2026-05-02
Daydream PP 2li Amerikan Servis 30x45 cm Mavi - Pembe,999.95,Sofra,2026-05-02
Daydream PP 2li Amerikan Servis 30x45 cm Sarı-Turuncu,999.95,Sofra,2026-05-02
Daylora Dolomite 4 Parça 2 Kişilik Kahve Fincan Takımı 100 ml Mavi-Turuncu,3999.99,Sofra,2026-05-02
Daylora Dolomite 4 Parça 2 Kişilik Kahve Fincan Takımı 100 ml Sarı - Mavi,3999.99,Sofra,2026-05-02
Daylora Dolomite 4 Parça 2 Kişilik Kahve Fincan Takımı 100 ml Turuncu-Sarı,3999.99,Sofra,2026-05-02
Daylora Dolomite Kupa 415 ml Mavi-Turuncu,1749.99,Sofra,2026-05-02
Daylora Dolomite Kupa 415 ml Sarı - Mavi,1749.99,Sofra,2026-05-02
Daylora Dolomite Kupa 415 ml Turuncu-Sarı,1749.99,Sofra,2026-05-02
Dazzle Cam Sürahi 1500 ml Şeffaf,489.99,Sofra,2026-05-02
Dear Porselen 4 Parça 2 Kişilik Kahve Fincan Takımı Koyu Yeşil,1749.99,Sofra,2026-05-02
Deco Bone Porselen 4 Parça 2 Kişilik Kahve Fincan Takımı 90 ml Siyah,2499.99,Sofra,2026-05-02
Delight Borosilikat Cam Sürahi,3499.99,Sofra,2026-05-02
Detroit Borosilikat Cam Sürahi 1400 ml Şeffaf,3999.99,Sofra,2026-05-02
Diamond Cam 6lı Kahve Yanı Bardak 90 ml Şeffaf,2249.99,Sofra,2026-05-02
"Diamond Gleam Cam Şekerlik 9,5X10 CM Şeffaf",1499.99,Sofra,2026-05-02
Diego Paslanmaz Çelik Çatal Kaşık Bıçak Takımı 18 Parça 6 Kişilik Bej,5999.99,Sofra,2026-05-02
Dipsy New Bone China Kupa 460 ml Hardal,419.99,Sofra,2026-05-02
Dolce Vita Seramik 6lı Pasta Seti 20 cm Sarı,809.99,Sofra,2026-05-02
Dora Porselen Kase 14 cm Beyaz,999.99,Sofra,2026-05-02
Dora Porselen Çerezlik Beyaz,899.99,Sofra,2026-05-02
Dorothy Dekoratif Tepsi Kahve,629.99,Sofra,2026-05-02
Dorothy Jüt 2li Amerikan Servis Bej,1499.99,Sofra,2026-05-02
Dreamline New Bone China Kupa 290 ml Koyu Yeşil-Turuncu,1499.99,Sofra,2026-05-02
Dreamline New Bone China Kupa 290 ml Yeşil-Turuncu,1499.99,Sofra,2026-05-02
Dreampetal New Bone China 12 Parça 6 Kişilik Kahve Fincan Takımı 80 ml Mavi,6499.99,Sofra,2026-05-02
Dreamy Garden Opal Masa Örtüsü 140x200 cm Renkli,3499.99,Sofra,2026-05-02
Dressy PP 2li Amerikan Servis 38 cm Krem,1749.99,Sofra,2026-05-02
Duskfall Cam Standlı ve 4lü Kupa 180 ml Renkli,3999.99,Sofra,2026-05-02
Dynamic Cam 3lü Bardak 400 ml Mor,233.98,Sofra,2026-05-02
Earl Cam Kek Standı 20 cm Şeffaf,719.99,Sofra,2026-05-02
Earthline New Bone China Kupa 380 ml Beyaz-Kahverengi,1499.99,Sofra,2026-05-02
Echo Porselen 4 Parça 2 Kişilik Kahve Fincan Takımı 80 ml Mavi,1499.99,Sofra,2026-05-02
Eclat Cam Karaf 1100 ml Şeffaf,1999.99,Sofra,2026-05-02
Eclipse Cam Şişe 1100 ml Mavi,1399.99,Sofra,2026-05-02
Eclipsed Porselen 4 Parça 2 Kişilik Kahve Fincan Takımı 85 ml Beyaz-Gold,2499.99,Sofra,2026-05-02
Edenic 4lü Bardak Altlığı 14 cm Beyaz - Lacivert,251.98,Sofra,2026-05-02
Edenic Melamin Nihale 17 cm Beyaz - Yeşil,1299.95,Sofra,2026-05-02
Edenic New Bone China Kupa 460 ml Kırmızı,2999.99,Sofra,2026-05-02
Edenic Runner 40x140 cm Lacivert,2199.99,Sofra,2026-05-02
Edwin Porselen 4 Parça 2 Kişilik Kahve Fincan Takımı Mavi-Yeşil,1499.99,Sofra,2026-05-02
Elegant Mermer Sunumluk Beyaz,1439.99,Sofra,2026-05-02
Elegant Porselen Yemek Takımı 12 Parça 4 Kişilik Renkli,9999.99,Sofra,2026-05-02
Elegant Seramik Bardak Altlığı 10.8x0.8 cm Siyah - Beyaz,1499.99,Sofra,2026-05-02
Elena Seramik Yemek Takımı 16 Parça 4 Kişilik Yeşil-Turuncu,1349.99,Sofra,2026-05-02
Elisa PP 2li Amerikan Servis 35 cm Naturel,1499.99,Sofra,2026-05-02
Elisa Porselen Kahve Fincan Takımı 12 Parça 6 Kişilik Mavi,629.99,Sofra,2026-05-02
Elise Çelik 4 Parça 2 Kişilik Çay Seti 170 ml Gold,539.99,Sofra,2026-05-02
Elise Çelik 4 Parça 2 Kişilik Çay Seti 170 ml Silver,2499.99,Sofra,2026-05-02
Elite Seramik Kahve Fincan Takımı 4 Parça 2 Kişilik Gri,1399.99,Sofra,2026-05-02
Elixir Cam Karaf 1800 ml Şeffaf,1499.99,Sofra,2026-05-02
Elodie Porselen Kase Beyaz,2049.99,Sofra,2026-05-02
Elodie Porselen Kayık Tabak Beyaz,799.99,Sofra,2026-05-02
"Elodie Porselen Servis Tabağı 25,5 cm Beyaz",1749.99,Sofra,2026-05-02
"Eloise Borosilikat-Akasya 2li Tuzluk - Biberlik 6x7,5 Cm Şeffaf",2749.99,Sofra,2026-05-02
Elroy Akasya-Cam Kek Fanusu 30 cm Şeffaf,1679.99,Sofra,2026-05-02
Elvina Bone Porselen 4 Parça 2 Kişilik Kahve Fincan Takımı 90 ml Renkli,2499.99,Sofra,2026-05-02
Elyra Bone Porselen 4 Parça 2 Kişilik Kahve Fincan Takımı 90 ml Mavi Gold,719.99,Sofra,2026-05-02
Elysian Seramik Bardak Altlığı 11 cm Beyaz - Lacivert,799.95,Sofra,2026-05-02
Emberly Cam 4 Parça 2 Kişilik Çay Seti 165 ml Kahverengi-Gold,404.99,Sofra,2026-05-02
Emberly New Bone China 4 Parça 2 Kişilik Çay Fincanı Takımı 230 ml Kahverengi,3999.99,Sofra,2026-05-02
Emma Metal Tepsi Gold,1399.99,Sofra,2026-05-02
Emma Metal Tepsi Silver,1399.99,Sofra,2026-05-02
Enjoy the Moment Bone Porselen 2li Espresso Fincan 90 ml Yeşil-Sarı,1499.99,Sofra,2026-05-02
Enola Seramik Kahvaltı Takımı 8 Parça 2 Kişilik Yeşil,639.99,Sofra,2026-05-02
"Estella Borosilikat-Akasya 2li Tuzluk - Biberlik 8x4x5,5 Cm Şeffaf",2999.99,Sofra,2026-05-02
Etna Seramik Kase Kırmızı,1299.99,Sofra,2026-05-02
Etna Seramik Kupa 430 ml Kırmızı,1299.99,Sofra,2026-05-02
Etna Seramik Kupa 430 ml Yeşil,1299.99,Sofra,2026-05-02
Etna Seramik Pasta Tabağı 21 cm Kırmızı,1299.99,Sofra,2026-05-02
Etna Seramik Çerezlik Kırmızı,999.99,Sofra,2026-05-02
Euphoria Runner 40x140 cm Renkli,2999.99,Sofra,2026-05-02
Evelina New Bone China 4 Parça 2 Kişilik Kahve Fincan Takımı 90 ml Koyu Yeşil,3499.99,Sofra,2026-05-02
Evie Bone Porselen 12 Parça 6 Kişilik Kahve Fincan Takımı Turuncu-Mavi,799.99,Sofra,2026-05-02
Evie Bone Porselen Çay Tabağı 11 cm Turuncu,1349.95,Sofra,2026-05-02
Exotic Lines Jüt 2li Amerikan Servis 35x50 cm Fuşya,1499.99,Sofra,2026-05-02
Exotic Lines Jüt 2li Amerikan Servis 35x50 cm Mavi,1399.99,Sofra,2026-05-02
Exotic Palm New Bone Silikon Kapaklı Travel Mug Pembe,1149.95,Sofra,2026-05-02
Fabele Porselen 4 Parça 2 Kişilik Kahve Fincan Takımı 80 ml Renkli,1999.99,Sofra,2026-05-02
Fabulous Bone Porselen 2’li Espresso Fincan 90 ml Beyaz,1499.99,Sofra,2026-05-02
Fairy Tritan Çocuk Pipetli Şişe Pembe,999.99,Sofra,2026-05-02
Fanciful Bone Porselen Servis Tabağı 25 cm Lacivert-Kırmızı,999.99,Sofra,2026-05-02
Farleg Bambu 4lü Amerikan Servis 4Siyah,279.99,Sofra,2026-05-02
Farleg Bambu 4lü Amerikan Servis Renkli,1999.99,Sofra,2026-05-02
Favorite Borosilikat Cam Kupa Hardal,1749.99,Sofra,2026-05-02
Favorite Borosilikat Cam Kupa Yeşil,1499.99,Sofra,2026-05-02
Favorite Borosilikat Cam Kupa Şeffaf,1749.99,Sofra,2026-05-02
Fawn Porselen 4 Parça 2 Kişilik Kahve Fincan Takımı 80 ml Koyu Mavi,1499.99,Sofra,2026-05-02
Faye Pamuk Runner Krem,1749.99,Sofra,2026-05-02
Feel Good Seramik Pasta Tabağı 13x19 cm Turuncu-Siyah,999.99,Sofra,2026-05-02
Feel Meal Porselen 2li Makarna Tabağı 27 cm Beyaz - Lacivert,3999.99,Sofra,2026-05-02
Feliz Porselen 4 Parça 2 Kişilik Kahve Fincan Takımı 80 ml Renkli,1749.99,Sofra,2026-05-02
Fern PP 2li Amerikan Servis 38 cm Beyaz - Mavi,1499.99,Sofra,2026-05-02
Fiesta Seramik Kahvaltı Takımı 14 parça 6 kişilik Yeşil,7499.99,Sofra,2026-05-02
Fiona Cam Ayaklı Sunumluk Şeffaf,1749.99,Sofra,2026-05-02
Fiora Amerikan Servis Kırmızı,1399.99,Sofra,2026-05-02
Fiora Amerikan Servis Mavi,1399.99,Sofra,2026-05-02
Fiore Cam 4lü Kadeh 540 Ml Açık Pembe,2249.99,Sofra,2026-05-02
Fiore Cam 4lü Kadeh 540 Ml Açık Yeşil,2249.99,Sofra,2026-05-02
Fiore New Bone China Kase Gri,319.99,Sofra,2026-05-02
Fiore New Bone China Pasta Tabağı Gri,2499.99,Sofra,2026-05-02
Fiore New Bone China Pasta Tabağı Mint,799.99,Sofra,2026-05-02
Fiore New Bone China Servis Tabağı Gri,479.99,Sofra,2026-05-02
Fiore New Bone China Çukur Yemek Tabağı 22 cm Gri,479.99,Sofra,2026-05-02
Fiorellino Porselen Kahvaltı Takımı Yeşil-Sarı-Pembe-Mavi,5999.99,Sofra,2026-05-02
Fishy Cam Çerezlik Mavi,799.99,Sofra,2026-05-02
Flair Cam 3lü Bardak 365 ml Şeffaf,1499.99,Sofra,2026-05-02
Flaria Seramik Bardak Altlığı 10.8x0.8 cm Beyaz - Sarı,1149.95,Sofra,2026-05-02
Fleur Cam 2li Bardak Pembe,319.99,Sofra,2026-05-02
Floe Seramik 4lü Pasta Tabağı 20 cm Renkli,489.99,Sofra,2026-05-02
Flor Pura Masa Örtüsü 150x220 cm Mint,899.99,Sofra,2026-05-02
Flor Pura Masa Örtüsü 150x220 cm Pembe,899.99,Sofra,2026-05-02
Flora Paslanmaz Çelik Kokteyl Çatalı 4 Parça Gold,1999.99,Sofra,2026-05-02
Floral Bliss New Bone China Kupa 450 ml Renkli,1499.99,Sofra,2026-05-02
Floral Breeze New Bone China Kupa 450 ml Renkli,1499.99,Sofra,2026-05-02
"Floral Garden Melamin 4lü Kahvaltılık 24,5x21,5 cm Renkli",899.99,Sofra,2026-05-02
Floral Garden New Bone China Kupa 450 ml Renkli,1499.99,Sofra,2026-05-02
Floral Grace Stoneware Sunumluk Siyah - Beyaz,584.99,Sofra,2026-05-02
Floral Heaven New Bone China Kupa 450 ml Renkli,1499.99,Sofra,2026-05-02
Floral Stripe Seramik Bardak Altlığı 11 cm Renkli,188.99,Sofra,2026-05-02
Floral Symphony Bone Porselen Yemek Takımı 24 Parça 6 Kişilik Renkli,24999.99,Sofra,2026-05-02
Florana New Bone China 4 Parça 2 Kişilik Çay Fincanı Takımı 220 ml Koyu Pembe,5499.99,Sofra,2026-05-02
Florana New Bone China 4 Parça 2 Kişilik Çay Fincanı Takımı 220 ml Yeşil,5499.99,Sofra,2026-05-02
Floreline Bone Porselen Ayaklı Kek Standı 30 cm Renkli,1119.99,Sofra,2026-05-02
"Floreline Bone Porselen Kayık Tabak 25,5 cm Renkli",1999.99,Sofra,2026-05-02
"Floreline Bone Porselen Çerezlik 11,5 cm Renkli",1249.99,Sofra,2026-05-02
Florend Bone Porselen Kase 14 cm Renkli,1249.99,Sofra,2026-05-02
"Florend Bone Porselen Çerezlik 11,5 cm Renkli",1249.99,Sofra,2026-05-02
Florentis Bone Porselen Kase 19 cm Renkli,3249.99,Sofra,2026-05-02
Florentis Bone Porselen Katlı Servis 19+26 cm Renkli,639.99,Sofra,2026-05-02
"Florentis Bone Porselen Kayık Tabak 21,5 cm Renkli",1499.99,Sofra,2026-05-02
Florentis Bone Porselen Pasta Tabağı 19 cm Renkli,1249.99,Sofra,2026-05-02
Florentis Bone Porselen Servis Tabağı 27 cm Renkli,1999.99,Sofra,2026-05-02
"Florentis Bone Porselen Çerezlik 11,5 cm Renkli",1249.99,Sofra,2026-05-02
Floret Cam 3 Parça Su Takımı 1150 ml + 315 ml Şeffaf,2249.99,Sofra,2026-05-02
Floret Cam Dekoratif Tepsi Mavi,3749.99,Sofra,2026-05-02
Floret Cam Şişe 750 ml Beyaz,1399.99,Sofra,2026-05-02
Floretta Bone Porselen 4 Parça 2 Kişilik Kahve Fincan Takımı 90 ml Mor,2799.99,Sofra,2026-05-02
Floria Bone Porselen 4 Parça 2 Kişilik Kahve Fincan Takımı 80 ml Renkli,539.99,Sofra,2026-05-02
Florida Cam Cup - Dondurma Kasesi Kahverengi,1249.99,Sofra,2026-05-02
Flossy Masa Örtüsü 150x200 cm Beyaz - Bej,899.99,Sofra,2026-05-02
Flossy Runner 40x140 cm Beyaz - Bej,1999.99,Sofra,2026-05-02
Flower Chic Dekoratif Tepsi Gold,479.99,Sofra,2026-05-02
"Flower Stoneware 2li Tuzluk - Biberlik 6x3,5x5,5 cm Pembe - Mavi",1999.99,Sofra,2026-05-02
Flower Touch Porselen 4 Parça 2 Kişilik Kahve Fincan Takımı Lacivert,1999.99,Sofra,2026-05-02
Flowery Home Dolomite Kupa Renkli,4999.99,Sofra,2026-05-02
Flowery Suni Deri 4lü Bardak Altlığı Vizon,1499.99,Sofra,2026-05-02
Flowly Seramik Kupa 260 ml Açık Mavi,1199.99,Sofra,2026-05-02
Flurries Amerikan Servis 38 cm Renkli,1499.99,Sofra,2026-05-02
Flux Cam 3lü Bardak 285 ml Şeffaf,1199.99,Sofra,2026-05-02
Fresco Porselen 4 Parça 2 Kişilik Kahve Fincan Takımı 80 ml Kırmızı - Beyaz,1749.99,Sofra,2026-05-02
Frezya Porselen Kahvaltı Takımı 20 Parça 6 Kişilik Renkli,12499.99,Sofra,2026-05-02
Frezya Porselen Yemek Takımı 24 Parça 6 Kişilik Sarı-Yeşil,19999.99,Sofra,2026-05-02
Friends Cam 3lü Lisanslı Bardak 315 Ml Renkli,319.99,Sofra,2026-05-02
Friends Cam Lisanslı Başucu Sürahi 700 Ml + 220 Ml Renkli,1999.99,Sofra,2026-05-02
Friends Cam Lisanslı Şişe 500 ml Renkli,1399.99,Sofra,2026-05-02
Fringe Jüt 2li Amerikan Servis 30x45 cm Pembe,1749.99,Sofra,2026-05-02
Frosty Tree Stoneware Kupa 330 ml Yeşil,1999.99,Sofra,2026-05-02
Frucht Cam 2li Bardak 380 ml Renkli,1249.99,Sofra,2026-05-02
Fruit Cam 2li Bardak 380 ml Renkli,1249.99,Sofra,2026-05-02
Fusion Cam 3lü Bardak 400 ml Pembe,1999.99,Sofra,2026-05-02
Fusion Melamin Tepsi 23x14 cm Pembe - Yeşil,999.99,Sofra,2026-05-02
Fusion Seramik Kayık Tabak 27 cm Pembe,1299.99,Sofra,2026-05-02
Fusion Seramik Servis Tabağı 26 cm Pembe,1199.99,Sofra,2026-05-02
Fusion Seramik Servis Tabağı 26 cm Yeşil,1199.99,Sofra,2026-05-02
Gales Cam Çerezlik 11 cm Şeffaf,799.95,Sofra,2026-05-02
Garden Dream New Bone China 4 Parça 2 Kişilik Kahve Fincan Takımı 90 ml Yeşil-Beyaz,639.99,Sofra,2026-05-02
Garden Lovely New Bone China 4 Parça 2 Kişilik Kahve Fincan Takımı 90 ml Yeşil-Beyaz,839.99,Sofra,2026-05-02
Garden Serenity Stoneware Sunumluk Renkli,3999.99,Sofra,2026-05-02
Gardenia Porselen Kase Yeşil,2499.99,Sofra,2026-05-02
Gardenia Porselen Kayık Tabak 30 cm Yeşil,1749.99,Sofra,2026-05-02
Gardenia Porselen Pasta Tabağı 19 cm Yeşil,1199.99,Sofra,2026-05-02
Gardenia Porselen Servis Tabağı 25 cm Yeşil,1249.99,Sofra,2026-05-02
Gardenia Porselen Çerezlik 11 cm Beyaz - Yeşil,999.99,Sofra,2026-05-02
Gardenia Porselen Çerezlik 11 cm Yeşil,999.99,Sofra,2026-05-02
Gauze Cam Sürahi 2000 ml Şeffaf,639.99,Sofra,2026-05-02
Geometric Glow Kaydırmaz Tepsi 34x25 Cm Lacivert – Gold,1149.99,Sofra,2026-05-02
Georgia Cam Dekoratif Tepsi Mavi,419.99,Sofra,2026-05-02
Gifty Flower New Bone China Kupa 310 ml Pembe-Sarı-Mavi,2499.99,Sofra,2026-05-02
Gifty Petal New Bone China Kupa 310 ml Pembe-Sarı-Mavi,349.99,Sofra,2026-05-02
Giselle Cam Kase Gold,2249.99,Sofra,2026-05-02
Giselle Cam Pasta Tabağı 16 cm Gold,1499.99,Sofra,2026-05-02
Glacial Cam Şekerlik 10x10 cm Şeffaf,1499.99,Sofra,2026-05-02
"Glacis Akasya-Cam 4 Parça Sunumluk 33x10,5x6 cm Şeffaf",384.99,Sofra,2026-05-02
"Glamour Metal İkram Tepsisi 34,5x22 Cm Silver",6499.99,Sofra,2026-05-02
Glance Borosilikat Cam Sürahi Şeffaf,559.99,Sofra,2026-05-02
Gleam Cam 3lü Bardak 425 ml Silver,1499.99,Sofra,2026-05-02
Gleam Cam 3lü Kadeh 350 ml Gold,449.99,Sofra,2026-05-02
Gleam Cam 3lü Kadeh 350 ml Silver,399.99,Sofra,2026-05-02
Gleam Cam Bardak 400 ml Lila,159.99,Sofra,2026-05-02
Gleam Paslanmaz Çelik Tepsi 35 cm Silver,2749.99,Sofra,2026-05-02
Glimmer Cam 2li Bardak Pembe - Yeşil,2499.99,Sofra,2026-05-02
Glimmer Cam 2li Kadeh 250 ml Pembe - Yeşil,2749.99,Sofra,2026-05-02
Glint Cam 6lı Kahve Yanı Bardak 125 ml Gold,2999.99,Sofra,2026-05-02
Glint Metal İkram Tepsisi 20 cm Silver,559.99,Sofra,2026-05-02
Glintter Cam 3lü Cup 380 ml Şeffaf,489.99,Sofra,2026-05-02
Glitter Cam 3lü Bardak 350 ml Gold,349.99,Sofra,2026-05-02
Glory Cam Karaf 1000 ml Yeşil,3999.99,Sofra,2026-05-02
Glory Cam Karaf 1000 ml Şeffaf,639.99,Sofra,2026-05-02
Glow Borosilikat Cam Sürahi 1800 ml Şeffaf,559.99,Sofra,2026-05-02
Glow Cam Sunumluk 16 cm Şeffaf-Gold,2199.99,Sofra,2026-05-02
Glow Metal Tepsi Silver,2249.99,Sofra,2026-05-02
Glow Pvc 2li Amerikan Servis 38 cm Gold,1149.99,Sofra,2026-05-02
Glowy White Bone Porselen 4 Parça 2 Kişilik Kahve Fincan Takımı 90 ml Siyah-Beyaz-Gold,629.99,Sofra,2026-05-02
Gola Bambu 2li Amerikan Servis Gri,1399.99,Sofra,2026-05-02
Gola Bambu 2li Amerikan Servis Lila,1299.99,Sofra,2026-05-02
Gola Bambu 2li Amerikan Servis Pudra,1399.99,Sofra,2026-05-02
Gola Bambu 4lü Amerikan Servis Bal,2249.99,Sofra,2026-05-02
Gola Bambu 4lü Amerikan Servis Krem,1749.99,Sofra,2026-05-02
Gold Goose New Bone China Kupa 380 ml Gold,1499.99,Sofra,2026-05-02
Gold Helix New Bone China Kupa 380 ml Gold,1749.99,Sofra,2026-05-02
Gold Leaves Cam 6lı Çay Bardağı 132 ml Şeffaf-Gold,2249.99,Sofra,2026-05-02
Golden Gleam Porselen Kase Beyaz-Gold,2999.99,Sofra,2026-05-02
Golden Gleam Porselen Kupa 440 ml Beyaz-Gold,2499.99,Sofra,2026-05-02
Golden Gleam Porselen Supla 34 cm Beyaz-Gold,5999.99,Sofra,2026-05-02
Golden Glow Cam Kek Standı 28 cm Şeffaf-Gold,3499.99,Sofra,2026-05-02
Golden Harmony Kaydırmaz Tepsi Lacivert – Gold,2499.99,Sofra,2026-05-02
Goldenite Masa Örtüsü 145x200 cm Gold,6499.99,Sofra,2026-05-02
Goldenite Runner 45x145 cm Gold,2999.99,Sofra,2026-05-02
Goldie Eye New Bone China Kupa 370 ml Beyaz-Gold,1499.99,Sofra,2026-05-02
Goldie Moon New Bone China Kupa 370 ml Siyah-Gold,1499.99,Sofra,2026-05-02
Goldy New Bone China Espresso Fincan 90 ml Beyaz-Gold,1149.99,Sofra,2026-05-02
Goldy New Bone China Espresso Fincan 90 ml Siyah-Gold,1149.99,Sofra,2026-05-02
Good Day New Bone China Kupa 400 ml Siyah-Beyaz-Gold,1749.99,Sofra,2026-05-02
Good Day Seramik Çerezlik 13 cm Turuncu-Siyah,999.99,Sofra,2026-05-02
Good Mood Bella Çelik Travel Mug 500 ml Pembe,2499.99,Sofra,2026-05-02
Good Mood Bliss Çelik Termos Kırmızı,2499.99,Sofra,2026-05-02
Good Mood Bliss Çelik Termos Siyah,2999.99,Sofra,2026-05-02
Good Mood Bliss Çelik Termos Yeşil,2499.99,Sofra,2026-05-02
Good Mood Chic Porselen Travel Mug 350 ml Siyah,1749.95,Sofra,2026-05-02
Good Mood Dora Çelik Kaşıklı Saklama Termosu 750 ml Mavi,1169.99,Sofra,2026-05-02
Good Mood Dora Çelik Kaşıklı Saklama Termosu 750 ml Yeşil,1169.99,Sofra,2026-05-02
Good Mood Elise Çelik Termos 2 Litre Petrol Mavisi,959.99,Sofra,2026-05-02
Good Mood Elise Çelik Termos 2 Litre Sütlü Kahve,959.99,Sofra,2026-05-02
Good Mood Etna Çelik Termos 1200 ml Krem,899.99,Sofra,2026-05-02
Good Mood Etna Çelik Termos 1200 ml Lacivert,799.99,Sofra,2026-05-02
Good Mood Etna Çelik Termos 1200 ml Mint,4999.99,Sofra,2026-05-02
Good Mood Everyday Akrilik Travel Mug 250 ml Şeffaf,1999.99,Sofra,2026-05-02
Good Mood Fiera Çelik Termos 350 ml Krem,2999.99,Sofra,2026-05-02
Good Mood Fiera Çelik Termos 350 ml Kırmızı,2799.99,Sofra,2026-05-02
Good Mood Florinox Çelik Termos 500 ml Inox,3499.99,Sofra,2026-05-02
Good Mood HeatLock Çelik Bardaklı Termos 1 Litre Koyu Yeşil,5999.99,Sofra,2026-05-02
Good Mood HeatLock Çelik Bardaklı Termos 1 Litre Siyah,5999.99,Sofra,2026-05-02
Good Mood HeatLock Çelik Bardaklı Termos 500 ml Petrol Mavisi,419.99,Sofra,2026-05-02
Good Mood HeatLock Çelik Bardaklı Termos 500 ml Sütlü Kahve,439.99,Sofra,2026-05-02
Good Mood HeatLock Çelik Bardaklı Termos Kırmızı,1039.99,Sofra,2026-05-02
Good Mood Jenga Çelik Termos 750 ml Inox,899.99,Sofra,2026-05-02
Good Mood Kids Sea Çelik Termos Bardak 600 ml Gri,2199.99,Sofra,2026-05-02
Good Mood Kids Sky Çelik Termos Bardak 600 ml Lacivert,2199.99,Sofra,2026-05-02
Good Mood Kids Stars Çelik Termos Bardak 600 ml Kahverengi,2199.99,Sofra,2026-05-02
Good Mood Leonor Çelik Travel Mug 400 ml Mavi,2749.99,Sofra,2026-05-02
Good Mood Leora PP – Cam Termos 1L Gri,2499.99,Sofra,2026-05-02
Good Mood Leora PP – Cam Termos 1L Kırmızı,2499.99,Sofra,2026-05-02
Good Mood Leora PP – Cam Termos 1L Siyah,2499.99,Sofra,2026-05-02
Good Mood Leora PP – Cam Termos 1L Turkuaz,1749.99,Sofra,2026-05-02
Good Mood Lidya Çelik Travel Mug 570 ml Pembe,384.99,Sofra,2026-05-02
Good Mood Lidya Çelik Travel Mug 570 ml Turuncu,494.99,Sofra,2026-05-02
Good Mood Lidya Çelik Travel Mug 570 ml Yeşil,494.99,Sofra,2026-05-02
Good Mood Loa Çelik Travel Mug 750 ml Lacivert,3749.99,Sofra,2026-05-02
Good Mood Loa Çelik Travel Mug 750 ml Mor,3749.99,Sofra,2026-05-02
Good Mood Mila Çelik Termos 700 ml Gri,1169.99,Sofra,2026-05-02
Good Mood Mila Çelik Termos 700 ml Pudra Pembe,6499.99,Sofra,2026-05-02
Good Mood Mona Çelik Travel Mug 500 ml Açık Gri,2499.99,Sofra,2026-05-02
Good Mood Mona Çelik Travel Mug 500 ml Koyu Gri,2499.99,Sofra,2026-05-02
Good Mood Napoli Çelik Travel Mug 500 ml Mavi,2749.99,Sofra,2026-05-02
Good Mood Napoli Çelik Travel Mug 500 ml Pembe,2749.99,Sofra,2026-05-02
Good Mood Napoli Çelik Travel Mug 500 ml Siyah - Gri,2999.99,Sofra,2026-05-02
Good Mood Napoli Çelik Travel Mug 500 ml Sütlü Kahve,1999.99,Sofra,2026-05-02
Good Mood Napoli Çelik Travel Mug 500 ml Turuncu,2749.99,Sofra,2026-05-02
Good Mood New Etna Çelik Termos 900 ml Bordo,3999.99,Sofra,2026-05-02
Good Mood New Etna Çelik Termos 900 ml Gri,3999.99,Sofra,2026-05-02
Good Mood New Etna Çelik Termos 900 ml Krem,3999.99,Sofra,2026-05-02
Good Mood New Etna Çelik Termos 900 ml Mor,679.99,Sofra,2026-05-02
Good Mood New Etna Çelik Termos 900 ml Rose Pembe,3999.99,Sofra,2026-05-02
Good Mood New Etna Çelik Termos 900 ml Turuncu,3999.99,Sofra,2026-05-02
Good Mood New Etna Çelik Termos 900 ml Yeşil,639.99,Sofra,2026-05-02
Good Mood New Year Çelik Travel Mug 380 ml Kırmızı,2749.99,Sofra,2026-05-02
Good Mood New Year Çelik Travel Mug 380 ml Yeşil,2999.99,Sofra,2026-05-02
"Good Mood Orion Cam Termos 1,6L Bej",1169.99,Sofra,2026-05-02
"Good Mood Orion Cam Termos 1,6L Gri",1169.99,Sofra,2026-05-02
Good Mood Raven Çelik Termos 650 ml Gri,1169.99,Sofra,2026-05-02
Good Mood Raven Çelik Termos 650 ml Siyah,1169.99,Sofra,2026-05-02
Good Mood Sascha Paslanmaz Çelik Termos Pembe,4999.99,Sofra,2026-05-02
Good Mood Seramik Çerezlik 13 cm Turuncu-Siyah,999.99,Sofra,2026-05-02
"Good Mood Sparrow Cam Termos 0,95 L Bej",5499.99,Sofra,2026-05-02
"Good Mood Sparrow Cam Termos 0,95 L Pembe",1169.99,Sofra,2026-05-02
Good Mood Temp Çelik Termos Gri,3999.99,Sofra,2026-05-02
Good Mood Valen Çelik Termos 900 ml Beyaz,839.99,Sofra,2026-05-02
Good Mood Valen Çelik Termos 900 ml Gri,839.99,Sofra,2026-05-02
Good Mood Valen Çelik Termos 900 ml Yeşil,5999.99,Sofra,2026-05-02
Good Mood Viva Çelik Termos 500 ml Gri,519.99,Sofra,2026-05-02
Good Mood Viva Çelik Termos 500 ml Krem,2999.99,Sofra,2026-05-02
Grace Porselen 4lü Pasta Seti 21 cm Pembe,3499.99,Sofra,2026-05-02
Graceful PP 2li Amerikan Servis 38 cm Gold,1999.99,Sofra,2026-05-02
Graceful Shapes Cam Pasta Tabağı Gold,1199.99,Sofra,2026-05-02
Graceful Shapes Cam Servis Tabağı Gold,1249.99,Sofra,2026-05-02
Graceful Shapes Cam Supla Gold,215.99,Sofra,2026-05-02
Graceful Çelik 4 Parça 2 Kişilik Çay Seti 140 ml Silver,2999.99,Sofra,2026-05-02
Gracy Kristalin 6lı Bardak Gold,1439.99,Sofra,2026-05-02
Green Dream Emaye Kek Standı 31 cm Yeşil,4999.99,Sofra,2026-05-02
Green Pine Dolomite 4lü Kupa 153 ml-193 ml-267 ml-267 ml Yeşil,7999.99,Sofra,2026-05-02
Green Year PP 2li Amerikan Servis 38 cm Yeşil,1499.99,Sofra,2026-05-02
Greenery Tepsi 33 cm Beyaz - Yeşil,479.99,Sofra,2026-05-02
Greentide Cam 3 Parça Su Takımı 1150 ml + 315 ml Yeşil,449.99,Sofra,2026-05-02
Greeny Pamuk Masa Örtüsü 150x200 cm Beyaz - Yeşil,4999.99,Sofra,2026-05-02
Grena Borosilikat Cam Sürahi 1500 ml Yeşil,719.99,Sofra,2026-05-02
Greta Cam 2li Tuzluk - Biberlik 105 ml Koyu Bej,1399.99,Sofra,2026-05-02
Greta Cam 2li Tuzluk-Biberlik Antrasit,1499.99,Sofra,2026-05-02
Gridify Pvc 4lü Amerikan Servis 30x45 cm Bej,1499.99,Sofra,2026-05-02
Gridlane Pvc Masa Örtüsü Bej,359.99,Sofra,2026-05-02
Gridlane Pvc Masa Örtüsü Kırmızı,2249.99,Sofra,2026-05-02
Gridlane Pvc Masa Örtüsü Mavi,2249.99,Sofra,2026-05-02
Gridlock Bone Porselen Servis Tabağı 27 cm Bordo-Yeşil,1299.99,Sofra,2026-05-02
Grove Bambu 4lü Amerikan Servis 30x45 cm Siyah,1999.99,Sofra,2026-05-02
Grove Bambu 4lü Amerikan Servis Kahverengi,1249.99,Sofra,2026-05-02
Grove Bambu 4lü Amerikan Servis Krem,1249.99,Sofra,2026-05-02
Gum Ahşap 7 Parça Bardak Altlığı Renkli,1399.99,Sofra,2026-05-02
Gusto Borosilikat Cam Kupa Hardal,1399.99,Sofra,2026-05-02
Happy New Year Metal Tepsi 35x23 cm Kırmızı,1149.99,Sofra,2026-05-02
Happy Sunday Porselen 4 Parça 2 Kişilik Kahve Fincan Takımı Lacivert,1499.99,Sofra,2026-05-02
Harmon Cam Çerezlik Mavi – Açık Yeşil,799.99,Sofra,2026-05-02
Harmon Cam Çerezlik Mor-Turkuaz,999.99,Sofra,2026-05-02
Harmonia Masa Örtüsü 145x200 cm Bej,4499.99,Sofra,2026-05-02
Harmonic Gold Kaydırmaz Tepsi 34 cm Lacivert – Gold,1749.99,Sofra,2026-05-02
Harmony Porselen Kahvaltı Takımı 18 Parça 6 Kişilik Renkli,13999.99,Sofra,2026-05-02
Harmony Silver Porselen Tek Kişilik Kahve Sunum Seti 100 ml Beyaz-Silver,6499.99,Sofra,2026-05-02
Harry Potter Cam 3lü Lisanslı Bardak 315 Ml Renkli,1999.99,Sofra,2026-05-02
Harry Potter Cam Lisanslı Başucu Sürahi 700 Ml + 220 Ml Renkli,1499.99,Sofra,2026-05-02
Harry Potter Cam Lisanslı Şişe 500 ml Renkli,1399.99,Sofra,2026-05-02
Harvey Pamuk 2li Amerikan Servis Kahve,1249.99,Sofra,2026-05-02
Heart Cam 3lü Bardak 290 ml Kırmızı,1499.99,Sofra,2026-05-02
Heartie Borosilikat Cam Çift Cidarlı Kupa 160 ml Şeffaf,1499.99,Sofra,2026-05-02
"HeatLock Çelik Bardaklı Termos 1,5L Koyu Yeşil",5999.99,Sofra,2026-05-02
"HeatLock Çelik Bardaklı Termos 1,5L Siyah",959.99,Sofra,2026-05-02
HeatLock Çelik Bardaklı Travel Mug 500 ml Turuncu,2749.99,Sofra,2026-05-02
Hecha Seramik Yemek Takımı 4 Parça Tek Kişilik Krem,400.0,Sofra,2026-05-02
Hecha Seramik Yemek Takımı 4 Parça Tek Kişilik Kırmızı,629.99,Sofra,2026-05-02
Hecha Seramik Yemek Takımı 4 Parça Tek Kişilik Siyah,2499.99,Sofra,2026-05-02
Helena Porselen Kahve Fincan Takımı 4 Parça 2 Kişilik Mavi,1399.99,Sofra,2026-05-02
Helis Seramik Yemek Takımı 16 Parça 4 Kişilik Mavi,7499.99,Sofra,2026-05-02
Hello New Day New Bone China Bardak Altlıklı Kupa 450 ml Beyaz,2249.99,Sofra,2026-05-02
Henna Bambu 4lü Amerikan Servis 30x45 cm Siyah,1249.99,Sofra,2026-05-02
Hera Porselen Kase 16 cm Gold,999.99,Sofra,2026-05-02
Herbal New Bone China Bardak 230 ml Beyaz - Yeşil,1249.99,Sofra,2026-05-02
Hestia New Bone China Kupa 350 ml Beyaz,1199.99,Sofra,2026-05-02
Hestia New Bone China Kupa 350 ml Gri,1199.99,Sofra,2026-05-02
Hestia New Bone China Kupa 350 ml Somon,1199.99,Sofra,2026-05-02
Hestia New Bone China Kupa 350 ml Yeşil,1199.99,Sofra,2026-05-02
Hexa Cam 2li Tuzluk - Biberlik 4x9 cm Şeffaf,1999.99,Sofra,2026-05-02
Holly Metal Tepsi 16x35 cm Lacivert,1399.99,Sofra,2026-05-02
Hollyberry Ahşap 4lü Bardak Altlığı 11 cm Renkli,999.99,Sofra,2026-05-02
Hope More Stoneware Kupa 400 ml Renkli,1749.99,Sofra,2026-05-02
Horizon Porselen Kahvaltı Takımı 16 Parça 4 Kişilik Siyah,6999.99,Sofra,2026-05-02
Horizon Porselen Kahvaltı Takımı 16 Parça 4 Kişilik Yeşil,7999.99,Sofra,2026-05-02
Hue Cam 3lü Bardak 290 ml Siyah,1199.99,Sofra,2026-05-02
Hues Cam 3lü Bardak 290 ml Renkli,1249.99,Sofra,2026-05-02
Hues Cam 3lü Bardak 290 ml Şeffaf,1249.99,Sofra,2026-05-02
Intense Pvc Masa Örtüsü Gri,1824.92,Sofra,2026-05-02
Isidora Emaye Yuvarlak Tepsi 31 cm Krem,419.99,Sofra,2026-05-02
Isidora Emaye Yuvarlak Tepsi Açık Mint,419.99,Sofra,2026-05-02
Ivory Porselen 12 Parça 6 Kişilik Kahve Fincan Takımı 85 ml Beyaz-Gold,9499.99,Sofra,2026-05-02
Jade Cam Servis Tabağı 26 cm Mavi,799.99,Sofra,2026-05-02
Janice Cam 12 Parça 6 Kişilik Çay Seti 135 ml Gold,7499.99,Sofra,2026-05-02
Jessica Porselen 20 Parça 6 Kişilik Kahvaltı Takımı Renkli,12999.99,Sofra,2026-05-02
Jingle Borosilikat Cam Sürahi Şeffaf,3499.99,Sofra,2026-05-02
Jinglewood Ahşap 4lü Bardak Altlığı 12x14 cm Renkli,1399.99,Sofra,2026-05-02
Jolly Metal Tepsi 16x35 cm Kırmızı - Lacivert,1399.99,Sofra,2026-05-02
"Joy Akasya Sunumluk 25,3x13,5 cm Beyaz - Yeşil",479.99,Sofra,2026-05-02
Joy Dolomite Sunumluk 24x13 cm Beyaz - Kırmızı,639.99,Sofra,2026-05-02
Joy Dolomite Sunumluk Beyaz - Kırmızı,719.99,Sofra,2026-05-02
Joyful Christmas Cam Pipetli Bardak 400 ml Kırmızı,1199.99,Sofra,2026-05-02
Joyful Christmas Cam Pipetli Bardak 400 ml Yeşil,1199.99,Sofra,2026-05-02
Joyfull Seramik 6lı Çerezlik 6 cm Renkli,439.99,Sofra,2026-05-02
"Kiwi Stoneware Kase 15,5 cm Yeşil",399.99,Sofra,2026-05-02
Kokina Borosilikat Pipetli Bardak 460 ml Kırmızı,1499.99,Sofra,2026-05-02
Koza Cam 3lü Meşrubat Bardağı Gold,319.99,Sofra,2026-05-02
Laccy Cam 8 Parça 4 Kişilik Çay Seti 170 ml Gold,5999.99,Sofra,2026-05-02
Lamour Seramik 6lı Pasta Tabağı 20 cm Renkli,679.99,Sofra,2026-05-02
Largii Cam Şişe Turkuaz,1399.99,Sofra,2026-05-02
Larry Kayık Tabak Lacivert,1249.99,Sofra,2026-05-02
Larry Porselen Kase Kırmızı,1499.99,Sofra,2026-05-02
Larry Porselen Kase Lacivert,999.99,Sofra,2026-05-02
Lavender Porselen Kahvaltı Takımı 12 Parça 6 Kişilik Yeşil-Mavi,7999.99,Sofra,2026-05-02
Layla Bone Porselen Yemek Takımı 24 Parça 6 Kişilik Yeşil,24999.99,Sofra,2026-05-02
Leafora New Bone China Kupa 460 ml Yeşil-Mavi,3499.99,Sofra,2026-05-02
Leafscape Cam 3 Parça Su Takımı 1150 ml + 380 ml Yeşil,2999.99,Sofra,2026-05-02
Leafscape Emaye Bardak 350 ml Yeşil,1749.99,Sofra,2026-05-02
Leafscape New Bone China Kupa 460 ml Beyaz - Yeşil,559.99,Sofra,2026-05-02
Leafscape New Bone China Kupa 460 ml Yeşil,559.99,Sofra,2026-05-02
Lelia Cam 2li Tuzluk - Biberlik 4x5 cm Gold,1099.99,Sofra,2026-05-02
Lelia Cam 2li Tuzluk - Biberlik 4x5 cm Silver,1049.99,Sofra,2026-05-02
Lemmy Porselen 8 Parça 4 Kişilik Çay Seti 165 ml Renkli,4999.99,Sofra,2026-05-02
Lemon Bloom Metal Servis Tamamlayıcı 30 cm Sarı-Lacivert,1999.99,Sofra,2026-05-02
Lemon Cam 4lü Pasta Seti 19 cm Sarı-Yeşil,1999.99,Sofra,2026-05-02
Lemon Garden Seramik 6lı Pasta Seti 16 cm Renkli,2999.99,Sofra,2026-05-02
Lemon Garden Stoneware Kupa 320 ml Sarı,1399.99,Sofra,2026-05-02
Lemon Mısır Amerikan Servis 38 cm Krem,1399.99,Sofra,2026-05-02
Lemon Seramik Bardak Altlığı 11 cm Sarı,1499.99,Sofra,2026-05-02
Lemon Seramik Pasta Tabağı 20 cm Renkli,1199.99,Sofra,2026-05-02
Lemony Porselen Kahvaltı Takımı 20 Parça 6 Kişilik Sarı,14999.99,Sofra,2026-05-02
Leno Porselen Kahve Fincan Takımı 4 Parça 2 Kişilik Yeşil,1499.99,Sofra,2026-05-02
Lenore 2li Amerikan Servis 35x50 cm Gold,799.99,Sofra,2026-05-02
Lenore Masa Örtüsü 150x220 cm Gold,3999.99,Sofra,2026-05-02
Lenore Runner Gold,1749.99,Sofra,2026-05-02
Leopa Seramik Bardak Altlığı 11 cm Bej,1499.99,Sofra,2026-05-02
Leoterra Seramik Bardak Altlığı 11 cm Kahverengi,1499.99,Sofra,2026-05-02
Leptis Paslanmaz Çelik Çatal Kaşık Bıçak Takımı 18 Parça 6 Kişilik Gold,9999.99,Sofra,2026-05-02
Leptis Paslanmaz Çelik Çatal Kaşık Bıçak Takımı 18 Parça 6 Kişilik Siyah,9999.99,Sofra,2026-05-02
Leron 2li Amerikan Servis Beyaz,1399.99,Sofra,2026-05-02
Leron 2li Amerikan Servis Krem,1399.99,Sofra,2026-05-02
Liana Porselen 4 Parça 2 Kişilik Kahve Fincan Takımı 80 ml Lacivert-Beyaz,2249.99,Sofra,2026-05-02
Lianis Emaye Kupa 350 ml Yeşil-Mavi,2249.99,Sofra,2026-05-02
Lida Seramik Kahvaltı ve Sunum Seti 325x100 ml Siyah,719.99,Sofra,2026-05-02
Lilies Cam Çerezlik 12 cm Kahverengi,799.95,Sofra,2026-05-02
Lilies Cam Çerezlik Yeşil,799.99,Sofra,2026-05-02
Lilies Jüt 2li Amerikan Servis Antrasit,269.99,Sofra,2026-05-02
Lilla Cam 2li Tuzluk - Biberlik 4x4 cm Gold,1499.99,Sofra,2026-05-02
Lilla Cam 2li Tuzluk - Biberlik 4x4 cm Silver,1049.99,Sofra,2026-05-02
Lily Cam 3lü Bardak 290 ml Yeşil,1499.99,Sofra,2026-05-02
Lily Cam Çerezlik 12 cm Gold,999.99,Sofra,2026-05-02
Lily Seramik Pasta Seti 18 Parça 6 Kişilik Renkli,1189.99,Sofra,2026-05-02
Lilya Porselen 6lı Pasta Seti 19 cm Renkli,2999.99,Sofra,2026-05-02
Limonchello Seramik Kahvaltı Takımı 14 parça 6 kişilik Sarı - Mavi,7499.99,Sofra,2026-05-02
Lina Seramik Kase Krem,999.99,Sofra,2026-05-02
Lina Seramik Kase Yeşil,999.99,Sofra,2026-05-02
Lina Seramik Kupa 150 ml Krem,1149.95,Sofra,2026-05-02
Lina Seramik Kupa 150 ml Yeşil,1149.95,Sofra,2026-05-02
Lina Seramik Pasta Tabağı 14 cm Yeşil,799.99,Sofra,2026-05-02
Lina Seramik Çerezlik Krem,799.95,Sofra,2026-05-02
Lina Seramik Çerezlik Yeşil,799.95,Sofra,2026-05-02
Line Pamuk Runner Lacivert,1399.95,Sofra,2026-05-02
Linea Cam Başucu Sürahi 1000 ml Mavi - Yeşil,1499.99,Sofra,2026-05-02
Linea Seramik Kahvaltı Takımı 14 parça 6 kişilik Renkli,1349.99,Sofra,2026-05-02
Linear Cam 6lı Kahve Yanı Bardak 90 ml Şeffaf,1999.99,Sofra,2026-05-02
Linera Cam El Yapımı 2’li Cup 300 ml Vizon,1999.99,Sofra,2026-05-02
Little Unicorn Pipetli Bardak Pembe,999.99,Sofra,2026-05-02
Livia Bone Porselen 4 Parça 2 Kişilik Kahve Fincan Takımı 90 ml Renkli,2499.99,Sofra,2026-05-02
Livia Porselen Yemek Takımı Gold,22999.99,Sofra,2026-05-02
Lolly Cam Şekerlık Şeffaf,1299.99,Sofra,2026-05-02
Loly New Bone China Kupa 460 ml Bordo,479.99,Sofra,2026-05-02
Loneta Cam Çerezlik Pembe,799.95,Sofra,2026-05-02
Looney Tunes Cam Lisanslı Başucu Sürahi 700 Ml + 220 Ml Renkli,1999.99,Sofra,2026-05-02
Looney Tunes Cam Lisanslı Şişe 500 ml Renkli,1399.99,Sofra,2026-05-02
Loopera Kağıt 2li Amerikan Servis 38 cm Kırmızı,1749.99,Sofra,2026-05-02
Louice Rattan Sedefli Tepsi Kahverengi,719.99,Sofra,2026-05-02
Love Day New Bone China Kupa 400 ml Siyah-Beyaz-Gold,2249.99,Sofra,2026-05-02
Love More Cam Bardak 380 ml Siyah,899.99,Sofra,2026-05-02
Love More Stoneware Kupa 400 ml Pembe,269.99,Sofra,2026-05-02
Love Stoneware Kupa 395 ml Turuncu,244.99,Sofra,2026-05-02
Lovely Snowmans Dolomite 2li Kupa Lacivert,7999.99,Sofra,2026-05-02
"Lovely Stoneware 4lü Çerezlik 6,5 cm Kırmızı",1499.99,Sofra,2026-05-02
Lovely Stoneware 8 Parça 4 Kişilik Fincan 150 ml Kırmızı,3499.99,Sofra,2026-05-02
Luce Cam Katlı Servis 21+28 cm Şeffaf,2249.99,Sofra,2026-05-02
Lucienne Kristal 6lı Bardak 380 ml Şeffaf,4999.99,Sofra,2026-05-02
Lucienne Kristal 6lı Kadeh 530 ml Şeffaf,7999.99,Sofra,2026-05-02
Luck Seramik Kayık Tabak 22 cm Mor,799.99,Sofra,2026-05-02
Luly Cam Sunumluk 38x13x7 Cm Şeffaf,479.99,Sofra,2026-05-02
Luma Seramik 2li Tuzluk - Biberlik 6 cm Krem,1149.99,Sofra,2026-05-02
Luminous Cam 3 Parça Su Takımı 1000 ml + 315 ml Şeffaf,1999.99,Sofra,2026-05-02
Luminous White Bone Porselen 4 Parça 2 Kişilik Çay Fincanı Takımı 180 ml Siyah-Beyaz-Gold,4499.99,Sofra,2026-05-02
Lunara Porselen 18 Parça 6 Kişilik Çay-Kahve Takımı 170-90 ml Beyaz,1349.99,Sofra,2026-05-02
Lunara Porselen 4 Parça 2 Kişilik Kahve Fincan Takımı 90 ml Beyaz,2499.99,Sofra,2026-05-02
Lunara Porselen 4 Parça 2 Kişilik Kahve Fincanı 90 ml Beyaz - Yeşil,3499.0,Sofra,2026-05-02
Lunara Porselen 4 Parça 2 Kişilik Çay Fincanı Takımı 220 ml Beyaz,4999.99,Sofra,2026-05-02
Lunara Porselen 4 Parça 2 Kişilik Çay Fincanı Takımı 220 ml Beyaz - Yeşil,899.81,Sofra,2026-05-02
Lunara Porselen Kase Beyaz,1199.99,Sofra,2026-05-02
Lunara Porselen Kupa 350 ML Beyaz - Yeşil,749.99,Sofra,2026-05-02
Lunara Porselen Kupa 350 ml Beyaz,1499.99,Sofra,2026-05-02
Lunara Porselen Makarna Tabağı 27 cm Beyaz,1749.99,Sofra,2026-05-02
Lunara Porselen Pasta Tabağı 20 cm Beyaz,1499.99,Sofra,2026-05-02
Lunara Porselen Servis Tabağı 24 cm Beyaz,1999.99,Sofra,2026-05-02
Lunara Porselen Tabak Beyaz,1749.99,Sofra,2026-05-02
Lunara Porselen Çerezlik 10 cm Beyaz,1299.99,Sofra,2026-05-02
Lunessa Porselen 12 Parça 6 Kişilik Çay Seti 165 ml Mavi,4999.99,Sofra,2026-05-02
Lusana Cam Başucu Sürahi Antrasit,1399.95,Sofra,2026-05-02
Lusana Cam Başucu Sürahi Mavi,1399.95,Sofra,2026-05-02
Lush Elegance Paslanmaz Çelik T.Çatal-Kaşık Set 4 Parça Gold,279.99,Sofra,2026-05-02
Lush Pamuk Masa Örtüsü 140x200 cm Krem,2999.99,Sofra,2026-05-02
Lush Paslanmaz Çelik Tatlı Kaşığı 4 Parça Gold,1299.99,Sofra,2026-05-02
Lustrado Cam Lüsterli Şişe 500 ml Renkli,223.99,Sofra,2026-05-02
Lustraze Cam 3lü Lüsterli Bardak 375 ml Renkli,2499.99,Sofra,2026-05-02
Lustre Cam Kapaklı Kek Standı Krem-Gold,3749.99,Sofra,2026-05-02
Lustrous Kristal 2li Bardak Şeffaf,1999.99,Sofra,2026-05-02
Lustrous Kristal 2li Kadeh Şeffaf,479.99,Sofra,2026-05-02
Luxe Cam 6lı Çerezlik 9 cm Şeffaf,2499.99,Sofra,2026-05-02
Luxe Flora Paslanmaz Çelik Tatlı Kaşığı 4 Parça Gold,1999.99,Sofra,2026-05-02
Luxe Keten Look Masa Örtüsü 150x200 cm Bej,6499.99,Sofra,2026-05-02
Luxe Keten Runner Bej,2999.99,Sofra,2026-05-02
Luxe White Bone Porselen 4 Parça 2 Kişilik Kahve Fincan Takımı 90 ml Siyah-Beyaz-Gold,3499.99,Sofra,2026-05-02
Luzia Cam 3 Parça Karaf Şeffaf,599.99,Sofra,2026-05-02
Lydie Akasya-Cam Kek Fanusu 26 cm Şeffaf,1749.99,Sofra,2026-05-02
Mae Cam 4lü Cup - Dondurma Kasesi 270 ml Şeffaf,2999.99,Sofra,2026-05-02
Maglieria Rafya 2li Peçete Halkası 6 cm Taba,749.95,Sofra,2026-05-02
"Malic Melamin Kaydırmaz Tepsi 20x28,5 cm Kırmızı",1749.99,Sofra,2026-05-02
Malic Seramik Pasta Tabağı 20 cm Renkli,1199.99,Sofra,2026-05-02
Mara Cam 2li Kase Şeffaf,1299.99,Sofra,2026-05-02
Mara Cam 2li Çerezlik Şeffaf,1499.99,Sofra,2026-05-02
Marcelo Porselen Kase 13 cm Beyaz,999.99,Sofra,2026-05-02
Marcelo Porselen Çerezlik Beyaz,899.99,Sofra,2026-05-02
Marcus Cam Su Şişesi 1000 ml Pembe,1299.99,Sofra,2026-05-02
Marcus Cam Su Şişesi 1000 ml Sarı,1299.99,Sofra,2026-05-02
Marcus Cam Şişe Mavi,1199.99,Sofra,2026-05-02
Marcuss Cam Şişe 1000 ml Mavi,1749.99,Sofra,2026-05-02
Marcuss Cam Şişe 1000 ml Pembe,1499.99,Sofra,2026-05-02
Maren Polipropilen Amerikan Servis Lacivert,699.95,Sofra,2026-05-02
Margot Porselen Kahve Fincan Takımı 4 Parça 2 Kişilik Yeşil,1499.99,Sofra,2026-05-02
Mariel Cam Kase Kahverengi,799.95,Sofra,2026-05-02
Mariel Cam Çay Tabağı Kahverengi,1499.99,Sofra,2026-05-02
Marin Symphony Runner 40x140 cm Beyaz - Lacivert,489.99,Sofra,2026-05-02
Marine Anchor Seramik Pasta Tabağı 16 cm Lacivert – Yeşil,999.99,Sofra,2026-05-02
Mariner Blues New Bone China Kupa 260 ml Mavi-yeşil,1249.99,Sofra,2026-05-02
Mariner Fishy New Bone China Kupa 260 ml Mavi - Kırmızı -Yeşil,1249.99,Sofra,2026-05-02
Mariner Parade New Bone China Kupa 260 ml Mavi - Kırmızı -Yeşil,1249.99,Sofra,2026-05-02
Mariner Sun Stoneware 6 Parça 3 Kişilik Fincan 150 ml Mavi-Kırmızı,479.99,Sofra,2026-05-02
Marinique Porselen Kayık Tabak Mavi-yeşil,439.99,Sofra,2026-05-02
Marinique Porselen Pasta Tabağı 23 cm Mavi-yeşil,2249.99,Sofra,2026-05-02
Marinova Porselen Kase Mavi-Beyaz,3249.99,Sofra,2026-05-02
Marinova Porselen Pasta Tabağı 23 cm Mavi-Beyaz,2249.99,Sofra,2026-05-02
Marinova Porselen Çerezlik Mavi-Beyaz,1499.99,Sofra,2026-05-02
Mariscopia Seramik Kayık Tabak 25 cm Mavi-yeşil,999.99,Sofra,2026-05-02
Mariscopia Seramik Servis Tabağı 26 cm Mavi-yeşil,1199.99,Sofra,2026-05-02
Maritime Melody Melamin Kaydırmaz Tepsi 25x38 cm Beyaz - Lacivert,1499.99,Sofra,2026-05-02
Marlin Bone Porselen Kahve Fincan Takımı 12 Parça 6 Kişilik Gold,3999.99,Sofra,2026-05-02
Marlin Bone Porselen Kahve Fincan Takımı 12 Parça 6 Kişilik Rose Gold,3499.99,Sofra,2026-05-02
Marlin Bone Porselen Kahve Fincan Takımı 12 Parça 6 Kişilik Silver,4499.99,Sofra,2026-05-02
Marlon Porselen Yemek Takımı 16 Parça 4 Kişilik Krem - Yeşil,7499.99,Sofra,2026-05-02
Marsia Jüt 2li Amerikan Servis Lacivert,1499.99,Sofra,2026-05-02
Martinez Bambu 4lü Amerikan Servis Bal,1999.99,Sofra,2026-05-02
Martinez Bambu 4lü Amerikan Servis Kahve,2249.99,Sofra,2026-05-02
Marvelous Bone Porselen Yemek Takımı 54 Parça 12 Kişilik Lacivert,59999.99,Sofra,2026-05-02
Maya Cam Çerezlik 13 cm Gold,799.99,Sofra,2026-05-02
Maze Porselen 6lı Pasta Seti 19 cm Renkli,3499.99,Sofra,2026-05-02
Meadow Masa Örtüsü 145x200 cm Beyaz - Mavi,6499.99,Sofra,2026-05-02
Meghan Cam 2li Bardak Antrasit,2499.99,Sofra,2026-05-02
Meghan Cam 2li Kadeh Antrasit,399.99,Sofra,2026-05-02
Melie Cam Şişe 1000 ml Pembe,1399.99,Sofra,2026-05-02
Melie Cam Şişe Mavi,1499.99,Sofra,2026-05-02
Merci Seramik Kupa 260 ml Yeşil,1499.99,Sofra,2026-05-02
Merion Cam Şişe 1000 ml Şeffaf,1249.99,Sofra,2026-05-02
Mica Cam Kase,799.95,Sofra,2026-05-02
Mika Porselen Kahve Fincan Takımı 4 Parça 2 Kişilik Siyah,1499.99,Sofra,2026-05-02
Mika Porselen Kahve Fincan Takımı 4 Parça 2 Kişilik Yeşil,1749.99,Sofra,2026-05-02
Mila Masa Örtüsü 150x200 cm Pudra,1749.99,Sofra,2026-05-02
Milano Bone Porselen Yemek Takımı Gold,24999.99,Sofra,2026-05-02
Mile Seramik Kase 15 cm Pembe,849.99,Sofra,2026-05-02
Mile Seramik Pasta Tabağı 20 cm Gri,849.99,Sofra,2026-05-02
Mile Seramik Çerezlik 13 cm Gri,799.95,Sofra,2026-05-02
Mile Seramik Çerezlik 13 cm Pembe,799.95,Sofra,2026-05-02
Miny Cam Kapaklı Sunumluk Şeffaf,3249.99,Sofra,2026-05-02
Miny Cam Pasta Tabağı Şeffaf,999.99,Sofra,2026-05-02
Miny Cam Salata Kasesi Şeffaf,359.99,Sofra,2026-05-02
Miny Cam Çerezlik,799.95,Sofra,2026-05-02
Miny Cam Çerezlik Şeffaf,999.99,Sofra,2026-05-02
Mira Porselen 4 Parça 2 Kişilik Kahve Fincan Takımı 80 ml Yeşil,1499.99,Sofra,2026-05-02
Mira Seramik Bardak Yeşil,699.95,Sofra,2026-05-02
Miraca Seramik Kase Krem,799.95,Sofra,2026-05-02
Miracle Cam 2li Bardak 235 ml Mavi - Yeşil,2749.99,Sofra,2026-05-02
Mirage Cam 3lü Bardak Şeffaf-Gold,2499.99,Sofra,2026-05-02
Mirage Cam 3lü Kadeh Şeffaf-Gold,519.99,Sofra,2026-05-02
Mistral Borosilikat Cam Çift Cidarlı Kupa Şeffaf,1499.99,Sofra,2026-05-02
Mita Cam Şişe 750 ml Mavi,1199.99,Sofra,2026-05-02
Mix Me 3 Parça Servis Seti 32 cm Kırmızı,1499.99,Sofra,2026-05-02
Mix Me 3 Parça Servis Seti Yeşil,1299.99,Sofra,2026-05-02
Mixed Lines Porselen Kahve Fincan Takımı Renkli,2499.99,Sofra,2026-05-02
Modern Cube Bone Porselen Kahve Fincan Takımı 4 Parça 2 Kişilik Sarı,1999.99,Sofra,2026-05-02
Modern Cube Bone Porselen Kahve Fincan Takımı 4 Parça 2 Kişilik Turuncu,1899.99,Sofra,2026-05-02
Modern Cube Bone Porselen Kahve Fincan Takımı 4 Parça 2 Kişilik Yeşil,1949.99,Sofra,2026-05-02
Modern Cube Bone Porselen Pasta Tabağı 20 cm Yeşil,849.95,Sofra,2026-05-02
"Molly Cam Meşrubatlık 3,5L Şeffaf",6499.99,Sofra,2026-05-02
Molten Cam Şişe Mavi,1499.99,Sofra,2026-05-02
Monarch Porselen Kase Siyah - Beyaz,359.99,Sofra,2026-05-02
Monarch Porselen Kayık Tabak 30 cm Siyah - Beyaz,314.99,Sofra,2026-05-02
Monarch Porselen Pasta Tabağı 19 cm Siyah - Beyaz,1299.99,Sofra,2026-05-02
Monarch Porselen Servis Tabağı 25 cm Siyah - Beyaz,1249.99,Sofra,2026-05-02
Monarch Porselen Çukur Tabak 19 cm Siyah - Beyaz,1299.99,Sofra,2026-05-02
Monica Cam 12 Parça 6 Kişilik Çay Seti 80 ml Gold,1599.99,Sofra,2026-05-02
Mood Cups New Bone China 8 Parça 4 Kişilik Kahve Fincan Takımı 90 ml Renkli,4999.99,Sofra,2026-05-02
Moonlit Porselen 12 Parça 6 Kişilik Kahve Fincan Takımı 90 ml Beyaz-Gold,8999.99,Sofra,2026-05-02
Morph Cam 3lü Amorf Bardak 270 ml Şeffaf,1499.99,Sofra,2026-05-02
Morris Porselen Kahve Fincan Takımı 4 Parça 2 Kişilik Yeşil,1499.99,Sofra,2026-05-02
Mossia Seramik Bardak Altlığı 10.8x0.8 cm Beyaz - Yeşil,1149.95,Sofra,2026-05-02
Mossica Melamin Tepsi 24x14 cm Yeşil,1149.95,Sofra,2026-05-02
Myla Cam Kayık Tabak 47x17 cm Gold,719.99,Sofra,2026-05-02
Mystic Eyes New Bone China Kupa 425 ml Gold,2999.99,Sofra,2026-05-02
Mystic Look New Bone China Kupa 425 ml Gold,1749.99,Sofra,2026-05-02
Nami Porselen 4 Parça 2 Kişilik Kahve Fincan Takımı 80 ml Yeşil,1749.99,Sofra,2026-05-02
Nautical Emaye Katlı Servis 21x29 cm Mavi,4299.99,Sofra,2026-05-02
Navy Ajurlu Masa Örtüsü 150x200 cm Krem,4499.99,Sofra,2026-05-02
Navy Ajurlu Masa Örtüsü 150x200 cm Siyah,4499.99,Sofra,2026-05-02
Neri Cam Kulplu 4 Parça 4 Kişilik Çay Bardağı 205 ml Şeffaf,1524.9,Sofra,2026-05-02
New Year Joy Cam Pipetli Bardak Beyaz,699.95,Sofra,2026-05-02
New Year Joy Metal Tepsi 35x23 cm Yeşil,1149.99,Sofra,2026-05-02
Nimbus Seramik 2li Tuzluk - Biberlik 14x8 cm Beyaz,224.99,Sofra,2026-05-02
Nish Cam Başucu Sürahi 750 ml + 200 ml Şeffaf,2999.99,Sofra,2026-05-02
Nixie Flowery Porselen 12 Parça 6 Kişilik Kahve Fincan Takımı 80 ml Yeşil-Mavi,3499.98,Sofra,2026-05-02
Nixie Porselen 4 Parça 2 Kişilik Kahve Fincan Takımı 80 ml Yeşil-Mavi,1499.99,Sofra,2026-05-02
Noble Metal İkram Tepsisi 35 cm Silver,2999.99,Sofra,2026-05-02
Noctara Cam 4 Parça 2 Kişilik Çay Seti 165 ml Kahverengi-Gold,2499.99,Sofra,2026-05-02
Noctis Cam 2li Tuzluk - Biberlik 6x9 cm Şeffaf,2499.99,Sofra,2026-05-02
Nola Cam Meşrubatlık 3L Şeffaf,4499.99,Sofra,2026-05-02
Nostalgia Porselen 4 Parça 2 Kişilik Kahve Fincan Takımı 90 ml Mavi-Sarı,3999.99,Sofra,2026-05-02
Nour Masa Örtüsü 145x200 cm Gold,4499.99,Sofra,2026-05-02
Nour Runner 45x145 cm Gold,2499.99,Sofra,2026-05-02
Nour Runner 45x145 cm Silver,1999.99,Sofra,2026-05-02
Nova Cam Kase 25 cm Siyah-Gold,849.99,Sofra,2026-05-02
Nova Cam Pasta Tabağı 22 cm Siyah-Gold,999.99,Sofra,2026-05-02
Nova Cam Servis Tabağı 28 cm Siyah-Gold,1249.99,Sofra,2026-05-02
Nova Cam Çerezlik 14 cm Siyah-Gold,1299.99,Sofra,2026-05-02
Nura Cam Şişe 450 ml Şeffaf,1199.99,Sofra,2026-05-02
Octavia New Bone China 4 Parça 2 Kişilik Kahve Fincan Takımı 90 ml Fuşya,3499.99,Sofra,2026-05-02
Octavia New Bone China 4 Parça 2 Kişilik Kahve Fincan Takımı 90 ml Koyu Yeşil,3499.99,Sofra,2026-05-02
Olith Cam Kase Mavi,999.99,Sofra,2026-05-02
Olith Cam Kase Yeşil,999.99,Sofra,2026-05-02
Olith Cam Pasta Tabağı Mavi,999.99,Sofra,2026-05-02
Olith Cam Çerezlik Yeşil,999.99,Sofra,2026-05-02
Olivia Akrilik Kırılmaz Bardak Şeffaf,699.95,Sofra,2026-05-02
Opal Seramik Kahvaltı Takımı 10 parça 4 kişilik Yeşil,1169.99,Sofra,2026-05-02
Opalin 4lü Bardak Altlığı 14 cm Beyaz - Kırmızı,1499.99,Sofra,2026-05-02
Opalin Masa Örtüsü 150x200 cm Beyaz - Kırmızı,3999.99,Sofra,2026-05-02
Ophelia Cam 3 Parça Su Takımı Renkli,2499.99,Sofra,2026-05-02
Ophelia Porselen Kase Mavi-Beyaz,999.99,Sofra,2026-05-02
Ophelia Porselen Kayık Tabak Mavi-Beyaz,1249.99,Sofra,2026-05-02
Ophelia Porselen Çerezlik Mavi-Beyaz,799.99,Sofra,2026-05-02
Optimus Borosilikat Cam Sürahi 1400 ml Şeffaf,719.99,Sofra,2026-05-02
Orange Carny Bone Porselen Kase 15 cm Turuncu-Mavi,1499.99,Sofra,2026-05-02
Orange Seramik Bardak Altlığı 11 cm Yeşil,999.99,Sofra,2026-05-02
Orangeis Tepsi Beyaz - Turuncu,1749.99,Sofra,2026-05-02
Oria Cam 6lı Cup - Dondurma Kasesi,4999.99,Sofra,2026-05-02
Orient Akasya Sunumluk Koyu Kahverengi,479.99,Sofra,2026-05-02
Orphia Cam 2li Tuzluk - Biberlik 6x9 cm Şeffaf,2499.99,Sofra,2026-05-02
Oyster Cam Bardak 400 ml Mavi,999.99,Sofra,2026-05-02
Palette Cam 3lü Bardak 230 ml Renkli,2249.99,Sofra,2026-05-02
Palle Cam Tuzluk - Biberlik 11 Cm,1999.99,Sofra,2026-05-02
Pantherra Seramik Bardak Altlığı 11 cm Kahverengi,1499.99,Sofra,2026-05-02
Pappi Porselen Kahve Fincan Takımı 4 Parça 2 Kişilik Mavi,1749.99,Sofra,2026-05-02
Paradise Cam 3lü Bardak 425 ml Mavi - Pembe,1499.99,Sofra,2026-05-02
Paradise Cam 3lü Bardak 425 ml Şeffaf,1499.99,Sofra,2026-05-02
Paradise Cam 3lü Kadeh 350 ml Mavi,419.99,Sofra,2026-05-02
Paradise Cam 3lü Kadeh 350 ml Mavi - Pembe,359.99,Sofra,2026-05-02
Paradise Cam 3lü Kadeh 350 ml Şeffaf,359.99,Sofra,2026-05-02
Parma Porselen Yemek Takımı 12 Parça 4 Kişilik Silver,9999.99,Sofra,2026-05-02
Parry Jüt 2li Amerikan Servis Gold,1749.99,Sofra,2026-05-02
Parsley Cam 4lü Bardak 425 ml Yeşil,2499.99,Sofra,2026-05-02
Parsley New Bone China Bardak 230 ml Beyaz - Yeşil,1249.99,Sofra,2026-05-02
Pastel Dream Porselen 4lü Pasta Seti 20 cm Renkli,2999.99,Sofra,2026-05-02
Pastel Parade Melamin Kaydırmaz Tepsi 25x38 cm Turuncu,1749.99,Sofra,2026-05-02
Paşabahçe Aware - Amorf Cam Meşrubat Bardağı,999.99,Sofra,2026-05-02
Paşabahçe Aware - Penguen Cam Bardak 390 ml Şeffaf,999.99,Sofra,2026-05-02
Paşabahçe Aware - Tincan Cam Su Bardağı,999.99,Sofra,2026-05-02
Pear Seramik Pasta Tabağı 20 cm Renkli,1199.99,Sofra,2026-05-02
Pearl Plastik Rattan Kek Standı 30 cm Açık Kahverengi,639.99,Sofra,2026-05-02
Pearly Cam Şişe 1250 ml Koyu Yeşil,1499.99,Sofra,2026-05-02
Peble Cam Şişe Şeffaf,1499.99,Sofra,2026-05-02
Pecan Masa Örtüsü 145x200 cm Bej-Kahverengi,599.99,Sofra,2026-05-02
Pecan Runner 40x140 cm Bej-Kahverengi,1499.99,Sofra,2026-05-02
Pelia New Bone China Bardak Altlıklı Kupa 380 ml Pembe,2499.99,Sofra,2026-05-02
Perfection Masa Örtüsü 145x200 cm Lacivert,5499.99,Sofra,2026-05-02
Petal Cam Çerezlik 12 cm Gold,999.99,Sofra,2026-05-02
Petal Haven Bone Porselen 4 Parça 2 Kişilik Kahve Fincan Takımı 90 ml Yeşil,449.99,Sofra,2026-05-02
Petal Parade Porselen Kahvaltı ve Sunum Seti 15 Parça 6 Kişilik Renkli,19999.99,Sofra,2026-05-02
Petite Emaye Katlı Servis 14x16 Cm Siyah,2499.99,Sofra,2026-05-02
Petite New Bone China Kase 23 cm Renkli,3250.0,Sofra,2026-05-02
Petite Seramik Kahvaltı Takımı 14 parça 6 kişilik Renkli,7499.99,Sofra,2026-05-02
Petra Cam Şişe 1000 ml Şeffaf,1499.99,Sofra,2026-05-02
Phoebe Cappucino New Bone China Kupa 200 ml Lacivert,1499.99,Sofra,2026-05-02
Phoebe Cappucino New Bone China Kupa 200 ml Yeşil,1499.99,Sofra,2026-05-02
Phoebe Latte New Bone China Kupa 200 ml Kahverengi,1499.99,Sofra,2026-05-02
Phoebe Latte New Bone China Kupa 200 ml Krem,1499.99,Sofra,2026-05-02
Phoebe New Bone China 2 Parça 2 Kişilik Espresso Fincan 90 ml Kahve-Yeşil,1749.99,Sofra,2026-05-02
Phoebe New Bone China 2 Parça 2 Kişilik Espresso Fincan 90 ml Lacivert - Krem,1749.99,Sofra,2026-05-02
Phoebe New Bone China 4 Parça 2 Kişilik Kahve Fincan Takımı 90 ml Kahve-Yeşil,3499.99,Sofra,2026-05-02
Phoebe New Bone China 4 Parça 2 Kişilik Kahve Fincan Takımı 90 ml Lacivert - Krem,3499.99,Sofra,2026-05-02
Pia Porselen Kahve Fincan Takımı 4 Parça 2 Kişilik Mavi,1499.99,Sofra,2026-05-02
Pico Cam Ahşap Kapaklı 4 Bölmeli Kahvaltılık 21x21 cm Şeffaf,4999.99,Sofra,2026-05-02
Pico Lines Porselen 12 Parça 6 Kişilik Kahve Fincan Takımı 80 ml Lacivert-Kırmızı,3499.98,Sofra,2026-05-02
Pico Porselen 4 Parça 2 Kişilik Kahve Fincan Takımı 80 ml Lacivert-Kırmızı,1499.99,Sofra,2026-05-02
Pine Tree Dolomite Kupa Koyu Yeşil,699.99,Sofra,2026-05-02
Pineglow Amerikan Servis 38 cm Yeşil,1499.99,Sofra,2026-05-02
Pink Flowers Melamin 2li Tepsi 36x16 cm + 24x14 cm Pembe,1499.99,Sofra,2026-05-02
Pixel Porselen Pasta Tabağı 4lü Renkli,2999.99,Sofra,2026-05-02
Pixel Porselen Yemek Takımı 12 Parça 4 Kişilik Renkli,12499.99,Sofra,2026-05-02
Plaina Pvc 4lü Amerikan Servis 30x45 cm Açık Mint,1499.99,Sofra,2026-05-02
Plantopia Cam 2li Kadeh 370 ml Yeşil,479.99,Sofra,2026-05-02
Plantopia Emaye Tepsi 31 cm Yeşil,4999.99,Sofra,2026-05-02
Plantopia Melamin 4lü Cam Kapaklı Kahvaltılık 30x21 cm Koyu Yeşil,3999.99,Sofra,2026-05-02
Plantopia Melamin 6lı Cam Kapaklı Kahvaltılık 39x21 cm Beyaz - Yeşil,959.99,Sofra,2026-05-02
Plantopia Porselen Kayık Tabak 17x10 cm Beyaz - Yeşil,1499.99,Sofra,2026-05-02
Plantopia Porselen Kayık Tabak 18x14 cm Yeşil,1499.99,Sofra,2026-05-02
Plantopia Porselen Kayık Tabak Lacivert-Yeşil,1749.99,Sofra,2026-05-02
Plantopia Porselen Kayık Tabak Sarı-Yeşil,1499.99,Sofra,2026-05-02
Plantopia Porselen Pasta Tabağı 15 cm Beyaz - Lacivert,1249.99,Sofra,2026-05-02
Plantopia Porselen Yemek Takımı 24 Parça 6 Kişilik Bordo,17499.99,Sofra,2026-05-02
Plantopia Porselen Yemek Takımı 24 Parça 6 Kişilik Yeşil,17499.99,Sofra,2026-05-02
Plantopia Porselen Çerezlik 11 cm Koyu Yeşil,1299.99,Sofra,2026-05-02
Plantopia Porselen Çerezlik 11 cm Yeşil,1299.99,Sofra,2026-05-02
Plantopia Porselen Çerezlik 9 cm Lacivert-Yeşil,999.99,Sofra,2026-05-02
Plantopia Porselen Çerezlik 9 cm Sarı-Yeşil,999.99,Sofra,2026-05-02
Plantopia Porselen Çerezlik Beyaz - Yeşil,1299.99,Sofra,2026-05-02
Playful Loop Seramik Kupa 350 ml Kırmızı-Pembe,1499.99,Sofra,2026-05-02
Playful Rust Seramik Kupa 350 ml Turuncu-Mavi,1249.99,Sofra,2026-05-02
Playful Twist Seramik Kupa 350 ml Sarı-Turuncu,1249.99,Sofra,2026-05-02
Point Seramik Kahvaltı Takımı 14 parça 6 kişilik Renkli,7499.99,Sofra,2026-05-02
Polar Bear Tritan Çocuk Pıpetlı Şişe Turuncu,699.95,Sofra,2026-05-02
Poppy Cam 3lü Bardak 425 ml Mavi,1499.99,Sofra,2026-05-02
Positive Seramik Kupa 260 ml Renkli,1499.99,Sofra,2026-05-02
Preston Nova Porselen Yemek Takımı 24 Parça 6 Kişilik Mavi,14999.99,Sofra,2026-05-02
Preston Nova Porselen Yemek Takımı 24 Parça 6 Kişilik Yeşil,14999.99,Sofra,2026-05-02
Preston Stoneware Kase Bordo,2499.99,Sofra,2026-05-02
Preston Stoneware Kayık Tabak Bordo,9499.99,Sofra,2026-05-02
Preston Stoneware Kayık Tabak Lacivert,8249.99,Sofra,2026-05-02
Preston Stoneware Servis Tabağı 26 cm Bordo,4499.99,Sofra,2026-05-02
Pretty Home Dolomite Kupa Renkli,4999.99,Sofra,2026-05-02
Prime Borosilikat Cam Sürahi 1400 ml Şeffaf,3999.99,Sofra,2026-05-02
"Pulse Cam 2li Tuzluk - Biberlik 11x3,5 cm Şeffaf",1499.99,Sofra,2026-05-02
Pura Cam Şişe 450 ml Şeffaf,1199.99,Sofra,2026-05-02
Pure Flower Porselen Kupa Açık Mavi,1299.99,Sofra,2026-05-02
Pure Flower Porselen Kupa Küf Yeşili,1299.99,Sofra,2026-05-02
Pure Flower Porselen Çerezlik Mavi,849.99,Sofra,2026-05-02
Pure Folk Jüt Tekli Amerikan Servis Bej,899.99,Sofra,2026-05-02
Pure Paslanmaz Çelik Çatal Kaşık Bıçak Takımı 18 Parça 6 Kişilik Krem,7499.99,Sofra,2026-05-02
Pure Porselen Yemek Takımı 21 Parça 6 Kişilik Beyaz,17499.99,Sofra,2026-05-02
"Puries Cam Lokumluk Şekerlik 6,5x5,5x7 cm Şeffaf",1149.95,Sofra,2026-05-02
Rachel Cam 12 Parça 6 Kişilik Çay Seti 135 ml Şeffaf,5999.99,Sofra,2026-05-02
Raisa Masa Örtüsü Bej,1824.92,Sofra,2026-05-02
Ramona Cam 3lü Bardak 375 ml Şeffaf,1249.99,Sofra,2026-05-02
Ramona Cam 3lü Bardak Pembe - Mavi,2249.99,Sofra,2026-05-02
Raphael Akasya-Cam Kek Fanusu 25 cm Şeffaf,1399.99,Sofra,2026-05-02
Rapture Porselen 4 Parça 2 Kişilik Kahve Fincan Takımı 80 ml Mavi,1749.99,Sofra,2026-05-02
Red Year PP 2li Amerikan Servis 38 cm Kırmızı,1399.95,Sofra,2026-05-02
Reflection Metal Kapaklı Sunumluk Silver,2999.99,Sofra,2026-05-02
Refresh Bottle Cam Kılıflı Şişe 600 ml Pembe,1499.99,Sofra,2026-05-02
Refresh Bottle Cam Kılıflı Şişe 600 ml Turuncu,1399.99,Sofra,2026-05-02
Refresh Bottle Cam Kılıflı Şişe 750 ml Mor,1499.99,Sofra,2026-05-02
Refresh Bottle Cam Kılıflı Şişe 750 ml Pudra,1499.99,Sofra,2026-05-02
Refresh Bottle Cam Kılıflı Şişe Siyah,1499.99,Sofra,2026-05-02
Regal Cam Kek Standı 25 cm Siyah-Gold,479.99,Sofra,2026-05-02
Reina Cam El Yapımı 2li Flüt Kadeh Şeffaf-Gold,2499.99,Sofra,2026-05-02
Reina Cam El Yapımı 2’li Meşrubat Bardağı Pudra,2499.99,Sofra,2026-05-02
Remixy Seramik 2li Kahve Fincan Takımı 110 ml Bordo,1499.99,Sofra,2026-05-02
Remixy Seramik 2li Kahve Fincan Takımı 110 ml Mavi,1999.99,Sofra,2026-05-02
Remixy Seramik 2li Kahve Fincan Takımı 110 ml Yeşil,1999.99,Sofra,2026-05-02
Remixy Seramik 2li Çay Fincanı Takımı 184 ml Bordo,2499.99,Sofra,2026-05-02
Remixy Seramik 2li Çay Fincanı Takımı 184 ml Mavi,2499.99,Sofra,2026-05-02
Rena Cam 6lı Çay Bardağı 130 ml Şeffaf,2249.99,Sofra,2026-05-02
Resta Jüt 2li Amerikan Servis Naturel,1749.99,Sofra,2026-05-02
Retro Ahşap Tepsi 40x27 cm Mavi,2749.99,Sofra,2026-05-02
Retro Ahşap Tepsi 40x27 cm Pembe,2749.99,Sofra,2026-05-02
Retro Charm New Bone China Servis Tabağı 27 cm Beyaz - Mavi,1499.99,Sofra,2026-05-02
Retro Hearty New Bone China Kase 10 cm Beyaz - Mavi,1250.0,Sofra,2026-05-02
Retro Paisley New Bone China Kayık Tabak 26 cm Beyaz - Mavi,1750.0,Sofra,2026-05-02
Retro Paisley New Bone China Pasta Tabağı 18 cm Beyaz - Mavi,1499.99,Sofra,2026-05-02
Retro Paisley New Bone China Servis Tabağı 27 cm Beyaz - Mavi,2499.99,Sofra,2026-05-02
Retro Petite New Bone China Kase Renkli,1500.0,Sofra,2026-05-02
Retro Plaid Emaye Tepsi Lacivert – Yeşil,2499.99,Sofra,2026-05-02
Retro Pure Emaye Katlı Servis 21x29 cm Pembe - Yeşil,3999.99,Sofra,2026-05-02
Retro Realm New Bone China Pasta Tabağı 18 cm Beyaz - Turuncu,1500.0,Sofra,2026-05-02
Retro Revival Seramik Bardak Altlığı 11 cm Mavi,1499.99,Sofra,2026-05-02
Retro Rosy New Bone China Kayık Tabak 17 cm Beyaz - Turuncu,1250.0,Sofra,2026-05-02
Retro Seramik Kahvaltı Takımı 10 parça 4 kişilik Renkli,6749.99,Sofra,2026-05-02
Retro Seramik Pasta Seti 13 parça 6 kişilik Renkli,7999.99,Sofra,2026-05-02
"Rhenys Cam Ahşap Ayaklı Kase 19,5 cm Şeffaf",639.99,Sofra,2026-05-02
Ribbon Joy Cam 2li Bardak 380 ml Kırmızı - Yeşil,1499.99,Sofra,2026-05-02
Ribbon Joy Masa Örtüsü 150x200 cm Yeşil-Beyaz,3999.99,Sofra,2026-05-02
Ribbon Joy Runner 40x140 cm Yeşil-Beyaz,2749.99,Sofra,2026-05-02
Ribec Cam Şişe Turuncu,1249.99,Sofra,2026-05-02
Ricco Cam Ahşap Kapaklı 4 Bölmeli Kahvaltılık 21x21 cm Renkli,1049.99,Sofra,2026-05-02
Riley Cam Çerezlik Pembe,999.99,Sofra,2026-05-02
Ring Borosilikat Cam Kupa Mavi,1499.99,Sofra,2026-05-02
Ring Borosilikat Cam Kupa Yeşil,1499.99,Sofra,2026-05-02
Ripple Cam 3 Parça Su Takımı 1200 ml + 220 ml Şeffaf,3999.99,Sofra,2026-05-02
Rolena %50 Pamuk %50 Jüt 2li Amerikan Servis 35 cm Krem,1749.99,Sofra,2026-05-02
Rolly Cam Şekerlik,1749.99,Sofra,2026-05-02
Romance Porselen Kahvaltı Takımı 12 Parça 6 Kişilik Kırmızı-Siyah,8999.99,Sofra,2026-05-02
Rony Polyresin Dekoratif Tepsi Kahve,2999.99,Sofra,2026-05-02
Rootix Cam 3lü Cup 300 ml Yeşil,2499.99,Sofra,2026-05-02
Rosalie New Bone China 4 Parça 2 Kişilik Kahve Fincan Takımı 100 ml Renkli,4999.99,Sofra,2026-05-02
Rosalie New Bone China Kupa 460 ml Renkli,699.99,Sofra,2026-05-02
Roselle Seramik 4lü Pasta Seti 16 cm Renkli,2499.99,Sofra,2026-05-02
Rosen Porselen Yemek Takımı 24 Parça 6 Kişilik Lacivert,17499.99,Sofra,2026-05-02
Rosewood Melamin Kaydırmaz Tepsi 27x36 cm Kırmızı,2499.99,Sofra,2026-05-02
Rosy Life Melamin Kaydırmaz 2li Tepsi 33-24 cm Renkli,3499.99,Sofra,2026-05-02
Rowan Cam Pasta Tabağı 12.5 cm Gold,799.99,Sofra,2026-05-02
Royal Rose Cam Dekoratif Tepsi Gold,639.99,Sofra,2026-05-02
Royals New Bone China 4 Parça 2 Kişilik Kahve Fincan Takımı 90 ml Mavi,3999.99,Sofra,2026-05-02
Royals New Bone China 4 Parça 2 Kişilik Kahve Fincan Takımı 90 ml Vizon,3999.99,Sofra,2026-05-02
Ruby Pamuk Runner 35x145 Cm Bej,1499.99,Sofra,2026-05-02
"Rustic Iroco Peçete Halkası 3,5x4 Cm Kahverengi",999.99,Sofra,2026-05-02
Rustic Linen Pamuk Runner 40x140 cm Bej,2499.99,Sofra,2026-05-02
Rustic Porselen Pasta Seti 7 parça 6 kişilik Renkli,4999.99,Sofra,2026-05-02
Rustique Akasya Sunumluk Kahverengi,1039.99,Sofra,2026-05-02
Ruth Pamuk Runner 35x145 Cm Bej,2249.99,Sofra,2026-05-02
Safari Pipetli Bardak Yeşil,999.99,Sofra,2026-05-02
Sage Emaye Kupa 350 ml Açık Yeşil,2249.99,Sofra,2026-05-02
Sage Garden Bone Porselen 4 Parça 2 Kişilik Kahve Fincan Takımı 90 ml Yeşil,2749.99,Sofra,2026-05-02
Sailor Lines Pvc 4lü Amerikan Servis 30x45 cm Lacivert-Beyaz,1499.99,Sofra,2026-05-02
Sanchi Paslanmaz Çelik Çatal Kaşık Bıçak Takımı 18 Parça 6 Kişilik Silver,7499.99,Sofra,2026-05-02
Sanitary Borosilikat Şişe 550 ml Mavi,1749.99,Sofra,2026-05-02
Sanitary Borosilikat Şişe 550 ml Pembe,1749.99,Sofra,2026-05-02
Santos Borosilikat 2li Çift Cidarlı Bardak Şeffaf,199.99,Sofra,2026-05-02
Savanna Hasır Tepsi 32 cm Mavi-Bej,489.99,Sofra,2026-05-02
Savanna Jüt 2li Amerikan Servis 38 cm Mavi-Bej,1299.99,Sofra,2026-05-02
Seafish Cam Bardak Mavi,1249.99,Sofra,2026-05-02
Seafood Ahşap 4lü Bardak Altlığı 10 cm Renkli,799.95,Sofra,2026-05-02
Seashell Jüt 2li Amerikan Servis 34x38 Cm Krem,2249.99,Sofra,2026-05-02
Seashell Stoneware 2li Tuzluk - Biberlik 8x5x7 cm Beyaz,1999.99,Sofra,2026-05-02
Seaside Emaye Tepsi 31 cm Beyaz - Mavi,699.99,Sofra,2026-05-02
Seaside Whispers Masa Örtüsü 150x200 cm Beyaz - Lacivert,1049.99,Sofra,2026-05-02
Secret Garden Opal Masa Örtüsü 140x200 cm Renkli,559.99,Sofra,2026-05-02
Sedona New Bone China 4 Parça 2 Kişilik Çay Fincanı Takımı 230 ml Kahverengi,3999.99,Sofra,2026-05-02
Selene Porselen 4 Parça 2 Kişilik Kahve Fincan Takımı 80 ml Mavi,559.99,Sofra,2026-05-02
Selene Porselen 4 Parça 2 Kişilik Kahve Fincan Takımı 80 ml Sarı,559.99,Sofra,2026-05-02
Selly Cam 5 Parça Su Takımı 1000 ml + 380 ml Şeffaf,2499.99,Sofra,2026-05-02
Seraphic Cam Pasta Tabağı 19 cm Gold,999.99,Sofra,2026-05-02
Serenade Bone Porselen 4 Parça 2 Kişilik Kahve Fincan Takımı 90 ml Mavi Gold,3999.99,Sofra,2026-05-02
Serenade Bone Porselen 4 Parça 2 Kişilik Kahve Fincan Takımı 90 ml Pembe - Gold,3999.99,Sofra,2026-05-02
Serenade Bone Porselen 4 Parça 2 Kişilik Kahve Fincan Takımı 90 ml Yeşil-Gold,3999.99,Sofra,2026-05-02
Serene Bambu 4lü Amerikan Servis 30x45 cm Pembe - Mavi,1499.99,Sofra,2026-05-02
Serene Bambu 4lü Amerikan Servis 30x45 cm Siyah-Krem,1999.99,Sofra,2026-05-02
"Serene Calm Cam Şekerlik 9x9,5x7,5 cm Şeffaf",1499.99,Sofra,2026-05-02
Serenika Pamuk Runner 40x140 cm Beyaz - Yeşil,2749.99,Sofra,2026-05-02
Serenity Kristal 2li Bardak Gold,2499.99,Sofra,2026-05-02
Serenity Kristal 2li Kadeh 440 ml Silver,349.99,Sofra,2026-05-02
Serina Seramik Bardak Altlığı 10.8x0.8 cm Beyaz - Yeşil,1149.95,Sofra,2026-05-02
Seris Bone Porselen 4 Parça 2 Kişilik Kahve Fincan Takımı 90 ml Pembe - Sarı,2749.99,Sofra,2026-05-02
Shadow Shine Cam Kek Standı 28 cm Siyah,1999.99,Sofra,2026-05-02
Shape Porselen Yemek Takımı 8 Parça 2 Kişilik Beyaz,4999.99,Sofra,2026-05-02
Sheen Porselen 12 Parça 6 Kişilik Kahve Fincan Takımı 90 ml Beyaz-Gold,7499.99,Sofra,2026-05-02
Shelltide Masa Örtüsü 150x200 cm Beyaz - Mavi,3999.99,Sofra,2026-05-02
Shelltide Seramik Kase 15 cm Mavi-yeşil,699.99,Sofra,2026-05-02
Shellwave Porselen 4lü Pasta Seti 19 cm Lacivert-Beyaz,2499.99,Sofra,2026-05-02
Shellwave Runner 40x140 cm Beyaz - Mavi,2249.99,Sofra,2026-05-02
Shifter Cam 3lü Ayaklı Bardak 220 ml Şeffaf,1499.99,Sofra,2026-05-02
Shimmer Borosilikat Çift Cidarlı Bardak 400 ml Gold,1749.99,Sofra,2026-05-02
Shimmer Borosilikat Çift Cidarlı Bardak 400 ml Silver,1749.99,Sofra,2026-05-02
Shimmer Masa Örtüsü 150x240 cm Gold,6499.99,Sofra,2026-05-02
Shimmer Masa Örtüsü 150x240 cm Silver,6499.99,Sofra,2026-05-02
Shimmer Runner Gold,1399.95,Sofra,2026-05-02
Shimmer Runner Silver,1499.99,Sofra,2026-05-02
Shinea Cam 3 Parça Su Takımı 1000 ml + 315 ml Renkli,449.99,Sofra,2026-05-02
Shiny Cam Bardak Altlığı 10 cm Şeffaf,1149.95,Sofra,2026-05-02
Shiny Metal Baton Sunum Tepsisi Silver,2249.99,Sofra,2026-05-02
Shiny Metal Sunum Tepsisi Gold,1999.99,Sofra,2026-05-02
Shiny Metal Sunum Tepsisi Gümüş,1999.99,Sofra,2026-05-02
Shoreline Seramik Kayık Tabak 22 cm Mavi-yeşil,999.99,Sofra,2026-05-02
"Shoreline Seramik Çukur Tabak 19,5 cm Mavi-yeşil",999.99,Sofra,2026-05-02
Siana Cam Kase Gold,999.99,Sofra,2026-05-02
Siana Cam Katlı Servis Gold,559.99,Sofra,2026-05-02
Siana Cam Kek Standı 28 cm Gold,2999.99,Sofra,2026-05-02
Siana Cam Pasta Tabağı 21 cm Gold,1499.99,Sofra,2026-05-02
Side Seramik 2 Parça 1 Kişilik Çay Fincanı 225 ml Krem - Taş,2499.99,Sofra,2026-05-02
Simple Bloom Opal Masa Örtüsü 140x200 cm Renkli,559.99,Sofra,2026-05-02
Simple Seramik Kupa 270 ml Bej,1149.95,Sofra,2026-05-02
Simple Seramik Kupa 270 ml Mavi,1149.95,Sofra,2026-05-02
Simple Seramik Kupa 270 ml Yeşil,999.99,Sofra,2026-05-02
Simplex Metal Tepsi 37 cm Krem,2249.99,Sofra,2026-05-02
Simplex Metal Tepsi 37 cm Kırmızı,2249.99,Sofra,2026-05-02
Sirius Paslanmaz Çelik Çatal Kaşık Bıçak Takımı 18 Parça 6 Kişilik Gold,9999.99,Sofra,2026-05-02
Smile Stoneware Kupa 395 ml Açık Yeşil,244.99,Sofra,2026-05-02
Snowman Seramik 2li Tuzluk - Biberlik 9x6 cm Beyaz - Yeşil,559.99,Sofra,2026-05-02
So Blessed New Bone China Bardak Altlıklı Kupa 450 ml Beyaz,2249.99,Sofra,2026-05-02
So Blessed New Bone China Kase 13 cm Beyaz,1299.99,Sofra,2026-05-02
Soft Cam Sunumluk 18x9x1 Cm Şeffaf,999.99,Sofra,2026-05-02
Soft Dream New Bone China Kupa 250 ml Açık Mavi,1249.99,Sofra,2026-05-02
Soft Dream New Bone China Kupa 250 ml Açık Pembe,1249.99,Sofra,2026-05-02
Soft Dream New Bone China Kupa 250 ml Açık Yeşil,1249.99,Sofra,2026-05-02
Soft Dream New Bone China Kupa 250 ml Lila,1249.99,Sofra,2026-05-02
Soft Garden Porselen Kahvaltı Takımı 20 Parça 6 Kişilik Gold,24999.99,Sofra,2026-05-02
Soft Garden Porselen Yemek Takımı 24 Parça 6 Kişilik Gold,29999.99,Sofra,2026-05-02
Soft glow Polyester 4lü Amerikan Servis 30x45 cm Beyaz,1749.99,Sofra,2026-05-02
Soft glow Polyester 4lü Amerikan Servis 30x45 cm Gold,1749.99,Sofra,2026-05-02
Solin Cam Sürahi 1800 ml Şeffaf,3999.99,Sofra,2026-05-02
Sommer Cam Karaf 800 ml Sarı,1499.99,Sofra,2026-05-02
Sommer Cam Karaf 800 ml Yeşil,1499.99,Sofra,2026-05-02
Sommertanz Polipropilen 2li Amerikan Servis 29x42 cm Mor,699.95,Sofra,2026-05-02
Somnia Seramik Kahvaltı Takımı 14 parça 6 kişilik Yeşil-Pembe,7999.99,Sofra,2026-05-02
Sonnie Bambu 4lü Amerikan Servis Mint,1999.99,Sofra,2026-05-02
Sonnie Bambu 4lü Amerikan Servis Renkli,1999.99,Sofra,2026-05-02
Sora Bloom Porselen 12 Parça 6 Kişilik Kahve Fincan Takımı 80 ml Turuncu-Mavi,3499.99,Sofra,2026-05-02
Sortie Cam Şişe 500 ml Siyah,1999.99,Sofra,2026-05-02
Sortie Pamuk Masa Örtüsü 150x200 cm Beyaz,3999.99,Sofra,2026-05-02
Spectral Cam 2li Lüsterli Flüt Kadeh Renkli,2499.99,Sofra,2026-05-02
Spectrum Cam Şişe 750 ml Mavi,1299.99,Sofra,2026-05-02
Spinora Kağıt 2li Amerikan Servis 38 cm Pembe - Turuncu,1999.99,Sofra,2026-05-02
Spinora Kağıt 2li Amerikan Servis 38 cm Yeşil,1999.99,Sofra,2026-05-02
Splash Seramik Kahvaltı Takımı 10 parça 4 kişilik Kırmızı-Pembe,4999.99,Sofra,2026-05-02
Splashy Stoneware Kupa 300 ml Açık Kahverengi,1999.99,Sofra,2026-05-02
Spring Time Dekoratif Tepsi Gold,3999.99,Sofra,2026-05-02
Springtime Cam 3lü Bardak 280 ml Mavi - Pudra,349.99,Sofra,2026-05-02
Springtime Cam 3lü Bardak 280 ml Pembe - Yeşil,359.99,Sofra,2026-05-02
Springtime Cam 3lü Bardak 280 ml Renkli,359.99,Sofra,2026-05-02
Sprosse Cam 2li Kadeh 350 ml Yeşil,2249.99,Sofra,2026-05-02
Spruce Cam 6lı Kahve Yanı Bardak 125 ml Şeffaf,399.99,Sofra,2026-05-02
Starfish Cam Bardak 400 ml Yeşil,999.99,Sofra,2026-05-02
Starlit Borosilikat Kupa 320 ml Mavi,1499.99,Sofra,2026-05-02
Starlit Borosilikat Kupa 320 ml Yeşil,1499.99,Sofra,2026-05-02
Starry Cam 3 Parça Karaf Gold,2749.99,Sofra,2026-05-02
Stella Cam Sunumluk Şeffaf-Gold,1749.99,Sofra,2026-05-02
Stellar Cam 12 Parça 6 Kişilik Çay Seti 140 ml Silver,3749.99,Sofra,2026-05-02
Stitch Kağıt 2li Amerikan Servis 38 cm Beyaz-Gold,1999.99,Sofra,2026-05-02
Strawberries Tepsi Beyaz - Kırmızı,1749.99,Sofra,2026-05-02
Strides Pamuk Masa Örtüsü 140x200 cm Krem,3499.99,Sofra,2026-05-02
Stripe Cam El Yapımı Bardak 240 ml Beyaz,1549.99,Sofra,2026-05-02
Stripe Cam El Yapımı Bardak 240 ml Siyah,1999.99,Sofra,2026-05-02
Stripe Flow Seramik Kupa 260 ml Renkli,1499.99,Sofra,2026-05-02
Striped Cam Başucu Sürahi Şeffaf,1999.99,Sofra,2026-05-02
Striped Pvc Masa Örtüsü Lacivert,899.99,Sofra,2026-05-02
Stripes Paslanmaz Çelik Çatal Kaşık Bıçak Tk. 18 Parça 6 Kişilik Silver,1039.99,Sofra,2026-05-02
Stripy White Bone Porselen Kupa 290 ml Siyah-Beyaz-Gold,1399.99,Sofra,2026-05-02
Summer Apple Masa Örtüsü 150x200 cm Yeşil,3499.99,Sofra,2026-05-02
Summer Kiwi PP 2li Amerikan Servis 38 cm Yeşil,1499.99,Sofra,2026-05-02
Summer Orange Masa Örtüsü 150x200 cm Turuncu,3999.99,Sofra,2026-05-02
Summer Pink Runner 40x140 cm Beyaz - Pembe,2499.99,Sofra,2026-05-02
Summer Watermelon PP 2li Amerikan Servis 38 cm Kırmızı,1499.99,Sofra,2026-05-02
Sun Light Stoneware Kupa 220 ml Sarı-Yeşil,999.99,Sofra,2026-05-02
Sun Time Stoneware Kupa 220 ml Sarı-Yeşil,999.99,Sofra,2026-05-02
Sunbeam Porselen Çay Tabağı 12 cm Sarı,799.95,Sofra,2026-05-02
Sunflower Cam Katlı Servis 21x28 cm Mavi,3499.99,Sofra,2026-05-02
Sunflowers Seramik 4lü Pasta Seti 20 cm Renkli,3499.99,Sofra,2026-05-02
Sunline Kahve Fincan Takımı 4 Parça 2 Kişilik Siyah,1499.99,Sofra,2026-05-02
Sunny Seramik Kahvaltı Takımı 26 Parça 6 Kişilik Sarı,12999.99,Sofra,2026-05-02
Sunshine Bone Porselen Yemek Takımı 27 Parça 6 Kişilik Gold,32999.99,Sofra,2026-05-02
Sunshine Stoneware Kupa 395 ml Açık Kahverengi,244.99,Sofra,2026-05-02
Sway Bone Porselen 2li Kupa 290 ml Kırmızı,1749.99,Sofra,2026-05-02
Sway Bone Porselen 2li Kupa 290 ml Mavi,1749.99,Sofra,2026-05-02
Sway Bone Porselen 2li Kupa 290 ml Sarı,269.99,Sofra,2026-05-02
Sway Bone Porselen 2li Kupa 290 ml Yeşil,1999.99,Sofra,2026-05-02
"Sweet Lines Cam Şekerlik 11,5x7,5x11,5 cm Şeffaf",1499.99,Sofra,2026-05-02
Sweet Spring Dekoratif Tepsi Yeşil,719.99,Sofra,2026-05-02
Sweethearts Stoneware 2li Kupa 285 ml Bej – Bordo,3499.99,Sofra,2026-05-02
Symphony Akasya-Cam Sunumluk Kahve,639.99,Sofra,2026-05-02
Talavera Garden Bone Porselen 4 Parça 2 Kişilik Kahve Fincan Takımı 90 ml A. Mavi-Yeşil-Sarı,559.99,Sofra,2026-05-02
Talavera Glow Bone Porselen 4 Parça 2 Kişilik Kahve Fincan Takımı 90 ml Mavi-yeşil,3499.99,Sofra,2026-05-02
Talisman Bee Seramik Bardak Altlığı 11 cm Yeşil,1499.99,Sofra,2026-05-02
Talisman Eye Seramik Bardak Altlığı 11 cm Lacivert,1499.99,Sofra,2026-05-02
Talisman Magic New Bone China 4 Parça 2 Kişilik Kahve Fincan Takımı 100 ml Pembe,3999.99,Sofra,2026-05-02
Talisman Magic New Bone China Kupa 460 ml Pembe,2999.99,Sofra,2026-05-02
Talisman Moon Metal 4lü Peçete Halkası 5x4 cm Gold,1999.99,Sofra,2026-05-02
"Talisman Optic New Bone China Çerezlik 11,5 cm Mor",999.99,Sofra,2026-05-02
Talisman Snake Bone China Çerezlik 10 cm Açık Mavi,849.99,Sofra,2026-05-02
Talisman Spirit New Bone China Kupa 370 ml Siyah-Beyaz-Gold,1499.99,Sofra,2026-05-02
Talisman Star Bone Porselen 4 Parça 2 Kişilik Kahve Fincan Takımı 90 ml Gold,3499.99,Sofra,2026-05-02
Talisman Sun Bone China Çerezlik 10 cm Pembe,849.99,Sofra,2026-05-02
Tasty Cam Pipetli Bardak Yeşil,1499.99,Sofra,2026-05-02
Taurus New Bone China Kupa 325 ml Siyah-Beyaz-Gold,1499.99,Sofra,2026-05-02
Tendre Runner 40x140 cm Kırmızı,479.99,Sofra,2026-05-02
Tendre Runner 40x140 cm Yeşil,2499.99,Sofra,2026-05-02
Terra Cam Kase 16 cm Kahverengi-Siyah,1299.99,Sofra,2026-05-02
Terra Cam Pasta Tabağı 21 cm Kahverengi-Siyah,1299.99,Sofra,2026-05-02
Thalia Bone Porselen 4 Parça 2 Kişilik Kahve Fincan Takımı 90 ml Yeşil,539.99,Sofra,2026-05-02
"Thermos Icon IS101 Mug 0,47 L Açık Mavi",2249.99,Sofra,2026-05-02
"Thermos Icon IS101 Mug 0,47 L Bej",2249.99,Sofra,2026-05-02
"Thermos Icon IS101 Mug 0,47 L Gece Mavisi",2249.99,Sofra,2026-05-02
"Thermos Icon IS115 Slide Lock Mug 0,53 L Gece Mavisi",1849.99,Sofra,2026-05-02
"Thermos Icon IS115 Slide Lock Mug 0,53 L Kahverengi",1849.99,Sofra,2026-05-02
"Thermos Icon IS115 Slide Lock Mug 0,53 L Turuncu",1849.99,Sofra,2026-05-02
"Thermos Icon IS115 Slide Lock Mug 0,53 L Yeşil",1849.99,Sofra,2026-05-02
"Thermos Icon IS210 Termos 1,2L Kiremit",2949.99,Sofra,2026-05-02
"Thermos Icon IS210 Termos 1,2L Mavi",2949.99,Sofra,2026-05-02
"Thermos Icon IS210 Termos 1,2L Yeşil",2949.99,Sofra,2026-05-02
"Thermos Icon IS233 Pipetli Termos 0,94 L Bej",2249.99,Sofra,2026-05-02
"Thermos Icon IS233 Pipetli Termos 0,94 L Gri",2249.99,Sofra,2026-05-02
"Thermos Icon IS233 Pipetli Termos 0,94 L Kiremit",2249.99,Sofra,2026-05-02
"Thermos Icon IS233 Pipetli Termos 0,94 L Pembe",2249.99,Sofra,2026-05-02
"Thermos Icon IS251 Pipetli Termos 0,53 L Lacivert",1749.99,Sofra,2026-05-02
"Thermos Icon IS251 Pipetli Termos 0,53 L Pembe",1749.99,Sofra,2026-05-02
"Thermos Icon IS251 Pipetli Termos 0,53 L Turuncu",1749.99,Sofra,2026-05-02
"Thermos JNL-500 Ultralight Mug 0,5L Mint",1649.99,Sofra,2026-05-02
"Thermos JNL-500 Ultralight Mug 0,5L Pembe",1649.99,Sofra,2026-05-02
"Thermos SK1005 Stainless King Mug 0,47 L Gece Mavisi",2199.99,Sofra,2026-05-02
"Thermos SK1005 Stainless King Mug 0,47 L Kırmızı",2199.99,Sofra,2026-05-02
"Thermos SK1005 Stainless King Mug 0,47 L Mat Gri",2199.99,Sofra,2026-05-02
Thermos SK2020 Stainless King X Large Mug 2L Gece Mavisi,3699.99,Sofra,2026-05-02
Thermos SK2020 Stainless King X Large Mug 2L Kırmızı,3699.99,Sofra,2026-05-02
Thyme Seramik Bardak Altlığı 10.8x0.8 cm Beyaz - Yeşil,1099.99,Sofra,2026-05-02
Tierra Bone Porselen Yemek Takımı 24 Parça 6 Kişilik Kahverengi,24999.99,Sofra,2026-05-02
Tilda Hasır Amerikan Servis Siyah,1299.99,Sofra,2026-05-02
Tillie Cam Tuzluk - Biberlik 110 ml Krem-Antrasit,999.95,Sofra,2026-05-02
Timbered Akasya 2li Tuzluk - Biberlik 11x9 cm Kahverengi,2499.99,Sofra,2026-05-02
Timbered Akasya Sunumluk Kahverengi,1499.99,Sofra,2026-05-02
Timbered Akasya Tepsi 34x21 cm Kahverengi,2249.99,Sofra,2026-05-02
Tiya Polipropilen İçi Cam Termos 1000 ml Beyaz,2499.99,Sofra,2026-05-02
Toffee New Bone China 12 Parça 6 Kişilik Kahve Fincan Takımı 90 ml Renkli,1079.99,Sofra,2026-05-02
Tolida Kağıt 2li Amerikan Servis Mavi,1249.99,Sofra,2026-05-02
Torino Porselen Kase Silver,999.99,Sofra,2026-05-02
Torino Porselen Sosluk Gold,1249.99,Sofra,2026-05-02
Torino Porselen Sosluk Silver,1249.99,Sofra,2026-05-02
Torino Porselen Tuzluk-Biberlik Silver,1299.99,Sofra,2026-05-02
Torino Porselen Yemek Takımı 27 Parça 6 Kişilik Gold,32999.99,Sofra,2026-05-02
Torino Porselen Yemek Takımı 27 Parça 6 Kişilik Silver,24999.99,Sofra,2026-05-02
Torino Porselen Yemek Takımı 54 Parça 12 Kişilik Gold,64999.99,Sofra,2026-05-02
Torino Porselen Yumurtalık Gold,999.99,Sofra,2026-05-02
Trace Cam 3 Parça Su Takımı 1200 ml + 180 ml Şeffaf,419.99,Sofra,2026-05-02
Traces Bone Porselen 4 Parça 2 Kişilik Kahve Fincan Takımı 80 ml Mavi-Turuncu,1999.99,Sofra,2026-05-02
Trails Cam 2li Kupa 195 ml Şeffaf-Gold,1749.99,Sofra,2026-05-02
Trento Tritan Matara Mor,1349.95,Sofra,2026-05-02
Trento Tritan Matara Pembe,1349.95,Sofra,2026-05-02
Trigon Cam 4lü Cup 160 ml Şeffaf,1999.99,Sofra,2026-05-02
Trikote Rafya 2li Peçete Halkası Siyah,999.99,Sofra,2026-05-02
Trin Porselen Kahve Fincan Takımı 4 Parça 2 Kişilik Lacivert,1999.99,Sofra,2026-05-02
"Tuko Akrilik Sürahi 1,5 LT Şeffaf",1499.99,Sofra,2026-05-02
Tuko Akrilik Sürahi Mavi,1749.99,Sofra,2026-05-02
Tweety Cam 3lü Lisanslı Bardak 315 Ml Renkli,1899.99,Sofra,2026-05-02
Twin Goldy Seramik 2li Kupa 184 ml Vizon-Beyaz-Gold,2999.99,Sofra,2026-05-02
Twinkle Tree Cam Pasta Tabağı 16 cm Yeşil,1299.99,Sofra,2026-05-02
Twisty Seramik Kupa 255 ml Pembe,1199.99,Sofra,2026-05-02
Twisty Seramik Kupa 255 ml Sarı,1199.99,Sofra,2026-05-02
Twisty Seramik Kupa 255 ml Yeşil,1199.99,Sofra,2026-05-02
Valao Polipropilen 2li Amerikan Servis Bej,1499.99,Sofra,2026-05-02
Valda Porselen 4 Parça 2 Kişilik Kahve Fincan Takımı Yeşil,1499.99,Sofra,2026-05-02
Valentina New Bone China Kupa 300 ml Açık Yeşil,2499.99,Sofra,2026-05-02
Valentina New Bone China Kupa 300 ml Lila,2999.99,Sofra,2026-05-02
Valentina New Bone China Kupa 300 ml Pembe,2749.99,Sofra,2026-05-02
Valentina New Bone China Kupa 300 ml Sarı,2499.99,Sofra,2026-05-02
Valentine Porselen Kahve Fincan Takımı 4 Parça 2 Kişilik Lacivert,1399.99,Sofra,2026-05-02
Valora Seramik 4 Parça 2 Kişilik Kahve Fincan Takımı 90 ml Açık Yeşil,2749.99,Sofra,2026-05-02
Valora Seramik 4 Parça 2 Kişilik Kahve Fincan Takımı 90 ml Pembe,2999.99,Sofra,2026-05-02
Vanilla Mood New Bone China 12 Parça 6 Kişilik Kahve Fincan Takımı 90 ml Sarı,9999.99,Sofra,2026-05-02
Vanilla New Bone China  Çay Fincanı Takımı 4 Parça 2 Kişilik Açık Pembe,6499.99,Sofra,2026-05-02
Vanilla New Bone China 4 Parça 2 Kişilik Kahve Fincan Takımı 90 ml Açık Yeşil,4999.99,Sofra,2026-05-02
Vanilla New Bone China 4 Parça 2 Kişilik Kahve Fincan Takımı Açık Mavi,4499.99,Sofra,2026-05-02
Vanilla New Bone China 4 Parça 2 Kişilik Kahve Fincan Takımı Açık Sarı,4499.99,Sofra,2026-05-02
Vanilla New Bone China 4 Parça 2 Kişilik Kahve Fincan Takımı Mor,4499.99,Sofra,2026-05-02
Vanilla New Bone China 4 Parça 2 Kişilik Kahve Fincan Takımı Sarı,4499.99,Sofra,2026-05-02
Vanilla New Bone China Kahve Fincan Takımı 4 Parça 2 Kişilik Açık Gri,4499.99,Sofra,2026-05-02
Vanilla New Bone China Kahve Fincan Takımı 4 Parça 2 Kişilik Açık Pembe,4999.99,Sofra,2026-05-02
Vanilla New Bone China Kahve Fincan Takımı 4 Parça 2 Kişilik Lacivert,4499.99,Sofra,2026-05-02
Vanilla New Bone China Kahve Fincan Takımı 4 Parça 2 Kişilik Turkuaz,4999.99,Sofra,2026-05-02
Vanilla New Bone China Pasta Tabağı 16 cm Açık Pembe,1249.99,Sofra,2026-05-02
Vanilla New Bone China Pasta Tabağı 16 cm Açık Yeşil,1249.99,Sofra,2026-05-02
Vanilla New Bone China Pasta Tabağı 16 cm Turkuaz,1249.99,Sofra,2026-05-02
Vanilla New Bone China Pasta Tabağı 20 cm Mor,1999.99,Sofra,2026-05-02
Vanilla New Bone China Çay Fincan Takımı 4 Parça 2 Kişilik Açık Gri,6499.99,Sofra,2026-05-02
Vanilla New Bone China Çay Fincan Takımı 4 Parça 2 Kişilik Açık Mavi,6499.99,Sofra,2026-05-02
Vanilla New Bone China Çay Fincan Takımı 4 Parça 2 Kişilik Açık Yeşil,6499.99,Sofra,2026-05-02
Vanilla New Bone China Çay Fincan Takımı 4 Parça 2 Kişilik Mor,6499.99,Sofra,2026-05-02
Vanilla New Bone China Çay Fincan Takımı 4 Parça 2 Kişilik Sarı,6499.99,Sofra,2026-05-02
Vanilla New Bone China Çay Fincanı Takımı 4 Parça 2 Kişilik Turkuaz,6499.99,Sofra,2026-05-02
Velin Cam 6lı Çay Bardağı 132 ml Şeffaf,1999.99,Sofra,2026-05-02
Velonix Cam 2li Tuzluk - Biberlik 6x9 cm Şeffaf,2999.99,Sofra,2026-05-02
Veloria Masa Örtüsü 150x200 cm Siyah - Beyaz,3499.99,Sofra,2026-05-02
Velvetine Porselen 4 Parça 2 Kişilik Çay Fincanı Takımı 220 ml Mavi,6499.99,Sofra,2026-05-02
Vera Porselen 4 Parça 2 Kişilik Kahve Fincan Takımı Mavi,1499.99,Sofra,2026-05-02
Vera Porselen Kase 14 cm Beyaz,999.99,Sofra,2026-05-02
Vera Porselen Çerezlik 10 cm Beyaz,899.99,Sofra,2026-05-02
Vermilion Emaye Bardak 350 ml Sarı-Kırmızı,1499.99,Sofra,2026-05-02
Vertical Pamuk Masa Örtüsü 140x200 cm Pembe,2499.99,Sofra,2026-05-02
Vespera Seramik Bardak Altlığı 11 cm Beyaz - Pembe,1499.99,Sofra,2026-05-02
Vespera Seramik Bardak Altlığı 11 cm Lacivert,799.95,Sofra,2026-05-02
Via Porselen 6lı Pasta Tabağı 21 cm Beyaz - Lacivert,3999.99,Sofra,2026-05-02
Vibe Porselen 4 Parça 2 Kişilik Kahve Fincan Takımı 80 ml Renkli,1499.99,Sofra,2026-05-02
Victoria Rattan Sunumluk Kahverengi,3999.99,Sofra,2026-05-02
Victoria Seramik Bardak Altlığı 10.8x0.8 cm Siyah - Beyaz,1499.99,Sofra,2026-05-02
Village Cam Pasta Tabağı 20 cm Yeşil,1199.99,Sofra,2026-05-02
Violet Porselen Kahvaltı Takımı 10 parça 4 kişilik Renkli,5749.99,Sofra,2026-05-02
Viora Bone Porselen 4 Parça 2 Kişilik Kahve Fincan Takımı 90 ml Pembe - Sarı,1999.99,Sofra,2026-05-02
Vireo Porselen 12 Parça 6 Kişilik Kahve Fincan Takımı 80 ml Mavi-Kırmızı,3499.99,Sofra,2026-05-02
"Viserra Cam Ahşap Ayaklı Kase 19,5 cm Şeffaf",639.99,Sofra,2026-05-02
Viserys Cam-Ahşap Sunumluk Şeffaf,809.99,Sofra,2026-05-02
Viva Porselen 4 Parça 2 Kişilik Kahve Fincan Takımı 80 ml Lacivert,1749.99,Sofra,2026-05-02
Vivian Cam Şekerlık Şeffaf,1749.99,Sofra,2026-05-02
Vivy Porselen 4 Parça 2 Kişilik Kahve Fincan Takımı 80 ml Bordo-Yeşil,1649.99,Sofra,2026-05-02
Watermellies Tepsi Beyaz - Kırmızı,1749.99,Sofra,2026-05-02
Wave Porselen Yemek Takımı 24 Parça 6 Kişilik Beyaz,17999.99,Sofra,2026-05-02
Wendy Bone Porselen Çay Tabağı 11 cm Mavi,1349.95,Sofra,2026-05-02
Whimsical Bone Porselen Pasta Tabağı 19 cm Renkli,999.99,Sofra,2026-05-02
Whimsical Bone Porselen Çukur Tabak 19 cm Renkli,1199.99,Sofra,2026-05-02
Whimsy Stoneware Kupa 375 ml Renkli,3499.99,Sofra,2026-05-02
Whimsy Stoneware Sunumluk 23x23x14 Cm Renkli,9999.99,Sofra,2026-05-02
Whircal Bone Porselen Kase 14 cm Kırmızı - Yeşil,1249.99,Sofra,2026-05-02
Whisper Cam Sunumluk Şeffaf,1039.99,Sofra,2026-05-02
Whisper Seramik Kahvaltı Takımı 8 Parça 2 Kişilik Mavi,3999.99,Sofra,2026-05-02
Whispering Bone Porselen 4 Parça 2 Kişilik Kahve Fincan Takımı 90 ml Yeşil,449.99,Sofra,2026-05-02
White Angles Bone Porselen 4 Parça 2 Kişilik Çay Fincanı Takımı 180 ml Siyah-Beyaz-Gold,809.99,Sofra,2026-05-02
White Angles Bone Porselen Kupa 290 ml Siyah-Beyaz-Gold,1399.99,Sofra,2026-05-02
White Charmed Bone Porselen Kupa 290 ml Siyah-Beyaz-Gold,1399.99,Sofra,2026-05-02
White Chic Bone Porselen 4 Parça 2 Kişilik Kahve Fincan Takımı 90 ml Siyah-Beyaz-Gold,629.99,Sofra,2026-05-02
White Mirage Bone Porselen 4 Parça 2 Kişilik Kahve Fincan Takımı 90 ml Siyah-Beyaz-Gold,629.99,Sofra,2026-05-02
White Pine Dolomite 4lü Kupa 153 ml-193 ml-267 ml-267 ml Beyaz,7999.99,Sofra,2026-05-02
Whitney Cam 2li Cup - Dondurma Kasesi 175 ml Mavi - Pembe,1499.99,Sofra,2026-05-02
Whitney Cam 2li Cup - Dondurma Kasesi 175 ml Pembe - Krem,1499.99,Sofra,2026-05-02
Wicker Plastik Rattan 3 Bölmeli Sunumluk Açık Kahverengi,1499.99,Sofra,2026-05-02
Wicker Plastik Rattan Katlı Servis Açık Kahverengi,3999.99,Sofra,2026-05-02
Wicker Plastik Rattan Kek Standı 30 cm Açık Kahverengi,479.99,Sofra,2026-05-02
Wicker Weave Natural İp 2li Peçete Halkası 4 cm Krem,749.95,Sofra,2026-05-02
Wild Blossom Bone Porselen 4 Parça 2 Kişilik Kahve Fincan Takımı 90 ml Yeşil,2499.99,Sofra,2026-05-02
Wingy New Bone China Kupa 460 ml Lacivert,3499.99,Sofra,2026-05-02
Winsome Bone Porselen 4 Parça 2 Kişilik Kahve Fincan Takımı 90 ml Yeşil,2499.99,Sofra,2026-05-02
Winter Pine Cam Sürahi 700 Ml + 220 Ml Yeşil,1499.99,Sofra,2026-05-02
Winter Tree Borosilikat Pipetli Bardak 460 ml Yeşil,1499.99,Sofra,2026-05-02
Winter Wonderland New Bone China Çerezlik 13x13 cm Beyaz,849.99,Sofra,2026-05-02
Wishful Bone Porselen 4 Parça 2 Kişilik Kahve Fincan Takımı 90 ml Kırmızı - Yeşil,479.99,Sofra,2026-05-02
Wisp Porselen 4 Parça 2 Kişilik Kahve Fincan Takımı 80 ml Yeşil-Kırmızı,239.99,Sofra,2026-05-02
Wisteria New Bone China 12 Parça 6 Kişilik Kahve Fincan Takımı 90 ml Beyaz,7499.99,Sofra,2026-05-02
Wonderful Merry Bone Porselen Kase 14 cm Kırmızı - Yeşil,849.99,Sofra,2026-05-02
Woodcrest Akasya 4 Parça Sunumluk 10x10 cm Beyaz-Kahverengi,4249.99,Sofra,2026-05-02
Woodland Mango Kase 16 cm Kahverengi,2499.99,Sofra,2026-05-02
Wrapped Amerikan Servis Siyah,899.99,Sofra,2026-05-02
You Rock Stoneware Kupa 395 ml Mavi,244.99,Sofra,2026-05-02
Yuna Cam Tuzluk - Biberlik Şeffaf,1499.99,Sofra,2026-05-02
Zebra Porselen 4 Parça 2 Kişilik Kahve Fincan Takımı Lacivert,279.99,Sofra,2026-05-02
Zenith Cam 3lü Cup 170 ml Şeffaf,1749.99,Sofra,2026-05-02
Zest Cam 2li Tuzluk - Biberlik 20x11x5 cm Siyah,2499.99,Sofra,2026-05-02
Zett Cam Pasta Tabağı 20 cm Gold,999.99,Sofra,2026-05-02
Zoey Cam Çerezlik 12 cm Gold,999.99,Sofra,2026-05-02
Abstract Flowers Kolay Ütülenir Tek Kişilik Çarşaflı Nevresim Takımı 160x220 cm Yeşil-Mavi,839.99,Yatak Odası,2026-05-02
Abstract Flowers Kolay Ütülenir Çift Kişilik Çarşaflı Nevresim Takımı 200x220 cm Yeşil-Mavi,6999.99,Yatak Odası,2026-05-02
Air Plus Klimalı Yastık 50x70 cm Beyaz-Gold,1749.99,Yatak Odası,2026-05-02
Airy Serin Tutan Yastık 50x70 cm Mavi,8999.99,Yatak Odası,2026-05-02
Alba Bloom King Size Çok Amaçlı Örtü 220x240 cm Mavi,4499.99,Yatak Odası,2026-05-02
Alba Bloom Tek Kişilik Çok Amaçlı Örtü 160x220 cm Mavi,559.99,Yatak Odası,2026-05-02
Alba Bloom Çift Kişilik Çok Amaçlı Örtü 200x220 cm Mavi,3999.99,Yatak Odası,2026-05-02
Aquatic Flowers King Size Çok Amaçlı Örtü 240x220 cm Lacivert,4499.99,Yatak Odası,2026-05-02
Aquatic Flowers Tek Kişilik Çok Amaçlı Örtü 160x220 cm Lacivert,489.99,Yatak Odası,2026-05-02
Aquatic Flowers Çift Kişilik Çok Amaçlı Örtü 200x220 cm Lacivert,3999.99,Yatak Odası,2026-05-02
Ashley Baskılı Pamuklu Çift Kişilik Pike 200x220 cm Mavi,4999.99,Yatak Odası,2026-05-02
Aura Boncuk Elyaf Yastık 50x70 cm Gri,3749.99,Yatak Odası,2026-05-02
Aurelia Tek Kişilik Pike Takımı 150x200 cm Sarı,4999.99,Yatak Odası,2026-05-02
Aurelia Çift Kişilik Pike Takımı 200x220 cm Sarı,6499.99,Yatak Odası,2026-05-02
Autumn Branch Baskılı Pamuklu Tek Kişilik Pike 150x220 cm Pembe,3499.99,Yatak Odası,2026-05-02
Autumn Branch Baskılı Pamuklu Çift Kişilik Pike 200x220 cm Pembe,3999.99,Yatak Odası,2026-05-02
Autumn Branch Kolay Ütülenir 2li Yastık Kılıfı 50x70 cm Pembe,1999.99,Yatak Odası,2026-05-02
Autumn Whisper Kolay Ütülenir 2li Yastık Kılıfı 50x70 cm Yeşil,1499.99,Yatak Odası,2026-05-02
Autumn Whisper Tek Kişilik Pike 150x220 cm Yeşil,2499.99,Yatak Odası,2026-05-02
Autumn Whisper Çift Kişilik Pike 200x220 cm Yeşil,2999.99,Yatak Odası,2026-05-02
Balmy Çift Kişilik Yatak Pedi 160x200 cm Beyaz,17499.99,Yatak Odası,2026-05-02
Belle Band Tek Kişilik Yatak Örtüsü Takımı 160x220 cm Pembe,3999.99,Yatak Odası,2026-05-02
Belle Band Çift Kişilik Yatak Örtüsü Takımı 200x220 cm Pembe,5999.99,Yatak Odası,2026-05-02
Belle Bloom Tek Kişilik Yatak Örtüsü Takımı 160x220 cm Yeşil,1599.99,Yatak Odası,2026-05-02
Belle Bloom Çift Kişilik Yatak Örtüsü Takımı 200x220 cm Yeşil,13999.99,Yatak Odası,2026-05-02
Bera Baskılı Pamuklu Tek Kişilik Pike 150x220 cm Pembe,3999.99,Yatak Odası,2026-05-02
Bera Baskılı Pamuklu Çift Kişilik Pike 200x220 cm Pembe,4999.99,Yatak Odası,2026-05-02
Berry Garden Baskılı Pamuklu Tek Kişilik Pike 150x220 cm Kırmızı,719.99,Yatak Odası,2026-05-02
Berry Garden Baskılı Pamuklu Çift Kişilik Pike 200x220 cm Kırmızı,809.99,Yatak Odası,2026-05-02
Berryland Kolay Ütülenir Çarşaflı Tek Kişilik Nevresim Takımı 160x220 cm Mavi-Turuncu,1199.99,Yatak Odası,2026-05-02
Berryland Kolay Ütülenir Çarşaflı Çift Kişilik Nevresim Takımı 200x220 cm Mavi-Turuncu,1259.99,Yatak Odası,2026-05-02
Berryscus Kolay Ütülenir Çarşaflı Tek Kişilik Nevresim Takımı 160x220 cm Mor,1039.99,Yatak Odası,2026-05-02
Berryscus Kolay Ütülenir Çarşaflı Çift Kişilik Nevresim Takımı 200x220 cm Mor,7999.99,Yatak Odası,2026-05-02
Birdlight Kolay Ütülenir 2li Yastık Kılıfı 50x70 cm Yeşil,1499.99,Yatak Odası,2026-05-02
Birdlight Tek Kişilik Pike 150x220 cm Yeşil,539.99,Yatak Odası,2026-05-02
Birdlight Çift Kişilik Pike 200x220 cm Yeşil,2999.99,Yatak Odası,2026-05-02
Bleublanc Patch Çift Kişilik Çok Amaçlı Örtü 200x220 cm Mavi,4499.99,Yatak Odası,2026-05-02
Block Dots Kolay Ütülenir Çift Kişilik Çarşaflı Nevresim Takımı 200x220 cm Mavi,5999.99,Yatak Odası,2026-05-02
Block Patch Kolay Ütülenir Tek Kişilik Nevresim Seti 160x220 cm Mavi-Kırmızı,3499.99,Yatak Odası,2026-05-02
Block Patch Kolay Ütülenir Çift Kişilik Nevresim Seti 200x220 cm Mavi-Kırmızı,3999.99,Yatak Odası,2026-05-02
Blockform Kolay Ütülenir Çift Kişilik Çarşaflı Nevresim Takımı 200x220 cm Koyu Mavi-Bej,1199.99,Yatak Odası,2026-05-02
Bloom Crest Kolay Ütülenir 2li Yastık Kılıfı 50x70 cm Yeşil,1499.99,Yatak Odası,2026-05-02
Bloom Crest Tek Kişilik Pike 150x220 cm Yeşil,539.99,Yatak Odası,2026-05-02
Bloom Crest Çift Kişilik Pike 200x220 cm Yeşil,629.99,Yatak Odası,2026-05-02
Bloom Rhombus  King Size Çok Amaçlı Örtü 220x240 cm Yeşil,719.99,Yatak Odası,2026-05-02
Bloom Rhombus  Tek Kişilik Çok Amaçlı Örtü 160x220 cm Yeşil,559.99,Yatak Odası,2026-05-02
Bloom Rhombus  Çift Kişilik Çok Amaçlı Örtü 200x220 cm Yeşil,719.99,Yatak Odası,2026-05-02
Bloomelle Pamuklu Tek Kişilik Nevresim Seti 160x220 cm Sarı-Yeşil,959.99,Yatak Odası,2026-05-02
Bloomelle Pamuklu Çift Kişilik Nevresim Seti 200x220 cm Sarı-Yeşil,1199.99,Yatak Odası,2026-05-02
Bloomlet Kolay Ütülenir 2li Yastık Kılıfı 50x70 cm Mavi,1499.99,Yatak Odası,2026-05-02
Bloomlet Kolay Ütülenir 2li Yastık Kılıfı 50x70 cm Yeşil,1499.99,Yatak Odası,2026-05-02
Bloomlet Tek Kişilik Pike 150x220 cm Yeşil,2499.99,Yatak Odası,2026-05-02
Bloomlet Çift Kişilik Pike 200x220 cm Yeşil,2999.99,Yatak Odası,2026-05-02
Bloomora Dijital Baskılı Kolay Ütülenir Tek Kişilik Çarşaflı Nevresim Takımı 160x220 cm Bej-Sarı,1079.99,Yatak Odası,2026-05-02
Bloomora Dijital Baskılı Kolay Ütülenir Çift Kişilik Çarşaflı Nevresim Takımı 200x220 cm Bej-Sarı,1439.99,Yatak Odası,2026-05-02
Bloomtopia Pamuk Tek Kişilik Çarşaflı Nevresim Takımı 160x220 cm Yeşil,8999.99,Yatak Odası,2026-05-02
Bloss Mist Pamuklu Tek Kişilik Nevresim Seti 160x220 cm Lila,3999.99,Yatak Odası,2026-05-02
Bloss Mist Pamuklu Çift Kişilik Nevresim Seti 200x220 cm Lila,4499.99,Yatak Odası,2026-05-02
Blossira Kolay Ütülenir Tek Kişilik Çarşaflı Nevresim Takımı 160x220 cm Lila,959.99,Yatak Odası,2026-05-02
Blossira Kolay Ütülenir Tek Kişilik Çarşaflı Nevresim Takımı 160x220 cm Pembe,5999.99,Yatak Odası,2026-05-02
Blossira Kolay Ütülenir Çift Kişilik Çarşaflı Nevresim Takımı 200x220 cm Lila,6999.99,Yatak Odası,2026-05-02
Blossira Kolay Ütülenir Çift Kişilik Çarşaflı Nevresim Takımı 200x220 cm Pembe,6999.99,Yatak Odası,2026-05-02
Blossom Bouquet King Size Çok Amaçlı Örtü 240x220 cm Pembe,4499.99,Yatak Odası,2026-05-02
Blossom Bouquet Tek Kişilik Çok Amaçlı Örtü 160x220 cm Pembe,3499.99,Yatak Odası,2026-05-02
Blossom Bouquet Çift Kişilik Çok Amaçlı Örtü 200x220 cm Pembe,3999.99,Yatak Odası,2026-05-02
Blossom Harmony King Size Çok Amaçlı Örtü 240x220 cm Lila,3999.99,Yatak Odası,2026-05-02
Blossom Harmony Tek Kişilik Çok Amaçlı Örtü 160x220 cm Lila,2999.99,Yatak Odası,2026-05-02
Blossom Haze King Size Çok Amaçlı Örtü 220x240 cm Mor,4499.99,Yatak Odası,2026-05-02
Blossom Haze Tek Kişilik Çok Amaçlı Örtü 160x220 cm Mor,3499.99,Yatak Odası,2026-05-02
Blossom Haze Çift Kişilik Çok Amaçlı Örtü 200x220 cm Mor,3999.99,Yatak Odası,2026-05-02
Blue Bouquet Baskılı Pamuklu Tek Kişilik Pike 150x220 cm Mavi,3499.99,Yatak Odası,2026-05-02
Blue Bouquet Baskılı Pamuklu Çift Kişilik Pike 200x220 cm Mavi,3999.99,Yatak Odası,2026-05-02
Blue Bouquet Kolay Ütülenir 2li Yastık Kılıfı 50x70 cm Mavi - Bej,1149.95,Yatak Odası,2026-05-02
Blue Spring Kolay Ütülenir 2li Yastık Kılıfı 50x70 cm Mavi,1499.99,Yatak Odası,2026-05-02
Blue Spring Tek Kişilik Pike 150x220 cm Mavi,539.99,Yatak Odası,2026-05-02
Blue Spring Çift Kişilik Pike 200x220 cm Mavi,629.99,Yatak Odası,2026-05-02
Blush Twig King Size Çok Amaçlı Örtü 220x240 cm Pembe,629.99,Yatak Odası,2026-05-02
Blush Twig Tek Kişilik Çok Amaçlı Örtü 160x220 cm Pembe,3499.99,Yatak Odası,2026-05-02
Blush Twig Çift Kişilik Çok Amaçlı Örtü 200x220 cm Pembe,559.99,Yatak Odası,2026-05-02
Bohemian Kolay Ütülenir Tek Kişilik Çarşaflı Nevresim Takımı 160x220 cm Hardal,4999.99,Yatak Odası,2026-05-02
Bohemian Kolay Ütülenir Çift Kişilik Çarşaflı Nevresim Takımı 200x220 cm Hardal,5999.99,Yatak Odası,2026-05-02
Boho Bloom Pamuk Tek Kişilik Çarşaflı Nevresim Takımı 160x220 cm Lacivert,7499.99,Yatak Odası,2026-05-02
Boho Chic Pamuk Tek Kişilik Çarşaflı Nevresim Takımı 160x220 cm Bej,7499.99,Yatak Odası,2026-05-02
Boho Chic Pamuk Çift Kişilik Çarşaflı Nevresim Takımı 200x220 cm Bej,10999.99,Yatak Odası,2026-05-02
Boho Chic Pamuk Çift Kişilik Çarşaflı Nevresim Takımı 200x220 cm Mavi,10999.99,Yatak Odası,2026-05-02
Boho Elegance Kolay Ütülenir Çarşaflı Tek Kişilik Nevresim Takımı 160x220 cm Bej,1079.99,Yatak Odası,2026-05-02
Boho Elegance Kolay Ütülenir Çarşaflı Çift Kişilik Nevresim Takımı 200x220 cm Bej,6999.99,Yatak Odası,2026-05-02
Bold Braid İpliği Boyalı Tek Kişilik Çarşaflı Nevresim Takımı 160x220 cm Gri,8999.99,Yatak Odası,2026-05-02
Bold Pattern Kolay Ütülenir Tek Kişilik Çarşaflı Nevresim Takımı 160x220 cm Taş Rengi,5999.99,Yatak Odası,2026-05-02
Bold Pattern Kolay Ütülenir Çift Kişilik Çarşaflı Nevresim Takımı 200x220 cm Taş Rengi,8499.99,Yatak Odası,2026-05-02
Bold Stitch İpliği Boyalı Tek Kişilik Çarşaflı Nevresim Takımı 160x220 cm Lacivert-Yeşil,8999.99,Yatak Odası,2026-05-02
Bonnie Tek Kişilik Pike 150x220 cm Sarı,539.99,Yatak Odası,2026-05-02
Bonnie Çift Kişilik Pike 200x220 cm Sarı,629.99,Yatak Odası,2026-05-02
Border Line Kolay Ütülenir Tek Kişilik Çarşaflı Nevresim Takımı 160x220 cm Yeşil-Bej,1079.99,Yatak Odası,2026-05-02
Border Line Kolay Ütülenir Çift Kişilik Çarşaflı Nevresim Takımı 200x220 cm Yeşil-Bej,7499.99,Yatak Odası,2026-05-02
Botanica Baskılı Pamuklu Tek Kişilik Pike 150x220 cm Mavi,3499.99,Yatak Odası,2026-05-02
Botanica Baskılı Pamuklu Çift Kişilik Pike 200x220 cm Mavi,3999.99,Yatak Odası,2026-05-02
Botanica Kolay Ütülenir 2li Yastık Kılıfı 50x70 cm Mavi - Yeşil,1499.99,Yatak Odası,2026-05-02
Botanical Patch Pamuklu Tek Kişilik Nevresim Seti 160x220 cm Mavi - Yeşil,839.99,Yatak Odası,2026-05-02
Botanical Patch Pamuklu Çift Kişilik Nevresim Seti 200x220 cm Mavi - Yeşil,1049.99,Yatak Odası,2026-05-02
Botanical Spring Kolay Ütülenir Tek Kişilik Çarşaflı Nevresim Takımı 160x220 cm Bej,1079.99,Yatak Odası,2026-05-02
Branchmist Kolay Ütülenir Tek Kişilik Nevresim Seti 160x220 cm Sarı,3999.99,Yatak Odası,2026-05-02
Branchmist Kolay Ütülenir Çift Kişilik Nevresim Seti 200x220 cm Sarı,4499.99,Yatak Odası,2026-05-02
Bright Garden Dijital Baskılı Kolay Ütülenir Tek Kişilik Çarşaflı Nevresim Takımı 160x220 cm Pembe - Sarı,5999.99,Yatak Odası,2026-05-02
Bright Garden Dijital Baskılı Kolay Ütülenir Çift Kişilik Çarşaflı Nevresim Takımı 200x220 cm Pembe - Sarı,1439.99,Yatak Odası,2026-05-02
Calm Horizon İpliği Boyalı Tek Kişilik Çarşaflı Nevresim Takımı 160x220 cm Mavi,2339.99,Yatak Odası,2026-05-02
Calm Horizon İpliği Boyalı Tek Kişilik Çarşaflı Nevresim Takımı 160x220 cm Yeşil,6249.99,Yatak Odası,2026-05-02
Calm Horizon İpliği Boyalı Çift Kişilik Çarşaflı Nevresim Takımı 200x220 cm Mavi,2879.99,Yatak Odası,2026-05-02
Calm Horizon İpliği Boyalı Çift Kişilik Çarşaflı Nevresim Takımı 200x220 cm Yeşil,2559.99,Yatak Odası,2026-05-02
Camille Ray King Size Çok Amaçlı Örtü 220x240 cm Lacivert,4999.99,Yatak Odası,2026-05-02
Camille Ray Tek Kişilik Çok Amaçlı Örtü 160x220 cm Lacivert,3499.99,Yatak Odası,2026-05-02
Camille Ray Çift Kişilik Çok Amaçlı Örtü 200x220 cm Lacivert,3999.99,Yatak Odası,2026-05-02
Chain Patch Kolay Ütülenir Çarşaflı Tek Kişilik Nevresim Takımı 160x220 cm Mürdüm,959.99,Yatak Odası,2026-05-02
Chain Patch Kolay Ütülenir Çarşaflı Tek Kişilik Nevresim Takımı 160x220 cm Turuncu,4999.99,Yatak Odası,2026-05-02
Chain Patch Kolay Ütülenir Çarşaflı Çift Kişilik Nevresim Takımı 200x220 cm Mürdüm,1119.99,Yatak Odası,2026-05-02
Chain Patch Kolay Ütülenir Çarşaflı Çift Kişilik Nevresim Takımı 200x220 cm Turuncu,5999.99,Yatak Odası,2026-05-02
Charming Garden Pamuklu Bebe Battaniye 100x120 cm Pudra,2249.95,Yatak Odası,2026-05-02
Checkmate Kolay Ütülenir Çift Kişilik Nevresim Seti 200x220 cm Lacivert- Terracotta,4499.99,Yatak Odası,2026-05-02
Checkmate Kolay Ütülenir Çift Kişilik Nevresim Seti 200x220 cm Yeşil,4999.99,Yatak Odası,2026-05-02
Cherry Plaid Tek Kişilik Yatak Örtüsü Takımı 160x220 cm Fuşya,3999.99,Yatak Odası,2026-05-02
Cherry Plaid Çift Kişilik Yatak Örtüsü Takımı 200x220 cm Fuşya,839.99,Yatak Odası,2026-05-02
Chic Bloom Kolay Ütülenir Çarşaflı Tek Kişilik Nevresim Takımı 160x220 cm Yeşil,839.99,Yatak Odası,2026-05-02
Chic Bloom Kolay Ütülenir Çarşaflı Çift Kişilik Nevresim Takımı 200x220 cm Yeşil,6999.99,Yatak Odası,2026-05-02
Classic Yastık 50x70 cm Beyaz,999.99,Yatak Odası,2026-05-02
Clouded Grid İpliği Boyalı Tek Kişilik Çarşaflı Nevresim Takımı 160x220 cm Bej,5499.99,Yatak Odası,2026-05-02
Clouded Grid İpliği Boyalı Tek Kişilik Çarşaflı Nevresim Takımı 160x220 cm Koyu Yeşil,5499.99,Yatak Odası,2026-05-02
Clouded Grid İpliği Boyalı Çift Kişilik Çarşaflı Nevresim Takımı 200x220 cm Bej,6999.99,Yatak Odası,2026-05-02
Clouded Grid İpliği Boyalı Çift Kişilik Çarşaflı Nevresim Takımı 200x220 cm Koyu Yeşil,1959.99,Yatak Odası,2026-05-02
Clover Tek Kişilik Pike Takımı 150x220 cm Yeşil,4999.99,Yatak Odası,2026-05-02
Clover Çift Kişilik Pike Takımı 200x220 cm Yeşil,5999.99,Yatak Odası,2026-05-02
Color Grid Kolay Ütülenir Tek Kişilik Çarşaflı Nevresim Takımı 160x220 cm Turuncu-yeşil,1079.99,Yatak Odası,2026-05-02
Color Grid Kolay Ütülenir Çift Kişilik Çarşaflı Nevresim Takımı 200x220 cm Turuncu-yeşil,6999.99,Yatak Odası,2026-05-02
Colorful Stripeway King Size Çok Amaçlı Örtü 220x240 cm Kırmızı,809.99,Yatak Odası,2026-05-02
Colorful Stripeway Tek Kişilik Çok Amaçlı Örtü 160x220 cm Kırmızı,629.99,Yatak Odası,2026-05-02
Colorful Stripeway Çift Kişilik Çok Amaçlı Örtü 200x220 cm Kırmızı,719.99,Yatak Odası,2026-05-02
Colors Dance Kolay Ütülenir Tek Kişilik Çarşaflı Nevresim Takımı 160x220 cm Fuşya-Turuncu,5999.99,Yatak Odası,2026-05-02
Colors Dance Kolay Ütülenir Çift Kişilik Çarşaflı Nevresim Takımı 200x220 cm Fuşya-Turuncu,6999.99,Yatak Odası,2026-05-02
Comfort Pamuklu Sıvı Geçirmez Alez Yastık Kılıfı 50x70 cm Beyaz,239.99,Yatak Odası,2026-05-02
Comfort Pamuklu Sıvı Geçirmez Tek Kişilik Alez 140x200 + 30 cm Beyaz,599.99,Yatak Odası,2026-05-02
Comfort Pamuklu Sıvı Geçirmez Tek Kişilik Yatak Koruyucu Alez 100x200 + 30 cm Beyaz,3999.99,Yatak Odası,2026-05-02
Comfort Pamuklu Sıvı Geçirmez Tek Kişilik Yatak Koruyucu Alez 120x200 + 30 cm Beyaz,3999.99,Yatak Odası,2026-05-02
Comfort Pamuklu Sıvı Geçirmez Çift Kişilik Yatak Koruyucu Alez 160x200 + 30 cm Beyaz,4999.99,Yatak Odası,2026-05-02
Comfort Pamuklu Sıvı Geçirmez Çift Kişilik Yatak Koruyucu Alez 180x200 + 30 cm Beyaz,799.99,Yatak Odası,2026-05-02
Comfy Pamuk Yastık 50x70 cm Beyaz,719.99,Yatak Odası,2026-05-02
Comfy Pamuk Yorgan 155x215 cm Beyaz,8999.99,Yatak Odası,2026-05-02
Comfy Pamuk Yorgan 195x215 cm Beyaz,9999.99,Yatak Odası,2026-05-02
Contemporary Chic King Size Çok Amaçlı Örtü 240x220 cm Lacivert,4499.99,Yatak Odası,2026-05-02
Contemporary Chic Tek Kişilik Çok Amaçlı Örtü 160x220 cm Lacivert,3499.99,Yatak Odası,2026-05-02
Contemporary Chic Çift Kişilik Çok Amaçlı Örtü 200x220 cm Lacivert,3999.99,Yatak Odası,2026-05-02
Cool Garden Pamuklu 2li Yastık Kılıfı 50x70 cm Yeşil,1749.99,Yatak Odası,2026-05-02
Cool Stripe İpliği Boyalı Tek Kişilik Çarşaflı Nevresim Takımı 160x220 cm Bordo-Yeşil,1259.99,Yatak Odası,2026-05-02
Cool Stripe İpliği Boyalı Tek Kişilik Çarşaflı Nevresim Takımı 160x220 cm Terracota - Bej,1259.99,Yatak Odası,2026-05-02
Cool Stripe İpliği Boyalı Çift Kişilik Çarşaflı Nevresim Takımı Bordo-Yeşil,1979.99,Yatak Odası,2026-05-02
Cool Touch Serin Tutan Visco Yastık 60x40x15 cm Mavi,1439.99,Yatak Odası,2026-05-02
Corduroy Sherpa Kadife Tv Battaniye 120x160 cm Gri,2999.99,Yatak Odası,2026-05-02
Cosmic Line İpliği Boyalı Tek Kişilik Çarşaflı Nevresim Takımı 160x220 cm Seledon,5499.99,Yatak Odası,2026-05-02
Crispcheck İpliği Boyalı Tek Kişilik Çarşaflı Nevresim Takımı 160x220 cm Turuncu,1619.99,Yatak Odası,2026-05-02
Crispcheck İpliği Boyalı Çift Kişilik Çarşaflı Nevresim Takımı 200x220 cm Turuncu,10999.99,Yatak Odası,2026-05-02
Crispy Dots Ecosoft Tek Kişilik Pike 150x220 cm Yeşil,3199.99,Yatak Odası,2026-05-02
Crispy Dots Kolay Ütülenir 2li Yastık Kılıfı 50x70 cm Yeşil-Turuncu,1499.99,Yatak Odası,2026-05-02
Crispy Garden Tek Kişilik Çok Amaçlı Örtü 160x220 cm Pembe,3249.99,Yatak Odası,2026-05-02
Crispy Garden Çift Kişilik Çok Amaçlı Örtü 200x220 cm Pembe,3499.99,Yatak Odası,2026-05-02
Crystal Vibe İpliği Boyalı Tek Kişilik Çarşaflı Nevresim Takımı 160x220 cm Pembe,6499.99,Yatak Odası,2026-05-02
Crystal Vibe İpliği Boyalı Çift Kişilik Çarşaflı Nevresim Takımı 200x220 cm Pembe,6999.99,Yatak Odası,2026-05-02
Crystal İpeksi Twill Çift Kişilik Çarşaflı Nevresim Takımı 200x220 cm Mavi,1599.99,Yatak Odası,2026-05-02
Cuby Kolay Ütülenir Çift Kişilik Nevresim Seti 200x220 cm Gri-Hardal,3249.99,Yatak Odası,2026-05-02
Cuby Kolay Ütülenir Çift Kişilik Nevresim Seti 200x220 cm Seledon - Mavi,3249.99,Yatak Odası,2026-05-02
Curioleaf Pamuk Tek Kişilik Çarşaflı Nevresim Takımı 160x220 cm Bej,1279.99,Yatak Odası,2026-05-02
Curioleaf Pamuk Tek Kişilik Çarşaflı Nevresim Takımı 160x220 cm Mavi - Bej,7499.99,Yatak Odası,2026-05-02
Curioleaf Pamuk Çift Kişilik Çarşaflı Nevresim Takımı 200x220 cm Mavi - Bej,9999.99,Yatak Odası,2026-05-02
Daisy Chain Kolay Ütülenir 2li Yastık Kılıfı 50x70 cm Pembe,1749.99,Yatak Odası,2026-05-02
Daisy Charm Tek Kişilik Çok Amaçlı Örtü 160x220 cm Yeşil,489.99,Yatak Odası,2026-05-02
Daisy Charm  King Size Çok Amaçlı Örtü 220x240 cm Yeşil,4499.99,Yatak Odası,2026-05-02
Daisy Charm Çift Kişilik Çok Amaçlı Örtü 200x220 cm Yeşil,559.99,Yatak Odası,2026-05-02
Daisy Harmony Soft Tek Kişilik Pike Takımı 150x220 cm Beyaz,8149.95,Yatak Odası,2026-05-02
Daisy Kamila King Size Çok Amaçlı Örtü 220x240 cm Açık Mavi,4999.99,Yatak Odası,2026-05-02
Daisy Kamila Tek Kişilik Çok Amaçlı Örtü 160x220 cm Açık Mavi,3499.99,Yatak Odası,2026-05-02
Daisy Kamila Çift Kişilik Çok Amaçlı Örtü 200x220 cm Açık Mavi,3999.99,Yatak Odası,2026-05-02
Daisy Stripes Kolay Ütülenir 2li Yastık Kılıfı 50x70 cm Pembe,1499.99,Yatak Odası,2026-05-02
Daisy Touch Kolay Ütülenir Çift Kişilik Nevresim Seti 200x220 cm Lila-Turuncu,4499.99,Yatak Odası,2026-05-02
Damada Bloom Kolay Ütülenir Çarşaflı Tek Kişilik Nevresim Takımı 160x220 cm Sarı-Yeşil,7499.99,Yatak Odası,2026-05-02
Damada Bloom Kolay Ütülenir Çarşaflı Çift Kişilik Nevresim Takımı 200x220 cm Sarı-Yeşil,8999.99,Yatak Odası,2026-05-02
Delicate Bloss Pamuklu Tek Kişilik Nevresim Seti 160x220 cm Sarı-Yeşil,839.99,Yatak Odası,2026-05-02
Delicate Bloss Pamuklu Çift Kişilik Nevresim Seti 200x220 cm Sarı-Yeşil,1199.99,Yatak Odası,2026-05-02
Dewy Blossom Kolay Ütülenir Tek Kişilik Çarşaflı Nevresim Takımı 160x220 cm Sarı,5999.99,Yatak Odası,2026-05-02
Diamond Clam Tek Kişilik Çok Amaçlı Örtü 160x220 cm Bordo,4499.99,Yatak Odası,2026-05-02
Diamond Clam Çift Kişilik Çok Amaçlı Örtü 200x220 cm Bordo,4999.99,Yatak Odası,2026-05-02
Diamond Twist Kolay Ütülenir Tek Kişilik Çarşaflı Nevresim Takımı 160x220 cm Koyu Mavi,959.99,Yatak Odası,2026-05-02
Diamond Twist Kolay Ütülenir Çift Kişilik Çarşaflı Nevresim Takımı 200x220 cm Koyu Mavi,1439.99,Yatak Odası,2026-05-02
Direct Message Unique Trine Kabartma Jakar Tekli Kırlent Kılıfı Yeşil,849.95,Yatak Odası,2026-05-02
Direct Message Unique Trine Kabartma Jakar Tekli Yastık Kılıfı Krem,849.95,Yatak Odası,2026-05-02
Dorma Mevsimsel Tek Kişilik Yorgan 155x215 cm Beyaz,8999.99,Yatak Odası,2026-05-02
Dorma Mevsimsel Çift Kişilik Yorgan 195x215 cm Beyaz,10999.99,Yatak Odası,2026-05-02
Dotted Waffle Çift Taraflı İpliği Boyalı Tek Kişilik Çarşaflı Nevresim Takımı 160x220 cm Siyah,8999.99,Yatak Odası,2026-05-02
Dotty Gingham Kolay Ütülenir Tek Kişilik Çarşaflı Nevresim Takımı 160x220 cm Koyu Mavi-Yeşil,1079.99,Yatak Odası,2026-05-02
Dotty Gingham Kolay Ütülenir Çift Kişilik Çarşaflı Nevresim Takımı 200x220 cm Koyu Mavi-Yeşil,7499.99,Yatak Odası,2026-05-02
Dream Baskılı Pamuklu Tek Kişilik Pike Takımı 150x220 cm Pembe,7999.99,Yatak Odası,2026-05-02
Dream Baskılı Pamuklu Çift Kişilik Pike Takımı 200x220 cm Pembe,9999.99,Yatak Odası,2026-05-02
Dream Touch Örme Sıvı Geçirmez King Size Alez 180x200 cm Beyaz,2999.99,Yatak Odası,2026-05-02
Dream Touch Örme Sıvı Geçirmez Tek Kişilik Alez 100x200 cm Beyaz,1999.99,Yatak Odası,2026-05-02
Dream Touch Örme Sıvı Geçirmez Çift Kişilik Alez 160x200 cm Beyaz,2499.99,Yatak Odası,2026-05-02
Dreamira Kaz Tüyü Yastık 50x70 cm Beyaz,9999.99,Yatak Odası,2026-05-02
Dreamy Patch Kolay Ütülenir Çift Kişilik Nevresim Seti 200x220 cm Pembe - Yeşil,3999.99,Yatak Odası,2026-05-02
Dulcie Tek Kişilik Pike 150x220 cm Pembe,539.99,Yatak Odası,2026-05-02
Dulcie Çift Kişilik Pike 200x220 cm Mavi,3499.99,Yatak Odası,2026-05-02
Dulcie Çift Kişilik Pike 200x220 cm Pembe,629.99,Yatak Odası,2026-05-02
Dyna Tek Kişilik Pike Takımı 150x220 cm Mavi,6499.99,Yatak Odası,2026-05-02
Dyna Çift Kişilik Pike Takımı 200x220 cm Mavi,7499.99,Yatak Odası,2026-05-02
Düz Pamuklu 2li Yastık Kılıfı Kahve Köpüğü,1999.99,Yatak Odası,2026-05-02
Düz Pamuklu Ara Ebat Lastikli Çarşaf 140x200 cm Gece Mavisi,3499.99,Yatak Odası,2026-05-02
Düz Pamuklu Ara Ebat Lastikli Çarşaf 140x200 cm Toz Pembe,3499.99,Yatak Odası,2026-05-02
Düz Pamuklu King Size Lastikli Çarşaf 180x200 cm Beyaz,3999.99,Yatak Odası,2026-05-02
Düz Pamuklu King Size Lastikli Çarşaf 180x200 cm Gece Mavisi,3499.99,Yatak Odası,2026-05-02
Düz Pamuklu King Size Lastikli Çarşaf 180x200 cm Çağla Yeşili,3999.99,Yatak Odası,2026-05-02
Düz Pamuklu Super King Lastikli Çarşaf 200x200 cm Çağla Yeşili,4499.99,Yatak Odası,2026-05-02
Düz Pamuklu Tek Kişilik Lastikli Çarşaf 100x200 cm Beyaz,2999.99,Yatak Odası,2026-05-02
Düz Pamuklu Tek Kişilik Lastikli Çarşaf 100x200 cm Gece Mavisi,3499.99,Yatak Odası,2026-05-02
Düz Pamuklu Tek Kişilik Lastikli Çarşaf 100x200 cm Kahve Köpüğü,2999.99,Yatak Odası,2026-05-02
Düz Pamuklu Tek Kişilik Lastikli Çarşaf 100x200 cm Toz Pembe,3499.99,Yatak Odası,2026-05-02
Düz Pamuklu Tek Kişilik Lastikli Çarşaf 100x200 cm Çakıl Taşı,2999.99,Yatak Odası,2026-05-02
Düz Pamuklu Tek Kişilik Lastikli Çarşaf 100x200 cm Çağla Yeşili,2999.99,Yatak Odası,2026-05-02
Düz Pamuklu Tek Kişilik Plus Lastikli Çarşaf 120x200 cm Beyaz,3499.99,Yatak Odası,2026-05-02
Düz Pamuklu Tek Kişilik Plus Lastikli Çarşaf 120x200 cm Gece Mavisi,2999.99,Yatak Odası,2026-05-02
Düz Pamuklu Tek Kişilik Plus Lastikli Çarşaf 120x200 cm Kahve Köpüğü,3499.99,Yatak Odası,2026-05-02
Düz Pamuklu Tek Kişilik Plus Lastikli Çarşaf 120x200 cm Toz Pembe,3499.99,Yatak Odası,2026-05-02
Düz Pamuklu Tek Kişilik Plus Lastikli Çarşaf 120x200 cm Çağla Yeşili,3499.99,Yatak Odası,2026-05-02
Düz Pamuklu Tek Kişilik Çarşaf Çakıl Taşı,1999.99,Yatak Odası,2026-05-02
Düz Pamuklu Çift Kişilik Lastikli Çarşaf 160x200 cm Beyaz,3499.99,Yatak Odası,2026-05-02
Düz Pamuklu Çift Kişilik Lastikli Çarşaf 160x200 cm Gece Mavisi,3999.99,Yatak Odası,2026-05-02
Düz Pamuklu Çift Kişilik Lastikli Çarşaf 160x200 cm Kahve Köpüğü,3499.99,Yatak Odası,2026-05-02
Düz Pamuklu Çift Kişilik Lastikli Çarşaf 160x200 cm Toz Pembe,3999.99,Yatak Odası,2026-05-02
Düz Pamuklu Çift Kişilik Lastikli Çarşaf 160x200 cm Çakıl Taşı,3999.99,Yatak Odası,2026-05-02
Düz Pamuklu Çift Kişilik Lastikli Çarşaf 160x200 cm Çağla Yeşili,3999.99,Yatak Odası,2026-05-02
Ejderha Pamuk Çocuk Pike Gri,1749.99,Yatak Odası,2026-05-02
Elegant İpliği Boyalı Tek Kişilik Çarşaflı Nevresim Takımı 160x220 cm Gold,1439.99,Yatak Odası,2026-05-02
Elegant İpliği Boyalı Çift Kişilik Çarşaflı Nevresim Takımı 200x220 cm Gold,2559.99,Yatak Odası,2026-05-02
Elite Lines İpliği Boyalı Çift Kişilik Çarşaflı Nevresim Takımı Lacivert,1979.99,Yatak Odası,2026-05-02
Enchanted Harmony Tek Kişilik Çok Amaçlı Örtü 160x220 cm Yeşil,2499.99,Yatak Odası,2026-05-02
Enchanted Harmony Çift Kişilik Çok Amaçlı Örtü 200x220 cm Yeşil,3499.99,Yatak Odası,2026-05-02
Endless Journey Pamuklu Çift Kişilik Nevresim Seti 200x220 cm Taş Rengi,7499.99,Yatak Odası,2026-05-02
Ergonomik Boyun Destekli Visco Yastık 60x40x16 cm Beyaz,8999.99,Yatak Odası,2026-05-02
Essence Pamuk Penye Tek Kişilik Lastikli Çarşaf 100x200 cm Bej,2499.99,Yatak Odası,2026-05-02
Essence Pamuk Penye Tek Kişilik Lastikli Çarşaf 100x200 cm Beyaz,2499.99,Yatak Odası,2026-05-02
Essence Pamuk Penye Tek Kişilik Lastikli Çarşaf 100x200 cm Gri,2499.99,Yatak Odası,2026-05-02
Essence Pamuk Penye Tek Kişilik Lastikli Çarşaf 100x200 cm Lila,2499.99,Yatak Odası,2026-05-02
Essence Pamuk Penye Tek Kişilik Lastikli Çarşaf 100x200 cm Ortanca Mavi,2499.99,Yatak Odası,2026-05-02
Essence Pamuk Penye Tek Kişilik Lastikli Çarşaf 100x200 cm Toz Pembe,2499.99,Yatak Odası,2026-05-02
Essence Pamuk Penye Tek Kişilik Lastikli Çarşaf 100x200 cm Yeşil,2499.99,Yatak Odası,2026-05-02
Essence Pamuk Penye Çift Kişilik Lastikli Çarşaf 160x200 cm Bej,2999.99,Yatak Odası,2026-05-02
Essence Pamuk Penye Çift Kişilik Lastikli Çarşaf 160x200 cm Beyaz,2999.99,Yatak Odası,2026-05-02
Essence Pamuk Penye Çift Kişilik Lastikli Çarşaf 160x200 cm Gri,2999.99,Yatak Odası,2026-05-02
Essence Pamuk Penye Çift Kişilik Lastikli Çarşaf 160x200 cm Lila,2999.99,Yatak Odası,2026-05-02
Essence Pamuk Penye Çift Kişilik Lastikli Çarşaf 160x200 cm Ortanca Mavi,2999.99,Yatak Odası,2026-05-02
Essence Pamuk Penye Çift Kişilik Lastikli Çarşaf 160x200 cm Toz Pembe,2999.99,Yatak Odası,2026-05-02
Essence Pamuk Penye Çift Kişilik Lastikli Çarşaf 160x200 cm Yeşil,2999.99,Yatak Odası,2026-05-02
Ethnic Charm Kolay Ütülenir Tek Kişilik Çarşaflı Nevresim Takımı 160x220 cm Yağ Yeşili,4999.99,Yatak Odası,2026-05-02
Ethnic Charm Kolay Ütülenir Çift Kişilik Çarşaflı Nevresim Takımı 200x220 cm Yağ Yeşili,5999.99,Yatak Odası,2026-05-02
Fiesta Baskılı Mikrofiber Tek Kişilik Yorgan 155x215 cm Taş Rengi,4999.99,Yatak Odası,2026-05-02
Fiesta Baskılı Mikrofiber Çift Kişilik Yorgan 195x215 cm Taş Rengi,1169.99,Yatak Odası,2026-05-02
Fiore Baskılı Pamuklu Tek Kişilik Pike 150x220 cm Mor,719.99,Yatak Odası,2026-05-02
Fiore Baskılı Pamuklu Çift Kişilik Pike 200x220 cm Mor,809.99,Yatak Odası,2026-05-02
Fiore Kolay Ütülenir 2li Yastık Kılıfı 50x70 cm Mor,1499.99,Yatak Odası,2026-05-02
Fiore Viola King Size Çok Amaçlı Örtü 240x220 cm Mor,3999.99,Yatak Odası,2026-05-02
Fiore Viola Tek Kişilik Çok Amaçlı Örtü 160x220 cm Mor,2999.99,Yatak Odası,2026-05-02
Fiore Viola Çift Kişilik Çok Amaçlı Örtü 200x220 cm Mor,3499.99,Yatak Odası,2026-05-02
Fioreline Dijital Baskılı Kolay Ütülenir  Tek Kişilik Çarşaflı Nevresim Takımı 160x220 cm Yeşil-Sarı,1079.99,Yatak Odası,2026-05-02
Fioreline Dijital Baskılı Kolay Ütülenir  Çift Kişilik Çarşaflı Nevresim Takımı 200x220 cm Yeşil-Sarı,1439.99,Yatak Odası,2026-05-02
Fleur 3D Jakarlı Yastık 50x70 cm Beyaz,3499.99,Yatak Odası,2026-05-02
Fleur Multicolore King Size Çok Amaçlı Örtü 220x240 cm Yavruağzı,899.99,Yatak Odası,2026-05-02
Fleur Multicolore Tek Kişilik Çok Amaçlı Örtü 160x220 cm Yavruağzı,629.99,Yatak Odası,2026-05-02
Fleur Multicolore Çift Kişilik Çok Amaçlı Örtü 200x220 cm Yavruağzı,3999.99,Yatak Odası,2026-05-02
Flora Drape Tek Kişilik Çok Amaçlı Örtü 160x220 cm Mavi,3499.99,Yatak Odası,2026-05-02
Flora Drape Çift Kişilik Çok Amaçlı Örtü 200x220 cm Mavi,4999.99,Yatak Odası,2026-05-02
Floral Breeze Baskılı Pamuklu Tek Kişilik Pike 150x220 cm Yeşil,719.99,Yatak Odası,2026-05-02
Floral Breeze Baskılı Pamuklu Çift Kişilik Pike 200x220 cm Yeşil,809.99,Yatak Odası,2026-05-02
Floral Breeze Kolay Ütülenir 2li Yastık Kılıfı 50x70 cm Yeşil,1499.99,Yatak Odası,2026-05-02
Floral Breeze Kolay Ütülenir Tek Kişilik Çarşaflı Nevresim Takımı 160x220 cm Mor,839.99,Yatak Odası,2026-05-02
Floral Breeze Kolay Ütülenir Tek Kişilik Çarşaflı Nevresim Takımı 160x220 cm Pembe - Mavi,959.99,Yatak Odası,2026-05-02
Floral Cascade King Size Çok Amaçlı Örtü 240x220 cm Pembe,4499.99,Yatak Odası,2026-05-02
Floral Cascade Tek Kişilik Çok Amaçlı Örtü 160x220 cm Pembe,489.99,Yatak Odası,2026-05-02
Floral Cascade Çift Kişilik Çok Amaçlı Örtü 200x220 cm Pembe,559.99,Yatak Odası,2026-05-02
Floral Euphoria Fırfırlı Tek Kişilik Yatak Örtüsü Takımı 160x220 cm Mavi,5024.9,Yatak Odası,2026-05-02
Floral Euphoria Fırfırlı Çift Kişilik Yatak Örtüsü Takımı 200x220 cm Pembe,4999.99,Yatak Odası,2026-05-02
Floral Serenade King Size Çok Amaçlı Örtü 240x220 cm Pembe,4499.99,Yatak Odası,2026-05-02
Floral Serenade Tek Kişilik Çok Amaçlı Örtü 160x220 cm Pembe,489.99,Yatak Odası,2026-05-02
Floral Serenade Çift Kişilik Çok Amaçlı Örtü 200x220 cm Pembe,3999.99,Yatak Odası,2026-05-02
Floral Trail Tek Kişilik Pike 150x220 cm Bej,2499.99,Yatak Odası,2026-05-02
Floral Trail Çift Kişilik Pike 200x220 cm Bej,2999.99,Yatak Odası,2026-05-02
Floral Twilight King Size Çok Amaçlı Örtü 240x220 cm Mavi,3999.99,Yatak Odası,2026-05-02
Floral Twilight Tek Kişilik Çok Amaçlı Örtü 160x220 cm Mavi,2999.99,Yatak Odası,2026-05-02
Floral Vine Kolay Ütülenir Tek Kişilik Çarşaflı Nevresim Takımı 160x220 cm Pembe,5999.99,Yatak Odası,2026-05-02
Floret Line Pamuk Tek Kişilik Çarşaflı Nevresim Takımı 160x220 cm Mavi,6999.99,Yatak Odası,2026-05-02
Florine Kolay Ütülenir Tek Kişilik Çarşaflı Nevresim Takımı 160x220 cm Açık Yeşil,4999.99,Yatak Odası,2026-05-02
Florish Pamuk Tek Kişilik Çarşaflı Nevresim Takımı 160x220 cm Yeşil,1199.99,Yatak Odası,2026-05-02
Flower Blast Baskılı Pamuklu Tek Kişilik Pike 150x220 cm Mavi,2999.99,Yatak Odası,2026-05-02
Flower Blast Baskılı Pamuklu Çift Kişilik Pike 200x220 cm Mavi,3249.99,Yatak Odası,2026-05-02
Flower Stripes Baskılı Pamuklu Tek Kişilik Pike Takımı 150x220 cm Sarı,8499.99,Yatak Odası,2026-05-02
Flower Stripes Baskılı Pamuklu Çift Kişilik Pike Takımı 200x220 cm Sarı,9999.99,Yatak Odası,2026-05-02
Flowery Kolay Ütülenir Çarşaflı Tek Kişilik Nevresim Takımı 160x220 cm Mavi - Yeşil,6499.99,Yatak Odası,2026-05-02
Flowery Kolay Ütülenir Çarşaflı Çift Kişilik Nevresim Takımı 200x220 cm Mavi - Yeşil,8499.99,Yatak Odası,2026-05-02
Forest Blossom Baskılı Pamuklu Tek Kişilik Pike 150x220 cm Yeşil,3499.99,Yatak Odası,2026-05-02
Forest Blossom Baskılı Pamuklu Çift Kişilik Pike 200x220 cm Yeşil,3999.99,Yatak Odası,2026-05-02
Forest Blossom Kolay Ütülenir 2li Yastık Kılıfı 50x70 cm Mavi - Yeşil,1149.95,Yatak Odası,2026-05-02
Fragile Ivy Kolay Ütülenir Çarşaflı Tek Kişilik Nevresim Takımı 160x220 cm Lacivert,5999.99,Yatak Odası,2026-05-02
Fragile Ivy Kolay Ütülenir Çarşaflı Çift Kişilik Nevresim Takımı 200x220 cm Lacivert,6999.99,Yatak Odası,2026-05-02
Fresh Ivy Kolay Ütülenir Tek Kişilik Nevresim Takımı 160x220 cm Mavi,1049.99,Yatak Odası,2026-05-02
Fresh Ivy Kolay Ütülenir Çarşaflı Çift Kişilik Nevresim Takımı 200x220 cm Mavi,1259.99,Yatak Odası,2026-05-02
Fresh Sprout Kolay Ütülenir 2li Yastık Kılıfı 50x70 cm Yeşil-Sarı,1499.99,Yatak Odası,2026-05-02
Fresh Sprout Tek Kişilik Pike 150x220 cm Yeşil,2499.99,Yatak Odası,2026-05-02
Fresh Sprout Çift Kişilik Pike 200x220 cm Yeşil,3499.99,Yatak Odası,2026-05-02
Fresh Tartan Kolay Ütülenir Tek Kişilik Çarşaflı Nevresim Takımı 160x220 cm Mavi,5999.99,Yatak Odası,2026-05-02
Fresh Tartan Kolay Ütülenir Çift Kişilik Çarşaflı Nevresim Takımı 200x220 cm Mavi,7349.99,Yatak Odası,2026-05-02
Fresh Touch Sıvı Geçirmez Alez Yastık Kılıfı 50x70 cm Beyaz,749.99,Yatak Odası,2026-05-02
Fresh Touch Sıvı Geçirmez Tek Kişilik Yatak Koruyucu Alez 100x200 cm Beyaz,314.99,Yatak Odası,2026-05-02
Fresh Touch Sıvı Geçirmez Çift Kişilik Yatak Koruyucu Alez 160x200 cm Beyaz,2249.99,Yatak Odası,2026-05-02
Fresh Touch Sıvı Geçirmez Çift Kişilik Yatak Koruyucu Alez 180x200 cm Beyaz,2499.99,Yatak Odası,2026-05-02
Fruit Fiesta King Size Çok Amaçlı Örtü 240x220 cm Yeşil,699.99,Yatak Odası,2026-05-02
Fruit Fiesta Tek Kişilik Çok Amaçlı Örtü 160x220 cm Yeşil,3499.99,Yatak Odası,2026-05-02
Fruit Fiesta Çift Kişilik Çok Amaçlı Örtü 200x220 cm Yeşil,3999.99,Yatak Odası,2026-05-02
Garden Glory Pamuk Tek Kişilik Çarşaflı Nevresim Takımı 160x220 cm Yeşil,7499.99,Yatak Odası,2026-05-02
Garden Glory Pamuk Çift Kişilik Nevresim Takımı 200x220 cm Yeşil,9999.99,Yatak Odası,2026-05-02
Garden Lullaby  Kolay Ütülenir Tek Kişilik Çarşaflı Nevresim Takımı 160x220 cm Koyu Mavi,4999.99,Yatak Odası,2026-05-02
Garden Lullaby  Kolay Ütülenir Çift Kişilik Çarşaflı Nevresim Takımı 200x220 cm Koyu Mavi,5999.99,Yatak Odası,2026-05-02
Garden Toile Pamuklu Çarşaflı Tek Kişilik Nevresim Takımı 160x220 cm Bej,8999.99,Yatak Odası,2026-05-02
Garden Toile Pamuklu Çarşaflı Çift Kişilik Nevresim Takımı 200x220 cm Bej,9999.99,Yatak Odası,2026-05-02
Garden Veil Kolay Ütülenir Çarşaflı Tek Kişilik Nevresim Takımı 160x220 cm Pudra,1079.99,Yatak Odası,2026-05-02
Garden Veil Kolay Ütülenir Çarşaflı Tek Kişilik Nevresim Takımı 160x220 cm Yağ Yeşili,5999.99,Yatak Odası,2026-05-02
Garden Veil Kolay Ütülenir Çarşaflı Çift Kişilik Nevresim Takımı 200x220 cm Pudra,6999.99,Yatak Odası,2026-05-02
Garden Veil Kolay Ütülenir Çarşaflı Çift Kişilik Nevresim Takımı 200x220 cm Yağ Yeşili,6999.99,Yatak Odası,2026-05-02
Gentle Florals Kolay Ütülenir 2li Yastık Kılıfı 50x70 cm Mavi - Pembe,1499.99,Yatak Odası,2026-05-02
Gentle Florals Tek Kişilik Pike 150x220 cm Yeşil,3499.99,Yatak Odası,2026-05-02
Gentle Florals Çift Kişilik Pike 200x220 cm Yeşil,719.99,Yatak Odası,2026-05-02
Gentle Flower Pamuk Tek Kişilik Çarşaflı Nevresim Takımı 160x220 cm Yeşil-Mavi,6999.99,Yatak Odası,2026-05-02
Gentle Flower Pamuk Çift Kişilik Çarşaflı Nevresim Takımı 200x220 cm Yeşil-Mavi,1799.99,Yatak Odası,2026-05-02
Gentle Swirl Kolay Ütülenir Çarşaflı Tek Kişilik Nevresim Takımı 160x220 cm Sarı,959.99,Yatak Odası,2026-05-02
Gentle Swirl Kolay Ütülenir Çarşaflı Tek Kişilik Nevresim Takımı 160x220 cm Yeşil,5999.99,Yatak Odası,2026-05-02
Gentle Swirl Kolay Ütülenir Çarşaflı Çift Kişilik Nevresim Takımı 200x220 cm Sarı,1119.99,Yatak Odası,2026-05-02
Gentle Swirl Kolay Ütülenir Çarşaflı Çift Kişilik Nevresim Takımı 200x220 cm Yeşil,6999.99,Yatak Odası,2026-05-02
Geo Plaid Pamuklu 2li Yastık Kılıfı 50x70 cm Yeşil-Pembe,1499.99,Yatak Odası,2026-05-02
Geomora Kolay Ütülenir Tek Kişilik Çarşaflı Nevresim Takımı 160x220 cm Vizon,4999.99,Yatak Odası,2026-05-02
Geomora Kolay Ütülenir Çift Kişilik Çarşaflı Nevresim Takımı 200x220 cm Vizon,5999.99,Yatak Odası,2026-05-02
Glare Jakarlı Tek Kişilik Çarşaflı Nevresim Takımı 160x220 cm Bej,1599.99,Yatak Odası,2026-05-02
Glare Jakarlı Tek Kişilik Çarşaflı Nevresim Takımı 160x220 cm Beyaz,9999.99,Yatak Odası,2026-05-02
Glare Jakarlı Çift Kişilik Çarşaflı Nevresim Takımı 200x220 cm Beyaz,2079.99,Yatak Odası,2026-05-02
Glare King Size Çarşaflı Nevresim Takımı Beyaz,3239.99,Yatak Odası,2026-05-02
Glare Tek Kişilik Nevresim Takımı Yeşil,9999.99,Yatak Odası,2026-05-02
Glen Plaid İpliği Boyalı Tek Kişilik Çarşaflı Nevresim Takımı 160x220 cm Koyu Bej,8999.99,Yatak Odası,2026-05-02
Glen Plaid İpliği Boyalı Çift Kişilik Çarşaflı Nevresim Takımı 200x220 cm Koyu Bej,1979.99,Yatak Odası,2026-05-02
Glint Stripes İpliği Boyalı Tek Kişilik Çarşaflı Nevresim Takımı 160x220 cm Bej-Gri,1439.99,Yatak Odası,2026-05-02
Glint Stripes İpliği Boyalı Çift Kişilik Çarşaflı Nevresim Takımı 200x220 cm Bej-Gri,1979.99,Yatak Odası,2026-05-02
Glossline İpliği Boyalı Tek Kişilik Çarşaflı Nevresim Takımı 160x220 cm Gold,1439.99,Yatak Odası,2026-05-02
Glossline İpliği Boyalı Çift Kişilik Çarşaflı Nevresim Takımı 200x220 cm Gold,10999.99,Yatak Odası,2026-05-02
Glossy Kolay Ütülenir Perkal Tek Kişilik Çarşaflı Nevresim Takımı 160x220 cm Beyaz,1439.99,Yatak Odası,2026-05-02
Glossy Kolay Ütülenir Perkal Tek Kişilik Çarşaflı Nevresim Takımı 160x220 cm Gri,8999.99,Yatak Odası,2026-05-02
Glossy Kolay Ütülenir Perkal Tek Kişilik Çarşaflı Nevresim Takımı 160x220 cm Sisli Mürdüm,1439.99,Yatak Odası,2026-05-02
Glossy Kolay Ütülenir Perkal Çift Kişilik Çarşaflı Nevresim Takımı 200x220 cm Beyaz,1759.99,Yatak Odası,2026-05-02
Glossy Kolay Ütülenir Perkal Çift Kişilik Çarşaflı Nevresim Takımı 200x220 cm Gri,10999.99,Yatak Odası,2026-05-02
Glossy Kolay Ütülenir Perkal Çift Kişilik Çarşaflı Nevresim Takımı 200x220 cm Sisli Mürdüm,10999.99,Yatak Odası,2026-05-02
Glowing Bears Pamuklu Bebe Battaniye 100x120 cm Seledon,2249.99,Yatak Odası,2026-05-02
Golden Petals Kolay Ütülenir 2li Yastık Kılıfı 50x70 cm Sarı,1499.99,Yatak Odası,2026-05-02
Golden Petals Tek Kişilik Pike 150x220 cm Sarı,2499.99,Yatak Odası,2026-05-02
Golden Petals Çift Kişilik Pike 200x220 cm Sarı,2999.99,Yatak Odası,2026-05-02
Grandiose Ajurlu Perkal Çift Kişilik Çarşaflı Nevresim Takımı 200x220 cm Beyaz,14999.99,Yatak Odası,2026-05-02
Graphic Grid Kolay Ütülenir Tek Kişilik Çarşaflı Nevresim Takımı 160x220 cm Gri,959.99,Yatak Odası,2026-05-02
Graphic Grid Kolay Ütülenir Çift Kişilik Çarşaflı Nevresim Takımı 200x220 cm Gri,6999.99,Yatak Odası,2026-05-02
Green Harmony Baskılı Pamuklu Tek Kişilik Pike 150x220 cm Yeşil,3499.99,Yatak Odası,2026-05-02
Green Harmony Baskılı Pamuklu Çift Kişilik Pike 200x220 cm Yeşil,3999.99,Yatak Odası,2026-05-02
Green Harmony Kolay Ütülenir 2li Yastık Kılıfı 50x70 cm Yeşil,1249.99,Yatak Odası,2026-05-02
Gridline Kolay Ütülenir Çarşaflı Tek Kişilik Nevresim Takımı 160x220 cm Seledon-Mürdüm,5999.99,Yatak Odası,2026-05-02
Gridline Kolay Ütülenir Çarşaflı Tek Kişilik Nevresim Takımı 160x220 cm Yağ Yeşili- Mavi,5999.99,Yatak Odası,2026-05-02
Gridline Kolay Ütülenir Çarşaflı Çift Kişilik Nevresim Takımı 200x220 cm Seledon-Mürdüm,6999.99,Yatak Odası,2026-05-02
Gridline Kolay Ütülenir Çarşaflı Çift Kişilik Nevresim Takımı 200x220 cm Yağ Yeşili- Mavi,6999.99,Yatak Odası,2026-05-02
Gypsy Tek Kişilik Yatak Örtüsü Takımı Koyu Pembe,5024.9,Yatak Odası,2026-05-02
Harlem King Size Çok Amaçlı Örtü 240x220 cm Lacivert,4499.99,Yatak Odası,2026-05-02
Harlem Tek Kişilik Çok Amaçlı Örtü 160x220 cm Lacivert,559.99,Yatak Odası,2026-05-02
Harlem Çift Kişilik Çok Amaçlı Örtü 200x220 cm Lacivert,3999.99,Yatak Odası,2026-05-02
Heritage Grace Kolay Ütülenir Çarşaflı Tek Kişilik Nevresim Takımı 160x220 cm Haki,839.99,Yatak Odası,2026-05-02
Heritage Grace Kolay Ütülenir Çarşaflı Çift Kişilik Nevresim Takımı 200x220 cm Haki,1119.99,Yatak Odası,2026-05-02
Heritage blue Baskılı Pamuklu Tek Kişilik Pike 150x220 cm Mavi,719.99,Yatak Odası,2026-05-02
Heritage blue Baskılı Pamuklu Çift Kişilik Pike 200x220 cm Mavi,809.99,Yatak Odası,2026-05-02
Heritage blue Kolay Ütülenir 2li Yastık Kılıfı 50x70 cm Mavi,1499.99,Yatak Odası,2026-05-02
Icy Cool Touch Alez Yastık Kılıfı 50x70 cm Mavi,2999.99,Yatak Odası,2026-05-02
Imperial Lace Güpürlü Oxford King Size Çarşaflı Nevresim Takımı 240x220 cm Beyaz,3419.99,Yatak Odası,2026-05-02
Ivy Blush Kolay Ütülenir Çarşaflı Tek Kişilik Nevresim Takımı 160x220 cm Hardal,959.99,Yatak Odası,2026-05-02
Ivy Blush Kolay Ütülenir Çarşaflı Tek Kişilik Nevresim Takımı 160x220 cm Mor,4999.99,Yatak Odası,2026-05-02
Ivy Blush Kolay Ütülenir Çarşaflı Çift Kişilik Nevresim Takımı 200x220 cm Hardal,1119.99,Yatak Odası,2026-05-02
Ivy Blush Kolay Ütülenir Çarşaflı Çift Kişilik Nevresim Takımı 200x220 cm Mor,5999.99,Yatak Odası,2026-05-02
Jacobean Plaid Tek Kişilik Çok Amaçlı Örtü 160x220 cm Bordo,3499.99,Yatak Odası,2026-05-02
Jardin Belle Tek Kişilik Yatak Örtüsü Takımı 160x220 cm Bordo,9999.99,Yatak Odası,2026-05-02
Jardin Belle Çift Kişilik Yatak Örtüsü Takımı 200x220 cm Bordo,12499.99,Yatak Odası,2026-05-02
Jardin Lume King Size Çok Amaçlı Örtü 220x240 cm Yeşil,4499.99,Yatak Odası,2026-05-02
Jardin Lume Tek Kişilik Çok Amaçlı Örtü 160x220 cm Yeşil,629.99,Yatak Odası,2026-05-02
Jardin Lume Çift Kişilik Çok Amaçlı Örtü 200x220 cm Yeşil,719.99,Yatak Odası,2026-05-02
Jouyline Pamuklu Çarşaflı Tek Kişilik Nevresim Takımı 160x220 cm Yeşil,8999.99,Yatak Odası,2026-05-02
Jouyline Pamuklu Çarşaflı Çift Kişilik Nevresim Takımı 200x220 cm Yeşil,9999.99,Yatak Odası,2026-05-02
Knitline Pamuk Tek Kişilik Nevresim Takımı 160x220 cm Yeşil,7999.99,Yatak Odası,2026-05-02
Knitline Pamuk Çift Kişilik Çarşaflı Nevresim Takımı 200x220 cm Yeşil,10999.99,Yatak Odası,2026-05-02
Lace Elegance Kopanakili Perkal King Size Çarşaflı Nevresim Takımı 240x220 cm Beyaz,17499.99,Yatak Odası,2026-05-02
Lace Elegance Kopanakili Perkal King Size Çarşaflı Nevresim Takımı 240x220 cm Lila,17499.99,Yatak Odası,2026-05-02
Lace Elegance Kopanakili Perkal King Size Çarşaflı Nevresim Takımı 240x220 cm Yeşil,14999.99,Yatak Odası,2026-05-02
Lace Elegance Kopanakili Perkal Tek Kişilik Çarşaflı Nevresim Takımı 160x220 cm Beyaz,2159.99,Yatak Odası,2026-05-02
Lace Elegance Kopanakili Perkal Tek Kişilik Çarşaflı Nevresim Takımı 160x220 cm Lila,9999.99,Yatak Odası,2026-05-02
Lace Elegance Kopanakili Perkal Tek Kişilik Çarşaflı Nevresim Takımı 160x220 cm Yeşil,8999.99,Yatak Odası,2026-05-02
Lace Elegance Kopanakili Perkal Çift Kişilik Çarşaflı Nevresim Takımı 200x220 cm Lila,10999.99,Yatak Odası,2026-05-02
Lace Elegance Kopanakili Perkal Çift Kişilik Çarşaflı Nevresim Takımı 200x220 cm Yeşil,10999.99,Yatak Odası,2026-05-02
Layna Yün Alez Yastık Kılıfı 50x70 cm Krem,2749.99,Yatak Odası,2026-05-02
Layna Yün Yastık 50x70 cm Krem,7499.99,Yatak Odası,2026-05-02
Layna Yıkanabilir Yün Tek Kişilik Yorgan 155x215 cm Krem,11499.99,Yatak Odası,2026-05-02
Layna Yıkanabilir Yün Çift Kişilik Yorgan 195x215 cm Krem,14999.99,Yatak Odası,2026-05-02
Leaf Dream Kolay Ütülenir Tek Kişilik Nevresim Takımı 160x220 cm Mavi,5999.99,Yatak Odası,2026-05-02
Leaf Dream Kolay Ütülenir Tek Kişilik Çarşaflı Nevresim Takımı 160x220 cm Yeşil,959.99,Yatak Odası,2026-05-02
Leaf Dream Kolay Ütülenir Çift Kişilik Çarşaflı Nevresim Takımı 200x220 cm Mavi,1259.99,Yatak Odası,2026-05-02
Leaf Dream Kolay Ütülenir Çift Kişilik Çarşaflı Nevresim Takımı 200x220 cm Yeşil,6999.99,Yatak Odası,2026-05-02
Leafline Baskılı Pamuklu Tek Kişilik Pike 150x220 cm Yeşil,3499.99,Yatak Odası,2026-05-02
Leafline Baskılı Pamuklu Çift Kişilik Pike 200x220 cm Yeşil,3999.99,Yatak Odası,2026-05-02
Leafline Kolay Ütülenir 2li Yastık Kılıfı 50x70 cm Yeşil,1499.99,Yatak Odası,2026-05-02
Lemon Delight Tek Kişilik Çok Amaçlı Örtü 160x220 cm Sarı,2999.99,Yatak Odası,2026-05-02
Lemon Delight Çift Kişilik Çok Amaçlı Örtü 200x220 cm Sarı,3499.99,Yatak Odası,2026-05-02
Lilitha Kolay Ütülenir Tek Kişilik Nevresim Takımı 160x220 cm Lila,5999.99,Yatak Odası,2026-05-02
Lilitha Kolay Ütülenir Tek Kişilik Nevresim Takımı 160x220 cm Pudra,1079.99,Yatak Odası,2026-05-02
Lilitha Kolay Ütülenir Çift Kişilik Nevresim Takımı 200x220 cm Lila,6999.99,Yatak Odası,2026-05-02
Lilitha Kolay Ütülenir Çift Kişilik Nevresim Takımı 200x220 cm Pudra,6999.99,Yatak Odası,2026-05-02
Line Art Tek Kişilik Yatak Örtüsü Takımı Gri,3999.99,Yatak Odası,2026-05-02
Line Art Çift Kişilik Yatak Örtüsü Takımı Gri,5999.99,Yatak Odası,2026-05-02
Line Mesh İpliği Boyalı Tek Kişilik Çarşaflı Nevresim Takımı 160x220 cm Gri,8999.99,Yatak Odası,2026-05-02
Line Mesh İpliği Boyalı Çift Kişilik Çarşaflı Nevresim Takımı 200x220 cm Gri,10999.99,Yatak Odası,2026-05-02
Line Motion Kolay Ütülenir Tek Kişilik Çarşaflı Nevresim Takımı 160x220 cm Lacivert - Bej,5999.99,Yatak Odası,2026-05-02
Line Motion Kolay Ütülenir Çift Kişilik Çarşaflı Nevresim Takımı 200x220 cm Lacivert - Bej,7499.99,Yatak Odası,2026-05-02
Linescape Kolay Ütülenir Tek Kişilik Çarşaflı Nevresim Takımı 160x220 cm Açık Mavi,1169.99,Yatak Odası,2026-05-02
Linescape Kolay Ütülenir Çift Kişilik Çarşaflı Nevresim Takımı 200x220 cm Açık Mavi,1279.99,Yatak Odası,2026-05-02
Liny İpliği Boyalı Tek Kişilik Çarşaflı Nevresim Takımı 160x220 cm Terracotta,5499.99,Yatak Odası,2026-05-02
Liny İpliği Boyalı Çift Kişilik Çarşaflı Nevresim Takımı 200x220 cm Terracotta,1759.99,Yatak Odası,2026-05-02
Lior Tek Kişilik Pike 150x220 cm Sarı,629.99,Yatak Odası,2026-05-02
Lior Çift Kişilik Pike 200x220 cm Sarı,719.99,Yatak Odası,2026-05-02
Lior Çizgili Pamuk Saten Çift Kişilik Çarşaflı Nevresim Takımı 200x220 cm Beyaz,14999.99,Yatak Odası,2026-05-02
Love Bow Pamuklu Bebe Battaniye 100x120 cm Somon,2249.95,Yatak Odası,2026-05-02
Lumira Fiorito  King Size Çok Amaçlı Örtü 220x240 cm Açık Mavi,4499.99,Yatak Odası,2026-05-02
Lumira Fiorito  Tek Kişilik Çok Amaçlı Örtü 160x220 cm Açık Mavi,3499.99,Yatak Odası,2026-05-02
Lumira Fiorito  Çift Kişilik Çok Amaçlı Örtü 200x220 cm Açık Mavi,3999.99,Yatak Odası,2026-05-02
Lunar Waffle Mikrojel Yastık 50x70 cm Beyaz,3999.99,Yatak Odası,2026-05-02
Lush Blooms Kolay Ütülenir Çift Kişilik Nevresim Takımı 200x220 cm Lila-Yeşil,6999.99,Yatak Odası,2026-05-02
Lush Leopard Jakarlı Çift Kişilik Çarşaflı Nevresim Takımı 200x220 cm Bej,2519.99,Yatak Odası,2026-05-02
Luzia Tek Kişilik Pike 150x220 cm Mavi,2499.99,Yatak Odası,2026-05-02
Luzia Çift Kişilik Pike 200x220 cm Mavi,2999.99,Yatak Odası,2026-05-02
Maisy Baskılı Pamuklu Tek Kişilik Pike Takımı 150x220 cm Mavi,7999.99,Yatak Odası,2026-05-02
Maisy Baskılı Pamuklu Çift Kişilik Pike Takımı 200x220 cm Mavi,9999.99,Yatak Odası,2026-05-02
Marcel Tek Kişilik Pike Takımı 150x220 cm Mor,6499.99,Yatak Odası,2026-05-02
Marcel Çift Kişilik Pike Takımı 200x220 cm Mor,8999.99,Yatak Odası,2026-05-02
Maris Baskılı Pamuklu Tek Kişilik Pike 150x220 cm Mavi,719.99,Yatak Odası,2026-05-02
Maris Baskılı Pamuklu Çift Kişilik Pike 200x220 cm Mavi,899.99,Yatak Odası,2026-05-02
Meadow Magic Pamuk Tek Kişilik Çarşaflı Nevresim Takımı 160x220 cm Turuncu-Mavi,1119.99,Yatak Odası,2026-05-02
Medley Akrilik Pamuklu Tv Battaniye 130x170 cm Antrasit,2999.99,Yatak Odası,2026-05-02
Micell Pamuk Saten 2li Yastık Kılıfı 50x70 cm Gümüş,2249.99,Yatak Odası,2026-05-02
Micell Pamuk Saten 2li Yastık Kılıfı 50x70 cm Yeşil,1749.99,Yatak Odası,2026-05-02
Micell Pamuk Saten 2li Yastık Kılıfı Beyaz,1749.99,Yatak Odası,2026-05-02
Micell Pamuk Saten King Size Lastikli Çarşaf 180x200 cm Yeşil,4999.99,Yatak Odası,2026-05-02
Micell Pamuk Saten King Size Lastikli Çarşaf Antrasit,4499.99,Yatak Odası,2026-05-02
Micell Pamuk Saten King Size Nevresim Antrasit,5999.99,Yatak Odası,2026-05-02
Micell Pamuk Saten King Size Çarşaf 260x280 cm Gümüş,6499.99,Yatak Odası,2026-05-02
Micell Pamuk Saten Çift Kişilik Lastikli Çarşaf 160x200 cm Gümüş,4999.99,Yatak Odası,2026-05-02
Micell Pamuk Saten Çift Kişilik Lastikli Çarşaf 160x200 cm Yeşil,3499.99,Yatak Odası,2026-05-02
Micell Pamuk Saten Çift Kişilik Lastikli Çarşaf Antrasit,4249.99,Yatak Odası,2026-05-02
Micell Pamuk Saten Çift Kişilik Çarşaf 240x260 cm Gümüş,3499.99,Yatak Odası,2026-05-02
Micell Pamuk Saten Çift Kişilik Çarşaf 240x260 cm Yeşil,4749.99,Yatak Odası,2026-05-02
Mini Cachemire Tek Kişilik Yatak Örtüsü Takımı 160x220 cm Lacivert,3999.99,Yatak Odası,2026-05-02
Mini Cachemire  Çift Kişilik Yatak Örtüsü Takımı 200x220 cm Lacivert,5999.99,Yatak Odası,2026-05-02
Minibloss Pamuklu Tek Kişilik Nevresim Seti 160x220 cm Lila,5999.99,Yatak Odası,2026-05-02
Minibloss Pamuklu Çift Kişilik Nevresim Seti 200x220 cm Lila,1079.99,Yatak Odası,2026-05-02
Mira Blush King Size Çok Amaçlı Örtü 220x240 cm Fuşya,4499.99,Yatak Odası,2026-05-02
Mira Blush Tek Kişilik Çok Amaçlı Örtü 160x220 cm Fuşya,3499.99,Yatak Odası,2026-05-02
Mira Blush Çift Kişilik Çok Amaçlı Örtü 200x220 cm Fuşya,3999.99,Yatak Odası,2026-05-02
Misty Dream Dijital Baskılı Kolay Ütülenir  Çift Kişilik Çarşaflı Nevresim Takımı 200x220 cm Mor,1259.99,Yatak Odası,2026-05-02
Misty Dream Dijital Baskılı Kolay Ütülenir Çarşaflı Tek Kişilik Nevresim Takımı 160x220 cm Mor,959.99,Yatak Odası,2026-05-02
Misty Flora Tek Kişilik Çok Amaçlı Örtü 160x220 cm Açık Mavi,3499.99,Yatak Odası,2026-05-02
Misty Flora Çift Kişilik Çok Amaçlı Örtü 200x220 cm Açık Mavi,3999.99,Yatak Odası,2026-05-02
Misty Flora King Size Çok Amaçlı Örtü 220x240 cm Açık Mavi,4499.99,Yatak Odası,2026-05-02
Modern Braid Kolay Ütülenir Tek Kişilik Çarşaflı Nevresim Takımı 160x220 cm Yeşil-Mavi,1079.99,Yatak Odası,2026-05-02
Modern Braid Kolay Ütülenir Çift Kişilik Çarşaflı Nevresim Takımı 200x220 cm Yeşil-Mavi,7499.99,Yatak Odası,2026-05-02
Modern Check Pamuklu 2li Yastık Kılıfı 50x70 cm Mavi,1749.99,Yatak Odası,2026-05-02
Modern Frame Nakışlı Perkal King Size Çarşaflı Nevresim Takımı 240x220 cm Gold,19999.99,Yatak Odası,2026-05-02
Modern Frame Nakışlı Perkal King Size Çarşaflı Nevresim Takımı 240x220 cm Gümüş,19999.99,Yatak Odası,2026-05-02
Modern Frame Nakışlı Perkal Super King Çarşaflı Nevresim Takımı 260x220 cm Gold,18999.99,Yatak Odası,2026-05-02
Modern Frame Nakışlı Perkal Super King Çarşaflı Nevresim Takımı 260x220 cm Gümüş,18999.99,Yatak Odası,2026-05-02
Modern Harmony Armürlü King Size Çarşaflı Nevresim Takımı 240x220 cm Beyaz,10999.99,Yatak Odası,2026-05-02
Modern Harmony Armürlü Çift Kişilik Çarşaflı Nevresim Takımı 200x220 cm Beyaz,10999.99,Yatak Odası,2026-05-02
Modern Patch Pamuk Çift Kişilik Çarşaflı Nevresim Takımı Yeşil,7499.99,Yatak Odası,2026-05-02
Modern Strip Kolay Ütülenir Tek Kişilik Çarşaflı Nevresim Takımı 160x220 cm Yeşil,5999.99,Yatak Odası,2026-05-02
Mono Diamond İpliği Boyalı Tek Kişilik Çarşaflı Nevresim Takımı 160x220 cm Gri,1619.99,Yatak Odası,2026-05-02
Mono Diamond İpliği Boyalı Çift Kişilik Çarşaflı Nevresim Takımı 200x220 cm Gri,1979.99,Yatak Odası,2026-05-02
Mosa Blu Tek Kişilik Yatak Örtüsü Takımı 160x220 cm Lacivert,3999.99,Yatak Odası,2026-05-02
Mosa Blu Çift Kişilik Yatak Örtüsü Takımı 200x220 cm Lacivert,5999.99,Yatak Odası,2026-05-02
Mosaicca Kolay Ütülenir Tek Kişilik Nevresim Seti 160x220 cm Hardal-Yeşil,3999.99,Yatak Odası,2026-05-02
Mosaicca Kolay Ütülenir Çift Kişilik Nevresim Seti 200x220 cm Hardal-Yeşil,4499.99,Yatak Odası,2026-05-02
Mystic Noor Pamuk Tek Kişilik Çarşaflı Nevresim Takımı 160x220 cm Yeşil,7499.99,Yatak Odası,2026-05-02
Napline Pamuklu Kapitoneli Sıvı Geçirmez King Size Alez 180x200 cm Beyaz,1619.99,Yatak Odası,2026-05-02
Napline Pamuklu Kapitoneli Sıvı Geçirmez Tek Kişilik Alez 100x200 cm Beyaz,839.99,Yatak Odası,2026-05-02
Napline Pamuklu Kapitoneli Sıvı Geçirmez Çift Kişilik Alez 160x200 cm Beyaz,9999.99,Yatak Odası,2026-05-02
Natur Baskılı Tek Kişilik Pike Takımı 150x220 cm Yeşil,7499.99,Yatak Odası,2026-05-02
Natur Baskılı Çift Kişilik Pike Takımı 200x220 cm Yeşil,8999.99,Yatak Odası,2026-05-02
Natural Plaid Kolay Ütülenir Tek Kişilik Çarşaflı Nevresim Takımı 160x220 cm Koyu Bej,1079.99,Yatak Odası,2026-05-02
Natural Whirl Kolay Ütülenir Tek Kişilik Çarşaflı Nevresim Takımı 160x220 cm Mavi - Bej,5999.99,Yatak Odası,2026-05-02
Natures Palette Çift Taraflı Pamuklu Çift Kişilik Nevresim Seti 200x220 cm Hardal-Yeşil,4999.99,Yatak Odası,2026-05-02
Novella Premium Pamuk Dokulu 2li Yastık Kılıfı 50x70 cm Açık Mavi,1499.99,Yatak Odası,2026-05-02
Novella Premium Pamuk Dokulu 2li Yastık Kılıfı 50x70 cm Açık Yeşil,1249.99,Yatak Odası,2026-05-02
Novella Premium Pamuk Dokulu 2li Yastık Kılıfı 50x70 cm Beyaz,1249.99,Yatak Odası,2026-05-02
Novella Premium Pamuk Dokulu 2li Yastık Kılıfı 50x70 cm Krem,1399.99,Yatak Odası,2026-05-02
Novella Premium Pamuk Dokulu 2li Yastık Kılıfı 50x70 cm Lila,1499.99,Yatak Odası,2026-05-02
Novella Premium Pamuk Dokulu Tek Kişilik Lastikli Çarşaf 100x200 cm Açık Mavi,1399.95,Yatak Odası,2026-05-02
Novella Premium Pamuk Dokulu Tek Kişilik Lastikli Çarşaf 100x200 cm Açık Yeşil,1999.95,Yatak Odası,2026-05-02
Novella Premium Pamuk Dokulu Tek Kişilik Lastikli Çarşaf 100x200 cm Beyaz,2499.99,Yatak Odası,2026-05-02
Novella Premium Pamuk Dokulu Tek Kişilik Lastikli Çarşaf 100x200 cm Krem,2499.99,Yatak Odası,2026-05-02
Novella Premium Pamuk Dokulu Tek Kişilik Lastikli Çarşaf 100x200 cm Lila,2499.99,Yatak Odası,2026-05-02
Novella Premium Pamuk Dokulu Tek Kişilik Lastikli Çarşaf Takımı Beyaz,2077.45,Yatak Odası,2026-05-02
Novella Premium Pamuk Dokulu Çift Kişilik Lastikli Çarşaf 160x200 cm Açık Mavi,1899.95,Yatak Odası,2026-05-02
Novella Premium Pamuk Dokulu Çift Kişilik Lastikli Çarşaf 160x200 cm Açık Yeşil,2999.99,Yatak Odası,2026-05-02
Novella Premium Pamuk Dokulu Çift Kişilik Lastikli Çarşaf 160x200 cm Beyaz,2499.99,Yatak Odası,2026-05-02
Novella Premium Pamuk Dokulu Çift Kişilik Lastikli Çarşaf 160x200 cm Krem,2999.99,Yatak Odası,2026-05-02
Novella Premium Pamuk Dokulu Çift Kişilik Lastikli Çarşaf 160x200 cm Lila,2999.99,Yatak Odası,2026-05-02
Novella Premium Pamuklu 2li Yastık Kılıfı 50x70 cm Açık Sarı,1499.99,Yatak Odası,2026-05-02
Novella Premium Pamuklu 2li Yastık Kılıfı 50x70 cm Denim Mavi,1749.99,Yatak Odası,2026-05-02
Novella Premium Pamuklu 2li Yastık Kılıfı 50x70 cm Koyu Seledon,1749.99,Yatak Odası,2026-05-02
Novella Premium Pamuklu 2li Yastık Kılıfı 50x70 cm Toz Pembe,1749.99,Yatak Odası,2026-05-02
Novella Premium Pamuklu King Size Lastikli Çarşaf 180x200 cm Açık Mavi,3249.99,Yatak Odası,2026-05-02
Novella Premium Pamuklu King Size Lastikli Çarşaf 180x200 cm Açık Sarı,3749.99,Yatak Odası,2026-05-02
Novella Premium Pamuklu King Size Lastikli Çarşaf 180x200 cm Açık Yeşil,3249.99,Yatak Odası,2026-05-02
Novella Premium Pamuklu King Size Lastikli Çarşaf 180x200 cm Beyaz,3249.99,Yatak Odası,2026-05-02
Novella Premium Pamuklu King Size Lastikli Çarşaf 180x200 cm Denim Mavi,3749.99,Yatak Odası,2026-05-02
Novella Premium Pamuklu King Size Lastikli Çarşaf 180x200 cm Koyu Seledon,3749.99,Yatak Odası,2026-05-02
Novella Premium Pamuklu King Size Lastikli Çarşaf 180x200 cm Krem,3749.99,Yatak Odası,2026-05-02
Novella Premium Pamuklu King Size Lastikli Çarşaf 180x200 cm Lila,3749.99,Yatak Odası,2026-05-02
Novella Premium Pamuklu King Size Lastikli Çarşaf 180x200 cm Toz Pembe,3749.99,Yatak Odası,2026-05-02
Novella Premium Pamuklu Tek Kişilik Lastikli Çarşaf 100x200 cm Açık Sarı,2499.99,Yatak Odası,2026-05-02
Novella Premium Pamuklu Tek Kişilik Lastikli Çarşaf 100x200 cm Denim Mavi,2499.99,Yatak Odası,2026-05-02
Novella Premium Pamuklu Tek Kişilik Lastikli Çarşaf 100x200 cm Koyu Seledon,2499.99,Yatak Odası,2026-05-02
Novella Premium Pamuklu Tek Kişilik Lastikli Çarşaf 100x200 cm Toz Pembe,2499.99,Yatak Odası,2026-05-02
Novella Premium Pamuklu Tek Kişilik Plus Lastikli Çarşaf 120x200 cm Açık Mavi,1749.95,Yatak Odası,2026-05-02
Novella Premium Pamuklu Tek Kişilik Plus Lastikli Çarşaf 120x200 cm Açık Sarı,2749.99,Yatak Odası,2026-05-02
Novella Premium Pamuklu Tek Kişilik Plus Lastikli Çarşaf 120x200 cm Açık Yeşil,2249.95,Yatak Odası,2026-05-02
Novella Premium Pamuklu Tek Kişilik Plus Lastikli Çarşaf 120x200 cm Beyaz,3049.99,Yatak Odası,2026-05-02
Novella Premium Pamuklu Tek Kişilik Plus Lastikli Çarşaf 120x200 cm Denim Mavi,2999.99,Yatak Odası,2026-05-02
Novella Premium Pamuklu Tek Kişilik Plus Lastikli Çarşaf 120x200 cm Koyu Seledon,2749.99,Yatak Odası,2026-05-02
Novella Premium Pamuklu Tek Kişilik Plus Lastikli Çarşaf 120x200 cm Krem,2999.99,Yatak Odası,2026-05-02
Novella Premium Pamuklu Tek Kişilik Plus Lastikli Çarşaf 120x200 cm Lila,2999.99,Yatak Odası,2026-05-02
Novella Premium Pamuklu Tek Kişilik Plus Lastikli Çarşaf 120x200 cm Toz Pembe,2749.99,Yatak Odası,2026-05-02
Novella Premium Pamuklu Çift Kişilik Lastikli Çarşaf 160x200 cm Açık Sarı,2999.99,Yatak Odası,2026-05-02
Novella Premium Pamuklu Çift Kişilik Lastikli Çarşaf 160x200 cm Denim Mavi,2999.99,Yatak Odası,2026-05-02
Novella Premium Pamuklu Çift Kişilik Lastikli Çarşaf 160x200 cm Koyu Seledon,2999.99,Yatak Odası,2026-05-02
Novella Premium Pamuklu Çift Kişilik Lastikli Çarşaf 160x200 cm Toz Pembe,2999.99,Yatak Odası,2026-05-02
Nuit Paisley Tek Kişilik Yatak Örtüsü Takımı 160x220 cm Mavi,3999.99,Yatak Odası,2026-05-02
Nuit Paisley Çift Kişilik Yatak Örtüsü Takımı 200x220 cm Mavi,5999.99,Yatak Odası,2026-05-02
Paisley Celeste  King Size Çok Amaçlı Örtü 220x240 cm Mavi,4999.99,Yatak Odası,2026-05-02
Paisley Celeste  Tek Kişilik Çok Amaçlı Örtü 160x220 cm Mavi,3499.99,Yatak Odası,2026-05-02
Paisley Celeste  Çift Kişilik Çok Amaçlı Örtü 200x220 cm Mavi,3999.99,Yatak Odası,2026-05-02
Pamuklu Kapitoneli Alez Yastık Kılıfı 50x70 cm Beyaz,1249.99,Yatak Odası,2026-05-02
Parallel Patch Kolay Ütülenir Tek Kişilik Çarşaflı Nevresim Takımı 160x220 cm Koyu Mavi-Seledon,5999.99,Yatak Odası,2026-05-02
Pastoral Patch Pamuklu Çarşaflı Tek Kişilik Nevresim Takımı 160x220 cm Yeşil,1439.99,Yatak Odası,2026-05-02
Pastoral Patch Pamuklu Çarşaflı Çift Kişilik Nevresim Takımı 200x220 cm Yeşil,9999.99,Yatak Odası,2026-05-02
Patch Bouquet Çift Taraflı Pamuklu Çift Kişilik Nevresim Seti 200x220 cm Yeşil-Sarı,6499.99,Yatak Odası,2026-05-02
Patch Line King Size Çok Amaçlı Örtü 240x220 cm Lacivert,4499.99,Yatak Odası,2026-05-02
Patch Line Çift Kişilik Çok Amaçlı Örtü 200x220 cm Lacivert,3999.99,Yatak Odası,2026-05-02
Patch Line Çift Taraflı Tek Kişilik Çok Amaçlı Örtü Lacivert,3499.99,Yatak Odası,2026-05-02
Patch Mosaic Tek Kişilik Çok Amaçlı Örtü 160x220 cm Mavi,3999.99,Yatak Odası,2026-05-02
Patch Mosaic Çift Kişilik Çok Amaçlı Örtü 200x220 cm Mavi,4999.99,Yatak Odası,2026-05-02
Patch Square Tek Kişilik Çok Amaçlı Örtü 160x220 cm Yeşil,3999.99,Yatak Odası,2026-05-02
Patch Square Çift Kişilik Çok Amaçlı Örtü 200x220 cm Yeşil,4999.99,Yatak Odası,2026-05-02
Patchform Kolay Ütülenir Tek Kişilik Nevresim Seti 160x220 cm Mavi – Bordo,3499.99,Yatak Odası,2026-05-02
Patchform Kolay Ütülenir Çift Kişilik Nevresim Seti 200x220 cm Mavi – Bordo,3999.99,Yatak Odası,2026-05-02
Pear Garden Baskılı Tek Kişilik Pike Takımı 150x220 cm Yeşil,8149.95,Yatak Odası,2026-05-02
Pear Garden Baskılı Çift Kişilik Pike Takımı 200x220 cm Yeşil,8149.95,Yatak Odası,2026-05-02
Penny Bloom King Size Çok Amaçlı Örtü 220x240 cm Mor,4499.99,Yatak Odası,2026-05-02
Penny Bloom Tek Kişilik Çok Amaçlı Örtü 160x220 cm Mor,3499.99,Yatak Odası,2026-05-02
Penny Bloom Çift Kişilik Çok Amaçlı Örtü 200x220 cm Mor,559.99,Yatak Odası,2026-05-02
Pesca Wave  King Size Çok Amaçlı Örtü 220x240 cm Mavi,4999.99,Yatak Odası,2026-05-02
Pesca Wave  Tek Kişilik Çok Amaçlı Örtü 160x220 cm Mavi,3499.99,Yatak Odası,2026-05-02
Pesca Wave  Çift Kişilik Çok Amaçlı Örtü 200x220 cm Mavi,3999.99,Yatak Odası,2026-05-02
Petal Bouquet Kolay Ütülenir Çarşaflı Tek Kişilik Nevresim Takımı 160x220 cm Hardal,5999.99,Yatak Odası,2026-05-02
Petal Bouquet Kolay Ütülenir Çarşaflı Çift Kişilik Nevresim Takımı 200x220 cm Hardal,6999.99,Yatak Odası,2026-05-02
Petit Chamomile Baskılı Tek Kişilik Pike Takımı 150x220 cm Pembe,8149.95,Yatak Odası,2026-05-02
Petit Chamomile Baskılı Çift Kişilik Pike Takımı 200x220 cm Pembe,8149.95,Yatak Odası,2026-05-02
Petit Check Pamuklu 2li Yastık Kılıfı 50x70 cm Sarı-Yeşil,1749.99,Yatak Odası,2026-05-02
Petit Check Pamuklu 2li Yastık Kılıfı 50x70 cm Yeşil-Mavi,1499.99,Yatak Odası,2026-05-02
Petty Chic Kolay Ütülenir Tek Kişilik Nevresim Seti 160x220 cm Açık Sarı,3499.99,Yatak Odası,2026-05-02
Petty Chic Kolay Ütülenir Çift Kişilik Nevresim Seti 200x220 cm Açık Sarı,3999.99,Yatak Odası,2026-05-02
Petty Chic Çift Kişilik Pike 200x220 cm Yeşil,720.0,Yatak Odası,2026-05-02
Pied de poule İpliği Boyalı Tek Kişilik Çarşaflı Nevresim Takımı 160x220 cm Bej,1539.99,Yatak Odası,2026-05-02
Pied de poule İpliği Boyalı Çift Kişilik Çarşaflı Nevresim Takımı 200x220 cm Bej,2239.99,Yatak Odası,2026-05-02
Pincheck İpliği Boyalı Tek Kişilik Çarşaflı Nevresim Takımı 160x220 cm Mavi,8999.99,Yatak Odası,2026-05-02
Pincheck İpliği Boyalı Çift Kişilik Çarşaflı Nevresim Takımı 200x220 cm Mavi,1979.99,Yatak Odası,2026-05-02
Pine Serenity Dijital Baskılı Pamuklu Tek Kişilik Çarşaflı Nevresim Takımı 160x220 cm Yeşil,1759.99,Yatak Odası,2026-05-02
Pine Serenity Dijital Baskılı Pamuklu Çift Kişilik Çarşaflı Nevresim Takımı 200x220 cm Yeşil,1959.99,Yatak Odası,2026-05-02
Pixel Tek Kişilik Pike 150x220 cm Mor,629.99,Yatak Odası,2026-05-02
Pixel Çift Kişilik Pike 200x220 cm Mor,719.99,Yatak Odası,2026-05-02
Plaid Wave Kolay Ütülenir Çift Kişilik Çarşaflı Nevresim Takımı 200x220 cm Gri,6999.99,Yatak Odası,2026-05-02
Plaid Zone Pamuklu 2li Yastık Kılıfı 50x70 cm Yeşil,1499.99,Yatak Odası,2026-05-02
Plain Mikrofiber Çift Kişilik Yastık Yorgan Takımı 195x215 cm Beyaz,4999.99,Yatak Odası,2026-05-02
Plain Pamuk King Size Lastikli Çarşaf Takımı 180x200 cm Heritage Yeşili,4749.99,Yatak Odası,2026-05-02
Plain Pamuk King Size Lastikli Çarşaf Takımı 180x200 cm Lavanta,4749.99,Yatak Odası,2026-05-02
Plain Pamuk King Size Lastikli Çarşaf Takımı 180x200 cm Ortanca Mavi,4749.99,Yatak Odası,2026-05-02
Plain Pamuk Tek Kişilik Lastikli Çarşaf Takımı 100x200 cm Heritage Yeşili,2499.99,Yatak Odası,2026-05-02
Plain Pamuk Tek Kişilik Lastikli Çarşaf Takımı 100x200 cm Lavanta,2499.99,Yatak Odası,2026-05-02
Plain Pamuk Tek Kişilik Lastikli Çarşaf Takımı 100x200 cm Ortanca Mavi,3249.99,Yatak Odası,2026-05-02
Plain Pamuk Çarşaflı Çift Kişilik Nevresim Takımı 200x220 cm Gri-Sarı,10999.99,Yatak Odası,2026-05-02
Plain Pamuk Çarşaflı Çift Kişilik Nevresim Takımı 200x220 cm Mavi-Turuncu,10999.99,Yatak Odası,2026-05-02
Plain Pamuk Çift Kişilik Lastikli Çarşaf Takımı 160x200 cm Heritage Yeşili,4499.99,Yatak Odası,2026-05-02
Plain Pamuk Çift Kişilik Lastikli Çarşaf Takımı 160x200 cm Lavanta,3499.99,Yatak Odası,2026-05-02
Plain Pamuk Çift Kişilik Lastikli Çarşaf Takımı 160x200 cm Ortanca Mavi,4499.99,Yatak Odası,2026-05-02
Plain Pamuklu Oxford Tekli Yastık Kılıfı 80x80 cm Toz Pembe,1324.9,Yatak Odası,2026-05-02
Plain Pamuklu Oxford Tekli Yastık Kılıfı Gece Mavisi,849.95,Yatak Odası,2026-05-02
Poemy Kolay Ütülenir Tek Kişilik Nevresim Seti 160x220 cm Turuncu-Mavi,3499.99,Yatak Odası,2026-05-02
Poemy Kolay Ütülenir Çift Kişilik Nevresim Seti 200x220 cm Turuncu-Mavi,3999.99,Yatak Odası,2026-05-02
Poffy Bunny Pamuklu Bebe Battaniye 100x120 cm Mavi,2249.99,Yatak Odası,2026-05-02
Pop Grid Kolay Ütülenir Tek Kişilik Nevresim Seti 160x220 cm Lila-Yeşil,3499.99,Yatak Odası,2026-05-02
Pop Grid Kolay Ütülenir Çift Kişilik Nevresim Seti 200x220 cm Lila-Yeşil,4499.99,Yatak Odası,2026-05-02
Pop Grid Kolay Ütülenir Çift Kişilik Nevresim Seti 200x220 cm Mavi - Yeşil,3999.99,Yatak Odası,2026-05-02
Poppy Happiness Çok Amaçlı Tek Kişilik Yatak Örtüsü Takımı 160x220 cm Pembe,5024.9,Yatak Odası,2026-05-02
Posy Flowers Tek Kişilik Pike Takımı 150x220 cm Sarı,6999.99,Yatak Odası,2026-05-02
Posy Flowers Çift Kişilik Pike Takımı 200x220 cm Sarı,8999.99,Yatak Odası,2026-05-02
Posy Garden Baskılı Pamuklu Tek Kişilik Pike 150x220 cm Kırmızı,2999.99,Yatak Odası,2026-05-02
Posy Garden Baskılı Pamuklu Çift Kişilik Pike 200x220 cm Kırmızı,3499.99,Yatak Odası,2026-05-02
Premium Mikrojel Tek Kişilik Yorgan 155x215 cm Beyaz,5999.99,Yatak Odası,2026-05-02
Premium Mikrojel Yastık 50x70 cm Beyaz,899.99,Yatak Odası,2026-05-02
Premium Mikrojel Çift Kişilik Yorgan 195x215 cm Beyaz,6999.99,Yatak Odası,2026-05-02
Pretty Loop Kolay Ütülenir Çarşaflı  Çift Kişilik Nevresim Takımı 200x220 cm Sarı-Yeşil,7999.99,Yatak Odası,2026-05-02
Pretty Loop Kolay Ütülenir Çarşaflı Tek Kişilik Nevresim Takımı 160x220 cm Sarı-Yeşil,6499.99,Yatak Odası,2026-05-02
Prime Klimalı Visco Yastık 40x60x15 cm Beyaz-Gold,8999.99,Yatak Odası,2026-05-02
Promise Of Spring Kolay Ütülenir Tek Kişilik Çarşaflı Nevresim Takımı 160x220 cm Lila,839.99,Yatak Odası,2026-05-02
Promise Of Spring Kolay Ütülenir Tek Kişilik Çarşaflı Nevresim Takımı 160x220 cm Turuncu,5999.99,Yatak Odası,2026-05-02
Pure Leaves Ecosoft Tek Kişilik Pike 150x220 cm Bej,2499.99,Yatak Odası,2026-05-02
Pure Leaves Ecosoft Tek Kişilik Pike 150x220 cm Mavi,2499.99,Yatak Odası,2026-05-02
Pure Leaves Ecosoft Çift Kişilik Pike 200x220 cm Bej,2999.99,Yatak Odası,2026-05-02
Pure Leaves Ecosoft Çift Kişilik Pike 200x220 cm Mavi,2999.99,Yatak Odası,2026-05-02
Pure Leaves Kolay Ütülenir 2li Yastık Kılıfı 50x70 cm Bej,1749.99,Yatak Odası,2026-05-02
Pure Leaves Kolay Ütülenir 2li Yastık Kılıfı 50x70 cm Mavi,1499.99,Yatak Odası,2026-05-02
Pure Line Kolay Ütülenir Çift Kişilik Çarşaflı Nevresim Takımı 200x220 cm Bej,7499.99,Yatak Odası,2026-05-02
Pure Pamuklu 2li Yastık Kılıfı 50x70 cm Beyaz,1749.99,Yatak Odası,2026-05-02
Pure Pamuklu 2li Yastık Kılıfı 50x70 cm Gece Mavisi,2499.99,Yatak Odası,2026-05-02
Pure Pamuklu 2li Yastık Kılıfı 50x70 cm Kahve Köpüğü,1749.99,Yatak Odası,2026-05-02
Pure Pamuklu 2li Yastık Kılıfı 50x70 cm Toz Pembe,1749.99,Yatak Odası,2026-05-02
Pure Pamuklu 2li Yastık Kılıfı 50x70 cm Çakıl Taşı,2499.99,Yatak Odası,2026-05-02
Pure Pamuklu 2li Yastık Kılıfı 50x70 cm Çağla Yeşili,2499.99,Yatak Odası,2026-05-02
Pure Pamuklu King Size Lastikli Çarşaf 180x200 cm Beyaz,4499.99,Yatak Odası,2026-05-02
Pure Pamuklu King Size Lastikli Çarşaf 180x200 cm Gece Mavisi,4499.99,Yatak Odası,2026-05-02
Pure Pamuklu King Size Lastikli Çarşaf 180x200 cm Çakıl Taşı,4499.99,Yatak Odası,2026-05-02
Pure Pamuklu King Size Lastikli Çarşaf 180x200 cm Çağla Yeşili,4499.99,Yatak Odası,2026-05-02
Pure Pamuklu Tek Kişilik Lastikli Çarşaf 100x200 cm Beyaz,3499.99,Yatak Odası,2026-05-02
Pure Pamuklu Tek Kişilik Lastikli Çarşaf 100x200 cm Gece Mavisi,3499.99,Yatak Odası,2026-05-02
Pure Pamuklu Tek Kişilik Lastikli Çarşaf 100x200 cm Çakıl Taşı,3499.99,Yatak Odası,2026-05-02
Pure Pamuklu Tek Kişilik Lastikli Çarşaf 100x200 cm Çağla Yeşili,3499.99,Yatak Odası,2026-05-02
Pure Pamuklu Tek Kişilik Plus Lastikli Çarşaf 120x200 cm Beyaz,3749.99,Yatak Odası,2026-05-02
Pure Pamuklu Tek Kişilik Plus Lastikli Çarşaf 120x200 cm Gece Mavisi,3749.99,Yatak Odası,2026-05-02
Pure Pamuklu Tek Kişilik Plus Lastikli Çarşaf 120x200 cm Çakıl Taşı,3749.99,Yatak Odası,2026-05-02
Pure Pamuklu Tek Kişilik Plus Lastikli Çarşaf 120x200 cm Çağla Yeşili,3749.99,Yatak Odası,2026-05-02
Pure Pamuklu Çift Kişilik Lastikli Çarşaf 160x200 cm Beyaz,3999.99,Yatak Odası,2026-05-02
Pure Pamuklu Çift Kişilik Lastikli Çarşaf 160x200 cm Gece Mavisi,3999.99,Yatak Odası,2026-05-02
Pure Pamuklu Çift Kişilik Lastikli Çarşaf 160x200 cm Çakıl Taşı,3999.99,Yatak Odası,2026-05-02
Pure Pamuklu Çift Kişilik Lastikli Çarşaf 160x200 cm Çağla Yeşili,3999.99,Yatak Odası,2026-05-02
Pure Stripe İpliği Boyalı Tek Kişilik Çarşaflı Nevresim Takımı 160x220 cm Yeşil,5499.99,Yatak Odası,2026-05-02
Pure Summer Baskılı Pamuklu Tek Kişilik Pike Takımı 150x220 cm Mavi,6499.99,Yatak Odası,2026-05-02
Pure Summer Baskılı Pamuklu Çift Kişilik Pike Takımı 200x220 cm Mavi,8999.99,Yatak Odası,2026-05-02
Pure Wings  Kolay Ütülenir Çift Kişilik Nevresim Seti 200x220 cm Hardal-Yeşil,3999.99,Yatak Odası,2026-05-02
Relax Visco Yastık 55x35x12 cm Ekru,7499.99,Yatak Odası,2026-05-02
Resty Visco Yastık 37x54 cm Beyaz,639.99,Yatak Odası,2026-05-02
Rhythmic Line Kolay Ütülenir Tek Kişilik Çarşaflı Nevresim Takımı 160x220 cm Turuncu-yeşil,839.99,Yatak Odası,2026-05-02
Rhythmic Line Kolay Ütülenir Çift Kişilik Çarşaflı Nevresim Takımı 200x220 cm Turuncu-yeşil,1119.99,Yatak Odası,2026-05-02
Ripple Bloom  Tek Kişilik Çok Amaçlı Örtü 160x220 cm Turuncu,629.99,Yatak Odası,2026-05-02
Ripple Bloom King Size Çok Amaçlı Örtü 220x240 cm Turuncu,809.99,Yatak Odası,2026-05-02
Ripple Bloom Çift Kişilik Çok Amaçlı Örtü 200x220 cm Turuncu,719.99,Yatak Odası,2026-05-02
Romance Ribbon Çift Kişilik Pike 200x220 cm Mavi,2999.99,Yatak Odası,2026-05-02
Rose Bright Dijital Baskılı Kolay Ütülenir  Tek Kişilik Çarşaflı Nevresim Takımı 160x220 cm Kahverengi,1079.99,Yatak Odası,2026-05-02
Rose Bright Dijital Baskılı Kolay Ütülenir  Çift Kişilik Çarşaflı Nevresim Takımı 200x220 cm Kahverengi,1439.99,Yatak Odası,2026-05-02
Rosy Glow Pamuk Tek Kişilik Çarşaflı Nevresim Takımı 160x220 cm Yeşil,7499.99,Yatak Odası,2026-05-02
Royal Elegance Jakarlı Çift Kişilik Yatak Örtüsü Takımı 240x260 cm Antrasit,14999.99,Yatak Odası,2026-05-02
Royal Leafage Nakışlı Pamuk King Size Çarşaflı Nevresim Takımı 240x220 cm Beyaz,20999.99,Yatak Odası,2026-05-02
Ruby Garden Flanel Tek Kişilik Çarşaflı Nevresim Takımı 160x220 cm Koyu Yeşil,1819.99,Yatak Odası,2026-05-02
Ruby Garden Flanel Çift Kişilik Çarşaflı Nevresim Takımı 200x220 cm Koyu Yeşil,2559.99,Yatak Odası,2026-05-02
Rustic Blossom Pamuk Çift Kişilik Çarşaflı Nevresim Takımı 200x220 cm Lila - Bej,6249.99,Yatak Odası,2026-05-02
Rustic Blossom Çift Taraflı Çarşaflı Tek Kişilik Nevresim Takımı 160x220 Lila-Bej,4999.99,Yatak Odası,2026-05-02
Saige Scotch Tv Battaniye 110x170 cm Bej,2249.99,Yatak Odası,2026-05-02
Scarlet Bloom Çift Kişilik Yatak Örtüsü Takımı 200x220 cm Kırmızı,5999.99,Yatak Odası,2026-05-02
Scarlet Bloom  Tek Kişilik Yatak Örtüsü Takımı 160x220 cm Kırmızı,3999.99,Yatak Odası,2026-05-02
Scroll Flowers Çift Taraflı Tek Kişilik Yatak Örtüsü Takımı Yeşil,5024.9,Yatak Odası,2026-05-02
Sea Marine Kolay Ütülenir Tek Kişilik Çarşaflı Nevresim Takımı 160x220 cm Mavi - Bej,5999.99,Yatak Odası,2026-05-02
Sea Marine Kolay Ütülenir Çift Kişilik Çarşaflı Nevresim Takımı 200x220 cm Mavi - Bej,6999.99,Yatak Odası,2026-05-02
Seaside Serenity King Size Çok Amaçlı Örtü 220x240 cm Mavi,4999.99,Yatak Odası,2026-05-02
Seaside Serenity Tek Kişilik Çok Amaçlı Örtü 160x220 cm Mavi,3499.99,Yatak Odası,2026-05-02
Seaside Serenity Çift Kişilik Çok Amaçlı Örtü 200x220 cm Mavi,3999.99,Yatak Odası,2026-05-02
Serena Baskılı Pamuklu Tek Kişilik Pike Takımı 150x220 cm Pembe,7999.99,Yatak Odası,2026-05-02
Serena Baskılı Pamuklu Çift Kişilik Pike Takımı 200x220 cm Pembe,8999.99,Yatak Odası,2026-05-02
Serenade Kolay Ütülenir Tek Kişilik Nevresim Seti 160x220 cm Yeşil,719.99,Yatak Odası,2026-05-02
Serenade Kolay Ütülenir Çift Kişilik Nevresim Seti 200x220 cm Yeşil,4499.99,Yatak Odası,2026-05-02
Serene Bliss Perkal King Size Çarşaflı Nevresim Takımı 240x220 cm Beyaz,16999.99,Yatak Odası,2026-05-02
Serene Bliss Perkal Çift Kişilik Çarşaflı Nevresim Takımı 200x220 cm Beyaz,13999.99,Yatak Odası,2026-05-02
Serene Stripes Pamuklu 2li Yastık Kılıfı 50x70 cm Lacivert,1249.99,Yatak Odası,2026-05-02
Serene Stripes Pamuklu 2li Yastık Kılıfı 50x70 cm Pembe,1249.99,Yatak Odası,2026-05-02
Serene Stripes Pamuklu Tek Kişilik Lastikli Çarşaf 100x200 cm Lacivert,2749.99,Yatak Odası,2026-05-02
Serene Stripes Pamuklu Tek Kişilik Lastikli Çarşaf 100x200 cm Pembe,2749.99,Yatak Odası,2026-05-02
Serene Stripes Pamuklu Çift Kişilik Lastikli Çarşaf 160x200 cm Lacivert,2749.99,Yatak Odası,2026-05-02
Serene Stripes Pamuklu Çift Kişilik Lastikli Çarşaf 160x200 cm Pembe,2999.99,Yatak Odası,2026-05-02
Siesta Mikrofiber Tek Kişilik Yorgan 155x215 cm Beyaz,2749.99,Yatak Odası,2026-05-02
Siesta Mikrofiber Çift Kişilik Yorgan 195x215 cm Beyaz,2999.99,Yatak Odası,2026-05-02
Silva Baskılı Pamuklu Tek Kişilik Pike 150x220 cm Pembe,719.99,Yatak Odası,2026-05-02
Silva Baskılı Pamuklu Çift Kişilik Pike 200x220 cm Pembe,809.99,Yatak Odası,2026-05-02
Silva Kolay Ütülenir 2li Yastık Kılıfı 50x70 cm Pembe,1499.99,Yatak Odası,2026-05-02
Simple Checks Kolay Ütülenir Tek Kişilik Çarşaflı Nevresim Takımı 160x220 cm Gri,5999.99,Yatak Odası,2026-05-02
Simple Checks Kolay Ütülenir Tek Kişilik Çarşaflı Nevresim Takımı 160x220 cm Seledon,1079.99,Yatak Odası,2026-05-02
Simple Checks Kolay Ütülenir Çarşaflı Tek Kişilik Nevresim Takımı 160x220 cm Kahverengi,5999.99,Yatak Odası,2026-05-02
Simple Checks Kolay Ütülenir Çarşaflı Çift Kişilik Nevresim Takımı 200x220 cm Kahverengi,6999.99,Yatak Odası,2026-05-02
Simple Checks Kolay Ütülenir Çift Kişilik Çarşaflı Nevresim Takımı 200x220 cm Gri,1259.99,Yatak Odası,2026-05-02
Simple Checks Kolay Ütülenir Çift Kişilik Çarşaflı Nevresim Takımı 200x220 cm Seledon,1259.99,Yatak Odası,2026-05-02
Sleek Lines Kolay Ütülenir Tek Kişilik Çarşaflı Nevresim Takımı 160x220 cm Gri,4999.99,Yatak Odası,2026-05-02
Sleek Lines Kolay Ütülenir Çift Kişilik Çarşaflı Nevresim Takımı 200x220 cm Gri,5999.99,Yatak Odası,2026-05-02
Sleek Stripes Çift Kişilik Yatak Örtüsü Takımı 200x220 cm Mavi,839.99,Yatak Odası,2026-05-02
Sleek Stripes Çift Taraflı Tek Kişilik Yatak Örtüsü Takımı Mavi,4499.99,Yatak Odası,2026-05-02
Soft Breeze Tek Kişilik Pike Takımı 150x220 cm Yeşil,4999.99,Yatak Odası,2026-05-02
Soft Breeze Çift Kişilik Pike Takımı 200x220 cm Yeşil,5999.99,Yatak Odası,2026-05-02
Soft Care Örme Sıvı Geçirmez King Size Alez 180x200 cm Beyaz,3999.99,Yatak Odası,2026-05-02
Soft Care Örme Sıvı Geçirmez Tek Kişilik Alez 100x200 cm Beyaz,2999.99,Yatak Odası,2026-05-02
Soft Care Örme Sıvı Geçirmez Çift Kişilik Alez 160x200 cm Beyaz,3499.99,Yatak Odası,2026-05-02
Soft Daisy Kolay Ütülenir 2li Yastık Kılıfı 50x70 cm Mavi,1999.99,Yatak Odası,2026-05-02
Soft Daisy Tek Kişilik Pike 150x220 cm Mavi,2999.99,Yatak Odası,2026-05-02
Soft Daisy Çift Kişilik Pike 200x220 cm Mavi,3499.99,Yatak Odası,2026-05-02
Soft Streaks İpliği Boyalı Tek Kişilik Çarşaflı Nevresim Takımı 160x220 cm Mavi,5499.99,Yatak Odası,2026-05-02
Soft Streaks İpliği Boyalı Tek Kişilik Çarşaflı Nevresim Takımı 160x220 cm Yeşil,5499.99,Yatak Odası,2026-05-02
Soft Streaks İpliği Boyalı Çift Kişilik Çarşaflı Nevresim Takımı 200x220 cm Mavi,6999.99,Yatak Odası,2026-05-02
Soft Streaks İpliği Boyalı Çift Kişilik Çarşaflı Nevresim Takımı 200x220 cm Yeşil,6999.99,Yatak Odası,2026-05-02
Softy Ultrasonic 2li Yastık 50x70 cm Beyaz,1999.99,Yatak Odası,2026-05-02
Somni Mikrofiber Tek Kişilik Yorgan 155x215 cm Ekru,3499.99,Yatak Odası,2026-05-02
Somni Mikrofiber Çift Kişilik Yorgan 195x215 cm Ekru,3499.99,Yatak Odası,2026-05-02
Spektrum Line Pamuklu Tek Kişilik Lastikli Çarşaf 100x200 cm Yeşil-Mavi,2749.99,Yatak Odası,2026-05-02
Spektrum Line Pamuklu Çift Kişilik Nevresim Seti 200x220 cm Yeşil-Mavi,6499.99,Yatak Odası,2026-05-02
Splendor Saten Çift Kişilik Yatak Örtüsü Takımı 200x220 cm Beyaz,5249.99,Yatak Odası,2026-05-02
Spring Garden Kolay Ütülenir 2li Yastık Kılıfı 50x70 cm Yeşil,1499.99,Yatak Odası,2026-05-02
Spring Garden Tek Kişilik Pike 150x220 cm Yeşil,3499.99,Yatak Odası,2026-05-02
Spring Garden Çift Kişilik Pike 200x220 cm Yeşil,559.99,Yatak Odası,2026-05-02
Spring Petal Baskılı Tek Kişilik Pike Takımı 150x220 cm Sarı,8149.95,Yatak Odası,2026-05-02
Star Kapitoneli Yastık Koruyucu 50x70 cm Beyaz,199.99,Yatak Odası,2026-05-02
Star Mikrofiber Kapitoneli Çift Kişilik Alez 160x200 cm Beyaz,4999.99,Yatak Odası,2026-05-02
Static Check Çok Amaçlı Tek Kişilik Yatak Örtüsü Takımı 160x220 cm Gri,4499.99,Yatak Odası,2026-05-02
Static Check Çok Amaçlı Çift Kişilik Yatak Örtüsü Takımı 200x220 cm Gri,5999.99,Yatak Odası,2026-05-02
Stitch Line İpliği Boyalı Tek Kişilik Çarşaflı Nevresim Takımı 160x220 cm Bej,5499.99,Yatak Odası,2026-05-02
Stitch Line İpliği Boyalı Çift Kişilik Çarşaflı Nevresim Takımı 200x220 cm Bej,2559.99,Yatak Odası,2026-05-02
Strada Grid Tek Kişilik Çok Amaçlı Örtü 160x220 cm Yeşil,2999.99,Yatak Odası,2026-05-02
Strada Grid Çift Kişilik Çok Amaçlı Örtü 200x220 cm Yeşil,4499.99,Yatak Odası,2026-05-02
Striped Jouy Pamuklu Çarşaflı Tek Kişilik Nevresim Takımı 160x220 cm Mavi,8999.99,Yatak Odası,2026-05-02
Striped Jouy Pamuklu Çarşaflı Çift Kişilik Nevresim Takımı 200x220 cm Mavi,9999.99,Yatak Odası,2026-05-02
Subtle Waves İpliği Boyalı Tek Kişilik Çarşaflı Nevresim Takımı 160x220 cm Mavi,5499.99,Yatak Odası,2026-05-02
Subtle Waves İpliği Boyalı Çift Kişilik Çarşaflı Nevresim Takımı 200x220 cm Mavi,9999.99,Yatak Odası,2026-05-02
Summer Grid Baskılı Pamuklu Tek Kişilik Pike 150x220 cm Turuncu,3499.99,Yatak Odası,2026-05-02
Summer Grid Baskılı Pamuklu Çift Kişilik Pike 200x220 cm Turuncu,3999.99,Yatak Odası,2026-05-02
Summer Grid Kolay Ütülenir 2li Yastık Kılıfı 50x70 cm Turuncu,1499.99,Yatak Odası,2026-05-02
Summer Stripe Tek Kişilik Pike Takımı 150x220 cm Yeşil-Turuncu,6499.99,Yatak Odası,2026-05-02
Summer Stripe Çift Kişilik Pike Takımı 200x220 cm Yeşil-Turuncu,7499.99,Yatak Odası,2026-05-02
Sunleaf Kolay Ütülenir 2li Yastık Kılıfı 50x70 cm Sarı-Yeşil,1499.99,Yatak Odası,2026-05-02
Sunleaf Tek Kişilik Pike 150x220 cm Sarı,419.99,Yatak Odası,2026-05-02
Sunleaf Çift Kişilik Pike 200x220 cm Sarı,629.99,Yatak Odası,2026-05-02
Super Soft Kaz Tüyü Tek Kişilik Yorgan 155x215 cm Beyaz,3599.99,Yatak Odası,2026-05-02
Sweet Blossoms Tek Kişilik Pike Takımı 150x220 cm Pembe,6499.99,Yatak Odası,2026-05-02
Sweet Blossoms Çift Kişilik Pike Takımı 200x220 cm Pembe,7999.99,Yatak Odası,2026-05-02
Sweet Spring Dijital Baskılı Pamuklu Çift Kişilik Çarşaflı Nevresim Takımı 200x220 cm Gül Kurusu,11199.99,Yatak Odası,2026-05-02
Sweet Stripes Baskılı Pamuklu Tek Kişilik Pike 150x220 cm Pembe,3999.99,Yatak Odası,2026-05-02
Sweet Stripes Baskılı Pamuklu Çift Kişilik Pike 200x220 cm Pembe,809.99,Yatak Odası,2026-05-02
Sweet Stripes Kolay Ütülenir 2li Yastık Kılıfı 50x70 cm Pembe,1499.99,Yatak Odası,2026-05-02
Sweety Meadow Kolay Ütülenir Tek Kişilik Nevresim Seti 160x220 cm Lila,3999.99,Yatak Odası,2026-05-02
Sweety Meadow Kolay Ütülenir Çift Kişilik Nevresim Seti 200x220 cm Lila,4499.99,Yatak Odası,2026-05-02
Swirl Check İpliği Boyalı Tek Kişilik Çarşaflı Nevresim Takımı 160x220 cm Siyah,1619.99,Yatak Odası,2026-05-02
Swirl Check İpliği Boyalı Çift Kişilik Çarşaflı Nevresim Takımı 200x220 cm Siyah,1979.99,Yatak Odası,2026-05-02
Symetra Kolay Ütülenir Çarşaflı Tek Kişilik Nevresim Takımı 160x220 cm Mavi,5999.99,Yatak Odası,2026-05-02
Symetra Kolay Ütülenir Çarşaflı Çift Kişilik Nevresim Takımı 200x220 cm Mavi,6999.99,Yatak Odası,2026-05-02
Tattersall İpliği Boyalı Tek Kişilik Çarşaflı Nevresim Takımı 160x220 cm Kahverengi,8999.99,Yatak Odası,2026-05-02
Tattersall İpliği Boyalı Çift Kişilik Çarşaflı Nevresim Takımı 200x220 cm Kahverengi,10999.99,Yatak Odası,2026-05-02
Tendril Bloom King Size Çok Amaçlı Örtü 240x220 cm Yeşil,3999.99,Yatak Odası,2026-05-02
Tendril Bloom Tek Kişilik Çok Amaçlı Örtü 160x220 cm Yeşil,2499.99,Yatak Odası,2026-05-02
Tendril Bloom Çift Kişilik Çok Amaçlı Örtü 200x220 cm Yeşil,4499.99,Yatak Odası,2026-05-02
Textured Grid Kolay Ütülenir Tek Kişilik Çarşaflı Nevresim Takımı 160x220 cm Lacivert,5999.99,Yatak Odası,2026-05-02
Textured Grid Kolay Ütülenir Çift Kişilik Çarşaflı Nevresim Takımı 200x220 cm Lacivert,6999.99,Yatak Odası,2026-05-02
Tile Check İpliği Boyalı Tek Kişilik Çarşaflı Nevresim Takımı 160x220 cm Lacivert-Kırmızı,1619.99,Yatak Odası,2026-05-02
Tile Check İpliği Boyalı Çift Kişilik Çarşaflı Nevresim Takımı 200x220 cm Lacivert-Kırmızı,1979.99,Yatak Odası,2026-05-02
Timeless Line Kolay Ütülenir Çarşaflı Tek Kişilik Nevresim Takımı 160x220 cm Bej,5999.99,Yatak Odası,2026-05-02
Timeless Line Kolay Ütülenir Çarşaflı Çift Kişilik Nevresim Takımı 200x220 cm Açık Mavi,6999.99,Yatak Odası,2026-05-02
Timeless Line Kolay Ütülenir Çarşaflı Çift Kişilik Nevresim Takımı 200x220 cm Bej,6999.99,Yatak Odası,2026-05-02
Triangle Flow Kolay Ütülenir Çarşaflı Tek Kişilik Nevresim Takımı 160x220 cm Lacivert,6499.99,Yatak Odası,2026-05-02
Triangle Flow Kolay Ütülenir Çift Kişilik Çarşaflı Nevresim Takımı 200x220 cm Lacivert,1439.99,Yatak Odası,2026-05-02
Trio Patch Kolay Ütülenir Tek Kişilik Çarşaflı Nevresim Takımı 160x220 cm Bej,959.99,Yatak Odası,2026-05-02
Trio Patch Kolay Ütülenir Çift Kişilik Çarşaflı Nevresim Takımı 200x220 cm Bej,1119.99,Yatak Odası,2026-05-02
Trio Shape Kolay Ütülenir Tek Kişilik Çarşaflı Nevresim Takımı 160x220 cm Gri,5999.99,Yatak Odası,2026-05-02
Trio Shape Kolay Ütülenir Tek Kişilik Çarşaflı Nevresim Takımı 160x220 cm Turuncu,4999.99,Yatak Odası,2026-05-02
Trio Shape Kolay Ütülenir Çift Kişilik Çarşaflı Nevresim Takımı 200x220 cm Gri,6999.99,Yatak Odası,2026-05-02
Trio Shape Kolay Ütülenir Çift Kişilik Çarşaflı Nevresim Takımı 200x220 cm Turuncu,5999.99,Yatak Odası,2026-05-02
Tropica Kolay Ütülenir Tek Kişilik Nevresim Seti 160x220 cm Yeşil,3999.99,Yatak Odası,2026-05-02
Tropica Kolay Ütülenir Çift Kişilik Nevresim Seti 200x220 cm Yeşil,4499.99,Yatak Odası,2026-05-02
Tropical Breeze Tek Kişilik Pike 150x220 cm Takımı Yeşil,8149.95,Yatak Odası,2026-05-02
Twiluxe  İpliği Boyalı Tek Kişilik Çarşaflı Nevresim Takımı 160x220 cm Lacivert,1439.99,Yatak Odası,2026-05-02
Twiluxe  İpliği Boyalı Çift Kişilik Çarşaflı Nevresim Takımı 200x220 cm Lacivert,1759.99,Yatak Odası,2026-05-02
Twist Cool & Warm Yastık 50x70 cm Mavi-Beyaz,10999.99,Yatak Odası,2026-05-02
Unique Trine Kabartma Jakar Tekli Kırlent Kılıfı 70x70 cm Lacivert,849.95,Yatak Odası,2026-05-02
Urban Patchwork King Size Çok Amaçlı Örtü 240x220 cm Lacivert,4499.99,Yatak Odası,2026-05-02
Urban Patchwork Tek Kişilik Çok Amaçlı Örtü 160x220 cm Lacivert,3499.99,Yatak Odası,2026-05-02
Urban Patchwork Çift Kişilik Çok Amaçlı Örtü 200x220 cm Lacivert,3999.99,Yatak Odası,2026-05-02
Verdant Dream Pamuk Tek Kişilik Çarşaflı Nevresim Takımı 160x220 cm Yeşil,1199.99,Yatak Odası,2026-05-02
Verona Jakarlı Pamuk Saten Super King Çarşaflı Nevresim Takımı 260x220 cm Kırık Beyaz,3419.99,Yatak Odası,2026-05-02
Victorian Whisper Çift Kişilik Yatak Örtüsü Takımı 200x220 cm Beyaz,8999.99,Yatak Odası,2026-05-02
Vintage Diamond Çift Kişilik Yatak Örtüsü Takımı 200x220 cm Beyaz,9999.99,Yatak Odası,2026-05-02
Viola Bloom King Size Çok Amaçlı Örtü 220x240 cm Mor,4999.99,Yatak Odası,2026-05-02
Viola Bloom Tek Kişilik Çok Amaçlı Örtü 160x220 cm Mor,3499.99,Yatak Odası,2026-05-02
Viola Bloom Çift Kişilik Çok Amaçlı Örtü 200x220 cm Mor,3999.99,Yatak Odası,2026-05-02
Vionne Kolay Ütülenir Çarşaflı Tek Kişilik Nevresim Takımı 160x220 cm Açık Sarı,5999.99,Yatak Odası,2026-05-02
Vionne Kolay Ütülenir Çarşaflı Tek Kişilik Nevresim Takımı 160x220 cm Lila,1079.99,Yatak Odası,2026-05-02
Vionne Kolay Ütülenir Çarşaflı Çift Kişilik Nevresim Takımı 200x220 cm Açık Sarı,6999.99,Yatak Odası,2026-05-02
Vionne Kolay Ütülenir Çarşaflı Çift Kişilik Nevresim Takımı 200x220 cm Lila,6999.99,Yatak Odası,2026-05-02
Wave Check Kolay Ütülenir Tek Kişilik Çarşaflı Nevresim Takımı 160x220 cm Açık Yeşil-Bej,959.99,Yatak Odası,2026-05-02
Wave Check Kolay Ütülenir Çift Kişilik Çarşaflı Nevresim Takımı 200x220 cm Açık Yeşil-Bej,6999.99,Yatak Odası,2026-05-02
Whispers Dijital Baskılı Kolay Ütülenir  Tek Kişilik Çarşaflı Nevresim Takımı 160x220 cm Seledon,959.99,Yatak Odası,2026-05-02
Whispers Dijital Baskılı Kolay Ütülenir  Çift Kişilik Çarşaflı Nevresim Takımı 200x220 cm Seledon,9999.99,Yatak Odası,2026-05-02
Wild Forest King Size Çift Taraflı Yatak Örtüsü Pembe,4499.99,Yatak Odası,2026-05-02
Wild Forest Çift Taraflı Tek Kişilik Çok Amaçlı Örtü 160x220 cm Pembe,3499.99,Yatak Odası,2026-05-02
Wild Forest Çift Taraflı Çift Kişilik Çok Amaçlı Örtü 200x220 cm Pembe,3999.99,Yatak Odası,2026-05-02
Wildflower Dream Pamuklu Tek Kişilik Nevresim Seti 160x220 cm Pembe,1079.99,Yatak Odası,2026-05-02
Wildflower Dream Pamuklu Çift Kişilik Nevresim Seti 200x220 cm Pembe,1079.99,Yatak Odası,2026-05-02
Wildflower Dream Çift Taraflı Pamuklu Tek Kişilik Nevresim Seti 160x220 cm Yeşil,1049.99,Yatak Odası,2026-05-02
Wildflower Dream Çift Taraflı Pamuklu Çift Kişilik Nevresim Seti 200x220 cm Yeşil,1119.99,Yatak Odası,2026-05-02
William Pamuklu Çift Kişilik Battaniye 200x220 cm Bej,3999.99,Yatak Odası,2026-05-02
Windsor Kolay Ütülenir Tek Kişilik Çarşaflı Nevresim Takımı 160x220 cm Yeşil,1039.99,Yatak Odası,2026-05-02
Windsor Kolay Ütülenir Çift Kişilik Çarşaflı Nevresim Takımı 200x220 cm Mavi,6999.99,Yatak Odası,2026-05-02
Winter Patch Flanel Tek Kişilik Çarşaflı Nevresim Takımı 160x220 cm Açık Yeşil,1559.99,Yatak Odası,2026-05-02
Wintera Sherpa Tek Kişilik Yorgan 155x215 cm Krem,6499.99,Yatak Odası,2026-05-02
Wintera Sherpa Yastık 50x70 cm Krem,2999.99,Yatak Odası,2026-05-02
Wintera Sherpa Çift Kişilik Yorgan 195x215 cm Krem,7999.99,Yatak Odası,2026-05-02
Wisteria Kolay Ütülenir Tek Kişilik Nevresim Seti 160x220 cm Lila-Turuncu,3999.99,Yatak Odası,2026-05-02
Wisteria Kolay Ütülenir Çift Kişilik Nevresim Seti 200x220 cm Lila-Turuncu,4499.99,Yatak Odası,2026-05-02
Woody Kolay Ütülenir Tek Kişilik Nevresim Seti 160x220 cm Bej-Kahverengi,3499.99,Yatak Odası,2026-05-02
Woody Kolay Ütülenir Çift Kişilik Nevresim Seti 200x220 cm Bej-Kahverengi,3999.99,Yatak Odası,2026-05-02
Wooly Yün Tek Kişilik Yorgan 155x215 cm Beyaz,1599.99,Yatak Odası,2026-05-02
Wooly Yün Çift Kişilik Yorgan 195x215 cm Beyaz,10999.99,Yatak Odası,2026-05-02
Bride Viskon Dokuma Sabahlık Beyaz,1399.99,Çeyiz Ürünleri,2026-05-02
Funny Çocuk Terliği,999.99,Çeyiz Ürünleri,2026-05-02
Masculine Dokuma Sabahlık Mavi,1399.99,Çeyiz Ürünleri,2026-05-02
