Category,Name,Price,Original Price,Discount
Kadin Giyim,Kadın Kahverengi Jakarlı Kloş Midi Etek,2399,2399,
Kadin Giyim,Kadın Lacivert Astar Detaylı Loose Fit Kapüşonlu Yağmurluk,3999,3999,
Kadin Giyim,Kadın Kahverengi Çizgili Fitted Polo Yaka Kısa Kollu Kazak,1599,1599,
Kadin Giyim,Kadın Ekru Tüvit Mini Etek,1599,1599,
Kadin Giyim,Kadın Siyah Dikiş Detaylı Straight Fit Keten Pantolon,4599,4599,
Kadin Giyim,Kadın Haki A Form Mini Keten Elbise,2999,2999,
Kadin Giyim,Kadın Ekru Fitted Düğmeli Kolsuz Tüvit Bluz,2399,2399,
Kadin Giyim,Kadın Siyah Kemerli Dik Yaka Yağmurluk,3999,3999,
Kadin Giyim,Kadın Siyah Fitted Düğme Detaylı Kolsuz Midi Elbise,1999,1999,
Kadin Giyim,Kadın Bordo A Form Mini Keten Elbise,2999,2999,
Kadin Giyim,Kadın Bej Rengi Oversize Kapüşonlu Parka,4799,4799,
Kadin Giyim,Kadın Siyah Fitted Polo Yaka Kısa Kollu Triko Kazak,1599,1599,
Kadin Giyim,Kadın Siyah Kolsuz Düğmeli Keten Bluz,2799,2799,
Kadin Giyim,Kadın Koyu İndigo Korse Bağlamalı Cropped Flare Jean Pantolon,1999,1999,
Kadin Giyim,Kadın Siyah Jakarlı Kolsuz Midi Elbise,1599,1599,
Kadin Giyim,Kadın Kırık Beyaz Dökümlü Anvelop Bluz,1999,1999,
Kadin Giyim,Kadın Lacivert Oversize Kısa Kollu Cepli Midi Elbise,1799,1799,
Kadin Giyim,Kadın Siyah Kısa Kollu Bel Detaylı Düz Kesim Midi Elbise,2999,2999,
Kadin Giyim,Kadın Kahverengi Fitted Büzgülü Yırtmaçlı Midi Elbise,1599,1599,
Kadin Giyim,Kadın Beyaz Jakarlı Kolsuz Midi Elbise,1599,1599,
Kadin Giyim,Kadın Kahverengi Çizgili A Form Askılı Midi Keten Elbise,4999,4999,
Kadin Giyim,Kadın Kahverengi Desenli Düşük Omuzlu Fırfırlı Midi Elbise,3599,3599,
Kadin Giyim,Kadın Kahverengi Dik Yaka Çok Cepli Yelek,3999,3999,
Kadin Giyim,Kadın Kahverengi V Yaka 3/4 Kol Crop Bluz,1999,1999,
Kadin Giyim,Kadın Kahverengi Çizgili V Yaka Uzun Kollu Gömlek,1999,1999,
Kadin Giyim,Kadın Siyah Mini Kalem Etek,1399,1399,
Kadin Giyim,Kadın Kahverengi A Form Midi Etek,2599,2599,
Kadin Giyim,Kadın Ekru Jakarlı Polo Yaka Kısa Kollu Kazak,1799,1799,
Kadin Giyim,Kadın Sarı Dikiş Detaylı Kısa Kollu Bluz,1199,1199,
Kadin Giyim,Kadın Kırık Beyaz Gömlek Detaylı Polo Yaka Loose Fit Kısa Kollu Sweatshirt,1699,1699,
Kadin Giyim,Kadın Taş Rengi A Form Mini Keten Elbise,2999,2999,
Kadin Giyim,Kadın Kırmızı Polo Yaka Kısa Kollu Cep Detaylı Mini Elbise,2999,2999,
Kadin Giyim,Kadın Ekru Fitted V Yaka Triko Yelek,1599,1599,
Kadin Giyim,Kadın Kırık Beyaz Jakarlı Loose Fit Bisiklet Yaka Kazak,1299,1299,
Kadin Giyim,Kadın Bordo Kolsuz Kloş Midi Elbise,2999,2999,
Kadin Giyim,Kadın Mürdüm Fitted V Yaka Triko Yelek,1599,1599,
Kadin Giyim,Kadın Kahverengi Keten Karışımlı Anvelop Bağlamalı Bluz,2999,2999,
Kadin Giyim,Kadın Siyah Wide Leg Pileli Pantolon,2999,2999,
Kadin Giyim,Kadın Pembe Çizgili Fiyonk Detaylı Uzun Kollu Gömlek,1999,2299,%13
Kadin Giyim,Kadın Ekru Fitted Kolsuz Bisiklet Yaka Bluz,799.99,799.99,
Kadin Giyim,Kadın Kırmızı A Form Mini Keten Elbise,2999,2999,
Kadin Giyim,Kadın Bordo Uzun Kollu Keten Gömlek,2599,2599,
Kadin Giyim,Kadın Kahverengi Uzun Kollu Keten Gömlek,2599,2599,
Kadin Giyim,Kadın Ekru Straight Fit Pantolon,2599,2599,
Kadin Giyim,Kadın Beyaz Oversize 3/4 Kol Keten Gömlek,2599,2599,
Kadin Giyim,Kadın Bej Rengi Oversize Kısa Pardösü,4799,4799,
Kadin Giyim,Kadın Siyah Beli Lastikli Jogger Pantolon,2399,2399,
Kadin Giyim,Kadın Bej Rengi Oversize Polo Yaka Keten Karışımlı Kısa Kollu Kazak,2399,2399,
Kadin Giyim,Kadın Koyu İndigo Paça Detaylı Straight Fit Jean Pantolon,2299,2299,
Kadin Giyim,Kadın Kırık Beyaz Çizgili Oversize Bisiklet Yaka T-Shirt,899.99,899.99,
Kadin Giyim,Kadın Kahverengi Bağlama Detaylı Kısa Kollu Mini Elbise,1599,1599,
Kadin Giyim,Kadın Kırık Beyaz Baskılı Oversize Bisiklet Yaka T-Shirt,759.99,759.99,
Kadin Giyim,Kadın Kırık Beyaz Düğme Detaylı Örme Yelek,1399,1399,
Kadin Giyim,Kadın Lacivert Asimetrik Kesim Düğmeli Kısa Kollu Bluz,999.99,999.99,
Kadin Giyim,Kadın Mürdüm Fitted Kolsuz Bisiklet Yaka Bluz,799.99,799.99,
Kadin Giyim,Kadın Beyaz Düğmeli Bisiklet Yaka T-Shirt,799.99,799.99,
Kadin Giyim,Kadın Siyah Modal Karışımlı Beli Bağlamalı Wide Leg Pantolon,1999,1999,
Kadin Giyim,Kadın Siyah Wide Leg Pantolon,1999,1999,
Kadin Giyim,Kadın Kırık Beyaz Fitted U Yaka Kolsuz Bluz,799.99,799.99,
Kadin Giyim,Kadın Kırık Beyaz Fitted Çizgili Polo Yaka Kısa Kollu Kazak,1299,1299,
Kadin Giyim,Kadın İndigo Cepli Oversize Jean Ceket,3799,3799,
Kadin Giyim,Kadın Sarı Fitilli Uzun Kollu Bluz,899.99,899.99,
Kadin Giyim,Kadın Kırık Beyaz Nakışlı Bisiklet Yaka T-Shirt,899.99,899.99,
Kadin Giyim,Kadın Ekru V Yaka Fitted Triko Hırka,1799,1799,
Kadin Giyim,Kadın Kahverengi Ribanalı Beli Lastikli Straight Fit Pantolon,1799,1799,
Kadin Giyim,Kadın Mürdüm Fitted Kayık Yaka Balon Kol Bluz,1199,1199,
Kadin Giyim,Kadın Kırmızı Nervür Dikişli Oversize Bisiklet Yaka T-Shirt,899.99,899.99,
Kadin Giyim,Kadın Bej Pile Detaylı Keten Karışımlı Pantolon,3299,3999,%18
Kadin Giyim,Kadın Ekru Fitted Çizgili Kısa Kollu Triko Kazak,1599,1599,
Kadin Giyim,Kadın Siyah Pileli Mini Etek,999.99,1199,%17
Kadin Giyim,Kadın Sarı Fitted V Yaka Kısa Kollu Bluz,999.99,999.99,
Kadin Giyim,Kadın Ekru Jakarlı Wide Leg Pantolon,2999,2999,
Kadin Giyim,Kadın Sarı Oversize Blazer Ceket,2999,3999,%25
Kadin Giyim,Kadın Siyah Fitted V Yaka Düğmeli Yelek,1499,1799,%17
Kadin Giyim,Kadın Fuşya 3/4 Kol Oversize Keten Gömlek,2799,2799,
Kadin Giyim,Kadın Kahverengi Düğme Detaylı Midi Keten Etek,2799,2799,
Kadin Giyim,Kadın Kahverengi Regular Fit Beli Lastikli Pantolon,1399,1399,
Kadin Giyim,Kadın Bordo Beli Lastikli Fitilli Wide Leg Örme Pantolon,1399,1399,
Kadin Giyim,Kadın Kahverengi Oversize Kısa Kollu Cepli Midi Elbise,1799,1799,
Kadin Giyim,Kadın Pembe Uzun Kollu Keten Gömlek,2599,2599,
Kadin Giyim,Kadın Turuncu Uzun Kollu Keten Gömlek,2599,2599,
Kadin Giyim,Kadın Taş Rengi Pile Detaylı Culotte Fit Pantolon,2599,2599,
Kadin Giyim,Kadın Bej Straight Fit Püskül Detaylı Pantolon,2599,2599,
Kadin Giyim,Kadın Kırık Beyaz Nakışlı Bisiklet Yaka T-Shirt,1299,1299,
Kadin Giyim,Kadın Siyah Jakarlı Örme Kısa Kollu Kazak,1299,1299,
Kadin Giyim,Kadın Siyah Fitted U Yaka Kolsuz Bluz,799.99,799.99,
Kadin Giyim,Kadın Koyu Bej Beli Lastikli Balon Midi Etek,2399,2399,
Kadin Giyim,Kadın Yeşil Desenli Yırtmaçlı A Form Midi Etek,2399,2399,
Kadin Giyim,Kadın Kahverengi Cep Detaylı Mini Etek,2399,2399,
Kadin Giyim,Kadın Kahverengi Dikiş Detaylı Kısa Kollu Bluz,1199,1199,
Kadin Giyim,Kadın Kahverengi V Yaka Kısa Kollu Crop Bluz,1199,1199,
Kadin Giyim,Kadın Mürdüm Desenli Loose Fit Bağlamalı Bluz,2299,2299,
Kadin Giyim,Kadın Bej Düğme Detaylı A Form Mini Etek,2299,2299,
Kadin Giyim,Kadın Kırmızı Çizgili Kruvaze Bağlamalı Oversize Bluz,2299,2299,
Kadin Giyim,Kadın Su Yeşili Kare Yaka Düz Kesim Keten Uzun Elbise,2999,3599,%17
Kadin Giyim,Kadın Kırık Beyaz Baskılı Loose Fit Bisiklet Yaka T-Shirt,759.99,759.99,
Kadin Giyim,Kadın Siyah Fitted Düğmeli Polo Yaka Kısa Kollu Triko Kazak,2199,2199,
Kadin Giyim,Kadın Siyah Kolsuz Düz Kesim Midi Elbise,2199,2199,
Kadin Giyim,Kadın Siyah Düşük Kollu Bisiklet Yaka T-Shirt,699.99,699.99,
Kadin Giyim,Kadın Bordo Halter Yaka Asimetrik Kolsuz Bluz,999.99,999.99,
Kadin Giyim,Kadın İndigo Slim Fit Jean Pantolon,1999,1999,
Kadin Giyim,Kadın Kırık Beyaz Çizgili Oversize Uzun Kollu Gömlek,1999,1999,
Kadin Giyim,Kadın İndigo Wide Leg Jean Pantolon,1999,1999,
Kadin Giyim,Kadın Yeşil Simli V Yaka Kolsuz Triko Kazak,1999,1999,
Kadin Giyim,Kadın Kahverengi Desenli Midi Etek,1999,2599,%23
Kadin Giyim,Kadın Kahverengi Fitted Açık Yaka Atlet,659.99,659.99,
Kadin Giyim,Kadın Kahverengi Büzgülü Kolsuz Bluz,899.99,899.99,
Kadin Giyim,Kadın Siyah Fitilli Uzun Kollu Bluz,899.99,899.99,
Kadin Giyim,Kadın Siyah Modal Düz Kesim Kolsuz Dokulu Uzun Elbise,1799,1799,
Kadin Giyim,Kadın Kırmızı Çizgili Loose Fit V Yaka Sweatshirt,1699,1699,
Kadin Giyim,Kadın Sarı Düğmeli Bisiklet Yaka T-Shirt,799.99,799.99,
Kadin Giyim,Kadın Sarı Asimetrik Kesim Bisiklet Yaka T-Shirt,799.99,799.99,
Kadin Giyim,Kadın Kahverengi Jakarlı Askılı Halter Yaka Uzun Elbise,1599,1599,
Kadin Giyim,Kadın Kırık Beyaz Baskılı Bisiklet Yaka T-Shirt,759.99,759.99,
Kadin Giyim,Kadın Kırık Beyaz Fitted U Yaka T-Shirt,759.99,759.99,
Kadin Giyim,Kadın Kahverengi Fitted Açık Yaka Atlet,759.99,759.99,
Kadin Giyim,Kadın Siyah Fitted Kayık Yaka Kolsuz Triko Kazak,1499,1799,%17
Kadin Giyim,Kadın Sarı Fitted Kolsuz Bisiklet Yaka Bluz,799.99,799.99,
Kadin Giyim,Kadın Kırık Beyaz Fitted V Yaka T-Shirt,659.99,799.99,%18
Kadin Giyim,Kadın Bordo A Form Beli Büzgülü Yırtmaçlı Uzun Etek,1299,1299,
Kadin Giyim,Kadın Kırık Beyaz Çizgili Bisiklet Yaka Düşük Kol T-Shirt,659.99,659.99,
Kadin Giyim,Kadın Ekru Nakışlı Cep Detaylı Bisiklet Yaka T-Shirt,999.99,999.99,
Kadin Giyim,Kadın Kırmızı Loose Fit Kayık Yaka T-Shirt,899.99,899.99,
Kadin Giyim,Kadın Beyaz Büzgülü Bisiklet Yaka Kısa Kollu Bluz,899.99,1299,%31
Kadin Giyim,Kadın Sarı Nervür Dikişli Oversize Bisiklet Yaka T-Shirt,899.99,899.99,
Kadin Giyim,Kadın Kırık Beyaz Fitted Dantelli V Yaka T-Shirt,799.99,799.99,
Kadin Giyim,Kadın Kırmızı Fitted U Yaka Kolsuz Bluz,799.99,799.99,
Kadin Giyim,Kadın Beyaz Nakış Detaylı Bisiklet Yaka T-Shirt,759.99,759.99,
Kadin Giyim,Kadın Bordo Fitted U Yaka T-Shirt,759.99,759.99,
Kadin Giyim,Kadın Beyaz Fitted Açık Yaka Atlet,659.99,659.99,
Kadin Giyim,Kadın Kahverengi Modal Karışımlı Beli Bağlamalı Wide Leg Pantolon,1999,1999,
Kadin Giyim,Kadın Pembe 3/4 Kol Oversize Keten Gömlek,2599,2599,
Kadin Giyim,Kadın Sarı Uzun Kollu Keten Gömlek,2599,2599,
Kadin Giyim,Kadın İndigo Wide Leg Jean Pantolon,2299,2299,
Kadin Giyim,Kadın Lacivert A Form Beli Büzgülü Yırtmaçlı Uzun Etek,1299,1299,
Kadin Giyim,Kadın Ekru Beli Bağlamalı Jogger Pantolon,1399,1399,
Kadin Giyim,Kadın Bej V Yaka 3/4 Kol Crop Bluz,1699,1699,
Kadin Giyim,Kadın Bej Oversize Kolsuz Ceket,2999,3599,%17
Kadin Giyim,Kadın Siyah Regular Fit 3/4 Kol Gömlek,2199,2599,%15
Kadin Giyim,Kadın Haki Modal Düz Kesim Kolsuz Dokulu Uzun Elbise,1799,1799,
Kadin Giyim,Kadın Ekru Jakarlı Oversize Gömlek Ceket,3999,3999,
Kadin Giyim,Kadın Bej Yırtmaçlı Midi Etek,2999,2999,
Kadin Giyim,Kadın Lacivert Çizgili Oversize Örme Kazak,1299,1299,
Kadin Giyim,Kadın Kırık Beyaz Fırfırlı V Yaka Bluz,2599,2599,
Kadin Giyim,Kadın Kırmızı Beli Büzgülü Kolsuz Midi Elbise,3599,3599,
Kadin Giyim,Kadın Kırık Beyaz Fitted Bisiklet Yaka T-Shirt,699.99,699.99,
Kadin Giyim,Kadın Ekru Fitted Tek Cepli Ceket,2799,3799,%26
Kadin Giyim,Kadın Ekru Straight Fit Pantolon,1999,2599,%23
Kadin Giyim,Kadın Mavi Jakarlı Loose Fit Kısa Kollu Kazak,1599,1599,
Kadin Giyim,Kadın Ekru Fitted Ajurlu 3/4 Kol Kazak,1299,1299,
Kadin Giyim,Kadın Kahverengi Fitted Polo Yaka Fermuarlı Kazak,2199,2199,
Kadin Giyim,Kadın Siyah Anvelop Midi Etek,1199,1199,
Kadin Giyim,Kadın Beyaz Biyeli Bisiklet Yaka T-Shirt,799.99,999.99,%20
Kadin Giyim,Kadın Mavi Loose Fit Kayık Yaka T-Shirt,899.99,899.99,
Kadin Giyim,Kadın Koyu Kahverengi Modal Karışımlı Büzgülü Bağlamalı Bluz,2299,2299,
Kadin Giyim,Kadın Pembe Desenli V Yaka Mini Elbise,2799,3599,%22
Kadin Giyim,Kadın Beyaz Çizgili Oversize Uzun Kollu Gömlek,1999,2299,%13
Kadin Giyim,Kadın Sarı Liyosel Karışımlı Oversize Uzun Kollu Gömlek,2199,2599,%15
Kadin Giyim,Kadın Bej Oversize Balon Kol Bluz,2199,2599,%15
Kadin Giyim,Kadın Yeşil Floral Desenli Bağlama Detaylı Mini Elbise,2399,2799,%14
Kadin Giyim,Kadın Kırık Beyaz Kruvaze Kapama Blazer Ceket,3999,3999,
Kadin Giyim,Kadın Kırık Beyaz Wide Leg Pantolon,2599,2599,
Kadin Giyim,Kadın Sarı Pileli Midi Bermuda Şort,1299,1999,%35
Kadin Giyim,Kadın Kırık Beyaz Fitted V Yaka Kolsuz Kazak,1199,1599,%25
Kadin Giyim,Kadın Siyah Ajurlu Polo Yaka Kısa Kollu Kazak,2199,2199,
Kadin Giyim,Kadın Mürdüm Çizgili Düğme Detaylı Mini Elbise,3599,3599,
Kadin Giyim,Kadın Pembe Floral Desenli A Form Midi Elbise,2799,3299,%15
Kadin Giyim,Kadın Ekru Çizgili Ajurlu Loose Fit V Yaka Kazak,1699,1999,%15
Kadin Giyim,Kadın Antrasit Büzgü Detaylı Bisiklet Yaka Bluz,999.99,999.99,
Kadin Giyim,Kadın Ekru Beli Lastikli Fitilli Wide Leg Örme Pantolon,1399,1399,
Kadin Giyim,Kadın Siyah Beli Lastikli Fitilli Wide Leg Örme Pantolon,1399,1399,
Kadin Giyim,Kadın Kırık Beyaz Bağlamalı Crop Kısa Kollu Gömlek,1699,1699,
Kadin Giyim,Kadın Kırık Beyaz Bağlamalı Kolsuz Bluz,1199,1199,
Kadin Giyim,Kadın Kırmızı Fitted Bisiklet Yaka Kolsuz T-Shirt,759.99,759.99,
Kadin Giyim,Kadın Ekru Çizgili Beli Lastikli Comfort Fit Pantolon,2599,2599,
Kadin Giyim,Kadın Yeşil Keten Karışımlı Halter Yaka A Form Mini Elbise,1999,1999,
Kadin Giyim,Kadın Mürdüm Çizgili Oversize Uzun Kollu Gömlek,1999,1999,
Kadin Giyim,Kadın Sarı Fitted Biyeli V Yaka Hırka,2199,2199,
Kadin Giyim,Kadın Kahverengi Loose Fit Deri Blazer Ceket,17999,17999,
Kadin Giyim,Kadın Siyah Jakarlı Beli Bağlamalı Fitted Şort,1799,1799,
Kadin Giyim,Kadın Siyah Oversize Dik Yaka Deri Ceket,17999,17999,
Kadin Giyim,Kadın Haki Deri Oversize Trucker Ceket,17999,17999,
Kadin Giyim,Kadın Siyah Desenli Çift Fermuarlı Kapüşonlu Uzun Yağmurluk,3999,3999,
Kadin Giyim,Kadın Bej Rengi A Form Kemer Detaylı Mini Elbise,2999,2999,
Kadin Giyim,Kadın Kırmızı Nakışlı Büzgü Detaylı Kapüşonlu Yağmurluk,3999,3999,
Kadin Giyim,Kadın Koyu İndigo Çizgili Cloutte Fit Jean Pantolon,2599,2599,
Kadin Giyim,Kadın Ekru Renk Bloklu Wide Leg Pantolon,2799,2799,
Kadin Giyim,Kadın Kahverengi Dikiş Detaylı Kolsuz A Form Mini Elbise,2299,2299,
Kadin Giyim,Kadın Haki Etnik Desenli Oversize Kısa Kollu Gömlek,3299,3299,
Kadin Giyim,Kadın Kırmızı Çizgili Nakışlı Loose Fit Bisiklet Yaka Kazak,2199,2199,
Kadin Giyim,Kadın Beyaz Nakış Detaylı Bisiklet Yaka T-Shirt,999.99,999.99,
Kadin Giyim,Kadın Haki Etnik Desenli Relax Fit Beli Lastikli Pantolon,2999,2999,
Kadin Giyim,Kadın Mürdüm Etnik Desenli Relax Fit Pantolon,2999,2999,
Kadin Giyim,Kadın Bej Rengi Çiçek Nakışlı Straight Fit Pantolon,2799,2799,
Kadin Giyim,Kadın Pembe Düşük Kollu Oversize Bisiklet Yaka T-Shirt,899.99,899.99,
Kadin Giyim,Kadın Ekru Renk Bloklu Çift Cepli Crop Ceket,2799,2799,
Kadin Giyim,Kadın Mavi Çizgili Oversize Cepli Gömlek,2299,2299,
Kadin Giyim,Kadın Kahverengi Fitted Çizgili Bisiklet Yaka T-Shirt,899.99,899.99,
Kadin Giyim,Kadın Siyah Fitted Bisiklet Yaka T-Shirt,699.99,699.99,
Kadin Giyim,Kadın Leopar Desenli Bağlamalı Halter Yaka Fırfırlı Bluz,999.99,999.99,
Kadin Giyim,Kadın Lacivert Nakışlı Kapüşonlu Yağmurluk,3999,3999,
Kadin Giyim,Kadın Mavi Oversize Kapüşonlu Yağmurluk,3999,3999,
Kadin Giyim,Kadın Koyu İndigo Çizgili Oversize Düğmeli Jean Gömlek,3999,3999,
Kadin Giyim,Kadın Ekru Düğmeli Fitted Ajurlu Bisiklet Yaka Kazak,1999,1999,
Kadin Giyim,Kadın Bej Kargo Mini Etek,1999,1999,
Kadin Giyim,Kadın Bej Rengi Oversize Çiçek Nakışlı Jean Ceket,3799,3799,
Kadin Giyim,Kadın Lacivert Düşük Kollu Oversize Bisiklet Yaka T-Shirt,899.99,899.99,
Kadin Giyim,Kadın Sarı Oversize Çizgili Hakim Yaka Gömlek,1799,1799,
Kadin Giyim,Kadın Ekru Baskılı Oversize Bisiklet Yaka T-Shirt,799.99,799.99,
Kadin Giyim,Kadın Kırmızı Jakarlı Bisiklet Yaka Kolsuz Crop Kazak,1399,1399,
Kadin Giyim,Kadın Kırık Beyaz Baskılı Bisiklet Yaka T-Shirt,899.99,899.99,
Kadin Giyim,Kadın Siyah Dikiş Detaylı Kolsuz Bisiklet Yaka T-Shirt,799.99,799.99,
Kadin Giyim,Kadın Lacivert Fitted Polo Yaka T-Shirt,1199,1199,
Kadin Giyim,Kadın Kırık Beyaz Oversize Nakışlı Bisiklet Yaka T-Shirt,799.99,799.99,
Kadin Giyim,Kadın Ekru Ajurlu Biyeli Polo Yaka Kısa Kollu Kazak,1999,1999,
Kadin Giyim,Kadın Siyah Modal Karışımlı Beli Bağlamalı Jogger Pantolon,1999,1999,
Kadin Giyim,Kadın Koyu Mavi Modal Karışımlı Beli Lastikli Jogger Pantolon,1999,1999,
Kadin Giyim,Kadın Antrasit Bisiklet Yaka Kazak,1999,1999,
Kadin Giyim,Kadın Kırmızı Çizgili Açık Yaka Hırka,1999,1999,
Kadin Giyim,Kadın Koyu İndigo Straight Fit Jean Pantolon,1999,1999,
Kadin Giyim,Kadın Pembe Bisiklet Yaka Kazak,1999,1999,
Kadin Giyim,Kadın Kahverengi Desenli Gipeli Balon Kol Bluz,1999,2299,%13
Kadin Giyim,Kadın Beyaz Nakışlı Oversize Uzun Kollu Gömlek,1799,2299,%22
Kadin Giyim,Kadın Siyah Fitted Dantelli Bağlamalı Bluz,1599,1599,
Kadin Giyim,Kadın Mavi Desenli Oversize Bisiklet Yaka Sweatshirt,1599,1599,
Kadin Giyim,Kadın Kırmızı Desenli Oversize Bisiklet Yaka Sweatshirt,1599,1599,
Kadin Giyim,Kadın Kahverengi Straight Fit Beli Bağlamalı Cepli Pantolon,1399,1599,%13
Kadin Giyim,Kadın Siyah Fitted Kolsuz Mini Elbise,1399,1399,
Kadin Giyim,Kadın Mavi Düşük Kollu Bisiklet Yaka T-Shirt,659.99,659.99,
Kadin Giyim,Kadın Beyaz Düğme Detaylı Oversize Bisiklet Yaka Sweatshirt,1299,1299,
Kadin Giyim,Kadın Sarı Baskılı Loose Fit Polo Yaka T-Shirt,1399,1399,
Kadin Giyim,Kadın Kırık Beyaz Oversize Baskılı Bisiklet Yaka Sweatshirt,1199,1199,
Kadin Giyim,Kadın Kırık Beyaz Hırka Görünümlü V Yaka Bluz,1199,1199,
Kadin Giyim,Kadın Lacivert Beli Lastikli Mini Örme Etek,1199,1199,
Kadin Giyim,Kadın Ekru Oversize Bisiklet Yaka Sweatshirt,1199,1199,
Kadin Giyim,Kadın Kırmızı Oversize Baskılı Bisiklet Yaka Sweatshirt,1199,1199,
Kadin Giyim,Kadın Kırık Beyaz Yaka Detaylı Bisiklet Yaka Atlet,759.99,759.99,
Kadin Giyim,Kadın Kırık Beyaz Fitted Büzgülü Bisiklet Yaka T-Shirt,759.99,759.99,
Kadin Giyim,Kadın Kırık Beyaz Fitilli Fitted Nervür Dikişli Kısa Kollu Bluz,799.99,799.99,
Kadin Giyim,Kadın Kırmızı Fitted Açık Yaka T-Shirt,699.99,699.99,
Kadin Giyim,Kadın Kırık Beyaz Fitted Fırfırlı Dik Yaka Kısa Kollu Bluz,699.99,999.99,%30
Kadin Giyim,Kadın Pembe Baskılı Bisiklet Yaka T-Shirt,699.99,699.99,
Kadin Giyim,Kadın Gri Melanj Fitted Bisiklet Yaka T-Shirt,659.99,659.99,
Kadin Giyim,Kadın Mürdüm Modal Karışımlı Beli Bağlamalı Jogger Pantolon,1999,1999,
Kadin Giyim,Kadın Siyah Modal Karışımlı Fermuarlı Polo Yaka Sweatshirt,2299,2299,
Kadin Giyim,Kadın Mürdüm Modal Karışımlı Bisiklet Yaka Sweatshirt,1599,1599,
Kadin Giyim,Kadın Ekru Modal Karışımlı Beli Lastikli Jogger Pantolon,1999,1999,
Kadin Giyim,Kadın Koyu Mavi Modal Karışımlı Kapüşonlu Sweatshirt,2299,2299,
Kadin Giyim,Kadın Kırık Beyaz Cropped Flare Fit Pantolon,2199,2199,
Kadin Giyim,Kadın Pembe Çizgili Oversize Tek Cepli Uzun Kollu Gömlek,2599,2599,
Kadin Giyim,Kadın Bej Rengi Pileli Kargo Mini Etek,1799,2399,%25
Kadin Giyim,Kadın Kırık Beyaz Bisiklet Yaka T-Shirt,759.99,759.99,
Kadin Giyim,Kadın Pembe Dokulu Çizgili Uzun Kollu Gömlek,1699,1999,%15
Kadin Giyim,Kadın Lacivert V Yaka Crop Sweatshirt,1699,1699,
Kadin Giyim,Kadın Lacivert Regular Fit Beli Lastikli Pantolon,1599,1599,
Kadin Giyim,Kadın Mavi Desenli Fitted Bisiklet Yaka Gipeli T-Shirt,1199,1199,
Kadin Giyim,Kadın İndigo Düğme Kapama Straight Fit Jean Pantolon,2399,2399,
Kadin Giyim,Kadın Ekru Cep Detaylı Nakışlı Oversize Gömlek Ceket,3999,3999,
Kadin Giyim,Kadın Mavi Ekoseli V Yaka Bağlamalı Bluz,2299,2299,
Kadin Giyim,Kadın Siyah Beli Lastikli Mini Balon Etek,1399,1799,%22
Kadin Giyim,Kadın Ekru Oversize Asimetrik Kesim Bağlama Detaylı Kısa Kollu Sweatshirt,1799,1799,
Kadin Giyim,Kadın Kırmızı Modal Karışımlı Bisiklet Yaka Sweatshirt,1599,1599,
Kadin Giyim,Kadın Beyaz Fitted Halter Yaka Atlet,659.99,659.99,
Kadin Giyim,Kadın Siyah Dikiş Detaylı Cepli Beli Bağlamalı Midi Etek,1999,1999,
Kadin Giyim,Kadın Siyah Düşük Omuz Açık Yaka Atlet,799.99,799.99,
Kadin Giyim,Kadın Ekru Beli Bağlamalı Kısa Şort,1399,1399,
Kadin Giyim,Kadın Ekru Modal Karışımlı Bisiklet Yaka Sweatshirt,2199,2199,
Kadin Giyim,Kadın Ekru Modal Karışımlı Beli Lastikli Straight Fit Pantolon,1799,2199,%18
Kadin Giyim,Kadın İndigo Kruvaze Jean Şort Etek,2199,2199,
Kadin Giyim,Kadın Mavi Çizgili Gemici Yaka Gömlek,2299,2299,
Kadin Giyim,Kadın Siyah Dikiş Detaylı Düz Kesim Kısa Kollu Midi Elbise,2299,2299,
Kadin Giyim,Kadın Bej Rengi Liyosel Karışımlı Beli Bağlamalı Mini Gömlek Elbise,3999,3999,
Kadin Giyim,Kadın Kahverengi A Form Bağlama Detaylı Modal Midi Elbise,3599,3599,
Kadin Giyim,Kadın Bej Rengi A Form Midi Etek,2599,2599,
Kadin Giyim,Kadın Siyah Beli Lastikli Kloş Midi Etek,2399,2399,
Kadin Giyim,Kadın Pembe Fitted Çizgili Kolsuz Bluz,999.99,999.99,
Kadin Giyim,Kadın Siyah Fitted V Yaka Uzun Kollu Midi Elbise,2299,2299,
Kadin Giyim,Kadın İndigo Kruvaze Bağlamalı Mini Jean Elbise,2999,2999,
Kadin Giyim,Kadın Beyaz Fitted Düğmeli Kolsuz Keten Bluz,2799,2799,
Kadin Giyim,Kadın Mürdüm Büzgülü Fitted Asimetrik Bluz,999.99,999.99,
Kadin Giyim,Kadın Ekru Kloş Midi Etek,3599,3599,
Kadin Giyim,Kadın Ekru Pileli Midi Etek,1799,1799,
Kadin Giyim,Kadın Bej Rengi Dikiş Detaylı Kemerli Midi Etek,2599,2599,
Kadin Giyim,Kadın Lacivert Nakışlı Bisiklet Yaka T-Shirt,899.99,899.99,
Kadin Giyim,Kadın Pembe Çizgili Dar Midi Etek,1199,1199,
Kadin Giyim,Kadın Lacivert A Form Kolsuz Keten Mini Elbise,2999,2999,
Kadin Giyim,Kadın Siyah Etnik Desenli Bağlama Detaylı Midi Etek,1999,1999,
Kadin Giyim,Kadın Bej Çizgili V Yaka Uzun Kollu Gömlek,1999,1999,
Kadin Giyim,Kadın Kahverengi A Form Kolsuz Keten Uzun Elbise,2999,2999,
Kadin Giyim,Kadın Mavi Dantelli V Yaka Kısa Kollu Bluz,899.99,899.99,
Kadin Giyim,Kadın Bordo Kruvaze Görünümlü Halter Yaka Bluz,2399,2399,
Kadin Giyim,Kadın Siyah Dokulu Askılı Uzun Elbise,1999,1999,
Kadin Giyim,Kadın Pembe A Form Kolsuz Keten Mini Elbise,2999,2999,
Kadin Giyim,Kadın Ekru Kayık Yaka Toka Detaylı Kısa Kollu Modal Bluz,1599,1599,
Kadin Giyim,Kadın Kahverengi Çizgili Bağlama Detaylı Kolsuz Bluz,999.99,999.99,
Kadin Giyim,Kadın Mavi Keten Karışımlı Kolsuz Uzun Elbise,2999,2999,
Kadin Giyim,Kadın Mürdüm Nakışlı Düğmeli Uzun Kollu Bluz,1999,1999,
Kadin Giyim,Kadın Bordo Paça Detaylı Loose Fit Pantolon,2999,2999,
Kadin Giyim,Kadın Kırık Beyaz Fitted Beli Büzgülü Asimetrik Kesim Düşük Kol Bluz,799.99,799.99,
Kadin Giyim,Kadın Turuncu Relax Fit Keten Karışımlı Pantolon,2799,2799,
Kadin Giyim,Kadın Mürdüm A Form Kolsuz Keten Uzun Elbise,2999,2999,
Kadin Giyim,Kadın Beyaz Uzun Kollu Keten Gömlek,2599,2599,
Kadin Giyim,Kadın Beyaz Çizgili Kloş Midi Etek,2599,2599,
Kadin Giyim,Kadın Kırmızı Çizgili Loose Fit V Yaka T-Shirt,999.99,999.99,
Kadin Giyim,Kadın Sarı Düz Kesim Keten Mini Elbise,4999,4999,
Kadin Giyim,Kadın Mavi Desenli A Form Midi Elbise,1199,1199,
Kadin Giyim,Kadın Hardal Rengi Kolsuz Keten Midi Elbise,4599,4599,
Kadin Giyim,Kadın Pembe Dantelli V Yaka Kısa Kollu Bluz,899.99,899.99,
Kadin Giyim,Kadın Yeşil Desenli Sırt Detaylı Kolsuz Uzun Elbise,2999,2999,
Kadin Giyim,Kadın Beyaz Cropped Flare Fit Pantolon,2199,2199,
Kadin Giyim,Kadın Mavi Çizgili V Yaka Kolsuz Bluz,1999,1999,
Kadin Giyim,Kadın Siyah A Form Kolsuz Mini Elbise,2599,2599,
Kadin Giyim,Kadın Beyaz Baskılı Bisiklet Yaka T-Shirt,899.99,899.99,
Kadin Giyim,Kadın Mürdüm Modal Karışımlı Bisiklet Yaka T-Shirt,599.99,599.99,
Kadin Giyim,Kadın Sarı Keten Mini Etek,3599,3599,
Kadin Giyim,Kadın Hardal Fitted Bisiklet Yaka Atlet,699.99,699.99,
Kadin Giyim,Kadın Lacivert Floral Desenli A Form Midi Etek,3299,3299,
Kadin Giyim,Kadın Kahverengi Comfort Fit V Yaka T-Shirt,699.99,699.99,
Kadin Giyim,Kadın Taş Rengi Wide Leg Pileli Pantolon,1599,1599,
Kadin Giyim,Kadın Kahverengi Dokulu Wide Leg Pantolon,1599,1599,
Kadin Giyim,Kadın Kırmızı Modal Karışımlı V Yaka T-Shirt,599.99,599.99,
Kadin Giyim,Kadın Yeşil Modal Karışımlı V Yaka T-Shirt,599.99,599.99,
Kadin Giyim,Kadın Yeşil Fitted Bisiklet Yaka Kolsuz T-Shirt,699.99,699.99,
Kadin Giyim,Kadın Yeşil Oversize Uzun Kollu Keten Gömlek,2799,2799,
Kadin Giyim,Kadın Koyu İndigo A Form Dikiş Detaylı Midi Jean Elbise,3599,3599,
Kadin Giyim,Kadın Lacivert Floral Desenli Yaka Detaylı Kolsuz Bluz,2599,2599,
Kadin Giyim,Kadın Bej Bağlama Detaylı Şort,2599,2599,
Kadin Giyim,Kadın Taş Rengi Comfort Fit V Yaka T-Shirt,699.99,699.99,
Kadin Giyim,Kadın Siyah Fitted U Yaka Atlet,599.99,599.99,
Kadin Giyim,Kadın Sarı Fitted U Yaka Atlet,599.99,599.99,
Kadin Giyim,Kadın Siyah 3/4 Kol Keten Gömlek,2399,2399,
Kadin Giyim,Kadın Kırık Beyaz Straight Fit Şort,2399,2399,
Kadin Giyim,Kadın Kırık Beyaz Jakarlı Sırt Detaylı Midi Elbise,2399,2399,
Kadin Giyim,Kadın Beyaz Çizgili Uzun Kollu Keten Gömlek,2399,2399,
Kadin Giyim,Kadın Haki Kısa Kollu Keten Bluz,2299,2299,
Kadin Giyim,Kadın Beyaz Cropped Fit Pantolon,2299,2299,
Kadin Giyim,Kadın Siyah Modal Karışımlı Askılı Balon Midi Elbise,2999,2999,
Kadin Giyim,Kadın Bordo Cropped Flare Fit Pantolon,2199,2199,
Kadin Giyim,Kadın Kırık Beyaz Dantelli Düz Kesim Uzun Etek,2199,2199,
Kadin Giyim,Kadın Ekru Wide Leg Pileli Pantolon,2199,2199,
Kadin Giyim,Kadın Kahverengi Fitted Boyundan Bağlamalı Kolsuz Bluz,999.99,999.99,
Kadin Giyim,Kadın Mürdüm Modal Karışımlı Uzun Kollu Gömlek,1999,1999,
Kadin Giyim,Kadın Kahverengi Jakarlı Tokalı Kolsuz Bluz,1999,1999,
Kadin Giyim,Kadın Siyah Comfort Fit V Yaka T-Shirt,699.99,699.99,
Kadin Giyim,Kadın Beyaz Fitted U Yaka Atlet,599.99,599.99,
Kadin Giyim,Kadın Siyah Düşük Kol Gömlek,1799,1799,
Kadin Giyim,Kadın Lacivert Pamuklu V Yaka T-Shirt,599.99,599.99,
Kadin Giyim,Kadın Kırık Beyaz Modal Karışımlı Bisiklet Yaka T-Shirt,599.99,599.99,
Kadin Giyim,Kadın Ekru Nakış Detaylı V Yaka T-Shirt,899.99,899.99,
Kadin Giyim,Kadın Ekru Fitted Kolsuz Çapraz Yaka Triko Bluz,1599,1599,
Kadin Giyim,Kadın Siyah Fitted Kolsuz Çapraz Yaka Triko Bluz,1599,1599,
Kadin Giyim,Kadın Mürdüm Oversize Bisiklet Yaka T-Shirt,759.99,759.99,
Kadin Giyim,Kadın Taş Rengi Fitted Açık Yaka Atlet,499.99,499.99,
Kadin Giyim,Kadın Kahverengi Fitted Çizgili Bisiklet Yaka Kolsuz T-Shirt,699.99,699.99,
Kadin Giyim,Kadın Pembe V Yaka T-Shirt,659.99,659.99,
Kadin Giyim,Kadın Kahverengi Bisiklet Yaka T-Shirt,659.99,659.99,
Kadin Giyim,Kadın Hardal Rengi Kolsuz Modal Karışımlı Bluz,1299,1299,
Kadin Giyim,Kadın Siyah Beyaz Modal Karışımlı V Yaka T-Shirt,599.99,599.99,
Kadin Giyim,Kadın Kahverengi Modal Karışımlı V Yaka T-Shirt,599.99,599.99,
Kadin Giyim,Kadın Turuncu Fitted U Yaka Atlet,599.99,599.99,
Kadin Giyim,Kadın Haki Bisiklet Yaka T-Shirt,599.99,599.99,
Kadin Giyim,Kadın Lacivert Çizgili Polo Yaka Kolsuz T-Shirt,1199,1199,
Kadin Giyim,Kadın Siyah Modal Karışımlı Bisiklet Yaka T-Shirt,599.99,599.99,
Kadin Giyim,Kadın Kahverengi Dokulu Fitted Kolsuz Bluz,999.99,999.99,
Kadin Giyim,Kadın Lacivert Fitted Bisiklet Yaka Düşük Kol T-Shirt,899.99,899.99,
Kadin Giyim,Kadın Kırık Beyaz Baskılı Bisiklet Yaka T-Shirt,899.99,899.99,
Kadin Giyim,Kadın Siyah Düz Kesim Kolsuz Mini Elbise,1199,1199,
Kadin Giyim,Kadın Kırık Beyaz Fitted Tek Omuz T-Shirt,799.99,799.99,
Kadin Giyim,Kadın Kırık Beyaz Bisiklet Yaka T-Shirt,759.99,759.99,
Kadin Giyim,Kadın Kırık Beyaz Fitted Açık Yaka Atlet,759.99,759.99,
Kadin Giyim,Kadın Beyaz Düşük Kollu Bisiklet Yaka T-Shirt,699.99,699.99,
Kadin Giyim,Kadın Taş Rengi Fitted Bisiklet Yaka Kolsuz T-Shirt,699.99,699.99,
Kadin Giyim,Kadın Pembe Fitted Bisiklet Yaka Kolsuz T-Shirt,699.99,699.99,
Kadin Giyim,Kadın Kırık Beyaz Bisiklet Yaka T-Shirt,659.99,659.99,
Kadin Giyim,Kadın Bordo Bisiklet Yaka T-Shirt,659.99,659.99,
Kadin Giyim,Kadın Beyaz Bisiklet Yaka Düşük Kol T-Shirt,659.99,659.99,
Kadin Giyim,Kadın Siyah Bisiklet Yaka T-Shirt,599.99,599.99,
Kadin Giyim,Kadın Beyaz Pamuklu V Yaka T-Shirt,599.99,599.99,
Kadin Giyim,Kadın Kırık Beyaz Modal Karışımlı V Yaka T-Shirt,599.99,599.99,
Kadin Giyim,Kadın Ekru Fitted Açık Yaka Atlet,499.99,499.99,
Kadin Giyim,Kadın Beyaz Fitted V Yaka Atlet,659.99,659.99,
Kadin Giyim,Kadın Ekru Cropped Flare Fit Pantolon,2199,2199,
Kadin Giyim,Kadın Kırık Beyaz V Yaka T-Shirt,659.99,659.99,
Kadin Giyim,Kadın Ekru 3/4 Kol Oversize Keten Gömlek,2599,2599,
Kadin Giyim,Kadın Lacivert Uzun Kollu Keten Gömlek,2599,2599,
Kadin Giyim,Kadın Haki V Yaka Modal T-Shirt,699.99,699.99,
Kadin Giyim,Kadın Taş Rengi Beli Lastikli Jogger Pantolon,2399,2399,
Kadin Giyim,Kadın Kiremit Rengi Beli Lastikli Jogger Pantolon,2399,2399,
Kadin Giyim,Kadın Kahverengi Beli Lastikli Jogger Pantolon,2399,2399,
Kadin Giyim,Kadın Sarı Bisiklet Yaka T-Shirt,659.99,659.99,
Kadin Giyim,Kadın Yeşil Desenli Straight Fit Pantolon,3299,3299,
Kadin Giyim,Kadın Kırık Beyaz Bisiklet Yaka T-Shirt,599.99,599.99,
Kadin Giyim,Kadın Pembe Bisiklet Yaka T-Shirt,599.99,599.99,
Kadin Giyim,Kadın Antrasit Beli Bağlamalı Jogger Pantolon,1399,1399,
Kadin Giyim,Kadın Beyaz Comfort Fit Pileli Şort,3299,3299,
Kadin Giyim,Kadın Bordo Bisiklet Yaka Kolsuz Keten Bluz,2199,2199,
Kadin Giyim,Kadın Turuncu A Form Kolsuz Keten Mini Elbise,2999,2999,
Kadin Giyim,Kadın Pembe Kolsuz Keten Mini Elbise,2999,2999,
Kadin Giyim,Kadın Ekru Kısa Kollu Keten Gömlek,2399,2399,
Kadin Giyim,Kadın Haki Kısa Kollu Keten Gömlek,2399,2399,
Kadin Giyim,Kadın Sarı Chino Şort,2399,2399,
Kadin Giyim,Kadın Bej Chino Şort,2399,2399,
Kadin Giyim,Kadın Taş Rengi Havuç Keten Pantolon,2999,2999,
Kadin Giyim,Kadın Kahverengi Pile Detaylı Chino Şort,2399,2399,
Kadin Giyim,Erkek Siyah Regular Fit Şort,2399,2399,
Kadin Giyim,Erkek Bej Rengi Regular Fit Şort,2399,2399,
Kadin Giyim,Kadın Yeşil Düz Kesim Kolsuz Mini Elbise,1199,1199,
Kadin Giyim,Kadın Kahverengi Düz Kesim Kolsuz Mini Elbise,1199,1199,
Kadin Giyim,Kadın Pembe A Form Kolsuz Mini Elbise,1199,1199,
Kadin Giyim,Kadın Kırık Beyaz Baskılı Bisiklet Yaka T-Shirt,759.99,759.99,
Kadin Giyim,Kadın Bej Rengi Relax Fit Chino Pantolon,1999,1999,
Kadin Giyim,Kadın Kırık Beyaz Kısa Kollu Keten Karışımlı Gömlek,2399,2399,
Kadin Giyim,Kadın Mavi Loose Fit Bisiklet Yaka T-Shirt,599.99,599.99,
Kadin Giyim,Kadın Beyaz Oversize Keten Karışımlı Blazer Ceket,4599,4599,
Kadin Giyim,Kadın Mavi Tek Cepli Çizgili Kısa Kollu Gömlek,1599,1599,
Kadin Giyim,Kadın Mavi Çizgili Straight Fit Pantolon,2199,2199,
Kadin Giyim,Kadın Beyaz Çift Cepli Kolsuz Keten Gömlek,2399,2399,
Kadin Giyim,Kadın Pembe Çift Cepli Kolsuz Keten Gömlek,2399,2399,
Kadin Giyim,Kadın Bej Çizgili Düğmeli Kolsuz Bluz,2199,2599,%15
Kadin Giyim,Kadın Bej Straight Fit Çizgili Kemerli Pantolon,2599,2999,%13
Kadin Giyim,Kadın Taş Rengi Wide Leg Keten Karışımlı Örme Pantolon,1699,1999,%15
Kadin Giyim,Kadın Kırık Beyaz Oversize Düşük Kol Bisiklet Yaka T-Shirt,759.99,899.99,%16
Kadin Giyim,Kadın Ekru Jakarlı Bisiklet Yaka Örme Kazak,1999,1999,
Kadin Giyim,Kadın Beyaz Oversize Bisiklet Yaka T-Shirt,759.99,759.99,
Kadin Giyim,Kadın Mürdüm V Yaka Kloş Mini Elbise,1999,2999,%33
Kadin Giyim,Kadın Siyah Fitted Dokulu Gömlek,1699,1999,%15
Kadin Giyim,Kadın Beyaz U Yaka T-Shirt,759.99,759.99,
Kadin Giyim,Kadın Kırık Beyaz Oversize Bisiklet Yaka Sweatshirt,1299,1299,
Kadin Giyim,Kadın Taş Rengi Modal Karışımlı Loose Fit Fermuarlı V Yaka Sweatshirt,1499,1799,%17
Kadin Giyim,Kadın Kırık Beyaz Liyosel Kısa Kollu Gömlek,1999,1999,
Kadin Giyim,Kadın Beyaz 3/4 Kol Keten Gömlek,2599,2599,
Kadin Giyim,Kadın Kahverengi Fitted Açık Yaka Atlet,499.99,499.99,
Kadin Giyim,Kadın Yeşil Desenli Oversize Uzun Kollu Gömlek,1999,1999,
Kadin Giyim,Kadın Kırık Beyaz Bisiklet Yaka T-Shirt,599.99,599.99,
Kadin Giyim,Kadın Gri Melanj Bisiklet Yaka T-Shirt,599.99,599.99,
Kadin Giyim,Kadın Kahverengi Ekoseli Dikiş Detaylı Uzun Kollu Gömlek,1999,2599,%23
Kadin Giyim,Kadın Kahverengi Keten Karışımlı Relax Fit Pantolon,3999,3999,
Kadin Giyim,Kadın Ekru Triko Mini Etek,1199,1399,%14
Kadin Giyim,Kadın Kırmızı Fitted V Yaka Kolsuz Triko Kazak,1499,1799,%17
Kadin Giyim,Kadın Ekru Fitted Polo Yaka Kısa Kollu Triko Kazak,1999,1999,
Kadin Giyim,Kadın Kırmızı Fitted Kayık Yaka Tek Omuz Bluz,999.99,999.99,
Kadin Giyim,Kadın Siyah Fitted Kolsuz Triko Kazak,1299,1299,
Kadin Giyim,Kadın Lacivert Oversize Kısa Kollu Keten Gömlek,1699,1699,
Kadin Giyim,Kadın Sarı Sırt Detaylı Kolsuz Keten Bluz,2999,2999,
Kadin Giyim,Kadın Bordo Loose Fit Bağlamalı V Yaka Uzun Kollu Bluz,2999,2999,
Kadin Giyim,Kadın Bordo Straight Fit Beli Lastikli Pantolon,3599,3599,
Kadin Giyim,Kadın Kırmızı Straight Fit Keten Karışımlı Pantolon,2799,2799,
Kadin Giyim,Kadın Bej Fitted Bağlama Detaylı Ceket,4599,4599,
Kadin Giyim,Kadın Siyah Fitted Bisiklet Yaka Kolsuz T-Shirt,759.99,759.99,
Kadin Giyim,Kadın Kırık Beyaz Baskılı Pileli Pantolon,2599,2599,
Kadin Giyim,Kadın Kırık Beyaz Nervür Dikişli Düğme Detaylı Şort,2199,2199,
Kadin Giyim,Kadın Sarı V Yaka Kısa Kollu Keten Bluz,2799,2799,
Kadin Giyim,Kadın Koyu İndigo Polo Yaka Uzun Kollu Bluz,2299,2299,
Kadin Giyim,Kadın Lacivert Çizgili Polo Yaka Kolsuz Mini Elbise,1799,1799,
Kadin Giyim,Kadın Gri Çizgili Polo Yaka Kolsuz Mini Elbise,1799,1799,
Kadin Giyim,Kadın Kahverengi Fitted Toka Detaylı Kolsuz Bluz,1599,1599,
Kadin Giyim,Kadın Kahverengi Fitted Toka Detaylı Kolsuz Bluz,1599,1599,
Kadin Giyim,Kadın Hardal Rengi Comfort Fit Keten Şort,3299,3299,
Kadin Giyim,Kadın Kahverengi Comfort Fit Keten Şort,3299,3299,
Kadin Giyim,Kadın Haki Comfort Fit Keten Şort,2399,2399,
Kadin Giyim,Kadın Bordo Oversize Resort Yaka Keten Gömlek,3299,3299,
Kadin Giyim,Kadın Bordo Relax Fit Keten Şort,2399,2399,
Kadin Giyim,Kadın Turuncu Relax Fit Keten Şort,2399,2399,
Kadin Giyim,Kadın Kiremit Rengi Düz Kesim Kolsuz Mini Elbise,1199,1199,
Kadin Giyim,Kadın Kırık Beyaz Fitted Bağlamalı Kolsuz Bluz,2599,2599,
Kadin Giyim,Kadın Bej Rengi Kolsuz Keten Karışımlı Bluz,1999,1999,
Kadin Giyim,Kadın Bej Rengi Pileli Keten Karışımlı Şort,2599,2599,
Kadin Giyim,Kadın Beyaz Oversize Uzun Kollu Keten Gömlek,2799,2799,
Kadin Giyim,Kadın Kahverengi Çizgili Beli Lastikli Örme Pantolon,1599,1599,
Kadin Giyim,Kadın Kırık Beyaz Baskılı Bisiklet Yaka T-Shirt,799.99,799.99,
Kadin Giyim,Kadın Sarı Baskılı Bisiklet Yaka T-Shirt,899.99,899.99,
Kadin Giyim,Kadın Kahverengi Modal Karışımlı Askılı Uzun Elbise,2199,2199,
Kadin Giyim,Kadın Hardal Rengi Wide Leg Modal Karışımlı Pantolon,2199,2199,
Kadin Giyim,Kadın Kırık Beyaz Açık Yaka Atlet,759.99,759.99,
Kadin Giyim,Kadın Lacivert Kısa Kollu Midi Elbise,2399,2399,
Kadin Giyim,Kadın Ekru Çizgili Straight Fit Pantolon,1599,1599,
Kadin Giyim,Kadın Taş Rengi Comfort Fit Bağlama Detaylı Pantolon,2599,2599,
Kadin Giyim,Kadın Kırık Beyaz Chino Şort,1699,1699,
Kadin Giyim,Kadın Kırık Beyaz Polo Yaka Kısa Kollu Triko Kazak,1999,1999,
Kadin Giyim,Kadın Lacivert Polo Yaka Kısa Kollu Triko Kazak,1999,1999,
Kadin Giyim,Kadın Kırık Beyaz Fisto Kumaş Bisiklet Yaka T-Shirt,1199,1199,
Kadin Giyim,Kadın Siyah Fitted V Yaka Atlet,659.99,659.99,
Kadin Giyim,Kadın Sarı Çizgili Fitted Bisiklet Yaka T-Shirt,899.99,899.99,
Kadin Giyim,Kadın Kırmızı Baskılı Loose Fit Bisiklet Yaka T-Shirt,899.99,899.99,
Kadin Giyim,Kadın Beyaz Kloş Keten Karışımlı Midi Elbise,4599,4599,
Kadin Giyim,Kadın Beyaz Fırfırlı V Yaka Kolsuz Bluz,2599,2599,
Kadin Giyim,Kadın Beyaz Çizgili Düşük Kol Gömlek,2799,2799,
Kadin Giyim,Kadın Yeşil Floral Desenli Uzun Straplez Tulum,3599,3599,
Kadin Giyim,Kadın Kırık Beyaz V Yaka Kolsuz Bluz,1999,1999,
Kadin Giyim,Kadın Lacivert Skinny Fit Pantolon,899.99,1599,%44
Kadin Giyim,Kadın Mavi Oversize Keten Gömlek,2599,2599,
Kadin Giyim,Kadın Ekru Çizgili Oversize Uzun Kollu Gömlek,1999,1999,
Kadin Giyim,Kadın Pembe Nakışlı Çizgili Relax Fit Pantolon,3299,3299,
Kadin Giyim,Kadın Kırık Beyaz Nakışlı Mom Fit Jean Pantolon,3599,3599,
Kadin Giyim,Kadın Ekru Nakışlı Polo Yaka Kısa Kollu Triko Kazak,2799,2799,
Kadin Giyim,Kadın Kahverengi Yırtmaçlı Midi Etek,1399,1399,
Kadin Giyim,Kadın Kırık Beyaz Gipeli Astarlı Kloş Midi Elbise,3299,3299,
Kadin Giyim,Kadın Yeşil Çizgili Kolsuz A Form Uzun Elbise,4599,4599,
Kadin Giyim,Kadın Beyaz Baskılı Loose Fit Bisiklet Yaka T-Shirt,1599,1599,
Kadin Giyim,Kadın Mavi Fitted Kolsuz Süveter,1399,1399,
Kadin Giyim,Kadın Kahverengi Cloutte Fit Pantolon,2399,2399,
Kadin Giyim,Kadın Mavi Desenli Kloş Midi Etek,1799,1799,
Kadin Giyim,Kadın Pembe Çizgili Bisiklet Yaka T-Shirt,759.99,759.99,
Kadin Giyim,Kadın Gri Melanj Düğme Detaylı Bisiklet Yaka Fitted Hırka,1599,1599,
Kadin Giyim,Kadın İndigo Askılı Cep Detaylı Midi Elbise,3599,3599,
Kadin Giyim,Kadın Kırık Beyaz Comfort Fit Nakışlı Trucker Ceket,3999,3999,
Kadin Giyim,Kadın Kahverengi Baskılı V Yaka A Form Midi Elbise,2999,2999,
Kadin Giyim,Kadın Kahverengi Modal Karışımlı Beli Lastikli Wide Leg Pantolon,2199,2199,
Kadin Giyim,Kadın Pembe Nakışlı Çizgili Comfort Fit Şort,2999,2999,
Kadin Giyim,Kadın Yeşil Düşük Kollu Bisiklet Yaka T-Shirt,659.99,659.99,
Kadin Giyim,Kadın Beyaz Desenli Bağlama Detaylı Mini Elbise,2599,2599,
Kadin Giyim,Kadın Mürdüm Relax Fit Kolsuz Midi Elbise,1999,1999,
Kadin Giyim,Kadın Mürdüm Kayık Yaka Kloş Midi Elbise,1999,1999,
Kadin Giyim,Kadın Pembe Kontrast Fitted Polo Yaka T-Shirt,999.99,999.99,
Kadin Giyim,Kadın Kırık Beyaz Baskılı Bisiklet Yaka T-Shirt,999.99,999.99,
Kadin Giyim,Kadın Beyaz Nakışlı Bisiklet Yaka T-Shirt,899.99,899.99,
Kadin Giyim,Kadın Mavi Baskılı Bisiklet Yaka T-Shirt,799.99,799.99,
Kadin Giyim,Kadın Lacivert Çizgili Oversize Bisiklet Yaka T-Shirt,799.99,799.99,
Kadin Giyim,Kadın Ekru Cloutte Fit Pantolon,2399,2399,
Kadin Giyim,Kadın Kırık Beyaz Nakışlı Bisiklet Yaka T-Shirt,899.99,899.99,
Kadin Giyim,Kadın Kahverengi Kayık Yaka Kloş Midi Elbise,1999,1999,
Kadin Giyim,Kadın İndigo Straight Fit Bermuda Şort,2199,2199,
Kadin Giyim,Kadın Kırmızı Çizgili Kısa Kollu Bluz,1099,1099,
Kadin Giyim,Kadın Kahverengi Fitted Kolsuz Mini Elbise,1399,1399,
Kadin Giyim,Kadın Kırık Beyaz Fitted Büzgülü Kontrast Bisiklet Yaka T-Shirt,799.99,999.99,%20
Kadin Giyim,Kadın İndigo Paça Detaylı Straight Fit Jean Pantolon,1999,1999,
Kadin Giyim,Kadın Pembe Çizgili Fitted Bisiklet Yaka T-Shirt,759.99,759.99,
Kadin Giyim,Kadın Siyah Fitted Baskılı Bisiklet Yaka T-Shirt,759.99,759.99,
Kadin Giyim,Kadın Kahverengi V Yaka T-Shirt,899.99,899.99,
Kadin Giyim,Kadın Pembe Çizgili Loose Fit Bisiklet Yaka T-Shirt,1199,1199,
Kadin Giyim,Kadın Beyaz Baskılı Oversize Bisiklet Yaka T-Shirt,799.99,999.99,%20
Kadin Giyim,Kadın Sarı Baskılı Bisiklet Yaka T-Shirt,799.99,799.99,
Kadin Giyim,Kadın Bej Rengi Havuç Pantolon,2799,2799,
Kadin Giyim,Kadın Turuncu Fitted Çizgili Polo Yaka T-Shirt,1399,1399,
Kadin Giyim,Kadın Lacivert Fitted Bisiklet Yaka Dikiş Detaylı T-Shirt,899.99,899.99,
Kadin Giyim,Kadın Kırmızı Cloutte Fit Pantolon,2399,2399,
Kadin Giyim,Kadın Mavi Çizgili Polo Yaka Kolsuz Triko Kazak,2399,2399,
Kadin Giyim,Kadın Kahverengi Fırfırlı Mini Etek,1199,1199,
Kadin Giyim,Kadın Mavi Nakışlı Kolsuz Mini Elbise,1199,1199,
Kadin Giyim,Kadın Ekru Modal Karışımlı Beli Lastikli Wide Leg Pantolon,2199,2199,
Kadin Giyim,Kadın Ekru Dikiş Detaylı Fitted V Yaka T-Shirt,699.99,699.99,
Kadin Giyim,Kadın Kahverengi Fitted V Yaka Atlet,759.99,759.99,
Kadin Giyim,Kadın Beyaz Bağlama Detaylı Uzun Kollu Bluz,1999,1999,
Kadin Giyim,Kadın Lacivert Keten Karışımlı Chino Pantolon,1999,1999,
Kadin Giyim,Kadın Siyah Çizgili Fitted Açık Yaka T-Shirt,659.99,659.99,
Kadin Giyim,Kadın Bordo Kısa Kollu Dantelli Mini Elbise,1799,2199,%18
Kadin Giyim,Kadın Haki Beli Bağlamalı Wide Leg Pantolon,1599,1599,
Kadin Giyim,Kadın Siyah Desenli Halter Yaka Kolsuz Mini Elbise,1599,1599,
Kadin Giyim,Kadın Beyaz Baskılı Bisiklet Yaka T-Shirt,1599,1599,
Kadin Giyim,Kadın Siyah Düşük Kollu Bisiklet Yaka Oversize Crop T-Shirt,759.99,899.99,%16
Kadin Giyim,Kadın Siyah Dantelli Fitted Açık Yaka Atlet,699.99,699.99,
Kadin Giyim,Kadın Kahverengi Loose Fit Bisiklet Yaka T-Shirt,659.99,659.99,
Kadin Giyim,Kadın Haki Düşük Kollu Bisiklet Yaka T-Shirt,659.99,659.99,
Kadin Giyim,Kadın Kırık Beyaz Çizgili Fitted Atlet,659.99,659.99,
Kadin Giyim,Kadın Mürdüm Jakarlı Dar Mini Etek,1099,1099,
Kadin Giyim,Kadın Kahverengi Asimetrik Kesim Straplez Bluz,999.99,999.99,
Kadin Giyim,Kadın Turuncu Çizgili Örme Mini Etek,999.99,999.99,
Kadin Giyim,Kadın Kırık Beyaz Baskılı Bisiklet Yaka T-Shirt,799.99,799.99,
Kadin Giyim,Kadın Mürdüm Baskılı Dantelli Bisiklet Yaka Atlet,759.99,759.99,
Kadin Giyim,Kadın Kırık Beyaz Baskılı Fitted Bisiklet Yaka T-Shirt,759.99,759.99,
Kadin Giyim,Kadın Kahverengi Çizgili Bisiklet Yaka T-Shirt,759.99,759.99,
Kadin Giyim,Kadın Kırık Beyaz Baskılı Loose Fit Bisiklet Yaka T-Shirt,699.99,699.99,
Kadin Giyim,Kadın Kırık Beyaz Dantelli Fitted Açık Yaka Atlet,699.99,699.99,
Kadin Giyim,Kadın Yeşil Fitted Fırfırlı Dik Yaka Kısa Kollu Bluz,699.99,999.99,%30
Kadin Giyim,Kadın Sarı Açık Yaka Atlet,659.99,659.99,
Kadin Giyim,Kadın Mürdüm Açık Yaka Atlet,659.99,659.99,
Kadin Giyim,Kadın Sarı Modal Karışımlı Beli Lastikli Jogger Pantolon,1999,1999,
Kadin Giyim,Kadın Sarı Modal Karışımlı Kapüşonlu Sweatshirt,2299,2299,
Kadin Giyim,Kadın Beyaz Fitted Baskılı Bisiklet Yaka T-Shirt,699.99,699.99,
Kadin Giyim,Kadın Kırmızı Bisiklet Yaka T-Shirt,759.99,759.99,
Kadin Giyim,Kadın Lacivert Modal Karışımlı Oversize Bisiklet Yaka Sweatshirt,1599,1599,
Kadin Giyim,Kadın Beyaz Cep Detaylı Oversize Bisiklet Yaka T-Shirt,799.99,799.99,
Kadin Giyim,Kadın Kahverengi Fitted Sırt Detaylı Bisiklet Yaka Bluz,659.99,999.99,%34
Kadin Giyim,Kadın Koyu İndigo Bel Detaylı Mini Jean Etek,2599,2599,
Kadin Giyim,Kadın İndigo Yıpratmalı Straight Fit Jean Pantolon,2299,2299,
Kadin Giyim,Kadın Kahverengi V Yaka Fitted Jakarlı Yelek,1799,1799,
Kadin Giyim,Kadın Bej Floral Desenli Mini Etek,2399,2399,
Kadin Giyim,Kadın Beyaz Bisiklet Yaka Kolsuz T-Shirt,699.99,699.99,
Kadin Giyim,Kadın Siyah Çizgili Fitted Boyundan Bağlamalı Kolsuz T-Shirt,659.99,659.99,
Kadin Giyim,Kadın İndigo Kısa Jean Şort,1999,1999,
Kadin Giyim,Kadın Kırmızı Loose Fit Beli Bağlamalı Midi Etek,1799,1799,
Kadin Giyim,Kadın Beyaz Comfort Fit Keten Karışımlı Mini Etek,2299,2299,
Kadin Giyim,Kadın Mürdüm Çizgili Fitted Kolsuz Bluz,999.99,999.99,
Kadin Giyim,Kadın Mürdüm Çizgili Flare Fit Pantolon,1799,1799,
Kadin Giyim,Kadın Lacivert Fitted U Yaka Kolsuz Bluz,1399,1399,
Kadin Giyim,Kadın Mavi Çizgili Kısa Kollu Gömlek,1999,1999,
Kadin Giyim,Kadın Mavi Çizgili Relax Fit Şort,1199,1199,
Kadin Giyim,Kadın Antrasit Bisiklet Yaka T-Shirt,899.99,899.99,
Kadin Giyim,Kadın Siyah Kısa Kollu Dantelli Mini Elbise,1799,2199,%18
Kadin Giyim,Kadın Lacivert Beli Lastikli Cepli Mini Şort,1599,1599,
Kadin Giyim,Kadın Kahverengi Beli Lastikli Cepli Mini Şort,1599,1599,
Kadin Giyim,Kadın Mavi Desenli Bağlamalı Kolsuz Crop Bluz,1999,1999,
Kadin Giyim,Kadın Mavi Desenli Kloş Mini Etek,1799,1799,
Kadin Giyim,Kadın Lacivert 3/4 Kol Bisiklet Yaka Sweatshirt,1199,1199,
Kadin Giyim,Kadın Mavi Baskılı Kısa Kollu Mini Elbise,1399,1399,
Kadin Giyim,Kadın Taş Rengi Baskılı Nakışlı Loose Fit Bisiklet Yaka T-Shirt,999.99,1199,%17
Kadin Giyim,Kadın Lacivert Keten Karışımlı Kolsuz Sırtı Açık Bluz,1399,1399,
Kadin Giyim,Kadın Kahverengi Desenli Beli Bağlamalı Kloş Uzun Etek,2299,2299,
Kadin Giyim,Kadın Kırık Beyaz Fitted Düğmeli Atlet,999.99,999.99,
Kadin Giyim,Kadın Sarı Baskılı Loose Fit Düşük Kol T-Shirt,1799,1799,
Kadin Giyim,Kadın Lacivert Beli Bağlamalı Wide Leg Pantolon,1599,1599,
Kadin Giyim,Kadın Bordo Fırfırlı Loose Fit V Yaka Kolsuz Bluz,1399,1399,
Kadin Giyim,Kadın Pembe Bisiklet Yaka T-Shirt,799.99,799.99,
Kadin Giyim,Kadın Kahverengi Comfort Fit Beli Bağlamalı Şort,1199,1199,
Kadin Giyim,Kadın Kırmızı Loose Fit Büzgülü Kolsuz Bluz,1099,1099,
Kadin Giyim,Kadın Kırmızı Wide Leg Örme Pantolon,1799,1799,
Kadin Giyim,Kadın Beyaz Fitted Bisiklet Yaka Kolsuz T-Shirt,659.99,659.99,
Kadin Giyim,Kadın Kırık Beyaz Fitted Bisiklet Yaka Kolsuz T-Shirt,799.99,799.99,
Kadin Giyim,Kadın Siyah Kolsuz Dantelli Mini Elbise,1999,1999,
Kadin Giyim,Kadın Pembe Comfort Fit Çizgili Şort,999.99,999.99,
Kadin Giyim,Kadın Beyaz Nakışlı Fitted Bisiklet Yaka Atlet,659.99,659.99,
Kadin Giyim,Kadın Kırmızı Çizgili Comfort Fit Şort,999.99,999.99,
Kadin Giyim,Kadın Bej Desenli Beli Bağlamalı Wide Leg Pantolon,1399,1399,
Kadin Giyim,Kadın Pembe Çizgili Loose Fit Bisiklet Yaka T-Shirt,899.99,899.99,
Kadin Giyim,Kadın Ekru Fitted Bisiklet Yaka Kolsuz Bluz,799.99,799.99,
Kadin Giyim,Kadın Sarı Fitted Bisiklet Yaka Kolsuz Bluz,799.99,799.99,
Kadin Giyim,Kadın Kırık Beyaz Fitted Açık Yaka Kolsuz T-Shirt,659.99,659.99,
Kadin Giyim,Kadın Kırık Beyaz Loose Fit Bisiklet Yaka T-Shirt,999.99,999.99,
Kadin Giyim,Kadın Ekru Comfort Fit Chino Pantolon,1999,1999,
Kadin Giyim,Kadın Siyah Comfort Fit Chino Pantolon,1999,1999,
Kadin Giyim,Kadın İndigo Comfort Fit Bağlama Detaylı Jean Etek,2599,2599,
Kadin Giyim,Kadın İndigo Kargo Jean Şort,2399,2399,
Kadin Giyim,Kadın Beyaz Çizgili Relax Fit Chino Şort,2599,2599,
Kadin Giyim,Kadın Ekru Desenli Oversize Kısa Kollu Gömlek,2599,2599,
Kadin Giyim,Kadın Kahverengi Desenli Mini Etek,2299,2299,
Kadin Giyim,Kadın Kahverengi Desenli Oversize Kısa Kollu Gömlek,2599,2599,
Kadin Giyim,Kadın Pembe Boncuklu Çizgili Oversize Kısa Kollu Gömlek,2999,2999,
Kadin Giyim,Kadın Yeşil Çizgili A Form Uzun Etek,2799,2799,
Kadin Giyim,Kadın Ekru Desenli Comfort Fit Şort,2399,2399,
Kadin Giyim,Kadın Pembe Boncuklu Çizgili Comfort Fit Şort,2599,2599,
Kadin Giyim,Kadın Yeşil Boncuklu Çizgili Comfort Fit Şort,2599,2599,
Kadin Giyim,Kadın Yeşil Cizgili Dantelli Kolsuz Crop Bluz,1999,1999,
Kadin Giyim,Kadın Kahverengi Zımba Detaylı Deri Sandalet,3999,3999,
Kadin Giyim,Kadın Ekru Nakışlı Askılı Midi Elbise,1999,2599,%23
Kadin Giyim,Kadın Sarı V Yaka A Form Baskılı Midi Elbise,1999,2599,%23
Kadin Giyim,Kadın Siyah U Yaka Kolsuz Modal Uzun Elbise,1699,2199,%23
Kadin Giyim,Kadın Kırmızı Marin Baskılı Yaka Detaylı Kloş Midi Elbise,1899,2399,%21
Kadin Giyim,Kadın Haki Düz Kesim Kolsuz V Yaka Uzun Elbise,1799,2399,%25
Kadin Giyim,Kadın Mavi Baskılı Kolsuz Kloş Midi Elbise,1699,2599,%35
Kadin Giyim,Kadın Beyaz Askılı Mini Keten Elbise,2199,2799,%21
Kadin Giyim,Kadın Kırmızı Floral Baskılı Kruvaze Bağlamalı Mini Elbise,2099,2799,%25
Kadin Giyim,Kadın Kırık Beyaz Relax Fit Beli Lastikli Keten Pantolon,1999,2599,%23
Kadin Giyim,Kadın Pembe Etnik Baskılı V Yaka Kloş Midi Elbise,1899,2399,%21
Kadin Giyim,Kadın Sarı Floral Baskılı Askılı Kloş Midi Elbise,1899,2399,%21
Kadin Giyim,Kadın Ekru Nakışlı Kemerli A Form Midi Gömlek Elbise,2799,3599,%22
Kadin Giyim,Kadın Ekru A Kesim Midi Etek,1399,1999,%30
Kadin Giyim,Kadın Beyaz Kolsuz Crop Keten Bluz,1399,1799,%22
Kadin Giyim,Kadın Haki Düğüm Detaylı Yırtmaçlı Midi Elbise,899.99,1199,%25
Kadin Giyim,Kadın Yeşil Etnik Baskılı Kısa Kollu Düğmeli Bluz,1259,1599,%21
Kadin Giyim,Kadın Pembe Nakışlı Büzgülü Mini Elbise,2299,2999,%23
Kadin Giyim,Kadın Yeşil Baskılı A Form Askılı Sırtı Açık Uzun Elbise,1999,2599,%23
Kadin Giyim,Kadın Mavi Çizgili A Form Gömlek Yaka Sırtı Midi Elbise,1999,2599,%23
Kadin Giyim,Kadın Ekru Bisiklet Yaka Örgü Detaylı Yelek,959.99,1199,%20
Kadin Giyim,Kadın Bej Rengi Etnik Baskılı Kloş Mini Elbise,1899,2399,%21
Kadin Giyim,Kadın Ekru Baskılı Kemerli Kolsuz Kloş Mini Elbise,1899,2399,%21
Kadin Giyim,Kadın Lacivert V Yaka Kısa Kollu T-Shirt,899.99,1199,%25
Kadin Giyim,Kadın Kırmızı Kısa Kollu Mini Gömlek Elbise,1699,2199,%23
Kadin Giyim,Kadın Mavi Çizgili Oversize Bağlamalı Yaka Keten Karışımlı Bluz,1599,2399,%33
Kadin Giyim,Kadın Hardal Rengi Bağlama Detaylı Keten Şort,1599,1999,%20
Kadin Giyim,Kadın Lacivert Regular Fit Keten Kısa Şort,1599,1999,%20
Kadin Giyim,Kadın Safran Rengi Sırt Detaylı Kolsuz Nakışlı Bluz,1599,1999,%20
Kadin Giyim,Kadın Kiremit Rengi Kısa Keten Şort,1599,1999,%20
Kadin Giyim,Kadın Siyah Etnik Baskılı Bağlama Detaylı Uzun Elbise,1599,2399,%33
Kadin Giyim,Kadın Yeşil Etnik Baskılı Kloş Mini Etek,1399,1799,%22
Kadin Giyim,Kadın Siyah Baskılı Kol Detaylı Oversize Uzun Elbise,1399,1799,%22
Kadin Giyim,Kadın Pembe Straight Fit Baskılı Pantolon,1399,1799,%22
Kadin Giyim,Kadın Safran Rengi Nakışlı Beli Lastikli Şort,1259,1599,%21
Kadin Giyim,Kadın Mavi Çizgili Kısa Şort,1259,1599,%21
Kadin Giyim,Kadın Lacivert Çizgili Wide Leg Beli Lastikli Pantolon,999.99,1299,%23
Kadin Giyim,Kadın Kırmızı Çizgili Beli Bağlamalı Mini Şort,959.99,1199,%20
Kadin Giyim,Kadın Ekru Etnik Nakışlı Relax Fit Şort,1099,1399,%21
Kadin Giyim,Kadın Lacivert Çizgili Düşük Kol Bluz,529.99,659.99,%20
Kadin Giyim,Kadın Kırık Beyaz Düşük Kol Simli Kısa Kollu T-Shirt,459.99,599.99,%23
Kadin Giyim,Kadın Taş Rengi Fitted Bisiklet Yaka Kısa Kollu T-Shirt,459.99,599.99,%23
Kadin Giyim,Kadın Beyaz Baskılı Bisiklet Yaka T-Shirt,429.99,559.99,%23
Kadin Giyim,Kadın Beyaz Bisiklet Yaka Fitted Kolsuz Bluz,529.99,659.99,%20
Kadin Giyim,Kadın Mavi Çiçek Baskılı A Form Uzun Gömlek Elbise,1599,1999,%20
Kadin Giyim,Kadın Beyaz Marin Baskılı Bağlamalı Wide Leg Pantolon,1399,1799,%22
Kadin Giyim,Kadın Beyaz V Yaka Kolsuz Keten Bluz,1299,1699,%24
Kadin Giyim,Kadın Haki Straight Fit Beli Bağlamalı Keten Pantolon,1899,2399,%21
Kadin Giyim,Kadın Mavi Relax Fit Beli Lastikli Keten Şort,1599,1999,%20
Kadin Giyim,Kadın Ekru Bağlama Detaylı Çizgili Gömlek Elbise,2499,3299,%24
Kadin Giyim,Kadın Ekru Keten Karışımlı Çizgili Cloutte Fit Pantolon,2099,2799,%25
Kadin Giyim,Kadın Bej Rengi Bağlama Detaylı Pileli Kısa Şort,1399,1799,%22
Kadin Giyim,Kadın Ekru Modal Karışımlı Açık Yaka Kolsuz Triko Kazak,799.99,999.99,%20
Kadin Giyim,Kadın Kahverengi Keten Karışımlı Baskılı Kısa Kollu Gömlek,1599,1999,%20
Kadin Giyim,Kadın Bej Rengi Relax Fit Liyosel Pantolon,1999,2599,%23
Kadin Giyim,Kadın Ekru Kemer Detaylı Çizgili Midi Etek,1699,2199,%23
Kadin Giyim,Kadın Su Yeşili Kolsuz Sırtı Bağlama Detaylı Bluz,1399,1799,%22
Kadin Giyim,Kadın Su Yeşili Düz Kesim Uzun Etek,1999,2599,%23
Kadin Giyim,Kadın Pembe Baskılı Kolsuz Dar Kesim Midi Elbise,1259,1599,%21
Kadin Giyim,Kadın Su Yeşili Pileli Kısa Keten Şort,2199,2799,%21
Kadin Giyim,Kadın Kırık Beyaz Nakışlı Düşük Kol Bisiklet Yaka T-Shirt,899.99,1199,%25
Kadin Giyim,Kadın Mavi Çizgili Kısa Kollu Gömlek,1399,1799,%22
Kadin Giyim,Kadın Pembe Baskılı Tek Omuz Midi Elbise,2199,2799,%21
Kadin Giyim,Kadın Taş Rengi V Yaka Düğmeli Kısa Kollu Örme T-Shirt,999.99,1299,%23
Kadin Giyim,Kadın Beyaz V Yaka Kısa Kollu T-Shirt,899.99,1199,%25
Kadin Giyim,Kadın Beyaz Gömlek Yaka Kolsuz Mini Keten Elbise,2399,2999,%20
Kadin Giyim,Kadın Lacivert Kolsuz Uzun Tulum,1699,2199,%23
Kadin Giyim,Kadın Bej Rengi Saten Görünümlü Dokulu Midi Etek,1399,1799,%22
Kadin Giyim,Kadın Beyaz Kısa Keten Şort,1699,2199,%23
Kadin Giyim,Kadın Bej Rengi Çizgili Wide Leg Beli Lastikli Pantolon,1499,1999,%25
Kadin Giyim,Kadın Bej Rengi Gömlek Yaka Kolsuz Kemerli Mini Keten Tulum,2799,3599,%22
Kadin Giyim,Kadın Lacivert Marin Baskılı Midi Gömlek Elbise,1599,1999,%20
Kadin Giyim,Kadın Ekru Etnik Çizgili Kısa Kollu Gömlek,1299,1699,%24
Kadin Giyim,Kadın Ekru Nakışlı Beli Bağlamalı Pantolon,1999,2599,%23
Kadin Giyim,Kadın Beyaz Resort Yaka Kolsuz Keten Gömlek,1399,1799,%22
Kadin Giyim,Kadın Beyaz Relax Fit Beli Lastikli Keten Şort,1599,1999,%20
Kadin Giyim,Kadın Sarı Pile Detaylı Wide Leg Pantolon,1099,1999,%45
Kadin Giyim,Kadın Kırmızı Kemerli Keten Şort,1699,2199,%23
Kadin Giyim,Kadın Bej Rengi Beli Bağlamalı Kısa Şort,1599,1999,%20
Kadin Giyim,Kadın İndigo Nervürlü Cropped Fit Jean Pantolon,999.99,1999,%50
Kadin Giyim,Kadın Ekru Ajurlu Yanları Düğmeli Kolsuz Kazak,999.99,1799,%44
Kadin Giyim,Kadın Siyah V Yaka Bağlama Detaylı Kolsuz Triko Kazak,1259,1599,%21
Kadin Giyim,Kadın Pembe Baskılı V Yaka Crop Kolsuz Bluz,699.99,899.99,%22
Kadin Giyim,Kadın Lacivert Kolsuz Askılı Keten Karışımlı Bluz,1699,2199,%23
Kadin Giyim,Kadın Lacivert Pileli Keten Karışımlı Pantolon,3199,3999,%20
Kadin Giyim,Kadın Yeşil Gri Keten Karışımlı Bisiklet Yaka Atlet,479.99,599.99,%20
Kadin Giyim,Kadın Beyaz A Kesim Cepli Kolsuz Midi Elbise,3599,4599,%22
Kadin Giyim,Kadın Bej Rengi Keten Karışımlı Kolsuz Fitted Ceket,2199,2799,%21
Kadin Giyim,Kadın Ekru Etnik Nakışlı Oversize V Yaka Midi Elbise,3199,3999,%20
Kadin Giyim,Kadın Beyaz Nakışlı Kısa Kollu Gömlek,1399,1799,%22
Kadin Giyim,Kadın Ekru Etnik Nakışlı Oversize Gömlek,1699,2199,%23
Kadin Giyim,Kadın Haki Regular Fit Pileli Pantolon,899.99,1399,%36
Kadin Giyim,Kadın Kırık Beyaz V Yaka Dokulu Casual Bluz,1199,1699,%29
Kadin Giyim,Kadın Mavi Ekoseli A Form Mini Etek,759.99,1399,%46
Kadin Giyim,Kadın Bej Rengi Yırtmaçlı Midi Etek,1599,1999,%20
Kadin Giyim,Kadın Kırık Beyaz Fitilli Fitted Kolsuz Triko Kazak,959.99,1199,%20
Kadin Giyim,Kadın Ekru V Yaka Kolsuz Fitted Bluz,629.99,799.99,%21
Kadin Giyim,Kadın Kiremit Rengi Kısa Kollu Yırtmaçlı Dar Midi Elbise,799.99,1199,%33
Kadin Giyim,Kadın Siyah Pileli Kısa Keten Şort,2199,2799,%21
Kadin Giyim,Kadın İndigo Düğme Detaylı Jean Mini Etek,1399,1799,%22
Kadin Giyim,Kadın Taş Rengi Keten Karışımlı Açık Düğmeli Yaka Atlet,629.99,799.99,%21
Kadin Giyim,Kadın Beyaz Bisiklet Yaka Liyosel T-Shirt,559.99,699.99,%20
Kadin Giyim,Kadın Siyah Çizgili Casual Yelek,899.99,1199,%25
Kadin Giyim,Kadın Ekru Wide Leg Pantolon,1699,2399,%29
Kadin Giyim,Kadın Sarı Kemerli Kruvaze A Form Midi Etek,1499,2199,%32
Kadin Giyim,Kadın Taş Rengi Straight Fit Pantolon,1499,1999,%25
Kadin Giyim,Kadın Kum Rengi Straight Fit Pantolon,1499,1999,%25
Kadin Giyim,Kadın İndigo Straight Fit Jean Pantolon,1099,1999,%45
Kadin Giyim,Kadın Lacivert Uzun Gömlek Yaka Kloş Elbise,1799,2599,%31
Kadin Giyim,Kadın Beyaz Oversize Dokulu Casual Gömlek,999.99,1699,%41
Kadin Giyim,Kadın Pembe Bağlama Detaylı Uzun Kollu Gömlek,1199,1799,%33
Kadin Giyim,Kadın Siyah Etnik Baskılı Uzun Kimono,1599,1999,%20
Kadin Giyim,Kadın Mavi Etnik Baskılı Midi Gömlek Elbise,1599,1999,%20
Kadin Giyim,Kadın Siyah Etnik Baskılı Kolsuz Uzun Elbise,1899,2399,%21
Kadin Giyim,Kadın Beyaz Marin Baskılı Uzun Kimono,1699,2199,%23
Kadin Giyim,Kadın Ekru Çizgili A Form Midi Etek,1399,1799,%22
Kadin Giyim,Kadın Siyah Cep Görünümlü Mini Etek,499.99,799.99,%38
Kadin Giyim,Kadın Ekru A Kesim Midi Etek,1399,1999,%30
Kadin Giyim,Kadın Ekru Nakışlı 3/4 Kol Gömlek,1199,1699,%29
Kadin Giyim,Kadın Haki Askılı Kloş Midi Elbise,1999,2599,%23
Kadin Giyim,Kadın Bej Rengi Pile Detaylı Havuç Kesim Keten Karışımlı Pantolon,1699,2399,%29
Kadin Giyim,Kadın İndigo Regular Fit Mini Jean Şort,1399,1799,%22
Kadin Giyim,Kadın Mavi Baskılı Straight Fit Beli Lastikli Pantolon,1599,1999,%20
Kadin Giyim,Kadın İndigo Relax Fit Beli Lastikli Pantolon,1199,1799,%33
Kadin Giyim,Kadın Beyaz Bağlamalı 3/4 Kol V Yaka Bluz,1259,1599,%21
Kadin Giyim,Kadın Kırık Beyaz Baskılı Düşük Kol T-Shirt,529.99,659.99,%20
Kadin Giyim,Kadın Ekru Baskılı A Form Kolsuz Midi Elbise,1999,2599,%23
Kadin Giyim,Kadın Kahverengi Keten Karışımlı Baskılı Beli Lastikli Kısa Şort,999.99,1299,%23
Kadin Giyim,Kadın Siyah Kısa Kollu Yırtmaçlı Dar Midi Elbise,799.99,1199,%33
Kadin Giyim,Kadın Ekru Kruvaze Bağlamalı Baskılı Midi Etek,1399,1799,%22
Kadin Giyim,Kadın Siyah Wide Leg Düğme Detaylı Keten Pantolon,2699,3599,%25
Kadin Giyim,Kadın Lacivert Çizgili Bağlamalı Mini Şort,699.99,899.99,%22
Kadin Giyim,Kadın Siyah Bisiklet Yaka Liyosel T-Shirt,559.99,699.99,%20
Kadin Giyim,Kadın Siyah Çizgili Wide Leg Pantolon,999.99,1599,%37
Kadin Giyim,Kadın İndigo Bilek Detaylı Wide Leg Jean Pantolon,1599,1999,%20
Kadin Giyim,Kadın Mavi Baskılı V Yaka Gömlek Bluz,1099,1699,%35
Kadin Giyim,Kadın Siyah Uzun Gömlek Yaka Kloş Elbise,1799,2599,%31
Kadin Giyim,Kadın Ekru Ön Cepli Straight Fit Pantolon,1599,1999,%20
Kadin Giyim,Kadın Ekru Etnik Baskılı Askılı Kloş Uzun Elbise,1899,2399,%21
Kadin Giyim,Kadın Lacivert Etnik Baskılı İşlemeli Kolsuz Uzun Elbise,2799,3599,%22
Kadin Giyim,Kadın Taş Rengi Nervür Dikişli Wide Leg Örme Pantolon,899.99,1599,%44
Kadin Giyim,Kadın Taş Rengi Bisiklet Yaka Triko Kazak,799.99,1199,%33
Kadin Giyim,Kadın Lacivert Çizgili Loose Fit Kısa Kollu Triko Kazak,1259,1599,%21
Kadin Giyim,Kadın Beyaz Bisiklet Yaka Loose Fit T-Shirt,459.99,599.99,%23
Kadin Giyim,Kadın Lacivert V Yaka Kısa Kollu Fitilli T-Shirt,459.99,599.99,%23
Kadin Giyim,Kadın İndigo Pile Detaylı Wide Leg Jean Pantolon,1699,2199,%23
Kadin Giyim,Kadın Koyu İndigo Crop Jean Yelek,1599,1999,%20
Kadin Giyim,Kadın Lacivert Çizgili V Yaka Oversize Bluz,1259,1599,%21
Kadin Giyim,Kadın Mavi Ekoseli Kısa Kollu Crop Ceket,1599,1999,%20
Kadin Giyim,Kadın Beyaz Cep Detaylı Cropped Flare Fit Pantolon,1699,2199,%23
Kadin Giyim,Kadın Kiremit Rengi Baskılı Kloş Midi Gömlek Elbise,2199,2799,%21
Kadin Giyim,Kadın Siyah Asimetrik Kesim Midi Etek,899.99,1199,%25
Kadin Giyim,Kadın Kırık Beyaz Bağlamalı Crop Bluz,699.99,899.99,%22
Kadin Giyim,Kadın Kırmızı Askılı A Kesim Midi Elbise,1999,2599,%23
Kadin Giyim,Kadın Kırmızı Etnik Desenli Kemerli Midi Elbise,2499,3299,%24
Kadin Giyim,Kadın Yeşil Çizgili Relax Fit Beli Bağlamalı Pantolon,1259,1599,%21
Kadin Giyim,Kadın Lacivert Baskılı Sırt Detaylı Kolsuz Midi Elbise,1259,1599,%21
Kadin Giyim,Kadın Pembe Floral Baskılı Askılı Volanlı Midi Elbise,2199,2799,%21
Kadin Giyim,Kadın Mavi Floral Baskılı Yırtmaçlı Midi Etek,1099,1399,%21
Kadin Giyim,Kadın Lacivert Çizgili Kolsuz Triko Mini Elbise,999.99,1799,%44
Kadin Giyim,Kadın Haki Düğmeli Mini Tulum,1999,2599,%23
Kadin Giyim,Kadın Ekru Nakışlı Kısa Şort,1699,2199,%23
Kadin Giyim,Kadın Mavi Etnik Baskılı Kemerli Uzun Elbise,1699,2199,%23
Kadin Giyim,Kadın Bej Rengi Loose Fit Pile Detaylı Pantolon,1599,2399,%33
Kadin Giyim,Kadın Kırmızı Çizgili Düğme Detaylı Mini Şort Etek,1599,1999,%20
Kadin Giyim,Kadın Kırık Beyaz Loose Fit Nakışlı Kısa Kollu Gömlek,1599,1999,%20
Kadin Giyim,Kadın Ekru Nakışlı Beli Lastikli Şort,1399,1799,%22
Kadin Giyim,Kadın İndigo Uzun Kollu Mini Gömlek Elbise,1399,2199,%36
Kadin Giyim,Kadın Bej Rengi Pileli Mini Kargo Etek,1299,1999,%35
Kadin Giyim,Kadın Ekru Nakışlı V Yaka Kolsuz Bluz,1299,1699,%24
Kadin Giyim,Kadın Kırık Beyaz Baskılı Bisiklet Yaka Kolsuz T-Shirt,599.99,759.99,%21
Kadin Giyim,Kadın Taş Rengi Bol Kesim Kargo Pantolon,1199,2199,%45
Kadin Giyim,Kadın Kırmızı Baskılı Kruvaze Şort Etek,1099,1399,%21
Kadin Giyim,Kadın Beyaz Bisiklet Yaka Kolsuz Crop T-Shirt,359.99,459.99,%22
Kadin Giyim,Kadın Beyaz Regular Fit Bisiklet Yaka T-Shirt,399.99,499.99,%20
Kadin Giyim,Kadın Haki Askılı Anvelop Midi Elbise,899.99,1199,%25
Kadin Giyim,Kadın Beyaz Uzun Kollu Gömlek Görünümlü Bağlamalı Bluz,759.99,1399,%46
Kadin Giyim,Kadın Bej Rengi Mini Kargo Şort,1599,1999,%20
Kadin Giyim,Kadın Kırmızı Baskılı Bağlamalı Bluz,1099,1599,%31
Kadin Giyim,Kadın Kırmızı Baskılı Kloş Midi Etek,1499,1999,%25
Kadin Giyim,Kadın Haki Dantel Desenli Kolsuz Crop Bluz,799.99,999.99,%20
Kadin Giyim,Kadın Mavi Baskılı Sırtı Bağlamalı Midi Elbise,1999,2599,%23
Kadin Giyim,Kadın Pembe Modal Karışımlı Relax Fit Beli Lastikli Pantolon,1699,2199,%23
Kadin Giyim,Kadın Turkuaz Floral Baskılı Askılı Yırtmaçlı Midi Elbise,999.99,1299,%23
Kadin Giyim,Kadın Pembe Çizgili Kısa Kollu Gömlek,1299,1699,%24
Kadin Giyim,Kadın Mavi Cepli Fitted Kısa Şort,1399,1799,%22
Kadin Giyim,Kadın Bej Rengi Beli Lastikli Kargo Pantolon,1599,2399,%33
Kadin Giyim,Kadın İndigo Oversize Jean Ceket,2099,2799,%25
Kadin Giyim,Kadın Haki Uzun Kollu Crop Gömlek,899.99,1799,%50
Kadin Giyim,Kadın Mavi Çizgili Kolsuz Kloş Mini Gömlek Elbise,1599,1999,%20
Kadin Giyim,Kadın Beyaz Kare Yaka Fırfırlı Kolsuz Crop Bluz,899.99,1199,%25
Kadin Giyim,Kadın Yeşil Çizgili Resort Yaka Kısa Kollu Gömlek,1199,1599,%25
Kadin Giyim,Kadın Siyah Dikiş Detaylı Crop Jean Ceket,1799,2999,%40
Kadin Giyim,Kadın Yeşil Etnik Baskılı Kısa Kollu Gömlek,1299,1699,%24
Kadin Giyim,Kadın İndigo Jean Şort,1259,1599,%21
Kadin Giyim,Kadın Bej Rengi Relax Fit Pantolon,1699,2199,%23
Kadin Giyim,Kadın Ekru V Yaka Sırtı Açık Fitilli Triko,799.99,1199,%33
Kadin Giyim,Kadın Kırmızı Baskılı Resort Yaka Kısa Kollu Gömlek,1259,1599,%21
Kadin Giyim,Kadın Yeşil Relax Fit Bağlamalı Çizgili Kısa Şort,899.99,1199,%25
Kadin Giyim,Kadın Siyah V Yaka Fiyonk Bağlamalı Kolsuz Bluz,1259,1599,%21
Kadin Giyim,Kadın Kırık Beyaz Nakışlı Kısa Kollu Gömlek,1299,1699,%24
Kadin Giyim,Kadın Ekru Düz Kesim Çizgili Kolsuz Mini Elbise,999.99,1299,%23
Kadin Giyim,Kadın İndigo Wide Leg Beli Bağlamalı Pantolon,1199,1999,%40
Kadin Giyim,Kadın Ekru Yakası Bağlamalı Nakışlı Mini Elbise,1399,1799,%22
Kadin Giyim,Kadın Antrasit Mini Jean Şort,1259,1599,%21
Kadin Giyim,Kadın Siyah Volanlı Mini Etek,699.99,899.99,%22
Kadin Giyim,Kadın Lacivert Floral Baskılı Sırt Detaylı Kloş Mini Elbise,1699,2199,%23
Kadin Giyim,Kadın Beyaz Bisiklet Yaka Kısa Kollu T-Shirt,429.99,559.99,%23
Kadin Giyim,Kadın Siyah Pileli Kısa Şort,899.99,1199,%25
Kadin Giyim,Kadın İndigo İşlemeli Mini Jean Etek,1599,1999,%20
Kadin Giyim,Kadın Kırık Beyaz Relax Fit Nakışlı Beli Lastikli Şort,1099,1399,%21
Kadin Giyim,Kadın Haki Wide Leg Pantolon,899.99,1799,%50
Kadin Giyim,Kadın Mavi Çizgili Uzun Kollu Gömlek Görünümlü Bağlamalı Bluz,1099,1399,%21
Kadin Giyim,Kadın Beyaz Nakışlı Askılı A Form Mini Elbise,1599,1999,%20
Kadin Giyim,Kadın Kırık Beyaz Bisiklet Yaka Crop T-Shirt,399.99,499.99,%20
Kadin Giyim,Kadın Siyah Bisiklet Yaka Crop T-Shirt,399.99,499.99,%20
Kadin Giyim,Kadın Siyah Bisiklet Yaka Kısa Kollu T-Shirt,399.99,499.99,%20
Kadin Giyim,Kadın Ekru Baskılı Bisiklet Yaka Kısa Kollu T-Shirt,429.99,559.99,%23
Kadin Giyim,Kadın Beyaz Baskılı Bisiklet Yaka Oversize T-Shirt,399.99,599.99,%33
Kadin Giyim,Kadın İndigo Dikiş Detaylı Mini Jean Etek,899.99,1399,%36
Kadin Giyim,Kadın Haki Relax Fit Cepli Askılı Tulum,1899,2399,%21
Kadin Giyim,Kadın Siyah Yırtmaçlı Mini Etek,659.99,899.99,%27
Kadin Giyim,Kadın Ekru Straight Fit Baskılı Pantolon,1699,2199,%23
Kadin Giyim,Kadın Kırmızı Yaka Detaylı Çizgili Kloş Mini Elbise,1399,1799,%22
Kadin Giyim,Kadın Beyaz Floral Baskılı Bisiklet Yaka T-Shirt,479.99,599.99,%20
Kadin Giyim,Kadın Mavi Kısa Kollu Bisiklet Yaka Mini Elbise,799.99,999.99,%20
Kadin Giyim,Kadın Multi Renk Etnik Baskılı V Yaka Midi Elbise,1399,1799,%22
Kadin Giyim,Kadın Multi Renk Etnik Baskılı Çiçekli Mini Elbise,2499,3599,%31
Kadin Giyim,Kadın Lacivert Düğme Detaylı Mini Dar Etek,799.99,1199,%33
Kadin Giyim,Kadın Multi Renk Boyundan Bağlamalı Baskılı Uzun Elbise,1799,2399,%25
Kadin Giyim,Kadın Mor Çiçekli Yırtmaç Detaylı Midi Elbise,1099,1799,%39
Kadin Giyim,Kadın Mor Çiçekli Keten Karışımlı Mini Şort,1099,1599,%31
Kadin Giyim,Kadın Taş Rengi Keten Karışımlı Degaje Yaka Bluz,799.99,1199,%33
Kadin Giyim,Kadın Beyaz Bisiklet Yaka Düşük Kol T-Shirt,899.99,1199,%25
Kadin Giyim,Kadın Beyaz Viskoz Karışımlı Kolsuz Bluz,399.99,659.99,%39
Kadin Giyim,Kadın Ten Rengi Culotte Fit Jean Pantolon,1199,1799,%33
Kadin Giyim,Kadın Haki Keten Karışımlı Degaje Yaka Bluz,799.99,1199,%33
Kadin Giyim,Kadın Multi Renk Etnik Nakışlı Midi Gömlek Elbise,2399,2999,%20
Kadin Giyim,Kadın Multi Renk Etnik Desenli A Form Mini Elbise,1599,1999,%20
Kadin Giyim,Kadın Mavi Balon Kol Bağlama Detaylı Tulum,1799,2399,%25
Kadin Giyim,Kadın Beyaz Keten Karışımlı Pantolon,1699,2199,%23
Kadin Giyim,Kadın Pembe Açık Yaka Crop T-Shirt,399.99,499.99,%20
Kadin Giyim,Kadın Beyaz Çizgili Bisiklet Yaka Crop Bluz,559.99,699.99,%20
Kadin Giyim,Kadın Multi Renk Uzun Kollu Etnik Desenli Plaj Elbisesi,1259,1599,%21
Kadin Giyim,Kadın Kırmızı Baskılı Cepli Mini Gömlek Elbise,1699,2199,%23
Kadin Giyim,Kadın Siyah Çizgili Crop T-Shirt,399.99,499.99,%20
Kadin Giyim,Kadın Kırmızı Çizgili Kloş Midi Elbise,1899,2399,%21
Kadin Giyim,Kadın Ekru Straight Fit Kemerli Pantolon,1899,2999,%37
Kadin Giyim,Kadın Lacivert Çizgi Detaylı Düz Kesim Dar Mini Elbise,1259,1599,%21
Kadin Giyim,Kadın Mavi Floral Baskılı Bağlamalı Crop Bluz,1259,1599,%21
Kadin Giyim,Kadın Safran Rengi V Yaka Kısa Kollu Mini Kloş Elbise,1599,2199,%27
Kadin Giyim,Kadın Ekru Düğmeli Kolsuz Bluz,1799,2599,%31
Kadin Giyim,Kadın Kırık Beyaz Gömlek Yaka Kısa Kollu Keten Bluz,1699,2199,%23
Kadin Giyim,Kadın Haki Kısa Keten Şort,1699,2199,%23
Kadin Giyim,Kadın Kırık Beyaz Çizgili Askılı Sırt Detaylı Midi Elbise,1099,1599,%31
Kadin Giyim,Kadın Bej Rengi Kısa Keten Şort,1599,1999,%20
Kadin Giyim,Kadın Bej Rengi Düğme Detaylı Fitted Kısa Şort,1699,2199,%23
Kadin Giyim,Kadın Mavi Baskılı Kloş Mini Etek,999.99,1299,%23
Kadin Giyim,Kadın Bej Rengi Çizgili Kemerli Kolsuz Ceket,2799,3599,%22
Kadin Giyim,Kadın Antrasit Kemer Detaylı Kruvaze Yaka Mini Tulum,1399,1799,%22
Kadin Giyim,Kadın Siyah Etnik Baskılı V Yaka Kruvaze Bluz,1299,1699,%24
Kadin Giyim,Kadın Kırmızı Marin Baskılı Askılı Midi Elbise,859.99,1099,%22
Kadin Giyim,Kadın Kırık Beyaz Çizgili Beli Bağlamalı Mini Elbise,1259,1599,%21
Kadin Giyim,Kadın Taş Rengi Straight Fit Keten Pantolon,2399,2999,%20
Kadin Giyim,Kadın Siyah Asimetrik Kesim Kolsuz Midi Elbise,1999,2599,%23
Kadin Giyim,Kadın Kırık Beyaz Nakışlı Desenli Kloş Uzun Etek,1699,2199,%23
Kadin Giyim,Kadın Bej Rengi Keten Karışımlı Beli Lastikli Straight Fit Pantolon,1699,2199,%23
Kadin Giyim,Kadın Bej Rengi Regular Fit Keten Kısa Şort,1599,1999,%20
Kadin Giyim,Kadın Beyaz Marin Baskılı Bisiklet Yaka T-Shirt,529.99,659.99,%20
Kadin Giyim,Kadın Taba Rengi Kısa Keten Şort,1599,1999,%20
Kadin Giyim,Kadın Siyah Kolsuz Dar Midi Elbise,1259,1599,%21
Kadin Giyim,Kadın Kırık Beyaz Marin Baskılı Bisiklet Yaka T-Shirt,529.99,659.99,%20
Kadin Giyim,Kadın Bej Rengi Balıksırtı Desenli Bağlamalı Mini Şort,999.99,1299,%23
Kadin Giyim,Kadın Beyaz Bisiklet Yaka Kısa Kollu Kazak,999.99,1299,%23
Kadin Giyim,Kadın Vizon Rengi Beli Bağlamalı Cloutte Fit Pantolon,959.99,1199,%20
Kadin Giyim,Kadın Vizon Rengi Beli Bağlamalı Cloutte Fit Pantolon,959.99,1199,%20
Kadin Giyim,Kadın Taş Rengi Bağlama Detaylı Kolsuz Keten Karışımlı Bluz,799.99,1299,%38
Kadin Giyim,Kadın Taş Rengi Kısa Kollu Bisiklet Yaka Mini Elbise,799.99,999.99,%20
Kadin Giyim,Kadın Beyaz Bisiklet Yaka Kısa Kollu T-Shirt,399.99,499.99,%20
Kadin Giyim,Kadın Mavi Polo Yaka Kısa Kollu Mini Elbise,759.99,999.99,%24
Kadin Giyim,Kadın Siyah Düz Kesim Kolsuz Mini Elbise,699.99,899.99,%22
Kadin Giyim,Kadın Beyaz Nakışlı Loose Fit Bisiklet Yaka T-Shirt,699.99,899.99,%22
Kadin Giyim,Kadın Taş Rengi Düz Kesim Kolsuz Mini Elbise,699.99,899.99,%22
Kadin Giyim,Kadın Beyaz Kolu Dantel Detaylı Bisiklet Yaka T-Shirt,559.99,699.99,%20
Kadin Giyim,Kadın Beyaz Marin Baskılı Bisiklet Yaka T-Shirt,559.99,699.99,%20
Kadin Giyim,Kadın Beyaz Baskılı Bisiklet Yaka T-Shirt,529.99,659.99,%20
Kadin Giyim,Kadın Lacivert Marin Baskılı Bisiklet Yaka T-Shirt,529.99,659.99,%20
Kadin Giyim,Kadın Kırık Beyaz Baskılı Bisiklet Yaka T-Shirt,529.99,659.99,%20
Kadin Giyim,Kadın Ekru V Yaka Kısa Kollu T-Shirt,459.99,599.99,%23
Kadin Giyim,Kadın Ekru V Yaka Kısa Kollu Fitilli T-Shirt,459.99,599.99,%23
Kadin Giyim,Kadın Beyaz Polo Yaka Kolsuz T-Shirt,429.99,559.99,%23
Kadin Giyim,Kadın Kırık Beyaz Bisiklet Yaka Kısa Kollu T-Shirt,429.99,559.99,%23
Kadin Giyim,Kadın Gri Melanj U Yaka Fitted Atlet,399.99,499.99,%20
Kadin Giyim,Kadın Kırık Beyaz Oversize Uzun Kollu Keten Gömlek,1899,2399,%21
Kadin Giyim,Kadın Ekru Oversize Nakışlı Kısa Kollu Gömlek,1599,1999,%20
Kadin Giyim,Kadın Bej Rengi V Yaka T-Shirt,629.99,799.99,%21
Kadin Giyim,Kadın Beyaz Oversize Uzun Kollu Gömlek,899.99,1599,%44
Kadin Giyim,Kadın Siyah Etnik Baskılı Relax Fit Pantolon,1259,1599,%21
Kadin Giyim,Kadın Bej Rengi Çizgili Kemerli Kısa Şort,1999,2599,%23
Kadin Giyim,Kadın Siyah Çizgili Kolsuz Sırt Detaylı Dar Midi Elbise,1099,1599,%31
Kadin Giyim,Kadın Ekru Beli Lastikli Dantelli Midi Etek,1599,1999,%20
Kadin Giyim,Kadın Beyaz Baskılı Bisiklet Yaka T-Shirt,529.99,659.99,%20
Kadin Giyim,Kadın Bej Rengi Kısa Kollu Düğmeli Keten Bluz,1899,2399,%21
Kadin Giyim,Kadın Bej Rengi Bağlama Detaylı Pileli Kısa Şort,1399,1799,%22
Kadin Giyim,Kadın Pembe Asimetrik Açık Yaka Fitted T-Shirt,499.99,659.99,%24
Kadin Giyim,Kadın Bej Rengi Çizgili Keten Karışımlı Şort,1999,2599,%23
Kadin Giyim,Kadın Ekru Çizgili Regular Fit Gömlek,759.99,1399,%46
Kadin Giyim,Kadın Taba Rengi Resort Yaka Kolsuz Keten Gömlek,1399,1799,%22
Kadin Giyim,Kadın Bej Rengi Straight Fit Keten Pantolon,1899,2399,%21
Kadin Giyim,Kadın Siyah Çizgili Boncuk Askılı Uzun Triko Elbise,1099,1599,%31
Kadin Giyim,Kadın Beyaz Marin Nakışlı Bisiklet Yaka T-Shirt,529.99,659.99,%20
Kadin Giyim,Kadın Kırmızı Düğme Detaylı Fitted Kısa Şort,1259,1599,%21
Kadin Giyim,Kadın Bej Rengi Düğme Detaylı Kısa Keten Şort,1699,2199,%23
Kadin Giyim,Kadın Bej Rengi Çizgili Havuç Kesim Beli Lastikli Pantolon,1399,1799,%22
Kadin Giyim,Kadın Bej Rengi Kemerli Kısa Keten Şort,1699,2199,%23
Kadin Giyim,Kadın Bej Rengi Cigarette Fit Keten Pantolon,2199,2799,%21
Kadin Giyim,Kadın Bej Rengi Keten Karışımlı Çizgili Kolsuz Fitted Ceket,2099,2799,%25
Kadin Giyim,Kadın Mavi Resort Yaka Kolsuz Keten Gömlek,1399,1799,%22
Kadin Giyim,Kadın Ekru Marin Baskılı Kısa Şort,1259,1599,%21
Kadin Giyim,Kadın Siyah Kısa Keten Şort,1699,2199,%23
Kadin Giyim,Kadın Bej Rengi Kısa Keten Şort,1699,2199,%23
Kadin Giyim,Kadın Beyaz Bisiklet Yaka Oversize T-Shirt,459.99,599.99,%23
Kadin Giyim,Kadın Beyaz Nakışlı Kısa Kollu Düz Kesim Mini Elbise,1199,1799,%33
Kadin Giyim,Kadın Beyaz Loose Fit Bisiklet Yaka T-Shirt,759.99,1199,%37
Kadin Giyim,Kadın Beyaz Düğme Detaylı Bisiklet Yaka T-Shirt,499.99,659.99,%24
Kadin Giyim,Kadın Ekru Dik Yaka Kısa Kollu T-Shirt,599.99,759.99,%21
Kadin Giyim,Kadın Antrasit Baskılı Bisiklet Yaka T-Shirt,529.99,659.99,%20
Kadin Giyim,Kadın Taş Rengi A Form Kolsuz Mini Keten Elbise,1999,2599,%23
Kadin Giyim,Kadın Beyaz Marin Nakışlı Bisiklet Yaka T-Shirt,629.99,799.99,%21
Kadin Giyim,Kadın Bej Rengi Loose Fit Balıksırtı Desenli Kısa Kollu Gömlek,1259,1599,%21
Kadin Giyim,Kadın Siyah V Yaka Kolsuz Keten Bluz,1299,1699,%24
Kadin Giyim,Kadın Kırık Beyaz Nakış Detaylı Kısa Kollu T-Shirt,629.99,799.99,%21
Kadin Giyim,Kadın Bej Rengi Straight Fit Beli Bağlamalı Keten Pantolon,1899,2399,%21
Kadin Giyim,Kadın Bej Rengi Bağlama Detaylı Kısa Kollu Crop Gömlek,1299,1699,%24
Kadin Giyim,Kadın Gri Melanj Polo Yaka Kısa Kollu Mini Elbise,799.99,999.99,%20
Kadin Giyim,Kadın Bej Rengi Bisiklet Yaka Kısa Kollu Triko Kazak,799.99,1399,%43
Kadin Giyim,Kadın Siyah Oversize Uzun Kollu Keten Gömlek,1899,2399,%21
Kadin Giyim,Kadın Vizon Rengi Beli Bağlamalı Cloutte Fit Pantolon,959.99,1199,%20
Kadin Giyim,Kadın Lacivert Marin Nakışlı Bisiklet Yaka T-Shirt,529.99,659.99,%20
Kadin Giyim,Kadın Kiremit Rengi 3/4 Kol Keten Gömlek,1899,2399,%21
Kadin Giyim,Kadın Bej Rengi Wide Leg Bağlama Detaylı Liyosel Pantolon,1999,2999,%33
Kadin Giyim,Kadın Siyah Bisiklet Yaka Kısa Kollu Kazak,999.99,1299,%23
Kadin Giyim,Kadın Siyah Kısa Kollu Bisiklet Yaka Mini Elbise,799.99,999.99,%20
Kadin Giyim,Kadın Kırmızı Pileli Mini Etek,1099,1399,%21
Kadin Giyim,Kadın Haki Straight Fit Keten Pantolon,1999,2599,%23
Kadin Giyim,Kadın Bej Rengi Straight Fit Bağlamalı Pantolon,1399,1799,%22
Kadin Giyim,Kadın Beyaz Dantel Detaylı Bisiklet Yaka T-Shirt,499.99,659.99,%24
Kadin Giyim,Kadın Siyah Polo Yaka Dar Mini Elbise,899.99,1199,%25
Kadin Giyim,Kadın Lacivert Marin Baskılı Askılı Midi Elbise,859.99,1099,%22
Kadin Giyim,Kadın Beyaz V Yaka Atlet,399.99,499.99,%20
Kadin Giyim,Kadın Lacivert Çizgili Düğme Detaylı Kolsuz Atlet,529.99,659.99,%20
Kadin Giyim,Kadın Kırmızı Marin Nakışlı Bisiklet Yaka T-Shirt,629.99,799.99,%21
Kadin Giyim,Kadın Pembe Baskılı Büzgülü Midi Etek,899.99,1199,%25
Kadin Giyim,Kadın Kırmızı Çizgili Beli Bağlamalı Havuç Kesim Pantolon,1259,1599,%21
Kadin Giyim,Kadın Lacivert Çizgili Bisiklet Yaka Crop T-Shirt,399.99,499.99,%20
Kadin Giyim,Kadın Lacivert Polo Yaka Kloş Mini Elbise,1699,2199,%23
Kadin Giyim,Kadın Siyah Askılı Anvelop Midi Elbise,899.99,1199,%25
Kadin Giyim,Kadın Pembe Floral Baskılı Mini Şort Etek,1259,1599,%21
Kadin Giyim,Kadın Pembe Floral Baskılı Kolsuz Crop Bluz,1099,1399,%21
Kadin Giyim,Kadın Bej Rengi Relax Fit Bağlamalı Pantolon,2199,2799,%21
Kadin Giyim,Kadın Pembe Baskılı Askılı Düz Kesim Uzun Elbise,999.99,1299,%23
Kadin Giyim,Kadın Ekru Etnik Nakışlı Kloş Midi Elbise,1899,2399,%21
Kadin Giyim,Kadın Antrasit Baskılı Kolsuz Midi Elbise,899.99,1399,%36
Kadin Giyim,Kadın Lacivert Marin Nakışlı Kısa Kollu Mini Elbise,799.99,999.99,%20
Kadin Giyim,Kadın Siyah Yüksek Bel Modal Jogger Eşofman Altı,1599,1999,%20
Kadin Giyim,Kadın Pembe Etnik Baskılı Bağlama Detaylı Uzun Elbise,1599,1999,%20
Kadin Giyim,Kadın Haki Modal Karışımlı Jogger Eşofman Altı,1299,1999,%35
Kadin Giyim,Kadın Mavi Modal Karışımlı Askılı Büzgülü Mini Elbise,1259,1599,%21
Kadin Giyim,Kadın Vizon Rengi Bisiklet Yaka Crop T-Shirt,599.99,759.99,%21
Kadin Giyim,Kadın Pembe Baskılı Kruvaze Midi Etek,1099,1399,%21
Kadin Giyim,Kadın Pembe Jakarlı Polo Yaka Kolsuz Triko Kazak,999.99,1299,%23
Kadin Giyim,Kadın Beyaz Slogan Baskılı Loose Fit Bisiklet Yaka T-Shirt,499.99,659.99,%24
Kadin Giyim,Kadın Gri Melanj Pencere Detaylı Bisiklet Yaka Atlet,459.99,599.99,%23
Kadin Giyim,Kadın Pembe Çizgili V Yaka Düğmeli Kolsuz Bluz,899.99,1199,%25
Kadin Giyim,Kadın Ekru Bisiklet Yaka Kolsuz Crop Bluz,629.99,799.99,%21
Kadin Giyim,Kadın Beyaz V Yaka Atlet,559.99,699.99,%20
Kadin Giyim,Kadın Beyaz Düğmeli Bisiklet Yaka Atlet,529.99,659.99,%20
Kadin Giyim,Kadın Beyaz Kruvaze Detaylı Bisiklet Yaka T-Shirt,529.99,659.99,%20
Kadin Giyim,Kadın Ekru Renk Bloklu Crop T-Shirt,399.99,499.99,%20
Kadin Giyim,Kadın Turuncu Bağlama Detaylı Çizgili Midi Kimono,1799,2399,%25
Kadin Giyim,Kadın Pembe Etnik Baskılı Kısa Şort,1259,1599,%21
Kadin Giyim,Kadın Pembe Etnik Baskılı Kısa Kollu Gömlek,1259,1599,%21
Kadin Giyim,Kadın Lacivert Mini Kargo Şort,1599,1999,%20
Kadin Giyim,Kadın Siyah Beli Lastikli Mini Şort,759.99,999.99,%24
Kadin Giyim,Kadın Beyaz Modal Karışımlı Bisiklet Yaka Atlet,599.99,759.99,%21
Kadin Giyim,Kadın Ekru Düğmeli V Yaka Kısa Kollu Sweatshirt,759.99,1099,%31
Kadin Giyim,Kadın Pembe Çizgili Oversize Kolsuz Bluz,1259,1599,%21
Kadin Giyim,Kadın Vizon Rengi Kolsuz Dar Mini Elbise,699.99,999.99,%30
Kadin Giyim,Kadın Taş Rengi Havuç Kesim Beli Lastikli Pantolon,1399,1799,%22
Kadin Giyim,Kadın Siyah Çizgili Straplez Örme Bluz,599.99,799.99,%25
Kadin Giyim,Kadın Pembe Jakarlı Triko Mini Etek,1099,1399,%21
Kadin Giyim,Kadın Beyaz Nakışlı Bisiklet Yaka T-Shirt,429.99,559.99,%23
Kadin Giyim,Kadın Gri Melanj Fitilli V Yaka Crop T-Shirt,459.99,599.99,%23
Kadin Giyim,Kadın Antrasit Slogan Baskılı Loose Fit Bisiklet Yaka T-Shirt,479.99,599.99,%20
Kadin Giyim,Kadın Taş Rengi Düz Kesim Yan Yırtmaçlı Midi Etek,699.99,899.99,%22
Kadin Giyim,Kadın Pembe Düz Kesim Mini Keten Elbise,2299,2999,%23
Kadin Giyim,Kadın Ekru Çizgili Oversize Kısa Kollu Gömlek,1259,1599,%21
Kadin Giyim,Kadın Lacivert Relax Fit Floral Baskılı Kısa Şort,1259,1599,%21
Kadin Giyim,Kadın Mavi Relax Fit Floral Baskılı Beli Lastikli Şort,1259,1599,%21
Kadin Giyim,Kadın Lacivert Marin Baskılı Resort Yaka Crop Gömlek,1259,1599,%21
Kadin Giyim,Kadın Kırmızı Çizgili Kolsuz Mini Elbise,1399,1799,%22
Kadin Giyim,Kadın Pembe Çizgili Beli Lastikli Mini Şort,1259,1599,%21
Kadin Giyim,Kadın Siyah Büzgü Detaylı Kloş Mini Elbise,1899,2399,%21
Kadin Giyim,Kadın Siyah Relax Fit Çizgili Beli Bağlamalı Triko Pantolon,1299,1999,%35
Kadin Giyim,Kadın Bej Rengi Relax Fit Beli Bağlamalı Liyosel Şort,1699,2199,%23
Kadin Giyim,Kadın Siyah Çizgili Örme Mini Şort,1099,1399,%21
Kadin Giyim,Kadın Kırık Beyaz Ekoseli Fırfırlı Mini Etek,799.99,999.99,%20
Kadin Giyim,Kadın Siyah Beli Lastikli Dantelli Pantolon,1259,1599,%21
Kadin Giyim,Kadın Ekru Baskılı Bağlamalı Gömlek Bluz,1259,1599,%21
Kadin Giyim,Kadın Mavi Çizgili Relax Fit Şort,1399,1799,%22
Kadin Giyim,Kadın Siyah Çizgili Crop Kolsuz Triko Kazak,799.99,999.99,%20
Kadin Giyim,Kadın Siyah Baskılı Kısa Kollu Gömlek,699.99,899.99,%22
Kadin Giyim,Kadın Siyah Baskılı Bağlama Detaylı Mini Şort,629.99,799.99,%21
Kadin Giyim,Kadın Beyaz Marin Baskılı Bisiklet Yaka T-Shirt,499.99,659.99,%24
Kadin Giyim,Kadın Beyaz Baskılı Bisiklet Yaka T-Shirt,459.99,659.99,%30
Kadin Giyim,Kadın Sarı Baskılı Bisiklet Yaka Oversize T-Shirt,479.99,599.99,%20
Kadin Giyim,Kadın Taş Rengi Kolsuz Fitted Atlet,479.99,599.99,%20
Kadin Giyim,Kadın Siyah Kolsuz Fitted Atlet,479.99,599.99,%20
Kadin Giyim,Kadın Ekru Çizgili Beli Bağlamalı Mini Etek,799.99,999.99,%20
Kadin Giyim,Kadın Siyah Dantelli Kolsuz Crop Atlet,699.99,899.99,%22
Kadin Giyim,Kadın Kırık Beyaz Bağlama Detaylı Dantelli Midi Etek,1399,1799,%22
Kadin Giyim,Kadın Beyaz Açık Yaka Crop T-Shirt,399.99,499.99,%20
Kadin Giyim,Kadın Beyaz Düşük Kollu Modal T-Shirt,799.99,999.99,%20
Kadin Giyim,Kadın İndigo Skinny Fit Jean Pantolon,999.99,1799,%44
Kadin Giyim,Kadın Mavi Düz Kesim Ekoseli Mini Elbise,799.99,999.99,%20
Kadin Giyim,Kadın Pembe Çizgili Wide Leg Beli Bağlamalı Örme Pantolon,999.99,1299,%23
Kadin Giyim,Kadın Beyaz Fitted Nakışlı Atlet,399.99,499.99,%20
Kadin Giyim,Kadın Kırık Beyaz Pencere Detaylı Bisiklet Yaka Atlet,459.99,599.99,%23
Kadin Giyim,Kadın Beyaz Cepli Fitted Kısa Şort,1399,1799,%22
Kadin Giyim,Kadın Beyaz Marin Baskılı Oversize Bisiklet Yaka T-Shirt,559.99,699.99,%20
Kadin Giyim,Kadın Lacivert Düğmeli Bisiklet Yaka Atlet,529.99,659.99,%20
Kadin Giyim,Kadın Antrasit Nakışlı Fitted T-Shirt,429.99,659.99,%35
Kadin Giyim,Kadın Taş Rengi Cepli Kapüşonlu Kısa Yağmurluk,1999,2599,%23
Kadin Giyim,Kadın Antrasit Bisiklet Yaka Crop T-Shirt,429.99,559.99,%23
Kadin Giyim,Kadın Beyaz Nakışlı V Yaka T-Shirt,529.99,659.99,%20
Kadin Giyim,Kadın Pembe Bisiklet Yaka Crop T-Shirt,599.99,759.99,%21
Kadin Giyim,Kadın Ekru Çizgili Kısa Şort,1259,1599,%21
Kadin Giyim,Kadın İndigo Jean Şort,1399,1799,%22
Kadin Giyim,Kadın Mavi Çizgili Yakası Bağlamalı Bluz,1399,1799,%22
Kadin Giyim,Kadın Taş Rengi Modal Karışımlı Beli Lastikli Eşofman Altı,1199,1799,%33
Kadin Giyim,Kadın Haki Asimetrik Kesim Kolsuz Kloş Midi Elbise,1259,1599,%21
Kadin Giyim,Kadın Beyaz Loose Fit Etnik Baskılı Bisiklet Yaka T-Shirt,429.99,559.99,%23
Kadin Giyim,Kadın Haki Kolsuz Dar Mini Elbise,699.99,999.99,%30
Kadin Giyim,Kadın Antrasit Jogger Beli Lastikli Örme Pantolon,899.99,1199,%25
Kadin Giyim,Kadın Ekru Çizgili Sırt Detaylı Kloş Midi Elbise,1599,1999,%20
Kadin Giyim,Kadın Kırmızı Bisiklet Yaka Crop T-Shirt,399.99,499.99,%20
Kadin Giyim,Kadın Siyah Çizgili Bisiklet Yaka Kolsuz T-Shirt,459.99,599.99,%23
Kadin Giyim,Kadın Lacivert Marin Baskılı Oversize Bisiklet Yaka T-Shirt,529.99,659.99,%20
Kadin Giyim,Kadın Beyaz Nakışlı Yırtmaçlı Uzun Elbise,1699,2999,%43
Kadin Giyim,Kadın Turuncu Etnik Nakışlı Mini Elbise,899.99,2999,%70
Kadin Giyim,Kadın Bej Rengi Keten Midi Etek,899.99,2599,%65
Kadin Giyim,Kadın Pembe V Yaka Kruvaze Bağlamalı Elbise,899.99,2999,%70
Kadin Giyim,Kadın Siyah Fırfırlı Midi Gömlek Elbise,859.99,1699,%49
Kadin Giyim,Kadın Multi Renk Çiçek Baskılı Viskon Midi Elbise,699.99,1699,%59
Kadin Giyim,Kadın Mavi Baskılı Keten Karışımlı Cropped Pantolon,859.99,1999,%57
Kadin Giyim,Kadın Bej Rengi Triko Dar Elbise,799.99,2499,%68
Kadin Giyim,Kadın Siyah Askılı Uzun Tulum,799.99,1999,%60
Kadin Giyim,Kadın Lacivert Etnik Baskılı V Yaka Smart Bluz,399.99,759.99,%47
Kadin Giyim,Kadın Beyaz Viskon Karışımlı V Yaka Kolsuz Bluz,359.99,699.99,%49
Kadin Giyim,Kadın Turuncu A Form Mini Elbise,1399,2599,%46
Kadin Giyim,Kadın Bej Rengi Çizgili Mini Tulum,1299,2399,%46
Kadin Giyim,Kadın Bej Rengi Bisiklet Yaka Keten T-Shirt,1099,1999,%45
Kadin Giyim,Kadın Multi Renk Halter Yaka Dokulu Mini Elbise,1599,3599,%56
Kadin Giyim,Kadın Bej Rengi Keten Karışımlı Wide Leg Pantolon,699.99,1999,%65
Kadin Giyim,Kadın Beyaz Bisiklet Yaka Keten T-Shirt,1099,1999,%45
Kadin Giyim,Kadın Kırık Beyaz Şile Bezi - Bisiklet Yaka Fırfırlı Kolsuz Bluz,1599,3299,%52
Kadin Giyim,Kadın Mercan Rengi Şile Bezi - Bisiklet Yaka Kısa Kollu Bluz,1099,2499,%56
Kadin Giyim,Kadın Multi Renk Nakışlı Smart Crop Bluz,699.99,1699,%59
Kadin Giyim,Kadın Siyah Ajurlu Düğmeli Triko Hırka,1299,2399,%46
Kadin Giyim,Kadın Beyaz Keten Kısa Şort,999.99,2299,%57
Kadin Giyim,Kadın Ekru Baskılı Halter Yaka Crop Smart Bluz,659.99,1499,%56
Kadin Giyim,Kadın Ekru Bağlamalı Çizgili Şort,499.99,999.99,%50
Kadin Giyim,Kadın İndigo Jean Şort,799.99,1499,%47
Kadin Giyim,Kadın Multi Renk Çizgili Midi Örme Etek,799.99,1999,%60
Kadin Giyim,Kadın Vizon Rengi Askılı Uzun Tulum,1399,3299,%58
Kadin Giyim,Kadın Beyaz Keten Mini Şort,899.99,1999,%55
Kadin Giyim,Kadın Kırık Beyaz Kısa Şort,1199,2499,%52
Kadin Giyim,Kadın Bej Rengi V Yaka Keten Karışımlı Bluz,699.99,1499,%53
Kadin Giyim,Kadın Siyah Boyundan Bağlamalı Midi Elbise,459.99,1499,%69
Kadin Giyim,Kadın İndigo Cep Detaylı Jean Mini Şort,859.99,1699,%49
Kadin Giyim,Kadın Multi Renk Çiçek Desenli Yırtmaçlı Uzun Elbise,559.99,2299,%76
Kadin Giyim,Kadın Multi Renk Etnik Nakışlı Midi Etek,899.99,1999,%55
Kadin Giyim,Kadın Siyah Fitilli Kolsuz Midi Triko Elbise,529.99,1999,%73
Kadin Giyim,Kadın Multi Renk Nakış Desenli Etnik Askılı Mini Tulum,1099,2299,%52
Kadin Giyim,Kadın Taş Rengi Kuşaklı Uzun Gömlek Elbise,659.99,2299,%71
Kadin Giyim,Kadın Bej Rengi Havuç Kesim Keten Pantolon,999.99,2399,%58
Kadin Giyim,Kadın Safran Rengi Nakışlı Kısa Şort,799.99,1399,%43
Kadin Giyim,Kadın Ekru Düğme Detaylı Kemerli Çizgili Midi Kalem Etek,899.99,1999,%55
Kadin Giyim,Kadın Ekru Etnik Desenli Flare Fit Pantolon,799.99,1699,%53
Kadin Giyim,Kadın Yeşil Gri Keten Kısa Şort,1499,2499,%40
Kadin Giyim,Kadın Beyaz Keten Bluz,999.99,2299,%57
Kadin Giyim,Kadın Hardal Rengi Kemerli Keten Kısa Şort,799.99,1999,%60
Kadin Giyim,Kadın Ekru Baskılı Bağlamalı Kısa Şort,859.99,1699,%49
Kadin Giyim,Kadın Lacivert Çizgili Bisiklet Yaka Kısa Kollu T-Shirt,599.99,799.99,%25
Kadin Giyim,Kadın Kırmızı Şile Bezi - Askılı Asimetrik Kesim Bluz,899.99,2499,%64
Kadin Giyim,Kadın Kırık Beyaz Şile Bezi - Relax Fit Uzun Kol Kimono,1399,3799,%63
Kadin Giyim,Kadın Su Yeşili Ekoseli Dokuma Pantolon,1099,2099,%48
Kadin Giyim,Kadın Beyaz Askılı Pamuk Uzun Elbise,1399,2599,%46
Kadin Giyim,Kadın Siyah Ekoseli Fırfırlı Mini Elbise,699.99,1799,%61
Kadin Giyim,Kadın Ekru Pamuklu Bağlama Detaylı Çizgili Mini Şort,899.99,1799,%50
Kadin Giyim,Kadın Siyah Mini Dar Elbise,399.99,1199,%67
Kadin Giyim,Kadın Mavi Çiçekli Mini Etek,659.99,1799,%63
Kadin Giyim,Kadın Haki Mini Şort,479.99,1299,%63
Kadin Giyim,Kadın Ekru İnce Askılı Triko Bluz,429.99,759.99,%43
Kadin Giyim,Kadın Ekru Bahçıvan Mini Tulum,1259,2299,%45
Kadin Giyim,Kadın Yeşil Straplez Atlet,199.99,459.99,%57
Kadin Giyim,Kadın Multi Renk Etnik Baskılı Kısa Şort,759.99,1599,%52
Kadin Giyim,Kadın Turkuaz Açık Yaka Crop Atlet,299.99,529.99,%43
Kadin Giyim,Kadın Pembe V Yaka Kısa Kollu Crop T-Shirt,199.99,599.99,%67
Kadin Giyim,Kadın Turkuaz Kruvaze Askılı Midi Elbise,699.99,1199,%42
Kadin Giyim,Kadın Kırık Beyaz Mini Kloş Elbise,1099,2099,%48
Kadin Giyim,Kadın Beyaz Pamuklu Crop Gömlek,599.99,1599,%62
Kadin Giyim,Kadın İndigo Relax Fit Mini Jean Şort,759.99,1799,%58
Kadin Giyim,Kadın Turkuaz Modal Karışımlı Rahat Kesim Pantolon,799.99,2099,%62
Kadin Giyim,Kadın Kırmızı Baskılı Kısa Şort,559.99,1699,%67
Kadin Giyim,Kadın Pembe Kareli Mini Triko Etek,499.99,1299,%62
Kadin Giyim,Kadın Turuncu Bisiklet Yaka Kısa Kollu T-Shirt,229.99,599.99,%62
Kadin Giyim,Kadın Yeşil Kolsuz Mini Elbise,1099,2999,%63
Kadin Giyim,Kadın Turuncu A Form Mini Etek,659.99,1599,%59
Kadin Giyim,Kadın Bej Rengi Bağlamalı Relax Fit Kısa Şort,859.99,1799,%52
Kadin Giyim,Kadın Siyah Baskılı Kısa Şort,759.99,1599,%52
Kadin Giyim,Kadın Siyah Baskılı Smart Crop Gömlek,759.99,1599,%52
Kadin Giyim,Kadın Lacivert Çizgili Straplez Crop Bluz,389.99,759.99,%49
Kadin Giyim,Kadın Siyah Kruvaze Askılı Midi Elbise,699.99,1199,%42
Kadin Giyim,Kadın Kırmızı Kruvaze Askılı Midi Elbise,699.99,1199,%42
Kadin Giyim,Kadın Safran Rengi Baskılı Keten Karışımlı Midi Etek,759.99,1699,%55
Kadin Giyim,Kadın Beyaz Keten Mini Elbise,1399,2599,%46
Kadin Giyim,Kadın Bej Rengi Kemer Detaylı Pamuklu Kısa Şort,799.99,1599,%50
Kadin Giyim,Kadın Yeşil Gri Midi Dar Elbise,699.99,1199,%42
Kadin Giyim,Kadın Kiremit Rengi Etnik Desenli Mini Elbise,659.99,1499,%56
Kadin Giyim,Kadın Bej Rengi Cep Detaylı Bağlamalı Kargo Şort,599.99,1699,%65
Kadin Giyim,Kadın Kırık Beyaz Keten Bluz,599.99,1699,%65
Kadin Giyim,Kadın Beyaz Bağlama Detaylı A Form Mini Keten Elbise,1199,2199,%45
Kadin Giyim,Kadın Lacivert Bisiklet Yaka T-Shirt,259.99,329.99,%21
Kadin Giyim,Kadın Taş Rengi Keten Büzgülü Mini Gömlek  Elbise,2099,3799,%45
Kadin Giyim,Kadın Beyaz Bisiklet Yaka T-Shirt,259.99,699.99,%63
Kadin Giyim,Kadın Beyaz V Yaka Kısa Kollu T-Shirt,499.99,1099,%55
Kadin Giyim,Kadın Bej Rengi Keten Regular Fit Gömlek,899.99,2199,%59
Kadin Giyim,Kadın Kırık Beyaz Kayık Yaka Çizgili Midi Elbise,659.99,1499,%56
Kadin Giyim,Kadın Yeşil Nakışlı Büzgülü Mini Elbise,1499,2999,%50
Kadin Giyim,Kadın Bej Rengi Liyosel Havuç Pantolon,899.99,1799,%50
Kadin Giyim,Kadın Ekru Çizgili Kısa Şort,699.99,1499,%53
Kadin Giyim,Kadın Kırmızı Bağlamalı Çizgili Şort,599.99,1299,%54
Kadin Giyim,Kadın Ekru Çizgili Mini Şort,429.99,899.99,%52
Kadin Giyim,Kadın Siyah Keten Mini Elbise,1399,2599,%46
Kadin Giyim,Kadın Taba Rengi Liyosel Jogger Pantolon,759.99,1699,%55
Kadin Giyim,Kadın Multi Renk Oversize Etnik Gömlek,759.99,1499,%49
Kadin Giyim,Kadın Multi Renk Etnik Desenli Uzun Elbise,899.99,1999,%55
Kadin Giyim,Kadın Multi Renk Etnik Desenli Uzun Elbise,859.99,1699,%49
Kadin Giyim,Kadın Beyaz A Form Keten Midi Elbise,899.99,2299,%61
Kadin Giyim,Kadın Mavi Baskılı Mini Etek,659.99,1299,%49
Kadin Giyim,Kadın Mavi Baskılı Smart Crop Bluz,499.99,999.99,%50
Kadin Giyim,Kadın Bej Rengi Bağlama Detaylı Kısa Şort,699.99,1699,%59
Kadin Giyim,Kadın Multi Renk Püsküllü Mini Etnik Elbise,1099,2099,%48
Kadin Giyim,Kadın İndigo Jean Şort,699.99,1599,%56
Kadin Giyim,Kadın Su Yeşili Kolsuz Crop Bluz,759.99,1599,%52
Kadin Giyim,Kadın Mavi Çizgili Straight Fit Jean Pantolon,759.99,1599,%52
Kadin Giyim,Kadın Beyaz A Form Mini Keten Elbise,1299,2199,%41
Kadin Giyim,Kadın Siyah A Form Mini Keten Elbise,1299,2199,%41
Kadin Giyim,Kadın Beyaz Relax Fit Mini Şort,999.99,1799,%44
Kadin Giyim,Kadın İndigo Yırtık Detaylı Mini Jean Şort,859.99,1599,%46
Kadin Giyim,Kadın Ekru Relax Fit Çizgili Kısa Şort,659.99,1599,%59
Kadin Giyim,Kadın Beyaz Kolsuz Kloş Mini Elbise,799.99,2599,%69
Kadin Giyim,Kadın Siyah Çizgili Mini Etek,359.99,899.99,%60
Kadin Giyim,Kadın Yeşil Dokulu Kruvaze Kesim Midi Elbise,699.99,1199,%42
Kadin Giyim,Kadın Turuncu Çiçek Baskılı Keten Karışımlı Crop Bluz,559.99,1299,%57
Kadin Giyim,Kadın Turuncu Fermuar Detaylı Mini Etek,559.99,1299,%57
Kadin Giyim,Kadın Turuncu Fermuarlı Smart Crop Gömlek,999.99,2099,%52
Kadin Giyim,Kadın Yeşil Kısa Şort,459.99,899.99,%49
Kadin Giyim,Kadın Yeşil A Form Mini Keten Elbise,1299,2199,%41
Kadin Giyim,Kadın Yeşil Askılı Dar Kesim Mini Elbise,499.99,1299,%62
Kadin Giyim,Kadın Siyah Dokulu Kruvaze Kesim Midi Elbise,699.99,1199,%42
Kadin Giyim,Kadın Multi Renk Çizgili Askılı Crop Bluz,329.99,899.99,%63
Kadin Giyim,Kadın Pembe Askılı Floral Baskılı Uzun Elbise,899.99,2599,%65
Kadin Giyim,Kadın Pembe Mini Dar Elbise,999.99,2099,%52
Kadin Giyim,Kadın Siyah Fermuar Detaylı Mini Etek,559.99,1299,%57
Kadin Giyim,Kadın Siyah Mini Dar Elbise,429.99,899.99,%52
Erkek Giyim,Erkek Vizon Rengi Regular Fit Kemerli Kadife Yaka Mont Ceket,4999,4999,
Erkek Giyim,Erkek Saks Mavi Slim Fit Uzun Kollu Keten Gömlek,2599,2599,
Erkek Giyim,Erkek Haki Tekstürlü Slim Straight Fit Pantolon,2999,2999,
Erkek Giyim,Erkek Lacivert Regular Fit Cep Detaylı Ceket,2799,2799,
Erkek Giyim,Erkek İndigo Cep Detaylı Jean Ceket,3299,3299,
Erkek Giyim,Erkek Bej Straight Fit Keten Pantolon,3599,3599,
Erkek Giyim,Erkek Siyah Polo Yaka T-Shirt,899.99,899.99,
Erkek Giyim,Erkek Vizon Rengi Regular Fit Bomber Ceket,2299,2299,
Erkek Giyim,Erkek Vizon Rengi Slim Straight Fit Pantolon,2299,2299,
Erkek Giyim,Erkek Kahverengi Slim Fit Pantolon,2799,2799,
Erkek Giyim,Erkek Yeşil Gri Slim Fit Uzun Kollu Keten Gömlek,2599,2599,
Erkek Giyim,Erkek Haki Slim Fit Uzun Kollu Keten Gömlek,2599,2599,
Erkek Giyim,Erkek Turuncu Slim Fit Uzun Kollu Keten Gömlek,2599,2599,
Erkek Giyim,Erkek Vizon Rengi Regular Fit Uzun Kollu Keten Gömlek,2599,2599,
Erkek Giyim,Erkek Yeşil Mulineli Fermuarlı Polo Yaka Kazak,1999,1999,
Erkek Giyim,Erkek Haki Çizgili Regular Fit Uzun Kollu Gömlek,1599,1599,
Erkek Giyim,Erkek Lacivert Regular Fit Erkek Yaka Mont Ceket,4599,4599,
Erkek Giyim,Erkek İndigo Regular Fit Uzun Kollu Gömlek,2299,2299,
Erkek Giyim,Erkek Beyaz Regular Fit Uzun Kollu Modal Gömlek,2199,2599,%15
Erkek Giyim,Erkek Bej Rengi Straight Fit Pantolon,2199,2599,%15
Erkek Giyim,Erkek Kırmızı Nakışlı Kapüşonlu Yağmurluk,3999,3999,
Erkek Giyim,Erkek Mavi Nakışlı Gizli Kapüşonlu Yağmurluk,3999,3999,
Erkek Giyim,Erkek Lacivert Liyosel Karışımlı Regular Fit Uzun Kollu Gömlek,1999,1999,
Erkek Giyim,Erkek Mavi Regular Fit Uzun Kollu Gömlek,1999,1999,
Erkek Giyim,Erkek Kahverengi Tekstürlü Bisiklet Yaka Kazak,1499,1999,%25
Erkek Giyim,Erkek Kahverengi Çizgili Polo Yaka T-Shirt,1299,1299,
Erkek Giyim,Erkek Gri Slim Straight Fit Beli Bağlamalı Pantolon,3299,3299,
Erkek Giyim,Erkek Lacivert Straight Fit Bağlamalı Keten Şort,3299,3299,
Erkek Giyim,Erkek Taş Rengi Tekstürlü Slim Straight Fit Pantolon,2999,2999,
Erkek Giyim,Erkek Beyaz Regular Fit Ekoseli Uzun Kollu Gömlek,1499,1799,%17
Erkek Giyim,Erkek Lacivert Fermuarlı Polo Yaka T-Shirt,1399,1399,
Erkek Giyim,Erkek Beyaz Slim Fit Uzun Kollu Keten Gömlek,2599,2599,
Erkek Giyim,Erkek Siyah Slim Fit Uzun Kollu Keten Gömlek,2599,2599,
Erkek Giyim,Erkek Bej Rengi Slim Fit Uzun Kollu Keten Gömlek,2599,2599,
Erkek Giyim,Erkek Kahverengi Slim Fit Uzun Kollu Keten Gömlek,2599,2599,
Erkek Giyim,Erkek Kırık Beyaz Regular Fit Uzun Kollu Gömlek,1299,1799,%28
Erkek Giyim,Erkek Mavi Regular Fit Uzun Kollu Keten Gömlek,2599,2599,
Erkek Giyim,Erkek Kırmızı Bisiklet Yaka Sweatshirt,1199,1199,
Erkek Giyim,Erkek Lacivert Baskılı Bisiklet Yaka T-Shirt,699.99,699.99,
Erkek Giyim,Erkek Bej Rengi Düğmeli Polo Yaka Kısa Kollu Triko Kazak,1599,1599,
Erkek Giyim,Erkek Siyah Fitilli Bisiklet Yaka Uzun Kollu T-Shirt,999.99,999.99,
Erkek Giyim,Erkek Kırık Beyaz Comfort Fit Bisiklet Yaka T-Shirt,999.99,999.99,
Erkek Giyim,Erkek Taş Rengi Loose Fit Bisiklet Yaka T-Shirt,999.99,999.99,
Erkek Giyim,Erkek Lacivert Çizgili Regular Fit Uzun Kollu Gömlek,1999,1999,
Erkek Giyim,Erkek Haki Ekoseli Regular Fit Uzun Kollu Gömlek,1999,1999,
Erkek Giyim,Erkek Vizon Rengi Çizgili Polo Yaka Kısa Kollu Triko Kazak,1999,1999,
Erkek Giyim,Erkek Kırık Beyaz Çizgili Regular Fit Uzun Kollu Gömlek,1999,1999,
Erkek Giyim,Erkek Kırık Beyaz Çizgili Regular Fit Uzun Kollu Gömlek,1999,1999,
Erkek Giyim,Erkek Koyu İndigo Straight Fit Jean Pantolon,1899,2299,%17
Erkek Giyim,Erkek Ekru Oversize Bisiklet Yaka T-Shirt,899.99,899.99,
Erkek Giyim,Erkek Lacivert Oversize Bisiklet Yaka T-Shirt,899.99,899.99,
Erkek Giyim,Erkek Beyaz Regular Fit Uzun Kollu Gömlek,1799,1799,
Erkek Giyim,Erkek Lacivert Regular Fit Uzun Kollu Gömlek,1799,1799,
Erkek Giyim,Erkek Haki Regular Fit Uzun Kollu Gömlek,1799,1799,
Erkek Giyim,Erkek Lacivert Regular Fit Çift Cepli Uzun Kollu Gömlek,1799,2299,%22
Erkek Giyim,Erkek Siyah Tekstürlü Comfort Fit Polo Yaka Sweatshirt,1799,1799,
Erkek Giyim,Erkek Siyah Düğmeli Polo Yaka Kısa Kollu Triko Kazak,1799,1799,
Erkek Giyim,Erkek Ekru Çizgili Regular Fit Uzun Kollu Gömlek,1699,1999,%15
Erkek Giyim,Erkek Ekru Çizgili Polo Yaka Kısa Kollu Triko Kazak,1999,1999,
Erkek Giyim,Erkek Ekru Çizgili Regular Fit Uzun Kollu Gömlek,1599,1599,
Erkek Giyim,Erkek Ekru Çizgili Regular Fit Uzun Kollu Gömlek,1599,1599,
Erkek Giyim,Erkek Vizon Rengi Tekstürlü Polo Yaka Kısa Kollu Triko Kazak,1999,1999,
Erkek Giyim,Erkek Haki Loose Fit Beli Bağlamalı Pantolon,2999,2999,
Erkek Giyim,Erkek Gri Tekstürlü Slim Straight Fit Pantolon,2999,2999,
Erkek Giyim,Erkek Mavi Çizgili Regular Fit Uzun Kollu Gömlek,1499,1799,%17
Erkek Giyim,Erkek Lacivert Baskılı Bisiklet Yaka T-Shirt,699.99,699.99,
Erkek Giyim,Erkek Siyah Regular Fit Uzun Kollu Gömlek,1299,1599,%19
Erkek Giyim,Erkek Beyaz Regular Fit Uzun Kollu Gömlek,1299,1799,%28
Erkek Giyim,Erkek Bordo Fermuarlı Dik Yaka Sweatshirt,1299,1299,
Erkek Giyim,Erkek Haki Çizgili Oversize Bisiklet Yaka T-Shirt,1199,1199,
Erkek Giyim,Erkek Gri Bisiklet Yaka Sweatshirt,1199,1199,
Erkek Giyim,Erkek Lacivert Tapered Fit Chino Pantolon,2199,2999,%27
Erkek Giyim,Erkek Siyah Straight Fit Pantolon,2199,2599,%15
Erkek Giyim,Erkek İndigo Comfort Fit Bisiklet Yaka T-Shirt,999.99,999.99,
Erkek Giyim,Erkek Koyu Haki Polo Yaka T-Shirt,999.99,999.99,
Erkek Giyim,Erkek Bordo Loose Fit Bisiklet Yaka T-Shirt,999.99,999.99,
Erkek Giyim,Erkek Lacivert Loose Fit Bisiklet Yaka T-Shirt,999.99,999.99,
Erkek Giyim,Erkek Lacivert Slim Fit Pantolon,1899,2299,%17
Erkek Giyim,Erkek Bej Oversize Bisiklet Yaka T-Shirt,899.99,899.99,
Erkek Giyim,Erkek Bej Polo Yaka T-Shirt,899.99,899.99,
Erkek Giyim,Erkek Kahverengi Polo Yaka T-Shirt,899.99,899.99,
Erkek Giyim,Erkek Turuncu Polo Yaka T-Shirt,899.99,899.99,
Erkek Giyim,Erkek Haki Bisiklet Yaka T-Shirt,899.99,899.99,
Erkek Giyim,Erkek Kırık Beyaz Çizgili Polo Yaka Kısa Kollu Triko Kazak,1799,1799,
Erkek Giyim,Erkek Taş Rengi Düğmeli Polo Yaka Kısa Kollu Triko Kazak,1799,1799,
Erkek Giyim,Erkek Kırık Beyaz Baskılı Bisiklet Yaka T-Shirt,799.99,799.99,
Erkek Giyim,Erkek Lacivert Slim Straight Fit Beli Bağlamalı Pantolon,3299,3299,
Erkek Giyim,Erkek Bej Slim Fit Chino Pantolon,2999,2999,
Erkek Giyim,Erkek Kırık Beyaz Straight Fit Chino Şort,2299,2299,
Erkek Giyim,Erkek Mavi Straight Fit Chino Şort,2299,2299,
Erkek Giyim,Erkek Beyaz Slim Fit Uzun Kollu Keten Gömlek,2599,2599,
Erkek Giyim,Erkek Yeşil Slim Fit Uzun Kollu Keten Gömlek,2599,2599,
Erkek Giyim,Erkek Sarı Polo Yaka Kısa Kollu Triko Kazak,1799,1799,
Erkek Giyim,Erkek Gri Straight Fit Bağlamalı Keten Şort,3299,3299,
Erkek Giyim,Erkek Siyah Straight Fit Bağlamalı Keten Şort,3299,3299,
Erkek Giyim,Erkek Taş Rengi Tapered Fit Chino Pantolon,2199,2999,%27
Erkek Giyim,Erkek Lacivert Loose Fit Beli Bağlamalı Pantolon,2999,2999,
Erkek Giyim,Erkek Vizon Rengi Slim Straight Fit Chino Pantolon,2999,2999,
Erkek Giyim,Erkek Bej Rengi Straight Fit Pantolon,2499,2999,%17
Erkek Giyim,Erkek Taş Rengi Tapered Fit Chino Pantolon,3299,3299,
Erkek Giyim,Erkek Lacivert Tapered Fit Chino Pantolon,3299,3299,
Erkek Giyim,Erkek Vizon Rengi Straight Fit Beli Bağlamalı Pantolon,3299,3299,
Erkek Giyim,Erkek Gri Straight Fit Beli Bağlamalı Pantolon,3299,3299,
Erkek Giyim,Erkek Taş Rengi Loose Fit Bisiklet Yaka T-Shirt,899.99,899.99,
Erkek Giyim,Erkek Lacivert Loose Fit Bisiklet Yaka T-Shirt,899.99,899.99,
Erkek Giyim,Erkek Yeşil Loose Fit Bisiklet Yaka T-Shirt,899.99,899.99,
Erkek Giyim,Erkek Saks Tekstürlü Polo Yaka Kısa Kollu Triko Kazak,1999,1999,
Erkek Giyim,Erkek Vizon Rengi Tekstürlü Polo Yaka Kısa Kollu Triko Kazak,1999,1999,
Erkek Giyim,Erkek Lacivert Mulineli Fermuarlı Polo Yaka Kazak,1999,1999,
Erkek Giyim,Erkek Beyaz Düğmeli Polo Yaka Kısa Kollu Triko Kazak,1799,1799,
Erkek Giyim,Erkek Kırmızı Düğmeli Polo Yaka Kısa Kollu Triko Kazak,1799,1799,
Erkek Giyim,Erkek Mercan Rengi Düğmeli Polo Yaka Kısa Kollu Triko Kazak,1799,1799,
Erkek Giyim,Erkek Mavi Düğmeli Polo Yaka Kısa Kollu Triko Kazak,1799,1799,
Erkek Giyim,Erkek Lila Düğmeli Polo Yaka Kısa Kollu Triko Kazak,1799,1799,
Erkek Giyim,Erkek Yeşil Düğmeli Polo Yaka Kısa Kollu Triko Kazak,1799,1799,
Erkek Giyim,Erkek Haki Düğmeli Polo Yaka Kısa Kollu Triko Kazak,1799,1799,
Erkek Giyim,Erkek Lacivert Düğmeli Polo Yaka Kısa Kollu Triko Kazak,1799,1799,
Erkek Giyim,Erkek Beyaz Baskılı Oversize Bisiklet Yaka T-Shirt,899.99,899.99,
Erkek Giyim,Erkek Beyaz Fitilli Bisiklet Yaka Uzun Kollu T-Shirt,999.99,999.99,
Erkek Giyim,Erkek İndigo Fitilli Bisiklet Yaka Uzun Kollu T-Shirt,999.99,999.99,
Erkek Giyim,Erkek Beyaz Baskılı Oversize Bisiklet Yaka T-Shirt,699.99,699.99,
Erkek Giyim,Erkek Kahverengi Fermuarlı Polo Yaka T-Shirt,1399,1399,
Erkek Giyim,Erkek İndigo Bisiklet Yaka T-Shirt,699.99,699.99,
Erkek Giyim,Erkek Bej Rengi Bisiklet Yaka T-Shirt,699.99,699.99,
Erkek Giyim,Erkek Lacivert Straight Fit Beli Lastikli Pantolon,2799,3299,%15
Erkek Giyim,Erkek Bej Tekstürlü Slim Straight Fit Pantolon,2999,2999,
Erkek Giyim,Erkek Lacivert Slim Straight Fit Chino Pantolon,3299,3299,
Erkek Giyim,Erkek Vizon Rengi Straight Fit Keten Karışımlı Pantolon,3599,3599,
Erkek Giyim,Erkek Ekru Çizgili Regular Fit Uzun Kollu Gömlek,1799,1799,
Erkek Giyim,Erkek Sarı Slim Fit Uzun Kollu Keten Gömlek,2599,2599,
Erkek Giyim,Erkek Kırmızı Slim Fit Uzun Kollu Keten Gömlek,2599,2599,
Erkek Giyim,Erkek Mavi Slim Fit Uzun Kollu Keten Gömlek,2599,2599,
Erkek Giyim,Erkek Mint Yeşil Slim Fit Uzun Kollu Keten Gömlek,2599,2599,
Erkek Giyim,Erkek Mavi Regular Fit Uzun Kollu Gömlek,1799,1799,
Erkek Giyim,Erkek Haki Regular Fit Uzun Kollu Gömlek,1799,1799,
Erkek Giyim,Erkek Lacivert Çizgili Regular Fit Uzun Kollu Gömlek,1799,1799,
Erkek Giyim,Erkek Haki Çizgili Regular Fit Uzun Kollu Gömlek,1799,1799,
Erkek Giyim,Erkek Lacivert Tekstürlü Straight Fit Pantolon,2599,2599,
Erkek Giyim,Erkek Kahverengi Keten Karışımlı Straight Fit Pantolon,3299,3299,
Erkek Giyim,Erkek Taş Rengi Polo Yaka Kısa Kollu Triko Kazak,1599,1599,
Erkek Giyim,Erkek Mavi Polo Yaka Kısa Kollu Triko Kazak,1599,1599,
Erkek Giyim,Erkek Sarı Düğmeli Polo Yaka Kısa Kollu Triko Kazak,1599,1599,
Erkek Giyim,Erkek Pembe Düğmeli Polo Yaka Kısa Kollu Triko Kazak,1599,1599,
Erkek Giyim,Erkek Kırık Beyaz Polo Yaka Kısa Kollu Triko Kazak,1999,1999,
Erkek Giyim,Erkek Siyah Polo Yaka Kısa Kollu Triko Kazak,1999,1999,
Erkek Giyim,Erkek Taş Rengi Regular Fit Uzun Kollu Keten Gömlek,2599,2599,
Erkek Giyim,Erkek Pembe Regular Fit Uzun Kollu Keten Gömlek,2599,2599,
Erkek Giyim,Erkek Kiremit Rengi Regular Fit Uzun Kollu Keten Gömlek,2599,2599,
Erkek Giyim,Erkek Ekru Çizgili Regular Fit Uzun Kollu Gömlek,1999,1999,
Erkek Giyim,Erkek Yeşil Çizgili Polo Yaka T-Shirt,1299,1299,
Erkek Giyim,Erkek Beyaz Comfort Fit Polo Yaka T-Shirt,1299,1299,
Erkek Giyim,Erkek Taş Rengi Baskılı Bisiklet Yaka T-Shirt,799.99,799.99,
Erkek Giyim,Erkek Yeşil Polo Yaka T-Shirt,999.99,999.99,
Erkek Giyim,Erkek Beyaz Comfort Fit Nakışlı Bisiklet Yaka T-Shirt,799.99,799.99,
Erkek Giyim,Erkek Mavi Regular Fit Kısa Kollu Keten Gömlek,2599,2599,
Erkek Giyim,Erkek Beyaz Regular Fit Kısa Kollu Keten Gömlek,2599,2599,
Erkek Giyim,Erkek Siyah Regular Fit Tek Cepli Uzun Kollu Gömlek,2799,2799,
Erkek Giyim,Erkek Pembe Regular Fit Tek Cepli Uzun Kollu Gömlek,2799,2799,
Erkek Giyim,Erkek Kahverengi Regular Fit Suni Deri Ceket,4599,4599,
Erkek Giyim,Erkek Vizon Rengi Regular Fit Uzun Kollu Gömlek,1799,1799,
Erkek Giyim,Erkek Bej Rengi Slim Straight Fit Chino Pantolon,2999,2999,
Erkek Giyim,Erkek Lacivert Bisiklet Yaka Sweatshirt,1199,1199,
Erkek Giyim,Erkek Bordo Tekstürlü Polo Yaka Sweatshirt,1299,1799,%28
Erkek Giyim,Erkek Lacivert Tekstürlü Polo Yaka Sweatshirt,1299,1799,%28
Erkek Giyim,Erkek Beyaz Regular Fit Tek Cepli Uzun Kollu Gömlek,1499,1799,%17
Erkek Giyim,Erkek İndigo Çizgili Regular Fit Uzun Kollu Gömlek,1999,1999,
Erkek Giyim,Erkek Haki Regular Fit Uzun Kollu Gömlek,1499,1799,%17
Erkek Giyim,Erkek Siyah Tekstürlü Bisiklet Yaka Kazak,1499,1999,%25
Erkek Giyim,Erkek Lacivert Mulineli Polo Yaka Kazak,1599,1999,%20
Erkek Giyim,Erkek Ekru Çizgili Bisiklet Yaka Kazak,1699,1999,%15
Erkek Giyim,Erkek Siyah Fermuarlı Dik Yaka Sweatshirt,1299,1299,
Erkek Giyim,Erkek Yeşil Fermuarlı Dik Yaka Sweatshirt,1299,1299,
Erkek Giyim,Erkek Haki Comfort Fit Fermuarlı Kapüşonlu Sweatshirt,1999,1999,
Erkek Giyim,Erkek Haki Comfort Fit Kapüşonlu Sweatshirt,1499,1999,%25
Erkek Giyim,Erkek İndigo Çizgili Regular Fit Keten Karışımlı Uzun Kollu Gömlek,2599,2599,
Erkek Giyim,Erkek Beyaz Regular Fit Uzun Kollu Seersucker Gömlek,1699,1999,%15
Erkek Giyim,Erkek Lacivert Regular Fit Uzun Kollu Gömlek,1999,1999,
Erkek Giyim,Erkek Haki Regular Fit Uzun Kollu Gömlek,1999,1999,
Erkek Giyim,Erkek Bej Rengi Regular Fit Uzun Kollu Gömlek,1999,1999,
Erkek Giyim,Erkek Kırık Beyaz Çizgili Regular Fit Uzun Kollu Gömlek,1799,1799,
Erkek Giyim,Erkek Kırık Beyaz Polo Yaka Kısa Kollu Triko Kazak,1999,1999,
Erkek Giyim,Erkek Siyah Regular Fit Uzun Kollu Gömlek,2299,2299,
Erkek Giyim,Erkek Kırık Beyaz Polo Yaka Kısa Kollu Triko Kazak,2299,2299,
Erkek Giyim,Erkek Kahverengi Polo Yaka Kısa Kollu Triko Kazak,2299,2299,
Erkek Giyim,Erkek Kırık Beyaz Çizgili Polo Yaka Kısa Kollu Triko Kazak,1999,1999,
Erkek Giyim,Erkek Lacivert Regular Fit Dokulu Ceket,2599,2599,
Erkek Giyim,Erkek Kırık Beyaz Çizgili Regular Fit Uzun Kollu Gömlek,1899,2299,%17
Erkek Giyim,Erkek Beyaz Baskılı Bisiklet Yaka T-Shirt,799.99,799.99,
Erkek Giyim,Erkek Ekru Comfort Fit Çizgili Bisiklet Yaka T-Shirt,899.99,899.99,
Erkek Giyim,Erkek Lacivert Çizgili Oversize Bisiklet Yaka T-Shirt,1199,1199,
Erkek Giyim,Erkek Lacivert Comfort Fit Bisiklet Yaka T-Shirt,999.99,999.99,
Erkek Giyim,Erkek Bej Baskılı Oversize Bisiklet Yaka T-Shirt,899.99,899.99,
Erkek Giyim,Erkek Beyaz Baskılı Comfort Fit Bisiklet Yaka T-Shirt,799.99,799.99,
Erkek Giyim,Erkek Vizon Rengi Nakışlı Loose Fit Bisiklet Yaka T-Shirt,999.99,999.99,
Erkek Giyim,Erkek Haki Keten Karışımlı Polo Yaka Kısa Kollu Kazak,2299,2299,
Erkek Giyim,Erkek Kırık Beyaz Çizgili Loose Fit Bisiklet Yaka Modal T-Shirt,1999,1999,
Erkek Giyim,Erkek İndigo Jakarlı Oversize Bisiklet Yaka T-Shirt,899.99,899.99,
Erkek Giyim,Erkek Vizon Rengi Çok Cepli Keten Karışımlı Ceket,4999,4999,
Erkek Giyim,Erkek Pembe Polo Yaka Kısa Kollu Triko Kazak,1799,1799,
Erkek Giyim,Erkek Mavi Polo Yaka Kısa Kollu Triko Kazak,1799,1799,
Erkek Giyim,Erkek Pembe Polo Yaka Kısa Kollu Triko Kazak,1799,1799,
Erkek Giyim,Erkek Koyu Haki Straight Fit Bağlamalı Keten Pantolon,3599,3599,
Erkek Giyim,Erkek Siyah Fermuarlı Deri Ceket,19999,19999,
Erkek Giyim,Erkek Haki Slim Fit Uzun Kollu Keten Gömlek,2599,2599,
Erkek Giyim,Erkek Pembe Polo Yaka Kısa Kollu Triko Kazak,1799,1799,
Erkek Giyim,Erkek Pembe Polo Yaka Kısa Kollu Triko Kazak,1799,1799,
Erkek Giyim,Erkek Pembe Polo Yaka Kısa Kollu Triko Kazak,1799,1799,
Erkek Giyim,Erkek Koyu Haki Straight Fit Bağlamalı Keten Pantolon,3599,3599,
Erkek Giyim,Erkek Vizon Rengi Straight Fit Bağlamalı Keten Pantolon,3599,3599,
Erkek Giyim,Erkek Kahverengi Deri Süet Dokulu Ceket,19999,19999,
Erkek Giyim,Erkek Kahverengi Yaka Detaylı Fermuarlı Casual Ceket,3599,3599,
Erkek Giyim,Erkek Kahverengi Regular Fit Trucker Ceket,2599,2599,
Erkek Giyim,Erkek Haki Gizli Kapüşonlu Çok Cepli Kısa Mont,3999,3999,
Erkek Giyim,Erkek Haki Comfort Fit Kapüşonlu Ceket,2599,2599,
Erkek Giyim,Erkek Siyah Straight Fit Beli Bağlamalı Pantolon,2999,2999,
Erkek Giyim,Erkek Vizon Rengi Loose Fit Beli Bağlamalı Pantolon,2299,2299,
Erkek Giyim,Erkek Taş Rengi Nakışlı Oversize Bisiklet Yaka T-Shirt,899.99,899.99,
Erkek Giyim,Erkek Lacivert Çift Taraflı Kapüşonlu Kısa Yağmurluk,4299,4299,
Erkek Giyim,Erkek Antrasit Cep Detaylı Fermuarlı Jean Ceket,3999,3999,
Erkek Giyim,Erkek Mavi Regular Fit Uzun Kollu Kadife Dokulu Gömlek,1899,2299,%17
Erkek Giyim,Erkek Vizon Rengi Cep Detaylı Ceket,3599,4299,%16
Erkek Giyim,Erkek Bej Straight Fit Pantolon,2399,2999,%20
Erkek Giyim,Erkek Lacivert Loose Fit Beli Bağlamalı Pantolon,2299,2299,
Erkek Giyim,Erkek İndigo Regular Fit Çift Cepli Uzun Kollu Jean Gömlek,1499,1799,%17
Erkek Giyim,Erkek Siyah Beli Bağlamalı Jogger Pantolon,1499,1499,
Erkek Giyim,Erkek İndigo Çizgili Comfort Fit Uzun Kollu Gömlek,2299,2299,
Erkek Giyim,Erkek Beyaz Oversize Bisiklet Yaka T-Shirt,999.99,999.99,
Erkek Giyim,Erkek Lacivert Nakışlı Oversize Bisiklet Yaka T-Shirt,899.99,899.99,
Erkek Giyim,Erkek Mavi Çizgili Comfort Fit Uzun Kollu Gömlek,1799,1799,
Erkek Giyim,Erkek Siyah Regular Fit Uzun Kollu Gömlek,1799,1799,
Erkek Giyim,Erkek Siyah Straight Fit Pantolon,2299,2299,
Erkek Giyim,Erkek Haki Regular Fit Uzun Kollu Gömlek,1699,1999,%15
Erkek Giyim,Erkek Mavi Polo Yaka Kısa Kollu Triko Kazak,1599,1599,
Erkek Giyim,Erkek Siyah Regular Fit Dokulu Kısa Kollu Gömlek,1599,1599,
Erkek Giyim,Erkek Bej Regular Fit Uzun Kollu Gömlek,1399,1799,%22
Erkek Giyim,Erkek Bej Rengi Comfort Fit Bisiklet Yaka T-Shirt,1399,1399,
Erkek Giyim,Erkek Ekru Polo Yaka Tekstürlü T-Shirt,1299,1299,
Erkek Giyim,Erkek Kahverengi Baskılı Comfort Fit Bisiklet Yaka Sweatshirt,1299,1999,%35
Erkek Giyim,Erkek Lacivert Oversize Bisiklet Yaka T-Shirt,999.99,999.99,
Erkek Giyim,Erkek Beyaz Oversize Bisiklet Yaka T-Shirt,999.99,999.99,
Erkek Giyim,Erkek Siyah Dokulu Comfort Fit Bisiklet Yaka T-Shirt,999.99,999.99,
Erkek Giyim,Erkek Kırık Beyaz Çizgili Oversize Bisiklet Yaka T-Shirt,999.99,999.99,
Erkek Giyim,Erkek Taş Rengi Oversize Bisiklet Yaka T-Shirt,999.99,999.99,
Erkek Giyim,Erkek Beyaz Nakışlı Oversize Bisiklet Yaka T-Shirt,899.99,899.99,
Erkek Giyim,Erkek Pembe Baskılı Bisiklet Yaka T-Shirt,799.99,799.99,
Erkek Giyim,Erkek Taş Rengi Loose Fit Chino Pantolon,2999,2999,
Erkek Giyim,Erkek Lacivert Beli Bağlamalı Jogger Pantolon,1499,1499,
Erkek Giyim,Erkek Gri Baskılı Oversize Bisiklet Yaka T-Shirt,1299,1299,
Erkek Giyim,Erkek Beyaz Straight Fit Pantolon,2299,2299,
Erkek Giyim,Erkek Lacivert Comfort Fit Henley Yaka Sweatshirt,999.99,1599,%37
Erkek Giyim,Erkek Taş Rengi Loose Fit Beli Bağlamalı Pantolon,3299,3299,
Erkek Giyim,Erkek Kahverengi Regular Fit Cep Detaylı Ceket,2399,2799,%14
Erkek Giyim,Erkek Haki Tekstürlü Comfort Fit Beli Bağlamalı Pantolon,3299,3299,
Erkek Giyim,Erkek Lacivert Straight Fit Tekstürlü Pantolon,1499,1499,
Erkek Giyim,Erkek Kırık Beyaz Biyeli Loose Fit Bisiklet Yaka T-Shirt,799.99,799.99,
Erkek Giyim,Erkek Beyaz Comfort Fit Baskılı Bisiklet Yaka T-Shirt,799.99,799.99,
Erkek Giyim,Erkek Yeşil Polo Yaka Kısa Kollu Triko Kazak,1599,1599,
Erkek Giyim,Erkek Taş Rengi Nakışlı Polo Yaka T-Shirt,1199,1199,
Erkek Giyim,Erkek Yeşil Nakışlı Polo Yaka T-Shirt,1199,1199,
Erkek Giyim,Erkek Haki Kapüşonlu Kısa Mont,3399,3999,%15
Erkek Giyim,Erkek Antrasit Ekoseli Kapüşonlu Yağmurluk,3999,3999,
Erkek Giyim,Erkek Haki Gizli Kapüşonlu Mont Ceket,3999,3999,
Erkek Giyim,Erkek Mavi Yaka Detaylı Mont Ceket,4599,4599,
Erkek Giyim,Erkek Haki Regular Fit Uzun Kollu Gömlek,1799,1799,
Erkek Giyim,Erkek Antrasit Regular Fit Resort Yaka Uzun Kollu Gömlek,1499,1999,%25
Erkek Giyim,Erkek Vizon Rengi Regular Fit Resort Yaka Uzun Kollu Gömlek,1499,1999,%25
Erkek Giyim,Erkek Yeşil Ekoseli Regular Fit Uzun Kollu Gömlek,1799,1799,
Erkek Giyim,Erkek Mavi Çizgili Regular Fit Uzun Kollu Gömlek,1599,1599,
Erkek Giyim,Erkek Taş Rengi Regular Fit Tek Cepli Uzun Kollu Gömlek,1299,1799,%28
Erkek Giyim,Erkek Beyaz Baskılı Oversize Bisiklet Yaka T-Shirt,899.99,899.99,
Erkek Giyim,Erkek Gri Baskılı Oversize Bisiklet Yaka T-Shirt,1299,1299,
Erkek Giyim,Erkek Kahverengi Baskılı Oversize Bisiklet Yaka T-Shirt,1299,1299,
Erkek Giyim,Erkek Beyaz Oversize Baskılı Bisiklet Yaka T-Shirt,899.99,899.99,
Erkek Giyim,Erkek Beyaz Oversize Baskılı Bisiklet Yaka T-Shirt,899.99,899.99,
Erkek Giyim,Erkek Haki Çizgili Comfort Fit Bisiklet Yaka T-Shirt,1399,1399,
Erkek Giyim,Erkek Yeşil Tekstürlü Polo Yaka Kazak,1599,2299,%30
Erkek Giyim,Erkek Taş Rengi Baskılı Bisiklet Yaka T-Shirt,899.99,899.99,
Erkek Giyim,Erkek Taş Rengi Dokulu Comfort Fit Bisiklet Yaka T-Shirt,999.99,999.99,
Erkek Giyim,Erkek İndigo Regular Fit Dikiş Detaylı Jean Ceket,2399,2999,%20
Erkek Giyim,Erkek İndigo Straight Fit Jean Pantolon,1999,1999,
Erkek Giyim,Erkek Yeşil Loose Fit Bisiklet Yaka T-Shirt,999.99,999.99,
Erkek Giyim,Erkek Beyaz Loose Fit Kapüşonlu Sweatshirt,1499,1999,%25
Erkek Giyim,Erkek Antrasit Regular Fit Uzun Kollu Gömlek,1699,1999,%15
Erkek Giyim,Erkek Ekru Çizgili Regular Fit Uzun Kollu Gömlek,1499,1799,%17
Erkek Giyim,Erkek Ekru Çizgili Regular Fit Uzun Kollu Gömlek,1499,1799,%17
Erkek Giyim,Erkek Kırık Beyaz Çizgili Fermuarlı Kapüşonlu Ceket,2999,2999,
Erkek Giyim,Erkek Ekru Çizgili Bisiklet Yaka Kısa Kollu Triko Kazak,1999,1999,
Erkek Giyim,Erkek Lacivert Çizgili Bisiklet Yaka Kısa Kollu Triko Kazak,1599,1599,
Erkek Giyim,Erkek Kahverengi Comfort Fit Cep Detaylı Bisiklet Yaka T-Shirt,999.99,999.99,
Erkek Giyim,Erkek Beyaz Oversize Bisiklet Yaka T-Shirt,999.99,999.99,
Erkek Giyim,Erkek Siyah Oversize Bisiklet Yaka T-Shirt,999.99,999.99,
Erkek Giyim,Erkek Yeşil Regular Fit Uzun Kollu Gömlek,1499,1799,%17
Erkek Giyim,Erkek Ekru Çizgili Regular Fit Uzun Kollu Gömlek,1799,1799,
Erkek Giyim,Erkek Yeşil Armürlü Regular Fit Uzun Kollu Gömlek,1799,1799,
Erkek Giyim,Erkek Taş Rengi Çizgili Oversize Bisiklet Yaka Kısa Kollu Kazak,1499,1499,
Erkek Giyim,Erkek Siyah Çizgili Comfort Fit Bisiklet Yaka T-Shirt,1399,1399,
Erkek Giyim,Erkek Yeşil Çizgili Comfort Fit Bisiklet Yaka T-Shirt,1399,1399,
Erkek Giyim,Erkek Kırık Beyaz Baskılı Oversize Bisiklet Yaka T-Shirt,999.99,999.99,
Erkek Giyim,Erkek Koyu Mavi Baskılı Oversize Bisiklet Yaka T-Shirt,999.99,999.99,
Erkek Giyim,Erkek Lacivert Oversize Bisiklet Yaka T-Shirt,1299,1299,
Erkek Giyim,Erkek Kahverengi Oversize Bisiklet Yaka T-Shirt,1299,1299,
Erkek Giyim,Erkek Lacivert Batik Yıkama Oversize Bisiklet Yaka T-Shirt,1199,1199,
Erkek Giyim,Erkek Kırık Beyaz Baskılı Loose Fit Bisiklet Yaka T-Shirt,999.99,999.99,
Erkek Giyim,Erkek Taş Rengi Regular Fit Dokulu Kısa Kollu Gömlek,1599,1599,
Erkek Giyim,Erkek İndigo Regular Fit Dokulu Kısa Kollu Gömlek,1599,1599,
Erkek Giyim,Erkek Bej Rengi Straight Fit Bağlamalı Keten Pantolon,3599,3599,
Erkek Giyim,Erkek Siyah Pamuklu Bisiklet Yaka T-Shirt,599.99,599.99,
Erkek Giyim,Erkek Siyah Regular Fit Uzun Kollu Keten Gömlek,2999,2999,
Erkek Giyim,Erkek Vizon Rengi Slim Fit Pantolon,2799,2799,
Erkek Giyim,Erkek Bej Rengi Tekstürlü Straight Fit Chino Pantolon,2799,2799,
Erkek Giyim,Erkek Kahverengi Straight Fit Keten Pantolon,3599,3599,
Erkek Giyim,Erkek Lacivert Straight Fit Keten Pantolon,3299,3299,
Erkek Giyim,Erkek Kırık Beyaz Modal Karışımlı Oversize Bisiklet Yaka T-Shirt,1199,1199,
Erkek Giyim,Erkek İndigo Comfort Fit Fermuarlı Kapüşonlu Sweatshirt,1999,1999,
Erkek Giyim,Erkek Mavi Straight Fit Bağlamalı Keten Pantolon,3599,3599,
Erkek Giyim,Erkek Lacivert Çizgili Beli Bağlamalı Şort,1699,1699,
Erkek Giyim,Erkek Mavi Straight Fit Bağlamalı Keten Şort,3299,3299,
Erkek Giyim,Erkek Vizon Rengi Straight Fit Bağlamalı Keten Şort,3299,3299,
Erkek Giyim,Erkek Lacivert Straight Fit Bağlamalı Keten Şort,3299,3299,
Erkek Giyim,Erkek Haki Armürlü Regular Fit Uzun Kollu Gömlek,1599,1999,%20
Erkek Giyim,Erkek Beyaz Comfort Fit Bisiklet Yaka T-Shirt,999.99,999.99,
Erkek Giyim,Erkek Mavi Regular Fit Uzun Kollu Keten Gömlek,2999,2999,
Erkek Giyim,Erkek Lacivert Regular Fit Uzun Kollu Keten Gömlek,2999,2999,
Erkek Giyim,Erkek Koyu Haki Çizgili Polo Yaka Kısa Kollu Triko Kazak,1999,1999,
Erkek Giyim,Erkek Siyah Tekstürlü Straight Fit Chino Pantolon,2799,2799,
Erkek Giyim,Erkek Siyah Slim Fit Uzun Kollu Keten Gömlek,2599,2599,
Erkek Giyim,Erkek Lacivert Polo Yaka Kısa Kollu Triko Kazak,2599,2599,
Erkek Giyim,Erkek Mavi Regular Fit Tek Cepli Uzun Kollu Gömlek,1299,1999,%35
Erkek Giyim,Erkek Beyaz Regular Fit Uzun Kollu Keten Gömlek,2999,2999,
Erkek Giyim,Erkek Lacivert Oversize Bisiklet Yaka T-Shirt,799.99,799.99,
Erkek Giyim,Erkek Sarı Straight Fit Chino Şort,2299,2299,
Erkek Giyim,Erkek Lacivert Regular Fit Uzun Kollu Gömlek,2299,2299,
Erkek Giyim,Erkek Lacivert Polo Yaka Kısa Kollu Triko Kazak,2299,2299,
Erkek Giyim,Erkek Siyah Bisiklet Yaka T-Shirt,699.99,699.99,
Erkek Giyim,Erkek Lacivert Bisiklet Yaka T-Shirt,699.99,699.99,
Erkek Giyim,Erkek Lacivert Regular Fit Resort Yaka Kısa Kollu Gömlek,1999,1999,
Erkek Giyim,Erkek Haki Polo Yaka T-Shirt,899.99,899.99,
Erkek Giyim,Erkek Beyaz Pamuklu Bisiklet Yaka T-Shirt,599.99,599.99,
Erkek Giyim,Erkek Mavi Regular Fit Uzun Kollu Gömlek,1799,1799,
Erkek Giyim,Erkek Lacivert Loose Fit Keten Karışımlı Pantolon,2999,2999,
Erkek Giyim,Erkek Beyaz Bisiklet Yaka T-Shirt,699.99,699.99,
Erkek Giyim,Erkek Lacivert Slim Straight Fit Pantolon,2299,2299,
Erkek Giyim,Erkek Koyu Haki Modal Karışımlı Loose Fit Bisiklet Yaka T-Shirt,999.99,999.99,
Erkek Giyim,Erkek Kırık Beyaz Çizgili Comfort Fit Bisiklet Yaka T-Shirt,999.99,999.99,
Erkek Giyim,Erkek Turuncu Bisiklet Yaka T-Shirt,899.99,899.99,
Erkek Giyim,Erkek Vizon Rengi Comfort Fit Bisiklet Yaka T-Shirt,899.99,899.99,
Erkek Giyim,Erkek Beyaz Baskılı Bisiklet Yaka T-Shirt,799.99,799.99,
Erkek Giyim,Erkek Yeşil Bisiklet Yaka T-Shirt,699.99,699.99,
Erkek Giyim,Erkek Siyah Bisiklet Yaka T-Shirt,699.99,699.99,
Erkek Giyim,Erkek Beyaz Bisiklet Yaka T-Shirt,699.99,699.99,
Erkek Giyim,Erkek Taş Rengi Pamuklu Bisiklet Yaka T-Shirt,599.99,599.99,
Erkek Giyim,Erkek Kiremit Rengi Pamuklu Bisiklet Yaka T-Shirt,599.99,599.99,
Erkek Giyim,Erkek Mavi Pamuklu Bisiklet Yaka T-Shirt,599.99,599.99,
Erkek Giyim,Erkek Yeşil Pamuklu Bisiklet Yaka T-Shirt,599.99,599.99,
Erkek Giyim,Erkek Haki Pamuklu Bisiklet Yaka T-Shirt,599.99,599.99,
Erkek Giyim,Erkek Bej Straight Fit Chino Şort,2299,2299,
Erkek Giyim,Erkek Mavi Straight Fit Chino Şort,2299,2299,
Erkek Giyim,Erkek Lacivert Straight Fit Chino Şort,2299,2299,
Erkek Giyim,Erkek İndigo Straight Fit Chino Şort,2299,2299,
Erkek Giyim,Erkek Haki Straight Fit Chino Şort,2299,2299,
Erkek Giyim,Erkek Kahverengi Straight Fit Chino Şort,2299,2299,
Erkek Giyim,Erkek Yeşil Gri Straight Fit Chino Şort,2299,2299,
Erkek Giyim,Erkek Siyah Straight Fit Keten Karışımlı Şort,2999,2999,
Erkek Giyim,Erkek Lacivert Straight Fit Keten Karışımlı Şort,2999,2999,
Erkek Giyim,Erkek Vizon Rengi Straight Fit Keten Karışımlı Şort,2999,2999,
Erkek Giyim,Erkek Mavi Slim Fit Uzun Kollu Keten Gömlek,2599,2599,
Erkek Giyim,Erkek Beyaz Regular Fit Kısa Kollu Keten Gömlek,2599,2599,
Erkek Giyim,Erkek Beyaz Regular Fit Tek Cepli Uzun Kollu Gömlek,2799,2799,
Erkek Giyim,Erkek Mavi Regular Fit Tek Cepli Uzun Kollu Gömlek,2799,2799,
Erkek Giyim,Erkek Bej Regular Fit Tek Cepli Uzun Kollu Gömlek,2799,2799,
Erkek Giyim,Erkek Beyaz Polo Yaka Kısa Kollu Triko Kazak,1799,1799,
Erkek Giyim,Erkek Taş Rengi Polo Yaka Kısa Kollu Triko Kazak,1799,1799,
Erkek Giyim,Erkek Beyaz Straight Fit Bağlamalı Keten Pantolon,3599,3599,
Erkek Giyim,Erkek Bej Rengi Straight Fit Bağlamalı Keten Şort,3299,3299,
Erkek Giyim,Erkek Kahverengi Slim Fit Pantolon,1899,2299,%17
Erkek Giyim,Erkek Beyaz Çizgili Regular Fit Uzun Kollu Gömlek,1799,1799,
Erkek Giyim,Erkek Pembe Düğmeli Polo Yaka Kısa Kollu Triko Kazak,1799,1799,
Erkek Giyim,Erkek Mavi Düğmeli Polo Yaka Kısa Kollu Triko Kazak,1799,1799,
Erkek Giyim,Erkek Kahverengi Düğmeli Polo Yaka Kısa Kollu Triko Kazak,1799,1799,
Erkek Giyim,Erkek Pembe Pamuklu Bisiklet Yaka T-Shirt,599.99,599.99,
Erkek Giyim,Erkek Mavi Pamuklu Bisiklet Yaka T-Shirt,599.99,599.99,
Erkek Giyim,Erkek Saks Mavi Pamuklu Bisiklet Yaka T-Shirt,599.99,599.99,
Erkek Giyim,Erkek Yeşil Pamuklu Bisiklet Yaka T-Shirt,599.99,599.99,
Erkek Giyim,Erkek Taş Rengi Bisiklet Yaka T-Shirt,699.99,699.99,
Erkek Giyim,Erkek Mavi Bisiklet Yaka T-Shirt,699.99,699.99,
Erkek Giyim,Erkek Haki Bisiklet Yaka T-Shirt,699.99,699.99,
Erkek Giyim,Erkek Vizon Rengi Bisiklet Yaka T-Shirt,699.99,699.99,
Erkek Giyim,Erkek Kahverengi Bisiklet Yaka T-Shirt,699.99,699.99,
Erkek Giyim,Erkek Haki Straight Fit Beli Lastikli Pantolon,2799,3299,%15
Erkek Giyim,Erkek Vizon Rengi Regular Fit Uzun Kollu Keten Karışımlı Gömlek,1999,1999,
Erkek Giyim,Erkek Lacivert Çizgili Tapered Fit Keten Pantolon,3599,3599,
Erkek Giyim,Erkek Ekru Çizgili Regular Fit Uzun Kollu Gömlek,1999,1999,
Erkek Giyim,Erkek Beyaz Baskılı Bisiklet Yaka T-Shirt,699.99,699.99,
Erkek Giyim,Erkek Lacivert Regular Fit Uzun Kollu Keten Gömlek,2599,2599,
Erkek Giyim,Erkek İndigo Regular Fit Uzun Kollu Keten Gömlek,2599,2599,
Erkek Giyim,Erkek Lacivert Tapered Fit Chino Pantolon,2599,2599,
Erkek Giyim,Erkek Ekru Çizgili Regular Fit Uzun Kollu Gömlek,1999,1999,
Erkek Giyim,Erkek Vizon Rengi Modal Karışımlı Oversize Bisiklet Yaka T-Shirt,1199,1199,
Erkek Giyim,Erkek Beyaz Polo Yaka T-Shirt,899.99,899.99,
Erkek Giyim,Erkek Lacivert Polo Yaka T-Shirt,899.99,899.99,
Erkek Giyim,Erkek Koyu Mavi Polo Yaka T-Shirt,899.99,899.99,
Erkek Giyim,Erkek Yeşil Polo Yaka T-Shirt,899.99,899.99,
Erkek Giyim,Erkek Vizon Rengi Bisiklet Yaka T-Shirt,899.99,899.99,
Erkek Giyim,Erkek Bej Polo Yaka T-Shirt,999.99,999.99,
Erkek Giyim,Erkek Beyaz Oversize Bisiklet Yaka T-Shirt,799.99,799.99,
Erkek Giyim,Erkek Beyaz Baskılı Oversize Bisiklet Yaka T-Shirt,999.99,999.99,
Erkek Giyim,Erkek Taş Rengi Baskılı Bisiklet Yaka T-Shirt,799.99,799.99,
Erkek Giyim,Erkek Bej Keten Karışımlı Straight Fit Chino Pantolon,2999,2999,
Erkek Giyim,Erkek Lacivert Loose Fit Beli Bağlamalı Chino Pantolon,3599,3599,
Erkek Giyim,Erkek Beyaz Polo Yaka Kısa Kollu Triko Kazak,1799,1799,
Erkek Giyim,Erkek Lacivert Polo Yaka Kısa Kollu Triko Kazak,1799,1799,
Erkek Giyim,Erkek Taş Rengi Beli Bağlamalı Straight Fit Keten Pantolon,3299,3299,
Erkek Giyim,Erkek Bej Rengi Beli Bağlamalı Straight Fit Keten Pantolon,3299,3299,
Erkek Giyim,Erkek Bej Rengi Straight Fit Keten Karışımlı Pantolon,3299,3299,
Erkek Giyim,Erkek Kemik Rengi Beli Bağlamalı Tapered Fit Chino Pantolon,2599,2599,
Erkek Giyim,Erkek Lacivert Straight Fit Keten Pantolon,3599,3599,
Erkek Giyim,Erkek Beyaz Regular Fit Kısa Kollu Keten Gömlek,2599,2599,
Erkek Giyim,Erkek Beyaz Straight Fit Bağlamalı Keten Şort,3299,3299,
Erkek Giyim,Erkek Bej Rengi Regular Fit Tek Cepli Uzun Kollu Gömlek,1299,1999,%35
Erkek Giyim,Erkek Beyaz Çizgili Regular Fit Uzun Kollu Gömlek,1799,1799,
Erkek Giyim,Erkek Bordo Regular Fit Tek Cepli Uzun Kollu Gömlek,1499,1799,%17
Erkek Giyim,Erkek Beyaz Çizgili Regular Fit Uzun Kollu Gömlek,1699,2299,%26
Erkek Giyim,Erkek Lacivert Regular Fit Modal Karışımlı Gömlek,1799,1799,
Erkek Giyim,Erkek Bej Rengi Tekstürlü Comfort Fit Polo Yaka Sweatshirt,1799,1799,
Erkek Giyim,Erkek Beyaz Loose Fit Bisiklet Yaka T-Shirt,999.99,999.99,
Erkek Giyim,Erkek Beyaz Regular Fit Uzun Kollu Gömlek,1799,1799,
Erkek Giyim,Erkek Ekru Çizgili Regular Fit Uzun Kollu Gömlek,1999,1999,
Erkek Giyim,Erkek Beyaz Regular Fit Uzun Kollu Gömlek,2299,2299,
Erkek Giyim,Erkek Mavi Çizgili Regular Fit Uzun Kollu Keten Gömlek,2999,2999,
Erkek Giyim,Erkek Ekru Çizgili Regular Fit Uzun Kollu Gömlek,1799,1799,
Erkek Giyim,Erkek Vizon Rengi Regular Fit Uzun Kollu Gömlek,1999,1999,
Erkek Giyim,Erkek Bej Polo Yaka Kısa Kollu Triko Kazak,1999,1999,
Erkek Giyim,Erkek Lacivert Polo Yaka Kısa Kollu Triko Kazak,1999,1999,
Erkek Giyim,Erkek Kırık Beyaz Polo Yaka Kısa Kollu Triko Kazak,2299,2299,
Erkek Giyim,Erkek Lacivert Regular Fit Uzun Kollu Gömlek,2299,2299,
Erkek Giyim,Erkek Haki Regular Fit Uzun Kollu Gömlek,2299,2299,
Erkek Giyim,Erkek Haki Bisiklet Yaka Kısa Kollu Triko Kazak,1799,1799,
Erkek Giyim,Erkek Bej Regular Fit Uzun Kollu Keten Gömlek,2999,2999,
Erkek Giyim,Erkek Vizon Rengi Regular Fit Uzun Kollu Modal Gömlek,2199,2599,%15
Erkek Giyim,Erkek Bej Rengi Armürlü Regular Fit Uzun Kollu Gömlek,1599,1999,%20
Erkek Giyim,Erkek Antrasit Dokulu Regular Fit Uzun Kollu Gömlek,1999,1999,
Erkek Giyim,Erkek Vizon Rengi Comfort Fit Bisiklet Yaka T-Shirt,999.99,999.99,
Erkek Giyim,Erkek Yeşil Comfort Fit Bisiklet Yaka T-Shirt,1199,1199,
Erkek Giyim,Erkek Kahverengi Comfort Fit Bisiklet Yaka T-Shirt,1199,1199,
Erkek Giyim,Erkek Kırık Beyaz Modal Karışımlı Comfort Fit Bisiklet Yaka T-Shirt,999.99,999.99,
Erkek Giyim,Erkek Saks Mavi Modal Karışımlı Comfort Fit Bisiklet Yaka T-Shirt,999.99,999.99,
Erkek Giyim,Erkek Beyaz Baskılı Oversize Bisiklet Yaka T-Shirt,999.99,999.99,
Erkek Giyim,Erkek Beyaz Baskılı Comfort Fit Bisiklet Yaka T-Shirt,999.99,999.99,
Erkek Giyim,Erkek Beyaz Baskılı Comfort Fit Bisiklet Yaka T-Shirt,799.99,799.99,
Erkek Giyim,Erkek Beyaz Comfort Fit Baskılı Bisiklet Yaka T-Shirt,799.99,799.99,
Erkek Giyim,Erkek Beyaz Baskılı Oversize Bisiklet Yaka T-Shirt,799.99,799.99,
Erkek Giyim,Erkek Lacivert Baskılı Bisiklet Yaka T-Shirt,799.99,799.99,
Erkek Giyim,Erkek Haki Straight Fit Keten Karışımlı Şort,3299,3299,
Erkek Giyim,Erkek Kahverengi Straight Fit Keten Karışımlı Şort,3299,3299,
Erkek Giyim,Erkek Beyaz Bisiklet Yaka Kısa Kollu Triko Kazak,1999,1999,
Erkek Giyim,Erkek İndigo Bisiklet Yaka Kısa Kollu Triko Kazak,1999,1999,
Erkek Giyim,Erkek Bej Bisiklet Yaka Kısa Kollu Triko Kazak,1999,1999,
Erkek Giyim,Erkek Beyaz Regular Fit Uzun Kollu Gömlek,1999,1999,
Erkek Giyim,Erkek İndigo Regular Fit Uzun Kollu Gömlek,1999,1999,
Erkek Giyim,Erkek Beyaz Çizgili Regular Fit Uzun Kollu Gömlek,1799,1799,
Erkek Giyim,Erkek Vizon Rengi Polo Yaka Kısa Kollu Triko Hırka,2299,2299,
Erkek Giyim,Erkek Lacivert Bisiklet Yaka Kısa Kollu Triko Kazak,2599,2599,
Erkek Giyim,Erkek Vizon Rengi Fermuarlı Keten Ceket,5999,5999,
Erkek Giyim,Erkek Beyaz Bisiklet Yaka T-Shirt,799.99,799.99,
Erkek Giyim,Erkek Taş Rengi Bisiklet Yaka T-Shirt,799.99,799.99,
Erkek Giyim,Erkek Vizon Rengi Regular Fit Resort Yaka Kısa Kollu Gömlek,1999,1999,
Erkek Giyim,Erkek Kırık Beyaz Çizgili Regular Fit Resort Yaka Kısa Kollu Gömlek,1799,1799,
Erkek Giyim,Erkek Beyaz Bisiklet Yaka T-Shirt,1599,1599,
Erkek Giyim,Erkek Beyaz Jakarlı Oversize Bisiklet Yaka T-Shirt,899.99,899.99,
Erkek Giyim,Erkek Kahverengi Jakarlı Oversize Bisiklet Yaka T-Shirt,899.99,899.99,
Erkek Giyim,Erkek Kırık Beyaz Comfort Fit Polo Yaka T-Shirt,1399,1399,
Erkek Giyim,Erkek Vizon Rengi Comfort Fit Polo Yaka T-Shirt,1399,1399,
Erkek Giyim,Erkek Bej Rengi Polo Yaka Kısa Kollu Triko Kazak,2299,2299,
Erkek Giyim,Erkek Beyaz Baskılı Comfort Fit Bisiklet Yaka T-Shirt,799.99,799.99,
Erkek Giyim,Erkek Beyaz Baskılı Oversize Bisiklet Yaka T-Shirt,999.99,999.99,
Erkek Giyim,Erkek Mavi Polo Yaka Dokulu T-Shirt,1399,1399,
Erkek Giyim,Erkek Yeşil Polo Yaka Dokulu T-Shirt,1399,1399,
Erkek Giyim,Erkek Vizon Rengi Polo Yaka Dokulu T-Shirt,1399,1399,
Erkek Giyim,Erkek Beyaz Çizgili Regular Fit Uzun Kollu Keten Karışımlı Gömlek,1999,1999,
Erkek Giyim,Erkek Lacivert Slim Fit Uzun Kollu Keten Gömlek,2599,2599,
Erkek Giyim,Erkek Mavi Regular Fit Kısa Kollu Keten Gömlek,2599,2599,
Erkek Giyim,Erkek Koyu Haki Straight Fit Bağlamalı Keten Pantolon,3599,3599,
Erkek Giyim,Erkek Koyu Haki Straight Fit Bağlamalı Keten Pantolon,3599,3599,
Erkek Giyim,Erkek Pembe Polo Yaka Kısa Kollu Triko Kazak,1799,1799,
Erkek Giyim,Erkek Pembe Polo Yaka Kısa Kollu Triko Kazak,1799,1799,
Erkek Giyim,Erkek Bej Rengi Straight Fit Beli Bağlamalı Pantolon,2999,2999,
Erkek Giyim,Erkek Haki Straight Fit Beli Bağlamalı Pantolon,2999,2999,
Erkek Giyim,Erkek Füme Loose Fit Chino Pantolon,2999,2999,
Erkek Giyim,Erkek Lacivert Straight Fit Beli Bağlamalı Pantolon,2599,2599,
Erkek Giyim,Erkek Siyah Modal Karışımlı Loose Fit Bisiklet Yaka T-Shirt,1199,1199,
Erkek Giyim,Erkek Lacivert Polo Yaka T-Shirt,1399,1399,
Erkek Giyim,Erkek İndigo Loose Fit Jean Pantolon,2299,2299,
Erkek Giyim,Erkek Kahverengi Regular Fit Uzun Kollu Gömlek,1999,1999,
Erkek Giyim,Erkek Vizon Rengi Loose Fit Pantolon,2599,2599,
Erkek Giyim,Erkek Beyaz Modal Karışımlı Loose Fit Bisiklet Yaka T-Shirt,1199,1199,
Erkek Giyim,Erkek Lacivert Straight Fit Chino Pantolon,2999,2999,
Erkek Giyim,Erkek Beyaz Polo Yaka T-Shirt,1399,1399,
Erkek Giyim,Erkek Bej Nakışlı Polo Yaka T-Shirt,1199,1199,
Erkek Giyim,Erkek Haki Tekstürlü Straight Fit Şort,2299,2299,
Erkek Giyim,Erkek Lacivert Regular Fit Uzun Kollu Gömlek,1999,1999,
Erkek Giyim,Erkek Bej Comfort Fit Çift Cepli Uzun Kollu Gömlek,1999,1999,
Erkek Giyim,Erkek Bej Regular Fit Beli Bağlamalı Şort,1599,1599,
Erkek Giyim,Erkek Bej Rengi Çizgili Comfort Fit Resort Yaka Kısa Kollu Gömlek,1599,1599,
Erkek Giyim,Erkek Sarı Armürlü Comfort Fit Resort Yaka Kısa Kollu Gömlek,1599,1599,
Erkek Giyim,Erkek Kırık Beyaz Armürlü Regular Fit Resort Yaka Kısa Kollu Gömlek,1599,1599,
Erkek Giyim,Erkek Siyah Straight Fit Beli Bağlamalı Şort,1399,1399,
Erkek Giyim,Erkek Lacivert Straight Fit Beli Bağlamalı Şort,1399,1399,
Erkek Giyim,Erkek Mavi Çizgili Comfort Fit Uzun Kollu Gömlek,1299,1599,%19
Erkek Giyim,Erkek Lacivert Nakışlı Oversize Bisiklet Yaka T-Shirt,1199,1199,
Erkek Giyim,Erkek Siyah Straight Fit Jean Pantolon,2299,2299,
Erkek Giyim,Erkek Beyaz Loose Fit Bisiklet Yaka T-Shirt,999.99,999.99,
Erkek Giyim,Erkek Kırık Beyaz Baskılı Oversize Bisiklet Yaka T-Shirt,899.99,899.99,
Erkek Giyim,Erkek Kırık Beyaz Comfort Fit Bisiklet Yaka T-Shirt,799.99,799.99,
Erkek Giyim,Erkek Beyaz Baskılı Oversize Bisiklet Yaka T-Shirt,799.99,799.99,
Erkek Giyim,Erkek Mavi Baskılı Oversize Bisiklet Yaka T-Shirt,799.99,799.99,
Erkek Giyim,Erkek Haki Straight Fit Kargo Pantolon,2999,3599,%17
Erkek Giyim,Erkek Taş Rengi Straight Fit Chino Pantolon,2599,2599,
Erkek Giyim,Erkek Bej Straight Fit Beli Bağlamalı Pantolon,2599,2599,
Erkek Giyim,Erkek Kahverengi Loose Fit Bisiklet Yaka T-Shirt,999.99,999.99,
Erkek Giyim,Erkek Taş Rengi Tekstürlü Straight Fit Şort,2299,2299,
Erkek Giyim,Erkek Bej Tekstürlü Straight Fit Şort,2299,2299,
Erkek Giyim,Erkek Kahverengi Tekstürlü Straight Fit Şort,2299,2299,
Erkek Giyim,Erkek Haki Straight Fit Chino Şort,2799,2799,
Erkek Giyim,Erkek Haki Straight Fit Chino Pantolon,3599,3599,
Erkek Giyim,Erkek Vizon Rengi Straight Fit Chino Pantolon,3599,3599,
Erkek Giyim,Erkek Haki Straight Fit Beli Bağlamalı Şort,1399,1399,
Erkek Giyim,Erkek Beyaz Nakışlı Regular Fit Resort Yaka Kısa Kollu Gömlek,1799,1799,
Erkek Giyim,Erkek Taş Rengi Straight Fit Beli Bağlamalı Şort,1399,1399,
Erkek Giyim,Erkek Beyaz Baskılı Oversize Bisiklet Yaka T-Shirt,999.99,999.99,
Erkek Giyim,Erkek Kırık Beyaz Nakışlı Polo Yaka T-Shirt,1199,1199,
Erkek Giyim,Erkek Lacivert Nakışlı Polo Yaka T-Shirt,1199,1199,
Erkek Giyim,Erkek Yeşil Nakışlı Polo Yaka T-Shirt,1199,1199,
Erkek Giyim,Erkek Kırmızı Polo Yaka T-Shirt,1199,1199,
Erkek Giyim,Erkek Antrasit Comfort Fit Kapüşonlu Fermuarlı Sweatshirt,1799,1799,
Erkek Giyim,Erkek Lacivert Comfort Fit Bisiklet Yaka T-Shirt,999.99,999.99,
Erkek Giyim,Erkek Siyah Loose Fit Kapüşonlu Sweatshirt,1499,1999,%25
Erkek Giyim,Erkek Kahverengi Comfort Fit Çift Cepli Uzun Kollu Gömlek,1999,1999,
Erkek Giyim,Erkek Kırık Beyaz Comfort Fit Keten Karışımlı Uzun Kollu Gömlek,1999,1999,
Erkek Giyim,Erkek Beyaz Çizgili Regular Fit Uzun Kollu Gömlek,1799,1799,
Erkek Giyim,Erkek Kırık Beyaz Çizgili Bisiklet Yaka Kısa Kollu Triko Kazak,1499,1499,
Erkek Giyim,Erkek Bej Çizgili Polo Yaka Kazak,1899,2299,%17
Erkek Giyim,Erkek Ekru Çizgili Regular Fit Uzun Kollu Gömlek,1799,1799,
Erkek Giyim,Erkek Ekru Çizgili Regular Fit Uzun Kollu Gömlek,1799,1799,
Erkek Giyim,Erkek Mavi Modal Karışımlı Loose Fit Bisiklet Yaka T-Shirt,1199,1199,
Erkek Giyim,Erkek Bej Rengi Modal Karışımlı Loose Fit Bisiklet Yaka T-Shirt,1199,1199,
Erkek Giyim,Erkek Kiremit Rengi Comfort Fit Modal Karışımlı Bisiklet Yaka T-Shirt,1599,1599,
Erkek Giyim,Erkek Vizon Rengi Comfort Fit Modal Karışımlı Bisiklet Yaka T-Shirt,1599,1599,
Erkek Giyim,Erkek Lacivert Modal Karışımlı Bisiklet Yaka Kolsuz T-Shirt,899.99,899.99,
Erkek Giyim,Erkek Lacivert Comfort Fit Bisiklet Yaka T-Shirt,1399,1399,
Erkek Giyim,Erkek Kahverengi Comfort Fit Bisiklet Yaka T-Shirt,1399,1399,
Erkek Giyim,Erkek Taş Rengi Modal Karışımlı Oversize Bisiklet Yaka T-Shirt,999.99,999.99,
Erkek Giyim,Erkek İndigo Oversize Bisiklet Yaka T-Shirt,999.99,999.99,
Erkek Giyim,Erkek Haki Oversize Bisiklet Yaka T-Shirt,999.99,999.99,
Erkek Giyim,Erkek Taş Rengi Polo Yaka Kısa Kollu T-Shirt,1199,1199,
Erkek Giyim,Erkek Haki Polo Yaka Kısa Kollu T-Shirt,1199,1199,
Erkek Giyim,Erkek Kırık Beyaz Baskılı Loose Fit Bisiklet Yaka T-Shirt,799.99,799.99,
Erkek Giyim,Erkek Siyah Comfort Fit Resort Yaka Kısa Kollu Gömlek,1999,1999,
Erkek Giyim,Erkek Kırık Beyaz Loose Fit Bisiklet Yaka T-Shirt,999.99,999.99,
Erkek Giyim,Erkek Bej Loose Fit Bisiklet Yaka T-Shirt,999.99,999.99,
Erkek Giyim,Erkek Ekru Comfort Fit Polo Yaka T-Shirt,1599,1599,
Erkek Giyim,Erkek Kırık Beyaz Çizgili Regular Fit Resort Yaka Kısa Kollu Gömlek,1799,1799,
Erkek Giyim,Erkek Kırık Beyaz Çizgili Comfort Fit Resort Yaka Kısa Kollu Gömlek,1999,1999,
Erkek Giyim,Erkek Gri Comfort Fit Beli Bağlamalı Şort,1399,1399,
Erkek Giyim,Erkek Kırık Beyaz Çizgili Regular Fit Resort Yaka Kısa Kollu Gömlek,1599,1599,
Erkek Giyim,Erkek Kırık Beyaz Çizgili Regular Fit Uzun Kollu Gömlek,1799,1799,
Erkek Giyim,Erkek Beyaz Çizgili Regular Fit Resort Yaka Kısa Kollu Gömlek,1299,1299,
Erkek Giyim,Erkek Taş Rengi Nakışlı Oversize Bisiklet Yaka T-Shirt,1199,1199,
Erkek Giyim,Erkek Lacivert Baskılı Oversize Bisiklet Yaka T-Shirt,799.99,799.99,
Erkek Giyim,Erkek Kırık Beyaz Comfort Fit Kısa Kollu Gömlek,1999,1999,
Erkek Giyim,Erkek Sarı Nakışlı Oversize Bisiklet Yaka T-Shirt,1199,1199,
Erkek Giyim,Erkek Pembe Nakışlı Oversize Bisiklet Yaka T-Shirt,1199,1199,
Erkek Giyim,Erkek Haki Jakarlı Straight Fit Şort,1399,1399,
Erkek Giyim,Erkek Beyaz Baskılı Oversize Bisiklet Yaka T-Shirt,799.99,799.99,
Erkek Giyim,Erkek Kırık Beyaz Comfort Fit Bisiklet Yaka T-Shirt,799.99,799.99,
Erkek Giyim,Erkek Lacivert Comfort Fit Bisiklet Yaka T-Shirt,799.99,799.99,
Erkek Giyim,Erkek Yeşil Comfort Fit Bisiklet Yaka T-Shirt,799.99,799.99,
Erkek Giyim,Erkek Haki Bisiklet Yaka T-Shirt,799.99,799.99,
Erkek Giyim,Erkek Vizon Rengi Bisiklet Yaka T-Shirt,799.99,799.99,
Erkek Giyim,Erkek Kırık Beyaz Çizgili Comfort Fit Kısa Kollu Gömlek,1599,1599,
Erkek Giyim,Erkek Siyah Regular Fit Hakim Yaka Uzun Kollu Keten Gömlek,1599,2199,%27
Erkek Giyim,Erkek Beyaz Nakışlı Polo Yaka T-Shirt,849.99,1099,%23
Erkek Giyim,Erkek Bej Rengi Regular Fit Keten Ceket,4999,6299,%21
Erkek Giyim,Erkek Vizon Rengi Çok Cepli Düğmeli Casual Ceket,2399,3299,%27
Erkek Giyim,Erkek Kırık Beyaz Baskılı Bisiklet Yaka T-Shirt,459.99,599.99,%23
Erkek Giyim,Erkek Haki Regular Fit Uzun Kollu Gömlek,1099,1599,%31
Erkek Giyim,Erkek Lacivert Slim Fit Tekstürlü Chino Pantolon,1199,1999,%40
Erkek Giyim,Erkek Siyah Straight Fit Keten Karışımlı Chino Pantolon,1699,2599,%35
Erkek Giyim,Erkek Mavi Baskılı Bisiklet Yaka T-Shirt,559.99,699.99,%20
Erkek Giyim,Erkek Beyaz Çizgili Regular Fit Uzun Kollu Gömlek,1099,1399,%21
Erkek Giyim,Erkek Kırık Beyaz Baskılı Bisiklet Yaka T-Shirt,459.99,599.99,%23
Erkek Giyim,Erkek Lacivert Baskılı Resort Yaka Kısa Kollu Gömlek,999.99,1299,%23
Erkek Giyim,Erkek Siyah Çizgili Loose Fit Bisiklet Yaka T-Shirt,699.99,999.99,%30
Erkek Giyim,Erkek Ekru Regular Fit Keten Karışımlı Çizgili Uzun Kollu Gömlek,1399,1799,%22
Erkek Giyim,Erkek Ekru Regular Fit Çizgili Uzun Kollu Gömlek,1399,1799,%22
Erkek Giyim,Erkek Kırık Beyaz Comfort Fit Baskılı T-Shirt,459.99,599.99,%23
Erkek Giyim,Erkek Lacivert Çizgili Bisiklet Yaka Örme T-Shirt,899.99,1199,%25
Erkek Giyim,Erkek Haki Liyosel Karışımlı Casual Ceket,2599,3299,%21
Erkek Giyim,Erkek Ekru Regular Fit Keten Karışımlı Çizgili Uzun Kollu Gömlek,1299,1799,%28
Erkek Giyim,Erkek Ekru Baskılı Resort Yaka Kısa Kollu Liyosel Gömlek,1259,1599,%21
Erkek Giyim,Erkek Vizon Rengi Slim Fit Tekstürlü Chino Pantolon,1199,1999,%40
Erkek Giyim,Erkek Haki Liyosel Karışımlı Casual Ceket,2299,2999,%23
Erkek Giyim,Erkek Lacivert Straight Fit Bağlamalı Liyosel Pantolon,2199,2799,%21
Erkek Giyim,Erkek Kırık Beyaz Baskılı Bisiklet Yaka T-Shirt,529.99,659.99,%20
Erkek Giyim,Erkek Kırık Beyaz Baskılı Comfort Fit Bisiklet Yaka T-Shirt,499.99,659.99,%24
Erkek Giyim,Erkek Lacivert Nakışlı Bisiklet Yaka T-Shirt,599.99,799.99,%25
Erkek Giyim,Erkek Vizon Rengi Çok Cepli Düğmeli Casual Ceket,1799,2799,%36
Erkek Giyim,Erkek Lacivert Baskılı Bisiklet Yaka Kısa Kollu T-Shirt,459.99,599.99,%23
Erkek Giyim,Erkek Ekru Çizgili Dokulu Polo Yaka T-Shirt,859.99,1099,%22
Erkek Giyim,Erkek İndigo Çizgili Regular Fit Keten Karışımlı Gömlek,1699,2199,%23
Erkek Giyim,Erkek Beyaz Bisiklet Yaka Kısa Kollu Kazak,799.99,1199,%33
Erkek Giyim,Erkek Beyaz Regular Fit Hakim Yaka Uzun Kollu Keten Gömlek,1599,2199,%27
Erkek Giyim,Erkek Siyah Straight Fit Beli Lastikli Şort,1699,2199,%23
Erkek Giyim,Erkek Bej Rengi Tekstürlü Chino Şort,1699,2199,%23
Erkek Giyim,Erkek Haki Tekstürlü Slim Fit Pantolon,1399,1999,%30
Erkek Giyim,Erkek Lacivert Straight Fit Beli Lastikli Pantolon,1399,1999,%30
Erkek Giyim,Erkek Gri Tekstürlü Slim Fit Pantolon,1399,1999,%30
Erkek Giyim,Erkek Kırık Beyaz Baskılı Bisiklet Yaka T-Shirt,459.99,599.99,%23
Erkek Giyim,Erkek Kırık Beyaz Baskılı Bisiklet Yaka T-Shirt,459.99,599.99,%23
Erkek Giyim,Erkek İndigo Regular Fit Çizgili Keten Karışımlı Uzun Kollu Gömlek,1399,1799,%22
Erkek Giyim,Erkek Haki Çizgili Kısa Kollu Triko Gömlek,1299,1799,%28
Erkek Giyim,Erkek Beyaz Bisiklet Yaka Kısa Kollu Örme T-Shirt,629.99,799.99,%21
Erkek Giyim,Erkek Beyaz Nakışlı Bisiklet Yaka T-Shirt,629.99,799.99,%21
Erkek Giyim,Erkek Lacivert Baskılı Resort Yaka Kısa Kollu Gömlek,1199,1599,%25
Erkek Giyim,Erkek Ekru Baskılı Resort Yaka Keten Karışımlı Kısa Kollu Gömlek,1199,1599,%25
Erkek Giyim,Erkek Ekru Baskılı Resort Yaka Keten Karışımlı Kısa Kollu Gömlek,1199,1599,%25
Erkek Giyim,Erkek Siyah Straight Fit Beli Lastikli Pantolon,1199,1999,%40
Erkek Giyim,Erkek Turuncu Polo Yaka Kısa Kollu T-Shirt,559.99,699.99,%20
Erkek Giyim,Erkek Ekru Çizgili Regular Fit Uzun Kollu Gömlek,1099,1599,%31
Erkek Giyim,Erkek Ekru Çizgili Regular Fit Uzun Kollu Gömlek,1099,1599,%31
Erkek Giyim,Erkek Kırık Beyaz Şeritli Polo Yaka Kısa Kollu Triko Kazak,999.99,1299,%23
Erkek Giyim,Erkek Lacivert Regular Fit Dokulu Uzun Kollu Gömlek,999.99,1599,%37
Erkek Giyim,Erkek Bej Rengi Regular Fit Dokulu Uzun Kollu Gömlek,1099,1599,%31
Erkek Giyim,Erkek Beyaz Baskılı Bisiklet Yaka Kısa Kollu T-Shirt,459.99,599.99,%23
Erkek Giyim,Erkek Kırık Beyaz Baskılı Bisiklet Yaka Kısa Kollu T-Shirt,459.99,599.99,%23
Erkek Giyim,Erkek Lacivert Baskılı Bisiklet Yaka T-Shirt,459.99,599.99,%23
Erkek Giyim,Erkek Beyaz Fermuarlı Polo Yaka T-Shirt,899.99,1199,%25
Erkek Giyim,Erkek Beyaz Bisiklet Yaka Nakışlı Sweatshirt,899.99,1199,%25
Erkek Giyim,Erkek Lacivert Fermuarlı Polo Yaka T-Shirt,899.99,1199,%25
Erkek Giyim,Erkek Beyaz Loose Fit Baskılı Bisiklet Yaka T-Shirt,459.99,599.99,%23
Erkek Giyim,Erkek Beyaz Şeritli Polo Yaka T-Shirt,849.99,1099,%23
Erkek Giyim,Erkek Beyaz Bisiklet Yaka Çapa Nakışlı Sweatshirt,699.99,1199,%42
Erkek Giyim,Erkek Beyaz Polo Yaka Kısa Kollu T-Shirt,559.99,699.99,%20
Erkek Giyim,Erkek Mavi Bisiklet Yaka Kısa Kollu T-Shirt,499.99,659.99,%24
Erkek Giyim,Erkek Beyaz Bisiklet Yaka Kısa Kollu T-Shirt,499.99,659.99,%24
Erkek Giyim,Erkek Sarı Nakışlı Bisiklet Yaka T-Shirt,599.99,799.99,%25
Erkek Giyim,Erkek Beyaz Regular Fit Bisiklet Yaka T-Shirt,459.99,659.99,%30
Erkek Giyim,Erkek Beyaz Baskılı Bisiklet Yaka Kısa Kollu T-Shirt,459.99,599.99,%23
Erkek Giyim,Erkek Kırık Beyaz Baskılı Bisiklet Yaka Kısa Kollu T-Shirt,459.99,599.99,%23
Erkek Giyim,Erkek Kırık Beyaz Baskılı Bisiklet Yaka Kısa Kollu T-Shirt,459.99,599.99,%23
Erkek Giyim,Erkek Siyah Regular Fit Bisiklet Yaka T-Shirt,459.99,659.99,%30
Erkek Giyim,Erkek Lacivert Baskılı Bisiklet Yaka Kısa Kollu T-Shirt,459.99,599.99,%23
Erkek Giyim,Erkek Beyaz Baskılı Bisiklet Yaka Kısa Kollu T-Shirt,459.99,599.99,%23
Erkek Giyim,Erkek Mavi Straight Fit Beli Lastikli Şort,1699,2199,%23
Erkek Giyim,Erkek Ekru Çizgili Regular Fit Uzun Kollu Gömlek,999.99,1599,%37
Erkek Giyim,Erkek Ekru Regular Fit Çizgili Uzun Kollu Gömlek,999.99,1599,%37
Erkek Giyim,Erkek Ekru Çizgili Regular Fit Uzun Kollu Gömlek,1199,1599,%25
Erkek Giyim,Erkek Ekru Çizgili Regular Fit Uzun Kollu Gömlek,1259,1599,%21
Erkek Giyim,Erkek İndigo Liyosel Karışımlı Çizgili Regular Fit Gömlek,1099,1599,%31
Erkek Giyim,Erkek Ekru Çizgili Regular Fit Cepli Uzun Kollu Gömlek,1259,1599,%21
Erkek Giyim,Erkek Siyah Regular Fit Çizgili Uzun Kollu Gömlek,1099,1599,%31
Erkek Giyim,Erkek Bej Rengi Loose Fit Chino Pantolon,1899,2599,%27
Erkek Giyim,Erkek Beyaz Polo Yaka Kısa Kollu Kazak,1199,1599,%25
Erkek Giyim,Erkek Beyaz Nakışlı Resort Yaka Keten Karışımlı Kısa Kollu Gömlek,1199,1599,%25
Erkek Giyim,Erkek Ekru Çizgili Regular Fit Resort Yaka Kısa Kollu Gömlek,999.99,1299,%23
Erkek Giyim,Erkek Ekru Çizgili Resort Yaka Regular Fit Uzun Kollu Gömlek,1259,1599,%21
Erkek Giyim,Erkek Beyaz Loose Fit Keten Pantolon,2499,3299,%24
Erkek Giyim,Erkek İndigo Çizgili Straight Fit Bağlamalı Şort,1599,1999,%20
Erkek Giyim,Erkek Bej Rengi Çizgili Beli Bağlamalı Keten Karışımlı Şort,1699,2199,%23
Erkek Giyim,Erkek Gri Tekstürlü Chino Şort,1699,2199,%23
Erkek Giyim,Erkek Lacivert Gofre Desenli Beli Lastikli Şort,1699,2199,%23
Erkek Giyim,Erkek Lacivert Çizgili Polo Yaka Kısa Kollu Kazak,1399,1999,%30
Erkek Giyim,Erkek Beyaz Nakışlı Polo Yaka T-Shirt,849.99,1099,%23
Erkek Giyim,Erkek Beyaz Nakışlı Bisiklet Yaka T-Shirt,629.99,799.99,%21
Erkek Giyim,Erkek Bej Rengi Keten Karışımlı Beli Bağlamalı Şort,1699,2199,%23
Erkek Giyim,Erkek Beyaz Keten Karışımlı Regular Fit Kısa Kollu Gömlek,1259,1599,%21
Erkek Giyim,Erkek Mavi Keten Karışımlı Regular Fit Kısa Kollu Gömlek,1259,1599,%21
Erkek Giyim,Erkek Yeşil Baskılı Resort Yaka Kısa Kollu Gömlek,999.99,1299,%23
Erkek Giyim,Erkek Lacivert Regular Fit Tekstürlü Gömlek Ceket,1399,2299,%39
Erkek Giyim,Erkek Kemik Rengi Straight Fit Pantolon,1099,1699,%35
Erkek Giyim,Erkek Taş Rengi Regular Fit Bisiklet Yaka T-Shirt,559.99,799.99,%30
Erkek Giyim,Erkek Mavi Regular Fit Bisiklet Yaka T-Shirt,559.99,799.99,%30
Erkek Giyim,Erkek Taş Rengi Çok Cepli Örme Ceket,1399,2299,%39
Erkek Giyim,Erkek Haki Çok Cepli Örme Ceket,1399,2299,%39
Erkek Giyim,Erkek Beyaz Regular Fit Çizgili Casual Uzun Kollu Gömlek,1099,1599,%31
Erkek Giyim,Erkek Ekru Çizgili Uzun Kollu Gömlek,1399,1799,%22
Erkek Giyim,Erkek İndigo Çizgili Regular Fit Uzun Kollu Gömlek,1259,1599,%21
Erkek Giyim,Erkek Bej Rengi Çizgili Polo Yaka Kısa Kollu Triko Hırka,1299,1999,%35
Erkek Giyim,Erkek Beyaz Regular Fit Tek Cepli Uzun Kollu Gömlek,1399,1799,%22
Erkek Giyim,Erkek Lacivert Jakarlı Polo Yaka Kısa Kollu Triko Kazak,1259,1599,%21
Erkek Giyim,Erkek Mavi Bisiklet Yaka Kısa Kollu Triko Kazak,899.99,1199,%25
Erkek Giyim,Erkek Bej Rengi Beli Bağlamalı Keten Şort,2299,2999,%23
Erkek Giyim,Erkek Lacivert Modal Karışımlı Kısa Kollu Triko Kazak,899.99,1199,%25
Erkek Giyim,Erkek Ekru Çizgili Polo Yaka Kısa Kollu Triko Kazak,1399,1799,%22
Erkek Giyim,Erkek Kırık Beyaz Çizgili Regular Fit Uzun Kollu Keten Gömlek,2099,2599,%19
Erkek Giyim,Erkek Yeşil Gri Regular Fit Uzun Kollu Keten Gömlek,2099,2599,%19
Erkek Giyim,Erkek Kırık Beyaz Regular Fit Çizgili Kısa Kollu Liyosel Gömlek,1399,1799,%22
Erkek Giyim,Erkek Bej Rengi Regular Fit Keten Ceket,3199,3999,%20
Erkek Giyim,Erkek İndigo Çizgili Regular Fit Uzun Kollu Gömlek,1259,1599,%21
Erkek Giyim,Erkek Bej Rengi Regular Fit Dokulu Uzun Kollu Gömlek,1259,1599,%21
Erkek Giyim,Erkek Haki Comfort Fit Çift Cepli Uzun Kollu Gömlek,1099,1599,%31
Erkek Giyim,Erkek Hardal Rengi Çizgili Polo Yaka Kısa Kollu Triko Kazak,1099,1599,%31
Erkek Giyim,Erkek Mavi Çizgili Loose Fit Polo Yaka Kısa Kollu Triko Kazak,1099,1599,%31
Erkek Giyim,Erkek Beyaz Bisiklet Yaka Kısa Kollu T-Shirt,599.99,799.99,%25
Erkek Giyim,Erkek Ekru Regular Fit Resort Yaka Kısa Kollu Örme Gömlek,999.99,1299,%23
Erkek Giyim,Erkek Mavi Çizgili Polo Yaka Kısa Kollu T-Shirt,899.99,1199,%25
Erkek Giyim,Erkek Haki Keten Karışımlı Bisiklet Yaka T-Shirt,899.99,1199,%25
Erkek Giyim,Erkek Lacivert Regular Fit Uzun Kollu Gömlek,1259,1599,%21
Erkek Giyim,Erkek Beyaz Çizgili Regular Fit Resort Yaka Kısa Kollu Gömlek,1199,1599,%25
Erkek Giyim,Erkek İndigo Liyosel Karışımlı Resort Yaka Kısa Kollu Gömlek,1259,1599,%21
Erkek Giyim,Erkek Ekru Nakışlı Resort Yaka Keten Karışımlı Kısa Kollu Gömlek,1199,1599,%25
Erkek Giyim,Erkek Ekru Çizgili Keten Karışımlı Regular Fit Gömlek,1399,1799,%22
Erkek Giyim,Erkek Kırık Beyaz Dokulu Resort Yaka Kısa Kollu Gömlek,1259,1599,%21
Erkek Giyim,Erkek Haki Regular Fit Tekstürlü Gömlek Ceket,1399,2299,%39
Erkek Giyim,Erkek Gri Pamuk Karışımlı Slim Fit Pantolon,1399,1999,%30
Erkek Giyim,Erkek Lacivert Pamuk Karışımlı Slim Fit Pantolon,1399,1999,%30
Erkek Giyim,Erkek Beyaz Regular Fit Çizgili Uzun Kollu Gömlek,999.99,1399,%29
Erkek Giyim,Erkek Beyaz Regular Fit Uzun Kollu Gömlek,799.99,1199,%33
Erkek Giyim,Erkek Lacivert Regular Fit Dokulu Uzun Kollu Gömlek,999.99,1599,%37
Erkek Giyim,Erkek Ekru Çizgili Regular Fit Uzun Kollu Gömlek,1099,1599,%31
Erkek Giyim,Erkek Lacivert Çizgili Regular Fit Kısa Kollu Triko Gömlek,1399,1799,%22
Erkek Giyim,Erkek Ekru Keten Karışımlı Çizgili Straight Fit Pantolon,1899,2399,%21
Erkek Giyim,Erkek Siyah Polo Yaka Kısa Kollu Kazak,1199,1599,%25
Erkek Giyim,Erkek Beyaz Jakarlı Nakışlı Polo Yaka Kısa Kollu Triko Kazak,1259,1599,%21
Erkek Giyim,Erkek Mavi Regular Fit Çizgili Keten Karışımlı Uzun Kollu Gömlek,1399,1799,%22
Erkek Giyim,Erkek Beyaz Regular Fit Dokulu Uzun Kollu Gömlek,1259,1599,%21
Erkek Giyim,Erkek Siyah Straight Fit Beli Lastikli Pantolon,1399,1999,%30
Erkek Giyim,Erkek Siyah Pamuk Karışımlı Slim Fit Pantolon,1399,1999,%30
Erkek Giyim,Erkek Bej Rengi Regular Fit Düğmeli Yaka Uzun Kollu Gömlek,999.99,1599,%37
Erkek Giyim,Erkek Beyaz Regular Fit Çizgili Uzun Kollu Gömlek,1199,1599,%25
Erkek Giyim,Erkek Haki Bisiklet Yaka Kısa Kollu Kazak,799.99,1199,%33
Erkek Giyim,Erkek Taş Rengi Tapered Fit Beli Lastikli Pantolon,1699,2299,%26
Erkek Giyim,Erkek Bej Rengi Regular Fit Çizgili Uzun Kollu Gömlek,899.99,1399,%36
Erkek Giyim,Erkek Beyaz Baskılı Bisiklet Yaka Kısa Kollu T-Shirt,459.99,599.99,%23
Erkek Giyim,Erkek Kırık Beyaz Çizgili Nakışlı Sweatshirt,999.99,1399,%29
Erkek Giyim,Erkek Ekru Regular Fit Çizgili Uzun Kollu Gömlek,999.99,1599,%37
Erkek Giyim,Erkek Mavi Polo Yaka Kısa Kollu T-Shirt,559.99,699.99,%20
Erkek Giyim,Erkek Kırık Beyaz Çizgili Polo Yaka Kısa Kollu Triko Kazak,1199,1599,%25
Erkek Giyim,Erkek Mavi Regular Fit Uzun Kollu Keten Gömlek,2099,2599,%19
Erkek Giyim,Erkek Haki Polo Yaka Örme Kısa Kollu T-Shirt,999.99,1199,%17
Erkek Giyim,Erkek Beyaz Regular Fit Ekose Desenli Uzun Kollu Gömlek,999.99,1199,%17
Erkek Giyim,Erkek Gri Mavi Regular Fit Dokulu Uzun Kollu Gömlek,1099,1599,%31
Erkek Giyim,Erkek Beyaz Dokulu Çizgili Regular Fit Gömlek,899.99,1199,%25
Erkek Giyim,Erkek Sarı Baskı Detaylı Kapüşonlu Yağmurluk,2299,3299,%30
Erkek Giyim,Erkek Lacivert Nakışlı Kapüşonlu Fermuarlı Sweatshirt,999.99,1399,%29
Erkek Giyim,Erkek Kırık Beyaz Baskılı Bisiklet Yaka T-Shirt,459.99,599.99,%23
Erkek Giyim,Erkek Beyaz Comfort Fit Baskılı Kısa Kollu T-Shirt,499.99,659.99,%24
Erkek Giyim,Erkek Lacivert Regular Fit Uzun Kollu Keten Gömlek,2099,2599,%19
Erkek Giyim,Erkek Lacivert Çizgili Bisiklet Yaka T-Shirt,499.99,699.99,%29
Erkek Giyim,Erkek Lacivert Slim Fit Pantolon,899.99,1599,%44
Erkek Giyim,Erkek Vizon Rengi Slim Fit Pantolon,899.99,1599,%44
Erkek Giyim,Erkek Bej Rengi Straight Fit Beli Lastikli Pantolon,1399,1999,%30
Erkek Giyim,Erkek Kahverengi Pamuk Karışımlı Slim Fit Pantolon,1399,1999,%30
Erkek Giyim,Erkek Beyaz Regular Fit Dokulu Uzun Kollu Gömlek,999.99,1399,%29
Erkek Giyim,Erkek Ekru Regular Fit Çizgili Dokulu Uzun Kollu Gömlek,899.99,1199,%25
Erkek Giyim,Erkek Beyaz Regular Fit Dokulu Uzun Kollu Gömlek,999.99,1599,%37
Erkek Giyim,Erkek Saks Mavi Bileği Nakışlı Bisiklet Yaka Sweatshirt,799.99,1199,%33
Erkek Giyim,Erkek Beyaz Bisiklet Yaka Kısa Kollu T-Shirt,499.99,659.99,%24
Erkek Giyim,Erkek Beyaz Bisiklet Yaka Çapa Nakışlı Sweatshirt,699.99,1199,%42
Erkek Giyim,Erkek Beyaz Bisiklet Yaka İnce Kazak,899.99,1399,%36
Erkek Giyim,Erkek Haki Renk Bloklu Polo Yaka Kısa Kollu Triko Kazak,1299,1599,%19
Erkek Giyim,Erkek Yeşil Polo Yaka Kısa Kollu T-Shirt,559.99,699.99,%20
Erkek Giyim,Erkek Yeşil Polo Yaka Kısa Kollu T-Shirt,559.99,699.99,%20
Erkek Giyim,Erkek Beyaz Regular Fit Uzun Kollu Keten Gömlek,2099,2599,%19
Erkek Giyim,Erkek Yeşil Polo Yaka Örme Kısa Kollu T-Shirt,999.99,1199,%17
Erkek Giyim,Erkek Bej Rengi Kapüşonlu Çok Cepli Yağmurluk,2599,3299,%21
Erkek Giyim,Erkek Vizon Rengi Straight Fit Chino Pantolon,1899,2599,%27
Erkek Giyim,Erkek Lacivert Marin Baskılı Bisiklet Yaka T-Shirt,459.99,599.99,%23
Erkek Giyim,Erkek Haki Regular Fit Uzun Kollu Casual Gömlek,999.99,1599,%37
Erkek Giyim,Erkek Beyaz Çizgili Bisiklet Yaka Oversize T-Shirt,659.99,899.99,%27
Erkek Giyim,Erkek Beyaz Nakışlı Polo Yaka T-Shirt,759.99,999.99,%24
Erkek Giyim,Erkek Haki Tapered Fit Cepli Pantolon,1699,2799,%39
Erkek Giyim,Erkek Lacivert Kapitoneli Desenli Casual Ceket,2799,3999,%30
Erkek Giyim,Erkek Mavi Regular Fit Uzun Kollu Gömlek,1199,1599,%25
Erkek Giyim,Erkek Bej Rengi Keten Karışımlı Casual Ceket,2299,3599,%36
Erkek Giyim,Erkek Mavi Fermuarlı Casual Ceket,2299,2999,%23
Erkek Giyim,Erkek Beyaz Marin Baskılı Bisiklet Yaka T-Shirt,459.99,599.99,%23
Erkek Giyim,Erkek Beyaz Straight Fit Keten Pantolon,2199,2799,%21
Erkek Giyim,Erkek Yeşil Nakışlı Polo Yaka T-Shirt,699.99,899.99,%22
Erkek Giyim,Erkek Taş Rengi Straight Fit Chino Pantolon,1899,2599,%27
Erkek Giyim,Erkek Vizon Rengi Hakim Yaka Casual Uzun Kollu Gömlek,899.99,1199,%25
Erkek Giyim,Erkek Ekru Hakim Yaka Casual Uzun Kollu Gömlek,899.99,1199,%25
Erkek Giyim,Erkek Yeşil Relax Fit Dikiş Detaylı Bisiklet Yaka T-Shirt,599.99,799.99,%25
Erkek Giyim,Erkek Lacivert Loose Fit Beli Bağlamalı Pantolon,1699,2399,%29
Erkek Giyim,Erkek İndigo Çizgili Cepli Casual Ceket,1699,2599,%35
Erkek Giyim,Erkek Mavi Kapüşonlu Fermuarlı Ceket,1599,2599,%38
Erkek Giyim,Erkek Lacivert Nakışlı Polo Yaka T-Shirt,759.99,999.99,%24
Erkek Giyim,Erkek Yeşil Nakışlı Polo Yaka T-Shirt,699.99,899.99,%22
Erkek Giyim,Erkek Gri Mavi Nakışlı Polo Yaka T-Shirt,699.99,899.99,%22
Erkek Giyim,Erkek İndigo Çizgili Hakim Yaka Uzun Kollu Gömlek,1399,1799,%22
Erkek Giyim,Erkek İndigo Çizgili Regular Fit Uzun Kollu Gömlek,1399,1799,%22
Erkek Giyim,Erkek Beyaz Mitolojik Baskılı Bisiklet Yaka T-Shirt,459.99,599.99,%23
Erkek Giyim,Erkek Beyaz Marin Baskılı Bisiklet Yaka T-Shirt,459.99,599.99,%23
Erkek Giyim,Erkek Lacivert Straight Fit Şort,1299,1599,%19
Erkek Giyim,Erkek Lacivert Loose Fit Kapüşonlu Örme Sweatshirt,659.99,1199,%45
Erkek Giyim,Erkek Lacivert Çizgili Resort Yaka Regular Fit Kısa Kollu Gömlek,1259,1599,%21
Erkek Giyim,Erkek Yeşil Henley Yaka Kısa Kollu T-Shirt,599.99,799.99,%25
Erkek Giyim,Erkek Mavi Henley Yaka Kısa Kollu T-Shirt,599.99,799.99,%25
Erkek Giyim,Erkek Yeşil Gri Bisiklet Yaka Kısa Kollu Oversize T-Shirt,599.99,799.99,%25
Erkek Giyim,Erkek Taş Rengi Henley Yaka Kısa Kollu T-Shirt,599.99,799.99,%25
Erkek Giyim,Erkek Haki Loose Fit Kısa Kollu Örme Gömlek,1259,1599,%21
Erkek Giyim,Erkek Ekru Regular Fit Dokulu Çizgili Uzun Kollu Gömlek,999.99,1599,%37
Erkek Giyim,Erkek Beyaz Baskılı Oversize Bisiklet Yaka T-Shirt,499.99,659.99,%24
Erkek Giyim,Erkek Bej Rengi Bisiklet Yaka Loose Fit Kısa Kollu T-Shirt,499.99,659.99,%24
Erkek Giyim,Erkek Gri Mavi Regular Fit Dokulu Uzun Kollu Gömlek,899.99,1399,%36
Erkek Giyim,Erkek Ekru Çizgili Bisiklet Yaka Kısa Kollu Triko Kazak,899.99,1399,%36
Erkek Giyim,Erkek Mavi Bisiklet Yaka Fitilli Sweatshirt,899.99,1399,%36
Erkek Giyim,Erkek Beyaz Regular Fit Dokulu Uzun Kollu Gömlek,799.99,1199,%33
Erkek Giyim,Erkek Ekru Melanj Loose Fit Fermuarlı Dik Yaka Sweatshirt,759.99,1399,%46
Erkek Giyim,Erkek Pembe Relax Fit Dikiş Detaylı Bisiklet Yaka T-Shirt,599.99,799.99,%25
Erkek Giyim,Erkek Mavi Loose Fit Çizgili Bisiklet Yaka T-Shirt,549.99,699.99,%21
Erkek Giyim,Erkek Vizon Rengi Baskılı Oversize Bisiklet Yaka T-Shirt,529.99,659.99,%20
Erkek Giyim,Erkek Beyaz Baskılı Bisiklet Yaka T-Shirt,529.99,659.99,%20
Erkek Giyim,Erkek Siyah Baskılı Bisiklet Yaka Kısa Kollu T-Shirt,459.99,659.99,%30
Erkek Giyim,Erkek Beyaz Mitolojik Baskılı Bisiklet Yaka T-Shirt,459.99,599.99,%23
Erkek Giyim,Erkek Beyaz Marin Baskılı Bisiklet Yaka T-Shirt,429.99,599.99,%28
Erkek Giyim,Erkek Siyah Baskılı Bisiklet Yaka Kısa Kollu T-Shirt,429.99,659.99,%35
Erkek Giyim,Erkek Lacivert Baskılı Oversize Bisiklet Yaka T-Shirt,459.99,659.99,%30
Erkek Giyim,Erkek Beyaz Kısa Kollu Bisiklet Yaka T-Shirt,349.99,459.99,%24
Erkek Giyim,Erkek Yeşil Gri Straight Fit Şort,1299,1599,%19
Erkek Giyim,Erkek Taş Rengi Bisiklet Yaka Kısa Kollu Kazak,899.99,1199,%25
Erkek Giyim,Erkek Hardal Bisiklet Yaka Kısa Kollu Kazak,899.99,1199,%25
Erkek Giyim,Erkek Bej Rengi Loose Fit Beli Bağlamalı Pantolon,1699,2399,%29
Erkek Giyim,Erkek Ekru Çizgili Beli Lastikli Şort,1699,2199,%23
Erkek Giyim,Erkek Ekru Regular Fit Resort Yaka Çizgili Kısa Kollu Gömlek,1259,1599,%21
Erkek Giyim,Erkek Kırık Beyaz Çizgili Beli Lastikli Şort,1699,2199,%23
Erkek Giyim,Erkek Taş Rengi Slim Fit Pantolon,1299,1699,%24
Erkek Giyim,Erkek Lacivert Çizgili Bisiklet Yaka Kazak,899.99,1599,%44
Erkek Giyim,Erkek Kiremit Rengi Çizgili Oversize Kısa Kollu T-Shirt,999.99,1299,%23
Erkek Giyim,Erkek Haki Straight Fit Chino Pantolon,1899,2599,%27
Erkek Giyim,Erkek Bej Rengi Cepli Kargo Pantolon,2199,2799,%21
Erkek Giyim,Erkek Yeşil Çizgili Kısa Kollu Triko Kazak,799.99,1199,%33
Erkek Giyim,Erkek Ekru Çizgili Regular Fit Uzun Kollu Gömlek,1299,1799,%28
Erkek Giyim,Erkek Ekru Çizgili Regular Fit Uzun Kollu Gömlek,1099,1599,%31
Erkek Giyim,Erkek Yeşil Gri Bisiklet Yaka Kısa Kollu Kazak,899.99,1199,%25
Erkek Giyim,Erkek Mavi Bisiklet Yaka Kısa Kollu Kazak,899.99,1199,%25
Erkek Giyim,Erkek Beyaz Marin Baskılı Bisiklet Yaka T-Shirt,459.99,599.99,%23
Erkek Giyim,Erkek Ekru Çizgili Resort Yaka Kısa Kollu Gömlek,1259,1599,%21
Erkek Giyim,Erkek Mavi Regular Fit Keten Karışımlı Çizgili Kısa Kollu Gömlek,1299,1799,%28
Erkek Giyim,Erkek Bej Rengi Straight Fit Dokulu Beli Bağlamalı Pantolon,1899,2399,%21
Erkek Giyim,Erkek Beyaz Regular Fit Keten Karışımlı Çizgili Kısa Kollu Gömlek,1259,1599,%21
Erkek Giyim,Erkek Ekru Çizgili Resort Yaka Regular Fit Kısa Kollu Gömlek,1259,1599,%21
Erkek Giyim,Erkek Ekru Çizgili Regular Fit Uzun Kollu Gömlek,1259,1599,%21
Erkek Giyim,Erkek Ekru Çizgili Regular Fit Resort Yaka Kısa Kollu Gömlek,1099,1599,%31
Erkek Giyim,Erkek Ekru Çizgili Resort Yaka Kısa Kollu Gömlek,1259,1599,%21
Erkek Giyim,Erkek Bej Rengi Straight Fit Çizgili Chino Şort,1599,1999,%20
Erkek Giyim,Erkek Beyaz Resort Yaka Dokulu Kısa Kollu Gömlek,999.99,1299,%23
Erkek Giyim,Erkek Siyah Resort Yaka Dokulu Kısa Kollu Gömlek,999.99,1299,%23
Erkek Giyim,Erkek Haki Jakarlı Desenli Kısa Kollu Örme Gömlek,1259,1599,%21
Erkek Giyim,Erkek Haki Regular Fit Kısa Kollu Triko Gömlek,1099,1599,%31
Erkek Giyim,Erkek Lacivert Baskılı Regular Fit Resort Yaka Kısa Kollu Gömlek,999.99,1299,%23
Erkek Giyim,Erkek Beyaz Resort Yaka Kısa Kollu Gömlek,1259,1599,%21
Erkek Giyim,Erkek Bej Rengi Resort Yaka Kısa Kollu Gömlek,1259,1599,%21
Erkek Giyim,Erkek Lacivert Baskılı Resort Yaka Kısa Kollu Gömlek,999.99,1299,%23
Erkek Giyim,Erkek Yeşil Baskılı Resort Yaka Kısa Kollu Gömlek,999.99,1299,%23
Erkek Giyim,Erkek Bej Rengi Çizgili Bisiklet Yaka T-Shirt,699.99,999.99,%30
Erkek Giyim,Erkek Ekru Çizgili Resort Yaka Kısa Kollu Gömlek,1099,1399,%21
Erkek Giyim,Erkek Gri Slim Fit Pantolon,1299,1699,%24
Erkek Giyim,Erkek Mavi Slim Fit Pantolon,1299,1699,%24
Erkek Giyim,Erkek Vizon Rengi Pamuklu Slim Fit Pantolon,1299,1699,%24
Erkek Giyim,Erkek Ekru Dokulu Çizgili Regular Fit Gömlek,1099,1399,%21
Erkek Giyim,Erkek Ekru Regular Fit Dokulu Çizgili Gömlek,1099,1399,%21
Erkek Giyim,Erkek Vizon Rengi Kargo Pantolon,1899,2799,%32
Erkek Giyim,Erkek Yeşil Gri Straight Fit Beli Bağlamalı Pantolon,1799,2399,%25
Erkek Giyim,Erkek Ekru Çizgili Uzun Kollu Regular Fit Gömlek,999.99,1399,%29
Erkek Giyim,Erkek Hardal Comfort Fit Çizgili Uzun Kollu Gömlek,999.99,1599,%37
Erkek Giyim,Erkek Vizon Rengi Regular Fit Çift Cepli Uzun Kollu Gömlek,1499,2199,%32
Erkek Giyim,Erkek Yeşil Oversize Bisiklet Yaka T-Shirt,599.99,799.99,%25
Erkek Giyim,Erkek Yeşil Çizgili Oversize Bisiklet Yaka T-Shirt,699.99,899.99,%22
Erkek Giyim,Erkek Yeşil Regular Fit Dokulu Uzun Kollu Gömlek,899.99,1399,%36
Erkek Giyim,Erkek Ekru Regular Fit Dokulu Çizgili Uzun Kollu Gömlek,1099,1599,%31
Erkek Giyim,Erkek Hardal Çizgili Bisiklet Yaka Kısa Kollu Triko Kazak,899.99,1199,%25
Erkek Giyim,Erkek Mavi Bisiklet Yaka Loose Fit Kısa Kollu T-Shirt,499.99,659.99,%24
Erkek Giyim,Erkek Kahverengi Pamuklu Slim Fit Pantolon,1299,1699,%24
Erkek Giyim,Erkek Kiremit Rengi Regular Fit Dokulu Uzun Kollu Gömlek,899.99,1399,%36
Erkek Giyim,Erkek Haki Trucker Ceket,1999,2599,%23
Erkek Giyim,Erkek Siyah Regular Fit Uzun Kollu Gömlek,1199,1599,%25
Erkek Giyim,Erkek İndigo Çok Cepli Jean Ceket,2099,2999,%30
Erkek Giyim,Erkek Taş Rengi Bisiklet Yaka Fitilli Sweatshirt,899.99,1399,%36
Erkek Giyim,Erkek Gri Mavi Bisiklet Yaka Kısa Kollu Oversize T-Shirt,599.99,799.99,%25
Erkek Giyim,Erkek Beyaz Mitolojik Baskılı Bisiklet Yaka T-Shirt,459.99,599.99,%23
Erkek Giyim,Erkek Yeşil Gri Straight Fit Beli Bağlamalı Pantolon,1799,2399,%25
Erkek Giyim,Erkek İndigo Slim Fit Jean Pantolon,1299,1699,%24
Erkek Giyim,Erkek Haki Çift Taraflı Kapitoneli Yelek,1799,2599,%31
Erkek Giyim,Erkek İndigo Slim Straight Fit Jean Pantolon,1599,1999,%20
Erkek Giyim,Erkek Yeşil Gri Regular Fit Uzun Kollu Gömlek,1199,1599,%25
Erkek Giyim,Erkek Lacivert Loose Fit Beli Lastikli Pantolon,1499,2299,%35
Erkek Giyim,Erkek Beyaz Baskılı Bisiklet Yaka Kısa Kollu T-Shirt,459.99,599.99,%23
Erkek Giyim,Erkek Gri Mavi Mitolojik Baskılı Oversize Sweatshirt,899.99,1399,%36
Erkek Giyim,Erkek Siyah Regular Fit Blazer Ceket,2099,3599,%42
Erkek Giyim,Erkek Mavi Regular Fit Casual Gömlek,1299,1799,%28
Erkek Giyim,Erkek Taş Rengi Keten Karışımlı Regular Fit Ceket,1999,2999,%33
Erkek Giyim,Erkek Beyaz Hakim Yaka Regular Fit Keten Gömlek,1699,2199,%23
Erkek Giyim,Erkek Kırık Beyaz Çizgili Regular Fit Gömlek,1259,1599,%21
Erkek Giyim,Erkek Bej Rengi Keten Karışımlı Regular Fit Gömlek,1099,1599,%31
Erkek Giyim,Erkek Bej Rengi Bisiklet Yaka Pamuk Kazak,999.99,1399,%29
Erkek Giyim,Erkek Yeşil Polo Yaka Çizgili T-Shirt,1399,1999,%30
Erkek Giyim,Erkek Lacivert Bisiklet Yaka Pamuk Kazak,999.99,1399,%29
Erkek Giyim,Erkek Mavi Keten Regular Fit Gömlek,1999,2599,%23
Erkek Giyim,Erkek İndigo Bağlamalı Straight Fit Şort,1599,2199,%27
Erkek Giyim,Erkek Yeşil Bisiklet Yaka Keten T-Shirt,1099,1599,%31
Erkek Giyim,Erkek Bej Rengi Bisiklet Yaka Keten T-Shirt,1099,1599,%31
Erkek Giyim,Erkek Bej Rengi Modal Karışımlı Regular Fit Gömlek,1799,2599,%31
Erkek Giyim,Erkek Yeşil Polo Yaka Çizgili T-Shirt,899.99,1199,%25
Erkek Giyim,Erkek Bej Rengi Pamuklu Bisiklet Yaka Kısa Kollu T-Shirt,599.99,799.99,%25
Erkek Giyim,Erkek Lacivert Modal Karışımlı Regular Fit Gömlek,1799,2599,%31
Erkek Giyim,Erkek Beyaz Regular Fit Casual Gömlek,1299,1799,%28
Erkek Giyim,Erkek Beyaz Keten Karışımlı Regular Fit Gömlek,1099,1599,%31
Erkek Giyim,Erkek Beyaz Çizgili Bisiklet Yaka T-Shirt,499.99,699.99,%29
Erkek Giyim,Erkek Beyaz Nakışlı Polo Yaka T-Shirt,799.99,1099,%27
Erkek Giyim,Erkek Lacivert Polo Yaka Çizgili T-Shirt,1399,1999,%30
Erkek Giyim,Erkek Beyaz Pamuklu Bisiklet Yaka Kısa Kollu T-Shirt,599.99,799.99,%25
Erkek Giyim,Erkek Mavi Bisiklet Yaka T-Shirt,429.99,599.99,%28
Erkek Giyim,Erkek Ekru Çizgili Regular Fit Gömlek,1099,1599,%31
Erkek Giyim,Erkek Kırık Beyaz Çizgili Regular Fit Gömlek,1099,1599,%31
Erkek Giyim,Erkek Kırık Beyaz Çizgili Regular Fit Gömlek,999.99,1399,%29
Erkek Giyim,Erkek Beyaz Çizgili Regular Fit Kısa Kollu Gömlek,1259,1599,%21
Erkek Giyim,Erkek İndigo Straight Fit Bağlamalı Şort,1299,1799,%28
Erkek Giyim,Erkek İndigo Keten Karışımlı Hakim Yaka Regular Fit Gömlek,1399,1799,%22
Erkek Giyim,Erkek İndigo Etnik Baskılı Bisiklet Yaka T-Shirt,459.99,659.99,%30
Erkek Giyim,Erkek Siyah V Yaka Kısa Kollu T-Shirt,399.99,529.99,%25
Erkek Giyim,Erkek Siyah Hakim Yaka Regular Fit Keten Gömlek,1699,2199,%23
Erkek Giyim,Erkek Beyaz V Yaka Kısa Kollu T-Shirt,399.99,529.99,%25
Erkek Giyim,Erkek Kırık Beyaz Comfort Fit Baskılı Bisiklet Yaka T-Shirt,499.99,659.99,%24
Erkek Giyim,Erkek Kırık Beyaz Oversize Modal Bisiklet Yaka T-Shirt,1299,1999,%35
Erkek Giyim,Erkek Kırık Beyaz Baskılı Bisiklet Yaka T-Shirt,459.99,599.99,%23
Erkek Giyim,Erkek Bej Rengi Keten Karışımlı Baskılı Resort Yaka Kısa Kollu Gömlek,1259,1599,%21
Erkek Giyim,Erkek Bej Rengi Regular Fit Uzun Kollu Keten Karışımlı Gömlek,1299,1799,%28
Erkek Giyim,Erkek Beyaz Baskılı Bisiklet Yaka T-Shirt,459.99,599.99,%23
Erkek Giyim,Erkek Bej Rengi Liyosel Karışımlı Fermuarlı Ceket,2199,2999,%27
Erkek Giyim,Erkek Lacivert Modal Karışımlı Bisiklet Yaka Kısa Kollu Kazak,1099,1599,%31
Erkek Giyim,Erkek Kırık Beyaz Baskılı Bisiklet Yaka T-Shirt,459.99,599.99,%23
Erkek Giyim,Erkek Beyaz Baskılı Bisiklet Yaka T-Shirt,459.99,599.99,%23
Erkek Giyim,Erkek Haki Bağlamalı Loose Fit Pantolon,2099,2799,%25
Erkek Giyim,Erkek Taş Rengi Bisiklet Yaka Sweatshirt,699.99,1199,%42
Erkek Giyim,Erkek Lacivert V Yaka Kısa Kollu T-Shirt,399.99,529.99,%25
Erkek Giyim,Erkek Siyah Bisiklet Yaka Kısa Kollu T-Shirt,399.99,529.99,%25
Erkek Giyim,Erkek Lacivert Regular Fit Çizgili Uzun Kollu Keten Gömlek,1899,2399,%21
Erkek Giyim,Erkek Lacivert Straight Fit Chino Şort,1699,2199,%23
Erkek Giyim,Erkek Bej Rengi Regular Fit Trucker Ceket,1699,2599,%35
Erkek Giyim,Erkek Yeşil Çizgili Nakışlı Bisiklet Yaka T-Shirt,799.99,999.99,%20
Erkek Giyim,Erkek Gri Mavi Tekstürlü Slim Fit Pantolon,1599,1999,%20
Erkek Giyim,Erkek Kırık Beyaz Baskılı Bisiklet Yaka T-Shirt,459.99,599.99,%23
Erkek Giyim,Erkek Ekru Çizgili Bisiklet Yaka T-Shirt,759.99,999.99,%24
Erkek Giyim,Erkek Beyaz Baskılı Comfort Fit Bisiklet Yaka T-Shirt,499.99,599.99,%17
Erkek Giyim,Erkek Beyaz Baskılı Bisiklet Yaka T-Shirt,459.99,599.99,%23
Erkek Giyim,Erkek Beyaz Baskılı Bisiklet Yaka T-Shirt,459.99,599.99,%23
Erkek Giyim,Erkek Beyaz Nakışlı Bisiklet Yaka T-Shirt,599.99,799.99,%25
Erkek Giyim,Erkek Lacivert Çizgili Polo Yaka Kısa Kollu Triko Kazak,1199,1599,%25
Erkek Giyim,Erkek Ekru Çizgili Regular Fit Uzun Kollu Gömlek,1099,1599,%31
Erkek Giyim,Erkek Mavi Keten Karışımlı Regular Fit Gömlek,1099,1599,%31
Erkek Giyim,Erkek Mavi Keten Karışımlı Regular Fit Gömlek,1099,1599,%31
Erkek Giyim,Erkek Siyah Regular Fit Uzun Kollu Casual Gömlek,999.99,1399,%29
Erkek Giyim,Erkek Siyah Regular Fit Uzun Kollu Casual Gömlek,999.99,1399,%29
Erkek Giyim,Erkek Beyaz Baskılı Bisiklet Yaka T-Shirt,459.99,599.99,%23
Erkek Giyim,Erkek Kırık Beyaz Baskılı Bisiklet Yaka T-Shirt,459.99,599.99,%23
Erkek Giyim,Erkek Beyaz Bisiklet Yaka Kısa Kollu Triko Kazak,899.99,1199,%25
Erkek Giyim,Erkek Kırık Beyaz Keten Karışımlı Bisiklet Yaka T-Shirt,899.99,1199,%25
Erkek Giyim,Erkek Lacivert Çizgili Bisiklet Yaka T-Shirt,699.99,999.99,%30
Erkek Giyim,Erkek Mavi Bisiklet Yaka Kısa Kollu Örme T-Shirt,629.99,799.99,%21
Erkek Giyim,Erkek Yeşil Regular Fit Bisiklet Yaka T-Shirt,559.99,799.99,%30
Erkek Giyim,Erkek Pembe Polo Yaka Kısa Kollu T-Shirt,559.99,699.99,%20
Erkek Giyim,Erkek Beyaz Baskılı Bisiklet Yaka Kısa Kollu T-Shirt,549.99,699.99,%21
Erkek Giyim,Erkek Kırık Beyaz Loose Fit Baskılı Bisiklet Yaka T-Shirt,529.99,699.99,%24
Erkek Giyim,Erkek Beyaz Baskılı Bisiklet Yaka Kısa Kollu T-Shirt,459.99,599.99,%23
Erkek Giyim,Erkek Beyaz Baskılı Bisiklet Yaka T-Shirt,459.99,599.99,%23
Erkek Giyim,Erkek Lacivert Baskılı Bisiklet Yaka T-Shirt,459.99,599.99,%23
Erkek Giyim,Erkek Kırık Beyaz Baskılı Regular Fit Bisiklet Yaka T-Shirt,459.99,599.99,%23
Erkek Giyim,Erkek Lacivert Baskılı Bisiklet Yaka Kısa Kollu T-Shirt,399.99,599.99,%33
Erkek Giyim,Erkek Kırık Beyaz Baskılı Bisiklet Yaka Kısa Kollu T-Shirt,399.99,599.99,%33
Erkek Giyim,Erkek Kırık Beyaz Straight Fit Chino Şort,1699,2199,%23
Erkek Giyim,Erkek Mavi Çizgili Kısa Kollu Gömlek,1099,1599,%31
Erkek Giyim,Erkek Yeşil Regular Fit Keten Gömlek,1259,1599,%21
Erkek Giyim,Erkek Bej Rengi Slim Fit Pantolon,1199,1699,%29
Erkek Giyim,Erkek Ekru Çizgili Regular Fit Uzun Kollu Gömlek,1299,1799,%28
Erkek Giyim,Erkek Ekru Regular Fit Çizgili Uzun Kollu Gömlek,1199,1799,%33
Erkek Giyim,Erkek Ekru Regular Fit Çizgili Uzun Kollu Gömlek,1099,1599,%31
Erkek Giyim,Erkek Kırık Beyaz Straight Fit Pantolon,1199,1799,%33
Erkek Giyim,Erkek Siyah Tapered Fit Beli Lastikli Pantolon,1899,2399,%21
Erkek Giyim,Erkek Lacivert Tapered Fit Beli Lastikli Pantolon,1899,2399,%21
Erkek Giyim,Erkek Lacivert Straight Fit Beli Lastikli Şort,1699,2199,%23
Erkek Giyim,Erkek Ekru Regular Fit Resort Yaka Çizgili Kısa Kollu Gömlek,1259,1599,%21
Erkek Giyim,Erkek Ekru Regular Fit Çizgili Uzun Kollu Gömlek,1259,1599,%21
Erkek Giyim,Erkek Lacivert Çizgili Regular Fit Resort Yaka Uzun Kollu Gömlek,1299,1599,%19
Erkek Giyim,Erkek Ekru Çizgili Regular Fit Uzun Kollu Gömlek,1299,1599,%19
Erkek Giyim,Erkek Gri Straight Fit Beli Bağlamalı Keten Şort,2099,2599,%19
Erkek Giyim,Erkek Kemik Rengi Keten Karışımlı Chino Şort,1699,2199,%23
Erkek Giyim,Erkek İndigo Straight Fit Çizgili Chino Şort,1699,2199,%23
Erkek Giyim,Erkek Ekru Straight Fit Çizgili Chino Şort,1899,2399,%21
Erkek Giyim,Erkek Ekru Straight Fit Çizgili Chino Şort,1899,2399,%21
Erkek Giyim,Erkek Kırık Beyaz Straight Fit Beli Lastikli Şort,1599,1999,%20
Erkek Giyim,Erkek Bej Rengi Straight Fit Beli Lastikli Şort,1599,1999,%20
Erkek Giyim,Erkek Yeşil Çizgili Polo Yaka Kısa Kollu Kazak,1399,1999,%30
Erkek Giyim,Erkek Beyaz Polo Yaka Örme Kısa Kollu T-Shirt,999.99,1199,%17
Erkek Giyim,Erkek Mavi Polo Yaka Örme Kısa Kollu T-Shirt,999.99,1199,%17
Erkek Giyim,Erkek Ekru Çizgili Bisiklet Yaka T-Shirt,799.99,999.99,%20
Erkek Giyim,Erkek Lacivert Çizgili Nakışlı Bisiklet Yaka T-Shirt,799.99,999.99,%20
Erkek Giyim,Erkek Ekru Çizgili Resort Yaka Kısa Kollu Gömlek,1099,1599,%31
Erkek Giyim,Erkek Mavi Regular Fit Bisiklet Yaka T-Shirt,559.99,799.99,%30
Erkek Giyim,Erkek Yeşil Regular Fit Bisiklet Yaka T-Shirt,559.99,799.99,%30
Erkek Giyim,Erkek Kırık Beyaz Kısa Kollu Triko Gömlek,1299,1999,%35
Erkek Giyim,Erkek Ekru Regular Fit Çizgili Uzun Kollu Gömlek,999.99,1599,%37
Erkek Giyim,Erkek Yeşil Gri Regular Fit Uzun Kollu Gömlek,1599,1999,%20
Erkek Giyim,Erkek Mavi Regular Fit Uzun Kollu Gömlek,1599,1999,%20
Erkek Giyim,Erkek Lacivert Regular Fit Casual Ceket,1799,2299,%22
Erkek Giyim,Erkek Mavi Keten Karışımlı Bisiklet Yaka T-Shirt,699.99,999.99,%30
Erkek Giyim,Erkek Lacivert Liyosel Casual Ceket,2999,3999,%25
Erkek Giyim,Erkek Siyah Straight Fit Beli Bağlamalı Liyosel Pantolon,2199,2799,%21
Erkek Giyim,Erkek Lacivert Çizgili Regular Fit Kısa Kollu Triko Gömlek,1399,1799,%22
Erkek Giyim,Erkek Ekru Regular Fit Resort Yaka Çizgili Kısa Kollu Gömlek,1259,1599,%21
Erkek Giyim,Erkek Yeşil Gri Regular Fit Dokulu Uzun Kollu Gömlek,1259,1599,%21
Erkek Giyim,Erkek Ekru Loose Fit Polo Yaka Kısa Kollu Triko Kazak,1259,1599,%21
Erkek Giyim,Erkek Kırık Beyaz Straight Fit Beli Bağlamalı Şort,1699,2199,%23
Erkek Giyim,Erkek Lacivert Straight Fit Beli Bağlamalı Şort,1699,2199,%23
Erkek Giyim,Erkek Beyaz Çizgili Bisiklet Yaka Örme T-Shirt,899.99,1199,%25
Erkek Giyim,Erkek Yeşil Gri Çizgili Bisiklet Yaka T-Shirt,699.99,999.99,%30
Erkek Giyim,Erkek Gri Regular Fit Beli Bağlamalı Kısa Şort,999.99,1199,%17
Erkek Giyim,Erkek Beyaz Regular Fit Uzun Kollu Gömlek,1259,1599,%21
Erkek Giyim,Erkek Beyaz Regular Fit Çizgili Uzun Kollu Keten Gömlek,1699,2199,%23
Erkek Giyim,Erkek Beyaz Baskılı Resort Yaka Kısa Kollu Gömlek,1259,1599,%21
Erkek Giyim,Erkek Lacivert Baskılı Resort Yaka Kısa Kollu Gömlek,1259,1599,%21
Erkek Giyim,Erkek Mavi Çizgili Resort Yaka Kısa Kollu Gömlek,1199,1599,%25
Erkek Giyim,Erkek Siyah Keten Karışımlı Regular Fit Gömlek,1099,1599,%31
Erkek Giyim,Erkek Siyah Regular Fit Uzun Kollu Casual Gömlek,999.99,1399,%29
Erkek Giyim,Erkek Lacivert Çizgili Regular Fit Uzun Kollu Gömlek,1259,1599,%21
Erkek Giyim,Erkek Lacivert Polo Yaka Kısa Kollu Kazak,1199,1599,%25
Erkek Giyim,Erkek İndigo Keten Karışımlı Bisiklet Yaka T-Shirt,699.99,999.99,%30
Erkek Giyim,Erkek Kemik Rengi Keten Karışımlı Loose Fit Pantolon,1999,2599,%23
Erkek Giyim,Erkek Taş Rengi Straight Fit Beli Bağlamalı Şort,1699,2199,%23
Erkek Giyim,Erkek Mavi Regular Fit Resort Yaka Kısa Kollu Gömlek,1299,1599,%19
Erkek Giyim,Erkek Kemik Rengi Tekstürlü Slim Fit Pantolon,1599,1999,%20
Erkek Giyim,Erkek Lacivert Tekstürlü Slim Fit Pantolon,1399,1999,%30
Erkek Giyim,Erkek Beyaz Regular Fit V Yaka T-Shirt,359.99,459.99,%22
Erkek Giyim,Erkek Siyah Regular Fit Uzun Kollu Gömlek,1399,1799,%22
Erkek Giyim,Erkek Lacivert Regular Fit Uzun Kollu Gömlek,1399,1799,%22
Erkek Giyim,Erkek Taş Rengi Polo Yaka Örme Kısa Kollu T-Shirt,999.99,1199,%17
Erkek Giyim,Erkek Haki Straight Fit Beli Lastikli Pantolon,1399,1999,%30
Erkek Giyim,Erkek Bej Rengi Polo Yaka Kısa Kollu T-Shirt,559.99,699.99,%20
Erkek Giyim,Erkek Beyaz Regular Fit Uzun Kollu Gömlek,899.99,1399,%36
Erkek Giyim,Erkek Haki Tekstürlü Slim Fit Pantolon,1599,1999,%20
Erkek Giyim,Erkek Beyaz Baskılı Bisiklet Yaka Kısa Kollu T-Shirt,549.99,699.99,%21
Erkek Giyim,Erkek Siyah Regular Fit V Yaka T-Shirt,359.99,459.99,%22
Erkek Giyim,Erkek Beyaz Bisiklet Yaka Kısa Kollu T-Shirt,399.99,529.99,%25
Erkek Giyim,Erkek Kiremit Rengi Nakışlı Polo Yaka T-Shirt,699.99,899.99,%22
Erkek Giyim,Erkek Bej Rengi Regular Fit Casual Ceket,2399,3299,%27
Erkek Giyim,Erkek Beyaz Marin Baskılı Oversize Bisiklet Yaka T-Shirt,459.99,599.99,%23
Erkek Giyim,Erkek Ekru Baskılı Resort Yaka Kısa Kollu Gömlek,1199,1599,%25
Erkek Giyim,Erkek Haki Liyosel Karışımlı Çok Cepli Casual Ceket,2799,3599,%22
Erkek Giyim,Erkek Mavi Loose Fit Jean Pantolon,1399,1999,%30
Erkek Giyim,Erkek Mavi Çizgili Bisiklet Yaka T-Shirt,799.99,999.99,%20
Erkek Giyim,Erkek Yeşil Bisiklet Yaka Kısa Kollu T-Shirt,459.99,599.99,%23
Erkek Giyim,Erkek Yeşil Gri Straight Fit Bağlamalı Pantolon,1099,1799,%39
Erkek Giyim,Erkek Beyaz Marin Baskılı Bisiklet Yaka T-Shirt,499.99,599.99,%17
Erkek Giyim,Erkek Mavi Regular Fit Uzun Kollu Casual Gömlek,999.99,1599,%37
Erkek Giyim,Erkek İndigo Düğmeli Henley Yaka T-Shirt,629.99,799.99,%21
Erkek Giyim,Erkek Siyah Henley Yaka Kısa Kollu T-Shirt,599.99,799.99,%25
Erkek Giyim,Erkek Taş Rengi Marin Baskılı Oversize Bisiklet Yaka T-Shirt,549.99,699.99,%21
Erkek Giyim,Erkek Mavi Nakışlı Polo Yaka T-Shirt,759.99,999.99,%24
Erkek Giyim,Erkek Bej Rengi Nakışlı Oversize Bisiklet Yaka T-Shirt,699.99,899.99,%22
Erkek Giyim,Erkek Beyaz Baskılı Bisiklet Yaka T-Shirt,459.99,599.99,%23
Erkek Giyim,Erkek Beyaz Baskılı Bisiklet Yaka Kısa Kollu T-Shirt,459.99,599.99,%23
Erkek Giyim,Erkek Ekru Straight Fit Şort,1299,1599,%19
Erkek Giyim,Erkek Haki Regular Fit Dokulu Kısa Kollu Gömlek,1099,1399,%21
Erkek Giyim,Erkek Lacivert Regular Fit Beli Bağlamalı Şort,999.99,1199,%17
Erkek Giyim,Erkek Lacivert Polo Yaka Örme T-Shirt,999.99,1199,%17
Erkek Giyim,Erkek Siyah Bisiklet Yaka Loose Fit Kısa Kollu T-Shirt,499.99,659.99,%24
Erkek Giyim,Erkek Beyaz Baskılı Bisiklet Yaka T-Shirt,459.99,599.99,%23
Erkek Giyim,Erkek Mavi Çizgili Bisiklet Yaka T-Shirt,799.99,999.99,%20
Erkek Giyim,Erkek Yeşil Gri Nakışlı Polo Yaka T-Shirt,759.99,999.99,%24
Erkek Giyim,Erkek Lacivert Çizgili Triko Kısa Kollu Kazak,799.99,1199,%33
Erkek Giyim,Erkek Lacivert Bisiklet Yaka Oversize T-Shirt,699.99,899.99,%22
Erkek Giyim,Erkek Haki Düğmeli Henley Yaka T-Shirt,629.99,799.99,%21
Erkek Giyim,Erkek Yeşil Pamuk Oversize Bisiklet Yaka T-Shirt,599.99,799.99,%25
Erkek Giyim,Erkek İndigo Keten Karışımlı Çizgili T-Shirt,559.99,699.99,%20
Erkek Giyim,Erkek Beyaz Loose Fit Nakışlı Bisiklet Yaka T-Shirt,559.99,699.99,%20
Erkek Giyim,Erkek Beyaz Loose Fit Baskılı Bisiklet Yaka T-Shirt,549.99,699.99,%21
Erkek Giyim,Erkek Beyaz Marin Baskılı Bisiklet Yaka T-Shirt,549.99,699.99,%21
Erkek Giyim,Erkek Bej Rengi Loose Fit Bisiklet Yaka Atlet,479.99,599.99,%20
Erkek Giyim,Erkek Beyaz Marin Baskılı Bisiklet Yaka T-Shirt,479.99,599.99,%20
Erkek Giyim,Erkek Bej Rengi Bisiklet Yaka T-Shirt,429.99,599.99,%28
Erkek Giyim,Erkek Kırık Beyaz Loose Fit Jean Pantolon,1099,1799,%39
Erkek Giyim,Erkek Vizon Rengi Straight Fit Şort,1299,1599,%19
Erkek Giyim,Erkek Ekru Çizgili Regular Fit Uzun Kollu Gömlek,899.99,1399,%36
Erkek Giyim,Erkek Ekru Straight Fit Çizgili Beli Lastikli Şort,1399,1799,%22
Erkek Giyim,Erkek Yeşil Gri Straight Fit Bağlamalı Şort,1899,2399,%21
Erkek Giyim,Erkek Ekru Straight Fit Çizgili Chino Şort,1899,2399,%21
Erkek Giyim,Erkek Ekru Çizgili Regular Fit Gömlek,899.99,1299,%31
Erkek Giyim,Erkek İndigo Straight Fit Bağlamalı Şort,1299,1799,%28
Erkek Giyim,Erkek Kahverengi Cepli Kargo Pantolon,2199,2799,%21
Erkek Giyim,Erkek Lacivert Beli Bağlamalı Şort,899.99,1199,%25
Erkek Giyim,Erkek Ekru Regular Fit Çizgili Uzun Kollu Gömlek,1199,1799,%33
Erkek Giyim,Erkek Ekru Regular Fit Çizgili Uzun Kollu Gömlek,999.99,1599,%37
Erkek Giyim,Erkek Yeşil Gri Regular Fit Çift Cepli Uzun Kollu Gömlek,1499,2199,%32
Erkek Giyim,Erkek Antrasit Regular Fit Çift Cepli Uzun Kollu Gömlek,1499,2199,%32
Erkek Giyim,Erkek Siyah Regular Fit Bağlamalı Şort,999.99,1199,%17
Erkek Giyim,Erkek Mavi Kapüşonlu Kanguru Cepli Modal Sweatshirt,1199,1799,%33
Erkek Giyim,Erkek Ekru Loose Fit Çizgili Polo Yaka Kısa Kollu T-Shirt,999.99,1199,%17
Erkek Giyim,Erkek Beyaz Nakışlı Resort Yaka Regular Fit Kısa Kollu Gömlek,1399,1799,%22
Erkek Giyim,Erkek Ekru Regular Fit Çizgili Uzun Kollu Gömlek,999.99,1399,%29
Erkek Giyim,Erkek Beyaz Comfort Fit Çizgili Kısa Kollu Gömlek,1259,1599,%21
Erkek Giyim,Erkek Ekru Çizgili Dikiş Detaylı Resort Yaka Kısa Kollu Gömlek,1259,1599,%21
Erkek Giyim,Erkek Ekru Çizgili Beli Lastikli Şort,1599,1999,%20
Erkek Giyim,Erkek Yeşil Gri Straight Fit Beli Bağlamalı Liyosel Şort,1899,2399,%21
Erkek Giyim,Erkek Siyah Straight Fit Beli Bağlamalı Liyosel Şort,1899,2399,%21
Erkek Giyim,Erkek Bej Rengi Straight Fit Bağlamalı Şort,1899,2399,%21
Erkek Giyim,Erkek Antrasit Regular Fit Beli Bağlamalı Şort,999.99,1199,%17
Erkek Giyim,Erkek Yeşil Gri Polo Yaka Örme T-Shirt,999.99,1199,%17
Erkek Giyim,Erkek Ekru Loose Fit Çizgili Bisiklet Yaka Örme T-Shirt,799.99,999.99,%20
Erkek Giyim,Erkek Beyaz Loose Fit Baskılı Bisiklet Yaka T-Shirt,549.99,699.99,%21
Erkek Giyim,Erkek Lacivert Regular Fit Dokulu Kısa Kollu Gömlek,1099,1399,%21
Erkek Giyim,Erkek Lacivert Resort Yaka Kısa Kollu Gömlek,1259,1599,%21
Erkek Giyim,Erkek Ekru Çizgili Resort Yaka Kısa Kollu Gömlek,999.99,1299,%23
Erkek Giyim,Erkek Beyaz Loose Fit Nakışlı Bisiklet Yaka T-Shirt,699.99,899.99,%22
Erkek Giyim,Erkek İndigo Kargo Şort,1899,2399,%21
Erkek Giyim,Erkek Beyaz Loose Fit Nakışlı Bisiklet Yaka T-Shirt,559.99,699.99,%20
Erkek Giyim,Erkek Beyaz Loose Fit Marin Baskılı Bisiklet Yaka T-Shirt,499.99,659.99,%24
Erkek Giyim,Erkek Vizon Rengi Regular Fit Uzun Kollu Gömlek,1199,1599,%25
Erkek Giyim,Erkek Mavi Çizgili Oversize Kısa Kollu T-Shirt,799.99,1299,%38
Erkek Giyim,Erkek Kırık Beyaz Regular Fit Çizgili Dokulu Uzun Kollu Gömlek,999.99,1399,%29
Erkek Giyim,Erkek Bej Rengi Regular Fit Uzun Kollu Casual Gömlek,999.99,1599,%37
Erkek Giyim,Erkek Beyaz Baskılı Bisiklet Yaka Oversize T-Shirt,499.99,659.99,%24
Erkek Giyim,Erkek Lacivert Çizgili Oversize Kısa Kollu Kazak,899.99,1199,%25
Erkek Giyim,Erkek Kiremit Rengi Çizgili Regular Fit Resort Yaka Örme Gömlek,1099,1399,%21
Erkek Giyim,Erkek Beyaz Oversize Sırtı Baskılı Bisiklet Yaka T-Shirt,549.99,699.99,%21
Erkek Giyim,Erkek Lacivert Baskılı Bisiklet Yaka Kısa Kollu T-Shirt,459.99,659.99,%30
Erkek Giyim,Erkek Beyaz Marin Baskılı Loose Fit T-Shirt,549.99,699.99,%21
Erkek Giyim,Erkek Haki Pamuklu Slim Fit Pantolon,1299,1699,%24
Erkek Giyim,Erkek Bej Rengi Straight Fit Beli Bağlamalı Pantolon,1799,2399,%25
Erkek Giyim,Erkek Mavi Dokulu Resort Yaka Kısa Kollu Gömlek,999.99,1299,%23
Erkek Giyim,Erkek Lacivert Oversize Sırtı Baskılı Bisiklet Yaka T-Shirt,549.99,699.99,%21
Erkek Giyim,Erkek Kırmızı Keten Karışımlı Çizgili T-Shirt,559.99,699.99,%20
Erkek Giyim,Erkek Haki Bisiklet Yaka T-Shirt,429.99,599.99,%28
Erkek Giyim,Erkek Siyah Regular Fit Dokulu Uzun Kollu Gömlek,899.99,1399,%36
Erkek Giyim,Erkek Lacivert Baskılı Bisiklet Yaka Kısa Kollu T-Shirt,459.99,659.99,%30
Erkek Giyim,Erkek Taş Rengi Comfort Fit Keten Kimono Ceket,1999,2799,%29
Erkek Giyim,Erkek Lacivert Mitolojik Baskılı Bisiklet Yaka T-Shirt,459.99,599.99,%23
Erkek Giyim,Erkek Kiremit Rengi Nakışlı Polo Yaka T-Shirt,759.99,999.99,%24
Erkek Giyim,Erkek Lacivert Marin Baskılı Loose Fit T-Shirt,549.99,699.99,%21
Erkek Giyim,Erkek Haki Regular Fit Uzun Kollu Gömlek,1199,1599,%25
Erkek Giyim,Erkek Kırık Beyaz Oversize Modal Bisiklet Yaka T-Shirt,699.99,899.99,%22
Erkek Giyim,Erkek Antrasit Regular Fit Kısa Kapüşonlu Mont,2799,3599,%22
Erkek Giyim,Erkek Mavi Loose Fit Marin Baskılı Bisiklet Yaka T-Shirt,459.99,599.99,%23
Erkek Giyim,Erkek Vizon Rengi Regular Fit Uzun Kollu Liyosel Gömlek,1299,1999,%35
Erkek Giyim,Erkek Beyaz Straight Fit Keten Chino Şort,1099,2599,%58
Erkek Giyim,Erkek Bej Rengi Çizgili Straight Fit Chino Şort,899.99,1999,%55
Erkek Giyim,Erkek Taş Rengi Bağlamalı Liyosel Şort,859.99,1999,%57
Erkek Giyim,Erkek Vizon Rengi Chino Şort,1099,1999,%45
Erkek Giyim,Erkek İndigo Regular Fit Keten Gömlek,859.99,2299,%63
Erkek Giyim,Erkek Bej Rengi Çizgili Straight Fit Chino Şort,899.99,1999,%55
Erkek Giyim,Erkek Beyaz Kısa Kollu Regular Fit Keten Gömlek,859.99,1799,%52
Erkek Giyim,Erkek Beyaz Hakim Yaka Regular Fit Keten Gömlek,899.99,1999,%55
Erkek Giyim,Erkek Ekru Çizgili Regular Fit Keten Gömlek,1199,1999,%40
Erkek Giyim,Erkek Kırık Beyaz Çizgili Regular Fit Keten Gömlek,1599,2299,%30
Erkek Giyim,Erkek Bej Rengi Bağlamalı Straight Fit Şort,859.99,1999,%57
Erkek Giyim,Erkek İndigo Çizgili Chino Şort,899.99,1799,%50
Erkek Giyim,Erkek Mavi Bağlamalı Şort,499.99,1199,%58
Erkek Giyim,Erkek Ekru Çizgili Regular Fit Kısa Kollu Gömlek,899.99,1499,%40
Erkek Giyim,Erkek Haki Beli Lastikli Straight Fit Şort,799.99,2099,%62
Erkek Giyim,Erkek Ekru Straight Fit Şort,699.99,1599,%56
Erkek Giyim,Erkek Mavi Straight Fit Şort,699.99,1599,%56
Erkek Giyim,Erkek Lacivert Straight Fit Şort,699.99,1599,%56
Erkek Giyim,Erkek Ekru Pamuklu Jean Şort,899.99,1499,%40
Erkek Giyim,Erkek Haki Bağlamalı Straight Fit Şort,899.99,1699,%47
Erkek Giyim,Erkek Bej Rengi Etnik Jakarlı Şort,599.99,1199,%50
Erkek Giyim,Erkek Vizon Rengi Straight Fit Şort,699.99,1599,%56
Erkek Giyim,Erkek Turuncu Etnik Baskılı Bisiklet Yaka Kısa Kollu T-Shirt,279.99,599.99,%53
Erkek Giyim,Erkek Mavi Desenli Bağlamalı Deniz Şortu,749.99,1299,%42
Erkek Giyim,Erkek Multi Renk Desenli Bağlamalı Deniz Şortu,749.99,1299,%42
Erkek Giyim,Erkek Multi Renk Desenli Bağlamalı Deniz Şortu,749.99,1299,%42
Erkek Giyim,Erkek Beyaz Regular Fit Keten Gömlek,999.99,1799,%44
Erkek Giyim,Erkek Yeşil Keten Şort,759.99,1999,%62
Erkek Giyim,Erkek Pembe Kısa Kollu Regular Fit Liyosel Gömlek,359.99,1499,%76
Erkek Giyim,Erkek Yeşil Pamuklu Chino Şort,1099,1999,%45
Erkek Giyim,Erkek Taş Rengi Pamuklu Chino Şort,1099,1999,%45
Erkek Giyim,Erkek Haki Pamuklu Chino Şort,1099,1999,%45
Erkek Giyim,Erkek Lacivert Bisiklet Yaka T-Shirt,259.99,329.99,%21
Erkek Giyim,Erkek Beyaz Hakim Yaka Regular Fit Keten Gömlek,999.99,1799,%44
Erkek Giyim,Erkek Yeşil Hakim Yaka Regular Fit Keten Gömlek,999.99,1799,%44
Erkek Giyim,Erkek Yeşil Gri Keten Karışımlı Şort,759.99,1999,%62
Erkek Giyim,Erkek Su Yeşili Çizgili Kısa Kollu Regular Fit Gömlek,559.99,1399,%60
Erkek Giyim,Erkek Kiremit Rengi Çizgili Kısa Kollu Regular Fit Gömlek,499.99,1399,%64
Erkek Giyim,Erkek Haki Pamuklu Bermuda Şort,459.99,1199,%62
Erkek Giyim,Erkek Haki Bağlamalı Şort,859.99,1999,%57
Erkek Giyim,Erkek Mavi Keten Karışımlı Casual Uzun Kol Gömlek,859.99,1499,%43
Erkek Giyim,Erkek Mavi Keten Karışımlı Regular Fit Gömlek,659.99,1199,%45
Erkek Giyim,Erkek İndigo Regular Fit Kısa Kollu Gömlek,599.99,1399,%57
Erkek Giyim,Erkek Kırık Beyaz Chino Şort,859.99,1799,%52
Erkek Giyim,Erkek Siyah Beli Lastikli Straight Fit Şort,759.99,1799,%58
Erkek Giyim,Erkek Gri Polo Yaka Kısa Kollu T-Shirt,429.99,499.99,%14
Erkek Giyim,Erkek Mercan Rengi Straight Fit Şort,699.99,1599,%56
Erkek Giyim,Erkek Haki Beli Lastikli Şort,899.99,1999,%55
Erkek Giyim,Erkek Pembe Pamuklu Şort,599.99,1499,%60
Erkek Giyim,Erkek Gri Mavi Pamuklu Şort,599.99,1499,%60
Erkek Giyim,Erkek Yeşil Gri Straight Fit Şort,699.99,1599,%56
Erkek Giyim,Erkek Haki Bağlamalı Şort,1299,2099,%38
Erkek Giyim,Erkek Yeşil Gri Pamuklu Şort,599.99,1499,%60
Erkek Giyim,Erkek Multi Renk Desenli Kısa Kollu Regular Fit Gömlek,499.99,1199,%58
Erkek Giyim,Erkek Vizon Rengi Bağlamalı Straight Fit Şort,799.99,2099,%62
Erkek Giyim,Erkek Lacivert Basıc Deniz Şortu,749.99,1299,%42
