item_name,price,category,date
12v Metal Şanzıman Çift Akülü Bakır Sargı Şarjlı Matkap Akülü Vidalama,1399.9,Akülü Vidalamalar,2026.05.07
12v Çift Akü Şarjlı Matkap Metal Şanzıman Akülü Vidalama,1399.9,Akülü Vidalamalar,2026.05.07
12v Çift Akü Şarjlı Matkap Akülü Vidalama,999.9,Akülü Vidalamalar,2026.05.07
B D Ld12ska-tr 12v Vidalama+30 Prç Aks,1999.0,Akülü Vidalamalar,2026.05.07
LD12SP Akülü Vidalama,2799.0,Akülü Vidalamalar,2026.05.07
Mini X-Line 25 Parçalı Vidalama Seti,419.9,Akülü Vidalamalar,2026.05.07
Promo Blister Akülü Vidalama + 24 Parça Aksesuar,599.9,Akülü Vidalamalar,2026.05.07
21v Darbeli Kömürsüz Kırıcı Delici Hilti &amp; Taşlama &amp; Matkap &amp; Somun Sıkma Sökme 4&#039;lü Set,6890.0,Akülü Vidalamalar,2026.05.07
"Te-cd 18/44 Li-i Darbeli Vidalama 1x2,5a",4249.0,Akülü Vidalamalar,2026.05.07
Impact Control Serisi Vidalama Ucu 8&#039;li PH2x2/PZ2x2/T20/T30 *50mm + Standart Tutucu *60mm,441.0,Akülü Vidalamalar,2026.05.07
Bits Uç Seti Üçlü 89 mm,359.9,Akülü Vidalamalar,2026.05.07
Manyetik Tutucu Universal 60 mm,349.9,Akülü Vidalamalar,2026.05.07
"Tp-Cd 18/60 Li Bl - Solo, Akülü Vidalama",3999.0,Akülü Vidalamalar,2026.05.07
Pz Vidalama Ucu Üçlü 89 mm,359.9,Akülü Vidalamalar,2026.05.07
Impact Control Serisi Vidalama Ucu 8&#039;li PZ2 *25mm,349.9,Akülü Vidalamalar,2026.05.07
Dt7969-qz 32 Parça Vid Uç Seti,949.9,Akülü Vidalamalar,2026.05.07
10 Adet Vidalama Ucu ve 20 cm Uzatma Adaptörü,359.9,Akülü Vidalamalar,2026.05.07
Bits Uç Takımı 7 Parça,519.9,Akülü Vidalamalar,2026.05.07
DCD710D2 10.8 Li-Ion Çift Akülü Vidalama,8499.0,Akülü Vidalamalar,2026.05.07
10 Adet Vidalama Ucu ve 30 cm Uzatma Adaptörü,379.9,Akülü Vidalamalar,2026.05.07
Fatmax Sbd715b 18v 4.0 Ah Çift Akülü Darbeli Vidalama,7570.0,Akülü Vidalamalar,2026.05.07
Impact Control Serisi Vidalama Ucu 8&#039;li PH2 *50mm,453.7,Akülü Vidalamalar,2026.05.07
Sds-plus 11&#039;li Alüminyum Çantalı Uç Ve Keski Seti - 2608578765,1483.43,Akülü Vidalamalar,2026.05.07
Hex Allen Bits Uç Seti Sekizli 25 mm,79.99,Akülü Vidalamalar,2026.05.07
"Go 3,6 Volt Akülü Vidalama Makinesi- 06019h2201",2778.0,Akülü Vidalamalar,2026.05.07
Gsb 120-li 2 Ah Çift Akülü Darbeli Delme Vidalam Matkap Ve 23 Parça Uç Seti 06019g8102,6106.5,Akülü Vidalamalar,2026.05.07
Vidalama Ucu Seti 43 Parça,1411.37,Akülü Vidalamalar,2026.05.07
Bits Ucu Seti 3 Parça PZ Uç Seti,44.99,Akülü Vidalamalar,2026.05.07
Akülü Vidalama Şarjlı Tornavida Şarjlı Matkap Ixo 7 + Bosch 46 Parça Cırcır Tornavida Vidalama Ucu,3000.0,Akülü Vidalamalar,2026.05.07
Hızlı Uç Değiştirme Mandrenli Üniversal Tutucu *60mm 1/4&#034; Altıgen Şaft,484.77,Akülü Vidalamalar,2026.05.07
Gsr 185-li Darbesiz Vidalama 2 Akü,9032.0,Akülü Vidalamalar,2026.05.07
Akülü Vidalama GSR 180-LI,8420.0,Akülü Vidalamalar,2026.05.07
Uneo Maxx Çift Akülü Vidalama,10846.0,Akülü Vidalamalar,2026.05.07
Pozidriv Bits Uç PZ2,139.9,Akülü Vidalamalar,2026.05.07
Vidalama Ucu 50 mm PH/PZ/SL,107.9,Akülü Vidalamalar,2026.05.07
Impact Control Serisi Çift Taraflı Vidalama Ucu 8&#039;li PH2x4 /PZ2x4 *110mm,733.37,Akülü Vidalamalar,2026.05.07
Cheli̇kbei̇ Onlu Set (led Işık + Kırıcı Delici Matkap+avuç Taşlama+somun Sıkma+vidalama+sunta Kesme+dekupaj+lazer Metre+oto Yıkama+çok Fonksiyonlu Avuç Taşlama),17768.0,Akülü Vidalamalar,2026.05.07
Profesyonel 32 Parça  Vidalama Uç Seti - 2607017319,625.99,Akülü Vidalamalar,2026.05.07
Impact Control Serisi Vidalama Ucu 8&#039;li PH1/PH2 x3/PH3/PZ2 x2/PZ3 *25mm,472.34,Akülü Vidalamalar,2026.05.07
13mm Mke Vidalama,1621.0,Akülü Vidalamalar,2026.05.07
Extra Hard Vidalama Ucu Seti 44+1 Parça - 2607017732,1269.99,Akülü Vidalamalar,2026.05.07
Dt71563-qz 100 Parça Uç Seti,2480.0,Akülü Vidalamalar,2026.05.07
Vidalama Seti 32 Parça,692.0,Akülü Vidalamalar,2026.05.07
Pozidriv Bits Uç PZ1,139.9,Akülü Vidalamalar,2026.05.07
Impact Control Serisi Vidalama Ucu 8&#039;li T15/T20x2/T25x2/T30x2/T40 *25mm,589.0,Akülü Vidalamalar,2026.05.07
Bits Uç PH2,99.99,Akülü Vidalamalar,2026.05.07
10mm Çelik Mandren Vidalama Mkd5p,1663.0,Akülü Vidalamalar,2026.05.07
X-line 30 Parça Titanyum Karışık Aksesuar Seti 2607019324,982.49,Akülü Vidalamalar,2026.05.07
Bits Ucu Seti 20 Parça 50 mm,159.9,Akülü Vidalamalar,2026.05.07
Tork T İkili Vidalama Ucu T40x25 mm,94.99,Akülü Vidalamalar,2026.05.07
Rtl8060 21v 3.0ah Profesyonel Şarjlı Darbeli Vidalama Makinesi,4900.0,Akülü Vidalamalar,2026.05.07
Impact Pz2-ph2 Çift Taraflı Uç 65mm 8 Li,888.0,Akülü Vidalamalar,2026.05.07
Karışık Bits Ucu Seti,159.9,Akülü Vidalamalar,2026.05.07
21v Çelik Mandren Kömürsüz Motor Darbeli Şarjlı Matkap Vidalama,2249.9,Akülü Vidalamalar,2026.05.07
Lieber German L599 5li Set Kömürsüz Motor 3x Akülü Taşlama Somun Sıkma Kırıcı Delici &amp; Dal Budama Testere Makinesi,6442.0,Akülü Vidalamalar,2026.05.07
T Vidalama Ucu Üçlü,359.9,Akülü Vidalamalar,2026.05.07
Lieber German Lg5960 Metal Şanzıman Çift Akülü Bakır Sargı 27 Parça Şarjlı Matkap Akülü Vidalama Matkap,1299.0,Akülü Vidalamalar,2026.05.07
Cheli̇kbei̇ Dokuzlu Set (power Bank &amp; Led + Kırıcı Delici Matkap+avuç Taşlama+somun Sıkma+vidalama+sunta Kesme+dekupaj+budama Testeresi+budama Makası),12950.0,Akülü Vidalamalar,2026.05.07
Eisenn Qaz-013 Grey Darbeli Metal Mandren Çift Akülü Bl Motor Vidalama Matkap + 84 Parça Komple Seti Hediyeli,3399.9,Akülü Vidalamalar,2026.05.07
Eisenn Ex-10 Darbeli 013 Kömürsüz Motor 2 Akülü Vidalama Matkap + 84 Parça Aksesuar Set,3399.9,Akülü Vidalamalar,2026.05.07
Şarjlı Darbeli Matkap 58 volt çift akülü Şansımanlı Torklu Matkap Duvar Beton Ahşap delme vidalama,1220.0,Akülü Vidalamalar,2026.05.07
10mm Mke Vidalama,1120.0,Akülü Vidalamalar,2026.05.07
Plus 21v Şarjlı Matkap Bakır Sargı Kömürsüz Motor Çelik Mandren Darbeli Akülü Vidalama,2399.9,Akülü Vidalamalar,2026.05.07
1020 20v 2x2.0ah Çift Akülü Kömürsüz Darbeli Matkap 10mm,2180.91,Akülü Vidalamalar,2026.05.07
C-dtb74/1-x 20v 2x2ah Çift Akülü Vidalama + 74 Parça Aksesuar Seti - 5910904400,6374.0,Akülü Vidalamalar,2026.05.07
Workpro Wp221062 13 Parça Manyetik Cr-v Vidalama Bits Uç Seti,458.0,Akülü Vidalamalar,2026.05.07
Da01901 32 Parça Manganez Fosfat Alaşımlı Vidalama Uç Seti,884.0,Akülü Vidalamalar,2026.05.07
Profesyonel 18v Çift Akülü Vidalama Matkap Budama Makası Budama Testeresi 3&#039;lü Set,4799.9,Akülü Vidalamalar,2026.05.07
Şarjli Tornavi̇da 13 Parça Set 3.6v 1.5ah Rdx-3085,588.61,Akülü Vidalamalar,2026.05.07
Altıgen Şaft 5 mm,52.99,Akülü Vidalamalar,2026.05.07
Vidalama Köşe Adaptörü Shockwave-4932471274,1729.99,Akülü Vidalamalar,2026.05.07
Rtrmax Rtx3050b Akülü 18v 230nm Torklu Vi̇dalama *aküsüz Satilmaktadir*,3678.86,Akülü Vidalamalar,2026.05.07
Gtb 650 Alçipan Vidalama,5248.0,Akülü Vidalamalar,2026.05.07
Alçıpan Vidalama Mke,1867.0,Akülü Vidalamalar,2026.05.07
10mm Dwe Vidalama,1120.0,Akülü Vidalamalar,2026.05.07
Rtm350 Şarjlı Matkap,2827.85,Akülü Vidalamalar,2026.05.07
Set 08 Şarjlı 3’lü Makine Seti S-lion Çantalı,15469.0,Akülü Vidalamalar,2026.05.07
Rtrmax Rtx3050 Kömürsüz 18V Akülü 230NM Vi̇dalama,8529.0,Akülü Vidalamalar,2026.05.07
Professional 43 Parça Vidalama Ucu Seti -2607017164,1895.0,Akülü Vidalamalar,2026.05.07
Dx72 Akülü Somun Sikma,13053.79,Akülü Vidalamalar,2026.05.07
STA7223 53 Parça Vidalama ve Matkap Uç Seti,2850.0,Akülü Vidalamalar,2026.05.07
Gsb 18V-150 C Akülü Darb Delme/Vid,42000.0,Akülü Vidalamalar,2026.05.07
T9 49 Mm 1&#039;li Torx Bits Uç Extrahard 2607001630,270.0,Akülü Vidalamalar,2026.05.07
Bits Uç Ph1/2/3 25 Mm 3&#039;lü Set Extrahard 2607001752,294.0,Akülü Vidalamalar,2026.05.07
25 Parça Vidalama Seti (tornavida Fonksiyonlu Kutu),520.0,Akülü Vidalamalar,2026.05.07
Akülü Vidalama Şarjlı Tornavida Şarjlı Matkap Ixo 7 .nesil + Bosch 32 Parça Vidalama Ucu Seti,3299.0,Akülü Vidalamalar,2026.05.07
Tomax Yıldız Bits Uç Ph2x100 Mm (10 Adet),893.99,Akülü Vidalamalar,2026.05.07
Tp-cd 18/50 Li I Bl Kömürsüz Çift 2 Ah Akülü Darbeli Matkap + Kwb 32 Parça Bits Uç Seti,7549.0,Akülü Vidalamalar,2026.05.07
Gsb 185 Lı Darbeli Kömürsüz Matkap Vidalama 16 Parça Uç Seti Hediye,8499.0,Akülü Vidalamalar,2026.05.07
Ph2 X 127 Mm Ekstra Uzun Yıldız Bits Uç Cb/1272,272.0,Akülü Vidalamalar,2026.05.07
Professional Gsb 185-li 2.0 Ah Tek Akülü Kömürsüz Motor Darbeli Matkap + 23 Parça Aksesuar Set - 06019k3102,8046.19,Akülü Vidalamalar,2026.05.07
Gsb 18V-90 C Solo Darb Delme/Vid,13574.99,Akülü Vidalamalar,2026.05.07
Professional Gbh 2-26 Dre Kırıcı Delici Matkap - 0611253703,7882.49,Akülü Vidalamalar,2026.05.07
12v Çift Akülü Metal Şanzıman Şarjlı Matkap Akülü Vidalama,1399.9,Akülü Vidalamalar,2026.05.07
X-li̇ne 50+173 Parça Aksesuar Seti̇ 2607017523,1013.0,Akülü Vidalamalar,2026.05.07
21v Çift Akülü 4 Başlıklı Kömürsüz Motor Şarjlı Akülü Vidalama,3799.9,Akülü Vidalamalar,2026.05.07
Şarjlı Vidalama Gsr 120 Li Çift Akülü,6140.0,Akülü Vidalamalar,2026.05.07
Impact Çift Taraflı Vidalama Uç Pz2 65mm 8li,459.0,Akülü Vidalamalar,2026.05.07
12v Metal Şanzıman Çift Akülü Bakır Sargı Akülü Vidalama Şarjlı Matkap,1249.9,Akülü Vidalamalar,2026.05.07
Akülü Vidalama Mw24b,2214.0,Akülü Vidalamalar,2026.05.07
Gsr 18V-150 C Akülü Delme/Vid,29799.0,Akülü Vidalamalar,2026.05.07
Gsb 18v-28 Akülü Darbeli Vidalama,3962.14,Akülü Vidalamalar,2026.05.07
Profesyonel 21v Çift Akülü 13mm Darbeli Şarjlı Matkap Akülü Vidalama,1849.9,Akülü Vidalamalar,2026.05.07
Plus 12v Usb Şarjlı Matkap Vidalama Dahili Batarya,1399.9,Akülü Vidalamalar,2026.05.07
Gsb 183 Li 2 Ah Takip Göstergeli Çift Batarya Ve Bosch V-line 103 Parça Delme Ve Vidalama Seti,9999.0,Akülü Vidalamalar,2026.05.07
12 Volt 3 Pilli Yedek Akü,359.9,Akülü Vidalamalar,2026.05.07
12v Çift Akülü Darbeli Şarjlı Matkap Dijital Göstergeli Akülü Vidalama,1399.9,Akülü Vidalamalar,2026.05.07
Cheli̇kbei Beşli̇ Set Mw350r (10mm Ç.mandren+s.sıkma+ş.spral+ş.hilti+budama),7372.0,Akülü Vidalamalar,2026.05.07
Alçıpan Vidalama Dw24,4868.0,Akülü Vidalamalar,2026.05.07
Cheli̇kbei̇ Beşli Set Mk350 (budama Testeresi 10mm Ç.mandren+s.sıkma+ş.spral+ş.hilti),7363.0,Akülü Vidalamalar,2026.05.07
Gsr 120 Li 2 Ah Çift Bataryalı Vidalama Ve Gas 12 Şarjlı Araç Süpürgesi̇,7999.0,Akülü Vidalamalar,2026.05.07
Gsb Darbeli 120 Li 2 Ah Çift Akülü Vidalama + Bosch Gas 12 Şarjlı Araç Süpürgesi̇ + Bosch V-line 103 Parça Uç Seti,9999.0,Akülü Vidalamalar,2026.05.07
Gsr 120 Li 2 Ah Tek Akülü Vidalama + Bosch Gas 12 Şarjlı Araç Süpürgesi̇,6999.0,Akülü Vidalamalar,2026.05.07
Gsr 120 Li 3 Ah Çift Bataryalı Vidalama Ve Gas 12 Şarjlı Araç Süpürgesi̇,8999.0,Akülü Vidalamalar,2026.05.07
Gsb Darbeli 120 Li 3 Ah Çift Akülü Vidalama +  Bosch Gas 12 Şarjlı Araç Süpürgesi̇ + Bosch V-line 103 Parça Uç Seti,10999.0,Akülü Vidalamalar,2026.05.07
Gsr 120 Li 2 Ah Çift Akülü Vidalama + Bosch Gas 12 Şarjlı Araç Süpürgesi̇ + Bosch V-line 103 Parça Uç Seti,8999.0,Akülü Vidalamalar,2026.05.07
Gsr 120 Li 3 Ah Çift Bataryalı Vidalama + Bosch Gas 12 Şarjlı Araç Süpürgesi̇ + Bosch V-line 103 Parça Uç Seti,9999.0,Akülü Vidalamalar,2026.05.07
Gsr 120 Li 3 Ah Tek Akülü Vidalama + Bosch Gas 12 Şarjlı Araç Süpürgesi̇,7499.0,Akülü Vidalamalar,2026.05.07
Gsr 120 Li Darbesiz 2 Ah Tek Akülü Vidalama Ve Bosch V-line 103 Parça Delme Ve Vidalama Seti,5999.0,Akülü Vidalamalar,2026.05.07
Gsr 120 Li Darbesiz 2 Ah Tek Akülü Vidalama,4999.0,Akülü Vidalamalar,2026.05.07
Butools 450 Nm Akülü Somun Bijon Sökme Takma Sikma Makinesi Matkap Vidalama Kömürsüz Motor,3800.0,Akülü Vidalamalar,2026.05.07
Gsb 183 Li 2 Ah Takip Göstergeli Tek Bataryalı Akülü Vidalama,6999.0,Akülü Vidalamalar,2026.05.07
Gsr 120 Li Darbesiz 3 Ah Tek Akülü Vidalama,5499.0,Akülü Vidalamalar,2026.05.07
"Tomax Bi̇ts Saplı Mandren ( Küçük ) 0,5 - 3,5 Mm 1/4’’",560.0,Akülü Vidalamalar,2026.05.07
Gsb 183 Li 2 Ah Takip Göstergeli Tek Batarya Ve Bosch V-line 103 Parça Delme Ve Vidalama Seti,7999.0,Akülü Vidalamalar,2026.05.07
Gsb 183 Li 2 Ah Takip Göstergeli Çift Bataryalı Akülü Vidalama,8999.0,Akülü Vidalamalar,2026.05.07
Gsr 120 Li Darbesiz 2 Ah Çift Akülü Vidalama Ve Bosch V-line 103 Parça Uç Seti,6999.0,Akülü Vidalamalar,2026.05.07
Pst 145 T Darbeli̇ Şarjli Vi̇dalama Tornavi̇da,5814.0,Akülü Vidalamalar,2026.05.07
"Tomax Bi̇ts Saplı Mandren ( Büyük ) 0,5 - 6,5 Mm 1/4’’",740.0,Akülü Vidalamalar,2026.05.07
Te-cd 18/50 Li-i Bl Solo Kömürsüz Akülü Darbeli Matkap - 4513942,3049.0,Akülü Vidalamalar,2026.05.07
Alçıpan Vidalama Bse,1867.0,Akülü Vidalamalar,2026.05.07
Qui̇x  Mıknatıslı Yıldız Uç Pz  2*65 Mml  ( 10 Adet),775.0,Akülü Vidalamalar,2026.05.07
Bosch Pro Impact Ph2 150 Mm Yıldız Vidalama Ucu 2608522525,407.49,Akülü Vidalamalar,2026.05.07
Gsr 18v-45 Akülü Vidalama + Gws 18v-8 Akülü Taşlama 2x4.0ah Akülü Kombo Set - 0615a5007n,20032.0,Akülü Vidalamalar,2026.05.07
Şarjlı Yedek Batarya 21v,759.9,Akülü Vidalamalar,2026.05.07
Milwaukee Bits Yıldız Uç Vidalama Matkap Ucu Pz2 x 50mm -10 Adet,747.9,Akülü Vidalamalar,2026.05.07
Gsb 18v-50 2 Ah 18v Çift Akülü Darbeli Delme Vidalama - 06019h5100,14577.0,Akülü Vidalamalar,2026.05.07
Gsr 18v-90 C Çift Akülü 5 Ah Vidalama Makinesi,21334.0,Akülü Vidalamalar,2026.05.07
Gsb 18v-65 + Gws 18v-11 + Gbh 18v-24 C 3x5.0ah,40232.0,Akülü Vidalamalar,2026.05.07
Gsb 18v-45 Çift Akülü 2.0 Ah Darbeli Vidalama + 63 Parça Aksesuar Seti,10171.0,Akülü Vidalamalar,2026.05.07
- Impact Control Serisi Vidalama Ucu 8&#039;li Ph1/ph2x3/ph3/pz2x2/pz3 *50mm,741.0,Akülü Vidalamalar,2026.05.07
Profesyonel 12v Çift Akülü Vidalama 84 Parça &amp; 12 Köşe 360° Lazer Hizalama Set,2999.9,Akülü Vidalamalar,2026.05.07
12v Çift Akülü Metal Şanzıman Şarjlı Darbeli Matkap Akülü Vidalama,1249.9,Akülü Vidalamalar,2026.05.07
Dd20s-40tt 20v Akülü Matkap 40nm 2 Vites Led 2.0ah + Şarj,5440.5,Akülü Vidalamalar,2026.05.07
Yedi̇li̇ Set (powerbank&amp;led+ Ş.hilti+ş.spral+s.sıkma+13mm Ç.mandren+ş.dekupaj+sunta Kesme),10780.0,Akülü Vidalamalar,2026.05.07
Atbl 16 Id-202c 2x2.0 Ah Çift Akülü Kömürsüz Darbeli Vidalama 16v - A0104084,3216.8,Akülü Vidalamalar,2026.05.07
"Professional Tp-cd 18/70 Li-i Bl (2x2,0ah)  Akülü Darbeli Vidalama  + Einhell Vidalama Uç Seti 42 Parça M-case Kutu",8868.0,Akülü Vidalamalar,2026.05.07
İzeltaş 10mm T Kol Lokma Uçlu Tornavi̇da,409.8,Akülü Vidalamalar,2026.05.07
Te-cd 18 Li-i Bl Akülü Darbeli Vidalama + Pxc Starter Kit Akü 18v 2.5ah + Şarj Cihazı 900w - 4513860,4733.57,Akülü Vidalamalar,2026.05.07
Gdr 18v-220c + Gsr 18v-90c Vidalama + 2x4 Akü Kombi Seti,26370.0,Akülü Vidalamalar,2026.05.07
Rtx2022b Şarjlı Darbeli Vidalama Aküsüz,3775.55,Akülü Vidalamalar,2026.05.07
X-line Premium Delme Ve Vidalama Ucu Aksesuar Seti 49 Parça- 2608p00233,1191.0,Akülü Vidalamalar,2026.05.07
V-line 91 Parça Vidalama Ve Matkap Ucu Aksesuar Seti - 2607017195,1957.0,Akülü Vidalamalar,2026.05.07
Gsr 18v-45 Çift Akülü 2.0 Ah Vidalama + 63 Parça Aksesuar Seti,10510.0,Akülü Vidalamalar,2026.05.07
Sfmck217m1s Matkap + Somun Sıkma Seti,11082.0,Akülü Vidalamalar,2026.05.07
Impact Control Serisi Vidalama Ucu 8&#039;li PZ2 *50mm,417.0,Akülü Vidalamalar,2026.05.07
Kwb 31 Parça Bits Seti 49107100,579.99,Akülü Vidalamalar,2026.05.07
Tp-cd 18/60 Li-i Bl Solo Akülü Darbeli Vidalama + 2 X 2.5 Ah Starter Kit Akü,6575.0,Akülü Vidalamalar,2026.05.07
"Dcf850p2t-qw  Kömürsüz Darbeli Tornavida 18v 5,0ah 206nm",22199.0,Akülü Vidalamalar,2026.05.07
1320 20 V 2.0 Ah Kömürsüz Li-ion Çift Akülü Darbeli Vidalama,3050.9,Akülü Vidalamalar,2026.05.07
Bosch Pro Impact Pz2 90 Mm Yıldız Vidalama Ucu 2608522547,326.99,Akülü Vidalamalar,2026.05.07
Bosch Pro Impact Pz2 150 Mm Yıldız Vidalama Ucu 2608522548,407.49,Akülü Vidalamalar,2026.05.07
Profesyonel Şarjlı Darbeli 5&#039;li Set 2-26 Hilti 125mm Taşlama 13mm Matkap 650nm Somun Sökme Dal Buda,5999.0,Akülü Vidalamalar,2026.05.07
Sgs Sgs5529 Akülü Vidalama Seti 20w 2x2.0ah 60nm,3299.0,Akülü Vidalamalar,2026.05.07
12v Dahili Batarya Şarjlı Matkap Akülü Vidalama,1399.9,Akülü Vidalamalar,2026.05.07
12v Type-c Usb Şarjlı Matkap Dahili Batarya Akülü Vidalama,1399.9,Akülü Vidalamalar,2026.05.07
Tomax Ph2 Yıldız Bits Sıkma Vidalama Ucu 50 Mm X 5 Adet,269.95,Akülü Vidalamalar,2026.05.07
Hd20x-60tt Akülü Darbeli Matkap Kömürsüz 60nm 1x2ah,7137.0,Akülü Vidalamalar,2026.05.07
"Iw20x-700 Darbeli Somun Sıkma Kömürsüz, 700nm Akü Ve Şarj Cihazı Hariç",8775.0,Akülü Vidalamalar,2026.05.07
Hd20s‑50 Akülü Darbeli Matkap Akü Ve Şarj Cihazı Hariç,2925.0,Akülü Vidalamalar,2026.05.07
Rtl80180 Bordo 180 Nm Vi̇dalama,9650.0,Akülü Vidalamalar,2026.05.07
13mm Bse Vidalama,1621.0,Akülü Vidalamalar,2026.05.07
Alçıpan Vidalama Dwe,1867.0,Akülü Vidalamalar,2026.05.07
Cheli̇kbei̇ 13mm Çelik Mandren Vidalama Mk36,2786.0,Akülü Vidalamalar,2026.05.07
Impact Ctrl Vidalama Çifttaraf 8li Set 110mm,737.1,Akülü Vidalamalar,2026.05.07
Impact Çift Taraflı Vidalama Ucu Pz2150mm3lü,534.49,Akülü Vidalamalar,2026.05.07
Şarjlı Darbeli Matlap Kldm18-50 18volt/5.0ah Çift Akü Li-ion,9407.5,Akülü Vidalamalar,2026.05.07
X-line 76 Parça Profesyonel Aksesuar Seti 2608p00234,4237.5,Akülü Vidalamalar,2026.05.07
Tp-cd 18 Li-i Bl - Solo Akülü Darbeli Vidalama - 4513860,4488.0,Akülü Vidalamalar,2026.05.07
Te-cd 18/40 Li Bl-solo Akülü Vidalama,3048.0,Akülü Vidalamalar,2026.05.07
X-line 40 Parça Titanyum Karışık Aksesuar Seti 2607019600,921.4,Akülü Vidalamalar,2026.05.07
"Cat Power 1350 Akülü Vidalama Makinesi 20 V 2,0 Ah",5852.62,Akülü Vidalamalar,2026.05.07
Professional Gsh 500 Kırıcı,24747.0,Akülü Vidalamalar,2026.05.07
Cat Power 1410 Akülü Fayans Titreşim Makinası 20 Volt,5086.47,Akülü Vidalamalar,2026.05.07
4150 Kömürsüz 20v 4.0ah Li-ion 3 Akülü 5&#039;li Set - Darbeli Vidalama - Kırıcı Delici - Avuç Taşlama - Somun Sıkma Ve Torklu,30917.22,Akülü Vidalamalar,2026.05.07
Voltz  60 Nm 20 Volt Çift Akülü 5 Amper Profesyonel Akülü Matkap Vidalama,9999.99,Akülü Vidalamalar,2026.05.07
İzeltaş 3x60 T7 Elektroni̇kçi̇ Torx Uçlu Klemens Tornavi̇da,196.3,Akülü Vidalamalar,2026.05.07
İzeltaş 4x150 Elektroni̇kçi̇ Düz Uçlu Klemens Tornavi̇da,271.2,Akülü Vidalamalar,2026.05.07
İzeltaş 2.5x60 T6 Elektroni̇kçi̇ Torx Uçlu Klemens Tornavi̇da,191.9,Akülü Vidalamalar,2026.05.07
İzeltaş Tr27 Deli̇kli̇ Torx Uçlu Tornavi̇da,377.9,Akülü Vidalamalar,2026.05.07
İzeltaş 8x175 Kraft Seri̇ Düz Uçlu Tornavi̇da,383.4,Akülü Vidalamalar,2026.05.07
İzeltaş 3x40 Kraft Seri̇ Düz Uçlu Tornavi̇da,165.5,Akülü Vidalamalar,2026.05.07
İzeltaş Ph2 25mm Yildiz Bi̇ts Uç,77.5,Akülü Vidalamalar,2026.05.07
İzeltaş 14mm T Kol Lokma Uçlu Tornavi̇da,546.92,Akülü Vidalamalar,2026.05.07
İzeltaş 4x80 Kraft Seri̇ Düz Uçlu Tornavi̇da,182.0,Akülü Vidalamalar,2026.05.07
İzeltaş 6.5x25 Kraft Seri̇ Düz Uçlu Topaç Tornavi̇da,197.4,Akülü Vidalamalar,2026.05.07
İzeltaş 6x200 Ph2 Kraft Seri̇ Yildiz Uçlu Tornavi̇da,406.5,Akülü Vidalamalar,2026.05.07
Torklu Vidalama Red,3452.0,Akülü Vidalamalar,2026.05.07
Yuvarlak Yıldız Bist Uç Ph2/150mm,2370.0,Akülü Vidalamalar,2026.05.07
Beşli Set Mw350r (10mm Ç.mandren+s.sıkma+ş.spral+ş.hilti+budama),9030.0,Akülü Vidalamalar,2026.05.07
Yuvarlak Yıldız Bist Uç Ph2/75mm,2370.0,Akülü Vidalamalar,2026.05.07
Torklu Vidalama Ht,3452.0,Akülü Vidalamalar,2026.05.07
Yuvarlak Yıldız Bist Uç Ph2/100mm,2370.0,Akülü Vidalamalar,2026.05.07
Torklu Vidalama Asker Yeşili,3452.0,Akülü Vidalamalar,2026.05.07
Yuvarlak Yıldız Bist Uç Ph2/50mm,2370.0,Akülü Vidalamalar,2026.05.07
Dörtlü Set Mw350r (10mm Ç.mandren+s.sıkma+ş.spral+ş.hilti),8197.0,Akülü Vidalamalar,2026.05.07
Pro-atbl 18 Id2-202c 20v 2 Ah Çift Akülü Darbeli Vidalama - A0104077,6727.09,Akülü Vidalamalar,2026.05.07
Professional Gsb 18v-150 C Akülü Darbeli Delme Vidalama 2x8 Ah - 06019j5105,36125.0,Akülü Vidalamalar,2026.05.07
Professional Tp-cd 18/50 Li-i Bl ( 2ah + 4ah ) Akülü Darbeli Vidalama + Einhell  Vidalama Uç Seti 42 Parça M-case Kutu,10158.7,Akülü Vidalamalar,2026.05.07
Atbl 21 2&#039;li̇ Kömürsüz Set Akülü Matkap + Taşlama - A0104099,5298.46,Akülü Vidalamalar,2026.05.07
Atb 21 Blpdx-202c  2 X 2.0 Ah Çift Akülü Kömürsüz Darbeli Matkap - A0104098,2756.78,Akülü Vidalamalar,2026.05.07
"Psb 18 Li-2 Ergo Akülü Delme Vidalama (2,5ah Çift Akü) - 06039b0301",13108.0,Akülü Vidalamalar,2026.05.07
Cat Power 1560 Kömürsüz Makine Seti 6 Parça,22771.07,Akülü Vidalamalar,2026.05.07
İzeltaş 1.2x6.5 50mm Düz Bi̇ts Uç,91.8,Akülü Vidalamalar,2026.05.07
İzeltaş 12mm T Kol Lokma Uçlu Tornavi̇da,451.21,Akülü Vidalamalar,2026.05.07
İzeltaş T27 50mm Torx Bi̇ts Uç,102.8,Akülü Vidalamalar,2026.05.07
İzeltaş 9mm Lokma Uçlu Tornavi̇da,438.78,Akülü Vidalamalar,2026.05.07
İzeltaş 3.5x60 T10 Elektroni̇kçi̇ Torx Uçlu Klemens Tornavi̇da,196.3,Akülü Vidalamalar,2026.05.07
İzeltaş 13mm T Kol Lokma Uçlu Tornavi̇da,471.1,Akülü Vidalamalar,2026.05.07
Tp-cd 18/60 Li-i  Bl - Solo Akülü Darbeli Vidalama - 4514205,4025.0,Akülü Vidalamalar,2026.05.07
Professional Tp-cd 18/50 Li-i Bl ( 2ah + 4ah ) Akülü Darbeli Vidalama Compact Sistem  - 4514217,8230.5,Akülü Vidalamalar,2026.05.07
1360 16 V Li-ion 2.0 Ah Kömürsüz Akülü Vidalama,4935.69,Akülü Vidalamalar,2026.05.07
Ennalbur M8 Çektirme ( 4 Adet ),284.19,Akülü Vidalamalar,2026.05.07
Rtrmax Alçıpan Vidalama Matkabı Rtm3110,2557.14,Akülü Vidalamalar,2026.05.07
Klpro Klav60266 500watt Profesyonel Alçı Panel Tornavidası,2810.16,Akülü Vidalamalar,2026.05.07
"Rtrmax  10&#039;lü Combo Set (rtx2095b,rtx2028b,rtx3010b,rtx3050b,rtx1004,4 Ad Rtx1804p Yeni̇ Nesi̇l Akü ,2 Ad Rtx1808 Şarj Ci̇hazi)",29899.0,Akülü Vidalamalar,2026.05.07
Rtrmax Rtx2026b 18v Kömürsüz Akülü Alçipan Vi̇dalama,4287.87,Akülü Vidalamalar,2026.05.07
Rtrmax Rtm332,2202.91,Akülü Vidalamalar,2026.05.07
Rtrmax Rts5020 Akülü Torklu Vi̇dalama Kömürsüz 200nm 2x4 Ah Akü S-lion,7040.04,Akülü Vidalamalar,2026.05.07
Rtrmax Rts5020b Akülü Torklu Vi̇dalama Kömürsüz 200nm S-lion *aküsüz Satilmaktadir*,2858.18,Akülü Vidalamalar,2026.05.07
RTM332T Akülü Vi̇dalama 12v 1.3ah 22nm Tek Akü,1640.32,Akülü Vidalamalar,2026.05.07
Rtrmax Rtm3516 Akülü Kömürsüz Darbesi̇z 16.8v 2 Ah. 50nm Çi̇ft Akü Vi̇dalama Matkap,4128.84,Akülü Vidalamalar,2026.05.07
Kl Pro Klha403 1/2&#039;&#039; Profesyonel Havalı Darbeli Somun Sıkma/sökme,2010.95,Akülü Vidalamalar,2026.05.07
SET055: Rtx3010b Akülü Kömürsüz 18v 70nm Darbeli̇ Matkap+ Rtx3060b Akülü Kömürsüz 18v 125mm Devi̇r Ayarli Avuç Taşlama,14489.3,Akülü Vidalamalar,2026.05.07
Rtm332T 12v 1.3 Ah Li-ion Tek Akülü Vidalama Ve Şarjlı Matkap (PVC Çantalı),2646.31,Akülü Vidalamalar,2026.05.07
Set 010  Şarjlı 4’lü Makine Seti S-lion Çantalı,17499.0,Akülü Vidalamalar,2026.05.07
Set 01 Şarjlı 2’li Makine Seti S-lion Çantalı,8439.0,Akülü Vidalamalar,2026.05.07
Rtrmax  Rtsset04  Şarjlı 4’lü Makine Seti S-lion Çantalı,17549.0,Akülü Vidalamalar,2026.05.07
"Rtrmax Set 46  Xli̇on 4lü Set Rtx3010b,rtx2028b,rtx2095b,rtx3060b,rtx1802,2x Rtx1804,rtx1809,rtx1019",20648.45,Akülü Vidalamalar,2026.05.07
"Rtx Set 45 Xli̇on 4lü Set Rtx3010b,rtx3050b,rtx2095b,rtx3060b,rtx1802,2x Rtx1804,rtx1809,rtx1019",20542.55,Akülü Vidalamalar,2026.05.07
"Rtx042 Xli̇on 3lü Set Rtx1820b,rtx2095b,rtx2055b,rtx1802,2x Rtx1804,rtx1808,rtx1019",15459.6,Akülü Vidalamalar,2026.05.07
"Rtx Set43 Xli̇on 2li̇ Set Rtx3010b,rtx2055b,rtx1802,rtx1804,rtx1809,rtx1015",10588.44,Akülü Vidalamalar,2026.05.07
"Rtx Set 44 Xli̇on 3lü Set Rtx3010b,rtx2095b,rtx3060b,rtx1802,2x Rtx1804,rtx1809,rtx1019",16942.13,Akülü Vidalamalar,2026.05.07
"Rtx Set41 Xli̇on 2li̇ Set Rtx1820b,rtx2055b,rtx1802,rtx1804,rtx1808,rtx1015",9211.8,Akülü Vidalamalar,2026.05.07
Ph1 89 Mm 3&#039;lü Yıldız Bits Uç Extrahard 2607001533,429.0,Akülü Vidalamalar,2026.05.07
Pz1 49 Mm 3&#039;lü Yıldız Vidalama Ucu Extrahard 2607001575,331.0,Akülü Vidalamalar,2026.05.07
"Einhell Tp-cd 18/60 Li-i Bl Akülü Vidalama 2x4,0 Ah Akülü",9114.0,Akülü Vidalamalar,2026.05.07
Grc 18v-60 Akülü Köşeli Somun Sıkma 2x2.0 Ah,14768.0,Akülü Vidalamalar,2026.05.07
Mclaren Dcf85mp2t-qw 18v 2x5ah Akülü Darbeli Vidalama,16640.0,Akülü Vidalamalar,2026.05.07
Dt7507-qz 9 Parça Lokma Anahtar Uç Seti,3664.0,Akülü Vidalamalar,2026.05.07
Grc 18v-60 Akülü Darbeli Somun Sıkma,5642.0,Akülü Vidalamalar,2026.05.07
Dck2200h2t 18v 2x5.0 Ah Akülü 2&#039;li Set,36259.0,Akülü Vidalamalar,2026.05.07
Gdr 18v-220 C Çift Akülü 5 Ah Darbeli Somun Sıkma Makinesi,23748.0,Akülü Vidalamalar,2026.05.07
Black+decker Revdd12altb Reviva 12 V Matkap,2420.0,Akülü Vidalamalar,2026.05.07
Bosch 35 Parça Ahşap Matkap Ucu Ve Bits Uç Seti 2607017725,1566.0,Akülü Vidalamalar,2026.05.07
"Professional Tp-cd 18/70 Li-i Bl (2x2,0ah)  Akülü Darbeli Vidalama - 4514316",7974.0,Akülü Vidalamalar,2026.05.07
Aeg Bsb 18c3bl-402c 18 V Çift Akülü 4 Ah Darbeli Matkap,19376.0,Akülü Vidalamalar,2026.05.07
Professional Gsb 120-li 2.0ah Çift Akülü Delme Vidalama Makinesi - 06019g8100,6459.0,Akülü Vidalamalar,2026.05.07
İzeltaş 6x150 Opak Seri̇ Düz Uçlu Tornavi̇da,352.0,Akülü Vidalamalar,2026.05.07
Bcf611sck-qw Silver Series Şarjlı Tornavida Hızlı Şarj 3.6v 1.6 Ah 5.5nm,1101.0,Akülü Vidalamalar,2026.05.07
Dt70818-qz 7 Adet 57mm Yildiz Karişim Çubuğu Flextorq,683.0,Akülü Vidalamalar,2026.05.07
Professional Gws 24-230 Jz Büyük Taşlama Makinesi,9196.0,Akülü Vidalamalar,2026.05.07
Professional Gbh 12-52 D Kırıcı Delici Matkap - 0611266100,52902.0,Akülü Vidalamalar,2026.05.07
İzeltaş Ph2 50mm Yildiz Bi̇ts Uç,191.0,Akülü Vidalamalar,2026.05.07
Dw268k Elektrikli Torklu Matkap Vidalama 540 Watt,18027.0,Akülü Vidalamalar,2026.05.07
Dx71 Torklu  Vi̇dalama,11120.46,Akülü Vidalamalar,2026.05.07
Wx252 4volt/1.5ah. Li-ion Şarjlı Tornavida + 10 Adet Bits Uç,2294.7,Akülü Vidalamalar,2026.05.07
Kress Kuc30.91 20volt Kömürsüz Profesyonel Şarjlı Darbeli Matkap (akü Dahil Değildir),8298.74,Akülü Vidalamalar,2026.05.07
Kress Kua72.91 20volt Kömürsüz Profesyonel Şarjlı Matkap (akü Dahil Değildir),8313.89,Akülü Vidalamalar,2026.05.07
Kress Kuc30 20volt/4.0ah Li-ion Çift Akülü Kömürsüz Profesyonel Şarjlı Darbeli Matkap,13912.37,Akülü Vidalamalar,2026.05.07
T25 H 25 Mm 2 Li Delikli Torx Bits Uç 2608522012,296.0,Akülü Vidalamalar,2026.05.07
Ph1 25 Mm 25&#039;li Yıldız Bits Uç Extrahard 2607001510,934.0,Akülü Vidalamalar,2026.05.07
Atb 21 - 3&#039;lü Kombo Set-kömürsüz Motor- A0104170,10757.49,Akülü Vidalamalar,2026.05.07
1-68-843 Torx Uç T25 X 25 Mm (25 Adet),890.0,Akülü Vidalamalar,2026.05.07
Sfmcf830b-xj Kömürsüz Darbeli Vidalama,6650.0,Akülü Vidalamalar,2026.05.07
Manyetik Uç Tutucu 1/4&#034; Hex 60mm,303.99,Akülü Vidalamalar,2026.05.07
Haispro Rb-db2101 Profesyonel Vidalama Matkap 21 V 2x2.0 Ah Çift Akülü,6950.0,Akülü Vidalamalar,2026.05.07
Dck2051p2t 18v 2x5.0 Ah Akülü 2&#039;li Set,20000.0,Akülü Vidalamalar,2026.05.07
Wx242 4volt/2.0ah. Li-ion Akıllı Tork Ayarlı Şarjlı Tornavida + 30 Adet Bits Uç,3127.0,Akülü Vidalamalar,2026.05.07
Gsb 18v-65 2x5 Ah Akülü Darbeli Matkap 06019n3103 18 watt,19957.49,Akülü Vidalamalar,2026.05.07
T6 X 25 Mm Torx Bits Uç Cb/802,185.0,Akülü Vidalamalar,2026.05.07
T30 X 90 Mm Torx Bits Uç Uzun Cb/8099,239.0,Akülü Vidalamalar,2026.05.07
8 X 42 Mm Manyetik Lokma Bt/0842,245.0,Akülü Vidalamalar,2026.05.07
Ceta Lokma Adaptörü 1/4&#034; - 1/4&#034; X 50mm Bt/7015,215.0,Akülü Vidalamalar,2026.05.07
T40 X 50 Mm Torx Bits Uç Cb/830,201.0,Akülü Vidalamalar,2026.05.07
F26/rds 12 In-1 Cırcırlı Depolu Topaç Bits Tornavidası,771.0,Akülü Vidalamalar,2026.05.07
Ad 414ri 14.4v Lityum-i̇yon Sürücü Akülü Matkap ( Yedek Bataryalı ),5000.0,Akülü Vidalamalar,2026.05.07
Impact Yıldız Bits Uç Pz2x25 Mm 2li,211.99,Akülü Vidalamalar,2026.05.07
Bits Uç Extrahard Ph2 152 Mm 2607001540,475.0,Akülü Vidalamalar,2026.05.07
Bits Vidalama Ucu  Extrahard Ph2 89 Mm 3&#039;lü,483.0,Akülü Vidalamalar,2026.05.07
"Genpower Gbg 40 Model 4 Kva Benzinli ,i̇pli, Tekerleksiz Monofaze ( 220 Volt) Portatif Jeneratör",14555.0,Matkaplar,2026.05.07
"Genpower Gbg 50ix Model 5 Kva, Benzinli, İpli   Açık Tip, Dijital İnverter Monofaze( 220 Volt) Portatif Jeneratör",22220.0,Matkaplar,2026.05.07
"Hhy7250e Benzinli Monofaze Marşlı Jeneratör 7,5 Kva",45922.5,Matkaplar,2026.05.07
"Power Lt10000 En 10,6 Kva İpli̇ Marşli Benzi̇nli̇ Jeneratör",34249.0,Matkaplar,2026.05.07
"Genpower Gbg 40 E Model 4 Kva Benzinli İpli / Marşlı, Tekerlekli, Monofaze  (220 Volt) Portatif Jeneratör",17570.0,Matkaplar,2026.05.07
Genpower Gbg 50 Model 5 Kva Benzinli İpli Tekerleksiz Monofaze ( 220 Volt) Portatif Jeneratör,17560.0,Matkaplar,2026.05.07
Hhy3300e Benzinli Marşlı Jeneratör 2.8 Kw,17257.5,Matkaplar,2026.05.07
Hhy960a Benzinli Çanta Jeneratör 1 Kva,7312.5,Matkaplar,2026.05.07
Sg3200x  Benzinli Jeneratör 3.5 Kva 2800 W - 5906226903,19539.9,Matkaplar,2026.05.07
G2800i̇ Benzinli İnverter Jeneratör 2.8 Kw,31590.0,Matkaplar,2026.05.07
G3600ie Benzinli İnvertör Jeneratör 3.5kw,49725.0,Matkaplar,2026.05.07
"Genpower Gbg 4000 Model 4 Kva Benzinli ,i̇pli, Tekerleksiz Monofaze ( 220 Volt) Portatif Jeneratör",17000.0,Matkaplar,2026.05.07
"Hhy3500e Benzinli Marşlı Jeneratör 3,8kva",24453.0,Matkaplar,2026.05.07
"Genpower Marka Gbg 40ie Model 4 Kva, Benzinli, Marşlı  Açık Tip, Dijital İnverter Monofaze ( 220 Volt) Portatif Jeneratör",25165.0,Matkaplar,2026.05.07
"Hhy6500 Benzinli Jeneratör 5500 Watt İpli, Avr’li, Sessiz Çalışma",38317.5,Matkaplar,2026.05.07
Portatif Benzinli Monofoze Jeneratör,13299.9,Matkaplar,2026.05.07
"Gbg 40i̇ Model 4 Kva, Benzinli, İpli, Tekerleksiz Açık Tip, Dijital İnverter Monofaze ( 220 Volt) Portatif Jeneratör",19895.0,Matkaplar,2026.05.07
Dhy9500lek Dizel Marşlı Jeneratör 8kva,70200.0,Matkaplar,2026.05.07
"Lc3500i̇ Marşlı İnvertör Jeneratör 4,35 Kva – Sessiz, Taşınabilir, Güvenilir",51772.5,Matkaplar,2026.05.07
2hp / 2.5 / 3 / 3.5 Kva Jeneratör Karbüratörü,1288.98,Matkaplar,2026.05.07
"Genpower Marka Gbg 50i Model 5 Kva, Benzinli, İpli   Açık Tip, Dijital İnverter Monofaze( 220 Volt) Portatif Jeneratör",22270.0,Matkaplar,2026.05.07
Genpower Gbg 15i̇ 1.5 Kva İpli Açık Tip Dijital İnverter Monofaze ( 220 Volt) Portatif Jeneratör,12660.0,Matkaplar,2026.05.07
"Genpower Gbg 15 Model 1.5 Kva Benzinli İpli, Tekerleksiz, Monofaze ( 220 Volt) Portatif Jeneratör",10335.0,Matkaplar,2026.05.07
"Gbg 50ixe Model 5 Kva,start/stoplu,tekerleksiz Açık Tip, Dijital İnverter Monofaze (220 Volt) Portatif Jeneratör",26870.0,Matkaplar,2026.05.07
Energy Km8000me Marşlı Benzinli Jeneratör,35684.74,Matkaplar,2026.05.07
"Hhy3500 Benzinli Jeneratör 3,5kva",20650.5,Matkaplar,2026.05.07
Pezal Pgg2700x Benzinli Jeneratör İpli 3kw,17550.0,Matkaplar,2026.05.07
Hhy4000 Benzinli Jeneratör 3.5 Kw İpli,23107.5,Matkaplar,2026.05.07
Hhy10000e Benzinli Jeneratör Marşlı Monofaze,53527.5,Matkaplar,2026.05.07
Hhy10000e-3 Benzinli Jeneratör Marşlı Trifaze,52650.0,Matkaplar,2026.05.07
Oj3500 Benzinli Jeneratör 2.8kw İpli,14625.0,Matkaplar,2026.05.07
"Lc10000das Benzinli Monofaze Marşlı Jeneratör 8,5 Kw",52650.0,Matkaplar,2026.05.07
"Gh10000ie Benzinli İnverter Jeneratör – 8,5 Kw Marşlı",58500.0,Matkaplar,2026.05.07
"Hhy7250e-3 Benzinli Trifaze Marşlı Jeneratör 7,5 Kva",48847.5,Matkaplar,2026.05.07
Hhy3300 Benzinli Jeneratör 2.8 Kw İpli,14040.0,Matkaplar,2026.05.07
"Hhy7250eas 6500w Benzinli Marşlı Jeneratör Otomatik Voltaj Ayarlı, Sessiz Çalışma",52006.5,Matkaplar,2026.05.07
Hhy12000ed Dual Power Jeneratör 10 Kw 220v/380v Marşlı 27l Bakır Sargı,76927.5,Matkaplar,2026.05.07
Hhy12000e Benzinli Jeneratör 10 Kw Monofaze Marşlı 27l Bakır Sargı 2x32a,65812.5,Matkaplar,2026.05.07
Hhy12000e-3 Trifaze Benzinli Jeneratör 10 Kw 380v Marşlı 27l Bakır Sargı,69322.5,Matkaplar,2026.05.07
Hhy4000e Benzinli Jeneratör 4.4 Kva Monofaze 220v Marşlı 15l Bakır Sargı,29542.5,Matkaplar,2026.05.07
G3500i İnverter Jeneratör 3.5 Kw 230v 50hz 8l 12v 13.9a İpli 26.5kg,45337.5,Matkaplar,2026.05.07
"Hhy10000ed 8000w Benzinli Jeneratör 220v / 380v Çift Voltaj, Sessiz Ve Güçlü",59670.0,Matkaplar,2026.05.07
Lc3000i̇ İnverter Jeneratör | 2.5 Kw Sessiz Benzinli,36855.0,Matkaplar,2026.05.07
Mp 3300 3 Kva İpli Benzinli Jeneratör 2750w 13 Lt,12899.0,Matkaplar,2026.05.07
"6,5 Kva Dizel Jeneratör 380 Volt",56608.29,Matkaplar,2026.05.07
"power 3,5 Kva Benzinli Jeneratör(i̇pli̇)",16408.2,Matkaplar,2026.05.07
"power 12,5 Kva Dizel Jeneratör 220 Volt",158424.0,Matkaplar,2026.05.07
"Power Lt9000 En 9,75 Kva Benzinli Jeneratör Ipli Marşlı",31249.0,Matkaplar,2026.05.07
"Pa950djk Jeneratör 8,1 Kva- 6,5 Kw Dizel Marşlı Monofaze 112612",57000.0,Matkaplar,2026.05.07
"Amc Power Benzinli Jeneratör Marşlı Ipli 3,5 Kva Bt3800-le - 2627002",16837.0,Matkaplar,2026.05.07
"Amc Power Benzinli Jeneratör Ipli 3,5kw Bt-3800 - 2627001",10846.73,Matkaplar,2026.05.07
Pa220jk Marşlı 200a Monofaze Benzinli Kaynak Jeneratörü - 112748,60737.5,Matkaplar,2026.05.07
"12,5 Kva Dizel Jeneratör 380 Volt",164110.29,Matkaplar,2026.05.07
"GBG 4000 E V3 Model 4 Kva Benzinli İpli / Marşlı, Tekerlekli, Monofaze (220 Volt) Portatif Jeneratör",18100.0,Matkaplar,2026.05.07
Rtrmax Rtr3510 2.5 Kva Monofaze İpli Benzinli Jeneratör,20252.7,Matkaplar,2026.05.07
Rtrmax Rtr9000e3 9.4kva / 7.5kw Benzi̇nli̇ Marşli Jeneratör,52099.22,Matkaplar,2026.05.07
Rtrmax Rtr3550 3.5kva / 2.8kw Benzi̇nli̇ Jeneratör,16966.18,Matkaplar,2026.05.07
Rtrmax Rtr8000e3 8.1kva / 6.5kw Benzi̇nli̇ Marşli Tri̇faze Jeneratör,51502.24,Matkaplar,2026.05.07
Rtrmax Rtr8000e 8.1kva/6.5kw Benzi̇nli̇ Marşli Monofaze Jeneratör,51502.24,Matkaplar,2026.05.07
Rtrmax Rtr6500e3 6.8kva / 5.5kw Benzi̇nli̇ Marşli Tri̇faze Jeneratör,43166.18,Matkaplar,2026.05.07
Rtrmax Rtr6500e 6.8kva / 5.5kw Benzi̇nli̇ Marşli Jeneratör,42221.86,Matkaplar,2026.05.07
Km4000-me Marşlı Benzinli Jeneratör,14663.0,Matkaplar,2026.05.07
Tc-pg 65/e5 Benzinli Jeneratör,43500.0,Matkaplar,2026.05.07
Pa350jm Jeneratör 2.8 Kw Marşlı,18949.0,Matkaplar,2026.05.07
Hais Cb2500i Profesyonel 1 Kw Kaynak Jeneratörü,18150.0,Matkaplar,2026.05.07
Tüm Jeneratörler İçi̇n 5 / 6.5 / 8 Kva 25 Lt Yakit Deposu,3069.0,Matkaplar,2026.05.07
Et950 Volan İçi̇ Sargi Bobi̇ni̇,1043.46,Matkaplar,2026.05.07
Tüm Modeller 3 / 5 / 5.5 / 6.5 / 8 Kva Yakit Musluğu Küçük Somun,736.56,Matkaplar,2026.05.07
Jeneratör 2 / 2.5 / 3 / 3.5 Kwa 6 Kablolu Monofaze Di̇kdörtgen Avr,1227.6,Matkaplar,2026.05.07
Tüm Modeller 3 / 6.5 / 7 / 8 Kva Jeneratör Ji̇kle Terti̇bati,1227.6,Matkaplar,2026.05.07
Jeneratör Hava Fi̇ltresi̇ Komple 2 / 2.5 / 3 / 3.5 Kva,1288.98,Matkaplar,2026.05.07
Jeneratör 2 / 2.5 / 3 / 3.5 Kwa 6 Kablolu Monofaze Yarim Ay Avr,1227.6,Matkaplar,2026.05.07
Jeneratör Hava Fi̇ltresi̇ Üst Gövde Kapak 4 / 5 / 6.5 / 7 / 8 Kva,1104.84,Matkaplar,2026.05.07
Ef950 Çanta Ti̇pi̇ Jeneratör Karbüratörü,1288.98,Matkaplar,2026.05.07
Jeneratör Hava Fi̇ltresi̇ Komple 4 / 5 / 6.5 / 7 / 8 Kva,1534.5,Matkaplar,2026.05.07
Jeneratör 4 / 5 / 6.5 Kwa 6 Kablolu Yarim Ay Avr,1534.5,Matkaplar,2026.05.07
Jeneratör Hava Fi̇ltresi̇ Alt Gövde 4 / 5 / 6.5 / 7 / 8 Kva,1043.46,Matkaplar,2026.05.07
Tüm Modeller 3 / 5 / 5.5 / 6.5 / 8 Kva Yakit Musluğu Büyük Somun,797.94,Matkaplar,2026.05.07
Jeneratör 4 / 5 / 6.5 Kwa 8 Kablolu Yarim Ay Avr,1534.5,Matkaplar,2026.05.07
Gx340 Gx390 Selonoi̇dli̇ Jeneratör Karbüratörü 6 Kva 6.5 Kva,2762.1,Matkaplar,2026.05.07
Et950 Ateşleyi̇ci̇ Üni̇te  Bobi̇ni̇ ( Cdi Unit ),1043.46,Matkaplar,2026.05.07
Gx340 / Gx390 Motor Karbüratörü Musluklu,1841.4,Matkaplar,2026.05.07
Çanta Ti̇pi̇ Jeneratör Benzi̇n Depo Kapaği Et950,736.56,Matkaplar,2026.05.07
Jeneratör Depo Kapaği 2 / 2.5 / 4 / 5 / 6.5 / 7 / 8 / Kva,736.56,Matkaplar,2026.05.07
6.2kw Lityum Sessiz Jenaratör,136173.0,Matkaplar,2026.05.07
11kW LiFePO4 Lityum Demir Fosfat Tek Faz Sessiz Jenaratör,258687.0,Matkaplar,2026.05.07
8kW LiFePO4 Lityum Demir Fosfat Tek Faz Sessiz Jenaratör,184384.0,Matkaplar,2026.05.07
Pglg-9690 Benzinli Ve Lpg&#039;li Jeneratör,13299.0,Matkaplar,2026.05.07
Pa350je Benzinli Jeneratör - İpli - 2.8 Kw,15329.0,Matkaplar,2026.05.07
"Rtrmax Rtr3500 Rother Benzinli Jeneratör 2,7 Kva",11619.99,Matkaplar,2026.05.07
Datsu Dbj4800 Monofaze İpli Benzinli Jeneratör,19539.0,Matkaplar,2026.05.07
Mp3600 E Benzinli Jeneratör Marşlı 2750 Kva,12468.0,Matkaplar,2026.05.07
Tc-pg 10/e5 Jeneratör Benzinli,10469.99,Matkaplar,2026.05.07
Tc-pg 55/e5 Benzinli Jeneratör,39500.0,Matkaplar,2026.05.07
"Kama Kgl3500c Benzinli Jeneratör 3,5 Kva",12512.5,Matkaplar,2026.05.07
Palmera Pa900jm Monofaze Marşlı Benzinli Jeneratör,40939.0,Matkaplar,2026.05.07
Jeneratör TC-PG 1000,15598.7,Matkaplar,2026.05.07
Mb6000 5.5kw 6.5kva 13bg 340cc 75kg Tekerli İpli Monofaze Benzinli Jeneratör,36500.0,Matkaplar,2026.05.07
Mb9000 7.5kw 9.5kva 17bg 458cc 90kg Tekerli Marşlı Monofaze Benzinli Jeneratör,45000.0,Matkaplar,2026.05.07
Germany 24 Volt Dc Jeneratör Otomatik Akü Şarj Jeneratörü,33918.75,Matkaplar,2026.05.07
Benzi̇nli̇ Jenaratör  3 Kw Marşli İpli̇ Bakir Sargi Monofaze,15999.0,Matkaplar,2026.05.07
Mb3500 2.5kw 3.1kva 6.5bg 168cc 35kg Tekerli İpli Monofaze Benzinli Jeneratör,15455.0,Matkaplar,2026.05.07
"Sg7100x Benzinli Trifaze Jeneratör 5,5kw - 5906229903",43488.0,Matkaplar,2026.05.07
Di̇zel Jeneratör 5 Hp / 6.5 Hp / 7 Hp / 8 Hp  Motor  Egzoz Kople,2025.54,Matkaplar,2026.05.07
Sg2500i̇ İnvertörlü Portatif Benzinli Monofaze Mini Jeneratör 2 Kw - 5906226901,23840.9,Matkaplar,2026.05.07
Rtrmax Rtr9000e 9.4kva / 7.5kw Benzi̇nli̇ Marşli Jeneratör,50193.09,Matkaplar,2026.05.07
Rtrmax Rtr3550e 3.5kva / 2.8kw Benzi̇nli̇ Marşli Jeneratör,21567.52,Matkaplar,2026.05.07
3.2 Kw İnverter Benzinli Jeneratör Tp535006,38799.0,Matkaplar,2026.05.07
ROL-TIGER 3.5 KVA - 2.7 KWA Benzinli Jenaratör,7084.9,Matkaplar,2026.05.07
RTM2290 SDS PLUS KIRICI DELİCİ 1050W 3.0 JUL 26MM,3859.78,Kırıcılar ve Deliciler,2026.05.07
Kırıcı 1700W 45J,8499.0,Kırıcılar ve Deliciler,2026.05.07
MSRH1500 Kırıcı Delici 5J 1500 W SDS Plus,3899.0,Kırıcılar ve Deliciler,2026.05.07
L Tipi Kırıcı Delici 1250 Watt,3299.0,Kırıcılar ve Deliciler,2026.05.07
ERH1500 5J SDS Kırıcı Delici 1500W,4449.0,Kırıcılar ve Deliciler,2026.05.07
Kırıcı Delici TC-RH 620 4 F,3599.0,Kırıcılar ve Deliciler,2026.05.07
Gbh 2-26 Dre Sds+ Kırıcıdel,8399.0,Kırıcılar ve Deliciler,2026.05.07
ERH750 3J SDS Kırıcı Delici 750W,3299.0,Kırıcılar ve Deliciler,2026.05.07
Kırıcı Delici GBH 2-24 DRE 790 W,6990.0,Kırıcılar ve Deliciler,2026.05.07
Kırıcı 1600 Watt,7999.0,Kırıcılar ve Deliciler,2026.05.07
EBR1750 Kırıcı 45J 1750W,12999.0,Kırıcılar ve Deliciler,2026.05.07
850w Darbeli Metal Şanzıman Kırıcı Delici Hilti Matkap,2099.9,Kırıcılar ve Deliciler,2026.05.07
Kırıcı Delici D25143K 900 W,6945.0,Kırıcılar ve Deliciler,2026.05.07
Lieber German 1500 Watt 2.28mm Bakır Sargılı 7.0 Joule Kablolu Kırıcı Delici Hilti Matkap +5 Uç Hediye,1599.0,Kırıcılar ve Deliciler,2026.05.07
HR2470 Kırıcı Delici,7058.0,Kırıcılar ve Deliciler,2026.05.07
Gbh 240 Sds Kırıcı Delici + Sds Plus Set - 0615990m99,8999.0,Kırıcılar ve Deliciler,2026.05.07
Profesyonel Kırıcı GSH 11E 1500 W,32439.0,Kırıcılar ve Deliciler,2026.05.07
"Bhd3203 Pnömatik Kırıcı Delici 1500w 25j 6,5kg",5850.0,Kırıcılar ve Deliciler,2026.05.07
Hr2470 Kırıcı Delici Matkap 780 Watt,7058.0,Kırıcılar ve Deliciler,2026.05.07
"Te-hd 18 Li - Solo, Akülü Pnömatik Matkap - 4513812",4377.23,Kırıcılar ve Deliciler,2026.05.07
Te-dh 5 Kırıcı 750w 5j 3.9kg - 4139135 Kırmızı,5198.7,Kırıcılar ve Deliciler,2026.05.07
Kırıcı Delici Matkap PBH 2100 RE,4146.0,Kırıcılar ve Deliciler,2026.05.07
DCH133NT 18 Volt Kömürsüz SDS-PLUS 2.6J Kırıcı/Delici (Aküsüz),11334.0,Kırıcılar ve Deliciler,2026.05.07
Kırıcı Delici GBH 2-28 F 880 W,13420.0,Kırıcılar ve Deliciler,2026.05.07
KLPM2601 Kırıcı Delici 3.2J 850W,4250.0,Kırıcılar ve Deliciler,2026.05.07
D25133k Kırıcı Delici 800 Watt (2.6 Joule),5760.0,Kırıcılar ve Deliciler,2026.05.07
Çelik Şanzıman Kırıcı Delici Darbeli Matkap 2-28mm Hilti-powerblack,1776.0,Kırıcılar ve Deliciler,2026.05.07
RTM2760 SDS HEX KIRICI 1700W 60 JUL,10499.0,Kırıcılar ve Deliciler,2026.05.07
Eisenn Esh-1100 Kırıcı Delici Hilti Matkap Taşıma Çantalı Uç Hediyeli,2899.9,Kırıcılar ve Deliciler,2026.05.07
Eisenn Esh-2200 Kırıcı Professionel 18 Kg.çantalı Uç Hediyeli,6599.9,Kırıcılar ve Deliciler,2026.05.07
GBH 540 D KIRICI-DELİCİ 1150W,28499.0,Kırıcılar ve Deliciler,2026.05.07
TC-DH 43 Kırıcı,12399.0,Kırıcılar ve Deliciler,2026.05.07
1800w Darbeli 16 Kg Kırıcı Delici Hilti,5699.9,Kırıcılar ve Deliciler,2026.05.07
Uneomaxx 18v Kirici Delici (solo),5999.0,Kırıcılar ve Deliciler,2026.05.07
500w Darbeli Metal Şanzıman 13mm Elektrikli Matkap,1099.9,Kırıcılar ve Deliciler,2026.05.07
18blrh Kömürsüz Kırıcı-delici + 18ag Taşlama + 18 V 8.0 Ah Çift Akülü Set,18217.0,Kırıcılar ve Deliciler,2026.05.07
21-18blrh Kömürsüz Çift Akülü Sds-plus Kırıcı Delici - 18 V 8.0 Ah,15935.0,Kırıcılar ve Deliciler,2026.05.07
18blrh Kömürsüz Kırıcı-delici + 18id Darbeli Vidalama + 18 V 8.0 Ah Çift Akülü Set,17595.0,Kırıcılar ve Deliciler,2026.05.07
21-18blrh Kömürsüz Çift Akülü Sds-plus Kırıcı Delici - 18 V 4.0 Ah,11940.0,Kırıcılar ve Deliciler,2026.05.07
Rh1500-e Sds-plus Kırıcı Delici - 1.500 W,6609.0,Kırıcılar ve Deliciler,2026.05.07
Atp 810 Pnömatik Kırıcı-delici 800 W,2289.15,Kırıcılar ve Deliciler,2026.05.07
Aero2spade Pnömatik Havalı Kırıcı 27joules 6.3 Bar + 5 Parça - 5909601900,8750.0,Kırıcılar ve Deliciler,2026.05.07
18blrh Kömürsüz Kırıcı-delici + 18id Darbeli Vidalama + 18 V 4.0 Ah Çift Akülü Set,15987.0,Kırıcılar ve Deliciler,2026.05.07
RTM226 SDS PLUS KIRICI DELİCİ 800W 3.0 JUL 26MM,2833.33,Kırıcılar ve Deliciler,2026.05.07
"Profesyonel Elektrikli 3&#039;lü Set Matkap,taşlama,kırıcı/delici Hilti",4249.9,Kırıcılar ve Deliciler,2026.05.07
D25143k-tr Kırıcı Delici Matkap 900 Watt (3.0 Jul),6945.0,Kırıcılar ve Deliciler,2026.05.07
Tc-rh 28 3f 950 W Kırıcı Delici-4258002,4374.99,Kırıcılar ve Deliciler,2026.05.07
Gbh 240 Kirici Deli̇ci̇,5745.0,Kırıcılar ve Deliciler,2026.05.07
Gbh 187 Lı One Akülü Kırıcı Delici 18 Volt (akü Ve Şarj Aleti Hariç),13262.0,Kırıcılar ve Deliciler,2026.05.07
Alman 4x3 Pro 128 V 4&#039;lü Set Kırıcı Delici Somun Sıkma Taşlama Makinesi Matkap 3 Akülü,6499.0,Kırıcılar ve Deliciler,2026.05.07
RTX2095B AKÜLÜ KIRICI-DELİCİ KÖMÜRSÜZ 2.2J 22MM X-LION *AKÜSÜZ SATILMAKTADIR*,3969.0,Kırıcılar ve Deliciler,2026.05.07
D25133k 800w Kırıcı Delici,5760.0,Kırıcılar ve Deliciler,2026.05.07
Dx27 1500w Sds-plus Kirici Deli̇ci̇,9459.85,Kırıcılar ve Deliciler,2026.05.07
TC-RH 800 4F Kırıcı Delici,6752.62,Kırıcılar ve Deliciler,2026.05.07
Pnömatik Matkap Kırıcı Delici 950 Watt,6420.37,Kırıcılar ve Deliciler,2026.05.07
Bosch Professional Gbh 5-40 D Kırıcı/delici - 0611269020,26521.8,Kırıcılar ve Deliciler,2026.05.07
Gbh 2-26 Dre Profesyonel Kırıcı-delici Matkap 800w + Bosch Sds-plus Matkap Ucu Ve Keski Seti 11&#039;li,9750.0,Kırıcılar ve Deliciler,2026.05.07
Cheli̇kbei̇ 16kg Hte Kirici,6439.0,Kırıcılar ve Deliciler,2026.05.07
Alman Pro 4200 Çelik Şanzuman Bakir Sargili Kırıcı Delici Hilti Matkap 10 Adet Uç Yedek Mandren,2699.0,Kırıcılar ve Deliciler,2026.05.07
DCH253M2 Kırıcı Delici 18 V,26453.29,Kırıcılar ve Deliciler,2026.05.07
Klpro Klpm18bh-00 18v 2.8j Pnömatik Matkap Kırıcı/delici Aküsüz/solo Tek Makine,6608.5,Kırıcılar ve Deliciler,2026.05.07
Rtrmax Rtm240 Kırıcı-delici Pnömatik 6.9 Kg 1500w,7411.59,Kırıcılar ve Deliciler,2026.05.07
GBH 3-28 DRE Kırıcı Delici,14608.0,Kırıcılar ve Deliciler,2026.05.07
Gbh 12-52 Dv Kırıcı Delici,50577.0,Kırıcılar ve Deliciler,2026.05.07
Kırıcı Delici 1350 Watt D25614K,27353.0,Kırıcılar ve Deliciler,2026.05.07
Wx337 750watt 2.0j Profesyonel Sds-plus Kırıcı/delici,5397.22,Kırıcılar ve Deliciler,2026.05.07
RTM2745 SDS MAX KIRICI 1600W 25J RTRMAX,12237.81,Kırıcılar ve Deliciler,2026.05.07
Gbh 180-li 4.0ah Tek Akü Kırıcı Delici - 0611911122,12654.99,Kırıcılar ve Deliciler,2026.05.07
Te-rh 38 3f Kırıcı Delici Kırmızı,8999.0,Kırıcılar ve Deliciler,2026.05.07
Professional Gbh 240 + Gws 750-125 S Kırıcı Ve Taşlama Set - 0615990m8h,8716.0,Kırıcılar ve Deliciler,2026.05.07
Kırıcı 1100W GSH 501,23170.0,Kırıcılar ve Deliciler,2026.05.07
"HEROCCO 36/28 - Solo, Kömürsüz Akülü Kırıcı Delici",12499.0,Kırıcılar ve Deliciler,2026.05.07
TE-RH 950 5F Kırıcı delici,8199.0,Kırıcılar ve Deliciler,2026.05.07
Universalhammer 18v (solo),6799.0,Kırıcılar ve Deliciler,2026.05.07
Gbh 185-li Solo Kırıcı Delici,11599.0,Kırıcılar ve Deliciler,2026.05.07
"Classic Tc-rh 620 4f Kit,",4199.0,Kırıcılar ve Deliciler,2026.05.07
Gbh 240 Pnömatik Kırıcı Delici 790 Watt,5745.0,Kırıcılar ve Deliciler,2026.05.07
Lieber German Teknoloji 2.30mm Bakır Sargılı 7 Joule Kablolu Kırıcı Delici Hilti Darbeli Matkap +5 Uç Hediye,1499.0,Kırıcılar ve Deliciler,2026.05.07
Elektropnömatik Kırıcı Delici (sds Plus) Rtm2290,3859.78,Kırıcılar ve Deliciler,2026.05.07
11kg Dwe1 Kırıcı Delici Hilti,13608.0,Kırıcılar ve Deliciler,2026.05.07
11kg Bse1 Kırıcı Delici Hilti,13651.0,Kırıcılar ve Deliciler,2026.05.07
Professional Tp-hd 18/22 Li Bl +4 - Solo Akülü Kırıcı Delici 4514275,13292.0,Kırıcılar ve Deliciler,2026.05.07
R18sds-0 Akülü Pnömatik Kırıcı Delici 18v (akü Ve Şarj Cihazı Dahil Değildir) - 5133002305,7694.0,Kırıcılar ve Deliciler,2026.05.07
Rsds1050-k Elektrikli Kırıcı Delici Matkap Sds Plus 1050w - 5133004350,8512.4,Kırıcılar ve Deliciler,2026.05.07
Butools Çelik Şanzuman Bakir Sargili Kırıcı Delici Hilti Matkap,3000.0,Kırıcılar ve Deliciler,2026.05.07
Li-ion Akülü Kömürsüz 42v Kirici Deli̇ci̇ Trhli422682e,14689.0,Kırıcılar ve Deliciler,2026.05.07
Pr1245 Wk Kanal Kazima Maki̇nasi,16882.8,Kırıcılar ve Deliciler,2026.05.07
Skil 1770ga Kirici Deli̇ci̇ 850w 2.8j Çantali 3 Deli̇ci̇ Uç+1 Mandren,8148.0,Kırıcılar ve Deliciler,2026.05.07
"Skil Set-16 (skil Xp 3851ja Akülü Kirici Deli̇ci̇ Çantali+2xskil 3104aa 4,ah Li Batarya Promo+skil 3122aa 2,4 A Şarj Ci̇hazi)",23750.0,Kırıcılar ve Deliciler,2026.05.07
Pr 1540 Cl Kanal Açma Maki̇nesi̇,7526.4,Kırıcılar ve Deliciler,2026.05.07
"Set-46 (einhell Professional Tp-hd 18/28 D Li Bl +4 Akülü Kırıcı Delici+einhell 18v 2 X 4,0 Ah Pxc Twincharger Kit, Akü &amp; Şarj Cihazı)",21189.0,Kırıcılar ve Deliciler,2026.05.07
Professional Tp-hd 18/28 D Li Bl +4 - Solo Akülü Kırıcı Delici 4514272,13978.0,Kırıcılar ve Deliciler,2026.05.07
"Set-45 (einhell Professional Tp-hd 18/22 Li Bl +4 Akülü Kırıcı Delici+einhell 18v 4,0 Ah Pxc Starter Kit, Akü &amp; Şarj Cihazı)",16719.0,Kırıcılar ve Deliciler,2026.05.07
"Set-47 (einhell Professional Tp-hd 18/28 D Li Bl +4 Akülü Kırıcı Delici+einhell 18v 4,0 Ah Pxc Starter Kit, Akü &amp; Şarj Cihazı)",17289.0,Kırıcılar ve Deliciler,2026.05.07
"Set-44 (einhell Professional Tp-hd 18/22 Li Bl +4 Akülü Kırıcı Delici+einhell 18v 2 X 4,0 Ah Pxc Twincharger Kit, Akü &amp; Şarj Cihazı)",20639.0,Kırıcılar ve Deliciler,2026.05.07
Dx21bc 18volt 2.0ah 2.2j Li-ion Tek Akülü Şarjlı Kömürsüz Profesyonel Sds-plus Pnömatik Kırıcı/delici,8674.49,Kırıcılar ve Deliciler,2026.05.07
Japan 4500w Çelik Şanzuman Bakir Sargılı 2-28 Kırıcı Delici Hilti Matkap 5 Adet Uç,1699.0,Kırıcılar ve Deliciler,2026.05.07
21v Çift Akülü Kömürsüz Şarjlı 13 Başlıklı Set,8299.9,Kırıcılar ve Deliciler,2026.05.07
Alman Pro 4200 Çelik Şanzuman Bakir Sargili Kırıcı Delici Hilti Matkap + 5 Adet Uç Yedek Mandren,2299.0,Kırıcılar ve Deliciler,2026.05.07
Gbh 8-45D Kırıcı-Delici 1500w,36595.0,Kırıcılar ve Deliciler,2026.05.07
D25966 Kırıcı,59065.0,Kırıcılar ve Deliciler,2026.05.07
Lieber German Süper 2li 1500 Watt 2.28 Kırıcı Delici Matkap &amp; 2x Akülü Şarjlı Vidalama Matkap 30 Pcs Set,2399.0,Kırıcılar ve Deliciler,2026.05.07
Gbh 2-26 Dre Pnömatik Kırıcı Delici 800 Watt,8999.0,Kırıcılar ve Deliciler,2026.05.07
Rtrmax Rtx2095b Aküsüz Kırıcı Deli̇ci̇ 18v,4129.0,Kırıcılar ve Deliciler,2026.05.07
Rtrmax Rtm240 Elektropnömatik Kırıcı Delici Matkap Sds Max 1500w,7411.59,Kırıcılar ve Deliciler,2026.05.07
Rtrmax Sds Max Kirici 1300 W 15 Jul,6077.32,Kırıcılar ve Deliciler,2026.05.07
RTM2715 SDS MAX KIRICI 1300W 15 JUL,6549.2,Kırıcılar ve Deliciler,2026.05.07
Gbh 185-li 4.0 Ah Tek Akülü Kırıcı Delici,12145.0,Kırıcılar ve Deliciler,2026.05.07
Gbh 2-28 Sds Plus Kırıcı Delici Plastik Çantalı,10256.0,Kırıcılar ve Deliciler,2026.05.07
Gsh 16 Profesyonel 16 Kg 1750 Watt Elektrikli Kırıcı,89000.0,Kırıcılar ve Deliciler,2026.05.07
Alman Turbo 5800 Pro 17 Kg Büyük Tip Kırıcı Hilti 70 Joule Taşıma Çantalı,5999.0,Kırıcılar ve Deliciler,2026.05.07
Kömürsüz SDS Plus 2j Kırıcı SFMCH900B V20,7591.0,Kırıcılar ve Deliciler,2026.05.07
Gbh 6-42 C Kirici Delici,31464.0,Kırıcılar ve Deliciler,2026.05.07
Dx25 1100w Pro Kirici Deli̇ci̇,15392.68,Kırıcılar ve Deliciler,2026.05.07
German 58vf Brushless 6&#039;li Set Şarjlı Hilti Şarjlı Taşlama Şarjlı Darbeli Matkap Makas&amp;testere,7443.0,Kırıcılar ve Deliciler,2026.05.07
3 Lü Set Torklu Vidalama Somun Sıkma Şarjlı Matkap 2-26mm Şarjlı Taşlama 125mm,4999.0,Kırıcılar ve Deliciler,2026.05.07
Kırıcı Delici PBH 2500 RE 600 W,4700.9,Kırıcılar ve Deliciler,2026.05.07
Professional Gbh 2-28 Kırıcı Delici Matkap - 0611267500,9210.9,Kırıcılar ve Deliciler,2026.05.07
Eisenn Şarjlı Akülü 4&#039;lü Set Kırıcı Delici - Avuç Taşlama - Darbeli Matkap 13mm - Somun Sıkma Ve Sökme,9999.9,Kırıcılar ve Deliciler,2026.05.07
250w 2 Kademeli Bakır Sargılı Darbeli Kırıcı Delici Hilti,1399.9,Kırıcılar ve Deliciler,2026.05.07
Gbh 2-26 Dre Sds Plus Kırıcı Delici Plastik Çantalı,11999.0,Kırıcılar ve Deliciler,2026.05.07
"Bhd2810 Pnömatik Kırıcı Delici 1050w, 3j",4972.5,Kırıcılar ve Deliciler,2026.05.07
Bhd2608 800w Kırıcı Delici 2.8j,4095.0,Kırıcılar ve Deliciler,2026.05.07
"Bhd4203 Pnömatik Kırıcı Delici 1600w 9j 7,3kg",8775.0,Kırıcılar ve Deliciler,2026.05.07
Rh20x-20 Akülü Kırıcı Delici Kömürsüz 2j Akü Ve Şarj Cihazı Hariç,7312.5,Kırıcılar ve Deliciler,2026.05.07
D25810k-qs 1050w 6kg Profesyonel Sds-max Kırıcı,25756.24,Kırıcılar ve Deliciler,2026.05.07
Te-dh 12 Kırıcı 1050w 12j,11688.0,Kırıcılar ve Deliciler,2026.05.07
4139045 Tc-pc 45 Set Pnömatik Havalı Keski Çekiç Kırıcı Makinesi,3088.01,Kırıcılar ve Deliciler,2026.05.07
Gbh 2-26 Dre 800 W Kirici Deli̇ci̇,8999.0,Kırıcılar ve Deliciler,2026.05.07
Dh45ma 11.3j 1400w Profesyonel Kırıcı/delici,39000.0,Kırıcılar ve Deliciler,2026.05.07
Dh26pc2 3.2j 830w Profesyonel Kırıcı/delici Matkap,8500.0,Kırıcılar ve Deliciler,2026.05.07
Şarjlı Hilti Dw36,4368.0,Kırıcılar ve Deliciler,2026.05.07
Cheli̇kbei̇ 16kg Bse Kirici,6366.0,Kırıcılar ve Deliciler,2026.05.07
Klpro Klkd580p 1100watt 6j Profesyonel Sds-plus Kırıcı/delici,11690.53,Kırıcılar ve Deliciler,2026.05.07
Gbh 2-26 Dre 800 W Kırıcı Delici,8999.0,Kırıcılar ve Deliciler,2026.05.07
2-28 Bse Kırıcı Delici Hilti,2234.0,Kırıcılar ve Deliciler,2026.05.07
Einhell Te Rh 32 4f Kırıcı Deilici 1250 Watt,10867.99,Kırıcılar ve Deliciler,2026.05.07
Einhell Te Rh 40 3f Kırıcı Deilici 1050 Watt,14991.08,Kırıcılar ve Deliciler,2026.05.07
Cat Power 5930 Kırıcı Delici 3 Kg 850 Watt,5241.84,Kırıcılar ve Deliciler,2026.05.07
Einhell Tp Hd 18/26 Solo Kırıcı Delici,14800.3,Kırıcılar ve Deliciler,2026.05.07
Catpower 5925 Kırıcı Delici 3 Kg 920 Watt,5783.39,Kırıcılar ve Deliciler,2026.05.07
Kömürsüz  6x4  6&#039;li Set Kırıcı Delici Somun Sıkma Taşlama Makinesi Matkap Dekupaj Sunta Kesme,12999.0,Kırıcılar ve Deliciler,2026.05.07
Alman 4200 Turbo X-series 11 Kg Kırıcı Delici Hilti Sds Max 3 Fonksiyonlu,11999.0,Kırıcılar ve Deliciler,2026.05.07
Alman 4200 Watt Kırıcı Delici 5.0 J- Metal Dişli Şanzuman Hilti Darbeli 10 Uç,2499.0,Kırıcılar ve Deliciler,2026.05.07
Profesyonel 16 Kg 70 Joule 65 Mm Büyük Tip Kırıcı Delici Sivri Ve Yassı Keski Hediyeli Çantalı,5999.0,Kırıcılar ve Deliciler,2026.05.07
Professional Gsb 18v-60 C Professional Solo Akülü Darbeli Delme/vidalama Makinesi (akü Ve Şarj Yok),15594.0,Kırıcılar ve Deliciler,2026.05.07
Professional Gsh 14 C Kırıcı - 0611344020,61906.1,Kırıcılar ve Deliciler,2026.05.07
Einhell Te Rh 950 5f Sds Plus Kırıcı Delici,10137.23,Kırıcılar ve Deliciler,2026.05.07
Murcell Benzi̇nli̇ Kirici Deli̇ci̇ Hi̇lti̇  7.9 Hp 62cc Profesyonel,16999.0,Kırıcılar ve Deliciler,2026.05.07
Einhellte Hd 18/12 Li̇ Solo Pnömatik Matkap,5041.85,Kırıcılar ve Deliciler,2026.05.07
Einhellte Hd 18/20 Li̇ Solo Pnömatik Matkap,8083.38,Kırıcılar ve Deliciler,2026.05.07
16kg Bse Kırıcı Hilti,6366.0,Kırıcılar ve Deliciler,2026.05.07
Proter Ph 850 K Pnömatik Kırıcı Delici Matkap,5421.09,Kırıcılar ve Deliciler,2026.05.07
Muhafazalı Keski 30 Cm,352.95,Kırıcılar ve Deliciler,2026.05.07
Einhell Th Rh 1600 Sds Plus Kırıcı Delici 1600 Watt,7700.31,Kırıcılar ve Deliciler,2026.05.07
"Cat Power 5931 Kırıcı Delici 3,2 Kg 800 Watt",5475.69,Kırıcılar ve Deliciler,2026.05.07
170-200 Bar Profesyonel Inverter Basınçlı Oto Yıkama Makinası,35362.0,Kırıcılar ve Deliciler,2026.05.07
11 Kg Kırıcı Matkap 1500 W,13676.8,Kırıcılar ve Deliciler,2026.05.07
Dh28pcy2 28 Mm / 850 W Kırıcı Delici Hilti Matkap,16000.0,Kırıcılar ve Deliciler,2026.05.07
Darbesiz Matkap Ve Kırıcı Delici Matkap (set 4),17313.48,Kırıcılar ve Deliciler,2026.05.07
Darbesiz Matkap Ve Kırıcı Matkap (set 5),14993.7,Kırıcılar ve Deliciler,2026.05.07
Kırıcı Delici Matkap Dt01hd,4716.0,Kırıcılar ve Deliciler,2026.05.07
Einhell Herocco Solu Kırıcı Delici,10120.3,Kırıcılar ve Deliciler,2026.05.07
"SDS Max Kırıcı 1500 Watt 10,5KG 25J KLKR1100M",20120.99,Kırıcılar ve Deliciler,2026.05.07
Kırıcı 1700 Watt KLKR1800H 18.8 Kg,27531.62,Kırıcılar ve Deliciler,2026.05.07
Kırıcı Delici 1100 Watt KLKD610M,13235.81,Kırıcılar ve Deliciler,2026.05.07
RTM240 SDS MAX KIRICI DELİCİ 1500W 9.0JUL 40MM,7411.59,Kırıcılar ve Deliciler,2026.05.07
RTM2330 SDS PLUS KIRICI DELİCİ 1500W 5.5 JUL 32MM,5002.53,Kırıcılar ve Deliciler,2026.05.07
RTM271 SDS MAX KIRICI DELİCİ 1500W 25JUL 50MM,14759.0,Kırıcılar ve Deliciler,2026.05.07
RTM2780 SDS HEX KIRICI 1700W 75 JUL,14599.0,Kırıcılar ve Deliciler,2026.05.07
Klpro Klpm18bh-50 18v/5.0ah. 2.8j Kömürsüz Çift Akülü Pnömatik Matkap Kırıcı/delici,13165.09,Kırıcılar ve Deliciler,2026.05.07
Rtrmax Rtm2330 Elekropnömatik Kırıcı Delici Sds Plus 1500w 5.5 J,5240.74,Kırıcılar ve Deliciler,2026.05.07
Rtrmax Rts5040 Akülü Pnömati̇k Kirici-deli̇ci̇ Kömürsüz 1.8j 20mm 2x4 Ah Akü S-lion,9649.19,Kırıcılar ve Deliciler,2026.05.07
Rtrmax  Rts5040b Akülü Pnömati̇k Kirici-deli̇ci̇ Kömürsüz 1.8j 20mm S-lion *aküsüzsatilmaktadir*,5634.15,Kırıcılar ve Deliciler,2026.05.07
Kleco Ke12kd 1250w 12j 7.6kg Sds-max Kırıcı/delici,11912.12,Kırıcılar ve Deliciler,2026.05.07
Rtrmax Rtm2765 Pnömatik Kırıcı Delici 17 Kg-1700w,9129.0,Kırıcılar ve Deliciler,2026.05.07
Dh1826da-5.0 18v/5.0ah 26mm 3.2j Sds Plus Kömürsüz Şarjlı Kırıcı Delici Matkap,38531.43,Kırıcılar ve Deliciler,2026.05.07
H90sg 32kg 28mm Hex 2000w Profesyonel Kırıcı,121566.27,Kırıcılar ve Deliciler,2026.05.07
Dh18dpc-5.0 18v/5.0ah 26mm 3.2j Sds Plus Kömürsüz Şarjlı Kırıcı Delici Matkap,32561.61,Kırıcılar ve Deliciler,2026.05.07
Dh40mc 40mm Sds Max 1000w Profesyonel Kırıcı Delici Matkap,31476.19,Kırıcılar ve Deliciler,2026.05.07
Klpro Klpm18bh-20 18v/2.0ah. 2.8j Kömürsüz Çift Akülü Pnömatik Matkap Kırıcı/delici,9767.72,Kırıcılar ve Deliciler,2026.05.07
Klpro Klkr3200h 2200watt 78j 30kg Profesyonel Hex Kırıcı,44157.12,Kırıcılar ve Deliciler,2026.05.07
Dh26pc2 26mm 3.2j Sds Plus 830w Profesyonel Kırıcı Delici Matkap,9550.63,Kırıcılar ve Deliciler,2026.05.07
Rtrmax Rtm2760 Elektropnömatik Kırıcı Delici,10169.0,Kırıcılar ve Deliciler,2026.05.07
Rtrmax Rts5045hp Profesyonel Akülü Kömürsüz 20v 4ah ÇİFT AKÜ 1.8 Jul Kirici Deli̇ci̇,10376.64,Kırıcılar ve Deliciler,2026.05.07
Rtrmax Rtm2350hp Profesyonel 1500 Watt 5.5 Jul 5.4 Kg Kirici Deli̇ci̇,7083.31,Kırıcılar ve Deliciler,2026.05.07
Rtrmax Rtm2770hp Profesyonel 1700 Watt 45 Jul 15 Kg Sds Hex Kirici,18001.07,Kırıcılar ve Deliciler,2026.05.07
Rtrmax Rtm2450hp Profesyonel Hiz Ayarli 1450 Watt 12 Jul 6.2 Kg Sds Max Kirici Deli̇ci̇,9105.9,Kırıcılar ve Deliciler,2026.05.07
Rtrmax Rtm2725hp Profesyonel 1350 Watt 12 Jul 5.2 Kg Sds Max Kirici,8152.85,Kırıcılar ve Deliciler,2026.05.07
Rtrmax Rts5045bhp Profesyonel Kömürsüz Çi̇ft Akü 20 V 4 Ah 1.8 Jul Kirici Deli̇ci̇ (aküsüz Ve Şarj Aletsi̇z Satilmaktadir),6564.43,Kırıcılar ve Deliciler,2026.05.07
Klpro Klkd660m 1200w Kırıcı-delici,18320.59,Kırıcılar ve Deliciler,2026.05.07
Rtrmax Set050 : Rtx2095b Kömürsüz Akülü Kirici Deli̇ci̇+rtx2055b Kömürsüz Akülü Avuç Taşmama+rtx1820 Akülü Darbeli̇ Matkap,17257.14,Kırıcılar ve Deliciler,2026.05.07
Rtrmax Rtx2098 Akülü Kömürsüz Kirici Deli̇ci̇ 18v 4 Ah. 4.5jul 3.800 Darbe/dk,9529.48,Kırıcılar ve Deliciler,2026.05.07
Rtrmax Set052: Rtx2095b Akülü Kömürsüz 18v 2.2jul  Kirici Deli̇ci̇+ Rtx2055b Akülü Kömürsüz 18v 115mm Avuç Taşlama+ Rtx3010b Akülü Kömürsüz 18v 70nm Darbeli̇ Matkap,20024.97,Kırıcılar ve Deliciler,2026.05.07
Rtrmax Set051 :rtx2095b Kömürsüz 18v 2.2jul Akülü Kirici Deli̇ci̇+ Rtx3010b 18v 70nm Kömürsüz Akülü Darbeli̇ Matkap,15900.36,Kırıcılar ve Deliciler,2026.05.07
Rtrmax Rtx2098b Kömürsüz 18 V 4.5 Jul Kirici Deli̇ci̇ *aküsüz Satilmaktadir*,4899.0,Kırıcılar ve Deliciler,2026.05.07
Rtrmax Set 053: Rtx2095b Akülü Kömürsüz 18v 2.2jul Kirici Deli̇ci̇+ Rtx3060b Akülü Kömürsüz Devi̇r Ayarli 18v 125mm Avuç Taşlama+ Rtx3050b Akülü Kömürsüz  18v  230nm Torklu Vi̇dalama,19536.53,Kırıcılar ve Deliciler,2026.05.07
Rtrmax Rtm2750 Sds Max 1700 Watt 45 Jul 11 Kg Kirici,10164.86,Kırıcılar ve Deliciler,2026.05.07
D25899K Kırıcı SDSMax,35172.0,Kırıcılar ve Deliciler,2026.05.07
Kırıcı Delici 1600 Watt D25733K,33009.0,Kırıcılar ve Deliciler,2026.05.07
Gbh 185-li Akülü Kırıcı Delici Solo (akü Ve Şarj Dahil Değildir),9603.0,Kırıcılar ve Deliciler,2026.05.07
Gbh 18v-26+1xpc 8.0 Ah+gal1880 In Carton,25288.0,Kırıcılar ve Deliciler,2026.05.07
Aeg Kh28 Super Xe Pnömatik Kırıcı Delici 1010 W - 4935428190,16855.0,Kırıcılar ve Deliciler,2026.05.07
Gbh 18v-18 Solo Kırıcı Delici,8594.0,Kırıcılar ve Deliciler,2026.05.07
Aeg Bbh18bl2-602mb Akülü Kömürsüz Mtr. Kırıcı Delici 6.0 Ah- 4935500110,32757.0,Kırıcılar ve Deliciler,2026.05.07
Gbh 8-45 Dv Kırıcı Delici Matkap,43940.0,Kırıcılar ve Deliciler,2026.05.07
Gsh 11 Vc Kırıcı,52464.0,Kırıcılar ve Deliciler,2026.05.07
D25872k Kırıcı-delici,35513.0,Kırıcılar ve Deliciler,2026.05.07
Gbh 187-li Çift Akülü 5 Ah Kırıcı-delici,24430.0,Kırıcılar ve Deliciler,2026.05.07
Gbh 5-40 Dce Kırıcı Delici Matkap,30475.0,Kırıcılar ve Deliciler,2026.05.07
Aeg Bbh18bl2-502c 18 V 5.0 Ah Akülü Kömürsüz Kırıcı Delici - 4935492343,25517.0,Kırıcılar ve Deliciler,2026.05.07
Professional Gsh 7 Vc Kırıcı,35535.0,Kırıcılar ve Deliciler,2026.05.07
Makita Hr2470 Elektropnömatik Kırıcı Delici Matkap 24 Mm 15/16,7058.0,Kırıcılar ve Deliciler,2026.05.07
Gbh 12-52 D Kırıcı Delici 1700W,52902.0,Kırıcılar ve Deliciler,2026.05.07
D25899k-qs Sds-max Kırıcı Sarı-siyah,35172.0,Kırıcılar ve Deliciler,2026.05.07
D25899k 1500w 5-25j Sds Max Kırıcı,35172.0,Kırıcılar ve Deliciler,2026.05.07
D25133k Kırıcı Delici 800 Watt (2.6 Jul),5760.0,Kırıcılar ve Deliciler,2026.05.07
Professional Gsh 11 E Kırıcı Matkap - 0611316703,32439.0,Kırıcılar ve Deliciler,2026.05.07
Dch133nt Sds Plus Matkap Kırıcı Delici 18 Volt (aküsüz),11334.0,Kırıcılar ve Deliciler,2026.05.07
Professional Gbh 8-45 D Kırıcı Delici Matkap - 0611265100,36595.0,Kırıcılar ve Deliciler,2026.05.07
D25773k 1500w 15.5j Sds-max Kırıcı Delici,38143.0,Kırıcılar ve Deliciler,2026.05.07
Makita M8701b Kırıcı Delici 26 Mm 800 Watt,5005.0,Kırıcılar ve Deliciler,2026.05.07
Bosch Gsh 27 Vc Profesyonel Kırıcı 1900 Watt,89774.0,Kırıcılar ve Deliciler,2026.05.07
Exen Epm 1050 V Elektrikli Kırıcı-delici Matkap 1050 Watt,3881.0,Kırıcılar ve Deliciler,2026.05.07
Exen Epm 900 V Elektrikli Kırıcı-delici Matkap 900 Watt,3969.0,Kırıcılar ve Deliciler,2026.05.07
Pst 950 Hd 20 V Pnömatik Kırıcı-delici,10215.0,Kırıcılar ve Deliciler,2026.05.07
Te-rh 40 3f Kırıcı Delici Kırmızı,9532.0,Kırıcılar ve Deliciler,2026.05.07
Gbh 18v-28 D Akülü Kırıcı Delici (akü Ve Şarj Yoktur) 0611919003,21399.0,Kırıcılar ve Deliciler,2026.05.07
D25143k 900watt 3 . 0j Profesyonel Sds-plus Kırıcı/delici,6945.0,Kırıcılar ve Deliciler,2026.05.07
Wx339 800watt 2.5j Profesyonel Sds-plus Kırıcı/delici + 4 Adet Uç,6205.81,Kırıcılar ve Deliciler,2026.05.07
Dx21 Sds Plus Kirici Deli̇ci̇,16853.79,Kırıcılar ve Deliciler,2026.05.07
Dx21b 18v Şarjli Kirici Deli̇ci̇ (aküsüz),8636.62,Kırıcılar ve Deliciler,2026.05.07
Wx380.9 20volt 2.2j Profesyonel Sds-plus Pnömatik Kırıcı/delici ( Akü Dahil Değildir ),11951.77,Kırıcılar ve Deliciler,2026.05.07
Wx380.9c 20volt 2.0ah. 2.2j Li-ion Tek Akülü Şarjlı Profesyonel Sds-plus Pnömatik Kırıcı/delici,11994.7,Kırıcılar ve Deliciler,2026.05.07
Dx2010 1200watt 15 Joule Profesyonel Sds Max 6kg Kırıcı,10235.61,Kırıcılar ve Deliciler,2026.05.07
Kress Kuc60.91 20volt 2.0j Kömürsüz Profesyonel Sds-plus Pnömatik Kırıcı/delici (akü Dahil Değildir),10207.83,Kırıcılar ve Deliciler,2026.05.07
Kress Kuc60.2 20volt 4.0ah. 2.0j Li-ion Çift Akülü Şarjlı Kömürsüz Profesyonel Sds-plus Pnömatik Kırıcı/delici,18010.86,Kırıcılar ve Deliciler,2026.05.07
Kress Kux15p 1100watt 5.0j 28mm Profesyonel Sds-plus Kırıcı/delici,11328.54,Kırıcılar ve Deliciler,2026.05.07
Kress Kux21 1050watt 7.5 Joule 38mm Profesyonel Sds-max Kırıcı/delici,18918.94,Kırıcılar ve Deliciler,2026.05.07
Dx27set 1500watt 5.0j 32mm Profesyonel Sds-plus Kırıcı/delici + Da03903 3 Parça Kırıcı Uç Seti,9459.85,Kırıcılar ve Deliciler,2026.05.07
Kress Kuc50.2 20volt/4.0ah. Li-ion Çift Akülü Kömürsüz 1.7j Profesyonel Sds-plus Pnömatik Şarjlı Matkap + 10mm Mandren,16766.92,Kırıcılar ve Deliciler,2026.05.07
Kress Kux12p 850watt 3.0j 26mm Profesyonel Sds-plus Kırıcı/delici,7614.9,Kırıcılar ve Deliciler,2026.05.07
Dx29 1750watt 50 Joule Profesyonel 30mm Hex Kırıcı,28271.47,Kırıcılar ve Deliciler,2026.05.07
Kress Ku390.4 20volt 4.0ah. 2.0j Li-ion Çift Akülü Şarjlı Kömürsüz Profesyonel Sds-plus Pnömatik Kırıcı/delici,8925.51,Kırıcılar ve Deliciler,2026.05.07
Gbh 187-li Professional (solo) Akülü Kırıcı-delici - (akü V,12500.0,Kırıcılar ve Deliciler,2026.05.07
- D25733k - 1400w 11j Sds-max Kırıcı Delici,42000.0,Kırıcılar ve Deliciler,2026.05.07
Kırıcı-Delici 820 Watt KE8226PM,2754.71,Kırıcılar ve Deliciler,2026.05.07
Kırıcı Delici 1500 Watt KLKD890M,29501.92,Kırıcılar ve Deliciler,2026.05.07
Te-dh 50 Kırıcı 1700w 50j - 4139130,24698.7,Kırıcılar ve Deliciler,2026.05.07
Sgs 5520 Akülü Darbeli Kırıcı Delici Seti 20 Volt - 4 Amper,8289.0,Kırıcılar ve Deliciler,2026.05.07
Rtrmax Rtm226 Kırıcı Delici Pnömatik 3 Kg-800w,2964.0,Kırıcılar ve Deliciler,2026.05.07
Atp1510 Pnömatik Kırıcı Delici 1500 Watt,6462.0,Kırıcılar ve Deliciler,2026.05.07
DH-1050 Rbt Robustech Kırıcı Delici,3155.0,Kırıcılar ve Deliciler,2026.05.07
Rn1026 Kırıcı Delici Matkap 620w,1399.0,Kırıcılar ve Deliciler,2026.05.07
Mx2603 Sds Plus Kırıcı Delici 2.6 Kg 800 W,3048.72,Kırıcılar ve Deliciler,2026.05.07
21-rh1050-e Sds-plus Kırıcı Delici - 1.050 W,5312.0,Kırıcılar ve Deliciler,2026.05.07
Dh1700-e Kırıcı - 65 Joule,21148.0,Kırıcılar ve Deliciler,2026.05.07
Klpro Klha0101rk Profesyonel Havalı Çekiç Keski Makinesi,1228.34,Kırıcılar ve Deliciler,2026.05.07
Klpro Klpm18bh-80 18v/8.0ah. 2.8j Kömürsüz Çift Akülü Pnömatik Matkap Kırıcı/delici,18934.2,Kırıcılar ve Deliciler,2026.05.07
Universalhammer 18 V Tek Akülü Kırıcı Delici,7882.49,Kırıcılar ve Deliciler,2026.05.07
Sgs 5183 Sds Hilti Kırıcı Delici 1500 W,4900.0,Kırıcılar ve Deliciler,2026.05.07
Gbh 187-li Tek Akülü Kırıcı Delici,20589.99,Kırıcılar ve Deliciler,2026.05.07
Gbh 18v-26f Akülü Toz Emmeli Sds Plus Kırıcı Delici 061191000g,57619.99,Kırıcılar ve Deliciler,2026.05.07
"Gbh 4-32 Dfr Kırıcı Delici 900w 4,2j 4,7kg",23510.9,Kırıcılar ve Deliciler,2026.05.07
Makita Hr2470 Kırıcı Delici Matkap 780 W,10594.2,Kırıcılar ve Deliciler,2026.05.07
Professional Gbh 187 Lı Akülü Kırıcı Delici 18 Volt Çift Akülü,41257.2,Kırıcılar ve Deliciler,2026.05.07
Professional Gbh 2-28 F Kırıcı Delici - İlave Mandren,20587.2,Kırıcılar ve Deliciler,2026.05.07
Dh18dpc-2.0 18v/2.0ah 26mm 3.2j Sds Plus Kömürsüz Şarjlı Kırıcı Delici Matkap,27695.19,Kırıcılar ve Deliciler,2026.05.07
Dh28pcy2 28mm 3.4j Sds Plus 850w Profesyonel Kırıcı Delici Matkap,17086.26,Kırıcılar ve Deliciler,2026.05.07
Hr2810 Kırıcı Delici,22200.0,Kırıcılar ve Deliciler,2026.05.07
Hr2600 800 W  Elektropnömatik Kırıcı Delici 2.8 Kg,14800.0,Kırıcılar ve Deliciler,2026.05.07
Kleco Ke10kd 1400w 10j 6.6kg Sds-max Kırıcı/delici,8663.15,Kırıcılar ve Deliciler,2026.05.07
Hr5202c Kırıcı Delici 1510w 20joule Sds-max,50700.0,Kırıcılar ve Deliciler,2026.05.07
Hr5212c Avt&#039;li Kırıcı/delici 1510 Watt,60950.0,Kırıcılar ve Deliciler,2026.05.07
Hr4003c Elektropnömatik Delici Kırıcı,45400.0,Kırıcılar ve Deliciler,2026.05.07
Hr 4501 C Kırıcı Delici Matkap,57950.0,Kırıcılar ve Deliciler,2026.05.07
Hr4002 Delıcı Kırıcı,38900.0,Kırıcılar ve Deliciler,2026.05.07
Makıta Hr3540c Delıcı Kırıcı,41200.0,Kırıcılar ve Deliciler,2026.05.07
Akülü Kırıcı Delici Matkap 18v 3.0ah Dhr242rfe,33900.0,Kırıcılar ve Deliciler,2026.05.07
Dhr241rmj Akülü Kırıcı Delici,29400.0,Kırıcılar ve Deliciler,2026.05.07
Hr 2470 Elektropnömatik Kırıcı Delici,8700.0,Kırıcılar ve Deliciler,2026.05.07
Hr4013c Kırıcı/delici 1100 Watt 40 Mm,49950.0,Kırıcılar ve Deliciler,2026.05.07
Dh1500 Plus Elektrikli Kırıcı Delici 1500w - 5907905901,7230.9,Kırıcılar ve Deliciler,2026.05.07
Ab1500x Elektrikli Kırıcı 1300w - 590820790,8178.0,Kırıcılar ve Deliciler,2026.05.07
Ab1700 Elektrikli Kırıcı - 1700w - 5908203901,13326.0,Kırıcılar ve Deliciler,2026.05.07
Ab1900 Elektrikli Kırıcı 1900w - 5908206901,15260.9,Kırıcılar ve Deliciler,2026.05.07
Dh1600max Elektrikli Kırıcı Delici 1600w - 5907903901,9432.0,Kırıcılar ve Deliciler,2026.05.07
Th309288-2 Kirici Deli̇ci̇ Matkap Mandrenli̇ Th309288-2,5227.0,Kırıcılar ve Deliciler,2026.05.07
Li-ion Akülü Kirici Deli̇ci̇ 2x4.0ah Trhli202682e,10839.0,Kırıcılar ve Deliciler,2026.05.07
Sgs Akülü Elektro Pnömati̇k Kirici Deli̇ci̇ Seti̇ 20v 2*4.0ah (kömürsüz Motor) Sgs5521,7882.49,Kırıcılar ve Deliciler,2026.05.07
Aeg Bbh18bl2-0 Akülü Kırıcı Delici(akü Hariç) - 4935480697,12732.0,Kırıcılar ve Deliciler,2026.05.07
Aeg Pm10e 1600w Pneomatik Kırıcı - 4935412418,50929.5,Kırıcılar ve Deliciler,2026.05.07
Dh1826da-2.0 18v/2.0ah 26mm 3.2j Sds Plus Kömürsüz Şarjlı Kırıcı Delici Matkap,34446.53,Kırıcılar ve Deliciler,2026.05.07
30 Kg Kırıcı 2200 Watt Th220502,47000.0,Kırıcılar ve Deliciler,2026.05.07
Sds Plus Kırıcı Delici Hilti 1500w 4kg Th1153216,6729.0,Kırıcılar ve Deliciler,2026.05.07
Sgs 5521 Şarjlı Kırıcı Delici Matkap Seti 20 Volt 4 Ah Kömürsüz Motor,7850.0,Kırıcılar ve Deliciler,2026.05.07
Big Power 800 W Kırıcı Delici + Aksesuar Ve Sırt Çantası Seti,3750.0,Kırıcılar ve Deliciler,2026.05.07
H65sb3 18kg 30mm Hex 1340w Profesyonel Kırıcı,79819.5,Kırıcılar ve Deliciler,2026.05.07
Sgs Sgs5184 Elektropnomatik Kırıcı Sds Max 1300 Watt 23 Joules,6552.0,Kırıcılar ve Deliciler,2026.05.07
Haispro Profesyonel Akülü Darbeli Kırıcı Delici Matkap 21 V 4.0 Ah Çift Akü Za-ds-195,14500.0,Kırıcılar ve Deliciler,2026.05.07
Th1163855 Sds Max 1600w 7.5 Kg 10.0j Kırıcı Delici Hilti,9849.0,Kırıcılar ve Deliciler,2026.05.07
Elektrikli Kırıcı 11 Kg Th215002,16059.0,Kırıcılar ve Deliciler,2026.05.07
Sgs 5177 Kırıcı Delici 800 Watt,2534.99,Kırıcılar ve Deliciler,2026.05.07
"Sds Plus 800 W Kırıcı Delici Matkap 2,5 Kg Th308268",3905.0,Kırıcılar ve Deliciler,2026.05.07
Rkl-9150 Bordo 3&#039;lü Set Kirici Deli̇ci̇ Matkap 2.26 Model,7650.0,Kırıcılar ve Deliciler,2026.05.07
4500w Extra Güçlü Metal Şanzıman Profesyonel Kırıcı Delici Hilti Matkap 5 Uç,2998.0,Kırıcılar ve Deliciler,2026.05.07
Hais Kırıcı Delici Matkap Çift Fonksiyonlu 1500 W,17000.0,Kırıcılar ve Deliciler,2026.05.07
Sds Hex Kırıcı Hilti 1700 Watt Th217068,17950.0,Kırıcılar ve Deliciler,2026.05.07
Akülü Kırıcı Delici 24  900w Çift Akülü 21v 4a,33635.0,Kırıcılar ve Deliciler,2026.05.07
21v 2.0ah Kömürsüz Darbeli 5&#039;li Set Şarjlı Hilti Taşlama Somun Sıkma Akülü Vidalama,7478.9,Kırıcılar ve Deliciler,2026.05.07
16 Kg Kirici Hi̇lti̇ Metal Çanta 1 Uç Hedi̇yeli̇,4599.0,Kırıcılar ve Deliciler,2026.05.07
21 V 3&#039;lü Set Hava Pompası 125mm Taşlama 800nm Somun Sıkma Sökme Mavi̇,6299.0,Kırıcılar ve Deliciler,2026.05.07
Murcell 16 Kg 1240 Watt Sds Max Kırıcı Hilti Matkap Kırıcı Hilti W Z1g-zt-65,6499.0,Kırıcılar ve Deliciler,2026.05.07
Ağır Hizmet Kırıcı 16 Kg 68 Joule Çantalı Sivri Yassı Keski Hediyeli Sjs Metal Şanzıman Tam Prof,5999.0,Kırıcılar ve Deliciler,2026.05.07
5li Set Kömürsüz Motor 3x Akü Taşlama Somun Sıkma Kırıcı Delici Matkap &amp; Dal Budama Testere Makinesi,5999.0,Kırıcılar ve Deliciler,2026.05.07
Pro 21v Darbeli Kömürsüz 6&#039;lı Set K.d. Hilti-taşlama-testere-makas-matkap Vidalama-somun Sıkma Sök,10399.0,Kırıcılar ve Deliciler,2026.05.07
Pro 3 Lü Set Somun Sıkma Taşlama Hilti,6299.0,Kırıcılar ve Deliciler,2026.05.07
21v Çift Akü Kırıcı Delici Hilti 2-26mm + Somun Sıkma Sökme + Taşlama 3&#039;lü Set,5549.9,Taşlamalar,2026.05.07
21v 6 Başlıklı Set Vidalama Testere Tilki Kuyruğu Taşlama Somun Sökme Hava Pompası,4399.9,Taşlamalar,2026.05.07
18V Taşlama 115 2a+3Disk+Çanta Bcg6l8d1s,5199.0,Taşlamalar,2026.05.07
Taşlama V20 125mm SFMCG400B-XJ,4449.0,Taşlamalar,2026.05.07
Dcg407m2t-qw 18v 2x4ah Taşlama,15799.0,Taşlamalar,2026.05.07
Taş Motoru 400W,2999.0,Taşlamalar,2026.05.07
EAG1010-125 Taşlama Makinesi 1010W 125 mm,2499.0,Taşlamalar,2026.05.07
MBGP250WDB Sulu Taş Motoru 250 W,2599.0,Taşlamalar,2026.05.07
Taş Kesme Diski Düz,155.0,Taşlamalar,2026.05.07
Dt3506-qz 10 Prç 115x1mm Diskler,649.9,Taşlamalar,2026.05.07
Kesme Bıçağı Çok Amaçlı Hss 85 mm,369.9,Taşlamalar,2026.05.07
Çok Amaçlı Kabrit Disk 115 mm,689.9,Taşlamalar,2026.05.07
"TC-AG 115-750, Avuç Taşlama",2199.0,Taşlamalar,2026.05.07
Kesme Diski 32 mm (426),429.9,Taşlamalar,2026.05.07
115 mm Taşlama Diski 4&#039;lü Paket,609.9,Taşlamalar,2026.05.07
Taşlama 2000 Watt,2199.0,Taşlamalar,2026.05.07
BEG120 Avuç Taşlama 125 mm 800 W,2299.0,Taşlamalar,2026.05.07
G650 Avuç Taşlama 650W 115mm,1999.0,Taşlamalar,2026.05.07
Elmas Bıçak 115 mm,549.9,Taşlamalar,2026.05.07
Avuç Taşlama 115 mm 500 W,1099.0,Taşlamalar,2026.05.07
Soketli Kanallı Elmas Kesme Diski 230 mm,999.9,Taşlamalar,2026.05.07
Düz Beton Kesme Diski Seti 5 Parça 115 mm,159.9,Taşlamalar,2026.05.07
RTM1360 KALIPÇI TAŞLAMA UZUN 450 W 27000 D/DK,2298.21,Taşlamalar,2026.05.07
Büyük taşlama GWS 2200-180 H,5870.0,Taşlamalar,2026.05.07
Büyük taşlama GWS 2200-230 H,6380.0,Taşlamalar,2026.05.07
GWS 750-115 Avuç Taşlama Makinesi,2982.0,Taşlamalar,2026.05.07
1200w Avuç Taşlama Makinesi 125mm 6 Kademeli Uzun Kuyruk,1249.9,Taşlamalar,2026.05.07
Universalgrind 750-115 Taşlama Mak,2344.0,Taşlamalar,2026.05.07
Bileme eğeleme parlatma için elektrikli matkap standı ve 3lü değirmen taşı polisaj diski ve braket Tabanı,784.0,Taşlamalar,2026.05.07
750w Avuç Taşlama Makinesi 125mm Bakır Sargılı Spiral,1399.9,Taşlamalar,2026.05.07
Avuç Taşlama GWS 9-115,4047.0,Taşlamalar,2026.05.07
115 X 3 X 22.23 Metal Kesme Taşı Düz 10&#039;lu,385.0,Taşlamalar,2026.05.07
Düz Beton Kesme Diski,64.99,Taşlamalar,2026.05.07
125 mm Taşlama Diski 40 Kum,169.9,Taşlamalar,2026.05.07
Avuç Taşlama PWS 700-115,2813.7,Taşlamalar,2026.05.07
EZ SC Ahşap Kesme Diski (SC544),1374.0,Taşlamalar,2026.05.07
76x1x10mm Inox Kesme Diski (5&#039;li Pkt) Gws 12v-76 Için 2608601520,575.0,Taşlamalar,2026.05.07
Kesme/Şekillendirme Diski (542),1499.0,Taşlamalar,2026.05.07
Klpro Klat18bs-00 18v 115mm Devir Ayarlı Kömürsüz Şarjlı Avuç Taşlama Aküsüz/solo Tek Makine,6146.23,Taşlamalar,2026.05.07
Dwe4257 Devir Ayarlı Avuç Taşlama 1500 Watt 125mm,10258.0,Taşlamalar,2026.05.07
Taş Kesme Diski,865.0,Taşlamalar,2026.05.07
"- 115*1,0mm Standard Seri Düz Inox (paslanmaz Çelik) Kesme Diski (taş) - 10&#039;lu",414.89,Taşlamalar,2026.05.07
Baytec Metal Kesici Mk 0100 115x2.5x22mm 25 Adet,808.99,Taşlamalar,2026.05.07
Taş Motoru Taşı 60 Grit,109.9,Taşlamalar,2026.05.07
Taş Motoru Taşı 36 Grit,119.9,Taşlamalar,2026.05.07
Profesyonel Avuç Taşlama Makinesi GWS 1400,6925.0,Taşlamalar,2026.05.07
Metal Taşlama Diski 125 mm,89.99,Taşlamalar,2026.05.07
Taşlama Makinesi DWE4056,4188.0,Taşlamalar,2026.05.07
Bn5 Gravür Ahşap Kesme Mini Testere Seti Takımı 8 Parça 50-22mm,454.99,Taşlamalar,2026.05.07
Aa 54r Paslanmaz İnox Kesici Taş 25 Adet 115x1x22.23mm,499.0,Taşlamalar,2026.05.07
GWS 750-S Devir Ayarlı Taşlama,3932.0,Taşlamalar,2026.05.07
"TE-AG 125 CE, Devir Ayarlı Avuç Taşlama",2903.0,Taşlamalar,2026.05.07
6lı Taşlama Ve Kesme Disk Seti Elmas Seramik Ahşap Metal Zımpara,893.99,Taşlamalar,2026.05.07
"TC-AG 18-115 Li - Solo, Akülü Avuç Taşlama",2736.9,Taşlamalar,2026.05.07
Metal Alüminyum Pvc Beton Kesme Diski,129.9,Taşlamalar,2026.05.07
Avuç Taşlama 750 Watt KLAT11502,2064.1,Taşlamalar,2026.05.07
Devir Ayarlı Avuç Taşlama 900 Watt KE90125AT,1830.92,Taşlamalar,2026.05.07
Professional Gws 750-115 Mm Avuç Taşlama Makinesi - 0601394000,2982.0,Taşlamalar,2026.05.07
Te-tk 18/2 Li Kit (cd+ag) Akülü Kombo Set,9228.0,Taşlamalar,2026.05.07
disk bağlama pim seti Dremel Hilti Sds Adaptörü Mini Daire Disk Testere Mandren Bağlantı Elemanı kaplin setii,474.0,Taşlamalar,2026.05.07
11&#039;li Taşlama Ve Kesme Disk Seti Ve Bağlantı Aparatları,1289.99,Taşlamalar,2026.05.07
Yüksek Turbo Motorlu Çark Motoru Devirli Dramel Zımpara Bileme Gravü Mengeneli̇ Oyma Taşlama Seti,2691.0,Taşlamalar,2026.05.07
RTM1080 AVUÇ TAŞLAMA 115 MM 750W DEVİR AYARLI,1980.58,Taşlamalar,2026.05.07
Düz Metal Kesme Diski 115 mm Beşli Set,319.9,Taşlamalar,2026.05.07
Spiral Avuç Içi Taşlama Makinası Sipral Avuç Taşlama 750 Watt 115 Mm + 115 Mm Metal Kesme Diski,2569.0,Taşlamalar,2026.05.07
Ahşap Törpü diski Avuç taşlama uyumlu törpü Aşındırma Raspalama 3lü disk Seti Açılı düz oval,1440.0,Taşlamalar,2026.05.07
"- 125*2,5 Mm Expert Serisi Düz Metal Kesme Diski (taş)",162.0,Taşlamalar,2026.05.07
"- 230*3,0 Mm Expert Serisi Bombeli Taş Kesme Diski (taş) 2608600227",195.0,Taşlamalar,2026.05.07
Metal Kesme Düz,389.9,Taşlamalar,2026.05.07
Bıçak satır balta bileme diski 100mm elmaslı bileme eğeleme disk avuç taşlama spiral uyumlu diamond disk,374.0,Taşlamalar,2026.05.07
115x1 Paslanmaz İnox Metal Kesici Taş İnce,183.0,Taşlamalar,2026.05.07
Tp-co18/76-cli Bl Solo Taşlama,4999.0,Taşlamalar,2026.05.07
8&#039;li Taşlama Ve Kesme Disk Seti Seramik Ahşap Metal Zımpara,1049.99,Taşlamalar,2026.05.07
Gws 9-125 S 900 W Avuç Taşlama Makinesi,5451.0,Taşlamalar,2026.05.07
Taşlama DWE4156-QS 115 mm 900 Watt,4990.0,Taşlamalar,2026.05.07
2200w Metal Şanzıman 230mm Büyük Spiral Taşlama Çantalı,3399.9,Taşlamalar,2026.05.07
"Bay-tec 5li Taşlama Disk Seti Elmas, Sunta, Ahşap, Metal, Zımpara",884.99,Taşlamalar,2026.05.07
Bıçak Satır Makas Balta bileme diski 100mm Elmaslı eğeleme disk avuç taşlama spiral uyumlu disk,379.0,Taşlamalar,2026.05.07
Pro 115x1 Mm Paslanmaz Ve Metal Kesme Taşı 25 Li Paket 2608603169,678.0,Taşlamalar,2026.05.07
Eisenn Edt-1000 Spiral Taşlama Profil Metal Kesme Makinası,3299.9,Taşlamalar,2026.05.07
Avuç Taşlama 750 Watt KE75115AT,1513.24,Taşlamalar,2026.05.07
Tc-wg 200 Sulu Taş Motoru Bileme Makinesi,6570.9,Taşlamalar,2026.05.07
Pag-4121 Şarjlı Avuç Taşlama Kompakt Ve Taşınabilir Tasarım,1199.0,Taşlamalar,2026.05.07
Eco 2&#039;li Set Darbeli Matkap + Avuç Taşlama A0107020,1504.41,Taşlamalar,2026.05.07
Avuç Taşlama Makinesi 750 Watt 115mm Spiral Avuç Içi Taşlama Sipral + 2 Adet Metal Kesme Diski,2699.0,Taşlamalar,2026.05.07
Ekstra Güçlü Metal Şanzıman 2200 W 230 Mm Büyük Sipiral Taşlama Ve Kesme Makinası Sari,3599.0,Taşlamalar,2026.05.07
Ahşap Eğe Disk 115mm X 22mm - Ryn6120,357.0,Taşlamalar,2026.05.07
Ahşap Eğe Disk 125mm X 22mm - Ryn6121,379.0,Taşlamalar,2026.05.07
Ekstra Güçlü Metal Şanzıman 2200 W 230 Mm Büyük Spiral Taşlama Ve Kesme Makinası,3000.0,Taşlamalar,2026.05.07
115 Mm Taşlama Muhafaza Perdesiz 1 605 510 364,406.19,Taşlamalar,2026.05.07
21-18ag Çift Akülü Avuç Taşlama - 18 V 8.0 Ah,12770.0,Taşlamalar,2026.05.07
Topshop Th14462 Havşa Matkap Ucu 3 Mm,370.0,Taşlamalar,2026.05.07
21-18ag Çift Akülü Avuç Taşlama - 18 V 4.0 Ah,8828.0,Taşlamalar,2026.05.07
Te-mt 7.2 Li Akülü Mini Taşlama Ve Gravür Seti,4249.7,Taşlamalar,2026.05.07
Da10126 350mm Universal Metal Profil Kesme Taşı,362.0,Taşlamalar,2026.05.07
"Elmas Kesme Diski 115x22,23 Mm 9+1",191.0,Taşlamalar,2026.05.07
"- 230*3,0 Mm Expert Serisi Bombeli Metal Kesme Diski (taş)",183.0,Taşlamalar,2026.05.07
"Expert For Stone Düz 180x3,0 Mm",143.0,Taşlamalar,2026.05.07
Inox Düz Kesme Diski 230x2 mm,198.0,Taşlamalar,2026.05.07
"- 180*3,0 Mm Expert Serisi Bombeli Metal Kesme Diski (taş)",152.0,Taşlamalar,2026.05.07
"- 180*8,0 Mm Expert Serisi Bombeli Metal Taşlama Diski (taş)",198.0,Taşlamalar,2026.05.07
"Wa6075 Wx801 İçin 76x10mm Fayans, Seramik, Mermer Elmas Kesme Diski",894.0,Taşlamalar,2026.05.07
RTM1180 BÜYÜK TAŞLAMA MAKİNESİ 180 MM 2300W,4399.0,Taşlamalar,2026.05.07
RTM1095 AVUÇ TAŞLAMA 125 MM 950W DEVİR AYARLI,2424.18,Taşlamalar,2026.05.07
Avuç Taşlama 115 mm GA4530R,3409.0,Taşlamalar,2026.05.07
Black&amp;decker Beg220 900watt 125mm Avuç Taşlama,2615.0,Taşlamalar,2026.05.07
Professional Gbg 60-20 Çift Çarklı Taşlama Motoru - 060127a400,9771.0,Taşlamalar,2026.05.07
Tc-tk 18 Li Kit Cd+ag 1x1.5 Ah + 1x3.0 Ah Akülü Matkap + Taşlama - 4257238,7668.7,Taşlamalar,2026.05.07
Profesyonel 21v Çift Akülü Kömürsüz Şarjlı Muhteşem 13 Başlıklı Set,8299.9,Taşlamalar,2026.05.07
Rtrmax Rtm421a Zımpara Taş Motoru  Sulu,3010.68,Taşlamalar,2026.05.07
Expert 115 Mm X-lock Cmw Kesme Diski 2608901192,960.0,Taşlamalar,2026.05.07
Avuç Taşlama 850 W KLAT11505,2500.02,Taşlamalar,2026.05.07
Eisenn Maxstar Et-900t Spiral Taşlama Profil Metal Kesme Makinası,3299.9,Taşlamalar,2026.05.07
Eisenn Maxstar Et-900m Spiral Taşlama Profil Metal Kesme Makinası,3299.9,Taşlamalar,2026.05.07
2200w Metal Şanzıman 230mm Büyük Spiral Taşlama,3299.9,Taşlamalar,2026.05.07
Hg751 Avuç Taşlama 750w 115mm,1872.0,Taşlamalar,2026.05.07
125mm Spral Dwe,1455.0,Taşlamalar,2026.05.07
Dwe493 Taşlama Makinesi 2200 Watt 180mm,7300.0,Taşlamalar,2026.05.07
Dwe4884 Kalıpçı Taşlama 450 Watt,7668.0,Taşlamalar,2026.05.07
115x1.0x22 Mm Inox Kesici-10 Adet,249.85,Taşlamalar,2026.05.07
Axxio 18/115 Q Akülü Avuç Taşlama Solo,5014.15,Taşlamalar,2026.05.07
"TC-AG 125-850 Kit, Avuç Taşlama",2790.0,Taşlamalar,2026.05.07
Bosch Gws 7-115 Avuç Taşlama 115 Mm 720 Watt,4729.53,Taşlamalar,2026.05.07
Büyük Taşlama 2200 Watt KLBT8318,4753.06,Taşlamalar,2026.05.07
RTM1145 AVUÇ TAŞLAMA 125 MM 1400W DEVİR AYARLI,3299.0,Taşlamalar,2026.05.07
RTM127 BÜYÜK TAŞLAMA MAKİNESİ 180 MM 2600W,5385.36,Taşlamalar,2026.05.07
RTM1140 AVUÇ TAŞLAMA 125 MM 1400W,3164.0,Taşlamalar,2026.05.07
Gws 30-230 B Büyük Taşlama Makinesi,16481.0,Taşlamalar,2026.05.07
"Standard For Metal 180*3,0 Mm Bombeli Kesici Disk - 2608603161",212.0,Taşlamalar,2026.05.07
Beton Mermer Kesici Taş 230&#039;luk,399.9,Taşlamalar,2026.05.07
Ahşap Taşlama Törpüleme Aşındırma Kesme Oyma Diski 115mm,594.0,Taşlamalar,2026.05.07
Gws 17-125 Ps Taşlama Makinası,17250.0,Taşlamalar,2026.05.07
Expert 230 Mm Yapı Malzemeleri Elmas Kesme Diski 2608900663,5075.0,Taşlamalar,2026.05.07
9&#039;lu Taşlama Ve Kesme Disk Seti Seramik Ahşap Metal Zımpara,1189.99,Taşlamalar,2026.05.07
Kanal Açma Di̇sk Aparati,680.0,Taşlamalar,2026.05.07
Sm200l Zımpara Taş Motoru 500w - 5903109901,5142.0,Taşlamalar,2026.05.07
115mm Ahşap Metal Mermer Granit Seramik kesici disk Seti Kesme Zımparalama Daire Disk Bıcak ispirel,764.0,Taşlamalar,2026.05.07
Zenflex 115x1 Metal/i̇nox Kesme Taşi 10 Adet,200.0,Taşlamalar,2026.05.07
"Metal Kesme Diski Düz 12,5x0,16 cm",109.9,Taşlamalar,2026.05.07
Matkap Taşlama Aparati,915.0,Taşlamalar,2026.05.07
Flex Taşı Metal Kesici 115x3x22 mm,313.64,Taşlamalar,2026.05.07
Gws 2200-180 H Büyük Taşlama,5870.0,Taşlamalar,2026.05.07
-rtm102 Avuç Taşlama 750 Watt 115/125 Mm,1587.37,Taşlamalar,2026.05.07
Eco Ke90125at 900 W 125 Mm Devir Ayarlı Avuç Taşlama Makinesi,1830.92,Taşlamalar,2026.05.07
"Beton Kesme Diski Bombeli 12,5x0,25 cm",204.0,Taşlamalar,2026.05.07
Gws 19-125 Cıe Avuç Taşlama Makinesi 1900w,15850.8,Taşlamalar,2026.05.07
Klpro Klat18bs-50 18v/5.0ah. 115mm Çift Akülü Devir Ayarlı Kömürsüz Şarjlı Avuç Taşlama,13782.15,Taşlamalar,2026.05.07
TC-MT 150 E Mini  Gravür Seti,3299.0,Taşlamalar,2026.05.07
Düz Metal Kesme Diski 230 mm Beşli Set,379.9,Taşlamalar,2026.05.07
"AXXIO 18-125, Akülü Avuç Taşlama",4999.0,Taşlamalar,2026.05.07
Univ.grind 18v-75 Taşlama (solo),5699.0,Taşlamalar,2026.05.07
Gws 18v-8 Akülü Taşlama Solo,7199.0,Taşlamalar,2026.05.07
Fiber Disk Karışık 12 li 115 mm,399.9,Taşlamalar,2026.05.07
Dwe4237-qs 1400w 125mm  Taşlama,7499.0,Taşlamalar,2026.05.07
Gws 14-125 Taşlama Makinası,7499.0,Taşlamalar,2026.05.07
Pro Tp-ag 18/125 F Libl Solo Taş,5699.0,Taşlamalar,2026.05.07
RTM102 AVUÇ TAŞLAMA 115 MM 750W,1587.37,Taşlamalar,2026.05.07
Standard Seri Inox Rapido 125x1mm 10 Lu,560.0,Taşlamalar,2026.05.07
Sg7115 Avuç Taşlama 750 Watt 115mm,1907.0,Taşlamalar,2026.05.07
125mm Spral Bse,1455.0,Taşlamalar,2026.05.07
Skil 9151gb Avuç Taşlama 1010w 125mm Çantali,6008.0,Taşlamalar,2026.05.07
Aag-4590 Şarjlı Avuç Taşlama 12v 19000 Dev/dk 76 Mm Disk Set,1499.0,Taşlamalar,2026.05.07
"Skil Set-6 (skil Xp 3930fa Akülü Avuç Taşlama 125 Mm Çantali+2xskil 3104aa 4,ah Li Batarya Promo+skil 3122aa 2,4 A Şarj Ci̇hazi)",21000.0,Taşlamalar,2026.05.07
Skil 9149ga Avuç Taşlama 1010w 115mm Çantali,4857.0,Taşlamalar,2026.05.07
"Set-34 (einhell Tp-ag 18/125 F Li Bl - Solo, Akülü Avuç Taşlama+einhell 18v 4,0 Ah Pxc Starter Kit, Akü &amp; Şarj Cihazı)",10219.0,Taşlamalar,2026.05.07
"Skil Set-5 (skil Xp 3930cb Akülü Avuç Taşlama 125 Mm+skil 3104aa 4,ah Li Batarya Promo+skil 3122aa 2,4 A Şarj Ci̇hazi)",14980.0,Taşlamalar,2026.05.07
"Set-37 (einhell Tp-co 18/76-c Li Bl - Solo Professional Akülü Kesme Taşlama Makinesi+einhell 5,2 Ah Pxc Starter-kit Akü &amp; Şarj Cihazı)",11959.0,Taşlamalar,2026.05.07
"Skil Set-4 (skil Powertools 3923ca Avuç Taşlama 125 Mm+skil 3104aa 4,ah Li Batarya Promo+skil 3122aa 2,4 A Şarj Ci̇hazi)",12914.0,Taşlamalar,2026.05.07
"Set-35 (einhell Tp-ag 18/125 F Li Bl - Solo, Akülü Avuç Taşlama+einhell 5,2 Ah Pxc Starter-kit Akü &amp; Şarj Cihazı)",13689.0,Taşlamalar,2026.05.07
"Skil Set-3 (skil Powertools 3922ca Avuç Taşlama 115 Mm+skil 3104aa 4,ah Li Batarya Promo+skil 3122aa 2,4 A Şarj Ci̇hazi)",12753.0,Taşlamalar,2026.05.07
"Set-33 (einhell Tp-ag 18/125 F Li Bl - Solo, Akülü Avuç Taşlama+einhell 18v 2 X 4,0 Ah Pxc Twincharger Kit, Akü &amp; Şarj Cihazı)",16079.0,Taşlamalar,2026.05.07
Li-ion Akülü Kömürsüz 42v Tașlama Tagli4128112e,16879.0,Taşlamalar,2026.05.07
"Set-36 (einhell Tp-co 18/76-c Li Bl - Solo Professional Akülü Kesme Taşlama Makinesi+einhell 18v 4,0 Ah Pxc Starter Kit, Akü &amp; Şarj Cihazı)",8599.0,Taşlamalar,2026.05.07
Tomax Sürekli̇ Elmas Fayans Kesi̇ci̇ Dai̇re Testere 115 X 2.0 X 22 Mm,430.0,Taşlamalar,2026.05.07
Tomax Turbo Elmas Grani̇t - Mermer Kesi̇ci̇ Dai̇re Testere 180 X 2.2 X 22 Mm,1115.0,Taşlamalar,2026.05.07
Tomax Çapraz Di̇şli̇ Hassas Kesi̇m Serami̇k Grani̇t Testere 115 X 1.3 Mm,999.0,Taşlamalar,2026.05.07
Eag2000-g Açılı Taşlama Makinesi 230 Mm 2000 W - 5133002193,8717.0,Taşlamalar,2026.05.07
Tomax Serami̇k Fayans Grani̇t Kesi̇ci̇ Hassas İnce 125 X 1.3 X 22 Mm,910.0,Taşlamalar,2026.05.07
Tomax Serami̇k Fayans Grani̇t Kesi̇ci̇ Hassas İnce 180 X 1.8 X 22 Mm,1570.0,Taşlamalar,2026.05.07
Tomax Bi Metal Panç Takımı 9 Parça Buat Delik Açma Testeresi,4664.0,Taşlamalar,2026.05.07
Rag600-115g Avuç Taşlama Makinesi 600 W 115 Mm - 5133002487,2804.5,Taşlamalar,2026.05.07
Tomax Çapraz Di̇şli̇ Hassas Kesi̇m Serami̇k Grani̇t Testere 180 X 1.3 Mm,2050.0,Taşlamalar,2026.05.07
Tomax Dai̇resel Elmas Törpü Testere 115 Mm Hayvan- Tırnak- Toynak,500.0,Taşlamalar,2026.05.07
Tomax Ağaç Daire Testeresi Elmassız 115x1.2x80zx22.2,440.0,Taşlamalar,2026.05.07
Tomax Turbo Elmas Grani̇t - Mermer Kesi̇ci̇ Dai̇re Testere 115 X 2.0 X 22 Mm,530.0,Taşlamalar,2026.05.07
Tomax Turbo Elmas Grani̇t - Mermer Kesi̇ci̇ Dai̇re Testere 230 X 2.4 X 22 Mm,1350.0,Taşlamalar,2026.05.07
Tomax Bi Metal Panç Takımı 13 Parça Buat Delik Açma Testeresi,6194.0,Taşlamalar,2026.05.07
Tomax Segmentli̇ Elmas Beton Kesi̇ci̇ Dai̇re Testere 230 X 2.4 X 22 Mm,1320.0,Taşlamalar,2026.05.07
Tomax Segmentli̇ Elmas Beton Kesi̇ci̇ Dai̇re Testere 115 X 2.0 X 22 Mm,530.0,Taşlamalar,2026.05.07
Sgs Soketli̇ Elmas Testere Multi-material 125mm Sgs2336,489.0,Taşlamalar,2026.05.07
Tomax Segmentli̇ Elmas Beton Kesi̇ci̇ Dai̇re Testere 180 X 2.2 X 22 Mm,1099.0,Taşlamalar,2026.05.07
Tomax Sürekli̇ Elmas Fayans Kesi̇ci̇ Dai̇re Testere 230 X 2.4 X 22 Mm,999.0,Taşlamalar,2026.05.07
Tomax Sürekli̇ Elmas Fayans Kesi̇ci̇ Dai̇re Testere 180 X 2.2 X 22 Mm,799.0,Taşlamalar,2026.05.07
Rag800-125g Avuç Taşlama Makinesi 800 W 125 Mm - 5133002491,4011.2,Taşlamalar,2026.05.07
Kress Kuh10.2 20volt 4.0ah. Li-ion Çift Akülü 125mm Kömürsüz Profesyonel Şarjlı Devir Ayarlı Avuç Taşlama,9733.59,Taşlamalar,2026.05.07
Fixonic B.h.d Bhd00810 115mm Turbo Granit Mermer Kesici,197.48,Taşlamalar,2026.05.07
Flex Taşı Metal Kesici115x3x22 mm,264.11,Taşlamalar,2026.05.07
Meşem 115x22x40 Kum Flap Di̇sk Zimpara,167.0,Taşlamalar,2026.05.07
"Fixonic B.h.d Bhd00827 115mm Soketli Elmas Testere (mermer, Granit, Seramik)",197.48,Taşlamalar,2026.05.07
- Ekonomik Seri 9+1 Genel Yapı Malzemeleri İçin Elmas Kesme Diski 230 Mm,739.0,Taşlamalar,2026.05.07
Klpro Kltm175 300 Watt 175mm Taş Motoru,3822.0,Taşlamalar,2026.05.07
350 Parça Çift Makinalı Çok Fonksiyonlu Gravür Oyma Dremel Taşlama Zımpara Kesme Set,2499.0,Taşlamalar,2026.05.07
Rtrmax Rtm102 Avuç Taşlama 750w 115 Mm,1587.37,Taşlamalar,2026.05.07
Dwe4237 Avuç Taşlama 125mm 1400 Watt,6429.0,Taşlamalar,2026.05.07
Rtrmax Rtx3060b 18v Kömürsüz 4ah Akülü Avuç Taşlama,3151.26,Taşlamalar,2026.05.07
Professional Gws 7-115 Avuç Taşlama Makinesi - 0601388106,3171.0,Taşlamalar,2026.05.07
900w avuç taşlama makinesi 100/115mm spral taşlama slikon kordonlu sökme anahtarlı 11000 rpm,1150.0,Taşlamalar,2026.05.07
Cat Power E6101 Avuç Taşlama 115 Mm 710 Watt,1644.0,Taşlamalar,2026.05.07
Aeg Ws 2200-180  Büyük Taşlama 2200 W 180 Mm - 4935428490,7254.0,Taşlamalar,2026.05.07
Makrosel 3 No Satır,751.39,Taşlamalar,2026.05.07
Gws 27 230 J Büyük Taşlama Makinesi 2700 Watt 06018c5320,10155.0,Taşlamalar,2026.05.07
RTM1090 AVUÇ TAŞLAMA 125 MM 950W,2297.09,Taşlamalar,2026.05.07
RTM128 BÜYÜK TAŞLAMA MAKİNESİ 230 MM 2600W,5385.36,Taşlamalar,2026.05.07
Professional Ggs 30 Ls Kalıpçı Taşlama Makinesi - 06012b5020,8116.0,Taşlamalar,2026.05.07
Ga4530r Avuç Taşlama 115mm 720w,3409.0,Taşlamalar,2026.05.07
- Ekonomik Seri 9+1 Genel Yapı Malzemeleri İçin Elmas Kesme Diski 180 Mm,704.0,Taşlamalar,2026.05.07
Gws 750s Avuç Taşlama,4250.0,Taşlamalar,2026.05.07
Gws 750 Taşlama Makinesi,3350.0,Taşlamalar,2026.05.07
Ennalbur Satır Büyük Boy,559.2,Taşlamalar,2026.05.07
Topshop Th14439 Tas Menteşe Açma 100 Mm,762.32,Taşlamalar,2026.05.07
Alman 200 Mm Turbo 4200 Watt Çark Motoru Zımpara Balta Bıçak Bileme Makinesi Taş Motoru Taşlama,3199.0,Taşlamalar,2026.05.07
Topshop Th14429 Tas Menteşe Açma 40 Mm,281.08,Taşlamalar,2026.05.07
RTX1234B AKÜLÜ MİNİ KALIPÇI TAŞLAMA 12V X-LION *AKÜSÜZ SATILMAKTADIR*,773.23,Taşlamalar,2026.05.07
Gws 7-115 E Avuç Taşlama,4753.86,Taşlamalar,2026.05.07
Professional Gws 19-125 Cist Avuç Taşlama Makinesi,12105.0,Taşlamalar,2026.05.07
Rtrmax Rts5050b Akülü Avuç Taşlama Kömürsüz 115mm 8.500rpm S-lion *aküsüz Satilmaktadir*,3273.0,Taşlamalar,2026.05.07
RTX1862B AKÜLÜ ÇOK AMAÇLI KESİCİ (RASPALAMA) X-LION *AKÜSÜZ SATILMAKTADIR*,2584.16,Taşlamalar,2026.05.07
"RTX2055B AKÜLÜ AVUÇ TAŞLAMA 115MM, 18V (KÖMÜRSÜZ) *AKÜSÜZ SATILMAKTADIR* RTRMAX X-LION",2999.0,Taşlamalar,2026.05.07
Dcg407m2t-qw 18v Xr Kömürsüz Akülü Avuç Taşlama 2x4.0ah,16050.0,Taşlamalar,2026.05.07
Gws 18v-15 S Akülü Taşlama Solo,13352.0,Taşlamalar,2026.05.07
Professional Gws 9-115 S Avuç Taşlama Makinesi - 0601396101,4865.0,Taşlamalar,2026.05.07
Te-ag 18/115 Li - Solo Akülü Avuç Taşlama - 4431110,2720.9,Taşlamalar,2026.05.07
Borghorst Cam Kesme Pergeli̇ Düz,3400.0,Taşlamalar,2026.05.07
Gws 9-115 S Devir Ayarlı Avuç Taşlama 0601396101,6118.0,Taşlamalar,2026.05.07
Kesme Taşı 180x16 Inox 5&#039;li Paket,375.0,Taşlamalar,2026.05.07
115mm Ahşap Metal Mermer Granit Seramik kesici disk Avuç Taşlama kesme Elmaslı Daire Disk Bıçak ispirel,394.0,Taşlamalar,2026.05.07
"Profesyonel Elektrikli 2&#039;li Set Matkap,taşlama",2699.9,Taşlamalar,2026.05.07
Full Set Metal Şanzuman Bakır Sargılı Bhd Avuç Içi Taşlama Demir Metal Kesme Makinesi Sprel 115 Mm,1644.5,Taşlamalar,2026.05.07
Premium Turbo Motorlu Çark Motoru Devirli Dramel Zımpara Bileme Gravür Kutulu 220 Pcs Oyma Taşlama,3335.0,Taşlamalar,2026.05.07
Premium Turbo Motorlu Çark Motoru Devirli Dramel Zımpara Bileme Gravür 115pcs Oyma Taşlama Kiti,3335.0,Taşlamalar,2026.05.07
Profesyonel Açılı Full Set Bakır Sargılı Metal Kesme 75mm Gravür Seti Mini Taşlama Esnek Şaft Hediye,5175.0,Taşlamalar,2026.05.07
Full Set Metal Şanzuman Bakır Sargılı Açılı Avuç Içi Taşlama Demir Metal Kesme Makinesi 75mm,2990.0,Taşlamalar,2026.05.07
"300 X 3,0 X 3,0 Metal Kesme Taşı",249.02,Taşlamalar,2026.05.07
"300 X 3,0 X 25,4 Metal Kesme Taşı",439.45,Taşlamalar,2026.05.07
"Karbosan 300 X 3.0 X 25,4 Metal Kesme Taşı 3 Adet",819.25,Taşlamalar,2026.05.07
"Karbosan 300 X 3.0 X 3,0 Metal Kesme Taşı 5 Adet",1289.25,Taşlamalar,2026.05.07
"Karbosan 300 X 3.0 X 3,0 Metal Kesme Taşı 2 Adet",629.25,Taşlamalar,2026.05.07
"Karbosan 300 X 3.0 X 3,0 Metal Kesme Taşı 10 Adet",2319.25,Taşlamalar,2026.05.07
"Karbosan 300 X 3.0 X 3,0 Metal Kesme Taşı 3 Adet",839.25,Taşlamalar,2026.05.07
"Karbosan 300 X 3.0 X 25,4 Metal Kesme Taşı 5 Adet",1229.25,Taşlamalar,2026.05.07
"Karbosan 300 X 3.0 X 25,4 Metal Kesme Taşı 1 Adet",409.25,Taşlamalar,2026.05.07
"Karbosan 300 X 3.0 X 25,4 Metal Kesme Taşı 2 Adet",609.25,Taşlamalar,2026.05.07
"Karbosan 300 X 3.0 X 3,0 Metal Kesme Taşı 1 Adet",429.25,Taşlamalar,2026.05.07
"Karbosan 300 X 3.0 X 25,4 Metal Kesme Taşı 10 Adet",2449.25,Taşlamalar,2026.05.07
Inox Metal Kesici Ince Taş 115 Mm 25 Adet,909.45,Taşlamalar,2026.05.07
"350 X 3,5 X25,4 Metal Kesme Taşı Sabit Tezgah Için",549.45,Taşlamalar,2026.05.07
"350 X 3,5 X 30 Metal Kesme Taşı Sabit Tezgah Için",559.45,Taşlamalar,2026.05.07
Xd5051a 750w 125 Mm Köşe Taşlama Maki̇nesi̇ (pro Model),1900.0,Taşlamalar,2026.05.07
Hag202 Akülü Taşlama 20v Aküsüz Model,3217.5,Taşlamalar,2026.05.07
Hg500 Avuç Taşlama 500w,1638.0,Taşlamalar,2026.05.07
Hg1050 1050w 115 Mm Avuç Taşlama,3802.5,Taşlamalar,2026.05.07
Hg2003 Büyük Taşlama 2000w 180mm,5265.0,Taşlamalar,2026.05.07
Ag20x-125ft Akülü Taşlama Kömürsüz 125mm 1x4ah,9711.0,Taşlamalar,2026.05.07
Ag20x-115 Akülü Avuç Taşlama Kömürsüz 115mm Akü Ve Şarj Cihazı Hariç,4680.0,Taşlamalar,2026.05.07
Xd5049a 230 Mm 850 W Avuç Taşlama (taş Motoru),3850.0,Taşlamalar,2026.05.07
Cat Power 8102 Gravür Taşlama Seti,3549.54,Taşlamalar,2026.05.07
İnterflex İnox Metal Kesici Taş Disk 115x1.0x22.23 Mm,115.0,Taşlamalar,2026.05.07
İnterflex İnox Metal Kesici Taş Disk 115x1.0x22.23 Mm (50 Adet),1250.0,Taşlamalar,2026.05.07
9557hnrgx Avuç Taşlama Makinası Spiral Makinesi 840w,6750.0,Taşlamalar,2026.05.07
İnterflex İnox Metal Kesici Taş Disk 115x1.0x22.23 Mm (10 Adet),340.0,Taşlamalar,2026.05.07
Professional Gws 17-125 S Devir Ayarlı Taşlama 1700w - 06017d0300,12225.0,Taşlamalar,2026.05.07
Dwe4056 Novalt Avuç Taşlama 800 Watt 115mm,4500.0,Taşlamalar,2026.05.07
Dwe4156 Avuç Taşlama Makinası 115mm 900 Watt,5200.0,Taşlamalar,2026.05.07
Ga 7060 Taşlama 2200 Watt 180mm,9500.0,Taşlamalar,2026.05.07
Çapak Alma Expert 180x6.0 2608600315,143.5,Taşlamalar,2026.05.07
300 Mm Beton Elmas Kesme Diski Standart 2608602543,3091.64,Taşlamalar,2026.05.07
Döküm Kesici Disk 115*2.5mm,87.4,Taşlamalar,2026.05.07
Inox Kesici Disk 180*1.9mm,116.0,Taşlamalar,2026.05.07
Granit Ve Doğal Taş Elmas Kesme Diski 300 Mm 2608602602,2207.84,Taşlamalar,2026.05.07
Metal (nk) Sabi̇t Tezgah Kesme Di̇skleri̇ 350x3.5x25.4 Mm,365.0,Taşlamalar,2026.05.07
Karbosan Metal Kesme Taşı 115 Mm Karbosan,97.5,Taşlamalar,2026.05.07
İnterflex Taşlama Taşi 180*8,180.0,Taşlamalar,2026.05.07
Sapli Mop 25*15 İnterflex,125.0,Taşlamalar,2026.05.07
Cat6115 115 Mm Avuç Taşlama,2780.31,Taşlamalar,2026.05.07
Klpro Klat18bs-20 18v/2.0ah. 115mm Çift Akülü Devir Ayarlı Kömürsüz Şarjlı Avuç Taşlama,9178.04,Taşlamalar,2026.05.07
Black&amp;decker Beg110 750watt 115mm Avuç Taşlama,2500.0,Taşlamalar,2026.05.07
Metal Kesi̇ci̇ 230mm,145.0,Taşlamalar,2026.05.07
Zr Flap Disk Zımpara 115mm 80 Kum - 10lu Paket,675.0,Taşlamalar,2026.05.07
G18dsl2-5.0 Ah 115 Mm / 18 V Çift Akülü Avuç Taşlama,23000.0,Taşlamalar,2026.05.07
- Standard Seri Beton İçin Elmas Kesme Diski 300 Mm,3955.0,Taşlamalar,2026.05.07
- Standard Seri Asfalt İçin Elmas Kesme Diski 300 Mm,3943.7,Taşlamalar,2026.05.07
Procut St 180 Mm Süper Turbo Elmas Testere,912.61,Taşlamalar,2026.05.07
Arj 115 Mm Zincirli Ahşap Testeresi,390.45,Taşlamalar,2026.05.07
"Te-ag 125/750 Kit, Avuç Taşlama - 4430885",4275.69,Taşlamalar,2026.05.07
Ggs 28 Lp 500 W Kalıpçı Taşlama,18419.0,Taşlamalar,2026.05.07
Te-ag 115 Avuç Taşlama,2972.62,Taşlamalar,2026.05.07
"180*3,0 Mm Expert For Inox Düz",110.5,Taşlamalar,2026.05.07
Professional Gws 18v-10 Akülü Taşlama Makinesi,26555.0,Taşlamalar,2026.05.07
Alman Pro 4200 W Metal Şanzuman Bakır Sargılı Avuç Içi Taşlama Demir Metal Kesme Makinesi 125 Mm,1999.0,Taşlamalar,2026.05.07
Alman Pro Bakır Sargı 4200 Watt Büyük Taşlama Kesme Makinası Demir Kesme 230 Mm,3999.0,Taşlamalar,2026.05.07
Alman 400 Watt 352 Parça 60.000 Rpm 6 Kademe Devir Ayarlı Hobi Gravür Seti Mini Taşlama Makinesi,3499.0,Taşlamalar,2026.05.07
Atg 150 N Taş Motoru 170 W - A0102032,2040.0,Taşlamalar,2026.05.07
X-lock Sdmetal Kesmetaşi125*6mmdüz(+30%),116.0,Taşlamalar,2026.05.07
Profesyonel Gws 20-125 Sb - 2.000 W,13191.0,Taşlamalar,2026.05.07
Ggs 30 S Kalıpçı Taşlama,11535.0,Taşlamalar,2026.05.07
Procut A 180 Mm Soketli Elmas Testere,577.95,Taşlamalar,2026.05.07
"Expert For Metal 115*2,5 Mm Bombeli Kesme Diski - 2608600005",81.9,Taşlamalar,2026.05.07
Delta 200/6 Mm Zımba Teli,149.0,Taşlamalar,2026.05.07
Pst 905 E Akülü Avuç Taşlama 20 V 5 . 0 Ah,13675.94,Taşlamalar,2026.05.07
- Dwe4056 - 800w 115mm Avuç Taşlama Makinesi,7585.28,Taşlamalar,2026.05.07
Dcg412nt Aküsüz Avuç Taşlama Makinesi 18v 125mm,11410.94,Taşlamalar,2026.05.07
Pa 24-180 Jet Taşlama Makinesi 180 Mm - 2400 W,7116.53,Taşlamalar,2026.05.07
Pa 715 E Elektronik Hız Avuç Taşlama 115 Mm - 750 W,3064.94,Taşlamalar,2026.05.07
Pa 9-115 Avuç Taşlama 115mm 900w - P1ea217,2655.5,Taşlamalar,2026.05.07
Ennalbur 3 Parça Mini Ahşap Testere Seti,437.32,Taşlamalar,2026.05.07
Pa750-115 Avuç Taşlama 115mm 750w - P1ea212,2203.5,Taşlamalar,2026.05.07
Kalıpçı Taşlama Opt-p 120,2587.7,Taşlamalar,2026.05.07
Kalıpçı Taşlama Lad127 Opt 127,2248.7,Taşlamalar,2026.05.07
Knisaw 42504  B-metal Panç Seti 15 Parça,3860.31,Taşlamalar,2026.05.07
Pr 680 E Elektrikli Kısa Tip Kalıpçı Taşlama Devir Ayarlı 600w - P1ea249,2881.5,Taşlamalar,2026.05.07
Pws 750-115 Taşlama Makinesi - 06033a240c,3717.7,Taşlamalar,2026.05.07
Rtrmax Rtm6230 Üstten Tablali 2000 Watt 5500d/dk Gönye Testere,14399.0,Testereler,2026.05.07
Gönye Kesme Makinesi 1400 W 210 mm,4199.0,Testereler,2026.05.07
Kızaklı Gönye Kesme Makinesi 1500 W 210 mm,6199.0,Testereler,2026.05.07
Şerit Testere Tezgahı 230 mm 350 W,8999.0,Testereler,2026.05.07
Mag Gönyeli Testere 350mm,629.9,Testereler,2026.05.07
Gönyeli Testere 400 mm,329.9,Testereler,2026.05.07
Elmas Kesme Bıçağı 85 mm,419.9,Testereler,2026.05.07
EMIS254C Gönye Kesme Makinesi 1800W 254 mm,9999.0,Testereler,2026.05.07
Mag Gönye Testere Seti 300 mm,959.9,Testereler,2026.05.07
Gts 254 Tezgah Üstü Testere,16299.0,Testereler,2026.05.07
SM18 Gönye Kesme Makinası 1800 W 254 mm,16529.0,Testereler,2026.05.07
Dwe7492 2000watt 250mm Profesyonel Tezgâh Tipi Testere,37352.0,Testereler,2026.05.07
Profesyonel Profil Kesme SSC22,10398.0,Testereler,2026.05.07
ST SST1800W Tezgah Üstü Testere 1800 Watt,18368.0,Testereler,2026.05.07
Gönye Kesme Makinesi 216 mm,21451.0,Testereler,2026.05.07
Gcm 216 Gönye Kesme,14037.0,Testereler,2026.05.07
Profil Kesme GCO 14-24 J,12737.0,Testereler,2026.05.07
Gönye Kesme Makinesi 305 mm GTM12JL,39884.0,Testereler,2026.05.07
Gönye Testere 1650 W DW714,17499.0,Testereler,2026.05.07
Beton Kesme Diski,1399.0,Testereler,2026.05.07
Tezgah Tipi Testere GTS 635-216 + GTA 560,25994.0,Testereler,2026.05.07
Açılı Kesme Ve Taşlama Standı 115/125mm Avuç Taşlama Sehpası Tezgahı Mengeneli Kayar Mil Kızaklı stand mengeneli,2340.0,Testereler,2026.05.07
"TC-SM 216, Pistonlu Gönye Testere",10420.9,Testereler,2026.05.07
RTM622 ÜSTTEN TABLALI GÖNYE TESTERE MAKİNESİ 1200W 210MM,9423.59,Testereler,2026.05.07
Gcd 12 Jl Metal Kesme Testeresi,24212.0,Testereler,2026.05.07
Disk Altı,149.9,Testereler,2026.05.07
Gtm 12 Jl Gönye Kesme Makinası 1800 W 305mm,38932.49,Testereler,2026.05.07
Hm216 Gönye Kesme Makinesi 216 Mm 2000w - 5901215903,9102.0,Testereler,2026.05.07
Rtrmax Rtm6280 Tezgah Testere 2000 Watt 255mm 5300rpm,12706.33,Testereler,2026.05.07
Tezgah Testere TC-TS 200,14688.7,Testereler,2026.05.07
Gönye Testere TC-MS-2513 L,11899.0,Testereler,2026.05.07
Dwe7492-qs 2000w 250mm Tezgah Testere,49499.0,Testereler,2026.05.07
Cırtlı Disk Altı 180 mm CDA 431,629.9,Testereler,2026.05.07
"Expert Te-ms 254 T, Tablali Göny",22199.0,Testereler,2026.05.07
Gkt210 Üstten Tablalı Gönye Kesme 210 Mm 1200 W - A0701020,9740.0,Testereler,2026.05.07
Gk305 Dbl Çift Yatarlı Gönye Kesme 305 Mm 1800 W - A0701023,18469.6,Testereler,2026.05.07
"Expert Te-ts 10 T, Tezgah Testere",26271.0,Testereler,2026.05.07
Rtms1800 Tablalı Gönye Kesme Makinesi 254 Mm 1800w - 5133002152,25153.2,Testereler,2026.05.07
Tc-ts 2025/2 U Eco Tezgah Testere 1800w - 4340490,14928.0,Testereler,2026.05.07
Dx5180set 2400watt 355mm Profesyonel Profil Kesme + Dx3090 720watt 125mm Profesyonel Avuç Taşlama,11719.19,Testereler,2026.05.07
RTM624 ÜSTTEN TABLALI GÖNYE TESTERE MAKİNESİ 2000W 305MM,18569.0,Testereler,2026.05.07
Rtrmax Rtm6220 Gönye Kesme Üstten Tabla 1200w,9423.59,Testereler,2026.05.07
Klpro Klgk255 2000w 255mm Üstten Tablalı Gönye Kesme Makinesi,15884.76,Testereler,2026.05.07
Rtrmax Rtm6220 ÜSTTEN TABLALI 1200 WATT5300D/DK GÖNYE TESTERE,9423.59,Testereler,2026.05.07
RTM623 ÜSTTEN TABLALI GÖNYE TESTERE MAKİNASI 1800W  250MM  RTRMAX,14449.0,Testereler,2026.05.07
Rtrmax Rtm6255 Radyal Gönye Testere 1800 Watt 3800d/dk,16558.93,Testereler,2026.05.07
Professional Gcm 12 Gdl Gönye Kesme Makinesi - 0601b23600,49830.0,Testereler,2026.05.07
Lh1040 Gönye Kesme Tezgahı Üst Tablalı,29117.0,Testereler,2026.05.07
G6t210 Lazerli Gönye Kesme Makinesi 48 Diş 210 Mm 1200 W - A0701006,5690.9,Testereler,2026.05.07
Tc-ts 2000 U Tezgah Testere - 4340506 Kırmızı,12180.9,Testereler,2026.05.07
Rtrmax Rtm6250 Radyal Gönye Testere 2000 Watt 4500d/dk,12016.58,Testereler,2026.05.07
Lieber German Maxstar Serii 1700 Watt 210mm Bakır Sargılı Kızaklı Açılı Gönye Kesme Makinesi,8999.0,Testereler,2026.05.07
Bordo Gönye Kesme Maki̇nesi̇ 1.200 W- 250 Mm,10400.0,Testereler,2026.05.07
Gönye Kesme Maki̇nesi̇ 1.800 W- 305 Mm,20750.0,Testereler,2026.05.07
Jig-zb-355c-2 Bordo Profi̇l Kesme Maki̇nesi̇,7700.0,Testereler,2026.05.07
Hm 80l Lazerli Gönye Kesme,8321.85,Testereler,2026.05.07
Profesyonel Tezgahli Testere Maki̇nasi,14499.99,Testereler,2026.05.07
Zb-255a Tezgah Testere 2000 Watt,13522.62,Testereler,2026.05.07
Tc-sb 200/1 Şerit Testere - 4308018,15675.69,Testereler,2026.05.07
Elta 5891260830 300 Mm Elta Testere Kolu,793.25,Testereler,2026.05.07
Avuç Taşlama Dt01ag,11194.0,Testereler,2026.05.07
Rtrmax Rtm622 Gönye Kesme Üstten Tabla 1200w 210mm,9449.0,Testereler,2026.05.07
Rtrmax Rtm624 Tablalı Gönye Kesme Mak. 2000w 305mm,18993.83,Testereler,2026.05.07
Rtrmax Rtm623 Gönye Kesme Üstten Tablalı 1800w,14326.49,Testereler,2026.05.07
Rtrmax Rtm6240 Üstten Tablali Yatarli 2000 Watt 4.200 Devi̇r 305x30x40t Gönye Testere,17982.18,Testereler,2026.05.07
Klpro 2000w 254mm Tezgah Testere Klttg250,14402.08,Testereler,2026.05.07
Klpro 2000w 305mm Tablali Gönye Kesme Maki̇nasi Klgk305,21249.0,Testereler,2026.05.07
Kleco Gönye Kesme Maknasi Ke255gk,8835.69,Testereler,2026.05.07
Klpro 2000 Watt Lazerli Gönye Kesme Makinası Klgk1247,19591.46,Testereler,2026.05.07
Kl Pro Klct622p 12-22mm Profesyonel Havalı Çivi Çakma Tabancası,3599.37,Testereler,2026.05.07
Kl Pro Klef1205 1800 Watt Profesyonel El Frezesi,6035.56,Testereler,2026.05.07
"TC-MS 216, Gönye Testere",7107.0,Testereler,2026.05.07
Professional Gcm 12 Sde Gönye Kesme Makinesi - 0601b23100,51956.0,Testereler,2026.05.07
Profesyonel Gcm 18v-216 D Akülü Gönye Kesme Makinesi (akü Hariç) 0601b51000,22275.0,Testereler,2026.05.07
Gcm 305-216 D Gönye Kesme,20417.0,Testereler,2026.05.07
Gcm 340-305 D 1800 W Gönye Testere,34983.0,Testereler,2026.05.07
Te-sm 8 L Dual  Pistonlu Gönye Testere - 4300866,12313.0,Testereler,2026.05.07
Kress Kh483.9 40volt 1400w 254mm Kömürsüz Kızaklı Bluetooth Bağlantılı Profesyonel Gönye Kesme (akü Dahil Değildir),31075.5,Testereler,2026.05.07
Dx5180 2400watt 355mm Profesyonel Profil Kesme,11172.22,Testereler,2026.05.07
RTM636 ÜSTTEN TABLALI YATARLI GÖNYE KESME MAKİNESİ 1100W 300MM İNDÜKSİYON MOTOR,25822.01,Testereler,2026.05.07
RTM629 RADYAL GÖNYE TESTERE MAKİNESİ 1800W 255MM,13967.36,Testereler,2026.05.07
Tc-ts 210 Tezgah Daire Testere,29118.7,Testereler,2026.05.07
Tc-sm 2531/1 U Pistonlu Gönye Kesme,25998.7,Testereler,2026.05.07
Gms 305f Gönye Kesme Makinası,17220.0,Testereler,2026.05.07
Tc-sm 2534 Dual Pistonlu Gönye Testere,25998.7,Testereler,2026.05.07
Mss 1610 Gönye Kesme Ve Testere Çalışma Tezgah Stantı,15598.7,Testereler,2026.05.07
Tc-ms 3017 T Tablalı Gönye Testere,32498.7,Testereler,2026.05.07
Te-ts 2025 Uf Tezgah Testere,51998.7,Testereler,2026.05.07
Te-sm 36/210 Li Solo Akülü Kayar Pistonlu Gönye Kesme,23138.7,Testereler,2026.05.07
G6f250 Üstten Tablalı Gönye Kesme Makinası 1600 Watt 250mm,12468.0,Testereler,2026.05.07
"Te-sm 2534 Dual, Pistonlu Gönye Testere - 4300870",25998.7,Testereler,2026.05.07
Mls100 Gönye Kesme Tezgahı,25499.0,Testereler,2026.05.07
Gcm 18v 254 D Akülü Gönye Kesme Makinesi (akü Hariç) 0601b51100,35969.0,Testereler,2026.05.07
Flex Sbg 4910 850w Elektronik Şerit Testere Metal Kesme,39624.41,Testereler,2026.05.07
TC-TS 254 U Tezgah Testere,25998.7,Testereler,2026.05.07
Aeg Ps 254 L 254 Mm Radyal Gönye Kesme Makinesi 1800 W,29232.0,Testereler,2026.05.07
Lh1201fl 1600 Watt 305 Mm Üstten Tablalı Lazer Hizalamalı Gönye Kesme Makinası,56900.0,Testereler,2026.05.07
Ls1219l Radyal Lazerli Çift Sürgülü 305 Mm Gönye Kesme Testere,85000.0,Testereler,2026.05.07
Lh1040 1650 Watt 260 Mm Üstten Tablalı Gönye Kesme Makinası,39500.0,Testereler,2026.05.07
Lb1200f Şerit Testere Tezgahı,77998.7,Testereler,2026.05.07
Dm500t Ahşap Torna Tezgahı - 5902307901,16250.9,Testereler,2026.05.07
Hm210l Gönye Kesme Makinesi 210 Mm 1500w - 5901226901,6077.55,Testereler,2026.05.07
Hm140l Elektrikli Gönye Testeresi 305 Mm - 5901218901,15636.0,Testereler,2026.05.07
Hf60 Tezgah Freze 1500w - 5902106901,23402.0,Testereler,2026.05.07
Basa 3 Şerit Testere  300 W - 1901503901,41376.0,Testereler,2026.05.07
Deco-xls Pedallı Tezgah Tipi Testere - 5901407901,10488.0,Testereler,2026.05.07
Eco Tezgah Testere ETC-TS 254,25998.7,Testereler,2026.05.07
Flap Disk NK 40 Kum 115x22 mm,229.71,Testereler,2026.05.07
Klpro Tezgah Testere Ayaği Klttga (klttg250 Için),1203.0,Testereler,2026.05.07
Umf1600 Universal Gönye Kesme Sehpası - 5907103900,6310.75,Testereler,2026.05.07
Elektrikli Araç Şarj İstasyonu Ayak Standı,7637.14,Testereler,2026.05.07
Umf2000 Universal Gönye Kesme Sehpası - 5907102900,7056.0,Testereler,2026.05.07
Gönye Kesme Maki̇nasi 1.400 W- 200 Mm,7800.0,Testereler,2026.05.07
Hs210 Masa Testere 210 Mm 1500 W - 5901327901,9300.0,Testereler,2026.05.07
Hs105 Yatar Tezgah Testere 255 Mm 2000 W - 5901324901,21708.0,Testereler,2026.05.07
Jig-zb-355g-2 Bordo Elmas Uçlu Profi̇l Kesme Maki̇nasi,20050.0,Testereler,2026.05.07
Ge-lc 36/35 Li Solo Zincirli Ağaç Kesme,10499.0,Testereler,2026.05.07
Umf1550 Universal Gönye Kesme Sehpası - 5907107900,4878.0,Testereler,2026.05.07
Radyal Gönye Kesme Testeresi̇ 255mm Ts421825517,16969.0,Testereler,2026.05.07
Klpro Klttga Klttg250 Model Tezgah Testere Makinesinin Ayağı,1299.45,Testereler,2026.05.07
Profil Kesme Kafa Koparma Gönye Demir Kesme 3000 W 355 Lık Bıçak Çapı,4500.0,Testereler,2026.05.07
Demir Profil Kesme,4500.0,Testereler,2026.05.07
Professional Fsn Wan - Açılı Mesnet,8540.0,Testereler,2026.05.07
Gönye Kesme Makinesi,6849.0,Testereler,2026.05.07
Kızaklı Gönye Kesme Makinesi 255 Mm 2000 Watt,14520.0,Testereler,2026.05.07
Professional Gta 60 W Gönye Kesme Sehpası,21995.0,Testereler,2026.05.07
Hais Kızaklı Gönye Kesme Makinesi 255 Mm 2000 Watt,14520.0,Testereler,2026.05.07
Professional Gta 2600 Gönye Kesme Sehpası,12356.0,Testereler,2026.05.07
Professional Gts 635-216 Tezgah Tipi Gönye Testere,27719.99,Testereler,2026.05.07
Tc-sm 254 Pistonlu Gönye Kesme Makinesi Kırmızı,20798.7,Testereler,2026.05.07
Tc-sm 2531/2 U Gönye Kesme Makinesi Kırmızı,20530.0,Testereler,2026.05.07
MTSP800B Tezgah Üstü Testere 800 W,3499.0,Testereler,2026.05.07
MSTS1500 Tezgah Üstü Testere 1500 W 254 mm,7999.0,Testereler,2026.05.07
5 li Fiber Disk,49.99,Testereler,2026.05.07
ETS2000 Ayaklı Tezgah Üstü Testere 2000 W,12129.0,Testereler,2026.05.07
"Tc-ts 2225 U, Tezgah Testere",14299.0,Testereler,2026.05.07
TE-MS 18/210 Li Solo Akülü Gönye Testere,8499.0,Testereler,2026.05.07
"Tc-ms 3017 T, Tablali Gönye Kesm",23699.0,Testereler,2026.05.07
Dw872-qs 355mm Profil Kesme Makinesi,31999.0,Testereler,2026.05.07
Tilki Kuyruğu 850 watt,1599.0,Zımpara ve Polisaj,2026.05.07
MSCS1500 Daire Testere 1500 w,2699.0,Zımpara ve Polisaj,2026.05.07
Tilki Kuyruğu GSA 1300 PCE,11299.0,Zımpara ve Polisaj,2026.05.07
Profesyonel Elektrikli Daire Testere GKS 190 1400 W,6299.0,Zımpara ve Polisaj,2026.05.07
5&#039;li Paslanmaz Kemik Tilki Kuyruğu Bıçağı S 1211 K,1499.0,Zımpara ve Polisaj,2026.05.07
600 W Çok Fonksiyonlu Pandullü Dekupaj Testere,1899.0,Zımpara ve Polisaj,2026.05.07
PCS1200C 1200W Daire Testere 160mm,1999.0,Zımpara ve Polisaj,2026.05.07
Pandullü 350W Dekupaj Testere,849.9,Zımpara ve Polisaj,2026.05.07
Tilki Kuyruğu GSA 12-30,6299.0,Zımpara ve Polisaj,2026.05.07
Tilki Kuyruğu Testere DWE305PK-QS 1100W,12499.0,Zımpara ve Polisaj,2026.05.07
Metal Panter Testere Ucu S1122BF,429.9,Zımpara ve Polisaj,2026.05.07
Gop 30-28 Salinim Hareketli Makine,8499.0,Zımpara ve Polisaj,2026.05.07
Üçlü Ahşap Seti,1259.0,Zımpara ve Polisaj,2026.05.07
Ahşap Panter Testere Ucu S 1131 L HCS,699.9,Zımpara ve Polisaj,2026.05.07
Daire Testere V2018V 165mm SFMCS500B,6799.0,Zımpara ve Polisaj,2026.05.07
Ahşap Panter Testere Ucu S1111DF,429.9,Zımpara ve Polisaj,2026.05.07
Çok Amaçlı Alet Seti 23 Parça,579.9,Zımpara ve Polisaj,2026.05.07
MSMT300QC Çok Amaçlı Alet 300 W,2449.0,Zımpara ve Polisaj,2026.05.07
CS1250L Daire Testere 1250W 190mm,3999.0,Zımpara ve Polisaj,2026.05.07
Çok Amaçlı Alet Seti PMF 220CE,5379.0,Zımpara ve Polisaj,2026.05.07
Tct Daire Testere Bıçağı 190x16/20x40T,449.9,Zımpara ve Polisaj,2026.05.07
Dt2294-qz 10prç Ahşap Metal Kesme,1099.0,Zımpara ve Polisaj,2026.05.07
MSMT300 Çok Amaçlı Alet 300 W,2299.0,Zımpara ve Polisaj,2026.05.07
Çok Amaçlı Uç Seti 15 Parça,1679.0,Zımpara ve Polisaj,2026.05.07
Moto-Saw MS20-1/5 Dekupaj Testere,7299.0,Zımpara ve Polisaj,2026.05.07
"TC-JS 18 Li (1x2,5 Ah), Akülü Dekupaj Testere",5899.0,Zımpara ve Polisaj,2026.05.07
Dekupaj Testere 550W KS801SE,3199.0,Zımpara ve Polisaj,2026.05.07
"TC-CS 1250, Daire Testere",3599.0,Zımpara ve Polisaj,2026.05.07
- Tilki Kuyruğu Bıçağı S 1211 K -1 Buz Ve Kemik Kesme 1&#039;li Paket,489.0,Zımpara ve Polisaj,2026.05.07
"Expert Metal İçin Daire Testere Bıçağı – 305*25,4*2,6 Mm 60 Diş – 2608643060",3379.0,Zımpara ve Polisaj,2026.05.07
- Tilki Kuyruğu Bıçağı S 1211 K -5 Buz Ve Kemik Kesme 5&#039;li Paket,1639.0,Zımpara ve Polisaj,2026.05.07
750w Bakır Sargılı 6 Kademe Devir Ayarlı Tilki Kuyruğu Testere,2049.9,Zımpara ve Polisaj,2026.05.07
Panter Testere Bıçağı S1111K,99.99,Zımpara ve Polisaj,2026.05.07
Dekupaj Testere TC-JS 80/1,2170.9,Zımpara ve Polisaj,2026.05.07
Compact Dekupaj Testere PST 650,2968.0,Zımpara ve Polisaj,2026.05.07
Eco 190*30mm 24 Diş Ahşap Daire Testere Bıçağı 2608644376,617.0,Zımpara ve Polisaj,2026.05.07
Metal Dekupaj Testere Bıçağı T118A,54.99,Zımpara ve Polisaj,2026.05.07
Dwe5615-qs 1500w 190mm Daire Test,6469.0,Zımpara ve Polisaj,2026.05.07
Optiline Ahşap Kesme Diski 24 Diş 160x16 mm,1150.0,Zımpara ve Polisaj,2026.05.07
Ahşap Dekupaj Testere Bıçağı T344D,72.99,Zımpara ve Polisaj,2026.05.07
Panter Testere Bıçağı S922HF,129.9,Zımpara ve Polisaj,2026.05.07
Ahşap Dekupaj Testere Bıçağı T144D,64.99,Zımpara ve Polisaj,2026.05.07
GSA 1100 E Tilki Kuyruğu Testere 1100 W,7997.49,Zımpara ve Polisaj,2026.05.07
Eco 190*30mm 48 Diş Ahşap Daire Testere Bıçağı 2608644377,821.7,Zımpara ve Polisaj,2026.05.07
Dekupaj Testere Bıçağı Hcs,279.9,Zımpara ve Polisaj,2026.05.07
Eisenn Tilki Kuyruğu Testere Pvc Metal Ytong Ahşap Ve Kemik Kesim Makinası 6 Kademe Devir Ayarlı 3 Adet Bıçak Hediyeli,2899.9,Zımpara ve Polisaj,2026.05.07
Rtrmax Rtm3890 Sulu Serami̇k Kesme Maki̇nesi̇ Açili Kesi̇m 1400w 115mm,3070.67,Zımpara ve Polisaj,2026.05.07
Ahşap Dekupaj Testere Bıçağı T101BR,69.99,Zımpara ve Polisaj,2026.05.07
10 Parça Karışık Dekupaj Testere Seti,510.0,Zımpara ve Polisaj,2026.05.07
Expert S 956 Xhm Çok Amaçlı 150 Mm Panter Testere 1&#039;li 2608900389,983.0,Zımpara ve Polisaj,2026.05.07
Gsa 185-Lı Solo Panter Testere,9607.49,Zımpara ve Polisaj,2026.05.07
RTM385 DAİRE TESTERE 210MM 1800W RTRMAX,4751.65,Zımpara ve Polisaj,2026.05.07
Gks 190 Daire Testere Makinesi 1400 Watt 190mm,6315.0,Zımpara ve Polisaj,2026.05.07
Pst 650 Dekupaj Testere,2968.0,Zımpara ve Polisaj,2026.05.07
Dekupaj Testere 400 Watt,1300.0,Zımpara ve Polisaj,2026.05.07
"Te-cs 18/150 Li - Solo, Akülü Daire Testere - 4331220",5804.0,Zımpara ve Polisaj,2026.05.07
Ahşap Dekupaj Testere Bıçağı T101 Br-Hcs,229.9,Zımpara ve Polisaj,2026.05.07
Tilki Kuyruğu 900 W STPT0900,4882.0,Zımpara ve Polisaj,2026.05.07
Panter Testere Bıçağı S1542K,139.9,Zımpara ve Polisaj,2026.05.07
Bi-Metal Kesme Bıçağı 32x30 mm,299.9,Zımpara ve Polisaj,2026.05.07
Dekupaj Testere 710W GST8000E,5418.0,Zımpara ve Polisaj,2026.05.07
T101B 5 li Ağaç Dekupaj Testere Bıçağı,397.0,Zımpara ve Polisaj,2026.05.07
PST700E Compact Dekupaj Testere,3105.0,Zımpara ve Polisaj,2026.05.07
PSA 700 E Tilki Kuyruğu Testere,5103.0,Zımpara ve Polisaj,2026.05.07
Daire Testere 1600 W 190 mm STSC16,5092.0,Zımpara ve Polisaj,2026.05.07
Panter Testere Bıçağı S2345X,119.9,Zımpara ve Polisaj,2026.05.07
Ahşap Dekupaj Testere Bıçağı T101AO,59.99,Zımpara ve Polisaj,2026.05.07
Ahşap Dekupaj Testere Bıçağı T101B,72.99,Zımpara ve Polisaj,2026.05.07
Ahşap Dekupaj Testere Bıçağı T301CD,72.99,Zımpara ve Polisaj,2026.05.07
Metal Dekupaj Testere Bıçağı T123X,89.99,Zımpara ve Polisaj,2026.05.07
Dekupaj Testere Bıçağı T127D-Hss75,249.9,Zımpara ve Polisaj,2026.05.07
Tilki kuyruğu testere seti Metal Ahşap Kemik Kesme 3lü Tilki Kuyruğu bıçakları Paslanmaz seri,394.0,Zımpara ve Polisaj,2026.05.07
78126 Dekupaj Testere 400w,1491.75,Zımpara ve Polisaj,2026.05.07
Daire Testere Mke1,2287.0,Zımpara ve Polisaj,2026.05.07
Daire Testere Dwe1,2287.0,Zımpara ve Polisaj,2026.05.07
Tc-js 18 Li - Dekupaj Testeresi + 1*2.5 Ah Starter Kit,3392.0,Zımpara ve Polisaj,2026.05.07
Optiline 305*30mm 100 Diş Ahşap Daire Testere Bıçağı 2608644386,2600.0,Zımpara ve Polisaj,2026.05.07
Eisenn Alman Grey E-3645 Yağ Pompalı Dijital Göstergeli 32 Cm Pala Çift Akü 10 Pi̇lli̇ Dal Budama Ağaç Kesim,5999.9,Zımpara ve Polisaj,2026.05.07
Matkap İçin Şarjlı Ve  Elektrikli Matkap Pistonlu Jig Testere Aparatı Ağaç Metal Işleme Adaptör,695.0,Zımpara ve Polisaj,2026.05.07
"TC-JS 80/1 Kit, Dekupaj Testere",3566.46,Zımpara ve Polisaj,2026.05.07
HRS1050 Tilki Kuyruğu Testere 1050 Watt,4095.0,Zımpara ve Polisaj,2026.05.07
Ahşap Dekupaj Testere Bıçağı T234 X-Hcs,359.9,Zımpara ve Polisaj,2026.05.07
Gst 185-Lı (S) Solo Dekupaj Testre,11299.0,Zımpara ve Polisaj,2026.05.07
"TC-JS 18 Li - Solo, Akülü Dekupaj Testere",2699.0,Zımpara ve Polisaj,2026.05.07
T 308 Bo Ekstra Temiz Kesim Ahşap Dekupaj Ucu 3&#039;lü 2608663867,480.0,Zımpara ve Polisaj,2026.05.07
Da07901 8 Parça Profesyonel Metal/ahşap Kesme Tilki Kuyruğu Testere Ucu,1065.0,Zımpara ve Polisaj,2026.05.07
PMF 180 E Hard Metal Bıçak 85 mm,999.9,Zımpara ve Polisaj,2026.05.07
T101D 5 li Ağaç Dekupaj Testere Bıçağı,359.9,Zımpara ve Polisaj,2026.05.07
Exst Diş Daire Testere Bıçağı 305 X 25.40 Mm 80 - 2608643061,4317.49,Zımpara ve Polisaj,2026.05.07
Profesyonel 12 V Çift Akülü Şarjlı Dekupaj Testere Makinesi,1399.9,Zımpara ve Polisaj,2026.05.07
Tomax S 1211 K 300 Mm Paslanmaz Ti̇lki̇ Kuyruğu Kemi̇k Testeresi,360.0,Zımpara ve Polisaj,2026.05.07
Tomax S922ef Metal Kesme Ti̇lki̇ Kuyruğu Testeresi̇ 150 Mm,325.0,Zımpara ve Polisaj,2026.05.07
Tomax S1531l Hcs Ahşap Kesme Ti̇lki̇ Kuyruğu Testeresi̇ 240 Mm,315.0,Zımpara ve Polisaj,2026.05.07
"Tomax Ti̇lki̇ Kuyruğu Gaz Beton / Tuğla - 305 Mm / 12,7 Mm",1325.0,Zımpara ve Polisaj,2026.05.07
Professional Akülü Daire Testere Tp-cs 18/136-c Li Bl - Solo,8999.0,Zımpara ve Polisaj,2026.05.07
Seramik Dekupaj Bıçağı T130,69.99,Zımpara ve Polisaj,2026.05.07
Kwb Kutulu Dekupaj Testere Seti 10parça S30 617230,349.88,Zımpara ve Polisaj,2026.05.07
Sjd 6-a22 Akülü Tilki Kuyruğu Dekupaj Testere,22000.0,Zımpara ve Polisaj,2026.05.07
Adaptörlü Elmaslı Beton Delme Panç 120 Mm Tdrtr,7222.49,Zımpara ve Polisaj,2026.05.07
Alman 88 V 10 Ah Çift Akülü Tilki Kuyruğu Ağaç Dal Kurban Kesim Makinesi 5 Adet Bıçak Şarjlı Tilki,3333.0,Zımpara ve Polisaj,2026.05.07
Hs7601 Elektrikli Daire Testere 1200w,8299.0,Zımpara ve Polisaj,2026.05.07
"Beton Kesme Testeresi 350x3,2x8x25,4 Tdrtr",15214.99,Zımpara ve Polisaj,2026.05.07
Elektrolize Elmas Kesici Disk - 180 Mm Tdrtr,5046.49,Zımpara ve Polisaj,2026.05.07
Elmaslı Mermer Granit Panç - 63 Mm Tdrtr,5220.99,Zımpara ve Polisaj,2026.05.07
Mermer Granit Panç M14 - 22 Mm Tdrtr,3702.49,Zımpara ve Polisaj,2026.05.07
Mermer Granit Panç M14 - 35 Mm Tdrtr,4784.49,Zımpara ve Polisaj,2026.05.07
Mermer Granit Panç M14 - 57 Mm Tdrtr,6360.99,Zımpara ve Polisaj,2026.05.07
Elmaslı Mermer Granit Panç - 35 Mm Tdrtr,3977.49,Zımpara ve Polisaj,2026.05.07
"Bi-metal Panç Takımı - 13`lü Set (19-64 Mm), Ahşap İçin, Çantalı Tdrtr",8626.49,Zımpara ve Polisaj,2026.05.07
Mermer Granit Panç M14 - 20 Mm Tdrtr,3455.49,Zımpara ve Polisaj,2026.05.07
Bi-metal Panç 200 Mm - Ahşap İçin Tdrtr,5024.49,Zımpara ve Polisaj,2026.05.07
Mermer Granit Panç M14 - 28 Mm Tdrtr,4151.99,Zımpara ve Polisaj,2026.05.07
Tct Metal Delme Panç - 85 Mm Tdrtr,3793.49,Zımpara ve Polisaj,2026.05.07
Bi-metal Panç 188 Mm - Ahşap İçin Tdrtr,4862.49,Zımpara ve Polisaj,2026.05.07
Elmaslı Mermer Granit Panç -57 Mm Tdrtr,5062.49,Zımpara ve Polisaj,2026.05.07
"Bi-metal Panç Takımı - 9`lu Set (19-57 Mm), Ahşap İçin, Çantalı Tdrtr",6538.99,Zımpara ve Polisaj,2026.05.07
Elmaslı Karot Delme Panç 64 Mm Tdrtr,5406.49,Zımpara ve Polisaj,2026.05.07
Elmaslı Karot Delme Panç 44 Mm Tdrtr,5022.49,Zımpara ve Polisaj,2026.05.07
Mermer Granit Panç M14 - 33 Mm Tdrtr,4546.49,Zımpara ve Polisaj,2026.05.07
Elektrolize Elmas Kesici Flanşlı Disk - 180 Mm Tdrtr,5438.99,Zımpara ve Polisaj,2026.05.07
"Beton Kesme Testeresi 300x3,0x8x25,4 Tdrtr",11989.99,Zımpara ve Polisaj,2026.05.07
"Asfalt Kesme Testeresi 400x3,4x8x25,4 Tdrtr",18069.49,Zımpara ve Polisaj,2026.05.07
"Mermer Kesme Testeresi 300x3,0x8x25,4 Tdrtr",12502.49,Zımpara ve Polisaj,2026.05.07
Elmas Panç Set - 6 Parça Tdrtr,3677.49,Zımpara ve Polisaj,2026.05.07
Elmaslı Karot Delme Panç 51 Mm Tdrtr,5246.49,Zımpara ve Polisaj,2026.05.07
Elmaslı Karot Delme Panç 38 Mm Tdrtr,4451.99,Zımpara ve Polisaj,2026.05.07
Adaptörlü Elmaslı Beton Delme Panç 100 Mm Tdrtr,3380.99,Zımpara ve Polisaj,2026.05.07
Elmaslı Karot Delme Panç 102 Mm Tdrtr,7484.49,Zımpara ve Polisaj,2026.05.07
Bi-metal Panç 165 Mm - Ahşap İçin Tdrtr,4226.49,Zımpara ve Polisaj,2026.05.07
"Vantuzlu Ayarlı Panç Sistemi 40-200 Mm, Çantalı Tdrtr",11056.99,Zımpara ve Polisaj,2026.05.07
Bi-metal Panç 177 Mm - Ahşap İçin Tdrtr,4500.99,Zımpara ve Polisaj,2026.05.07
Bi-metal Panç 146 Mm - Ahşap İçin Tdrtr,3677.49,Zımpara ve Polisaj,2026.05.07
Bi-metal Panç 140 Mm - Ahşap İçin Tdrtr,3455.49,Zımpara ve Polisaj,2026.05.07
Mermer Granit Panç M14 - 25 Mm Tdrtr,4047.99,Zımpara ve Polisaj,2026.05.07
Mermer Granit Panç M14 - 45 Mm Tdrtr,5346.49,Zımpara ve Polisaj,2026.05.07
Elektrolize Elmas Kesici Flanşlı Disk - 230 Mm Tdrtr,9180.99,Zımpara ve Polisaj,2026.05.07
"Mermer Kesme Testeresi 400x3,4x8x25,4 Tdrtr",18153.49,Zımpara ve Polisaj,2026.05.07
Bi-metal Panç 168 Mm - Ahşap İçin Tdrtr,4287.99,Zımpara ve Polisaj,2026.05.07
Mermer Granit Panç M14 - 38 Mm Tdrtr,5080.99,Zımpara ve Polisaj,2026.05.07
Bi-metal Panç 210 Mm - Ahşap İçin Tdrtr,5596.99,Zımpara ve Polisaj,2026.05.07
Elmaslı Karot Delme Panç 95 Mm Tdrtr,6489.99,Zımpara ve Polisaj,2026.05.07
Mermer Granit Panç M14 - 52 Mm Tdrtr,5989.99,Zımpara ve Polisaj,2026.05.07
"Beton Kesme Testeresi 400x3,4x8x25,4 Tdrtr",18725.99,Zımpara ve Polisaj,2026.05.07
"Mermer Kesme Testeresi 350x3,2x8x25,4 Tdrtr",16793.49,Zımpara ve Polisaj,2026.05.07
Elmaslı Mermer Granit Panç - 28 Mm Tdrtr,3424.49,Zımpara ve Polisaj,2026.05.07
Mermer Granit Panç M14 - 63 Mm Tdrtr,7149.99,Zımpara ve Polisaj,2026.05.07
Elmaslı Mermer Granit Panç - 33 Mm Tdrtr,3937.49,Zımpara ve Polisaj,2026.05.07
Bi-metal Panç 133 Mm - Ahşap İçin Tdrtr,3400.99,Zımpara ve Polisaj,2026.05.07
Elmaslı Karot Delme Panç 70 Mm Tdrtr,5771.99,Zımpara ve Polisaj,2026.05.07
Elmaslı Mermer Granit Panç - 52 Mm Tdrtr,4893.49,Zımpara ve Polisaj,2026.05.07
Bi-metal Panç 152 Mm - Ahşap İçin Tdrtr,3917.49,Zımpara ve Polisaj,2026.05.07
Elmaslı Karot Delme Panç 83 Mm Tdrtr,6069.99,Zımpara ve Polisaj,2026.05.07
Elmaslı Mermer Granit Panç -45 Mm Tdrtr,4669.99,Zımpara ve Polisaj,2026.05.07
Tct Metal Delme Panç - 70 Mm Tdrtr,3271.99,Zımpara ve Polisaj,2026.05.07
Tct Metal Delme Panç - 100 Mm Tdrtr,3686.49,Zımpara ve Polisaj,2026.05.07
Tct Metal Delme Panç - 80 Mm Tdrtr,3573.49,Zımpara ve Polisaj,2026.05.07
"Beton Kesme Testeresi 450x3,6x8x25,4 Tdrtr",21938.99,Zımpara ve Polisaj,2026.05.07
"Asfalt Kesme Testeresi 350x3,2x8x25,4 Tdrtr",14933.49,Zımpara ve Polisaj,2026.05.07
Tct Metal Delme Panç - 90 Mm Tdrtr,4004.49,Zımpara ve Polisaj,2026.05.07
Elmaslı Karot Delme Panç 152 Mm Tdrtr,9680.99,Zımpara ve Polisaj,2026.05.07
Elmaslı Mermer Granit Panç -38 Mm Tdrtr,4249.99,Zımpara ve Polisaj,2026.05.07
Adaptörlü Elmaslı Beton Delme Panç 110 Mm Tdrtr,4315.49,Zımpara ve Polisaj,2026.05.07
Bi-metal Panç 160 Mm - Ahşap İçin Tdrtr,3996.99,Zımpara ve Polisaj,2026.05.07
Elmaslı Karot Delme Panç 127 Mm Tdrtr,8480.99,Zımpara ve Polisaj,2026.05.07
Tct Metal Delme Panç - 75 Mm Tdrtr,3377.49,Zımpara ve Polisaj,2026.05.07
Da07005 228mm 2 Parça Profesyonel Metal/çivili Ahşap Kesme Tilki Kuyruğu Testere Ucu,468.0,Zımpara ve Polisaj,2026.05.07
Tct Metal Delme Panç - 48 Mm Tdrtr,2120.99,Zımpara ve Polisaj,2026.05.07
Bi-metal Panç 79 Mm - Ahşap İçin Tdrtr,1887.99,Zımpara ve Polisaj,2026.05.07
Elektrolize Elmas Kesici Disk - 115 Mm Tdrtr,2560.99,Zımpara ve Polisaj,2026.05.07
"Çapraz Dişli Hassas Kesim Disk - 115x1,3 Mm Tdrtr",1582.49,Zımpara ve Polisaj,2026.05.07
"Turbo Elmas Mermer Granit Kesici 115x2,0x22 Tdrtr",787.99,Zımpara ve Polisaj,2026.05.07
"Segmentli Elmas Beton Kesici Disk - 180x2,2x22 Tdrtr",1698.99,Zımpara ve Polisaj,2026.05.07
"Turbo Elmas Mermer Granit Kesici 180x2,2x22 Tdrtr",1713.49,Zımpara ve Polisaj,2026.05.07
Tct Metal Delme Panç - 54 Mm Tdrtr,2517.49,Zımpara ve Polisaj,2026.05.07
Adaptörlü Elmaslı Beton Delme Panç 60 Mm Tdrtr,2235.49,Zımpara ve Polisaj,2026.05.07
Bi-metal Panç 55 Mm - Ahşap İçin Tdrtr,1323.49,Zımpara ve Polisaj,2026.05.07
Bi-metal Panç 80 Mm - Ahşap İçin Tdrtr,1949.99,Zımpara ve Polisaj,2026.05.07
Sds Bi-metal Panç Adaptörü 32-210 Mm Tdrtr,1662.49,Zımpara ve Polisaj,2026.05.07
Adaptörlü Elmaslı Beton Delme Panç 40 Mm Tdrtr,1797.49,Zımpara ve Polisaj,2026.05.07
"Ahşap Panç Set - 16 Parça, Kutulu Tdrtr",2473.49,Zımpara ve Polisaj,2026.05.07
Bi-metal Panç 92 Mm - Ahşap İçin Tdrtr,2100.99,Zımpara ve Polisaj,2026.05.07
Elmaslı Mermer Granit Panç - 25 Mm Tdrtr,3058.99,Zımpara ve Polisaj,2026.05.07
"Ayarlı Panç Sistemi 30-200 Mm, Vidalı Kilitleme Tdrtr",1549.99,Zımpara ve Polisaj,2026.05.07
Eberle Blitz Düz Ahşap Plastik Kıl Testere Ağzı No:6 - 144 Adet Tdrtr,2215.99,Zımpara ve Polisaj,2026.05.07
Sds Mermer Granit Panç Adaptör Tdrtr,870.49,Zımpara ve Polisaj,2026.05.07
Tct Metal Delme Panç - 50 Mm Tdrtr,2298.99,Zımpara ve Polisaj,2026.05.07
Hermes () Kıl Testere Ağzı 144 Adet - No:7 Tdrtr,599.49,Zımpara ve Polisaj,2026.05.07
Adaptörlü Elmaslı Beton Delme Panç 45 Mm Tdrtr,1906.49,Zımpara ve Polisaj,2026.05.07
Tct Metal Delme Panç - 16 Mm Tdrtr,930.99,Zımpara ve Polisaj,2026.05.07
Hermes () Kıl Testere Ağzı 144 Adet - No:6 Tdrtr,599.49,Zımpara ve Polisaj,2026.05.07
Bi-metal Panç 50 Mm - Ahşap İçin Tdrtr,1209.49,Zımpara ve Polisaj,2026.05.07
Adaptörlü Elmaslı Beton Delme Panç 80 Mm Tdrtr,2929.99,Zımpara ve Polisaj,2026.05.07
Bi-metal Panç 83 Mm - Ahşap İçin Tdrtr,1960.99,Zımpara ve Polisaj,2026.05.07
Topuzlu Otel Tip Kilit Açma Ahşap Pançı Tdrtr,1287.99,Zımpara ve Polisaj,2026.05.07
Bi-metal Panç 121 Mm - Ahşap İçin Tdrtr,3086.49,Zımpara ve Polisaj,2026.05.07
Bi-metal Panç 76 Mm - Ahşap İçin Tdrtr,1842.99,Zımpara ve Polisaj,2026.05.07
Bi-metal Panç 48 Mm - Ahşap İçin Tdrtr,1198.49,Zımpara ve Polisaj,2026.05.07
Bi-metal Panç 114 Mm - Ahşap İçin Tdrtr,2988.49,Zımpara ve Polisaj,2026.05.07
"Delikli Ahşap, Plastik Dekupaj Ağzı - No:10 Tdrtr",644.99,Zımpara ve Polisaj,2026.05.07
"Seramik Fayans Kesici Disk - 125x1,3x22 Tdrtr",1460.99,Zımpara ve Polisaj,2026.05.07
Alüminyum T127d Dekupaj Testere Ağzı Tdrtr,789.99,Zımpara ve Polisaj,2026.05.07
"Ağaç Daire Testeresi (elmassız) 180x1,5 Diş 70z Tdrtr",1153.99,Zımpara ve Polisaj,2026.05.07
"Ağaç, Ahşap T344d Dekupaj Testere Ağzı Tdrtr",696.49,Zımpara ve Polisaj,2026.05.07
"Seramik Fayans Kesici Disk - 180x1,8x22 Tdrtr",2542.49,Zımpara ve Polisaj,2026.05.07
Pimli Testere Tdrtr,483.99,Zımpara ve Polisaj,2026.05.07
Tuğla Ytong Tilki Kuyruğu Testere Ağzı - 305 Mm Tdrtr,2246.49,Zımpara ve Polisaj,2026.05.07
Metal Tilki Kuyruğu Testere Ağzı - 150 Mm Tdrtr,1613.99,Zımpara ve Polisaj,2026.05.07
Geniş Demir Testere Ağzı Çift Taraflı 300 Mm - 12 Adet Tdrtr,637.49,Zımpara ve Polisaj,2026.05.07
Bi-metal Panç 62 Mm - Ahşap İçin Tdrtr,1482.99,Zımpara ve Polisaj,2026.05.07
Bi-metal Panç 86 Mm - Ahşap İçin Tdrtr,2073.49,Zımpara ve Polisaj,2026.05.07
Elmaslı Mermer Granit Panç - 20 Mm Tdrtr,2807.99,Zımpara ve Polisaj,2026.05.07
"Ayarlı Panç Sistemi 30-300 Mm, Vidalı Kilitleme Tdrtr",1744.49,Zımpara ve Polisaj,2026.05.07
Bi-metal Panç 108 Mm - Ahşap İçin Tdrtr,2857.49,Zımpara ve Polisaj,2026.05.07
Adaptörlü Elmaslı Beton Delme Panç 30 Mm Tdrtr,1613.99,Zımpara ve Polisaj,2026.05.07
Bi-metal Panç 70 Mm - Ahşap İçin Tdrtr,1633.49,Zımpara ve Polisaj,2026.05.07
Tct Metal Delme Panç - 14 Mm Tdrtr,906.49,Zımpara ve Polisaj,2026.05.07
Bi-metal Panç 54 Mm - Ahşap İçin Tdrtr,1308.49,Zımpara ve Polisaj,2026.05.07
Bi-metal Panç 73 Mm - Ahşap İçin Tdrtr,1711.99,Zımpara ve Polisaj,2026.05.07
Elmaslı Mermer Granit Panç - 18 Mm Tdrtr,2464.49,Zımpara ve Polisaj,2026.05.07
S.d. Dtl 0602 Demir Testere Kolu Lama Tdrtr,750.49,Zımpara ve Polisaj,2026.05.07
Tct Metal Delme Panç - 25 Mm Tdrtr,1166.99,Zımpara ve Polisaj,2026.05.07
Lama Demir Testere - Ağızlı Tdrtr,677.49,Zımpara ve Polisaj,2026.05.07
Bi-metal Panç 64 Mm - Ahşap İçin Tdrtr,1531.99,Zımpara ve Polisaj,2026.05.07
Adaptörlü Elmaslı Beton Delme Panç 75 Mm Tdrtr,2789.99,Zımpara ve Polisaj,2026.05.07
"Ağaç, Ahşap T244d Dekupaj Testere Ağzı Tdrtr",533.49,Zımpara ve Polisaj,2026.05.07
"Segmentli Elmas Beton Kesici Disk - 115x2,0x22 Tdrtr",765.49,Zımpara ve Polisaj,2026.05.07
"Sürekli Elmas Fayans Kesici Disk - 180x2,2x22 Tdrtr",1263.99,Zımpara ve Polisaj,2026.05.07
Adaptörlü Elmaslı Beton Delme Panç 70 Mm Tdrtr,2542.49,Zımpara ve Polisaj,2026.05.07
Bi-metal Panç 105 Mm - Ahşap İçin Tdrtr,2815.49,Zımpara ve Polisaj,2026.05.07
Bi-metal Panç 32 Mm - Ahşap İçin Tdrtr,906.49,Zımpara ve Polisaj,2026.05.07
Tct Metal Delme Panç - 60 Mm Tdrtr,2628.49,Zımpara ve Polisaj,2026.05.07
Ahşap Tilki Kuyruğu Testere Ağzı - 240 Mm Tdrtr,1506.49,Zımpara ve Polisaj,2026.05.07
Tct Metal Delme Panç - 44 Mm Tdrtr,1984.49,Zımpara ve Polisaj,2026.05.07
Toolux Dar Demir Testere Ağzı Çift Taraflı - 100 Adet Tdrtr,2518.99,Zımpara ve Polisaj,2026.05.07
Adaptörlü Elmaslı Beton Delme Panç 65 Mm Tdrtr,2309.99,Zımpara ve Polisaj,2026.05.07
Bi-metal Panç 29 Mm - Ahşap İçin Tdrtr,825.49,Zımpara ve Polisaj,2026.05.07
Bi-metal Panç 38 Mm - Ahşap İçin Tdrtr,1021.49,Zımpara ve Polisaj,2026.05.07
Bi-metal Panç 25 Mm - Ahşap İçin Tdrtr,733.49,Zımpara ve Polisaj,2026.05.07
Bi-metal Panç 44 Mm - Ahşap İçin Tdrtr,1142.99,Zımpara ve Polisaj,2026.05.07
Bi-metal Panç Adaptörü Hex 32-210 Mm Tdrtr,1371.99,Zımpara ve Polisaj,2026.05.07
Sds Bi-metal Panç Adaptörü 14-30 Mm Tdrtr,1036.49,Zımpara ve Polisaj,2026.05.07
Toolux Geniş Demir Testere Ağzı Çift Taraflı - 72 Adet Tdrtr,1867.99,Zımpara ve Polisaj,2026.05.07
"Ağaç Daire Testeresi (elmassız) 115x1,2 Diş 80z Tdrtr",589.99,Zımpara ve Polisaj,2026.05.07
"Seramik Fayans Kesici Disk - 115x1,3x22 Tdrtr",1323.49,Zımpara ve Polisaj,2026.05.07
"Ağaç, Ahşap T144d Dekupaj Testere Ağzı Tdrtr",533.49,Zımpara ve Polisaj,2026.05.07
Toolux Pimli Testere Ağzı - 12 Li Paket Tdrtr,559.99,Zımpara ve Polisaj,2026.05.07
"Ağaç, Ahşap T110d Dekupaj Testere Ağzı Tdrtr",580.99,Zımpara ve Polisaj,2026.05.07
Bi-metal Panç 30 Mm - Ahşap İçin Tdrtr,849.99,Zımpara ve Polisaj,2026.05.07
Bi-metal Panç 59 Mm - Ahşap İçin Tdrtr,1431.49,Zımpara ve Polisaj,2026.05.07
Bi-metal Panç 68 Mm - Ahşap İçin Tdrtr,1629.99,Zımpara ve Polisaj,2026.05.07
Desa Saç Profil Kolastar Kolu No: 76 Tdrtr,750.49,Zımpara ve Polisaj,2026.05.07
D Tdrtr,2689.99,Zımpara ve Polisaj,2026.05.07
Pinguin Silber Düz Atlamalı Ahşap Kıl Testere Ağzı No:7 - 144 Adet Tdrtr,2049.49,Zımpara ve Polisaj,2026.05.07
Profesyonel Hobby Demir Testere Büyük - Ağızlı Tdrtr,599.49,Zımpara ve Polisaj,2026.05.07
Tct Metal Delme Panç - 40 Mm Tdrtr,1815.49,Zımpara ve Polisaj,2026.05.07
Adaptörlü Elmaslı Beton Delme Panç 35 Mm Tdrtr,1700.99,Zımpara ve Polisaj,2026.05.07
Bi-metal Panç 60 Mm - Ahşap İçin Tdrtr,1459.49,Zımpara ve Polisaj,2026.05.07
Profesyonel Demir Testere Tdrtr,1019.99,Zımpara ve Polisaj,2026.05.07
Pimli Testere - 5 Yedekli Tdrtr,561.99,Zımpara ve Polisaj,2026.05.07
Bi-metal Panç 41 Mm - Ahşap İçin Tdrtr,1118.49,Zımpara ve Polisaj,2026.05.07
Tct Metal Delme Panç - 18 Mm Tdrtr,951.49,Zımpara ve Polisaj,2026.05.07
Bi-metal Panç 111 Mm - Ahşap İçin Tdrtr,2917.49,Zımpara ve Polisaj,2026.05.07
Toolux Geniş Demir Testere Ağzı Çift Taraflı - 12 Adet Tdrtr,481.99,Zımpara ve Polisaj,2026.05.07
Bi-metal Panç 89 Mm - Ahşap İçin Tdrtr,2073.49,Zımpara ve Polisaj,2026.05.07
"Profesyonel Hobby Demir Testere - Büyük, Ağızsız Tdrtr",561.99,Zımpara ve Polisaj,2026.05.07
Tct Metal Delme Panç - 38 Mm Tdrtr,1762.99,Zımpara ve Polisaj,2026.05.07
Bi-metal Panç 98 Mm - Ahşap İçin Tdrtr,2486.49,Zımpara ve Polisaj,2026.05.07
Tct Metal Delme Panç - 28 Mm Tdrtr,1271.49,Zımpara ve Polisaj,2026.05.07
Bi-metal Panç 95 Mm - Ahşap İçin Tdrtr,2264.49,Zımpara ve Polisaj,2026.05.07
Bi-metal Panç 127 Mm - Ahşap İçin Tdrtr,3195.49,Zımpara ve Polisaj,2026.05.07
"Sürekli Elmas Fayans Kesici Disk - 230x2,4x22 Tdrtr",1582.49,Zımpara ve Polisaj,2026.05.07
"Sürekli Elmas Fayans Kesici Disk - 115x2,0x22 Tdrtr",644.99,Zımpara ve Polisaj,2026.05.07
"Delikli Ahşap, Plastik Dekupaj Ağzı - No:1 Tdrtr",1002.99,Zımpara ve Polisaj,2026.05.07
"Delikli Ahşap, Plastik Dekupaj Ağzı - No:3 Tdrtr",447.99,Zımpara ve Polisaj,2026.05.07
Tct Metal Delme Panç - 35 Mm Tdrtr,1644.49,Zımpara ve Polisaj,2026.05.07
Bi-metal Panç 51 Mm - Ahşap İçin Tdrtr,1259.99,Zımpara ve Polisaj,2026.05.07
Abay Alçıpan Mavi Çelik Pala Testere 50 Cm - Ahşap Sap Tdrtr,1086.49,Zımpara ve Polisaj,2026.05.07
Bi-metal Panç 22 Mm - Ahşap İçin Tdrtr,712.99,Zımpara ve Polisaj,2026.05.07
Bi-metal Panç 16 Mm - Ahşap İçin Tdrtr,589.99,Zımpara ve Polisaj,2026.05.07
"Ayarlı Panç Sistemi 30-120 Mm, Vidalı Kilitleme Tdrtr",1371.99,Zımpara ve Polisaj,2026.05.07
Abay İnce Diş Zıvana El Testere 12 No - Ahşap Sap Tdrtr,806.49,Zımpara ve Polisaj,2026.05.07
Hermes () Kıl Testere Ağzı 144 Adet - No:5 Tdrtr,599.49,Zımpara ve Polisaj,2026.05.07
Mini Kamp Cep Testeresi 65 Cm Taşıma Çantalı Tdrtr,576.49,Zımpara ve Polisaj,2026.05.07
Bi-metal Panç 19 Mm - Ahşap İçin Tdrtr,662.49,Zımpara ve Polisaj,2026.05.07
Bi-metal Panç 14 Mm - Ahşap İçin Tdrtr,499.49,Zımpara ve Polisaj,2026.05.07
Adaptörlü Elmaslı Beton Delme Panç 55 Mm Tdrtr,2142.49,Zımpara ve Polisaj,2026.05.07
Tct Metal Delme Panç - 30 Mm Tdrtr,1371.99,Zımpara ve Polisaj,2026.05.07
Ahşap Delme Buat Panç Set - 7 Parça Tdrtr,934.49,Zımpara ve Polisaj,2026.05.07
Bi-metal Panç Adaptörü Hex 14-30 Mm Tdrtr,789.99,Zımpara ve Polisaj,2026.05.07
"Mermer Granit Panç - 18 Mm,m14 Tdrtr",3277.49,Zımpara ve Polisaj,2026.05.07
Dairesel Elmas Törpü Disk - 115 Mm Tdrtr,742.99,Zımpara ve Polisaj,2026.05.07
Metal T118a Dekupaj Testere Ağzı Tdrtr,765.49,Zımpara ve Polisaj,2026.05.07
Metal T318a Dekupaj Testere Ağzı Tdrtr,1209.49,Zımpara ve Polisaj,2026.05.07
"Segmentli Elmas Beton Kesici Disk - 230x2,4x22 Tdrtr",2049.99,Zımpara ve Polisaj,2026.05.07
"Turbo Elmas Mermer Granit Kesici 230x2,4x22 Tdrtr",2104.49,Zımpara ve Polisaj,2026.05.07
Adaptörlü Elmaslı Beton Delme Panç 50 Mm Tdrtr,2040.99,Zımpara ve Polisaj,2026.05.07
Tct Metal Delme Panç - 20 Mm Tdrtr,969.49,Zımpara ve Polisaj,2026.05.07
Desa Saç Profil Kolastar Kolu No: 60 Tdrtr,658.49,Zımpara ve Polisaj,2026.05.07
Abay Orta Diş El Testere 14 No - Ahşap Sap Tdrtr,710.99,Zımpara ve Polisaj,2026.05.07
Paslanmaz Tilki Kuyruğu Testere Ağzı - 380 Mm Tdrtr,1887.99,Zımpara ve Polisaj,2026.05.07
Bi-metal Panç 40 Mm - Ahşap İçin Tdrtr,1112.99,Zımpara ve Polisaj,2026.05.07
Bi-metal Panç 102 Mm - Ahşap İçin Tdrtr,2744.49,Zımpara ve Polisaj,2026.05.07
Elmaslı Mermer Granit Panç - 22 Mm Tdrtr,2858.99,Zımpara ve Polisaj,2026.05.07
Bi-metal Panç 17 Mm - Ahşap İçin Tdrtr,644.99,Zımpara ve Polisaj,2026.05.07
Bi-metal Panç 65 Mm - Ahşap İçin Tdrtr,1531.99,Zımpara ve Polisaj,2026.05.07
"Ahşap Panç Set - 8 Parça, Kutulu Tdrtr",1973.99,Zımpara ve Polisaj,2026.05.07
Bi-metal Panç 42 Mm - Ahşap İçin Tdrtr,1140.99,Zımpara ve Polisaj,2026.05.07
Bi-metal Panç 57 Mm - Ahşap İçin Tdrtr,1388.49,Zımpara ve Polisaj,2026.05.07
Bi-metal Panç 130 Mm - Ahşap İçin Tdrtr,3195.49,Zımpara ve Polisaj,2026.05.07
Hermes Kıl Testere Ağzı 144 Adet - No:4 Tdrtr,599.49,Zımpara ve Polisaj,2026.05.07
Bi-metal Panç 28 Mm - Ahşap İçin Tdrtr,742.99,Zımpara ve Polisaj,2026.05.07
Bi-metal Panç 45 Mm - Ahşap İçin Tdrtr,1142.99,Zımpara ve Polisaj,2026.05.07
Elmas Karot Panç Adaptörü - 230 Mm Tdrtr,1615.49,Zımpara ve Polisaj,2026.05.07
Tct Metal Delme Panç - 32 Mm Tdrtr,1535.49,Zımpara ve Polisaj,2026.05.07
Tct Metal Delme Panç - 22 Mm Tdrtr,1086.49,Zımpara ve Polisaj,2026.05.07
Lama Demir Testere - Ağızsız Tdrtr,637.49,Zımpara ve Polisaj,2026.05.07
Tct Metal Delme Panç - 65 Mm Tdrtr,2964.49,Zımpara ve Polisaj,2026.05.07
"Wa4987 Çok Amaçlı Raspalama Makinası İçin 28x40mm Ahşap, Fiberglas, Pvc Universal Kesme Bıçağı",625.0,Zımpara ve Polisaj,2026.05.07
"Wa4985 Çok Amaçlı Raspalama Makinası İçin 10x30mm Ahşap, Fiberglas, Pvc Universal Hassas Kesme Bıçağı",625.0,Zımpara ve Polisaj,2026.05.07
"Wa5012 Çok Amaçlı Raspalama Makinası İçin 35x40mm Ahşap, Fiberglas, Pvc Universal Kesme Bıçağı",625.0,Zımpara ve Polisaj,2026.05.07
Cs1500-e Daire Testere - 1.500 W,5675.0,Zımpara ve Polisaj,2026.05.07
Abay Geniş Kolastar Testere Ağzı - Düz Diş 53 Cm Tdrtr,392.49,Zımpara ve Polisaj,2026.05.07
Eberle Tornado Yuvarlak Ahşap Kıl Testere Ağzı No:3 - 144 Adet Tdrtr,2868.99,Zımpara ve Polisaj,2026.05.07
Eberle Tornado Yuvarlak Ahşap Kıl Testere Ağzı No:1 - 12 Adet Tdrtr,685.49,Zımpara ve Polisaj,2026.05.07
(matkap İçin) Daire Testere Aparatı,354.99,Zımpara ve Polisaj,2026.05.07
"Ağaç, Ahşap T111c Dekupaj Testere Ağzı Tdrtr",459.49,Zımpara ve Polisaj,2026.05.07
Eberle Finis Düz Hassas Metal Kıl Testere Ağzı No:7 - 12 Adet Tdrtr,1262.99,Zımpara ve Polisaj,2026.05.07
Eberle Finis Düz Hassas Metal Kıl Testere Ağzı No:2 - 12 Adet Tdrtr,1011.99,Zımpara ve Polisaj,2026.05.07
Eberle Tornado Yuvarlak Ahşap Kıl Testere Ağzı No:4 - 12 Adet Tdrtr,765.99,Zımpara ve Polisaj,2026.05.07
Eberle Finis Düz Hassas Metal Kıl Testere Ağzı No:2 - 144 Adet Tdrtr,3848.49,Zımpara ve Polisaj,2026.05.07
Eberle Finis Düz Hassas Metal Kıl Testere Ağzı No:5 - 12 Adet Tdrtr,1095.49,Zımpara ve Polisaj,2026.05.07
Kıl Testere Kolu - Metal Profil- Plastik Sap Tdrtr,465.49,Zımpara ve Polisaj,2026.05.07
Eberle Finis Düz Hassas Metal Kıl Testere Ağzı No:4 - 12 Adet Tdrtr,1011.99,Zımpara ve Polisaj,2026.05.07
Hobby Demir Testere - Ağızlı Tdrtr,444.49,Zımpara ve Polisaj,2026.05.07
"CE-CP 18/180 Li E - Solo, Akülü Polisaj ve Zımpara Makinesi",5499.0,Boya Tabancaları,2026.05.07
MSDLS160 Mouse Zımpara 160 W,1199.0,Boya Tabancaları,2026.05.07
MSHP900 Planya 900 W,2099.0,Boya Tabancaları,2026.05.07
MSSS220 1/4 Titreşimli Zımpara 220 W,1149.0,Boya Tabancaları,2026.05.07
MSBS900 Tank Zımpara 900 W,1899.0,Boya Tabancaları,2026.05.07
PTSS135C Titreşimli Zımpara,749.9,Boya Tabancaları,2026.05.07
MSOS300 Ekzantrik Zımpara 300 W 125 mm,1699.0,Boya Tabancaları,2026.05.07
PEX 300 AE Eksantrik Zımpara,4999.0,Boya Tabancaları,2026.05.07
D26453 Eksantrik Zımpara,5799.0,Boya Tabancaları,2026.05.07
Gex 18v-125 Solo Eksantr.zimpara,8999.0,Boya Tabancaları,2026.05.07
EBS950 Tank Zımpara 950W,2879.0,Boya Tabancaları,2026.05.07
EHP1050 Planya 1050W,3349.0,Boya Tabancaları,2026.05.07
Titreşimli Zımpara 200 Watt,1499.0,Boya Tabancaları,2026.05.07
"TC-OS 1520, Titreşim Zımpara",1749.0,Boya Tabancaları,2026.05.07
"TH-OS 1016, Üçgen Zımpara",1549.0,Boya Tabancaları,2026.05.07
TTR Zımpara Kağıdı 10lu 93X185 mm Mix Grid,329.9,Boya Tabancaları,2026.05.07
MSMS200 Çok Amaçlı Titreşimli Zımpara 200 W,1999.0,Boya Tabancaları,2026.05.07
PSS 250 AE Titreşimli Zımpara,4199.0,Boya Tabancaları,2026.05.07
Sp137-tr Polisaj Makinesi 1300w,5299.0,Boya Tabancaları,2026.05.07
Zımpara Kağıdı 1/3 120 Kum,59.99,Boya Tabancaları,2026.05.07
Tank Zımpara 5&#039;li Set 75x533 mm,159.9,Boya Tabancaları,2026.05.07
Zımpara Kağıdı Karışık Set 125 mm,109.9,Boya Tabancaları,2026.05.07
Zımpara Kağıdı Mixed Grit 125 mm,109.9,Boya Tabancaları,2026.05.07
Expert S473 3&#039;lü Sünger Zımpara Çift Taraflı 2608901176,279.0,Boya Tabancaları,2026.05.07
Zımpara Kağıdı Karışık Onlu,119.9,Boya Tabancaları,2026.05.07
1/3 Zımpara Kağıdı 5&#039;li 80 Kum,54.99,Boya Tabancaları,2026.05.07
360&#039;ledli 850w Pro Alçıpan Zımpara Makinası Toz Emmeli,2599.9,Boya Tabancaları,2026.05.07
1/3 Zımpara Kağıdı 5&#039;li 40 Kum,64.99,Boya Tabancaları,2026.05.07
Zımpara Kağıdı Beşli 40 Kum,64.99,Boya Tabancaları,2026.05.07
Zımpara Kağıdı Beşli 120 Kum,72.99,Boya Tabancaları,2026.05.07
Zımpara Kağıdı Delta 5 Parça 93mm 180 gram,44.99,Boya Tabancaları,2026.05.07
Zımpara Kağıdı 180 gram-125 mm,64.99,Boya Tabancaları,2026.05.07
Zımpara Kağıdı Delta 5 Parça 93mm 80 gram,39.99,Boya Tabancaları,2026.05.07
Ss30 Eksantrk Zimpara 300w 125mm,3075.0,Boya Tabancaları,2026.05.07
1/3 Zımpara Kağıdı 5&#039;li 180 Kum,59.99,Boya Tabancaları,2026.05.07
Zımpara Diski Beşli 180 Kum,89.99,Boya Tabancaları,2026.05.07
Rtrmax Rtm3793 710w Duvar Alçı Alçıpan Betopan Zımparalama,7252.75,Boya Tabancaları,2026.05.07
Ekzantrik Zımpara Set,199.9,Boya Tabancaları,2026.05.07
Tank Zımpara Kağıdı 80 Kum Üçlü 75x457 mm,89.99,Boya Tabancaları,2026.05.07
Hso300 Eksantrik Zımpara 300w,2135.25,Boya Tabancaları,2026.05.07
Orbital Kablosuz Akülü Lityum 2x Batarya 6 Devir Ayarlı  Detay Pasta Cila Polisaj Makinesi Ful Set,2873.0,Boya Tabancaları,2026.05.07
"Alman 598 Vf Orbital Devirli Kömürsüz Akülü Araç,parke,mermer,ahşap Polisaj Cila Makinesi",2499.0,Boya Tabancaları,2026.05.07
Planya Bıçağı Düz Sert Metal 35 2Li,940.0,Boya Tabancaları,2026.05.07
"TE-RS 18 Li - Solo, Akülü Eksantrik Zımpara",2129.0,Boya Tabancaları,2026.05.07
Psm Zımpara 10&#039;lu Set,249.9,Boya Tabancaları,2026.05.07
C450 125 Mm 8 Delikli 240 Kum Zımpara Kağıdı 50&#039;li 2608621746,658.79,Boya Tabancaları,2026.05.07
Ss28 280 W Titreşimli Zımpara Makinesi,4059.18,Boya Tabancaları,2026.05.07
Planya Bıçağı HM+CT,169.9,Boya Tabancaları,2026.05.07
1/3 Zımpara Kağıdı Beşli 80 Kum,64.99,Boya Tabancaları,2026.05.07
Planya GHO 6500,6674.99,Boya Tabancaları,2026.05.07
1/3 Zımpara Kağıdı Onlu Set 93x185 mm,129.9,Boya Tabancaları,2026.05.07
Zımpara Kağıdı 1/3 80 Kum,64.99,Boya Tabancaları,2026.05.07
PHO1500 Planya,4593.0,Boya Tabancaları,2026.05.07
Zımpara Kağıdı 1/3 40 Kum,54.99,Boya Tabancaları,2026.05.07
Hmlt260 Fonksiyonel Raspalama 260w Derz Kazıma Bıçağı Hediyeli,3165.58,Boya Tabancaları,2026.05.07
Eksantrik Zımpara 300 Watt KE30125EZ,1936.82,Boya Tabancaları,2026.05.07
Zımpara Kağıdı Mixed Grit 115 mm,89.99,Boya Tabancaları,2026.05.07
"TC-OS 18/187 Li - Solo, Akülü Zımpara",1729.99,Boya Tabancaları,2026.05.07
Zımpara Kağıdı Delta 5 Parça 93mm 40 gram,44.99,Boya Tabancaları,2026.05.07
950 Watt Polisaj Makinesi GPO 950,7019.99,Boya Tabancaları,2026.05.07
Pro 14 Pasta Cila Polisaj Süngeri Seti 115mm Matkap Uyumlu Pasta Cila Fırçalama Parlatma Seti,840.0,Boya Tabancaları,2026.05.07
Zımpara Kağıdı Multi 5 Pc 80 Kum,64.99,Boya Tabancaları,2026.05.07
Multi Zımpara Kağıdı 10lu 102X62/93 mm,259.9,Boya Tabancaları,2026.05.07
Full Detay 30 Parça 6 Kademe Ayarlı Polisaj Makinesi Koltuk Yıkama Zımpara Pasta Cila Takım,3680.0,Boya Tabancaları,2026.05.07
900w Elektrikli Vakumlu Tozsuz Cila Özellikli Tank Zımpara Makinesi,1749.9,Boya Tabancaları,2026.05.07
Çok Amaçlı Zımpara PSM 100,2325.0,Boya Tabancaları,2026.05.07
Pmf Üçgen Zımpara Altılı Set,139.9,Boya Tabancaları,2026.05.07
1/3 Zımpara Kağıdı Beşli 180 Kum,59.99,Boya Tabancaları,2026.05.07
Polisaj Makinesi 1400 Watt GPO14 CE,8099.0,Boya Tabancaları,2026.05.07
Alman Pro 4200 Wat Bakir Sargili 6 Kademe Devir Ayarlı Polisaj Makinasi Zımpara Pasta Cila Makinesi,2899.0,Boya Tabancaları,2026.05.07
DWP849X-QS 1250W 150-180 mm Polisaj Makinesi,11500.0,Boya Tabancaları,2026.05.07
Zımpara Bandı ve Mandreni (407),142.9,Boya Tabancaları,2026.05.07
Profesyonel  Devir Ayarlı Koltuk Yıkama Pasta Cila Polisaj Makinesi  Su Sıçratmaz Fırça Hediye Set,3048.0,Boya Tabancaları,2026.05.07
Prox 20 Parça Hobiset Pasta Cila Koltuk Yıkama Parlatma Devir Ayarlı Polisaj Makinesi Set Ful Set-2,3047.5,Boya Tabancaları,2026.05.07
5  Parça Yüksek Mikron Matkaplara Ve Polisajlara Özel Paspas Koltuk  Halı  Yıkama  Fırça Seti,630.0,Boya Tabancaları,2026.05.07
Profesyonel Led Işıklı Alçıpan Duvar Zımpara Makinası Toz Emmeli,5999.0,Boya Tabancaları,2026.05.07
Wa2121 Çok Amaçlı Raspalama Makinası İçin 34x34mm 20adet 80kum Cırtlı Universal Parmak Zımpara Kâğıdı,483.0,Boya Tabancaları,2026.05.07
Wa2125 20 Parça Çok Amaçlı Zımpara Makinası Cırtlı Universal Yedek Zımpara Kâğıdı Seti,510.0,Boya Tabancaları,2026.05.07
"Wa2003 76x30mm 60, 80, 120 Kum, 15 Adet Cırtlı Universal Mouse Parmak Zımpara Kâğıdı Seti",532.0,Boya Tabancaları,2026.05.07
"Wa2004 100x50mm 60, 80, 120 Kum, 15 Adet Cırtlı Universal Zımpara Kâğıdı Seti",532.0,Boya Tabancaları,2026.05.07
Wa4964 Çok Amaçlı Raspalama Makinası İçin 50mm Universal Kazıma Bıçağı,699.0,Boya Tabancaları,2026.05.07
"Wa2000 140x90mm 60, 80, 120 Kum, 15 Parça Cırtlı Universal Mouse Zımpara Kâğıdı Seti",584.0,Boya Tabancaları,2026.05.07
Wa2173 Çok Amaçlı Raspalama Makinası İçin 1mm Cırtlı Universal Parmak Zımpara Tabanı,553.0,Boya Tabancaları,2026.05.07
Wa2175 Çok Amaçlı Raspalama Makinası İçin 7mm Cırtlı Universal Parmak Zımpara Tabanı,553.0,Boya Tabancaları,2026.05.07
"Wa2066 140x90mm 80 Kum, 15 Adet Cırtlı Universal Mouse Zımpara Kâğıdı",532.0,Boya Tabancaları,2026.05.07
"Wa2068 140x90mm 240 Kum, 15 Adet Cırtlı Universal Mouse Zımpara Kâğıdı",584.0,Boya Tabancaları,2026.05.07
Ahşap Ve Metal Yüzeyler Sünger Şerit Zımpara Rulo 115 Mm X 25 M 120 Kum,1982.0,Boya Tabancaları,2026.05.07
21-18os Akülü Eksantrik Zımpara 18 V 2.0 Ah - Tek Akülü,5300.0,Boya Tabancaları,2026.05.07
Gss 140-1 A Titreşimli Zımpara Makinası,4032.0,Boya Tabancaları,2026.05.07
X-lock 115mm R444 G 36 Expert For Metal Fiber Zımpara Disk - 2608619166,137.0,Boya Tabancaları,2026.05.07
Wa2115 20 Parça Çok Amaçlı Zımpara Makinası Cırtlı Universal Yedek Delikli Zımpara Kâğıdı Seti,764.0,Boya Tabancaları,2026.05.07
Zımpara Diski Beşli 80 Kum,89.99,Boya Tabancaları,2026.05.07
Zımpara Kağıdı 1/3 180 Kum,64.99,Boya Tabancaları,2026.05.07
Klha603v6 Profesyonel Havalı Eksantrik Dairesel Zımpara,2310.0,Boya Tabancaları,2026.05.07
Rtrmax Rtm4760 Devi̇r Ayarli 450 Watt Eksantri̇k Zimpara,2528.86,Boya Tabancaları,2026.05.07
Pro 15 Pasta Cila Polisaj Süngeri Seti 115mm Matkap Uyumlu Pasta Cila Fırçalama  Parlatma Seti,713.0,Boya Tabancaları,2026.05.07
RTM3760 EKSANTRİK ZIMPARA 430W  150MM RTRMAX,2369.0,Boya Tabancaları,2026.05.07
Bosch Pss 250 Ae Elektrikli Titreşimli Zımpara Makinası,3167.49,Boya Tabancaları,2026.05.07
900w Elektrikli Vakumlu Tank Zımpara Makinesi,1749.9,Boya Tabancaları,2026.05.07
Bx1600 Bordo Şarjli Planya,6700.0,Boya Tabancaları,2026.05.07
C450 125 Mm 8 Delikli 60 Kum Zımpara Kağıdı 50&#039;li 2608621740,590.43,Boya Tabancaları,2026.05.07
C450 125 Mm 8 Delikli 100 Kum Zımpara Kağıdı 50&#039;li 2608621742,534.49,Boya Tabancaları,2026.05.07
C450 125 Mm 8 Delikli 180 Kum Zımpara Kağıdı 50&#039;li 2608621745,658.79,Boya Tabancaları,2026.05.07
Rtrmax Rtm3730 Titreşimli Zımpara Makinesi 320 W,1905.24,Boya Tabancaları,2026.05.07
C450 125 Mm 8 Delikli 120 Kum Zımpara Kağıdı 50&#039;li 2608621743,782.0,Boya Tabancaları,2026.05.07
Zımpara Kağıdı 115 mm,59.99,Boya Tabancaları,2026.05.07
"CC-PO 1100-2E, Polisaj ve Zımpara Makinesi",7278.7,Boya Tabancaları,2026.05.07
"Zımpara Kağıdı 10&#039;lu Set, 93 X 230 Mm 60/120/180 Kum 8 Delik 2609256b00",459.0,Boya Tabancaları,2026.05.07
C450 125 Mm Deliksiz 80 Kum Zımpara Kağıdı 50&#039;li 2608621750,814.0,Boya Tabancaları,2026.05.07
Expert S471 1&#039;li Sünger Zımpara 69x97x26 Mm Süper İnce 2608901180,200.0,Boya Tabancaları,2026.05.07
Tireşimli Zımpara Kağıdı 93x230 Mm 8 Delikli 40 Kum 10&#039;lu 2609256b01,634.0,Boya Tabancaları,2026.05.07
Tc-pl 750 750 W Planya Makinesi - 4345310,2822.49,Boya Tabancaları,2026.05.07
"Bant Zımpara 6,4 mm 120 Kum (438)",229.9,Boya Tabancaları,2026.05.07
Bant Zımpara 13 mm 120 Kum (432),249.9,Boya Tabancaları,2026.05.07
Meridyen Sunta Vidası 3.5x13mm 1000 Adet,374.0,Boya Tabancaları,2026.05.07
102 X 62/93 Mm 180 Kum Multi Üçgen Zımpara Kağıdı 2609256a65,401.0,Boya Tabancaları,2026.05.07
Bay Tec Bay-tec Su Zımparası - Kağıt Zımpara - Zımpara Kağıdı 100 Numara - 100 Kum,107.1,Boya Tabancaları,2026.05.07
Ex610 6/21 Orbital 150 Mm Polisaj Makinesi,14400.0,Boya Tabancaları,2026.05.07
Einhell Tc Bg 150 B Taş Motoru 350 Watt,3454.99,Boya Tabancaları,2026.05.07
Taşlama Velcro Zımpara Arka Panel 125 mm,179.9,Boya Tabancaları,2026.05.07
Tank Zımpara 75x457mm 60 Kum,266.36,Boya Tabancaları,2026.05.07
Acc-1199 Şarjlı Polisaj Makinesi,1999.0,Boya Tabancaları,2026.05.07
Pro Plus Dikey Polisaj Zımpara 4000 Watt Halı Araba Koltuk Yıkama Makinesi 125mm Devir Ayarlı.,1299.0,Boya Tabancaları,2026.05.07
Sgs Vakumlu Elmas Multi-metal Kesi̇ci̇ 125 Mm Sgs2366,459.0,Boya Tabancaları,2026.05.07
Zımpara Kağıdı 1/2 80 Kum,79.99,Boya Tabancaları,2026.05.07
Orbital Kablosuz Akülü Lityum 2x Batarya 6 Devir Ayarlı  Detay Pasta Cila Polisaj Makinesi Ful Takım,3260.25,Boya Tabancaları,2026.05.07
Polisaj Makinesi 1400 Watt KLPJ42180,3895.58,Boya Tabancaları,2026.05.07
Çift Akülü Orbital 58 V Lityum 2x Batarya 6 Devir Ayarlı Detay Pasta Cila Zımpara Polisaj Makinesi.,2587.0,Boya Tabancaları,2026.05.07
Premium 6 Kademeli Devirli  Sünger Setli Zımpara Pasta Cila  Büyük Polisaj Makinesi  Ful Takım,3881.25,Boya Tabancaları,2026.05.07
Yüksek Mikron Matkaplara Ve Polisajlara Özel Paspas Koltuk  Halı  Yıkama  Fırçası  Bağlantı Hediye,586.5,Boya Tabancaları,2026.05.07
"Tc-os 1520, Titreşim Zımpara - 4460640",2098.76,Boya Tabancaları,2026.05.07
M480 125 Mm 80 Kum Elek Telli Ağ Zımpara 2608900671,422.0,Boya Tabancaları,2026.05.07
Zımpara Kağıdı Multi 5 Parça 180 gram,64.99,Boya Tabancaları,2026.05.07
Tank Zımpara Kağıdı Üçlü 75x457,139.9,Boya Tabancaları,2026.05.07
Cc-po 1100/150 Ce Polisaj,3999.0,Boya Tabancaları,2026.05.07
"Tc-rs 425 E, Eksantrik Zimpara",2899.0,Boya Tabancaları,2026.05.07
Zımpara Onlu Set 115x230 mm,379.9,Boya Tabancaları,2026.05.07
"Silikon Karpit Uç  4,8 mm (84922)",399.9,Boya Tabancaları,2026.05.07
Pho 2000 Planya,4599.0,Boya Tabancaları,2026.05.07
Alaşımlı Kesme Bıçağı 78 mm,349.9,Boya Tabancaları,2026.05.07
"Tc-us 380, Tezgah Bant Zimpara",8799.0,Boya Tabancaları,2026.05.07
Gex 34-150 Eksantrik Zımpara,12699.0,Boya Tabancaları,2026.05.07
Di̇sk Zimpara Tabani Cirtli 125mm Koni̇k,249.0,Boya Tabancaları,2026.05.07
Havalı Kumlama Tabanacası Mtl,1038.0,Boya Tabancaları,2026.05.07
Expert S470 3&#039;lü Set Sünger Zımpara 69x97x26 Mm 2608901174,405.0,Boya Tabancaları,2026.05.07
Plus 900w Elektrikli Vakumlu Tozsuz Cila Özellikli Tank Zımpara Makinesi,1749.9,Boya Tabancaları,2026.05.07
900w Elektrikli Vakumlu Cila Özellikli Tank Zımpara Makinesi,1749.9,Boya Tabancaları,2026.05.07
"Mini Şarjlı Polisaj Makinesi 2000 Mah. 10 Cm Parlatma Yüzeyi, Sünger - Fırça - Zımpara Seti",2499.0,Boya Tabancaları,2026.05.07
Cmc 180 Mm Polisaj Makinası 2000w - Cmc3905,3599.73,Boya Tabancaları,2026.05.07
Pp-9520 Şarjlı Polisaj Makinesi 12.5 Cm Başlık Sünger Seti Hafif Tasarım,1932.0,Boya Tabancaları,2026.05.07
Rss280-s Titreşimli Zımpara 280w - 5133003502,4420.4,Boya Tabancaları,2026.05.07
Rss200-g Titreşimli Zımpara 200w - 5133003500,3056.4,Boya Tabancaları,2026.05.07
Pr 470 Ex Eksantri̇k Zimpara Maki̇nasi,3885.6,Boya Tabancaları,2026.05.07
"Skil Set-21 (skil Compact 3720cd Akülü Üçgen Multi̇ Zimpara+skil 3136aa 2,0ah Li + 2.4a Şarj Ci̇hazi Promo)",8750.0,Boya Tabancaları,2026.05.07
Pr 1001 Multi̇ Elektri̇kli̇ Çok Amaçli Maki̇na,4312.8,Boya Tabancaları,2026.05.07
"Skil Set-22 (skil Compact 3751ca Akülü Orbi̇tal Zimparalama+skil 3136aa 2,0ah Li + 2.4a Şarj Ci̇hazi Promo)",9850.0,Boya Tabancaları,2026.05.07
Psm 5220 Elektrikli Titreşim Zımpara Makinesi 160w,1099.0,Boya Tabancaları,2026.05.07
Pr350e Ti̇treşi̇m Zimpara Maki̇nasi,3372.0,Boya Tabancaları,2026.05.07
Skil 7280da 3 İn 1 Multi̇  Zimpara 250w Çantali,6721.0,Boya Tabancaları,2026.05.07
Skil 7471aa Eksantri̇k Zimpara 300w,4473.0,Boya Tabancaları,2026.05.07
Noir Nr Ps 15 150 1010w/150mm Yüksek Torklu Orbital Polisaj Makinesi,12611.5,Boya Tabancaları,2026.05.07
Butools 4200 Watt Polisaj Makinasi Zımpara Pasta Cila Makinesi,3500.0,Boya Tabancaları,2026.05.07
Rbds4601g Elektrikli Bant Ve Disk Zımpara Makinesi 370 W - 5133002858,16142.0,Boya Tabancaları,2026.05.07
Te-rs 18 Li-solo Eksantrik Zımpara + 1 X 4 Ah Starter Kit Akü Ve Şarj Aleti,4099.0,Boya Tabancaları,2026.05.07
Butools  4200 Watt Polisaj Makinasi Zımpara Pasta Cila Makinesi,3500.0,Boya Tabancaları,2026.05.07
Pr 690e 550 W Uzun Kalipçi Taşlama,3184.8,Boya Tabancaları,2026.05.07
Te-rs 18 Li-solo Eksantrik Zımpara + 1 X 2.5 Ah Starter Kit Akü Ve Şarj Aleti,3619.0,Boya Tabancaları,2026.05.07
C450 125 Mm 8 Delikli 320 Kum Zımpara Kağıdı 50&#039;li 2608621747,782.0,Boya Tabancaları,2026.05.07
Li-ion Akülü Ti̇treşi̇mli̇ Zimpara Tshsli20141,3189.0,Boya Tabancaları,2026.05.07
Yüksek Kalite 6 Kademeli Devirli  Sünger Setli Zımpara Pasta Cila  Büyük Polisaj Makinesi  Ful Paket,2645.0,Boya Tabancaları,2026.05.07
RTM3793 ALÇIPAN DUVAR ZIMPARA MAKİNESİ 710W 225MM,7252.75,Boya Tabancaları,2026.05.07
Psm 80 A Titreşimli Zımpara,2227.0,Boya Tabancaları,2026.05.07
Çanak Fırça 70-6 mm,199.9,Boya Tabancaları,2026.05.07
Pex 300 Ae Zımpara Makinesi,4269.0,Boya Tabancaları,2026.05.07
Tank Zımpara Kağıdı 3&#039;lü 75 X 533 Mm 80 Kum 2609256218,528.0,Boya Tabancaları,2026.05.07
Expert S471 3&#039;lü Set Sünger Zımpara 69x97x26 Mm 2608901175,318.0,Boya Tabancaları,2026.05.07
RTM1450 ORBİTAL POLİSAJ MAKİNESİ 720 W 150MM,5294.21,Boya Tabancaları,2026.05.07
Rtrmax Rtm4740 Ti̇treşi̇mli̇ Zimpara 240 Watt 13.000d/dk,1804.37,Boya Tabancaları,2026.05.07
Su Zımpara P600 Kum,165.99,Boya Tabancaları,2026.05.07
Kalem Zımparası 1 Adet Eskiz Zımpara Kağıdı Füzen Kömür Kalem Karakalem Kalemtraş Kömür Bileme İnce Dişli Çizim Zımpara,132.77,Boya Tabancaları,2026.05.07
H3504 300 Watt Titreşimli Zımpara,2866.5,Boya Tabancaları,2026.05.07
Cırt Zımpara Seti + Matkap Aparatı 115 Mm 10 Parça,249.9,Boya Tabancaları,2026.05.07
Alman Pro 4000 Watt Bakır Sargılı Motor Korumalı Sistem Çift Bıçaklı Planya Rende Makinesi-sarı,1999.0,Boya Tabancaları,2026.05.07
Ss30 Eksantrik Zımpara Makinası 300 Watt 125mm,3075.0,Boya Tabancaları,2026.05.07
1/3 Zımpara Kağıdı 120 Kum,72.99,Boya Tabancaları,2026.05.07
Gold Rulo Sünger Zımpara 115mm 220 Kum 1m,177.49,Boya Tabancaları,2026.05.07
Sgs Çi̇ft Sira Elmas Beton Taşlama Di̇ski̇ - 125mm Sgs2314,549.0,Boya Tabancaları,2026.05.07
Eisenn Red Led Işıklı Toz Emmeli Alçıpan Duvar Zımpara Makinası Devir Ayarlı,6799.9,Boya Tabancaları,2026.05.07
Eisenn Bluer Led Işıklı Toz Emmeli Alçıpan Duvar Zımpara Makinası Devir Ayarlı,6799.9,Boya Tabancaları,2026.05.07
Orbital Kablosuz Akülü Lityum 2x Batarya 6 Devir Ayarlı Detay Pasta Cila Zımpara Polisaj Makinesi,2873.0,Boya Tabancaları,2026.05.07
Uzatmalı Pratik 6 Parça Yüksek Mikron Matkaplara Ve Polisajlara Özel Paspas Koltuk Halı Yıkama Kit,701.5,Boya Tabancaları,2026.05.07
Klpj7171 720 W 150 Mm Profesyonel Orbital Polisaj Makinesi Yedek Kömür Hediyeli,7000.0,Boya Tabancaları,2026.05.07
RTM3990 ELEKTRİKLİ PLANYA MAKİNESİ 900W 82*3MM,2889.88,Boya Tabancaları,2026.05.07
RTM420A ZIMPARA MOTORU 400W 200MM,3300.98,Boya Tabancaları,2026.05.07
Gtr 550 Alçipan Zimpara,15536.0,Boya Tabancaları,2026.05.07
Gpo 14 Ce Poli̇saj Maki̇nasi,7528.0,Boya Tabancaları,2026.05.07
RTM415A ZIMPARA MOTORU 150W 150MM,2136.72,Boya Tabancaları,2026.05.07
S473 Sünger Zımpara Seti Çift Taraflı 3&#039;lü 2608621254,298.0,Boya Tabancaları,2026.05.07
M480 225 Mm 150 Kum Elek Telli Ağ Zımpara 2608900710,2115.0,Boya Tabancaları,2026.05.07
M480 225 Mm 180 Kum Elek Telli Ağ Zımpara 2608900711,2115.0,Boya Tabancaları,2026.05.07
Rtrmax Rtm421a Sulu Zımpara Taş Motoru 250w 150/200mm,3037.52,Boya Tabancaları,2026.05.07
Takoz Sünger Zımpara 100 Kum El Zımparası 1 Adet Tencere Metal Ahşap El Zımparası Mobilya Çelik Tava Hobi Islak Kuru,138.54,Boya Tabancaları,2026.05.07
Bosch Expert Değiştirilebilir Cırtlı Sünger Zımpara 2608901635,753.0,Boya Tabancaları,2026.05.07
Bosch Expert S471 Sünger Zımpara 69x97x26 Mm Kalın 2608901678,223.0,Boya Tabancaları,2026.05.07
Fixonic Valiente Val15067 125mm P220 (220 Kum) Delikli Cırt Zımpara (100 Adet),698.87,Boya Tabancaları,2026.05.07
Pro Set 20 Parça Detay Pasta Cila Koltuk Yıkama Zımpara Parlatma Devir Ayarlı Polisaj Makinesi Set,3392.5,Boya Tabancaları,2026.05.07
"Pro15pcs 115mm Pasta Cila Polisaj Süngeri,fırça Mikrofiberbez,pastacila Sünger Matkap Parlatma Seti",856.75,Boya Tabancaları,2026.05.07
Premium Profesyonel 6 Kademeli Devirli Koltuk Yıkama Zımpara Pasta Cila Polisaj Makinesi Ful Set,3047.5,Boya Tabancaları,2026.05.07
"Pro18pcs 115mm Pasta Cila Polisaj Süngeri,fırça Mikrofiberbez,pastacila Sünger Matkap Parlatma Seti",947.6,Boya Tabancaları,2026.05.07
Pro Speed Yeni Nesil 6 Kademe Devir Ayarlı Koltuk Yıkama Zımpara Pasta Cila Polisaj Makinesi Ful Pak,2600.0,Boya Tabancaları,2026.05.07
Profesyonel 6 Kademeli Devirli Koltuk Yıkama Zımpara Pasta Cila Polisaj Makinesi,2990.0,Boya Tabancaları,2026.05.07
Full 32 Parça Pasta Cila Koltuk Yıkama Parlatma Devir Ayarlı Polisaj Makinesi Ful En Dolu Detay Set,3795.0,Boya Tabancaları,2026.05.07
Yüksek Kalite 6 Kademeli Devirli Sünger Setli Zımpara Pasta Cila Büyük Polisaj Makinesi Ful Paket,2645.0,Boya Tabancaları,2026.05.07
Hobi Set 14 Parça Detay Pasta Cila Koltuk Yıkama Zımpara Parlatma Devir Ayarlı Polisaj Makinesi Set,2251.7,Boya Tabancaları,2026.05.07
"Araç, Koltukyıkama 6kademe Devir Ayarlı Zımpara Parlatma Pasta Cila Polisaj Makinası + Fırça Hediye",1782.5,Boya Tabancaları,2026.05.07
Premium 6 Kademeli Devirli Sünger Setli Zımpara Pasta Cila Büyük Polisaj Makinesi Ful Takım,3881.25,Boya Tabancaları,2026.05.07
Premium Profesyonel 6 Kademeli Devirli  Sünger Setli Zımpara Pasta Cila Polisaj Makinesi Ful Paket,3450.0,Boya Tabancaları,2026.05.07
Combo Genel  Temizlik 18 Parça Pasta Cila Polisaj Süngeri Matkapa Uyumlu Fırça Seti Parlatma Kit,1380.0,Boya Tabancaları,2026.05.07
Combo Temizlik 18parça Pasta Cila Polisaj Süngeri Matkapa Uyumlu Fırça Seti Parlatma Kit,1380.0,Boya Tabancaları,2026.05.07
Combo Profesyonel Temizlik 18parça Pasta Cila Polisaj Süngeri Matkapa Uyumlu Fırça Parlatma Kit,1265.0,Boya Tabancaları,2026.05.07
Çok Fonksiyonlu Profesyonel Genel Temizlik 22 Parça Matkapa Uyumlu Pasta Cila Seti Temizlik Çantası,1150.0,Boya Tabancaları,2026.05.07
Hobi 14 Parça Detay Pasta Cila Koltuk Yıkama Zımpara Parlatma Devir Ayarlı Polisaj Makinesi Set,1897.5,Boya Tabancaları,2026.05.07
Çok Fonksiyonlu Premium Kalite Genel Temizlik 14 Parça Matkapa Uyumlu Fırça Seti Temizlik Çantası,1380.0,Boya Tabancaları,2026.05.07
Combo Profesyonel Temizlik 18parça Pasta Cila Polisaj Süngeri Matkapa Uyumlu Fırça Seti Parlatma Kit,1276.5,Boya Tabancaları,2026.05.07
Oto Temizlik  Parlatma 12 Parça Pasta Cila Polisaj Süngeri Matkapa Uyumlu Fırça Seti Parlatma Kit,874.0,Boya Tabancaları,2026.05.07
"Su Sıçratmaz Fırça Yüksek Mikron Premium Kalite Dikey Koltuk Fırçalama, Yıkama Cila Polisaj Makinesi",3680.0,Boya Tabancaları,2026.05.07
"Premium Kalite Dikey Koltuk Fırçalama, Yıkama Cila Polisaj Makinesi Düz Fırça Set",4140.0,Boya Tabancaları,2026.05.07
Profesyonel Geneltemizlik 18parça Pasta Cila Polisaj Süngeri Matkapa Uyumlu Fırça Seti Parlatma Kit,7015.0,Boya Tabancaları,2026.05.07
Yüksek Kalite Profesyonel Koltuk Yıkama Zımpara Parlatma Pasta Cila Polisaj Makinası Full Set Takım,2242.5,Boya Tabancaları,2026.05.07
"Üstün Kalite Dikey Genel Koltuk  Fırçalama  Düz Fırçalama Seti, Pasta Cila Polisaj Makinesi",4140.0,Boya Tabancaları,2026.05.07
"Koltuk Fırçalama Yüksek Kalite Dikey Koltuk Yıkama,cilapolisaj Makinesi Koltuk Yıkama Fırça Hediye",3565.0,Boya Tabancaları,2026.05.07
"Premium Kalite 180mm 6 Kademe Devir Ayarlı Dikey Koltuk Yıkama,pasta Cila  Parlatma Polisaj Makinesi",3829.5,Boya Tabancaları,2026.05.07
Pro Kalite 30 Parça Full Takım 6 Kademe Ayarlı Polisaj Makinesi Koltuk Yıkama Zımpara Pasta Cila Set,3392.5,Boya Tabancaları,2026.05.07
Sia 1949 150 &#039;lik Hookıt 7 Delikli Cırtlı Zımpara 80 Kum 10 Adet,339.91,Boya Tabancaları,2026.05.07
Sia 1949 150&#039;lik Hookıt 7 Delikli Cırtlı Zımpara 150 Kum 10 Adet,449.25,Boya Tabancaları,2026.05.07
Atlas Zımpara A4 Boyutunda  3 Adet 80 Kum,369.25,Boya Tabancaları,2026.05.07
Atlas Zımpara A4 Boyutunda  3 Adet 100 Kum,369.25,Boya Tabancaları,2026.05.07
Atlas Zımpara A4 Boyutunda  3 Adet 120 Kum,369.25,Boya Tabancaları,2026.05.07
Atlas Zımpara A4 Boyutunda  3 Adet 220 Kum,369.25,Boya Tabancaları,2026.05.07
Atlas Zımpara A4 Boyutunda  3 Adet 60 Kum,369.25,Boya Tabancaları,2026.05.07
Atlas Zımpara A4 Boyutunda  3 Adet 180 Kum,369.25,Boya Tabancaları,2026.05.07
Atlas Zımpara A4 Boyutunda  3 Adet 150 Kum,369.25,Boya Tabancaları,2026.05.07
Hso150 Titreşimli Zımpara 150w,1491.75,Boya Tabancaları,2026.05.07
Hmlt260 Fonksiyonel Raspalama 260w,3422.25,Boya Tabancaları,2026.05.07
Ps20s Akülü Polisaj 30000rpm 254mm Akü Ve Şarj Hariç,4265.62,Boya Tabancaları,2026.05.07
Lieber German Teknoloji Setli 6 Kademe Devir Ayarlı 115 Mm Dik Polisaj Halı Koltuk Yıkama Cila Polisaj Makinası,1499.0,Boya Tabancaları,2026.05.07
Bağlantı Flanşı M14 Diş İçin,202.9,Boya Tabancaları,2026.05.07
C450 150 Mm 15 Delikli 150 Kum Zımpara Kağıdı 50&#039;li 2608621735,640.15,Boya Tabancaları,2026.05.07
C450 150 Mm 15 Delikli 60 Kum Zımpara Kağıdı 50&#039;li 2608621731,744.56,Boya Tabancaları,2026.05.07
C450 150 Mm 6 Delikli 60 Kum Zımpara Kağıdı 50&#039;li 2608621722,744.56,Boya Tabancaları,2026.05.07
C450 150 Mm 6 Delikli 180 Kum Zımpara Kağıdı 50&#039;li 2608621727,783.09,Boya Tabancaları,2026.05.07
C450 150 Mm 15 Delikli 40 Kum Zımpara Kağıdı 50&#039;li 2608621730,801.73,Boya Tabancaları,2026.05.07
C450 150 Mm 6 Delikli 240 Kum Zımpara Kağıdı 50&#039;li 2608621728,640.15,Boya Tabancaları,2026.05.07
C450 150 Mm 6 Delikli 150 Kum Zımpara Kağıdı 50&#039;li 2608621726,640.14,Boya Tabancaları,2026.05.07
C450 150 Mm 15 Delikli 240 Kum Zımpara Kağıdı 50&#039;li 2608621737,640.15,Boya Tabancaları,2026.05.07
C450 150 Mm 6 Delikli 40 Kum Zımpara Kağıdı 50&#039;li 2608621721,801.73,Boya Tabancaları,2026.05.07
C450 150 Mm 6 Delikli 120 Kum Zımpara Kağıdı 50&#039;li 2608621725,640.15,Boya Tabancaları,2026.05.07
C450 125 Mm Deliksiz 320 Kum Zımpara Kağıdı 50&#039;li 2608621756,534.49,Boya Tabancaları,2026.05.07
C450 125 Mm Deliksiz 240 Kum Zımpara Kağıdı 50&#039;li 2608621755,534.49,Boya Tabancaları,2026.05.07
C450 125 Mm Deliksiz 180 Kum Zımpara Kağıdı 50&#039;li 2608621754,534.49,Boya Tabancaları,2026.05.07
C450 125 Mm 8 Delikli 150 Kum Zımpara Kağıdı 50&#039;li 2608621744,658.79,Boya Tabancaları,2026.05.07
C450 125 Mm Deliksiz 120 Kum Zımpara Kağıdı 50&#039;li 2608621752,534.49,Boya Tabancaları,2026.05.07
125 Mm Zımpara Tabanı Yumuşak 2608601118,2220.31,Boya Tabancaları,2026.05.07
C450 125 Mm Deliksiz 150 Kum Zımpara Kağıdı 50&#039;li 2608621753,534.49,Boya Tabancaları,2026.05.07
C450 150 Mm 6 Delikli 80 Kum Zımpara Kağıdı 50&#039;li 2608621723,807.95,Boya Tabancaları,2026.05.07
C450 150 Mm 15 Delikli 320 Kum Zımpara Kağıdı 50&#039;li 2608621738,640.15,Boya Tabancaları,2026.05.07
C450 150 Mm 15 Delikli 100 Kum Zımpara Kağıdı 50&#039;li 2608621733,640.15,Boya Tabancaları,2026.05.07
Flap Disk Zımpara 115mm - 80 Kum,89.99,Boya Tabancaları,2026.05.07
Nikon N32063 60 Kum 60x15 Saplı Fırfır Zımpara,186.69,Boya Tabancaları,2026.05.07
Tc-pe 150 Havalı Zımpara - 4133330,3401.85,Boya Tabancaları,2026.05.07
Ka280k-qs 220 Watt Autoselect Çok Amaçlı Zımpara,5174.27,Boya Tabancaları,2026.05.07
Pho 2000 680 W Planya Makinesi 06032a4100,6706.47,Boya Tabancaları,2026.05.07
Expert 125 Mm Zımpara Tabanı Sert Get 55-125 2608900005,3114.15,Boya Tabancaları,2026.05.07
Polisaj Mke,2537.0,Boya Tabancaları,2026.05.07
Cat Power 3453 Titreşim Zımpara 350 Watt,4164.92,Boya Tabancaları,2026.05.07
Einhell Te Rs 40 E Eksantrik Zımpara 400 Watt,3568.01,Boya Tabancaları,2026.05.07
10&#039;&#039; Planya Ve Kalınlık Makinası,31232.16,Boya Tabancaları,2026.05.07
Profesyonel Polisaj Makinası,4469.82,Boya Tabancaları,2026.05.07
Cat Power 1811 Havalı Orbital Zımpara 150 Mm,4934.16,Boya Tabancaları,2026.05.07
Alman Profesyonel 1800 W 6 Kademeli Kutulu Pasta Cila Ve Zımpara Makinesi,2999.0,Boya Tabancaları,2026.05.07
Alman 4200 Watt Bakir Sargili 6 Kademe Devir Ayarlı Polisaj Makinasi Zımpara Makinesi,2999.0,Boya Tabancaları,2026.05.07
Alman Pro 4000 Watt Bakır Sargılı Motor Korumalı Sistem Çift Bıçaklı Planya Rende Makinesi-mavi,1999.0,Boya Tabancaları,2026.05.07
Fixonic B.h.d Bhd00812 115mm Cırt Taban,140.0,Boya Tabancaları,2026.05.07
Scheppach Osm100 Salınımlı Zımpara Makinesi 450w,9687.21,Boya Tabancaları,2026.05.07
"Cc-po 1100/150 E, Polisaj Makinesi - 2093275 Kırmızı",5221.85,Boya Tabancaları,2026.05.07
Cc-po 1100/1e Çantalı Polisaj Ve Zımpara Makinesi-2093264 Kırmızı,5783.39,Boya Tabancaları,2026.05.07
Klez35230 Titreşimli Zımpara 350W,2386.85,Boya Tabancaları,2026.05.07
Alçıpan Zımpara Makinesi KLDZ8821,9311.83,Boya Tabancaları,2026.05.07
"RTM3970 ELEKTRİKLİ PLANYA MAKİNESİ 800W 82*2,5MM",2540.42,Boya Tabancaları,2026.05.07
RTX2059B AKÜLÜ ORBİTAL POLİSAJ KÖMÜRSÜZ 125MM X-LION *AKÜSÜZ SATILMAKTADIR*,6299.0,Boya Tabancaları,2026.05.07
RTM417A ZIMPARA MOTORU 350W 175MM,2805.17,Boya Tabancaları,2026.05.07
RTM1490 POLİSAJ MAKİNESİ 1200W 180 MM,3554.64,Boya Tabancaları,2026.05.07
RTX1847B AKÜLÜ PLANYA 18V *AKÜSÜZ* RTRMAX X-LION,3501.54,Boya Tabancaları,2026.05.07
RTX2086B AKÜLÜ ALÇIPAN DUVAR ZIMPARA MAKİNESİ KÖMÜRSÜZ X-LION *AKÜSÜZ SATILMAKTADIR*,10701.47,Boya Tabancaları,2026.05.07
RTM3780 TANK ZIMPARA MAKİNESİ 1050W 76*533 MM DEVİR AYARLI,3299.0,Boya Tabancaları,2026.05.07
RTM3730 TİTREŞİMLİ ZIMPARA MAKİNESİ 320W 93*185MM,1821.66,Boya Tabancaları,2026.05.07
RTM421A ZIMPARA MOTORU 250W 150/200MM,3036.9,Boya Tabancaları,2026.05.07
RTM3740 AVUÇ İÇİ TİTREŞİMLİ ZIMPARA MAKİNESİ 230W 100*110 MM,1773.99,Boya Tabancaları,2026.05.07
RTM3750 TİTREŞİMLİ ZIMPARA MAKİNESİ 320W 115*230 MM,2593.37,Boya Tabancaları,2026.05.07
Rtrmax Rtm417a Zımpara Taş Motoru 350 W 175x20x16m,2810.51,Boya Tabancaları,2026.05.07
Kl Pro Klez35230 350 W Titreşimli Zımpara,2386.85,Boya Tabancaları,2026.05.07
Klez43110 150watt Profesyonel Titreşimli Zımpara,2169.77,Boya Tabancaları,2026.05.07
Klpro Klez18-20 18v/2.0ah. 125mm Çift Akülü Şarjlı Eksantrik Zımpara,4829.04,Boya Tabancaları,2026.05.07
Rtrmax Rtm420a Zımpara Taş Motoru 400w 200x20x16mm,3300.98,Boya Tabancaları,2026.05.07
Rtrmax Rtm3780 Tank Zımpara 1050w,3811.3,Boya Tabancaları,2026.05.07
Klpro Klps18b-50 18volt/5.0ah Li-ion Çift Akülü Kömürsüz 125mm Profesyonel Polisaj Makinesi,10853.15,Boya Tabancaları,2026.05.07
Rtrmax Rtm4750 Devi̇r Ayarli 380 Watt Zimpara Maki̇nesi̇,2586.37,Boya Tabancaları,2026.05.07
Rtrmax Rtm4770 Devi̇r Ayarli 350 Watt Orbi̇tal Poli̇saj Maki̇nesi̇,8830.9,Boya Tabancaları,2026.05.07
Klpj7171 720watt 150mm Profesyonel Orbital Polisaj Makinesi,6353.27,Boya Tabancaları,2026.05.07
Klpro Kldz8821 880 W Profesyonel Alçıpan Zımpara Makinesi,9311.83,Boya Tabancaları,2026.05.07
Kleco Polisaj Makinesi 1200 W 180 Mm Devir Ayarlı Set Ke12180ps,2847.51,Boya Tabancaları,2026.05.07
Rtrmax Büyük Taşlama Maki̇nesi̇ 230 Mm 2300 W,4611.95,Boya Tabancaları,2026.05.07
Rtrmax Rtm4730 Devi̇r Ayarli 260 W 13.000 D/dk Ti̇treşi̇mli̇ Zimpara,2206.86,Boya Tabancaları,2026.05.07
P20st 82mm 580w Profesyonel Planya Makinesi,8682.29,Boya Tabancaları,2026.05.07
Sv13ya 125mm 230w Profesyonel Eksantrik Zımpara Makinesi,8139.58,Boya Tabancaları,2026.05.07
Rtrmax Rtm1430 Devi̇r Ayarli 1300w Mop Zimpara Maki̇nesi̇,5617.46,Boya Tabancaları,2026.05.07
Rtrmax Rtm1460 Orbi̇tal Devi̇r Ayarli 1000 Watt 150mm Poli̇saj Maki̇nesi̇,5240.74,Boya Tabancaları,2026.05.07
Rtrmax Rtm1495 Devi̇r Ayarli 1200 Watt 180mm Poli̇saj Maki̇nesi̇,3620.55,Boya Tabancaları,2026.05.07
Rtrmax Rtx2045 Akülü Kömürsüz Devi̇r Ayarli 18v 4 Ah Çi̇ft Akü Tank Zimpara,9000.01,Boya Tabancaları,2026.05.07
Rtrmax Rtx2047 Akülü Kömürsüz Planya 18 Volt 4ah Çi̇ft Akü,8703.5,Boya Tabancaları,2026.05.07
Rtrmax Rtx2045b Kömürsüz Devi̇r Ayarli Akülü 18v 4 Ah Tank Zimpara (aküsüz Ve Şarj Aletsi̇z ),4446.52,Boya Tabancaları,2026.05.07
