item_name,price,category,color
Önü açık dökümlü bluz,1190.0,Keten karışımlı,Beyaz
Önü açık dökümlü bluz,1190.0,Keten karışımlı,Altın rengi
Önü açık dökümlü bluz,1190.0,Keten karışımlı,Kahverengi
Panelli uzun etek,1590.0,Keten karışımlı,Beyaz
Dökümlü barrel pantolon,1190.0,Keten karışımlı,Açık mavi
Dökümlü barrel pantolon,1190.0,Keten karışımlı,Ekru
Dökümlü barrel pantolon,1190.0,Keten karışımlı,Krem rengi
Düğmeli dökümlü top,1090.0,Keten karışımlı,Beyaz
Bambula volanlı şort etek,1190.0,Keten karışımlı,Ekru
Bambula volanlı şort etek,1190.0,Keten karışımlı,Lacivert
Bambula volanlı şort etek,1190.0,Keten karışımlı,Açık mavi
Keten görünümlü dökümlü pantolon,1190.0,Keten karışımlı,Kahverengi
Keten görünümlü dökümlü pantolon,1190.0,Keten karışımlı,Siyah
Keten görünümlü dökümlü pantolon,1190.0,Keten karışımlı,Ekru
Keten görünümlü dökümlü pantolon,1190.0,Keten karışımlı,Koyu lacivert
Keten görünümlü dökümlü pantolon,1190.0,Keten karışımlı,Pembe
Keten görünümlü dökümlü pantolon,1190.0,Keten karışımlı,Krem rengi
Keten görünümlü dökümlü pantolon,1190.0,Keten karışımlı,Haki
Keten etkili dökümlü gömlek,1190.0,Keten karışımlı,Altın rengi
Keten etkili dökümlü gömlek,1190.0,Keten karışımlı,Siyah
Keten etkili dökümlü gömlek,1190.0,Keten karışımlı,Beyaz
Keten etkili dökümlü gömlek,1190.0,Keten karışımlı,Açık mavi
Keten etkili dökümlü gömlek,1190.0,Keten karışımlı,Pembe
Keten etkili dökümlü gömlek,1190.0,Keten karışımlı,Açık pembe
Keten etkili dökümlü gömlek,1190.0,Keten karışımlı,Kahverengi
Düğmeli yelek,990.0,Keten karışımlı,Altın rengi
Düğmeli yelek,990.0,Keten karışımlı,Ekru
Düğmeli yelek,990.0,Keten karışımlı,Mavi
Düğmeli yelek,990.0,Keten karışımlı,Krem rengi
Düğmeli yelek,990.0,Keten karışımlı,Kahverengi
Düğmeli yelek,990.0,Keten karışımlı,Haki
Keten görünümlü bağcıklı pantolon,1190.0,Keten karışımlı,Beyaz
Keten görünümlü bağcıklı pantolon,1190.0,Keten karışımlı,Siyah
Keten görünümlü bağcıklı pantolon,1190.0,Keten karışımlı,Kahverengi
"Kemerli, keten görünümlü düz paça pantolon",1590.0,Keten karışımlı,Kahverengi
"Kemerli, keten görünümlü düz paça pantolon",1590.0,Keten karışımlı,Ekru
"Kemerli, keten görünümlü düz paça pantolon",1590.0,Keten karışımlı,Açık sarı
Ayarlanabilir düğmeli keten karışımlı bol paça pantolon,1590.0,Keten karışımlı,Ekru
Ayarlanabilir düğmeli keten karışımlı bol paça pantolon,1590.0,Keten karışımlı,Mavi
Ayarlanabilir düğmeli keten karışımlı bol paça pantolon,1590.0,Keten karışımlı,Kahverengi
Ayarlanabilir düğmeli keten karışımlı bol paça pantolon,1590.0,Keten karışımlı,Haki
Çok bantlı topuklu sandalet,1790.0,Keten karışımlı,KAHVERENGİ
Çok bantlı topuklu sandalet,1790.0,Keten karışımlı,ALTIN
Kırışık görünümlü straight fit pantolon,1190.0,Keten karışımlı,Kahverengi
Kırışık görünümlü straight fit pantolon,1190.0,Keten karışımlı,Siyah
Kırışık görünümlü straight fit pantolon,1190.0,Keten karışımlı,Ekru
Kırışık görünümlü straight fit pantolon,1190.0,Keten karışımlı,Haki
Büzgülü dokulu tişört,790.0,Keten karışımlı,Kahverengi
Büzgülü dokulu tişört,790.0,Keten karışımlı,Siyah
Büzgülü dokulu tişört,790.0,Keten karışımlı,Ekru
Büzgülü dokulu tişört,790.0,Keten karışımlı,Haki
Dökümlü kruvaze blazer,2290.0,Keten karışımlı,Kahverengi
Dökümlü kruvaze blazer,2290.0,Keten karışımlı,Ekru
Dökümlü kruvaze blazer,2290.0,Keten karışımlı,Mavi
Keten görünümlü straight fit pantolon,1590.0,Keten karışımlı,Kahverengi
Keten görünümlü straight fit pantolon,1590.0,Keten karışımlı,Ekru
Keten görünümlü gömlek,1190.0,Keten karışımlı,Kahverengi
Keten görünümlü gömlek,1190.0,Keten karışımlı,Koyu lacivert
Keten görünümlü gömlek,1190.0,Keten karışımlı,Açık mavi
Keten görünümlü gömlek,1190.0,Keten karışımlı,Krem rengi
Keten görünümlü gömlek,1190.0,Keten karışımlı,Haki
Keten görünümlü yarasa kollu gömlek,1590.0,Keten karışımlı,Altın rengi
Keten görünümlü yarasa kollu gömlek,1590.0,Keten karışımlı,Beyaz
Keten görünümlü yarasa kollu gömlek,1590.0,Keten karışımlı,Lacivert
Keten görünümlü yarasa kollu gömlek,1590.0,Keten karışımlı,Krem rengi
Ketenli pensli culotte pantolon,1490.0,Keten karışımlı,Ekru
Kemerli dökümlü şort,1490.0,Keten karışımlı,Koyu lacivert
Kemerli dökümlü şort,1490.0,Keten karışımlı,Ekru
Kemerli dökümlü şort,1490.0,Keten karışımlı,Kahverengi
Qipao halter düğmeli top,1090.0,Keten karışımlı,Koyu mavi
Keten görünümlü çapraz sırtlı midi elbise,1790.0,Keten karışımlı,Kahverengi
Keten görünümlü çapraz sırtlı midi elbise,1790.0,Keten karışımlı,Lacivert
Keten görünümlü çapraz sırtlı midi elbise,1790.0,Keten karışımlı,Haki
Dökümlü pareo pantolon,1490.0,Keten karışımlı,Haki
Dökümlü pareo pantolon,1490.0,Keten karışımlı,Krem rengi
Dökümlü Sarong Pantolon,1490.0,Keten karışımlı,Siyah
Bohem midi etek,1390.0,Keten karışımlı,Beyaz
Bohem midi etek,1390.0,Keten karışımlı,Siyah
Bohem midi etek,1390.0,Keten karışımlı,Kahverengi
Çizgili ketenli dökümlü pantolon,1190.0,Keten karışımlı,Gri
Keten karışımlı şık şort,1190.0,Keten karışımlı,Kahverengi
Keten karışımlı şık şort,1190.0,Keten karışımlı,Ekru
Keten karışımlı şık şort,1190.0,Keten karışımlı,Mavi
Vücuda oturan rustik blazer,2290.0,Keten karışımlı,Beyaz
Vücuda oturan rustik blazer,2290.0,Keten karışımlı,Siyah
basic keten görünümlü yelek,1490.0,Keten karışımlı,Beyaz
Keten görünümlü yelek,1490.0,Keten karışımlı,Krem rengi
Keten görünümlü düğmeli yelek,1490.0,Keten karışımlı,Siyah
Keten görünümlü culotte pantolon,1490.0,Keten karışımlı,Krem rengi
Keten görünümlü culotte pantolon,1490.0,Keten karışımlı,Siyah
Keten görünümlü culotte pantolon,1490.0,Keten karışımlı,Ekru
Keten görünümlü culotte pantolon,1490.0,Keten karışımlı,Kahverengi
Keten Karışımlı Geniş Yaka Triko Bluz,1090.0,Keten karışımlı,Pembe
Keten Karışımlı Geniş Yaka Triko Bluz,1090.0,Keten karışımlı,Açık sarı
Keten Karışımlı Geniş Yaka Triko Bluz,1090.0,Keten karışımlı,Kahverengi
Bengalinden halter yaka üst,1090.0,Keten karışımlı,Kahverengi
Metalik iplik detaylı dökümlü keten görünümlü pantolon,1590.0,Keten karışımlı,Mavi
Metalik iplik detaylı dökümlü keten görünümlü pantolon,1590.0,Keten karışımlı,Krem rengi
Basic keten karışımlı yelek,1490.0,Keten karışımlı,Mavi
Keten görünümlü çapraz askılı top,790.0,Keten karışımlı,Beyaz
Keten görünümlü çapraz askılı top,790.0,Keten karışımlı,Altın rengi
Keten görünümlü çapraz askılı top,790.0,Keten karışımlı,Kahverengi
Askılı keten karışımlı top,990.0,Keten karışımlı,Koyu lacivert
Askılı keten karışımlı top,990.0,Keten karışımlı,Ekru
Geniş paça keten görünümlü pantolon,1190.0,Keten karışımlı,Koyu lacivert
Geniş paça keten görünümlü pantolon,1190.0,Keten karışımlı,Ekru
V Yaka Uzun Elbise,1790.0,Keten karışımlı,Açık sarı
Dantel detaylı kısa elbise,1690.0,Keten karışımlı,Pembe
Dantel detaylı kısa elbise,1690.0,Keten karışımlı,Ekru
V Yaka Kısa Elbise,1590.0,Keten karışımlı,Koyu mavi
Akıcı katlı midi etek,1490.0,Keten karışımlı,Beyaz
Qipao halter yaka düğmeli üst,1090.0,Keten karışımlı,Turkuaz
Qipao halter yaka düğmeli üst,1090.0,Keten karışımlı,Beyaz
Qipao halter yaka düğmeli üst,1090.0,Keten karışımlı,Açık pembe
Qipao halter yaka düğmeli üst,1090.0,Keten karışımlı,Kahverengi
Sırtı Bağcıklı Kısa Dökümlü Elbise,1590.0,Keten karışımlı,Açık mavi
Sırtı Bağcıklı Kısa Dökümlü Elbise,1590.0,Keten karışımlı,Ekru
Sırtı Bağcıklı Kısa Dökümlü Elbise,1590.0,Keten karışımlı,Kahverengi
Keten görünümlü şalvar pantolon,1490.0,Keten karışımlı,Beyaz
Keten görünümlü şalvar pantolon,1490.0,Keten karışımlı,Pembe
Keten görünümlü şalvar pantolon,1490.0,Keten karışımlı,Kahverengi
"Keten karışımlı, kısa, dantel elbis",1590.0,Keten karışımlı,Kahverengi
"Keten karışımlı, kısa, dantel elbis",1590.0,Keten karışımlı,Turuncu
Askılı fırfırlı kısa elbise,1590.0,Keten karışımlı,Ekru
Askılı fırfırlı kısa elbise,1590.0,Keten karışımlı,Koyu lacivert
İşlemeli dökümlü askılı top,1090.0,Keten karışımlı,Ekru
İşlemeli askılı dökümlü top,1090.0,Keten karışımlı,Kahverengi
Volanlı dökümlü etek pantolon,1190.0,Keten karışımlı,Siyah
Volanlı dökümlü etek pantolon,1190.0,Keten karışımlı,Beyaz
Keten Karışımlı Culotte Pantolon,1490.0,Keten karışımlı,Kahverengi
Keten karışımlı şort,1090.0,Keten karışımlı,Ekru
Keten karışımlı şort,1090.0,Keten karışımlı,Kahverengi
Keten karışımlı şort,1090.0,Keten karışımlı,Krem rengi
Metalik iplikli rustik şort,1090.0,Keten karışımlı,Açık mavi
İşlemeli mini şort,1590.0,Keten karışımlı,Ekru
"Sırt dekolteli, parlak detaylı kısa elbise",1790.0,Keten karışımlı,Koyu lacivert
Kemerli ve dökümlü kısa trençkot,1790.0,Keten karışımlı,Lacivert
Kemerli ve dökümlü kısa trençkot,1790.0,Keten karışımlı,Siyah
Kemerli ve dökümlü kısa trençkot,1790.0,Keten karışımlı,Bej
Açık renk geniş paça jean,1790.0,Keten karışımlı,SOLUK EFEKTLİ AÇIK ORTA MAVİ DENIM
Düğmeli kolsuz top,990.0,Keten karışımlı > Üst,Beyaz
Düğmeli kolsuz top,990.0,Keten karışımlı > Üst,Kahverengi
Düğmeli kolsuz top,990.0,Keten karışımlı > Üst,Mor
Düğmeli kolsuz top,990.0,Keten karışımlı > Üst,Krem rengi
Saten görünümlü dökümlü uzun elbise,1590.0,Keten karışımlı > Üst,Fuşya
Saten görünümlü dökümlü uzun elbise,1590.0,Keten karışımlı > Üst,Koyu bej
Pensli klasik pantolon,1590.0,Keten karışımlı > Alt,Ekru
Hacimli poplin pantolon,1590.0,Pantolon,Siyah
Hacimli poplin pantolon,1590.0,Pantolon,Beyaz
Hacimli poplin pantolon,1590.0,Pantolon,Açık mavi
Hacimli poplin pantolon,1590.0,Pantolon,Kiremit rengi
Teknik balon paraşüt pantolon,1590.0,Pantolon,Pembe
Teknik balon paraşüt pantolon,1590.0,Pantolon,Krem rengi
Geniş paça jogger pantolon,1190.0,Pantolon,Kırmızı
Geniş paça jogger pantolon,1090.0,Pantolon,Siyah
Geniş paça jogger pantolon,1190.0,Pantolon,Ekru
Geniş paça jogger pantolon,1190.0,Pantolon,Koyu lacivert
Geniş paça jogger pantolon,1090.0,Pantolon,Açık gri
Geniş paça jogger pantolon,1190.0,Pantolon,Mor
Ekose balon pantolon,1590.0,Pantolon,Ekru
Tokalı detaylı geniş paça pantolon,950.0,Pantolon,Siyah
Tokalı detaylı geniş paça pantolon,950.0,Pantolon,Lacivert
Tokalı detaylı geniş paça pantolon,950.0,Pantolon,Açık mavi
Tokalı detaylı geniş paça pantolon,950.0,Pantolon,Koyu kırmızı
Tokalı detaylı geniş paça pantolon,950.0,Pantolon,Kahverengi
Düz kesim dökümlü kemerli pantolon,1590.0,Pantolon,Siyah
Düz kesim dökümlü kemerli pantolon,1590.0,Pantolon,Ekru
Düz kesim dökümlü kemerli pantolon,1590.0,Pantolon,Lacivert
Düz kesim dökümlü kemerli pantolon,1590.0,Pantolon,Açık gri
Düz kesim dökümlü kemerli pantolon,1590.0,Pantolon,Koyu Gri
Düz kesim dökümlü kemerli pantolon,1590.0,Pantolon,Kahverengi
Düz kesim dökümlü kemerli pantolon,1590.0,Pantolon,Mor
Ayarlanabilir süper geniş paça pantolon,1590.0,Pantolon,Siyah
Ayarlanabilir süper geniş paça pantolon,1590.0,Pantolon,Koyu Gri
Ayarlanabilir süper geniş paça pantolon,1590.0,Pantolon,Kahverengi
Geniş paça pantolon,1590.0,Pantolon,Siyah
Geniş paça pantolon,1590.0,Pantolon,Koyu Gri
Geniş paça pantolon,1590.0,Pantolon,Kahverengi
Geniş paça pantolon,1590.0,Pantolon,Bej
Geniş paça pantolon,1590.0,Pantolon,Haki
Yumuşak dokulu palazzo jogger pantolon,1590.0,Pantolon,Siyah
Yumuşak dokulu palazzo jogger pantolon,1590.0,Pantolon,Koyu lacivert
Yumuşak dokulu palazzo jogger pantolon,1590.0,Pantolon,Koyu mavi
Yumuşak dokulu palazzo jogger pantolon,1590.0,Pantolon,Pembe
Yumuşak dokulu palazzo jogger pantolon,1590.0,Pantolon,Açık gri
Yumuşak dokulu palazzo jogger pantolon,1590.0,Pantolon,Koyu gri
Yumuşak dokulu palazzo jogger pantolon,1590.0,Pantolon,Kahverengi
Yumuşak dokulu palazzo jogger pantolon,1590.0,Pantolon,Krem rengi
Yumuşak dokulu palazzo jogger pantolon,1590.0,Pantolon,0-526
Yumuşak dokulu palazzo jogger pantolon,1590.0,Pantolon,Mor
Geniş paça pensli klasik pantolon,1590.0,Pantolon,Siyah
Geniş paça pensli klasik pantolon,1590.0,Pantolon,Lacivert
Geniş paça pensli klasik pantolon,1590.0,Pantolon,Bordo
Geniş paça pensli klasik pantolon,1590.0,Pantolon,Koyu gri
Geniş paça pensli klasik pantolon,1590.0,Pantolon,Kahverengi
Dar kesim düz paça klasik pantolon,1490.0,Pantolon,Siyah
Dar kesim düz paça klasik pantolon,1490.0,Pantolon,Koyu Gri
Dar kesim düz paça klasik pantolon,1490.0,Pantolon,Kahverengi
Dar kesim düz paça klasik pantolon,1490.0,Pantolon,Krem rengi
Zincirli pensli liyosel pantolon,1790.0,Pantolon,Kahverengi
Lastikli bel palazzo jogger pantolon,1590.0,Pantolon,Siyah
Lastikli bel palazzo jogger pantolon,1590.0,Pantolon,Açık mavi
Lastikli bel palazzo jogger pantolon,1590.0,Pantolon,Krem rengi
Lastikli bel palazzo jogger pantolon,1590.0,Pantolon,Pastel yeşil
Hacimli balon jogger,950.0,Pantolon,Açık gri
Yumuşak dokulu kumaş pantolon,1790.0,Pantolon,Siyah
Yumuşak dokulu kumaş pantolon,1790.0,Pantolon,Lacivert
Yumuşak dokulu kumaş pantolon,1790.0,Pantolon,Koyu Gri
Yumuşak dokulu kumaş pantolon,1790.0,Pantolon,Kahverengi
Yumuşak dokulu kumaş pantolon,1790.0,Pantolon,Krem rengi
Yumuşak dokulu kumaş pantolon,1790.0,Pantolon,Haki
Yumuşak dokulu kumaş pantolon,1790.0,Pantolon,Mor
Yıkanmış görünümlü straight jogger pantolon,1590.0,Pantolon,Koyu Gri
Yıkanmış görünümlü straight jogger pantolon,1590.0,Pantolon,Pembe
Yıkanmış görünümlü straight jogger pantolon,1590.0,Pantolon,Bej
Süper barrel jogger pantolon,1590.0,Pantolon,Açık gri
Süper barrel jogger pantolon,1590.0,Pantolon,Lacivert
Barrel kumaş pantolon,1790.0,Pantolon,Krem rengi
Barrel kumaş pantolon,1790.0,Pantolon,Kahverengi
Saten yüzeyli zincir detaylı pensli pantolon,1790.0,Pantolon,Ekru
Saten yüzeyli zincir detaylı pensli pantolon,1790.0,Pantolon,Açık sarı
Maxi pensli kemerli pantolon,1790.0,Pantolon,Siyah
Maxi pensli kemerli pantolon,1790.0,Pantolon,Beyaz
Maxi pensli kemerli pantolon,1790.0,Pantolon,Koyu lacivert
Maxi pensli kemerli pantolon,1790.0,Pantolon,Açık gri
Maxi pensli kemerli pantolon,1790.0,Pantolon,Kahverengi
Balon pensli jogger,950.0,Pantolon,Açık gri
KEMERİ KATLANMIŞ FİLE PANTOLON,1090.0,Pantolon,Siyah
KEMERİ KATLANMIŞ FİLE PANTOLON,1090.0,Pantolon,Lacivert
KEMERİ KATLANMIŞ FİLE PANTOLON,1090.0,Pantolon,Açık gri
Stoperli poplin barrel pantolon,1590.0,Pantolon,Haki
Stoperli poplin barrel pantolon,1590.0,Pantolon,Kahverengi
Balon saten yüzeyli şık pantolon,1790.0,Pantolon,Kahverengi
Balon saten yüzeyli şık pantolon,1790.0,Pantolon,Koyu lacivert
Balon stoperli jogger pantolon,1590.0,Pantolon,Açık gri
Balon kesim klasik pantolon,1590.0,Pantolon,Lacivert
Balon kesim klasik pantolon,1590.0,Pantolon,Siyah
Balon kesim klasik pantolon,1590.0,Pantolon,Ekru
Balon kesim klasik pantolon,1590.0,Pantolon,Kahverengi
"Pileli, bol kesim, ofis pantolonu",1490.0,Pantolon,Siyah
"Pileli, bol kesim, ofis pantolonu",1490.0,Pantolon,Koyu gri
"Pileli, bol kesim, ofis pantolonu",1490.0,Pantolon,Kahverengi
Barrel jogger pantolon,1590.0,Pantolon,Siyah
Barrel jogger pantolon,1590.0,Pantolon,Lacivert
Barrel jogger pantolon,1590.0,Pantolon,Açık gri
Mini şort,1190.0,Pantolon,Siyah
Şeritli jogger pantolon,1190.0,Pantolon,Açık gri
Şeritli jogger pantolon,1190.0,Pantolon,Siyah
Şeritli jogger pantolon,1190.0,Pantolon,Lacivert
Biyeli geniş paça eşofman altı,1190.0,Pantolon,Açık gri
Biyeli geniş paça eşofman altı,1190.0,Pantolon,Lacivert
Biyeli geniş paça eşofman altı,1190.0,Pantolon,Bordo
Tokalı balon pantolon,1790.0,Pantolon,Ekru
Balon paça şalvar pantolon,1590.0,Pantolon,Kahverengi
İşlemeli pijama pantolon,1590.0,Pantolon,Açık mavi
Pensli teknik şalvar pantolon,1590.0,Pantolon,Ekru
Çizgili çapraz belli günlük pantolon,1590.0,Pantolon,Açık mavi
Çizgili çapraz belli günlük pantolon,1590.0,Pantolon,Siyah
Çizgili çapraz belli günlük pantolon,1590.0,Pantolon,Beyaz
Çizgili çapraz belli günlük pantolon,1590.0,Pantolon,Lacivert
Çizgili çapraz belli günlük pantolon,1590.0,Pantolon,Koyu Gri
Çizgili çapraz belli günlük pantolon,1590.0,Pantolon,Kahverengi
"Balon jogger pantolon, katlamalı bel, yumuşak doku",1590.0,Pantolon,Koyu lacivert
"Balon jogger pantolon, katlamalı bel, yumuşak doku",1590.0,Pantolon,Siyah
"Balon jogger pantolon, katlamalı bel, yumuşak doku",1590.0,Pantolon,Açık gri
"Balon jogger pantolon, katlamalı bel, yumuşak doku",1590.0,Pantolon,Krem rengi
Yumuşak dokulu interlok jogger pantolon,1590.0,Pantolon,Koyu Gri
Yumuşak dokulu interlok jogger pantolon,950.0,Pantolon,Açık gri
Yumuşak dokulu dikiş detaylı geniş paça jogger pantolon,1590.0,Pantolon,Kahverengi
Yumuşak dokulu dikiş detaylı geniş paça jogger pantolon,1590.0,Pantolon,Siyah
Yumuşak dokulu dikiş detaylı geniş paça jogger pantolon,1590.0,Pantolon,Lacivert
Yumuşak dokulu dikiş detaylı geniş paça jogger pantolon,1590.0,Pantolon,Açık gri
Yumuşak dokulu dikiş detaylı geniş paça jogger pantolon,1590.0,Pantolon,Krem rengi
Düz kesim ofis pantolonu,1590.0,Pantolon,Koyu Gri
Düz kesim ofis pantolonu,1590.0,Pantolon,Siyah
Geniş paça klasik pantolon,1590.0,Pantolon,Koyu Gri
Yumuşak dokulu balon jogger pantolon,1490.0,Pantolon,Kahverengi
Yumuşak dokulu balon jogger pantolon,1490.0,Pantolon,Siyah
Saten yüzeyli mini şort,1090.0,Pantolon,Açık pembe
Dökümlü pantolon,1010.0,Pantolon,Gri
Dökümlü pantolon,1690.0,Pantolon,Siyah
Dökümlü pantolon,1010.0,Pantolon,Koyu Gri
Dökümlü pantolon,1690.0,Pantolon,Mor
Balon nakışlı pantolon,2290.0,Pantolon,Açık mavi
Dökümlü tokalı pantolon,1790.0,Pantolon,Siyah
Pensli smart pantolon,1790.0,Pantolon,Koyu gri
Pensli smart pantolon,1790.0,Pantolon,Siyah
Çizgili bel detaylı smart pantolon,1790.0,Pantolon,Kahverengi
Geniş paça jean,1790.0,Pantolon,Siyah
Geniş paça jean,1790.0,Pantolon,Kahverengi
Pensli barrel smart pantolon,1790.0,Pantolon,Siyah
Pensli barrel smart pantolon,1790.0,Pantolon,Lacivert
Pensli barrel smart pantolon,1790.0,Pantolon,Koyu gri
Pensli barrel smart pantolon,1790.0,Pantolon,Kahverengi
Ayarlanabilir süper geniş paça pantolon,1590.0,Pantolon,Krem rengi
Yumuşak dokulu dikiş detaylı düz paça jogger pantolon,1590.0,Pantolon,Siyah
Kırışık görünümlü dökümlü bağcıklı pantolon,1590.0,Pantolon,Lacivert
Kırışık görünümlü dökümlü bağcıklı pantolon,1590.0,Pantolon,Açık mavi
Kırışık görünümlü dökümlü bağcıklı pantolon,1590.0,Pantolon,Kahverengi
Balon jogger pantolon,1490.0,Pantolon,Siyah
Balon jogger pantolon,1490.0,Pantolon,Koyu lacivert
Balon jogger pantolon,1490.0,Pantolon,Açık gri
Balon jogger pantolon,1490.0,Pantolon,Kahverengi
Balon jogger pantolon,1490.0,Pantolon,Bej
Cepli Klasik Pantolon,1490.0,Pantolon,Lacivert
Cepli Klasik Pantolon,1490.0,Pantolon,Siyah
Cepli Klasik Pantolon,1490.0,Pantolon,Koyu gri
Balon paça kıvrık belli pantolon,1190.0,Pantolon,Kahverengi
Balon paça kıvrık belli pantolon,1190.0,Pantolon,Siyah
Balon paça kıvrık belli pantolon,1190.0,Pantolon,Ekru
Balon paça kıvrık belli pantolon,1190.0,Pantolon,Açık mavi
Çizgili geniş paça jogger pantolon,1190.0,Pantolon,Koyu lacivert
Çan Paça Tayt,1190.0,Pantolon,Koyu lacivert
Çan Paça Tayt,1190.0,Pantolon,Siyah
Çan Paça Tayt,1190.0,Pantolon,Açık gri
Nervürlü örgü pantolon,1190.0,Pantolon,Koyu bej
Nervürlü örgü pantolon,1190.0,Pantolon,Ekru
Nervürlü örgü pantolon,1190.0,Pantolon,Koyu Gri
Nervürlü örgü pantolon,1190.0,Pantolon,Kahverengi
Kapri pantolon,1090.0,Pantolon,Kahverengi
Kısa spor şort etek,1090.0,Pantolon,Siyah
Hacimli poplin pantolon,1590.0,Pantolon,Kahverengi
Poplin bloomer pantolon,1590.0,Pantolon,Ekru
Poplin bloomer pantolon,1590.0,Pantolon,Siyah
Katlanabilir belli pamuklu şort,990.0,Pantolon,Açık gri
Mini şort,790.0,Pantolon,Koyu Gri
Mini şort,790.0,Pantolon,Kahverengi
Çizgili elastik belli poplin şort,990.0,Pantolon,Açık mavi
Desenli dökümlü saten pantolon,1690.0,Pantolon,Koyu bej
Pensli dressy pantolon,1790.0,Pantolon,Kahverengi
Geniş paça pantolon,2290.0,Pantolon,Krem rengi
Teknik balon şort,1490.0,Pantolon,Ekru
Stoperli jogger pantolon,1590.0,Pantolon,Açık gri
Saten pensli bermuda,1490.0,Pantolon,Kahverengi
Dantel detaylı saten şort,1190.0,Pantolon,Kahverengi
Dantel detaylı saten şort,1190.0,Pantolon,Altın rengi
Pullu mini şort,1190.0,Pantolon,Açık pembe
Pullu mini şort,1190.0,Pantolon,Açık mavi
Dökümlü kruvaze pantolon,1590.0,Pantolon,Haki
Teknik pantolon,1790.0,Pantolon,Lacivert
Yumuşak dökümlü balon pantolon,1590.0,Pantolon,Koyu Gri
Mini teknik şort,1090.0,Pantolon,Krem rengi
Tokalı pensli şalvar pantolon,1790.0,Pantolon,Pembe
Yan şeritli teknik şort,1090.0,Pantolon,Açık sarı
Çıtçıtlı şalvar pantolon,1790.0,Pantolon,Haki
Yumuşak dokulu çan paça pantolon,1490.0,Pantolon,Siyah
Mini kumaş şort,1190.0,Pantolon,Siyah
Süper hacimli şalvar pantolon,2290.0,Pantolon,Kahverengi
Balon jogger pantolon,1590.0,Pantolon,Koyu gri
Zincir kemerli saten yüzeyli pensli pantolon,1790.0,Pantolon,Haki
Zincir kemerli saten yüzeyli pensli pantolon,1790.0,Pantolon,Lacivert
Boyfriend jogger pantolon,990.0,Pantolon,Siyah
Boyfriend jogger pantolon,990.0,Pantolon,Açık gri
Liyosel şalvar pantolon,1490.0,Pantolon,Kahverengi
Liyosel şalvar pantolon,1490.0,Pantolon,Beyaz
Liyosel şalvar pantolon,1490.0,Pantolon,Haki
Kaplamalı süper yüksek bel pantolon,1190.0,Pantolon,Siyah
Konumsal bol jogger pantolon,1690.0,Pantolon,Koyu Gri
Kumaş jogger pantolon,1590.0,Pantolon,Kahverengi
Kumaş jogger pantolon,1590.0,Pantolon,Siyah
Kuşgözü detaylı jogger pantolon,1590.0,Pantolon,Lacivert
Zımbalı sweatshirt pantolon,1590.0,Pantolon,Koyu gri
Saten dantelli şort,1190.0,Pantolon,Kahverengi
Yumuşak dokunuşlu pensli pantolon,1790.0,Pantolon,Bej
Yumuşak dokunuşlu pensli pantolon,1790.0,Pantolon,Siyah
Yumuşak dokunuşlu pensli pantolon,1790.0,Pantolon,Açık gri
Cepli straight fit jean,1790.0,Pantolon,SOLUK EFEKTLİ ORTA MAVİ DENIM
Cepli straight fit jean,1790.0,Pantolon,SOLUK EFEKTLİ AÇIK MAVİ DENIM
Cepli straight fit jean,1790.0,Pantolon,SOLUK EFEKTLİ DESIZED DENIM
Konumsal yıkamalı jogger pantolon,1590.0,Pantolon,Bej
Yumuşak dokulu dikiş detaylı çan paça pantolon,1190.0,Pantolon,Açık gri
Yumuşak dokulu dikiş detaylı çan paça pantolon,1190.0,Pantolon,Siyah
Yumuşak dokunuşlu culotte pantolon,1490.0,Pantolon,Açık mavi
Yumuşak dokunuşlu culotte pantolon,1490.0,Pantolon,Siyah
Yumuşak dokunuşlu culotte pantolon,1490.0,Pantolon,Koyu lacivert
Püsküllü culotte pantolon,1590.0,Pantolon,Kahverengi
Yumuşak dokulu acid wash jogger pantolon,1690.0,Pantolon,Koyu Gri
Zımba detaylı jogger pantolon,1590.0,Pantolon,Siyah
Geniş belli palazzo pantolon,1190.0,Pantolon,Mor
Kemerli saten yüzeyli şalvar pantolon,2490.0,Pantolon > Barrel,Siyah
Kemerli saten yüzeyli şalvar pantolon,2490.0,Pantolon > Barrel,Koyu yeşil
Çizgili balon pantolon,1790.0,Pantolon > Barrel,Açık mavi
Balon jean,1790.0,Pantolon > Barrel,SOLUK EFEKTLİ DESIZED DENIM
Balon jean,1790.0,Pantolon > Barrel,Ekru
Balon jean,1790.0,Pantolon > Barrel,SOLUK EFEKTLİ ORTA MAVİ DENIM
Hacimli kareli pantolon,1790.0,Pantolon > Barrel,Pembe
Stoperli poplin balon pantolon,1590.0,Pantolon > Barrel,Krem rengi
Volanlı mini şort etek,1490.0,Pantolon > Şort,Açık pembe
Volanlı mini şort etek,1490.0,Pantolon > Şort,Beyaz
Volanlı mini şort etek,1490.0,Pantolon > Şort,Açık mavi
Volanlı mini şort etek,1490.0,Pantolon > Şort,Kahverengi
Yıldızlı denim şort,1190.0,Pantolon > Şort,SOLUK EFEKTLİ AÇIK ORTA MAVİ DENIM
Katlamalı paçalı denim şort,1490.0,Pantolon > Şort,SOLUK EFEKTLİ ORTA MAVİ DENIM
Katlamalı paçalı denim şort,1490.0,Pantolon > Şort,SOLUK EFEKTLİ AÇIK ORTA MAVİ DENIM
D75 distressed denim şort,1190.0,Pantolon > Şort,SOLUK EFEKTLİ ORTA MAVİ DENIM
D75 distressed denim şort,1190.0,Pantolon > Şort,Beyaz
D75 distressed denim şort,1190.0,Pantolon > Şort,SOLUK EFEKTLİ AÇIK MAVİ DENIM
D75 distressed denim şort,1190.0,Pantolon > Şort,SOLUK EFEKTLİ AÇIK ORTA MAVİ DENIM
D75 distressed denim şort,1190.0,Pantolon > Şort,SOLUK EFEKTLİ PARÇA BOYAMA DENIM
D75 distressed denim şort,1190.0,Pantolon > Şort,SOLUK EFEKTLİ KOYU GRİ DENIM
D75 distressed denim şort,1190.0,Pantolon > Şort,SOLUK EFEKTLİ SİYAH DENIM
Çapraz bel bermuda,1690.0,Pantolon > Şort,SOLUK EFEKTLİ PARÇA BOYAMA DENIM
D76 Mikro denim şort,1490.0,Pantolon > Şort,Beyaz
D76 Mikro denim şort,1490.0,Pantolon > Şort,SOLUK EFEKTLİ AÇIK ORTA MAVİ DENIM
D76 Mikro denim şort,1490.0,Pantolon > Şort,SOLUK EFEKTLİ ORTA MAVİ DENIM
D76 Mikro denim şort,1490.0,Pantolon > Şort,SOLUK EFEKTLİ PARÇA BOYAMA DENIM
D76 Mikro denim şort,1490.0,Pantolon > Şort,SOLUK EFEKTLİ SİYAH DENIM
Düşük bel denim şort,1490.0,Pantolon > Şort,SOLUK EFEKTLİ AÇIK ORTA MAVİ DENIM
Mini denim şort,1490.0,Pantolon > Şort,SOLUK EFEKTLİ AÇIK MAVİ DENIM
Slim mom fit şort,1090.0,Pantolon > Şort,SOLUK EFEKTLİ AÇIK MAVİ DENIM
Slim mom fit şort,1090.0,Pantolon > Şort,SOLUK EFEKTLİ SİYAH DENIM
Kemerli denim bermuda,1590.0,Pantolon > Şort,SOLUK EFEKTLİ AÇIK MAVİ DENIM
Kemerli denim bermuda,1590.0,Pantolon > Şort,SOLUK EFEKTLİ ORTA MAVİ DENIM
Zımba detaylı mini denim şort,1590.0,Pantolon > Şort,SOLUK EFEKTLİ AÇIK ORTA MAVİ DENIM
Zımbalı denim şort,1790.0,Pantolon > Şort,SOLUK EFEKTLİ AÇIK ORTA MAVİ DENIM
Kemerli denim bermuda şort,1590.0,Pantolon > Şort,Beyaz
D93 uzun şort,1490.0,Pantolon > Şort,SOLUK EFEKTLİ KOYU GRİ DENIM
D93 uzun şort,1490.0,Pantolon > Şort,Beyaz
D93 uzun şort,1490.0,Pantolon > Şort,SOLUK EFEKTLİ PARÇA BOYAMA DENIM
D93 uzun şort,1490.0,Pantolon > Şort,SOLUK EFEKTLİ SİYAH DENIM
D93 uzun şort,1490.0,Pantolon > Şort,SOLUK EFEKTLİ ORTA MAVİ DENIM
D93 uzun şort,1490.0,Pantolon > Şort,SOLUK EFEKTLİ AÇIK ORTA MAVİ DENIM
D93 uzun şort,1490.0,Pantolon > Şort,SOLUK EFEKTLİ AÇIK MAVİ DENIM
Puantiye desenli şort,1490.0,Pantolon > Şort,Beyaz
D79 düşük bel şort,1190.0,Pantolon > Şort,Beyaz
D79 düşük bel şort,1190.0,Pantolon > Şort,SOLUK EFEKTLİ PARÇA BOYAMA DENIM
D79 düşük bel şort,1190.0,Pantolon > Şort,SOLUK EFEKTLİ AÇIK ORTA MAVİ DENIM
D79 düşük bel şort,1190.0,Pantolon > Şort,SOLUK EFEKTLİ ORTA MAVİ DENIM
Yumuşak dokulu pensli şort,1090.0,Pantolon > Şort,Siyah
Yumuşak dokulu pensli şort,1090.0,Pantolon > Şort,Açık sarı
Yumuşak dokulu pensli şort,1090.0,Pantolon > Şort,Krem rengi
Fitilli çizgili mikro şort,790.0,Pantolon > Şort,Kahverengi
Çizgili detaylı beli kuşaklı şort,790.0,Pantolon > Şort,Koyu lacivert
Distressed denim şort,1190.0,Pantolon > Şort,SOLUK EFEKTLİ AÇIK ORTA MAVİ DENIM
Yıldız detaylı mini denim şort,1490.0,Pantolon > Şort,SOLUK EFEKTLİ AÇIK ORTA MAVİ DENIM
Lastik belli akıllı şort,1090.0,Pantolon > Şort,Kahverengi
Lastik belli akıllı şort,1090.0,Pantolon > Şort,Pembe
Lastik belli akıllı şort,1090.0,Pantolon > Şort,Pastel yeşil
Pullu ve dantelli şort,1190.0,Pantolon > Şort,Gri
Fırfırlı teknik şort,1190.0,Pantolon > Şort,Pastel yeşil
D62 denim şort etek,1490.0,Pantolon > Şort,SOLUK EFEKTLİ DESIZED DENIM
D62 denim şort etek,1490.0,Pantolon > Şort,Beyaz
D62 denim şort etek,1490.0,Pantolon > Şort,Kahverengi
D62 denim şort etek,1490.0,Pantolon > Şort,SOLUK EFEKTLİ AÇIK MAVİ DENIM
D62 denim şort etek,1490.0,Pantolon > Şort,SOLUK EFEKTLİ AÇIK ORTA MAVİ DENIM
D62 denim şort etek,1490.0,Pantolon > Şort,SOLUK EFEKTLİ İNCİ GRİSİ DENIM
D62 denim şort etek,1490.0,Pantolon > Şort,SOLUK EFEKTLİ PARÇA BOYAMA DENIM
D62 denim şort etek,1490.0,Pantolon > Şort,SOLUK EFEKTLİ ORTA MAVİ DENIM
Yan yırtmaçlı şort etek,1190.0,Pantolon > Şort,Siyah
Yan yırtmaçlı şort etek,1190.0,Pantolon > Şort,Açık mavi
Yan yırtmaçlı şort etek,1190.0,Pantolon > Şort,Kırmızı
Yan yırtmaçlı şort etek,1190.0,Pantolon > Şort,Pembe
Yan yırtmaçlı şort etek,1190.0,Pantolon > Şort,Koyu Gri
Yan yırtmaçlı şort etek,1190.0,Pantolon > Şort,Açık sarı
Yan yırtmaçlı şort etek,1190.0,Pantolon > Şort,Kahverengi
Yan yırtmaçlı şort etek,1190.0,Pantolon > Şort,Bej
Yan yırtmaçlı şort etek,1190.0,Pantolon > Şort,Mor
Kemerli mini şort etek,1490.0,Pantolon > Şort,Kahverengi
Kemerli mini şort etek,1490.0,Pantolon > Şort,Siyah
Kemerli mini şort etek,1490.0,Pantolon > Şort,Koyu lacivert
Kemerli mini şort etek,1490.0,Pantolon > Şort,Açık gri
Kemerli mini şort etek,1490.0,Pantolon > Şort,Bej
Basic örme şort etek,790.0,Pantolon > Şort,Siyah
Basic örme şort etek,790.0,Pantolon > Şort,Koyu lacivert
Basic örme şort etek,790.0,Pantolon > Şort,Pembe
Basic örme şort etek,790.0,Pantolon > Şort,Kahverengi
Basic örme şort etek,790.0,Pantolon > Şort,Bej
Şık şort etek,1490.0,Pantolon > Şort,Siyah
Şık şort etek,1490.0,Pantolon > Şort,Kahverengi
İşlemeli pareo mini şort etek,1790.0,Pantolon > Şort,Siyah
D62 denim şort etek,1490.0,Pantolon > Şort,SOLUK EFEKTLİ SİYAH DENIM
D62 denim şort etek,1490.0,Pantolon > Şort,SOLUK EFEKTLİ KOYU GRİ DENIM
One Dilemma çivili şort etek,2990.0,Pantolon > Şort,SOLUK EFEKTLİ SİYAH DENIM
Bengal kumaş etek pantolon,1090.0,Pantolon > Şort,Siyah
Parlak denim şort etek,1790.0,Pantolon > Şort,SOLUK EFEKTLİ ORTA MAVİ DENIM
D62 Çivili denim şort etek,1690.0,Pantolon > Şort,SOLUK EFEKTLİ SİYAH DENIM
Kemerli denim şort etek,1490.0,Pantolon > Şort,SOLUK EFEKTLİ ORTA MAVİ DENIM
Suni süet mini şort etek,1490.0,Pantolon > Şort,Lacivert
Suni süet mini şort etek,1490.0,Pantolon > Şort,Kahverengi
Kemerli denim şort etek,1490.0,Pantolon > Şort,SOLUK EFEKTLİ DESIZED DENIM
Yan yırtmaçlı şort etek,1190.0,Pantolon > Şort,Beyaz
Yan yırtmaçlı şort etek,1190.0,Pantolon > Şort,Lacivert
Geniş belli örgü şort etek,990.0,Pantolon > Şort,Koyu Gri
Dantel detaylı şort etek,990.0,Pantolon > Şort,Açık sarı
Dantel detaylı şort etek,990.0,Pantolon > Şort,Siyah
Dantel detaylı şort etek,990.0,Pantolon > Şort,Açık gri
Lazer çiçek desenli denim şort etek,1590.0,Pantolon > Şort,SOLUK EFEKTLİ ORTA MAVİ DENIM
Parlak volanlı mini şort etek,1590.0,Pantolon > Şort,Ekru
Mini şort etek,1190.0,Pantolon > Şort,Haki
Mini şort etek,1190.0,Pantolon > Şort,Siyah
Mini işlemeli şort etek,1790.0,Pantolon > Şort,Kahverengi
Dökümlü nakışlı etek pantolon,1490.0,Pantolon > Şort,Beyaz
Dantelli şort etek,1490.0,Pantolon > Şort,Ekru
Dantelli şort etek,1490.0,Pantolon > Şort,Siyah
İşlemeli çizgili pareo şort etek,1490.0,Pantolon > Şort,Pembe
Fırfırlı mini şort,1190.0,Pantolon > Şort,Beyaz
Mini şort etek,1190.0,Pantolon > Şort,Açık mavi
Kruvaze denim şort etek,1590.0,Pantolon > Şort,SOLUK EFEKTLİ ORTA MAVİ DENIM
Desenli pullu mini şort etek,1190.0,Pantolon > Şort,Bej
One Dilemma parlak denim şort etek,3690.0,Pantolon > Şort,SOLUK EFEKTLİ PARÇA BOYAMA DENIM
Drapeli kare yaka poliamid t-shirt,790.0,Tişört,Ekru
Drapeli kare yaka poliamid t-shirt,790.0,Tişört,Siyah
Drapeli kare yaka poliamid t-shirt,790.0,Tişört,Turkuaz
Japon kısa kollu t-shirt,790.0,Tişört,Siyah
Japon kısa kollu t-shirt,790.0,Tişört,Beyaz
Japon kısa kollu t-shirt,790.0,Tişört,Açık pembe
Japon kısa kollu t-shirt,790.0,Tişört,Açık sarı
Japon kısa kollu t-shirt,790.0,Tişört,SOLUK EFEKTLİ GRİ DENIM
Kısa kollu kayık yaka t-shirt,790.0,Tişört,Siyah
Kısa kollu kayık yaka t-shirt,790.0,Tişört,Beyaz
Kısa kollu kayık yaka t-shirt,790.0,Tişört,Turkuaz
Kısa kollu kayık yaka t-shirt,790.0,Tişört,Pembe
Kısa kollu kayık yaka t-shirt,790.0,Tişört,Açık gri
Kısa kollu kayık yaka t-shirt,790.0,Tişört,Açık sarı
Basic regular fit kalın tişört,490.0,Tişört,Ekru
Basic regular fit kalın tişört,490.0,Tişört,Siyah
Basic regular fit kalın tişört,490.0,Tişört,Koyu lacivert
Basic regular fit kalın tişört,490.0,Tişört,Açık mavi
Basic regular fit kalın tişört,490.0,Tişört,Turkuaz
Basic regular fit kalın tişört,490.0,Tişört,Pembe
Basic regular fit kalın tişört,490.0,Tişört,Kahverengi
Basic regular fit kalın tişört,490.0,Tişört,Mor
Basic dar kesim tişört,490.0,Tişört,Beyaz
Basic dar kesim tişört,490.0,Tişört,Siyah
Basic dar kesim tişört,490.0,Tişört,Turkuaz
Basic dar kesim tişört,490.0,Tişört,Açık gri
Yumuşak dokunuşlu regular basic tişört,590.0,Tişört,Beyaz
Yumuşak dokunuşlu regular basic tişört,590.0,Tişört,Siyah
Yumuşak dokunuşlu regular basic tişört,590.0,Tişört,Açık mavi
Yumuşak dokunuşlu regular basic tişört,590.0,Tişört,Açık sarı
Yumuşak dokunuşlu regular basic tişört,590.0,Tişört,Kahverengi
Puantiye desenli crop t-shirt,350.0,Tişört,Ekru
Basic dar kesim crop t-shirt,350.0,Tişört,Beyaz
Basic dar kesim crop t-shirt,350.0,Tişört,Siyah
Basic dar kesim crop t-shirt,350.0,Tişört,Koyu lacivert
Basic yarasa kollu t-shirt,790.0,Tişört,Krem rengi
Basic yarasa kollu t-shirt,790.0,Tişört,Siyah
Basic yarasa kollu t-shirt,790.0,Tişört,Ekru
Basic yarasa kollu t-shirt,790.0,Tişört,Koyu yeşil
Çift asimetrik t-shirt,990.0,Tişört,Açık gri
Çift asimetrik t-shirt,990.0,Tişört,Koyu Gri
Çift asimetrik t-shirt,990.0,Tişört,Kahverengi
Basic dikişsiz polo t-shirt,790.0,Tişört,Beyaz
Basic dikişsiz polo t-shirt,790.0,Tişört,Koyu lacivert
Basic dikişsiz polo t-shirt,790.0,Tişört,Açık mavi
Basic dikişsiz polo t-shirt,790.0,Tişört,Açık sarı
Kısa kollu V yaka t-shirt,550.0,Tişört,Siyah
Kısa kollu V yaka t-shirt,550.0,Tişört,Beyaz
Kısa kollu V yaka t-shirt,550.0,Tişört,Lacivert
Kısa kollu V yaka t-shirt,550.0,Tişört,Açık sarı
Kısa kollu V yaka t-shirt,550.0,Tişört,Koyu yeşil
V yaka t-shirt kuşaklı,790.0,Tişört,Ekru
V yaka t-shirt kuşaklı,790.0,Tişört,Siyah
V yaka t-shirt kuşaklı,790.0,Tişört,Pembe
V yaka t-shirt kuşaklı,790.0,Tişört,Kahverengi
V yaka t-shirt kuşaklı,790.0,Tişört,Koyu yeşil
Dantel detaylı kısa kollu V yaka t-shirt,790.0,Tişört,Ekru
Dantel detaylı kısa kollu V yaka t-shirt,790.0,Tişört,Siyah
Dantel detaylı kısa kollu V yaka t-shirt,790.0,Tişört,Pembe
Dantel detaylı kısa kollu V yaka t-shirt,790.0,Tişört,Kahverengi
Büzgülü tül t-shirt,790.0,Tişört,Pembe
Büzgülü tül t-shirt,790.0,Tişört,Siyah
Büzgülü tül t-shirt,790.0,Tişört,Koyu mavi
Büzgülü tül t-shirt,790.0,Tişört,Kahverengi
Floklu qipao tarzı t-shirt,990.0,Tişört,Ekru
Floklu qipao tarzı t-shirt,990.0,Tişört,Siyah
Floklu qipao tarzı t-shirt,990.0,Tişört,Kahverengi
Yumuşak dokulu kısa kollu t-shirt,990.0,Tişört,Kahverengi
Yumuşak dokulu kısa kollu t-shirt,990.0,Tişört,Siyah
Yumuşak dokulu kısa kollu t-shirt,990.0,Tişört,Lacivert
Yumuşak dokulu kısa kollu t-shirt,990.0,Tişört,Krem rengi
Basic fitted büzgülü t-shirt,590.0,Tişört,Ekru
Basic fitted büzgülü t-shirt,590.0,Tişört,Siyah
Basic fitted büzgülü t-shirt,590.0,Tişört,Koyu mavi
Basic fitted büzgülü t-shirt,590.0,Tişört,Kahverengi
Yarasa kollu t-shirt,790.0,Tişört,Açık pembe
Yarasa kollu t-shirt,790.0,Tişört,Siyah
Yarasa kollu t-shirt,790.0,Tişört,Beyaz
Yarasa kollu t-shirt,790.0,Tişört,Açık mavi
Yarasa kollu t-shirt,790.0,Tişört,Kahverengi
Asimetrik metal tokalı t-shirt,590.0,Tişört,Açık mavi
Asimetrik metal tokalı t-shirt,590.0,Tişört,Siyah
Asimetrik metal tokalı t-shirt,590.0,Tişört,Ekru
Asimetrik metal tokalı t-shirt,990.0,Tişört,Mor
Basic kolsuz tişört,550.0,Tişört,Açık mavi
Basic kolsuz tişört,550.0,Tişört,Siyah
Basic kolsuz tişört,550.0,Tişört,Beyaz
Basic kolsuz tişört,550.0,Tişört,Lacivert
Basic kolsuz tişört,550.0,Tişört,Kırmızı
Basic kolsuz tişört,550.0,Tişört,Pembe
Basic kolsuz tişört,550.0,Tişört,Kahverengi
Düğmeli asimetrik t-shirt,990.0,Tişört,Ekru
Düğmeli asimetrik t-shirt,990.0,Tişört,Koyu gri
Düğmeli asimetrik t-shirt,990.0,Tişört,Kahverengi
Çizgili rustik pelerin t-shirt,990.0,Tişört,Krem rengi
"Kısa kollu, kayık yaka, büzgülü t-shirt",590.0,Tişört,Beyaz
"Kısa kollu, kayık yaka, büzgülü t-shirt",590.0,Tişört,Kahverengi
Büzgülü uzun kollu tişört,590.0,Tişört,Kahverengi
Büzgülü uzun kollu tişört,590.0,Tişört,Siyah
Büzgülü uzun kollu tişört,350.0,Tişört,Ekru
Büzgülü uzun kollu tişört,590.0,Tişört,Koyu mavi
Büzgülü uzun kollu tişört,350.0,Tişört,Koyu kırmızı
Büzgülü uzun kollu tişört,590.0,Tişört,Mor
Basic uzun kollu tişört,590.0,Tişört,Kırmızı
Basic uzun kollu tişört,590.0,Tişört,Siyah
Basic uzun kollu tişört,590.0,Tişört,Ekru
Basic uzun kollu tişört,590.0,Tişört,Pembe
Basic uzun kollu tişört,590.0,Tişört,Kahverengi
Basic uzun kollu tişört,590.0,Tişört,Krem rengi
Basic uzun kollu tişört,590.0,Tişört,Mor
Çift katmanlı t-shirt,790.0,Tişört,Lacivert
Çift katmanlı t-shirt,790.0,Tişört,Açık gri
Çift katmanlı t-shirt,790.0,Tişört,Açık sarı
Çift katmanlı kısa kollu polo t-shirt,1090.0,Tişört,Ekru
Çift katmanlı kısa kollu polo t-shirt,1090.0,Tişört,Beyaz
Çift katmanlı kısa kollu polo t-shirt,1090.0,Tişört,Lacivert
Asimetrik zımbalı t-shirt,990.0,Tişört,Ekru
Asimetrik zımbalı t-shirt,990.0,Tişört,Siyah
Asimetrik zımbalı t-shirt,990.0,Tişört,Kahverengi
Büzgülü body,990.0,Tişört,Ekru
Büzgülü body,990.0,Tişört,Siyah
Büzgülü body,990.0,Tişört,Kahverengi
Çapraz askılı atlet,590.0,Tişört,Ekru
Çapraz askılı atlet,590.0,Tişört,Açık pembe
Çapraz askılı atlet,590.0,Tişört,Açık sarı
Çizgili kısa kollu t-shirt,790.0,Tişört,Pembe
Çizgili kısa kollu t-shirt,790.0,Tişört,Açık mavi
Çizgili kısa kollu t-shirt,790.0,Tişört,Açık sarı
B06 Düşük omuz basic t-shirt,790.0,Tişört,Kahverengi
B06 Düşük omuz basic t-shirt,790.0,Tişört,Siyah
B06 Düşük omuz basic t-shirt,790.0,Tişört,Ekru
B06 Düşük omuz basic t-shirt,790.0,Tişört,Pembe
Basic dar kesim çizgili t-shirt,490.0,Tişört,Açık mavi
Basic dar kesim çizgili t-shirt,490.0,Tişört,Açık sarı
Sweety kısa kollu bisiklet yaka t-shirt,1190.0,Tişört,Pembe
Kalın askılı poliamid t-shirt,590.0,Tişört,Siyah
Kalın askılı poliamid t-shirt,590.0,Tişört,Ekru
Kalın askılı poliamid t-shirt,590.0,Tişört,Lacivert
Kalın askılı poliamid t-shirt,590.0,Tişört,Açık mavi
Kalın askılı poliamid t-shirt,590.0,Tişört,Krem rengi
Kısa kollu dantelli etek ucu t-shirt,990.0,Tişört,Siyah
Kısa kollu dantelli etek ucu t-shirt,990.0,Tişört,Beyaz
Kısa kollu dantelli etek ucu t-shirt,990.0,Tişört,Pembe
Oversize uzun kollu çizgili t-shirt,990.0,Tişört,Açık mavi
Oversize uzun kollu çizgili t-shirt,990.0,Tişört,Bordo
Dantelli dikişsiz tişört,990.0,Tişört,Siyah
Dantelli dikişsiz tişört,990.0,Tişört,Ekru
Dantelli dikişsiz tişört,990.0,Tişört,Pembe
Dantelli dikişsiz tişört,990.0,Tişört,Kahverengi
Dantelli dikişsiz tişört,990.0,Tişört,Mor
Dik yaka kolsuz t-shirt,490.0,Tişört,Pembe
Dik yaka kolsuz t-shirt,490.0,Tişört,Siyah
Dik yaka kolsuz t-shirt,490.0,Tişört,Beyaz
Dik yaka kolsuz t-shirt,490.0,Tişört,Kahverengi
Basic vatkalı t-shirt,790.0,Tişört,Açık sarı
Basic vatkalı t-shirt,790.0,Tişört,Siyah
Basic vatkalı t-shirt,790.0,Tişört,Beyaz
Basic vatkalı t-shirt,790.0,Tişört,Koyu lacivert
Çift katlı t-shirt,790.0,Tişört,Ekru
Çift katlı t-shirt,790.0,Tişört,Açık gri
Basic vatkalı çizgili t-shirt,790.0,Tişört,Siyah
Çizgili bel bantlı uzun kollu kayık yaka t-shirt,790.0,Tişört,Kahverengi
Çizgili bel bantlı uzun kollu kayık yaka t-shirt,790.0,Tişört,Lacivert
Oversize crop t-shirt,790.0,Tişört,Koyu lacivert
Basic poliamid t-shirt,590.0,Tişört,Siyah
Basic poliamid t-shirt,590.0,Tişört,Beyaz
Basic poliamid t-shirt,590.0,Tişört,Pembe
Basic poliamid t-shirt,590.0,Tişört,Bej
Bugs Bunny dantelli t-shirt,1490.0,Tişört,Ekru
Kısa kollu oversize t-shirt,550.0,Tişört,Açık pembe
Kısa kollu oversize t-shirt,550.0,Tişört,Siyah
Kısa kollu oversize t-shirt,550.0,Tişört,Beyaz
Kısa kollu oversize t-shirt,550.0,Tişört,Açık mavi
Kısa kollu oversize t-shirt,550.0,Tişört,Kahverengi
İki katmanlı iç çamaşırı tişörtü,1090.0,Tişört,Açık mavi
Qipao tarzı kısa kollu tişört,1090.0,Tişört,Açık pembe
Qipao tarzı kısa kollu tişört,1090.0,Tişört,Ekru
Grafik ve aplikeli kısa kollu t-shirt,1090.0,Tişört,Lacivert
Grafik ve aplikeli kısa kollu t-shirt,1090.0,Tişört,Açık mavi
Zımba işlemeli kolsuz t-shirt,1090.0,Tişört,Ekru
Zımba işlemeli kolsuz t-shirt,1090.0,Tişört,Kahverengi
Çizgili uzun kollu t-shirt,1090.0,Tişört,Açık mavi
Çizgili uzun kollu t-shirt,1090.0,Tişört,Ekru
Çizgili uzun kollu t-shirt,1090.0,Tişört,Açık gri
Asimetrik şeffaf body,1090.0,Tişört,Siyah
Çift konumlu t-shirt,1090.0,Tişört,Bej
Yumuşak dokulu oversize tişört,1090.0,Tişört,Siyah
Yumuşak dokulu oversize tişört,1090.0,Tişört,Ekru
Yumuşak dokulu oversize tişört,1090.0,Tişört,Koyu lacivert
Yumuşak dokulu oversize tişört,1090.0,Tişört,Açık mavi
Reglan kollu t-shirt,990.0,Tişört,Koyu lacivert
Bugs Bunny kısa kollu t-shirt,990.0,Tişört,Açık gri
Çift melek desenli t-shirt,990.0,Tişört,Ekru
Halter yaka uzun kollu t-shirt,990.0,Tişört,Kahverengi
Halter yaka uzun kollu t-shirt,990.0,Tişört,Siyah
Halter yaka uzun kollu t-shirt,990.0,Tişört,Açık gri
Kısa kollu KEWPIE t-shirt,990.0,Tişört,Beyaz
Ecocell çift katmanlı t-shirt,990.0,Tişört,Beyaz
Ecocell çift katmanlı t-shirt,990.0,Tişört,Siyah
Asimetrik tül t-shirt,990.0,Tişört,Kahverengi
Asimetrik tül t-shirt,990.0,Tişört,Siyah
Asimetrik tül t-shirt,990.0,Tişört,Mor
Poliamid uzun kollu t-shirt,790.0,Tişört,Beyaz
Poliamid uzun kollu t-shirt,790.0,Tişört,Siyah
Poliamid uzun kollu t-shirt,790.0,Tişört,Kahverengi
Baskılı kısa kollu t-shirt,790.0,Tişört,Altın rengi
Baskılı kısa kollu t-shirt,790.0,Tişört,Açık mavi
Çift katlı kısa kollu t-shirt,790.0,Tişört,Açık pembe
Çift katlı kısa kollu t-shirt,790.0,Tişört,Beyaz
Çift katlı kısa kollu t-shirt,790.0,Tişört,Kahverengi
Kuşaklı kayık yaka uzun kollu t-shirt,790.0,Tişört,Ekru
Kuşaklı kayık yaka uzun kollu t-shirt,790.0,Tişört,Siyah
Büzgülü uzun kollu t-shirt,790.0,Tişört,Siyah
Büzgülü uzun kollu t-shirt,790.0,Tişört,Beyaz
Düğmeli t-shirt,790.0,Tişört,Bordo
Düğmeli t-shirt,790.0,Tişört,Siyah
Düğmeli t-shirt,790.0,Tişört,Beyaz
Düğmeli t-shirt,790.0,Tişört,Lacivert
Düğmeli t-shirt,790.0,Tişört,Kahverengi
Modal asimetrik tişört,790.0,Tişört,Kahverengi
Modal asimetrik tişört,790.0,Tişört,Siyah
Modal asimetrik tişört,790.0,Tişört,Ekru
Modal asimetrik tişört,790.0,Tişört,Koyu mavi
Modal asimetrik tişört,790.0,Tişört,Mor
Yazı baskılı kayık yaka t-shirt,650.0,Tişört,Kırmızı
Çizgili basic uzun kollu pamuklu tişört,590.0,Tişört,Mor
Basic geniş yaka tişört,590.0,Tişört,Koyu lacivert
Basic geniş yaka tişört,590.0,Tişört,Siyah
Basic geniş yaka tişört,590.0,Tişört,Ekru
Basic geniş yaka tişört,590.0,Tişört,Pembe
Basic geniş yaka tişört,590.0,Tişört,Açık sarı
basic kısa kollu bisiklet yaka t-shirt,550.0,Tişört,Açık pembe
basic kısa kollu bisiklet yaka t-shirt,550.0,Tişört,Beyaz
basic kısa kollu bisiklet yaka t-shirt,550.0,Tişört,Açık sarı
basic kısa kollu bisiklet yaka t-shirt,550.0,Tişört,Kahverengi
Fitilli çapraz askılı t-shirt,490.0,Tişört,Beyaz
Fitilli çapraz askılı t-shirt,490.0,Tişört,Siyah
Fitilli çapraz askılı t-shirt,490.0,Tişört,Turkuaz
Fitilli çapraz askılı t-shirt,490.0,Tişört,Açık sarı
Fitilli çapraz askılı t-shirt,490.0,Tişört,Kahverengi
Üç katmanlı uzun kollu t-shirt,1090.0,Tişört,Koyu Gri
V yaka çizgili yarasa kollu t-shirt,990.0,Tişört,Pembe
Asimetrik kolsuz zımbalı bluz,990.0,Tişört,Kahverengi
Reglan kollu ve büzgülü tişört,990.0,Tişört,Kahverengi
Baskılı oversize kısa kollu t-shirt,990.0,Tişört,Pastel yeşil
İki malzemeli örgü tişört,1590.0,Tişört,Ekru
İki malzemeli örgü tişört,1590.0,Tişört,Kahverengi
Dikişsiz polo tişört,990.0,Tişört,Ekru
Dikişsiz polo tişört,990.0,Tişört,Siyah
Dikişsiz polo tişört,990.0,Tişört,Kahverengi
"Çizgili, uzun kollu, basic t-shirt",590.0,Tişört,Ekru
Çizgili basic uzun kollu pamuklu t-shirt,350.0,Tişört,Koyu mavi
Kısa kollu pozisyonel t-shirt,990.0,Tişört,Ekru
Kısa kollu pozisyonel t-shirt,990.0,Tişört,Kahverengi
Boxy kısa kollu t-shirt,990.0,Tişört,Açık mavi
Boxy kısa kollu t-shirt,990.0,Tişört,Ekru
One Dilemma parıltılı kısa kollu kayık yaka t-shirt,990.0,Tişört,Siyah
One Dilemma parıltılı kısa kollu kayık yaka t-shirt,990.0,Tişört,Beyaz
Beyzbol t-shirt,590.0,Tişört,Açık mavi
Snoopy muz desenli t-shirt,1090.0,Tişört,Açık sarı
Dantelli grafik detaylı fitted t-shirt,990.0,Tişört,Ekru
Fitilli pamuklu çapraz askılı tişört,490.0,Tişört,Açık gri
Oversize grafik detaylı dantel t-shirt,1090.0,Tişört,Ekru
Çift kontrastlı t-shirt,990.0,Tişört,Ekru
Kısa kollu kontrast baskılı t-shirt,790.0,Tişört,Açık mavi
Kısa kollu muz t-shirt,790.0,Tişört,Kahverengi
Çizgili mini kollu basic t-shirt,350.0,Tişört,Pembe
Konumlandırılmış kısa kollu t-shirt,590.0,Tişört,Beyaz
Asimetrik çift katmanlı uzun kollu t-shirt,990.0,Tişört,Kahverengi
Uzun kollu bindirmeli t-shirt,990.0,Tişört,Gri
Kruvaze dantel t-shirt,1190.0,Tişört,Açık mavi
Yanları büzgülü kısa kollu t-shirt,990.0,Tişört,Açık mavi
Yanları büzgülü kısa kollu t-shirt,990.0,Tişört,Beyaz
Yanları büzgülü kısa kollu t-shirt,990.0,Tişört,Kahverengi
Rustik pelerin görünümlü t-shirt,990.0,Tişört,Kahverengi
Rustik pelerin görünümlü t-shirt,990.0,Tişört,Ekru
Rustik pelerin görünümlü t-shirt,990.0,Tişört,Açık sarı
"Uzun kollu, yumuşak dokulu normal t-shirt",790.0,Tişört,Açık gri
Dantelli uzun kollu t-shirt,1490.0,Tişört,Açık mavi
Asimetrik yumuşak t-shirt,1490.0,Tişört,Koyu Gri
Grafik detaylı kısa kollu t-shirt,990.0,Tişört,Lacivert
Çizgili baskılı kısa kollu t-shirt,990.0,Tişört,Lacivert
Çizgili baskılı kısa kollu t-shirt,990.0,Tişört,Kırmızı
Basic regular pamuklu tişört,790.0,Tişört,Kahverengi
Basic regular pamuklu tişört,790.0,Tişört,Ekru
Basic regular pamuklu tişört,790.0,Tişört,Krem rengi
Çoklu pozisyon t-shirt,990.0,Tişört,Açık mavi
Çıtçıt detaylı v yaka t-shirt,1090.0,Tişört,Koyu gri
Baskılı yarasa kollu t-shirt,790.0,Tişört,Lacivert
Oversize baskılı t-shirt,990.0,Tişört,Siyah
Büzgülü asimetrik t-shirt,790.0,Tişört,Koyu gri
Büzgülü asimetrik t-shirt,790.0,Tişört,Siyah
Büzgülü asimetrik t-shirt,790.0,Tişört,Kahverengi
Uzun kollu fitilli t-shirt,790.0,Tişört,Ekru
Uzun kollu fitilli t-shirt,790.0,Tişört,Kahverengi
Asimetrik yakalı tişört,790.0,Tişört,Lacivert
Asimetrik yakalı tişört,790.0,Tişört,Siyah
Asimetrik yakalı tişört,790.0,Tişört,Ekru
Asimetrik yakalı tişört,790.0,Tişört,Bordo
Asimetrik yakalı tişört,790.0,Tişört,Koyu gri
Asimetrik yakalı tişört,790.0,Tişört,Kahverengi
Kuşak detaylı kayık yaka triko t-shirt,1090.0,Tişört,Kahverengi
Kuşak detaylı kayık yaka triko t-shirt,1090.0,Tişört,Siyah
Kuşak detaylı kayık yaka triko t-shirt,1090.0,Tişört,Krem rengi
Zımbalı yıldız t-shirt,1490.0,Tişört,Koyu gri
Asimetrik t-shirt zımbalı,1090.0,Tişört,Koyu gri
Asimetrik t-shirt zımbalı,1090.0,Tişört,Siyah
Asimetrik t-shirt zımbalı,1090.0,Tişört,Kahverengi
Zımba detaylı kayık yaka t-shirt,990.0,Tişört,Koyu gri
Basic dik yaka tişört,590.0,Tişört,Kahverengi
Basic dik yaka tişört,590.0,Tişört,Siyah
Basic dik yaka tişört,590.0,Tişört,Ekru
"Çizgili, heavy weight, regular fit basic tişört",490.0,Tişört,Ekru
"Çizgili, heavy weight, regular fit basic tişört",490.0,Tişört,Koyu mavi
"Çizgili, heavy weight, regular fit basic tişört",490.0,Tişört,Pembe
"Çizgili, heavy weight, regular fit basic tişört",490.0,Tişört,Kahverengi
Basic uzun kollu pamuklu tişört,350.0,Tişört,Beyaz
Basic uzun kollu pamuklu tişört,350.0,Tişört,Siyah
Kafein crop t-shirt,990.0,Tişört,Siyah
Asimetrik çizgili tişört,990.0,Tişört,Lacivert
Çizgili geniş yaka tişört,990.0,Tişört,Koyu gri
Çift uzun kollu çıtçıt düğmeli t-shirt,990.0,Tişört,Açık gri
Basic Kloş Kollu Tişört,790.0,Tişört,Kahverengi
Büzgülü çizgili açık omuz bluz,1090.0,Tişört,Koyu gri
Çift fermuarlı tişört,1090.0,Tişört,Ekru
Çift fermuarlı tişört,990.0,Tişört,Kahverengi
Çift fermuarlı tişört,990.0,Tişört,Siyah
Bisiklet Yaka Örme Tişört,1190.0,Tişört,Koyu Gri
Bisiklet Yaka Örme Tişört,1190.0,Tişört,Ekru
Bisiklet Yaka Örme Tişört,1190.0,Tişört,Kahverengi
Oversize çizgili polo tişört,1190.0,Tişört,Koyu gri
Dikişsiz kare yaka t-shirt,990.0,Tişört,Sarı
Drapeli dar kesim top,990.0,Tişört > Asimetrik,Kahverengi
Drapeli dar kesim top,990.0,Tişört > Asimetrik,Koyu yeşil
Çok yönlü kolsuz t-shirt,790.0,Tişört > Asimetrik,Açık pembe
Çok yönlü kolsuz t-shirt,790.0,Tişört > Asimetrik,Siyah
Çok yönlü kolsuz t-shirt,790.0,Tişört > Asimetrik,Ekru
Çok yönlü kolsuz t-shirt,790.0,Tişört > Asimetrik,SOLUK EFEKTLİ GRİ DENIM
Asimetrik dantel büstiyer,1490.0,Tişört > Asimetrik,Kahverengi
Asimetrik dantel büstiyer,1490.0,Tişört > Asimetrik,Siyah
Asimetrik dantel büstiyer,1490.0,Tişört > Asimetrik,Ekru
Asimetrik desenli tül t-shirt,990.0,Tişört > Asimetrik,Koyu bej
Kolsuz qipao tarzı top,990.0,Tişört > Beyaz,Ekru
Kolsuz qipao tarzı top,990.0,Tişört > Beyaz,Siyah
Kolsuz qipao tarzı top,990.0,Tişört > Beyaz,Açık sarı
Kolsuz qipao tarzı top,990.0,Tişört > Beyaz,Koyu yeşil
B07 Puantiyeli fitilli askılı bluz,490.0,Tişört > Beyaz,Ekru
Halter body,990.0,Tişört > Beyaz,Ekru
Halter body,990.0,Tişört > Beyaz,Siyah
Halter body,990.0,Tişört > Beyaz,Açık mavi
Halter body,990.0,Tişört > Beyaz,Kahverengi
Kadife görünümlü korse top,990.0,Tişört > Beyaz,Ekru
Kadife görünümlü korse top,990.0,Tişört > Beyaz,Siyah
BASIC halter top,490.0,Tişört > Beyaz,Beyaz
BASIC halter top,490.0,Tişört > Beyaz,Siyah
BASIC halter top,490.0,Tişört > Beyaz,Turkuaz
BASIC halter top,490.0,Tişört > Beyaz,Açık sarı
Halter yaka t-shirt,590.0,Tişört > STR Teen,Açık pembe
Halter yaka t-shirt,590.0,Tişört > STR Teen,Siyah
Halter yaka t-shirt,590.0,Tişört > STR Teen,Beyaz
Halter yaka t-shirt,590.0,Tişört > STR Teen,Açık sarı
Halter yaka t-shirt,590.0,Tişört > STR Teen,Kahverengi
Halter yaka t-shirt,590.0,Tişört > STR Teen,SOLUK EFEKTLİ GRİ DENIM
Pullu crop top,1190.0,Tişört > STR Teen,Açık mavi
Pencere detaylı sırt dekolteli body,990.0,Tişört > STR Teen,Kahverengi
Kalın askılı t-shirt,590.0,Tişört > STR Teen,Beyaz
Kalın askılı t-shirt,590.0,Tişört > STR Teen,Siyah
Kalın askılı t-shirt,590.0,Tişört > STR Teen,Açık pembe
Kalın askılı t-shirt,590.0,Tişört > STR Teen,Açık sarı
Kalın askılı t-shirt,590.0,Tişört > STR Teen,Kahverengi
Dantelli askılı bluz,790.0,Tişört > STR Teen,Açık pembe
Dantelli büzgülü top,1190.0,Tişört > STR Teen,Açık pembe
Poliamid askılı üst,490.0,Tişört > STR Teen,Ekru
Poliamid askılı üst,490.0,Tişört > STR Teen,Siyah
Poliamid askılı üst,490.0,Tişört > STR Teen,Altın rengi
Poliamid askılı üst,490.0,Tişört > STR Teen,Kahverengi
Dantelli askılı bluz,790.0,Tişört > STR Teen,Açık mavi
Yanları büzgülü dantel top,1190.0,Tişört > STR Teen,Açık mavi
Dantel detaylı askılı body,990.0,Tişört > STR Teen,Açık sarı
Basic bandeau,490.0,Tişört > STR Teen,Kahverengi
Basic bandeau,490.0,Tişört > STR Teen,Siyah
Basic bandeau,490.0,Tişört > STR Teen,Beyaz
Basic bandeau,490.0,Tişört > STR Teen,Açık sarı
Askılı saten top,1190.0,Tişört > STR Teen,Altın rengi
Büzgülü açık omuzlu t-shirt,920.0,Tişört > STR Teen,Kahverengi
Poliamid tişört,590.0,Tişört > STR Teen,Siyah
Poliamid tişört,590.0,Tişört > STR Teen,Ekru
Poliamid tişört,590.0,Tişört > STR Teen,Kahverengi
D68 kemerli bootcut jean,1790.0,Jean,Beyaz
D68 kemerli bootcut jean,1790.0,Jean,SOLUK EFEKTLİ ORTA MAVİ DENIM
D68 kemerli bootcut jean,1790.0,Jean,SOLUK EFEKTLİ AÇIK ORTA MAVİ DENIM
D92 straight geniş paça jean,1690.0,Jean,Beyaz
D92 straight geniş paça jean,1690.0,Jean,Siyah
D92 straight geniş paça jean,1690.0,Jean,Ekru
D92 straight geniş paça jean,1690.0,Jean,Kahverengi
D92 straight fit geniş paça jean,1690.0,Jean,SOLUK EFEKTLİ DESIZED DENIM
D92 straight fit geniş paça jean,1690.0,Jean,Koyu lacivert
D92 straight fit geniş paça jean,1690.0,Jean,Kahverengi
D92 straight fit geniş paça jean,1690.0,Jean,SOLUK EFEKTLİ AÇIK MAVİ DENIM
D92 straight fit geniş paça jean,1690.0,Jean,SOLUK EFEKTLİ PARÇA BOYAMA DENIM
D92 straight fit geniş paça jean,1690.0,Jean,SOLUK EFEKTLİ İNCİ GRİSİ DENIM
D92 straight fit geniş paça jean,1690.0,Jean,SOLUK EFEKTLİ KOYU GRİ DENIM
D92 straight fit geniş paça jean,1690.0,Jean,SOLUK EFEKTLİ SİYAH DENIM
D92 straight fit geniş paça jean,1690.0,Jean,SOLUK EFEKTLİ AÇIK ORTA MAVİ DENIM
D92 straight fit geniş paça jean,1690.0,Jean,SOLUK EFEKTLİ GRİ DENIM
D92 straight fit geniş paça jean,1690.0,Jean,SOLUK EFEKTLİ ORTA MAVİ DENIM
D91 Düşük Bel Geniş Paça Jean,1690.0,Jean,SOLUK EFEKTLİ ORTA MAVİ DENIM
D91 Düşük Bel Geniş Paça Jean,1690.0,Jean,SOLUK EFEKTLİ AÇIK MAVİ DENIM
D91 Düşük Bel Geniş Paça Jean,1690.0,Jean,SOLUK EFEKTLİ AÇIK ORTA MAVİ DENIM
D91 Düşük Bel Geniş Paça Jean,1690.0,Jean,SOLUK EFEKTLİ PARÇA BOYAMA DENIM
D91 Düşük Bel Geniş Paça Jean,1690.0,Jean,SOLUK EFEKTLİ İNCİ GRİSİ DENIM
D91 Düşük Bel Geniş Paça Jean,1690.0,Jean,SOLUK EFEKTLİ GRİ DENIM
D91 Düşük Bel Geniş Paça Jean,1690.0,Jean,SOLUK EFEKTLİ SİYAH DENIM
D91 Düşük Bel Geniş Paça Jean,1690.0,Jean,SOLUK EFEKTLİ DESIZED DENIM
Parlak detaylı straight fit jean,2490.0,Jean,SOLUK EFEKTLİ ORTA MAVİ DENIM
D91 Düşük Bel Fitilli Geniş Paça Jean,1690.0,Jean,Ekru
D91 Düşük Bel Fitilli Geniş Paça Jean,1690.0,Jean,Beyaz
İşlemeli cepli çan jean,2490.0,Jean,SOLUK EFEKTLİ İNCİ GRİSİ DENIM
Düşük bel zımbalı baggy jean,2490.0,Jean,SOLUK EFEKTLİ AÇIK ORTA MAVİ DENIM
Düşük bel straight fit çekiç belli jean,1790.0,Jean,SOLUK EFEKTLİ ORTA MAVİ DENIM
Düşük bel straight fit çekiç belli jean,1790.0,Jean,SOLUK EFEKTLİ AÇIK ORTA MAVİ DENIM
Kapri jean,1590.0,Jean,Beyaz
D74 yırtmaçlı çan paça jean,1590.0,Jean,SOLUK EFEKTLİ ORTA MAVİ DENIM
D74 yırtmaçlı çan paça jean,1590.0,Jean,Beyaz
D74 yırtmaçlı çan paça jean,1590.0,Jean,SOLUK EFEKTLİ AÇIK MAVİ DENIM
D74 yırtmaçlı çan paça jean,1590.0,Jean,SOLUK EFEKTLİ AÇIK ORTA MAVİ DENIM
D74 yırtmaçlı çan paça jean,1590.0,Jean,SOLUK EFEKTLİ DESIZED DENIM
D74 yırtmaçlı çan paça jean,1590.0,Jean,SOLUK EFEKTLİ GRİ DENIM
D74 yırtmaçlı çan paça jean,1590.0,Jean,SOLUK EFEKTLİ SİYAH DESIZED
D74 yırtmaçlı esnek çan paça jean,1590.0,Jean,SOLUK EFEKTLİ AÇIK MAVİ DENIM
D78 Cropped Çan Paça Jean,1490.0,Jean,Beyaz
Bağcıklı dökümlü denim pantolon,1190.0,Jean,SOLUK EFEKTLİ AÇIK ORTA MAVİ DENIM
Bağcıklı dökümlü denim pantolon,1190.0,Jean,SOLUK EFEKTLİ ORTA MAVİ DENIM
Bağcıklı dökümlü denim pantolon,1190.0,Jean,SOLUK EFEKTLİ DESIZED DENIM
D67 dar kesim bootcut jean,1590.0,Jean,SOLUK EFEKTLİ AÇIK ORTA MAVİ DENIM
D67 dar kesim bootcut jean,1590.0,Jean,SOLUK EFEKTLİ AÇIK MAVİ DENIM
D67 dar kesim bootcut jean,1590.0,Jean,SOLUK EFEKTLİ DESIZED DENIM
D67 dar kesim bootcut jean,1590.0,Jean,SOLUK EFEKTLİ ORTA MAVİ DENIM
Lazer çiçek desenli straight fit jean,2290.0,Jean,SOLUK EFEKTLİ ORTA MAVİ DENIM
D78 Kısa Kesim Çan Paça Jean,1490.0,Jean,SOLUK EFEKTLİ SİYAH DESIZED
D78 Cropped Çan Paça Jean,1490.0,Jean,SOLUK EFEKTLİ AÇIK MAVİ DENIM
D78 Cropped Çan Paça Jean,1490.0,Jean,SOLUK EFEKTLİ ORTA MAVİ DENIM
D04 Düşük Bel Çan Paça Jean,1790.0,Jean,SOLUK EFEKTLİ ORTA MAVİ DENIM
D04 Düşük Bel Çan Paça Jean,1790.0,Jean,SOLUK EFEKTLİ AÇIK ORTA MAVİ DENIM
Parıltılı straight fit jean,2490.0,Jean,SOLUK EFEKTLİ SİYAH DENIM
Düşük bel zımbalı bootcut fit jean,2290.0,Jean,SOLUK EFEKTLİ SİYAH DENIM
İşlemeli cepli çan jean,2490.0,Jean,SOLUK EFEKTLİ AÇIK ORTA MAVİ DENIM
Düşük bel çift düğmeli jean,1790.0,Jean,SOLUK EFEKTLİ ORTA MAVİ DENIM
Düşük bel çift düğmeli jean,1790.0,Jean,SOLUK EFEKTLİ AÇIK MAVİ DENIM
Düşük bel çift düğmeli jean,1790.0,Jean,SOLUK EFEKTLİ AÇIK ORTA MAVİ DENIM
Düşük bel çift düğmeli jean,1790.0,Jean,SOLUK EFEKTLİ DESIZED DENIM
Düşük bel straight fit jean,1590.0,Jean,SOLUK EFEKTLİ AÇIK ORTA MAVİ DENIM
Çizgili orta bel baggy jean,1790.0,Jean,SOLUK EFEKTLİ AÇIK ORTA MAVİ DENIM
Düşük bel bootcut kesim kot pantolon,1590.0,Jean,SOLUK EFEKTLİ AÇIK ORTA MAVİ DENIM
Düşük bel bootcut kesim kot pantolon,1590.0,Jean,SOLUK EFEKTLİ SİYAH DENIM
D14 comfort dar kesim jean,1490.0,Jean,SOLUK EFEKTLİ SİYAH DENIM
D14 comfort dar kesim jean,1490.0,Jean,SOLUK EFEKTLİ AÇIK MAVİ DENIM
D14 comfort dar kesim jean,1490.0,Jean,SOLUK EFEKTLİ AÇIK ORTA MAVİ DENIM
D09 süper yüksek bel skinny jean,1190.0,Jean,SOLUK EFEKTLİ ORTA MAVİ DENIM
D09 süper yüksek bel skinny jean,1190.0,Jean,SOLUK EFEKTLİ AÇIK MAVİ DENIM
D09 süper yüksek bel skinny jean,1190.0,Jean,SOLUK EFEKTLİ SİYAH DENIM
Süper yüksek bel,1190.0,Jean,Kahverengi
Süper yüksek bel,1190.0,Jean,Koyu lacivert
Kuşgözü detaylı barrel jean,2790.0,Jean,SOLUK EFEKTLİ SİYAH DENIM
Yanları kuşgözü detaylı barrel jean,2490.0,Jean,SOLUK EFEKTLİ SİYAH DENIM
Yanları yıldız detaylı süper baggy jean,2490.0,Jean,SOLUK EFEKTLİ AÇIK ORTA MAVİ DENIM
Orta bel zımbalı straight fit jean,2490.0,Jean,SOLUK EFEKTLİ SİYAH DENIM
Leopar parlak straight fit jean,2490.0,Jean,SOLUK EFEKTLİ ORTA MAVİ DENIM
Düşük bel barrel jean,2290.0,Jean,SOLUK EFEKTLİ ORTA MAVİ DENIM
Düşük bel geniş paça parlak detaylı jean,2490.0,Jean,SOLUK EFEKTLİ AÇIK ORTA MAVİ DENIM
Düşük bel geniş paça mücevher düğmeli jean,2290.0,Jean,SOLUK EFEKTLİ AÇIK ORTA MAVİ DENIM
Yıldız detaylı düşük bel geniş paça jean,2290.0,Jean,SOLUK EFEKTLİ PARÇA BOYAMA DENIM
Yıldız detaylı düşük bel geniş paça jean,2290.0,Jean,SOLUK EFEKTLİ AÇIK ORTA MAVİ DENIM
D80 Barrel fit jean,1790.0,Jean,Beyaz
Yırtık düşük bel straight jean,1790.0,Jean,SOLUK EFEKTLİ AÇIK ORTA MAVİ DENIM
D77 minimal cepli jean,1790.0,Jean,SOLUK EFEKTLİ DESIZED DENIM
D77 minimal cepli jean,1790.0,Jean,SOLUK EFEKTLİ AÇIK ORTA MAVİ DENIM
D77 minimal cepli jean,1790.0,Jean,SOLUK EFEKTLİ PARÇA BOYAMA DENIM
D77 minimal cepli jean,1790.0,Jean,SOLUK EFEKTLİ İNCİ GRİSİ DENIM
D77 minimal cepli jean,1790.0,Jean,SOLUK EFEKTLİ SİYAH DENIM
D77 minimal cepli jean,1790.0,Jean,SOLUK EFEKTLİ ORTA MAVİ DENIM
D04 Düşük Bel Çan Paça Jean,1790.0,Jean,SOLUK EFEKTLİ SİYAH DENIM
D80 barrel fit jean,1790.0,Jean,SOLUK EFEKTLİ ORTA MAVİ DENIM
D80 barrel fit jean,1790.0,Jean,SOLUK EFEKTLİ AÇIK ORTA MAVİ DENIM
D80 barrel fit jean,1790.0,Jean,SOLUK EFEKTLİ PARÇA BOYAMA DENIM
Düşük bel barrel jean,1790.0,Jean,Açık pembe
Düşük bel barrel jean,1790.0,Jean,SOLUK EFEKTLİ AÇIK ORTA MAVİ DENIM
Düşük bel straight fit çekiç belli jean,1790.0,Jean,SOLUK EFEKTLİ AÇIK MAVİ DENIM
D10 mom fit dar kesim jean,1490.0,Jean,SOLUK EFEKTLİ AÇIK ORTA MAVİ DENIM
D10 mom fit dar kesim jean,1490.0,Jean,SOLUK EFEKTLİ DESIZED DENIM
D07 yüksek bel skinny jean,1190.0,Jean,SOLUK EFEKTLİ DESIZED DENIM
D07 yüksek bel skinny jean,1190.0,Jean,SOLUK EFEKTLİ AÇIK MAVİ DENIM
Geniş paça düşük bel zımbalı jean,2290.0,Jean,SOLUK EFEKTLİ AÇIK ORTA MAVİ DENIM
Düşük bel dikişli cepli jean,1790.0,Jean,SOLUK EFEKTLİ AÇIK MAVİ DENIM
Düşük bel dikişli cepli jean,1790.0,Jean,SOLUK EFEKTLİ AÇIK ORTA MAVİ DENIM
Düşük bel dikişli cepli jean,1790.0,Jean,SOLUK EFEKTLİ ORTA MAVİ DENIM
D07 normal bel skinny jean,1190.0,Jean,SOLUK EFEKTLİ PARÇA BOYAMA DENIM
D07 normal bel skinny jean,1190.0,Jean,SOLUK EFEKTLİ AÇIK ORTA MAVİ DENIM
D07 normal bel skinny jean,1190.0,Jean,SOLUK EFEKTLİ ORTA MAVİ DENIM
D07 normal bel skinny jean,1190.0,Jean,SOLUK EFEKTLİ DESIZED DENIM
D07 normal bel skinny jean,1190.0,Jean,SOLUK EFEKTLİ KOYU GRİ DENIM
1420 Düşük Bel Skinny Jean,1190.0,Jean,SOLUK EFEKTLİ AÇIK MAVİ DENIM
Mendil detaylı culotte jean,1790.0,Jean,SOLUK EFEKTLİ ORTA MAVİ DENIM
Mendil detaylı culotte jean,1790.0,Jean,SOLUK EFEKTLİ AÇIK ORTA MAVİ DENIM
Leopar desenli straight geniş paça jean,2290.0,Jean,SOLUK EFEKTLİ SİYAH DENIM
Düşük bel dar kesim jean,1590.0,Jean,SOLUK EFEKTLİ ORTA MAVİ DENIM
Düşük bel dar kesim jean,1590.0,Jean,SOLUK EFEKTLİ AÇIK ORTA MAVİ DENIM
Super yüksek bel,1190.0,Jean,Siyah
Leopar desenli flok baskılı jean,2290.0,Jean,SOLUK EFEKTLİ SİYAH DENIM
İşlemeli çan paça cepli jean,2490.0,Jean,SOLUK EFEKTLİ AÇIK ORTA MAVİ DENIM
Düşük bel zımbalı straight fit One Dilemma jean,3990.0,Jean,SOLUK EFEKTLİ SİYAH DENIM
D77 Minimal cepli pantolon,1790.0,Jean,Beyaz
Düşük bel straight fit jean,1590.0,Jean,SOLUK EFEKTLİ İNCİ GRİSİ DENIM
Geniş paça jean,1790.0,Jean,SOLUK EFEKTLİ AÇIK ORTA MAVİ DENIM
Geniş paça jean,1790.0,Jean,SOLUK EFEKTLİ AÇIK MAVİ DENIM
Skinny normal belli jean,1190.0,Jean,SOLUK EFEKTLİ SİYAH DESIZED
D67 dar kesim bootcut jean,1590.0,Jean,SOLUK EFEKTLİ SİYAH DENIM
Düşük bel çan paça jean,1590.0,Jean,SOLUK EFEKTLİ ORTA MAVİ DENIM
Dökümlü denim culotte pantolon,1490.0,Jean,SOLUK EFEKTLİ ORTA MAVİ DENIM
Kalp zımba detaylı geniş paça jean,2490.0,Jean,SOLUK EFEKTLİ SİYAH DENIM
Baggy orta bel jean,1790.0,Jean,SOLUK EFEKTLİ AÇIK MAVİ DENIM
Low waist geniş paça jean,1790.0,Jean,SOLUK EFEKTLİ SİYAH DENIM
Pullu düşük bel jean,2290.0,Jean,SOLUK EFEKTLİ SİYAH DENIM
Düşük bel çift düğmeli straight fit jean,1790.0,Jean > STR Teen,SOLUK EFEKTLİ AÇIK ORTA MAVİ DENIM
Kapri pantolon,1190.0,Pantolon,Siyah
"Kemerli kısa, akıcı trençkot",1790.0,Trençkot ve kaban,Krem rengi
"Kemerli kısa, akıcı trençkot",1790.0,Trençkot ve kaban,Lacivert
"Kemerli kısa, akıcı trençkot",1790.0,Trençkot ve kaban,Açık mavi
"Kemerli kısa, akıcı trençkot",1790.0,Trençkot ve kaban,Kahverengi
"Kemerli kısa, akıcı trençkot",1790.0,Trençkot ve kaban,Haki
Dik yaka suni deri trençkot,2490.0,Trençkot ve kaban,Kahverengi
Dik yaka suni deri trençkot,2490.0,Trençkot ve kaban,Ekru
"Kısa, çıkarılabilir kapüşonlu şişme trençkot",2790.0,Trençkot ve kaban,Bej
Dökümlü uzun trençkot,1490.0,Trençkot ve kaban,Haki
Dökümlü uzun trençkot,2490.0,Trençkot ve kaban,Lacivert
Dökümlü uzun trençkot,2490.0,Trençkot ve kaban,Krem rengi
Kısa kruvaze trençkot,2290.0,Trençkot ve kaban,Kahverengi
Uzun suni deri trençkot,2990.0,Trençkot ve kaban,Siyah
Uzun suni deri trençkot,2990.0,Trençkot ve kaban,Kahverengi
Basic kısa trençkot,2490.0,Trençkot ve kaban,Krem rengi
Tek düğmeli uzun trençkot,2990.0,Trençkot ve kaban,Krem rengi
Akışkan utility parka,2490.0,Trençkot ve kaban,Kahverengi
"Kemerli, mumlu görünümlü kısa trençkot",3490.0,Trençkot ve kaban,Haki
Uzun suni süet trençkot,2990.0,Trençkot ve kaban,Koyu yeşil
Kısa suni süet trençkot,2790.0,Trençkot ve kaban,Karamel
Kısa suni süet trençkot,2790.0,Trençkot ve kaban,Kahverengi
Pelerin trençkot,2490.0,Trençkot ve kaban,Krem rengi
Yüksek yakalı kemerli trençkot,2490.0,Trençkot ve kaban,Beyaz
Yüksek yakalı kemerli trençkot,2490.0,Trençkot ve kaban,Pembe
Yüksek yakalı kemerli trençkot,2490.0,Trençkot ve kaban,Koyu yeşil
Kısa kruvaze trençkot,2290.0,Trençkot ve kaban,Krem rengi
Kısa oversize kapüşonlu trençkot,3490.0,Trençkot ve kaban,Bej
Uzun oversize yumuşak dokulu kaban,3490.0,Trençkot ve kaban,Lacivert
Uzun tek düğmeli trençkot,2990.0,Trençkot ve kaban,Kahverengi
Basic kısa trençkot,2490.0,Trençkot ve kaban,Lacivert
Dik yaka kemerli trençkot,2490.0,Trençkot ve kaban,Koyu lacivert
Dik yaka kemerli trençkot,2490.0,Trençkot ve kaban,Bej
Yumuşak dokunuşlu kruvaze dik yaka ceket,2490.0,Trençkot ve kaban,Ekru
Yumuşak dokunuşlu kruvaze dik yaka ceket,2490.0,Trençkot ve kaban,Siyah
Yumuşak dokunuşlu kruvaze dik yaka ceket,2490.0,Trençkot ve kaban,Lacivert
Yumuşak dokunuşlu kruvaze dik yaka ceket,2490.0,Trençkot ve kaban,Kahverengi
Kısa kruvaze trençkot,2290.0,Trençkot ve kaban,Lacivert
Kısa kruvaze trençkot,2290.0,Trençkot ve kaban,Siyah
Yumuşak Dokulu Düğmeli Midi Kaban,1790.0,Trençkot ve kaban,Ekru
Yumuşak Dokulu Düğmeli Midi Kaban,1790.0,Trençkot ve kaban,Siyah
Yumuşak Dokulu Düğmeli Midi Kaban,1190.0,Trençkot ve kaban,Bordo
Dökümlü utility yelek,2490.0,Trençkot ve kaban,Kahverengi
Oversize Uzun Kaban,3490.0,Trençkot ve kaban,Kahverengi
Oversize yumuşak dokulu kaban,2990.0,Trençkot ve kaban,Koyu Gri
Akışkan utility stili parka,2490.0,Trençkot ve kaban,Haki
Uzun kemerli kaban,4490.0,Trençkot ve kaban,Koyu lacivert
Çift taraflı uzun içi kürklü kaban,6290.0,Trençkot ve kaban,Kahverengi
Midi Boy Kemerli Kaban,4490.0,Trençkot ve kaban,Siyah
Dik yaka suni deri trençkot,2490.0,Trençkot ve kaban,Bej
Dik yaka suni deri trençkot,2490.0,Trençkot ve kaban,Siyah
Normal balıksırtı kaban,3490.0,Trençkot ve kaban,Gri
Uzun akıcı parka,2790.0,Trençkot ve kaban,Lacivert
Dik yaka kısa trençkot,2990.0,Trençkot ve kaban,Haki
Dik yaka trençkot,2990.0,Trençkot ve kaban,Bej
Dik yaka trençkot,2990.0,Trençkot ve kaban,Siyah
Oversize dökümlü uzun trençkot,2490.0,Trençkot ve kaban,Kahverengi
Yumuşak Dokunuşlu Trençkot,2990.0,Trençkot ve kaban,Kahverengi
Yumuşak Dokunuşlu Trençkot,1790.0,Trençkot ve kaban,Ekru
Yumuşak Dokunuşlu Trençkot,1790.0,Trençkot ve kaban,Koyu lacivert
Kısa dökümlü trençkot,2290.0,Trençkot ve kaban,Haki
Suni süet ceket,1670.0,Trençkot ve kaban,Bej
Uzun erkek kaban,1790.0,Trençkot ve kaban,Ekru
Düğmeli sarga ceket,2490.0,Ceketler ve trençkotlar,Haki
Militer denim blazer,2990.0,Ceketler ve trençkotlar,Beyaz
Militer blazer,2490.0,Ceketler ve trençkotlar,SOLUK EFEKTLİ AÇIK ORTA MAVİ DENIM
Suni süet balon ceket,2990.0,Ceketler ve trençkotlar,Lacivert
Suni süet balon ceket,2990.0,Ceketler ve trençkotlar,Kahverengi
Suni süet balon ceket,2990.0,Ceketler ve trençkotlar,Krem rengi
Balon ceket,2290.0,Ceketler ve trençkotlar,Krem rengi
Suni süet cepli ceket,1790.0,Ceketler ve trençkotlar,Kahverengi
Suni süet cepli ceket,1790.0,Ceketler ve trençkotlar,Lacivert
Suni süet cepli ceket,1790.0,Ceketler ve trençkotlar,Krem rengi
Suni süet cepli ceket,1790.0,Ceketler ve trençkotlar,Açık kahverengi
Oversize suni deri biker ceket,2490.0,Ceketler ve trençkotlar,Siyah
Oversize suni deri biker ceket,1490.0,Ceketler ve trençkotlar,Bordo
Oversize suni deri biker ceket,2490.0,Ceketler ve trençkotlar,Kahverengi
Suni deri biker ceket,2290.0,Ceketler ve trençkotlar,Kahverengi
Suni deri biker ceket,2290.0,Ceketler ve trençkotlar,Siyah
Militer blazer,2490.0,Ceketler ve trençkotlar,Bej
Kemerli suni deri biker ceket,1790.0,Ceketler ve trençkotlar,Siyah
Kemerli suni deri biker ceket,1790.0,Ceketler ve trençkotlar,Kahverengi
Vücuda oturan suni deri ceket,1790.0,Ceketler ve trençkotlar,Ekru
Vücuda oturan suni deri ceket,1070.0,Ceketler ve trençkotlar,Açık mavi
Vücuda oturan suni deri ceket,1070.0,Ceketler ve trençkotlar,Açık sarı
Cepli denim ceket,1590.0,Ceketler ve trençkotlar,SOLUK EFEKTLİ DESIZED DENIM
Oversize suni deri ceket,2290.0,Ceketler ve trençkotlar,Siyah
Oversize suni deri ceket,2290.0,Ceketler ve trençkotlar,Kahverengi
Naylon kapüşonlu ceket,1790.0,Ceketler ve trençkotlar,Koyu mavi
Suni süet balon ceket,2990.0,Ceketler ve trençkotlar,Pembe
Yama cepli ceket,1590.0,Ceketler ve trençkotlar,Ekru
Yama cepli ceket,950.0,Ceketler ve trençkotlar,Koyu mavi
Yama cepli ceket,1590.0,Ceketler ve trençkotlar,Pembe
Ön cepli dökümlü crop ceket,2490.0,Ceketler ve trençkotlar,Krem rengi
Balon kesim denim ceket,2290.0,Ceketler ve trençkotlar,SOLUK EFEKTLİ AÇIK ORTA MAVİ DENIM
Yumuşak dokulu balon bomber ceket,1790.0,Ceketler ve trençkotlar,Koyu Gri
Yumuşak dokulu balon bomber ceket,1790.0,Ceketler ve trençkotlar,Ekru
Suni Süet İçi Kürklü Biker Ceket,3490.0,Ceketler ve trençkotlar,Ekru
Mumlu Görünümlü Kısa Kombin Parka,2990.0,Ceketler ve trençkotlar,Haki
Parlak detaylı yama cepli denim ceket,2790.0,Ceketler ve trençkotlar,SOLUK EFEKTLİ AÇIK ORTA MAVİ DENIM
Oversize kapüşonlu dolgulu ceket,2790.0,Ceketler ve trençkotlar,Siyah
Oversize kapüşonlu dolgulu ceket,2790.0,Ceketler ve trençkotlar,Gri
Piliseli dökümlü ceket,2490.0,Ceketler ve trençkotlar,Ekru
Suni deri balon kemerli ceket,2490.0,Ceketler ve trençkotlar,Siyah
Suni deri balon kemerli ceket,2490.0,Ceketler ve trençkotlar,Kahverengi
Suni deri dolgulu bomber ceket,2490.0,Ceketler ve trençkotlar,Kahverengi
Suni deri dolgulu bomber ceket,2490.0,Ceketler ve trençkotlar,Siyah
Suni deri dolgulu bomber ceket,1490.0,Ceketler ve trençkotlar,Ekru
Suni deri dolgulu bomber ceket,1490.0,Ceketler ve trençkotlar,Bordo
Fermuarlı suni yünlü ceket,2490.0,Ceketler ve trençkotlar,Kahverengi
Fermuarlı suni yünlü ceket,2490.0,Ceketler ve trençkotlar,Siyah
Fermuarlı suni yünlü ceket,2490.0,Ceketler ve trençkotlar,Ekru
Akışkan bomber ceket,2290.0,Ceketler ve trençkotlar,Krem rengi
Dik yaka teknik ceket,2290.0,Ceketler ve trençkotlar,Ekru
Dik yaka şişme ceket,2290.0,Ceketler ve trençkotlar,Kahverengi
Dik yaka şişme ceket,2290.0,Ceketler ve trençkotlar,Pembe
Oversize yıkanmış suni deri ceket,2290.0,Ceketler ve trençkotlar,Kahverengi
Basic kapüşonlu şişme mont,2290.0,Ceketler ve trençkotlar,Kahverengi
Basic kapüşonlu şişme mont,2290.0,Ceketler ve trençkotlar,Siyah
Kemerli suni deri biker ceket,1790.0,Ceketler ve trençkotlar,Beyaz
Yumuşak dokunuşlu balon cepli ceket,1790.0,Ceketler ve trençkotlar,Koyu lacivert
Vücuda oturan suni deri ceket,1790.0,Ceketler ve trençkotlar,Siyah
Basic naylon kapüşonlu ceket,1790.0,Ceketler ve trençkotlar,Lacivert
Basic naylon kapüşonlu ceket,1790.0,Ceketler ve trençkotlar,Ekru
Teknik ceket,2290.0,Ceketler ve trençkotlar,Lacivert
Teknik ceket,1790.0,Ceketler ve trençkotlar,Kahverengi
Kruvaze denim ceket,2790.0,Ceketler ve trençkotlar,SOLUK EFEKTLİ SİYAH DENIM
Çizgili denim ceket,2490.0,Ceketler ve trençkotlar,SOLUK EFEKTLİ GRİ DENIM
Cepli denim ceket,1590.0,Ceketler ve trençkotlar,SOLUK EFEKTLİ AÇIK MAVİ DENIM
Kısa zımbalı denim ince ceket,2290.0,Ceketler ve trençkotlar,SOLUK EFEKTLİ SİYAH DENIM
Pamuklu cepli parka,2790.0,Ceketler ve trençkotlar,Koyu yeşil
Pamuklu cepli parka,2790.0,Ceketler ve trençkotlar,Krem rengi
Çizgili açık blazer ceket,2290.0,Ceketler ve trençkotlar,Lacivert
Çizgili açık blazer ceket,2290.0,Ceketler ve trençkotlar,Kahverengi
Çizgili açık blazer ceket,2290.0,Ceketler ve trençkotlar,Krem rengi
Kabartmalı düğmeli blazer ceket,2490.0,Ceketler ve trençkotlar,Lacivert
Oversize triko hırka,1790.0,Ceketler ve trençkotlar,Koyu gri
Kapüşonlu fermuarlı triko ceket,1690.0,Ceketler ve trençkotlar,Koyu gri
Fermuarlı suni süet ceket,1790.0,Ceketler ve trençkotlar,Kahverengi
Metalik Kapüşonlu Şişme Mont,2790.0,Ceketler ve trençkotlar,Siyah
Denim ceket,1790.0,Ceketler ve trençkotlar,SOLUK EFEKTLİ AÇIK ORTA MAVİ DENIM
Militer blazer,2490.0,Ceketler ve trençkotlar,Haki
Bisiklet yaka şişme ceket,1790.0,Ceketler ve trençkotlar,Kahverengi
Cepli denim ceket,1590.0,Ceketler ve trençkotlar,SOLUK EFEKTLİ İNCİ GRİSİ DENIM
Kapüşonlu şişme mont,2490.0,Ceketler ve trençkotlar,Ekru
Suni süet balon ceket,2990.0,Ceketler ve trençkotlar,Ekru
Kapüşonlu şişme mont,2290.0,Ceketler ve trençkotlar,Krem rengi
Oversize yumuşak dokulu balon ceket,2990.0,Ceketler ve trençkotlar,Kahverengi
Oversize yumuşak dokulu balon ceket,2990.0,Ceketler ve trençkotlar,Siyah
Basic naylon çizgili kapüşonlu ceket,1790.0,Ceketler ve trençkotlar,Açık mavi
Kemer detaylı suni deri balon ceket,2490.0,Ceketler ve trençkotlar,Kırmızı
Bisiklet yaka peplum suni deri blazer ceket,2490.0,Ceketler ve trençkotlar,Kahverengi
Yumuşak dokunuşlu pelerin ceket,2490.0,Ceketler ve trençkotlar,Siyah
Cepli suni süet ceket,1790.0,Ceketler ve trençkotlar,Açık mavi
Büzgülü şişme mont,2290.0,Ceketler ve trençkotlar,Ekru
Kapüşonlu şişme ceket,2790.0,Ceketler ve trençkotlar,Haki
Kısa yumuşak ceket,1070.0,Ceketler ve trençkotlar,Koyu lacivert
Kısa yumuşak ceket,1070.0,Ceketler ve trençkotlar,Ekru
Kısa yumuşak ceket,1070.0,Ceketler ve trençkotlar,Kırmızı
Kısa bisiklet yaka blazer ceket,1070.0,Ceketler ve trençkotlar,Lacivert
Kısa bisiklet yaka blazer ceket,1070.0,Ceketler ve trençkotlar,Açık mavi
Kısa bisiklet yaka blazer ceket,1070.0,Ceketler ve trençkotlar,Pembe
Dik yaka sweatshirt ceket,1370.0,Ceketler ve trençkotlar,Açık gri
Bisiklet yaka şişme ceket,1070.0,Ceketler ve trençkotlar,Ekru
Suni deri efektli cepli ceket,2090.0,Ceketler ve trençkotlar,Kahverengi
Dar kesim denim ceket,1070.0,Ceketler ve trençkotlar,SOLUK EFEKTLİ AÇIK ORTA MAVİ DENIM
Şişme mont,1490.0,Ceketler ve trençkotlar,Kahverengi
Şişme mont,1490.0,Ceketler ve trençkotlar,Ekru
Şişme mont,1490.0,Ceketler ve trençkotlar,Lacivert
Şişme mont,2490.0,Ceketler ve trençkotlar,Pembe
Şişme mont,2490.0,Ceketler ve trençkotlar,Koyu Gri
Zımbalı kısa denim ince ceket,1370.0,Ceketler ve trençkotlar > Denim,SOLUK EFEKTLİ ORTA MAVİ DENIM
Yumuşak Dokulu Düğmeli Triko Hırka,1490.0,Ceketler ve trençkotlar,Siyah
Yumuşak Dokulu Düğmeli Triko Hırka,1490.0,Ceketler ve trençkotlar,Krem rengi
Dantel askılı body,990.0,Tişört > Yeşil Tişört,Koyu yeşil
Dantel askılı body,990.0,Tişört > Yeşil Tişört,Siyah
Dantel askılı body,990.0,Tişört > Yeşil Tişört,Ekru
Dantel askılı body,990.0,Tişört > Yeşil Tişört,Kahverengi
Puantiye desenli halter top,790.0,Tişört > Mavi Tişört,Açık mavi
Puantiye desenli halter top,790.0,Tişört > Mavi Tişört,Ekru
Puantiye desenli halter top,790.0,Tişört > Mavi Tişört,Kahverengi
Sırt dekolteli tişört,650.0,Tişört > Mavi Tişört,Koyu lacivert
Sırt dekolteli tişört,650.0,Tişört > Mavi Tişört,Siyah
Sırt dekolteli tişört,650.0,Tişört > Mavi Tişört,Ekru
Sırt dekolteli tişört,650.0,Tişört > Mavi Tişört,Kahverengi
Sıkılaştırıcı body,1190.0,Tişört > Siyah Tişört,Siyah
File korse bandeau top,790.0,Tişört > Siyah Tişört,Siyah
File korse halter top,1090.0,Tişört > Siyah Tişört,Siyah
Korse tarzı top,1190.0,Tişört > Basic Ürünler,Siyah
Korse tarzı top,1190.0,Tişört > Basic Ürünler,Ekru
Korse tarzı top,1190.0,Tişört > Basic Ürünler,Kahverengi
Kare yaka poliamid body,790.0,Tişört > Basic Ürünler,Siyah
Kare yaka poliamid body,790.0,Tişört > Basic Ürünler,Ekru
Kare yaka poliamid body,790.0,Tişört > Basic Ürünler,Pembe
Kare yaka poliamid body,790.0,Tişört > Basic Ürünler,Kahverengi
Kare yaka poliamid body,790.0,Tişört > Basic Ürünler,Haki
Kruvaze halter top,790.0,Tişört > Basic Ürünler,Haki
Kruvaze halter top,790.0,Tişört > Basic Ürünler,Siyah
Kruvaze halter top,790.0,Tişört > Basic Ürünler,Ekru
V yaka askılı body,790.0,Tişört > Basic Ürünler,Siyah
V yaka askılı body,790.0,Tişört > Basic Ürünler,Ekru
V yaka askılı body,790.0,Tişört > Basic Ürünler,Kahverengi
B04 basic kolsuz dar top,550.0,Tişört > Basic Ürünler,Açık gri
B04 basic kolsuz dar top,550.0,Tişört > Basic Ürünler,Siyah
B04 basic kolsuz dar top,550.0,Tişört > Basic Ürünler,Beyaz
B04 basic kolsuz dar top,550.0,Tişört > Basic Ürünler,Açık mavi
B04 basic kolsuz dar top,550.0,Tişört > Basic Ürünler,Açık sarı
B07 Fitilli askılı top,490.0,Tişört > Basic Ürünler,Kahverengi
B07 Fitilli askılı top,490.0,Tişört > Basic Ürünler,Siyah
B07 Fitilli askılı top,490.0,Tişört > Basic Ürünler,Beyaz
B07 Fitilli askılı top,490.0,Tişört > Basic Ürünler,Açık mavi
Geniş askılı poliamid t-shirt,590.0,Tişört > Basic Ürünler,Kahverengi
Poliamid straples top,550.0,Tişört > Basic Ürünler,Siyah
Poliamid straples top,550.0,Tişört > Basic Ürünler,Beyaz
Halter Crop Top,490.0,Tişört > Basic Ürünler,Siyah
Halter Crop Top,490.0,Tişört > Basic Ürünler,Beyaz
Basic askılı tişört,490.0,Tişört > Basic Ürünler,Pembe
Basic askılı tişört,490.0,Tişört > Basic Ürünler,Siyah
Basic askılı tişört,490.0,Tişört > Basic Ürünler,Ekru
Basic askılı tişört,490.0,Tişört > Basic Ürünler,Koyu lacivert
Basic askılı tişört,490.0,Tişört > Basic Ürünler,Koyu mavi
Basic askılı tişört,490.0,Tişört > Basic Ürünler,Açık sarı
Basic askılı tişört,490.0,Tişört > Basic Ürünler,Bej
Kare yaka poliamid body,990.0,Tişört > Basic Ürünler,Mor
Uzun Kollu Poliamid Body,990.0,Tişört > Basic Ürünler,Ekru
Uzun Kollu Poliamid Body,590.0,Tişört > Basic Ürünler,Siyah
Uzun Kollu Poliamid Body,590.0,Tişört > Basic Ürünler,Kahverengi
Basic askılı top,490.0,Tişört > Basic Ürünler,Siyah
Basic askılı top,490.0,Tişört > Basic Ürünler,Beyaz
Basic çapraz askılı top,550.0,Tişört > Basic Ürünler,Siyah
Basic çapraz askılı top,550.0,Tişört > Basic Ürünler,Beyaz
V yaka büzgülü poliamid body,1090.0,Tişört > Basic Ürünler,Siyah
V yaka büzgülü poliamid body,1090.0,Tişört > Basic Ürünler,Ekru
Kısa kollu dar kesim gömlek,1090.0,Tişört > STR Teen,Beyaz
Kısa kollu dar kesim gömlek,1090.0,Tişört > STR Teen,Açık pembe
Kısa kollu dar kesim gömlek,1090.0,Tişört > STR Teen,SOLUK EFEKTLİ GRİ DENIM
Kuşaklı triko crop top,790.0,Tişört > STR Teen,Kahverengi
Kuşaklı triko crop top,790.0,Tişört > STR Teen,Açık pembe
Kuşaklı triko crop top,790.0,Tişört > STR Teen,Açık sarı
"Dar kesim, akıcı kollu gömlek",1190.0,Tişört > STR Teen,Siyah
Büzgülü kısa kollu gömlek,1090.0,Tişört > STR Teen,Açık pembe
Büzgülü kısa kollu gömlek,1090.0,Tişört > STR Teen,Siyah
Büzgülü kısa kollu gömlek,1090.0,Tişört > STR Teen,Açık mavi
Fermuarlı fitted gömlek,1490.0,Tişört > STR Teen,Siyah
Düz büzgülü gömlek,1490.0,Tişört > STR Teen,Beyaz
Düz büzgülü gömlek,1490.0,Tişört > STR Teen,Kahverengi
Oversize çizgili gömlek,1590.0,Tişört > STR Teen,SOLUK EFEKTLİ GRİ DENIM
Çizgili büzgülü gömlek,1490.0,Tişört > STR Teen,Siyah
Dar kesim gömlek,1190.0,Tişört > STR Teen,Beyaz
Dar kesim gömlek,1190.0,Tişört > STR Teen,SOLUK EFEKTLİ GRİ DENIM
Oversize zımbalı gömlek,1790.0,Tişört > STR Teen,Açık mavi
Oversize gömlek,1490.0,Tişört > STR Teen,Açık mavi
Büzgülü askılı top,1190.0,Top ve body,Ekru
Askılı korse bluz,1090.0,Top ve body,Siyah
Askılı korse bluz,1090.0,Top ve body,Beyaz
Kolsuz file body,790.0,Top ve body,Siyah
Halter yaka qipao görünümlü top,1090.0,Top ve body,Açık mavi
Halter yaka qipao görünümlü top,1090.0,Top ve body,Ekru
Halter yaka qipao görünümlü top,1090.0,Top ve body,Pembe
Saten halter top,1090.0,Top ve body,Siyah
Saten halter top,1090.0,Top ve body,Beyaz
Saten halter top,1090.0,Top ve body,Koyu lacivert
Saten halter top,1090.0,Top ve body,Açık mavi
Saten halter top,1090.0,Top ve body,Turkuaz
Saten halter top,1090.0,Top ve body,Fuşya
Saten halter top,1090.0,Top ve body,Altın rengi
Saten halter top,1090.0,Top ve body,Kahverengi
Asimetrik pelerin,1190.0,Top ve body,Kahverengi
Asimetrik pelerin,1190.0,Top ve body,Ekru
Pullu halter top,990.0,Top ve body,Kahverengi
Pullu halter top,990.0,Top ve body,Ekru
Pullu halter top,990.0,Top ve body,Pembe
Büzgülü halter top,790.0,Top ve body,Siyah
Büzgülü halter top,790.0,Top ve body,Ekru
Büzgülü halter top,790.0,Top ve body,Kahverengi
Halter bengalin top,1090.0,Top ve body,Beyaz
Halter bengalin top,1090.0,Top ve body,Açık mavi
Poliamid yaka detaylı top,990.0,Top ve body,Siyah
Düğmeli dokulu üst,990.0,Top ve body,Açık kahverengi
Düğmeli dokulu üst,990.0,Top ve body,Siyah
Düğmeli dokulu üst,990.0,Top ve body,Ekru
Düğmeli dokulu üst,990.0,Top ve body,Krem rengi
İşlemeli halter top,1790.0,Top ve body,Siyah
Dantel Qipao büstiyer,1190.0,Top ve body,Beyaz
Dantel Qipao büstiyer,1190.0,Top ve body,Siyah
Dantel Qipao büstiyer,1190.0,Top ve body,Altın rengi
Kare yaka çift katmanlı tişört,590.0,Top ve body,Pembe
Kare yaka çift katmanlı tişört,590.0,Top ve body,Siyah
Kare yaka çift katmanlı tişört,590.0,Top ve body,Beyaz
Kare yaka çift katmanlı tişört,590.0,Top ve body,Açık gri
Vücudu saran denim top,1590.0,Top ve body,Ekru
Qipao halter denim top,1490.0,Top ve body,SOLUK EFEKTLİ AÇIK ORTA MAVİ DENIM
Dantelli halter top,790.0,Top ve body,Açık pembe
Metal detaylı halter yaka top,790.0,Top ve body,Siyah
Desenli tül fularlı halter top,1090.0,Top ve body,Koyu bej
Qipao tarzı dantel t-shirt,990.0,Top ve body,Ekru
Qipao tarzı dantel t-shirt,990.0,Top ve body,Siyah
Qipao tarzı dantel t-shirt,990.0,Top ve body,Kahverengi
Zımba detaylı halter yaka üst,990.0,Top ve body,Siyah
Metalik iplikli triko top,990.0,Top ve body,Kahverengi
Fırfırlı ve boncuklu top,1590.0,Top ve body,Koyu Gri
Fırfırlı ve boncuklu top,1590.0,Top ve body,Ekru
Dantelli halter top,790.0,Top ve body,Siyah
Straplez denim bluz,1190.0,Top ve body,SOLUK EFEKTLİ PARÇA BOYAMA DENIM
Peplum kolsuz top,1090.0,Top ve body,Siyah
Peplum kolsuz top,1090.0,Top ve body,Kırmızı
Saten yüzeyli dantel askılı top,1090.0,Top ve body,Kahverengi
Saten yüzeyli dantel askılı top,1090.0,Top ve body,Ekru
Kroşe askılı top,990.0,Top ve body,Açık sarı
Kroşe askılı top,990.0,Top ve body,Beyaz
Kroşe askılı top,990.0,Top ve body,Koyu lacivert
Kroşe askılı top,990.0,Top ve body,Açık mavi
Qipao üst,990.0,Top ve body,Siyah
Kalp yaka bandeau,790.0,Top ve body,Siyah
Kalp yaka bandeau,790.0,Top ve body,Ekru
Drapeli poliamid üst,790.0,Top ve body,Kahverengi
Vücuda oturan denim üst,1590.0,Top ve body,SOLUK EFEKTLİ AÇIK ORTA MAVİ DENIM
Vücuda oturan denim üst,1590.0,Top ve body,SOLUK EFEKTLİ ORTA MAVİ DENIM
Saten yüzeyli büzgülü halter top,1190.0,Top ve body,Ekru
Kolsuz peplum top,1090.0,Top ve body,Kahverengi
V Yaka Büzgülü Crop Top,990.0,Top ve body,Siyah
Halter yaka büzgülü top,790.0,Top ve body,Kahverengi
Halter yaka büzgülü top,790.0,Top ve body,Siyah
Halter yaka büzgülü top,790.0,Top ve body,Ekru
Halter yaka büzgülü top,790.0,Top ve body,Turkuaz
Halter yaka büzgülü top,790.0,Top ve body,Pembe
Dantel detaylı askılı bluz,790.0,Top ve body,Beyaz
Drape çift katlı yaka top,790.0,Top ve body,Ekru
Pileli fitted top,1190.0,Top ve body,Siyah
Peplum triko top,1490.0,Top ve body,Altın rengi
Düğmeli dökümlü top,1090.0,Top ve body,Lacivert
Düğmeli dökümlü top,1090.0,Top ve body,Açık mavi
Mücevher detaylı çapraz askılı atlet,1090.0,Top ve body,Beyaz
Halter dantel detaylı üst,1090.0,Top ve body,Ekru
Bisiklet yaka çizgili keten karışımlı top,790.0,Top ve body,Mavi
Balon büstiyer top,1090.0,Top ve body,Altın rengi
Balon büstiyer top,1090.0,Top ve body,Beyaz
Kroşe straplez bluz,990.0,Top ve body,Beyaz
Kroşe straplez bluz,990.0,Top ve body,Koyu lacivert
Kroşe straplez bluz,990.0,Top ve body,Krem rengi
Kroşe straplez bluz,990.0,Top ve body,Koyu yeşil
Asimetrik saten top,1190.0,Top ve body,Ekru
Saten askılı top,990.0,Top ve body,Lacivert
Kare yaka tül body,990.0,Top ve body,Siyah
Kolsuz denim peplum top,1190.0,Top ve body,SOLUK EFEKTLİ PARÇA BOYAMA DENIM
İşlemeli askılı top,1790.0,Top ve body,Kahverengi
Volanlı kroşe top,990.0,Top ve body,Lacivert
Volanlı kroşe top,990.0,Top ve body,Beyaz
Uzun kollu dantel t-shirt,790.0,Top ve body,Siyah
Uzun kollu dantel t-shirt,790.0,Top ve body,Ekru
Parlak örgülü top,990.0,Top ve body,Turuncu
Asimetrik tül Fularlı Top,990.0,Top ve body,Siyah
Payetli halter yaka t-shirt One Dilemma,1490.0,Top ve body,Gri
Cupro parlak One Dilemma t-shirt,1790.0,Top ve body,Siyah
Drapeli dekolteli halkalı büstiyer,990.0,Top ve body,Siyah
Düğmeli kolsuz denim top,1190.0,Top ve body,SOLUK EFEKTLİ ORTA MAVİ DENIM
Büzgülü tül body,990.0,Top ve body,Mor
Büzgülü tül body,990.0,Top ve body,Siyah
Büzgülü tül body,990.0,Top ve body,Kahverengi
Kayık yaka panço,1090.0,Top ve body,Ekru
Kayık yaka panço,1090.0,Top ve body,Krem rengi
Parlak denim peplum top,1590.0,Top ve body,Siyah
Korse büstiyer üst,1190.0,Top ve body > Top,Haki
Korse büstiyer üst,1190.0,Top ve body > Top,Beyaz
Korse büstiyer bluz,1190.0,Top ve body > Top,Pembe
İki kumaşlı triko top,1190.0,Top ve body > Top,Ekru
Çiçek desenli korse top,1190.0,Top ve body > Top,Açık mavi
Askılı büzgülü top,1090.0,Top ve body > Top,Kiremit rengi
Askılı korse bluz,1090.0,Top ve body > Top,Açık pembe
"Kısa kollu, düşük göğüs kesimli gömlek",1090.0,Gömlek ve Bluz,Açık mavi
"Basic, fitted çizgili gömlek",710.0,Gömlek ve Bluz,Mavi
"Basic, fitted çizgili gömlek",1190.0,Gömlek ve Bluz,Siyah
"Basic, fitted çizgili gömlek",1190.0,Gömlek ve Bluz,Koyu lacivert
"Basic, fitted çizgili gömlek",1190.0,Gömlek ve Bluz,Açık mavi
"Basic, fitted çizgili gömlek",1190.0,Gömlek ve Bluz,Açık pembe
"Basic, fitted çizgili gömlek",1190.0,Gömlek ve Bluz,Kahverengi
"Basic, fitted çizgili gömlek",1190.0,Gömlek ve Bluz,Mor
Basic dar kesim gömlek,1190.0,Gömlek ve Bluz,Beyaz
Basic dar kesim gömlek,710.0,Gömlek ve Bluz,Siyah
Basic dar kesim gömlek,1190.0,Gömlek ve Bluz,Açık mavi
"Kısa kollu, göğüs altı kesimli gömlek",1090.0,Gömlek ve Bluz,Beyaz
"Kısa kollu, göğüs altı kesimli gömlek",1090.0,Gömlek ve Bluz,Açık mavi
"Kısa kollu, göğüs altı kesimli gömlek",1090.0,Gömlek ve Bluz,Pembe
Piliseli poplin gömlek,1490.0,Gömlek ve Bluz,Beyaz
Piliseli poplin gömlek,1490.0,Gömlek ve Bluz,Açık mavi
Çıtçıtlı açık gömlek,1190.0,Gömlek ve Bluz,Kahverengi
Çıtçıtlı açık gömlek,1190.0,Gömlek ve Bluz,Ekru
Çıtçıtlı açık gömlek,1190.0,Gömlek ve Bluz,Haki
Basic çift kumaş gömlek,1190.0,Gömlek ve Bluz,Altın rengi
Basic çift kumaş gömlek,1190.0,Gömlek ve Bluz,Beyaz
Basic çizgili poplin cepli gömlek,1190.0,Gömlek ve Bluz,Kırmızı
Basic çizgili poplin cepli gömlek,1190.0,Gömlek ve Bluz,Lacivert
Basic çizgili poplin cepli gömlek,1190.0,Gömlek ve Bluz,Mavi
Basic çizgili poplin cepli gömlek,1190.0,Gömlek ve Bluz,Pembe
Basic çizgili poplin cepli gömlek,1190.0,Gömlek ve Bluz,Açık sarı
Düğmeli dökümlü gömlek,1090.0,Gömlek ve Bluz,Lacivert
Düğmeli dökümlü gömlek,1090.0,Gömlek ve Bluz,Siyah
Düğmeli dökümlü gömlek,1090.0,Gömlek ve Bluz,Beyaz
Düğmeli dökümlü gömlek,1090.0,Gömlek ve Bluz,Açık mavi
Düğmeli dökümlü gömlek,1090.0,Gömlek ve Bluz,Mavi
Düğmeli dökümlü gömlek,1090.0,Gömlek ve Bluz,Krem rengi
Düğmeli dökümlü gömlek,1090.0,Gömlek ve Bluz,Kahverengi
Düğmeli dökümlü gömlek,1090.0,Gömlek ve Bluz,Mor
Parlak crop gömlek,1590.0,Gömlek ve Bluz,Mavi
"Yarasa kollu, pilili poplin gömlek",1190.0,Gömlek ve Bluz,Beyaz
Fırfırlı peplum bluz,1190.0,Gömlek ve Bluz,Beyaz
Çift fermuarlı bengal gömlek,1190.0,Gömlek ve Bluz,Beyaz
İşlemeli kollu gömlek,1790.0,Gömlek ve Bluz,Açık mavi
Kurdela detaylı saten gömlek,1490.0,Gömlek ve Bluz,Ekru
Balon fermuarlı kolsuz gömlek,1190.0,Gömlek ve Bluz,Mavi
Basic cepli poplin gömlek,1190.0,Gömlek ve Bluz,Beyaz
Göğüs altı dikişli dar kesim gömlek,1190.0,Gömlek ve Bluz,Beyaz
Kontrast işlemeli kısa kollu bluz,1590.0,Gömlek ve Bluz,Ekru
Basic çift kumaş gömlek,1190.0,Gömlek ve Bluz,Açık mavi
Bimateryal balon gömlek,1490.0,Gömlek ve Bluz,Açık mavi
Büzgülü bengalin gömlek,1190.0,Gömlek ve Bluz,Beyaz
"Cepli, dökümlü keten gömlek",1490.0,Gömlek ve Bluz,Açık mavi
Göğüs altı dikiş detaylı dar kesim gömlek,1190.0,Gömlek ve Bluz,Açık mavi
Göğüs altı dikiş detaylı dar kesim gömlek,1190.0,Gömlek ve Bluz,Pembe
Göğüs altı dikiş detaylı dar kesim gömlek,1190.0,Gömlek ve Bluz,Açık gri
Korse tarzı poplin gömlek,1190.0,Gömlek ve Bluz,Beyaz
ÇİFT FERMUARLI DAR KESİM BENGALİN GÖMLEK,1190.0,Gömlek ve Bluz,Krem rengi
Vücuda oturan çift fermuarlı denim bengalin gömlek,1190.0,Gömlek ve Bluz,SOLUK EFEKTLİ PARÇA BOYAMA DENIM
Pullu midi etek,1590.0,Etek,Açık mavi
Pullu midi etek,1590.0,Etek,Açık pembe
Pullu midi etek,1590.0,Etek,Kahverengi
Asimetrik midi etek,1490.0,Etek,Haki
İşlemeli mini etek,1590.0,Etek,Turuncu
İşlemeli mini etek,1590.0,Etek,Siyah
İşlemeli mini etek,1590.0,Etek,Ekru
İşlemeli mini etek,1590.0,Etek,Açık mavi
İşlemeli mini etek,1590.0,Etek,Kahverengi
Maksi poplin balon etek,1590.0,Etek,Beyaz
Katlı poplin etek,1590.0,Etek,Beyaz
Fisto işlemeli balon etek,1490.0,Etek,Beyaz
Saten midi etek,1490.0,Etek,Kahverengi
Saten midi etek,1490.0,Etek,Siyah
Asimetrik dantel midi etek,1590.0,Etek,Siyah
Asimetrik dantel midi etek,1590.0,Etek,Ekru
Asimetrik dantel midi etek,1590.0,Etek,Kahverengi
İşlemeli etek,1590.0,Etek,Mor
Midi denim etek,1590.0,Etek,SOLUK EFEKTLİ AÇIK ORTA MAVİ DENIM
Dantelli midi etek,1590.0,Etek,Açık mavi
Uzun balon poplin etek,1590.0,Etek,Altın rengi
Poplin sivri uçlu midi etek,1590.0,Etek,Mavi
Balon kesim saten etek cepli,1490.0,Etek,Koyu yeşil
Asimetrik saten etek,1490.0,Etek,Açık sarı
Asimetrik saten etek,1490.0,Etek,Kahverengi
Kontrast dantel detaylı saten etek,1490.0,Etek,Açık mavi
Dantel mini etek,1190.0,Etek,Açık mavi
Katlı midi dökümlü etek,1190.0,Etek,Siyah
Puantiye desenli tül midi etek,1190.0,Etek,Kahverengi
Puantiye desenli tül midi etek,1190.0,Etek,Ekru
Puantiye desenli tül midi etek,1190.0,Etek,Açık mavi
Mini şardonlu etek,1190.0,Etek,Ekru
Dantelli pareo etek,990.0,Etek,Ekru
Saten asimetrik midi etek,1790.0,Etek,Altın rengi
Dantel detaylı saten mini etek,1190.0,Etek,Koyu lacivert
Metalik iplikli panelli etek,1590.0,Etek,Açık mavi
Metalik iplikli panelli etek,1590.0,Etek,Ekru
Asimetrik dantel mini etek,1490.0,Etek,Açık pembe
Uzun dantel etek,1590.0,Etek,Açık pembe
Saten mini pareo etek,1090.0,Etek,Lacivert
Çivili denim etek,1590.0,Etek,SOLUK EFEKTLİ SİYAH DENIM
D60 Basic denim mini etek,1190.0,Etek,SOLUK EFEKTLİ AÇIK ORTA MAVİ DENIM
D60 Basic denim mini etek,1190.0,Etek,SOLUK EFEKTLİ SİYAH DENIM
Pileli mini etek,1190.0,Etek,Lacivert
Pileli mini etek,1190.0,Etek,Kahverengi
Asimetrik saten etek,1490.0,Etek,Ekru
Pullu midi etek,1490.0,Etek,Ekru
Volanlı konumlandırmalı triko etek,1490.0,Etek,Bej
D60 Mini denim etek,1190.0,Etek,SOLUK EFEKTLİ ORTA MAVİ DENIM
D60 Mini denim etek,1190.0,Etek,SOLUK EFEKTLİ AÇIK MAVİ DENIM
D60 Mini denim etek,1190.0,Etek,SOLUK EFEKTLİ AÇIK ORTA MAVİ DENIM
Çizgili uzun asimetrik etek,1590.0,Etek,Lacivert
Dantel midi etek,1590.0,Etek,Açık mavi
Büzgülü dantel midi etek,1590.0,Etek,Ekru
Bambula işlemeli şort etek,1490.0,Etek > Mini,Siyah
Bambula işlemeli şort etek,1490.0,Etek > Mini,Ekru
Bambula işlemeli şort etek,1490.0,Etek > Mini,Kahverengi
Balon şort etek,1490.0,Etek > Mini,Kiremit rengi
Vücuda oturan blazer ceket,2290.0,Blazer > Takım,Açık mavi
Kısa blazer,1070.0,Blazer > Takım,Lacivert
Kısa blazer,1790.0,Blazer > Takım,Siyah
Kısa blazer,1790.0,Blazer > Takım,Beyaz
Üç düğmeli vücuda oturan blazer,2290.0,Blazer > Takım,Kahverengi
Saten yüzeyli blazer,1370.0,Blazer > Takım,Kahverengi
Saten blazer,2290.0,Blazer > Takım,Koyu lacivert
Çizgili dar kesim blazer ceket,2290.0,Blazer > Takım,Kahverengi
Kısa blazer ceket,1790.0,Blazer > Takım,Beyaz
Çizgili kısa blazer,1790.0,Blazer > Takım,Açık gri
Vücuda oturan blazer ceket,2290.0,Blazer > Takım,Beyaz
Vücuda oturan blazer ceket,2290.0,Blazer > Takım,Siyah
Kemerli blazer ceket,2290.0,Blazer > Takım,Açık sarı
Kemerli blazer,2290.0,Blazer > Takım,Haki
Asimetrik blazer ceket,2290.0,Blazer > Takım,Açık mavi
Çizgili dar kesim blazer ceket,2290.0,Blazer > Takım,Lacivert
Dar kesim ceket,1790.0,Blazer > Blazer,Açık gri
Dar kesim ceket,1790.0,Blazer > Blazer,Siyah
Dar kesim ceket,1790.0,Blazer > Blazer,Ekru
Dar kesim ceket,1790.0,Blazer > Blazer,Kahverengi
Asimetrik blazer,2290.0,Blazer > Blazer,Haki
"Düğmeli, Vücuda Oturan Ceket",2490.0,Blazer > Blazer,Kahverengi
Basic keten karışımlı blazer,2290.0,Blazer > Blazer,Kahverengi
Basic keten karışımlı blazer,2290.0,Blazer > Blazer,Beyaz
Basic keten karışımlı blazer,2290.0,Blazer > Blazer,Koyu yeşil
Regular fit blazer,2290.0,Blazer > Blazer,Siyah
İşlemeli düğmeli blazer ceket,2790.0,Blazer > Blazer,Siyah
Denim blazer ceket,2990.0,Blazer > Blazer,SOLUK EFEKTLİ DESIZED DENIM
Regular fit suni deri efektli blazer ceket,2290.0,Blazer > Blazer,Siyah
İşlemeli düğmeli blazer ceket,2490.0,Blazer > Blazer,Kahverengi
Açık blazer ceket,2290.0,Blazer > Blazer,Siyah
Bisiklet yaka blazer ceket,2290.0,Blazer > Blazer,Siyah
Basic çizgili blazer ceket,1790.0,Blazer > Blazer,Lacivert
Suni deri efektli blazer,2490.0,Blazer > Blazer,Kahverengi
Crop suni deri blazer ceket,1370.0,Blazer > Blazer,Siyah
Yumuşak dokulu fermuarlı sweatshirt,1490.0,Sweatshirt,Krem rengi
Yumuşak dokulu fermuarlı sweatshirt,1490.0,Sweatshirt,Siyah
Yumuşak dokulu fermuarlı sweatshirt,1490.0,Sweatshirt,Kahverengi
Yumuşak dokulu fermuarlı sweatshirt,1590.0,Sweatshirt,Mor
Yumuşak dokulu fermuarlı sweatshirt,1590.0,Sweatshirt,Koyu lacivert
Yumuşak dokulu fermuarlı sweatshirt,1590.0,Sweatshirt,Açık mavi
Yıkanmış görünümlü kısa sweatshirt,1190.0,Sweatshirt,Koyu Gri
Yıkanmış görünümlü kısa sweatshirt,1190.0,Sweatshirt,Pembe
Yıkanmış görünümlü kısa sweatshirt,1190.0,Sweatshirt,Bej
Baskılı kapüşonlu bomber sweatshirt,1690.0,Sweatshirt,Açık gri
Baskılı kapüşonlu bomber sweatshirt,1690.0,Sweatshirt,Açık sarı
Yumuşak dokulu interlok sweatshirt,1590.0,Sweatshirt,Koyu Gri
Yumuşak dokulu interlok sweatshirt,950.0,Sweatshirt,Açık gri
Yumuşak dokulu yan fermuarlı sweatshirt,1590.0,Sweatshirt,Kahverengi
Yumuşak dokulu yan fermuarlı sweatshirt,1590.0,Sweatshirt,Siyah
Yumuşak dokulu yan fermuarlı sweatshirt,1590.0,Sweatshirt,Açık gri
Yumuşak dokulu yan fermuarlı sweatshirt,1590.0,Sweatshirt,Bej
Yumuşak dokulu yan fermuarlı sweatshirt,1590.0,Sweatshirt,0-526
"Yumuşak dokulu, açık omuzlu sweatshirt",1490.0,Sweatshirt,Koyu mavi
"Yumuşak dokulu, açık omuzlu sweatshirt",1490.0,Sweatshirt,Siyah
"Yumuşak dokulu, açık omuzlu sweatshirt",1490.0,Sweatshirt,Koyu lacivert
"Yumuşak dokulu, açık omuzlu sweatshirt",1490.0,Sweatshirt,Pembe
"Yumuşak dokulu, açık omuzlu sweatshirt",1490.0,Sweatshirt,Gri
"Yumuşak dokulu, açık omuzlu sweatshirt",1490.0,Sweatshirt,Kahverengi
"Yumuşak dokulu, açık omuzlu sweatshirt",1490.0,Sweatshirt,Krem rengi
Yumuşak dokunuşlu sweatshirt,1490.0,Sweatshirt,Lacivert
Yumuşak dokunuşlu sweatshirt,1490.0,Sweatshirt,Siyah
Yumuşak dokunuşlu sweatshirt,1490.0,Sweatshirt,Kahverengi
Yumuşak dokunuşlu sweatshirt,1490.0,Sweatshirt,Krem rengi
Yumuşak dokulu basic sweatshirt,1190.0,Sweatshirt,Kahverengi
Yumuşak dokulu basic sweatshirt,1190.0,Sweatshirt,Siyah
Yumuşak dokulu basic sweatshirt,1190.0,Sweatshirt,Krem rengi
New York baskılı kısa kollu sweatshirt,1090.0,Sweatshirt,Açık sarı
Yıldız kapüşonlu sweatshirt,1070.0,Sweatshirt,Lacivert
Zımba işlemeli kapüşonlu sweatshirt,1070.0,Sweatshirt,Ekru
Zımba işlemeli kapüşonlu sweatshirt,1070.0,Sweatshirt,Koyu gri
İşlemeli kapüşonlu sweatshirt,1010.0,Sweatshirt,Bordo
İşlemeli kombin sweatshirt,890.0,Sweatshirt,Koyu Gri
Kontrast crop sweatshirt,710.0,Sweatshirt,Koyu lacivert
Fermuarlı sweatshirt,1690.0,Sweatshirt,Açık gri
Kontrast fermuarlı sweatshirt,1790.0,Sweatshirt,Açık mavi
Kısa kollu kapüşonlu sweatshirt,1490.0,Sweatshirt,Ekru
Uzun kollu bisiklet yaka metin sweatshirt,1590.0,Sweatshirt,Açık sarı
Payetli kanatlı kayık yaka sweatshirt,1490.0,Sweatshirt,Açık mavi
Yumuşak dokulu yarasa kollu sweatshirt,1490.0,Sweatshirt,Krem rengi
Yumuşak dokulu yarasa kollu sweatshirt,890.0,Sweatshirt,Siyah
Yumuşak dokulu yarasa kollu sweatshirt,1490.0,Sweatshirt,Koyu lacivert
Yumuşak dokulu yarasa kollu sweatshirt,1490.0,Sweatshirt,Açık gri
Kayık yaka baskılı sweatshirt,950.0,Sweatshirt,Koyu Gri
Baskılı kapüşonlu sweatshirt,1690.0,Sweatshirt,Koyu Gri
Basic omuz dekolteli sweatshirt,1190.0,Sweatshirt,Bej
Basic omuz dekolteli sweatshirt,1190.0,Sweatshirt,Siyah
Basic omuz dekolteli sweatshirt,1190.0,Sweatshirt,Koyu lacivert
Basic omuz dekolteli sweatshirt,1190.0,Sweatshirt,Açık gri
Kayık yaka oversize sweatshirt,1590.0,Sweatshirt,Koyu Gri
Dik yakalı fermuarlı sweatshirt,1490.0,Sweatshirt,Pembe
Dik yakalı fermuarlı sweatshirt,1490.0,Sweatshirt,Ekru
Dik yakalı fermuarlı sweatshirt,1490.0,Sweatshirt,Koyu lacivert
Dik yakalı fermuarlı sweatshirt,1490.0,Sweatshirt,Kırmızı
Saten etekli Sweatshirt,1790.0,Sweatshirt,Kahverengi
Desenli geniş yaka sweatshirt,1590.0,Sweatshirt,Ekru
Basic desenli sweatshirt,1490.0,Sweatshirt,Ekru
Posizyonel yıkama efektli kapüşonlu sweatshirt,1690.0,Sweatshirt,Bej
İşlemeli polo sweatshirt,1590.0,Sweatshirt,Koyu lacivert
Çizgili işlemeli sweatshirt,1590.0,Sweatshirt,Lacivert
Fermuarlı ve işlemeli sweatshirt,1590.0,Sweatshirt,Kırmızı
Simli kapüşonlu sweatshirt,1070.0,Sweatshirt,Lacivert
Simli kapüşonlu sweatshirt,1070.0,Sweatshirt,Açık gri
Yumuşak dokulu acid wash sweatshirt,1010.0,Sweatshirt,Koyu Gri
Yumuşak dokulu çizgili sweatshirt,1790.0,Sweatshirt,Koyu gri
Zımbalı sweatshirt,1590.0,Sweatshirt,Siyah
Baskılı kapüşonlu bomber sweatshirt,1690.0,Sweatshirt,Siyah
Teknik hacimli yelek,2290.0,İkili takımlar,Pastel yeşil
Fiyonklu sneakerina,1990.0,İkili takımlar,BEYAZ
Desenli balkonet bikini üstü,990.0,Mayo,Bej
Parlak iplikli fitilli Brezilya bikini altı,990.0,Mayo,Ekru
Parlak iplikli fitilli Brezilya bikini altı,990.0,Mayo,Kahverengi
Parlak iplikli fitilli Brezilya bikini altı,990.0,Mayo,Yeşil
Parlak iplik fitilli üçgen bikini üstü,990.0,Mayo,Ekru
Parlak iplik fitilli üçgen bikini üstü,990.0,Mayo,Kahverengi
Parlak iplik fitilli üçgen bikini üstü,990.0,Mayo,Yeşil
Basic saten Brezilya bikini altı,590.0,Mayo,Açık mavi
Basic saten Brezilya bikini altı,590.0,Mayo,Kahverengi
Saten balkonet bikini üstü,990.0,Mayo,Açık mavi
Saten balkonet bikini üstü,990.0,Mayo,Kahverengi
Pullu omuz çantası,1590.0,Mayo,Turuncu
Pullu omuz çantası,1590.0,Mayo,Ekru
Pullu omuz çantası,1590.0,Mayo,Kahverengi
Pullu kroşe çanta,1590.0,Mayo,Ekru
Aynalı büyük omuz çantası,1590.0,Mayo,Ekru
Aynalı büyük omuz çantası,1590.0,Mayo,Kahverengi
Saten yüzeyli üçgen bikini üstü,790.0,Mayo,Mor
Sedef efektli küpeler,590.0,Mayo,Turuncu
Basic Brezilya modeli külot bikini altı,790.0,Mayo,Bej
Basic Brezilya modeli külot bikini altı,790.0,Mayo,Siyah
Saten yüzeyli baskılı üçgen bikini üstü,790.0,Mayo,Ekru
Brezilya modeli külot saten yüzeyli baskılı bikini altı,790.0,Mayo,Ekru
Hasır şapka,1190.0,Mayo,Bej
Hasır şapka,1190.0,Mayo,Kahverengi
Zımba detaylı üçgen bikini üstü,1090.0,Mayo,Kahverengi
Zımba detaylı üçgen bikini üstü,1090.0,Mayo,Siyah
Kovboy topuklu deri çizmeler,4990.0,Mayo,BEJ
Bağcıklı zımbalı bikini külodu,990.0,Mayo,Kahverengi
Bağcıklı zımbalı bikini külodu,990.0,Mayo,Siyah
Saten yüzeyli üçgen bikini üstü,790.0,Mayo,Turuncu
Saten Brezilya kesim bikini altı,590.0,Mayo,Turuncu
Saten Brezilya bikini külot,590.0,Mayo,Ekru
Saten Brezilya bikini külot,590.0,Mayo,Siyah
Parlak taşlı denizyıldızı küpe,490.0,Mayo,Altın rengi
Saten üçgen bikini üstü,790.0,Mayo,Ekru
Saten üçgen bikini üstü,790.0,Mayo,Siyah
Sedefli dairesel küpeler,490.0,Mayo,Altın rengi
EVA platform parmak arası terlik,1790.0,Mayo,SİYAH
Parmak arası düz sandalet,1590.0,Mayo,SİYAH
Güneş tokalı bandeau bikini üstü,1090.0,Mayo,Siyah
Parlak taşlı deniz kabuğu küpe,590.0,Mayo,Ekru
ÇİÇEK İŞLEMELİ ÜÇGEN BİKİNİ ÜSTÜ,1090.0,Mayo,Siyah
Brezilya modeli çiçek işlemeli bikini külotu,990.0,Mayo,Siyah
Çiçek işlemeli hotpant külot,1090.0,Mayo,Siyah
U yaka straplez bikini üstü,990.0,Mayo,Siyah
Saten Brezilya modeli bikini külotu,590.0,Mayo,Mor
Zımbalı fırfırlı mini etek,1590.0,Mayo,Ekru
Zımbalı fırfırlı mini etek,1590.0,Mayo,Koyu Gri
Zımbalı fırfırlı mini etek,1590.0,Mayo,Kahverengi
Kroşe efektli sepet crossbody çanta,1590.0,Mayo,Ekru
Kroşe efektli sepet crossbody çanta,1590.0,Mayo,Kahverengi
Büyük zımba detaylı bikini üstü,1190.0,Mayo,Ekru
Parlak üçgen bikini üstü,990.0,Mayo,Siyah
Parlak üçgen bikini üstü,990.0,Mayo,Koyu lacivert
Parlak üçgen bikini üstü,990.0,Mayo,Kahverengi
Parlak Brezilya bikini altı,790.0,Mayo,Siyah
Parlak Brezilya bikini altı,790.0,Mayo,Koyu lacivert
Parlak Brezilya bikini altı,790.0,Mayo,Kahverengi
Deniz kabuklu sallantılı küpe,590.0,Mayo,Altın rengi
Büyük zımbalı Brezilya bikini külotu,1090.0,Mayo,Ekru
Zımba detaylı fırfırlı elbise,1690.0,Mayo,Koyu Gri
Parmak arası sandalet,1790.0,Mayo,KAHVERENGİ
Taş detaylı düz sandalet,1790.0,Mayo,KAHVERENGİ
Taş detaylı düz sandalet,1790.0,Mayo,EKRU
Boncuklu kol çantası,1790.0,Mayo,Gri
Kanvas tote çanta,1590.0,Mayo,Siyah
Kanvas tote çanta,1590.0,Mayo,Ekru
Pullu çiçekli kasket,790.0,Mayo,Kahverengi
Pullu çiçekli kasket,790.0,Mayo,Ekru
Kanvas mini yarım ay omuz çantası,1090.0,Mayo,Ekru
Pullu sepet omuz çantası,1790.0,Mayo,Siyah
Pullu sepet omuz çantası,1790.0,Mayo,Kahverengi
Metalik hasır kese çanta,1490.0,Mayo,Ekru
Deniz temalı mini charm kolye,790.0,Mayo,Altın rengi
3'lü deniz kabuğu uçlu kolye seti,790.0,Mayo,Altın rengi
3'lü yıldız ve emaye halka küpe seti,590.0,Mayo,Mavi
Kontrast kanvas çapraz askılı çanta,990.0,Mayo,Ekru
Kontrast kanvas çapraz askılı çanta,990.0,Mayo,Kahverengi
6'lı mini çiçekli toka seti,490.0,Mayo,Ekru
9'lu yengeç ve parlak taşlı küpe seti,590.0,Mayo,Kırmızı
Metalik iplikli kroşe tote çanta,1690.0,Mayo,Ekru
Metalik iplikli kroşe tote çanta,1690.0,Mayo,Gri
Metalik iplikli kroşe tote çanta,1690.0,Mayo,Kahverengi
Metalik iplikli hasır omuz çantası,1590.0,Mayo,Ekru
9'lu deniz kabuğu küpe seti,590.0,Mayo,Altın rengi
Kroşe omuz çantası,2290.0,Mayo,Ekru
Kroşe omuz çantası,2290.0,Mayo,Kahverengi
2'li mineli deniz kabuğu küpe seti,590.0,Mayo,Altın rengi
Büyük boncuklu cüzdan,990.0,Mayo,Sarı
Büyük boncuklu cüzdan,990.0,Mayo,Ekru
Kroşe detaylı çapraz askılı çanta,990.0,Mayo,Kahverengi
Kroşe detaylı çapraz askılı çanta,990.0,Mayo,Ekru
4'lü uçlu halhal seti,590.0,Mayo,Altın rengi
Yıldız detaylı sallantılı küpe,490.0,Mayo,Mavi
2'li metal muz toka seti,490.0,Mayo,Altın rengi
2'li deniz temalı charm kolye seti,790.0,Mayo,Gri
Küçük boncuklu cüzdan,790.0,Mayo,Kahverengi
Küçük boncuklu cüzdan,790.0,Mayo,Mavi
Hasır görünümlü zarf çapraz askılı çanta,990.0,Mayo,Kahverengi
Hasır görünümlü zarf çapraz askılı çanta,990.0,Mayo,Ekru
Mini deniz charm'lı çok yönlü kolye,790.0,Mayo,Altın rengi
4'lü deniz yıldızı bikini charm seti,590.0,Mayo,Altın rengi
2'li tığ işi kürk bandı seti,590.0,Mayo,Turuncu
2'li tığ işi kürk bandı seti,590.0,Mayo,Ekru
Parlak taşlı istakoz küpeler,590.0,Mayo,Kırmızı
Aynalı mini kroşe çapraz askılı çanta,990.0,Mayo,Ekru
Aynalı mini kroşe çapraz askılı çanta,990.0,Mayo,Lacivert
Aynalı mini kroşe çapraz askılı çanta,990.0,Mayo,Kahverengi
3'lü boncuklu bileklik seti,590.0,Mayo,Kahverengi
2'li deniz temalı charm ve örgü kolye seti,590.0,Mayo,Mavi
3'lü deniz kızı charm kolye seti,590.0,Mayo,Altın rengi
2'li parlak deniz kabuğu yüzük seti,590.0,Mayo,Gri
5'li ayakkabı toka seti,590.0,Mayo,Altın rengi
Kanvas omuz çantası,1590.0,Mayo,Ekru
Kanvas omuz çantası,1590.0,Mayo,Kahverengi
Boncuklu bileklik,790.0,Mayo,Altın rengi
Çoklu boncuk kolye,790.0,Mayo,Mavi
3'lü deniz kabuğu mine yüzük seti,790.0,Mayo,Ekru
Deniz kabuğu charm'lı örgü kolye,790.0,Mayo,Ekru
Güneş boncuklu kolye,790.0,Mayo,Altın rengi
Metalik iplik kroşe büzgülü çanta,1490.0,Mayo,Ekru
Metalik iplik kroşe büzgülü çanta,1490.0,Mayo,Kahverengi
3’lü çiçekli saç tokası seti,490.0,Mayo,Ekru
3’lü çiçekli saç tokası seti,490.0,Mayo,Turkuaz
3’lü çiçekli saç tokası seti,490.0,Mayo,Açık pembe
3’lü çiçekli saç tokası seti,490.0,Mayo,Kahverengi
2'li muz toka seti,450.0,Mayo,Açık pembe
Deniz atı küpe,590.0,Mayo,Ekru
Çok boncuklu halka küpeler,590.0,Mayo,Beyaz
5'li yaz figürlü ayakkabı iğne seti,590.0,Mayo,Mavi
Deniz kabuğu toka,490.0,Mayo,Altın rengi
Parlak deniz kabuğu küpe,490.0,Mayo,Gri
5'li ayak yüzüğü seti,490.0,Mayo,Altın rengi
Hasır efektli bileklik,790.0,Mayo,Ekru
Deniz temalı mini charm çok yönlü kolye,790.0,Mayo,Altın rengi
Parıltılı yengeç kolye,790.0,Mayo,Kırmızı
2'li boncuklu ve deniz kabuğu charm kolye seti,790.0,Mayo,Amber
N.122 sunset monoi saç ve vücut parfümü,790.0,Mayo,Altın rengi
4’lü balık figürlü bikini aksesuar seti,590.0,Mayo,Altın rengi
Çok katlı boncuklu kolye,590.0,Mayo,Kahverengi
Eklemli balık küpe,590.0,Mayo,Altın rengi
Sallantılı top küpe,490.0,Mayo,Mavi
7'li parlak yengeç yüzük seti,490.0,Mayo,Kırmızı
Denizyıldızı küpeler,490.0,Mayo,Gri
Denizyıldızı küpeler,490.0,Mayo,Altın rengi
Zımbalı saç tokası,450.0,Mayo,Kahverengi
Çizgili saç tokası,450.0,Mayo,Mavi
Çizgili saç tokası,450.0,Mayo,Açık pembe
2'li Set Elastik Saç Bandı,350.0,Mayo,Ekru
2'li Set Elastik Saç Bandı,350.0,Mayo,Siyah
2'li Set Elastik Saç Bandı,350.0,Mayo,Beyaz
2'li Set Elastik Saç Bandı,350.0,Mayo,Açık pembe
2'li Set Elastik Saç Bandı,350.0,Mayo,Koyu bej
Sedef efektli büyük bileklik,990.0,Mayo,Ekru
Balık küpe,590.0,Mayo,Ekru
Boncuklu lariat kolye,990.0,Mayo,Altın rengi
Boncuklu deniz kabuğu charm anahtarlık,790.0,Mayo,Açık mavi
Uzun düğme kolye,790.0,Mayo,Ekru
Sedefli dokuma kolye,590.0,Mayo,Ekru
3'lü spiral kolye seti,790.0,Mayo,Altın rengi
Balık ve zımba detaylı küpe,490.0,Mayo,Altın rengi
Deniz kabuklu sallantılı küpe,490.0,Mayo,Gri
5'li deniz temalı yüzük seti,590.0,Mayo,Altın rengi
5'li ayarlanabilir ayak yüzüğü seti,490.0,Mayo,Gri
Deniz kabuklu küpeler,490.0,Mayo,Altın rengi
Deniz kabuklu streç bileklik,790.0,Mayo,Ekru
Çoklu düğme küpe,790.0,Mayo,Ekru
Çok katlı düğme kolye,790.0,Mayo,Ekru
Çok işlevli mini deniz kabuklu kolye,990.0,Mayo,Altın rengi
Boncuklu balık cüzdan,990.0,Mayo,Kahverengi
Pullu mini tote çanta,1590.0,Mayo,Kahverengi
Metal kilitli kroşe omuz çantası,1190.0,Mayo,Ekru
Metal kilitli kroşe omuz çantası,1190.0,Mayo,Kahverengi
Kontrast çapraz askılı çanta,1090.0,Mayo,Kahverengi
Aynalı kroşe omuz çantası,1190.0,Mayo,Lacivert
Aynalı kroşe omuz çantası,1190.0,Mayo,Ekru
Aynalı kroşe omuz çantası,1190.0,Mayo,Kahverengi
Balık şeklinde çapraz askılı çanta,1590.0,Mayo > Giyim ve aksesuar,Ekru
Stoperli poplin pantolon,1790.0,Jean,Ekru
Stoperli poplin pantolon,1790.0,Jean,Haki
Geniş yaka çift katlı kazak,1590.0,Triko,Koyu lacivert
Geniş yaka çift katlı kazak,1590.0,Triko,Pembe
Geniş yaka çift katlı kazak,1590.0,Triko,Açık gri
Fermuarlı örgü kazak,1790.0,Triko,Mor
Fermuarlı örgü kazak,1790.0,Triko,Siyah
Fermuarlı örgü kazak,1790.0,Triko,Lacivert
Fermuarlı örgü kazak,1790.0,Triko,Kahverengi
Omuz pedli triko yelek,1190.0,Triko,Ekru
Omuz pedli triko yelek,1190.0,Triko,Koyu mavi
File örgülü kayık yaka kazak,1590.0,Triko,Ekru
File örgülü kayık yaka kazak,1590.0,Triko,Açık mavi
Düğmeli triko hırka,1490.0,Triko,Kahverengi
Vatkali Örgü Süveter,1190.0,Triko,Kırmızı
Vatkali Örgü Süveter,1190.0,Triko,Koyu Gri
Asimetrik triko kazak,1190.0,Triko,Siyah
Asimetrik triko kazak,1190.0,Triko,Ekru
Asimetrik triko kazak,1190.0,Triko,Açık mavi
Asimetrik triko kazak,710.0,Triko,Kırmızı
Asimetrik triko kazak,1190.0,Triko,Koyu Gri
Asimetrik triko kazak,1190.0,Triko,Kahverengi
Asimetrik triko kazak,1190.0,Triko,Krem rengi
Triko hırka,1090.0,Triko,Kahverengi
Triko hırka,1090.0,Triko,Lacivert
Triko hırka,1090.0,Triko,Açık gri
Hakim yaka düğmeli triko hırka,1090.0,Triko,Kırmızı
Hakim yaka düğmeli triko hırka,1090.0,Triko,Koyu lacivert
Bugs Bunny triko polo kazak,1790.0,Triko,Pembe
Geniş yaka triko kazak,1590.0,Triko,Kırmızı
Geniş yaka triko kazak,1590.0,Triko,Ekru
Geniş yaka triko kazak,1590.0,Triko,Açık mavi
Angel çizgili triko kazak,1590.0,Triko,Ekru
Kruvaze hırka,1490.0,Triko,Açık pembe
Kruvaze hırka,1490.0,Triko,Siyah
Yarasa kollu triko hırka,1490.0,Triko,Kahverengi
Yarasa kollu triko hırka,1490.0,Triko,Ekru
Metalik iplikli triko kazak One Dilemma,1490.0,Triko,Siyah
Asimetrik örgü kazak,1490.0,Triko,Açık sarı
Asimetrik örgü kazak,1490.0,Triko,Siyah
Asimetrik örgü kazak,890.0,Triko,Ekru
Asimetrik örgü kazak,1490.0,Triko,Açık gri
Asimetrik örgü kazak,1490.0,Triko,Kahverengi
İnce çizgili triko kazak,1190.0,Triko,Açık mavi
İnce çizgili triko kazak,1190.0,Triko,Açık sarı
Çizgili vücuda oturan triko kazak,1090.0,Triko,Koyu lacivert
Çizgili vücuda oturan triko kazak,1090.0,Triko,Açık mavi
Önü açık triko hırka,990.0,Triko,Kahverengi
İnce triko pelerin,1190.0,Triko,Ekru
İnce triko pelerin,1190.0,Triko,Kahverengi
Ajurlu bolero,1190.0,Triko,Ekru
Ajurlu bolero,1190.0,Triko,Haki
Basic triko kazak,1590.0,Triko,Koyu Gri
Basic triko kazak,1590.0,Triko,Krem rengi
Asimetrik kesim fitilli triko kazak,1490.0,Triko,Pembe
Asimetrik kesim fitilli triko kazak,1490.0,Triko,Ekru
Hakim yaka triko hırka,1790.0,Triko,Koyu lacivert
Örme bantlı top,990.0,Triko,Ekru
"Kısa kollu, üst üste binmeli triko kazak",1190.0,Triko,Koyu mavi
Basic yumuşak dokulu örgü kazak,1490.0,Triko,Lacivert
Basic yumuşak dokulu örgü kazak,1490.0,Triko,Ekru
Basic yumuşak dokulu örgü kazak,1490.0,Triko,Açık gri
Omuz vatkalı triko kazak,1590.0,Triko,Koyu Gri
Omuz vatkalı triko kazak,1590.0,Triko,Siyah
Omuz vatkalı triko kazak,1590.0,Triko,Ekru
Kısa kollu polo yaka triko kazak,1090.0,Triko,Kırmızı
Geniş kollu triko kazak,1090.0,Triko,Kahverengi
Geniş kollu triko kazak,1090.0,Triko,Açık mavi
Geniş kollu triko kazak,1090.0,Triko,Açık gri
Pelerin model şeritli triko kazak,1490.0,Triko,Ekru
Basic pelerin kesim kazak,1090.0,Triko,Haki
Basic pelerin kesim kazak,1090.0,Triko,Ekru
Basic pelerin kesim kazak,1090.0,Triko,Kahverengi
Düğmeli örgü triko hırka,1490.0,Triko,Lacivert
Düğmeli örgü triko hırka,1490.0,Triko,Ekru
Düğmeli örgü triko hırka,1490.0,Triko,Kahverengi
Reglan kollu düğmeli triko hırka,1590.0,Triko,Kahverengi
Reglan kollu düğmeli triko hırka,950.0,Triko,Açık mavi
Reglan kollu düğmeli triko hırka,950.0,Triko,Kırmızı
Asimetrik yıldız triko kazak,1590.0,Triko,Kahverengi
Bisiklet yaka triko top,1190.0,Triko,Ekru
Bisiklet yaka triko top,1190.0,Triko,Kahverengi
Crop geniş yaka kazak,1190.0,Triko,Açık mavi
Crop geniş yaka kazak,1190.0,Triko,Ekru
Crop geniş yaka kazak,1190.0,Triko,Bordo
Crop geniş yaka kazak,1190.0,Triko,Koyu gri
Asimetrik açık omuz triko kazak,1590.0,Triko,Ekru
Bisiklet yaka triko kazak,1590.0,Triko,Koyu gri
Basic yumuşak triko kazak,1590.0,Triko,Koyu Gri
Basic yumuşak triko kazak,1590.0,Triko,Ekru
Basic yumuşak triko kazak,1590.0,Triko,Kahverengi
Basic yumuşak dokulu triko kazak,1590.0,Triko,Koyu lacivert
Yumuşak dokunuşlu kayık yaka triko Kazak,1590.0,Triko,Kahverengi
Yumuşak dokunuşlu kayık yaka triko Kazak,950.0,Triko,Lacivert
Yumuşak dokunuşlu kayık yaka triko Kazak,1590.0,Triko,Açık gri
Çizgili dik yaka kısa triko elbise,1790.0,Triko,Mor
"Çıkarılabilir yakalı, çift kumaşlı triko kazak",1690.0,Triko,Lacivert
"Çıkarılabilir yakalı, çift kumaşlı triko kazak",1690.0,Triko,Kahverengi
Çizgili crop örgü kazak,1490.0,Triko,Koyu Gri
Çizgili crop örgü kazak,1490.0,Triko,Ekru
Çizgili crop örgü kazak,890.0,Triko,Kırmızı
Çizgili crop örgü kazak,890.0,Triko,Kahverengi
Kısa geniş yaka örgü elbise,1190.0,Triko,Kahverengi
Kısa geniş yaka örgü elbise,1190.0,Triko,Siyah
Kısa geniş yaka örgü elbise,1190.0,Triko,0-662
V yaka yarasa kollu kazak,890.0,Triko,Ekru
V yaka yarasa kollu kazak,890.0,Triko,Koyu mavi
V yaka yarasa kollu kazak,890.0,Triko,Pembe
İki farklı kumaşlı triko kazak,1070.0,Triko,Açık mavi
Kare yaka bengalin midi elbise,1590.0,Elbise,Siyah
Kare yaka bengalin midi elbise,1590.0,Elbise,Haki
Pullu mini elbise,1790.0,Elbise,Açık mavi
Kolsuz puantiye desenli tül midi elbise,1590.0,Elbise,Kahverengi
Kolsuz iki malzemeli kemerli midi elbise,1790.0,Elbise,Kahverengi
Kolsuz iki malzemeli kemerli midi elbise,1790.0,Elbise,Koyu lacivert
Saten yüzeyli midi elbise,1590.0,Elbise,Altın rengi
Saten yüzeyli midi elbise,1590.0,Elbise,Kahverengi
Denim midi elbise,1790.0,Elbise,SOLUK EFEKTLİ PARÇA BOYAMA DENIM
Denim midi elbise,1790.0,Elbise,SOLUK EFEKTLİ AÇIK ORTA MAVİ DENIM
"Halter yaka, sırtı açık midi elbise",1590.0,Elbise,Siyah
"Halter yaka, sırtı açık midi elbise",1590.0,Elbise,Ekru
"Halter yaka, sırtı açık midi elbise",1590.0,Elbise,Açık mavi
Desenli tül fularlı midi elbise,1590.0,Elbise,Açık pembe
Desenli tül fularlı midi elbise,1590.0,Elbise,Altın rengi
Saten halter kısa elbise,1590.0,Elbise,Koyu lacivert
Saten halter kısa elbise,1590.0,Elbise,Açık mavi
Poplin halter midi elbise,1790.0,Elbise,Mavi
Kısa desenli elbise,1190.0,Elbise,Koyu bej
Uzun kolsuz düz tulum,1490.0,Elbise,Lacivert
Kısa vücuda oturan büzgülü elbise,1190.0,Elbise,Kahverengi
Kısa vücuda oturan büzgülü elbise,1190.0,Elbise,Kırmızı
Askılı blonda midi elbise,1590.0,Elbise,Kahverengi
Qipao tarzı kısa elbise,1590.0,Elbise,Kahverengi
Qipao tarzı kısa elbise,1590.0,Elbise,Siyah
Kolsuz bengalin midi elbise,1590.0,Elbise,Kahverengi
Kolsuz bengalin midi elbise,1590.0,Elbise,Lacivert
Kısa denim elbise,1590.0,Elbise,SOLUK EFEKTLİ PARÇA BOYAMA DENIM
Puantiye desenli kısa elbise,1490.0,Elbise,Ekru
Dökümlü uzun askılı tulum,1490.0,Elbise,Kahverengi
Dökümlü uzun askılı tulum,1490.0,Elbise,Siyah
İki malzemeli midi elbise,2290.0,Elbise,Krem rengi
Sırtı Düğümlü Midi Elbise,1590.0,Elbise,Siyah
Halter fular denim tulum,2490.0,Elbise,SOLUK EFEKTLİ AÇIK ORTA MAVİ DENIM
Sırtı açık halter midi elbise,1790.0,Elbise,Fuşya
Sırtı açık halter midi elbise,1790.0,Elbise,Koyu yeşil
Saten görünümlü dantelli midi elbise,1790.0,Elbise,Açık mavi
Düğmeli kolsuz kısa elbise,1790.0,Elbise,Koyu lacivert
Kısa kolsuz denim elbise fermuarlı,1790.0,Elbise,SOLUK EFEKTLİ PARÇA BOYAMA DENIM
Asimetrik drape detaylı kısa elbise,1690.0,Elbise,Siyah
Kısa pelerin elbise,1590.0,Elbise,Kahverengi
Kare yaka bengalin midi elbise,1590.0,Elbise,Krem rengi
Metalik İplikli Halter Midi Elbise,1590.0,Elbise,Kahverengi
Kısa korse elbise,1490.0,Elbise,Siyah
Kısa korse elbise,1490.0,Elbise,Açık pembe
Halter yaka elbise,1190.0,Elbise,SOLUK EFEKTLİ GRİ DENIM
Halter yaka elbise,1190.0,Elbise,Siyah
Çiçek desenli vücuda oturan elbise,1190.0,Elbise,Açık pembe
Asimetrik kısa elbise,1190.0,Elbise,Siyah
Asimetrik saten yüzeyli kısa elbise,1590.0,Elbise,Kahverengi
Asimetrik saten yüzeyli kısa elbise,1590.0,Elbise,Koyu lacivert
Asimetrik saten yüzeyli kısa elbise,1590.0,Elbise,Açık pembe
Kısa Qipao düğümlü elbise,1190.0,Elbise,Açık pembe
Halter balon tulum,1590.0,Elbise,Siyah
Açık sırtlı halter yaka midi elbise,1590.0,Elbise,Açık mavi
İki malzemeli askılı midi elbise,1590.0,Elbise,Açık mavi
Dantelli uzun askılı örgü elbise,1190.0,Elbise,Siyah
Boncuk işlemeli kısa elbise,1790.0,Elbise,Mavi
Saten boncuklu uzun tulum,1590.0,Elbise,Kahverengi
Asimetrik kısa elbise zımba detaylı,1490.0,Elbise,Haki
Asimetrik dantelli elbise,1590.0,Elbise,Açık mavi
Boncuklu askılı uzun elbise,1790.0,Elbise,Ekru
Boncuklu askılı uzun elbise,1790.0,Elbise,Siyah
Kısa jile elbise,1490.0,Elbise,Koyu lacivert
Halter yaka boncuk detaylı midi elbise,1790.0,Elbise,Lacivert
"Sırtı çapraz, dökümlü uzun elbise",1690.0,Elbise,Kahverengi
"Sırtı çapraz, dökümlü uzun elbise",1690.0,Elbise,Siyah
Halter yaka işlemeli uzun elbise,2290.0,Elbise,Kahverengi
Saten görünümlü elbise,1790.0,Elbise,Kahverengi
Saten yüzeyli halter tulum,1790.0,Elbise,Kahverengi
Desenli kısa tül elbise,1190.0,Elbise,Koyu bej
Payetli kısa denim elbise,2290.0,Elbise,SOLUK EFEKTLİ AÇIK ORTA MAVİ DENIM
Desenli tül midi elbise,1790.0,Elbise,Lacivert
Metalik parçalı elbise,1590.0,Elbise,Kahverengi
Kısa korse kareli elbise,1590.0,Elbise > STR_VER_VEST_ESTAMPADOS_SEO,Kiremit rengi
Kısa t-shirt elbise,1090.0,Elbise > Mini,Kahverengi
Kısa t-shirt elbise,1090.0,Elbise > Mini,Beyaz
V kesim etekli kısa elbise,1590.0,Elbise > Mini,Ekru
V kesim etekli kısa elbise,1590.0,Elbise > Mini,Koyu yeşil
Dantelli kısa saten elbise,1590.0,Elbise > Mini,Ekru
Dokulu askılı midi elbise,1590.0,Elbise > Midi - Maksi,Soluk pembe
Dokulu askılı midi elbise,1590.0,Elbise > Midi - Maksi,Koyu lacivert
V yaka topuklu ayakkabı,1990.0,Topuklu ayakkabı > Kitten,EKRU
V yaka topuklu ayakkabı,1990.0,Topuklu ayakkabı > Kitten,KAHVERENGİ
V yaka topuklu ayakkabı,1990.0,Topuklu ayakkabı > Kitten,SİYAH
Pencere detaylı kısa sivri topuklu ayakkabı,1990.0,Topuklu ayakkabı > Kitten,SİYAH
Kısa sivri topuklu file taşlı ayakkabı,2490.0,Topuklu ayakkabı > Kitten,BEJ
Kısa sivri topuklu deri ayakkabı,2490.0,Topuklu ayakkabı > Kitten,KAHVERENGİ
Topuklu arkası açık ayakkabı,1990.0,Topuklu ayakkabı > Kitten,KAHVERENGİ
Deri kısa sivri topuklu sandalet,2490.0,Topuklu ayakkabı > Kitten,KAHVERENGİ
Basic kısa sivri topuklu ayakkabı,1790.0,Topuklu ayakkabı > Kitten,KAHVERENGİ
Vinil topuklu arkası açık ayakkabı,1790.0,Topuklu ayakkabı > Kitten,KAHVERENGİ
Geniş topuklu Mary Jane,1990.0,Topuklu ayakkabı > Kitten,KAHVERENGİ
Topuklu Arkası açık ayakkabı sandalet,1790.0,Topuklu ayakkabı > Kitten,SİYAH
Deri kısa sivri topuklu mule,2490.0,Topuklu ayakkabı > Kitten,KAHVERENGİ
Deri detaylı kısa sivri topuklu sandalet,2490.0,Topuklu ayakkabı > Kitten,KAHVERENGİ
BASIC kısa sivri topuklu ayakkabı,1590.0,Topuklu ayakkabı > Kitten,SİYAH
Basic topuklu ayakkabı,1790.0,Topuklu ayakkabı > Kitten,EKRU
Kapalı deri topuklu ayakkabı,2690.0,Topuklu ayakkabı > Kitten,KAHVERENGİ
Metal detaylı kısa sivri topuklu sandaletler,1990.0,Topuklu ayakkabı > Kitten,BEJ
Askılı kısa sivri topuklu sandaletler,1990.0,Topuklu ayakkabı > Kitten,KIRMIZI
Taş detaylı topuklu sandalet,2490.0,Topuklu ayakkabı > Sandalet,BEJ
Topuklu sandalet,1790.0,Topuklu ayakkabı > Sandalet,SİYAH
Stiletto topuklu sandaletler,1790.0,Topuklu ayakkabı > Sandalet,SİYAH
Pencere detaylı askılı topuklu sandalet,1790.0,Topuklu ayakkabı > Sandalet,EKRU
Pencere detaylı askılı topuklu sandalet,1790.0,Topuklu ayakkabı > Sandalet,SİYAH
Metalik görünümlü topuklu sandaletler,1790.0,Topuklu ayakkabı > Sandalet,GÜMÜŞ
File metal detaylı topuklu sandaletler,2490.0,Topuklu ayakkabı > Sandalet,SİYAH
Suni deri püsküllü topuklu sandalet,1990.0,Topuklu ayakkabı > Sandalet,MAVİ
Stiletto topuklu sandalet,1790.0,Topuklu ayakkabı > Sandalet,ALTIN
Çivili platform terlik,2690.0,Topuklu ayakkabı > Sandalet,KAHVERENGİ
Bantlı ve tokalı stiletto topuklu sandaletler,2690.0,Topuklu ayakkabı > Sandalet,KAHVERENGİ
Açık deri platform topuklu ayakkabı,2690.0,Topuklu ayakkabı > Sandalet,KAHVERENGİ
File detaylı topuklu ayakkabı,2490.0,Topuklu ayakkabı > Sandalet,EKRU
Topuklu deri sandalet,2490.0,Topuklu ayakkabı > Sandalet,KAHVERENGİ
Platform deri sandalet,2490.0,Topuklu ayakkabı > Sandalet,KAHVERENGİ
Detaylı geniş topuklu parmak arası sandalet,1990.0,Topuklu ayakkabı > Sandalet,KAHVERENGİ
Suni deri topuklu sandalet,1990.0,Topuklu ayakkabı > Sandalet,KAHVERENGİ
Bantlı kalın topuklu sandalet,1590.0,Topuklu ayakkabı > Sandalet,KAHVERENGİ
File detaylı stiletto topuklu sandaletler,1790.0,Topuklu ayakkabı > Sandalet,KAHVERENGİ
Vinil geniş topuklu sandalet,1790.0,Topuklu ayakkabı > Sandalet,BEJ
File detaylı stiletto topuklu sandalet,1790.0,Topuklu ayakkabı > Sandalet,BEJ
Bantlı kalın topuklu sandalet,1590.0,Topuklu ayakkabı > Sandalet,ALTIN
Bağcıklı topuklu sandalet,2490.0,Topuklu ayakkabı > Sandalet,KAHVERENGİ
Bağcıklı jüt dolgu topuklu ayakkabı,2490.0,Topuklu ayakkabı > Sandalet,EKRU
Platform topuklu sandalet,1990.0,Topuklu ayakkabı > Sandalet,KAHVERENGİ
Geniş topuklu platform sandalet,1990.0,Topuklu ayakkabı > Sandalet,ALTIN
Patent görünümlü topuklu sandalet,1990.0,Topuklu ayakkabı > Sandalet,MAVİ
Suni deri topuklu parmak arası terlik,1990.0,Topuklu ayakkabı > Sandalet,KAHVERENGİ
Topuklu Arkası açık ayakkabı,1990.0,Topuklu ayakkabı > Sandalet,SİYAH
Deri platform topuklu terlik,2990.0,Topuklu ayakkabı > Sandalet,BEJ
Deri topuklu parmak arası sandalet,2490.0,Topuklu ayakkabı > Sandalet,BEJ
Stiletto topuklu sandalet,1790.0,Topuklu ayakkabı > Sandalet,SİYAH
Suni deri düz sandalet,1590.0,Sandalet > Düz sandalet,KAHVERENGİ
"Bantlı ve tokalı, arkası açık deri ayakkabı",2490.0,Sandalet > Düz sandalet,BEJ
Zımbalı suni deri bantlı ve tokalı ayakkabı,1990.0,Sandalet > Düz sandalet,EKRU
Deri zımbalı bantlı ve tokalı ayakkabı,2490.0,Sandalet > Düz sandalet,KAHVERENGİ
Tokalı düz deri sandalet,2490.0,Sandalet > Düz sandalet,BEJ
Metal detaylı düz sandalet,1790.0,Sandalet > Düz sandalet,ALTIN
Metalli detaylı düz parmak arası terlik,1990.0,Sandalet > Düz sandalet,KAHVERENGİ
Deri topuksuz bantlı ve tokalı ayakkabı,2490.0,Sandalet > Düz sandalet,KAHVERENGİ
Tokalı deri düz sandalet,2490.0,Sandalet > Düz sandalet,KAHVERENGİ
Metal detaylı terlik tipi düz sandalet,1790.0,Sandalet > Düz sandalet,EKRU
Metal detaylı terlik sandalet,1790.0,Sandalet > Düz sandalet,MAVİ
Parmak arası düz sandalet,1590.0,Sandalet > Düz sandalet,KOMBİNE
Deri tokalı platform sandalet,2990.0,Sandalet > Düz sandalet,BEJ
Asimetrik dolgu topuklu sandalet,2490.0,Sandalet > Düz sandalet,EKRU
Deri parmak arası sandalet,2490.0,Sandalet > Düz sandalet,BEJ
Düz bant detaylı sandalet,1790.0,Sandalet > Düz sandalet,KAHVERENGİ
Hasır platformlu dolgu topuklu ayakkabı,1990.0,Sandalet > Dolgu topuk ayakkabı,ALTIN
Çapraz bantlı sneakerina,1790.0,Spor ayakkabı > SNEAKERINAS,PEMBE
Fiyonklu Sneakerinas,1790.0,Spor ayakkabı > SNEAKERINAS,BEYAZ
Deri detaylı spor balerin ayakkabı,1990.0,Spor ayakkabı > SNEAKERINAS,PEMBE
Sneakerina file,1990.0,Spor ayakkabı > SNEAKERINAS,SİYAH
Kovboy Topuklu Bot,2300.0,Çizme - Bot > Çizme,KAHVERENGİ
Kovboy Topuklu Bot,3290.0,Çizme - Bot > Çizme,SİYAH
Deri dolgu topuklu bot,4990.0,Çizme - Bot > Çizme,BEJ
Joots topuklu deri bot,4990.0,Çizme - Bot > Çizme,BEJ
Desenli kovboy botlar,2580.0,Çizme - Bot > Çizme,KAHVERENGİ
Siyah topuklu uzun çizme,3290.0,Çizme - Bot > Çizme,SİYAH
Kahverengi topuklu çizme,3290.0,Çizme - Bot > Çizme,KAHVERENGİ
Suni deri düz biker bot,3140.0,Çizme - Bot > Çizme,BEJ
Suni süet topuklu bot,2690.0,Çizme - Bot > Çizme,KAHVERENGİ
Düz deri binici çizmesi,4490.0,Çizme - Bot > Çizme,KAHVERENGİ
slouchy kesim deri yüksek çizmeler,4990.0,Çizme - Bot > Çizme,BEJ
Slouchy kesim deri kitten bot,4490.0,Çizme - Bot > Çizme,BEJ
Deri kovboy çizme,4490.0,Çizme - Bot > Çizme,BEJ
Düz siyah kovboy çizmesi,3690.0,Çizme - Bot > Çizme,SİYAH
Düz kahverengi kovboy çizmeler,3690.0,Çizme - Bot > Çizme,BORDO
Suni deri düz botlar,3290.0,Çizme - Bot > Çizme,KAHVERENGİ
Deri slouchy kesim kovboy botinleri,2300.0,Çizme - Bot > Bot,BEJ
Deri kovboy bot,3690.0,Çizme - Bot > Bot,KAHVERENGİ
Kısa sivri topuklu kemerli deri botlar,3990.0,Çizme - Bot > Bot,BEJ
Streç orta boy topuklu bot,1890.0,Çizme - Bot > Bot,SİYAH
Kumaş stiletto topuklu bot,1890.0,Çizme - Bot > Bot,SİYAH
Sentetik kauçuk kumaş efektli topuklu bot,1890.0,Çizme - Bot > Bot,SİYAH
Kovboy suni deri delikli bot,3290.0,Çizme - Bot > Bot,KAHVERENGİ
Topuklu kovboy deri bot,3290.0,Çizme - Bot > Bot,BEJ
Deri kısa sivri topuklu bot,3290.0,Çizme - Bot > Bot,BEJ
Streç topuklu botlar,2490.0,Çizme - Bot > Bot,KAHVERENGİ
"Bağcıklı, düz bot",2690.0,Çizme - Bot > Bot,SİYAH
Deri tokalı düz bot,2790.0,Çizme - Bot > Bot,BEJ
slouchy kesim deri topuklu bot,3690.0,Çizme - Bot > Bot,KAHVERENGİ
Kovboy topuklu bot,2690.0,Çizme - Bot > Bot,SİYAH
Streç düz bot,1990.0,Çizme - Bot > Bot,KAHVERENGİ
Deri kovboy bot,3290.0,Çizme - Bot > Bot,BEJ
"Düz tabanlı, içi kürklü deri bot",2690.0,Çizme - Bot > Bot,KAHVERENGİ
Streç topuklu bot,1990.0,Çizme - Bot > Bot,EKRU
Kovboy deri topuklu bot,3290.0,Çizme - Bot > Bot,KAHVERENGİ
Kalın topuklu kısa bot,1890.0,Çizme - Bot > Bot,BORDO
Mikro delikli slouchy deri bot,3140.0,Çizme - Bot > Bot,KAHVERENGİ
Stiletto topuklu deri bot,3290.0,Çizme - Bot > Bot,KAHVERENGİ
Makrome püsküllü omuz çantası,1690.0,Çanta,Ekru
Mini fermuarlı yumuşak dokulu omuz çantası,710.0,Çanta,Bej
Püskül ve toka detaylı omuz çantası,1790.0,Çanta,Karamel
Püskül ve toka detaylı omuz çantası,1790.0,Çanta,Kahverengi
Charm detaylı tote çanta,1190.0,Çanta,Siyah
Charm detaylı tote çanta,1190.0,Çanta,Lacivert
Charm detaylı tote çanta,1190.0,Çanta,Kahverengi
Mini boncuklu çanta,790.0,Çanta,Beyaz
Spor kabin sırt çantası,1790.0,Çanta,Bej
Spor kabin sırt çantası,1790.0,Çanta,Mavi
Yuvarlak kapamalı omuz çantası,790.0,Çanta,Beyaz
Yuvarlak kapamalı omuz çantası,790.0,Çanta,Siyah
Yuvarlak kapamalı omuz çantası,790.0,Çanta,Kırmızı
Çok pozisyonlu çapraz çanta,990.0,Çanta,Siyah
Timsah deseni görünümlü mini tote çapraz askılı çanta,990.0,Çanta,Bordo
Timsah deseni görünümlü mini tote çapraz askılı çanta,990.0,Çanta,Siyah
Timsah deseni görünümlü mini tote çapraz askılı çanta,990.0,Çanta,Ekru
Timsah deseni görünümlü mini tote çapraz askılı çanta,990.0,Çanta,Açık mavi
Suni süet omuz çantası,1590.0,Çanta,Kahverengi
Suni süet omuz çantası,1590.0,Çanta,Bej
Mini boncuklu çanta,790.0,Çanta,Siyah
Kapaklı omuz çantası,990.0,Çanta,Siyah
Kapaklı omuz çantası,990.0,Çanta,Ekru
Kapaklı omuz çantası,990.0,Çanta,Bej
Yuvarlak kroşe tote çanta,1590.0,Çanta,Ekru
Yuvarlak kroşe tote çanta,1590.0,Çanta,Kahverengi
Kombine kroşe büzgülü çanta,1590.0,Çanta,Ekru
Kombine kroşe büzgülü çanta,1590.0,Çanta,Kahverengi
Yumuşak dokunuşlu fermuarlı omuz çantası,1590.0,Çanta,Karamel
Yumuşak dokulu fermuarlı omuz çantası,1590.0,Çanta,Siyah
Bowling çanta,1490.0,Çanta,Mavi
Pamuklu shopper çanta,1590.0,Çanta,Ekru
Kuşgözü detaylı kese çanta,1490.0,Çanta,Siyah
Yuvarlak delik detaylı çapraz askılı çanta,1490.0,Çanta,Karamel
Ay desenli kumaş çapraz askılı çanta,990.0,Çanta,Lime
Ay desenli kumaş çapraz askılı çanta,990.0,Çanta,Lacivert
Ay desenli kumaş çapraz askılı çanta,990.0,Çanta,Pastel yeşil
Çift saplı çapraz çanta,790.0,Çanta,Bordo
Çift saplı çapraz çanta,790.0,Çanta,Siyah
Çift saplı çapraz çanta,790.0,Çanta,Beyaz
Çift saplı çapraz çanta,790.0,Çanta,Ekru
Suni Deri Bowling Çapraz Askılı Çanta,1190.0,Çanta,Kahverengi
Suni Deri Bowling Çapraz Askılı Çanta,1190.0,Çanta,Siyah
Tote çapraz askili çanta,1090.0,Çanta,SOLUK EFEKTLİ ORTA MAVİ DENIM
Büyük kapaklı mini dikdörtgen çanta,1090.0,Çanta,Kırmızı
Büyük kapaklı mini dikdörtgen çanta,1090.0,Çanta,Siyah
Toka detaylı şehir shopper çantası,2290.0,Çanta,Kahverengi
Çift taraflı Zebra shopper çanta,2290.0,Çanta,Siyah
Yumuşak dokunuşlu ışıltılı omuz çantası,1790.0,Çanta,Bej
"Süet efektli bucket çanta, detaylı saplı",1790.0,Çanta,Kahverengi
Kombinasyon sepet tote çanta,1590.0,Çanta,Altın rengi
Kombinasyon sepet tote çanta,1590.0,Çanta,Beyaz
Kemer şeritli çanta,1590.0,Çanta,Siyah
Metal kapamalı omuz çantası lady,1590.0,Çanta,Siyah
Kalp detaylı omuz çantası,1490.0,Çanta,Siyah
Kalp detaylı omuz çantası,1490.0,Çanta,Mavi
Metal saplı tote çanta,1490.0,Çanta,Kiremit rengi
Metal saplı tote çanta,1490.0,Çanta,Siyah
Kumaş kol çantası,1490.0,Çanta,Fuşya
Kumaş kol çantası,1490.0,Çanta,Mavi
Cepli omuz çantası,1490.0,Çanta,Karamel
Cepli omuz çantası,1490.0,Çanta,Siyah
Parlak pileli omuz çantası,1490.0,Çanta,Siyah
Suni süet tokalı omuz çantası,1490.0,Çanta,Karamel
Toka detaylı omuz çantası,1190.0,Çanta,Siyah
Metal detaylı bowling çanta,1190.0,Çanta,Kahverengi
Fermuarlı bowling tipi çapraz askılı çanta,1190.0,Çanta,Ekru
Fermuar detaylı çapraz askılı çanta,1190.0,Çanta,Ekru
Fermuar detaylı çapraz askılı çanta,1190.0,Çanta,Mavi
Zincir saplı omuz çantası,1190.0,Çanta,Mavi
Zincir saplı omuz çantası,1190.0,Çanta,Siyah
Fermuar detaylı çapraz askılı çanta,1190.0,Çanta,Kahverengi
Yarım ay cepli omuz çantası,1190.0,Çanta,Ekru
Fermuarlı suni deri çanta,1190.0,Çanta,Kahverengi
Fermuarlı suni deri çanta,1190.0,Çanta,Siyah
Kombine shopper çanta,1190.0,Çanta,Kahverengi
Kombine shopper çanta,1190.0,Çanta,Siyah
Kutu şeklinde sert çapraz askılı çanta,1090.0,Çanta,Ekru
Asimetrik mini omuz çantası,1090.0,Çanta,Siyah
Tokalı mini tote çanta,1090.0,Çanta,Mavi
Tokalı mini tote çanta,1090.0,Çanta,Kahverengi
Metalik Asimetrik Süet Görünümlü Klipsli Çanta,1090.0,Çanta,Kahverengi
Zımbalı yarım ay omuz çantası,1090.0,Çanta,Kahverengi
Zımbalı yarım ay omuz çantası,1090.0,Çanta,Siyah
Kutu şeklinde sert çapraz askılı çanta,1090.0,Çanta,Kahverengi
Kontrast file shopper çanta,1090.0,Çanta,Ekru
Mini sert hindistan cevizi görünümlü çapraz askılı çanta,990.0,Çanta,Beyaz
Mini sert çapraz askılı çanta,990.0,Çanta,Bej
Yarım ay omuz çantası,990.0,Çanta,Ekru
Yarım ay omuz çantası,990.0,Çanta,Pembe
Zincirli ay omuz çantası,990.0,Çanta,Beyaz
Zincirli ay omuz çantası,990.0,Çanta,Siyah
Zincirli Ay Şeklinde Omuz Çantası,990.0,Çanta,Kahverengi
Dikiş detaylı uzun çanta,990.0,Çanta,Kahverengi
Uzun zincirli omuz çantası,990.0,Çanta,Beyaz
Uzun zincirli omuz çantası,990.0,Çanta,Siyah
Uzun zincirli omuz çantası,990.0,Çanta,Kırmızı
Uzun zincirli omuz çantası,990.0,Çanta,Bordo
Uzun zincirli omuz çantası,990.0,Çanta,Kahverengi
Zincirli çapraz askılı çanta,990.0,Çanta,Siyah
Zincirli çapraz askılı çanta,990.0,Çanta,Kahverengi
Mini tote çanta,790.0,Çanta,Siyah
Mini tote çanta,790.0,Çanta,Kırmızı
Yumuşak dokunuşlu mini fermuarlı omuz çantası,710.0,Çanta,Kahverengi
Kuşgözü detaylı sert omuz çantası,1190.0,Çanta,Ekru
Kuşgözü detaylı sert omuz çantası,1190.0,Çanta,Pembe
Kuş gözlü sert büzgülü çanta,1190.0,Çanta,Karamel
Toka detaylı city shopper çanta,2290.0,Çanta,Kiremit rengi
Kemerli tote çanta,1590.0,Çanta,Siyah
Püskül detaylı yumuşak dokulu omuz çantası,2290.0,Çanta,Kahverengi
Püskül detaylı yumuşak dokulu omuz çantası,2290.0,Çanta,Karamel
Puantiye ay çapraz askılı çanta,1090.0,Çanta,Beyaz
Kontrast çanta,1690.0,Çanta,Mavi
Kontrast çanta,1690.0,Çanta,Bej
Uzun püsküllü omuz çantası,1590.0,Çanta,Hardal
Kare çapraz askılı el çantası,1590.0,Çanta,Ekru
YUMUŞAK DOKULU OMUZ ÇANTASI,1090.0,Çanta,Kiremit rengi
Zımba detaylı omuz çantası,1190.0,Çanta,Siyah
Puantiye desenli çapraz askılı kemer,1090.0,Çanta,Siyah
Zımbalı kemerli çapraz askılı çanta,1590.0,Çanta,Açık kahverengi
Fermuarlı omuz çantası,1490.0,Çanta,Siyah
Fermuarlı omuz çantası,1490.0,Çanta,Kahverengi
Zımbalı çanta,1790.0,Çanta,Siyah
Yuvarlak Kapamalı Çapraz Askılı Çanta,790.0,Çanta,Bordo
Püsküllü yarım ay kol çantası,1190.0,Çanta,Karamel
Sap Detaylı Omuz Çantası,1090.0,Çanta,Kahverengi
Mini kroşe omuz çantası,1490.0,Çanta,Ekru
Mini kroşe omuz çantası,1490.0,Çanta,Kahverengi
One Dilemma shopper çanta,1190.0,Çanta,Pembe
Zincir detaylı çapraz çanta,1790.0,Çanta,Bej
Denim yarım ay kol çantası,1090.0,Çanta,SOLUK EFEKTLİ ORTA MAVİ DENIM
Yarım ay omuz çantası,990.0,Çanta,Kahverengi
Yumuşak dokunuşlu mini fermuarlı omuz çantası,710.0,Çanta,Siyah
Yumuşak dokunuşlu fermuarlı omuz çantası,950.0,Çanta,Kahverengi
Asimetrik omuz çantası,1490.0,Çanta,Ekru
Yumuşak dokunuşlu tokalı omuz çantası,1490.0,Çanta,Karamel
Yumuşak dokunuşlu tokalı omuz çantası,1490.0,Çanta,Ekru
Naylon bowling çanta,1190.0,Çanta,Kiremit rengi
Naylon bowling çanta,1190.0,Çanta,Siyah
Kare el ve çapraz askılı çanta,1590.0,Çanta,Mavi
Tokalı mini tote çanta,1090.0,Çanta,Siyah
Naylon ay çapraz çanta,990.0,Çanta,Lacivert
Naylon ay çapraz çanta,990.0,Çanta,Siyah
Naylon ay çapraz çanta,990.0,Çanta,Kiremit rengi
Metal saplı mini çanta,1090.0,Çanta,Siyah
Zımbalı kemerli çapraz askılı çanta,1590.0,Çanta,Siyah
Mini tokalı tote çanta,1590.0,Çanta,Siyah
Metal saplı omuz çantası,1590.0,Çanta,Kahverengi
Metal saplı omuz çantası,1590.0,Çanta,Siyah
Mini metal saplı omuz çantası,1490.0,Çanta,Kahverengi
Mini metal saplı omuz çantası,1490.0,Çanta,Siyah
Körük ve kuşgözü detaylı omuz çantası,1490.0,Çanta,Karamel
Mini tokalı tote çanta,1590.0,Çanta,Kiremit rengi
Büyük kapaklı çapraz askılı çanta,1590.0,Çanta,Siyah
Asimetrik Tokalı Postacı Çantası,1090.0,Çanta,Kahverengi
Timsah deseni görünümlü hobo omuz çantası,1590.0,Çanta,Siyah
Timsah deseni görünümlü zincirli omuz çantası,990.0,Çanta,Siyah
Boncuklu mini timsah deseni görünümlü çanta,790.0,Çanta,Kahverengi
Timsah deseni görünümlü yuvarlak kapamalı çapraz askılı çanta,790.0,Çanta,Siyah
Kombine çift saplı omuz çantası,1490.0,Çanta,Kahverengi
Cepli omuz çantası,1190.0,Çanta,Kahverengi
Örgü Bağcıklı Shopper Çanta,1190.0,Çanta,Siyah
Yumuşak suni deri omuz çantası,1590.0,Çanta,Siyah
Timsah deseni görünümlü trapez çapraz askılı çanta,1090.0,Çanta,Siyah
Simli omuz çantası,1090.0,Çanta,Siyah
Yarım ay şeklinde zımbalı kol çantası,990.0,Çanta,Siyah
Büzgülü sap detaylı omuz çantası,1090.0,Çanta,Siyah
Yanları püsküllü omuz çantası,1190.0,Çanta,Karamel
Yanları püsküllü omuz çantası,1190.0,Çanta,Kahverengi
Metal saplı omuz ve çapraz askılı çanta,1590.0,Çanta,Siyah
Metal askılı çanta,2290.0,Çanta,Siyah
Çıtçıtlı suni süet omuz çantası,1190.0,Çanta,Bej
Yumuşak dokunuşlu çapraz askılı çanta,990.0,Çanta,Ekru
Yumuşak dokunuşlu çapraz askılı çanta,990.0,Çanta,Pembe
Yumuşak dokunuşlu çapraz askılı çanta,990.0,Çanta,Karamel
Metal detaylı yuvarlak shopper çanta,1790.0,Çanta,Siyah
2'li top kolye seti,790.0,Bijuteri,Açık pembe
2’li boncuklu kolye seti,790.0,Bijuteri,Ekru
2’li boncuklu kolye seti,470.0,Bijuteri,Kırmızı
3'lü sert bileklik seti,790.0,Bijuteri,Gri
Esnek choker kolye,590.0,Bijuteri,Altın rengi
Esnek choker kolye,590.0,Bijuteri,Gri
3'lü çiçekli lariat kolye seti,350.0,Bijuteri,Altın rengi
2'li küpe ve ear cuff küpe seti,290.0,Bijuteri,Altın rengi
3'lü deniz temalı charm kolye seti,790.0,Bijuteri,Altın rengi
9'lu Kelebek ve Parıltılı Yüzük Seti,490.0,Bijuteri,Altın rengi
ÇİÇEKLİ LARİAT KOLYE,290.0,Bijuteri,Altın rengi
Çift çiçekli emaye bileklik,350.0,Bijuteri,Altın rengi
Minyeli çiçek charm anahtarlık,590.0,Bijuteri,Altın rengi
Güneş figürlü küçük parlak taşlı küpe,590.0,Bijuteri,Altın rengi
Emaye dokulu lariat kolye,350.0,Bijuteri,Ekru
Charm detaylı kordon kolye,490.0,Bijuteri,Altın rengi
Charm detaylı kordon kolye,490.0,Bijuteri,Gri
2'li Sert Bilezik Seti,790.0,Bijuteri,Kahverengi
3'lü Kalp Lariat Kolye Seti,590.0,Bijuteri,Altın rengi
9'lu kalpli ve halka küpe seti,490.0,Bijuteri,Altın rengi
9'lu kalpli ve halka küpe seti,490.0,Bijuteri,Beyaz
9'lu kalpli ve halka küpe seti,490.0,Bijuteri,Gri
Çok halkalı bileklik,470.0,Bijuteri,Altın rengi
Bahçe kolyesi,790.0,Bijuteri,Kırmızı
Bahçe bileklik,590.0,Bijuteri,Kırmızı
6'lı Basic Küpe Seti,350.0,Bijuteri,Altın rengi
2'li yıldız ve kalp uçlu su geçirmez kolye seti,990.0,Bijuteri,Gri
2'li yıldız ve kalp uçlu su geçirmez kolye seti,990.0,Bijuteri,Sarı
2'li sedefli bileklik seti,990.0,Bijuteri,Mavi
2'li kare bileklik seti,990.0,Bijuteri,Mavi
2’li boncuklu kolye seti,790.0,Bijuteri,Yeşil
2’li boncuklu kolye seti,790.0,Bijuteri,Turuncu
2'li kombin bileklik seti,790.0,Bijuteri,Yeşil
2'li kombin bileklik seti,790.0,Bijuteri,Turuncu
Çok amaçlı boncuklu kolye,790.0,Bijuteri,Gri
Çok amaçlı boncuklu kolye,790.0,Bijuteri,Kahverengi
Kala çiçeği bileklik,790.0,Bijuteri,Ekru
3'lü Sert Mine Bileklik Seti,790.0,Bijuteri,Altın rengi
Sedef görünümlü sallantılı küpe,790.0,Bijuteri,Altın rengi
Çoklu yengeç figürlü anahtarlık,790.0,Bijuteri,Mavi
Deniz kabuğu charm anahtarlık,790.0,Bijuteri,Altın rengi
Denizatı charm anahtarlık,590.0,Bijuteri,Beyaz
9'lu deniz yıldızı parlak küpe seti,590.0,Bijuteri,Altın rengi
9'lu deniz yıldızı parlak küpe seti,590.0,Bijuteri,Gri
Esnek Tasma,590.0,Bijuteri,Altın rengi
2'li kristal efektli bileklik seti,590.0,Bijuteri,Kırmızı
Sedef görünümlü choker kolye,590.0,Bijuteri,Turuncu
2'li domates küpe seti,590.0,Bijuteri,Kırmızı
4’lü yusufçuk yüzük seti,590.0,Bijuteri,Altın rengi
2'li elma yüzük seti,590.0,Bijuteri,Yeşil
Çok zincirli kolye,590.0,Bijuteri,Altın rengi
Yelpaze çiçek dokulu küpe,490.0,Bijuteri,Altın rengi
Boncuklu halka küpe,490.0,Bijuteri,Altın rengi
Ay ve Güneş Kolye Seti (4'lü),490.0,Bijuteri,Altın rengi
Mineli çiçek kordon kolye,490.0,Bijuteri,Açık pembe
Mine çiçek küpe,490.0,Bijuteri,Açık pembe
Sallantılı zincir küpe,350.0,Bijuteri,Altın rengi
Uzun püsküllü küpe,350.0,Bijuteri,Altın rengi
Sallantılı halka küpe,350.0,Bijuteri,Altın rengi
Uzun püsküllü küpe,290.0,Bijuteri,Ekru
Su geçirmez 2'li hacimli halka küpe seti,1090.0,Bijuteri,Sarı
Su geçirmez 2'li hacimli halka küpe seti,1090.0,Bijuteri,Gri
9'lu Mini Damla Küpe Seti,490.0,Bijuteri,Altın rengi
9'lu Mini Damla Küpe Seti,490.0,Bijuteri,Gri
2'li emaye halka küpe seti,590.0,Bijuteri,Altın rengi
Zebra charm anahtarlık,470.0,Bijuteri,Beyaz
Sedef efekti çiçek küpe,590.0,Bijuteri,Beyaz
Sert bileklik,590.0,Bijuteri,Altın rengi
Zımbalı büyük sert bileklik,990.0,Bijuteri,Kahverengi
Cala çiçek küpe,490.0,Bijuteri,Ekru
Aynalı uzun güneş küpe,490.0,Bijuteri,Altın rengi
3'lü Mini Hacimli Küpe Seti,490.0,Bijuteri,Altın rengi
3'lü kombine bileklik seti,990.0,Bijuteri,Açık pembe
Dokulu Lazo Kolye,590.0,Bijuteri,Altın rengi
Çoklu meyve charm kolye,990.0,Bijuteri,Kırmızı
Kahve ve kruvasan charm anahtarlık,590.0,Bijuteri,Kahverengi
2'li mini bozuk para kordon kolye seti,590.0,Bijuteri,Altın rengi
Çoklu parıltılı iplikli sert bileklik,590.0,Bijuteri,Altın rengi
Çoklu parıltılı iplikli sert bileklik,350.0,Bijuteri,Gri
Uzun Çok Zincirli Kolye,590.0,Bijuteri,Altın rengi
Uzun püsküllü küpe,350.0,Bijuteri,Siyah
3'lü kristal efektli çiçek yüzük seti,590.0,Bijuteri,Altın rengi
Aşk tanrısı charm anahtarlık,790.0,Bijuteri,Kırmızı
Boncuklu gala çiçeği anahtarlık,790.0,Bijuteri,Beyaz
Mina işlemeli çiçekli lariat kolye,790.0,Bijuteri,Altın rengi
Emaye çiçek şelale zincir küpe,590.0,Bijuteri,Ekru
Eyfel Kulesi ve makaron anahtarlık,790.0,Bijuteri,Kahverengi
Bandana kalp sallantılı anahtarlık,590.0,Bijuteri,Açık pembe
Dokulu Bileklik,490.0,Bijuteri,Altın rengi
2'li deniz yıldızı boncuklu kolye seti,590.0,Bijuteri,Altın rengi
3'lü sert bileklik seti,790.0,Bijuteri,Altın rengi
Mini el çantası kolye,470.0,Bijuteri,Pembe
Mini el çantası kolye,470.0,Bijuteri,Kırmızı
Mini el çantası kolye,470.0,Bijuteri,Gri
Metal örgü charm kolye,590.0,Bijuteri,Altın rengi
Yelpaze emaye küpe,490.0,Bijuteri,Fuşya
Uzun püsküllü kalp küpe,350.0,Bijuteri,Siyah
Dudak aşkı charm anahtarlık,790.0,Bijuteri,Kırmızı
2'li zeytin kolye seti,590.0,Bijuteri,Altın rengi
2'li su geçirmez bileklik seti,1090.0,Bijuteri,Gri
2'li su geçirmez bileklik seti,1090.0,Bijuteri,Sarı
2'li yusufçuk ve çiçek broş seti,490.0,Bijuteri,Altın rengi
İçiçe Geçmiş Dairesel Sert Bileklik,490.0,Bijuteri,Altın rengi
Çok madalyonlu kolye,590.0,Bijuteri,Altın rengi
2'li su geçirmez küpe seti,990.0,Bijuteri,Gri
2'li su geçirmez küpe seti,990.0,Bijuteri,Sarı
3'lü sert zımbalı bileklik seti,790.0,Bijuteri,Kahverengi
2'li asetat bileklik seti,790.0,Bijuteri,Kırmızı
2'li püskül charm kolye seti,350.0,Bijuteri,Altın rengi
2'li uzun kolye seti,470.0,Bijuteri,Altın rengi
Çilek charm anahtarlık,790.0,Bijuteri,Kırmızı
Yelpaze emaye küpe,490.0,Bijuteri,Mavi
Yelpaze emaye küpe,490.0,Bijuteri,Altın rengi
Su geçirmez yılan zincir,990.0,Bijuteri,Gri
Yusufçuk bileklik,790.0,Bijuteri,Altın rengi
3'lü su geçirmez bileklik seti,1090.0,Bijuteri,Gri
3'lü su geçirmez bileklik seti,1090.0,Bijuteri,Sarı
3'lü parlak asetat bileklik seti,990.0,Bijuteri,Turuncu
2'li boncuklu ve deniz kabuklu kolye seti,790.0,Bijuteri,Mavi
Dondurma detaylı anahtarlık,790.0,Bijuteri,Pembe
Yuvarlak Plakalı Metal Kemer,590.0,Bijuteri,Altın rengi
Yuvarlak Plakalı Metal Kemer,590.0,Bijuteri,Gri
Dokulu sallantılı küpe,790.0,Bijuteri,Altın rengi
Dondurma Temalı Charm Anahtarlık,590.0,Bijuteri,Pembe
EKSTRA UZUN KOLYE,470.0,Bijuteri,Altın rengi
Zebra bileklik,990.0,Bijuteri,Beyaz
2'li domates kolye seti,590.0,Bijuteri,Kırmızı
Domates charm anahtarlık,790.0,Bijuteri,Kırmızı
Domates küpe,490.0,Bijuteri,Kırmızı
Yusufçuk küpe,490.0,Bijuteri,Altın rengi
3'lü kombine yemek rozet seti,590.0,Bijuteri,Altın rengi
Domates şelalesi küpe,490.0,Bijuteri,Kırmızı
Çiçekli kordon kolye,590.0,Bijuteri,Ekru
2'li kombin bileklik seti,990.0,Bijuteri,Gri
2'li yuvarlak kolye seti,590.0,Bijuteri,Altın rengi
Sert bileklik,590.0,Bijuteri,Gri
Çivili çiçek bileklik,790.0,Bijuteri,Siyah
Ayna efektli eşkenar dörtgen küpe,290.0,Bijuteri,Altın rengi
2'li güneş figürlü lariat kolye seti,790.0,Bijuteri,Altın rengi
Ayna efektli çiçek küpe,590.0,Bijuteri,Altın rengi
2'li kombin bileklik seti,990.0,Bijuteri,Ekru
Çiçekli halka küpe,590.0,Bijuteri,Altın rengi
Baklava şeklinde sallantılı küpe,350.0,Bijuteri,Altın rengi
5'li kalp ve kiraz broş seti,790.0,Bijuteri,Kırmızı
2'li çivili bileklik seti,590.0,Bijuteri,Siyah
2'li çivili bileklik seti,590.0,Bijuteri,Kahverengi
9'lu çiçek küpe seti,490.0,Bijuteri,Altın rengi
9'lu uğur böceği küpe seti,590.0,Bijuteri,Altın rengi
Tenis charm anahtarlık,590.0,Bijuteri,Pembe
Zımbalı bileklik,790.0,Bijuteri,Ekru
9'lu emaye çiçekli küpe seti,590.0,Bijuteri,Altın rengi
2'li güneş ve kalp broş seti,490.0,Bijuteri,Altın rengi
Boncuklu balık kolye anahtarlık,790.0,Bijuteri,Açık mavi
Dokulu maxi kolye,590.0,Bijuteri,Altın rengi
Kiraz ve boncuklu charm anahtarlık,790.0,Bijuteri,Kırmızı
3'lü çiçek ve yusufçuk kolye seti,590.0,Bijuteri,Altın rengi
Çift renkli çiçek küpe,490.0,Bijuteri,Gri
Çiçek küpe,490.0,Bijuteri,Altın rengi
Papatya çiçekli choker kolye,490.0,Bijuteri,Altın rengi
3'lü bahçe broşu seti,790.0,Bijuteri,Altın rengi
"9'lu Set Halka Küpe, Parlak ve Suni İnci",490.0,Bijuteri,Gri
Hacimli taç,490.0,Bijuteri,Kahverengi
Muz figürlü charm,790.0,Bijuteri,Kahverengi
Puantiye desenli köpek figürlü charm anahtarlık,470.0,The Collective > Paris,Beyaz
Bit detaylı fular,790.0,The Collective > Berlin,Kahverengi
Dantelli pareo,790.0,The Collective > Berlin,Ekru
Dantelli pareo,790.0,The Collective > Berlin,Siyah
Basic açık topuklu ayakkabılar,1590.0,The Collective,SİYAH
Deri charm topuksuz makosenler,2990.0,The Collective,BEJ
Deri bağcıklı deniz ayakkabısı,2690.0,The Collective,BEJ
Suni deri burunlu babet,1790.0,The Collective,BORDO
Dantelli pareo,790.0,The Collective,Kahverengi
Dantelli pareo,790.0,The Collective,Mavi
Dantelli pareo,790.0,The Collective,Pembe
Dantelli pareo,790.0,The Collective,Altın rengi
Boncuklu saç bandı,590.0,The Collective,Siyah
Altıgen epoksi güneş gözlüğü,790.0,The Collective,Kahverengi
Kahverengi deri makosenler,2690.0,The Collective,KAHVERENGİ
Suni deri topuklu ayakkabı,1990.0,The Collective,EKRU
Burunlu deri babet,1990.0,The Collective,KAHVERENGİ
İki malzemeli denizci şapkası,790.0,The Collective,Lacivert
Uzun ekose desenli pareo,990.0,The Collective,Kahverengi
Köpek ve Çiçek Charm Anahtarlık,790.0,The Collective,Kahverengi
Topuksuz deri takunya,2490.0,Yeni koleksiyon > Community | Always On,BEJ
File kumaş elastik bantlı babet,1790.0,Yeni koleksiyon > Community | Always On,EKRU
Charm detaylı file babetler,1990.0,Yeni koleksiyon > Community | Always On,EKRU
Kaplan desenli fular,790.0,Yeni koleksiyon > Community | Always On,Ekru
Pullu sıra baskılı fular,790.0,Yeni koleksiyon > Community | Always On,Ekru
Pullu sıra baskılı fular,790.0,Yeni koleksiyon > Community | Always On,Açık mavi
Dikdörtgen desenli fular,590.0,Yeni koleksiyon > Community | Always On,Mavi
Parlak fular,790.0,Yeni koleksiyon > Community | Always On,Ekru
Oval madeni para metal kemer,590.0,Yeni koleksiyon > Community | Always On,Altın rengi
Taşlı kroşe başlık,790.0,Yeni koleksiyon > Community | Always On,Lacivert
Taşlı kroşe başlık,790.0,Yeni koleksiyon > Community | Always On,Turuncu
Taşlı kroşe başlık,790.0,Yeni koleksiyon > Community | Always On,Kahverengi
Taşlı kasket,790.0,Yeni koleksiyon > Community | Always On,Ekru
Boncuklu ıstakoz charm,790.0,Yeni koleksiyon > Community | Always On,Kırmızı
Boncuklu çiçek charm anahtarlık,790.0,Yeni koleksiyon > Community | Always On,Ekru
Askılı delikli babet,2490.0,Yeni koleksiyon > The collective,BEJ
"File babet, bantlı",1790.0,Yeni koleksiyon > The collective,KIRMIZI
"File babet, bantlı",1790.0,Yeni koleksiyon > The collective,SİYAH
Balon yelek,2290.0,Yeni koleksiyon > The collective,Krem rengi
Yuvarlak denizci şapkası,990.0,Yeni koleksiyon > The collective,Ekru
Geniş kuşgözü detaylı kemer,790.0,Yeni koleksiyon > The collective,Kahverengi
Çiçek parçalı zincir kemer,590.0,Yeni koleksiyon > The collective,Gri
Büyük oval metal kemer,590.0,Yeni koleksiyon > The collective,Gri
Metal suni deri kemer,790.0,Yeni koleksiyon > The collective,Kahverengi
Pullu pareo,990.0,Yeni koleksiyon > The collective,Ekru
Metal elastik kemer,790.0,Yeni koleksiyon > The collective,Altın rengi
Metal taşlı renkli zincir kemer,790.0,Yeni koleksiyon > The collective,Ekru
DİKDÖRTGEN GÖZLÜK,590.0,Yeni,Siyah
Suni süet zımbalı bel çantası kemer,1090.0,Yeni,Bej
İşlemeli şapka,590.0,Yeni,Açık mavi
İşlemeli şapka,590.0,Yeni,Kahverengi
Deri detaylı spor ayakkabı,2690.0,Yeni,PEMBE
Halter örme top,590.0,Yeni,Koyu lacivert
Halter örme top,590.0,Yeni,Pembe
Halter örme top,590.0,Yeni,Kahverengi
Halter örme top,590.0,Yeni,Bej
Dantel detaylı askılı bluz,590.0,Yeni,Açık sarı
Dantel detaylı askılı bluz,590.0,Yeni,Siyah
Dantel detaylı askılı bluz,590.0,Yeni,Açık gri
Fitilli çizgili top,790.0,Yeni,Kahverengi
Halter çizgili top,790.0,Yeni,Koyu lacivert
Kare yaka dikişsiz bluz,790.0,Yeni,Açık sarı
Büyük boncuklu cüzdan,990.0,Yeni,Pembe
Denizci şapkası,790.0,Yeni,Pembe
Dikişli hasır kemer,790.0,Yeni,Kahverengi
Dikişli hasır kemer,790.0,Yeni,Mavi
Deri detaylı spor ayakkabı,1880.0,Yeni > STR Teen,BEJ
6'lı toka seti,450.0,Yeni > Casual Spor,Açık sarı
6'lı toka seti,450.0,Yeni > Casual Spor,Mavi
Brooklyn şapka,790.0,Yeni > Casual Spor,Lacivert
Günlük deri spor ayakkabı,1990.0,Yeni > Ayakkabı,MAVİ
Günlük deri spor ayakkabı,1990.0,Yeni > Ayakkabı,PEMBE
Günlük deri spor ayakkabı,1990.0,Yeni > Ayakkabı,BEJ
Örgülü arkası açık babet,1990.0,Yeni > Ayakkabı,ALTIN
Dikdörtgen taşlı güneş gözlüğü,590.0,Yeni > Aksesuar,Siyah
Dikdörtgen taşlı güneş gözlüğü,590.0,Yeni > Aksesuar,Kahverengi
Küçük boncuklu cüzdan,790.0,Yeni > Aksesuar,Pembe
2’li elastik kürk bandı seti,350.0,Yeni > Aksesuar,Açık mavi
Detaylı spor ayakkabı,1990.0,Yeni koleksiyon > Community | STR Teen,BEJ
Soluk efektli çivili şapka,790.0,Yeni koleksiyon > Community | STR Teen,Mavi
New york şapka,790.0,Yeni koleksiyon > Community | STR Teen,Siyah
Volanlı asimetrik tişört,790.0,Ürüne göre alışveriş,Siyah
Volanlı asimetrik tişört,790.0,Ürüne göre alışveriş,Koyu kırmızı
Volanlı asimetrik tişört,790.0,Ürüne göre alışveriş,Pembe
LA baskılı t-shirt,590.0,Ürüne göre alışveriş,Pembe
Kruvaze yelek,1590.0,Ürüne göre alışveriş,Siyah
Puantiye desenli fular,590.0,Ürüne göre alışveriş > Puantiye desenli,Ekru
Puantiye desenli fular,590.0,Ürüne göre alışveriş > Puantiye desenli,Pembe
2'li puantiyeli kürk toka seti,490.0,Ürüne göre alışveriş > Puantiye desenli,Kahverengi
Puantiye makyaj çantası,550.0,Ürüne göre alışveriş > Puantiye desenli,Siyah
Puantiye makyaj çantası,550.0,Ürüne göre alışveriş > Puantiye desenli,Kahverengi
Puantiye desenli kartlık cüzdan,550.0,Ürüne göre alışveriş > Puantiye desenli,Siyah
Puantiye desenli kartlık cüzdan,550.0,Ürüne göre alışveriş > Puantiye desenli,Kahverengi
Çift tokalı kemer,590.0,Ürüne göre alışveriş > Festival Season,Kahverengi
Görünüm,1790.0,Ürüne göre alışveriş > Latest trends,Beyaz
Fiyonk burunlu babet,1250.0,Ürüne göre alışveriş > Promosyonlar,SİYAH
Kadın spor ayakkabı,1040.0,Ürüne göre alışveriş > Promosyonlar,BEYAZ
Çift Bağcıklı Günlük Spor Ayakkabı,1390.0,Ürüne göre alışveriş > Promosyonlar,BORDO
File topuklu ayakkabı,1390.0,Ürüne göre alışveriş > Promosyonlar,SİYAH
Saten ince tabanlı spor ayakkabı,1250.0,Ürüne göre alışveriş > Promosyonlar,KAHVERENGİ
Saten ince tabanlı spor ayakkabı,1250.0,Ürüne göre alışveriş > Promosyonlar,SİYAH
Deri detaylı ince tabanlı spor ayakkabı,1390.0,Ürüne göre alışveriş > Promosyonlar,BORDO
İnce tabanlı yumuşak spor ayakkabı,1250.0,Ürüne göre alışveriş > Promosyonlar,BEYAZ
Metal çiçekli saç tokası,290.0,Ürüne göre alışveriş > Promosyonlar,Ekru
Çiçek saç tokası,270.0,Ürüne göre alışveriş > Promosyonlar,Kırmızı
Çiçek saç tokası,270.0,Ürüne göre alışveriş > Promosyonlar,Ekru
Çiçek saç tokası,270.0,Ürüne göre alışveriş > Promosyonlar,Açık mavi
Çiçek saç tokası,270.0,Ürüne göre alışveriş > Promosyonlar,Açık pembe
Metalik efektli spor ayakkabı,1250.0,Ürüne göre alışveriş > Promosyonlar,GÜMÜŞ
Çiçek saç tokası,270.0,Ürüne göre alışveriş > Promosyonlar,Koyu mavi
Çiçek saç tokası,270.0,Ürüne göre alışveriş > Promosyonlar,Altın rengi
Çiçek saç tokası,270.0,Ürüne göre alışveriş > Promosyonlar,Kahverengi
Corgi köpek figürlü anahtarlık,470.0,Ürüne göre alışveriş > Promosyonlar,Kahverengi
İnce tabanlı deri detaylı spor ayakkabı,1390.0,Ürüne göre alışveriş > Promosyonlar,KIRMIZI
Suni süet terlik,1390.0,Ürüne göre alışveriş > Promosyonlar,KAHVERENGİ
Balaklava,990.0,Teen Squad,Siyah
Balaklava,990.0,Teen Squad,Ekru
Detaylı spor ayakkabı,1990.0,Ayakkabı ve aksesuar,BEYAZ
Siyah suni deri makosenler,1990.0,Ayakkabı ve aksesuar,SİYAH
2'li MAXI YUMUŞAK DOKULU SAÇ TOKASI SETİ,450.0,Aksesuar,Pembe
2'li MAXI YUMUŞAK DOKULU SAÇ TOKASI SETİ,450.0,Aksesuar,Açık mavi
5'li kürk lastik toka seti,350.0,Aksesuar,Siyah
Günlük deri spor ayakkabı,1990.0,Spor ayakkabı,KAHVERENGİ
Günlük suni süet spor ayakkabı,1990.0,Spor ayakkabı,Mavi
Deri detaylı delikli spor ayakkabı,1990.0,Spor ayakkabı,KAHVERENGİ
Deri detaylı delikli spor ayakkabı,1990.0,Spor ayakkabı,BEJ
Saten ince tabanlı spor ayakkabı,1790.0,Spor ayakkabı,SARI
Günlük retro spor ayakkabı,1790.0,Spor ayakkabı,BEYAZ
Platform günlük spor ayakkabı,1590.0,Spor ayakkabı,BEYAZ
Suni süet file spor ayakkabı,1790.0,Spor ayakkabı,BEJ
File detaylı deri spor ayakkabı,1990.0,Spor ayakkabı,KIRMIZI
Saten yüzeyli topuklu ayakkabı,1990.0,Aksesuar,KAHVERENGİ
File zımbalı babetler,2490.0,Aksesuar,SİYAH
Fiyonklu topuklu ayakkabı,1990.0,Aksesuar,BORDO
Burnu açık topuklu ayakkabı,1990.0,Aksesuar,KIRMIZI
Saten yüzeyli topuklu ayakkabılar,1790.0,Aksesuar,MAVİ
Taşlı file topuklu ayakkabı,2490.0,Aksesuar,BEJ
Tokalı deri takunyalar,1990.0,Aksesuar,BEJ
Suni süet arkası açık babet,1590.0,Aksesuar,BEJ
Mikro delikli platform spor ayakkabı,1490.0,Aksesuar,BEJ
Deri topuklu ayakkabı,2690.0,Aksesuar,KAHVERENGİ
Deri topuklu ayakkabı,2690.0,Aksesuar,SİYAH
Suni deri babuç,1990.0,Aksesuar,KAHVERENGİ
Basic topuklu ayakkabı,1590.0,Aksesuar,SİYAH
"Geniş topuklu, arkası açık ayakkabı",1790.0,Aksesuar,SİYAH
Ajurlu topuklu ayakkabı,2690.0,Aksesuar,BEYAZ
Düz deri terlik,2490.0,Aksesuar,BEJ
Platformlu tekne ayakkabısı,2690.0,Aksesuar,KAHVERENGİ
Metal saplı gözlük,590.0,Aksesuar,Siyah
Metal saplı gözlük,590.0,Aksesuar,Kahverengi
Fiyonklu şapka,790.0,Aksesuar,Pembe
Fiyonklu çizgili şapka,790.0,Aksesuar,Mavi
Reçine güneş gözlüğü,590.0,Aksesuar,Siyah
Simli fermuarlı cüzdan,550.0,Aksesuar,Pembe
Simli fermuarlı cüzdan,550.0,Aksesuar,Açık mavi
Believe şapka,590.0,Aksesuar,Mavi
Basic parlak suni deri kemer,590.0,Aksesuar,Siyah
Basic parlak suni deri kemer,590.0,Aksesuar,Kahverengi
Çift Halkalı Basic Kemer,590.0,Aksesuar,Siyah
Parlak kartlık,550.0,Aksesuar,Pembe
Parlak kartlık,550.0,Aksesuar,Açık mavi
SAFIANO KARTLIK CÜZDAN,550.0,Aksesuar,Beyaz
SAFIANO KARTLIK CÜZDAN,550.0,Aksesuar,Sarı
Basic timsah deseni görünümlü cüzdan,550.0,Aksesuar,Fuşya
Basic timsah deseni görünümlü cüzdan,550.0,Aksesuar,Siyah
Timsah deseni görünümlü kartlık cüzdan,550.0,Aksesuar,Koyu gri
Timsah deseni görünümlü kartlık cüzdan,550.0,Aksesuar,Ekru
Timsah deseni görünümlü kartlık cüzdan,550.0,Aksesuar,Bordo
Üst Üste Tokalı Kemer,490.0,Aksesuar,Kahverengi
Üst Üste Tokalı Kemer,490.0,Aksesuar,Siyah
N. 004 bağımlılık yapan esans iksir parfüm 100 ml,990.0,Aksesuar,Altın rengi
DALGALI PARA VE ZIMBA KEMER,990.0,Aksesuar,Siyah
N.120 Rose Vanilla Elixir parfüm,990.0,Aksesuar,Açık sarı
Yuvarlak detaylı güneş gözlüğü,790.0,Aksesuar,Haki
Şeffaf yuvarlak zımbalı kemer,790.0,Aksesuar,Altın rengi
Kuş gözü detaylı kemer,790.0,Aksesuar,Kahverengi
Rozetli şapka,790.0,Aksesuar,Kahverengi
Kare epoksi cat eye güneş gözlüğü detaylı,790.0,Aksesuar,Kahverengi
Kare epoksi cat eye güneş gözlüğü,790.0,Aksesuar,Kahverengi
Çivili Şapka,790.0,Aksesuar,Siyah
N.058 Vanilla bliss eau de parfum,790.0,Aksesuar,Ekru
Snoopy anahtarlık,790.0,Aksesuar,Beyaz
Püsküllü eşarp,590.0,Aksesuar,Ekru
Çiçekli tığ işi fular,590.0,Aksesuar,Ekru
Kontrast çizgili fular,590.0,Aksesuar,Altın rengi
Kare çizgili fular,590.0,Aksesuar,Ekru
Kare çizgili fular,590.0,Aksesuar,Mavi
Kare çizgili fular,590.0,Aksesuar,Lime
Asma kilitli fular,590.0,Aksesuar,Kahverengi
Organik tokalı kemer,590.0,Aksesuar,Kahverengi
Basic kovboy tokalı kemer,590.0,Aksesuar,Siyah
Fermuarlı cüzdan,590.0,Aksesuar,Kırmızı
Fermuarlı cüzdan,590.0,Aksesuar,Siyah
Fermuarlı cüzdan,590.0,Aksesuar,Ekru
8 Numara Charm Anahtarlık,590.0,Aksesuar,Siyah
Yarı geniş suni süet kemer,590.0,Aksesuar,Siyah
Yarı geniş suni süet kemer,590.0,Aksesuar,Altın rengi
Suni deri görünümlü kartlık cüzdan,550.0,Aksesuar,Pembe
Uzun parlak kartlık cüzdan,550.0,Aksesuar,Pembe
Simli fermuarlı kartlık,550.0,Aksesuar,Kahverengi
Dikdörtgen cüzdan,550.0,Aksesuar,Ekru
Çekme detaylı kartlık cüzdan,550.0,Aksesuar,Ekru
Basic timsah deseni görünümlü cüzdan,550.0,Aksesuar,Koyu gri
Basic timsah deseni görünümlü cüzdan,550.0,Aksesuar,Ekru
Basic timsah deseni görünümlü cüzdan,550.0,Aksesuar,Bordo
Dikdörtgen Cüzdan,550.0,Aksesuar,Siyah
PAİSLEY ÇİÇEKLİ EŞARP,490.0,Aksesuar,Kahverengi
Mini makyaj çantası,490.0,Aksesuar,Siyah
Mini makyaj çantası,490.0,Aksesuar,Kırmızı
Oval epoksi güneş gözlüğü,790.0,Aksesuar,Bordo
Dantelli çizgili pareo,790.0,Aksesuar,Mavi
N.033 MOCHA MOUSSE INTENSE EAU DE PARFUM 100 ML,990.0,Aksesuar,Kahverengi
N.136 ROSE CLOUD INTENSE EAU DE PARFUM 100 ML,990.0,Aksesuar,Pembe
N.056 vanilya damlası intense eau de parfum,990.0,Aksesuar,Siyah
Püsküllü pareo fular,790.0,Aksesuar,Siyah
Weekend şapka,590.0,Aksesuar,Krem rengi
Altın detaylı kemer,790.0,Aksesuar,Kahverengi
basic zımbalı kemer,590.0,Aksesuar,Açık sarı
Basic fermuarlı cüzdan,550.0,Aksesuar,Bej
Basic fermuarlı bozuk para cüzdanı,550.0,Aksesuar,Bordo
Rondel kemer,1090.0,Aksesuar,Kahverengi
Yanları boncuklu kemer,590.0,Aksesuar,Kahverengi
Yanları boncuklu kemer,590.0,Aksesuar,Pembe
Kalın tokalı kemer,590.0,Aksesuar,Kahverengi
Çizgili kumaş saç tokası,450.0,Aksesuar,Sarı
Saten sert taç,450.0,Aksesuar,Kahverengi
Saten sert taç,450.0,Aksesuar,Mavi
Suni deri kartlık,550.0,Aksesuar,Beyaz
Suni deri kartlık,550.0,Aksesuar,Altın rengi
SUNİ DERİ GÖRÜNÜMLÜ FERMUARLI CÜZDAN,550.0,Aksesuar,Beyaz
SUNİ DERİ GÖRÜNÜMLÜ FERMUARLI CÜZDAN,550.0,Aksesuar,Altın rengi
UZUN SAFIANO KARTLIK CÜZDAN,550.0,Aksesuar,Beyaz
N.032 VANILLA ADDICTION EAU DE PARFUM 50 ML,790.0,Aksesuar,Ekru
Denim kasket,790.0,Aksesuar,SOLUK EFEKTLİ ORTA MAVİ DENIM
San Francisco şapka,590.0,Aksesuar,Lacivert
Suni süet sloganlı şapka,790.0,Aksesuar,Bej
Suni süet sloganlı şapka,790.0,Aksesuar,Kahverengi
İki renkli metal kemer,790.0,Aksesuar,Altın rengi
N.180 Solar Breeze saç ve vücut parfümü,790.0,Aksesuar,Açık sarı
N.179 Coco Kiss saç ve vücut parfümü,790.0,Aksesuar,Ekru
N.028 GOLDEN SUBLIME ELIXIR PARFUM 100 ML,990.0,Aksesuar,Altın rengi
N.059 OPULENT GLOW İKSİR PARFÜM 100 ML,990.0,Aksesuar,Altın rengi
Metal detaylı fitilli bere,490.0,Aksesuar,Kahverengi
Metal detaylı fitilli bere,490.0,Aksesuar,Siyah
Metal detaylı fitilli bere,490.0,Aksesuar,Ekru
Metal detaylı fitilli bere,490.0,Aksesuar,Koyu mavi
Metal detaylı fitilli bere,490.0,Aksesuar,Kırmızı
Metal detaylı fitilli bere,490.0,Aksesuar,Açık gri
Metal detaylı fitilli bere,490.0,Aksesuar,Bej
Suni süet efektli kartlık cüzdan,550.0,Aksesuar,Kahverengi
Basic kare tokalı kemer,590.0,Aksesuar,Kahverengi
Cüzdan aplikeli kemer,790.0,Aksesuar,Kahverengi
Uzun tokalı kemer,790.0,Aksesuar,Siyah
Yan tokalı kemer,790.0,Aksesuar,Siyah
Geniş rozet püsküllü kemer,990.0,Aksesuar,Açık kahverengi
Uzun parçalı zımbalı kemer,990.0,Aksesuar,Siyah
Mat tokalı basic kemer,590.0,Aksesuar,Siyah
BASIC dövme tokalı kemer,590.0,Aksesuar,Siyah
METAL DETAYLI KEMER,590.0,Aksesuar,Altın rengi
Asimetrik çoklu zımbalı kemer,990.0,Aksesuar,Kahverengi
Asimetrik çoklu zımbalı kemer,990.0,Aksesuar,Siyah
ÇİFT TOKALI SUNİ SÜET KEMER,590.0,Aksesuar,Kahverengi
Yuvarlak metal kemer,590.0,Aksesuar,Gri
Püsküllü çanta uçlu anahtarlık,790.0,Aksesuar,Bej
2'li muz toka seti,450.0,Aksesuar,Kahverengi
Düz üst metal güneş gözlüğü,790.0,Aksesuar,Mavi
DİKDÖRTGEN MAVİ IŞIK GÖZLÜĞÜ,590.0,Aksesuar,Siyah
KÜÇÜK OVAL EPOKSİ GÜNEŞ GÖZLÜĞÜ,590.0,Aksesuar,Siyah
Kare pilot güneş gözlüğü,790.0,Aksesuar,Pembe
Kare renkli camlı epoksi güneş gözlüğü,790.0,Aksesuar,Kahverengi
Yuvarlak epoksi güneş gözlüğü,790.0,Aksesuar,Haki
Kare epoksi güneş gözlüğü,790.0,Aksesuar,Kahverengi
METALİK MAVİ IŞIK FİLTRELİ GÖZLÜK,790.0,Aksesuar,Altın rengi
Kontrast fular,990.0,Aksesuar,Kahverengi
Bugs Bunny charm anahtarlık,790.0,Aksesuar,Koyu gri
Tweety charm anahtarlık,790.0,Aksesuar,Açık pembe
N.031 Vanilla Woods Elixir parfüm,990.0,Aksesuar,Açık sarı
N.168 eau de toilette,590.0,Aksesuar,Pembe
Pembe kek vücut spreyi,490.0,Aksesuar,Açık pembe
Coco & sun vücut spreyi,490.0,Aksesuar,Altın rengi
Güneşin mutluluğu vücut spreyi,490.0,Aksesuar,Altın rengi
Güneşin mutluluğu iksir parfümü,790.0,Aksesuar,Altın rengi
Ay ışığı vücut spreyi,490.0,Aksesuar,Pembe
Vanilya karamel vücut spreyi,490.0,Aksesuar,Altın rengi
Altın Rengi Çivili Kemer,590.0,Aksesuar,Bej
Çift Tokalı Kemer,490.0,Aksesuar,Siyah
Basic Tokalı Kemer,490.0,Aksesuar,Kahverengi
Metal halkalı kemer,590.0,Aksesuar,Kahverengi
Altıgen Metal Gözlük,590.0,Aksesuar,Kahverengi
Retro tarzı taşlı güneş gözlüğü,590.0,Aksesuar,Haki
Metal Dikdörtgen Güneş Gözlüğü,590.0,Aksesuar,Altın rengi
Zincir Detaylı Fermuarlı Cüzdan,590.0,Aksesuar,Kiremit rengi
N.121 Radiance Vanilla Elixir parfüm,990.0,Aksesuar,Açık sarı
Pink moon vücut spreyi,490.0,Aksesuar,Soluk pembe
Suni kürklü makyaj çantası,590.0,Aksesuar,Ekru
N.130 Manolya çiçeği saç ve vücut parfümü,790.0,Aksesuar,Pembe
Basic yuvarlak tokalı kemer,590.0,Aksesuar,Açık kahverengi
Dikişli Asimetrik Tokalı Kemer,490.0,Aksesuar,Kahverengi
Ponponlu Fermuarlı Cüzdan,590.0,Aksesuar,Siyah
Basic fermuarlı cüzdan,490.0,Aksesuar,Siyah
Basic fermuarlı cüzdan,490.0,Aksesuar,Pembe
Basic fermuarlı cüzdan,490.0,Aksesuar,Bordo
Basic fermuarlı cüzdan,490.0,Aksesuar,Koyu gri
Basic Fermuarlı Cüzdan,590.0,Aksesuar,Siyah
Silk eau de toilette Nº101 - 100 ML,790.0,Aksesuar,Açık sarı
Wood Eau de toilette - 100 ML,790.0,Aksesuar,Bej
Cashmere eau de toilette Nº161 - 100 ML,790.0,Aksesuar,Soluk pembe
Basic atkı,790.0,Aksesuar,Koyu mavi
Basic atkı,790.0,Aksesuar,Ekru
Fırçalanmış İplik Atkı,790.0,Aksesuar,Ekru
Fırçalanmış İplik Atkı,790.0,Aksesuar,Siyah
Fırçalanmış İplik Atkı,790.0,Aksesuar,Açık gri
Kareli Atkı,790.0,Aksesuar,Ekru
Basic atkı,790.0,Aksesuar,Bordo
Basic atkı,790.0,Aksesuar,Siyah
Fermuarlı bozuk para cüzdanı,490.0,Aksesuar,Siyah
Fermuarlı bozuk para cüzdanı,490.0,Aksesuar,Bordo
Denim fermuarlı bozuk para cüzdanı,550.0,Aksesuar,SOLUK EFEKTLİ ORTA MAVİ DENIM
N.063 Kiraz Çiçeği eau de toilette,590.0,Aksesuar,Bordo
Modern Buket nº115,590.0,Aksesuar,Mor
Unique nº141,590.0,Aksesuar,Soluk pembe
N.15 Our essence eau de parfum,790.0,Aksesuar,Lila
Basic düz atkı,990.0,Aksesuar,Bordo
Basic düz atkı,990.0,Aksesuar,Siyah
Basic düz atkı,990.0,Aksesuar,Ekru
Leopar desenli atkı,990.0,Aksesuar,Kahverengi
Pretty blossom nº 133,790.0,Aksesuar,Ekru
Romance nº 134,790.0,Aksesuar,Pembe
Boncuklu fular,1090.0,Aksesuar,Siyah
Yuvarlak metal güneş gözlüğü,590.0,Aksesuar,Altın rengi
Metal Ayı Charm,590.0,Aksesuar,Altın rengi
Metal Ayı Charm,590.0,Aksesuar,Kahverengi
Geniş saplı dikdörtgen gözlük,790.0,Aksesuar,Siyah
Pullu kroşe kasket,790.0,Aksesuar,Ekru
Hello kitty charm anahtarlık,790.0,Aksesuar,Mavi
Kuş gözlü kemer,790.0,Aksesuar,Siyah
Çizgili eşarp,590.0,Aksesuar,Koyu mavi
N.176 Berry delicious eau de toilette,990.0,Aksesuar,Bordo
N.178 Tropical tango eau de toilette,990.0,Aksesuar,Ekru
Çizgili sert taç,450.0,Aksesuar,Mavi
Çizgili sert taç,450.0,Aksesuar,Açık pembe
Flamingo paçuli fular,490.0,Aksesuar,Ekru
Desenli fular,490.0,Aksesuar,Kahverengi
Püsküllü suni süet pareo,790.0,Aksesuar,Ekru
Zımbalı kalp kürk klipsi,450.0,Aksesuar,Kahverengi
Leopar desenli parlak şapka,790.0,Şapka ve bere,Bej
ROSE BLOOM N.108 EAU DE PARFUM 50 ML,790.0,Parfümler,Pembe
Pullu file fular,790.0,Ürüne göre satın al > Atkı ve fular,Siyah
Pullu file fular,790.0,Ürüne göre satın al > Atkı ve fular,Gri
Pullu file fular,790.0,Ürüne göre satın al > Atkı ve fular,Kahverengi
Uzun fular,990.0,Ürüne göre satın al > Atkı ve fular,Altın rengi
