item_name,price,category,color
Dökümlü barrel pantolon,1190.0,Keten karışımlı,Krem rengi
Dökümlü barrel pantolon,1190.0,Keten karışımlı,Ekru
Dökümlü barrel pantolon,1190.0,Keten karışımlı,Açık mavi
Keten görünümlü dökümlü pantolon,1190.0,Keten karışımlı,Haki
Keten görünümlü dökümlü pantolon,1190.0,Keten karışımlı,Siyah
Keten görünümlü dökümlü pantolon,1190.0,Keten karışımlı,Ekru
Keten görünümlü dökümlü pantolon,1190.0,Keten karışımlı,Koyu lacivert
Keten görünümlü dökümlü pantolon,1190.0,Keten karışımlı,Kahverengi
Keten görünümlü dökümlü pantolon,1190.0,Keten karışımlı,Krem rengi
V Yaka Uzun Elbise,1790.0,Keten karışımlı,Açık sarı
"Sırt dekolteli, parlak detaylı kısa elbise",1790.0,Keten karışımlı,Koyu lacivert
Geniş paça keten görünümlü pantolon,1190.0,Keten karışımlı,Koyu lacivert
Geniş paça keten görünümlü pantolon,1190.0,Keten karışımlı,Ekru
Düğmeli yelek,990.0,Keten karışımlı,Kahverengi
Düğmeli yelek,990.0,Keten karışımlı,Ekru
Düğmeli yelek,990.0,Keten karışımlı,Mavi
Düğmeli yelek,990.0,Keten karışımlı,Altın rengi
Düğmeli yelek,990.0,Keten karışımlı,Krem rengi
Düğmeli yelek,990.0,Keten karışımlı,Haki
"Kemerli, keten görünümlü düz paça pantolon",1590.0,Keten karışımlı,Kahverengi
"Kemerli, keten görünümlü düz paça pantolon",1590.0,Keten karışımlı,Ekru
"Kemerli, keten görünümlü düz paça pantolon",1590.0,Keten karışımlı,Açık sarı
Keten etkili dökümlü gömlek,1190.0,Keten karışımlı,Altın rengi
Keten etkili dökümlü gömlek,1190.0,Keten karışımlı,Siyah
Keten etkili dökümlü gömlek,1190.0,Keten karışımlı,Beyaz
Keten etkili dökümlü gömlek,1190.0,Keten karışımlı,Açık mavi
Keten etkili dökümlü gömlek,1190.0,Keten karışımlı,Pembe
Keten etkili dökümlü gömlek,1190.0,Keten karışımlı,Açık pembe
Keten etkili dökümlü gömlek,1190.0,Keten karışımlı,Kahverengi
Keten görünümlü çapraz askılı top,790.0,Keten karışımlı,Kahverengi
Keten görünümlü çapraz askılı top,790.0,Keten karışımlı,Beyaz
Keten görünümlü çapraz askılı top,790.0,Keten karışımlı,Altın rengi
Ayarlanabilir düğmeli keten karışımlı bol paça pantolon,1590.0,Keten karışımlı,Ekru
Ayarlanabilir düğmeli keten karışımlı bol paça pantolon,1590.0,Keten karışımlı,Mavi
Ayarlanabilir düğmeli keten karışımlı bol paça pantolon,1590.0,Keten karışımlı,Kahverengi
Ayarlanabilir düğmeli keten karışımlı bol paça pantolon,1590.0,Keten karışımlı,Haki
Çok bantlı topuklu sandalet,1790.0,Keten karışımlı,KAHVERENGİ
Çok bantlı topuklu sandalet,1790.0,Keten karışımlı,ALTIN
Kemerli dökümlü şort,1490.0,Keten karışımlı,Kahverengi
Kemerli dökümlü şort,1490.0,Keten karışımlı,Ekru
Kemerli dökümlü şort,1490.0,Keten karışımlı,Koyu lacivert
Dökümlü pareo pantolon,1490.0,Keten karışımlı,Haki
Dökümlü pareo pantolon,1490.0,Keten karışımlı,Krem rengi
Dökümlü Sarong Pantolon,1490.0,Keten karışımlı,Siyah
Keten görünümlü yarasa kollu gömlek,1590.0,Keten karışımlı,Altın rengi
Keten görünümlü yarasa kollu gömlek,1590.0,Keten karışımlı,Beyaz
Keten görünümlü yarasa kollu gömlek,1590.0,Keten karışımlı,Lacivert
Keten görünümlü yarasa kollu gömlek,1590.0,Keten karışımlı,Krem rengi
Dökümlü kruvaze blazer,2290.0,Keten karışımlı,Kahverengi
Dökümlü kruvaze blazer,2290.0,Keten karışımlı,Ekru
Dökümlü kruvaze blazer,2290.0,Keten karışımlı,Mavi
Qipao halter düğmeli top,1090.0,Keten karışımlı,Koyu mavi
Kırışık görünümlü straight fit pantolon,1190.0,Keten karışımlı,Siyah
Kırışık görünümlü straight fit pantolon,1190.0,Keten karışımlı,Ekru
Kırışık görünümlü straight fit pantolon,1190.0,Keten karışımlı,Kahverengi
Kırışık görünümlü straight fit pantolon,1190.0,Keten karışımlı,Haki
Büzgülü dokulu tişört,790.0,Keten karışımlı,Siyah
Büzgülü dokulu tişört,790.0,Keten karışımlı,Ekru
Büzgülü dokulu tişört,790.0,Keten karışımlı,Kahverengi
Büzgülü dokulu tişört,790.0,Keten karışımlı,Haki
Keten görünümlü gömlek,1190.0,Keten karışımlı,Açık mavi
Keten görünümlü gömlek,1190.0,Keten karışımlı,Koyu lacivert
Keten görünümlü gömlek,1190.0,Keten karışımlı,Kahverengi
Keten görünümlü gömlek,1190.0,Keten karışımlı,Krem rengi
Keten görünümlü gömlek,1190.0,Keten karışımlı,Haki
Qipao halter yaka düğmeli üst,1090.0,Keten karışımlı,Beyaz
Qipao halter yaka düğmeli üst,1090.0,Keten karışımlı,Turkuaz
Qipao halter yaka düğmeli üst,1090.0,Keten karışımlı,Açık pembe
Qipao halter yaka düğmeli üst,1090.0,Keten karışımlı,Kahverengi
Keten görünümlü şalvar pantolon,1490.0,Keten karışımlı,Beyaz
Keten görünümlü şalvar pantolon,1490.0,Keten karışımlı,Pembe
Keten görünümlü şalvar pantolon,1490.0,Keten karışımlı,Kahverengi
Bengalinden halter yaka üst,1090.0,Keten karışımlı,Kahverengi
Bohem midi etek,1390.0,Keten karışımlı,Beyaz
Bohem midi etek,1390.0,Keten karışımlı,Siyah
Bohem midi etek,1390.0,Keten karışımlı,Kahverengi
Vücuda oturan rustik blazer,2290.0,Keten karışımlı,Beyaz
Vücuda oturan rustik blazer,2290.0,Keten karışımlı,Siyah
Keten görünümlü straight fit pantolon,1590.0,Keten karışımlı,Kahverengi
Keten görünümlü straight fit pantolon,1590.0,Keten karışımlı,Ekru
basic keten görünümlü yelek,1490.0,Keten karışımlı,Beyaz
Keten görünümlü yelek,1490.0,Keten karışımlı,Krem rengi
Keten görünümlü düğmeli yelek,1490.0,Keten karışımlı,Siyah
Keten karışımlı şık şort,1190.0,Keten karışımlı,Kahverengi
Keten karışımlı şık şort,1190.0,Keten karışımlı,Ekru
Keten karışımlı şık şort,1190.0,Keten karışımlı,Mavi
"Keten karışımlı, kısa, dantel elbis",1590.0,Keten karışımlı,Kahverengi
"Keten karışımlı, kısa, dantel elbis",1590.0,Keten karışımlı,Turuncu
Askılı fırfırlı kısa elbise,1590.0,Keten karışımlı,Ekru
Askılı fırfırlı kısa elbise,1590.0,Keten karışımlı,Koyu lacivert
Dantel detaylı kısa elbise,1690.0,Keten karışımlı,Pembe
Dantel detaylı kısa elbise,1690.0,Keten karışımlı,Ekru
Sırtı Bağcıklı Kısa Dökümlü Elbise,1590.0,Keten karışımlı,Açık mavi
Sırtı Bağcıklı Kısa Dökümlü Elbise,1590.0,Keten karışımlı,Ekru
Sırtı Bağcıklı Kısa Dökümlü Elbise,1590.0,Keten karışımlı,Kahverengi
Tokalı deri düz sandalet,2490.0,Keten karışımlı,KAHVERENGİ
Önü açık dökümlü bluz,1190.0,Keten karışımlı,Beyaz
Önü açık dökümlü bluz,1190.0,Keten karışımlı,Altın rengi
Önü açık dökümlü bluz,1190.0,Keten karışımlı,Kahverengi
Volanlı dökümlü etek pantolon,1190.0,Keten karışımlı,Siyah
Volanlı dökümlü etek pantolon,1190.0,Keten karışımlı,Beyaz
V Yaka Kısa Elbise,1590.0,Keten karışımlı,Koyu mavi
Keten görünümlü çapraz sırtlı midi elbise,1790.0,Keten karışımlı,Kahverengi
Keten görünümlü çapraz sırtlı midi elbise,1790.0,Keten karışımlı,Lacivert
Keten görünümlü çapraz sırtlı midi elbise,1790.0,Keten karışımlı,Haki
Askılı keten karışımlı top,990.0,Keten karışımlı,Ekru
Askılı keten karışımlı top,990.0,Keten karışımlı,Koyu lacivert
Düğmeli kolsuz top,990.0,Keten karışımlı,Krem rengi
Düğmeli kolsuz top,990.0,Keten karışımlı,Kahverengi
Düğmeli kolsuz top,990.0,Keten karışımlı,Beyaz
Düğmeli kolsuz top,990.0,Keten karışımlı,Mor
Askılı delikli babet,2490.0,Keten karışımlı,BEJ
Deri detaylı kısa sivri topuklu sandalet,2490.0,Keten karışımlı,KAHVERENGİ
Pensli klasik pantolon,1590.0,Keten karışımlı > Alt,Ekru
Hacimli poplin pantolon,1590.0,Pantolon,Siyah
Hacimli poplin pantolon,1590.0,Pantolon,Beyaz
Hacimli poplin pantolon,1590.0,Pantolon,Açık mavi
Hacimli poplin pantolon,1590.0,Pantolon,Kiremit rengi
Teknik balon paraşüt pantolon,1590.0,Pantolon,Pembe
Teknik balon paraşüt pantolon,1590.0,Pantolon,Krem rengi
Ekose balon pantolon,1590.0,Pantolon,Ekru
Tokalı detaylı geniş paça pantolon,950.0,Pantolon,Siyah
Tokalı detaylı geniş paça pantolon,950.0,Pantolon,Lacivert
Tokalı detaylı geniş paça pantolon,950.0,Pantolon,Açık mavi
Tokalı detaylı geniş paça pantolon,950.0,Pantolon,Koyu kırmızı
Tokalı detaylı geniş paça pantolon,950.0,Pantolon,Kahverengi
Düz kesim dökümlü kemerli pantolon,1590.0,Pantolon,Kahverengi
Düz kesim dökümlü kemerli pantolon,1590.0,Pantolon,Siyah
Düz kesim dökümlü kemerli pantolon,1590.0,Pantolon,Ekru
Düz kesim dökümlü kemerli pantolon,1590.0,Pantolon,Lacivert
Düz kesim dökümlü kemerli pantolon,1590.0,Pantolon,Koyu Gri
Düz kesim dökümlü kemerli pantolon,1590.0,Pantolon,Mor
Keten görünümlü bağcıklı pantolon,1190.0,Pantolon,Beyaz
Keten görünümlü bağcıklı pantolon,1190.0,Pantolon,Siyah
Keten görünümlü bağcıklı pantolon,1190.0,Pantolon,Kahverengi
Maxi pensli kemerli pantolon,1790.0,Pantolon,Kahverengi
Maxi pensli kemerli pantolon,1790.0,Pantolon,Siyah
Maxi pensli kemerli pantolon,1790.0,Pantolon,Beyaz
Maxi pensli kemerli pantolon,1790.0,Pantolon,Koyu lacivert
Maxi pensli kemerli pantolon,1790.0,Pantolon,Açık gri
Yumuşak dokulu kumaş pantolon,1790.0,Pantolon,Siyah
Yumuşak dokulu kumaş pantolon,1790.0,Pantolon,Lacivert
Yumuşak dokulu kumaş pantolon,1790.0,Pantolon,Koyu Gri
Yumuşak dokulu kumaş pantolon,1790.0,Pantolon,Kahverengi
Yumuşak dokulu kumaş pantolon,1790.0,Pantolon,Krem rengi
Yumuşak dokulu kumaş pantolon,1790.0,Pantolon,Haki
Yumuşak dokulu kumaş pantolon,1790.0,Pantolon,Mor
Geniş paça pensli klasik pantolon,1590.0,Pantolon,Siyah
Geniş paça pensli klasik pantolon,1590.0,Pantolon,Lacivert
Geniş paça pensli klasik pantolon,1590.0,Pantolon,Bordo
Geniş paça pensli klasik pantolon,1590.0,Pantolon,Koyu gri
Geniş paça pensli klasik pantolon,1590.0,Pantolon,Kahverengi
Yumuşak dokulu dikiş detaylı geniş paça jogger pantolon,1590.0,Pantolon,Siyah
Yumuşak dokulu dikiş detaylı geniş paça jogger pantolon,1590.0,Pantolon,Lacivert
Yumuşak dokulu dikiş detaylı geniş paça jogger pantolon,1590.0,Pantolon,Açık gri
Yumuşak dokulu dikiş detaylı geniş paça jogger pantolon,1590.0,Pantolon,Kahverengi
Yumuşak dokulu dikiş detaylı geniş paça jogger pantolon,1590.0,Pantolon,Krem rengi
Geniş paça pantolon,1590.0,Pantolon,Siyah
Geniş paça pantolon,1590.0,Pantolon,Koyu Gri
Geniş paça pantolon,1590.0,Pantolon,Kahverengi
Geniş paça pantolon,1590.0,Pantolon,Bej
Geniş paça pantolon,1590.0,Pantolon,Haki
Zincirli pensli liyosel pantolon,1790.0,Pantolon,Kahverengi
Lastikli bel palazzo jogger pantolon,1590.0,Pantolon,Siyah
Lastikli bel palazzo jogger pantolon,1590.0,Pantolon,Açık mavi
Ayarlanabilir süper geniş paça pantolon,1590.0,Pantolon,Siyah
Ayarlanabilir süper geniş paça pantolon,1590.0,Pantolon,Koyu Gri
Ayarlanabilir süper geniş paça pantolon,1590.0,Pantolon,Kahverengi
Ayarlanabilir süper geniş paça pantolon,1590.0,Pantolon,Krem rengi
Yumuşak dokulu palazzo jogger pantolon,1590.0,Pantolon,Siyah
Yumuşak dokulu palazzo jogger pantolon,1590.0,Pantolon,Koyu lacivert
Yumuşak dokulu palazzo jogger pantolon,1590.0,Pantolon,Koyu mavi
Yumuşak dokulu palazzo jogger pantolon,1590.0,Pantolon,Pembe
Yumuşak dokulu palazzo jogger pantolon,1590.0,Pantolon,Açık gri
Yumuşak dokulu palazzo jogger pantolon,1590.0,Pantolon,Koyu gri
Yumuşak dokulu palazzo jogger pantolon,1590.0,Pantolon,Kahverengi
Yumuşak dokulu palazzo jogger pantolon,1590.0,Pantolon,Krem rengi
Yumuşak dokulu palazzo jogger pantolon,1590.0,Pantolon,0-526
Yumuşak dokulu palazzo jogger pantolon,1590.0,Pantolon,Mor
Geniş paça pantolon,2290.0,Pantolon,Krem rengi
Ketenli pensli culotte pantolon,1490.0,Pantolon,Ekru
Saten yüzeyli zincir detaylı pensli pantolon,1790.0,Pantolon,Ekru
Saten yüzeyli zincir detaylı pensli pantolon,1790.0,Pantolon,Açık sarı
İşlemeli pijama pantolon,1590.0,Pantolon,Açık mavi
Keten görünümlü culotte pantolon,1490.0,Pantolon,Kahverengi
Keten görünümlü culotte pantolon,1490.0,Pantolon,Siyah
Keten görünümlü culotte pantolon,1490.0,Pantolon,Ekru
Keten görünümlü culotte pantolon,1490.0,Pantolon,Krem rengi
Stoperli poplin barrel pantolon,1590.0,Pantolon,Haki
Stoperli poplin barrel pantolon,1590.0,Pantolon,Kahverengi
Balon kesim klasik pantolon,1590.0,Pantolon,Siyah
Balon kesim klasik pantolon,1590.0,Pantolon,Ekru
Balon kesim klasik pantolon,1590.0,Pantolon,Lacivert
Balon kesim klasik pantolon,1590.0,Pantolon,Kahverengi
Geniş paça jogger pantolon,1190.0,Pantolon,Ekru
Geniş paça jogger pantolon,1190.0,Pantolon,Açık gri
Balon pensli jogger,950.0,Pantolon,Açık gri
Hacimli balon jogger,950.0,Pantolon,Açık gri
Tokalı balon pantolon,1790.0,Pantolon,Ekru
Yumuşak dokunuşlu pensli pantolon,1790.0,Pantolon,Bej
Yumuşak dokunuşlu pensli pantolon,1790.0,Pantolon,Siyah
Yumuşak dokunuşlu pensli pantolon,1790.0,Pantolon,Açık gri
Poplin bloomer pantolon,1590.0,Pantolon,Ekru
Poplin bloomer pantolon,1590.0,Pantolon,Siyah
Çizgili çapraz belli günlük pantolon,1590.0,Pantolon,Lacivert
Çizgili çapraz belli günlük pantolon,1590.0,Pantolon,Beyaz
Çizgili çapraz belli günlük pantolon,1590.0,Pantolon,Açık mavi
Çizgili çapraz belli günlük pantolon,1590.0,Pantolon,Koyu Gri
Çizgili çapraz belli günlük pantolon,1590.0,Pantolon,Kahverengi
Süper barrel jogger pantolon,1590.0,Pantolon,Lacivert
Süper barrel jogger pantolon,1590.0,Pantolon,Açık gri
Barrel jogger pantolon,1590.0,Pantolon,Açık gri
Barrel jogger pantolon,1590.0,Pantolon,Siyah
Barrel jogger pantolon,1590.0,Pantolon,Lacivert
Yumuşak dokulu balon jogger pantolon,1490.0,Pantolon,Kahverengi
Yumuşak dokulu balon jogger pantolon,1490.0,Pantolon,Siyah
Dar kesim düz paça klasik pantolon,1490.0,Pantolon,Siyah
Dar kesim düz paça klasik pantolon,1490.0,Pantolon,Koyu Gri
Dar kesim düz paça klasik pantolon,1490.0,Pantolon,Kahverengi
Dar kesim düz paça klasik pantolon,1490.0,Pantolon,Krem rengi
Mini kumaş şort,1190.0,Pantolon,Siyah
Biyeli geniş paça eşofman altı,1190.0,Pantolon,Bordo
Biyeli geniş paça eşofman altı,1190.0,Pantolon,Lacivert
Biyeli geniş paça eşofman altı,1190.0,Pantolon,Açık gri
Dökümlü pantolon,1010.0,Pantolon,Gri
Dökümlü pantolon,1690.0,Pantolon,Siyah
Dökümlü pantolon,1010.0,Pantolon,Koyu Gri
Dökümlü pantolon,1690.0,Pantolon,Mor
Mini şort,790.0,Pantolon,Siyah
Mini şort,790.0,Pantolon,Koyu Gri
Mini şort,790.0,Pantolon,Kahverengi
Dökümlü tokalı pantolon,1790.0,Pantolon,Siyah
Barrel kumaş pantolon,1790.0,Pantolon,Krem rengi
Barrel kumaş pantolon,1790.0,Pantolon,Kahverengi
Zincir kemerli saten yüzeyli pensli pantolon,1790.0,Pantolon,Haki
Zincir kemerli saten yüzeyli pensli pantolon,1790.0,Pantolon,Lacivert
Cepli straight fit jean,1790.0,Pantolon,SOLUK EFEKTLİ ORTA MAVİ DENIM
Cepli straight fit jean,1790.0,Pantolon,SOLUK EFEKTLİ AÇIK MAVİ DENIM
Cepli straight fit jean,1790.0,Pantolon,SOLUK EFEKTLİ DESIZED DENIM
Metalik iplik detaylı dökümlü keten görünümlü pantolon,1590.0,Pantolon,Mavi
Metalik iplik detaylı dökümlü keten görünümlü pantolon,1590.0,Pantolon,Krem rengi
Pensli teknik şalvar pantolon,1590.0,Pantolon,Ekru
Balon stoperli jogger pantolon,1590.0,Pantolon,Açık gri
Zımbalı sweatshirt pantolon,1590.0,Pantolon,Koyu gri
Yıkanmış görünümlü straight jogger pantolon,1590.0,Pantolon,Koyu Gri
Yıkanmış görünümlü straight jogger pantolon,1590.0,Pantolon,Pembe
Yıkanmış görünümlü straight jogger pantolon,1590.0,Pantolon,Bej
"Balon jogger pantolon, katlamalı bel, yumuşak doku",1590.0,Pantolon,Koyu lacivert
"Balon jogger pantolon, katlamalı bel, yumuşak doku",1590.0,Pantolon,Siyah
"Balon jogger pantolon, katlamalı bel, yumuşak doku",1590.0,Pantolon,Açık gri
"Balon jogger pantolon, katlamalı bel, yumuşak doku",1590.0,Pantolon,Krem rengi
Düz kesim ofis pantolonu,1590.0,Pantolon,Siyah
Düz kesim ofis pantolonu,1590.0,Pantolon,Koyu Gri
Geniş paça klasik pantolon,1590.0,Pantolon,Koyu Gri
Balon jogger pantolon,1490.0,Pantolon,Koyu lacivert
Balon jogger pantolon,1490.0,Pantolon,Siyah
Balon jogger pantolon,1490.0,Pantolon,Açık gri
Balon jogger pantolon,1490.0,Pantolon,Kahverengi
Balon jogger pantolon,1490.0,Pantolon,Bej
Keten Karışımlı Culotte Pantolon,1490.0,Pantolon,Kahverengi
Dantel detaylı saten şort,1190.0,Pantolon,Altın rengi
Dantel detaylı saten şort,1190.0,Pantolon,Kahverengi
Çan Paça Tayt,1190.0,Pantolon,Koyu lacivert
Çan Paça Tayt,1190.0,Pantolon,Siyah
Çan Paça Tayt,1190.0,Pantolon,Açık gri
Yumuşak dokulu dikiş detaylı çan paça pantolon,1190.0,Pantolon,Siyah
Yumuşak dokulu dikiş detaylı çan paça pantolon,1190.0,Pantolon,Açık gri
Geniş paça jogger pantolon,1190.0,Pantolon,Koyu lacivert
Geniş paça jogger pantolon,1090.0,Pantolon,Siyah
Geniş paça jogger pantolon,1190.0,Pantolon,Kırmızı
Geniş paça jogger pantolon,1190.0,Pantolon,Mor
Nervürlü örgü pantolon,1190.0,Pantolon,Koyu Gri
Nervürlü örgü pantolon,1190.0,Pantolon,Ekru
Nervürlü örgü pantolon,1190.0,Pantolon,Kahverengi
Nervürlü örgü pantolon,1190.0,Pantolon,Koyu bej
Saten yüzeyli mini şort,1090.0,Pantolon,Açık pembe
Kapri pantolon,1090.0,Pantolon,Kahverengi
Yan şeritli teknik şort,1090.0,Pantolon,Açık sarı
KEMERİ KATLANMIŞ FİLE PANTOLON,1090.0,Pantolon,Açık gri
KEMERİ KATLANMIŞ FİLE PANTOLON,1090.0,Pantolon,Siyah
KEMERİ KATLANMIŞ FİLE PANTOLON,1090.0,Pantolon,Lacivert
Katlanabilir belli pamuklu şort,990.0,Pantolon,Açık gri
Boyfriend jogger pantolon,990.0,Pantolon,Siyah
Boyfriend jogger pantolon,990.0,Pantolon,Açık gri
Yumuşak dokulu interlok jogger pantolon,950.0,Pantolon,Açık gri
Yumuşak dokulu interlok jogger pantolon,1590.0,Pantolon,Koyu Gri
Hacimli poplin pantolon,1590.0,Pantolon,Kahverengi
Balon paça kıvrık belli pantolon,1190.0,Pantolon,Açık mavi
Balon paça kıvrık belli pantolon,1190.0,Pantolon,Siyah
Balon paça kıvrık belli pantolon,1190.0,Pantolon,Ekru
Balon paça kıvrık belli pantolon,1190.0,Pantolon,Kahverengi
Çizgili elastik belli poplin şort,990.0,Pantolon,Açık mavi
Desenli dökümlü saten pantolon,1690.0,Pantolon,Koyu bej
Pensli dressy pantolon,1790.0,Pantolon,Kahverengi
Teknik balon şort,1490.0,Pantolon,Ekru
Stoperli jogger pantolon,1590.0,Pantolon,Açık gri
Balon paça şalvar pantolon,1590.0,Pantolon,Kahverengi
Saten pensli bermuda,1490.0,Pantolon,Kahverengi
Pullu mini şort,1190.0,Pantolon,Açık pembe
Pullu mini şort,1190.0,Pantolon,Açık mavi
Dökümlü kruvaze pantolon,1590.0,Pantolon,Haki
Teknik pantolon,1790.0,Pantolon,Lacivert
Yumuşak dökümlü balon pantolon,1590.0,Pantolon,Koyu Gri
Saten görünümlü mini şort,1090.0,Pantolon,Lacivert
Mini teknik şort,1090.0,Pantolon,Krem rengi
Tokalı pensli şalvar pantolon,1790.0,Pantolon,Pembe
Çıtçıtlı şalvar pantolon,1790.0,Pantolon,Haki
Yumuşak dokulu çan paça pantolon,1490.0,Pantolon,Siyah
Çizgili ketenli dökümlü pantolon,1190.0,Pantolon,Gri
Balon nakışlı pantolon,2290.0,Pantolon,Açık mavi
Süper hacimli şalvar pantolon,2290.0,Pantolon,Kahverengi
Balon jogger pantolon,1590.0,Pantolon,Koyu gri
Kemerli saten yüzeyli şalvar pantolon,2490.0,Pantolon,Koyu yeşil
Kemerli saten yüzeyli şalvar pantolon,2490.0,Pantolon,Siyah
Pensli smart pantolon,1790.0,Pantolon,Koyu gri
Pensli smart pantolon,1790.0,Pantolon,Siyah
Liyosel şalvar pantolon,1490.0,Pantolon,Kahverengi
Liyosel şalvar pantolon,1490.0,Pantolon,Beyaz
Liyosel şalvar pantolon,1490.0,Pantolon,Haki
Konumsal bol jogger pantolon,1690.0,Pantolon,Koyu Gri
Kumaş jogger pantolon,1590.0,Pantolon,Kahverengi
Kumaş jogger pantolon,1590.0,Pantolon,Siyah
Balon saten yüzeyli şık pantolon,1790.0,Pantolon,Koyu lacivert
Balon saten yüzeyli şık pantolon,1790.0,Pantolon,Kahverengi
Çizgili geniş paça jogger pantolon,1190.0,Pantolon,Koyu lacivert
Kuşgözü detaylı jogger pantolon,1590.0,Pantolon,Lacivert
Saten dantelli şort,1190.0,Pantolon,Kahverengi
Kısa spor şort etek,1090.0,Pantolon,Siyah
Çizgili bel detaylı smart pantolon,1790.0,Pantolon,Kahverengi
Konumsal yıkamalı jogger pantolon,1590.0,Pantolon,Bej
Geniş paça jean,1790.0,Pantolon,Kahverengi
Geniş paça jean,1790.0,Pantolon,Siyah
Şeritli jogger pantolon,1190.0,Pantolon,Lacivert
Şeritli jogger pantolon,1190.0,Pantolon,Siyah
Şeritli jogger pantolon,1190.0,Pantolon,Açık gri
Pensli barrel smart pantolon,1790.0,Pantolon,Koyu gri
Pensli barrel smart pantolon,1790.0,Pantolon,Siyah
Pensli barrel smart pantolon,1790.0,Pantolon,Lacivert
Pensli barrel smart pantolon,1790.0,Pantolon,Kahverengi
Yumuşak dokulu dikiş detaylı düz paça jogger pantolon,1590.0,Pantolon,Siyah
"Pileli, bol kesim, ofis pantolonu",1490.0,Pantolon,Koyu gri
"Pileli, bol kesim, ofis pantolonu",1490.0,Pantolon,Siyah
"Pileli, bol kesim, ofis pantolonu",1490.0,Pantolon,Kahverengi
Kırışık görünümlü dökümlü bağcıklı pantolon,1590.0,Pantolon,Lacivert
Kırışık görünümlü dökümlü bağcıklı pantolon,1590.0,Pantolon,Açık mavi
Kırışık görünümlü dökümlü bağcıklı pantolon,1590.0,Pantolon,Kahverengi
Yumuşak dokunuşlu culotte pantolon,1490.0,Pantolon,Açık mavi
Yumuşak dokunuşlu culotte pantolon,1490.0,Pantolon,Siyah
Yumuşak dokunuşlu culotte pantolon,1490.0,Pantolon,Koyu lacivert
Püsküllü culotte pantolon,1590.0,Pantolon,Kahverengi
Yumuşak dokulu acid wash jogger pantolon,1690.0,Pantolon,Koyu Gri
Zımba detaylı jogger pantolon,1590.0,Pantolon,Siyah
Geniş belli palazzo pantolon,1190.0,Pantolon,Mor
Cepli Klasik Pantolon,1490.0,Pantolon,Koyu gri
Cepli Klasik Pantolon,1490.0,Pantolon,Siyah
Cepli Klasik Pantolon,1490.0,Pantolon,Lacivert
Balon jean,1790.0,Pantolon > Barrel,SOLUK EFEKTLİ DESIZED DENIM
Balon jean,1790.0,Pantolon > Barrel,Ekru
Balon jean,1790.0,Pantolon > Barrel,SOLUK EFEKTLİ ORTA MAVİ DENIM
Çizgili balon pantolon,1790.0,Pantolon > Barrel,Açık mavi
Fırfırlı mini şort,1190.0,Pantolon > Şort,Beyaz
Pullu ve dantelli şort,1190.0,Pantolon > Şort,Gri
Drapeli kare yaka poliamid t-shirt,790.0,Tişört,Siyah
Drapeli kare yaka poliamid t-shirt,790.0,Tişört,Ekru
Drapeli kare yaka poliamid t-shirt,790.0,Tişört,Turkuaz
Kısa kollu kayık yaka t-shirt,790.0,Tişört,Beyaz
Kısa kollu kayık yaka t-shirt,790.0,Tişört,Siyah
Kısa kollu kayık yaka t-shirt,790.0,Tişört,Turkuaz
Kısa kollu kayık yaka t-shirt,790.0,Tişört,Pembe
Kısa kollu kayık yaka t-shirt,790.0,Tişört,Açık gri
Kısa kollu kayık yaka t-shirt,790.0,Tişört,Açık sarı
Basic regular fit kalın tişört,490.0,Tişört,Ekru
Basic regular fit kalın tişört,490.0,Tişört,Siyah
Basic regular fit kalın tişört,490.0,Tişört,Koyu lacivert
Basic regular fit kalın tişört,490.0,Tişört,Açık mavi
Basic regular fit kalın tişört,490.0,Tişört,Turkuaz
Basic regular fit kalın tişört,490.0,Tişört,Pembe
Basic regular fit kalın tişört,490.0,Tişört,Kahverengi
Basic regular fit kalın tişört,490.0,Tişört,Mor
Yumuşak dokunuşlu regular basic tişört,590.0,Tişört,Beyaz
Yumuşak dokunuşlu regular basic tişört,590.0,Tişört,Siyah
Yumuşak dokunuşlu regular basic tişört,590.0,Tişört,Açık mavi
Yumuşak dokunuşlu regular basic tişört,590.0,Tişört,Açık sarı
Yumuşak dokunuşlu regular basic tişört,590.0,Tişört,Kahverengi
"Çizgili, heavy weight, regular fit basic tişört",490.0,Tişört,Kahverengi
"Çizgili, heavy weight, regular fit basic tişört",490.0,Tişört,Ekru
"Çizgili, heavy weight, regular fit basic tişört",490.0,Tişört,Koyu mavi
"Çizgili, heavy weight, regular fit basic tişört",490.0,Tişört,Pembe
Puantiye desenli crop t-shirt,350.0,Tişört,Ekru
Basic yarasa kollu t-shirt,790.0,Tişört,Ekru
Basic yarasa kollu t-shirt,790.0,Tişört,Siyah
Basic yarasa kollu t-shirt,790.0,Tişört,Krem rengi
Basic yarasa kollu t-shirt,790.0,Tişört,Koyu yeşil
Floklu qipao tarzı t-shirt,990.0,Tişört,Kahverengi
Floklu qipao tarzı t-shirt,990.0,Tişört,Siyah
Floklu qipao tarzı t-shirt,990.0,Tişört,Ekru
Japon kısa kollu t-shirt,790.0,Tişört,Beyaz
Japon kısa kollu t-shirt,790.0,Tişört,Açık pembe
Japon kısa kollu t-shirt,790.0,Tişört,Açık sarı
Japon kısa kollu t-shirt,790.0,Tişört,SOLUK EFEKTLİ GRİ DENIM
Büzgülü tül t-shirt,790.0,Tişört,Pembe
Büzgülü tül t-shirt,790.0,Tişört,Siyah
Büzgülü tül t-shirt,790.0,Tişört,Koyu mavi
Büzgülü tül t-shirt,790.0,Tişört,Kahverengi
Basic dikişsiz polo t-shirt,790.0,Tişört,Koyu lacivert
Basic dikişsiz polo t-shirt,790.0,Tişört,Beyaz
Basic dikişsiz polo t-shirt,790.0,Tişört,Açık mavi
Basic dikişsiz polo t-shirt,790.0,Tişört,Açık sarı
Basic dar kesim çizgili t-shirt,490.0,Tişört,Açık sarı
Basic dar kesim çizgili t-shirt,490.0,Tişört,Açık mavi
V yaka t-shirt kuşaklı,790.0,Tişört,Siyah
V yaka t-shirt kuşaklı,790.0,Tişört,Ekru
V yaka t-shirt kuşaklı,790.0,Tişört,Pembe
V yaka t-shirt kuşaklı,790.0,Tişört,Kahverengi
V yaka t-shirt kuşaklı,790.0,Tişört,Koyu yeşil
Basic dar kesim tişört,490.0,Tişört,Beyaz
Basic dar kesim tişört,490.0,Tişört,Siyah
Basic dar kesim tişört,490.0,Tişört,Turkuaz
Basic dar kesim tişört,490.0,Tişört,Açık gri
Rustik pelerin görünümlü t-shirt,990.0,Tişört,Kahverengi
Rustik pelerin görünümlü t-shirt,990.0,Tişört,Ekru
Rustik pelerin görünümlü t-shirt,990.0,Tişört,Açık sarı
Kısa kollu dantelli etek ucu t-shirt,990.0,Tişört,Siyah
Kısa kollu dantelli etek ucu t-shirt,990.0,Tişört,Beyaz
Kısa kollu dantelli etek ucu t-shirt,990.0,Tişört,Pembe
Basic fitted büzgülü t-shirt,590.0,Tişört,Ekru
Basic fitted büzgülü t-shirt,590.0,Tişört,Siyah
Basic fitted büzgülü t-shirt,590.0,Tişört,Koyu mavi
Basic fitted büzgülü t-shirt,590.0,Tişört,Kahverengi
Yarasa kollu t-shirt,790.0,Tişört,Beyaz
Yarasa kollu t-shirt,790.0,Tişört,Siyah
Yarasa kollu t-shirt,790.0,Tişört,Açık mavi
Yarasa kollu t-shirt,790.0,Tişört,Açık pembe
Yarasa kollu t-shirt,790.0,Tişört,Kahverengi
Kısa kollu oversize t-shirt,550.0,Tişört,Beyaz
Kısa kollu oversize t-shirt,550.0,Tişört,Siyah
Kısa kollu oversize t-shirt,550.0,Tişört,Açık mavi
Kısa kollu oversize t-shirt,550.0,Tişört,Açık pembe
Kısa kollu oversize t-shirt,550.0,Tişört,Kahverengi
Yumuşak dokulu kısa kollu t-shirt,990.0,Tişört,Krem rengi
Yumuşak dokulu kısa kollu t-shirt,990.0,Tişört,Siyah
Yumuşak dokulu kısa kollu t-shirt,990.0,Tişört,Lacivert
Yumuşak dokulu kısa kollu t-shirt,990.0,Tişört,Kahverengi
Kalın askılı poliamid t-shirt,590.0,Tişört,Siyah
Kalın askılı poliamid t-shirt,590.0,Tişört,Ekru
Kalın askılı poliamid t-shirt,590.0,Tişört,Lacivert
Kalın askılı poliamid t-shirt,590.0,Tişört,Açık mavi
Kalın askılı poliamid t-shirt,590.0,Tişört,Krem rengi
Basic uzun kollu tişört,590.0,Tişört,Krem rengi
Basic uzun kollu tişört,590.0,Tişört,Siyah
Basic uzun kollu tişört,590.0,Tişört,Ekru
Basic uzun kollu tişört,590.0,Tişört,Kırmızı
Basic uzun kollu tişört,590.0,Tişört,Pembe
Basic uzun kollu tişört,590.0,Tişört,Kahverengi
Basic uzun kollu tişört,590.0,Tişört,Mor
Çift katmanlı t-shirt,790.0,Tişört,Lacivert
Çift katmanlı t-shirt,790.0,Tişört,Açık gri
Çift katmanlı t-shirt,790.0,Tişört,Açık sarı
Dantel detaylı kısa kollu V yaka t-shirt,790.0,Tişört,Siyah
Dantel detaylı kısa kollu V yaka t-shirt,790.0,Tişört,Ekru
Dantel detaylı kısa kollu V yaka t-shirt,790.0,Tişört,Pembe
Dantel detaylı kısa kollu V yaka t-shirt,790.0,Tişört,Kahverengi
Basic vatkalı t-shirt,790.0,Tişört,Koyu lacivert
Basic vatkalı t-shirt,790.0,Tişört,Siyah
Basic vatkalı t-shirt,790.0,Tişört,Beyaz
Basic vatkalı t-shirt,790.0,Tişört,Açık sarı
Basic kolsuz tişört,550.0,Tişört,Pembe
Basic kolsuz tişört,550.0,Tişört,Siyah
Basic kolsuz tişört,550.0,Tişört,Beyaz
Basic kolsuz tişört,550.0,Tişört,Lacivert
Basic kolsuz tişört,550.0,Tişört,Açık mavi
Basic kolsuz tişört,550.0,Tişört,Kırmızı
Basic kolsuz tişört,550.0,Tişört,Kahverengi
Çizgili uzun kollu t-shirt,1090.0,Tişört,Ekru
Çizgili uzun kollu t-shirt,1090.0,Tişört,Açık mavi
Çizgili uzun kollu t-shirt,1090.0,Tişört,Açık gri
Kısa kollu pozisyonel t-shirt,990.0,Tişört,Ekru
Kısa kollu pozisyonel t-shirt,990.0,Tişört,Kahverengi
Asimetrik zımbalı t-shirt,990.0,Tişört,Kahverengi
Asimetrik zımbalı t-shirt,990.0,Tişört,Siyah
Asimetrik zımbalı t-shirt,990.0,Tişört,Ekru
Çizgili mini kollu basic t-shirt,350.0,Tişört,Pembe
Sweety kısa kollu bisiklet yaka t-shirt,1190.0,Tişört,Pembe
Çift katmanlı kısa kollu polo t-shirt,1090.0,Tişört,Lacivert
Çift katmanlı kısa kollu polo t-shirt,1090.0,Tişört,Beyaz
Çift katmanlı kısa kollu polo t-shirt,1090.0,Tişört,Ekru
Qipao tarzı kısa kollu tişört,1090.0,Tişört,Ekru
Qipao tarzı kısa kollu tişört,1090.0,Tişört,Açık pembe
Zımba işlemeli kolsuz t-shirt,1090.0,Tişört,Kahverengi
Zımba işlemeli kolsuz t-shirt,1090.0,Tişört,Ekru
Büzgülü çizgili açık omuz bluz,1090.0,Tişört,Koyu gri
Çapraz askılı atlet,590.0,Tişört,Ekru
Çapraz askılı atlet,590.0,Tişört,Açık pembe
Çapraz askılı atlet,590.0,Tişört,Açık sarı
Büzgülü uzun kollu tişört,590.0,Tişört,Siyah
Büzgülü uzun kollu tişört,350.0,Tişört,Ekru
Büzgülü uzun kollu tişört,590.0,Tişört,Koyu mavi
Büzgülü uzun kollu tişört,350.0,Tişört,Koyu kırmızı
Büzgülü uzun kollu tişört,590.0,Tişört,Kahverengi
Büzgülü uzun kollu tişört,590.0,Tişört,Mor
Asimetrik metal tokalı t-shirt,590.0,Tişört,Açık mavi
Asimetrik metal tokalı t-shirt,590.0,Tişört,Siyah
Asimetrik metal tokalı t-shirt,590.0,Tişört,Ekru
Asimetrik metal tokalı t-shirt,990.0,Tişört,Mor
Kısa kollu V yaka t-shirt,550.0,Tişört,Siyah
Kısa kollu V yaka t-shirt,550.0,Tişört,Beyaz
Kısa kollu V yaka t-shirt,550.0,Tişört,Lacivert
Kısa kollu V yaka t-shirt,550.0,Tişört,Açık sarı
Kısa kollu V yaka t-shirt,550.0,Tişört,Koyu yeşil
Büzgülü body,990.0,Tişört,Kahverengi
Büzgülü body,990.0,Tişört,Siyah
Büzgülü body,990.0,Tişört,Ekru
Çift melek desenli t-shirt,990.0,Tişört,Ekru
Dik yaka kolsuz t-shirt,490.0,Tişört,Siyah
Dik yaka kolsuz t-shirt,490.0,Tişört,Beyaz
Dik yaka kolsuz t-shirt,490.0,Tişört,Pembe
Dik yaka kolsuz t-shirt,490.0,Tişört,Kahverengi
Basic vatkalı çizgili t-shirt,790.0,Tişört,Siyah
Düğmeli t-shirt,790.0,Tişört,Beyaz
Düğmeli t-shirt,790.0,Tişört,Siyah
Düğmeli t-shirt,790.0,Tişört,Lacivert
Düğmeli t-shirt,790.0,Tişört,Bordo
Düğmeli t-shirt,790.0,Tişört,Kahverengi
Modal asimetrik tişört,790.0,Tişört,Ekru
Modal asimetrik tişört,790.0,Tişört,Siyah
Modal asimetrik tişört,790.0,Tişört,Koyu mavi
Modal asimetrik tişört,790.0,Tişört,Kahverengi
Modal asimetrik tişört,790.0,Tişört,Mor
Basic geniş yaka tişört,590.0,Tişört,Açık sarı
Basic geniş yaka tişört,590.0,Tişört,Siyah
Basic geniş yaka tişört,590.0,Tişört,Ekru
Basic geniş yaka tişört,590.0,Tişört,Koyu lacivert
Basic geniş yaka tişört,590.0,Tişört,Pembe
Basic poliamid t-shirt,590.0,Tişört,Bej
Basic poliamid t-shirt,590.0,Tişört,Siyah
Basic poliamid t-shirt,590.0,Tişört,Beyaz
Basic poliamid t-shirt,590.0,Tişört,Pembe
basic kısa kollu bisiklet yaka t-shirt,550.0,Tişört,Açık pembe
basic kısa kollu bisiklet yaka t-shirt,550.0,Tişört,Beyaz
basic kısa kollu bisiklet yaka t-shirt,550.0,Tişört,Açık sarı
basic kısa kollu bisiklet yaka t-shirt,550.0,Tişört,Kahverengi
Fitilli pamuklu çapraz askılı tişört,490.0,Tişört,Açık gri
Oversize grafik detaylı dantel t-shirt,1090.0,Tişört,Ekru
İki katmanlı iç çamaşırı tişörtü,1090.0,Tişört,Açık mavi
Asimetrik şeffaf body,1090.0,Tişört,Siyah
Yumuşak dokulu oversize tişört,1090.0,Tişört,Ekru
Yumuşak dokulu oversize tişört,1090.0,Tişört,Siyah
Yumuşak dokulu oversize tişört,1090.0,Tişört,Koyu lacivert
Yumuşak dokulu oversize tişört,1090.0,Tişört,Açık mavi
Basic dar kesim crop t-shirt,350.0,Tişört,Beyaz
Basic dar kesim crop t-shirt,350.0,Tişört,Siyah
Basic dar kesim crop t-shirt,350.0,Tişört,Koyu lacivert
Düğmeli asimetrik t-shirt,990.0,Tişört,Ekru
Düğmeli asimetrik t-shirt,990.0,Tişört,Koyu gri
Düğmeli asimetrik t-shirt,990.0,Tişört,Kahverengi
Asimetrik çift katmanlı uzun kollu t-shirt,990.0,Tişört,Kahverengi
Çizgili rustik pelerin t-shirt,990.0,Tişört,Krem rengi
Oversize uzun kollu çizgili t-shirt,990.0,Tişört,Bordo
Oversize uzun kollu çizgili t-shirt,990.0,Tişört,Açık mavi
Çift asimetrik t-shirt,990.0,Tişört,Açık gri
Çift asimetrik t-shirt,990.0,Tişört,Koyu Gri
Çift asimetrik t-shirt,990.0,Tişört,Kahverengi
Baskılı kayık yaka t-shirt,990.0,Tişört,Açık mavi
Çizgili geniş yaka tişört,990.0,Tişört,Koyu gri
Çift uzun kollu çıtçıt düğmeli t-shirt,990.0,Tişört,Açık gri
Çift fermuarlı tişört,990.0,Tişört,Siyah
Çift fermuarlı tişört,990.0,Tişört,Kahverengi
Çizgili kısa kollu t-shirt,790.0,Tişört,Açık sarı
Kısa kollu kontrast baskılı t-shirt,790.0,Tişört,Açık mavi
Çizgili kısa kollu t-shirt,790.0,Tişört,Pembe
Çizgili kısa kollu t-shirt,790.0,Tişört,Açık mavi
"Uzun kollu, yumuşak dokulu normal t-shirt",790.0,Tişört,Açık gri
Çift katlı t-shirt,790.0,Tişört,Ekru
Çift katlı t-shirt,790.0,Tişört,Açık gri
Büzgülü asimetrik t-shirt,790.0,Tişört,Koyu gri
Büzgülü asimetrik t-shirt,790.0,Tişört,Siyah
Büzgülü asimetrik t-shirt,790.0,Tişört,Kahverengi
Büzgülü uzun kollu t-shirt,790.0,Tişört,Beyaz
Büzgülü uzun kollu t-shirt,790.0,Tişört,Siyah
B06 Düşük omuz basic t-shirt,790.0,Tişört,Siyah
B06 Düşük omuz basic t-shirt,790.0,Tişört,Ekru
B06 Düşük omuz basic t-shirt,790.0,Tişört,Pembe
B06 Düşük omuz basic t-shirt,790.0,Tişört,Kahverengi
Yazı baskılı kayık yaka t-shirt,650.0,Tişört,Kırmızı
Konumlandırılmış kısa kollu t-shirt,590.0,Tişört,Beyaz
"Kısa kollu, kayık yaka, büzgülü t-shirt",590.0,Tişört,Kahverengi
"Kısa kollu, kayık yaka, büzgülü t-shirt",590.0,Tişört,Beyaz
"Çizgili, uzun kollu, basic t-shirt",590.0,Tişört,Ekru
Çizgili basic uzun kollu pamuklu t-shirt,350.0,Tişört,Koyu mavi
Poliamid uzun kollu t-shirt,790.0,Tişört,Beyaz
Poliamid uzun kollu t-shirt,790.0,Tişört,Siyah
Poliamid uzun kollu t-shirt,790.0,Tişört,Kahverengi
Ecocell çift katmanlı t-shirt,990.0,Tişört,Beyaz
Ecocell çift katmanlı t-shirt,990.0,Tişört,Siyah
Üç katmanlı uzun kollu t-shirt,1090.0,Tişört,Koyu Gri
Fitilli çapraz askılı t-shirt,490.0,Tişört,Beyaz
Fitilli çapraz askılı t-shirt,490.0,Tişört,Siyah
Fitilli çapraz askılı t-shirt,490.0,Tişört,Turkuaz
Fitilli çapraz askılı t-shirt,490.0,Tişört,Açık sarı
Fitilli çapraz askılı t-shirt,490.0,Tişört,Kahverengi
Asimetrik kolsuz zımbalı bluz,990.0,Tişört,Kahverengi
Baskılı kısa kollu t-shirt,790.0,Tişört,Açık mavi
Baskılı kısa kollu t-shirt,790.0,Tişört,Altın rengi
İki malzemeli örgü tişört,1590.0,Tişört,Ekru
İki malzemeli örgü tişört,1590.0,Tişört,Kahverengi
Reglan kollu t-shirt,990.0,Tişört,Koyu lacivert
Dikişsiz polo tişört,990.0,Tişört,Ekru
Dikişsiz polo tişört,990.0,Tişört,Siyah
Dikişsiz polo tişört,990.0,Tişört,Kahverengi
Boxy kısa kollu t-shirt,990.0,Tişört,Açık mavi
Boxy kısa kollu t-shirt,990.0,Tişört,Ekru
One Dilemma parıltılı kısa kollu kayık yaka t-shirt,990.0,Tişört,Siyah
One Dilemma parıltılı kısa kollu kayık yaka t-shirt,990.0,Tişört,Beyaz
Beyzbol t-shirt,590.0,Tişört,Açık mavi
Snoopy muz desenli t-shirt,1090.0,Tişört,Açık sarı
Dantelli grafik detaylı fitted t-shirt,990.0,Tişört,Ekru
Çift kontrastlı t-shirt,990.0,Tişört,Ekru
Kısa kollu t-shirt 23,990.0,Tişört,Koyu lacivert
Kısa kollu muz t-shirt,790.0,Tişört,Kahverengi
Bugs Bunny dantelli t-shirt,1490.0,Tişört,Ekru
Bugs Bunny kısa kollu t-shirt,990.0,Tişört,Açık gri
Uzun kollu bindirmeli t-shirt,990.0,Tişört,Gri
Kruvaze dantel t-shirt,1190.0,Tişört,Açık mavi
Çift katlı kısa kollu t-shirt,790.0,Tişört,Açık pembe
Çift katlı kısa kollu t-shirt,790.0,Tişört,Beyaz
Çift katlı kısa kollu t-shirt,790.0,Tişört,Kahverengi
Yanları büzgülü kısa kollu t-shirt,990.0,Tişört,Açık mavi
Yanları büzgülü kısa kollu t-shirt,990.0,Tişört,Beyaz
Yanları büzgülü kısa kollu t-shirt,990.0,Tişört,Kahverengi
Dantelli uzun kollu t-shirt,1490.0,Tişört,Açık mavi
Asimetrik yumuşak t-shirt,1490.0,Tişört,Koyu Gri
Grafik detaylı kısa kollu t-shirt,990.0,Tişört,Lacivert
Grafik ve aplikeli kısa kollu t-shirt,1090.0,Tişört,Lacivert
Grafik ve aplikeli kısa kollu t-shirt,1090.0,Tişört,Açık mavi
Çizgili baskılı kısa kollu t-shirt,990.0,Tişört,Lacivert
Çizgili baskılı kısa kollu t-shirt,990.0,Tişört,Kırmızı
Çizgili basic uzun kollu pamuklu tişört,590.0,Tişört,Mor
Basic regular pamuklu tişört,790.0,Tişört,Kahverengi
Basic regular pamuklu tişört,790.0,Tişört,Ekru
Basic regular pamuklu tişört,790.0,Tişört,Krem rengi
Halter yaka uzun kollu t-shirt,990.0,Tişört,Kahverengi
Halter yaka uzun kollu t-shirt,990.0,Tişört,Siyah
Halter yaka uzun kollu t-shirt,990.0,Tişört,Açık gri
Çoklu pozisyon t-shirt,990.0,Tişört,Açık mavi
Çıtçıt detaylı v yaka t-shirt,1090.0,Tişört,Koyu gri
Baskılı yarasa kollu t-shirt,790.0,Tişört,Lacivert
Kısa kollu KEWPIE t-shirt,990.0,Tişört,Beyaz
Oversize baskılı t-shirt,990.0,Tişört,Siyah
Çizgili bel bantlı uzun kollu kayık yaka t-shirt,790.0,Tişört,Lacivert
Çizgili bel bantlı uzun kollu kayık yaka t-shirt,790.0,Tişört,Kahverengi
Kuşaklı kayık yaka uzun kollu t-shirt,790.0,Tişört,Ekru
Kuşaklı kayık yaka uzun kollu t-shirt,790.0,Tişört,Siyah
Asimetrik tül t-shirt,990.0,Tişört,Kahverengi
Asimetrik tül t-shirt,990.0,Tişört,Siyah
Asimetrik tül t-shirt,990.0,Tişört,Mor
Uzun kollu fitilli t-shirt,790.0,Tişört,Ekru
Uzun kollu fitilli t-shirt,790.0,Tişört,Kahverengi
Asimetrik yakalı tişört,790.0,Tişört,Lacivert
Asimetrik yakalı tişört,790.0,Tişört,Siyah
Asimetrik yakalı tişört,790.0,Tişört,Ekru
Asimetrik yakalı tişört,790.0,Tişört,Bordo
Asimetrik yakalı tişört,790.0,Tişört,Koyu gri
Asimetrik yakalı tişört,790.0,Tişört,Kahverengi
Kuşak detaylı kayık yaka triko t-shirt,1090.0,Tişört,Kahverengi
Kuşak detaylı kayık yaka triko t-shirt,1090.0,Tişört,Siyah
Kuşak detaylı kayık yaka triko t-shirt,1090.0,Tişört,Krem rengi
Zımbalı yıldız t-shirt,1490.0,Tişört,Koyu gri
Asimetrik t-shirt zımbalı,1090.0,Tişört,Koyu gri
Asimetrik t-shirt zımbalı,1090.0,Tişört,Siyah
Asimetrik t-shirt zımbalı,1090.0,Tişört,Kahverengi
Zımba detaylı kayık yaka t-shirt,990.0,Tişört,Koyu gri
Basic dik yaka tişört,590.0,Tişört,Kahverengi
Basic dik yaka tişört,590.0,Tişört,Siyah
Basic dik yaka tişört,590.0,Tişört,Ekru
Oversize crop t-shirt,790.0,Tişört,Koyu lacivert
Çift konumlu t-shirt,1090.0,Tişört,Bej
Kafein crop t-shirt,990.0,Tişört,Siyah
Asimetrik çizgili tişört,990.0,Tişört,Lacivert
Basic Kloş Kollu Tişört,790.0,Tişört,Kahverengi
Çift fermuarlı tişört,1090.0,Tişört,Ekru
Dantelli dikişsiz tişört,990.0,Tişört,Pembe
Dantelli dikişsiz tişört,990.0,Tişört,Siyah
Dantelli dikişsiz tişört,990.0,Tişört,Ekru
Dantelli dikişsiz tişört,990.0,Tişört,Kahverengi
Dantelli dikişsiz tişört,990.0,Tişört,Mor
Bisiklet Yaka Örme Tişört,1190.0,Tişört,Koyu Gri
Bisiklet Yaka Örme Tişört,1190.0,Tişört,Ekru
Bisiklet Yaka Örme Tişört,1190.0,Tişört,Kahverengi
Oversize çizgili polo tişört,1190.0,Tişört,Koyu gri
Dikişsiz kare yaka t-shirt,990.0,Tişört,Sarı
Çok yönlü kolsuz t-shirt,790.0,Tişört > Asimetrik,Açık pembe
Çok yönlü kolsuz t-shirt,790.0,Tişört > Asimetrik,Siyah
Çok yönlü kolsuz t-shirt,790.0,Tişört > Asimetrik,Ekru
Çok yönlü kolsuz t-shirt,790.0,Tişört > Asimetrik,SOLUK EFEKTLİ GRİ DENIM
Asimetrik dantel büstiyer,1490.0,Tişört > Asimetrik,Kahverengi
Asimetrik dantel büstiyer,1490.0,Tişört > Asimetrik,Siyah
Asimetrik dantel büstiyer,1490.0,Tişört > Asimetrik,Ekru
Drapeli dar kesim top,990.0,Tişört > Asimetrik,Kahverengi
Drapeli dar kesim top,990.0,Tişört > Asimetrik,Koyu yeşil
Asimetrik desenli tül t-shirt,990.0,Tişört > Asimetrik,Koyu bej
B07 Puantiyeli fitilli askılı bluz,490.0,Tişört > Beyaz,Ekru
Kolsuz qipao tarzı top,990.0,Tişört > Beyaz,Ekru
Kolsuz qipao tarzı top,990.0,Tişört > Beyaz,Siyah
Kolsuz qipao tarzı top,990.0,Tişört > Beyaz,Açık sarı
Kolsuz qipao tarzı top,990.0,Tişört > Beyaz,Koyu yeşil
Poliamid askılı üst,490.0,Tişört > STR Teen,Ekru
Poliamid askılı üst,490.0,Tişört > STR Teen,Siyah
Poliamid askılı üst,490.0,Tişört > STR Teen,Altın rengi
Poliamid askılı üst,490.0,Tişört > STR Teen,Kahverengi
Kalın askılı t-shirt,590.0,Tişört > STR Teen,Beyaz
Kalın askılı t-shirt,590.0,Tişört > STR Teen,Siyah
Kalın askılı t-shirt,590.0,Tişört > STR Teen,Açık pembe
Kalın askılı t-shirt,590.0,Tişört > STR Teen,Açık sarı
Kalın askılı t-shirt,590.0,Tişört > STR Teen,Kahverengi
Dantelli askılı bluz,790.0,Tişört > STR Teen,Açık pembe
Dantelli büzgülü top,1190.0,Tişört > STR Teen,Açık pembe
Dantelli askılı bluz,790.0,Tişört > STR Teen,Açık mavi
Halter yaka t-shirt,590.0,Tişört > STR Teen,Beyaz
Halter yaka t-shirt,590.0,Tişört > STR Teen,Siyah
Halter yaka t-shirt,590.0,Tişört > STR Teen,Açık pembe
Halter yaka t-shirt,590.0,Tişört > STR Teen,Açık sarı
Halter yaka t-shirt,590.0,Tişört > STR Teen,Kahverengi
Halter yaka t-shirt,590.0,Tişört > STR Teen,SOLUK EFEKTLİ GRİ DENIM
Yanları büzgülü dantel top,1190.0,Tişört > STR Teen,Açık mavi
Dantel detaylı askılı body,990.0,Tişört > STR Teen,Açık sarı
Basic bandeau,490.0,Tişört > STR Teen,Kahverengi
Basic bandeau,490.0,Tişört > STR Teen,Siyah
Basic bandeau,490.0,Tişört > STR Teen,Beyaz
Basic bandeau,490.0,Tişört > STR Teen,Açık sarı
Askılı saten top,1190.0,Tişört > STR Teen,Altın rengi
Boxy uzun kollu t-shirt,790.0,Tişört > STR Teen,Beyaz
Büzgülü açık omuzlu t-shirt,920.0,Tişört > STR Teen,Kahverengi
Poliamid tişört,590.0,Tişört > STR Teen,Siyah
Poliamid tişört,590.0,Tişört > STR Teen,Ekru
Poliamid tişört,590.0,Tişört > STR Teen,Kahverengi
D68 kemerli bootcut jean,1790.0,Jean,Beyaz
D68 kemerli bootcut jean,1790.0,Jean,SOLUK EFEKTLİ ORTA MAVİ DENIM
D68 kemerli bootcut jean,1790.0,Jean,SOLUK EFEKTLİ AÇIK ORTA MAVİ DENIM
D92 straight fit geniş paça jean,1690.0,Jean,SOLUK EFEKTLİ PARÇA BOYAMA DENIM
D92 straight fit geniş paça jean,1690.0,Jean,Koyu lacivert
D92 straight fit geniş paça jean,1690.0,Jean,Kahverengi
D92 straight fit geniş paça jean,1690.0,Jean,SOLUK EFEKTLİ AÇIK MAVİ DENIM
D92 straight fit geniş paça jean,1690.0,Jean,SOLUK EFEKTLİ DESIZED DENIM
D92 straight fit geniş paça jean,1690.0,Jean,SOLUK EFEKTLİ İNCİ GRİSİ DENIM
D92 straight fit geniş paça jean,1690.0,Jean,SOLUK EFEKTLİ KOYU GRİ DENIM
D92 straight fit geniş paça jean,1690.0,Jean,SOLUK EFEKTLİ SİYAH DENIM
D92 straight fit geniş paça jean,1690.0,Jean,SOLUK EFEKTLİ AÇIK ORTA MAVİ DENIM
D92 straight fit geniş paça jean,1690.0,Jean,SOLUK EFEKTLİ GRİ DENIM
D92 straight fit geniş paça jean,1690.0,Jean,SOLUK EFEKTLİ ORTA MAVİ DENIM
D92 straight geniş paça jean,1690.0,Jean,Beyaz
D92 straight geniş paça jean,1690.0,Jean,Siyah
D92 straight geniş paça jean,1690.0,Jean,Ekru
D92 straight geniş paça jean,1690.0,Jean,Kahverengi
D98 Straight fit Kot Pantolon,1590.0,Jean,SOLUK EFEKTLİ AÇIK ORTA MAVİ DENIM
D98 Straight fit Kot Pantolon,1590.0,Jean,SOLUK EFEKTLİ AÇIK MAVİ DENIM
D98 Straight fit Kot Pantolon,1590.0,Jean,SOLUK EFEKTLİ ORTA MAVİ DENIM
D98 Straight fit Kot Pantolon,1590.0,Jean,SOLUK EFEKTLİ GRİ DENIM
D98 Straight fit Kot Pantolon,1590.0,Jean,SOLUK EFEKTLİ KOYU GRİ DENIM
D98 Straight fit Kot Pantolon,1590.0,Jean,SOLUK EFEKTLİ SİYAH DENIM
Parlak detaylı straight fit jean,2490.0,Jean,SOLUK EFEKTLİ ORTA MAVİ DENIM
D91 Düşük Bel Geniş Paça Jean,1690.0,Jean,SOLUK EFEKTLİ ORTA MAVİ DENIM
D91 Düşük Bel Geniş Paça Jean,1690.0,Jean,SOLUK EFEKTLİ AÇIK MAVİ DENIM
D91 Düşük Bel Geniş Paça Jean,1690.0,Jean,SOLUK EFEKTLİ AÇIK ORTA MAVİ DENIM
D91 Düşük Bel Geniş Paça Jean,1690.0,Jean,SOLUK EFEKTLİ PARÇA BOYAMA DENIM
D91 Düşük Bel Geniş Paça Jean,1690.0,Jean,SOLUK EFEKTLİ İNCİ GRİSİ DENIM
D91 Düşük Bel Geniş Paça Jean,1690.0,Jean,SOLUK EFEKTLİ GRİ DENIM
D91 Düşük Bel Geniş Paça Jean,1690.0,Jean,SOLUK EFEKTLİ SİYAH DENIM
D91 Düşük Bel Geniş Paça Jean,1690.0,Jean,SOLUK EFEKTLİ DESIZED DENIM
D91 Düşük Bel Fitilli Geniş Paça Jean,1690.0,Jean,Beyaz
D91 Düşük Bel Fitilli Geniş Paça Jean,1690.0,Jean,Ekru
Kapri jean,1590.0,Jean,Beyaz
D78 Kısa Kesim Çan Paça Jean,1490.0,Jean,SOLUK EFEKTLİ SİYAH DESIZED
D78 Cropped Çan Paça Jean,1490.0,Jean,SOLUK EFEKTLİ AÇIK MAVİ DENIM
D78 Cropped Çan Paça Jean,1490.0,Jean,SOLUK EFEKTLİ ORTA MAVİ DENIM
Parıltılı straight fit jean,2490.0,Jean,SOLUK EFEKTLİ SİYAH DENIM
D80 Barrel fit jean,1790.0,Jean,Beyaz
Düşük bel straight fit çekiç belli jean,1790.0,Jean,SOLUK EFEKTLİ ORTA MAVİ DENIM
Düşük bel straight fit çekiç belli jean,1790.0,Jean,SOLUK EFEKTLİ AÇIK ORTA MAVİ DENIM
Düşük bel çift düğmeli jean,1790.0,Jean,SOLUK EFEKTLİ ORTA MAVİ DENIM
Düşük bel çift düğmeli jean,1790.0,Jean,SOLUK EFEKTLİ AÇIK MAVİ DENIM
Düşük bel çift düğmeli jean,1790.0,Jean,SOLUK EFEKTLİ AÇIK ORTA MAVİ DENIM
Düşük bel çift düğmeli jean,1790.0,Jean,SOLUK EFEKTLİ DESIZED DENIM
D04 Düşük Bel Çan Paça Jean,1790.0,Jean,SOLUK EFEKTLİ ORTA MAVİ DENIM
D04 Düşük Bel Çan Paça Jean,1790.0,Jean,SOLUK EFEKTLİ AÇIK ORTA MAVİ DENIM
D07 normal bel skinny jean,1190.0,Jean,SOLUK EFEKTLİ AÇIK ORTA MAVİ DENIM
D07 normal bel skinny jean,1190.0,Jean,SOLUK EFEKTLİ ORTA MAVİ DENIM
D07 normal bel skinny jean,1190.0,Jean,SOLUK EFEKTLİ DESIZED DENIM
D07 normal bel skinny jean,1190.0,Jean,SOLUK EFEKTLİ PARÇA BOYAMA DENIM
D07 normal bel skinny jean,1190.0,Jean,SOLUK EFEKTLİ KOYU GRİ DENIM
Super yüksek bel,1190.0,Jean,Siyah
D74 yırtmaçlı çan paça jean,1590.0,Jean,SOLUK EFEKTLİ AÇIK MAVİ DENIM
D74 yırtmaçlı çan paça jean,1590.0,Jean,Beyaz
D74 yırtmaçlı çan paça jean,1590.0,Jean,SOLUK EFEKTLİ AÇIK ORTA MAVİ DENIM
D74 yırtmaçlı çan paça jean,1590.0,Jean,SOLUK EFEKTLİ DESIZED DENIM
D74 yırtmaçlı çan paça jean,1590.0,Jean,SOLUK EFEKTLİ GRİ DENIM
D74 yırtmaçlı çan paça jean,1590.0,Jean,SOLUK EFEKTLİ SİYAH DESIZED
D74 yırtmaçlı çan paça jean,1590.0,Jean,SOLUK EFEKTLİ ORTA MAVİ DENIM
Düşük bel barrel jean,1790.0,Jean,SOLUK EFEKTLİ AÇIK ORTA MAVİ DENIM
D67 dar kesim bootcut jean,1590.0,Jean,SOLUK EFEKTLİ AÇIK ORTA MAVİ DENIM
D67 dar kesim bootcut jean,1590.0,Jean,SOLUK EFEKTLİ AÇIK MAVİ DENIM
D67 dar kesim bootcut jean,1590.0,Jean,SOLUK EFEKTLİ DESIZED DENIM
D67 dar kesim bootcut jean,1590.0,Jean,SOLUK EFEKTLİ ORTA MAVİ DENIM
D14 comfort dar kesim jean,1490.0,Jean,SOLUK EFEKTLİ AÇIK MAVİ DENIM
D14 comfort dar kesim jean,1490.0,Jean,SOLUK EFEKTLİ AÇIK ORTA MAVİ DENIM
D14 comfort dar kesim jean,1490.0,Jean,SOLUK EFEKTLİ SİYAH DENIM
Düşük bel zımbalı bootcut fit jean,2290.0,Jean,SOLUK EFEKTLİ SİYAH DENIM
İşlemeli cepli çan jean,2490.0,Jean,SOLUK EFEKTLİ AÇIK ORTA MAVİ DENIM
Düşük bel geniş paça mücevher düğmeli jean,2290.0,Jean,SOLUK EFEKTLİ AÇIK ORTA MAVİ DENIM
Yırtık düşük bel straight jean,1790.0,Jean,SOLUK EFEKTLİ AÇIK ORTA MAVİ DENIM
D80 barrel fit jean,1790.0,Jean,SOLUK EFEKTLİ ORTA MAVİ DENIM
D80 barrel fit jean,1790.0,Jean,SOLUK EFEKTLİ AÇIK ORTA MAVİ DENIM
D80 barrel fit jean,1790.0,Jean,SOLUK EFEKTLİ PARÇA BOYAMA DENIM
Düşük bel dikişli cepli jean,1790.0,Jean,SOLUK EFEKTLİ AÇIK ORTA MAVİ DENIM
Düşük bel dikişli cepli jean,1790.0,Jean,SOLUK EFEKTLİ AÇIK MAVİ DENIM
Düşük bel dikişli cepli jean,1790.0,Jean,SOLUK EFEKTLİ ORTA MAVİ DENIM
D77 minimal cepli jean,1790.0,Jean,SOLUK EFEKTLİ AÇIK ORTA MAVİ DENIM
D77 minimal cepli jean,1790.0,Jean,SOLUK EFEKTLİ DESIZED DENIM
D77 minimal cepli jean,1790.0,Jean,SOLUK EFEKTLİ PARÇA BOYAMA DENIM
D77 minimal cepli jean,1790.0,Jean,SOLUK EFEKTLİ İNCİ GRİSİ DENIM
D77 minimal cepli jean,1790.0,Jean,SOLUK EFEKTLİ SİYAH DENIM
Düşük bel straight fit jean,1590.0,Jean,SOLUK EFEKTLİ AÇIK ORTA MAVİ DENIM
Çizgili orta bel baggy jean,1790.0,Jean,SOLUK EFEKTLİ AÇIK ORTA MAVİ DENIM
D09 süper yüksek bel skinny jean,1190.0,Jean,SOLUK EFEKTLİ ORTA MAVİ DENIM
D09 süper yüksek bel skinny jean,1190.0,Jean,SOLUK EFEKTLİ AÇIK MAVİ DENIM
D09 süper yüksek bel skinny jean,1190.0,Jean,SOLUK EFEKTLİ SİYAH DENIM
Bağcıklı dökümlü denim pantolon,1190.0,Jean,SOLUK EFEKTLİ AÇIK ORTA MAVİ DENIM
Bağcıklı dökümlü denim pantolon,1190.0,Jean,SOLUK EFEKTLİ ORTA MAVİ DENIM
Bağcıklı dökümlü denim pantolon,1190.0,Jean,SOLUK EFEKTLİ DESIZED DENIM
Süper yüksek bel,1190.0,Jean,Kahverengi
Süper yüksek bel,1190.0,Jean,Koyu lacivert
Kuşgözü detaylı barrel jean,2790.0,Jean,SOLUK EFEKTLİ SİYAH DENIM
Yanları kuşgözü detaylı barrel jean,2490.0,Jean,SOLUK EFEKTLİ SİYAH DENIM
Leopar parlak straight fit jean,2490.0,Jean,SOLUK EFEKTLİ ORTA MAVİ DENIM
Düşük bel barrel jean,2290.0,Jean,SOLUK EFEKTLİ ORTA MAVİ DENIM
Düşük bel geniş paça parlak detaylı jean,2490.0,Jean,SOLUK EFEKTLİ AÇIK ORTA MAVİ DENIM
İşlemeli cepli çan jean,2490.0,Jean,SOLUK EFEKTLİ İNCİ GRİSİ DENIM
Düşük bel zımbalı baggy jean,2490.0,Jean,SOLUK EFEKTLİ AÇIK ORTA MAVİ DENIM
Yıldız detaylı düşük bel geniş paça jean,2290.0,Jean,SOLUK EFEKTLİ AÇIK ORTA MAVİ DENIM
Yıldız detaylı düşük bel geniş paça jean,2290.0,Jean,SOLUK EFEKTLİ PARÇA BOYAMA DENIM
Düşük bel bootcut kesim kot pantolon,1590.0,Jean,SOLUK EFEKTLİ AÇIK ORTA MAVİ DENIM
Düşük bel bootcut kesim kot pantolon,1590.0,Jean,SOLUK EFEKTLİ SİYAH DENIM
D74 yırtmaçlı esnek çan paça jean,1590.0,Jean,SOLUK EFEKTLİ AÇIK MAVİ DENIM
D10 mom fit dar kesim jean,1490.0,Jean,SOLUK EFEKTLİ AÇIK ORTA MAVİ DENIM
D10 mom fit dar kesim jean,1490.0,Jean,SOLUK EFEKTLİ DESIZED DENIM
1420 Düşük Bel Skinny Jean,1190.0,Jean,SOLUK EFEKTLİ AÇIK MAVİ DENIM
Yanları yıldız detaylı süper baggy jean,2490.0,Jean,SOLUK EFEKTLİ AÇIK ORTA MAVİ DENIM
Orta bel zımbalı straight fit jean,2490.0,Jean,SOLUK EFEKTLİ SİYAH DENIM
D07 yüksek bel skinny jean,1190.0,Jean,SOLUK EFEKTLİ DESIZED DENIM
D07 yüksek bel skinny jean,1190.0,Jean,SOLUK EFEKTLİ AÇIK MAVİ DENIM
Geniş paça düşük bel zımbalı jean,2290.0,Jean,SOLUK EFEKTLİ AÇIK ORTA MAVİ DENIM
D04 Düşük Bel Çan Paça Jean,1790.0,Jean,SOLUK EFEKTLİ SİYAH DENIM
Mendil detaylı culotte jean,1790.0,Jean,SOLUK EFEKTLİ ORTA MAVİ DENIM
Mendil detaylı culotte jean,1790.0,Jean,SOLUK EFEKTLİ AÇIK ORTA MAVİ DENIM
Leopar desenli straight geniş paça jean,2290.0,Jean,SOLUK EFEKTLİ SİYAH DENIM
Düşük bel dar kesim jean,1590.0,Jean,SOLUK EFEKTLİ ORTA MAVİ DENIM
Düşük bel dar kesim jean,1590.0,Jean,SOLUK EFEKTLİ AÇIK ORTA MAVİ DENIM
Düşük bel barrel jean,1790.0,Jean,Açık pembe
Lazer çiçek desenli straight fit jean,2290.0,Jean,SOLUK EFEKTLİ ORTA MAVİ DENIM
"Düşük belli, geniş paça, yıldız detaylı jean",2290.0,Jean,SOLUK EFEKTLİ SİYAH DENIM
Düşük bel straight fit çekiç belli jean,1790.0,Jean,SOLUK EFEKTLİ AÇIK MAVİ DENIM
Leopar desenli flok baskılı jean,2290.0,Jean,SOLUK EFEKTLİ SİYAH DENIM
İşlemeli çan paça cepli jean,2490.0,Jean,SOLUK EFEKTLİ AÇIK ORTA MAVİ DENIM
Düşük bel parlak taşlı straight fit jean One Dilemma,4990.0,Jean,SOLUK EFEKTLİ PARÇA BOYAMA DENIM
Düşük bel zımbalı straight fit One Dilemma jean,3990.0,Jean,SOLUK EFEKTLİ SİYAH DENIM
D67 dar kesim bootcut jean,1590.0,Jean,SOLUK EFEKTLİ SİYAH DENIM
Baggy orta bel jean,1790.0,Jean,SOLUK EFEKTLİ AÇIK MAVİ DENIM
Düşük bel straight fit jean,1590.0,Jean,SOLUK EFEKTLİ İNCİ GRİSİ DENIM
D77 Minimal cepli pantolon,1790.0,Jean,Beyaz
Geniş paça jean,1790.0,Jean,SOLUK EFEKTLİ AÇIK ORTA MAVİ DENIM
Düşük bel çan paça jean,1590.0,Jean,SOLUK EFEKTLİ ORTA MAVİ DENIM
Geniş paça jean,1790.0,Jean,SOLUK EFEKTLİ AÇIK MAVİ DENIM
Dökümlü denim culotte pantolon,1490.0,Jean,SOLUK EFEKTLİ ORTA MAVİ DENIM
Kalp zımba detaylı geniş paça jean,2490.0,Jean,SOLUK EFEKTLİ SİYAH DENIM
Low waist geniş paça jean,1790.0,Jean,SOLUK EFEKTLİ SİYAH DENIM
Pullu düşük bel jean,2290.0,Jean,SOLUK EFEKTLİ SİYAH DENIM
Skinny normal belli jean,1190.0,Jean,SOLUK EFEKTLİ SİYAH DESIZED
Düşük bel çift düğmeli straight fit jean,1790.0,Jean > STR Teen,SOLUK EFEKTLİ AÇIK ORTA MAVİ DENIM
Kapri pantolon,1090.0,Pantolon,Siyah
"Kemerli kısa, akıcı trençkot",1790.0,Trençkot ve kaban,Haki
"Kemerli kısa, akıcı trençkot",1790.0,Trençkot ve kaban,Lacivert
"Kemerli kısa, akıcı trençkot",1790.0,Trençkot ve kaban,Açık mavi
"Kemerli kısa, akıcı trençkot",1790.0,Trençkot ve kaban,Kahverengi
"Kemerli kısa, akıcı trençkot",1790.0,Trençkot ve kaban,Krem rengi
"Kısa, çıkarılabilir kapüşonlu şişme trençkot",2790.0,Trençkot ve kaban,Bej
Dökümlü uzun trençkot,2490.0,Trençkot ve kaban,Krem rengi
Dökümlü uzun trençkot,2490.0,Trençkot ve kaban,Lacivert
Dökümlü uzun trençkot,1490.0,Trençkot ve kaban,Haki
Kısa kruvaze trençkot,2290.0,Trençkot ve kaban,Krem rengi
Uzun suni deri trençkot,2990.0,Trençkot ve kaban,Siyah
Uzun suni deri trençkot,2990.0,Trençkot ve kaban,Kahverengi
Akışkan utility parka,2490.0,Trençkot ve kaban,Kahverengi
Tek düğmeli uzun trençkot,2990.0,Trençkot ve kaban,Krem rengi
Yüksek yakalı kemerli trençkot,2490.0,Trençkot ve kaban,Koyu yeşil
Yüksek yakalı kemerli trençkot,2490.0,Trençkot ve kaban,Beyaz
Yüksek yakalı kemerli trençkot,2490.0,Trençkot ve kaban,Pembe
Oversize Uzun Kaban,3490.0,Trençkot ve kaban,Kahverengi
"Kemerli, mumlu görünümlü kısa trençkot",3490.0,Trençkot ve kaban,Haki
Kısa suni süet trençkot,2790.0,Trençkot ve kaban,Karamel
Kısa suni süet trençkot,2790.0,Trençkot ve kaban,Kahverengi
Basic kısa trençkot,2490.0,Trençkot ve kaban,Krem rengi
Oversize dökümlü uzun trençkot,2490.0,Trençkot ve kaban,Kahverengi
Dik yaka trençkot,2990.0,Trençkot ve kaban,Bej
Dik yaka trençkot,2990.0,Trençkot ve kaban,Siyah
Dik yaka suni deri trençkot,2490.0,Trençkot ve kaban,Kahverengi
Dik yaka suni deri trençkot,2490.0,Trençkot ve kaban,Ekru
Kısa kruvaze trençkot,2290.0,Trençkot ve kaban,Siyah
Kısa kruvaze trençkot,2290.0,Trençkot ve kaban,Lacivert
Kısa oversize kapüşonlu trençkot,3490.0,Trençkot ve kaban,Bej
Suni süet efektli uzun trençkot,2990.0,Trençkot ve kaban,Karamel
Dik yaka kısa trençkot,2990.0,Trençkot ve kaban,Haki
Pelerin trençkot,2490.0,Trençkot ve kaban,Krem rengi
Basic kısa trençkot,2490.0,Trençkot ve kaban,Lacivert
Dik yaka suni deri trençkot,2490.0,Trençkot ve kaban,Bej
Dik yaka suni deri trençkot,2490.0,Trençkot ve kaban,Siyah
Kemerli ve dökümlü kısa trençkot,1790.0,Trençkot ve kaban,Bej
Kemerli ve dökümlü kısa trençkot,1790.0,Trençkot ve kaban,Siyah
Kemerli ve dökümlü kısa trençkot,1790.0,Trençkot ve kaban,Lacivert
Dökümlü utility yelek,2490.0,Trençkot ve kaban,Kahverengi
Oversize yumuşak dokulu kaban,2990.0,Trençkot ve kaban,Koyu Gri
Akışkan utility stili parka,2490.0,Trençkot ve kaban,Haki
Kısa kruvaze trençkot,2290.0,Trençkot ve kaban,Kahverengi
Uzun kemerli kaban,4490.0,Trençkot ve kaban,Koyu lacivert
Uzun suni süet trençkot,2990.0,Trençkot ve kaban,Koyu yeşil
Uzun oversize yumuşak dokulu kaban,3490.0,Trençkot ve kaban,Lacivert
Çift taraflı uzun içi kürklü kaban,6290.0,Trençkot ve kaban,Kahverengi
Midi Boy Kemerli Kaban,4490.0,Trençkot ve kaban,Siyah
Normal balıksırtı kaban,3490.0,Trençkot ve kaban,Gri
Uzun akıcı parka,2790.0,Trençkot ve kaban,Lacivert
Yumuşak dokunuşlu kruvaze dik yaka ceket,2490.0,Trençkot ve kaban,Lacivert
Yumuşak dokunuşlu kruvaze dik yaka ceket,2490.0,Trençkot ve kaban,Siyah
Yumuşak dokunuşlu kruvaze dik yaka ceket,2490.0,Trençkot ve kaban,Ekru
Yumuşak dokunuşlu kruvaze dik yaka ceket,2490.0,Trençkot ve kaban,Kahverengi
Uzun tek düğmeli trençkot,2990.0,Trençkot ve kaban,Kahverengi
Yumuşak Dokunuşlu Trençkot,2990.0,Trençkot ve kaban,Kahverengi
Yumuşak Dokunuşlu Trençkot,1790.0,Trençkot ve kaban,Ekru
Yumuşak Dokunuşlu Trençkot,1790.0,Trençkot ve kaban,Koyu lacivert
Yumuşak Dokulu Düğmeli Midi Kaban,1790.0,Trençkot ve kaban,Ekru
Yumuşak Dokulu Düğmeli Midi Kaban,1790.0,Trençkot ve kaban,Siyah
Yumuşak Dokulu Düğmeli Midi Kaban,1190.0,Trençkot ve kaban,Bordo
Kısa dökümlü trençkot,2290.0,Trençkot ve kaban,Haki
Suni süet ceket,1670.0,Trençkot ve kaban,Bej
Uzun erkek kaban,1790.0,Trençkot ve kaban,Ekru
Militer blazer,2490.0,Ceketler ve trençkotlar,SOLUK EFEKTLİ AÇIK ORTA MAVİ DENIM
Ön cepli dökümlü crop ceket,2490.0,Ceketler ve trençkotlar,Krem rengi
Dik yaka teknik ceket,2290.0,Ceketler ve trençkotlar,Ekru
Suni süet balon ceket,2990.0,Ceketler ve trençkotlar,Krem rengi
Suni süet balon ceket,2990.0,Ceketler ve trençkotlar,Lacivert
Suni süet balon ceket,2990.0,Ceketler ve trençkotlar,Kahverengi
Kısa yumuşak ceket,1070.0,Ceketler ve trençkotlar,Kırmızı
Kısa yumuşak ceket,1070.0,Ceketler ve trençkotlar,Ekru
Kısa yumuşak ceket,1070.0,Ceketler ve trençkotlar,Koyu lacivert
Suni süet cepli ceket,1790.0,Ceketler ve trençkotlar,Kahverengi
Suni süet cepli ceket,1790.0,Ceketler ve trençkotlar,Lacivert
Suni süet cepli ceket,1790.0,Ceketler ve trençkotlar,Krem rengi
Suni süet cepli ceket,1790.0,Ceketler ve trençkotlar,Açık kahverengi
Balon ceket,2290.0,Ceketler ve trençkotlar,Krem rengi
Şişme mont,1490.0,Ceketler ve trençkotlar,Ekru
Şişme mont,1490.0,Ceketler ve trençkotlar,Lacivert
Şişme mont,2490.0,Ceketler ve trençkotlar,Pembe
Şişme mont,2490.0,Ceketler ve trençkotlar,Koyu Gri
Şişme mont,1490.0,Ceketler ve trençkotlar,Kahverengi
Teknik ceket,1790.0,Ceketler ve trençkotlar,Kahverengi
Suni süet balon ceket,2990.0,Ceketler ve trençkotlar,Pembe
Suni süet balon ceket,2990.0,Ceketler ve trençkotlar,Ekru
Oversize yumuşak dokulu balon ceket,2990.0,Ceketler ve trençkotlar,Siyah
Oversize yumuşak dokulu balon ceket,2990.0,Ceketler ve trençkotlar,Kahverengi
Militer blazer,2490.0,Ceketler ve trençkotlar,Bej
Kemer detaylı suni deri balon ceket,2490.0,Ceketler ve trençkotlar,Kırmızı
Suni deri balon kemerli ceket,2490.0,Ceketler ve trençkotlar,Siyah
Suni deri balon kemerli ceket,2490.0,Ceketler ve trençkotlar,Kahverengi
Oversize yıkanmış suni deri ceket,2290.0,Ceketler ve trençkotlar,Kahverengi
Vücuda oturan suni deri ceket,1790.0,Ceketler ve trençkotlar,Ekru
Vücuda oturan suni deri ceket,1070.0,Ceketler ve trençkotlar,Açık mavi
Vücuda oturan suni deri ceket,1070.0,Ceketler ve trençkotlar,Açık sarı
Basic naylon kapüşonlu ceket,1790.0,Ceketler ve trençkotlar,Lacivert
Basic naylon kapüşonlu ceket,1790.0,Ceketler ve trençkotlar,Ekru
Fermuarlı suni süet ceket,1790.0,Ceketler ve trençkotlar,Kahverengi
Yumuşak dokulu balon bomber ceket,1790.0,Ceketler ve trençkotlar,Ekru
Yumuşak dokulu balon bomber ceket,1790.0,Ceketler ve trençkotlar,Koyu Gri
Kemerli suni deri biker ceket,1790.0,Ceketler ve trençkotlar,Kahverengi
Kemerli suni deri biker ceket,1790.0,Ceketler ve trençkotlar,Siyah
Yama cepli ceket,1590.0,Ceketler ve trençkotlar,Pembe
Yama cepli ceket,1590.0,Ceketler ve trençkotlar,Ekru
Yama cepli ceket,950.0,Ceketler ve trençkotlar,Koyu mavi
Cepli denim ceket,1590.0,Ceketler ve trençkotlar,SOLUK EFEKTLİ DESIZED DENIM
Oversize suni deri ceket,3690.0,Ceketler ve trençkotlar,Kahverengi
Oversize suni deri ceket,3690.0,Ceketler ve trençkotlar,Siyah
Oversize suni deri biker ceket,2990.0,Ceketler ve trençkotlar,Siyah
Mumlu Görünümlü Kısa Kombin Parka,2990.0,Ceketler ve trençkotlar,Haki
Pamuklu cepli parka,2790.0,Ceketler ve trençkotlar,Koyu yeşil
Pamuklu cepli parka,2790.0,Ceketler ve trençkotlar,Krem rengi
Parlak detaylı yama cepli denim ceket,2790.0,Ceketler ve trençkotlar,SOLUK EFEKTLİ AÇIK ORTA MAVİ DENIM
Bisiklet yaka peplum suni deri blazer ceket,2490.0,Ceketler ve trençkotlar,Kahverengi
Oversize suni deri biker ceket,2490.0,Ceketler ve trençkotlar,Kahverengi
Oversize suni deri biker ceket,1490.0,Ceketler ve trençkotlar,Bordo
Suni deri dolgulu bomber ceket,2490.0,Ceketler ve trençkotlar,Siyah
Suni deri dolgulu bomber ceket,1490.0,Ceketler ve trençkotlar,Ekru
Suni deri dolgulu bomber ceket,1490.0,Ceketler ve trençkotlar,Bordo
Suni deri dolgulu bomber ceket,2490.0,Ceketler ve trençkotlar,Kahverengi
Çizgili açık blazer ceket,2290.0,Ceketler ve trençkotlar,Lacivert
Çizgili açık blazer ceket,2290.0,Ceketler ve trençkotlar,Kahverengi
Çizgili açık blazer ceket,2290.0,Ceketler ve trençkotlar,Krem rengi
Balon kesim denim ceket,2290.0,Ceketler ve trençkotlar,SOLUK EFEKTLİ AÇIK ORTA MAVİ DENIM
Dik yaka şişme ceket,2290.0,Ceketler ve trençkotlar,Pembe
Suni deri biker ceket,2290.0,Ceketler ve trençkotlar,Siyah
Suni deri biker ceket,2290.0,Ceketler ve trençkotlar,Kahverengi
Denim ceket,1790.0,Ceketler ve trençkotlar,SOLUK EFEKTLİ AÇIK ORTA MAVİ DENIM
Yumuşak dokunuşlu balon cepli ceket,1790.0,Ceketler ve trençkotlar,Koyu lacivert
Naylon kapüşonlu ceket,1790.0,Ceketler ve trençkotlar,Koyu mavi
Kruvaze denim ceket,2790.0,Ceketler ve trençkotlar,SOLUK EFEKTLİ SİYAH DENIM
Çizgili denim ceket,2490.0,Ceketler ve trençkotlar,SOLUK EFEKTLİ GRİ DENIM
Cepli denim ceket,1590.0,Ceketler ve trençkotlar,SOLUK EFEKTLİ AÇIK MAVİ DENIM
Kısa zımbalı denim ince ceket,2290.0,Ceketler ve trençkotlar,SOLUK EFEKTLİ SİYAH DENIM
Militer denim blazer,2990.0,Ceketler ve trençkotlar,Beyaz
Kabartmalı düğmeli blazer ceket,2490.0,Ceketler ve trençkotlar,Lacivert
Oversize triko hırka,1790.0,Ceketler ve trençkotlar,Koyu gri
Kapüşonlu fermuarlı triko ceket,1690.0,Ceketler ve trençkotlar,Koyu gri
Teknik ceket,2290.0,Ceketler ve trençkotlar,Lacivert
Fermuarlı suni yünlü ceket,2490.0,Ceketler ve trençkotlar,Kahverengi
Fermuarlı suni yünlü ceket,2490.0,Ceketler ve trençkotlar,Siyah
Fermuarlı suni yünlü ceket,2490.0,Ceketler ve trençkotlar,Ekru
Metalik Kapüşonlu Şişme Mont,2790.0,Ceketler ve trençkotlar,Siyah
Basic kapüşonlu şişme mont,2290.0,Ceketler ve trençkotlar,Kahverengi
Basic kapüşonlu şişme mont,2290.0,Ceketler ve trençkotlar,Siyah
Akışkan bomber ceket,2290.0,Ceketler ve trençkotlar,Krem rengi
Piliseli dökümlü ceket,2490.0,Ceketler ve trençkotlar,Ekru
Kemerli suni deri biker ceket,1790.0,Ceketler ve trençkotlar,Beyaz
Bisiklet yaka şişme ceket,1790.0,Ceketler ve trençkotlar,Kahverengi
Cepli denim ceket,1590.0,Ceketler ve trençkotlar,SOLUK EFEKTLİ İNCİ GRİSİ DENIM
Dik yaka şişme ceket,2290.0,Ceketler ve trençkotlar,Kahverengi
Suni Süet İçi Kürklü Biker Ceket,3490.0,Ceketler ve trençkotlar,Ekru
Kapüşonlu şişme mont,2490.0,Ceketler ve trençkotlar,Ekru
Kapüşonlu şişme mont,2290.0,Ceketler ve trençkotlar,Krem rengi
Basic naylon çizgili kapüşonlu ceket,1790.0,Ceketler ve trençkotlar,Açık mavi
Cepli suni süet ceket,1790.0,Ceketler ve trençkotlar,Açık mavi
Kadife şişme mont,2790.0,Ceketler ve trençkotlar,Kahverengi
Büzgülü şişme mont,2290.0,Ceketler ve trençkotlar,Ekru
Oversize kapüşonlu dolgulu ceket,2790.0,Ceketler ve trençkotlar,Gri
Oversize kapüşonlu dolgulu ceket,2790.0,Ceketler ve trençkotlar,Siyah
Kapüşonlu şişme ceket,2790.0,Ceketler ve trençkotlar,Haki
Bisiklet yaka şişme ceket,1070.0,Ceketler ve trençkotlar,Ekru
Dar kesim denim ceket,1070.0,Ceketler ve trençkotlar,SOLUK EFEKTLİ AÇIK ORTA MAVİ DENIM
Kısa bisiklet yaka blazer ceket,1070.0,Ceketler ve trençkotlar,Lacivert
Kısa bisiklet yaka blazer ceket,1070.0,Ceketler ve trençkotlar,Açık mavi
Kısa bisiklet yaka blazer ceket,1070.0,Ceketler ve trençkotlar,Pembe
Suni deri efektli cepli ceket,2090.0,Ceketler ve trençkotlar,Kahverengi
Dik yaka sweatshirt ceket,1370.0,Ceketler ve trençkotlar,Açık gri
Zımbalı kısa denim ince ceket,1370.0,Ceketler ve trençkotlar > Denim,SOLUK EFEKTLİ ORTA MAVİ DENIM
Puantiye desenli halter top,790.0,Tişört > Mavi Tişört,Açık mavi
Puantiye desenli halter top,790.0,Tişört > Mavi Tişört,Ekru
Puantiye desenli halter top,790.0,Tişört > Mavi Tişört,Kahverengi
Sırt dekolteli tişört,650.0,Tişört > Mavi Tişört,Koyu lacivert
Sırt dekolteli tişört,650.0,Tişört > Mavi Tişört,Siyah
Sırt dekolteli tişört,650.0,Tişört > Mavi Tişört,Ekru
Sırt dekolteli tişört,650.0,Tişört > Mavi Tişört,Kahverengi
Sıkılaştırıcı body,1190.0,Tişört > Siyah Tişört,Siyah
Korse tarzı top,1190.0,Tişört > Basic Ürünler,Siyah
Korse tarzı top,1190.0,Tişört > Basic Ürünler,Ekru
Korse tarzı top,1190.0,Tişört > Basic Ürünler,Kahverengi
Kruvaze halter top,790.0,Tişört > Basic Ürünler,Haki
Kruvaze halter top,790.0,Tişört > Basic Ürünler,Siyah
Kruvaze halter top,790.0,Tişört > Basic Ürünler,Ekru
B07 Fitilli askılı top,490.0,Tişört > Basic Ürünler,Kahverengi
B07 Fitilli askılı top,490.0,Tişört > Basic Ürünler,Siyah
B07 Fitilli askılı top,490.0,Tişört > Basic Ürünler,Beyaz
B07 Fitilli askılı top,490.0,Tişört > Basic Ürünler,Açık mavi
Kare yaka poliamid body,790.0,Tişört > Basic Ürünler,Siyah
Kare yaka poliamid body,790.0,Tişört > Basic Ürünler,Ekru
Kare yaka poliamid body,790.0,Tişört > Basic Ürünler,Pembe
Kare yaka poliamid body,790.0,Tişört > Basic Ürünler,Kahverengi
Kare yaka poliamid body,790.0,Tişört > Basic Ürünler,Haki
V yaka askılı body,790.0,Tişört > Basic Ürünler,Siyah
V yaka askılı body,790.0,Tişört > Basic Ürünler,Ekru
V yaka askılı body,790.0,Tişört > Basic Ürünler,Kahverengi
Geniş askılı poliamid t-shirt,590.0,Tişört > Basic Ürünler,Kahverengi
B04 basic kolsuz dar top,550.0,Tişört > Basic Ürünler,Açık gri
B04 basic kolsuz dar top,550.0,Tişört > Basic Ürünler,Siyah
B04 basic kolsuz dar top,550.0,Tişört > Basic Ürünler,Beyaz
B04 basic kolsuz dar top,550.0,Tişört > Basic Ürünler,Açık mavi
B04 basic kolsuz dar top,550.0,Tişört > Basic Ürünler,Açık sarı
Poliamid straples top,550.0,Tişört > Basic Ürünler,Siyah
Poliamid straples top,550.0,Tişört > Basic Ürünler,Beyaz
Uzun Kollu Poliamid Body,990.0,Tişört > Basic Ürünler,Ekru
Uzun Kollu Poliamid Body,590.0,Tişört > Basic Ürünler,Siyah
Uzun Kollu Poliamid Body,590.0,Tişört > Basic Ürünler,Kahverengi
Halter Crop Top,490.0,Tişört > Basic Ürünler,Siyah
Halter Crop Top,490.0,Tişört > Basic Ürünler,Beyaz
Basic askılı top,490.0,Tişört > Basic Ürünler,Siyah
Basic askılı top,490.0,Tişört > Basic Ürünler,Beyaz
Basic askılı tişört,490.0,Tişört > Basic Ürünler,Pembe
Basic askılı tişört,490.0,Tişört > Basic Ürünler,Siyah
Basic askılı tişört,490.0,Tişört > Basic Ürünler,Ekru
Basic askılı tişört,490.0,Tişört > Basic Ürünler,Koyu lacivert
Basic askılı tişört,490.0,Tişört > Basic Ürünler,Koyu mavi
Basic askılı tişört,490.0,Tişört > Basic Ürünler,Açık sarı
Basic askılı tişört,490.0,Tişört > Basic Ürünler,Bej
Kare yaka poliamid body,990.0,Tişört > Basic Ürünler,Mor
Basic çapraz askılı top,550.0,Tişört > Basic Ürünler,Siyah
Basic çapraz askılı top,550.0,Tişört > Basic Ürünler,Beyaz
V yaka büzgülü poliamid body,1090.0,Tişört > Basic Ürünler,Siyah
V yaka büzgülü poliamid body,1090.0,Tişört > Basic Ürünler,Ekru
Kısa kollu dar kesim gömlek,1090.0,Tişört > STR Teen,Beyaz
Kısa kollu dar kesim gömlek,1090.0,Tişört > STR Teen,Açık pembe
Kısa kollu dar kesim gömlek,1090.0,Tişört > STR Teen,SOLUK EFEKTLİ GRİ DENIM
"Dar kesim, akıcı kollu gömlek",1190.0,Tişört > STR Teen,Siyah
Kuşaklı triko crop top,790.0,Tişört > STR Teen,Kahverengi
Kuşaklı triko crop top,790.0,Tişört > STR Teen,Açık pembe
Kuşaklı triko crop top,790.0,Tişört > STR Teen,Açık sarı
Fermuarlı fitted gömlek,1490.0,Tişört > STR Teen,Siyah
Oversize zımbalı gömlek,1790.0,Tişört > STR Teen,Açık mavi
Oversize gömlek,1490.0,Tişört > STR Teen,Açık mavi
Büzgülü kısa kollu gömlek,1090.0,Tişört > STR Teen,Açık pembe
Büzgülü kısa kollu gömlek,1090.0,Tişört > STR Teen,Siyah
Büzgülü kısa kollu gömlek,1090.0,Tişört > STR Teen,Açık mavi
Çizgili büzgülü gömlek,1490.0,Tişört > STR Teen,Siyah
Düz büzgülü gömlek,1490.0,Tişört > STR Teen,Beyaz
Düz büzgülü gömlek,1490.0,Tişört > STR Teen,Kahverengi
Oversize çizgili gömlek,1590.0,Tişört > STR Teen,SOLUK EFEKTLİ GRİ DENIM
Dar kesim gömlek,1190.0,Tişört > STR Teen,Beyaz
Dar kesim gömlek,1190.0,Tişört > STR Teen,SOLUK EFEKTLİ GRİ DENIM
Büzgülü askılı top,1190.0,Top ve body,Ekru
Poliamid yaka detaylı top,990.0,Top ve body,Siyah
Saten halter top,1090.0,Top ve body,Turkuaz
Saten halter top,1090.0,Top ve body,Siyah
Saten halter top,1090.0,Top ve body,Beyaz
Saten halter top,1090.0,Top ve body,Açık mavi
Saten halter top,1090.0,Top ve body,Fuşya
Saten halter top,1090.0,Top ve body,Altın rengi
Saten halter top,1090.0,Top ve body,Kahverengi
Büzgülü halter top,790.0,Top ve body,Ekru
Büzgülü halter top,790.0,Top ve body,Siyah
Büzgülü halter top,790.0,Top ve body,Kahverengi
Halter yaka büzgülü top,790.0,Top ve body,Turkuaz
Halter yaka büzgülü top,790.0,Top ve body,Siyah
Halter yaka büzgülü top,790.0,Top ve body,Ekru
Halter yaka büzgülü top,790.0,Top ve body,Pembe
Halter yaka büzgülü top,790.0,Top ve body,Kahverengi
Dantel detaylı askılı bluz,790.0,Top ve body,Beyaz
Desenli tül fularlı halter top,1090.0,Top ve body,Koyu bej
Kolsuz file body,790.0,Top ve body,Siyah
Pullu halter top,990.0,Top ve body,Pembe
Pullu halter top,990.0,Top ve body,Ekru
Pullu halter top,990.0,Top ve body,Kahverengi
Askılı korse bluz,1090.0,Top ve body,Beyaz
Askılı korse bluz,1090.0,Top ve body,Siyah
Halter yaka qipao görünümlü top,1090.0,Top ve body,Ekru
Halter yaka qipao görünümlü top,1090.0,Top ve body,Açık mavi
Halter yaka qipao görünümlü top,1090.0,Top ve body,Pembe
Dantel Qipao büstiyer,1190.0,Top ve body,Siyah
Dantel Qipao büstiyer,1190.0,Top ve body,Beyaz
Dantel Qipao büstiyer,1190.0,Top ve body,Altın rengi
Qipao tarzı dantel t-shirt,990.0,Top ve body,Ekru
Qipao tarzı dantel t-shirt,990.0,Top ve body,Siyah
Qipao tarzı dantel t-shirt,990.0,Top ve body,Kahverengi
Drapeli poliamid üst,790.0,Top ve body,Kahverengi
Parıltılı denim büstiyer üst,1590.0,Top ve body,SOLUK EFEKTLİ AÇIK ORTA MAVİ DENIM
Kare yaka çift katmanlı tişört,590.0,Top ve body,Pembe
Kare yaka çift katmanlı tişört,590.0,Top ve body,Siyah
Kare yaka çift katmanlı tişört,590.0,Top ve body,Beyaz
Kare yaka çift katmanlı tişört,590.0,Top ve body,Açık gri
Peplum kolsuz top,1090.0,Top ve body,Kırmızı
Peplum kolsuz top,1090.0,Top ve body,Siyah
Çizgili peplum kolsuz top,1090.0,Top ve body,Lacivert
İşlemeli halter top,1790.0,Top ve body,Siyah
Halter body,990.0,Top ve body,Siyah
Halter body,990.0,Top ve body,Açık mavi
Halter body,990.0,Top ve body,Kahverengi
Dantel askılı body,990.0,Top ve body,Kahverengi
Dantel askılı body,990.0,Top ve body,Siyah
Dantel askılı body,990.0,Top ve body,Ekru
Kalp yaka bandeau,790.0,Top ve body,Siyah
Kalp yaka bandeau,790.0,Top ve body,Ekru
Metal detaylı halter yaka top,790.0,Top ve body,Siyah
Pullu crop top,1190.0,Top ve body,Açık mavi
Kolsuz denim peplum top,1190.0,Top ve body,SOLUK EFEKTLİ PARÇA BOYAMA DENIM
Mücevher detaylı çapraz askılı atlet,1090.0,Top ve body,Beyaz
Saten yüzeyli dantel askılı top,1090.0,Top ve body,Ekru
Saten yüzeyli dantel askılı top,1090.0,Top ve body,Kahverengi
Düğmeli dokulu üst,990.0,Top ve body,Ekru
Düğmeli dokulu üst,990.0,Top ve body,Siyah
Düğmeli dokulu üst,990.0,Top ve body,Krem rengi
Düğmeli dokulu üst,990.0,Top ve body,Açık kahverengi
Zımba detaylı halter yaka üst,990.0,Top ve body,Siyah
Metalik iplikli triko top,990.0,Top ve body,Kahverengi
Qipao üst,990.0,Top ve body,Siyah
Dantelli halter top,790.0,Top ve body,Açık pembe
Drape çift katlı yaka top,790.0,Top ve body,Ekru
Işıltılı örgü pelerin,1590.0,Top ve body,Turuncu
Vücudu saran denim top,1590.0,Top ve body,Ekru
Vücuda oturan denim üst,1590.0,Top ve body,SOLUK EFEKTLİ ORTA MAVİ DENIM
Vücuda oturan denim üst,1590.0,Top ve body,SOLUK EFEKTLİ AÇIK ORTA MAVİ DENIM
Parlak denim peplum top,1590.0,Top ve body,Siyah
Qipao halter denim top,1490.0,Top ve body,SOLUK EFEKTLİ AÇIK ORTA MAVİ DENIM
Asimetrik pelerin,1190.0,Top ve body,Kahverengi
Asimetrik pelerin,1190.0,Top ve body,Ekru
Saten halter top,1090.0,Top ve body,Koyu lacivert
Halter bengalin top,1090.0,Top ve body,Açık mavi
Halter bengalin top,1090.0,Top ve body,Beyaz
Keten Karışımlı Geniş Yaka Triko Bluz,1090.0,Top ve body,Kahverengi
Keten Karışımlı Geniş Yaka Triko Bluz,1090.0,Top ve body,Pembe
Keten Karışımlı Geniş Yaka Triko Bluz,1090.0,Top ve body,Açık sarı
Kolsuz peplum top,1090.0,Top ve body,Kahverengi
V Yaka Büzgülü Crop Top,990.0,Top ve body,Siyah
Asimetrik tül Fularlı Top,990.0,Top ve body,Siyah
Dantelli halter top,790.0,Top ve body,Siyah
Peplum triko top,1490.0,Top ve body,Altın rengi
Halter dantel detaylı üst,1090.0,Top ve body,Ekru
Bisiklet yaka çizgili keten karışımlı top,790.0,Top ve body,Mavi
Pencere detaylı sırt dekolteli body,990.0,Top ve body,Kahverengi
Balon büstiyer top,1090.0,Top ve body,Altın rengi
Balon büstiyer top,1090.0,Top ve body,Beyaz
Kroşe straplez bluz,990.0,Top ve body,Beyaz
Kroşe straplez bluz,990.0,Top ve body,Koyu lacivert
Kroşe straplez bluz,990.0,Top ve body,Krem rengi
Kroşe straplez bluz,990.0,Top ve body,Koyu yeşil
Kroşe askılı top,990.0,Top ve body,Açık mavi
Kroşe askılı top,990.0,Top ve body,Beyaz
Kroşe askılı top,990.0,Top ve body,Koyu lacivert
Kroşe askılı top,990.0,Top ve body,Açık sarı
Asimetrik saten top,1190.0,Top ve body,Ekru
Saten askılı top,990.0,Top ve body,Lacivert
Kare yaka tül body,990.0,Top ve body,Siyah
İşlemeli askılı top,1790.0,Top ve body,Kahverengi
Volanlı kroşe top,990.0,Top ve body,Lacivert
Volanlı kroşe top,990.0,Top ve body,Beyaz
Parlak örgülü top,990.0,Top ve body,Turuncu
Metalik iplikli pelerin,1590.0,Top ve body,Kahverengi
Payetli halter yaka t-shirt One Dilemma,1490.0,Top ve body,Gri
Cupro parlak One Dilemma t-shirt,1790.0,Top ve body,Siyah
Fırfırlı ve boncuklu top,1590.0,Top ve body,Koyu Gri
Fırfırlı ve boncuklu top,1590.0,Top ve body,Ekru
Drapeli dekolteli halkalı büstiyer,990.0,Top ve body,Siyah
Düğmeli kolsuz denim top,1190.0,Top ve body,SOLUK EFEKTLİ ORTA MAVİ DENIM
Büzgülü tül body,990.0,Top ve body,Mor
Büzgülü tül body,990.0,Top ve body,Siyah
Büzgülü tül body,990.0,Top ve body,Kahverengi
Straplez denim bluz,1190.0,Top ve body,SOLUK EFEKTLİ PARÇA BOYAMA DENIM
Kayık yaka panço,1090.0,Top ve body,Ekru
Kayık yaka panço,1090.0,Top ve body,Krem rengi
"Kısa kollu, düşük göğüs kesimli gömlek",1090.0,Gömlek ve Bluz,Açık mavi
"Basic, fitted çizgili gömlek",1190.0,Gömlek ve Bluz,Koyu lacivert
"Basic, fitted çizgili gömlek",1190.0,Gömlek ve Bluz,Siyah
"Basic, fitted çizgili gömlek",1190.0,Gömlek ve Bluz,Açık mavi
"Basic, fitted çizgili gömlek",710.0,Gömlek ve Bluz,Mavi
"Basic, fitted çizgili gömlek",1190.0,Gömlek ve Bluz,Açık pembe
"Basic, fitted çizgili gömlek",1190.0,Gömlek ve Bluz,Kahverengi
"Basic, fitted çizgili gömlek",1190.0,Gömlek ve Bluz,Mor
Basic dar kesim gömlek,1190.0,Gömlek ve Bluz,Beyaz
Basic dar kesim gömlek,710.0,Gömlek ve Bluz,Siyah
Basic dar kesim gömlek,1190.0,Gömlek ve Bluz,Açık mavi
"Kısa kollu, göğüs altı kesimli gömlek",1090.0,Gömlek ve Bluz,Beyaz
"Kısa kollu, göğüs altı kesimli gömlek",1090.0,Gömlek ve Bluz,Açık mavi
"Kısa kollu, göğüs altı kesimli gömlek",1090.0,Gömlek ve Bluz,Pembe
"Yarasa kollu, pilili poplin gömlek",1190.0,Gömlek ve Bluz,Beyaz
Basic çift kumaş gömlek,1190.0,Gömlek ve Bluz,Beyaz
Piliseli poplin gömlek,1490.0,Gömlek ve Bluz,Beyaz
Piliseli poplin gömlek,1490.0,Gömlek ve Bluz,Açık mavi
Basic çift kumaş gömlek,1190.0,Gömlek ve Bluz,Açık mavi
Çıtçıtlı açık gömlek,1190.0,Gömlek ve Bluz,Ekru
Çıtçıtlı açık gömlek,1190.0,Gömlek ve Bluz,Kahverengi
Çıtçıtlı açık gömlek,1190.0,Gömlek ve Bluz,Haki
Büzgülü bengalin gömlek,1190.0,Gömlek ve Bluz,Beyaz
Düğmeli dökümlü gömlek,1090.0,Gömlek ve Bluz,Siyah
Düğmeli dökümlü gömlek,1090.0,Gömlek ve Bluz,Beyaz
Düğmeli dökümlü gömlek,1090.0,Gömlek ve Bluz,Lacivert
Düğmeli dökümlü gömlek,1090.0,Gömlek ve Bluz,Açık mavi
Düğmeli dökümlü gömlek,1090.0,Gömlek ve Bluz,Mavi
Düğmeli dökümlü gömlek,1090.0,Gömlek ve Bluz,Krem rengi
Düğmeli dökümlü gömlek,1090.0,Gömlek ve Bluz,Kahverengi
Düğmeli dökümlü gömlek,1090.0,Gömlek ve Bluz,Mor
Parlak crop gömlek,1590.0,Gömlek ve Bluz,Mavi
İşlemeli kollu gömlek,1790.0,Gömlek ve Bluz,Açık mavi
Kontrast işlemeli kısa kollu bluz,1590.0,Gömlek ve Bluz,Ekru
"Cepli, dökümlü keten gömlek",1490.0,Gömlek ve Bluz,Açık mavi
Balon fermuarlı kolsuz gömlek,1190.0,Gömlek ve Bluz,Mavi
Fırfırlı peplum bluz,1190.0,Gömlek ve Bluz,Beyaz
Basic çizgili poplin cepli gömlek,1190.0,Gömlek ve Bluz,Açık sarı
Basic çizgili poplin cepli gömlek,1190.0,Gömlek ve Bluz,Lacivert
Basic çizgili poplin cepli gömlek,1190.0,Gömlek ve Bluz,Mavi
Basic çizgili poplin cepli gömlek,1190.0,Gömlek ve Bluz,Kırmızı
Basic çizgili poplin cepli gömlek,1190.0,Gömlek ve Bluz,Pembe
Göğüs altı dikişli dar kesim gömlek,1190.0,Gömlek ve Bluz,Beyaz
Korse kesim denim gömlek,1590.0,Gömlek ve Bluz,SOLUK EFEKTLİ PARÇA BOYAMA DENIM
Basic çift kumaş gömlek,1190.0,Gömlek ve Bluz,Altın rengi
Bimateryal balon gömlek,1490.0,Gömlek ve Bluz,Açık mavi
Göğüs altı dikiş detaylı dar kesim gömlek,1190.0,Gömlek ve Bluz,Açık mavi
Göğüs altı dikiş detaylı dar kesim gömlek,1190.0,Gömlek ve Bluz,Pembe
Göğüs altı dikiş detaylı dar kesim gömlek,1190.0,Gömlek ve Bluz,Açık gri
Korse tarzı poplin gömlek,1190.0,Gömlek ve Bluz,Beyaz
ÇİFT FERMUARLI DAR KESİM BENGALİN GÖMLEK,1190.0,Gömlek ve Bluz,Krem rengi
Kurdela detaylı saten gömlek,1490.0,Gömlek ve Bluz,Ekru
Çift fermuarlı bengal gömlek,1190.0,Gömlek ve Bluz,Beyaz
Basic cepli poplin gömlek,1190.0,Gömlek ve Bluz,Beyaz
Vücuda oturan çift fermuarlı denim bengalin gömlek,1190.0,Gömlek ve Bluz,SOLUK EFEKTLİ PARÇA BOYAMA DENIM
Volanlı mini şort etek,1490.0,Etek,Kahverengi
Volanlı mini şort etek,1490.0,Etek,Beyaz
Volanlı mini şort etek,1490.0,Etek,Açık mavi
Volanlı mini şort etek,1490.0,Etek,Açık pembe
Puantiye desenli tül midi etek,1190.0,Etek,Açık mavi
Puantiye desenli tül midi etek,1190.0,Etek,Ekru
Puantiye desenli tül midi etek,1190.0,Etek,Kahverengi
Dantelli pareo etek,990.0,Etek,Ekru
Asimetrik midi etek,1490.0,Etek,Haki
İşlemeli mini etek,1590.0,Etek,Turuncu
İşlemeli mini etek,1590.0,Etek,Siyah
İşlemeli mini etek,1590.0,Etek,Ekru
İşlemeli mini etek,1590.0,Etek,Açık mavi
İşlemeli mini etek,1590.0,Etek,Kahverengi
Parlak denim şort etek,1790.0,Etek,SOLUK EFEKTLİ ORTA MAVİ DENIM
Panelli uzun etek,1590.0,Etek,Beyaz
D62 denim şort etek,1490.0,Etek,Beyaz
D62 denim şort etek,1490.0,Etek,Kahverengi
D62 denim şort etek,1490.0,Etek,SOLUK EFEKTLİ AÇIK MAVİ DENIM
D62 denim şort etek,1490.0,Etek,SOLUK EFEKTLİ AÇIK ORTA MAVİ DENIM
D62 denim şort etek,1490.0,Etek,SOLUK EFEKTLİ DESIZED DENIM
D62 denim şort etek,1490.0,Etek,SOLUK EFEKTLİ İNCİ GRİSİ DENIM
D62 denim şort etek,1490.0,Etek,SOLUK EFEKTLİ PARÇA BOYAMA DENIM
D62 denim şort etek,1490.0,Etek,SOLUK EFEKTLİ ORTA MAVİ DENIM
D62 denim şort etek,1490.0,Etek,SOLUK EFEKTLİ KOYU GRİ DENIM
D62 denim şort etek,1490.0,Etek,SOLUK EFEKTLİ SİYAH DENIM
D62 Çivili denim şort etek,1690.0,Etek,SOLUK EFEKTLİ SİYAH DENIM
Yan yırtmaçlı şort etek,1190.0,Etek,Bej
Yan yırtmaçlı şort etek,1190.0,Etek,Siyah
Yan yırtmaçlı şort etek,1190.0,Etek,Açık mavi
Yan yırtmaçlı şort etek,1190.0,Etek,Kırmızı
Yan yırtmaçlı şort etek,1190.0,Etek,Pembe
Yan yırtmaçlı şort etek,1190.0,Etek,Koyu Gri
Yan yırtmaçlı şort etek,1190.0,Etek,Açık sarı
Yan yırtmaçlı şort etek,1190.0,Etek,Kahverengi
Yan yırtmaçlı şort etek,1190.0,Etek,Mor
Kemerli mini şort etek,1490.0,Etek,Siyah
Kemerli mini şort etek,1490.0,Etek,Koyu lacivert
Kemerli mini şort etek,1490.0,Etek,Açık gri
Kemerli mini şort etek,1490.0,Etek,Kahverengi
Kemerli mini şort etek,1490.0,Etek,Bej
D60 Mini denim etek,1190.0,Etek,SOLUK EFEKTLİ AÇIK MAVİ DENIM
D60 Mini denim etek,1190.0,Etek,SOLUK EFEKTLİ AÇIK ORTA MAVİ DENIM
D60 Mini denim etek,1190.0,Etek,SOLUK EFEKTLİ ORTA MAVİ DENIM
Saten asimetrik midi etek,1790.0,Etek,Altın rengi
İşlemeli pareo mini şort etek,1790.0,Etek,Siyah
Metalik iplikli panelli etek,1590.0,Etek,Açık mavi
Metalik iplikli panelli etek,1590.0,Etek,Ekru
Basic örme şort etek,790.0,Etek,Pembe
Basic örme şort etek,790.0,Etek,Siyah
Basic örme şort etek,790.0,Etek,Koyu lacivert
Basic örme şort etek,790.0,Etek,Kahverengi
Basic örme şort etek,790.0,Etek,Bej
Dantelli şort etek,1490.0,Etek,Siyah
Dantelli şort etek,1490.0,Etek,Ekru
Saten midi etek,1490.0,Etek,Kahverengi
Saten midi etek,1490.0,Etek,Siyah
Şık şort etek,1490.0,Etek,Siyah
Şık şort etek,1490.0,Etek,Kahverengi
Mini şardonlu etek,1190.0,Etek,Ekru
Mini şort etek,1190.0,Etek,Haki
Mini şort etek,1190.0,Etek,Siyah
Yan yırtmaçlı şort etek,1190.0,Etek,Beyaz
Yan yırtmaçlı şort etek,1190.0,Etek,Lacivert
Bengal kumaş etek pantolon,1090.0,Etek,Siyah
Dantel detaylı şort etek,990.0,Etek,Açık sarı
Dantel detaylı şort etek,990.0,Etek,Siyah
Dantel detaylı şort etek,990.0,Etek,Açık gri
Maksi poplin balon etek,1590.0,Etek,Beyaz
Lazer çiçek desenli denim şort etek,1590.0,Etek,SOLUK EFEKTLİ ORTA MAVİ DENIM
Katlı poplin etek,1590.0,Etek,Beyaz
Uzun balon poplin etek,1590.0,Etek,Altın rengi
Balon kesim saten etek cepli,1490.0,Etek,Koyu yeşil
Akıcı katlı midi etek,1490.0,Etek,Beyaz
İşlemeli çizgili pareo şort etek,1490.0,Etek,Pembe
Kontrast dantel detaylı saten etek,1490.0,Etek,Açık mavi
Suni süet mini şort etek,1490.0,Etek,Lacivert
Suni süet mini şort etek,1490.0,Etek,Kahverengi
Kemerli denim şort etek,1490.0,Etek,SOLUK EFEKTLİ DESIZED DENIM
Pileli mini etek,1190.0,Etek,Lacivert
Pileli mini etek,1190.0,Etek,Kahverengi
Saten mini pareo etek,1090.0,Etek,Lacivert
Geniş belli örgü şort etek,990.0,Etek,Koyu Gri
Asimetrik saten etek,1490.0,Etek,Ekru
Pullu midi etek,1490.0,Etek,Ekru
Asimetrik dantel midi etek,1590.0,Etek,Siyah
Asimetrik dantel midi etek,1590.0,Etek,Ekru
Asimetrik dantel midi etek,1590.0,Etek,Kahverengi
Fisto işlemeli balon etek,1490.0,Etek,Beyaz
Asimetrik saten etek,1490.0,Etek,Açık sarı
Asimetrik saten etek,1490.0,Etek,Kahverengi
Dantel detaylı saten mini etek,1190.0,Etek,Koyu lacivert
İşlemeli etek,1590.0,Etek,Mor
Denim mini etek,1590.0,Etek,SOLUK EFEKTLİ AÇIK ORTA MAVİ DENIM
Asimetrik dantel mini etek,1490.0,Etek,Açık pembe
Dantel mini etek,1190.0,Etek,Açık mavi
Uzun dantel etek,1590.0,Etek,Açık pembe
Dantelli midi etek,1590.0,Etek,Açık mavi
Parlak volanlı mini şort etek,1590.0,Etek,Ekru
Poplin sivri uçlu midi etek,1590.0,Etek,Mavi
Pullu midi etek,1590.0,Etek,Açık pembe
Pullu midi etek,1590.0,Etek,Açık mavi
Pullu midi etek,1590.0,Etek,Kahverengi
Dökümlü nakışlı etek pantolon,1490.0,Etek,Beyaz
Mini işlemeli şort etek,1790.0,Etek,Kahverengi
Katlı midi dökümlü etek,1190.0,Etek,Siyah
Mini şort etek,1190.0,Etek,Açık mavi
Çivili denim etek,1590.0,Etek,SOLUK EFEKTLİ SİYAH DENIM
D60 Basic denim mini etek,1190.0,Etek,SOLUK EFEKTLİ AÇIK ORTA MAVİ DENIM
D60 Basic denim mini etek,1190.0,Etek,SOLUK EFEKTLİ SİYAH DENIM
Volanlı konumlandırmalı triko etek,1490.0,Etek,Bej
Kemerli denim şort etek,1490.0,Etek,SOLUK EFEKTLİ ORTA MAVİ DENIM
Kruvaze denim şort etek,1590.0,Etek,SOLUK EFEKTLİ ORTA MAVİ DENIM
Çizgili uzun asimetrik etek,1590.0,Etek,Lacivert
One Dilemma çivili şort etek,2990.0,Etek,SOLUK EFEKTLİ SİYAH DENIM
Desenli pullu mini şort etek,1190.0,Etek,Bej
One Dilemma parlak denim şort etek,3690.0,Etek,SOLUK EFEKTLİ PARÇA BOYAMA DENIM
Dantel midi etek,1590.0,Etek,Açık mavi
Büzgülü dantel midi etek,1590.0,Etek,Ekru
Vücuda oturan blazer ceket,2290.0,Blazer > Takım,Açık mavi
Kısa blazer,1070.0,Blazer > Takım,Lacivert
Kısa blazer,1790.0,Blazer > Takım,Siyah
Kısa blazer,1790.0,Blazer > Takım,Beyaz
Çizgili dar kesim blazer ceket,2290.0,Blazer > Takım,Lacivert
Kemerli blazer ceket,2290.0,Blazer > Takım,Açık sarı
Üç düğmeli vücuda oturan blazer,2290.0,Blazer > Takım,Kahverengi
Vücuda oturan blazer ceket,2290.0,Blazer > Takım,Beyaz
Vücuda oturan blazer ceket,2290.0,Blazer > Takım,Siyah
Saten blazer,2290.0,Blazer > Takım,Koyu lacivert
Çizgili kısa blazer,1790.0,Blazer > Takım,Açık gri
Kemerli blazer,2290.0,Blazer > Takım,Haki
Çizgili dar kesim blazer ceket,2290.0,Blazer > Takım,Kahverengi
Kısa blazer ceket,1790.0,Blazer > Takım,Beyaz
Vücuda oturan blazer ceket,1370.0,Blazer > Takım,Kırmızı
Saten yüzeyli blazer,1370.0,Blazer > Takım,Kahverengi
Asimetrik blazer ceket,2290.0,Blazer > Takım,Açık mavi
Dar kesim ceket,1790.0,Blazer > Blazer,Ekru
Dar kesim ceket,1790.0,Blazer > Blazer,Siyah
Dar kesim ceket,1790.0,Blazer > Blazer,Açık gri
Basic keten karışımlı blazer,2290.0,Blazer > Blazer,Beyaz
Basic keten karışımlı blazer,2290.0,Blazer > Blazer,Kahverengi
Basic keten karışımlı blazer,2290.0,Blazer > Blazer,Koyu yeşil
Basic çizgili blazer ceket,1790.0,Blazer > Blazer,Lacivert
Asimetrik blazer,2290.0,Blazer > Blazer,Haki
Regular fit blazer,2290.0,Blazer > Blazer,Siyah
İşlemeli düğmeli blazer ceket,2490.0,Blazer > Blazer,Kahverengi
Açık blazer ceket,2290.0,Blazer > Blazer,Siyah
Bisiklet yaka blazer ceket,2290.0,Blazer > Blazer,Siyah
basic çizgili blazer ceket,1790.0,Blazer > Blazer,Kahverengi
Suni deri efektli blazer,2490.0,Blazer > Blazer,Kahverengi
"Düğmeli, Vücuda Oturan Ceket",2490.0,Blazer > Blazer,Kahverengi
Crop suni deri blazer ceket,1370.0,Blazer > Blazer,Siyah
Baskılı kapüşonlu bomber sweatshirt,1690.0,Sweatshirt,Siyah
Baskılı kapüşonlu bomber sweatshirt,1690.0,Sweatshirt,Açık gri
Kısa kollu kapüşonlu sweatshirt,1490.0,Sweatshirt,Ekru
Yumuşak dokunuşlu sweatshirt,1490.0,Sweatshirt,Kahverengi
Yumuşak dokunuşlu sweatshirt,1490.0,Sweatshirt,Siyah
Yumuşak dokunuşlu sweatshirt,1490.0,Sweatshirt,Lacivert
Yumuşak dokunuşlu sweatshirt,1490.0,Sweatshirt,Krem rengi
Yumuşak dokulu fermuarlı sweatshirt,1490.0,Sweatshirt,Kahverengi
Yumuşak dokulu fermuarlı sweatshirt,1490.0,Sweatshirt,Siyah
Yumuşak dokulu fermuarlı sweatshirt,1490.0,Sweatshirt,Krem rengi
Yumuşak dokulu basic sweatshirt,1190.0,Sweatshirt,Kahverengi
Yumuşak dokulu basic sweatshirt,1190.0,Sweatshirt,Siyah
Yumuşak dokulu basic sweatshirt,1190.0,Sweatshirt,Krem rengi
İşlemeli kapüşonlu sweatshirt,1010.0,Sweatshirt,Bordo
Fermuarlı sweatshirt,1690.0,Sweatshirt,Açık gri
Yumuşak dokulu fermuarlı sweatshirt,1590.0,Sweatshirt,Koyu lacivert
Yumuşak dokulu fermuarlı sweatshirt,1590.0,Sweatshirt,Açık mavi
Yumuşak dokulu fermuarlı sweatshirt,1590.0,Sweatshirt,Mor
Yumuşak dokulu yan fermuarlı sweatshirt,1590.0,Sweatshirt,Bej
Yumuşak dokulu yan fermuarlı sweatshirt,1590.0,Sweatshirt,Siyah
Yumuşak dokulu yan fermuarlı sweatshirt,1590.0,Sweatshirt,Açık gri
Yumuşak dokulu yan fermuarlı sweatshirt,1590.0,Sweatshirt,Kahverengi
Yumuşak dokulu yan fermuarlı sweatshirt,1590.0,Sweatshirt,0-526
"Yumuşak dokulu, açık omuzlu sweatshirt",1490.0,Sweatshirt,Krem rengi
"Yumuşak dokulu, açık omuzlu sweatshirt",1490.0,Sweatshirt,Siyah
"Yumuşak dokulu, açık omuzlu sweatshirt",1490.0,Sweatshirt,Koyu lacivert
"Yumuşak dokulu, açık omuzlu sweatshirt",1490.0,Sweatshirt,Koyu mavi
"Yumuşak dokulu, açık omuzlu sweatshirt",1490.0,Sweatshirt,Pembe
"Yumuşak dokulu, açık omuzlu sweatshirt",1490.0,Sweatshirt,Gri
"Yumuşak dokulu, açık omuzlu sweatshirt",1490.0,Sweatshirt,Kahverengi
Yıkanmış görünümlü kısa sweatshirt,1190.0,Sweatshirt,Pembe
Yıkanmış görünümlü kısa sweatshirt,1190.0,Sweatshirt,Koyu Gri
Yıkanmış görünümlü kısa sweatshirt,1190.0,Sweatshirt,Bej
Yıldız kapüşonlu sweatshirt,1070.0,Sweatshirt,Lacivert
Kayık yaka baskılı sweatshirt,950.0,Sweatshirt,Koyu Gri
Yumuşak dokulu interlok sweatshirt,950.0,Sweatshirt,Açık gri
Yumuşak dokulu interlok sweatshirt,1590.0,Sweatshirt,Koyu Gri
Yumuşak dokulu yarasa kollu sweatshirt,890.0,Sweatshirt,Siyah
Yumuşak dokulu yarasa kollu sweatshirt,1490.0,Sweatshirt,Koyu lacivert
Yumuşak dokulu yarasa kollu sweatshirt,1490.0,Sweatshirt,Açık gri
Yumuşak dokulu yarasa kollu sweatshirt,1490.0,Sweatshirt,Krem rengi
Kontrast fermuarlı sweatshirt,1790.0,Sweatshirt,Açık mavi
Baskılı kapüşonlu bomber sweatshirt,1690.0,Sweatshirt,Açık sarı
New York baskılı kısa kollu sweatshirt,1090.0,Sweatshirt,Açık sarı
Uzun kollu bisiklet yaka metin sweatshirt,1590.0,Sweatshirt,Açık sarı
Payetli kanatlı kayık yaka sweatshirt,1490.0,Sweatshirt,Açık mavi
Baskılı kapüşonlu sweatshirt,1690.0,Sweatshirt,Koyu Gri
Basic omuz dekolteli sweatshirt,1190.0,Sweatshirt,Bej
Basic omuz dekolteli sweatshirt,1190.0,Sweatshirt,Siyah
Basic omuz dekolteli sweatshirt,1190.0,Sweatshirt,Koyu lacivert
Basic omuz dekolteli sweatshirt,1190.0,Sweatshirt,Açık gri
Kayık yaka oversize sweatshirt,1590.0,Sweatshirt,Koyu Gri
Dik yakalı fermuarlı sweatshirt,1490.0,Sweatshirt,Pembe
Dik yakalı fermuarlı sweatshirt,1490.0,Sweatshirt,Ekru
Dik yakalı fermuarlı sweatshirt,1490.0,Sweatshirt,Koyu lacivert
Dik yakalı fermuarlı sweatshirt,1490.0,Sweatshirt,Kırmızı
Zımba işlemeli kapüşonlu sweatshirt,1070.0,Sweatshirt,Koyu gri
Zımba işlemeli kapüşonlu sweatshirt,1070.0,Sweatshirt,Ekru
Saten etekli Sweatshirt,1790.0,Sweatshirt,Kahverengi
Desenli geniş yaka sweatshirt,1590.0,Sweatshirt,Ekru
İşlemeli kombin sweatshirt,890.0,Sweatshirt,Koyu Gri
Basic desenli sweatshirt,1490.0,Sweatshirt,Ekru
Kontrast crop sweatshirt,710.0,Sweatshirt,Koyu lacivert
Posizyonel yıkama efektli kapüşonlu sweatshirt,1690.0,Sweatshirt,Bej
İşlemeli polo sweatshirt,1590.0,Sweatshirt,Koyu lacivert
Çizgili işlemeli sweatshirt,1590.0,Sweatshirt,Lacivert
Fermuarlı ve işlemeli sweatshirt,1590.0,Sweatshirt,Kırmızı
Simli kapüşonlu sweatshirt,1070.0,Sweatshirt,Lacivert
Simli kapüşonlu sweatshirt,1070.0,Sweatshirt,Açık gri
Yumuşak dokulu acid wash sweatshirt,1010.0,Sweatshirt,Koyu Gri
Yumuşak dokulu çizgili sweatshirt,1790.0,Sweatshirt,Koyu gri
Zımbalı sweatshirt,1590.0,Sweatshirt,Siyah
D76 Mikro denim şort,1490.0,İkili takımlar,SOLUK EFEKTLİ ORTA MAVİ DENIM
D76 Mikro denim şort,1490.0,İkili takımlar,Beyaz
D76 Mikro denim şort,1490.0,İkili takımlar,SOLUK EFEKTLİ AÇIK ORTA MAVİ DENIM
D76 Mikro denim şort,1490.0,İkili takımlar,SOLUK EFEKTLİ PARÇA BOYAMA DENIM
D76 Mikro denim şort,1490.0,İkili takımlar,SOLUK EFEKTLİ SİYAH DENIM
Fiyonklu sneakerina,1990.0,İkili takımlar,BEYAZ
Saten Brezilya bikini külot,590.0,Bikini ve Mayo,Ekru
Saten Brezilya bikini külot,590.0,Bikini ve Mayo,Siyah
Parlak taşlı denizyıldızı küpe,490.0,Bikini ve Mayo,Altın rengi
Saten üçgen bikini üstü,790.0,Bikini ve Mayo,Ekru
Saten üçgen bikini üstü,790.0,Bikini ve Mayo,Siyah
Sedefli dairesel küpeler,490.0,Bikini ve Mayo,Altın rengi
EVA platform parmak arası terlik,1790.0,Bikini ve Mayo,SİYAH
Parmak arası düz sandalet,1590.0,Bikini ve Mayo,SİYAH
Desenli balkonet bikini üstü,990.0,Bikini ve Mayo,Bej
Basic Brezilya modeli külot bikini altı,790.0,Bikini ve Mayo,Bej
Basic Brezilya modeli külot bikini altı,790.0,Bikini ve Mayo,Siyah
Deniz kabuklu sallantılı küpe,590.0,Bikini ve Mayo,Altın rengi
Saten balkonet bikini üstü,990.0,Bikini ve Mayo,Kahverengi
Saten balkonet bikini üstü,990.0,Bikini ve Mayo,Açık mavi
Basic saten Brezilya bikini altı,590.0,Bikini ve Mayo,Kahverengi
Basic saten Brezilya bikini altı,590.0,Bikini ve Mayo,Açık mavi
Parlak taşlı deniz kabuğu küpe,590.0,Bikini ve Mayo,Ekru
Saten yüzeyli üçgen bikini üstü,790.0,Bikini ve Mayo,Mor
Saten Brezilya modeli bikini külotu,590.0,Bikini ve Mayo,Mor
Zımbalı fırfırlı mini etek,1590.0,Bikini ve Mayo,Ekru
Zımbalı fırfırlı mini etek,1590.0,Bikini ve Mayo,Koyu Gri
Zımbalı fırfırlı mini etek,1590.0,Bikini ve Mayo,Kahverengi
ÇİÇEK İŞLEMELİ ÜÇGEN BİKİNİ ÜSTÜ,1090.0,Bikini ve Mayo,Siyah
Brezilya modeli çiçek işlemeli bikini külotu,990.0,Bikini ve Mayo,Siyah
Çiçek işlemeli hotpant külot,1090.0,Bikini ve Mayo,Siyah
Güneş tokalı bandeau bikini üstü,1090.0,Bikini ve Mayo,Siyah
U yaka straplez bikini üstü,990.0,Bikini ve Mayo,Siyah
Büyük zımba detaylı bikini üstü,1190.0,Bikini ve Mayo,Ekru
Zımba detaylı üçgen bikini üstü,1090.0,Bikini ve Mayo,Kahverengi
Zımba detaylı üçgen bikini üstü,1090.0,Bikini ve Mayo,Siyah
Büyük zımbalı Brezilya bikini külotu,1090.0,Bikini ve Mayo,Ekru
Bağcıklı zımbalı bikini külodu,990.0,Bikini ve Mayo,Kahverengi
Bağcıklı zımbalı bikini külodu,990.0,Bikini ve Mayo,Siyah
Saten yüzeyli baskılı üçgen bikini üstü,790.0,Bikini ve Mayo,Ekru
Brezilya modeli külot saten yüzeyli baskılı bikini altı,790.0,Bikini ve Mayo,Ekru
Parlak üçgen bikini üstü,990.0,Bikini ve Mayo,Koyu lacivert
Parlak üçgen bikini üstü,990.0,Bikini ve Mayo,Siyah
Parlak üçgen bikini üstü,990.0,Bikini ve Mayo,Kahverengi
Parlak Brezilya bikini altı,790.0,Bikini ve Mayo,Koyu lacivert
Parlak Brezilya bikini altı,790.0,Bikini ve Mayo,Siyah
Parlak Brezilya bikini altı,790.0,Bikini ve Mayo,Kahverengi
Parlak iplik fitilli üçgen bikini üstü,990.0,Bikini ve Mayo,Kahverengi
Parlak iplik fitilli üçgen bikini üstü,990.0,Bikini ve Mayo,Ekru
Parlak iplik fitilli üçgen bikini üstü,990.0,Bikini ve Mayo,Yeşil
Parlak iplikli fitilli Brezilya bikini altı,990.0,Bikini ve Mayo,Kahverengi
Parlak iplikli fitilli Brezilya bikini altı,990.0,Bikini ve Mayo,Ekru
Parlak iplikli fitilli Brezilya bikini altı,990.0,Bikini ve Mayo,Yeşil
Kroşe efektli sepet crossbody çanta,1590.0,Bikini ve Mayo,Ekru
Kroşe efektli sepet crossbody çanta,1590.0,Bikini ve Mayo,Kahverengi
Saten Brezilya kesim bikini altı,590.0,Bikini ve Mayo,Turuncu
Saten yüzeyli üçgen bikini üstü,790.0,Bikini ve Mayo,Turuncu
Zımba detaylı fırfırlı elbise,1690.0,Bikini ve Mayo,Koyu Gri
Kontrast kanvas çapraz askılı çanta,990.0,Bikini ve Mayo,Kahverengi
Kontrast kanvas çapraz askılı çanta,990.0,Bikini ve Mayo,Ekru
Parmak arası sandalet,1790.0,Bikini ve Mayo,KAHVERENGİ
Taş detaylı düz sandalet,1790.0,Bikini ve Mayo,KAHVERENGİ
Taş detaylı düz sandalet,1790.0,Bikini ve Mayo,EKRU
9'lu yengeç ve parlak taşlı küpe seti,590.0,Bikini ve Mayo,Kırmızı
4'lü uçlu halhal seti,590.0,Bikini ve Mayo,Altın rengi
Kanvas tote çanta,1590.0,Bikini ve Mayo,Siyah
Kanvas tote çanta,1590.0,Bikini ve Mayo,Ekru
3’lü çiçekli saç tokası seti,490.0,Bikini ve Mayo,Ekru
3’lü çiçekli saç tokası seti,490.0,Bikini ve Mayo,Turkuaz
3’lü çiçekli saç tokası seti,490.0,Bikini ve Mayo,Açık pembe
3’lü çiçekli saç tokası seti,490.0,Bikini ve Mayo,Kahverengi
5'li deniz temalı yüzük seti,490.0,Bikini ve Mayo,Gri
6'lı mini çiçekli toka seti,490.0,Bikini ve Mayo,Ekru
4'lü charm detaylı halhal seti,490.0,Bikini ve Mayo,Altın rengi
Pullu sepet omuz çantası,1790.0,Bikini ve Mayo,Kahverengi
Pullu sepet omuz çantası,1790.0,Bikini ve Mayo,Siyah
Pullu kroşe çanta,1590.0,Bikini ve Mayo,Ekru
Spiral bileklik,590.0,Bikini ve Mayo,Altın rengi
2'li mineli deniz kabuğu küpe seti,590.0,Bikini ve Mayo,Altın rengi
Metalik iplikli kroşe tote çanta,1690.0,Bikini ve Mayo,Ekru
Metalik iplikli kroşe tote çanta,1690.0,Bikini ve Mayo,Gri
Metalik iplikli kroşe tote çanta,1690.0,Bikini ve Mayo,Kahverengi
Kanvas mini yarım ay omuz çantası,1090.0,Bikini ve Mayo,Ekru
7'li parlak yengeç yüzük seti,490.0,Bikini ve Mayo,Kırmızı
Pullu çiçekli kasket,790.0,Bikini ve Mayo,Kahverengi
Pullu çiçekli kasket,790.0,Bikini ve Mayo,Ekru
2'li metal muz toka seti,490.0,Bikini ve Mayo,Altın rengi
5'li ayakkabı toka seti,590.0,Bikini ve Mayo,Altın rengi
Deniz temalı mini charm kolye,790.0,Bikini ve Mayo,Altın rengi
Kanvas omuz çantası,1590.0,Bikini ve Mayo,Ekru
Kanvas omuz çantası,1590.0,Bikini ve Mayo,Kahverengi
2'li deniz temalı charm ve örgü kolye seti,590.0,Bikini ve Mayo,Mavi
5'li yaz figürlü ayakkabı iğne seti,590.0,Bikini ve Mayo,Mavi
2'li boncuklu ve deniz kabuğu charm kolye seti,790.0,Bikini ve Mayo,Amber
Metal kilitli kroşe omuz çantası,1190.0,Bikini ve Mayo,Ekru
Metal kilitli kroşe omuz çantası,1190.0,Bikini ve Mayo,Kahverengi
Hasır görünümlü zarf çapraz askılı çanta,990.0,Bikini ve Mayo,Ekru
Hasır görünümlü zarf çapraz askılı çanta,990.0,Bikini ve Mayo,Kahverengi
Aynalı mini kroşe çapraz askılı çanta,990.0,Bikini ve Mayo,Ekru
Aynalı mini kroşe çapraz askılı çanta,990.0,Bikini ve Mayo,Lacivert
Aynalı mini kroşe çapraz askılı çanta,990.0,Bikini ve Mayo,Kahverengi
Parlak taşlı istakoz küpeler,590.0,Bikini ve Mayo,Kırmızı
3'lü yıldız ve emaye halka küpe seti,590.0,Bikini ve Mayo,Mavi
Kroşe omuz çantası,2290.0,Bikini ve Mayo,Kahverengi
Kroşe omuz çantası,2290.0,Bikini ve Mayo,Ekru
Çizgili saç tokası,450.0,Bikini ve Mayo,Mavi
Çizgili saç tokası,450.0,Bikini ve Mayo,Açık pembe
3'lü deniz kabuğu mine yüzük seti,790.0,Bikini ve Mayo,Ekru
Mini deniz charm'lı çok yönlü kolye,790.0,Bikini ve Mayo,Altın rengi
3'lü deniz kabuğu uçlu kolye seti,790.0,Bikini ve Mayo,Altın rengi
Pullu mini tote çanta,1590.0,Bikini ve Mayo,Kahverengi
Aynalı büyük omuz çantası,1590.0,Bikini ve Mayo,Kahverengi
Aynalı büyük omuz çantası,1590.0,Bikini ve Mayo,Ekru
Metalik iplik kroşe büzgülü çanta,1490.0,Bikini ve Mayo,Ekru
Metalik iplik kroşe büzgülü çanta,1490.0,Bikini ve Mayo,Kahverengi
Deniz kabuğu toka,490.0,Bikini ve Mayo,Altın rengi
Aynalı güneş efektli örgü kolye,490.0,Bikini ve Mayo,Kahverengi
Parlak deniz kabuğu küpe,490.0,Bikini ve Mayo,Gri
Denizyıldızı küpeler,490.0,Bikini ve Mayo,Altın rengi
5'li ayarlanabilir ayak yüzüğü seti,490.0,Bikini ve Mayo,Gri
Yıldız detaylı sallantılı küpe,490.0,Bikini ve Mayo,Mavi
2'li muz toka seti,450.0,Bikini ve Mayo,Açık pembe
Aynalı kroşe omuz çantası,1190.0,Bikini ve Mayo,Lacivert
Aynalı kroşe omuz çantası,1190.0,Bikini ve Mayo,Ekru
Aynalı kroşe omuz çantası,1190.0,Bikini ve Mayo,Kahverengi
Hasır şapka,1190.0,Bikini ve Mayo,Kahverengi
Hasır şapka,1190.0,Bikini ve Mayo,Bej
Kontrast çapraz askılı çanta,1090.0,Bikini ve Mayo,Kahverengi
Çok işlevli mini deniz kabuklu kolye,990.0,Bikini ve Mayo,Altın rengi
Kroşe detaylı çapraz askılı çanta,990.0,Bikini ve Mayo,Kahverengi
Kroşe detaylı çapraz askılı çanta,990.0,Bikini ve Mayo,Ekru
Deniz temalı mini charm çok yönlü kolye,790.0,Bikini ve Mayo,Altın rengi
2'li deniz temalı charm kolye seti,790.0,Bikini ve Mayo,Gri
N.122 sunset monoi saç ve vücut parfümü,790.0,Bikini ve Mayo,Altın rengi
Sedefli dokuma kolye,590.0,Bikini ve Mayo,Ekru
Eklemli balık küpe,590.0,Bikini ve Mayo,Altın rengi
3'lü deniz kızı charm kolye seti,590.0,Bikini ve Mayo,Altın rengi
Deniz kabuklu sallantılı küpe,490.0,Bikini ve Mayo,Gri
Denizyıldızı küpeler,490.0,Bikini ve Mayo,Gri
5'li ayak yüzüğü seti,490.0,Bikini ve Mayo,Altın rengi
2'li tığ işi kürk bandı seti,590.0,Bikini ve Mayo,Turuncu
2'li tığ işi kürk bandı seti,590.0,Bikini ve Mayo,Ekru
Uzun düğme kolye,790.0,Bikini ve Mayo,Ekru
3'lü spiral kolye seti,790.0,Bikini ve Mayo,Altın rengi
9'lu deniz kabuğu küpe seti,590.0,Bikini ve Mayo,Altın rengi
Balık ve zımba detaylı küpe,490.0,Bikini ve Mayo,Altın rengi
Çok boncuklu halka küpeler,590.0,Bikini ve Mayo,Beyaz
Deniz kabuğu charm'lı örgü kolye,790.0,Bikini ve Mayo,Ekru
2'li parlak deniz kabuğu yüzük seti,590.0,Bikini ve Mayo,Gri
Deniz kabuklu küpeler,490.0,Bikini ve Mayo,Altın rengi
Deniz kabuklu streç bileklik,790.0,Bikini ve Mayo,Ekru
Çoklu düğme küpe,790.0,Bikini ve Mayo,Ekru
Çok katlı düğme kolye,790.0,Bikini ve Mayo,Ekru
Zımbalı saç tokası,450.0,Bikini ve Mayo,Kahverengi
Güneş boncuklu kolye,790.0,Bikini ve Mayo,Altın rengi
Pullu omuz çantası,1590.0,Bikini ve Mayo,Kahverengi
Boncuklu kol çantası,1790.0,Bikini ve Mayo > Giyim ve aksesuar,Gri
3'lü boncuklu bileklik seti,590.0,Bikini ve Mayo > Giyim ve aksesuar,Kahverengi
2'li Set Elastik Saç Bandı,350.0,Bikini ve Mayo > Giyim ve aksesuar,Ekru
2'li Set Elastik Saç Bandı,350.0,Bikini ve Mayo > Giyim ve aksesuar,Siyah
2'li Set Elastik Saç Bandı,350.0,Bikini ve Mayo > Giyim ve aksesuar,Beyaz
2'li Set Elastik Saç Bandı,350.0,Bikini ve Mayo > Giyim ve aksesuar,Açık pembe
2'li Set Elastik Saç Bandı,350.0,Bikini ve Mayo > Giyim ve aksesuar,Koyu bej
4'lü deniz yıldızı bikini charm seti,590.0,Bikini ve Mayo > Giyim ve aksesuar,Altın rengi
4’lü balık figürlü bikini aksesuar seti,590.0,Bikini ve Mayo > Giyim ve aksesuar,Altın rengi
Boncuklu bileklik,790.0,Bikini ve Mayo > Giyim ve aksesuar,Altın rengi
Çok katlı boncuklu kolye,590.0,Bikini ve Mayo > Giyim ve aksesuar,Kahverengi
Hasır efektli bileklik,790.0,Bikini ve Mayo > Giyim ve aksesuar,Ekru
Sedef efektli büyük bileklik,990.0,Bikini ve Mayo > Giyim ve aksesuar,Ekru
Deniz atı küpe,590.0,Bikini ve Mayo > Giyim ve aksesuar,Ekru
Balık küpe,590.0,Bikini ve Mayo > Giyim ve aksesuar,Ekru
Çoklu boncuk kolye,790.0,Bikini ve Mayo > Giyim ve aksesuar,Mavi
Sallantılı top küpe,490.0,Bikini ve Mayo > Giyim ve aksesuar,Mavi
Boncuklu lariat kolye,990.0,Bikini ve Mayo > Giyim ve aksesuar,Altın rengi
Boncuklu deniz kabuğu charm anahtarlık,790.0,Bikini ve Mayo > Giyim ve aksesuar,Açık mavi
Boncuklu balık cüzdan,990.0,Bikini ve Mayo > Giyim ve aksesuar,Kahverengi
Küçük boncuklu cüzdan,790.0,Bikini ve Mayo > Giyim ve aksesuar,Kahverengi
Küçük boncuklu cüzdan,790.0,Bikini ve Mayo > Giyim ve aksesuar,Mavi
Büyük boncuklu cüzdan,990.0,Bikini ve Mayo > Giyim ve aksesuar,Ekru
Büyük boncuklu cüzdan,990.0,Bikini ve Mayo > Giyim ve aksesuar,Sarı
Pullu omuz çantası,1590.0,Bikini ve Mayo > Giyim ve aksesuar,Ekru
Pullu omuz çantası,1590.0,Bikini ve Mayo > Giyim ve aksesuar,Turuncu
Metalik hasır kese çanta,1490.0,Bikini ve Mayo > Giyim ve aksesuar,Ekru
Metalik iplikli hasır omuz çantası,1590.0,Bikini ve Mayo > Giyim ve aksesuar,Ekru
Katlamalı paçalı denim şort,1490.0,Jean,SOLUK EFEKTLİ ORTA MAVİ DENIM
Katlamalı paçalı denim şort,1490.0,Jean,SOLUK EFEKTLİ AÇIK ORTA MAVİ DENIM
Puantiye desenli şort,1490.0,Jean,Beyaz
D75 distressed denim şort,1190.0,Jean,SOLUK EFEKTLİ SİYAH DENIM
D75 distressed denim şort,1190.0,Jean,Beyaz
D75 distressed denim şort,1190.0,Jean,SOLUK EFEKTLİ AÇIK MAVİ DENIM
D75 distressed denim şort,1190.0,Jean,SOLUK EFEKTLİ AÇIK ORTA MAVİ DENIM
D75 distressed denim şort,1190.0,Jean,SOLUK EFEKTLİ ORTA MAVİ DENIM
D75 distressed denim şort,1190.0,Jean,SOLUK EFEKTLİ PARÇA BOYAMA DENIM
D75 distressed denim şort,1190.0,Jean,SOLUK EFEKTLİ KOYU GRİ DENIM
Kemerli denim bermuda,1590.0,Jean,SOLUK EFEKTLİ AÇIK MAVİ DENIM
Kemerli denim bermuda,1590.0,Jean,SOLUK EFEKTLİ ORTA MAVİ DENIM
D93 uzun denim şort,1490.0,Jean,Beyaz
D93 uzun denim şort,1490.0,Jean,SOLUK EFEKTLİ PARÇA BOYAMA DENIM
D93 uzun denim şort,1490.0,Jean,SOLUK EFEKTLİ KOYU GRİ DENIM
D93 uzun denim şort,1490.0,Jean,SOLUK EFEKTLİ SİYAH DENIM
D93 uzun denim şort,1490.0,Jean,SOLUK EFEKTLİ ORTA MAVİ DENIM
D93 uzun denim şort,1490.0,Jean,SOLUK EFEKTLİ AÇIK ORTA MAVİ DENIM
D93 uzun denim şort,1490.0,Jean,SOLUK EFEKTLİ AÇIK MAVİ DENIM
D79 düşük bel şort,1190.0,Jean,SOLUK EFEKTLİ PARÇA BOYAMA DENIM
D79 düşük bel şort,1190.0,Jean,SOLUK EFEKTLİ AÇIK ORTA MAVİ DENIM
D79 düşük bel şort,1190.0,Jean,SOLUK EFEKTLİ ORTA MAVİ DENIM
Yıldızlı denim şort,1190.0,Jean,SOLUK EFEKTLİ AÇIK ORTA MAVİ DENIM
D85 Mom Fit Dar Kesim Şort,1090.0,Jean,SOLUK EFEKTLİ AÇIK MAVİ DENIM
D85 Mom Fit Dar Kesim Şort,1090.0,Jean,SOLUK EFEKTLİ SİYAH DENIM
D79 düşük bel şort,1190.0,Jean,Beyaz
Distressed denim şort,1190.0,Jean,SOLUK EFEKTLİ AÇIK ORTA MAVİ DENIM
Çapraz bel bermuda,1590.0,Jean,SOLUK EFEKTLİ PARÇA BOYAMA DENIM
Stoperli poplin pantolon,1790.0,Jean,Ekru
Mini denim şort,1490.0,Jean,SOLUK EFEKTLİ AÇIK MAVİ DENIM
Kemerli denim bermuda şort,1590.0,Jean,Beyaz
Yıldız detaylı mini denim şort,1490.0,Jean,SOLUK EFEKTLİ AÇIK ORTA MAVİ DENIM
Düşük bel denim şort,1490.0,Jean,SOLUK EFEKTLİ AÇIK ORTA MAVİ DENIM
Zımbalı denim şort,1790.0,Jean,SOLUK EFEKTLİ AÇIK ORTA MAVİ DENIM
Zımba detaylı mini denim şort,1590.0,Jean,SOLUK EFEKTLİ AÇIK ORTA MAVİ DENIM
Geniş yaka triko kazak,1590.0,Triko,Kırmızı
Geniş yaka triko kazak,1590.0,Triko,Ekru
Geniş yaka triko kazak,1590.0,Triko,Açık mavi
Omuz pedli triko yelek,1190.0,Triko,Ekru
Omuz pedli triko yelek,1190.0,Triko,Koyu mavi
Triko hırka,1090.0,Triko,Lacivert
Triko hırka,1090.0,Triko,Açık gri
Triko hırka,1090.0,Triko,Kahverengi
Geniş yaka çift katlı kazak,1590.0,Triko,Açık gri
Geniş yaka çift katlı kazak,1590.0,Triko,Koyu lacivert
Geniş yaka çift katlı kazak,1590.0,Triko,Pembe
Basic pelerin kesim kazak,1090.0,Triko,Haki
Basic pelerin kesim kazak,1090.0,Triko,Ekru
Basic pelerin kesim kazak,1090.0,Triko,Kahverengi
Yarasa kollu triko hırka,1490.0,Triko,Kahverengi
Yarasa kollu triko hırka,1490.0,Triko,Ekru
Önü açık triko hırka,990.0,Triko,Kahverengi
Hakim yaka triko hırka,1790.0,Triko,Koyu lacivert
File örgülü kayık yaka kazak,1590.0,Triko,Açık mavi
File örgülü kayık yaka kazak,1590.0,Triko,Ekru
Reglan kollu düğmeli triko hırka,1590.0,Triko,Kahverengi
Reglan kollu düğmeli triko hırka,950.0,Triko,Açık mavi
Reglan kollu düğmeli triko hırka,950.0,Triko,Kırmızı
Asimetrik yıldız triko kazak,1590.0,Triko,Kahverengi
Düğmeli triko hırka,1590.0,Triko,Ekru
Düğmeli triko hırka,1590.0,Triko,Lacivert
Düğmeli triko hırka,1590.0,Triko,Bordo
Yumuşak Dokulu Düğmeli Triko Hırka,1490.0,Triko,Krem rengi
Yumuşak Dokulu Düğmeli Triko Hırka,1490.0,Triko,Siyah
Vatkali Örgü Süveter,1190.0,Triko,Kırmızı
Vatkali Örgü Süveter,1190.0,Triko,Koyu Gri
Asimetrik triko kazak,1190.0,Triko,Siyah
Asimetrik triko kazak,1190.0,Triko,Açık mavi
Asimetrik triko kazak,710.0,Triko,Kırmızı
Asimetrik triko kazak,1190.0,Triko,Koyu Gri
Asimetrik triko kazak,1190.0,Triko,Kahverengi
Asimetrik triko kazak,1190.0,Triko,Krem rengi
Crop geniş yaka kazak,1190.0,Triko,Ekru
Crop geniş yaka kazak,1190.0,Triko,Açık mavi
Crop geniş yaka kazak,1190.0,Triko,Bordo
Crop geniş yaka kazak,1190.0,Triko,Koyu gri
Geniş kollu triko kazak,1090.0,Triko,Açık gri
Geniş kollu triko kazak,1090.0,Triko,Açık mavi
Geniş kollu triko kazak,1090.0,Triko,Kahverengi
V yaka yarasa kollu kazak,890.0,Triko,Koyu mavi
V yaka yarasa kollu kazak,890.0,Triko,Ekru
V yaka yarasa kollu kazak,890.0,Triko,Pembe
Düğmeli triko hırka,710.0,Triko,Kahverengi
Düğmeli triko hırka,1190.0,Triko,Siyah
İnce triko pelerin,1190.0,Triko,Ekru
İnce triko pelerin,1190.0,Triko,Kahverengi
Kısa kollu polo yaka triko kazak,1090.0,Triko,Kırmızı
Bugs Bunny triko polo kazak,1790.0,Triko,Pembe
Ajurlu bolero,1190.0,Triko,Ekru
Ajurlu bolero,1190.0,Triko,Haki
Kruvaze hırka,1490.0,Triko,Açık pembe
Kruvaze hırka,1490.0,Triko,Siyah
Basic triko kazak,1590.0,Triko,Koyu Gri
Basic triko kazak,1590.0,Triko,Krem rengi
Asimetrik kesim fitilli triko kazak,1490.0,Triko,Pembe
Asimetrik kesim fitilli triko kazak,1490.0,Triko,Ekru
İnce çizgili triko kazak,1190.0,Triko,Açık sarı
İnce çizgili triko kazak,1190.0,Triko,Açık mavi
Örme bantlı top,990.0,Triko,Ekru
Triko hırka yarasa kollu kurdeleli,1590.0,Triko,Ekru
"Kısa kollu, üst üste binmeli triko kazak",1190.0,Triko,Koyu mavi
Basic yumuşak dokulu örgü kazak,1490.0,Triko,Lacivert
Basic yumuşak dokulu örgü kazak,1490.0,Triko,Ekru
Basic yumuşak dokulu örgü kazak,1490.0,Triko,Açık gri
Omuz vatkalı triko kazak,1590.0,Triko,Koyu Gri
Omuz vatkalı triko kazak,1590.0,Triko,Siyah
Omuz vatkalı triko kazak,1590.0,Triko,Ekru
Pelerin model şeritli triko kazak,1490.0,Triko,Ekru
Düğmeli örgü triko hırka,1490.0,Triko,Lacivert
Düğmeli örgü triko hırka,1490.0,Triko,Ekru
Düğmeli örgü triko hırka,1490.0,Triko,Kahverengi
Metalik iplikli triko kazak One Dilemma,1490.0,Triko,Siyah
Hakim yaka düğmeli triko hırka,1090.0,Triko,Kırmızı
Hakim yaka düğmeli triko hırka,1090.0,Triko,Koyu lacivert
Çizgili vücuda oturan triko kazak,1090.0,Triko,Açık mavi
Çizgili vücuda oturan triko kazak,1090.0,Triko,Koyu lacivert
Bisiklet yaka triko top,1190.0,Triko,Ekru
Bisiklet yaka triko top,1190.0,Triko,Kahverengi
Angel çizgili triko kazak,1590.0,Triko,Ekru
Asimetrik örgü kazak,1490.0,Triko,Açık sarı
Asimetrik örgü kazak,1490.0,Triko,Siyah
Asimetrik örgü kazak,890.0,Triko,Ekru
Asimetrik örgü kazak,1490.0,Triko,Açık gri
Asimetrik örgü kazak,1490.0,Triko,Kahverengi
Asimetrik açık omuz triko kazak,1590.0,Triko,Ekru
Bisiklet yaka triko kazak,1590.0,Triko,Koyu gri
Basic yumuşak triko kazak,1590.0,Triko,Koyu Gri
Basic yumuşak triko kazak,1590.0,Triko,Ekru
Basic yumuşak triko kazak,1590.0,Triko,Kahverengi
Basic yumuşak dokulu triko kazak,1590.0,Triko,Koyu lacivert
Yumuşak dokunuşlu kayık yaka triko Kazak,1590.0,Triko,Kahverengi
Yumuşak dokunuşlu kayık yaka triko Kazak,950.0,Triko,Lacivert
Yumuşak dokunuşlu kayık yaka triko Kazak,1590.0,Triko,Açık gri
Fermuarlı örgü kazak,1790.0,Triko,Lacivert
Fermuarlı örgü kazak,1790.0,Triko,Siyah
Fermuarlı örgü kazak,1790.0,Triko,Kahverengi
Çizgili dik yaka kısa triko elbise,1790.0,Triko,Mor
"Çıkarılabilir yakalı, çift kumaşlı triko kazak",1690.0,Triko,Lacivert
"Çıkarılabilir yakalı, çift kumaşlı triko kazak",1690.0,Triko,Kahverengi
Çizgili crop örgü kazak,1490.0,Triko,Koyu Gri
Çizgili crop örgü kazak,1490.0,Triko,Ekru
Çizgili crop örgü kazak,890.0,Triko,Kırmızı
Çizgili crop örgü kazak,890.0,Triko,Kahverengi
Kısa geniş yaka örgü elbise,1190.0,Triko,Kahverengi
Kısa geniş yaka örgü elbise,1190.0,Triko,Siyah
Kısa geniş yaka örgü elbise,1190.0,Triko,0-662
İki farklı kumaşlı triko kazak,1070.0,Triko,Açık mavi
Puantiye desenli kısa elbise,1490.0,Elbise,Ekru
Kısa Qipao düğümlü elbise,1190.0,Elbise,Açık pembe
"Halter yaka, sırtı açık midi elbise",1590.0,Elbise,Ekru
"Halter yaka, sırtı açık midi elbise",1590.0,Elbise,Siyah
"Halter yaka, sırtı açık midi elbise",1590.0,Elbise,Açık mavi
Halter balon tulum,1590.0,Elbise,Siyah
Halter yaka elbise,1190.0,Elbise,SOLUK EFEKTLİ GRİ DENIM
Halter yaka elbise,1190.0,Elbise,Siyah
Kısa desenli elbise,1190.0,Elbise,Koyu bej
Çiçek desenli vücuda oturan elbise,1190.0,Elbise,Açık pembe
Kare yaka bengalin midi elbise,1590.0,Elbise,Siyah
Kare yaka bengalin midi elbise,1590.0,Elbise,Haki
Desenli puantiyeli kolsuz tül midi elbise,1590.0,Elbise,Kahverengi
Kolsuz iki malzemeli kemerli midi elbise,1790.0,Elbise,Koyu lacivert
Kolsuz iki malzemeli kemerli midi elbise,1790.0,Elbise,Kahverengi
Kısa denim elbise,1590.0,Elbise,SOLUK EFEKTLİ PARÇA BOYAMA DENIM
Saten yüzeyli midi elbise,1590.0,Elbise,Kahverengi
Saten yüzeyli midi elbise,1590.0,Elbise,Altın rengi
Kare yaka bengalin midi elbise,1590.0,Elbise,Krem rengi
Denim midi elbise,1790.0,Elbise,SOLUK EFEKTLİ PARÇA BOYAMA DENIM
Denim midi elbise,1790.0,Elbise,SOLUK EFEKTLİ AÇIK ORTA MAVİ DENIM
Desenli tül fularlı midi elbise,1590.0,Elbise,Açık pembe
Desenli tül fularlı midi elbise,1590.0,Elbise,Altın rengi
Askılı blonda midi elbise,1590.0,Elbise,Kahverengi
Qipao tarzı kısa elbise,1590.0,Elbise,Kahverengi
Qipao tarzı kısa elbise,1590.0,Elbise,Siyah
Qipao yaka tül midi elbise,1590.0,Elbise,Lacivert
Kare yaka tül midi elbise,1590.0,Elbise,Kahverengi
Payetli kısa denim elbise,2290.0,Elbise,SOLUK EFEKTLİ AÇIK ORTA MAVİ DENIM
İki malzemeli midi elbise,2290.0,Elbise,Krem rengi
Pullu mini elbise,1790.0,Elbise,Açık mavi
Asimetrik dantelli elbise,1590.0,Elbise,Açık mavi
Sırtı Düğümlü Midi Elbise,1590.0,Elbise,Siyah
Metalik parçalı elbise,1590.0,Elbise,Kahverengi
Kısa jile elbise,1490.0,Elbise,Koyu lacivert
Dökümlü uzun askılı tulum,1490.0,Elbise,Kahverengi
Dökümlü uzun askılı tulum,1490.0,Elbise,Siyah
Kısa vücuda oturan büzgülü elbise,1190.0,Elbise,Kahverengi
Kısa vücuda oturan büzgülü elbise,1190.0,Elbise,Kırmızı
Poplin halter midi elbise,1790.0,Elbise,Mavi
Sırtı açık halter midi elbise,1790.0,Elbise,Fuşya
Desenli tül midi elbise,1790.0,Elbise,Lacivert
Saten halter kısa elbise,1590.0,Elbise,Koyu lacivert
Saten halter kısa elbise,1590.0,Elbise,Açık mavi
Kolsuz bengalin midi elbise,1590.0,Elbise,Lacivert
Kolsuz bengalin midi elbise,1590.0,Elbise,Kahverengi
Asimetrik kısa elbise zımba detaylı,1490.0,Elbise,Haki
Saten görünümlü dantelli midi elbise,1790.0,Elbise,Açık mavi
Asimetrik saten yüzeyli kısa elbise,1590.0,Elbise,Kahverengi
Asimetrik saten yüzeyli kısa elbise,1590.0,Elbise,Koyu lacivert
Asimetrik saten yüzeyli kısa elbise,1590.0,Elbise,Açık pembe
Uzun kolsuz düz tulum,1490.0,Elbise,Lacivert
Açık sırtlı halter yaka midi elbise,1590.0,Elbise,Açık mavi
Saten görünümlü dökümlü uzun elbise,1590.0,Elbise,Koyu bej
İki malzemeli askılı midi elbise,1590.0,Elbise,Açık mavi
Dantelli uzun askılı örgü elbise,1190.0,Elbise,Siyah
Asimetrik drape detaylı kısa elbise,1690.0,Elbise,Siyah
Boncuk işlemeli kısa elbise,1790.0,Elbise,Mavi
Saten boncuklu uzun tulum,1590.0,Elbise,Kahverengi
Kısa pelerin elbise,1590.0,Elbise,Kahverengi
Halter fular denim tulum,2490.0,Elbise,SOLUK EFEKTLİ AÇIK ORTA MAVİ DENIM
Boncuklu askılı uzun elbise,1790.0,Elbise,Ekru
Boncuklu askılı uzun elbise,1790.0,Elbise,Siyah
Metalik İplikli Halter Midi Elbise,1590.0,Elbise,Kahverengi
"Sırtı çapraz, dökümlü uzun elbise",1690.0,Elbise,Kahverengi
"Sırtı çapraz, dökümlü uzun elbise",1690.0,Elbise,Siyah
Halter yaka işlemeli uzun elbise,2290.0,Elbise,Kahverengi
Saten görünümlü elbise,1790.0,Elbise,Kahverengi
Saten yüzeyli halter tulum,1790.0,Elbise,Kahverengi
Düğmeli kolsuz kısa elbise,1790.0,Elbise,Koyu lacivert
Desenli kısa tül elbise,1190.0,Elbise,Koyu bej
Asimetrik kısa elbise,1190.0,Elbise,Siyah
Kısa kolsuz denim elbise fermuarlı,1790.0,Elbise,SOLUK EFEKTLİ PARÇA BOYAMA DENIM
Çapraz bantlı sneakerina,1790.0,Spor ayakkabı > SNEAKERINAS,PEMBE
Fiyonklu Sneakerinas,1790.0,Spor ayakkabı > SNEAKERINAS,BEYAZ
Deri detaylı spor balerin ayakkabı,1990.0,Spor ayakkabı > SNEAKERINAS,PEMBE
Sneakerina file,1990.0,Spor ayakkabı > SNEAKERINAS,SİYAH
Deri fiyonklu sneakerina,2490.0,Spor ayakkabı > SNEAKERINAS,BEJ
Pencere detaylı kısa sivri topuklu ayakkabı,1990.0,Topuklu ayakkabı > Kitten,SİYAH
Deri kısa sivri topuklu sandalet,2490.0,Topuklu ayakkabı > Kitten,KAHVERENGİ
Kısa sivri topuklu deri ayakkabı,2490.0,Topuklu ayakkabı > Kitten,KAHVERENGİ
V yaka topuklu ayakkabı,1990.0,Topuklu ayakkabı > Kitten,EKRU
V yaka topuklu ayakkabı,1990.0,Topuklu ayakkabı > Kitten,KAHVERENGİ
V yaka topuklu ayakkabı,1990.0,Topuklu ayakkabı > Kitten,SİYAH
Topuklu arkası açık ayakkabı,1990.0,Topuklu ayakkabı > Kitten,KAHVERENGİ
Kısa sivri topuklu file taşlı ayakkabı,2490.0,Topuklu ayakkabı > Kitten,BEJ
Topuklu Arkası açık ayakkabı sandalet,1790.0,Topuklu ayakkabı > Kitten,SİYAH
Vinil topuklu arkası açık ayakkabı,1790.0,Topuklu ayakkabı > Kitten,KAHVERENGİ
Kapalı deri topuklu ayakkabı,2690.0,Topuklu ayakkabı > Kitten,KAHVERENGİ
Deri kısa sivri topuklu mule,2490.0,Topuklu ayakkabı > Kitten,KAHVERENGİ
Geniş topuklu Mary Jane,1990.0,Topuklu ayakkabı > Kitten,KAHVERENGİ
BASIC kısa sivri topuklu ayakkabı,1590.0,Topuklu ayakkabı > Kitten,SİYAH
Basic topuklu ayakkabı,1790.0,Topuklu ayakkabı > Kitten,EKRU
Metal detaylı kısa sivri topuklu sandaletler,1990.0,Topuklu ayakkabı > Kitten,BEJ
Suni deri püsküllü topuklu sandalet,1990.0,Topuklu ayakkabı > Sandalet,MAVİ
Metalik görünümlü topuklu sandaletler,1790.0,Topuklu ayakkabı > Sandalet,GÜMÜŞ
Stiletto topuklu sandalet,1790.0,Topuklu ayakkabı > Sandalet,ALTIN
Bantlı kalın topuklu sandalet,1590.0,Topuklu ayakkabı > Sandalet,ALTIN
Topuklu Arkası açık ayakkabı,1990.0,Topuklu ayakkabı > Sandalet,SİYAH
Topuklu sandalet,1790.0,Topuklu ayakkabı > Sandalet,SİYAH
Topuklu deri sandalet,2490.0,Topuklu ayakkabı > Sandalet,KAHVERENGİ
Platform deri sandalet,2490.0,Topuklu ayakkabı > Sandalet,KAHVERENGİ
Bağcıklı jüt dolgu topuklu ayakkabı,2490.0,Topuklu ayakkabı > Sandalet,EKRU
File detaylı stiletto topuklu sandaletler,1790.0,Topuklu ayakkabı > Sandalet,KAHVERENGİ
Stiletto topuklu sandalet,1790.0,Topuklu ayakkabı > Sandalet,SİYAH
Pencere detaylı askılı topuklu sandalet,1790.0,Topuklu ayakkabı > Sandalet,SİYAH
Pencere detaylı askılı topuklu sandalet,1790.0,Topuklu ayakkabı > Sandalet,EKRU
File detaylı stiletto topuklu sandalet,1790.0,Topuklu ayakkabı > Sandalet,BEJ
Bantlı ve tokalı stiletto topuklu sandaletler,2690.0,Topuklu ayakkabı > Sandalet,KAHVERENGİ
Açık deri platform topuklu ayakkabı,2690.0,Topuklu ayakkabı > Sandalet,KAHVERENGİ
File detaylı topuklu ayakkabı,2490.0,Topuklu ayakkabı > Sandalet,EKRU
Suni deri topuklu parmak arası terlik,1990.0,Topuklu ayakkabı > Sandalet,KAHVERENGİ
Stiletto topuklu sandaletler,1790.0,Topuklu ayakkabı > Sandalet,SİYAH
Vinil geniş topuklu sandalet,1790.0,Topuklu ayakkabı > Sandalet,BEJ
File metal detaylı topuklu sandaletler,2490.0,Topuklu ayakkabı > Sandalet,SİYAH
Detaylı geniş topuklu parmak arası sandalet,1990.0,Topuklu ayakkabı > Sandalet,KAHVERENGİ
Çivili platform terlik,2690.0,Topuklu ayakkabı > Sandalet,KAHVERENGİ
Bağcıklı topuklu sandalet,2490.0,Topuklu ayakkabı > Sandalet,KAHVERENGİ
Platform topuklu sandalet,1990.0,Topuklu ayakkabı > Sandalet,KAHVERENGİ
Geniş topuklu platform sandalet,1990.0,Topuklu ayakkabı > Sandalet,ALTIN
Suni deri topuklu sandalet,1990.0,Topuklu ayakkabı > Sandalet,KAHVERENGİ
Patent görünümlü topuklu sandalet,1990.0,Topuklu ayakkabı > Sandalet,MAVİ
Deri platform topuklu terlik,2990.0,Topuklu ayakkabı > Sandalet,BEJ
Deri topuklu parmak arası sandalet,2490.0,Topuklu ayakkabı > Sandalet,BEJ
Taş detaylı topuklu sandalet,2490.0,Topuklu ayakkabı > Sandalet,BEJ
Bantlı kalın topuklu sandalet,1590.0,Topuklu ayakkabı > Sandalet,KAHVERENGİ
Deri tokalı platform sandalet,2990.0,Sandalet > Düz sandalet,BEJ
"Bantlı ve tokalı, arkası açık deri ayakkabı",2490.0,Sandalet > Düz sandalet,BEJ
Tokalı düz deri sandalet,2490.0,Sandalet > Düz sandalet,BEJ
Zımbalı suni deri bantlı ve tokalı ayakkabı,1990.0,Sandalet > Düz sandalet,EKRU
Deri zımbalı bantlı ve tokalı ayakkabı,2490.0,Sandalet > Düz sandalet,KAHVERENGİ
Parmak arası düz sandalet,1590.0,Sandalet > Düz sandalet,KOMBİNE
Deri topuksuz bantlı ve tokalı ayakkabı,2490.0,Sandalet > Düz sandalet,KAHVERENGİ
Metalli detaylı düz parmak arası terlik,1990.0,Sandalet > Düz sandalet,KAHVERENGİ
Metal detaylı terlik tipi düz sandalet,1790.0,Sandalet > Düz sandalet,EKRU
Metal detaylı terlik sandalet,1790.0,Sandalet > Düz sandalet,MAVİ
Metal detaylı düz sandalet,1790.0,Sandalet > Düz sandalet,ALTIN
Hasır platformlu dolgu topuklu ayakkabı,1990.0,Sandalet > Dolgu topuk ayakkabı,ALTIN
Kovboy Topuklu Bot,2300.0,Çizme - Bot > Çizme,KAHVERENGİ
Kovboy Topuklu Bot,3290.0,Çizme - Bot > Çizme,SİYAH
Deri kovboy çizme,4490.0,Çizme - Bot > Çizme,BEJ
Desenli kovboy botlar,2580.0,Çizme - Bot > Çizme,KAHVERENGİ
Joots topuklu deri bot,4990.0,Çizme - Bot > Çizme,BEJ
Slouchy kesim deri kitten bot,4490.0,Çizme - Bot > Çizme,BEJ
Deri dolgu topuklu bot,4990.0,Çizme - Bot > Çizme,BEJ
Siyah topuklu uzun çizme,3290.0,Çizme - Bot > Çizme,SİYAH
Kahverengi topuklu çizme,3290.0,Çizme - Bot > Çizme,KAHVERENGİ
Suni süet topuklu bot,2690.0,Çizme - Bot > Çizme,KAHVERENGİ
Suni deri düz biker bot,3140.0,Çizme - Bot > Çizme,BEJ
Düz deri binici çizmesi,4490.0,Çizme - Bot > Çizme,KAHVERENGİ
Düz kahverengi kovboy çizmeler,3690.0,Çizme - Bot > Çizme,BORDO
slouchy kesim deri yüksek çizmeler,4990.0,Çizme - Bot > Çizme,BEJ
Düz siyah kovboy çizmesi,3690.0,Çizme - Bot > Çizme,SİYAH
Kovboy topuklu deri çizmeler,4990.0,Çizme - Bot > Çizme,BEJ
Suni deri düz botlar,3290.0,Çizme - Bot > Çizme,KAHVERENGİ
Deri slouchy kesim kovboy botinleri,2300.0,Çizme - Bot > Bot,BEJ
slouchy kesim deri topuklu bot,3690.0,Çizme - Bot > Bot,KAHVERENGİ
Deri kovboy bot,3690.0,Çizme - Bot > Bot,KAHVERENGİ
Kısa sivri topuklu kemerli deri botlar,3990.0,Çizme - Bot > Bot,BEJ
Streç orta boy topuklu bot,1890.0,Çizme - Bot > Bot,SİYAH
Kumaş stiletto topuklu bot,1890.0,Çizme - Bot > Bot,SİYAH
Sentetik kauçuk kumaş efektli topuklu bot,1890.0,Çizme - Bot > Bot,SİYAH
Deri kısa sivri topuklu bot,3290.0,Çizme - Bot > Bot,BEJ
Deri kovboy bot,3290.0,Çizme - Bot > Bot,BEJ
Kovboy deri topuklu bot,3290.0,Çizme - Bot > Bot,KAHVERENGİ
Mikro delikli slouchy deri bot,3140.0,Çizme - Bot > Bot,KAHVERENGİ
Streç düz bot,1990.0,Çizme - Bot > Bot,KAHVERENGİ
Streç topuklu botlar,2490.0,Çizme - Bot > Bot,KAHVERENGİ
"Bağcıklı, düz bot",2690.0,Çizme - Bot > Bot,SİYAH
Deri tokalı düz bot,2790.0,Çizme - Bot > Bot,BEJ
Kovboy topuklu bot,2690.0,Çizme - Bot > Bot,SİYAH
"Düz tabanlı, içi kürklü deri bot",2690.0,Çizme - Bot > Bot,KAHVERENGİ
Streç topuklu bot,1990.0,Çizme - Bot > Bot,EKRU
Kalın topuklu kısa bot,1890.0,Çizme - Bot > Bot,BORDO
Kovboy suni deri delikli bot,3290.0,Çizme - Bot > Bot,KAHVERENGİ
Topuklu kovboy deri bot,3290.0,Çizme - Bot > Bot,BEJ
Stiletto topuklu deri bot,3290.0,Çizme - Bot > Bot,KAHVERENGİ
Makrome püsküllü omuz çantası,1690.0,Çanta,Ekru
Mini fermuarlı yumuşak dokulu omuz çantası,710.0,Çanta,Bej
Suni süet omuz çantası,1590.0,Çanta,Kahverengi
Suni süet omuz çantası,1590.0,Çanta,Bej
Spor kabin sırt çantası,1790.0,Çanta,Mavi
Spor kabin sırt çantası,1790.0,Çanta,Bej
Kontrast çanta,1690.0,Çanta,Mavi
Kontrast çanta,1690.0,Çanta,Bej
Mini boncuklu çanta,790.0,Çanta,Siyah
Yumuşak dokulu fermuarlı omuz çantası,950.0,Çanta,Siyah
Suni Deri Bowling Çapraz Askılı Çanta,1190.0,Çanta,Kahverengi
Suni Deri Bowling Çapraz Askılı Çanta,1190.0,Çanta,Siyah
Charm detaylı tote çanta,1190.0,Çanta,Kahverengi
Charm detaylı tote çanta,1190.0,Çanta,Siyah
Charm detaylı tote çanta,1190.0,Çanta,Lacivert
Çift saplı çapraz çanta,790.0,Çanta,Siyah
Çift saplı çapraz çanta,790.0,Çanta,Beyaz
Çift saplı çapraz çanta,790.0,Çanta,Ekru
Çift saplı çapraz çanta,790.0,Çanta,Bordo
Boncuklu mini timsah deseni görünümlü çanta,790.0,Çanta,Kahverengi
Timsah deseni görünümlü mini tote çapraz askılı çanta,990.0,Çanta,Bordo
Timsah deseni görünümlü mini tote çapraz askılı çanta,990.0,Çanta,Siyah
Timsah deseni görünümlü mini tote çapraz askılı çanta,990.0,Çanta,Ekru
Timsah deseni görünümlü mini tote çapraz askılı çanta,990.0,Çanta,Açık mavi
Uzun zincirli omuz çantası,990.0,Çanta,Kırmızı
Uzun zincirli omuz çantası,990.0,Çanta,Siyah
Uzun zincirli omuz çantası,990.0,Çanta,Beyaz
Uzun zincirli omuz çantası,990.0,Çanta,Bordo
Uzun zincirli omuz çantası,990.0,Çanta,Kahverengi
Metal saplı tote çanta,1490.0,Çanta,Kiremit rengi
Metal saplı tote çanta,1490.0,Çanta,Siyah
Asimetrik omuz çantası,1490.0,Çanta,Ekru
Kuşgözü detaylı sert omuz çantası,1190.0,Çanta,Ekru
Kuşgözü detaylı sert omuz çantası,1190.0,Çanta,Pembe
Kuş gözlü sert büzgülü çanta,1190.0,Çanta,Karamel
Fermuarlı bowling tipi çapraz askılı çanta,1190.0,Çanta,Ekru
Fermuarlı suni deri çanta,1190.0,Çanta,Kahverengi
Fermuarlı suni deri çanta,1190.0,Çanta,Siyah
Metal saplı mini çanta,1090.0,Çanta,Siyah
Toka detaylı city shopper çanta,2290.0,Çanta,Kiremit rengi
Çok pozisyonlu çapraz çanta,990.0,Çanta,Siyah
Mini boncuklu çanta,790.0,Çanta,Beyaz
Yuvarlak kapamalı omuz çantası,790.0,Çanta,Kahverengi
Yuvarlak kroşe tote çanta,1590.0,Çanta,Ekru
Yuvarlak kroşe tote çanta,1590.0,Çanta,Kahverengi
Kombine kroşe büzgülü çanta,1590.0,Çanta,Ekru
Kombine kroşe büzgülü çanta,1590.0,Çanta,Kahverengi
Yumuşak dokunuşlu fermuarlı omuz çantası,1590.0,Çanta,Karamel
Bowling çanta,1490.0,Çanta,Mavi
Pamuklu shopper çanta,1590.0,Çanta,Ekru
Kemer şeritli çanta,1590.0,Çanta,Siyah
Fermuarlı omuz çantası,1490.0,Çanta,Siyah
Fermuarlı omuz çantası,1490.0,Çanta,Kahverengi
Cepli omuz çantası,1490.0,Çanta,Siyah
Mini metal saplı omuz çantası,1490.0,Çanta,Siyah
Parlak pileli omuz çantası,1490.0,Çanta,Siyah
Zincir saplı omuz çantası,1190.0,Çanta,Mavi
Zincir saplı omuz çantası,1190.0,Çanta,Siyah
Fermuar detaylı çapraz askılı çanta,1190.0,Çanta,Mavi
Fermuar detaylı çapraz askılı çanta,1190.0,Çanta,Ekru
Cepli omuz çantası,1190.0,Çanta,Kahverengi
Yanları püsküllü omuz çantası,1190.0,Çanta,Karamel
Yanları püsküllü omuz çantası,1190.0,Çanta,Kahverengi
Puantiye desenli çapraz askılı kemer,1090.0,Çanta,Siyah
Sap Detaylı Omuz Çantası,1090.0,Çanta,Kahverengi
Büyük kapaklı mini dikdörtgen çanta,1090.0,Çanta,Kırmızı
Büyük kapaklı mini dikdörtgen çanta,1090.0,Çanta,Siyah
Zımbalı yarım ay omuz çantası,1090.0,Çanta,Kahverengi
Zımbalı yarım ay omuz çantası,1090.0,Çanta,Siyah
Kutu şeklinde sert çapraz askılı çanta,1090.0,Çanta,Kahverengi
Uzun delikli omuz çantası,990.0,Çanta,Beyaz
Uzun delikli omuz çantası,990.0,Çanta,Açık sarı
Zincirli ay omuz çantası,990.0,Çanta,Beyaz
Zincirli ay omuz çantası,990.0,Çanta,Siyah
Dikiş detaylı uzun çanta,990.0,Çanta,Kahverengi
Yarım ay şeklinde zımbalı kol çantası,990.0,Çanta,Siyah
Ay desenli kumaş çapraz askılı çanta,990.0,Çanta,Lime
Ay desenli kumaş çapraz askılı çanta,990.0,Çanta,Lacivert
Yuvarlak kapamalı omuz çantası,790.0,Çanta,Beyaz
Yuvarlak kapamalı omuz çantası,790.0,Çanta,Siyah
Yuvarlak kapamalı omuz çantası,790.0,Çanta,Kırmızı
Yumuşak dokunuşlu mini fermuarlı omuz çantası,710.0,Çanta,Kahverengi
Suni süet tokalı omuz çantası,1490.0,Çanta,Karamel
Toka detaylı omuz çantası,1190.0,Çanta,Siyah
Kombinasyon sepet tote çanta,1590.0,Çanta,Altın rengi
Kombinasyon sepet tote çanta,1590.0,Çanta,Beyaz
Kalp detaylı omuz çantası,1490.0,Çanta,Siyah
Kalp detaylı omuz çantası,1490.0,Çanta,Mavi
Metal detaylı bowling çanta,1190.0,Çanta,Kahverengi
Kemerli tote çanta,1590.0,Çanta,Siyah
Toka detaylı şehir shopper çantası,2290.0,Çanta,Kahverengi
Püskül detaylı yumuşak dokulu omuz çantası,2290.0,Çanta,Kahverengi
Püskül detaylı yumuşak dokulu omuz çantası,2290.0,Çanta,Karamel
Kumaş kol çantası,1490.0,Çanta,Fuşya
Kumaş kol çantası,1490.0,Çanta,Mavi
Kuşgözü detaylı kese çanta,1490.0,Çanta,Siyah
Yuvarlak delik detaylı çapraz askılı çanta,1490.0,Çanta,Karamel
Uzun püsküllü omuz çantası,1590.0,Çanta,Hardal
Kare çapraz askılı el çantası,1590.0,Çanta,Ekru
YUMUŞAK DOKULU OMUZ ÇANTASI,1090.0,Çanta,Kiremit rengi
Kapaklı omuz çantası,990.0,Çanta,Siyah
Kapaklı omuz çantası,990.0,Çanta,Ekru
Kapaklı omuz çantası,990.0,Çanta,Bej
Mini sert hindistan cevizi görünümlü çapraz askılı çanta,990.0,Çanta,Beyaz
Mini sert çapraz askılı çanta,990.0,Çanta,Bej
Püskül ve toka detaylı omuz çantası,1790.0,Çanta,Karamel
Püskül ve toka detaylı omuz çantası,1790.0,Çanta,Kahverengi
Zımba detaylı omuz çantası,1190.0,Çanta,Siyah
Zımbalı kemerli çapraz askılı çanta,1590.0,Çanta,Açık kahverengi
Zımbalı çanta,1790.0,Çanta,Siyah
Yuvarlak Kapamalı Çapraz Askılı Çanta,790.0,Çanta,Bordo
Kutu şeklinde sert çapraz askılı çanta,1090.0,Çanta,Ekru
Püsküllü yarım ay kol çantası,1190.0,Çanta,Karamel
Asimetrik mini omuz çantası,1090.0,Çanta,Siyah
Yumuşak dokunuşlu ışıltılı omuz çantası,1790.0,Çanta,Bej
Mini kroşe omuz çantası,1490.0,Çanta,Ekru
Mini kroşe omuz çantası,1490.0,Çanta,Kahverengi
One Dilemma shopper çanta,1190.0,Çanta,Pembe
Zincir detaylı çapraz çanta,1790.0,Çanta,Bej
Denim yarım ay kol çantası,1090.0,Çanta,SOLUK EFEKTLİ ORTA MAVİ DENIM
Fermuar detaylı çapraz askılı çanta,1190.0,Çanta,Kahverengi
Yarım ay omuz çantası,990.0,Çanta,Kahverengi
Yarım ay omuz çantası,990.0,Çanta,Pembe
Yarım ay omuz çantası,990.0,Çanta,Ekru
Yarım ay cepli kol çantası,1190.0,Çanta,Kahverengi
Yarım ay cepli omuz çantası,1190.0,Çanta,Ekru
Tote çapraz askili çanta,1090.0,Çanta,SOLUK EFEKTLİ ORTA MAVİ DENIM
Yumuşak dokunuşlu fermuarlı omuz çantası,950.0,Çanta,Kahverengi
Metal kapamalı omuz çantası lady,1590.0,Çanta,Siyah
Yumuşak dokunuşlu tokalı omuz çantası,1490.0,Çanta,Karamel
Yumuşak dokunuşlu tokalı omuz çantası,1490.0,Çanta,Ekru
Naylon bowling çanta,1190.0,Çanta,Kiremit rengi
Naylon bowling çanta,1190.0,Çanta,Siyah
Kare el ve çapraz askılı çanta,1590.0,Çanta,Mavi
Çift taraflı Zebra shopper çanta,2290.0,Çanta,Siyah
Tokalı mini tote çanta,1090.0,Çanta,Mavi
Tokalı mini tote çanta,1090.0,Çanta,Kahverengi
Tokalı mini tote çanta,1090.0,Çanta,Siyah
Naylon ay çapraz çanta,990.0,Çanta,Lacivert
Naylon ay çapraz çanta,990.0,Çanta,Siyah
Naylon ay çapraz çanta,990.0,Çanta,Kiremit rengi
Zımbalı kemerli çapraz askılı çanta,1590.0,Çanta,Siyah
Cepli omuz çantası,1490.0,Çanta,Karamel
Mini tokalı tote çanta,1590.0,Çanta,Siyah
Metal saplı omuz çantası,1590.0,Çanta,Kahverengi
Metal saplı omuz çantası,1590.0,Çanta,Siyah
Mini metal saplı omuz çantası,1490.0,Çanta,Kahverengi
Körük ve kuşgözü detaylı omuz çantası,1490.0,Çanta,Karamel
Mini tokalı tote çanta,1590.0,Çanta,Kiremit rengi
Büyük kapaklı çapraz askılı çanta,1590.0,Çanta,Siyah
Kombine shopper çanta,1190.0,Çanta,Kahverengi
Kombine shopper çanta,1190.0,Çanta,Siyah
Metalik Asimetrik Süet Görünümlü Klipsli Çanta,1090.0,Çanta,Kahverengi
Zincirli Ay Şeklinde Omuz Çantası,990.0,Çanta,Kahverengi
Asimetrik Tokalı Postacı Çantası,1090.0,Çanta,Kahverengi
Timsah deseni görünümlü hobo omuz çantası,1590.0,Çanta,Siyah
Timsah deseni görünümlü zincirli omuz çantası,990.0,Çanta,Siyah
Timsah deseni görünümlü yuvarlak kapamalı çapraz askılı çanta,790.0,Çanta,Siyah
Kombine çift saplı omuz çantası,1490.0,Çanta,Kahverengi
"Süet efektli bucket çanta, detaylı saplı",1790.0,Çanta,Kahverengi
Örgü Bağcıklı Shopper Çanta,1190.0,Çanta,Siyah
Yumuşak suni deri omuz çantası,1590.0,Çanta,Siyah
Zincirli çapraz askılı çanta,990.0,Çanta,Kahverengi
Zincirli çapraz askılı çanta,990.0,Çanta,Siyah
Timsah deseni görünümlü trapez çapraz askılı çanta,1090.0,Çanta,Siyah
Simli omuz çantası,1090.0,Çanta,Siyah
Büzgülü sap detaylı omuz çantası,1090.0,Çanta,Siyah
Metal saplı omuz ve çapraz askılı çanta,1590.0,Çanta,Siyah
Metal askılı çanta,2290.0,Çanta,Siyah
Şehir çift askılı çapraz çanta,1190.0,Çanta,Karamel
Şehir çift askılı çapraz çanta,1190.0,Çanta,Kahverengi
Çıtçıtlı suni süet omuz çantası,1190.0,Çanta,Bej
Yumuşak dokunuşlu çapraz askılı çanta,990.0,Çanta,Ekru
Yumuşak dokunuşlu çapraz askılı çanta,990.0,Çanta,Pembe
Yumuşak dokunuşlu çapraz askılı çanta,990.0,Çanta,Karamel
Metal detaylı yuvarlak shopper çanta,1790.0,Çanta,Siyah
3'lü çiçekli lariat kolye seti,350.0,Bijuteri,Altın rengi
2'li küpe ve ear cuff küpe seti,290.0,Bijuteri,Altın rengi
ÇİÇEKLİ LARİAT KOLYE,290.0,Bijuteri,Altın rengi
2’li boncuklu kolye seti,470.0,Bijuteri,Kırmızı
3'lü çiçek ve yusufçuk kolye seti,590.0,Bijuteri,Altın rengi
Ay ve Güneş Kolye Seti (4'lü),490.0,Bijuteri,Altın rengi
Çift çiçekli emaye bileklik,350.0,Bijuteri,Altın rengi
3'lü Kalp Lariat Kolye Seti,590.0,Bijuteri,Altın rengi
9'lu kalpli ve halka küpe seti,490.0,Bijuteri,Altın rengi
9'lu kalpli ve halka küpe seti,490.0,Bijuteri,Beyaz
9'lu kalpli ve halka küpe seti,490.0,Bijuteri,Gri
Minyeli çiçek charm anahtarlık,590.0,Bijuteri,Altın rengi
9'lu Kelebek ve Parıltılı Yüzük Seti,490.0,Bijuteri,Altın rengi
İçiçe Geçmiş Dairesel Sert Bileklik,490.0,Bijuteri,Altın rengi
Yelpaze çiçek dokulu küpe,490.0,Bijuteri,Altın rengi
Mine çiçek küpe,490.0,Bijuteri,Açık pembe
Çok amaçlı boncuklu kolye,790.0,Bijuteri,Gri
Çok amaçlı boncuklu kolye,790.0,Bijuteri,Kahverengi
2'li Sert Bilezik Seti,790.0,Bijuteri,Kahverengi
Çok halkalı bileklik,470.0,Bijuteri,Altın rengi
Esnek Tasma,590.0,Bijuteri,Altın rengi
Yelpaze emaye küpe,490.0,Bijuteri,Altın rengi
Yelpaze emaye küpe,490.0,Bijuteri,Mavi
9'lu Mini Damla Küpe Seti,490.0,Bijuteri,Gri
9'lu Mini Damla Küpe Seti,490.0,Bijuteri,Altın rengi
Su geçirmez 2'li hacimli halka küpe seti,1090.0,Bijuteri,Sarı
Su geçirmez 2'li hacimli halka küpe seti,1090.0,Bijuteri,Gri
Zebra charm anahtarlık,470.0,Bijuteri,Beyaz
2'li yıldız ve kalp uçlu su geçirmez kolye seti,990.0,Bijuteri,Gri
2'li yıldız ve kalp uçlu su geçirmez kolye seti,990.0,Bijuteri,Sarı
Su geçirmez yılan zincir,990.0,Bijuteri,Gri
3'lü parlak asetat bileklik seti,990.0,Bijuteri,Turuncu
2'li kombin bileklik seti,990.0,Bijuteri,Kırmızı
Sallantılı zincir küpe,350.0,Bijuteri,Altın rengi
Emaye dokulu lariat kolye,350.0,Bijuteri,Ekru
Aşk tanrısı charm anahtarlık,790.0,Bijuteri,Kırmızı
3'lü sert bileklik seti,790.0,Bijuteri,Altın rengi
2'li emaye halka küpe seti,590.0,Bijuteri,Altın rengi
Sedef efekti çiçek küpe,590.0,Bijuteri,Beyaz
Dokulu Lazo Kolye,590.0,Bijuteri,Altın rengi
Çoklu parıltılı iplikli sert bileklik,590.0,Bijuteri,Altın rengi
Çoklu parıltılı iplikli sert bileklik,350.0,Bijuteri,Gri
9'lu deniz yıldızı parlak küpe seti,590.0,Bijuteri,Altın rengi
9'lu deniz yıldızı parlak küpe seti,590.0,Bijuteri,Gri
Mina işlemeli çiçekli lariat kolye,790.0,Bijuteri,Altın rengi
Emaye çiçek şelale zincir küpe,590.0,Bijuteri,Ekru
2'li yıldız ve parlak taşlı bileklik seti,590.0,Bijuteri,Kahverengi
2'li domates kolye seti,590.0,Bijuteri,Kırmızı
Tenis charm anahtarlık,590.0,Bijuteri,Pembe
Kala çiçeği choker kolye,590.0,Bijuteri,Ekru
Cala çiçek küpe,490.0,Bijuteri,Ekru
Aynalı uzun güneş küpe,490.0,Bijuteri,Altın rengi
Mineli çiçek kordon kolye,490.0,Bijuteri,Açık pembe
2'li uzun kolye seti,470.0,Bijuteri,Altın rengi
Uzun püsküllü kalp küpe,350.0,Bijuteri,Siyah
6'lı Basic Küpe Seti,350.0,Bijuteri,Altın rengi
Baklava şeklinde sallantılı küpe,350.0,Bijuteri,Altın rengi
Uzun zincir küpe,290.0,Bijuteri,Altın rengi
Sert bileklik,590.0,Bijuteri,Altın rengi
Charm detaylı kordon kolye,490.0,Bijuteri,Altın rengi
Charm detaylı kordon kolye,490.0,Bijuteri,Gri
Zımbalı büyük sert bileklik,990.0,Bijuteri,Kahverengi
2’li boncuklu kolye seti,790.0,Bijuteri,Yeşil
2’li boncuklu kolye seti,790.0,Bijuteri,Turuncu
2'li kombin bileklik seti,790.0,Bijuteri,Yeşil
2'li kombin bileklik seti,790.0,Bijuteri,Turuncu
3'lü Mini Hacimli Küpe Seti,490.0,Bijuteri,Altın rengi
3'lü kombine bileklik seti,990.0,Bijuteri,Açık pembe
Bahçe kolyesi,790.0,Bijuteri,Kırmızı
Bahçe bileklik,590.0,Bijuteri,Kırmızı
Çoklu meyve charm kolye,990.0,Bijuteri,Kırmızı
Kahve ve kruvasan charm anahtarlık,590.0,Bijuteri,Kahverengi
2'li mini bozuk para kordon kolye seti,590.0,Bijuteri,Altın rengi
Uzun Çok Zincirli Kolye,590.0,Bijuteri,Altın rengi
Uzun püsküllü küpe,350.0,Bijuteri,Siyah
Boncuklu gala çiçeği anahtarlık,790.0,Bijuteri,Beyaz
Eyfel Kulesi ve makaron anahtarlık,790.0,Bijuteri,Kahverengi
Uzun örgü kement kolye,470.0,Bijuteri,Altın rengi
Bandana kalp sallantılı anahtarlık,590.0,Bijuteri,Açık pembe
Dokulu Bileklik,490.0,Bijuteri,Altın rengi
2'li deniz yıldızı boncuklu kolye seti,590.0,Bijuteri,Altın rengi
Mini el çantası kolye,470.0,Bijuteri,Pembe
Mini el çantası kolye,470.0,Bijuteri,Kırmızı
Mini el çantası kolye,470.0,Bijuteri,Gri
Uzun püsküllü küpe,290.0,Bijuteri,Ekru
Metal örgü charm kolye,590.0,Bijuteri,Altın rengi
Yelpaze emaye küpe,490.0,Bijuteri,Fuşya
Dudak aşkı charm anahtarlık,790.0,Bijuteri,Kırmızı
Kala çiçeği bileklik,790.0,Bijuteri,Ekru
3'lü Sert Mine Bileklik Seti,790.0,Bijuteri,Altın rengi
2'li su geçirmez bileklik seti,1090.0,Bijuteri,Gri
2'li su geçirmez bileklik seti,1090.0,Bijuteri,Sarı
2'li yusufçuk ve çiçek broş seti,490.0,Bijuteri,Altın rengi
2'li kristal efektli bileklik seti,590.0,Bijuteri,Kırmızı
5'li Pembe Taş Charm Kolye Seti,490.0,Bijuteri,Altın rengi
Çok madalyonlu kolye,590.0,Bijuteri,Altın rengi
2'li su geçirmez küpe seti,990.0,Bijuteri,Gri
2'li su geçirmez küpe seti,990.0,Bijuteri,Sarı
3'lü sert zımbalı bileklik seti,790.0,Bijuteri,Kahverengi
2'li asetat bileklik seti,790.0,Bijuteri,Kırmızı
Sedef görünümlü choker kolye,590.0,Bijuteri,Turuncu
Sedef efektli küpeler,590.0,Bijuteri,Turuncu
2'li püskül charm kolye seti,350.0,Bijuteri,Altın rengi
Çilek charm anahtarlık,790.0,Bijuteri,Kırmızı
Yusufçuk bileklik,790.0,Bijuteri,Altın rengi
Uzun püsküllü küpe,350.0,Bijuteri,Altın rengi
3'lü su geçirmez bileklik seti,1090.0,Bijuteri,Gri
3'lü su geçirmez bileklik seti,1090.0,Bijuteri,Sarı
2'li boncuklu ve deniz kabuklu kolye seti,790.0,Bijuteri,Mavi
2'li sedefli bileklik seti,990.0,Bijuteri,Mavi
Dondurma detaylı anahtarlık,790.0,Bijuteri,Pembe
Yuvarlak Plakalı Metal Kemer,590.0,Bijuteri,Altın rengi
Yuvarlak Plakalı Metal Kemer,590.0,Bijuteri,Gri
Dokulu sallantılı küpe,790.0,Bijuteri,Altın rengi
9'lu kelebekli ve suni incili küpe seti,590.0,Bijuteri,Altın rengi
Boncuklu halka küpe,490.0,Bijuteri,Altın rengi
Dondurma Temalı Charm Anahtarlık,590.0,Bijuteri,Pembe
EKSTRA UZUN KOLYE,470.0,Bijuteri,Altın rengi
Zebra bileklik,990.0,Bijuteri,Beyaz
Domates charm anahtarlık,790.0,Bijuteri,Kırmızı
2'li domates küpe seti,590.0,Bijuteri,Kırmızı
4’lü yusufçuk yüzük seti,590.0,Bijuteri,Altın rengi
Domates küpe,490.0,Bijuteri,Kırmızı
Yusufçuk küpe,490.0,Bijuteri,Altın rengi
3'lü kombine yemek rozet seti,590.0,Bijuteri,Altın rengi
2'li elma yüzük seti,590.0,Bijuteri,Yeşil
Çiçekli kordon kolye,590.0,Bijuteri,Ekru
2'li kombin bileklik seti,990.0,Bijuteri,Gri
2'li yuvarlak kolye seti,590.0,Bijuteri,Altın rengi
Ayna efektli baklava şeklinde küpe,290.0,Bijuteri,Altın rengi
Sert bileklik,590.0,Bijuteri,Gri
Çivili çiçek bileklik,790.0,Bijuteri,Siyah
Ayna efektli eşkenar dörtgen küpe,290.0,Bijuteri,Altın rengi
2'li güneş figürlü lariat kolye seti,790.0,Bijuteri,Altın rengi
Çiçekli choker kolye,590.0,Bijuteri,Altın rengi
Ayna efektli çiçek küpe,590.0,Bijuteri,Altın rengi
2'li kombin bileklik seti,990.0,Bijuteri,Ekru
Çok zincirli kolye,590.0,Bijuteri,Altın rengi
5'li kalp ve kiraz broş seti,790.0,Bijuteri,Kırmızı
2'li çivili bileklik seti,590.0,Bijuteri,Siyah
2'li çivili bileklik seti,590.0,Bijuteri,Kahverengi
3'lü deniz temalı charm kolye seti,790.0,Bijuteri,Altın rengi
9'lu çiçek küpe seti,490.0,Bijuteri,Altın rengi
9'lu uğur böceği küpe seti,590.0,Bijuteri,Altın rengi
Sedef görünümlü sallantılı küpe,790.0,Bijuteri,Altın rengi
Zımbalı bileklik,790.0,Bijuteri,Ekru
9'lu emaye çiçekli küpe seti,590.0,Bijuteri,Altın rengi
Boncuklu balık kolye anahtarlık,790.0,Bijuteri,Açık mavi
Dokulu maxi kolye,590.0,Bijuteri,Altın rengi
Çift renkli çiçek küpe,490.0,Bijuteri,Gri
Çiçek küpe,490.0,Bijuteri,Altın rengi
Papatya çiçekli choker kolye,490.0,Bijuteri,Altın rengi
3'lü bahçe broşu seti,790.0,Bijuteri,Altın rengi
Çoklu yengeç figürlü anahtarlık,790.0,Bijuteri,Mavi
Deniz kabuğu charm anahtarlık,790.0,Bijuteri,Altın rengi
Denizatı charm anahtarlık,590.0,Bijuteri,Beyaz
Güneş figürlü küçük parlak taşlı küpe,590.0,Bijuteri,Altın rengi
"9'lu Set Halka Küpe, Parlak ve Suni İnci",490.0,Bijuteri,Gri
Hacimli taç,490.0,Bijuteri,Kahverengi
Muz figürlü charm,790.0,Bijuteri,Kahverengi
2'li kare bileklik seti,990.0,Bijuteri,Mavi
Puantiye desenli köpek figürlü charm anahtarlık,470.0,The Collective > Paris,Beyaz
Bit detaylı fular,790.0,The Collective > Berlin,Kahverengi
Dantelli pareo,790.0,The Collective > Berlin,Ekru
Dantelli pareo,790.0,The Collective > Berlin,Siyah
Suni deri burunlu babet,1790.0,The Collective,BORDO
Dantelli pareo,790.0,The Collective,Kahverengi
Dantelli pareo,790.0,The Collective,Mavi
Dantelli pareo,790.0,The Collective,Pembe
Dantelli pareo,790.0,The Collective,Altın rengi
Boncuklu saç bandı,590.0,The Collective,Siyah
Altıgen epoksi güneş gözlüğü,790.0,The Collective,Kahverengi
Kahverengi deri makosenler,2690.0,The Collective,KAHVERENGİ
Suni deri topuklu ayakkabı,1990.0,The Collective,EKRU
Burunlu deri babet,1990.0,The Collective,KAHVERENGİ
İki malzemeli denizci şapkası,790.0,The Collective,Lacivert
Uzun ekose desenli pareo,990.0,The Collective,Kahverengi
Köpek ve Çiçek Charm Anahtarlık,790.0,The Collective,Kahverengi
Deri bağcıklı deniz ayakkabısı,2690.0,Yeni koleksiyon > Community | Always On,BEJ
"File babet, bantlı",1790.0,Yeni koleksiyon > Community | Always On,SİYAH
"File babet, bantlı",1790.0,Yeni koleksiyon > Community | Always On,KIRMIZI
Puantiye desenli fular,590.0,Yeni koleksiyon > Community | Always On,Ekru
Puantiye desenli fular,590.0,Yeni koleksiyon > Community | Always On,Pembe
Üst Üste Tokalı Kemer,490.0,Yeni koleksiyon > Community | Always On,Kahverengi
Üst Üste Tokalı Kemer,490.0,Yeni koleksiyon > Community | Always On,Siyah
Reçine güneş gözlüğü,590.0,Yeni koleksiyon > Community | Always On,Siyah
Püsküllü kemer,1590.0,Yeni koleksiyon > Community | Always On,Kahverengi
Kuş gözü detaylı kemer,790.0,Yeni koleksiyon > Community | Always On,Kahverengi
Metal saplı gözlük,590.0,Yeni koleksiyon > Community | Always On,Siyah
Metal saplı gözlük,590.0,Yeni koleksiyon > Community | Always On,Kahverengi
Dikdörtgen taşlı güneş gözlüğü,590.0,Yeni koleksiyon > Community | Always On,Siyah
Dikdörtgen taşlı güneş gözlüğü,590.0,Yeni koleksiyon > Community | Always On,Kahverengi
Basic yuvarlak tokalı kemer,590.0,Yeni koleksiyon > Community | Always On,Açık kahverengi
Kare çizgili fular,590.0,Yeni koleksiyon > Community | Always On,Lime
Kare çizgili fular,590.0,Yeni koleksiyon > Community | Always On,Ekru
Kare çizgili fular,590.0,Yeni koleksiyon > Community | Always On,Mavi
Geniş kuşgözü detaylı kemer,790.0,Yeni koleksiyon > Community | Always On,Kahverengi
Altın detaylı kemer,790.0,Yeni koleksiyon > Community | Always On,Kahverengi
Şeffaf yuvarlak zımbalı kemer,790.0,Yeni koleksiyon > Community | Always On,Altın rengi
basic zımbalı kemer,590.0,Yeni koleksiyon > Community | Always On,Açık sarı
Basic keten karışımlı yelek,1490.0,Yeni koleksiyon > Community | Always On,Mavi
Denizci şapkası,790.0,Yeni koleksiyon > Community | Always On,Pembe
File kumaş elastik bantlı babet,1790.0,Yeni koleksiyon > Community | Always On,EKRU
Yanları boncuklu kemer,590.0,Yeni koleksiyon > Community | Always On,Kahverengi
Yanları boncuklu kemer,590.0,Yeni koleksiyon > Community | Always On,Pembe
Organik tokalı kemer,590.0,Yeni koleksiyon > Community | Always On,Kahverengi
Topuksuz deri takunya,2490.0,Yeni koleksiyon > Community | Always On,BEJ
Oval madeni para metal kemer,590.0,Yeni koleksiyon > Community | Always On,Altın rengi
Metal taşlı renkli zincir kemer,790.0,Yeni koleksiyon > Community | Always On,Ekru
Suni süet zımbalı bel çantası kemer,1090.0,Yeni koleksiyon > Community | Always On,Bej
Yuvarlak detaylı güneş gözlüğü,790.0,Yeni koleksiyon > Community | Always On,Haki
Çift Tokalı Kemer,490.0,Yeni koleksiyon > Community | Always On,Siyah
Basic Tokalı Kemer,490.0,Yeni koleksiyon > Community | Always On,Kahverengi
Altıgen Metal Gözlük,590.0,Yeni koleksiyon > Community | Always On,Kahverengi
Snoopy anahtarlık,790.0,Yeni koleksiyon > The collective,Beyaz
8 Numara Charm Anahtarlık,590.0,Yeni koleksiyon > The collective,Siyah
Metal Ayı Charm,590.0,Yeni koleksiyon > The collective,Kahverengi
Metal Ayı Charm,590.0,Yeni koleksiyon > The collective,Altın rengi
Hello kitty charm anahtarlık,790.0,Yeni koleksiyon > The collective,Mavi
Püsküllü çanta uçlu anahtarlık,790.0,Yeni koleksiyon > The collective,Bej
Corgi köpek figürlü anahtarlık,470.0,Yeni koleksiyon > The collective,Kahverengi
Bugs Bunny charm anahtarlık,790.0,Yeni koleksiyon > The collective,Koyu gri
Metal çiçekli saç tokası,290.0,Yeni koleksiyon > The collective,Ekru
Çiçek saç tokası,270.0,Yeni koleksiyon > The collective,Ekru
Çiçek saç tokası,270.0,Yeni koleksiyon > The collective,Açık mavi
Çiçek saç tokası,270.0,Yeni koleksiyon > The collective,Kırmızı
Çiçek saç tokası,270.0,Yeni koleksiyon > The collective,Açık pembe
3'lü çiçekli toka seti,490.0,Yeni koleksiyon > The collective,Ekru
3'lü çiçekli toka seti,490.0,Yeni koleksiyon > The collective,Kahverengi
2’li elastik kürk bandı seti,350.0,Yeni koleksiyon > The collective,Açık mavi
2'li puantiyeli kürk toka seti,490.0,Yeni koleksiyon > The collective,Kahverengi
Çizgili sert taç,450.0,Yeni koleksiyon > The collective,Mavi
Çizgili sert taç,450.0,Yeni koleksiyon > The collective,Açık pembe
Saten sert taç,450.0,Yeni koleksiyon > The collective,Mavi
Saten sert taç,450.0,Yeni koleksiyon > The collective,Kahverengi
Çizgili kumaş saç tokası,450.0,Yeni koleksiyon > The collective,Sarı
Kumaş mandal,450.0,Yeni koleksiyon > The collective,Beyaz
Çiçek saç tokası,270.0,Yeni koleksiyon > The collective,Koyu mavi
Çiçek saç tokası,270.0,Yeni koleksiyon > The collective,Altın rengi
Çiçek saç tokası,270.0,Yeni koleksiyon > The collective,Kahverengi
Domates kürk tokası,450.0,Yeni koleksiyon > The collective,Kırmızı
2'li emaye çiçekli toka seti,490.0,Yeni koleksiyon > The collective,Beyaz
PAİSLEY ÇİÇEKLİ EŞARP,490.0,Yeni koleksiyon > The collective,Kahverengi
Çizgili eşarp,590.0,Yeni koleksiyon > The collective,Koyu mavi
Kare epoksi cat eye güneş gözlüğü,790.0,Yeni koleksiyon > The collective,Kahverengi
Kare epoksi cat eye güneş gözlüğü detaylı,790.0,Yeni koleksiyon > The collective,Kahverengi
Kare renkli camlı epoksi güneş gözlüğü,790.0,Yeni koleksiyon > The collective,Kahverengi
Boncuklu fular,1090.0,Yeni koleksiyon > The collective,Siyah
DİKDÖRTGEN GÖZLÜK,590.0,Yeni koleksiyon > The collective,Siyah
KÜÇÜK OVAL EPOKSİ GÜNEŞ GÖZLÜĞÜ,590.0,Yeni koleksiyon > The collective,Siyah
DİKDÖRTGEN MAVİ IŞIK GÖZLÜĞÜ,590.0,Yeni koleksiyon > The collective,Siyah
Kare pilot güneş gözlüğü,790.0,Yeni koleksiyon > The collective,Pembe
Düz üst metal güneş gözlüğü,790.0,Yeni koleksiyon > The collective,Mavi
METALİK MAVİ IŞIK FİLTRELİ GÖZLÜK,790.0,Yeni koleksiyon > The collective,Altın rengi
Dantelli çizgili pareo,790.0,Yeni koleksiyon > The collective,Mavi
Rozetli şapka,790.0,Yeni koleksiyon > The collective,Kahverengi
Metal detaylı fitilli bere,490.0,Yeni koleksiyon > The collective,Ekru
Metal detaylı fitilli bere,490.0,Yeni koleksiyon > The collective,Siyah
Metal detaylı fitilli bere,490.0,Yeni koleksiyon > The collective,Koyu mavi
Metal detaylı fitilli bere,490.0,Yeni koleksiyon > The collective,Kırmızı
Metal detaylı fitilli bere,490.0,Yeni koleksiyon > The collective,Açık gri
Metal detaylı fitilli bere,490.0,Yeni koleksiyon > The collective,Kahverengi
Metal detaylı fitilli bere,490.0,Yeni koleksiyon > The collective,Bej
N.033 MOCHA MOUSSE INTENSE EAU DE PARFUM 100 ML,990.0,Yeni koleksiyon > The collective,Kahverengi
BASIC dövme tokalı kemer,590.0,Yeni koleksiyon > The collective,Siyah
Kalın tokalı kemer,590.0,Yeni koleksiyon > The collective,Kahverengi
Yarı geniş suni süet kemer,590.0,Yeni koleksiyon > The collective,Siyah
Yarı geniş suni süet kemer,590.0,Yeni koleksiyon > The collective,Altın rengi
Basic kare tokalı kemer,590.0,Yeni koleksiyon > The collective,Kahverengi
Rondel kemer,1090.0,Yeni koleksiyon > The collective,Kahverengi
Altın Rengi Çivili Kemer,590.0,Yeni koleksiyon > The collective,Bej
Kuş gözlü kemer,790.0,Yeni koleksiyon > The collective,Siyah
Uzun parçalı zımbalı kemer,990.0,Yeni koleksiyon > The collective,Siyah
Uzun tokalı kemer,790.0,Yeni koleksiyon > The collective,Siyah
ÇİFT TOKALI SUNİ SÜET KEMER,590.0,Yeni koleksiyon > The collective,Kahverengi
Asimetrik çoklu zımbalı kemer,990.0,Yeni koleksiyon > The collective,Siyah
Asimetrik çoklu zımbalı kemer,990.0,Yeni koleksiyon > The collective,Kahverengi
Yan tokalı kemer,790.0,Yeni koleksiyon > The collective,Siyah
Balon yelek,2290.0,Yeni,Krem rengi
Boncuklu çiçek charm anahtarlık,790.0,Yeni,Ekru
Büyük boncuklu cüzdan,990.0,Yeni,Pembe
File topuksuz terlik,2490.0,Yeni,KAHVERENGİ
Saten ince tabanlı spor ayakkabı,1790.0,Yeni,SARI
Küçük boncuklu cüzdan,790.0,Yeni,Pembe
Taşlı kroşe başlık,790.0,Yeni,Kahverengi
Taşlı kroşe başlık,790.0,Yeni,Lacivert
File detaylı deri spor ayakkabı,1990.0,Yeni,KIRMIZI
Deri detaylı spor ayakkabı,2690.0,Yeni,PEMBE
Deri detaylı spor ayakkabı,1880.0,Yeni,BEJ
Halter örme top,590.0,Yeni,Koyu lacivert
Halter örme top,590.0,Yeni,Pembe
Halter örme top,590.0,Yeni,Kahverengi
Halter örme top,590.0,Yeni,Bej
Dantel detaylı askılı bluz,590.0,Yeni,Açık sarı
Dantel detaylı askılı bluz,590.0,Yeni,Siyah
Dantel detaylı askılı bluz,590.0,Yeni,Açık gri
Dikişli hasır kemer,790.0,Yeni,Kahverengi
Dikişli hasır kemer,790.0,Yeni,Mavi
Brooklyn şapka,790.0,Yeni > Casual Spor,Lacivert
Metalik efektli spor ayakkabı,1250.0,Yeni > Casual Spor,GÜMÜŞ
6'lı toka seti,450.0,Yeni > Casual Spor,Açık sarı
6'lı toka seti,450.0,Yeni > Casual Spor,Mavi
Günlük deri spor ayakkabı,1990.0,Yeni > Ayakkabı,MAVİ
Günlük deri spor ayakkabı,1990.0,Yeni > Ayakkabı,PEMBE
Günlük deri spor ayakkabı,1990.0,Yeni > Ayakkabı,BEJ
Örgü espadril babet,1990.0,Yeni > Ayakkabı,ALTIN
Geniş saplı dikdörtgen gözlük,790.0,Yeni > Aksesuar,Siyah
Detaylı spor ayakkabı,1990.0,Yeni koleksiyon > Community | STR Teen,BEJ
Volanlı asimetrik tişört,790.0,Ürüne göre alışveriş,Siyah
Volanlı asimetrik tişört,790.0,Ürüne göre alışveriş,Koyu kırmızı
Volanlı asimetrik tişört,790.0,Ürüne göre alışveriş,Pembe
LA baskılı t-shirt,590.0,Ürüne göre alışveriş,Pembe
Kruvaze yelek,1590.0,Ürüne göre alışveriş,Siyah
Puantiye makyaj çantası,550.0,Ürüne göre alışveriş > Puantiye desenli,Kahverengi
Puantiye makyaj çantası,550.0,Ürüne göre alışveriş > Puantiye desenli,Siyah
Puantiye desenli kartlık cüzdan,550.0,Ürüne göre alışveriş > Puantiye desenli,Kahverengi
Puantiye desenli kartlık cüzdan,550.0,Ürüne göre alışveriş > Puantiye desenli,Siyah
Çift tokalı kemer,590.0,Ürüne göre alışveriş > Festival Season,Kahverengi
Görünüm,1790.0,Ürüne göre alışveriş > Latest trends,Beyaz
Fiyonk burunlu babet,1250.0,Ürüne göre alışveriş > Promosyonlar,SİYAH
Deri detaylı ince tabanlı spor ayakkabı,1390.0,Ürüne göre alışveriş > Promosyonlar,BORDO
Saten ince tabanlı spor ayakkabı,1250.0,Ürüne göre alışveriş > Promosyonlar,SİYAH
Saten ince tabanlı spor ayakkabı,1250.0,Ürüne göre alışveriş > Promosyonlar,KAHVERENGİ
File topuklu ayakkabı,1390.0,Ürüne göre alışveriş > Promosyonlar,SİYAH
Çift Bağcıklı Günlük Spor Ayakkabı,1390.0,Ürüne göre alışveriş > Promosyonlar,BORDO
İnce tabanlı yumuşak spor ayakkabı,1250.0,Ürüne göre alışveriş > Promosyonlar,BEYAZ
Kadın spor ayakkabı,1040.0,Ürüne göre alışveriş > Promosyonlar,BEYAZ
İnce tabanlı deri detaylı spor ayakkabı,1390.0,Ürüne göre alışveriş > Promosyonlar,KIRMIZI
Suni süet terlik,1390.0,Ürüne göre alışveriş > Promosyonlar,KAHVERENGİ
Balaklava,990.0,Teen Squad,Siyah
Balaklava,990.0,Teen Squad,Ekru
Detaylı spor ayakkabı,1990.0,Ayakkabı ve aksesuar,BEYAZ
Siyah suni deri makosenler,1990.0,Ayakkabı ve aksesuar,SİYAH
2'li MAXI YUMUŞAK DOKULU SAÇ TOKASI SETİ,450.0,Aksesuar,Pembe
2'li MAXI YUMUŞAK DOKULU SAÇ TOKASI SETİ,450.0,Aksesuar,Açık mavi
5'li kürk lastik toka seti,350.0,Aksesuar,Siyah
Günlük deri spor ayakkabı,1990.0,Spor ayakkabı,KAHVERENGİ
Günlük suni süet spor ayakkabı,1990.0,Spor ayakkabı,Mavi
Deri detaylı delikli spor ayakkabı,1990.0,Spor ayakkabı,KAHVERENGİ
Deri detaylı delikli spor ayakkabı,1990.0,Spor ayakkabı,BEJ
Günlük retro spor ayakkabı,1790.0,Spor ayakkabı,BEYAZ
Platform günlük spor ayakkabı,1590.0,Spor ayakkabı,BEYAZ
Suni süet file spor ayakkabı,1790.0,Spor ayakkabı,BEJ
Basic açık topuklu ayakkabılar,1590.0,Aksesuar,SİYAH
Saten yüzeyli topuklu ayakkabı,1990.0,Aksesuar,KAHVERENGİ
Fiyonklu topuklu ayakkabı,1990.0,Aksesuar,BORDO
Suni süet arkası açık babet,1590.0,Aksesuar,BEJ
File zımbalı babetler,2490.0,Aksesuar,SİYAH
Saten yüzeyli topuklu ayakkabılar,1790.0,Aksesuar,MAVİ
Ajurlu topuklu ayakkabı,2690.0,Aksesuar,BEYAZ
Taşlı file topuklu ayakkabı,2490.0,Aksesuar,BEJ
Burnu açık topuklu ayakkabı,1990.0,Aksesuar,KIRMIZI
"Geniş topuklu, arkası açık ayakkabı",1790.0,Aksesuar,SİYAH
Mikro delikli platform spor ayakkabı,1490.0,Aksesuar,BEJ
Deri topuklu ayakkabı,2690.0,Aksesuar,KAHVERENGİ
Deri topuklu ayakkabı,2690.0,Aksesuar,SİYAH
Platformlu tekne ayakkabısı,2690.0,Aksesuar,KAHVERENGİ
Deri charm topuksuz makosenler,2990.0,Aksesuar,BEJ
Suni deri babuç,1990.0,Aksesuar,KAHVERENGİ
Basic topuklu ayakkabı,1590.0,Aksesuar,SİYAH
Düz deri terlik,2490.0,Aksesuar,BEJ
Tokalı deri takunyalar,1990.0,Aksesuar,BEJ
Stiletto topuklu sandalet,1790.0,Topuklu ayakkabı,EKRU
Parlak fular,790.0,Aksesuar,Ekru
Kaplan desenli fular,790.0,Aksesuar,Ekru
Pullu sıra baskılı fular,790.0,Aksesuar,Açık mavi
Pullu sıra baskılı fular,790.0,Aksesuar,Ekru
Yuvarlak denizci şapkası,990.0,Aksesuar,Ekru
Zincir Detaylı Fermuarlı Cüzdan,590.0,Aksesuar,Kiremit rengi
Fermuarlı cüzdan,590.0,Aksesuar,Siyah
Fermuarlı cüzdan,590.0,Aksesuar,Ekru
Fermuarlı cüzdan,590.0,Aksesuar,Kırmızı
Parlak kartlık,550.0,Aksesuar,Açık mavi
Parlak kartlık,550.0,Aksesuar,Pembe
N.136 ROSE CLOUD INTENSE EAU DE PARFUM 100 ML,990.0,Aksesuar,Pembe
Püsküllü eşarp,590.0,Aksesuar,Ekru
Çiçekli tığ işi fular,590.0,Aksesuar,Ekru
Kontrast çizgili fular,590.0,Aksesuar,Altın rengi
Çiçek parçalı zincir kemer,590.0,Aksesuar,Gri
Basic parlak suni deri kemer,590.0,Aksesuar,Kahverengi
Basic parlak suni deri kemer,590.0,Aksesuar,Siyah
Mat tokalı basic kemer,590.0,Aksesuar,Siyah
Retro tarzı taşlı güneş gözlüğü,590.0,Aksesuar,Haki
Metal Dikdörtgen Güneş Gözlüğü,590.0,Aksesuar,Altın rengi
Çekme detaylı kartlık cüzdan,550.0,Aksesuar,Ekru
Basic timsah deseni görünümlü cüzdan,550.0,Aksesuar,Siyah
Basic timsah deseni görünümlü cüzdan,550.0,Aksesuar,Fuşya
Mini makyaj çantası,490.0,Aksesuar,Kırmızı
Mini makyaj çantası,490.0,Aksesuar,Siyah
Fiyonklu şapka,790.0,Aksesuar,Pembe
Fiyonklu çizgili şapka,790.0,Aksesuar,Mavi
Taşlı kasket,790.0,Aksesuar,Ekru
N.032 VANILLA ADDICTION EAU DE PARFUM 50 ML,790.0,Aksesuar,Ekru
Suni süet sloganlı şapka,790.0,Aksesuar,Kahverengi
Suni süet sloganlı şapka,790.0,Aksesuar,Bej
Yuvarlak epoksi güneş gözlüğü,790.0,Aksesuar,Haki
Fırçalanmış İplik Atkı,790.0,Aksesuar,Ekru
Fırçalanmış İplik Atkı,790.0,Aksesuar,Siyah
Fırçalanmış İplik Atkı,790.0,Aksesuar,Açık gri
Basic atkı,790.0,Aksesuar,Ekru
Basic atkı,790.0,Aksesuar,Siyah
Basic atkı,790.0,Aksesuar,Bordo
Believe şapka,590.0,Aksesuar,Mavi
Basic kovboy tokalı kemer,590.0,Aksesuar,Siyah
Basic Fermuarlı Cüzdan,590.0,Aksesuar,Siyah
Suni deri kartlık,550.0,Aksesuar,Altın rengi
Suni deri kartlık,550.0,Aksesuar,Beyaz
SUNİ DERİ GÖRÜNÜMLÜ FERMUARLI CÜZDAN,550.0,Aksesuar,Beyaz
SUNİ DERİ GÖRÜNÜMLÜ FERMUARLI CÜZDAN,550.0,Aksesuar,Altın rengi
Uzun parlak kartlık cüzdan,550.0,Aksesuar,Pembe
Simli fermuarlı kartlık,550.0,Aksesuar,Kahverengi
Fermuarlı bozuk para cüzdanı,490.0,Aksesuar,Bordo
Fermuarlı bozuk para cüzdanı,490.0,Aksesuar,Siyah
Flamingo paçuli fular,490.0,Aksesuar,Ekru
Desenli fular,490.0,Aksesuar,Kahverengi
2'li muz toka seti,450.0,Aksesuar,Kahverengi
Oval epoksi güneş gözlüğü,790.0,Aksesuar,Bordo
Asma kilitli fular,590.0,Aksesuar,Kahverengi
Metal elastik kemer,790.0,Aksesuar,Altın rengi
Pullu pareo,990.0,Aksesuar,Ekru
Püsküllü pareo fular,790.0,Aksesuar,Siyah
Dikdörtgen desenli fular,590.0,Aksesuar,Mavi
Weekend şapka,590.0,Aksesuar,Krem rengi
Suni deri görünümlü kartlık cüzdan,550.0,Aksesuar,Pembe
Basic fermuarlı cüzdan,550.0,Aksesuar,Bej
Simli fermuarlı cüzdan,550.0,Aksesuar,Açık mavi
Simli fermuarlı cüzdan,550.0,Aksesuar,Pembe
Basic fermuarlı bozuk para cüzdanı,550.0,Aksesuar,Bordo
Büyük oval metal kemer,590.0,Aksesuar,Gri
Soluk efektli çivili şapka,790.0,Aksesuar,Mavi
New york şapka,790.0,Aksesuar,Siyah
UZUN SAFIANO KARTLIK CÜZDAN,550.0,Aksesuar,Beyaz
SAFIANO KARTLIK CÜZDAN,550.0,Aksesuar,Sarı
SAFIANO KARTLIK CÜZDAN,550.0,Aksesuar,Beyaz
Denim kasket,790.0,Aksesuar,SOLUK EFEKTLİ ORTA MAVİ DENIM
San Francisco şapka,590.0,Aksesuar,Lacivert
İki renkli metal kemer,790.0,Aksesuar,Altın rengi
N.180 Solar Breeze saç ve vücut parfümü,790.0,Aksesuar,Açık sarı
N.179 Coco Kiss saç ve vücut parfümü,790.0,Aksesuar,Ekru
N.028 GOLDEN SUBLIME ELIXIR PARFUM 100 ML,990.0,Aksesuar,Altın rengi
N.059 OPULENT GLOW İKSİR PARFÜM 100 ML,990.0,Aksesuar,Altın rengi
N. 004 bağımlılık yapan esans iksir parfüm 100 ml,990.0,Aksesuar,Altın rengi
Suni süet efektli kartlık cüzdan,550.0,Aksesuar,Kahverengi
Cüzdan aplikeli kemer,790.0,Aksesuar,Kahverengi
Metal suni deri kemer,790.0,Aksesuar,Kahverengi
Geniş rozet püsküllü kemer,990.0,Aksesuar,Açık kahverengi
DALGALI PARA VE ZIMBA KEMER,990.0,Aksesuar,Siyah
Yuvarlak metal kemer,590.0,Aksesuar,Gri
Kare epoksi güneş gözlüğü,790.0,Aksesuar,Kahverengi
Kontrast fular,990.0,Aksesuar,Kahverengi
Dikdörtgen cüzdan,550.0,Aksesuar,Ekru
Tweety charm anahtarlık,790.0,Aksesuar,Açık pembe
N.031 Vanilla Woods Elixir parfüm,990.0,Aksesuar,Açık sarı
N.168 eau de toilette,590.0,Aksesuar,Pembe
Pembe kek vücut spreyi,490.0,Aksesuar,Açık pembe
N.120 Rose Vanilla Elixir parfüm,990.0,Aksesuar,Açık sarı
Coco & sun vücut spreyi,490.0,Aksesuar,Altın rengi
Güneşin mutluluğu vücut spreyi,490.0,Aksesuar,Altın rengi
Güneşin mutluluğu iksir parfümü,790.0,Aksesuar,Altın rengi
Ay ışığı vücut spreyi,490.0,Aksesuar,Pembe
Vanilya karamel vücut spreyi,490.0,Aksesuar,Altın rengi
Metal halkalı kemer,590.0,Aksesuar,Kahverengi
Çivili Şapka,790.0,Aksesuar,Siyah
N.121 Radiance Vanilla Elixir parfüm,990.0,Aksesuar,Açık sarı
Pink moon vücut spreyi,490.0,Aksesuar,Soluk pembe
Suni kürklü makyaj çantası,590.0,Aksesuar,Ekru
N.130 Manolya çiçeği saç ve vücut parfümü,790.0,Aksesuar,Pembe
Dikişli Asimetrik Tokalı Kemer,490.0,Aksesuar,Kahverengi
Çift Halkalı Basic Kemer,590.0,Aksesuar,Siyah
Ponponlu Fermuarlı Cüzdan,590.0,Aksesuar,Siyah
Basic fermuarlı cüzdan,490.0,Aksesuar,Siyah
Basic fermuarlı cüzdan,490.0,Aksesuar,Bordo
Basic fermuarlı cüzdan,490.0,Aksesuar,Koyu gri
Silk eau de toilette Nº101 - 100 ML,790.0,Aksesuar,Açık sarı
Wood Eau de toilette - 100 ML,790.0,Aksesuar,Bej
Cashmere eau de toilette Nº161 - 100 ML,790.0,Aksesuar,Soluk pembe
Basic atkı,790.0,Aksesuar,Koyu mavi
Kareli Atkı,790.0,Aksesuar,Ekru
Basic timsah deseni görünümlü cüzdan,550.0,Aksesuar,Koyu gri
Basic timsah deseni görünümlü cüzdan,550.0,Aksesuar,Ekru
Basic timsah deseni görünümlü cüzdan,550.0,Aksesuar,Bordo
Dikdörtgen Cüzdan,550.0,Aksesuar,Siyah
Timsah deseni görünümlü kartlık cüzdan,550.0,Aksesuar,Koyu gri
Timsah deseni görünümlü kartlık cüzdan,550.0,Aksesuar,Ekru
Timsah deseni görünümlü kartlık cüzdan,550.0,Aksesuar,Bordo
N.063 Kiraz Çiçeği eau de toilette,590.0,Aksesuar,Bordo
N.058 Vanilla bliss eau de parfum,790.0,Aksesuar,Ekru
Modern Buket nº115,590.0,Aksesuar,Mor
Unique nº141,590.0,Aksesuar,Soluk pembe
N.15 Our essence eau de parfum,790.0,Aksesuar,Lila
Basic düz atkı,990.0,Aksesuar,Bordo
Basic düz atkı,990.0,Aksesuar,Siyah
Basic düz atkı,990.0,Aksesuar,Ekru
Leopar desenli atkı,990.0,Aksesuar,Kahverengi
Pretty blossom nº 133,790.0,Aksesuar,Ekru
Romance nº 134,790.0,Aksesuar,Pembe
Yuvarlak metal güneş gözlüğü,590.0,Aksesuar,Altın rengi
Pullu kroşe kasket,790.0,Aksesuar,Ekru
N.176 Berry delicious eau de toilette,990.0,Aksesuar,Bordo
N.178 Tropical tango eau de toilette,990.0,Aksesuar,Ekru
Püsküllü suni süet pareo,790.0,Aksesuar,Ekru
Zımbalı kalp kürk klipsi,450.0,Aksesuar,Kahverengi
