item_name,price,category,color
Hacimli poplin pantolon,1590.0,Pantolon,Beyaz
Hacimli poplin pantolon,1590.0,Pantolon,Siyah
Hacimli poplin pantolon,1590.0,Pantolon,Açık mavi
Hacimli poplin pantolon,1590.0,Pantolon,Kiremit rengi
Balon paça şalvar pantolon,1590.0,Pantolon,Kahverengi
İşlemeli pijama pantolon,1590.0,Pantolon,Açık mavi
Düz kesim dökümlü kemerli pantolon,1590.0,Pantolon,Siyah
Düz kesim dökümlü kemerli pantolon,1590.0,Pantolon,Ekru
Düz kesim dökümlü kemerli pantolon,1590.0,Pantolon,Lacivert
Düz kesim dökümlü kemerli pantolon,1590.0,Pantolon,Koyu Gri
Düz kesim dökümlü kemerli pantolon,1590.0,Pantolon,Kahverengi
Düz kesim dökümlü kemerli pantolon,1590.0,Pantolon,Mor
Keten görünümlü dökümlü pantolon,1190.0,Pantolon,Ekru
Keten görünümlü dökümlü pantolon,1190.0,Pantolon,Siyah
Keten görünümlü dökümlü pantolon,1190.0,Pantolon,Koyu lacivert
Keten görünümlü dökümlü pantolon,1190.0,Pantolon,Kahverengi
Keten görünümlü dökümlü pantolon,1190.0,Pantolon,Krem rengi
Keten görünümlü dökümlü pantolon,1190.0,Pantolon,Haki
Ayarlanabilir düğmeli keten karışımlı bol paça pantolon,1590.0,Pantolon,Kahverengi
Ayarlanabilir düğmeli keten karışımlı bol paça pantolon,1590.0,Pantolon,Ekru
Ayarlanabilir düğmeli keten karışımlı bol paça pantolon,1590.0,Pantolon,Mavi
"Kemerli, keten görünümlü düz paça pantolon",1590.0,Pantolon,Kahverengi
"Kemerli, keten görünümlü düz paça pantolon",1590.0,Pantolon,Ekru
"Kemerli, keten görünümlü düz paça pantolon",1590.0,Pantolon,Açık sarı
Keten görünümlü bağcıklı pantolon,1190.0,Pantolon,Siyah
Keten görünümlü bağcıklı pantolon,1190.0,Pantolon,Beyaz
Keten görünümlü bağcıklı pantolon,1190.0,Pantolon,Kahverengi
Geniş paça pensli klasik pantolon,1590.0,Pantolon,Siyah
Geniş paça pensli klasik pantolon,1590.0,Pantolon,Lacivert
Geniş paça pensli klasik pantolon,1590.0,Pantolon,Bordo
Geniş paça pensli klasik pantolon,1590.0,Pantolon,Koyu gri
Geniş paça pensli klasik pantolon,1590.0,Pantolon,Kahverengi
Yumuşak dokulu palazzo jogger pantolon,1590.0,Pantolon,Koyu lacivert
Yumuşak dokulu palazzo jogger pantolon,1590.0,Pantolon,Siyah
Yumuşak dokulu palazzo jogger pantolon,1590.0,Pantolon,Koyu mavi
Yumuşak dokulu palazzo jogger pantolon,1590.0,Pantolon,Pembe
Yumuşak dokulu palazzo jogger pantolon,1590.0,Pantolon,Açık gri
Yumuşak dokulu palazzo jogger pantolon,1590.0,Pantolon,Koyu gri
Yumuşak dokulu palazzo jogger pantolon,1590.0,Pantolon,Kahverengi
Yumuşak dokulu palazzo jogger pantolon,1590.0,Pantolon,Krem rengi
Yumuşak dokulu palazzo jogger pantolon,1590.0,Pantolon,0-526
Yumuşak dokulu palazzo jogger pantolon,1590.0,Pantolon,Mor
Dar kesim düz paça klasik pantolon,1490.0,Pantolon,Siyah
Dar kesim düz paça klasik pantolon,1490.0,Pantolon,Koyu Gri
Dar kesim düz paça klasik pantolon,1490.0,Pantolon,Kahverengi
Dar kesim düz paça klasik pantolon,1490.0,Pantolon,Krem rengi
Yumuşak dokulu kumaş pantolon,1790.0,Pantolon,Krem rengi
Yumuşak dokulu kumaş pantolon,1790.0,Pantolon,Siyah
Yumuşak dokulu kumaş pantolon,1790.0,Pantolon,Lacivert
Yumuşak dokulu kumaş pantolon,1790.0,Pantolon,Koyu Gri
Yumuşak dokulu kumaş pantolon,1790.0,Pantolon,Kahverengi
Yumuşak dokulu kumaş pantolon,1790.0,Pantolon,Haki
Yumuşak dokulu kumaş pantolon,1790.0,Pantolon,Mor
Çizgili çapraz belli günlük pantolon,1590.0,Pantolon,Lacivert
Çizgili çapraz belli günlük pantolon,1590.0,Pantolon,Beyaz
Çizgili çapraz belli günlük pantolon,1590.0,Pantolon,Açık mavi
Çizgili çapraz belli günlük pantolon,1590.0,Pantolon,Koyu Gri
Çizgili çapraz belli günlük pantolon,1590.0,Pantolon,Kahverengi
Tokalı balon pantolon,1790.0,Pantolon,Ekru
Maxi pensli kemerli pantolon,1790.0,Pantolon,Kahverengi
Maxi pensli kemerli pantolon,1790.0,Pantolon,Siyah
Maxi pensli kemerli pantolon,1790.0,Pantolon,Beyaz
Maxi pensli kemerli pantolon,1790.0,Pantolon,Koyu lacivert
Maxi pensli kemerli pantolon,1790.0,Pantolon,Açık gri
Geniş paça pantolon,1590.0,Pantolon,Siyah
Geniş paça pantolon,1590.0,Pantolon,Koyu Gri
Geniş paça pantolon,1590.0,Pantolon,Kahverengi
Geniş paça pantolon,1590.0,Pantolon,Bej
Geniş paça pantolon,1590.0,Pantolon,Haki
Zincirli pensli liyosel pantolon,1790.0,Pantolon,Kahverengi
Süper hacimli şalvar pantolon,2290.0,Pantolon,Kahverengi
Keten görünümlü straight fit pantolon,1590.0,Pantolon,Kahverengi
Keten görünümlü straight fit pantolon,1590.0,Pantolon,Ekru
Liyosel fular pantolon,1590.0,Pantolon,Kahverengi
Liyosel fular pantolon,1590.0,Pantolon,Ekru
Ayarlanabilir süper geniş paça pantolon,1590.0,Pantolon,Siyah
Ayarlanabilir süper geniş paça pantolon,1590.0,Pantolon,Koyu Gri
Ayarlanabilir süper geniş paça pantolon,1590.0,Pantolon,Kahverengi
Dökümlü pantolon,1010.0,Pantolon,Koyu Gri
Dökümlü pantolon,1690.0,Pantolon,Siyah
Dökümlü pantolon,1690.0,Pantolon,Gri
Dökümlü pantolon,1690.0,Pantolon,Mor
Kırışık görünümlü straight fit pantolon,1190.0,Pantolon,Kahverengi
Kırışık görünümlü straight fit pantolon,1190.0,Pantolon,Siyah
Kırışık görünümlü straight fit pantolon,1190.0,Pantolon,Ekru
Kırışık görünümlü straight fit pantolon,1190.0,Pantolon,Haki
Ayarlanabilir süper geniş paça pantolon,1590.0,Pantolon,Krem rengi
Yumuşak dokulu dikiş detaylı geniş paça jogger pantolon,1590.0,Pantolon,Krem rengi
Yumuşak dokulu dikiş detaylı geniş paça jogger pantolon,1590.0,Pantolon,Siyah
Yumuşak dokulu dikiş detaylı geniş paça jogger pantolon,1590.0,Pantolon,Lacivert
Yumuşak dokulu dikiş detaylı geniş paça jogger pantolon,1590.0,Pantolon,Açık gri
Yumuşak dokulu dikiş detaylı geniş paça jogger pantolon,1590.0,Pantolon,Kahverengi
Dökümlü pareo pantolon,1490.0,Pantolon,Haki
Dökümlü pareo pantolon,1490.0,Pantolon,Krem rengi
Çizgili ketenli dökümlü pantolon,1190.0,Pantolon,Gri
Geniş paça jean,1790.0,Pantolon,Kahverengi
Geniş paça jean,1790.0,Pantolon,Siyah
Ayarlanabilir geniş paça pantolon,1590.0,Pantolon,Mavi
Ayarlanabilir geniş paça pantolon,1590.0,Pantolon,Ekru
Ayarlanabilir geniş paça pantolon,1590.0,Pantolon,Kahverengi
Pensli teknik şalvar pantolon,1590.0,Pantolon,Ekru
Dökümlü Sarong Pantolon,1490.0,Pantolon,Siyah
Ketenli pensli culotte pantolon,1490.0,Pantolon,Ekru
Cepli Klasik Pantolon,1490.0,Pantolon,Siyah
Cepli Klasik Pantolon,1490.0,Pantolon,Lacivert
Cepli Klasik Pantolon,1490.0,Pantolon,Koyu gri
Keten karışımlı şık şort,1190.0,Pantolon,Kahverengi
Keten karışımlı şık şort,1190.0,Pantolon,Ekru
Keten karışımlı şık şort,1190.0,Pantolon,Mavi
Mini şort,1190.0,Pantolon,Siyah
Saten dantelli şort,1190.0,Pantolon,Kahverengi
Kemerli saten yüzeyli şalvar pantolon,2490.0,Pantolon,Koyu yeşil
Geniş paça jogger pantolon,1090.0,Pantolon,Açık gri
Geniş paça jogger pantolon,1090.0,Pantolon,Siyah
Geniş paça jogger pantolon,1190.0,Pantolon,Ekru
Geniş paça jogger pantolon,1190.0,Pantolon,Koyu lacivert
Geniş paça jogger pantolon,1190.0,Pantolon,Kırmızı
Geniş paça jogger pantolon,1190.0,Pantolon,Mor
Geniş paça pantolon,2290.0,Pantolon,Krem rengi
Saten yüzeyli zincir detaylı pensli pantolon,1790.0,Pantolon,Ekru
Saten yüzeyli zincir detaylı pensli pantolon,1790.0,Pantolon,Açık sarı
Kemerli smart pantolon,1790.0,Pantolon,Siyah
Kemerli smart pantolon,1790.0,Pantolon,Koyu gri
Konumsal bol jogger pantolon,1690.0,Pantolon,Koyu Gri
Stoperli poplin barrel pantolon,1590.0,Pantolon,Haki
Stoperli poplin barrel pantolon,1590.0,Pantolon,Kahverengi
Balon stoperli jogger pantolon,1590.0,Pantolon,Açık gri
Balon pensli jogger,1590.0,Pantolon,Açık gri
Zımbalı sweatshirt pantolon,1590.0,Pantolon,Koyu gri
Balon kesim klasik pantolon,1590.0,Pantolon,Siyah
Balon kesim klasik pantolon,1590.0,Pantolon,Lacivert
Balon kesim klasik pantolon,1590.0,Pantolon,Kahverengi
Süper barrel jogger pantolon,1590.0,Pantolon,Lacivert
Süper barrel jogger pantolon,1590.0,Pantolon,Açık gri
Düz kesim ofis pantolonu,1590.0,Pantolon,Siyah
Düz kesim ofis pantolonu,1590.0,Pantolon,Koyu Gri
Tokalı detaylı geniş paça pantolon,1590.0,Pantolon,Kahverengi
Tokalı detaylı geniş paça pantolon,1590.0,Pantolon,Siyah
Tokalı detaylı geniş paça pantolon,1590.0,Pantolon,Lacivert
Tokalı detaylı geniş paça pantolon,1590.0,Pantolon,Açık mavi
Tokalı detaylı geniş paça pantolon,1590.0,Pantolon,Koyu kırmızı
"Balon jogger pantolon, katlamalı bel, yumuşak doku",1590.0,Pantolon,Siyah
"Balon jogger pantolon, katlamalı bel, yumuşak doku",1590.0,Pantolon,Koyu lacivert
"Balon jogger pantolon, katlamalı bel, yumuşak doku",1590.0,Pantolon,Açık gri
"Balon jogger pantolon, katlamalı bel, yumuşak doku",1590.0,Pantolon,Krem rengi
Kemerli dökümlü şort,1490.0,Pantolon,Kahverengi
Kemerli dökümlü şort,1490.0,Pantolon,Ekru
Kemerli dökümlü şort,1490.0,Pantolon,Koyu lacivert
Keten görünümlü culotte pantolon,1490.0,Pantolon,Kahverengi
Keten görünümlü culotte pantolon,1490.0,Pantolon,Siyah
Keten görünümlü culotte pantolon,1490.0,Pantolon,Ekru
Keten görünümlü culotte pantolon,1490.0,Pantolon,Krem rengi
Balon jogger pantolon,1490.0,Pantolon,Koyu lacivert
Balon jogger pantolon,1490.0,Pantolon,Siyah
Balon jogger pantolon,1490.0,Pantolon,Açık gri
Balon jogger pantolon,1490.0,Pantolon,Kahverengi
Balon jogger pantolon,1490.0,Pantolon,Bej
Çan Paça Tayt,1190.0,Pantolon,Koyu lacivert
Çan Paça Tayt,1190.0,Pantolon,Siyah
Çan Paça Tayt,1190.0,Pantolon,Açık gri
KEMERİ KATLANMIŞ FİLE PANTOLON,1090.0,Pantolon,Siyah
Mini şort,790.0,Pantolon,Koyu Gri
Mini şort,790.0,Pantolon,Kahverengi
Barrel kumaş pantolon,1790.0,Pantolon,Kahverengi
Barrel kumaş pantolon,1790.0,Pantolon,Krem rengi
Tokalı pensli şalvar pantolon,1790.0,Pantolon,Pembe
Zincir kemerli saten yüzeyli pensli pantolon,1790.0,Pantolon,Haki
Zincir kemerli saten yüzeyli pensli pantolon,1790.0,Pantolon,Lacivert
Yumuşak dokunuşlu pensli pantolon,1790.0,Pantolon,Bej
Yumuşak dokunuşlu pensli pantolon,1790.0,Pantolon,Siyah
Yumuşak dokunuşlu pensli pantolon,1790.0,Pantolon,Açık gri
Pensli barrel smart pantolon,1790.0,Pantolon,Koyu gri
Pensli barrel smart pantolon,1790.0,Pantolon,Siyah
Pensli barrel smart pantolon,1790.0,Pantolon,Lacivert
Pensli barrel smart pantolon,1790.0,Pantolon,Kahverengi
Teknik balon paraşüt pantolon,1590.0,Pantolon,Krem rengi
Dökümlü eşarp pantolon,1590.0,Pantolon,Krem rengi
Ayarlanabilir keten görünümlü wide paça pantolon,1590.0,Pantolon,Kahverengi
Ayarlanabilir keten görünümlü wide paça pantolon,1590.0,Pantolon,Ekru
Ayarlanabilir keten görünümlü wide paça pantolon,1590.0,Pantolon,Mavi
Balon jogger pantolon,1590.0,Pantolon,Koyu gri
Hacimli balon jogger,1590.0,Pantolon,Açık gri
Yıkanmış görünümlü straight jogger pantolon,1590.0,Pantolon,Koyu Gri
Yıkanmış görünümlü straight jogger pantolon,1590.0,Pantolon,Pembe
Yıkanmış görünümlü straight jogger pantolon,1590.0,Pantolon,Bej
Yumuşak dokulu dikiş detaylı düz paça jogger pantolon,1590.0,Pantolon,Siyah
Barrel jogger pantolon,1590.0,Pantolon,Lacivert
Barrel jogger pantolon,1590.0,Pantolon,Siyah
Barrel jogger pantolon,1590.0,Pantolon,Açık gri
Kırışık görünümlü dökümlü bağcıklı pantolon,1590.0,Pantolon,Kahverengi
Kırışık görünümlü dökümlü bağcıklı pantolon,1590.0,Pantolon,Lacivert
Kırışık görünümlü dökümlü bağcıklı pantolon,1590.0,Pantolon,Açık mavi
Metalik iplik detaylı dökümlü keten görünümlü pantolon,1190.0,Pantolon,Mavi
Metalik iplik detaylı dökümlü keten görünümlü pantolon,1190.0,Pantolon,Krem rengi
Liyosel şalvar pantolon,1190.0,Pantolon,Kahverengi
Liyosel şalvar pantolon,1190.0,Pantolon,Beyaz
Liyosel şalvar pantolon,1190.0,Pantolon,Haki
Şeritli jogger pantolon,1190.0,Pantolon,Lacivert
Şeritli jogger pantolon,1190.0,Pantolon,Siyah
Şeritli jogger pantolon,1190.0,Pantolon,Açık gri
Kapri pantolon,1090.0,Pantolon,Kahverengi
Kısa spor şort etek,1090.0,Pantolon,Siyah
Boyfriend jogger pantolon,990.0,Pantolon,Siyah
Boyfriend jogger pantolon,990.0,Pantolon,Açık gri
Yumuşak dokulu interlok jogger pantolon,950.0,Pantolon,Açık gri
Yumuşak dokulu interlok jogger pantolon,1590.0,Pantolon,Koyu Gri
Hacimli poplin pantolon,1590.0,Pantolon,Kahverengi
Poplin bloomer pantolon,1590.0,Pantolon,Ekru
Poplin bloomer pantolon,1590.0,Pantolon,Siyah
Çizgili elastik belli poplin şort,990.0,Pantolon,Açık mavi
Desenli dökümlü saten pantolon,1690.0,Pantolon,Koyu bej
Stoperli jogger pantolon,1590.0,Pantolon,Açık gri
Lastikli bel palazzo jogger pantolon,1590.0,Pantolon,Açık mavi
Lastikli bel palazzo jogger pantolon,1590.0,Pantolon,Siyah
Saten pensli bermuda,1490.0,Pantolon,Kahverengi
Dökümlü kruvaze pantolon,1590.0,Pantolon,Haki
Dökümlü tokalı pantolon,1790.0,Pantolon,Siyah
Teknik pantolon,1790.0,Pantolon,Lacivert
Saten görünümlü mini şort,1090.0,Pantolon,Lacivert
Mini teknik şort,1090.0,Pantolon,Krem rengi
Çıtçıtlı şalvar pantolon,1790.0,Pantolon,Haki
Geniş paça keten görünümlü pantolon,1490.0,Pantolon,Ekru
Geniş paça keten görünümlü pantolon,1490.0,Pantolon,Koyu lacivert
Yumuşak dokulu çan paça pantolon,1490.0,Pantolon,Siyah
Mini kumaş şort,1190.0,Pantolon,Siyah
Balon nakışlı pantolon,2290.0,Pantolon,Açık mavi
Kumaş jogger pantolon,1590.0,Pantolon,Kahverengi
Kumaş jogger pantolon,1590.0,Pantolon,Siyah
Balon saten yüzeyli şık pantolon,1790.0,Pantolon,Koyu lacivert
Balon saten yüzeyli şık pantolon,1790.0,Pantolon,Kahverengi
Çizgili geniş paça jogger pantolon,1190.0,Pantolon,Koyu lacivert
Kuşgözü detaylı jogger pantolon,1590.0,Pantolon,Lacivert
Yumuşak dokulu balon jogger pantolon,1490.0,Pantolon,Kahverengi
Yumuşak dokulu balon jogger pantolon,1490.0,Pantolon,Siyah
Çizgili bel detaylı smart pantolon,1790.0,Pantolon,Kahverengi
Cepli straight fit jean,1790.0,Pantolon,SOLUK EFEKTLİ ORTA MAVİ DENIM
Cepli straight fit jean,1790.0,Pantolon,SOLUK EFEKTLİ AÇIK MAVİ DENIM
Cepli straight fit jean,1790.0,Pantolon,SOLUK EFEKTLİ DESIZED DENIM
Konumsal yıkamalı jogger pantolon,1590.0,Pantolon,Bej
Yumuşak dokulu dikiş detaylı çan paça pantolon,1190.0,Pantolon,Açık gri
Yumuşak dokulu dikiş detaylı çan paça pantolon,1190.0,Pantolon,Siyah
Nervürlü örgü pantolon,1190.0,Pantolon,Koyu Gri
Nervürlü örgü pantolon,1190.0,Pantolon,Ekru
Nervürlü örgü pantolon,1190.0,Pantolon,Kahverengi
Nervürlü örgü pantolon,1190.0,Pantolon,Koyu bej
Biyeli geniş paça eşofman altı,1190.0,Pantolon,Lacivert
Biyeli geniş paça eşofman altı,1190.0,Pantolon,Bordo
Biyeli geniş paça eşofman altı,1190.0,Pantolon,Açık gri
"Pileli, bol kesim, ofis pantolonu",1490.0,Pantolon,Koyu gri
"Pileli, bol kesim, ofis pantolonu",1490.0,Pantolon,Siyah
"Pileli, bol kesim, ofis pantolonu",1490.0,Pantolon,Kahverengi
Keten Karışımlı Culotte Pantolon,1490.0,Pantolon,Kahverengi
Yumuşak dokunuşlu culotte pantolon,1490.0,Pantolon,Açık mavi
Yumuşak dokunuşlu culotte pantolon,1490.0,Pantolon,Siyah
Yumuşak dokunuşlu culotte pantolon,1490.0,Pantolon,Koyu lacivert
Püsküllü culotte pantolon,1590.0,Pantolon,Kahverengi
Yumuşak dokulu acid wash jogger pantolon,1690.0,Pantolon,Koyu Gri
Geniş paça klasik pantolon,1590.0,Pantolon,Koyu Gri
Pensli smart pantolon,1590.0,Pantolon,Ekru
Zımba detaylı jogger pantolon,1590.0,Pantolon,Siyah
Geniş belli palazzo pantolon,1190.0,Pantolon,Mor
Balon jean,1790.0,Pantolon > Barrel,SOLUK EFEKTLİ DESIZED DENIM
Balon jean,1790.0,Pantolon > Barrel,Ekru
Balon jean,1790.0,Pantolon > Barrel,SOLUK EFEKTLİ ORTA MAVİ DENIM
Yumuşak dökümlü balon pantolon,1590.0,Pantolon > Barrel,Koyu Gri
Yan şeritli teknik şort,1090.0,Pantolon > Şort,Açık sarı
Mücevher detaylı çapraz askılı atlet,1090.0,Tişört,Beyaz
Kısa kollu kayık yaka t-shirt,790.0,Tişört,Turkuaz
Kısa kollu kayık yaka t-shirt,790.0,Tişört,Siyah
Kısa kollu kayık yaka t-shirt,790.0,Tişört,Beyaz
Kısa kollu kayık yaka t-shirt,790.0,Tişört,Pembe
Kısa kollu kayık yaka t-shirt,790.0,Tişört,Açık gri
Kısa kollu kayık yaka t-shirt,790.0,Tişört,Açık sarı
Fitilli çapraz askılı t-shirt,490.0,Tişört,Turkuaz
Fitilli çapraz askılı t-shirt,490.0,Tişört,Siyah
Fitilli çapraz askılı t-shirt,490.0,Tişört,Beyaz
Fitilli çapraz askılı t-shirt,490.0,Tişört,Açık sarı
Fitilli çapraz askılı t-shirt,490.0,Tişört,Kahverengi
Basic regular fit kalın tişört,490.0,Tişört,Turkuaz
Basic regular fit kalın tişört,490.0,Tişört,Siyah
Basic regular fit kalın tişört,490.0,Tişört,Ekru
Basic regular fit kalın tişört,490.0,Tişört,Koyu lacivert
Basic regular fit kalın tişört,490.0,Tişört,Açık mavi
Basic regular fit kalın tişört,490.0,Tişört,Pembe
Basic regular fit kalın tişört,490.0,Tişört,Kahverengi
Basic regular fit kalın tişört,490.0,Tişört,Mor
B07 Fitilli askılı top,490.0,Tişört,Beyaz
B07 Fitilli askılı top,490.0,Tişört,Siyah
B07 Fitilli askılı top,490.0,Tişört,Açık mavi
B07 Fitilli askılı top,490.0,Tişört,Kahverengi
Düğmeli yelek,990.0,Tişört,Altın rengi
Düğmeli yelek,990.0,Tişört,Ekru
Düğmeli yelek,990.0,Tişört,Mavi
Düğmeli yelek,990.0,Tişört,Krem rengi
Düğmeli yelek,990.0,Tişört,Kahverengi
Basic dar kesim tişört,490.0,Tişört,Turkuaz
Basic dar kesim tişört,490.0,Tişört,Siyah
Basic dar kesim tişört,490.0,Tişört,Beyaz
Basic dar kesim tişört,490.0,Tişört,Açık gri
Puantiye desenli halter top,790.0,Tişört,Ekru
Puantiye desenli halter top,790.0,Tişört,Kahverengi
Snoopy muz desenli t-shirt,1090.0,Tişört,Açık sarı
Çift katmanlı kısa kollu polo t-shirt,1090.0,Tişört,Lacivert
Çift katmanlı kısa kollu polo t-shirt,1090.0,Tişört,Beyaz
Çift katmanlı kısa kollu polo t-shirt,1090.0,Tişört,Ekru
"Çizgili, heavy weight, regular fit basic tişört",490.0,Tişört,Kahverengi
"Çizgili, heavy weight, regular fit basic tişört",490.0,Tişört,Ekru
"Çizgili, heavy weight, regular fit basic tişört",490.0,Tişört,Koyu mavi
"Çizgili, heavy weight, regular fit basic tişört",490.0,Tişört,Pembe
Yumuşak dokunuşlu regular basic tişört,590.0,Tişört,Beyaz
Yumuşak dokunuşlu regular basic tişört,590.0,Tişört,Siyah
Yumuşak dokunuşlu regular basic tişört,590.0,Tişört,Açık mavi
Yumuşak dokunuşlu regular basic tişört,590.0,Tişört,Açık sarı
Yumuşak dokunuşlu regular basic tişört,590.0,Tişört,Kahverengi
Kısa kollu dantelli etek ucu t-shirt,990.0,Tişört,Siyah
Kısa kollu dantelli etek ucu t-shirt,990.0,Tişört,Beyaz
Kısa kollu dantelli etek ucu t-shirt,990.0,Tişört,Pembe
Floklu qipao tarzı t-shirt,990.0,Tişört,Siyah
Floklu qipao tarzı t-shirt,990.0,Tişört,Ekru
Floklu qipao tarzı t-shirt,990.0,Tişört,Kahverengi
Puantiye desenli crop t-shirt,350.0,Tişört,Ekru
Büzgülü uzun kollu tişört,350.0,Tişört,Ekru
Büzgülü uzun kollu tişört,590.0,Tişört,Siyah
Büzgülü uzun kollu tişört,590.0,Tişört,Koyu mavi
Büzgülü uzun kollu tişört,350.0,Tişört,Koyu kırmızı
Büzgülü uzun kollu tişört,590.0,Tişört,Kahverengi
Büzgülü uzun kollu tişört,590.0,Tişört,Mor
Basic yarasa kollu t-shirt,790.0,Tişört,Siyah
Basic yarasa kollu t-shirt,790.0,Tişört,Ekru
Basic yarasa kollu t-shirt,790.0,Tişört,Krem rengi
Basic yarasa kollu t-shirt,790.0,Tişört,Koyu yeşil
Basic uzun kollu pamuklu tişört,350.0,Tişört,Siyah
Basic uzun kollu pamuklu tişört,350.0,Tişört,Beyaz
Çift asimetrik t-shirt,990.0,Tişört,Açık gri
Çift asimetrik t-shirt,990.0,Tişört,Koyu Gri
Çift asimetrik t-shirt,990.0,Tişört,Kahverengi
Basic dikişsiz polo t-shirt,790.0,Tişört,Koyu lacivert
Basic dikişsiz polo t-shirt,790.0,Tişört,Beyaz
Basic dikişsiz polo t-shirt,790.0,Tişört,Açık mavi
Basic dikişsiz polo t-shirt,790.0,Tişört,Açık sarı
Asimetrik metal tokalı t-shirt,590.0,Tişört,Siyah
Asimetrik metal tokalı t-shirt,590.0,Tişört,Ekru
Asimetrik metal tokalı t-shirt,590.0,Tişört,Açık mavi
Asimetrik metal tokalı t-shirt,990.0,Tişört,Mor
Büzgülü tül t-shirt,790.0,Tişört,Pembe
Büzgülü tül t-shirt,790.0,Tişört,Siyah
Büzgülü tül t-shirt,790.0,Tişört,Koyu mavi
Büzgülü tül t-shirt,790.0,Tişört,Kahverengi
Basic uzun kollu tişört,590.0,Tişört,Siyah
Basic uzun kollu tişört,590.0,Tişört,Ekru
Basic uzun kollu tişört,590.0,Tişört,Kırmızı
Basic uzun kollu tişört,590.0,Tişört,Pembe
Basic uzun kollu tişört,590.0,Tişört,Kahverengi
Basic uzun kollu tişört,590.0,Tişört,Krem rengi
Basic uzun kollu tişört,590.0,Tişört,Mor
Dantel detaylı kısa kollu V yaka t-shirt,790.0,Tişört,Kahverengi
Dantel detaylı kısa kollu V yaka t-shirt,790.0,Tişört,Siyah
Dantel detaylı kısa kollu V yaka t-shirt,790.0,Tişört,Ekru
Dantel detaylı kısa kollu V yaka t-shirt,790.0,Tişört,Pembe
Yarasa kollu t-shirt,790.0,Tişört,Siyah
Yarasa kollu t-shirt,790.0,Tişört,Beyaz
Yarasa kollu t-shirt,790.0,Tişört,Açık mavi
Yarasa kollu t-shirt,790.0,Tişört,Açık pembe
Yarasa kollu t-shirt,790.0,Tişört,Kahverengi
Modal asimetrik tişört,790.0,Tişört,Siyah
Modal asimetrik tişört,790.0,Tişört,Ekru
Modal asimetrik tişört,790.0,Tişört,Koyu mavi
Modal asimetrik tişört,790.0,Tişört,Kahverengi
Modal asimetrik tişört,790.0,Tişört,Mor
Rustik pelerin görünümlü t-shirt,990.0,Tişört,Kahverengi
Rustik pelerin görünümlü t-shirt,990.0,Tişört,Ekru
Rustik pelerin görünümlü t-shirt,990.0,Tişört,Açık sarı
Yumuşak dokulu kısa kollu t-shirt,990.0,Tişört,Lacivert
Yumuşak dokulu kısa kollu t-shirt,990.0,Tişört,Siyah
Yumuşak dokulu kısa kollu t-shirt,990.0,Tişört,Kahverengi
Yumuşak dokulu kısa kollu t-shirt,990.0,Tişört,Krem rengi
Basic dar kesim çizgili t-shirt,490.0,Tişört,Açık sarı
Basic dar kesim çizgili t-shirt,490.0,Tişört,Açık mavi
Kalın askılı poliamid t-shirt,590.0,Tişört,Ekru
Kalın askılı poliamid t-shirt,590.0,Tişört,Siyah
Kalın askılı poliamid t-shirt,590.0,Tişört,Lacivert
Kalın askılı poliamid t-shirt,590.0,Tişört,Açık mavi
Kalın askılı poliamid t-shirt,590.0,Tişört,Krem rengi
Basic fitted büzgülü t-shirt,590.0,Tişört,Kahverengi
Basic fitted büzgülü t-shirt,590.0,Tişört,Siyah
Basic fitted büzgülü t-shirt,590.0,Tişört,Ekru
Basic fitted büzgülü t-shirt,590.0,Tişört,Koyu mavi
Çok yönlü kolsuz t-shirt,790.0,Tişört,SOLUK EFEKTLİ GRİ DENIM
Çok yönlü kolsuz t-shirt,790.0,Tişört,Siyah
Çok yönlü kolsuz t-shirt,790.0,Tişört,Ekru
Çok yönlü kolsuz t-shirt,790.0,Tişört,Açık pembe
V yaka t-shirt kuşaklı,790.0,Tişört,Ekru
V yaka t-shirt kuşaklı,790.0,Tişört,Siyah
V yaka t-shirt kuşaklı,790.0,Tişört,Pembe
V yaka t-shirt kuşaklı,790.0,Tişört,Kahverengi
Basic vatkalı t-shirt,790.0,Tişört,Beyaz
Basic vatkalı t-shirt,790.0,Tişört,Siyah
Basic vatkalı t-shirt,790.0,Tişört,Koyu lacivert
Basic vatkalı t-shirt,790.0,Tişört,Açık sarı
Asimetrik yakalı tişört,790.0,Tişört,Lacivert
Asimetrik yakalı tişört,790.0,Tişört,Siyah
Asimetrik yakalı tişört,790.0,Tişört,Ekru
Asimetrik yakalı tişört,790.0,Tişört,Bordo
Asimetrik yakalı tişört,790.0,Tişört,Koyu gri
Asimetrik yakalı tişört,790.0,Tişört,Kahverengi
Çizgili uzun kollu t-shirt,1090.0,Tişört,Açık gri
Çizgili uzun kollu t-shirt,1090.0,Tişört,Ekru
Çizgili uzun kollu t-shirt,1090.0,Tişört,Açık mavi
Dik yaka kolsuz t-shirt,490.0,Tişört,Beyaz
Dik yaka kolsuz t-shirt,490.0,Tişört,Siyah
Dik yaka kolsuz t-shirt,490.0,Tişört,Pembe
Dik yaka kolsuz t-shirt,490.0,Tişört,Kahverengi
Düğmeli asimetrik t-shirt,990.0,Tişört,Ekru
Düğmeli asimetrik t-shirt,990.0,Tişört,Koyu gri
Düğmeli asimetrik t-shirt,990.0,Tişört,Kahverengi
Kısa kollu V yaka t-shirt,550.0,Tişört,Beyaz
Kısa kollu V yaka t-shirt,550.0,Tişört,Siyah
Kısa kollu V yaka t-shirt,550.0,Tişört,Açık sarı
Kısa kollu V yaka t-shirt,550.0,Tişört,Koyu yeşil
Kısa kollu oversize t-shirt,550.0,Tişört,Siyah
Kısa kollu oversize t-shirt,550.0,Tişört,Beyaz
Kısa kollu oversize t-shirt,550.0,Tişört,Açık mavi
Kısa kollu oversize t-shirt,550.0,Tişört,Açık pembe
Kısa kollu oversize t-shirt,550.0,Tişört,Kahverengi
Japon kısa kollu t-shirt,790.0,Tişört,Açık pembe
Japon kısa kollu t-shirt,790.0,Tişört,Beyaz
Japon kısa kollu t-shirt,790.0,Tişört,Açık sarı
Japon kısa kollu t-shirt,790.0,Tişört,SOLUK EFEKTLİ GRİ DENIM
Çift katmanlı t-shirt,790.0,Tişört,Açık sarı
Çift katmanlı t-shirt,790.0,Tişört,Lacivert
Çift katmanlı t-shirt,790.0,Tişört,Açık gri
Çizgili kısa kollu t-shirt,790.0,Tişört,Pembe
Çizgili kısa kollu t-shirt,790.0,Tişört,Açık mavi
Çizgili kısa kollu t-shirt,790.0,Tişört,Açık sarı
Büzgülü uzun kollu t-shirt,790.0,Tişört,Beyaz
Büzgülü uzun kollu t-shirt,790.0,Tişört,Siyah
Düğmeli t-shirt,790.0,Tişört,Kahverengi
Düğmeli t-shirt,790.0,Tişört,Siyah
Düğmeli t-shirt,790.0,Tişört,Beyaz
Düğmeli t-shirt,790.0,Tişört,Lacivert
Düğmeli t-shirt,790.0,Tişört,Bordo
Kuşak detaylı kayık yaka triko t-shirt,1090.0,Tişört,Krem rengi
Kuşak detaylı kayık yaka triko t-shirt,1090.0,Tişört,Siyah
Kuşak detaylı kayık yaka triko t-shirt,1090.0,Tişört,Kahverengi
Çizgili basic uzun kollu pamuklu t-shirt,350.0,Tişört,Koyu mavi
Asimetrik çift katmanlı uzun kollu t-shirt,990.0,Tişört,Kahverengi
B06 Düşük omuz basic t-shirt,790.0,Tişört,Kahverengi
B06 Düşük omuz basic t-shirt,790.0,Tişört,Siyah
B06 Düşük omuz basic t-shirt,790.0,Tişört,Ekru
B06 Düşük omuz basic t-shirt,790.0,Tişört,Pembe
İki malzemeli örgü tişört,1590.0,Tişört,Ekru
İki malzemeli örgü tişört,1590.0,Tişört,Kahverengi
Çapraz askılı atlet,590.0,Tişört,Ekru
Çapraz askılı atlet,590.0,Tişört,Açık pembe
Çapraz askılı atlet,590.0,Tişört,Açık sarı
Basic geniş yaka tişört,590.0,Tişört,Açık sarı
Basic geniş yaka tişört,590.0,Tişört,Siyah
Basic geniş yaka tişört,590.0,Tişört,Ekru
Basic geniş yaka tişört,590.0,Tişört,Koyu lacivert
Basic geniş yaka tişört,590.0,Tişört,Pembe
Basic kolsuz tişört,550.0,Tişört,Açık mavi
Basic kolsuz tişört,550.0,Tişört,Siyah
Basic kolsuz tişört,550.0,Tişört,Beyaz
Basic kolsuz tişört,550.0,Tişört,Lacivert
Basic kolsuz tişört,550.0,Tişört,Kırmızı
Basic kolsuz tişört,550.0,Tişört,Pembe
Basic kolsuz tişört,550.0,Tişört,Kahverengi
Sweety kısa kollu bisiklet yaka t-shirt,1190.0,Tişört,Pembe
Kruvaze dantel t-shirt,1190.0,Tişört,Açık mavi
Asimetrik t-shirt zımbalı,1090.0,Tişört,Siyah
Asimetrik t-shirt zımbalı,1090.0,Tişört,Koyu gri
Asimetrik t-shirt zımbalı,1090.0,Tişört,Kahverengi
Çift konumlu t-shirt,1090.0,Tişört,Bej
Yumuşak dokulu oversize tişört,1090.0,Tişört,Ekru
Yumuşak dokulu oversize tişört,1090.0,Tişört,Siyah
Yumuşak dokulu oversize tişört,1090.0,Tişört,Koyu lacivert
Yumuşak dokulu oversize tişört,1090.0,Tişört,Açık mavi
Çift kontrastlı t-shirt,990.0,Tişört,Ekru
Asimetrik zımbalı t-shirt,990.0,Tişört,Siyah
Asimetrik zımbalı t-shirt,990.0,Tişört,Ekru
Asimetrik zımbalı t-shirt,990.0,Tişört,Kahverengi
Yanları büzgülü kısa kollu t-shirt,990.0,Tişört,Açık mavi
Yanları büzgülü kısa kollu t-shirt,990.0,Tişört,Beyaz
Yanları büzgülü kısa kollu t-shirt,990.0,Tişört,Kahverengi
Büzgülü body,990.0,Tişört,Kahverengi
Büzgülü body,990.0,Tişört,Siyah
Büzgülü body,990.0,Tişört,Ekru
Kısa kollu KEWPIE t-shirt,990.0,Tişört,Beyaz
Asimetrik çizgili tişört,990.0,Tişört,Lacivert
Çift uzun kollu çıtçıt düğmeli t-shirt,990.0,Tişört,Açık gri
Çift fermuarlı tişört,990.0,Tişört,Kahverengi
Çift fermuarlı tişört,990.0,Tişört,Siyah
Dantelli dikişsiz tişört,990.0,Tişört,Pembe
Dantelli dikişsiz tişört,990.0,Tişört,Siyah
Dantelli dikişsiz tişört,990.0,Tişört,Ekru
Dantelli dikişsiz tişört,990.0,Tişört,Kahverengi
Dantelli dikişsiz tişört,990.0,Tişört,Mor
Dikişsiz polo tişört,990.0,Tişört,Siyah
Dikişsiz polo tişört,990.0,Tişört,Ekru
Dikişsiz polo tişört,990.0,Tişört,Kahverengi
Kısa kollu kontrast baskılı t-shirt,790.0,Tişört,Açık mavi
Basic regular pamuklu tişört,790.0,Tişört,Krem rengi
Basic regular pamuklu tişört,790.0,Tişört,Ekru
Basic regular pamuklu tişört,790.0,Tişört,Kahverengi
Çift katlı t-shirt,790.0,Tişört,Ekru
Çift katlı t-shirt,790.0,Tişört,Açık gri
Büzgülü asimetrik t-shirt,790.0,Tişört,Koyu gri
Büzgülü asimetrik t-shirt,790.0,Tişört,Siyah
Büzgülü asimetrik t-shirt,790.0,Tişört,Kahverengi
Kuşaklı kayık yaka uzun kollu t-shirt,790.0,Tişört,Ekru
Kuşaklı kayık yaka uzun kollu t-shirt,790.0,Tişört,Siyah
Uzun kollu fitilli t-shirt,790.0,Tişört,Ekru
Uzun kollu fitilli t-shirt,790.0,Tişört,Kahverengi
Oversize crop t-shirt,790.0,Tişört,Koyu lacivert
Basic dik yaka tişört,590.0,Tişört,Kahverengi
Basic dik yaka tişört,590.0,Tişört,Siyah
Basic dik yaka tişört,590.0,Tişört,Ekru
basic kısa kollu bisiklet yaka t-shirt,550.0,Tişört,Açık sarı
basic kısa kollu bisiklet yaka t-shirt,550.0,Tişört,Beyaz
basic kısa kollu bisiklet yaka t-shirt,550.0,Tişört,Kahverengi
Fitilli pamuklu çapraz askılı tişört,490.0,Tişört,Açık gri
Kolsuz file body,790.0,Tişört,Siyah
"Çizgili, uzun kollu, basic t-shirt",590.0,Tişört,Ekru
Oversize uzun kollu çizgili t-shirt,990.0,Tişört,Açık mavi
Oversize uzun kollu çizgili t-shirt,990.0,Tişört,Bordo
Boxy kısa kollu t-shirt,990.0,Tişört,Açık mavi
Boxy kısa kollu t-shirt,990.0,Tişört,Ekru
One Dilemma parıltılı kısa kollu kayık yaka t-shirt,990.0,Tişört,Siyah
One Dilemma parıltılı kısa kollu kayık yaka t-shirt,990.0,Tişört,Beyaz
Beyzbol t-shirt,590.0,Tişört,Açık mavi
Dantelli grafik detaylı fitted t-shirt,990.0,Tişört,Ekru
Oversize grafik detaylı dantel t-shirt,1090.0,Tişört,Ekru
Çizgili bel bantlı uzun kollu kayık yaka t-shirt,790.0,Tişört,Kahverengi
Çizgili bel bantlı uzun kollu kayık yaka t-shirt,790.0,Tişört,Lacivert
Kısa kollu muz t-shirt,790.0,Tişört,Kahverengi
Çizgili mini kollu basic t-shirt,350.0,Tişört,Pembe
Ecocell çift katmanlı t-shirt,990.0,Tişört,Siyah
Ecocell çift katmanlı t-shirt,990.0,Tişört,Beyaz
Basic dar kesim crop t-shirt,350.0,Tişört,Koyu lacivert
Basic dar kesim crop t-shirt,350.0,Tişört,Siyah
Basic dar kesim crop t-shirt,350.0,Tişört,Beyaz
Konumlandırılmış kısa kollu t-shirt,590.0,Tişört,Beyaz
Bugs Bunny dantelli t-shirt,1490.0,Tişört,Ekru
Bugs Bunny kısa kollu t-shirt,990.0,Tişört,Açık gri
"Kısa kollu, kayık yaka, büzgülü t-shirt",590.0,Tişört,Kahverengi
"Kısa kollu, kayık yaka, büzgülü t-shirt",590.0,Tişört,Beyaz
Uzun kollu bindirmeli t-shirt,990.0,Tişört,Gri
Çift katlı kısa kollu t-shirt,790.0,Tişört,Açık pembe
Çift katlı kısa kollu t-shirt,790.0,Tişört,Beyaz
Çift katlı kısa kollu t-shirt,790.0,Tişört,Kahverengi
Çizgili rustik pelerin t-shirt,990.0,Tişört,Krem rengi
"Uzun kollu, yumuşak dokulu normal t-shirt",790.0,Tişört,Açık gri
Dantelli uzun kollu t-shirt,1490.0,Tişört,Açık mavi
Asimetrik yumuşak t-shirt,1490.0,Tişört,Koyu Gri
Kısa kollu kayık yaka t-shirt,790.0,Tişört,Koyu lacivert
Grafik detaylı kısa kollu t-shirt,990.0,Tişört,Lacivert
Grafik ve aplikeli kısa kollu t-shirt,1090.0,Tişört,Lacivert
Grafik ve aplikeli kısa kollu t-shirt,1090.0,Tişört,Açık mavi
Yazı baskılı kayık yaka t-shirt,650.0,Tişört,Kırmızı
Çift melek desenli t-shirt,990.0,Tişört,Ekru
Çizgili baskılı kısa kollu t-shirt,990.0,Tişört,Lacivert
Çizgili baskılı kısa kollu t-shirt,990.0,Tişört,Kırmızı
Çizgili basic uzun kollu pamuklu tişört,590.0,Tişört,Mor
Halter yaka uzun kollu t-shirt,990.0,Tişört,Kahverengi
Halter yaka uzun kollu t-shirt,990.0,Tişört,Siyah
Halter yaka uzun kollu t-shirt,990.0,Tişört,Açık gri
Çoklu pozisyon t-shirt,990.0,Tişört,Açık mavi
Çıtçıt detaylı v yaka t-shirt,1090.0,Tişört,Koyu gri
Baskılı yarasa kollu t-shirt,790.0,Tişört,Lacivert
Oversize baskılı t-shirt,990.0,Tişört,Siyah
Basic vatkalı çizgili t-shirt,790.0,Tişört,Siyah
Poliamid uzun kollu t-shirt,790.0,Tişört,Kahverengi
Poliamid uzun kollu t-shirt,790.0,Tişört,Siyah
Poliamid uzun kollu t-shirt,790.0,Tişört,Beyaz
Zımba işlemeli kolsuz t-shirt,1090.0,Tişört,Ekru
Zımba işlemeli kolsuz t-shirt,1090.0,Tişört,Kahverengi
Baskılı kayık yaka t-shirt,990.0,Tişört,Açık mavi
Asimetrik tül t-shirt,990.0,Tişört,Kahverengi
Asimetrik tül t-shirt,990.0,Tişört,Siyah
Asimetrik tül t-shirt,990.0,Tişört,Mor
Metal delikli asimetrik tişört,1090.0,Tişört,Ekru
Metal delikli asimetrik tişört,1090.0,Tişört,Siyah
Metal delikli asimetrik tişört,1090.0,Tişört,Kahverengi
Asimetrik şeffaf body,1090.0,Tişört,Siyah
Zımbalı yıldız t-shirt,1490.0,Tişört,Koyu gri
Zımba detaylı kayık yaka t-shirt,990.0,Tişört,Koyu gri
Basic poliamid t-shirt,590.0,Tişört,Bej
Basic poliamid t-shirt,590.0,Tişört,Siyah
Basic poliamid t-shirt,590.0,Tişört,Beyaz
Basic poliamid t-shirt,590.0,Tişört,Pembe
Kafein crop t-shirt,990.0,Tişört,Siyah
Çizgili geniş yaka tişört,990.0,Tişört,Koyu gri
Basic Kloş Kollu Tişört,790.0,Tişört,Kahverengi
Büzgülü çizgili açık omuz bluz,1090.0,Tişört,Koyu gri
Çift fermuarlı tişört,1090.0,Tişört,Ekru
Bisiklet Yaka Örme Tişört,1190.0,Tişört,Koyu Gri
Bisiklet Yaka Örme Tişört,1190.0,Tişört,Ekru
Bisiklet Yaka Örme Tişört,1190.0,Tişört,Kahverengi
Oversize çizgili polo tişört,1190.0,Tişört,Koyu gri
Dikişsiz kare yaka t-shirt,990.0,Tişört,Sarı
Asimetrik kolsuz zımbalı bluz,990.0,Tişört > Asimetrik,Kahverengi
Asimetrik dantel büstiyer,1490.0,Tişört > Asimetrik,Kahverengi
Asimetrik dantel büstiyer,1490.0,Tişört > Asimetrik,Siyah
Asimetrik dantel büstiyer,1490.0,Tişört > Asimetrik,Ekru
Asimetrik desenli tül t-shirt,990.0,Tişört > Asimetrik,Koyu bej
Dantelli askılı bluz,790.0,Tişört > STR Teen,Açık mavi
Halter yaka t-shirt,590.0,Tişört > STR Teen,Beyaz
Halter yaka t-shirt,590.0,Tişört > STR Teen,Siyah
Halter yaka t-shirt,590.0,Tişört > STR Teen,Açık sarı
Halter yaka t-shirt,590.0,Tişört > STR Teen,Kahverengi
Halter yaka t-shirt,590.0,Tişört > STR Teen,SOLUK EFEKTLİ GRİ DENIM
Yanları büzgülü dantel top,1190.0,Tişört > STR Teen,Açık mavi
Dantel detaylı askılı body,990.0,Tişört > STR Teen,Açık sarı
Basic bandeau,490.0,Tişört > STR Teen,Kahverengi
Basic bandeau,490.0,Tişört > STR Teen,Siyah
Basic bandeau,490.0,Tişört > STR Teen,Beyaz
Basic bandeau,490.0,Tişört > STR Teen,Açık sarı
Askılı saten top,1190.0,Tişört > STR Teen,Altın rengi
Boxy uzun kollu t-shirt,790.0,Tişört > STR Teen,Beyaz
Poliamid askılı üst,490.0,Tişört > STR Teen,Ekru
Poliamid askılı üst,490.0,Tişört > STR Teen,Siyah
Poliamid askılı üst,490.0,Tişört > STR Teen,Altın rengi
Poliamid askılı üst,490.0,Tişört > STR Teen,Kahverengi
Büzgülü açık omuzlu t-shirt,920.0,Tişört > STR Teen,Kahverengi
Poliamid tişört,590.0,Tişört > STR Teen,Siyah
Poliamid tişört,590.0,Tişört > STR Teen,Ekru
Poliamid tişört,590.0,Tişört > STR Teen,Kahverengi
Kalın askılı t-shirt,590.0,Tişört > STR Teen,Siyah
Kalın askılı t-shirt,590.0,Tişört > STR Teen,Beyaz
Kalın askılı t-shirt,590.0,Tişört > STR Teen,Açık pembe
Kalın askılı t-shirt,590.0,Tişört > STR Teen,Açık sarı
Kalın askılı t-shirt,590.0,Tişört > STR Teen,Kahverengi
D80 barrel fit jean,1790.0,Jean,SOLUK EFEKTLİ AÇIK ORTA MAVİ DENIM
D80 barrel fit jean,1790.0,Jean,SOLUK EFEKTLİ ORTA MAVİ DENIM
D80 barrel fit jean,1790.0,Jean,SOLUK EFEKTLİ PARÇA BOYAMA DENIM
D68 kemerli bootcut jean,1790.0,Jean,SOLUK EFEKTLİ ORTA MAVİ DENIM
D68 kemerli bootcut jean,1790.0,Jean,SOLUK EFEKTLİ AÇIK ORTA MAVİ DENIM
D92 straight geniş paça jean,1690.0,Jean,Beyaz
D92 straight geniş paça jean,1690.0,Jean,Siyah
D92 straight geniş paça jean,1690.0,Jean,Ekru
D92 straight geniş paça jean,1690.0,Jean,Kahverengi
D98 Straight fit Kot Pantolon,1590.0,Jean,SOLUK EFEKTLİ AÇIK ORTA MAVİ DENIM
D98 Straight fit Kot Pantolon,1590.0,Jean,SOLUK EFEKTLİ AÇIK MAVİ DENIM
D98 Straight fit Kot Pantolon,1590.0,Jean,SOLUK EFEKTLİ ORTA MAVİ DENIM
D98 Straight fit Kot Pantolon,1590.0,Jean,SOLUK EFEKTLİ GRİ DENIM
D98 Straight fit Kot Pantolon,1590.0,Jean,SOLUK EFEKTLİ KOYU GRİ DENIM
D98 Straight fit Kot Pantolon,1590.0,Jean,SOLUK EFEKTLİ SİYAH DENIM
D92 straight fit geniş paça jean,1690.0,Jean,SOLUK EFEKTLİ PARÇA BOYAMA DENIM
D92 straight fit geniş paça jean,1690.0,Jean,Koyu lacivert
D92 straight fit geniş paça jean,1690.0,Jean,Kahverengi
D92 straight fit geniş paça jean,1690.0,Jean,SOLUK EFEKTLİ AÇIK MAVİ DENIM
D92 straight fit geniş paça jean,1690.0,Jean,SOLUK EFEKTLİ DESIZED DENIM
D92 straight fit geniş paça jean,1690.0,Jean,SOLUK EFEKTLİ İNCİ GRİSİ DENIM
D92 straight fit geniş paça jean,1690.0,Jean,SOLUK EFEKTLİ KOYU GRİ DENIM
D92 straight fit geniş paça jean,1690.0,Jean,SOLUK EFEKTLİ SİYAH DENIM
D92 straight fit geniş paça jean,1690.0,Jean,SOLUK EFEKTLİ AÇIK ORTA MAVİ DENIM
D92 straight fit geniş paça jean,1690.0,Jean,SOLUK EFEKTLİ GRİ DENIM
D92 straight fit geniş paça jean,1690.0,Jean,SOLUK EFEKTLİ ORTA MAVİ DENIM
Lazer çiçek desenli straight fit jean,2290.0,Jean,SOLUK EFEKTLİ ORTA MAVİ DENIM
D74 yırtmaçlı çan paça jean,1590.0,Jean,SOLUK EFEKTLİ ORTA MAVİ DENIM
D74 yırtmaçlı çan paça jean,1590.0,Jean,SOLUK EFEKTLİ AÇIK MAVİ DENIM
D74 yırtmaçlı çan paça jean,1590.0,Jean,SOLUK EFEKTLİ AÇIK ORTA MAVİ DENIM
D74 yırtmaçlı çan paça jean,1590.0,Jean,SOLUK EFEKTLİ DESIZED DENIM
D74 yırtmaçlı çan paça jean,1590.0,Jean,SOLUK EFEKTLİ GRİ DENIM
D74 yırtmaçlı çan paça jean,1590.0,Jean,SOLUK EFEKTLİ SİYAH DESIZED
D74 yırtmaçlı esnek çan paça jean,1590.0,Jean,SOLUK EFEKTLİ AÇIK MAVİ DENIM
Yıldız detaylı düşük bel geniş paça jean,2290.0,Jean,SOLUK EFEKTLİ PARÇA BOYAMA DENIM
Yıldız detaylı düşük bel geniş paça jean,2290.0,Jean,SOLUK EFEKTLİ AÇIK ORTA MAVİ DENIM
Düşük bel straight fit çekiç belli jean,1790.0,Jean,SOLUK EFEKTLİ ORTA MAVİ DENIM
Düşük bel straight fit çekiç belli jean,1790.0,Jean,SOLUK EFEKTLİ AÇIK ORTA MAVİ DENIM
Düşük bel straight fit çekiç belli jean,1790.0,Jean,SOLUK EFEKTLİ AÇIK MAVİ DENIM
Parlak detaylı straight fit jean,2490.0,Jean,SOLUK EFEKTLİ ORTA MAVİ DENIM
D91 Düşük Bel Geniş Paça Jean,1690.0,Jean,SOLUK EFEKTLİ ORTA MAVİ DENIM
D91 Düşük Bel Geniş Paça Jean,1690.0,Jean,SOLUK EFEKTLİ AÇIK MAVİ DENIM
D91 Düşük Bel Geniş Paça Jean,1690.0,Jean,SOLUK EFEKTLİ AÇIK ORTA MAVİ DENIM
D91 Düşük Bel Geniş Paça Jean,1690.0,Jean,SOLUK EFEKTLİ PARÇA BOYAMA DENIM
D91 Düşük Bel Geniş Paça Jean,1690.0,Jean,SOLUK EFEKTLİ İNCİ GRİSİ DENIM
D91 Düşük Bel Geniş Paça Jean,1690.0,Jean,SOLUK EFEKTLİ GRİ DENIM
D91 Düşük Bel Geniş Paça Jean,1690.0,Jean,SOLUK EFEKTLİ SİYAH DENIM
D91 Düşük Bel Geniş Paça Jean,1690.0,Jean,SOLUK EFEKTLİ DESIZED DENIM
D04 Düşük Bel Çan Paça Jean,1790.0,Jean,SOLUK EFEKTLİ ORTA MAVİ DENIM
D04 Düşük Bel Çan Paça Jean,1790.0,Jean,SOLUK EFEKTLİ AÇIK ORTA MAVİ DENIM
Super yüksek bel,1190.0,Jean,Siyah
D80 Barrel fit jean,1790.0,Jean,Beyaz
D74 Yırtmaçlı Çan Paça,1590.0,Jean,Beyaz
Düşük bel parlak taşlı straight fit jean One Dilemma,4990.0,Jean,SOLUK EFEKTLİ PARÇA BOYAMA DENIM
Düşük bel zımbalı straight fit One Dilemma jean,3990.0,Jean,SOLUK EFEKTLİ SİYAH DENIM
D77 minimal cepli jean,1790.0,Jean,SOLUK EFEKTLİ İNCİ GRİSİ DENIM
D77 minimal cepli jean,1790.0,Jean,SOLUK EFEKTLİ AÇIK ORTA MAVİ DENIM
D77 minimal cepli jean,1790.0,Jean,SOLUK EFEKTLİ DESIZED DENIM
D77 minimal cepli jean,1790.0,Jean,SOLUK EFEKTLİ PARÇA BOYAMA DENIM
D77 minimal cepli jean,1790.0,Jean,SOLUK EFEKTLİ SİYAH DENIM
D14 comfort dar kesim jean,1490.0,Jean,SOLUK EFEKTLİ AÇIK MAVİ DENIM
D14 comfort dar kesim jean,1490.0,Jean,SOLUK EFEKTLİ AÇIK ORTA MAVİ DENIM
D14 comfort dar kesim jean,1490.0,Jean,SOLUK EFEKTLİ SİYAH DENIM
D67 dar kesim bootcut jean,1590.0,Jean,SOLUK EFEKTLİ AÇIK ORTA MAVİ DENIM
D67 dar kesim bootcut jean,1590.0,Jean,SOLUK EFEKTLİ AÇIK MAVİ DENIM
D67 dar kesim bootcut jean,1590.0,Jean,SOLUK EFEKTLİ DESIZED DENIM
D67 dar kesim bootcut jean,1590.0,Jean,SOLUK EFEKTLİ ORTA MAVİ DENIM
Düşük bel barrel jean,1790.0,Jean,SOLUK EFEKTLİ AÇIK ORTA MAVİ DENIM
Düşük bel bootcut kesim kot pantolon,1590.0,Jean,SOLUK EFEKTLİ AÇIK ORTA MAVİ DENIM
Düşük bel bootcut kesim kot pantolon,1590.0,Jean,SOLUK EFEKTLİ SİYAH DENIM
Geniş paça düşük bel zımbalı jean,2290.0,Jean,SOLUK EFEKTLİ AÇIK ORTA MAVİ DENIM
D09 süper yüksek bel skinny jean,1190.0,Jean,SOLUK EFEKTLİ AÇIK MAVİ DENIM
D09 süper yüksek bel skinny jean,1190.0,Jean,SOLUK EFEKTLİ ORTA MAVİ DENIM
D09 süper yüksek bel skinny jean,1190.0,Jean,SOLUK EFEKTLİ SİYAH DENIM
D04 Düşük Bel Çan Paça Jean,1790.0,Jean,SOLUK EFEKTLİ SİYAH DENIM
D10 mom fit dar kesim jean,1490.0,Jean,SOLUK EFEKTLİ AÇIK ORTA MAVİ DENIM
D10 mom fit dar kesim jean,1190.0,Jean,SOLUK EFEKTLİ DESIZED DENIM
D78 Cropped Çan Paça Jean,1490.0,Jean,SOLUK EFEKTLİ ORTA MAVİ DENIM
D78 Cropped Çan Paça Jean,1490.0,Jean,SOLUK EFEKTLİ AÇIK MAVİ DENIM
D78 Kısa Kesim Çan Paça Jean,1490.0,Jean,SOLUK EFEKTLİ SİYAH DESIZED
Parıltılı straight fit jean,2490.0,Jean,SOLUK EFEKTLİ SİYAH DENIM
Düşük bel geniş paça parlak detaylı jean,2490.0,Jean,SOLUK EFEKTLİ AÇIK ORTA MAVİ DENIM
İşlemeli cepli çan jean,2490.0,Jean,SOLUK EFEKTLİ İNCİ GRİSİ DENIM
Düşük bel zımbalı baggy jean,2490.0,Jean,SOLUK EFEKTLİ AÇIK ORTA MAVİ DENIM
Bağcıklı dökümlü denim pantolon,1190.0,Jean,SOLUK EFEKTLİ AÇIK ORTA MAVİ DENIM
Bağcıklı dökümlü denim pantolon,1190.0,Jean,SOLUK EFEKTLİ ORTA MAVİ DENIM
Bağcıklı dökümlü denim pantolon,1190.0,Jean,SOLUK EFEKTLİ DESIZED DENIM
Düşük bel dikişli cepli jean,1790.0,Jean,SOLUK EFEKTLİ AÇIK MAVİ DENIM
Düşük bel dikişli cepli jean,1790.0,Jean,SOLUK EFEKTLİ AÇIK ORTA MAVİ DENIM
Düşük bel dikişli cepli jean,1790.0,Jean,SOLUK EFEKTLİ ORTA MAVİ DENIM
Düşük bel dar kesim jean,1590.0,Jean,SOLUK EFEKTLİ ORTA MAVİ DENIM
Düşük bel dar kesim jean,1590.0,Jean,SOLUK EFEKTLİ AÇIK ORTA MAVİ DENIM
D07 normal bel skinny jean,1190.0,Jean,SOLUK EFEKTLİ DESIZED DENIM
D07 normal bel skinny jean,1190.0,Jean,SOLUK EFEKTLİ AÇIK ORTA MAVİ DENIM
D07 normal bel skinny jean,1190.0,Jean,SOLUK EFEKTLİ ORTA MAVİ DENIM
D07 normal bel skinny jean,1190.0,Jean,SOLUK EFEKTLİ PARÇA BOYAMA DENIM
D07 normal bel skinny jean,1190.0,Jean,SOLUK EFEKTLİ KOYU GRİ DENIM
D07 yüksek bel skinny jean,1190.0,Jean,SOLUK EFEKTLİ DESIZED DENIM
D07 yüksek bel skinny jean,1190.0,Jean,SOLUK EFEKTLİ AÇIK MAVİ DENIM
Kuşgözü detaylı barrel jean,2790.0,Jean,SOLUK EFEKTLİ SİYAH DENIM
Yanları kuşgözü detaylı barrel jean,2490.0,Jean,SOLUK EFEKTLİ SİYAH DENIM
D91 Düşük Bel Fitilli Geniş Paça Jean,1690.0,Jean,Ekru
Düşük bel geniş paça mücevher düğmeli jean,2290.0,Jean,SOLUK EFEKTLİ AÇIK ORTA MAVİ DENIM
Düşük bel çift düğmeli jean,1790.0,Jean,SOLUK EFEKTLİ AÇIK MAVİ DENIM
Düşük bel çift düğmeli jean,1790.0,Jean,SOLUK EFEKTLİ AÇIK ORTA MAVİ DENIM
Düşük bel çift düğmeli jean,1790.0,Jean,SOLUK EFEKTLİ ORTA MAVİ DENIM
Mendil detaylı culotte jean,1790.0,Jean,SOLUK EFEKTLİ ORTA MAVİ DENIM
Mendil detaylı culotte jean,1790.0,Jean,SOLUK EFEKTLİ AÇIK ORTA MAVİ DENIM
Leopar desenli straight geniş paça jean,2290.0,Jean,SOLUK EFEKTLİ SİYAH DENIM
"Düşük belli, geniş paça, yıldız detaylı jean",2290.0,Jean,SOLUK EFEKTLİ SİYAH DENIM
Düşük bel çift düğmeli jean,1790.0,Jean,SOLUK EFEKTLİ DESIZED DENIM
Baggy orta bel jean,1790.0,Jean,SOLUK EFEKTLİ AÇIK MAVİ DENIM
İşlemeli cepli çan jean,2490.0,Jean,SOLUK EFEKTLİ AÇIK ORTA MAVİ DENIM
D67 dar kesim bootcut jean,1590.0,Jean,SOLUK EFEKTLİ SİYAH DENIM
Düşük bel straight fit jean,1590.0,Jean,SOLUK EFEKTLİ AÇIK ORTA MAVİ DENIM
Düşük bel straight fit jean,1590.0,Jean,SOLUK EFEKTLİ İNCİ GRİSİ DENIM
Süper yüksek bel,1190.0,Jean,Kahverengi
Süper yüksek bel,1190.0,Jean,Koyu lacivert
D76 Mikro denim şort,1490.0,Jean,SOLUK EFEKTLİ ORTA MAVİ DENIM
D76 Mikro denim şort,1490.0,Jean,Beyaz
D76 Mikro denim şort,1490.0,Jean,SOLUK EFEKTLİ AÇIK ORTA MAVİ DENIM
D76 Mikro denim şort,1490.0,Jean,SOLUK EFEKTLİ PARÇA BOYAMA DENIM
D76 Mikro denim şort,1490.0,Jean,SOLUK EFEKTLİ SİYAH DENIM
Geniş paça jean,1790.0,Jean,SOLUK EFEKTLİ AÇIK ORTA MAVİ DENIM
Düşük bel çan paça jean,1590.0,Jean,SOLUK EFEKTLİ ORTA MAVİ DENIM
Yanları yıldız detaylı süper baggy jean,2490.0,Jean,SOLUK EFEKTLİ AÇIK ORTA MAVİ DENIM
Geniş paça jean,1790.0,Jean,SOLUK EFEKTLİ AÇIK MAVİ DENIM
1420 Düşük Bel Skinny Jean,1190.0,Jean,SOLUK EFEKTLİ AÇIK MAVİ DENIM
Dökümlü denim culotte pantolon,1490.0,Jean,SOLUK EFEKTLİ ORTA MAVİ DENIM
Orta bel zımbalı straight fit jean,2490.0,Jean,SOLUK EFEKTLİ SİYAH DENIM
Kalp zımba detaylı geniş paça jean,2490.0,Jean,SOLUK EFEKTLİ SİYAH DENIM
Çizgili orta bel baggy jean,1790.0,Jean,SOLUK EFEKTLİ AÇIK ORTA MAVİ DENIM
Low waist geniş paça jean,1790.0,Jean,SOLUK EFEKTLİ SİYAH DENIM
Düşük bel zımbalı bootcut fit jean,2290.0,Jean,SOLUK EFEKTLİ SİYAH DENIM
Pullu düşük bel jean,2290.0,Jean,SOLUK EFEKTLİ SİYAH DENIM
Skinny normal belli jean,1190.0,Jean,SOLUK EFEKTLİ SİYAH DESIZED
Düşük bel çift düğmeli straight fit jean,1790.0,Jean > STR Teen,SOLUK EFEKTLİ AÇIK ORTA MAVİ DENIM
Akışkan utility parka,2490.0,Trençkot ve kaban,Kahverengi
"Kemerli kısa, akıcı trençkot",1790.0,Trençkot ve kaban,Krem rengi
"Kemerli kısa, akıcı trençkot",1790.0,Trençkot ve kaban,Lacivert
"Kemerli kısa, akıcı trençkot",1790.0,Trençkot ve kaban,Açık mavi
"Kemerli kısa, akıcı trençkot",1790.0,Trençkot ve kaban,Kahverengi
"Kemerli kısa, akıcı trençkot",1790.0,Trençkot ve kaban,Haki
Yüksek yakalı kemerli trençkot,2490.0,Trençkot ve kaban,Koyu yeşil
Yüksek yakalı kemerli trençkot,2490.0,Trençkot ve kaban,Beyaz
Yüksek yakalı kemerli trençkot,2490.0,Trençkot ve kaban,Pembe
Dökümlü uzun trençkot,2490.0,Trençkot ve kaban,Krem rengi
Dökümlü uzun trençkot,2490.0,Trençkot ve kaban,Lacivert
Dökümlü uzun trençkot,2490.0,Trençkot ve kaban,Haki
Kısa kruvaze trençkot,2290.0,Trençkot ve kaban,Krem rengi
Dik yaka kemerli trençkot,2490.0,Trençkot ve kaban,Koyu lacivert
Dik yaka kemerli trençkot,2490.0,Trençkot ve kaban,Bej
Dik yaka suni deri trençkot,2490.0,Trençkot ve kaban,Ekru
Dik yaka suni deri trençkot,2490.0,Trençkot ve kaban,Kahverengi
Uzun suni deri trençkot,2990.0,Trençkot ve kaban,Siyah
Uzun suni deri trençkot,2990.0,Trençkot ve kaban,Kahverengi
Basic kısa trençkot,2490.0,Trençkot ve kaban,Krem rengi
Dik yaka kısa trençkot,2990.0,Trençkot ve kaban,Haki
Dik yaka trençkot,2990.0,Trençkot ve kaban,Bej
Dik yaka trençkot,2990.0,Trençkot ve kaban,Siyah
Kemerli ve dökümlü kısa trençkot,1790.0,Trençkot ve kaban,Bej
Kemerli ve dökümlü kısa trençkot,1790.0,Trençkot ve kaban,Siyah
Kemerli ve dökümlü kısa trençkot,1790.0,Trençkot ve kaban,Lacivert
Oversize Uzun Kaban,3490.0,Trençkot ve kaban,Kahverengi
"Kemerli, mumlu görünümlü kısa trençkot",3490.0,Trençkot ve kaban,Haki
Uzun suni süet trençkot,2990.0,Trençkot ve kaban,Kahverengi
Kısa oversize kapüşonlu trençkot,3490.0,Trençkot ve kaban,Bej
Uzun tek düğmeli trençkot,2990.0,Trençkot ve kaban,Kahverengi
Kısa suni süet trençkot,2790.0,Trençkot ve kaban,Karamel
Kısa suni süet trençkot,2790.0,Trençkot ve kaban,Kahverengi
Kısa kruvaze trençkot,2290.0,Trençkot ve kaban,Kahverengi
Kısa dökümlü trençkot,2290.0,Trençkot ve kaban,Haki
Yumuşak dokunuşlu kruvaze dik yaka ceket,2490.0,Trençkot ve kaban,Lacivert
Yumuşak dokunuşlu kruvaze dik yaka ceket,2490.0,Trençkot ve kaban,Siyah
Yumuşak dokunuşlu kruvaze dik yaka ceket,2490.0,Trençkot ve kaban,Ekru
Yumuşak dokunuşlu kruvaze dik yaka ceket,2490.0,Trençkot ve kaban,Kahverengi
Kısa kruvaze trençkot,2290.0,Trençkot ve kaban,Lacivert
Kısa kruvaze trençkot,2290.0,Trençkot ve kaban,Siyah
Yumuşak Dokulu Düğmeli Midi Kaban,1790.0,Trençkot ve kaban,Siyah
Yumuşak Dokulu Düğmeli Midi Kaban,1790.0,Trençkot ve kaban,Ekru
Yumuşak Dokulu Düğmeli Midi Kaban,1190.0,Trençkot ve kaban,Bordo
Pelerin trençkot,2490.0,Trençkot ve kaban,Krem rengi
Tek düğmeli uzun trençkot,2990.0,Trençkot ve kaban,Krem rengi
Pamuklu cepli parka,2790.0,Trençkot ve kaban,Koyu yeşil
Pamuklu cepli parka,2790.0,Trençkot ve kaban,Krem rengi
Oversize yumuşak dokulu kaban,2990.0,Trençkot ve kaban,Koyu Gri
Akışkan utility stili parka,2490.0,Trençkot ve kaban,Haki
Suni süet efektli uzun trençkot,2990.0,Trençkot ve kaban,Karamel
Uzun kemerli kaban,4490.0,Trençkot ve kaban,Koyu lacivert
Basic kısa trençkot,2490.0,Trençkot ve kaban,Lacivert
Uzun suni süet trençkot,2990.0,Trençkot ve kaban,Koyu yeşil
Uzun oversize yumuşak dokulu kaban,3490.0,Trençkot ve kaban,Lacivert
Çift taraflı uzun içi kürklü kaban,6290.0,Trençkot ve kaban,Kahverengi
Midi Boy Kemerli Kaban,4490.0,Trençkot ve kaban,Siyah
Dik yaka suni deri trençkot,2490.0,Trençkot ve kaban,Bej
Dik yaka suni deri trençkot,2490.0,Trençkot ve kaban,Siyah
Normal balıksırtı kaban,3490.0,Trençkot ve kaban,Gri
Uzun akıcı parka,2790.0,Trençkot ve kaban,Lacivert
Oversize dökümlü uzun trençkot,2490.0,Trençkot ve kaban,Kahverengi
Yumuşak Dokunuşlu Trençkot,2990.0,Trençkot ve kaban,Kahverengi
Yumuşak Dokunuşlu Trençkot,1790.0,Trençkot ve kaban,Ekru
Yumuşak Dokunuşlu Trençkot,1790.0,Trençkot ve kaban,Koyu lacivert
Suni süet ceket,1670.0,Trençkot ve kaban,Bej
"Kısa, çıkarılabilir kapüşonlu şişme trençkot",2790.0,Trençkot ve kaban,Bej
Uzun erkek kaban,1790.0,Trençkot ve kaban,Ekru
Militer blazer,2490.0,Hırka ve ceket,Bej
Militer blazer,2490.0,Hırka ve ceket,Haki
Suni süet balon ceket,2990.0,Hırka ve ceket,Krem rengi
Suni süet balon ceket,2990.0,Hırka ve ceket,Lacivert
Suni süet balon ceket,2990.0,Hırka ve ceket,Kahverengi
Oversize yıkanmış suni deri ceket,2290.0,Hırka ve ceket,Kahverengi
Oversize suni deri biker ceket,2990.0,Hırka ve ceket,Siyah
Suni deri balon kemerli ceket,2490.0,Hırka ve ceket,Kahverengi
Suni deri balon kemerli ceket,2490.0,Hırka ve ceket,Siyah
Kemer detaylı suni deri balon ceket,2490.0,Hırka ve ceket,Kırmızı
Kısa yumuşak ceket,1070.0,Hırka ve ceket,Kırmızı
Kısa yumuşak ceket,1070.0,Hırka ve ceket,Ekru
Kısa yumuşak ceket,1070.0,Hırka ve ceket,Koyu lacivert
Balon ceket,2290.0,Hırka ve ceket,Krem rengi
Yumuşak dokulu balon bomber ceket,1790.0,Hırka ve ceket,Ekru
Yumuşak dokulu balon bomber ceket,1790.0,Hırka ve ceket,Koyu Gri
Piliseli dökümlü ceket,2490.0,Hırka ve ceket,Ekru
Oversize suni deri biker ceket,2490.0,Hırka ve ceket,Kahverengi
Oversize suni deri biker ceket,2490.0,Hırka ve ceket,Bordo
Oversize suni deri ceket,3690.0,Hırka ve ceket,Siyah
Oversize suni deri ceket,3690.0,Hırka ve ceket,Kahverengi
Kemerli suni deri biker ceket,1790.0,Hırka ve ceket,Beyaz
Naylon kapüşonlu ceket,1790.0,Hırka ve ceket,Koyu mavi
Fermuarlı suni süet ceket,1790.0,Hırka ve ceket,Kahverengi
Kemerli suni deri biker ceket,1790.0,Hırka ve ceket,Siyah
Kemerli suni deri biker ceket,1790.0,Hırka ve ceket,Kahverengi
Suni süet balon ceket,2990.0,Hırka ve ceket,Pembe
Suni süet balon ceket,2990.0,Hırka ve ceket,Ekru
Kruvaze denim ceket,2790.0,Hırka ve ceket,SOLUK EFEKTLİ SİYAH DENIM
Kapüşonlu kapitone ceket,2490.0,Hırka ve ceket,Beyaz
Fermuarlı suni yünlü ceket,2490.0,Hırka ve ceket,Ekru
Fermuarlı suni yünlü ceket,2490.0,Hırka ve ceket,Siyah
Fermuarlı suni yünlü ceket,2490.0,Hırka ve ceket,Kahverengi
Dik yaka şişme ceket,2290.0,Hırka ve ceket,Pembe
Suni deri biker ceket,2290.0,Hırka ve ceket,Siyah
Suni deri biker ceket,2290.0,Hırka ve ceket,Kahverengi
Teknik ceket,1790.0,Hırka ve ceket,Kahverengi
Vücuda oturan suni deri ceket,1790.0,Hırka ve ceket,Siyah
Oversize yumuşak dokulu balon ceket,2990.0,Hırka ve ceket,Kahverengi
Oversize yumuşak dokulu balon ceket,2990.0,Hırka ve ceket,Siyah
Mumlu Görünümlü Kısa Kombin Parka,2990.0,Hırka ve ceket,Haki
Metalik Kapüşonlu Şişme Mont,2790.0,Hırka ve ceket,Siyah
Çizgili denim ceket,2490.0,Hırka ve ceket,SOLUK EFEKTLİ GRİ DENIM
Bisiklet yaka peplum suni deri blazer ceket,2490.0,Hırka ve ceket,Kahverengi
Suni deri dolgulu bomber ceket,2490.0,Hırka ve ceket,Kahverengi
Suni deri dolgulu bomber ceket,2490.0,Hırka ve ceket,Siyah
Suni deri dolgulu bomber ceket,1490.0,Hırka ve ceket,Ekru
Suni deri dolgulu bomber ceket,1490.0,Hırka ve ceket,Bordo
Balon kesim denim ceket,2290.0,Hırka ve ceket,SOLUK EFEKTLİ AÇIK ORTA MAVİ DENIM
Basic kapüşonlu şişme mont,2290.0,Hırka ve ceket,Siyah
Basic kapüşonlu şişme mont,2290.0,Hırka ve ceket,Kahverengi
Vücuda oturan suni deri ceket,1790.0,Hırka ve ceket,Açık sarı
Vücuda oturan suni deri ceket,1790.0,Hırka ve ceket,Ekru
Vücuda oturan suni deri ceket,1070.0,Hırka ve ceket,Açık mavi
Yumuşak dokunuşlu balon cepli ceket,1790.0,Hırka ve ceket,Koyu lacivert
Basic naylon kapüşonlu ceket,1790.0,Hırka ve ceket,Lacivert
Basic naylon kapüşonlu ceket,1790.0,Hırka ve ceket,Ekru
Cepli denim ceket,1590.0,Hırka ve ceket,SOLUK EFEKTLİ AÇIK MAVİ DENIM
Yama cepli ceket,1590.0,Hırka ve ceket,Ekru
Yama cepli ceket,950.0,Hırka ve ceket,Koyu mavi
Yama cepli ceket,1590.0,Hırka ve ceket,Pembe
Cepli denim ceket,1590.0,Hırka ve ceket,SOLUK EFEKTLİ İNCİ GRİSİ DENIM
Cepli denim ceket,1590.0,Hırka ve ceket,SOLUK EFEKTLİ DESIZED DENIM
Kısa zımbalı denim ince ceket,2290.0,Hırka ve ceket,SOLUK EFEKTLİ SİYAH DENIM
Kabartmalı düğmeli blazer ceket,2490.0,Hırka ve ceket,Lacivert
Teknik ceket,2290.0,Hırka ve ceket,Lacivert
Akışkan bomber ceket,2290.0,Hırka ve ceket,Krem rengi
Denim ceket,1790.0,Hırka ve ceket,SOLUK EFEKTLİ AÇIK ORTA MAVİ DENIM
Bisiklet yaka şişme ceket,1790.0,Hırka ve ceket,Kahverengi
Bisiklet yaka şişme ceket,1790.0,Hırka ve ceket,Ekru
Parlak detaylı yama cepli denim ceket,2790.0,Hırka ve ceket,SOLUK EFEKTLİ AÇIK ORTA MAVİ DENIM
Dik yaka şişme ceket,2290.0,Hırka ve ceket,Kahverengi
Suni Süet İçi Kürklü Biker Ceket,3490.0,Hırka ve ceket,Ekru
Kapüşonlu şişme mont,2490.0,Hırka ve ceket,Ekru
Kapüşonlu şişme mont,2290.0,Hırka ve ceket,Krem rengi
Basic naylon çizgili kapüşonlu ceket,1790.0,Hırka ve ceket,Açık mavi
İşlemeli düğmeli blazer ceket,2490.0,Hırka ve ceket,Kahverengi
Yumuşak dokunuşlu pelerin ceket,2490.0,Hırka ve ceket,Siyah
Büzgülü şişme mont,2290.0,Hırka ve ceket,Ekru
Oversize kapüşonlu dolgulu ceket,2790.0,Hırka ve ceket,Gri
Oversize kapüşonlu dolgulu ceket,2790.0,Hırka ve ceket,Siyah
Suni deri efektli cepli ceket,3490.0,Hırka ve ceket,Kahverengi
Kapüşonlu şişme ceket,2790.0,Hırka ve ceket,Haki
Kısa bisiklet yaka blazer ceket,1070.0,Hırka ve ceket,Lacivert
Kısa bisiklet yaka blazer ceket,1070.0,Hırka ve ceket,Açık mavi
Kısa bisiklet yaka blazer ceket,1070.0,Hırka ve ceket,Pembe
Dar kesim denim ceket,1070.0,Hırka ve ceket,SOLUK EFEKTLİ AÇIK ORTA MAVİ DENIM
Suni süet cepli ceket,1790.0,Hırka ve ceket,Kahverengi
Suni süet cepli ceket,1790.0,Hırka ve ceket,Lacivert
Suni süet cepli ceket,1790.0,Hırka ve ceket,Krem rengi
Suni süet cepli ceket,1790.0,Hırka ve ceket,Açık kahverengi
Cepli suni süet ceket,1790.0,Hırka ve ceket,Açık mavi
Dik yaka sweatshirt ceket,1370.0,Hırka ve ceket,Açık gri
Şişme mont,1490.0,Hırka ve ceket,Kahverengi
Şişme mont,1490.0,Hırka ve ceket,Ekru
Şişme mont,1490.0,Hırka ve ceket,Lacivert
Şişme mont,2490.0,Hırka ve ceket,Pembe
Şişme mont,2490.0,Hırka ve ceket,Koyu Gri
Zımbalı kısa denim ince ceket,1370.0,Hırka ve ceket > Denim,SOLUK EFEKTLİ ORTA MAVİ DENIM
Regular fit suni deri efektli blazer ceket,2290.0,Hırka ve ceket > Siyah ceket,Siyah
Çizgili açık blazer ceket,2290.0,Hırka ve ceket > Lacivert ceket,Lacivert
Çizgili açık blazer ceket,2290.0,Hırka ve ceket > Lacivert ceket,Kahverengi
Çizgili açık blazer ceket,2290.0,Hırka ve ceket > Lacivert ceket,Krem rengi
Basic keten karışımlı yelek,1490.0,Ceket,Mavi
Crop suni deri blazer ceket,1370.0,Ceket,Siyah
Vücuda oturan blazer ceket,1370.0,Ceket,Kırmızı
Kısa blazer ceket,1790.0,Ceket,Siyah
Kısa blazer ceket,1790.0,Ceket,Lacivert
Dökümlü utility yelek,2490.0,Ceket,Kahverengi
Keten görünümlü düğmeli yelek,1490.0,Ceket,Siyah
Çizgili kısa blazer,1790.0,Ceket,Açık gri
Dar kesim ceket,1790.0,Ceket,Ekru
Dar kesim ceket,1790.0,Ceket,Siyah
Dar kesim ceket,1790.0,Ceket,Açık gri
Vücuda oturan blazer ceket,2290.0,Ceket,Siyah
Vücuda oturan blazer ceket,2290.0,Ceket,Beyaz
Dökümlü kruvaze blazer,2290.0,Ceket,Kahverengi
Dökümlü kruvaze blazer,2290.0,Ceket,Ekru
Dökümlü kruvaze blazer,2290.0,Ceket,Mavi
Regular fit blazer,2290.0,Ceket,Siyah
Kemerli blazer ceket,2290.0,Ceket,Açık sarı
Çizgili dar kesim blazer ceket,2290.0,Ceket,Kahverengi
Omuz pedli triko yelek,1190.0,Ceket,Koyu mavi
Omuz pedli triko yelek,1190.0,Ceket,Ekru
Bisiklet yaka triko top,1190.0,Ceket,Kahverengi
Bisiklet yaka triko top,1190.0,Ceket,Ekru
İşlemeli düğmeli blazer ceket,2790.0,Ceket,Siyah
"Düğmeli, Vücuda Oturan Ceket",2490.0,Ceket,Kahverengi
Basic keten karışımlı blazer,2290.0,Ceket,Kahverengi
Basic keten karışımlı blazer,2290.0,Ceket,Beyaz
Basic keten karışımlı blazer,2290.0,Ceket,Koyu yeşil
Kemerli blazer,2290.0,Ceket,Haki
Çizgili dar kesim blazer ceket,2290.0,Ceket,Lacivert
Kısa blazer ceket,1790.0,Ceket,Beyaz
Keten görünümlü yelek,1490.0,Ceket,Krem rengi
Yumuşak Dokulu Düğmeli Triko Hırka,1490.0,Ceket,Siyah
Yumuşak Dokulu Düğmeli Triko Hırka,1490.0,Ceket,Krem rengi
basic keten görünümlü yelek,1490.0,Ceket,Beyaz
Saten blazer,2290.0,Ceket,Koyu lacivert
Saten yüzeyli blazer,2290.0,Ceket,Kahverengi
Üç düğmeli vücuda oturan blazer,2290.0,Ceket,Kahverengi
Asimetrik blazer ceket,2290.0,Ceket,Açık mavi
Asimetrik blazer,2290.0,Ceket,Haki
Düğmeli kolsuz denim top,1190.0,Ceket,SOLUK EFEKTLİ ORTA MAVİ DENIM
Denim blazer ceket,2990.0,Ceket,SOLUK EFEKTLİ DESIZED DENIM
Vücuda oturan blazer ceket,2290.0,Ceket,Açık mavi
Açık blazer ceket,2290.0,Ceket,Siyah
Bisiklet yaka blazer ceket,2290.0,Ceket,Siyah
Kruvaze yelek,1590.0,Ceket,Siyah
basic çizgili blazer ceket,1790.0,Ceket,Kahverengi
Oversize triko hırka,1790.0,Ceket,Koyu gri
Kapüşonlu fermuarlı triko ceket,1690.0,Ceket,Koyu gri
Basic çizgili blazer ceket,1790.0,Ceket,Lacivert
Suni deri efektli blazer,2490.0,Ceket,Kahverengi
Üç katmanlı uzun kollu t-shirt,1090.0,Tişört,Koyu Gri
Sırt dekolteli tişört,650.0,Tişört > Mavi Tişört,Koyu lacivert
Sırt dekolteli tişört,650.0,Tişört > Mavi Tişört,Siyah
Sırt dekolteli tişört,650.0,Tişört > Mavi Tişört,Ekru
Sırt dekolteli tişört,650.0,Tişört > Mavi Tişört,Kahverengi
Kare yaka poliamid body,790.0,Tişört > Basic Ürünler,Siyah
Kare yaka poliamid body,790.0,Tişört > Basic Ürünler,Ekru
Kare yaka poliamid body,790.0,Tişört > Basic Ürünler,Pembe
Kare yaka poliamid body,790.0,Tişört > Basic Ürünler,Kahverengi
Kare yaka poliamid body,790.0,Tişört > Basic Ürünler,Haki
V yaka askılı body,790.0,Tişört > Basic Ürünler,Siyah
V yaka askılı body,790.0,Tişört > Basic Ürünler,Ekru
V yaka askılı body,790.0,Tişört > Basic Ürünler,Kahverengi
B04 basic kolsuz dar top,550.0,Tişört > Basic Ürünler,Açık gri
B04 basic kolsuz dar top,550.0,Tişört > Basic Ürünler,Siyah
B04 basic kolsuz dar top,550.0,Tişört > Basic Ürünler,Beyaz
B04 basic kolsuz dar top,550.0,Tişört > Basic Ürünler,Açık mavi
Uzun Kollu Poliamid Body,990.0,Tişört > Basic Ürünler,Ekru
Uzun Kollu Poliamid Body,590.0,Tişört > Basic Ürünler,Siyah
Uzun Kollu Poliamid Body,590.0,Tişört > Basic Ürünler,Kahverengi
Halter Crop Top,490.0,Tişört > Basic Ürünler,Siyah
Halter Crop Top,490.0,Tişört > Basic Ürünler,Beyaz
Kare yaka poliamid body,990.0,Tişört > Basic Ürünler,Mor
Poliamid straples top,550.0,Tişört > Basic Ürünler,Siyah
Poliamid straples top,550.0,Tişört > Basic Ürünler,Beyaz
V yaka büzgülü poliamid body,1090.0,Tişört > Basic Ürünler,Siyah
V yaka büzgülü poliamid body,1090.0,Tişört > Basic Ürünler,Ekru
Basic askılı tişört,490.0,Tişört > Basic Ürünler,Pembe
Basic askılı tişört,490.0,Tişört > Basic Ürünler,Siyah
Basic askılı tişört,490.0,Tişört > Basic Ürünler,Ekru
Basic askılı tişört,490.0,Tişört > Basic Ürünler,Koyu lacivert
Basic askılı tişört,490.0,Tişört > Basic Ürünler,Koyu mavi
Basic askılı tişört,490.0,Tişört > Basic Ürünler,Açık sarı
Basic askılı tişört,490.0,Tişört > Basic Ürünler,Bej
Basic askılı top,490.0,Tişört > Basic Ürünler,Siyah
Basic askılı top,490.0,Tişört > Basic Ürünler,Beyaz
Basic çapraz askılı top,550.0,Tişört > Basic Ürünler,Beyaz
Basic çapraz askılı top,550.0,Tişört > Basic Ürünler,Siyah
Kısa kollu dar kesim gömlek,1090.0,Tişört > STR Teen,Beyaz
Kısa kollu dar kesim gömlek,1090.0,Tişört > STR Teen,Açık pembe
Kısa kollu dar kesim gömlek,1090.0,Tişört > STR Teen,SOLUK EFEKTLİ GRİ DENIM
Oversize gömlek,1490.0,Tişört > STR Teen,Açık mavi
Kuşaklı triko crop top,790.0,Tişört > STR Teen,Açık pembe
Kuşaklı triko crop top,790.0,Tişört > STR Teen,Açık sarı
Kuşaklı triko crop top,790.0,Tişört > STR Teen,Kahverengi
Çizgili büzgülü gömlek,1490.0,Tişört > STR Teen,Siyah
Düz büzgülü gömlek,1490.0,Tişört > STR Teen,Beyaz
Düz büzgülü gömlek,1490.0,Tişört > STR Teen,Kahverengi
"Dar kesim, akıcı kollu gömlek",1190.0,Tişört > STR Teen,Siyah
Büzgülü kısa kollu gömlek,1090.0,Tişört > STR Teen,Açık pembe
Büzgülü kısa kollu gömlek,1090.0,Tişört > STR Teen,Siyah
Büzgülü kısa kollu gömlek,1090.0,Tişört > STR Teen,Açık mavi
Oversize çizgili gömlek,1590.0,Tişört > STR Teen,SOLUK EFEKTLİ GRİ DENIM
Oversize zımbalı gömlek,1790.0,Tişört > STR Teen,Açık mavi
Fermuarlı fitted gömlek,1490.0,Tişört > STR Teen,Siyah
Dar kesim gömlek,1190.0,Tişört > STR Teen,Beyaz
Dar kesim gömlek,1190.0,Tişört > STR Teen,SOLUK EFEKTLİ GRİ DENIM
Halter yaka qipao görünümlü top,1090.0,Top ve body,Açık mavi
Halter yaka qipao görünümlü top,1090.0,Top ve body,Ekru
Halter yaka qipao görünümlü top,1090.0,Top ve body,Pembe
Qipao halter denim top,1490.0,Top ve body,SOLUK EFEKTLİ AÇIK ORTA MAVİ DENIM
Saten halter top,1090.0,Top ve body,Koyu lacivert
Kroşe askılı top,990.0,Top ve body,Açık mavi
Kroşe askılı top,990.0,Top ve body,Beyaz
Kroşe askılı top,990.0,Top ve body,Koyu lacivert
Kroşe askılı top,990.0,Top ve body,Açık sarı
Fırfırlı ve boncuklu top,1590.0,Top ve body,Koyu Gri
Fırfırlı ve boncuklu top,1590.0,Top ve body,Ekru
Kroşe straplez bluz,990.0,Top ve body,Krem rengi
Kroşe straplez bluz,990.0,Top ve body,Beyaz
Kroşe straplez bluz,990.0,Top ve body,Koyu lacivert
Kroşe straplez bluz,990.0,Top ve body,Koyu yeşil
Peplum kolsuz top,1090.0,Top ve body,Siyah
Peplum kolsuz top,1090.0,Top ve body,Kırmızı
Çizgili peplum kolsuz top,1090.0,Top ve body,Lacivert
İşlemeli halter top,1790.0,Top ve body,Siyah
Asimetrik tül Fularlı Top,990.0,Top ve body,Siyah
Saten halter top,1090.0,Top ve body,Kahverengi
Saten halter top,1090.0,Top ve body,Siyah
Saten halter top,1090.0,Top ve body,Beyaz
Saten halter top,1090.0,Top ve body,Açık mavi
Saten halter top,1090.0,Top ve body,Altın rengi
Drapeli poliamid üst,790.0,Top ve body,Kahverengi
Asimetrik pelerin,1190.0,Top ve body,Kahverengi
Asimetrik pelerin,1190.0,Top ve body,Ekru
Kolsuz peplum top,1090.0,Top ve body,Kahverengi
Büzgülü dokulu tişört,790.0,Top ve body,Ekru
Büzgülü dokulu tişört,790.0,Top ve body,Siyah
Büzgülü dokulu tişört,790.0,Top ve body,Kahverengi
Büzgülü dokulu tişört,790.0,Top ve body,Haki
Kolsuz denim peplum top,1190.0,Top ve body,SOLUK EFEKTLİ PARÇA BOYAMA DENIM
Keten görünümlü çapraz askılı top,790.0,Top ve body,Kahverengi
Keten görünümlü çapraz askılı top,790.0,Top ve body,Beyaz
Keten görünümlü çapraz askılı top,790.0,Top ve body,Altın rengi
Qipao halter düğmeli top,1090.0,Top ve body,Koyu mavi
Qipao tarzı dantel t-shirt,990.0,Top ve body,Kahverengi
Qipao tarzı dantel t-shirt,990.0,Top ve body,Siyah
Qipao tarzı dantel t-shirt,990.0,Top ve body,Ekru
Quipao dantel bluz,1190.0,Top ve body,Siyah
Quipao dantel bluz,1190.0,Top ve body,Beyaz
Quipao dantel bluz,1190.0,Top ve body,Altın rengi
Keten Karışımlı Geniş Yaka Triko Bluz,1090.0,Top ve body,Kahverengi
Keten Karışımlı Geniş Yaka Triko Bluz,1090.0,Top ve body,Pembe
Keten Karışımlı Geniş Yaka Triko Bluz,1090.0,Top ve body,Açık sarı
Halter body,990.0,Top ve body,Kahverengi
Halter body,990.0,Top ve body,Siyah
Halter body,990.0,Top ve body,Açık mavi
Düğmeli dokulu üst,990.0,Top ve body,Krem rengi
Düğmeli dokulu üst,990.0,Top ve body,Siyah
Düğmeli dokulu üst,990.0,Top ve body,Ekru
Düğmeli dokulu üst,990.0,Top ve body,Açık kahverengi
V Yaka Büzgülü Crop Top,990.0,Top ve body,Siyah
Dantel askılı body,990.0,Top ve body,Kahverengi
Dantel askılı body,990.0,Top ve body,Siyah
Dantel askılı body,990.0,Top ve body,Ekru
Qipao üst,990.0,Top ve body,Siyah
Halter yaka büzgülü top,790.0,Top ve body,Kahverengi
Halter yaka büzgülü top,790.0,Top ve body,Siyah
Halter yaka büzgülü top,790.0,Top ve body,Ekru
Halter yaka büzgülü top,790.0,Top ve body,Pembe
Drape çift katlı yaka top,790.0,Top ve body,Ekru
Kare yaka çift katmanlı tişört,590.0,Top ve body,Pembe
Kare yaka çift katmanlı tişört,590.0,Top ve body,Siyah
Kare yaka çift katmanlı tişört,590.0,Top ve body,Beyaz
Kare yaka çift katmanlı tişört,590.0,Top ve body,Açık gri
Bengalinden halter yaka üst,1090.0,Top ve body,Kahverengi
Saten yüzeyli dantel askılı top,1090.0,Top ve body,Ekru
Saten yüzeyli dantel askılı top,1090.0,Top ve body,Kahverengi
Dar kesim uzun kollu bolero,990.0,Top ve body,Açık sarı
Kalp yaka bandeau,790.0,Top ve body,Ekru
Kalp yaka bandeau,790.0,Top ve body,Siyah
İşlemeli askılı top,1790.0,Top ve body,Kahverengi
Vücudu saran denim top,1590.0,Top ve body,Ekru
Halter dantel detaylı üst,1090.0,Top ve body,Ekru
Balon büstiyer top,1090.0,Top ve body,Beyaz
Balon büstiyer top,1090.0,Top ve body,Altın rengi
Halter bengalin top,1090.0,Top ve body,Açık mavi
Halter bengalin top,1090.0,Top ve body,Beyaz
Kare yaka tül body,990.0,Top ve body,Siyah
Volanlı kroşe top,990.0,Top ve body,Beyaz
Volanlı kroşe top,990.0,Top ve body,Lacivert
Zımba detaylı halter yaka üst,990.0,Top ve body,Siyah
Metalik iplikli triko top,990.0,Top ve body,Kahverengi
Büzgülü halter top,790.0,Top ve body,Kahverengi
Peplum triko top,1490.0,Top ve body,Altın rengi
Dantelli halter top,790.0,Top ve body,Siyah
Bisiklet yaka çizgili keten karışımlı top,790.0,Top ve body,Mavi
Pencere detaylı sırt dekolteli body,990.0,Top ve body,Kahverengi
Asimetrik saten top,1190.0,Top ve body,Ekru
Saten askılı top,990.0,Top ve body,Lacivert
Metal detaylı halter yaka top,790.0,Top ve body,Siyah
Işıltılı örgü pelerin,1590.0,Top ve body,Turuncu
Parlak örgülü top,990.0,Top ve body,Turuncu
Metalik iplikli pelerin,1590.0,Top ve body,Kahverengi
Payetli halter yaka t-shirt One Dilemma,1490.0,Top ve body,Gri
Cupro parlak One Dilemma t-shirt,1790.0,Top ve body,Siyah
Vücuda oturan denim üst,1590.0,Top ve body,SOLUK EFEKTLİ AÇIK ORTA MAVİ DENIM
Vücuda oturan denim üst,1590.0,Top ve body,SOLUK EFEKTLİ ORTA MAVİ DENIM
Drapeli dekolteli halkalı büstiyer,990.0,Top ve body,Siyah
Büzgülü tül body,990.0,Top ve body,Mor
Büzgülü tül body,990.0,Top ve body,Siyah
Büzgülü tül body,990.0,Top ve body,Kahverengi
Straplez denim bluz,1190.0,Top ve body,SOLUK EFEKTLİ PARÇA BOYAMA DENIM
Kayık yaka panço,1090.0,Top ve body,Ekru
Kayık yaka panço,1090.0,Top ve body,Krem rengi
Parlak denim peplum top,1590.0,Top ve body,Siyah
Saten yüzeyli büzgülü halter top,1190.0,Top ve body,Ekru
Düğmeli kolsuz top,990.0,Top ve body,Krem rengi
Düğmeli kolsuz top,990.0,Top ve body,Kahverengi
Düğmeli kolsuz top,990.0,Top ve body,Beyaz
Düğmeli kolsuz top,990.0,Top ve body,Mor
Balon fermuarlı kolsuz gömlek,1190.0,Gömlek ve Bluz,Mavi
Kontrast işlemeli kısa kollu bluz,1590.0,Gömlek ve Bluz,Ekru
Fırfırlı peplum bluz,1190.0,Gömlek ve Bluz,Beyaz
Düğmeli dökümlü gömlek,1090.0,Gömlek ve Bluz,Siyah
Düğmeli dökümlü gömlek,1090.0,Gömlek ve Bluz,Beyaz
Düğmeli dökümlü gömlek,1090.0,Gömlek ve Bluz,Lacivert
Düğmeli dökümlü gömlek,1090.0,Gömlek ve Bluz,Açık mavi
Düğmeli dökümlü gömlek,1090.0,Gömlek ve Bluz,Mavi
Düğmeli dökümlü gömlek,1090.0,Gömlek ve Bluz,Krem rengi
Düğmeli dökümlü gömlek,1090.0,Gömlek ve Bluz,Kahverengi
Düğmeli dökümlü gömlek,1090.0,Gömlek ve Bluz,Mor
"Basic, fitted çizgili gömlek",710.0,Gömlek ve Bluz,Mavi
"Basic, fitted çizgili gömlek",1190.0,Gömlek ve Bluz,Siyah
"Basic, fitted çizgili gömlek",1190.0,Gömlek ve Bluz,Koyu lacivert
"Basic, fitted çizgili gömlek",1190.0,Gömlek ve Bluz,Açık mavi
"Basic, fitted çizgili gömlek",1190.0,Gömlek ve Bluz,Açık pembe
"Basic, fitted çizgili gömlek",1190.0,Gömlek ve Bluz,Kahverengi
"Basic, fitted çizgili gömlek",1190.0,Gömlek ve Bluz,Mor
Basic dar kesim gömlek,1190.0,Gömlek ve Bluz,Beyaz
Basic dar kesim gömlek,710.0,Gömlek ve Bluz,Siyah
Basic dar kesim gömlek,1190.0,Gömlek ve Bluz,Açık mavi
"Kısa kollu, göğüs altı kesimli gömlek",1090.0,Gömlek ve Bluz,Beyaz
"Kısa kollu, göğüs altı kesimli gömlek",1090.0,Gömlek ve Bluz,Açık mavi
"Kısa kollu, göğüs altı kesimli gömlek",1090.0,Gömlek ve Bluz,Pembe
Piliseli poplin gömlek,1490.0,Gömlek ve Bluz,Beyaz
Piliseli poplin gömlek,1490.0,Gömlek ve Bluz,Açık mavi
Keten etkili dökümlü gömlek,1190.0,Gömlek ve Bluz,Beyaz
Keten etkili dökümlü gömlek,1190.0,Gömlek ve Bluz,Siyah
Keten etkili dökümlü gömlek,1190.0,Gömlek ve Bluz,Açık mavi
Keten etkili dökümlü gömlek,1190.0,Gömlek ve Bluz,Pembe
Keten etkili dökümlü gömlek,1190.0,Gömlek ve Bluz,Açık pembe
Keten etkili dökümlü gömlek,1190.0,Gömlek ve Bluz,Altın rengi
Keten etkili dökümlü gömlek,1190.0,Gömlek ve Bluz,Kahverengi
Basic çift kumaş gömlek,1190.0,Gömlek ve Bluz,Altın rengi
"Yarasa kollu, pilili poplin gömlek",1190.0,Gömlek ve Bluz,Beyaz
Keten görünümlü yarasa kollu gömlek,1590.0,Gömlek ve Bluz,Krem rengi
Keten görünümlü yarasa kollu gömlek,1590.0,Gömlek ve Bluz,Beyaz
Keten görünümlü yarasa kollu gömlek,1590.0,Gömlek ve Bluz,Lacivert
Keten görünümlü yarasa kollu gömlek,1590.0,Gömlek ve Bluz,Altın rengi
Çıtçıtlı açık gömlek,1190.0,Gömlek ve Bluz,Kahverengi
Çıtçıtlı açık gömlek,1190.0,Gömlek ve Bluz,Ekru
Çıtçıtlı açık gömlek,1190.0,Gömlek ve Bluz,Haki
Büzgülü bengalin gömlek,1190.0,Gömlek ve Bluz,Beyaz
Göğüs altı dikiş detaylı dar kesim gömlek,1190.0,Gömlek ve Bluz,Pembe
Göğüs altı dikiş detaylı dar kesim gömlek,1190.0,Gömlek ve Bluz,Açık mavi
Göğüs altı dikiş detaylı dar kesim gömlek,1190.0,Gömlek ve Bluz,Açık gri
Basic çizgili poplin cepli gömlek,1190.0,Gömlek ve Bluz,Pembe
Basic çizgili poplin cepli gömlek,1190.0,Gömlek ve Bluz,Lacivert
Basic çizgili poplin cepli gömlek,1190.0,Gömlek ve Bluz,Mavi
Basic çizgili poplin cepli gömlek,1190.0,Gömlek ve Bluz,Kırmızı
Basic çizgili poplin cepli gömlek,1190.0,Gömlek ve Bluz,Açık sarı
Bimateryal balon gömlek,1490.0,Gömlek ve Bluz,Açık mavi
Çift fermuarlı bengal gömlek,1190.0,Gömlek ve Bluz,Beyaz
İşlemeli kollu gömlek,1790.0,Gömlek ve Bluz,Açık mavi
"Cepli, dökümlü keten gömlek",1490.0,Gömlek ve Bluz,Açık mavi
Keten görünümlü gömlek,1190.0,Gömlek ve Bluz,Koyu lacivert
Keten görünümlü gömlek,1190.0,Gömlek ve Bluz,Açık mavi
Keten görünümlü gömlek,1190.0,Gömlek ve Bluz,Kahverengi
Keten görünümlü gömlek,1190.0,Gömlek ve Bluz,Krem rengi
ÇİFT FERMUARLI DAR KESİM BENGALİN GÖMLEK,1190.0,Gömlek ve Bluz,Krem rengi
Basic cepli poplin gömlek,1190.0,Gömlek ve Bluz,Beyaz
Göğüs altı dikişli dar kesim gömlek,1190.0,Gömlek ve Bluz,Beyaz
Büzgülü bengalin gömlek,1190.0,Gömlek ve Bluz,Açık mavi
Basic çift kumaş gömlek,1190.0,Gömlek ve Bluz,Beyaz
Basic çift kumaş gömlek,1190.0,Gömlek ve Bluz,Açık mavi
Korse tarzı poplin gömlek,1190.0,Gömlek ve Bluz,Beyaz
Kurdela detaylı saten gömlek,1490.0,Gömlek ve Bluz,Ekru
Katlı poplin etek,1590.0,Etek,Beyaz
Pullu midi etek,1490.0,Etek,Ekru
D62 denim şort etek,1490.0,Etek,Beyaz
D62 denim şort etek,1490.0,Etek,Kahverengi
D62 denim şort etek,1490.0,Etek,SOLUK EFEKTLİ AÇIK MAVİ DENIM
D62 denim şort etek,1490.0,Etek,SOLUK EFEKTLİ AÇIK ORTA MAVİ DENIM
D62 denim şort etek,1490.0,Etek,SOLUK EFEKTLİ DESIZED DENIM
D62 denim şort etek,1490.0,Etek,SOLUK EFEKTLİ İNCİ GRİSİ DENIM
D62 denim şort etek,1490.0,Etek,SOLUK EFEKTLİ PARÇA BOYAMA DENIM
D62 denim şort etek,1490.0,Etek,SOLUK EFEKTLİ ORTA MAVİ DENIM
Kemerli mini şort etek,1490.0,Etek,Kahverengi
Kemerli mini şort etek,1490.0,Etek,Siyah
Kemerli mini şort etek,1490.0,Etek,Koyu lacivert
Kemerli mini şort etek,1490.0,Etek,Açık gri
Kemerli mini şort etek,1490.0,Etek,Bej
D62 denim şort etek,1490.0,Etek,SOLUK EFEKTLİ SİYAH DENIM
D62 denim şort etek,1490.0,Etek,SOLUK EFEKTLİ KOYU GRİ DENIM
Bohem midi etek,1390.0,Etek,Beyaz
Bohem midi etek,1390.0,Etek,Siyah
Bohem midi etek,1390.0,Etek,Kahverengi
İşlemeli pareo mini şort etek,1790.0,Etek,Siyah
Yan yırtmaçlı şort etek,1190.0,Etek,Pembe
Yan yırtmaçlı şort etek,1190.0,Etek,Siyah
Yan yırtmaçlı şort etek,1190.0,Etek,Açık mavi
Yan yırtmaçlı şort etek,1190.0,Etek,Kırmızı
Yan yırtmaçlı şort etek,1190.0,Etek,Koyu Gri
Yan yırtmaçlı şort etek,1190.0,Etek,Açık sarı
Yan yırtmaçlı şort etek,1190.0,Etek,Kahverengi
Yan yırtmaçlı şort etek,1190.0,Etek,Bej
Yan yırtmaçlı şort etek,1190.0,Etek,Mor
Dantelli şort etek,1490.0,Etek,Siyah
Dantelli şort etek,1490.0,Etek,Ekru
Basic örme şort etek,990.0,Etek,Siyah
Katlı midi dökümlü etek,1190.0,Etek,Siyah
Asimetrik dantel midi etek,1590.0,Etek,Siyah
Asimetrik dantel midi etek,1590.0,Etek,Ekru
Asimetrik dantel midi etek,1590.0,Etek,Kahverengi
Şık şort etek,1490.0,Etek,Kahverengi
Şık şort etek,1490.0,Etek,Siyah
Yan yırtmaçlı şort etek,1190.0,Etek,Lacivert
Desenli pullu mini şort etek,1190.0,Etek,Bej
Balon kesim saten etek cepli,1490.0,Etek,Koyu yeşil
Bengal kumaş etek pantolon,1090.0,Etek,Siyah
Çivili denim etek,1590.0,Etek,SOLUK EFEKTLİ SİYAH DENIM
Akıcı katlı midi etek,1490.0,Etek,Beyaz
Suni süet mini şort etek,1490.0,Etek,Lacivert
Suni süet mini şort etek,1490.0,Etek,Kahverengi
D60 Basic denim mini etek,1190.0,Etek,SOLUK EFEKTLİ AÇIK ORTA MAVİ DENIM
D60 Basic denim mini etek,1190.0,Etek,SOLUK EFEKTLİ SİYAH DENIM
Pileli mini etek,1190.0,Etek,Kahverengi
Pileli mini etek,1190.0,Etek,Lacivert
Yan yırtmaçlı şort etek,1190.0,Etek,Beyaz
D60 Mini denim etek,1190.0,Etek,SOLUK EFEKTLİ ORTA MAVİ DENIM
D60 Mini denim etek,1190.0,Etek,SOLUK EFEKTLİ AÇIK MAVİ DENIM
D60 Mini denim etek,1190.0,Etek,SOLUK EFEKTLİ AÇIK ORTA MAVİ DENIM
Puantiye desenli tül midi etek,1190.0,Etek,Kahverengi
Puantiye desenli tül midi etek,1190.0,Etek,Ekru
Saten asimetrik midi etek,1790.0,Etek,Altın rengi
D62 Çivili denim şort etek,1690.0,Etek,SOLUK EFEKTLİ SİYAH DENIM
İşlemeli etek,1590.0,Etek,Mor
Poplin sivri uçlu midi etek,1590.0,Etek,Mavi
Kruvaze denim şort etek,1590.0,Etek,SOLUK EFEKTLİ ORTA MAVİ DENIM
Dökümlü nakışlı etek pantolon,1490.0,Etek,Beyaz
Asimetrik saten etek,1490.0,Etek,Kahverengi
Asimetrik saten etek,1490.0,Etek,Açık sarı
Volanlı mini şort etek,1490.0,Etek,Beyaz
Kemerli denim şort etek,1490.0,Etek,SOLUK EFEKTLİ DESIZED DENIM
Saten midi etek,1490.0,Etek,Siyah
Saten midi etek,1490.0,Etek,Kahverengi
Dantel mini etek,1190.0,Etek,Açık mavi
Mini şort etek,1190.0,Etek,Açık mavi
Geniş belli örgü şort etek,990.0,Etek,Koyu Gri
Asimetrik saten etek,1490.0,Etek,Ekru
Mini şardonlu etek,1190.0,Etek,Ekru
Lazer çiçek desenli denim şort etek,1590.0,Etek,SOLUK EFEKTLİ ORTA MAVİ DENIM
Dantel detaylı saten mini etek,1190.0,Etek,Koyu lacivert
Denim mini etek,1590.0,Etek,SOLUK EFEKTLİ AÇIK ORTA MAVİ DENIM
Dantelli midi etek,1590.0,Etek,Açık mavi
Uzun balon poplin etek,1590.0,Etek,Altın rengi
Saten mini pareo etek,1090.0,Etek,Lacivert
Mini şort etek,1190.0,Etek,Haki
Mini şort etek,1190.0,Etek,Siyah
Mini işlemeli şort etek,1790.0,Etek,Kahverengi
Dantel detaylı şort etek,990.0,Etek,Siyah
Dantel detaylı şort etek,990.0,Etek,Açık gri
Volanlı dökümlü etek pantolon,1190.0,Etek,Beyaz
Volanlı dökümlü etek pantolon,1190.0,Etek,Siyah
İşlemeli çizgili pareo şort etek,1490.0,Etek,Pembe
Volanlı konumlandırmalı triko etek,1490.0,Etek,Bej
Kemerli denim şort etek,1490.0,Etek,SOLUK EFEKTLİ ORTA MAVİ DENIM
Çizgili uzun asimetrik etek,1590.0,Etek,Lacivert
One Dilemma çivili şort etek,2990.0,Etek,SOLUK EFEKTLİ SİYAH DENIM
One Dilemma parlak denim şort etek,3690.0,Etek,SOLUK EFEKTLİ PARÇA BOYAMA DENIM
Dantel midi etek,1590.0,Etek,Açık mavi
Büzgülü dantel midi etek,1590.0,Etek,Ekru
"Yumuşak dokulu, açık omuzlu sweatshirt",1490.0,Sweatshirt,Koyu lacivert
"Yumuşak dokulu, açık omuzlu sweatshirt",1490.0,Sweatshirt,Siyah
"Yumuşak dokulu, açık omuzlu sweatshirt",1490.0,Sweatshirt,Koyu mavi
"Yumuşak dokulu, açık omuzlu sweatshirt",1490.0,Sweatshirt,Pembe
"Yumuşak dokulu, açık omuzlu sweatshirt",1490.0,Sweatshirt,Gri
"Yumuşak dokulu, açık omuzlu sweatshirt",1490.0,Sweatshirt,Kahverengi
"Yumuşak dokulu, açık omuzlu sweatshirt",1490.0,Sweatshirt,Krem rengi
Yumuşak dokulu fermuarlı sweatshirt,1590.0,Sweatshirt,Mor
Yumuşak dokulu fermuarlı sweatshirt,1590.0,Sweatshirt,Siyah
Yumuşak dokulu fermuarlı sweatshirt,1590.0,Sweatshirt,Koyu lacivert
Yumuşak dokulu fermuarlı sweatshirt,1590.0,Sweatshirt,Açık mavi
Baskılı kapüşonlu bomber sweatshirt,1690.0,Sweatshirt,Açık gri
Baskılı kapüşonlu bomber sweatshirt,1690.0,Sweatshirt,Açık sarı
Yumuşak dokulu fermuarlı sweatshirt,1490.0,Sweatshirt,Krem rengi
Yumuşak dokulu fermuarlı sweatshirt,1490.0,Sweatshirt,Kahverengi
Yumuşak dokulu basic sweatshirt,1190.0,Sweatshirt,Siyah
Yumuşak dokulu basic sweatshirt,1190.0,Sweatshirt,Kahverengi
Yumuşak dokulu basic sweatshirt,1190.0,Sweatshirt,Krem rengi
Kayık yaka oversize sweatshirt,1590.0,Sweatshirt,Koyu Gri
İşlemeli kapüşonlu sweatshirt,1010.0,Sweatshirt,Bordo
Baskılı kapüşonlu bomber sweatshirt,1690.0,Sweatshirt,Siyah
Desenli geniş yaka sweatshirt,1590.0,Sweatshirt,Ekru
Yumuşak dokulu yan fermuarlı sweatshirt,1590.0,Sweatshirt,Bej
Yumuşak dokulu yan fermuarlı sweatshirt,1590.0,Sweatshirt,Siyah
Yumuşak dokulu yan fermuarlı sweatshirt,1590.0,Sweatshirt,Açık gri
Yumuşak dokulu yan fermuarlı sweatshirt,1590.0,Sweatshirt,Kahverengi
Yumuşak dokulu yan fermuarlı sweatshirt,1590.0,Sweatshirt,0-526
Fermuarlı ve işlemeli sweatshirt,1590.0,Sweatshirt,Kırmızı
Dik yakalı fermuarlı sweatshirt,1490.0,Sweatshirt,Pembe
Dik yakalı fermuarlı sweatshirt,1490.0,Sweatshirt,Ekru
Dik yakalı fermuarlı sweatshirt,1490.0,Sweatshirt,Koyu lacivert
Dik yakalı fermuarlı sweatshirt,1490.0,Sweatshirt,Kırmızı
Yumuşak dokunuşlu sweatshirt,1490.0,Sweatshirt,Lacivert
Yumuşak dokunuşlu sweatshirt,1490.0,Sweatshirt,Siyah
Yumuşak dokunuşlu sweatshirt,1490.0,Sweatshirt,Kahverengi
Yumuşak dokunuşlu sweatshirt,1490.0,Sweatshirt,Krem rengi
Yıkanmış görünümlü kısa sweatshirt,1190.0,Sweatshirt,Koyu Gri
Yıkanmış görünümlü kısa sweatshirt,1190.0,Sweatshirt,Pembe
Yıkanmış görünümlü kısa sweatshirt,1190.0,Sweatshirt,Bej
Yıldız kapüşonlu sweatshirt,1070.0,Sweatshirt,Lacivert
Kontrast fermuarlı sweatshirt,1790.0,Sweatshirt,Açık mavi
Kısa kollu kapüşonlu sweatshirt,1490.0,Sweatshirt,Ekru
New York baskılı kısa kollu sweatshirt,1090.0,Sweatshirt,Açık sarı
Uzun kollu bisiklet yaka metin sweatshirt,1590.0,Sweatshirt,Açık sarı
Payetli kanatlı kayık yaka sweatshirt,1490.0,Sweatshirt,Açık mavi
Yumuşak dokulu yarasa kollu sweatshirt,1490.0,Sweatshirt,Krem rengi
Yumuşak dokulu yarasa kollu sweatshirt,890.0,Sweatshirt,Siyah
Yumuşak dokulu yarasa kollu sweatshirt,1490.0,Sweatshirt,Koyu lacivert
Yumuşak dokulu yarasa kollu sweatshirt,1490.0,Sweatshirt,Açık gri
Kayık yaka baskılı sweatshirt,950.0,Sweatshirt,Koyu Gri
Baskılı kapüşonlu sweatshirt,1690.0,Sweatshirt,Koyu Gri
Basic omuz dekolteli sweatshirt,1190.0,Sweatshirt,Bej
Basic omuz dekolteli sweatshirt,1190.0,Sweatshirt,Siyah
Basic omuz dekolteli sweatshirt,1190.0,Sweatshirt,Koyu lacivert
Basic omuz dekolteli sweatshirt,1190.0,Sweatshirt,Açık gri
Yumuşak dokulu interlok sweatshirt,1590.0,Sweatshirt,Koyu Gri
Yumuşak dokulu interlok sweatshirt,950.0,Sweatshirt,Açık gri
Zımba işlemeli kapüşonlu sweatshirt,1070.0,Sweatshirt,Koyu gri
Zımba işlemeli kapüşonlu sweatshirt,1070.0,Sweatshirt,Ekru
Saten etekli Sweatshirt,1790.0,Sweatshirt,Kahverengi
İşlemeli kombin sweatshirt,890.0,Sweatshirt,Koyu Gri
Basic desenli sweatshirt,1490.0,Sweatshirt,Ekru
Kontrast crop sweatshirt,710.0,Sweatshirt,Koyu lacivert
Posizyonel yıkama efektli kapüşonlu sweatshirt,1690.0,Sweatshirt,Bej
İşlemeli polo sweatshirt,1590.0,Sweatshirt,Koyu lacivert
Çizgili işlemeli sweatshirt,1590.0,Sweatshirt,Lacivert
Simli kapüşonlu sweatshirt,1070.0,Sweatshirt,Lacivert
Simli kapüşonlu sweatshirt,1070.0,Sweatshirt,Açık gri
Yumuşak dokulu acid wash sweatshirt,1010.0,Sweatshirt,Koyu Gri
Yumuşak dokulu çizgili sweatshirt,1790.0,Sweatshirt,Koyu gri
Zımbalı sweatshirt,1590.0,Sweatshirt,Siyah
Fiyonklu sneakerina,1990.0,İkili takımlar,BEYAZ
Saten Brezilya bikini külot,590.0,Bikini ve Mayo,Ekru
Saten Brezilya bikini külot,590.0,Bikini ve Mayo,Siyah
Parlak taşlı denizyıldızı küpe,490.0,Bikini ve Mayo,Altın rengi
Saten üçgen bikini üstü,790.0,Bikini ve Mayo,Ekru
Saten üçgen bikini üstü,790.0,Bikini ve Mayo,Siyah
Sedefli dairesel küpeler,490.0,Bikini ve Mayo,Altın rengi
EVA platform parmak arası terlik,1790.0,Bikini ve Mayo,SİYAH
Parmak arası düz sandalet,1590.0,Bikini ve Mayo,SİYAH
Saten balkonet bikini üstü,990.0,Bikini ve Mayo,Açık mavi
Saten balkonet bikini üstü,990.0,Bikini ve Mayo,Kahverengi
Basic saten Brezilya bikini altı,590.0,Bikini ve Mayo,Açık mavi
Basic saten Brezilya bikini altı,590.0,Bikini ve Mayo,Kahverengi
ÇİÇEK İŞLEMELİ ÜÇGEN BİKİNİ ÜSTÜ,1090.0,Bikini ve Mayo,Siyah
Brezilya modeli çiçek işlemeli bikini külotu,990.0,Bikini ve Mayo,Siyah
Çiçek işlemeli hotpant külot,1090.0,Bikini ve Mayo,Siyah
İşlemeli mini etek,1590.0,Bikini ve Mayo,Kahverengi
İşlemeli mini etek,1590.0,Bikini ve Mayo,Siyah
İşlemeli mini etek,1590.0,Bikini ve Mayo,Açık mavi
Parlak taşlı deniz kabuğu küpe,590.0,Bikini ve Mayo,Ekru
Bağcıklı zımbalı bikini külodu,990.0,Bikini ve Mayo,Kahverengi
Bağcıklı zımbalı bikini külodu,990.0,Bikini ve Mayo,Siyah
Desenli balkonet bikini üstü,990.0,Bikini ve Mayo,Bej
Basic Brezilya modeli külot bikini altı,790.0,Bikini ve Mayo,Bej
Basic Brezilya modeli külot bikini altı,790.0,Bikini ve Mayo,Siyah
Deniz kabuklu sallantılı küpe,590.0,Bikini ve Mayo,Altın rengi
Saten yüzeyli üçgen bikini üstü,790.0,Bikini ve Mayo,Mor
Saten Brezilya modeli bikini külotu,590.0,Bikini ve Mayo,Mor
Zımbalı fırfırlı mini etek,1590.0,Bikini ve Mayo,Ekru
Zımbalı fırfırlı mini etek,1590.0,Bikini ve Mayo,Koyu Gri
Zımbalı fırfırlı mini etek,1590.0,Bikini ve Mayo,Kahverengi
Saten yüzeyli baskılı üçgen bikini üstü,790.0,Bikini ve Mayo,Ekru
Brezilya modeli külot saten yüzeyli baskılı bikini altı,790.0,Bikini ve Mayo,Ekru
Güneş tokalı bandeau bikini üstü,1090.0,Bikini ve Mayo,Siyah
Zımba detaylı üçgen bikini üstü,1090.0,Bikini ve Mayo,Kahverengi
Zımba detaylı üçgen bikini üstü,1090.0,Bikini ve Mayo,Siyah
Askılı fırfırlı kısa elbise,1590.0,Bikini ve Mayo,Ekru
Askılı fırfırlı kısa elbise,1590.0,Bikini ve Mayo,Koyu lacivert
Büyük zımba detaylı bikini üstü,1190.0,Bikini ve Mayo,Ekru
Büyük zımbalı Brezilya bikini külotu,1090.0,Bikini ve Mayo,Ekru
U yaka straplez bikini üstü,990.0,Bikini ve Mayo,Siyah
Parlak üçgen bikini üstü,990.0,Bikini ve Mayo,Koyu lacivert
Parlak üçgen bikini üstü,990.0,Bikini ve Mayo,Siyah
Parlak üçgen bikini üstü,990.0,Bikini ve Mayo,Kahverengi
Parlak Brezilya bikini altı,790.0,Bikini ve Mayo,Koyu lacivert
Parlak Brezilya bikini altı,790.0,Bikini ve Mayo,Siyah
Parlak Brezilya bikini altı,790.0,Bikini ve Mayo,Kahverengi
Kroşe efektli sepet crossbody çanta,1590.0,Bikini ve Mayo,Ekru
Kroşe efektli sepet crossbody çanta,1590.0,Bikini ve Mayo,Kahverengi
Arkası bağcıklı dökümlü kısa elbise,1590.0,Bikini ve Mayo,Kahverengi
Arkası bağcıklı dökümlü kısa elbise,1590.0,Bikini ve Mayo,Ekru
Arkası bağcıklı dökümlü kısa elbise,1590.0,Bikini ve Mayo,Açık mavi
Zımba detaylı fırfırlı elbise,1690.0,Bikini ve Mayo,Koyu Gri
Kanvas tote çanta,1590.0,Bikini ve Mayo,Siyah
Kanvas tote çanta,1590.0,Bikini ve Mayo,Ekru
Parmak arası sandalet,1790.0,Bikini ve Mayo,KAHVERENGİ
Taş detaylı düz sandalet,1790.0,Bikini ve Mayo,KAHVERENGİ
Taş detaylı düz sandalet,1790.0,Bikini ve Mayo,EKRU
Kanvas mini yarım ay omuz çantası,1090.0,Bikini ve Mayo,Ekru
Kontrast kanvas çapraz askılı çanta,990.0,Bikini ve Mayo,Kahverengi
Kontrast kanvas çapraz askılı çanta,990.0,Bikini ve Mayo,Ekru
Parıltılı yengeç kolye,790.0,Bikini ve Mayo,Kırmızı
Metalik iplikli kroşe tote çanta,1690.0,Bikini ve Mayo,Ekru
Metalik iplikli kroşe tote çanta,1690.0,Bikini ve Mayo,Gri
Metalik iplikli kroşe tote çanta,1690.0,Bikini ve Mayo,Kahverengi
Parlak taşlı yengeç küpe,590.0,Bikini ve Mayo,Kırmızı
Deniz temalı mini charm kolye,790.0,Bikini ve Mayo,Altın rengi
9'lu yengeç ve parlak taşlı küpe seti,590.0,Bikini ve Mayo,Kırmızı
6'lı mini çiçekli toka seti,490.0,Bikini ve Mayo,Ekru
2'li mineli bileklik seti,790.0,Bikini ve Mayo,Altın rengi
Denizyıldızı küpeler,490.0,Bikini ve Mayo,Gri
5'li deniz temalı yüzük seti,490.0,Bikini ve Mayo,Gri
Metal kilitli kroşe omuz çantası,1190.0,Bikini ve Mayo,Ekru
Metal kilitli kroşe omuz çantası,1190.0,Bikini ve Mayo,Kahverengi
7'li parlak yengeç yüzük seti,490.0,Bikini ve Mayo,Kırmızı
Yıldız detaylı sallantılı küpe,490.0,Bikini ve Mayo,Mavi
Kanvas omuz çantası,1590.0,Bikini ve Mayo,Ekru
Kanvas omuz çantası,1590.0,Bikini ve Mayo,Kahverengi
Kroşe detaylı çapraz askılı çanta,990.0,Bikini ve Mayo,Kahverengi
Kroşe detaylı çapraz askılı çanta,990.0,Bikini ve Mayo,Ekru
Kroşe omuz çantası,2290.0,Bikini ve Mayo,Ekru
Kroşe omuz çantası,2290.0,Bikini ve Mayo,Kahverengi
3'lü deniz kabuğu mine yüzük seti,790.0,Bikini ve Mayo,Ekru
9'lu deniz kabuğu küpe seti,590.0,Bikini ve Mayo,Altın rengi
Hasır görünümlü zarf çapraz askılı çanta,990.0,Bikini ve Mayo,Ekru
Hasır görünümlü zarf çapraz askılı çanta,990.0,Bikini ve Mayo,Kahverengi
3’lü çiçekli saç tokası seti,490.0,Bikini ve Mayo,Ekru
Pullu omuz çantası,1590.0,Bikini ve Mayo,Kahverengi
Pullu kroşe çanta,1590.0,Bikini ve Mayo,Ekru
Aynalı büyük omuz çantası,1590.0,Bikini ve Mayo,Kahverengi
Aynalı büyük omuz çantası,1590.0,Bikini ve Mayo,Ekru
Mini deniz charm'lı çok yönlü kolye,790.0,Bikini ve Mayo,Altın rengi
3'lü deniz kabuğu uçlu kolye seti,790.0,Bikini ve Mayo,Altın rengi
N.122 sunset monoi saç ve vücut parfümü,790.0,Bikini ve Mayo,Altın rengi
2'li deniz temalı charm ve örgü kolye seti,590.0,Bikini ve Mayo,Mavi
Parlak taşlı istakoz küpeler,590.0,Bikini ve Mayo,Kırmızı
2'li parlak deniz kabuğu yüzük seti,590.0,Bikini ve Mayo,Gri
Hasır şapka,1190.0,Bikini ve Mayo,Kahverengi
Hasır şapka,1190.0,Bikini ve Mayo,Bej
Aynalı güneş efektli örgü kolye,490.0,Bikini ve Mayo,Kahverengi
Denizyıldızı küpeler,490.0,Bikini ve Mayo,Altın rengi
Deniz temalı mini charm çok yönlü kolye,790.0,Bikini ve Mayo,Altın rengi
2'li mineli deniz kabuğu küpe seti,590.0,Bikini ve Mayo,Altın rengi
Eklemli balık küpe,590.0,Bikini ve Mayo,Altın rengi
Pullu sepet omuz çantası,1790.0,Bikini ve Mayo,Kahverengi
Pullu sepet omuz çantası,1790.0,Bikini ve Mayo,Siyah
Deniz kabuklu sallantılı küpe,490.0,Bikini ve Mayo,Gri
Parlak deniz kabuğu küpe,490.0,Bikini ve Mayo,Gri
2'li muz toka seti,450.0,Bikini ve Mayo,Açık pembe
Metalik iplik kroşe büzgülü çanta,1490.0,Bikini ve Mayo,Ekru
Metalik iplik kroşe büzgülü çanta,1490.0,Bikini ve Mayo,Kahverengi
Çok işlevli mini deniz kabuklu kolye,990.0,Bikini ve Mayo,Altın rengi
Aynalı mini kroşe çapraz askılı çanta,990.0,Bikini ve Mayo,Ekru
Aynalı mini kroşe çapraz askılı çanta,990.0,Bikini ve Mayo,Lacivert
Aynalı mini kroşe çapraz askılı çanta,990.0,Bikini ve Mayo,Kahverengi
3'lü spiral kolye seti,790.0,Bikini ve Mayo,Altın rengi
Deniz kabuğu charm'lı örgü kolye,790.0,Bikini ve Mayo,Ekru
2'li boncuklu ve deniz kabuğu charm kolye seti,790.0,Bikini ve Mayo,Amber
Çok boncuklu halka küpeler,590.0,Bikini ve Mayo,Beyaz
3'lü yıldız ve emaye halka küpe seti,590.0,Bikini ve Mayo,Mavi
3'lü deniz kızı charm kolye seti,590.0,Bikini ve Mayo,Altın rengi
Zımbalı saç tokası,450.0,Bikini ve Mayo,Kahverengi
Sedefli dokuma kolye,590.0,Bikini ve Mayo,Ekru
Balık ve zımba detaylı küpe,490.0,Bikini ve Mayo,Altın rengi
Deniz kabuklu küpeler,490.0,Bikini ve Mayo,Altın rengi
2'li metal muz toka seti,490.0,Bikini ve Mayo,Altın rengi
Çizgili saç tokası,450.0,Bikini ve Mayo,Mavi
Çizgili saç tokası,450.0,Bikini ve Mayo,Açık pembe
Pullu mini tote çanta,1590.0,Bikini ve Mayo,Kahverengi
Kontrast çapraz askılı çanta,1090.0,Bikini ve Mayo,Kahverengi
Aynalı kroşe omuz çantası,1190.0,Bikini ve Mayo,Lacivert
Aynalı kroşe omuz çantası,1190.0,Bikini ve Mayo,Ekru
Aynalı kroşe omuz çantası,1190.0,Bikini ve Mayo,Kahverengi
D93 uzun denim şort,1490.0,Jean,SOLUK EFEKTLİ ORTA MAVİ DENIM
D93 uzun denim şort,1490.0,Jean,Beyaz
D93 uzun denim şort,1490.0,Jean,SOLUK EFEKTLİ PARÇA BOYAMA DENIM
D93 uzun denim şort,1490.0,Jean,SOLUK EFEKTLİ KOYU GRİ DENIM
D93 uzun denim şort,1490.0,Jean,SOLUK EFEKTLİ AÇIK ORTA MAVİ DENIM
D93 uzun denim şort,1490.0,Jean,SOLUK EFEKTLİ AÇIK MAVİ DENIM
D75 yırtık denim şort,1190.0,Jean,SOLUK EFEKTLİ ORTA MAVİ DENIM
D75 yırtık denim şort,1190.0,Jean,Beyaz
D75 yırtık denim şort,1190.0,Jean,SOLUK EFEKTLİ AÇIK MAVİ DENIM
D75 yırtık denim şort,1190.0,Jean,SOLUK EFEKTLİ AÇIK ORTA MAVİ DENIM
D75 yırtık denim şort,1190.0,Jean,SOLUK EFEKTLİ PARÇA BOYAMA DENIM
D75 yırtık denim şort,1190.0,Jean,SOLUK EFEKTLİ KOYU GRİ DENIM
D75 yırtık denim şort,1190.0,Jean,SOLUK EFEKTLİ SİYAH DENIM
D85 Mom Fit Dar Kesim Şort,1090.0,Jean,SOLUK EFEKTLİ AÇIK MAVİ DENIM
D85 Mom Fit Dar Kesim Şort,1090.0,Jean,SOLUK EFEKTLİ SİYAH DENIM
Hakim yaka düğmeli triko hırka,1090.0,Triko,Kırmızı
Hakim yaka düğmeli triko hırka,1090.0,Triko,Koyu lacivert
Geniş yaka çift katlı kazak,1590.0,Triko,Koyu lacivert
Geniş yaka çift katlı kazak,1590.0,Triko,Pembe
Geniş yaka çift katlı kazak,1590.0,Triko,Açık gri
Pelerin model şeritli triko kazak,1490.0,Triko,Ekru
Basic pelerin kesim kazak,1090.0,Triko,Ekru
Basic pelerin kesim kazak,1090.0,Triko,Kahverengi
Basic pelerin kesim kazak,1090.0,Triko,Haki
Önü açık triko hırka,990.0,Triko,Kahverengi
Triko hırka,1090.0,Triko,Lacivert
Triko hırka,1090.0,Triko,Açık gri
Triko hırka,1090.0,Triko,Kahverengi
Kruvaze hırka,1490.0,Triko,Siyah
Kruvaze hırka,1490.0,Triko,Açık pembe
Triko hırka yarasa kollu kurdeleli,1590.0,Triko,Ekru
Asimetrik kesim fitilli triko kazak,1490.0,Triko,Pembe
Asimetrik kesim fitilli triko kazak,1490.0,Triko,Ekru
İnce triko pelerin,1190.0,Triko,Ekru
İnce triko pelerin,1190.0,Triko,Kahverengi
Crop geniş yaka kazak,1190.0,Triko,Bordo
Crop geniş yaka kazak,1190.0,Triko,Ekru
Crop geniş yaka kazak,1190.0,Triko,Açık mavi
Crop geniş yaka kazak,1190.0,Triko,Koyu gri
Fermuarlı örgü kazak,1790.0,Triko,Kahverengi
Fermuarlı örgü kazak,1790.0,Triko,Siyah
Fermuarlı örgü kazak,1790.0,Triko,Lacivert
Angel çizgili triko kazak,1590.0,Triko,Ekru
Bisiklet yaka triko kazak,1590.0,Triko,Koyu gri
Basic triko kazak,1590.0,Triko,Krem rengi
Basic triko kazak,1590.0,Triko,Koyu Gri
Düğmeli triko hırka,1590.0,Triko,Ekru
Düğmeli triko hırka,1590.0,Triko,Lacivert
Düğmeli triko hırka,1590.0,Triko,Bordo
Çizgili crop örgü kazak,1490.0,Triko,Ekru
Çizgili crop örgü kazak,890.0,Triko,Kırmızı
Çizgili crop örgü kazak,1490.0,Triko,Koyu Gri
Çizgili crop örgü kazak,890.0,Triko,Kahverengi
Asimetrik triko kazak,1190.0,Triko,Koyu Gri
Asimetrik triko kazak,1190.0,Triko,Siyah
Asimetrik triko kazak,1190.0,Triko,Açık mavi
Asimetrik triko kazak,710.0,Triko,Kırmızı
Asimetrik triko kazak,1190.0,Triko,Kahverengi
Asimetrik triko kazak,1190.0,Triko,Krem rengi
İnce çizgili triko kazak,1190.0,Triko,Açık sarı
İnce çizgili triko kazak,1190.0,Triko,Açık mavi
Geniş yaka triko kazak,1190.0,Triko,Ekru
Kısa geniş yaka örgü elbise,1190.0,Triko,0-662
Kısa geniş yaka örgü elbise,1190.0,Triko,Siyah
Kısa geniş yaka örgü elbise,1190.0,Triko,Kahverengi
Örme bantlı top,990.0,Triko,Ekru
V yaka yarasa kollu kazak,890.0,Triko,Ekru
V yaka yarasa kollu kazak,890.0,Triko,Koyu mavi
V yaka yarasa kollu kazak,890.0,Triko,Pembe
Bugs Bunny triko polo kazak,1790.0,Triko,Pembe
Ajurlu bolero,1190.0,Triko,Ekru
Ajurlu bolero,1190.0,Triko,Haki
Geniş yaka triko kazak,1590.0,Triko,Açık mavi
Geniş yaka triko kazak,1590.0,Triko,Kırmızı
Hakim yaka triko hırka,1790.0,Triko,Koyu lacivert
"Kısa kollu, üst üste binmeli triko kazak",1190.0,Triko,Koyu mavi
Basic yumuşak dokulu örgü kazak,1490.0,Triko,Lacivert
Basic yumuşak dokulu örgü kazak,1490.0,Triko,Ekru
Basic yumuşak dokulu örgü kazak,1490.0,Triko,Açık gri
Omuz vatkalı triko kazak,1590.0,Triko,Koyu Gri
Omuz vatkalı triko kazak,1590.0,Triko,Siyah
Omuz vatkalı triko kazak,1590.0,Triko,Ekru
File örgülü kayık yaka kazak,1590.0,Triko,Ekru
File örgülü kayık yaka kazak,1590.0,Triko,Açık mavi
Geniş kollu triko kazak,1090.0,Triko,Kahverengi
Geniş kollu triko kazak,1090.0,Triko,Açık mavi
Geniş kollu triko kazak,1090.0,Triko,Açık gri
Yarasa kollu triko hırka,1490.0,Triko,Ekru
Yarasa kollu triko hırka,1490.0,Triko,Kahverengi
Düğmeli örgü triko hırka,1490.0,Triko,Lacivert
Düğmeli örgü triko hırka,1490.0,Triko,Ekru
Düğmeli örgü triko hırka,1490.0,Triko,Kahverengi
Reglan kollu düğmeli triko hırka,1590.0,Triko,Kahverengi
Reglan kollu düğmeli triko hırka,950.0,Triko,Açık mavi
Reglan kollu düğmeli triko hırka,950.0,Triko,Kırmızı
Metalik iplikli triko kazak One Dilemma,1490.0,Triko,Siyah
Asimetrik yıldız triko kazak,1590.0,Triko,Kahverengi
Düğmeli triko hırka,1190.0,Triko,Siyah
Düğmeli triko hırka,710.0,Triko,Kahverengi
Çizgili vücuda oturan triko kazak,1090.0,Triko,Açık mavi
Çizgili vücuda oturan triko kazak,1090.0,Triko,Koyu lacivert
Asimetrik örgü kazak,1490.0,Triko,Açık sarı
Asimetrik örgü kazak,1490.0,Triko,Siyah
Asimetrik örgü kazak,890.0,Triko,Ekru
Asimetrik örgü kazak,1490.0,Triko,Açık gri
Asimetrik örgü kazak,1490.0,Triko,Kahverengi
Asimetrik açık omuz triko kazak,1590.0,Triko,Ekru
Basic yumuşak triko kazak,1590.0,Triko,Koyu Gri
Basic yumuşak triko kazak,1590.0,Triko,Ekru
Basic yumuşak triko kazak,1590.0,Triko,Kahverengi
Basic yumuşak dokulu triko kazak,1590.0,Triko,Koyu lacivert
Yumuşak dokunuşlu kayık yaka triko Kazak,1590.0,Triko,Kahverengi
Yumuşak dokunuşlu kayık yaka triko Kazak,950.0,Triko,Lacivert
Yumuşak dokunuşlu kayık yaka triko Kazak,1590.0,Triko,Açık gri
Çizgili dik yaka kısa triko elbise,1790.0,Triko,Mor
"Çıkarılabilir yakalı, çift kumaşlı triko kazak",1690.0,Triko,Lacivert
"Çıkarılabilir yakalı, çift kumaşlı triko kazak",1690.0,Triko,Kahverengi
İki farklı kumaşlı triko kazak,1070.0,Triko,Açık mavi
Poplin halter midi elbise,1790.0,Elbise,Mavi
Saten boncuklu uzun tulum,1590.0,Elbise,Kahverengi
"Keten karışımlı, kısa, dantel elbis",1590.0,Elbise,Kahverengi
"Keten karışımlı, kısa, dantel elbis",1590.0,Elbise,Turuncu
İki malzemeli midi elbise,2290.0,Elbise,Krem rengi
Kolsuz iki malzemeli kemerli midi elbise,1790.0,Elbise,Kahverengi
Kolsuz iki malzemeli kemerli midi elbise,1790.0,Elbise,Koyu lacivert
Desenli puantiyeli kolsuz tül midi elbise,1590.0,Elbise,Kahverengi
Halter yaka boncuk detaylı midi elbise,1790.0,Elbise,Lacivert
Denim midi elbise,1790.0,Elbise,SOLUK EFEKTLİ PARÇA BOYAMA DENIM
Denim midi elbise,1790.0,Elbise,SOLUK EFEKTLİ AÇIK ORTA MAVİ DENIM
Qipao tarzı kısa elbise,1590.0,Elbise,Siyah
Qipao tarzı kısa elbise,1590.0,Elbise,Kahverengi
Desenli tül fularlı midi elbise,1590.0,Elbise,Açık pembe
Desenli tül fularlı midi elbise,1590.0,Elbise,Altın rengi
Saten yüzeyli midi elbise,1590.0,Elbise,Kahverengi
Saten yüzeyli midi elbise,1590.0,Elbise,Altın rengi
Düğmeli kolsuz kısa elbise,1790.0,Elbise,Koyu lacivert
Kare yaka bengalin midi elbise,1590.0,Elbise,Haki
Keten görünümlü çapraz sırtlı midi elbise,1790.0,Elbise,Kahverengi
Keten görünümlü çapraz sırtlı midi elbise,1790.0,Elbise,Lacivert
Keten görünümlü çapraz sırtlı midi elbise,1790.0,Elbise,Haki
Sırtı Düğümlü Midi Elbise,1590.0,Elbise,Siyah
Qipao yaka tül midi elbise,1590.0,Elbise,Lacivert
Kısa denim elbise,1590.0,Elbise,SOLUK EFEKTLİ PARÇA BOYAMA DENIM
Halter yaka işlemeli uzun elbise,2290.0,Elbise,Kahverengi
Payetli kısa denim elbise,2290.0,Elbise,SOLUK EFEKTLİ AÇIK ORTA MAVİ DENIM
Kısa vücuda oturan büzgülü elbise,1190.0,Elbise,Kahverengi
Kısa vücuda oturan büzgülü elbise,1190.0,Elbise,Kırmızı
Askılı blonda midi elbise,1590.0,Elbise,Kahverengi
Asimetrik dantelli elbise,1590.0,Elbise,Açık mavi
Metalik İplikli Halter Midi Elbise,1590.0,Elbise,Kahverengi
Kolsuz bengalin midi elbise,1590.0,Elbise,Lacivert
Kolsuz bengalin midi elbise,1590.0,Elbise,Kahverengi
Uzun kolsuz düz tulum,1490.0,Elbise,Lacivert
Asimetrik kısa elbise zımba detaylı,1490.0,Elbise,Haki
Dökümlü uzun askılı tulum,1490.0,Elbise,Kahverengi
Dökümlü uzun askılı tulum,1490.0,Elbise,Siyah
Halter fular denim tulum,2490.0,Elbise,SOLUK EFEKTLİ AÇIK ORTA MAVİ DENIM
Boncuklu askılı uzun elbise,1790.0,Elbise,Ekru
Boncuklu askılı uzun elbise,1790.0,Elbise,Siyah
"Sırtı çapraz, dökümlü uzun elbise",1690.0,Elbise,Siyah
"Sırtı çapraz, dökümlü uzun elbise",1690.0,Elbise,Kahverengi
Kısa pelerin elbise,1590.0,Elbise,Kahverengi
Saten halter kısa elbise,1590.0,Elbise,Koyu lacivert
Saten halter kısa elbise,1590.0,Elbise,Açık mavi
Asimetrik saten yüzeyli kısa elbise,1590.0,Elbise,Koyu lacivert
Asimetrik saten yüzeyli kısa elbise,1590.0,Elbise,Açık pembe
Asimetrik saten yüzeyli kısa elbise,1590.0,Elbise,Kahverengi
Açık sırtlı halter yaka midi elbise,1590.0,Elbise,Açık mavi
Saten görünümlü dökümlü uzun elbise,1590.0,Elbise,Koyu bej
İki malzemeli askılı midi elbise,1590.0,Elbise,Açık mavi
Dantelli uzun askılı örgü elbise,1190.0,Elbise,Siyah
Asimetrik drape detaylı kısa elbise,1690.0,Elbise,Siyah
V Yaka Kısa Elbise,1590.0,Elbise,Koyu mavi
Boncuk işlemeli kısa elbise,1790.0,Elbise,Mavi
Sırtı açık halter midi elbise,1790.0,Elbise,Fuşya
Kare yaka bengalin midi elbise,1590.0,Elbise,Krem rengi
Dantel detaylı kısa elbise,1690.0,Elbise,Ekru
Dantel detaylı kısa elbise,1690.0,Elbise,Pembe
Kısa jile elbise,1490.0,Elbise,Koyu lacivert
Saten görünümlü elbise,1790.0,Elbise,Kahverengi
Saten yüzeyli halter tulum,1790.0,Elbise,Kahverengi
Desenli kısa tül elbise,1190.0,Elbise,Koyu bej
Asimetrik kısa elbise,1190.0,Elbise,Siyah
Distressed denim şort,1190.0,Şort ve Bermuda,SOLUK EFEKTLİ AÇIK ORTA MAVİ DENIM
Yıldız detaylı mini denim şort,1490.0,Şort ve Bermuda,SOLUK EFEKTLİ AÇIK ORTA MAVİ DENIM
Kemerli denim bermuda,1590.0,Şort ve Bermuda,SOLUK EFEKTLİ AÇIK MAVİ DENIM
Kemerli denim bermuda,1590.0,Şort ve Bermuda,SOLUK EFEKTLİ ORTA MAVİ DENIM
Yıldızlı denim şort,1190.0,Şort ve Bermuda,SOLUK EFEKTLİ AÇIK ORTA MAVİ DENIM
Katlamalı paçalı denim şort,1490.0,Şort ve Bermuda,SOLUK EFEKTLİ ORTA MAVİ DENIM
Katlamalı paçalı denim şort,1490.0,Şort ve Bermuda,SOLUK EFEKTLİ AÇIK ORTA MAVİ DENIM
D79 düşük bel şort,1190.0,Şort ve Bermuda,SOLUK EFEKTLİ PARÇA BOYAMA DENIM
D79 düşük bel şort,1190.0,Şort ve Bermuda,SOLUK EFEKTLİ AÇIK ORTA MAVİ DENIM
D79 düşük bel şort,1190.0,Şort ve Bermuda,SOLUK EFEKTLİ ORTA MAVİ DENIM
D79 düşük bel şort,1190.0,Şort ve Bermuda,Beyaz
Kemerli denim bermuda şort,1590.0,Şort ve Bermuda,Beyaz
Çapraz bantlı sneakerina,1790.0,Spor ayakkabı > SNEAKERINAS,PEMBE
Fiyonklu Sneakerinas,1790.0,Spor ayakkabı > SNEAKERINAS,BEYAZ
Deri detaylı spor balerin ayakkabı,1990.0,Spor ayakkabı > SNEAKERINAS,PEMBE
Deri fiyonklu sneakerina,2490.0,Spor ayakkabı > SNEAKERINAS,BEJ
Sneakerina file,1990.0,Spor ayakkabı > SNEAKERINAS,SİYAH
Geniş topuklu Mary Jane,1990.0,Topuklu ayakkabı > Kitten,KAHVERENGİ
V yaka topuklu ayakkabı,1990.0,Topuklu ayakkabı > Kitten,EKRU
Pencere detaylı kısa sivri topuklu ayakkabı,1990.0,Topuklu ayakkabı > Kitten,SİYAH
Deri detaylı kısa sivri topuklu sandalet,2490.0,Topuklu ayakkabı > Kitten,KAHVERENGİ
Kısa sivri topuklu deri ayakkabı,2490.0,Topuklu ayakkabı > Kitten,KAHVERENGİ
Basic topuklu ayakkabı,1790.0,Topuklu ayakkabı > Kitten,EKRU
Vinil topuklu arkası açık ayakkabı,1790.0,Topuklu ayakkabı > Kitten,KAHVERENGİ
Deri kısa sivri topuklu mule,2490.0,Topuklu ayakkabı > Kitten,KAHVERENGİ
V yaka topuklu ayakkabı,1990.0,Topuklu ayakkabı > Kitten,SİYAH
V yaka topuklu ayakkabı,1990.0,Topuklu ayakkabı > Kitten,KAHVERENGİ
Topuklu Arkası açık ayakkabı sandalet,1790.0,Topuklu ayakkabı > Kitten,SİYAH
Deri topuklu sandalet,2490.0,Topuklu ayakkabı > Kitten,KAHVERENGİ
Kapalı deri topuklu ayakkabı,2690.0,Topuklu ayakkabı > Kitten,KAHVERENGİ
Kısa sivri topuklu file taşlı ayakkabı,2490.0,Topuklu ayakkabı > Kitten,BEJ
Basic topuklu ayakkabı,1590.0,Topuklu ayakkabı > Kitten,SİYAH
Metal detaylı kısa sivri topuklu sandaletler,1990.0,Topuklu ayakkabı > Kitten,BEJ
Topuklu arkası açık ayakkabı,1990.0,Topuklu ayakkabı > Kitten,KAHVERENGİ
Bantlı kalın topuklu sandalet,1590.0,Topuklu ayakkabı > Sandalet,KAHVERENGİ
Çok bantlı topuklu sandalet,1790.0,Topuklu ayakkabı > Sandalet,ALTIN
Çok bantlı topuklu sandalet,1790.0,Topuklu ayakkabı > Sandalet,KAHVERENGİ
Topuklu deri sandalet,2490.0,Topuklu ayakkabı > Sandalet,KAHVERENGİ
Platform deri sandalet,2490.0,Topuklu ayakkabı > Sandalet,KAHVERENGİ
Bantlı kalın topuklu sandalet,1590.0,Topuklu ayakkabı > Sandalet,ALTIN
Topuklu Arkası açık ayakkabı,1990.0,Topuklu ayakkabı > Sandalet,SİYAH
Stiletto topuklu sandalet,1790.0,Topuklu ayakkabı > Sandalet,ALTIN
Topuklu sandalet,1790.0,Topuklu ayakkabı > Sandalet,SİYAH
Çivili platform terlik,2690.0,Topuklu ayakkabı > Sandalet,KAHVERENGİ
Bantlı ve tokalı stiletto topuklu sandaletler,2690.0,Topuklu ayakkabı > Sandalet,KAHVERENGİ
Geniş topuklu platform sandalet,1990.0,Topuklu ayakkabı > Sandalet,ALTIN
Suni deri topuklu sandalet,1990.0,Topuklu ayakkabı > Sandalet,KAHVERENGİ
Patent görünümlü topuklu sandalet,1990.0,Topuklu ayakkabı > Sandalet,MAVİ
File detaylı stiletto topuklu sandaletler,1790.0,Topuklu ayakkabı > Sandalet,KAHVERENGİ
Pencere detaylı askılı topuklu sandalet,1790.0,Topuklu ayakkabı > Sandalet,EKRU
Stiletto topuklu sandalet,1790.0,Topuklu ayakkabı > Sandalet,SİYAH
File metal detaylı topuklu sandaletler,2490.0,Topuklu ayakkabı > Sandalet,SİYAH
File detaylı topuklu ayakkabı,2490.0,Topuklu ayakkabı > Sandalet,EKRU
Stiletto topuklu sandaletler,1790.0,Topuklu ayakkabı > Sandalet,SİYAH
Suni deri topuklu parmak arası terlik,1990.0,Topuklu ayakkabı > Sandalet,KAHVERENGİ
Deri platform topuklu terlik,2990.0,Topuklu ayakkabı > Sandalet,BEJ
Saten yüzeyli topuklu sandaletler,1790.0,Topuklu ayakkabı > Sandalet,BEJ
Deri topuklu parmak arası sandalet,2490.0,Topuklu ayakkabı > Sandalet,BEJ
Metalik görünümlü topuklu sandaletler,1790.0,Topuklu ayakkabı > Sandalet,GÜMÜŞ
Taş detaylı topuklu sandalet,2490.0,Topuklu ayakkabı > Sandalet,BEJ
"Bantlı ve tokalı, arkası açık deri ayakkabı",2490.0,Sandalet > Düz sandalet,BEJ
Tokalı düz deri sandalet,2490.0,Sandalet > Düz sandalet,BEJ
Tokalı deri düz sandalet,2490.0,Sandalet > Düz sandalet,KAHVERENGİ
Zımbalı suni deri bantlı ve tokalı ayakkabı,1990.0,Sandalet > Düz sandalet,EKRU
Deri zımbalı bantlı ve tokalı ayakkabı,2490.0,Sandalet > Düz sandalet,KAHVERENGİ
slouchy kesim deri yüksek çizmeler,4990.0,Çizme - Bot > Çizme,BEJ
Deri dolgu topuklu bot,4990.0,Çizme - Bot > Çizme,BEJ
Siyah topuklu uzun çizme,3290.0,Çizme - Bot > Çizme,SİYAH
Kahverengi topuklu çizme,3290.0,Çizme - Bot > Çizme,KAHVERENGİ
Deri kovboy çizme,4490.0,Çizme - Bot > Çizme,BEJ
Joots topuklu deri bot,4990.0,Çizme - Bot > Çizme,BEJ
Kovboy Topuklu Bot,3290.0,Çizme - Bot > Çizme,SİYAH
Kovboy Topuklu Bot,3290.0,Çizme - Bot > Çizme,KAHVERENGİ
Suni deri düz botlar,3290.0,Çizme - Bot > Çizme,KAHVERENGİ
Düz siyah kovboy çizmesi,3690.0,Çizme - Bot > Çizme,SİYAH
Düz kahverengi kovboy çizmeler,3690.0,Çizme - Bot > Çizme,BORDO
Suni süet topuklu bot,2690.0,Çizme - Bot > Çizme,KAHVERENGİ
Suni deri düz biker bot,4490.0,Çizme - Bot > Çizme,BEJ
Desenli kovboy botlar,3690.0,Çizme - Bot > Çizme,KAHVERENGİ
Düz deri binici çizmesi,4490.0,Çizme - Bot > Çizme,KAHVERENGİ
Slouchy kesim deri kitten bot,4490.0,Çizme - Bot > Çizme,BEJ
Streç orta boy topuklu bot,1890.0,Çizme - Bot > Bot,SİYAH
Kumaş stiletto topuklu bot,1890.0,Çizme - Bot > Bot,SİYAH
Sentetik kauçuk kumaş efektli topuklu bot,1890.0,Çizme - Bot > Bot,SİYAH
Deri kovboy bot,3690.0,Çizme - Bot > Bot,KAHVERENGİ
Kısa sivri topuklu kemerli deri botlar,3990.0,Çizme - Bot > Bot,BEJ
Deri kovboy bot,3290.0,Çizme - Bot > Bot,BEJ
Deri tokalı düz bot,3990.0,Çizme - Bot > Bot,BEJ
slouchy kesim deri topuklu bot,3690.0,Çizme - Bot > Bot,KAHVERENGİ
Deri slouchy kesim kovboy botinleri,3290.0,Çizme - Bot > Bot,BEJ
Topuklu kovboy deri bot,3290.0,Çizme - Bot > Bot,BEJ
Deri kısa sivri topuklu bot,3290.0,Çizme - Bot > Bot,BEJ
Streç topuklu botlar,2490.0,Çizme - Bot > Bot,KAHVERENGİ
"Bağcıklı, düz bot",2690.0,Çizme - Bot > Bot,SİYAH
Kovboy topuklu bot,2690.0,Çizme - Bot > Bot,SİYAH
Streç düz bot,1990.0,Çizme - Bot > Bot,KAHVERENGİ
"Düz tabanlı, içi kürklü deri bot",2690.0,Çizme - Bot > Bot,KAHVERENGİ
Streç topuklu bot,1990.0,Çizme - Bot > Bot,EKRU
Kovboy deri topuklu bot,3290.0,Çizme - Bot > Bot,KAHVERENGİ
Kalın topuklu kısa bot,1890.0,Çizme - Bot > Bot,BORDO
Kovboy suni deri delikli bot,3290.0,Çizme - Bot > Bot,KAHVERENGİ
Mikro delikli slouchy deri bot,4490.0,Çizme - Bot > Bot,KAHVERENGİ
Stiletto topuklu deri bot,3290.0,Çizme - Bot > Bot,KAHVERENGİ
Uzun delikli omuz çantası,990.0,Çanta,Beyaz
Uzun delikli omuz çantası,990.0,Çanta,Açık sarı
Kombinasyon sepet tote çanta,1590.0,Çanta,Altın rengi
Kombinasyon sepet tote çanta,1590.0,Çanta,Beyaz
Kumaş kol çantası,1490.0,Çanta,Mavi
Kumaş kol çantası,1490.0,Çanta,Fuşya
Yumuşak dokunuşlu mini fermuarlı omuz çantası,710.0,Çanta,Siyah
Timsah deseni görünümlü mini tote çapraz askılı çanta,990.0,Çanta,Siyah
Timsah deseni görünümlü mini tote çapraz askılı çanta,990.0,Çanta,Ekru
Timsah deseni görünümlü mini tote çapraz askılı çanta,990.0,Çanta,Açık mavi
Timsah deseni görünümlü mini tote çapraz askılı çanta,990.0,Çanta,Bordo
Yumuşak dokulu fermuarlı omuz çantası,950.0,Çanta,Siyah
Mini fermuarlı yumuşak dokulu omuz çantası,710.0,Çanta,Bej
Suni Deri Bowling Çapraz Askılı Çanta,1190.0,Çanta,Kahverengi
Suni Deri Bowling Çapraz Askılı Çanta,1190.0,Çanta,Siyah
Boncuklu mini timsah deseni görünümlü çanta,790.0,Çanta,Kahverengi
Suni süet omuz çantası,1590.0,Çanta,Kahverengi
Kutu şeklinde sert çapraz askılı çanta,1090.0,Çanta,Ekru
Büyük kapaklı mini dikdörtgen çanta,1090.0,Çanta,Kırmızı
Büyük kapaklı mini dikdörtgen çanta,1090.0,Çanta,Siyah
Toka detaylı şehir shopper çantası,2290.0,Çanta,Kahverengi
Suni süet omuz çantası,1590.0,Çanta,Bej
Fermuarlı suni deri çanta,1190.0,Çanta,Kahverengi
Fermuarlı suni deri çanta,1190.0,Çanta,Siyah
Mini boncuklu çanta,790.0,Çanta,Gri
Çift saplı çapraz çanta,790.0,Çanta,Siyah
Çift saplı çapraz çanta,790.0,Çanta,Beyaz
Çift saplı çapraz çanta,790.0,Çanta,Ekru
Çift saplı çapraz çanta,790.0,Çanta,Bordo
Mini boncuklu çanta,790.0,Çanta,Siyah
Kemerli tote çanta,1590.0,Çanta,Siyah
Metal saplı omuz çantası,1590.0,Çanta,Siyah
Kombine çift saplı omuz çantası,1490.0,Çanta,Kahverengi
Kalp detaylı omuz çantası,1490.0,Çanta,Mavi
Kalp detaylı omuz çantası,1490.0,Çanta,Siyah
Mini boncuklu çanta,790.0,Çanta,Beyaz
Püskül ve toka detaylı omuz çantası,1790.0,Çanta,Karamel
Püskül ve toka detaylı omuz çantası,1790.0,Çanta,Kahverengi
Charm detaylı tote çanta,1190.0,Çanta,Kahverengi
Charm detaylı tote çanta,1190.0,Çanta,Siyah
Charm detaylı tote çanta,1190.0,Çanta,Lacivert
Kombine shopper çanta,1190.0,Çanta,Siyah
Kombine shopper çanta,1190.0,Çanta,Kahverengi
Sap Detaylı Omuz Çantası,1090.0,Çanta,Kahverengi
Toka detaylı city shopper çanta,2290.0,Çanta,Kiremit rengi
Dikiş detaylı uzun çanta,990.0,Çanta,Kahverengi
Ay desenli kumaş çapraz askılı çanta,990.0,Çanta,Lime
Ay desenli kumaş çapraz askılı çanta,990.0,Çanta,Lacivert
Yuvarlak kroşe tote çanta,1590.0,Çanta,Ekru
Yuvarlak kroşe tote çanta,1590.0,Çanta,Kahverengi
Kombine kroşe büzgülü çanta,1590.0,Çanta,Ekru
Kombine kroşe büzgülü çanta,1590.0,Çanta,Kahverengi
Bowling çanta,1490.0,Çanta,Mavi
Pamuklu shopper çanta,1590.0,Çanta,Ekru
Kemer şeritli çanta,1590.0,Çanta,Siyah
Kare çapraz askılı el çantası,1590.0,Çanta,Ekru
Fermuarlı omuz çantası,1490.0,Çanta,Siyah
Fermuarlı omuz çantası,1490.0,Çanta,Kahverengi
Cepli omuz çantası,1490.0,Çanta,Karamel
Cepli omuz çantası,1490.0,Çanta,Siyah
Mini metal saplı omuz çantası,1490.0,Çanta,Siyah
Zincir saplı omuz çantası,1190.0,Çanta,Mavi
Zincir saplı omuz çantası,1190.0,Çanta,Siyah
Fermuar detaylı çapraz askılı çanta,1190.0,Çanta,Kahverengi
Fermuar detaylı çapraz askılı çanta,1190.0,Çanta,Mavi
Fermuar detaylı çapraz askılı çanta,1190.0,Çanta,Ekru
Çıtçıtlı suni süet omuz çantası,1190.0,Çanta,Bej
YUMUŞAK DOKULU OMUZ ÇANTASI,1090.0,Çanta,Kiremit rengi
Tokalı mini tote çanta,1090.0,Çanta,Siyah
Sap Detaylı Omuz Çantası,1090.0,Çanta,Siyah
Asimetrik Tokalı Postacı Çantası,1090.0,Çanta,Kahverengi
Timsah deseni görünümlü trapez çapraz askılı çanta,1090.0,Çanta,Siyah
Kutu şeklinde sert çapraz askılı çanta,1090.0,Çanta,Kahverengi
Naylon ay çapraz çanta,990.0,Çanta,Lacivert
Naylon ay çapraz çanta,990.0,Çanta,Siyah
Naylon ay çapraz çanta,990.0,Çanta,Kiremit rengi
Timsah deseni görünümlü zincirli omuz çantası,990.0,Çanta,Siyah
Zincirli çapraz askılı çanta,990.0,Çanta,Siyah
Zincirli çapraz askılı çanta,990.0,Çanta,Kahverengi
Mini tote çanta,790.0,Çanta,Siyah
Mini tote çanta,790.0,Çanta,Kırmızı
Yuvarlak kapamalı omuz çantası,790.0,Çanta,Kahverengi
Yuvarlak kapamalı omuz çantası,790.0,Çanta,Beyaz
Yuvarlak kapamalı omuz çantası,790.0,Çanta,Siyah
Yuvarlak kapamalı omuz çantası,790.0,Çanta,Kırmızı
Metal detaylı yuvarlak shopper çanta,1790.0,Çanta,Siyah
Spor kabin sırt çantası,1790.0,Çanta,Mavi
Spor kabin sırt çantası,1790.0,Çanta,Bej
Kontrast çanta,1690.0,Çanta,Mavi
Kontrast çanta,1690.0,Çanta,Bej
Kuşgözü detaylı kese çanta,1490.0,Çanta,Siyah
Yuvarlak delik detaylı çapraz askılı çanta,1490.0,Çanta,Karamel
Kapaklı omuz çantası,990.0,Çanta,Siyah
Kapaklı omuz çantası,990.0,Çanta,Ekru
Kapaklı omuz çantası,990.0,Çanta,Bej
Kuşgözü detaylı sert omuz çantası,1190.0,Çanta,Ekru
Kuşgözü detaylı sert omuz çantası,1190.0,Çanta,Pembe
Kuş gözlü sert büzgülü çanta,1190.0,Çanta,Karamel
Suni süet tokalı omuz çantası,1490.0,Çanta,Karamel
Toka detaylı omuz çantası,1190.0,Çanta,Siyah
Metal saplı tote çanta,1490.0,Çanta,Kiremit rengi
Metal saplı tote çanta,1490.0,Çanta,Siyah
Yumuşak dokunuşlu fermuarlı omuz çantası,1590.0,Çanta,Karamel
Fermuarlı bowling tipi çapraz askılı çanta,1190.0,Çanta,Ekru
Püskül detaylı yumuşak dokulu omuz çantası,2290.0,Çanta,Kahverengi
Püskül detaylı yumuşak dokulu omuz çantası,2290.0,Çanta,Karamel
Puantiye ay çapraz askılı çanta,1090.0,Çanta,Beyaz
Uzun püsküllü omuz çantası,1590.0,Çanta,Hardal
Mini sert hindistan cevizi görünümlü çapraz askılı çanta,990.0,Çanta,Beyaz
Mini sert çapraz askılı çanta,990.0,Çanta,Bej
Zımba detaylı omuz çantası,1190.0,Çanta,Siyah
Puantiye desenli çapraz askılı kemer,1090.0,Çanta,Siyah
Zımbalı kemerli çapraz askılı çanta,1590.0,Çanta,Açık kahverengi
Zımbalı çanta,1790.0,Çanta,Siyah
Yuvarlak Kapamalı Çapraz Askılı Çanta,790.0,Çanta,Bordo
Püsküllü yarım ay kol çantası,1190.0,Çanta,Karamel
Asimetrik mini omuz çantası,1090.0,Çanta,Siyah
Yumuşak dokunuşlu ışıltılı omuz çantası,1790.0,Çanta,Bej
Mini kroşe omuz çantası,1490.0,Çanta,Ekru
Mini kroşe omuz çantası,1490.0,Çanta,Kahverengi
One Dilemma shopper çanta,1190.0,Çanta,Pembe
Zincir detaylı çapraz çanta,1790.0,Çanta,Bej
Çok pozisyonlu çapraz çanta,990.0,Çanta,Siyah
Denim yarım ay kol çantası,1090.0,Çanta,SOLUK EFEKTLİ ORTA MAVİ DENIM
Yarım ay omuz çantası,990.0,Çanta,Kahverengi
Yarım ay omuz çantası,990.0,Çanta,Pembe
Yarım ay omuz çantası,990.0,Çanta,Ekru
Yumuşak dokunuşlu mini fermuarlı omuz çantası,710.0,Çanta,Kahverengi
Yarım ay cepli omuz çantası,1190.0,Çanta,Ekru
Yumuşak dokunuşlu fermuarlı omuz çantası,950.0,Çanta,Kahverengi
Asimetrik omuz çantası,1490.0,Çanta,Ekru
Yumuşak dokunuşlu tokalı omuz çantası,1490.0,Çanta,Karamel
Yumuşak dokunuşlu tokalı omuz çantası,1490.0,Çanta,Ekru
Naylon bowling çanta,1190.0,Çanta,Kiremit rengi
Naylon bowling çanta,1190.0,Çanta,Siyah
Çift taraflı Zebra shopper çanta,2290.0,Çanta,Siyah
Tokalı mini tote çanta,1090.0,Çanta,Kahverengi
Tokalı mini tote çanta,1090.0,Çanta,Mavi
Metal saplı mini çanta,1090.0,Çanta,Siyah
Zımbalı kemerli çapraz askılı çanta,1590.0,Çanta,Siyah
Mini tokalı tote çanta,1590.0,Çanta,Siyah
Metal saplı omuz çantası,1590.0,Çanta,Kahverengi
Mini metal saplı omuz çantası,1490.0,Çanta,Kahverengi
Körük ve kuşgözü detaylı omuz çantası,1490.0,Çanta,Karamel
Parlak pileli omuz çantası,1490.0,Çanta,Siyah
Mini tokalı tote çanta,1590.0,Çanta,Kiremit rengi
Büyük kapaklı çapraz askılı çanta,1590.0,Çanta,Siyah
Zincirli ay omuz çantası,990.0,Çanta,Beyaz
Zincirli ay omuz çantası,990.0,Çanta,Siyah
Metalik Asimetrik Süet Görünümlü Klipsli Çanta,1090.0,Çanta,Kahverengi
Zincirli Ay Şeklinde Omuz Çantası,990.0,Çanta,Kahverengi
Timsah deseni görünümlü hobo omuz çantası,1590.0,Çanta,Siyah
Timsah deseni görünümlü yuvarlak kapamalı çapraz askılı çanta,790.0,Çanta,Siyah
Zımbalı yarım ay omuz çantası,1090.0,Çanta,Kahverengi
Zımbalı yarım ay omuz çantası,1090.0,Çanta,Siyah
Cepli omuz çantası,1190.0,Çanta,Kahverengi
"Süet efektli bucket çanta, detaylı saplı",1790.0,Çanta,Kahverengi
Örgü Bağcıklı Shopper Çanta,1190.0,Çanta,Siyah
Yumuşak suni deri omuz çantası,1590.0,Çanta,Siyah
Yuvarlak kapamalı ve dantel detaylı çapraz askılı çanta,790.0,Çanta,Ekru
Uzun zincirli omuz çantası,990.0,Çanta,Kahverengi
Uzun zincirli omuz çantası,990.0,Çanta,Siyah
Uzun zincirli omuz çantası,990.0,Çanta,Beyaz
Uzun zincirli omuz çantası,990.0,Çanta,Kırmızı
Uzun zincirli omuz çantası,990.0,Çanta,Bordo
Yarım ay şeklinde zımbalı kol çantası,990.0,Çanta,Siyah
Büzgülü sap detaylı omuz çantası,1090.0,Çanta,Siyah
Yanları püsküllü omuz çantası,1190.0,Çanta,Karamel
Yanları püsküllü omuz çantası,1190.0,Çanta,Kahverengi
Metal askılı çanta,2290.0,Çanta,Siyah
Yumuşak dokunuşlu çapraz askılı çanta,990.0,Çanta,Ekru
Yumuşak dokunuşlu çapraz askılı çanta,990.0,Çanta,Pembe
Yumuşak dokunuşlu çapraz askılı çanta,990.0,Çanta,Karamel
2'li deniz temalı uçlu kolye seti,790.0,Bijuteri,Altın rengi
Minyeli çiçek charm anahtarlık,590.0,Bijuteri,Altın rengi
Mini aynalı gerdanlık,490.0,Bijuteri,Altın rengi
Deniz temalı boncuk kolye seti,590.0,Bijuteri,Gri
Baklava şeklinde kristal efektli lariat kolye,350.0,Bijuteri,Gri
Yusufçuk küpe,490.0,Bijuteri,Altın rengi
Zebra charm anahtarlık,790.0,Bijuteri,Beyaz
2'li Sert Bilezik Seti,790.0,Bijuteri,Kahverengi
3'lü deniz temalı charm kolye seti,790.0,Bijuteri,Altın rengi
Sedef efekti çiçek küpe,590.0,Bijuteri,Beyaz
2'li çivili bileklik seti,590.0,Bijuteri,Siyah
2'li çivili bileklik seti,590.0,Bijuteri,Kahverengi
Boncuklu halka küpe,490.0,Bijuteri,Altın rengi
Ay ve Güneş Kolye Seti (4'lü),490.0,Bijuteri,Altın rengi
Çok halkalı bileklik,470.0,Bijuteri,Altın rengi
Sallantılı halka küpe,350.0,Bijuteri,Altın rengi
Uzun püsküllü küpe,290.0,Bijuteri,Ekru
Aşk tanrısı charm anahtarlık,790.0,Bijuteri,Kırmızı
Yusufçuk bileklik,790.0,Bijuteri,Altın rengi
2'li emaye halka küpe seti,590.0,Bijuteri,Altın rengi
Dokulu Lazo Kolye,590.0,Bijuteri,Altın rengi
Sert bileklik,590.0,Bijuteri,Altın rengi
Kahve ve Kruvasan Charm Anahtarlık,590.0,Bijuteri,Kahverengi
9'lu deniz yıldızı parlak küpe seti,590.0,Bijuteri,Altın rengi
9'lu deniz yıldızı parlak küpe seti,590.0,Bijuteri,Gri
2'li deniz yıldızı boncuklu kolye seti,590.0,Bijuteri,Altın rengi
2'li domates kolye seti,590.0,Bijuteri,Kırmızı
4’lü yusufçuk yüzük seti,590.0,Bijuteri,Altın rengi
Sert yuvarlak bileklik,590.0,Bijuteri,Gri
Yelpaze emaye küpe,490.0,Bijuteri,Fuşya
İçiçe Geçmiş Dairesel Sert Bileklik,490.0,Bijuteri,Altın rengi
Charm detaylı kordon kolye,490.0,Bijuteri,Altın rengi
Charm detaylı kordon kolye,490.0,Bijuteri,Gri
Yelpaze emaye küpe,490.0,Bijuteri,Mavi
Yelpaze emaye küpe,490.0,Bijuteri,Altın rengi
Mine çiçek küpe,490.0,Bijuteri,Açık pembe
"9'lu Set Halka Küpe, Parlak ve Suni İnci",490.0,Bijuteri,Gri
2'li uzun kolye seti,470.0,Bijuteri,Altın rengi
2'li su geçirmez küpe seti,990.0,Bijuteri,Gri
2'li su geçirmez küpe seti,990.0,Bijuteri,Sarı
Uzun püsküllü küpe,350.0,Bijuteri,Siyah
Sallantılı zincir küpe,350.0,Bijuteri,Altın rengi
Baklava şeklinde sallantılı küpe,350.0,Bijuteri,Altın rengi
Mina işlemeli çiçekli lariat kolye,790.0,Bijuteri,Altın rengi
Emaye çiçek şelale zincir küpe,590.0,Bijuteri,Ekru
3'lü Kalp Lariat Kolye Seti,590.0,Bijuteri,Altın rengi
9'lu kalpli ve halka küpe seti,490.0,Bijuteri,Altın rengi
9'lu kalpli ve halka küpe seti,490.0,Bijuteri,Beyaz
9'lu kalpli ve halka küpe seti,490.0,Bijuteri,Gri
Su geçirmez 2'li hacimli halka küpe seti,1090.0,Bijuteri,Sarı
Su geçirmez 2'li hacimli halka küpe seti,1090.0,Bijuteri,Gri
9'lu Mini Damla Küpe Seti,490.0,Bijuteri,Altın rengi
9'lu Mini Damla Küpe Seti,490.0,Bijuteri,Gri
ÇİÇEKLİ LARİAT KOLYE,490.0,Bijuteri,Altın rengi
Zımbalı büyük sert bileklik,990.0,Bijuteri,Kahverengi
Kala çiçeği choker kolye,990.0,Bijuteri,Ekru
Cala çiçek küpe,490.0,Bijuteri,Ekru
Aynalı uzun güneş küpe,490.0,Bijuteri,Altın rengi
3'lü Mini Hacimli Küpe Seti,490.0,Bijuteri,Altın rengi
3'lü kombine bileklik seti,990.0,Bijuteri,Açık pembe
Ayna efektli halka küpe,290.0,Bijuteri,Altın rengi
2'li bahçe küpe seti,490.0,Bijuteri,Altın rengi
Bahçe kolyesi,790.0,Bijuteri,Kırmızı
Bahçe bileklik,590.0,Bijuteri,Kırmızı
Çoklu meyve charm kolye,990.0,Bijuteri,Kırmızı
2'li mini bozuk para kordon kolye seti,590.0,Bijuteri,Altın rengi
Çoklu parıltılı iplikli sert bileklik,590.0,Bijuteri,Altın rengi
Çoklu parıltılı iplikli sert bileklik,350.0,Bijuteri,Gri
9'lu Kelebek ve Parıltılı Yüzük Seti,490.0,Bijuteri,Altın rengi
Uzun Çok Zincirli Kolye,590.0,Bijuteri,Altın rengi
Boncuklu gala çiçeği anahtarlık,790.0,Bijuteri,Beyaz
2’li boncuklu kolye seti,790.0,Bijuteri,Kırmızı
Eyfel Kulesi ve makaron anahtarlık,790.0,Bijuteri,Kahverengi
Uzun örgü kement kolye,470.0,Bijuteri,Altın rengi
Bandana kalp sallantılı anahtarlık,590.0,Bijuteri,Açık pembe
Dokulu Bileklik,490.0,Bijuteri,Altın rengi
3'lü sert bileklik seti,790.0,Bijuteri,Altın rengi
Mini el çantası kolye,790.0,Bijuteri,Pembe
Mini el çantası kolye,790.0,Bijuteri,Kırmızı
Mini el çantası kolye,790.0,Bijuteri,Gri
Metal örgü charm kolye,590.0,Bijuteri,Altın rengi
Uzun püsküllü kalp küpe,350.0,Bijuteri,Siyah
Dudak aşkı charm anahtarlık,790.0,Bijuteri,Kırmızı
Esnek Tasma,590.0,Bijuteri,Altın rengi
3'lü Sert Mine Bileklik Seti,790.0,Bijuteri,Altın rengi
3'lü çok uçlu kolye seti,790.0,Bijuteri,Altın rengi
Uğur böceği charm anahtarlık,490.0,Bijuteri,Kırmızı
2'li yıldız ve kalp uçlu su geçirmez kolye seti,990.0,Bijuteri,Gri
2'li yıldız ve kalp uçlu su geçirmez kolye seti,990.0,Bijuteri,Sarı
2'li su geçirmez bileklik seti,1090.0,Bijuteri,Gri
2'li su geçirmez bileklik seti,1090.0,Bijuteri,Sarı
6'lı Basic Küpe Seti,350.0,Bijuteri,Altın rengi
2'li boncuklu ve sert bileklik seti,790.0,Bijuteri,Mavi
2'li kristal efektli bileklik seti,590.0,Bijuteri,Kırmızı
5'li Pembe Taş Charm Kolye Seti,490.0,Bijuteri,Altın rengi
Çok madalyonlu kolye,590.0,Bijuteri,Altın rengi
3'lü sert zımbalı bileklik seti,790.0,Bijuteri,Kahverengi
2'li asetat bileklik seti,790.0,Bijuteri,Kırmızı
Çift çiçekli emaye bileklik,590.0,Bijuteri,Altın rengi
2'li püskül charm kolye seti,350.0,Bijuteri,Altın rengi
Çilek charm anahtarlık,790.0,Bijuteri,Kırmızı
Su geçirmez yılan zincir,990.0,Bijuteri,Gri
Su geçirmez yılan zincir,990.0,Bijuteri,Sarı
2'li küpe ve ear cuff küpe seti,490.0,Bijuteri,Altın rengi
Yelpaze çiçek dokulu küpe,490.0,Bijuteri,Altın rengi
3'lü su geçirmez bileklik seti,1090.0,Bijuteri,Gri
3'lü su geçirmez bileklik seti,1090.0,Bijuteri,Sarı
Dondurma detaylı anahtarlık,790.0,Bijuteri,Pembe
Yuvarlak Plakalı Metal Kemer,590.0,Bijuteri,Altın rengi
Yuvarlak Plakalı Metal Kemer,590.0,Bijuteri,Gri
Dokulu sallantılı küpe,790.0,Bijuteri,Altın rengi
9'lu kelebekli ve suni incili küpe seti,590.0,Bijuteri,Altın rengi
Dondurma Temalı Charm Anahtarlık,590.0,Bijuteri,Pembe
EKSTRA UZUN KOLYE,790.0,Bijuteri,Altın rengi
2'li yıldız ve parlak taşlı bileklik seti,990.0,Bijuteri,Kahverengi
Zebra bileklik,990.0,Bijuteri,Beyaz
Domates charm anahtarlık,790.0,Bijuteri,Kırmızı
2'li domates küpe seti,590.0,Bijuteri,Kırmızı
Domates küpe,490.0,Bijuteri,Kırmızı
Mineli çiçek kordon kolye,490.0,Bijuteri,Açık pembe
3'lü kombine yemek rozet seti,590.0,Bijuteri,Altın rengi
Çiçekli kordon kolye,590.0,Bijuteri,Ekru
2'li kombin bileklik seti,990.0,Bijuteri,Gri
Uzun yuvarlak küpe,290.0,Bijuteri,Altın rengi
2'li yuvarlak kolye seti,590.0,Bijuteri,Altın rengi
Ayna efektli güneş küpe,490.0,Bijuteri,Altın rengi
Sert bileklik,590.0,Bijuteri,Gri
Çivili çiçek bileklik,790.0,Bijuteri,Siyah
Ayna efektli eşkenar dörtgen küpe,290.0,Bijuteri,Altın rengi
2'li güneş figürlü lariat kolye seti,790.0,Bijuteri,Altın rengi
Çiçekli choker kolye,590.0,Bijuteri,Altın rengi
3'lü çiçekli lariat kolye seti,590.0,Bijuteri,Altın rengi
Ayna efektli çiçek küpe,590.0,Bijuteri,Altın rengi
2'li kombin bileklik seti,990.0,Bijuteri,Ekru
Çok zincirli kolye,590.0,Bijuteri,Altın rengi
5'li kalp ve kiraz broş seti,790.0,Bijuteri,Kırmızı
9'lu çiçek küpe seti,490.0,Bijuteri,Altın rengi
9'lu uğur böceği küpe seti,590.0,Bijuteri,Altın rengi
Uzun zincir küpe,290.0,Bijuteri,Altın rengi
Emaye dokulu lariat kolye,590.0,Bijuteri,Ekru
Zımbalı bileklik,790.0,Bijuteri,Ekru
9'lu emaye çiçekli küpe seti,590.0,Bijuteri,Altın rengi
Boncuklu balık kolye anahtarlık,790.0,Bijuteri,Açık mavi
Dokulu maxi kolye,590.0,Bijuteri,Altın rengi
Maksi dokulu küpe,290.0,Bijuteri,Altın rengi
Kiraz ve boncuklu charm anahtarlık,790.0,Bijuteri,Kırmızı
3'lü yusufçuk kolye seti,590.0,Bijuteri,Altın rengi
Çift renkli çiçek küpe,490.0,Bijuteri,Gri
Çiçek küpe,490.0,Bijuteri,Altın rengi
Papatya çiçekli choker kolye,490.0,Bijuteri,Altın rengi
3'lü bahçe broşu seti,790.0,Bijuteri,Altın rengi
3’lü sallantılı küpe seti,590.0,Bijuteri,Altın rengi
Güneş figürlü küçük parlak taşlı küpe,590.0,Bijuteri,Altın rengi
Hacimli taç,490.0,Bijuteri,Kahverengi
Muz figürlü charm,790.0,Bijuteri,Kahverengi
2'li kombin bileklik seti,990.0,Bijuteri,Kırmızı
Kahverengi deri makosenler,2690.0,Yeni koleksiyon > Community | Always On,KAHVERENGİ
Topuksuz deri takunya,2490.0,Yeni koleksiyon > Community | Always On,BEJ
Deri bağcıklı deniz ayakkabısı,2690.0,Yeni koleksiyon > Community | Always On,BEJ
Çift Halkalı Basic Kemer,590.0,Yeni koleksiyon > Community | Always On,Siyah
Basic Tokalı Kemer,490.0,Yeni koleksiyon > Community | Always On,Kahverengi
Üst Üste Tokalı Kemer,490.0,Yeni koleksiyon > Community | Always On,Siyah
Üst Üste Tokalı Kemer,490.0,Yeni koleksiyon > Community | Always On,Kahverengi
Basic yuvarlak tokalı kemer,590.0,Yeni koleksiyon > Community | Always On,Açık kahverengi
Çift Tokalı Kemer,490.0,Yeni koleksiyon > Community | Always On,Siyah
Kuş gözü detaylı kemer,790.0,Yeni koleksiyon > Community | Always On,Kahverengi
Organik tokalı kemer,590.0,Yeni koleksiyon > Community | Always On,Kahverengi
Yanları boncuklu kemer,590.0,Yeni koleksiyon > Community | Always On,Kahverengi
Yanları boncuklu kemer,590.0,Yeni koleksiyon > Community | Always On,Pembe
File kumaş elastik bantlı babet,1790.0,Yeni koleksiyon > Community | Always On,EKRU
"File babet, bantlı",1790.0,Yeni koleksiyon > Community | Always On,SİYAH
"File babet, bantlı",1790.0,Yeni koleksiyon > Community | Always On,KIRMIZI
Metal taşlı renkli zincir kemer,790.0,Yeni koleksiyon > Community | Always On,Ekru
Oval madeni para metal kemer,590.0,Yeni koleksiyon > Community | Always On,Altın rengi
Dikdörtgen taşlı güneş gözlüğü,590.0,Yeni koleksiyon > Community | Always On,Siyah
Dikdörtgen taşlı güneş gözlüğü,590.0,Yeni koleksiyon > Community | Always On,Kahverengi
Kare çizgili fular,590.0,Yeni koleksiyon > Community | Always On,Ekru
Kare çizgili fular,590.0,Yeni koleksiyon > Community | Always On,Mavi
Kare çizgili fular,590.0,Yeni koleksiyon > Community | Always On,Lime
Metal Dikdörtgen Güneş Gözlüğü,590.0,Yeni koleksiyon > Community | Always On,Altın rengi
Metal saplı gözlük,590.0,Yeni koleksiyon > Community | Always On,Siyah
Metal saplı gözlük,590.0,Yeni koleksiyon > Community | Always On,Kahverengi
Altıgen Metal Gözlük,590.0,Yeni koleksiyon > Community | Always On,Kahverengi
Dantelli pareo,790.0,Yeni koleksiyon > Community | Always On,Ekru
Dantelli pareo,790.0,Yeni koleksiyon > Community | Always On,Siyah
Reçine güneş gözlüğü,590.0,Yeni koleksiyon > Community | Always On,Siyah
Yuvarlak detaylı güneş gözlüğü,790.0,Yeni koleksiyon > Community | Always On,Haki
3'lü Toka Seti,450.0,Yeni koleksiyon > Community | Always On,Kahverengi
3'lü Toka Seti,450.0,Yeni koleksiyon > Community | Always On,Açık mavi
3'lü Toka Seti,450.0,Yeni koleksiyon > Community | Always On,Koyu mavi
3'lü Toka Seti,450.0,Yeni koleksiyon > Community | Always On,Açık pembe
2'li Set Elastik Saç Bandı,350.0,Yeni koleksiyon > Community | Always On,Koyu bej
2'li Set Elastik Saç Bandı,350.0,Yeni koleksiyon > Community | Always On,Siyah
2'li Set Elastik Saç Bandı,350.0,Yeni koleksiyon > Community | Always On,Beyaz
2'li Set Elastik Saç Bandı,350.0,Yeni koleksiyon > Community | Always On,Açık pembe
8 Numara Charm Anahtarlık,590.0,Yeni koleksiyon > The collective,Siyah
Metal Ayı Charm,590.0,Yeni koleksiyon > The collective,Kahverengi
Metal Ayı Charm,590.0,Yeni koleksiyon > The collective,Altın rengi
Snoopy anahtarlık,790.0,Yeni koleksiyon > The collective,Beyaz
Puantiye desenli köpek figürlü charm anahtarlık,790.0,Yeni koleksiyon > The collective,Beyaz
Hello kitty charm anahtarlık,790.0,Yeni koleksiyon > The collective,Mavi
Püsküllü çanta uçlu anahtarlık,790.0,Yeni koleksiyon > The collective,Bej
Köpek ve Çiçek Charm Anahtarlık,790.0,Yeni koleksiyon > The collective,Kahverengi
Corgi köpek figürlü anahtarlık,790.0,Yeni koleksiyon > The collective,Kahverengi
Bugs Bunny charm anahtarlık,790.0,Yeni koleksiyon > The collective,Koyu gri
2’li elastik kürk bandı seti,350.0,Yeni koleksiyon > The collective,Açık mavi
2'li puantiyeli kürk toka seti,490.0,Yeni koleksiyon > The collective,Kahverengi
2'li zımbalı kürk bant seti,590.0,Yeni koleksiyon > The collective,Siyah
2'li zımbalı kürk bant seti,590.0,Yeni koleksiyon > The collective,Gri
2'li zımbalı kürk bant seti,590.0,Yeni koleksiyon > The collective,Kahverengi
Metal çiçekli saç tokası,490.0,Yeni koleksiyon > The collective,Ekru
Çiçek saç tokası,450.0,Yeni koleksiyon > The collective,Ekru
Çiçek saç tokası,450.0,Yeni koleksiyon > The collective,Açık mavi
Çiçek saç tokası,450.0,Yeni koleksiyon > The collective,Kırmızı
Çiçek saç tokası,450.0,Yeni koleksiyon > The collective,Açık pembe
3'lü çiçekli toka seti,490.0,Yeni koleksiyon > The collective,Ekru
3'lü çiçekli toka seti,490.0,Yeni koleksiyon > The collective,Kahverengi
Metal çiçek toka,490.0,Yeni koleksiyon > The collective,Açık pembe
Metal çiçek toka,490.0,Yeni koleksiyon > The collective,Kahverengi
Domates kürk tokası,450.0,Yeni koleksiyon > The collective,Kırmızı
2'li emaye çiçekli toka seti,490.0,Yeni koleksiyon > The collective,Beyaz
Çizgili sert taç,450.0,Yeni koleksiyon > The collective,Mavi
Çizgili sert taç,450.0,Yeni koleksiyon > The collective,Açık pembe
Saten sert taç,450.0,Yeni koleksiyon > The collective,Mavi
Saten sert taç,450.0,Yeni koleksiyon > The collective,Kahverengi
Çizgili kumaş saç tokası,450.0,Yeni koleksiyon > The collective,Sarı
Kumaş mandal,450.0,Yeni koleksiyon > The collective,Beyaz
Çiçek saç tokası,450.0,Yeni koleksiyon > The collective,Koyu mavi
Çiçek saç tokası,450.0,Yeni koleksiyon > The collective,Altın rengi
Çiçek saç tokası,450.0,Yeni koleksiyon > The collective,Kahverengi
2'li çizgili lastik toka seti,490.0,Yeni koleksiyon > The collective,Açık pembe
3'lü saç lastiği takımı,450.0,Yeni koleksiyon > The collective,Açık sarı
3'lü saç lastiği takımı,450.0,Yeni koleksiyon > The collective,Siyah
2'li zımba detaylı saç tokası seti,490.0,Yeni koleksiyon > The collective,Kahverengi
Boncuklu fular,1090.0,Yeni koleksiyon > The collective,Siyah
Dantelli pareo,790.0,Yeni koleksiyon > The collective,Kahverengi
Uzun ekose desenli pareo,990.0,Yeni koleksiyon > The collective,Kahverengi
Degrade Camlı Kare Gözlük,590.0,Yeni koleksiyon > The collective,Siyah
Kare epoksi cat eye güneş gözlüğü,790.0,Yeni koleksiyon > The collective,Kahverengi
Kare epoksi cat eye güneş gözlüğü detaylı,790.0,Yeni koleksiyon > The collective,Kahverengi
Kare renkli camlı epoksi güneş gözlüğü,790.0,Yeni koleksiyon > The collective,Kahverengi
İki malzemeli denizci şapkası,790.0,Yeni koleksiyon > The collective,Lacivert
DİKDÖRTGEN GÖZLÜK,590.0,Yeni koleksiyon > The collective,Siyah
DİKDÖRTGEN MAVİ IŞIK GÖZLÜĞÜ,590.0,Yeni koleksiyon > The collective,Siyah
Kare pilot güneş gözlüğü,790.0,Yeni koleksiyon > The collective,Pembe
Düz üst metal güneş gözlüğü,790.0,Yeni koleksiyon > The collective,Mavi
Çizgili eşarp,590.0,Yeni koleksiyon > The collective,Koyu mavi
Dantelli çizgili pareo,790.0,Yeni koleksiyon > The collective,Mavi
PAİSLEY ÇİÇEKLİ EŞARP,490.0,Yeni koleksiyon > The collective,Kahverengi
Altıgen epoksi güneş gözlüğü,790.0,Yeni koleksiyon > The collective,Kahverengi
Rozetli şapka,790.0,Yeni koleksiyon > The collective,Kahverengi
Metal detaylı fitilli bere,490.0,Yeni koleksiyon > The collective,Ekru
Metal detaylı fitilli bere,490.0,Yeni koleksiyon > The collective,Siyah
Metal detaylı fitilli bere,490.0,Yeni koleksiyon > The collective,Koyu mavi
Metal detaylı fitilli bere,490.0,Yeni koleksiyon > The collective,Kırmızı
Metal detaylı fitilli bere,490.0,Yeni koleksiyon > The collective,Açık gri
Metal detaylı fitilli bere,490.0,Yeni koleksiyon > The collective,Kahverengi
Metal detaylı fitilli bere,490.0,Yeni koleksiyon > The collective,Bej
BASIC dövme tokalı kemer,590.0,Yeni koleksiyon > The collective,Siyah
Kalın tokalı kemer,590.0,Yeni koleksiyon > The collective,Kahverengi
Yarı geniş suni süet kemer,590.0,Yeni koleksiyon > The collective,Siyah
Yarı geniş suni süet kemer,590.0,Yeni koleksiyon > The collective,Altın rengi
Basic kare tokalı kemer,590.0,Yeni koleksiyon > The collective,Kahverengi
Kuş gözlü kemer,790.0,Yeni koleksiyon > The collective,Siyah
Uzun parçalı zımbalı kemer,990.0,Yeni koleksiyon > The collective,Siyah
Basic kemer,590.0,Yeni koleksiyon > The collective,Kırmızı
Uzun tokalı kemer,790.0,Yeni koleksiyon > The collective,Siyah
ÇİFT TOKALI SUNİ SÜET KEMER,590.0,Yeni koleksiyon > The collective,Kahverengi
Asimetrik çoklu zımbalı kemer,990.0,Yeni koleksiyon > The collective,Siyah
Asimetrik çoklu zımbalı kemer,990.0,Yeni koleksiyon > The collective,Kahverengi
METAL DETAYLI KEMER,590.0,Yeni koleksiyon > The collective,Altın rengi
N.033 MOCHA MOUSSE INTENSE EAU DE PARFUM 100 ML,990.0,Yeni koleksiyon > The collective,Kahverengi
Metal Plaka Detaylı Kemer,1090.0,Yeni koleksiyon > The collective,Kahverengi
Altın Rengi Çivili Kemer,590.0,Yeni koleksiyon > The collective,Bej
Yan tokalı kemer,790.0,Yeni koleksiyon > The collective,Siyah
Fiyonklu çizgili şapka,790.0,Yeni,Mavi
Denizci şapkası,790.0,Yeni,Pembe
Fiyonklu şapka,790.0,Yeni,Pembe
Suni deri görünümlü kartlık cüzdan,550.0,Yeni,Pembe
Simli fermuarlı cüzdan,550.0,Yeni,Açık mavi
Simli fermuarlı cüzdan,550.0,Yeni,Pembe
Parlak kartlık,550.0,Yeni,Açık mavi
Parlak kartlık,550.0,Yeni,Pembe
Askılı delikli babet,2490.0,Yeni,BEJ
Deri detaylı spor ayakkabı,2690.0,Yeni,PEMBE
Deri detaylı spor ayakkabı,2690.0,Yeni,BEJ
Pullu mini etek,1490.0,Yeni,Altın rengi
Düğmeli çok işlevli elbise,1590.0,Yeni,Kahverengi
Günlük deri spor ayakkabı,1990.0,Yeni,BEJ
Günlük deri spor ayakkabı,1990.0,Yeni,MAVİ
Günlük deri spor ayakkabı,1990.0,Yeni,PEMBE
Fermuarlı sweatshirt,1690.0,Yeni,Açık gri
Dantel detaylı askılı bluz,590.0,Yeni,Siyah
Dantel detaylı askılı bluz,590.0,Yeni,Açık gri
Suni deri topuklu ayakkabı,1990.0,Yeni,EKRU
Barselona şapka,590.0,Yeni > Casual Spor,Açık sarı
Brooklyn şapka,790.0,Yeni > Casual Spor,Lacivert
Metalik efektli spor ayakkabı,1250.0,Yeni > Casual Spor,GÜMÜŞ
6'lı toka seti,450.0,Yeni > Casual Spor,Açık sarı
6'lı toka seti,450.0,Yeni > Casual Spor,Mavi
Örgü espadril babet,1990.0,Yeni > Ayakkabı,ALTIN
Ajurlu topuklu ayakkabı,2690.0,Yeni > Ayakkabı,BEYAZ
Detaylı spor ayakkabı,1990.0,Yeni > Ayakkabı,BEYAZ
Detaylı spor ayakkabı,1990.0,Yeni > Ayakkabı,BEJ
Günlük deri spor ayakkabı,1990.0,Yeni > Ayakkabı,KAHVERENGİ
Günlük suni süet spor ayakkabı,1990.0,Yeni > Ayakkabı,Mavi
Çift tokalı kemer,590.0,Yeni koleksiyon > Festival Season,Kahverengi
Taşlı kasket,790.0,Yeni koleksiyon > Community | UGC,Ekru
Puantiye desenli fular,590.0,Yeni koleksiyon > Community | UGC,Ekru
Puantiye desenli fular,590.0,Yeni koleksiyon > Community | UGC,Pembe
Püsküllü suni süet pareo,790.0,Yeni koleksiyon > Community | UGC,Ekru
Dikdörtgen desenli fular,590.0,Yeni koleksiyon > Community | UGC,Mavi
Şeffaf yuvarlak zımbalı kemer,790.0,Yeni koleksiyon > Community | UGC,Altın rengi
Altın detaylı kemer,790.0,Yeni koleksiyon > Community | UGC,Kahverengi
Püsküllü kemer,1590.0,Yeni koleksiyon > Community | UGC,Kahverengi
Suni süet zımbalı bel çantası kemer,1090.0,Yeni koleksiyon > Community | UGC,Bej
basic zımbalı kemer,590.0,Yeni koleksiyon > Community | UGC,Açık sarı
Geniş kuşgözü detaylı kemer,790.0,Yeni koleksiyon > Community | UGC,Kahverengi
Retro tarzı taşlı güneş gözlüğü,590.0,Yeni koleksiyon > Community | STR Teen,Haki
Dantel Külotlu Çorap,490.0,Yeni koleksiyon > Community | STR Teen,Beyaz
Dantel Külotlu Çorap,490.0,Yeni koleksiyon > Community | STR Teen,Mavi
Volanlı asimetrik tişört,790.0,Ürüne göre alışveriş,Siyah
Volanlı asimetrik tişört,790.0,Ürüne göre alışveriş,Koyu kırmızı
Volanlı asimetrik tişört,790.0,Ürüne göre alışveriş,Pembe
LA baskılı t-shirt,590.0,Ürüne göre alışveriş,Pembe
Görünüm,1790.0,Ürüne göre alışveriş > Latest trends,Beyaz
Deri charm topuksuz makosenler,2990.0,Ürüne göre alışveriş > Latest trends,BEJ
Tweety charm anahtarlık,790.0,Ürüne göre alışveriş > Latest trends,Açık pembe
Fiyonk burunlu babet,1250.0,Ürüne göre alışveriş > Promosyonlar,SİYAH
Kadın spor ayakkabı,1040.0,Ürüne göre alışveriş > Promosyonlar,BEYAZ
File topuklu ayakkabı,1390.0,Ürüne göre alışveriş > Promosyonlar,SİYAH
Deri detaylı ince tabanlı spor ayakkabı,1390.0,Ürüne göre alışveriş > Promosyonlar,BORDO
Çift Bağcıklı Günlük Spor Ayakkabı,1390.0,Ürüne göre alışveriş > Promosyonlar,BORDO
İnce tabanlı yumuşak spor ayakkabı,1250.0,Ürüne göre alışveriş > Promosyonlar,BEYAZ
Saten ince tabanlı spor ayakkabı,1250.0,Ürüne göre alışveriş > Promosyonlar,KAHVERENGİ
Saten ince tabanlı spor ayakkabı,1250.0,Ürüne göre alışveriş > Promosyonlar,SİYAH
İnce tabanlı deri detaylı spor ayakkabı,1390.0,Ürüne göre alışveriş > Promosyonlar,KIRMIZI
Suni süet terlik,1390.0,Ürüne göre alışveriş > Promosyonlar,KAHVERENGİ
Deri detaylı delikli spor ayakkabı,1990.0,Spor ayakkabı,KAHVERENGİ
Deri detaylı delikli spor ayakkabı,1990.0,Spor ayakkabı,BEJ
Suni süet file spor ayakkabı,1790.0,Aksesuar,BEJ
Basic açık topuklu ayakkabılar,1590.0,Aksesuar,SİYAH
Siyah suni deri makosenler,1990.0,Aksesuar,SİYAH
Burunlu deri babet,1990.0,Aksesuar,KAHVERENGİ
Saten yüzeyli topuklu ayakkabı,1990.0,Aksesuar,KAHVERENGİ
Suni süet arkası açık babet,1590.0,Aksesuar,BEJ
Saten yüzeyli topuklu ayakkabılar,1790.0,Aksesuar,MAVİ
Platformlu tekne ayakkabısı,2690.0,Aksesuar,KAHVERENGİ
Burnu açık topuklu ayakkabı,1990.0,Aksesuar,KIRMIZI
Günlük retro spor ayakkabı,1790.0,Aksesuar,BEYAZ
Suni deri burunlu babet,1790.0,Aksesuar,BORDO
"Geniş topuklu, arkası açık ayakkabı",1790.0,Aksesuar,SİYAH
Platform günlük spor ayakkabı,1590.0,Aksesuar,BEYAZ
Mikro delikli platform spor ayakkabı,1490.0,Aksesuar,BEJ
File zımbalı babetler,2490.0,Aksesuar,SİYAH
Fiyonklu topuklu ayakkabı,1990.0,Aksesuar,BORDO
Tokalı deri takunyalar,1990.0,Aksesuar,BEJ
Deri topuklu ayakkabı,2690.0,Aksesuar,KAHVERENGİ
Deri topuklu ayakkabı,2690.0,Aksesuar,SİYAH
Suni deri babuç,1990.0,Aksesuar,KAHVERENGİ
Düz deri terlik,2490.0,Aksesuar,BEJ
Taşlı file topuklu ayakkabı,2490.0,Aksesuar,BEJ
Basic timsah deseni görünümlü cüzdan,550.0,Aksesuar,Siyah
Basic timsah deseni görünümlü cüzdan,550.0,Aksesuar,Fuşya
Basic parlak suni deri kemer,590.0,Aksesuar,Kahverengi
Basic parlak suni deri kemer,590.0,Aksesuar,Siyah
Pullu pareo,990.0,Aksesuar,Ekru
Fermuarlı bozuk para cüzdanı,490.0,Aksesuar,Bordo
Fermuarlı bozuk para cüzdanı,490.0,Aksesuar,Siyah
Yuvarlak epoksi güneş gözlüğü,790.0,Aksesuar,Haki
Mat tokalı basic kemer,590.0,Aksesuar,Siyah
Fermuarlı cüzdan,590.0,Aksesuar,Siyah
Fermuarlı cüzdan,590.0,Aksesuar,Ekru
Fermuarlı cüzdan,590.0,Aksesuar,Kırmızı
Zincir Detaylı Fermuarlı Cüzdan,590.0,Aksesuar,Kiremit rengi
Uzun parlak kartlık cüzdan,550.0,Aksesuar,Pembe
Fermuarlı dikdörtgen cüzdan,550.0,Aksesuar,Kırmızı
DALGALI PARA VE ZIMBA KEMER,990.0,Aksesuar,Siyah
Oval epoksi güneş gözlüğü,790.0,Aksesuar,Bordo
Metal elastik kemer,790.0,Aksesuar,Altın rengi
Suni süet sloganlı şapka,790.0,Aksesuar,Bej
Suni süet sloganlı şapka,790.0,Aksesuar,Kahverengi
Bit detaylı fular,790.0,Aksesuar,Kahverengi
Kare epoksi güneş gözlüğü,790.0,Aksesuar,Kahverengi
Geniş saplı dikdörtgen gözlük,790.0,Aksesuar,Siyah
Believe şapka,590.0,Aksesuar,Mavi
Çiçek parçalı zincir kemer,590.0,Aksesuar,Gri
SUNİ DERİ GÖRÜNÜMLÜ FERMUARLI CÜZDAN,550.0,Aksesuar,Beyaz
SUNİ DERİ GÖRÜNÜMLÜ FERMUARLI CÜZDAN,550.0,Aksesuar,Altın rengi
Simli fermuarlı kartlık,550.0,Aksesuar,Kahverengi
Suni süet efektli kartlık cüzdan,550.0,Aksesuar,Kahverengi
Puantiye desenli kartlık cüzdan,550.0,Aksesuar,Siyah
Puantiye desenli kartlık cüzdan,550.0,Aksesuar,Kahverengi
Puantiye makyaj çantası,550.0,Aksesuar,Siyah
Puantiye makyaj çantası,550.0,Aksesuar,Kahverengi
Basic timsah deseni görünümlü cüzdan,550.0,Aksesuar,Koyu gri
Basic timsah deseni görünümlü cüzdan,550.0,Aksesuar,Ekru
Basic timsah deseni görünümlü cüzdan,550.0,Aksesuar,Bordo
Dikdörtgen Cüzdan,550.0,Aksesuar,Siyah
2’li asetat klips seti,490.0,Aksesuar,Açık pembe
Mini makyaj çantası,490.0,Aksesuar,Kırmızı
Mini makyaj çantası,490.0,Aksesuar,Siyah
Kruvasan toka,450.0,Aksesuar,Kahverengi
Paisley fular,490.0,Aksesuar,Kırmızı
Asma kilitli fular,590.0,Aksesuar,Kahverengi
Yılan desenli fular,590.0,Aksesuar,Kahverengi
Püsküllü eşarp,590.0,Aksesuar,Ekru
Çiçekli tığ işi fular,590.0,Aksesuar,Ekru
Kontrast çizgili fular,590.0,Aksesuar,Altın rengi
N.136 ROSE CLOUD INTENSE EAU DE PARFUM 100 ML,990.0,Aksesuar,Pembe
Püsküllü pareo fular,790.0,Aksesuar,Siyah
Weekend şapka,590.0,Aksesuar,Krem rengi
Basic fermuarlı cüzdan,550.0,Aksesuar,Bej
Basic fermuarlı bozuk para cüzdanı,550.0,Aksesuar,Bordo
Basic kovboy tokalı kemer,590.0,Aksesuar,Siyah
Büyük oval metal kemer,590.0,Aksesuar,Gri
Soluk efektli çivili şapka,790.0,Aksesuar,Mavi
New york şapka,790.0,Aksesuar,Siyah
Suni deri kartlık,550.0,Aksesuar,Beyaz
Suni deri kartlık,550.0,Aksesuar,Altın rengi
UZUN SAFIANO KARTLIK CÜZDAN,550.0,Aksesuar,Beyaz
SAFIANO KARTLIK CÜZDAN,550.0,Aksesuar,Sarı
SAFIANO KARTLIK CÜZDAN,550.0,Aksesuar,Beyaz
N.032 VANILLA ADDICTION EAU DE PARFUM 50 ML,790.0,Aksesuar,Ekru
Denim kasket,790.0,Aksesuar,SOLUK EFEKTLİ ORTA MAVİ DENIM
San Francisco şapka,590.0,Aksesuar,Lacivert
Diyagonal çizgili ve pullu fular,790.0,Aksesuar,Açık mavi
İki renkli metal kemer,790.0,Aksesuar,Altın rengi
N.180 Solar Breeze saç ve vücut parfümü,790.0,Aksesuar,Açık sarı
N.179 Coco Kiss saç ve vücut parfümü,790.0,Aksesuar,Ekru
N.028 GOLDEN SUBLIME ELIXIR PARFUM 100 ML,990.0,Aksesuar,Altın rengi
N.059 OPULENT GLOW İKSİR PARFÜM 100 ML,990.0,Aksesuar,Altın rengi
N. 004 bağımlılık yapan esans iksir parfüm 100 ml,990.0,Aksesuar,Altın rengi
Cüzdan aplikeli kemer,790.0,Aksesuar,Kahverengi
Metal suni deri kemer,790.0,Aksesuar,Kahverengi
Geniş rozet püsküllü kemer,990.0,Aksesuar,Açık kahverengi
Yuvarlak metal kemer,590.0,Aksesuar,Gri
2'li muz toka seti,450.0,Aksesuar,Kahverengi
Kontrast fular,990.0,Aksesuar,Kahverengi
Dikdörtgen cüzdan,550.0,Aksesuar,Ekru
Çekme detaylı kartlık cüzdan,550.0,Aksesuar,Ekru
Balaklava,990.0,Aksesuar,Ekru
Balaklava,990.0,Aksesuar,Siyah
N.031 Vanilla Woods Elixir parfüm,990.0,Aksesuar,Açık sarı
N.168 eau de toilette,590.0,Aksesuar,Pembe
Pembe kek vücut spreyi,490.0,Aksesuar,Açık pembe
N.120 Rose Vanilla Elixir parfüm,990.0,Aksesuar,Açık sarı
Coco & sun vücut spreyi,490.0,Aksesuar,Altın rengi
Güneşin mutluluğu vücut spreyi,490.0,Aksesuar,Altın rengi
Güneşin mutluluğu iksir parfümü,790.0,Aksesuar,Altın rengi
Ay ışığı vücut spreyi,490.0,Aksesuar,Pembe
Vanilya karamel vücut spreyi,490.0,Aksesuar,Altın rengi
Metal halkalı kemer,590.0,Aksesuar,Kahverengi
Çivili Şapka,790.0,Aksesuar,Siyah
Fermuarlı bozuk para cüzdanı,550.0,Aksesuar,Kırmızı
N.121 Radiance Vanilla Elixir parfüm,990.0,Aksesuar,Açık sarı
Pink moon vücut spreyi,490.0,Aksesuar,Soluk pembe
Suni kürklü makyaj çantası,590.0,Aksesuar,Ekru
N.130 Manolya çiçeği saç ve vücut parfümü,790.0,Aksesuar,Pembe
Dikişli Asimetrik Tokalı Kemer,490.0,Aksesuar,Kahverengi
Ponponlu Fermuarlı Cüzdan,590.0,Aksesuar,Siyah
Basic fermuarlı cüzdan,490.0,Aksesuar,Siyah
Basic fermuarlı cüzdan,490.0,Aksesuar,Bordo
Basic fermuarlı cüzdan,490.0,Aksesuar,Koyu gri
Basic Fermuarlı Cüzdan,590.0,Aksesuar,Siyah
Silk eau de toilette Nº101 - 100 ML,790.0,Aksesuar,Açık sarı
Wood Eau de toilette - 100 ML,790.0,Aksesuar,Bej
Cashmere eau de toilette Nº161 - 100 ML,790.0,Aksesuar,Soluk pembe
Basic atkı,790.0,Aksesuar,Ekru
Basic atkı,790.0,Aksesuar,Koyu mavi
Fırçalanmış İplik Atkı,790.0,Aksesuar,Ekru
Fırçalanmış İplik Atkı,790.0,Aksesuar,Siyah
Fırçalanmış İplik Atkı,790.0,Aksesuar,Açık gri
Kareli Atkı,790.0,Aksesuar,Ekru
Basic atkı,790.0,Aksesuar,Bordo
Basic atkı,790.0,Aksesuar,Siyah
Timsah deseni görünümlü fermuarlı cüzdan,550.0,Aksesuar,Bordo
Denim Fermuarlı Cüzdan,590.0,Aksesuar,SOLUK EFEKTLİ ORTA MAVİ DENIM
Timsah deseni görünümlü kartlık cüzdan,550.0,Aksesuar,Koyu gri
Timsah deseni görünümlü kartlık cüzdan,550.0,Aksesuar,Ekru
Timsah deseni görünümlü kartlık cüzdan,550.0,Aksesuar,Bordo
N.063 Kiraz Çiçeği eau de toilette,590.0,Aksesuar,Bordo
Modern Buket nº115,590.0,Aksesuar,Mor
Unique nº141,590.0,Aksesuar,Soluk pembe
N.15 Our essence eau de parfum,790.0,Aksesuar,Lila
Basic düz atkı,990.0,Aksesuar,Bordo
Basic düz atkı,990.0,Aksesuar,Siyah
Basic düz atkı,990.0,Aksesuar,Ekru
Pretty blossom nº 133,790.0,Aksesuar,Ekru
Pink passion nº 002,790.0,Aksesuar,Pembe
Romance nº 134,790.0,Aksesuar,Pembe
Yuvarlak metal güneş gözlüğü,590.0,Aksesuar,Altın rengi
Pullu kroşe kasket,790.0,Aksesuar,Ekru
5'li kürk lastik toka seti,350.0,Aksesuar,Siyah
N.176 Berry delicious eau de toilette,990.0,Aksesuar,Bordo
N.178 Tropical tango eau de toilette,990.0,Aksesuar,Ekru
8 numaralı top eşarp,590.0,Aksesuar,Pembe
Flamingo paçuli fular,490.0,Aksesuar,Ekru
Desenli fular,490.0,Aksesuar,Kahverengi
Zımbalı kalp kürk klipsi,450.0,Aksesuar,Kahverengi
