item_name,price,category,color
Ayarlanabilir düğmeli keten karışımlı geniş paça pantolon,1590.0,Keten karışımlı,Kahverengi
Ayarlanabilir düğmeli keten karışımlı geniş paça pantolon,1590.0,Keten karışımlı,Ekru
Ayarlanabilir düğmeli keten karışımlı geniş paça pantolon,1590.0,Keten karışımlı,Mavi
Ayarlanabilir düğmeli keten karışımlı geniş paça pantolon,1590.0,Keten karışımlı,Krem rengi
Ayarlanabilir düğmeli keten karışımlı geniş paça pantolon,1590.0,Keten karışımlı,Haki
Keten görünümlü düz pantolon,1190.0,Keten karışımlı,Ekru
Keten görünümlü düz pantolon,1190.0,Keten karışımlı,Siyah
Keten görünümlü düz pantolon,1190.0,Keten karışımlı,Koyu lacivert
Keten görünümlü düz pantolon,1190.0,Keten karışımlı,Pembe
Keten görünümlü düz pantolon,1190.0,Keten karışımlı,Kahverengi
Keten görünümlü düz pantolon,1190.0,Keten karışımlı,Krem rengi
Keten görünümlü düz pantolon,1190.0,Keten karışımlı,Haki
Düğmeli yelek,990.0,Keten karışımlı,Kahverengi
Düğmeli yelek,990.0,Keten karışımlı,Ekru
Düğmeli yelek,990.0,Keten karışımlı,Mavi
Düğmeli yelek,990.0,Keten karışımlı,Altın rengi
Düğmeli yelek,990.0,Keten karışımlı,Krem rengi
Düğmeli yelek,990.0,Keten karışımlı,Haki
Makrome omuz çantası,1590.0,Keten karışımlı,Ekru
Dökümlü eşarp pantolon,1590.0,Keten karışımlı,Krem rengi
Qipao halter yaka düğmeli üst,1090.0,Keten karışımlı,Beyaz
Qipao halter yaka düğmeli üst,1090.0,Keten karışımlı,Turkuaz
Qipao halter yaka düğmeli üst,1090.0,Keten karışımlı,Açık pembe
Qipao halter yaka düğmeli üst,1090.0,Keten karışımlı,Kahverengi
Keten görünümlü şalvar pantolon,1490.0,Keten karışımlı,Beyaz
Keten görünümlü şalvar pantolon,1490.0,Keten karışımlı,Pembe
Keten görünümlü şalvar pantolon,1490.0,Keten karışımlı,Kahverengi
Dökümlü pareo pantolon,1490.0,Keten karışımlı,Krem rengi
Dökümlü pareo pantolon,1490.0,Keten karışımlı,Haki
Bengalinden halter yaka üst,1090.0,Keten karışımlı,Kahverengi
Keten etkili dökümlü gömlek,1190.0,Keten karışımlı,Beyaz
Keten etkili dökümlü gömlek,1190.0,Keten karışımlı,Siyah
Keten etkili dökümlü gömlek,1190.0,Keten karışımlı,Açık mavi
Keten etkili dökümlü gömlek,1190.0,Keten karışımlı,Pembe
Keten etkili dökümlü gömlek,1190.0,Keten karışımlı,Açık pembe
Keten etkili dökümlü gömlek,1190.0,Keten karışımlı,Altın rengi
Keten etkili dökümlü gömlek,1190.0,Keten karışımlı,Kahverengi
Deri parmak arası sandalet,2490.0,Keten karışımlı,BEJ
Keten karışımlı şort,1090.0,Keten karışımlı,Ekru
Keten karışımlı şort,650.0,Keten karışımlı,Kahverengi
Keten karışımlı şort,650.0,Keten karışımlı,Krem rengi
Kemerli dökümlü şort,1490.0,Keten karışımlı,Ekru
Kemerli dökümlü şort,1490.0,Keten karışımlı,Koyu lacivert
Kemerli dökümlü şort,1490.0,Keten karışımlı,Kahverengi
Kruvaze halter top,790.0,Keten karışımlı,Ekru
Kruvaze halter top,790.0,Keten karışımlı,Siyah
Kruvaze halter top,790.0,Keten karışımlı,Kahverengi
Kruvaze halter top,790.0,Keten karışımlı,Haki
Metalik iplikli kroşe tote çanta,1790.0,Keten karışımlı,Ekru
Metalik iplikli kroşe tote çanta,1790.0,Keten karışımlı,Kahverengi
Basic askılı top,490.0,Keten karışımlı,Beyaz
Basic askılı top,490.0,Keten karışımlı,Siyah
Yuvarlak epoksi güneş gözlüğü,790.0,Keten karışımlı,Haki
Keten görünümlü gömlek,1190.0,Keten karışımlı,Krem rengi
Keten görünümlü gömlek,1190.0,Keten karışımlı,Koyu lacivert
Keten görünümlü gömlek,1190.0,Keten karışımlı,Açık mavi
Keten görünümlü gömlek,1190.0,Keten karışımlı,Soluk pembe
Keten görünümlü gömlek,1190.0,Keten karışımlı,Kahverengi
Keten görünümlü gömlek,1190.0,Keten karışımlı,Haki
Önü açık dökümlü bluz,1190.0,Keten karışımlı,Kahverengi
Önü açık dökümlü bluz,1190.0,Keten karışımlı,Beyaz
Önü açık dökümlü bluz,1190.0,Keten karışımlı,Altın rengi
Önü açık dökümlü bluz,1190.0,Keten karışımlı,Haki
Keten görünümlü çapraz sırtlı midi elbise,1790.0,Keten karışımlı,Lacivert
Keten görünümlü çapraz sırtlı midi elbise,1790.0,Keten karışımlı,Kahverengi
Keten görünümlü çapraz sırtlı midi elbise,1790.0,Keten karışımlı,Haki
D93 uzun şort,1490.0,Keten karışımlı,SOLUK EFEKTLİ PARÇA BOYAMA DENIM
D93 uzun şort,1490.0,Keten karışımlı,Beyaz
D93 uzun şort,1490.0,Keten karışımlı,SOLUK EFEKTLİ KOYU GRİ DENIM
D93 uzun şort,1490.0,Keten karışımlı,SOLUK EFEKTLİ SİYAH DENIM
D93 uzun şort,1490.0,Keten karışımlı,SOLUK EFEKTLİ ORTA MAVİ DENIM
D93 uzun şort,1490.0,Keten karışımlı,SOLUK EFEKTLİ AÇIK ORTA MAVİ DENIM
D93 uzun şort,1490.0,Keten karışımlı,SOLUK EFEKTLİ AÇIK MAVİ DENIM
Kombinasyon sepet tote çanta,1590.0,Keten karışımlı,Altın rengi
Kombinasyon sepet tote çanta,1590.0,Keten karışımlı,Beyaz
Geniş paça keten görünümlü pantolon,1190.0,Keten karışımlı,Koyu lacivert
Geniş paça keten görünümlü pantolon,1190.0,Keten karışımlı,Ekru
Keten görünümlü yelek,1490.0,Keten karışımlı,Krem rengi
D76 Mikro denim şort,1490.0,Keten karışımlı,SOLUK EFEKTLİ PARÇA BOYAMA DENIM
D76 Mikro denim şort,1490.0,Keten karışımlı,Beyaz
D76 Mikro denim şort,1490.0,Keten karışımlı,SOLUK EFEKTLİ AÇIK ORTA MAVİ DENIM
D76 Mikro denim şort,1490.0,Keten karışımlı,SOLUK EFEKTLİ ORTA MAVİ DENIM
D76 Mikro denim şort,1490.0,Keten karışımlı,SOLUK EFEKTLİ SİYAH DENIM
File topuksuz terlik,2490.0,Keten karışımlı,KAHVERENGİ
Bambula işlemeli şort etek,1490.0,Keten karışımlı,Kahverengi
Bambula işlemeli şort etek,1490.0,Keten karışımlı,Siyah
Bambula işlemeli şort etek,1490.0,Keten karışımlı,Ekru
Vücuda oturan rustik blazer,2290.0,Keten karışımlı,Beyaz
Vücuda oturan rustik blazer,2290.0,Keten karışımlı,Siyah
Keten karışımlı şık şort,1190.0,Keten karışımlı,Ekru
Keten karışımlı şık şort,1190.0,Keten karışımlı,Mavi
Keten karışımlı şık şort,1190.0,Keten karışımlı,Kahverengi
Bambula volanlı şort etek,1190.0,Keten karışımlı,Ekru
Bambula volanlı şort etek,1190.0,Keten karışımlı,Lacivert
Bambula volanlı şort etek,1190.0,Keten karışımlı,Açık mavi
İşlemeli askılı dökümlü top,1090.0,Keten karışımlı,Kahverengi
İşlemeli askılı dökümlü top,1090.0,Keten karışımlı,Altın rengi
İşlemeli dökümlü askılı top,1090.0,Keten karışımlı,Ekru
Çok bantlı topuklu sandalet,1790.0,Keten karışımlı,KAHVERENGİ
Çok bantlı topuklu sandalet,1790.0,Keten karışımlı,ALTIN
Düğmeli dökümlü top,1090.0,Keten karışımlı,Beyaz
Düğmeli dökümlü top,1090.0,Keten karışımlı,Açık mavi
Dökümlü barrel pantolon,1190.0,Keten karışımlı,Krem rengi
Dökümlü barrel pantolon,1190.0,Keten karışımlı,Ekru
Dökümlü barrel pantolon,1190.0,Keten karışımlı,Açık mavi
Parmak arası düz sandalet,1590.0,Keten karışımlı,KOMBİNE
Açık renk geniş paça jean,1790.0,Keten karışımlı,SOLUK EFEKTLİ AÇIK ORTA MAVİ DENIM
"Kemerli, keten görünümlü düz paça pantolon",1590.0,Keten karışımlı,Kahverengi
"Kemerli, keten görünümlü düz paça pantolon",1590.0,Keten karışımlı,Ekru
"Kemerli, keten görünümlü düz paça pantolon",1590.0,Keten karışımlı,Açık sarı
Keten görünümlü bağcıklı pantolon,1190.0,Keten karışımlı,Beyaz
Keten görünümlü bağcıklı pantolon,1190.0,Keten karışımlı,Siyah
Keten görünümlü bağcıklı pantolon,1190.0,Keten karışımlı,Kahverengi
Ketenli pensli culotte pantolon,1490.0,Keten karışımlı,Ekru
Dökümlü kruvaze blazer,2290.0,Keten karışımlı,Kahverengi
Dökümlü kruvaze blazer,2290.0,Keten karışımlı,Ekru
Dökümlü kruvaze blazer,2290.0,Keten karışımlı,Mavi
Keten görünümlü straight fit pantolon,1590.0,Keten karışımlı,Kahverengi
Keten görünümlü straight fit pantolon,1590.0,Keten karışımlı,Ekru
Bohem midi etek,1390.0,Keten karışımlı,Beyaz
Bohem midi etek,1390.0,Keten karışımlı,Siyah
Bohem midi etek,1390.0,Keten karışımlı,Kahverengi
Asimetrik püsküllü kısa elbise,1590.0,Keten karışımlı,Kahverengi
Keten görünümlü culotte pantolon,1490.0,Keten karışımlı,Krem rengi
Keten görünümlü culotte pantolon,1490.0,Keten karışımlı,Siyah
Keten görünümlü culotte pantolon,1490.0,Keten karışımlı,Ekru
Keten görünümlü culotte pantolon,1490.0,Keten karışımlı,Kahverengi
Keten görünümlü çapraz askılı top,790.0,Keten karışımlı,Kahverengi
Keten görünümlü çapraz askılı top,790.0,Keten karışımlı,Beyaz
Keten görünümlü çapraz askılı top,790.0,Keten karışımlı,Altın rengi
Panelli uzun etek,1590.0,Keten karışımlı,Beyaz
Dökümlü Sarong Pantolon,1490.0,Keten karışımlı,Siyah
Kırışık görünümlü straight fit pantolon,1190.0,Keten karışımlı,Haki
Kırışık görünümlü straight fit pantolon,1190.0,Keten karışımlı,Siyah
Kırışık görünümlü straight fit pantolon,1190.0,Keten karışımlı,Ekru
Kırışık görünümlü straight fit pantolon,1190.0,Keten karışımlı,Kahverengi
Büzgülü dokulu tişört,790.0,Keten karışımlı,Haki
Büzgülü dokulu tişört,790.0,Keten karışımlı,Siyah
Büzgülü dokulu tişört,790.0,Keten karışımlı,Ekru
Büzgülü dokulu tişört,790.0,Keten karışımlı,Kahverengi
V Yaka Kısa Elbise,1590.0,Keten karışımlı,Koyu mavi
Keten görünümlü yarasa kollu gömlek,1590.0,Keten karışımlı,Altın rengi
Keten görünümlü yarasa kollu gömlek,1590.0,Keten karışımlı,Beyaz
Keten görünümlü yarasa kollu gömlek,1590.0,Keten karışımlı,Lacivert
Keten görünümlü yarasa kollu gömlek,1590.0,Keten karışımlı,Krem rengi
Keten görünümlü yarasa kollu gömlek,1590.0,Keten karışımlı,Haki
Çizgili ketenli dökümlü pantolon,1190.0,Keten karışımlı,Gri
"Metalik iplikli, keten görünümlü, dökümlü pantolon",1590.0,Keten karışımlı,Mavi
"Metalik iplikli, keten görünümlü, dökümlü pantolon",1590.0,Keten karışımlı,Krem rengi
Basic keten karışımlı yelek,1490.0,Keten karışımlı,Mavi
basic keten görünümlü yelek,1490.0,Keten karışımlı,Beyaz
Keten görünümlü düğmeli yelek,1490.0,Keten karışımlı,Siyah
Askılı fırfırlı kısa elbise,1590.0,Keten karışımlı,Ekru
Askılı fırfırlı kısa elbise,1590.0,Keten karışımlı,Koyu lacivert
Keten Karışımlı Geniş Yaka Triko Bluz,1090.0,Keten karışımlı,Pembe
Keten Karışımlı Geniş Yaka Triko Bluz,1090.0,Keten karışımlı,Açık sarı
Keten Karışımlı Geniş Yaka Triko Bluz,1090.0,Keten karışımlı,Kahverengi
Sırtı bağcıklı dökümlü mini elbise,1590.0,Keten karışımlı,Açık mavi
Sırtı bağcıklı dökümlü mini elbise,1590.0,Keten karışımlı,Ekru
Sırtı bağcıklı dökümlü mini elbise,1590.0,Keten karışımlı,Kahverengi
Askılı keten karışımlı top,990.0,Keten karışımlı,Koyu lacivert
Askılı keten karışımlı top,990.0,Keten karışımlı,Ekru
Düz kesim dökümlü kemerli pantolon,1590.0,Keten karışımlı,Ekru
Düz kesim dökümlü kemerli pantolon,1590.0,Keten karışımlı,Siyah
Düz kesim dökümlü kemerli pantolon,1590.0,Keten karışımlı,Lacivert
Düz kesim dökümlü kemerli pantolon,1590.0,Keten karışımlı,Açık gri
Düz kesim dökümlü kemerli pantolon,1590.0,Keten karışımlı,Koyu Gri
Düz kesim dökümlü kemerli pantolon,1590.0,Keten karışımlı,Kahverengi
Düz kesim dökümlü kemerli pantolon,1590.0,Keten karışımlı,Mor
Dökümlü kruvaze pantolon,1590.0,Keten karışımlı,Haki
Metalik iplikli rustik şort,650.0,Keten karışımlı,Açık mavi
"Keten karışımlı, kısa, dantel elbis",1590.0,Keten karışımlı,Kahverengi
"Keten karışımlı, kısa, dantel elbis",1590.0,Keten karışımlı,Turuncu
V Yaka Uzun Elbise,1790.0,Keten karışımlı,Açık sarı
Dantel detaylı kısa elbise,1690.0,Keten karışımlı,Pembe
Dantel detaylı kısa elbise,1690.0,Keten karışımlı,Ekru
Qipao halter düğmeli top,1090.0,Keten karışımlı,Koyu mavi
Keten Karışımlı Culotte Pantolon,1490.0,Keten karışımlı,Kahverengi
Volanlı dökümlü etek pantolon,1190.0,Keten karışımlı,Siyah
Volanlı dökümlü etek pantolon,1190.0,Keten karışımlı,Beyaz
"İşlemeli, oturan kolsuz top",1090.0,Keten karışımlı,Kahverengi
İşlemeli straight pantolon,1790.0,Keten karışımlı,Kahverengi
İşlemeli straight pantolon,1790.0,Keten karışımlı,Ekru
"Sırt dekolteli, parlak detaylı kısa elbise",1790.0,Keten karışımlı,Koyu lacivert
Akıcı katlı midi etek,1490.0,Keten karışımlı,Beyaz
İşlemeli kolsuz fitilli top,1090.0,Keten karışımlı,Ekru
Düğmeli dökümlü gömlek,1090.0,Keten karışımlı,Mavi
Düğmeli dökümlü gömlek,1090.0,Keten karışımlı,Siyah
Düğmeli dökümlü gömlek,1090.0,Keten karışımlı,Beyaz
Düğmeli dökümlü gömlek,1090.0,Keten karışımlı,Lacivert
Düğmeli dökümlü gömlek,1090.0,Keten karışımlı,Açık mavi
Düğmeli dökümlü gömlek,1090.0,Keten karışımlı,Krem rengi
Düğmeli dökümlü gömlek,1090.0,Keten karışımlı,Kahverengi
Düğmeli dökümlü gömlek,1090.0,Keten karışımlı,Mor
İşlemeli mini şort,1590.0,Keten karışımlı,Ekru
Saten görünümlü dökümlü uzun elbise,1590.0,Keten karışımlı > Üst,Fuşya
Saten görünümlü dökümlü uzun elbise,1590.0,Keten karışımlı > Üst,Koyu bej
Düğmeli kolsuz top,990.0,Keten karışımlı > Üst,Krem rengi
Düğmeli kolsuz top,990.0,Keten karışımlı > Üst,Beyaz
Düğmeli kolsuz top,990.0,Keten karışımlı > Üst,Kahverengi
Düğmeli kolsuz top,990.0,Keten karışımlı > Üst,Mor
Pensli klasik pantolon,1590.0,Keten karışımlı > Alt,Ekru
Saten işlemeli qipao top,1490.0,İkili takımlar,Açık mavi
Japandi jakarlı şort etek,1490.0,İkili takımlar,Açık mavi
Pullu halter top,990.0,İkili takımlar,Pembe
Pullu halter top,990.0,İkili takımlar,Ekru
Pullu halter top,990.0,İkili takımlar,Kahverengi
Pullu mini etek,1190.0,İkili takımlar,Pembe
Pullu mini etek,1190.0,İkili takımlar,Ekru
Pullu mini etek,1190.0,İkili takımlar,Kahverengi
Balon büstiyer top,1090.0,İkili takımlar,Beyaz
Balon büstiyer top,1090.0,İkili takımlar,Altın rengi
Katlı poplin etek,1590.0,İkili takımlar,Beyaz
"Kısa, çıkarılabilir kapüşonlu şişme trençkot",2790.0,İkili takımlar,Bej
Yan yırtmaçlı şort etek,1190.0,İkili takımlar,Bej
Yan yırtmaçlı şort etek,1190.0,İkili takımlar,Siyah
Yan yırtmaçlı şort etek,1190.0,İkili takımlar,Açık mavi
Yan yırtmaçlı şort etek,1190.0,İkili takımlar,Kırmızı
Yan yırtmaçlı şort etek,1190.0,İkili takımlar,Pembe
Yan yırtmaçlı şort etek,1190.0,İkili takımlar,Koyu Gri
Yan yırtmaçlı şort etek,1190.0,İkili takımlar,Açık sarı
Yan yırtmaçlı şort etek,1190.0,İkili takımlar,Kahverengi
Yan yırtmaçlı şort etek,1190.0,İkili takımlar,Mor
Yumuşak dokulu fermuarlı sweatshirt,1490.0,İkili takımlar,Krem rengi
Yumuşak dokulu fermuarlı sweatshirt,1490.0,İkili takımlar,Siyah
Yumuşak dokulu fermuarlı sweatshirt,1490.0,İkili takımlar,Kahverengi
Yumuşak dokunuşlu sweatshirt,1490.0,İkili takımlar,Siyah
Yumuşak dokunuşlu sweatshirt,1490.0,İkili takımlar,Lacivert
Yumuşak dokunuşlu sweatshirt,1490.0,İkili takımlar,Kahverengi
Yumuşak dokunuşlu sweatshirt,1490.0,İkili takımlar,Krem rengi
Yumuşak dokulu kumaş pantolon,1790.0,İkili takımlar,Siyah
Yumuşak dokulu kumaş pantolon,1790.0,İkili takımlar,Lacivert
Yumuşak dokulu kumaş pantolon,1790.0,İkili takımlar,Koyu Gri
Yumuşak dokulu kumaş pantolon,1790.0,İkili takımlar,Kahverengi
Yumuşak dokulu kumaş pantolon,1790.0,İkili takımlar,Krem rengi
Yumuşak dokulu kumaş pantolon,1070.0,İkili takımlar,Haki
Yumuşak dokulu kumaş pantolon,1790.0,İkili takımlar,Mor
Üç düğmeli vücuda oturan blazer,2290.0,İkili takımlar,Kahverengi
Zincirli pensli liyosel pantolon,1790.0,İkili takımlar,Kahverengi
Militer blazer,2490.0,İkili takımlar,SOLUK EFEKTLİ AÇIK ORTA MAVİ DENIM
D62 denim şort etek,1490.0,İkili takımlar,SOLUK EFEKTLİ AÇIK ORTA MAVİ DENIM
D62 denim şort etek,1490.0,İkili takımlar,Beyaz
D62 denim şort etek,1490.0,İkili takımlar,Kahverengi
D62 denim şort etek,1490.0,İkili takımlar,SOLUK EFEKTLİ AÇIK MAVİ DENIM
D62 denim şort etek,1490.0,İkili takımlar,SOLUK EFEKTLİ DESIZED DENIM
D62 denim şort etek,1490.0,İkili takımlar,SOLUK EFEKTLİ İNCİ GRİSİ DENIM
D62 denim şort etek,1490.0,İkili takımlar,SOLUK EFEKTLİ PARÇA BOYAMA DENIM
D62 denim şort etek,1490.0,İkili takımlar,SOLUK EFEKTLİ ORTA MAVİ DENIM
Yumuşak dokulu kısa kollu t-shirt,990.0,İkili takımlar,Lacivert
Yumuşak dokulu kısa kollu t-shirt,990.0,İkili takımlar,Siyah
Yumuşak dokulu kısa kollu t-shirt,990.0,İkili takımlar,Kahverengi
Yumuşak dokulu kısa kollu t-shirt,990.0,İkili takımlar,Krem rengi
Dik yaka şişme ceket,2290.0,İkili takımlar,Pembe
Halter yaka t-shirt,590.0,İkili takımlar,SOLUK EFEKTLİ GRİ DENIM
Halter yaka t-shirt,590.0,İkili takımlar,Siyah
Halter yaka t-shirt,590.0,İkili takımlar,Beyaz
Halter yaka t-shirt,590.0,İkili takımlar,Açık pembe
Halter yaka t-shirt,590.0,İkili takımlar,Açık sarı
Halter yaka t-shirt,590.0,İkili takımlar,Kahverengi
Katlanabilir belli mini şort,790.0,İkili takımlar,SOLUK EFEKTLİ GRİ DENIM
Katlanabilir belli mini şort,790.0,İkili takımlar,Siyah
Hacimli poplin pantolon,1590.0,İkili takımlar,Kiremit rengi
Hacimli poplin pantolon,950.0,İkili takımlar,Siyah
Hacimli poplin pantolon,950.0,İkili takımlar,Beyaz
Hacimli poplin pantolon,950.0,İkili takımlar,Açık mavi
Askılı büzgülü top,1090.0,İkili takımlar,Kiremit rengi
Hacimli kareli pantolon,1790.0,İkili takımlar,Pembe
Korse büstiyer bluz,1190.0,İkili takımlar,Pembe
Vücuda oturan blazer ceket,1370.0,İkili takımlar,Kırmızı
Vücuda oturan blazer ceket,2290.0,İkili takımlar,Beyaz
Vücuda oturan blazer ceket,2290.0,İkili takımlar,Siyah
Yan yırtmaçlı şort etek,1190.0,İkili takımlar,Beyaz
Bisiklet yaka çizgili keten karışımlı top,790.0,İkili takımlar,Mavi
Suni süet balon ceket,2990.0,İkili takımlar,Kahverengi
Suni süet balon ceket,2990.0,İkili takımlar,Lacivert
Suni süet balon ceket,2990.0,İkili takımlar,Krem rengi
Suni süet mini şort etek,1490.0,İkili takımlar,Kahverengi
Suni süet mini şort etek,1490.0,İkili takımlar,Lacivert
Yama cepli ceket,1590.0,İkili takımlar,Ekru
Yama cepli ceket,950.0,İkili takımlar,Koyu mavi
Yama cepli ceket,1590.0,İkili takımlar,Pembe
D91 Düşük Bel Fitilli Geniş Paça Jean,1690.0,İkili takımlar,Ekru
D91 Düşük Bel Fitilli Geniş Paça Jean,1690.0,İkili takımlar,Beyaz
Puantiye desenli tül midi etek,1190.0,İkili takımlar,Ekru
Puantiye desenli tül midi etek,1190.0,İkili takımlar,Açık mavi
Puantiye desenli tül midi etek,1190.0,İkili takımlar,Kahverengi
Puantiye desenli halter top,790.0,İkili takımlar,Ekru
Puantiye desenli halter top,790.0,İkili takımlar,Açık mavi
Puantiye desenli halter top,790.0,İkili takımlar,Kahverengi
Kısa blazer,1790.0,İkili takımlar,Siyah
Kısa blazer,1790.0,İkili takımlar,Beyaz
Kısa blazer,1070.0,İkili takımlar,Lacivert
Ayarlanabilir süper geniş paça pantolon,1590.0,İkili takımlar,Siyah
Ayarlanabilir süper geniş paça pantolon,1590.0,İkili takımlar,Koyu Gri
Ayarlanabilir süper geniş paça pantolon,1590.0,İkili takımlar,Kahverengi
Vücudu saran denim top,1590.0,İkili takımlar,Ekru
D92 straight geniş paça jean,1690.0,İkili takımlar,Ekru
D92 straight geniş paça jean,1690.0,İkili takımlar,Siyah
D92 straight geniş paça jean,1690.0,İkili takımlar,Beyaz
D92 straight geniş paça jean,1690.0,İkili takımlar,Kahverengi
Çizgili açık blazer ceket,2290.0,İkili takımlar,Lacivert
Çizgili açık blazer ceket,2290.0,İkili takımlar,Kahverengi
Çizgili açık blazer ceket,2290.0,İkili takımlar,Krem rengi
Çizgili çapraz belli günlük pantolon,1590.0,İkili takımlar,Lacivert
Çizgili çapraz belli günlük pantolon,950.0,İkili takımlar,Siyah
Çizgili çapraz belli günlük pantolon,1590.0,İkili takımlar,Beyaz
Çizgili çapraz belli günlük pantolon,1590.0,İkili takımlar,Açık mavi
Çizgili çapraz belli günlük pantolon,1590.0,İkili takımlar,Koyu Gri
Çizgili çapraz belli günlük pantolon,1590.0,İkili takımlar,Kahverengi
Yumuşak dokulu dikiş detaylı geniş paça jogger pantolon,1590.0,İkili takımlar,Siyah
Yumuşak dokulu dikiş detaylı geniş paça jogger pantolon,1590.0,İkili takımlar,Lacivert
Yumuşak dokulu dikiş detaylı geniş paça jogger pantolon,1590.0,İkili takımlar,Açık gri
Yumuşak dokulu dikiş detaylı geniş paça jogger pantolon,1590.0,İkili takımlar,Kahverengi
Yumuşak dokulu dikiş detaylı geniş paça jogger pantolon,1590.0,İkili takımlar,Krem rengi
"Balon jogger pantolon, katlamalı bel, yumuşak doku",950.0,İkili takımlar,Krem rengi
"Balon jogger pantolon, katlamalı bel, yumuşak doku",1590.0,İkili takımlar,Siyah
"Balon jogger pantolon, katlamalı bel, yumuşak doku",950.0,İkili takımlar,Koyu lacivert
"Balon jogger pantolon, katlamalı bel, yumuşak doku",1590.0,İkili takımlar,Açık gri
Yumuşak dokulu yarasa kollu sweatshirt,1490.0,İkili takımlar,Krem rengi
Yumuşak dokulu yarasa kollu sweatshirt,890.0,İkili takımlar,Siyah
Yumuşak dokulu yarasa kollu sweatshirt,890.0,İkili takımlar,Koyu lacivert
Yumuşak dokulu yarasa kollu sweatshirt,1490.0,İkili takımlar,Açık gri
Fiyonklu sneakerina,1990.0,İkili takımlar,BEYAZ
Parlak detaylı yama cepli denim ceket,2790.0,İkili takımlar,SOLUK EFEKTLİ AÇIK ORTA MAVİ DENIM
Düşük bel geniş paça parlak detaylı jean,2490.0,İkili takımlar,SOLUK EFEKTLİ AÇIK ORTA MAVİ DENIM
Piliseli dökümlü ceket,2490.0,İkili takımlar,Ekru
Tokalı balon pantolon,1790.0,İkili takımlar,Ekru
Çizgili dar kesim blazer ceket,2290.0,İkili takımlar,Kahverengi
Kemerli mini şort etek,1490.0,İkili takımlar,Kahverengi
Kemerli mini şort etek,1490.0,İkili takımlar,Siyah
Kemerli mini şort etek,1490.0,İkili takımlar,Koyu lacivert
Kemerli mini şort etek,1490.0,İkili takımlar,Açık gri
Kemerli mini şort etek,1490.0,İkili takımlar,Bej
Asimetrik blazer ceket,2290.0,İkili takımlar,Açık mavi
Mini şort etek,1190.0,İkili takımlar,Açık mavi
Asimetrik dantel midi etek,1590.0,İkili takımlar,Siyah
Asimetrik dantel midi etek,1590.0,İkili takımlar,Ekru
Asimetrik dantel midi etek,1590.0,İkili takımlar,Kahverengi
Qipao tarzı dantel t-shirt,990.0,İkili takımlar,Siyah
Qipao tarzı dantel t-shirt,990.0,İkili takımlar,Ekru
Qipao tarzı dantel t-shirt,990.0,İkili takımlar,Kahverengi
Maxi pensli kemerli pantolon,1790.0,İkili takımlar,Koyu lacivert
Maxi pensli kemerli pantolon,1790.0,İkili takımlar,Siyah
Maxi pensli kemerli pantolon,1790.0,İkili takımlar,Beyaz
Maxi pensli kemerli pantolon,1790.0,İkili takımlar,Açık gri
Maxi pensli kemerli pantolon,1790.0,İkili takımlar,Kahverengi
Basic naylon kapüşonlu ceket,1790.0,İkili takımlar,Lacivert
Basic naylon kapüşonlu ceket,1790.0,İkili takımlar,Ekru
Tokalı pensli şalvar pantolon,1790.0,İkili takımlar,Pembe
Balon saten yüzeyli şık pantolon,1790.0,İkili takımlar,Koyu lacivert
Balon saten yüzeyli şık pantolon,1790.0,İkili takımlar,Kahverengi
Saten blazer,2290.0,İkili takımlar,Koyu lacivert
Vücuda oturan denim üst,1590.0,İkili takımlar,SOLUK EFEKTLİ AÇIK ORTA MAVİ DENIM
Vücuda oturan denim üst,1590.0,İkili takımlar,SOLUK EFEKTLİ ORTA MAVİ DENIM
D91 düşük bel geniş paça jean,1690.0,İkili takımlar,SOLUK EFEKTLİ AÇIK ORTA MAVİ DENIM
D91 düşük bel geniş paça jean,1690.0,İkili takımlar,SOLUK EFEKTLİ AÇIK MAVİ DENIM
D91 düşük bel geniş paça jean,1690.0,İkili takımlar,SOLUK EFEKTLİ ORTA MAVİ DENIM
D91 düşük bel geniş paça jean,1690.0,İkili takımlar,SOLUK EFEKTLİ PARÇA BOYAMA DENIM
D91 düşük bel geniş paça jean,1690.0,İkili takımlar,SOLUK EFEKTLİ İNCİ GRİSİ DENIM
D91 düşük bel geniş paça jean,1690.0,İkili takımlar,SOLUK EFEKTLİ GRİ DENIM
D91 düşük bel geniş paça jean,1690.0,İkili takımlar,SOLUK EFEKTLİ SİYAH DENIM
D91 düşük bel geniş paça jean,1690.0,İkili takımlar,SOLUK EFEKTLİ DESIZED DENIM
Vücuda oturan blazer ceket,2290.0,İkili takımlar,Açık mavi
Cepli denim ceket,1590.0,İkili takımlar,SOLUK EFEKTLİ DESIZED DENIM
D92 straight fit geniş paça jean,1690.0,İkili takımlar,SOLUK EFEKTLİ PARÇA BOYAMA DENIM
D92 straight fit geniş paça jean,1690.0,İkili takımlar,Koyu lacivert
D92 straight fit geniş paça jean,1690.0,İkili takımlar,Kahverengi
D92 straight fit geniş paça jean,1690.0,İkili takımlar,SOLUK EFEKTLİ AÇIK MAVİ DENIM
D92 straight fit geniş paça jean,1690.0,İkili takımlar,SOLUK EFEKTLİ DESIZED DENIM
D92 straight fit geniş paça jean,1690.0,İkili takımlar,SOLUK EFEKTLİ İNCİ GRİSİ DENIM
D92 straight fit geniş paça jean,1690.0,İkili takımlar,SOLUK EFEKTLİ KOYU GRİ DENIM
D92 straight fit geniş paça jean,1690.0,İkili takımlar,SOLUK EFEKTLİ SİYAH DENIM
D92 straight fit geniş paça jean,1690.0,İkili takımlar,SOLUK EFEKTLİ AÇIK ORTA MAVİ DENIM
D92 straight fit geniş paça jean,1690.0,İkili takımlar,SOLUK EFEKTLİ GRİ DENIM
D92 straight fit geniş paça jean,1690.0,İkili takımlar,SOLUK EFEKTLİ ORTA MAVİ DENIM
"Yumuşak dokulu, açık omuzlu sweatshirt",1490.0,İkili takımlar,Siyah
"Yumuşak dokulu, açık omuzlu sweatshirt",1490.0,İkili takımlar,Koyu lacivert
"Yumuşak dokulu, açık omuzlu sweatshirt",1490.0,İkili takımlar,Koyu mavi
"Yumuşak dokulu, açık omuzlu sweatshirt",1490.0,İkili takımlar,Pembe
"Yumuşak dokulu, açık omuzlu sweatshirt",1490.0,İkili takımlar,Gri
"Yumuşak dokulu, açık omuzlu sweatshirt",1490.0,İkili takımlar,Kahverengi
"Yumuşak dokulu, açık omuzlu sweatshirt",1490.0,İkili takımlar,Krem rengi
Yumuşak dokulu palazzo jogger pantolon,1590.0,İkili takımlar,Siyah
Yumuşak dokulu palazzo jogger pantolon,1590.0,İkili takımlar,Koyu lacivert
Yumuşak dokulu palazzo jogger pantolon,1590.0,İkili takımlar,Koyu mavi
Yumuşak dokulu palazzo jogger pantolon,1590.0,İkili takımlar,Pembe
Yumuşak dokulu palazzo jogger pantolon,1590.0,İkili takımlar,Açık gri
Yumuşak dokulu palazzo jogger pantolon,1590.0,İkili takımlar,Koyu gri
Yumuşak dokulu palazzo jogger pantolon,1590.0,İkili takımlar,Kahverengi
Yumuşak dokulu palazzo jogger pantolon,1590.0,İkili takımlar,Krem rengi
Yumuşak dokulu palazzo jogger pantolon,1590.0,İkili takımlar,0-526
Yumuşak dokulu palazzo jogger pantolon,950.0,İkili takımlar,Mor
Saten yüzeyli blazer,1370.0,İkili takımlar,Kahverengi
Saten pensli bermuda,1490.0,İkili takımlar,Kahverengi
Çizgili kısa blazer,1790.0,İkili takımlar,Açık gri
Yıkama efektli straight fit jogger pantolon,1590.0,İkili takımlar,Bej
Yıkama efektli straight fit jogger pantolon,1590.0,İkili takımlar,Pembe
Yıkama efektli straight fit jogger pantolon,1590.0,İkili takımlar,Koyu Gri
Basic omuz dekolteli sweatshirt,1190.0,İkili takımlar,Bej
Basic omuz dekolteli sweatshirt,1190.0,İkili takımlar,Siyah
Basic omuz dekolteli sweatshirt,1190.0,İkili takımlar,Koyu lacivert
Basic omuz dekolteli sweatshirt,1190.0,İkili takımlar,Açık gri
Çizgili denim ceket,2490.0,İkili takımlar,SOLUK EFEKTLİ GRİ DENIM
D62 denim şort etek,1490.0,İkili takımlar,SOLUK EFEKTLİ GRİ DENIM
Kruvaze dantel t-shirt,1190.0,İkili takımlar,Açık mavi
Dantel mini etek,1190.0,İkili takımlar,Açık mavi
Balon paça şalvar pantolon,1590.0,İkili takımlar,Kahverengi
Drapeli dar kesim top,990.0,İkili takımlar,Kahverengi
Drapeli dar kesim top,990.0,İkili takımlar,Koyu yeşil
İşlemeli kollu gömlek,1790.0,İkili takımlar,Açık mavi
Balon nakışlı pantolon,2290.0,İkili takımlar,Açık mavi
Teknik ceket,2290.0,İkili takımlar,Lacivert
Saten yüzeyli zincir detaylı pensli pantolon,1790.0,İkili takımlar,Açık sarı
Saten yüzeyli zincir detaylı pensli pantolon,1790.0,İkili takımlar,Ekru
Kemerli blazer ceket,2290.0,İkili takımlar,Açık sarı
Geniş belli palazzo pantolon,1190.0,İkili takımlar,Mor
Basic triko şort etek,790.0,İkili takımlar,Koyu lacivert
Basic triko şort etek,790.0,İkili takımlar,Siyah
Basic triko şort etek,790.0,İkili takımlar,Pembe
Basic triko şort etek,790.0,İkili takımlar,Kahverengi
Basic triko şort etek,790.0,İkili takımlar,Bej
Kısa blazer ceket,1790.0,İkili takımlar,Beyaz
Kısa kollu kapüşonlu sweatshirt,1490.0,İkili takımlar,Ekru
Mini şardonlu etek,1190.0,İkili takımlar,Ekru
Qipao halter denim top,1490.0,İkili takımlar,SOLUK EFEKTLİ AÇIK ORTA MAVİ DENIM
Halter çizgili top,790.0,İkili takımlar,Koyu lacivert
Çizgili detaylı beli kuşaklı şort,790.0,İkili takımlar,Koyu lacivert
Teknik hacimli yelek,2290.0,İkili takımlar,Pastel yeşil
Fırfırlı teknik şort,1190.0,İkili takımlar,Pastel yeşil
Kontrast fermuarlı sweatshirt,1790.0,İkili takımlar,Açık mavi
Yan şeritli teknik şort,1090.0,İkili takımlar,Açık sarı
Yumuşak dökümlü balon pantolon,1590.0,İkili takımlar,Koyu Gri
Asimetrik yumuşak t-shirt,1490.0,İkili takımlar,Koyu Gri
Uzun balon poplin etek,1590.0,İkili takımlar,Altın rengi
Yan yırtmaçlı şort etek,1190.0,İkili takımlar,Lacivert
Düğmeli dökümlü top,1090.0,İkili takımlar,Lacivert
Kapri jean,1590.0,İkili takımlar,Beyaz
Militer denim blazer,2990.0,İkili takımlar,Beyaz
Kemerli blazer,2290.0,İkili takımlar,Haki
Zincir kemerli saten yüzeyli pensli pantolon,1790.0,İkili takımlar,Haki
Zincir kemerli saten yüzeyli pensli pantolon,1790.0,İkili takımlar,Lacivert
Korse büstiyer üst,1190.0,İkili takımlar,Beyaz
Korse büstiyer üst,1190.0,İkili takımlar,Haki
Fisto işlemeli balon etek,1490.0,İkili takımlar,Beyaz
Teknik ceket,1790.0,İkili takımlar,Kahverengi
Mini teknik şort,1090.0,İkili takımlar,Krem rengi
Dik yaka teknik ceket,2290.0,İkili takımlar,Ekru
Teknik balon şort,1490.0,İkili takımlar,Ekru
Parlak crop gömlek,1590.0,İkili takımlar,Mavi
İşlemeli pijama pantolon,1590.0,İkili takımlar,Açık mavi
Balon fermuarlı kolsuz gömlek,1190.0,İkili takımlar,Mavi
Poplin sivri uçlu midi etek,1590.0,İkili takımlar,Mavi
Bisiklet Yaka Örme Tişört,1190.0,İkili takımlar,Koyu Gri
Bisiklet Yaka Örme Tişört,1190.0,İkili takımlar,Ekru
Bisiklet Yaka Örme Tişört,1190.0,İkili takımlar,Kahverengi
Nervürlü örgü pantolon,1190.0,İkili takımlar,Koyu Gri
Nervürlü örgü pantolon,1190.0,İkili takımlar,Ekru
Nervürlü örgü pantolon,1190.0,İkili takımlar,Kahverengi
Nervürlü örgü pantolon,1190.0,İkili takımlar,Koyu bej
Asimetrik blazer,2290.0,İkili takımlar,Haki
Mini şort etek,1190.0,İkili takımlar,Haki
Mini şort etek,1190.0,İkili takımlar,Siyah
Dantelli midi etek,1590.0,İkili takımlar > Trends,Açık mavi
Balenli dantel korse,1490.0,On Trend > Night Out,Siyah
Balenli dantel korse,1490.0,On Trend > Night Out,Ekru
Kemerli saten yüzeyli şalvar pantolon,2490.0,On Trend > Night Out,Siyah
Kemerli saten yüzeyli şalvar pantolon,2490.0,On Trend > Night Out,Kahverengi
Kemerli saten yüzeyli şalvar pantolon,2490.0,On Trend > Night Out,Koyu yeşil
Askılı korse bluz,1090.0,On Trend > Night Out,Siyah
Askılı korse bluz,1090.0,On Trend > Night Out,Beyaz
Asimetrik midi etek,1490.0,On Trend > Night Out,Haki
File korse bandeau top,790.0,On Trend > Night Out,Siyah
V kesim etekli kısa elbise,1590.0,On Trend > Night Out,Koyu yeşil
Kadife görünümlü korse top,990.0,On Trend > Night Out,Siyah
Kadife görünümlü korse top,990.0,On Trend > Night Out,Ekru
Balon jean,1790.0,On Trend > Night Out,Ekru
Balon jean,1790.0,On Trend > Night Out,SOLUK EFEKTLİ ORTA MAVİ DENIM
Balon jean,1790.0,On Trend > Night Out,SOLUK EFEKTLİ DESIZED DENIM
Kısa floklu askılı elbise,1590.0,On Trend > Night Out,Siyah
Püsküllü halter üst,1190.0,On Trend > Night Out,Kahverengi
İşlemeli parlak halter üst,990.0,On Trend > Night Out,Siyah
İşlemeli parlak halter üst,990.0,On Trend > Night Out,Ekru
İşlemeli parlak halter üst,990.0,On Trend > Night Out,Pembe
İşlemeli parlak halter üst,990.0,On Trend > Night Out,Kahverengi
Asimetrik tül Fularlı Top,990.0,On Trend > Night Out,Siyah
Kısa kollu kayık yaka t-shirt,790.0,On Trend > Night Out,Beyaz
Kısa kollu kayık yaka t-shirt,790.0,On Trend > Night Out,Siyah
Kısa kollu kayık yaka t-shirt,790.0,On Trend > Night Out,Ekru
Kısa kollu kayık yaka t-shirt,790.0,On Trend > Night Out,Turkuaz
Kısa kollu kayık yaka t-shirt,790.0,On Trend > Night Out,Pembe
Kısa kollu kayık yaka t-shirt,790.0,On Trend > Night Out,Açık gri
Kısa kollu kayık yaka t-shirt,790.0,On Trend > Night Out,Açık sarı
Pencere detaylı askılı topuklu sandalet,1790.0,On Trend > Night Out,EKRU
Pencere detaylı askılı topuklu sandalet,1790.0,On Trend > Night Out,SİYAH
Fırfırlı ve boncuklu top,1590.0,On Trend > Night Out,Ekru
Fırfırlı ve boncuklu top,1590.0,On Trend > Night Out,Koyu Gri
Drapeli kare yaka poliamid t-shirt,790.0,On Trend > Night Out,Siyah
Drapeli kare yaka poliamid t-shirt,790.0,On Trend > Night Out,Ekru
Drapeli kare yaka poliamid t-shirt,790.0,On Trend > Night Out,Turkuaz
İşlemeli pareo mini şort etek,1790.0,On Trend > Night Out,Siyah
Topuklu Arkası açık ayakkabı,1990.0,On Trend > Night Out,SİYAH
D04 Düşük Bel Çan Paça Jean,1070.0,On Trend > Night Out,SOLUK EFEKTLİ SİYAH DENIM
Puantiye desenli şort,1490.0,On Trend > Night Out,Beyaz
Asimetrik dantel büstiyer,1490.0,On Trend > Night Out,Siyah
Asimetrik dantel büstiyer,1490.0,On Trend > Night Out,Ekru
Asimetrik dantel büstiyer,1490.0,On Trend > Night Out,Kahverengi
V Yaka Büzgülü Crop Top,990.0,On Trend > Night Out,Siyah
Sırtı Düğümlü Midi Elbise,1590.0,On Trend > Night Out,Siyah
Pullu midi etek,1490.0,On Trend > Night Out,Ekru
Halter yaka büzgülü bağlamalı top,790.0,On Trend > Night Out,Ekru
Halter yaka büzgülü bağlamalı top,790.0,On Trend > Night Out,Siyah
Halter yaka büzgülü bağlamalı top,790.0,On Trend > Night Out,Turkuaz
Halter yaka büzgülü bağlamalı top,790.0,On Trend > Night Out,Pembe
Halter yaka büzgülü bağlamalı top,790.0,On Trend > Night Out,Kahverengi
Pullu file fular,790.0,On Trend > Night Out,Gri
Pullu file fular,790.0,On Trend > Night Out,Siyah
Pullu file fular,790.0,On Trend > Night Out,Kahverengi
Asimetrik drape detaylı kısa elbise,1690.0,On Trend > Night Out,Siyah
Kalp yaka bandeau,790.0,On Trend > Night Out,Siyah
Kalp yaka bandeau,790.0,On Trend > Night Out,Ekru
Uzun zincirli omuz çantası,990.0,On Trend > Night Out,Siyah
Uzun zincirli omuz çantası,990.0,On Trend > Night Out,Beyaz
Uzun zincirli omuz çantası,990.0,On Trend > Night Out,Kırmızı
Uzun zincirli omuz çantası,990.0,On Trend > Night Out,Bordo
Uzun zincirli omuz çantası,990.0,On Trend > Night Out,Kahverengi
Dantelli askılı body,990.0,On Trend > Night Out,Ekru
Dantelli askılı body,990.0,On Trend > Night Out,Siyah
Dantelli askılı body,990.0,On Trend > Night Out,Kahverengi
Dantelli askılı body,990.0,On Trend > Night Out,Koyu yeşil
D80 barrel fit jean,1790.0,On Trend > Night Out,SOLUK EFEKTLİ ORTA MAVİ DENIM
D80 barrel fit jean,1790.0,On Trend > Night Out,SOLUK EFEKTLİ AÇIK ORTA MAVİ DENIM
D80 barrel fit jean,1790.0,On Trend > Night Out,SOLUK EFEKTLİ PARÇA BOYAMA DENIM
Topuklu Arkası açık ayakkabı sandalet,1790.0,On Trend > Night Out,SİYAH
Büzgülü halter top,790.0,On Trend > Night Out,Siyah
Büzgülü halter top,790.0,On Trend > Night Out,Ekru
Büzgülü halter top,790.0,On Trend > Night Out,Kahverengi
D80 Barrel fit jean,1790.0,On Trend > Night Out,Beyaz
Mini aynalı gerdanlık,490.0,On Trend > Night Out,Altın rengi
Sıkılaştırıcı body,1190.0,On Trend > Night Out,Siyah
Baskılı kısa kollu t-shirt,790.0,On Trend > Festival Season,Ekru
Baskılı kısa kollu t-shirt,790.0,On Trend > Festival Season,Açık mavi
Baskılı kısa kollu t-shirt,790.0,On Trend > Festival Season,Altın rengi
Düğmeli sarga ceket,2490.0,On Trend > Festival Season,Haki
Yıldızlı denim şort,1190.0,On Trend > Festival Season,SOLUK EFEKTLİ AÇIK ORTA MAVİ DENIM
Katlamalı paçalı denim şort,1490.0,On Trend > Festival Season,SOLUK EFEKTLİ ORTA MAVİ DENIM
Katlamalı paçalı denim şort,1490.0,On Trend > Festival Season,SOLUK EFEKTLİ AÇIK ORTA MAVİ DENIM
Zımba detaylı mini denim şort,1590.0,On Trend > Festival Season,SOLUK EFEKTLİ AÇIK ORTA MAVİ DENIM
Yıldız detaylı mini denim şort,1490.0,On Trend > Festival Season,SOLUK EFEKTLİ AÇIK ORTA MAVİ DENIM
Düşük bel denim şort,1490.0,On Trend > Festival Season,SOLUK EFEKTLİ AÇIK ORTA MAVİ DENIM
Poplin bloomer pantolon,1590.0,On Trend > Festival Season,Ekru
Poplin bloomer pantolon,1590.0,On Trend > Festival Season,Siyah
Poplin kargo pantolon,1790.0,On Trend > Festival Season,Krem rengi
Poplin kargo pantolon,1790.0,On Trend > Festival Season,Haki
Çizgili uzun kollu t-shirt,1090.0,On Trend > Festival Season,Açık gri
Çizgili uzun kollu t-shirt,1090.0,On Trend > Festival Season,Ekru
Çizgili uzun kollu t-shirt,1090.0,On Trend > Festival Season,Açık mavi
Mini şort,790.0,On Trend > Festival Season,Siyah
Mini şort,790.0,On Trend > Festival Season,Açık gri
Mini şort,790.0,On Trend > Festival Season,Koyu Gri
Mini şort,790.0,On Trend > Festival Season,Kahverengi
Joots topuklu deri bot,4990.0,On Trend > Festival Season,BEJ
Düz deri binici çizmesi,4490.0,On Trend > Festival Season,KAHVERENGİ
Distressed denim şort,1190.0,On Trend > Festival Season,SOLUK EFEKTLİ AÇIK ORTA MAVİ DENIM
Parlak taşlı denim şort,1590.0,On Trend > Festival Season,SOLUK EFEKTLİ İNCİ GRİSİ DENIM
Mini denim şort,1490.0,On Trend > Festival Season,SOLUK EFEKTLİ AÇIK MAVİ DENIM
Zımbalı denim şort,1790.0,On Trend > Festival Season,SOLUK EFEKTLİ AÇIK ORTA MAVİ DENIM
Kısa saten quipao elbise,1790.0,On Trend > Festival Season,Açık mavi
Korseli bağcıklı üst,1590.0,On Trend > Festival Season,Pembe
Korseli bağcıklı üst,1590.0,On Trend > Festival Season,Haki
Korseli bağcıklı bluz,1590.0,On Trend > Festival Season,Koyu bej
Korseli bağcıklı top,1590.0,On Trend > Festival Season,Beyaz
Saten halter top,1090.0,On Trend > Festival Season,Fuşya
Saten halter top,1090.0,On Trend > Festival Season,Siyah
Saten halter top,1090.0,On Trend > Festival Season,Beyaz
Saten halter top,1090.0,On Trend > Festival Season,Koyu lacivert
Saten halter top,1090.0,On Trend > Festival Season,Açık mavi
Saten halter top,1090.0,On Trend > Festival Season,Turkuaz
Saten halter top,1090.0,On Trend > Festival Season,Altın rengi
Saten halter top,1090.0,On Trend > Festival Season,Kahverengi
Saten halter top,1090.0,On Trend > Festival Season,Haki
Kalın askılı t-shirt,590.0,On Trend > Festival Season,Yeşil
Kalın askılı t-shirt,590.0,On Trend > Festival Season,Siyah
Kalın askılı t-shirt,590.0,On Trend > Festival Season,Beyaz
Kalın askılı t-shirt,590.0,On Trend > Festival Season,Açık pembe
Kalın askılı t-shirt,590.0,On Trend > Festival Season,Açık sarı
Kalın askılı t-shirt,590.0,On Trend > Festival Season,Kahverengi
BASIC halter top,490.0,On Trend > Festival Season,Açık sarı
BASIC halter top,490.0,On Trend > Festival Season,Siyah
BASIC halter top,490.0,On Trend > Festival Season,Beyaz
BASIC halter top,490.0,On Trend > Festival Season,Turkuaz
Pullu mini etek,1490.0,On Trend > Festival Season,Mavi
Pullu mini etek,1490.0,On Trend > Festival Season,Krem rengi
Pullu mini etek,1490.0,On Trend > Festival Season,Altın rengi
Pullu mikro şort,1490.0,On Trend > Festival Season,Ekru
İşlemeli askılı top,1790.0,On Trend > Festival Season,Kahverengi
Mini işlemeli şort etek,1790.0,On Trend > Festival Season,Kahverengi
Denim büstiyer korse top,1590.0,On Trend > Festival Season,SOLUK EFEKTLİ ORTA MAVİ DENIM
Lazer çiçek desenli straight fit jean,2290.0,On Trend > Festival Season,SOLUK EFEKTLİ ORTA MAVİ DENIM
Leopar parlak straight fit jean,2490.0,On Trend > Festival Season,SOLUK EFEKTLİ ORTA MAVİ DENIM
Pullu mini elbise,1790.0,On Trend > Festival Season,Açık mavi
Pullu mini şort,1190.0,On Trend > Festival Season,Açık pembe
Pullu mini şort,1190.0,On Trend > Festival Season,Açık mavi
Pullu ve dantelli şort,1190.0,On Trend > Festival Season,Gri
Püsküllü çiçekli pareo,790.0,On Trend > Festival Season,Siyah
Püsküllü çiçekli pareo,790.0,On Trend > Festival Season,Ekru
Pullu çiçekli kasket,790.0,On Trend > Festival Season,Ekru
Pullu çiçekli kasket,790.0,On Trend > Festival Season,Kahverengi
Taşlı kroşe başlık,790.0,On Trend > Festival Season,Turuncu
Taşlı kroşe başlık,790.0,On Trend > Festival Season,Lacivert
Taşlı kroşe başlık,790.0,On Trend > Festival Season,Kahverengi
Düşük bel detaylı denim şort etek,1790.0,On Trend > Festival Season,SOLUK EFEKTLİ ORTA MAVİ DENIM
Düşük bel detaylı denim şort etek,1790.0,On Trend > Festival Season,SOLUK EFEKTLİ AÇIK ORTA MAVİ DENIM
Düşük bel detaylı denim şort etek,1790.0,On Trend > Festival Season,SOLUK EFEKTLİ PARÇA BOYAMA DENIM
Yıldız zımbalı şort,1590.0,On Trend > Festival Season,SOLUK EFEKTLİ AÇIK ORTA MAVİ DENIM
Yıldız zımbalı şort,1590.0,On Trend > Festival Season,SOLUK EFEKTLİ ORTA MAVİ DENIM
Yıldız zımbalı şort,1590.0,On Trend > Festival Season,Beyaz
Pullu midi etek,1590.0,On Trend > Festival Season,Açık mavi
Pullu midi etek,1590.0,On Trend > Festival Season,Açık pembe
Pullu midi etek,1590.0,On Trend > Festival Season,Kahverengi
D62 Çivili denim şort etek,1690.0,On Trend > Festival Season,SOLUK EFEKTLİ SİYAH DENIM
One Dilemma çivili şort etek,2990.0,On Trend > Festival Season,SOLUK EFEKTLİ SİYAH DENIM
Asimetrik pelerin,1190.0,On Trend > Festival Season,Ekru
Asimetrik pelerin,1190.0,On Trend > Festival Season,Kahverengi
Deri dolgu topuklu bot,4990.0,On Trend > Festival Season,BEJ
Cupro parlak One Dilemma t-shirt,1790.0,On Trend > Festival Season,Siyah
Parlak denim şort etek,1790.0,On Trend > Festival Season,SOLUK EFEKTLİ ORTA MAVİ DENIM
Pullu crop top,1190.0,On Trend > Festival Season,Açık mavi
Halter dantel detaylı üst,1090.0,On Trend > Festival Season,Ekru
Dantelli halter top,790.0,On Trend > Festival Season,Siyah
Sırt dekolteli askılı top,590.0,On Trend > Festival Season,Ekru
Sırt dekolteli askılı top,590.0,On Trend > Festival Season,Siyah
Püsküllü kemer,1590.0,On Trend > Festival Season,Kahverengi
Dantelli pareo,790.0,On Trend > Festival Season,Ekru
Dantelli pareo,790.0,On Trend > Festival Season,Siyah
Fırfırlı mini şort,1190.0,On Trend > Festival Season,Beyaz
Dantelli pareo,790.0,On Trend > Festival Season,Mavi
Dantelli pareo,790.0,On Trend > Festival Season,Pembe
Dantelli pareo,790.0,On Trend > Festival Season,Altın rengi
Dantelli pareo,790.0,On Trend > Festival Season,Kahverengi
Metalik iplikli kroşe tote çanta,1790.0,On Trend > Festival Season,Gri
Hasır şapka,1190.0,On Trend > Festival Season,Kahverengi
Hasır şapka,1190.0,On Trend > Festival Season,Bej
One Dilemma parlak denim şort etek,3690.0,On Trend > Festival Season,SOLUK EFEKTLİ PARÇA BOYAMA DENIM
Slim mom fit şort,1090.0,On Trend > Festival Season,SOLUK EFEKTLİ AÇIK MAVİ DENIM
Slim mom fit şort,1090.0,On Trend > Festival Season,SOLUK EFEKTLİ SİYAH DENIM
Dantelli pareo etek,990.0,On Trend > Festival Season,Ekru
Asimetrik saten yüzeyli kısa elbise,1590.0,On Trend > Festival Season,Koyu lacivert
Asimetrik saten yüzeyli kısa elbise,1590.0,On Trend > Festival Season,Açık pembe
Asimetrik saten yüzeyli kısa elbise,1590.0,On Trend > Festival Season,Kahverengi
Akışkan utility stili parka,2490.0,On Trend > Festival Season,Haki
D79 düşük bel şort,1190.0,On Trend > Festival Season,Beyaz
Dantel Qipao büstiyer,1190.0,On Trend > Festival Season,Beyaz
Dantel Qipao büstiyer,1190.0,On Trend > Festival Season,Siyah
Dantel Qipao büstiyer,1190.0,On Trend > Festival Season,Altın rengi
Hacimli poplin pantolon,1590.0,On Trend > Festival Season,Kahverengi
Püskül detaylı yumuşak dokulu omuz çantası,2290.0,On Trend > Festival Season,Kahverengi
Püskül detaylı yumuşak dokulu omuz çantası,2290.0,On Trend > Festival Season,Karamel
Saten yüzeyli dantel askılı top,1090.0,On Trend > Festival Season,Kahverengi
Saten yüzeyli dantel askılı top,1090.0,On Trend > Festival Season,Ekru
Çift tokalı kemer,590.0,On Trend > Festival Season,Kahverengi
D04 Düşük Bel Çan Paça Jean,1790.0,On Trend > Festival Season,SOLUK EFEKTLİ AÇIK ORTA MAVİ DENIM
D04 Düşük Bel Çan Paça Jean,1070.0,On Trend > Festival Season,SOLUK EFEKTLİ ORTA MAVİ DENIM
Payetli halter yaka t-shirt One Dilemma,1490.0,On Trend > Festival Season,Gri
slouchy kesim deri yüksek çizmeler,4990.0,On Trend > Festival Season,BEJ
Drape çift katlı yaka top,790.0,On Trend > Festival Season,Ekru
Balon kesim saten etek cepli,1490.0,On Trend > Festival Season,Koyu yeşil
Uzun püsküllü omuz çantası,1590.0,On Trend > Festival Season,Hardal
Kısa kolsuz denim elbise fermuarlı,1790.0,On Trend > Festival Season,SOLUK EFEKTLİ PARÇA BOYAMA DENIM
Puantiye desenli crop t-shirt,350.0,On Trend > Festival Season,Ekru
Oversize suni deri ceket,2290.0,On Trend > Festival Season,Siyah
Oversize suni deri ceket,2290.0,On Trend > Festival Season,Kahverengi
Kontrast dantel detaylı saten etek,1490.0,On Trend > Festival Season,Açık mavi
Bağcıklı jüt dolgu topuklu ayakkabı,2490.0,On Trend > Festival Season,EKRU
Deri slouchy kesim kovboy botinleri,2300.0,On Trend > Festival Season,BEJ
Bantlı ve tokalı stiletto topuklu sandaletler,2690.0,On Trend > Festival Season,KAHVERENGİ
Çivili platform terlik,2690.0,On Trend > Festival Season,KAHVERENGİ
Deri detaylı kısa sivri topuklu sandalet,2490.0,On Trend > Festival Season,KAHVERENGİ
Büzgülü askılı top,1190.0,On Trend > Puantiye desenli,Ekru
Kolsuz puantiye desenli tül midi elbise,1590.0,On Trend > Puantiye desenli,Kahverengi
Çok yönlü kolsuz t-shirt,790.0,On Trend > Puantiye desenli,SOLUK EFEKTLİ GRİ DENIM
Çok yönlü kolsuz t-shirt,790.0,On Trend > Puantiye desenli,Siyah
Çok yönlü kolsuz t-shirt,790.0,On Trend > Puantiye desenli,Ekru
Çok yönlü kolsuz t-shirt,790.0,On Trend > Puantiye desenli,Açık pembe
Çok yönlü kolsuz t-shirt,790.0,On Trend > Puantiye desenli,Açık sarı
Halter basic top,490.0,On Trend > Puantiye desenli,Ekru
"Halter yaka, sırtı açık midi elbise",1590.0,On Trend > Puantiye desenli,Ekru
"Halter yaka, sırtı açık midi elbise",1590.0,On Trend > Puantiye desenli,Siyah
"Halter yaka, sırtı açık midi elbise",1590.0,On Trend > Puantiye desenli,Açık mavi
Puantiye desenli kısa elbise,1490.0,On Trend > Puantiye desenli,Ekru
Japon kısa kollu t-shirt,790.0,On Trend > Puantiye desenli,SOLUK EFEKTLİ GRİ DENIM
Japon kısa kollu t-shirt,790.0,On Trend > Puantiye desenli,Siyah
Japon kısa kollu t-shirt,790.0,On Trend > Puantiye desenli,Beyaz
Japon kısa kollu t-shirt,790.0,On Trend > Puantiye desenli,Açık pembe
Japon kısa kollu t-shirt,790.0,On Trend > Puantiye desenli,Açık sarı
Kısa Qipao düğümlü elbise,1190.0,On Trend > Puantiye desenli,Açık pembe
File baskılı halter yaka top,990.0,On Trend > Puantiye desenli,Pembe
Halter yaka elbise,1190.0,On Trend > Puantiye desenli,SOLUK EFEKTLİ GRİ DENIM
Halter yaka elbise,1190.0,On Trend > Puantiye desenli,Siyah
B07 Puantiyeli fitilli askılı bluz,490.0,On Trend > Puantiye desenli,Ekru
Puantiye desenli fular,590.0,On Trend > Puantiye desenli,Ekru
Puantiye desenli fular,590.0,On Trend > Puantiye desenli,Pembe
Puantiye desenli köpek figürlü charm anahtarlık,470.0,On Trend > Puantiye desenli,Beyaz
Puantiye makyaj çantası,550.0,On Trend > Puantiye desenli,Siyah
Puantiye makyaj çantası,550.0,On Trend > Puantiye desenli,Kahverengi
Puantiye desenli kartlık cüzdan,550.0,On Trend > Puantiye desenli,Siyah
Puantiye desenli kartlık cüzdan,550.0,On Trend > Puantiye desenli,Kahverengi
2'li puantiyeli kürk toka seti,490.0,On Trend > Puantiye desenli,Kahverengi
Puantiye desenli çapraz askılı kemer,1090.0,On Trend > Puantiye desenli,Siyah
Denim midi elbise,1790.0,Elbise,SOLUK EFEKTLİ PARÇA BOYAMA DENIM
Denim midi elbise,1790.0,Elbise,SOLUK EFEKTLİ AÇIK ORTA MAVİ DENIM
Kare yaka bengalin midi elbise,1590.0,Elbise,Siyah
Kare yaka bengalin midi elbise,1590.0,Elbise,Krem rengi
Kare yaka bengalin midi elbise,1590.0,Elbise,Haki
Uzun kolsuz düz tulum,1490.0,Elbise,Lacivert
Saten yüzeyli midi elbise,1590.0,Elbise,Altın rengi
Saten yüzeyli midi elbise,1590.0,Elbise,Kahverengi
Kolsuz iki malzemeli kemerli midi elbise,1790.0,Elbise,Koyu lacivert
Kolsuz iki malzemeli kemerli midi elbise,1790.0,Elbise,Kahverengi
İki malzemeli midi elbise,2290.0,Elbise,Krem rengi
Kolsuz bengalin midi elbise,1590.0,Elbise,Lacivert
Kolsuz bengalin midi elbise,1590.0,Elbise,Kahverengi
Kısa t-shirt elbise,1090.0,Elbise,Kahverengi
Kısa t-shirt elbise,1090.0,Elbise,Beyaz
Dantelli kısa saten elbise,1590.0,Elbise,Ekru
Kısa korse kareli elbise,1590.0,Elbise,Kiremit rengi
Sırtı açık halter midi elbise,1790.0,Elbise,Koyu yeşil
Sırtı açık halter midi elbise,1790.0,Elbise,Fuşya
Qipao tarzı kısa elbise,1590.0,Elbise,Kahverengi
Qipao tarzı kısa elbise,1590.0,Elbise,Siyah
Geniş paça askılı tulum,2290.0,Elbise,Kahverengi
Kısa korse elbise,1490.0,Elbise,Açık pembe
Saten halter kısa elbise,1590.0,Elbise,Koyu lacivert
Saten halter kısa elbise,1590.0,Elbise,Açık mavi
Desenli tül fularlı midi elbise,1590.0,Elbise,Açık pembe
Desenli tül fularlı midi elbise,1590.0,Elbise,Altın rengi
Dokulu askılı midi elbise,1590.0,Elbise,Koyu lacivert
Dokulu askılı midi elbise,1590.0,Elbise,Soluk pembe
Kısa vücuda oturan büzgülü elbise,1190.0,Elbise,Kahverengi
Kısa vücuda oturan büzgülü elbise,1190.0,Elbise,Kırmızı
Kısa askılı balon elbise,1790.0,Elbise,Beyaz
Asimetrik kısa elbise,1090.0,Elbise,Siyah
Asimetrik kısa elbise,1090.0,Elbise,SOLUK EFEKTLİ GRİ DENIM
Kareli gömlek elbise,1590.0,Elbise,Krem rengi
İki malzemeli askılı midi elbise,1590.0,Elbise,Ekru
İki malzemeli askılı midi elbise,1590.0,Elbise,Açık mavi
Asimetrik kısa elbise zımba detaylı,1490.0,Elbise,Haki
Halter yaka midi elbise,1190.0,Elbise,Kahverengi
Poplin halter midi elbise,1790.0,Elbise,Mavi
Askılı blonda midi elbise,1590.0,Elbise,Kahverengi
Kısa desenli elbise,1190.0,Elbise,Koyu bej
Kısa korse elbise,1490.0,Elbise,Siyah
Payetli kısa denim elbise,2290.0,Elbise,SOLUK EFEKTLİ AÇIK ORTA MAVİ DENIM
Dökümlü uzun askılı tulum,1490.0,Elbise,Kahverengi
Dökümlü uzun askılı tulum,1490.0,Elbise,Siyah
V kesim etekli kısa elbise,1590.0,Elbise,Ekru
Metalik parçalı elbise,1590.0,Elbise,Kahverengi
Boncuklu askılı uzun elbise,1790.0,Elbise,Ekru
Boncuklu askılı uzun elbise,1790.0,Elbise,Siyah
Asimetrik dantelli elbise,1590.0,Elbise,Açık mavi
Kısa denim elbise,1590.0,Elbise,SOLUK EFEKTLİ PARÇA BOYAMA DENIM
Saten yüzeyli halter tulum,1790.0,Elbise,Kahverengi
Desenli kısa tül elbise,1190.0,Elbise,Koyu bej
Kısa askılı balon elbise,1790.0,Elbise,Pembe
Düğmeli kolsuz kısa elbise,1790.0,Elbise,Koyu lacivert
Kısa geniş yaka örgü elbise,1190.0,Elbise,0-662
Kısa geniş yaka örgü elbise,1190.0,Elbise,Siyah
Kısa geniş yaka örgü elbise,1190.0,Elbise,Kahverengi
Boncuk işlemeli kısa elbise,1790.0,Elbise,Mavi
Saten görünümlü dantelli midi elbise,1790.0,Elbise,Açık mavi
Halter fular denim tulum,2490.0,Elbise,SOLUK EFEKTLİ AÇIK ORTA MAVİ DENIM
Halter yaka boncuk detaylı midi elbise,1790.0,Elbise,Lacivert
Dantelli uzun askılı örgü elbise,1190.0,Elbise,Siyah
Halter yaka işlemeli uzun elbise,2290.0,Elbise,Kahverengi
"Sırtı çapraz, dökümlü uzun elbise",1690.0,Elbise,Siyah
"Sırtı çapraz, dökümlü uzun elbise",1690.0,Elbise,Kahverengi
Zımbalı fırfırlı elbise,1690.0,Elbise,Ekru
Zımbalı fırfırlı elbise,1690.0,Elbise,Kahverengi
Saten görünümlü elbise,1790.0,Elbise,Kahverengi
Çiçek desenli vücuda oturan elbise,1190.0,Elbise,Açık pembe
Halter balon tulum,1590.0,Elbise,Siyah
Saten boncuklu uzun tulum,1590.0,Elbise,Kahverengi
Kısa pelerin elbise,1590.0,Elbise,Kahverengi
Zımba detaylı fırfırlı elbise,1690.0,Elbise,Koyu Gri
Metalik İplikli Halter Midi Elbise,1590.0,Elbise,Kahverengi
Kısa jile elbise,1490.0,Elbise,Koyu lacivert
Halter yaka dantel midi elbise,1790.0,Elbise,Açık mavi
Düğmeli çok işlevli elbise,1590.0,Elbise,Kahverengi
Çizgili dik yaka kısa triko elbise,1790.0,Elbise,Mor
Açık sırtlı halter yaka midi elbise,1590.0,Elbise,Açık mavi
"Kemerli kısa, dökümlü trençkot",1790.0,Trençkot ve kaban,Krem rengi
"Kemerli kısa, dökümlü trençkot",1790.0,Trençkot ve kaban,Lacivert
"Kemerli kısa, dökümlü trençkot",1790.0,Trençkot ve kaban,Açık mavi
"Kemerli kısa, dökümlü trençkot",1790.0,Trençkot ve kaban,Kahverengi
"Kemerli kısa, dökümlü trençkot",1790.0,Trençkot ve kaban,Haki
Dökümlü uzun trençkot,2490.0,Trençkot ve kaban,Krem rengi
Dökümlü uzun trençkot,2490.0,Trençkot ve kaban,Lacivert
Dökümlü uzun trençkot,1490.0,Trençkot ve kaban,Haki
Dik yaka suni deri trençkot,2490.0,Trençkot ve kaban,Kahverengi
Dik yaka suni deri trençkot,2490.0,Trençkot ve kaban,Ekru
Basic kısa trençkot,2490.0,Trençkot ve kaban,Lacivert
Kısa kruvaze trençkot,2290.0,Trençkot ve kaban,Krem rengi
Uzun suni deri trençkot,2990.0,Trençkot ve kaban,Kahverengi
Uzun suni deri trençkot,2990.0,Trençkot ve kaban,Siyah
Dik yaka suni deri trençkot,2490.0,Trençkot ve kaban,Bej
Dik yaka suni deri trençkot,2490.0,Trençkot ve kaban,Siyah
Kısa kruvaze trençkot,2290.0,Trençkot ve kaban,Kahverengi
Kısa kruvaze trençkot,2290.0,Trençkot ve kaban,Lacivert
Kısa kruvaze trençkot,2290.0,Trençkot ve kaban,Siyah
Kısa oversize kapüşonlu trençkot,3490.0,Trençkot ve kaban,Bej
Uzun tek düğmeli trençkot,2990.0,Trençkot ve kaban,Kahverengi
Dik yaka trençkot,2990.0,Trençkot ve kaban,Siyah
Dik yaka trençkot,2990.0,Trençkot ve kaban,Bej
Kısa suni süet trençkot,2790.0,Trençkot ve kaban,Karamel
Kısa suni süet trençkot,2790.0,Trençkot ve kaban,Kahverengi
Pelerin trençkot,2490.0,Trençkot ve kaban,Krem rengi
Dik yakalı kemerli trençkot,2490.0,Trençkot ve kaban,Beyaz
Dik yakalı kemerli trençkot,2490.0,Trençkot ve kaban,Pembe
Dik yakalı kemerli trençkot,2490.0,Trençkot ve kaban,Koyu yeşil
Yumuşak dokunuşlu kruvaze dik yaka ceket,2490.0,Trençkot ve kaban,Siyah
Yumuşak dokunuşlu kruvaze dik yaka ceket,2490.0,Trençkot ve kaban,Ekru
Yumuşak dokunuşlu kruvaze dik yaka ceket,2490.0,Trençkot ve kaban,Lacivert
Yumuşak dokunuşlu kruvaze dik yaka ceket,2490.0,Trençkot ve kaban,Kahverengi
Kısa dökümlü trençkot,2290.0,Trençkot ve kaban,Haki
Kemerli ve dökümlü kısa trençkot,1790.0,Trençkot ve kaban,Bej
Kemerli ve dökümlü kısa trençkot,1790.0,Trençkot ve kaban,Siyah
Kemerli ve dökümlü kısa trençkot,1790.0,Trençkot ve kaban,Lacivert
Dökümlü utility yelek,2490.0,Trençkot ve kaban,Kahverengi
Oversize Uzun Kaban,3490.0,Trençkot ve kaban,Kahverengi
Oversize yumuşak dokulu kaban,2990.0,Trençkot ve kaban,Koyu Gri
Akışkan utility parka,2490.0,Trençkot ve kaban,Kahverengi
Suni süet efektli uzun trençkot,2990.0,Trençkot ve kaban,Karamel
Uzun kemerli kaban,4490.0,Trençkot ve kaban,Koyu lacivert
Basic kısa trençkot,2490.0,Trençkot ve kaban,Krem rengi
Dik yaka kemerli trençkot,2490.0,Trençkot ve kaban,Koyu lacivert
Dik yaka kemerli trençkot,2490.0,Trençkot ve kaban,Bej
Uzun suni süet trençkot,2990.0,Trençkot ve kaban,Koyu yeşil
Uzun oversize yumuşak dokulu kaban,3490.0,Trençkot ve kaban,Lacivert
Çift taraflı uzun içi kürklü kaban,6290.0,Trençkot ve kaban,Kahverengi
Midi Boy Kemerli Kaban,4490.0,Trençkot ve kaban,Siyah
Normal balıksırtı kaban,3490.0,Trençkot ve kaban,Gri
Uzun akıcı parka,2790.0,Trençkot ve kaban,Lacivert
Tek düğmeli uzun trençkot,2990.0,Trençkot ve kaban,Krem rengi
Dik yaka kısa trençkot,2990.0,Trençkot ve kaban,Haki
Oversize dökümlü uzun trençkot,2490.0,Trençkot ve kaban,Kahverengi
Yumuşak Dokunuşlu Trençkot,2990.0,Trençkot ve kaban,Kahverengi
Yumuşak Dokunuşlu Trençkot,1790.0,Trençkot ve kaban,Ekru
Yumuşak Dokunuşlu Trençkot,1790.0,Trençkot ve kaban,Koyu lacivert
Yumuşak Dokulu Düğmeli Midi Kaban,1790.0,Trençkot ve kaban,Ekru
Yumuşak Dokulu Düğmeli Midi Kaban,1790.0,Trençkot ve kaban,Siyah
Yumuşak Dokulu Düğmeli Midi Kaban,1190.0,Trençkot ve kaban,Bordo
"Kemerli, mumlu görünümlü kısa trençkot",3490.0,Trençkot ve kaban,Haki
Uzun suni süet trençkot,1790.0,Trençkot ve kaban,Kahverengi
Uzun erkek kaban,1790.0,Trençkot ve kaban,Ekru
Uzun oversize kruvaze kaban,2210.0,Trençkot ve kaban,Kahverengi
Suni süet ceket,1670.0,Trençkot ve kaban,Bej
Peplum denim ceket,2290.0,Ceketler ve trençkotlar,Beyaz
Balon ceket,2290.0,Ceketler ve trençkotlar,Krem rengi
Suni deri balon kemerli ceket,2490.0,Ceketler ve trençkotlar,Siyah
Suni deri balon kemerli ceket,2490.0,Ceketler ve trençkotlar,Kahverengi
Yumuşak dokulu balon bomber ceket,1790.0,Ceketler ve trençkotlar,Koyu Gri
Yumuşak dokulu balon bomber ceket,1790.0,Ceketler ve trençkotlar,Ekru
Kemerli suni deri biker ceket,1790.0,Ceketler ve trençkotlar,Siyah
Kemerli suni deri biker ceket,1790.0,Ceketler ve trençkotlar,Kahverengi
Kemer detaylı suni deri balon ceket,2490.0,Ceketler ve trençkotlar,Kırmızı
Suni süet balon ceket,2990.0,Ceketler ve trençkotlar,Pembe
Suni süet balon ceket,2990.0,Ceketler ve trençkotlar,Ekru
Mumlu Görünümlü Kısa Kombin Parka,2990.0,Ceketler ve trençkotlar,Haki
Kruvaze denim ceket,2790.0,Ceketler ve trençkotlar,SOLUK EFEKTLİ SİYAH DENIM
Ön cepli dökümlü crop ceket,2490.0,Ceketler ve trençkotlar,Krem rengi
Balon kesim denim ceket,2290.0,Ceketler ve trençkotlar,SOLUK EFEKTLİ AÇIK ORTA MAVİ DENIM
Suni süet cepli ceket,1790.0,Ceketler ve trençkotlar,Krem rengi
Suni süet cepli ceket,1790.0,Ceketler ve trençkotlar,Lacivert
Suni süet cepli ceket,1790.0,Ceketler ve trençkotlar,Kahverengi
Suni süet cepli ceket,1790.0,Ceketler ve trençkotlar,Açık kahverengi
Basic naylon çizgili kapüşonlu ceket,1790.0,Ceketler ve trençkotlar,Açık mavi
Militer blazer,2490.0,Ceketler ve trençkotlar,Bej
Cepli denim ceket,1590.0,Ceketler ve trençkotlar,SOLUK EFEKTLİ AÇIK MAVİ DENIM
Kısa zımbalı denim ince ceket,2290.0,Ceketler ve trençkotlar,SOLUK EFEKTLİ SİYAH DENIM
Oversize suni deri biker ceket,3490.0,Ceketler ve trençkotlar,Siyah
Pamuklu cepli parka,2790.0,Ceketler ve trençkotlar,Koyu yeşil
Pamuklu cepli parka,2790.0,Ceketler ve trençkotlar,Krem rengi
Kadife şişme mont,2790.0,Ceketler ve trençkotlar,Kahverengi
Naylon kapüşonlu ceket,1790.0,Ceketler ve trençkotlar,Koyu mavi
Suni deri şişme bomber ceket,2490.0,Ceketler ve trençkotlar,Kahverengi
Suni deri şişme bomber ceket,2490.0,Ceketler ve trençkotlar,Siyah
Suni deri şişme bomber ceket,1490.0,Ceketler ve trençkotlar,Ekru
Suni deri şişme bomber ceket,1490.0,Ceketler ve trençkotlar,Bordo
Kabartmalı düğmeli blazer ceket,2490.0,Ceketler ve trençkotlar,Lacivert
Oversize triko hırka,1790.0,Ceketler ve trençkotlar,Koyu gri
Kapüşonlu fermuarlı triko ceket,1690.0,Ceketler ve trençkotlar,Koyu gri
Fermuarlı suni süet ceket,1790.0,Ceketler ve trençkotlar,Kahverengi
Fermuarlı suni yünlü ceket,2490.0,Ceketler ve trençkotlar,Kahverengi
Fermuarlı suni yünlü ceket,2490.0,Ceketler ve trençkotlar,Siyah
Fermuarlı suni yünlü ceket,2490.0,Ceketler ve trençkotlar,Ekru
Metalik Kapüşonlu Şişme Mont,2790.0,Ceketler ve trençkotlar,Siyah
Basic kapüşonlu şişme mont,2290.0,Ceketler ve trençkotlar,Kahverengi
Basic kapüşonlu şişme mont,2290.0,Ceketler ve trençkotlar,Siyah
Akışkan bomber ceket,2290.0,Ceketler ve trençkotlar,Krem rengi
Denim ceket,1790.0,Ceketler ve trençkotlar,SOLUK EFEKTLİ AÇIK ORTA MAVİ DENIM
Militer blazer,2490.0,Ceketler ve trençkotlar,Haki
Kemerli suni deri biker ceket,1790.0,Ceketler ve trençkotlar,Beyaz
Bisiklet yaka şişme ceket,1790.0,Ceketler ve trençkotlar,Kahverengi
Cepli denim ceket,1590.0,Ceketler ve trençkotlar,SOLUK EFEKTLİ İNCİ GRİSİ DENIM
Dik yaka şişme ceket,2290.0,Ceketler ve trençkotlar,Kahverengi
Suni Süet İçi Kürklü Biker Ceket,3490.0,Ceketler ve trençkotlar,Ekru
Kapüşonlu şişme mont,2490.0,Ceketler ve trençkotlar,Ekru
Yumuşak dokunuşlu balon cepli ceket,1790.0,Ceketler ve trençkotlar,Koyu lacivert
Kapüşonlu şişme mont,2290.0,Ceketler ve trençkotlar,Krem rengi
Oversize yumuşak dokulu balon ceket,2990.0,Ceketler ve trençkotlar,Kahverengi
Oversize yumuşak dokulu balon ceket,2990.0,Ceketler ve trençkotlar,Siyah
Vücuda oturan suni deri ceket,1790.0,Ceketler ve trençkotlar,Ekru
Vücuda oturan suni deri ceket,1070.0,Ceketler ve trençkotlar,Açık mavi
Vücuda oturan suni deri ceket,1070.0,Ceketler ve trençkotlar,Açık sarı
Bisiklet yaka peplum suni deri blazer ceket,2490.0,Ceketler ve trençkotlar,Kahverengi
Oversize yıkanmış suni deri ceket,2290.0,Ceketler ve trençkotlar,Kahverengi
Yumuşak dokulu pelerin ceket,2490.0,Ceketler ve trençkotlar,Koyu lacivert
Oversize suni deri biker ceket,1490.0,Ceketler ve trençkotlar,Bordo
Oversize suni deri biker ceket,2490.0,Ceketler ve trençkotlar,Kahverengi
Cepli suni süet ceket,1790.0,Ceketler ve trençkotlar,Açık mavi
Kapüşonlu kapitone ceket,2490.0,Ceketler ve trençkotlar,Beyaz
Büzgülü şişme mont,2290.0,Ceketler ve trençkotlar,Ekru
Oversize kapüşonlu dolgulu ceket,2790.0,Ceketler ve trençkotlar,Gri
Oversize kapüşonlu dolgulu ceket,2790.0,Ceketler ve trençkotlar,Siyah
Kapüşonlu şişme ceket,2790.0,Ceketler ve trençkotlar,Haki
Suni deri biker ceket,2290.0,Ceketler ve trençkotlar,Kahverengi
Suni deri biker ceket,2290.0,Ceketler ve trençkotlar,Siyah
Kısa yumuşak ceket,1070.0,Ceketler ve trençkotlar,Kırmızı
Kısa yumuşak ceket,1070.0,Ceketler ve trençkotlar,Ekru
Kısa yumuşak ceket,1070.0,Ceketler ve trençkotlar,Koyu lacivert
Dar kesim denim ceket,1070.0,Ceketler ve trençkotlar,SOLUK EFEKTLİ AÇIK ORTA MAVİ DENIM
Kısa bisiklet yaka blazer ceket,1070.0,Ceketler ve trençkotlar,Lacivert
Kısa bisiklet yaka blazer ceket,1070.0,Ceketler ve trençkotlar,Açık mavi
Kısa bisiklet yaka blazer ceket,1070.0,Ceketler ve trençkotlar,Pembe
Bisiklet yaka şişme ceket,1070.0,Ceketler ve trençkotlar,Ekru
Suni deri efektli cepli ceket,2090.0,Ceketler ve trençkotlar,Kahverengi
Dik yaka sweatshirt ceket,1370.0,Ceketler ve trençkotlar,Açık gri
Şişme mont,1490.0,Ceketler ve trençkotlar,Kahverengi
Şişme mont,1490.0,Ceketler ve trençkotlar,Ekru
Şişme mont,1490.0,Ceketler ve trençkotlar,Lacivert
Şişme mont,2490.0,Ceketler ve trençkotlar,Pembe
Şişme mont,2490.0,Ceketler ve trençkotlar,Koyu Gri
Çizgili dar kesim blazer ceket,2290.0,Blazer > Takım,Lacivert
Dar kesim ceket,1790.0,Blazer > Blazer,Siyah
Dar kesim ceket,1790.0,Blazer > Blazer,Ekru
Dar kesim ceket,1790.0,Blazer > Blazer,Açık gri
Dar kesim ceket,1790.0,Blazer > Blazer,Kahverengi
Basic çizgili blazer ceket,1790.0,Blazer > Blazer,Lacivert
Basic keten karışımlı blazer,2290.0,Blazer > Blazer,Kahverengi
Basic keten karışımlı blazer,2290.0,Blazer > Blazer,Beyaz
Basic keten karışımlı blazer,2290.0,Blazer > Blazer,Koyu yeşil
Regular fit blazer,2290.0,Blazer > Blazer,Siyah
İşlemeli düğmeli blazer ceket,2790.0,Blazer > Blazer,Siyah
Denim blazer ceket,2990.0,Blazer > Blazer,SOLUK EFEKTLİ DESIZED DENIM
İşlemeli düğmeli blazer ceket,2490.0,Blazer > Blazer,Kahverengi
Açık blazer ceket,2290.0,Blazer > Blazer,Siyah
Bisiklet yaka blazer ceket,2290.0,Blazer > Blazer,Siyah
Suni deri efektli blazer,2490.0,Blazer > Blazer,Kahverengi
"Düğmeli, Vücuda Oturan Ceket",2490.0,Blazer > Blazer,Kahverengi
Crop suni deri blazer ceket,1370.0,Blazer > Blazer,Siyah
Basic regular fit kalın tişört,490.0,Tişört,Ekru
Basic regular fit kalın tişört,490.0,Tişört,Siyah
Basic regular fit kalın tişört,490.0,Tişört,Koyu lacivert
Basic regular fit kalın tişört,490.0,Tişört,Açık mavi
Basic regular fit kalın tişört,490.0,Tişört,Turkuaz
Basic regular fit kalın tişört,490.0,Tişört,Pembe
Basic regular fit kalın tişört,490.0,Tişört,Kahverengi
Basic regular fit kalın tişört,490.0,Tişört,Mor
Basic regular yumuşak dokulu t-shirt,590.0,Tişört,Beyaz
Basic regular yumuşak dokulu t-shirt,590.0,Tişört,Siyah
Basic regular yumuşak dokulu t-shirt,590.0,Tişört,Açık mavi
Basic regular yumuşak dokulu t-shirt,590.0,Tişört,Açık sarı
Basic regular yumuşak dokulu t-shirt,590.0,Tişört,Kahverengi
Basic uzun kollu pamuklu tişört,350.0,Tişört,Beyaz
Basic uzun kollu pamuklu tişört,350.0,Tişört,Siyah
Büzgülü uzun kollu tişört,350.0,Tişört,Koyu kırmızı
Büzgülü uzun kollu tişört,590.0,Tişört,Siyah
Büzgülü uzun kollu tişört,350.0,Tişört,Ekru
Büzgülü uzun kollu tişört,590.0,Tişört,Koyu mavi
Büzgülü uzun kollu tişört,590.0,Tişört,Kahverengi
Büzgülü uzun kollu tişört,590.0,Tişört,Mor
Basic yarasa kollu t-shirt,790.0,Tişört,Krem rengi
Basic yarasa kollu t-shirt,790.0,Tişört,Siyah
Basic yarasa kollu t-shirt,790.0,Tişört,Ekru
Basic yarasa kollu t-shirt,790.0,Tişört,Koyu yeşil
Kısa kollu V yaka t-shirt,550.0,Tişört,Beyaz
Kısa kollu V yaka t-shirt,550.0,Tişört,Siyah
Kısa kollu V yaka t-shirt,550.0,Tişört,Lacivert
Kısa kollu V yaka t-shirt,550.0,Tişört,Açık sarı
Kısa kollu V yaka t-shirt,550.0,Tişört,Koyu yeşil
Basic slim fit tişört,490.0,Tişört,Beyaz
Basic slim fit tişört,490.0,Tişört,Siyah
Basic slim fit tişört,490.0,Tişört,Turkuaz
Basic slim fit tişört,490.0,Tişört,Açık gri
Çizgili basic uzun kollu pamuklu t-shirt,350.0,Tişört,Koyu mavi
V yaka t-shirt kuşaklı,790.0,Tişört,Siyah
V yaka t-shirt kuşaklı,790.0,Tişört,Ekru
V yaka t-shirt kuşaklı,790.0,Tişört,Pembe
V yaka t-shirt kuşaklı,790.0,Tişört,Kahverengi
V yaka t-shirt kuşaklı,790.0,Tişört,Koyu yeşil
Basic dikişsiz polo t-shirt,790.0,Tişört,Koyu lacivert
Basic dikişsiz polo t-shirt,790.0,Tişört,Beyaz
Basic dikişsiz polo t-shirt,790.0,Tişört,Açık mavi
Basic dikişsiz polo t-shirt,790.0,Tişört,Açık sarı
Basic kolsuz tişört,550.0,Tişört,Açık mavi
Basic kolsuz tişört,550.0,Tişört,Siyah
Basic kolsuz tişört,550.0,Tişört,Beyaz
Basic kolsuz tişört,550.0,Tişört,Lacivert
Basic kolsuz tişört,550.0,Tişört,Kırmızı
Basic kolsuz tişört,550.0,Tişört,Pembe
Basic kolsuz tişört,550.0,Tişört,Kahverengi
Yarasa kollu t-shirt,790.0,Tişört,Açık pembe
Yarasa kollu t-shirt,790.0,Tişört,Siyah
Yarasa kollu t-shirt,790.0,Tişört,Beyaz
Yarasa kollu t-shirt,790.0,Tişört,Açık mavi
Yarasa kollu t-shirt,790.0,Tişört,Kahverengi
Çift katmanlı t-shirt,790.0,Tişört,Açık sarı
Çift katmanlı t-shirt,790.0,Tişört,Lacivert
Çift katmanlı t-shirt,790.0,Tişört,Açık gri
Basic vatkalı t-shirt,790.0,Tişört,Beyaz
Basic vatkalı t-shirt,790.0,Tişört,Siyah
Basic vatkalı t-shirt,790.0,Tişört,Koyu lacivert
Basic vatkalı t-shirt,790.0,Tişört,Açık sarı
Basic poliamid t-shirt,590.0,Tişört,Beyaz
Basic poliamid t-shirt,590.0,Tişört,Siyah
Basic poliamid t-shirt,590.0,Tişört,Pembe
Basic poliamid t-shirt,590.0,Tişört,Bej
Çift asimetrik t-shirt,990.0,Tişört,Açık gri
Çift asimetrik t-shirt,990.0,Tişört,Koyu Gri
Çift asimetrik t-shirt,990.0,Tişört,Kahverengi
Asimetrik tül t-shirt,590.0,Tişört,Kahverengi
Asimetrik tül t-shirt,990.0,Tişört,Siyah
Asimetrik tül t-shirt,990.0,Tişört,Mor
Basic uzun kollu tişört,590.0,Tişört,Krem rengi
Basic uzun kollu tişört,590.0,Tişört,Siyah
Basic uzun kollu tişört,590.0,Tişört,Ekru
Basic uzun kollu tişört,590.0,Tişört,Kırmızı
Basic uzun kollu tişört,590.0,Tişört,Pembe
Basic uzun kollu tişört,590.0,Tişört,Kahverengi
Basic uzun kollu tişört,590.0,Tişört,Mor
"Çizgili, heavy weight, regular fit basic tişört",490.0,Tişört,Kahverengi
"Çizgili, heavy weight, regular fit basic tişört",490.0,Tişört,Ekru
"Çizgili, heavy weight, regular fit basic tişört",490.0,Tişört,Koyu mavi
"Çizgili, heavy weight, regular fit basic tişört",490.0,Tişört,Pembe
Fitilli pamuklu çapraz askılı tişört,490.0,Tişört,Açık gri
Fitilli pamuklu çapraz askılı tişört,490.0,Tişört,Siyah
Fitilli pamuklu çapraz askılı tişört,490.0,Tişört,Beyaz
Fitilli pamuklu çapraz askılı tişört,490.0,Tişört,Turkuaz
Fitilli pamuklu çapraz askılı tişört,490.0,Tişört,Açık sarı
Fitilli pamuklu çapraz askılı tişört,490.0,Tişört,Kahverengi
V yaka çizgili yarasa kollu t-shirt,990.0,Tişört,Pembe
Rustik pelerin görünümlü t-shirt,990.0,Tişört,Kahverengi
Rustik pelerin görünümlü t-shirt,990.0,Tişört,Ekru
Rustik pelerin görünümlü t-shirt,990.0,Tişört,Açık sarı
Dantel detaylı kısa kollu V yaka t-shirt,790.0,Tişört,Pembe
Dantel detaylı kısa kollu V yaka t-shirt,790.0,Tişört,Siyah
Dantel detaylı kısa kollu V yaka t-shirt,790.0,Tişört,Ekru
Dantel detaylı kısa kollu V yaka t-shirt,790.0,Tişört,Kahverengi
Basic vatkalı çizgili t-shirt,790.0,Tişört,Siyah
B06 Düşük omuz basic t-shirt,790.0,Tişört,Kahverengi
B06 Düşük omuz basic t-shirt,790.0,Tişört,Siyah
B06 Düşük omuz basic t-shirt,790.0,Tişört,Ekru
B06 Düşük omuz basic t-shirt,790.0,Tişört,Pembe
Çapraz askılı atlet,590.0,Tişört,Ekru
Çapraz askılı atlet,590.0,Tişört,Açık pembe
Çapraz askılı atlet,590.0,Tişört,Açık sarı
Kalın askılı poliamid t-shirt,590.0,Tişört,Siyah
Kalın askılı poliamid t-shirt,590.0,Tişört,Ekru
Kalın askılı poliamid t-shirt,590.0,Tişört,Lacivert
Kalın askılı poliamid t-shirt,590.0,Tişört,Açık mavi
Kalın askılı poliamid t-shirt,590.0,Tişört,Krem rengi
Basic fitted büzgülü t-shirt,590.0,Tişört,Siyah
Basic fitted büzgülü t-shirt,590.0,Tişört,Ekru
Basic fitted büzgülü t-shirt,590.0,Tişört,Koyu mavi
Basic fitted büzgülü t-shirt,590.0,Tişört,Kahverengi
Asimetrik metal tokalı t-shirt,590.0,Tişört,Ekru
Asimetrik metal tokalı t-shirt,590.0,Tişört,Siyah
Asimetrik metal tokalı t-shirt,590.0,Tişört,Açık mavi
Asimetrik metal tokalı t-shirt,990.0,Tişört,Mor
basic kısa kollu bisiklet yaka t-shirt,550.0,Tişört,Açık sarı
basic kısa kollu bisiklet yaka t-shirt,550.0,Tişört,Beyaz
basic kısa kollu bisiklet yaka t-shirt,550.0,Tişört,Açık pembe
basic kısa kollu bisiklet yaka t-shirt,550.0,Tişört,Kahverengi
Dik yaka kolsuz t-shirt,490.0,Tişört,Beyaz
Dik yaka kolsuz t-shirt,490.0,Tişört,Siyah
Dik yaka kolsuz t-shirt,490.0,Tişört,Pembe
Dik yaka kolsuz t-shirt,490.0,Tişört,Kahverengi
Çift katmanlı kısa kollu polo t-shirt,1090.0,Tişört,Ekru
Çift katmanlı kısa kollu polo t-shirt,1090.0,Tişört,Beyaz
Çift katmanlı kısa kollu polo t-shirt,1090.0,Tişört,Lacivert
Zımba işlemeli kolsuz t-shirt,1090.0,Tişört,Ekru
Zımba işlemeli kolsuz t-shirt,1090.0,Tişört,Kahverengi
Baskılı oversize kısa kollu t-shirt,990.0,Tişört,Pastel yeşil
Boxy kısa kollu t-shirt,990.0,Tişört,Ekru
Boxy kısa kollu t-shirt,990.0,Tişört,Açık mavi
Boxy kısa kollu t-shirt,990.0,Tişört,Yeşil
Düğmeli asimetrik t-shirt,990.0,Tişört,Koyu gri
Düğmeli asimetrik t-shirt,990.0,Tişört,Ekru
Düğmeli asimetrik t-shirt,990.0,Tişört,Kahverengi
Büzgülü body,990.0,Tişört,Kahverengi
Büzgülü body,990.0,Tişört,Siyah
Büzgülü body,990.0,Tişört,Ekru
Kısa kollu dantelli etek ucu t-shirt,990.0,Tişört,Pembe
Kısa kollu dantelli etek ucu t-shirt,990.0,Tişört,Siyah
Kısa kollu dantelli etek ucu t-shirt,990.0,Tişört,Beyaz
Kadife qipao tarzı t-shirt,990.0,Tişört,Siyah
Kadife qipao tarzı t-shirt,990.0,Tişört,Ekru
Kadife qipao tarzı t-shirt,990.0,Tişört,Kahverengi
Oversize uzun kollu çizgili t-shirt,990.0,Tişört,Açık mavi
Oversize uzun kollu çizgili t-shirt,990.0,Tişört,Bordo
Halter yaka uzun kollu t-shirt,990.0,Tişört,Siyah
Halter yaka uzun kollu t-shirt,990.0,Tişört,Açık gri
Halter yaka uzun kollu t-shirt,990.0,Tişört,Kahverengi
Ecocell çift katmanlı t-shirt,990.0,Tişört,Beyaz
Ecocell çift katmanlı t-shirt,990.0,Tişört,Siyah
Dikişsiz polo tişört,990.0,Tişört,Ekru
Dikişsiz polo tişört,990.0,Tişört,Siyah
Dikişsiz polo tişört,990.0,Tişört,Kahverengi
Çift katlı kısa kollu t-shirt,790.0,Tişört,Açık pembe
Çift katlı kısa kollu t-shirt,790.0,Tişört,Beyaz
Çift katlı kısa kollu t-shirt,790.0,Tişört,Kahverengi
Büzgülü tül t-shirt,790.0,Tişört,Pembe
Büzgülü tül t-shirt,790.0,Tişört,Siyah
Büzgülü tül t-shirt,790.0,Tişört,Koyu mavi
Büzgülü tül t-shirt,790.0,Tişört,Kahverengi
Basic regular pamuklu tişört,790.0,Tişört,Ekru
Basic regular pamuklu tişört,790.0,Tişört,Kahverengi
Basic regular pamuklu tişört,790.0,Tişört,Krem rengi
Büzgülü uzun kollu t-shirt,790.0,Tişört,Beyaz
Büzgülü uzun kollu t-shirt,790.0,Tişört,Siyah
Modal asimetrik tişört,790.0,Tişört,Siyah
Modal asimetrik tişört,790.0,Tişört,Ekru
Modal asimetrik tişört,790.0,Tişört,Koyu mavi
Modal asimetrik tişört,790.0,Tişört,Kahverengi
Modal asimetrik tişört,790.0,Tişört,Mor
Yazı baskılı kayık yaka t-shirt,650.0,Tişört,Kırmızı
Çizgili basic uzun kollu pamuklu tişört,590.0,Tişört,Mor
"Çizgili, uzun kollu, basic t-shirt",590.0,Tişört,Ekru
Basic geniş yaka tişört,590.0,Tişört,Açık sarı
Basic geniş yaka tişört,590.0,Tişört,Siyah
Basic geniş yaka tişört,590.0,Tişört,Ekru
Basic geniş yaka tişört,590.0,Tişört,Koyu lacivert
Basic geniş yaka tişört,590.0,Tişört,Pembe
Kısa kollu oversize t-shirt,550.0,Tişört,Kahverengi
Kısa kollu oversize t-shirt,550.0,Tişört,Siyah
Kısa kollu oversize t-shirt,550.0,Tişört,Beyaz
Kısa kollu oversize t-shirt,550.0,Tişört,Açık mavi
Kısa kollu oversize t-shirt,550.0,Tişört,Açık pembe
Basic dar kesim çizgili t-shirt,490.0,Tişört,Açık mavi
Basic dar kesim çizgili t-shirt,490.0,Tişört,Açık sarı
Çizgili mini kollu basic t-shirt,350.0,Tişört,Pembe
Kısa crop tişört,350.0,Tişört,Koyu lacivert
Kısa crop tişört,350.0,Tişört,Siyah
Kısa crop tişört,350.0,Tişört,Beyaz
Çift katlı t-shirt,790.0,Tişört,Ekru
Çift katlı t-shirt,790.0,Tişört,Açık gri
Poliamid uzun kollu t-shirt,790.0,Tişört,Beyaz
Poliamid uzun kollu t-shirt,790.0,Tişört,Siyah
Poliamid uzun kollu t-shirt,790.0,Tişört,Kahverengi
Üç katmanlı uzun kollu t-shirt,1090.0,Tişört,Koyu Gri
Asimetrik kolsuz zımbalı bluz,990.0,Tişört,Kahverengi
Reglan kollu ve büzgülü tişört,990.0,Tişört,Kahverengi
Qipao tarzı kısa kollu tişört,1090.0,Tişört,Siyah
Qipao tarzı kısa kollu tişört,1090.0,Tişört,Ekru
Qipao tarzı kısa kollu tişört,1090.0,Tişört,Açık pembe
Çizgili kayık yaka dar kesim t-shirt,990.0,Tişört,Krem rengi
Çizgili kısa kollu t-shirt,790.0,Tişört,Açık sarı
İki malzemeli örgü tişört,1590.0,Tişört,Ekru
İki malzemeli örgü tişört,1590.0,Tişört,Kahverengi
Reglan kollu t-shirt,990.0,Tişört,Koyu lacivert
Parlak taşlı kayık yaka t-shirt One Dilemma,990.0,Tişört,Siyah
Parlak taşlı kayık yaka t-shirt One Dilemma,990.0,Tişört,Beyaz
Beyzbol t-shirt,590.0,Tişört,Açık mavi
Snoopy muz desenli t-shirt,1090.0,Tişört,Açık sarı
Dantelli grafik detaylı fitted t-shirt,990.0,Tişört,Ekru
Oversize grafik detaylı dantel t-shirt,1090.0,Tişört,Ekru
Çift kontrastlı t-shirt,990.0,Tişört,Ekru
Kısa kollu kontrast baskılı t-shirt,790.0,Tişört,Açık mavi
Kısa kollu muz t-shirt,790.0,Tişört,Kahverengi
Çizgili kısa kollu t-shirt,790.0,Tişört,Açık mavi
Çizgili kısa kollu t-shirt,790.0,Tişört,Pembe
Konumlandırılmış kısa kollu t-shirt,590.0,Tişört,Beyaz
Asimetrik zımbalı t-shirt,990.0,Tişört,Ekru
Asimetrik zımbalı t-shirt,990.0,Tişört,Siyah
Asimetrik zımbalı t-shirt,990.0,Tişört,Kahverengi
Sweety kısa kollu bisiklet yaka t-shirt,1190.0,Tişört,Pembe
Bugs Bunny dantelli t-shirt,1490.0,Tişört,Ekru
Bugs Bunny kısa kollu t-shirt,990.0,Tişört,Açık gri
İki katmanlı iç çamaşırı tişörtü,1090.0,Tişört,Açık mavi
Asimetrik çift katmanlı uzun kollu t-shirt,990.0,Tişört,Kahverengi
Uzun kollu bindirmeli t-shirt,990.0,Tişört,Gri
Yanları büzgülü kısa kollu t-shirt,990.0,Tişört,Açık mavi
Yanları büzgülü kısa kollu t-shirt,990.0,Tişört,Beyaz
Yanları büzgülü kısa kollu t-shirt,990.0,Tişört,Kahverengi
Çizgili rustik pelerin t-shirt,990.0,Tişört,Krem rengi
"Uzun kollu, yumuşak dokulu normal t-shirt",790.0,Tişört,Açık gri
Metal delikli asimetrik tişört,1090.0,Tişört,Kahverengi
Metal delikli asimetrik tişört,1090.0,Tişört,Siyah
Metal delikli asimetrik tişört,1090.0,Tişört,Ekru
"Kısa kollu, kayık yaka, büzgülü t-shirt",590.0,Tişört,Beyaz
"Kısa kollu, kayık yaka, büzgülü t-shirt",590.0,Tişört,Kahverengi
Dantelli uzun kollu t-shirt,1490.0,Tişört,Açık mavi
Grafik detaylı kısa kollu t-shirt,990.0,Tişört,Lacivert
Grafik ve aplikeli kısa kollu t-shirt,1090.0,Tişört,Lacivert
Grafik ve aplikeli kısa kollu t-shirt,1090.0,Tişört,Açık mavi
Çift melek desenli t-shirt,990.0,Tişört,Ekru
Çizgili baskılı kısa kollu t-shirt,990.0,Tişört,Lacivert
Çizgili baskılı kısa kollu t-shirt,990.0,Tişört,Kırmızı
Çoklu pozisyon t-shirt,990.0,Tişört,Açık mavi
Çıtçıt detaylı v yaka t-shirt,1090.0,Tişört,Koyu gri
Baskılı yarasa kollu t-shirt,790.0,Tişört,Lacivert
Kısa kollu KEWPIE t-shirt,990.0,Tişört,Beyaz
Oversize baskılı t-shirt,990.0,Tişört,Siyah
Baskılı kayık yaka t-shirt,990.0,Tişört,Açık mavi
Çizgili bel bantlı uzun kollu kayık yaka t-shirt,790.0,Tişört,Lacivert
Çizgili bel bantlı uzun kollu kayık yaka t-shirt,790.0,Tişört,Kahverengi
Büzgülü asimetrik t-shirt,790.0,Tişört,Koyu gri
Büzgülü asimetrik t-shirt,790.0,Tişört,Siyah
Büzgülü asimetrik t-shirt,790.0,Tişört,Kahverengi
Kuşaklı kayık yaka uzun kollu t-shirt,790.0,Tişört,Ekru
Kuşaklı kayık yaka uzun kollu t-shirt,790.0,Tişört,Siyah
Uzun kollu fitilli t-shirt,790.0,Tişört,Ekru
Uzun kollu fitilli t-shirt,790.0,Tişört,Kahverengi
Asimetrik yakalı tişört,790.0,Tişört,Lacivert
Asimetrik yakalı tişört,790.0,Tişört,Siyah
Asimetrik yakalı tişört,470.0,Tişört,Ekru
Asimetrik yakalı tişört,790.0,Tişört,Bordo
Asimetrik yakalı tişört,790.0,Tişört,Koyu gri
Asimetrik yakalı tişört,470.0,Tişört,Kahverengi
Kuşak detaylı kayık yaka triko t-shirt,1090.0,Tişört,Kahverengi
Kuşak detaylı kayık yaka triko t-shirt,1090.0,Tişört,Siyah
Kuşak detaylı kayık yaka triko t-shirt,1090.0,Tişört,Krem rengi
Asimetrik şeffaf body,1090.0,Tişört,Siyah
Zımbalı yıldız t-shirt,1490.0,Tişört,Koyu gri
Asimetrik t-shirt zımbalı,1090.0,Tişört,Koyu gri
Asimetrik t-shirt zımbalı,1090.0,Tişört,Siyah
Asimetrik t-shirt zımbalı,1090.0,Tişört,Kahverengi
Zımba detaylı kayık yaka t-shirt,990.0,Tişört,Koyu gri
Düğmeli t-shirt,790.0,Tişört,Bordo
Düğmeli t-shirt,790.0,Tişört,Siyah
Düğmeli t-shirt,790.0,Tişört,Beyaz
Düğmeli t-shirt,790.0,Tişört,Lacivert
Düğmeli t-shirt,790.0,Tişört,Kahverengi
Basic dik yaka tişört,590.0,Tişört,Kahverengi
Basic dik yaka tişört,590.0,Tişört,Siyah
Basic dik yaka tişört,590.0,Tişört,Ekru
Oversize crop t-shirt,790.0,Tişört,Koyu lacivert
Çift konumlu t-shirt,1090.0,Tişört,Bej
Kafein crop t-shirt,990.0,Tişört,Siyah
Asimetrik çizgili tişört,990.0,Tişört,Lacivert
Çizgili geniş yaka tişört,990.0,Tişört,Koyu gri
Çift uzun kollu çıtçıt düğmeli t-shirt,990.0,Tişört,Açık gri
Basic Kloş Kollu Tişört,790.0,Tişört,Kahverengi
Büzgülü çizgili açık omuz bluz,1090.0,Tişört,Koyu gri
Çift fermuarlı tişört,1090.0,Tişört,Ekru
Çift fermuarlı tişört,990.0,Tişört,Kahverengi
Çift fermuarlı tişört,990.0,Tişört,Siyah
Dantelli dikişsiz tişört,990.0,Tişört,Pembe
Dantelli dikişsiz tişört,990.0,Tişört,Siyah
Dantelli dikişsiz tişört,990.0,Tişört,Ekru
Dantelli dikişsiz tişört,990.0,Tişört,Kahverengi
Dantelli dikişsiz tişört,990.0,Tişört,Mor
Yumuşak dokulu oversize tişört,1090.0,Tişört,Açık mavi
Yumuşak dokulu oversize tişört,1090.0,Tişört,Siyah
Yumuşak dokulu oversize tişört,1090.0,Tişört,Ekru
Yumuşak dokulu oversize tişört,1090.0,Tişört,Koyu lacivert
Oversize çizgili polo tişört,1190.0,Tişört,Koyu gri
B07 Fitilli askılı top,490.0,Tişört > Mavi Tişört,Açık mavi
B07 Fitilli askılı top,490.0,Tişört > Mavi Tişört,Siyah
B07 Fitilli askılı top,490.0,Tişört > Mavi Tişört,Beyaz
B07 Fitilli askılı top,490.0,Tişört > Mavi Tişört,Kahverengi
Dantelli askılı bluz,790.0,Tişört > Mavi Tişört,Açık mavi
Yanları büzgülü dantel top,1190.0,Tişört > Mavi Tişört,Açık mavi
Sırt dekolteli tişört,650.0,Tişört > Mavi Tişört,Koyu lacivert
Sırt dekolteli tişört,650.0,Tişört > Mavi Tişört,Siyah
Sırt dekolteli tişört,650.0,Tişört > Mavi Tişört,Ekru
Sırt dekolteli tişört,650.0,Tişört > Mavi Tişört,Kahverengi
Kare yaka poliamid body,790.0,Tişört > Basic Ürünler,Siyah
Kare yaka poliamid body,790.0,Tişört > Basic Ürünler,Ekru
Kare yaka poliamid body,790.0,Tişört > Basic Ürünler,Pembe
Kare yaka poliamid body,790.0,Tişört > Basic Ürünler,Kahverengi
Kare yaka poliamid body,790.0,Tişört > Basic Ürünler,Haki
Korse tarzı top,1190.0,Tişört > Basic Ürünler,Siyah
Korse tarzı top,1190.0,Tişört > Basic Ürünler,Ekru
Korse tarzı top,1190.0,Tişört > Basic Ürünler,Kahverengi
B04 basic kolsuz dar top,550.0,Tişört > Basic Ürünler,Açık gri
B04 basic kolsuz dar top,550.0,Tişört > Basic Ürünler,Siyah
B04 basic kolsuz dar top,550.0,Tişört > Basic Ürünler,Beyaz
B04 basic kolsuz dar top,550.0,Tişört > Basic Ürünler,Açık mavi
B04 basic kolsuz dar top,550.0,Tişört > Basic Ürünler,Açık sarı
V yaka askılı body,790.0,Tişört > Basic Ürünler,Siyah
V yaka askılı body,790.0,Tişört > Basic Ürünler,Ekru
V yaka askılı body,790.0,Tişört > Basic Ürünler,Kahverengi
Geniş askılı poliamid t-shirt,590.0,Tişört > Basic Ürünler,Kahverengi
Kare yaka poliamid body,990.0,Tişört > Basic Ürünler,Mor
Halter Crop Top,490.0,Tişört > Basic Ürünler,Siyah
Halter Crop Top,490.0,Tişört > Basic Ürünler,Beyaz
Uzun Kollu Poliamid Body,990.0,Tişört > Basic Ürünler,Ekru
Uzun Kollu Poliamid Body,590.0,Tişört > Basic Ürünler,Siyah
Uzun Kollu Poliamid Body,590.0,Tişört > Basic Ürünler,Kahverengi
Poliamid straples top,550.0,Tişört > Basic Ürünler,Siyah
Poliamid straples top,550.0,Tişört > Basic Ürünler,Beyaz
Basic bandeau,490.0,Tişört > Basic Ürünler,Beyaz
Basic bandeau,490.0,Tişört > Basic Ürünler,Siyah
Basic bandeau,490.0,Tişört > Basic Ürünler,Açık sarı
Basic bandeau,490.0,Tişört > Basic Ürünler,Kahverengi
Basic askılı tişört,490.0,Tişört > Basic Ürünler,Pembe
Basic askılı tişört,490.0,Tişört > Basic Ürünler,Siyah
Basic askılı tişört,490.0,Tişört > Basic Ürünler,Ekru
Basic askılı tişört,490.0,Tişört > Basic Ürünler,Koyu lacivert
Basic askılı tişört,490.0,Tişört > Basic Ürünler,Koyu mavi
Basic askılı tişört,490.0,Tişört > Basic Ürünler,Açık sarı
Basic askılı tişört,490.0,Tişört > Basic Ürünler,Bej
Poliamid tişört,590.0,Tişört > Basic Ürünler,Siyah
Poliamid tişört,590.0,Tişört > Basic Ürünler,Ekru
Poliamid tişört,590.0,Tişört > Basic Ürünler,Kahverengi
Basic çapraz askılı top,550.0,Tişört > Basic Ürünler,Siyah
Basic çapraz askılı top,550.0,Tişört > Basic Ürünler,Beyaz
V yaka büzgülü poliamid body,1090.0,Tişört > Basic Ürünler,Siyah
V yaka büzgülü poliamid body,1090.0,Tişört > Basic Ürünler,Ekru
Kısa kollu dar kesim gömlek,1090.0,Tişört > STR Teen,Beyaz
Kısa kollu dar kesim gömlek,1090.0,Tişört > STR Teen,Açık pembe
Kısa kollu dar kesim gömlek,1090.0,Tişört > STR Teen,SOLUK EFEKTLİ GRİ DENIM
"Dar kesim, akıcı kollu gömlek",1190.0,Tişört > STR Teen,Siyah
Oversize çizgili gömlek,1590.0,Tişört > STR Teen,SOLUK EFEKTLİ GRİ DENIM
Oversize zımbalı gömlek,1790.0,Tişört > STR Teen,Açık mavi
Fermuarlı fitted gömlek,1490.0,Tişört > STR Teen,Siyah
Çizgili büzgülü gömlek,1490.0,Tişört > STR Teen,Siyah
Kuşaklı triko crop top,790.0,Tişört > STR Teen,Açık sarı
Kuşaklı triko crop top,790.0,Tişört > STR Teen,Açık pembe
Kuşaklı triko crop top,790.0,Tişört > STR Teen,Kahverengi
Oversize gömlek,1490.0,Tişört > STR Teen,Açık mavi
Büzgülü kısa kollu gömlek,1090.0,Tişört > STR Teen,Açık pembe
Büzgülü kısa kollu gömlek,1090.0,Tişört > STR Teen,Siyah
Büzgülü kısa kollu gömlek,1090.0,Tişört > STR Teen,Açık mavi
Düz büzgülü gömlek,1490.0,Tişört > STR Teen,Beyaz
Düz büzgülü gömlek,1490.0,Tişört > STR Teen,Kahverengi
Uzun kollu dar kesim bolero,990.0,Tişört > STR Teen,Açık pembe
Uzun kollu dar kesim bolero,990.0,Tişört > STR Teen,Açık sarı
Boxy uzun kollu t-shirt,790.0,Tişört > STR Teen,Beyaz
Dar kesim gömlek,1190.0,Tişört > STR Teen,SOLUK EFEKTLİ GRİ DENIM
Dar kesim gömlek,1190.0,Tişört > STR Teen,Beyaz
Büzgülü straplez bluz,790.0,Top ve body,Siyah
Halter yaka qipao görünümlü top,1090.0,Top ve body,Beyaz
Halter yaka qipao görünümlü top,1090.0,Top ve body,Ekru
Halter yaka qipao görünümlü top,1090.0,Top ve body,Açık mavi
Halter yaka qipao görünümlü top,1090.0,Top ve body,Mavi
Halter yaka qipao görünümlü top,1090.0,Top ve body,Pembe
Düğmeli normal kesim yelek,990.0,Top ve body,Açık kahverengi
Düğmeli normal kesim yelek,990.0,Top ve body,Siyah
Düğmeli normal kesim yelek,990.0,Top ve body,Ekru
Düğmeli normal kesim yelek,990.0,Top ve body,Krem rengi
Fisto işlemeli korse tarzı bluz,1490.0,Top ve body,Ekru
Halter yaka puf top,990.0,Top ve body,Ekru
Halter yaka puf top,990.0,Top ve body,Siyah
Halter yaka puf top,990.0,Top ve body,Pembe
Zımba detaylı halter yaka üst,990.0,Top ve body,Siyah
Kolsuz denim peplum top,1190.0,Top ve body,SOLUK EFEKTLİ PARÇA BOYAMA DENIM
Poliamid askılı üst,490.0,Top ve body,Ekru
Poliamid askılı üst,490.0,Top ve body,Siyah
Poliamid askılı üst,490.0,Top ve body,Altın rengi
Poliamid askılı üst,490.0,Top ve body,Kahverengi
Kolsuz peplum top,1090.0,Top ve body,Kırmızı
Kolsuz peplum top,1090.0,Top ve body,Siyah
Kare yaka çift katmanlı tişört,590.0,Top ve body,Beyaz
Kare yaka çift katmanlı tişört,590.0,Top ve body,Siyah
Kare yaka çift katmanlı tişört,590.0,Top ve body,Pembe
Kare yaka çift katmanlı tişört,590.0,Top ve body,Açık gri
Askılı korse bluz,1090.0,Top ve body,Açık pembe
Mücevher detaylı çapraz askılı atlet,1090.0,Top ve body,Beyaz
Halter bengalin top,1090.0,Top ve body,Açık mavi
Halter bengalin top,1090.0,Top ve body,Beyaz
Kolsuz qipao tarzı top,990.0,Top ve body,Koyu yeşil
Kolsuz qipao tarzı top,990.0,Top ve body,Siyah
Kolsuz qipao tarzı top,990.0,Top ve body,Ekru
Kolsuz qipao tarzı top,990.0,Top ve body,Açık sarı
Poliamid yaka detaylı top,990.0,Top ve body,Siyah
Halter body,990.0,Top ve body,Kahverengi
Halter body,990.0,Top ve body,Siyah
Halter body,990.0,Top ve body,Ekru
Halter body,990.0,Top ve body,Açık mavi
Metal detaylı halter yaka top,790.0,Top ve body,Siyah
Pileli fitted top,1190.0,Top ve body,Siyah
Çiçek desenli korse top,1190.0,Top ve body,Açık mavi
Straplez denim bluz,1190.0,Top ve body,SOLUK EFEKTLİ PARÇA BOYAMA DENIM
Halter işlemeli bluz,1090.0,Top ve body,Mavi
Halter işlemeli bluz,1090.0,Top ve body,Ekru
Halter işlemeli bluz,1090.0,Top ve body,Pembe
Kroşe askılı top,990.0,Top ve body,Beyaz
Kroşe askılı top,990.0,Top ve body,Koyu lacivert
Kroşe askılı top,990.0,Top ve body,Açık mavi
Kroşe askılı top,990.0,Top ve body,Açık sarı
Metalik iplikli triko top,990.0,Top ve body,Kahverengi
Drapeli dekolteli halkalı büstiyer,990.0,Top ve body,Siyah
Kroşe straplez bluz,990.0,Top ve body,Beyaz
Kroşe straplez bluz,990.0,Top ve body,Koyu lacivert
Kroşe straplez bluz,990.0,Top ve body,Krem rengi
Kroşe straplez bluz,990.0,Top ve body,Koyu yeşil
Pencere detaylı sırt dekolteli body,990.0,Top ve body,Kahverengi
Ajurlu Qipao yaka top,1490.0,Top ve body,Açık sarı
Kadife korse,990.0,Top ve body,Gri
Lastikli t-shirt,990.0,Top ve body,Koyu yeşil
Lastikli t-shirt,990.0,Top ve body,Siyah
Lastikli t-shirt,990.0,Top ve body,Ekru
İki kumaşlı triko top,1190.0,Top ve body,Ekru
Dantel detaylı askılı bluz,790.0,Top ve body,Beyaz
Halter kruvaze top,1190.0,Top ve body,Ekru
Halter kruvaze top,1190.0,Top ve body,Haki
Korse fırfırlı top,1090.0,Top ve body,Ekru
Korse fırfırlı top,1090.0,Top ve body,Siyah
Kolsuz file body,790.0,Top ve body,Siyah
Halter yaka desenli tül top,1090.0,Top ve body,Koyu bej
Dantelli halter top,790.0,Top ve body,Açık pembe
Peplum triko top,1490.0,Top ve body,Altın rengi
Dantel detaylı askılı body,990.0,Top ve body,Açık sarı
Drapeli poliamid üst,790.0,Top ve body,Kahverengi
Dantelli büzgülü top,1190.0,Top ve body,Açık pembe
Dantelli askılı bluz,790.0,Top ve body,Açık pembe
Asimetrik saten top,1190.0,Top ve body,Ekru
Askılı saten top,1190.0,Top ve body,Altın rengi
Saten askılı top,990.0,Top ve body,Lacivert
Kare yaka tül body,990.0,Top ve body,Siyah
Volanlı kroşe top,990.0,Top ve body,Lacivert
Volanlı kroşe top,990.0,Top ve body,Beyaz
Uzun kollu dantel t-shirt,790.0,Top ve body,Siyah
Uzun kollu dantel t-shirt,790.0,Top ve body,Ekru
Parlak örgülü top,990.0,Top ve body,Turuncu
Asimetrik desenli tül t-shirt,990.0,Top ve body,Koyu bej
Düğmeli kolsuz denim top,1190.0,Top ve body,SOLUK EFEKTLİ ORTA MAVİ DENIM
Büzgülü tül body,990.0,Top ve body,Mor
Büzgülü tül body,990.0,Top ve body,Siyah
Büzgülü tül body,990.0,Top ve body,Kahverengi
Büzgülü açık omuzlu t-shirt,920.0,Top ve body,Kahverengi
Kayık yaka panço,1090.0,Top ve body,Ekru
Kayık yaka panço,1090.0,Top ve body,Krem rengi
Parlak denim peplum top,1590.0,Top ve body,Siyah
Kısa kollu lastikli gömlek,1190.0,Gömlek ve Bluz,Beyaz
Kısa kollu lastikli gömlek,1190.0,Gömlek ve Bluz,Kahverengi
Kısa kollu lastikli gömlek,1190.0,Gömlek ve Bluz,Haki
"Kısa kollu, düşük göğüs kesimli gömlek",1090.0,Gömlek ve Bluz,Krem rengi
"Kısa kollu, düşük göğüs kesimli gömlek",1090.0,Gömlek ve Bluz,Açık mavi
"Kısa kollu, göğüs altı kesimli gömlek",1090.0,Gömlek ve Bluz,Pembe
"Kısa kollu, göğüs altı kesimli gömlek",1090.0,Gömlek ve Bluz,Beyaz
"Kısa kollu, göğüs altı kesimli gömlek",1090.0,Gömlek ve Bluz,Açık mavi
"Basic, fitted çizgili gömlek",710.0,Gömlek ve Bluz,Mavi
"Basic, fitted çizgili gömlek",1190.0,Gömlek ve Bluz,Siyah
"Basic, fitted çizgili gömlek",1190.0,Gömlek ve Bluz,Koyu lacivert
"Basic, fitted çizgili gömlek",1190.0,Gömlek ve Bluz,Açık mavi
"Basic, fitted çizgili gömlek",1190.0,Gömlek ve Bluz,Açık pembe
"Basic, fitted çizgili gömlek",1190.0,Gömlek ve Bluz,Kahverengi
"Basic, fitted çizgili gömlek",1190.0,Gömlek ve Bluz,Mor
Basic fitted gömlek,1190.0,Gömlek ve Bluz,Beyaz
Basic fitted gömlek,710.0,Gömlek ve Bluz,Siyah
Basic fitted gömlek,1190.0,Gömlek ve Bluz,Açık mavi
"Yarasa kollu, pilili poplin gömlek",1190.0,Gömlek ve Bluz,Beyaz
Basic çizgili poplin cepli gömlek,1190.0,Gömlek ve Bluz,Kırmızı
Basic çizgili poplin cepli gömlek,1190.0,Gömlek ve Bluz,Lacivert
Basic çizgili poplin cepli gömlek,1190.0,Gömlek ve Bluz,Mavi
Basic çizgili poplin cepli gömlek,1190.0,Gömlek ve Bluz,Pembe
Basic çizgili poplin cepli gömlek,1190.0,Gömlek ve Bluz,Açık sarı
İnci işlemeli düğümlü gömlek,1590.0,Gömlek ve Bluz,Beyaz
Piliseli poplin gömlek,1490.0,Gömlek ve Bluz,Açık mavi
Piliseli poplin gömlek,1490.0,Gömlek ve Bluz,Beyaz
Basic çift kumaş gömlek,1190.0,Gömlek ve Bluz,Altın rengi
Basic çift kumaş gömlek,1190.0,Gömlek ve Bluz,Açık mavi
Çıtçıtlı açık gömlek,1190.0,Gömlek ve Bluz,Ekru
Çıtçıtlı açık gömlek,1190.0,Gömlek ve Bluz,Kahverengi
Çıtçıtlı açık gömlek,1190.0,Gömlek ve Bluz,Haki
"Cepli, dökümlü keten gömlek",1490.0,Gömlek ve Bluz,Açık mavi
Fırfırlı peplum bluz,1190.0,Gömlek ve Bluz,Beyaz
Basic çift kumaş gömlek,1190.0,Gömlek ve Bluz,Beyaz
Çift fermuarlı bengal gömlek,1190.0,Gömlek ve Bluz,Beyaz
Göğüs altı dikişli dar kesim gömlek,1190.0,Gömlek ve Bluz,Beyaz
Kontrast işlemeli kısa kollu bluz,1590.0,Gömlek ve Bluz,Ekru
Bimateryal balon gömlek,1490.0,Gömlek ve Bluz,Açık mavi
Büzgülü bengalin gömlek,1190.0,Gömlek ve Bluz,Beyaz
Büzgülü bengalin gömlek,1190.0,Gömlek ve Bluz,Açık mavi
Göğüs altı dikiş detaylı dar kesim gömlek,1190.0,Gömlek ve Bluz,Açık mavi
Göğüs altı dikiş detaylı dar kesim gömlek,1190.0,Gömlek ve Bluz,Pembe
Göğüs altı dikiş detaylı dar kesim gömlek,1190.0,Gömlek ve Bluz,Açık gri
Korse tarzı poplin gömlek,1190.0,Gömlek ve Bluz,Beyaz
ÇİFT FERMUARLI DAR KESİM BENGALİN GÖMLEK,1190.0,Gömlek ve Bluz,Krem rengi
Kurdela detaylı saten gömlek,1490.0,Gömlek ve Bluz,Ekru
Basic cepli poplin gömlek,1190.0,Gömlek ve Bluz,Beyaz
Vücuda oturan çift fermuarlı denim bengalin gömlek,1190.0,Gömlek ve Bluz,SOLUK EFEKTLİ PARÇA BOYAMA DENIM
Geniş paça pensli klasik pantolon,1590.0,Elbise,Siyah
Geniş paça pensli klasik pantolon,950.0,Elbise,Lacivert
Geniş paça pensli klasik pantolon,950.0,Elbise,Bordo
Geniş paça pensli klasik pantolon,1590.0,Elbise,Koyu gri
Geniş paça pensli klasik pantolon,1590.0,Elbise,Kahverengi
Dökümlü şalvar pantolon,1190.0,Pantolon,Ekru
Dökümlü şalvar pantolon,1190.0,Pantolon,Kahverengi
Dökümlü şalvar pantolon,1190.0,Pantolon,Haki
Geniş paça jogger pantolon,1090.0,Pantolon,Siyah
Geniş paça jogger pantolon,1190.0,Pantolon,Ekru
Geniş paça jogger pantolon,1190.0,Pantolon,Koyu lacivert
Geniş paça jogger pantolon,1190.0,Pantolon,Kırmızı
Geniş paça jogger pantolon,1090.0,Pantolon,Açık gri
Geniş paça jogger pantolon,1190.0,Pantolon,Mor
Liyosel şalvar pantolon,1490.0,Pantolon,Haki
Liyosel şalvar pantolon,1490.0,Pantolon,Beyaz
Liyosel şalvar pantolon,1490.0,Pantolon,Kahverengi
Tokalı detaylı geniş paça pantolon,950.0,Pantolon,Siyah
Tokalı detaylı geniş paça pantolon,950.0,Pantolon,Lacivert
Tokalı detaylı geniş paça pantolon,950.0,Pantolon,Açık mavi
Tokalı detaylı geniş paça pantolon,950.0,Pantolon,Koyu kırmızı
Tokalı detaylı geniş paça pantolon,950.0,Pantolon,Kahverengi
Geniş paça klasik pantolon,950.0,Pantolon,Koyu Gri
Pensli barrel smart pantolon,1070.0,Pantolon,Kahverengi
Pensli barrel smart pantolon,1070.0,Pantolon,Siyah
Pensli barrel smart pantolon,1790.0,Pantolon,Lacivert
Pensli barrel smart pantolon,1070.0,Pantolon,Koyu gri
Geniş paça pantolon,1590.0,Pantolon,Siyah
Geniş paça pantolon,1590.0,Pantolon,Koyu Gri
Geniş paça pantolon,1590.0,Pantolon,Kahverengi
Geniş paça pantolon,1590.0,Pantolon,Bej
Geniş paça pantolon,950.0,Pantolon,Haki
Dar kesim düz paça klasik pantolon,1490.0,Pantolon,Siyah
Dar kesim düz paça klasik pantolon,1490.0,Pantolon,Koyu Gri
Dar kesim düz paça klasik pantolon,1490.0,Pantolon,Kahverengi
Dar kesim düz paça klasik pantolon,1490.0,Pantolon,Krem rengi
Yumuşak dokulu balon jogger pantolon,1490.0,Pantolon,Siyah
Yumuşak dokulu balon jogger pantolon,1490.0,Pantolon,Kahverengi
Barrel kumaş pantolon,1790.0,Pantolon,Krem rengi
Barrel kumaş pantolon,1790.0,Pantolon,Kahverengi
Kapri pantolon,1190.0,Pantolon,Siyah
Şeritli jogger pantolon,710.0,Pantolon,Açık gri
Şeritli jogger pantolon,1190.0,Pantolon,Siyah
Şeritli jogger pantolon,1190.0,Pantolon,Lacivert
Cepli Klasik Pantolon,890.0,Pantolon,Koyu gri
Cepli Klasik Pantolon,890.0,Pantolon,Siyah
Cepli Klasik Pantolon,1490.0,Pantolon,Lacivert
Düşük bel barrel jean,1790.0,Pantolon,Açık pembe
Pensli smart pantolon,1790.0,Pantolon,Siyah
Pensli smart pantolon,1790.0,Pantolon,Koyu gri
Dökümlü pantolon,1010.0,Pantolon,Gri
Dökümlü pantolon,1690.0,Pantolon,Siyah
Dökümlü pantolon,1010.0,Pantolon,Koyu Gri
Dökümlü pantolon,1690.0,Pantolon,Mor
Stoperli poplin balon pantolon,1590.0,Pantolon,Krem rengi
Pensli palazzo pantolon,1590.0,Pantolon,Kahverengi
Pensli palazzo pantolon,1590.0,Pantolon,Siyah
Pensli palazzo pantolon,1590.0,Pantolon,Mavi
Pensli teknik şalvar pantolon,1590.0,Pantolon,Ekru
Düz kesim ofis pantolonu,1590.0,Pantolon,Siyah
Düz kesim ofis pantolonu,1590.0,Pantolon,Koyu Gri
Yumuşak dokulu dikiş detaylı çan paça pantolon,1190.0,Pantolon,Siyah
Yumuşak dokulu dikiş detaylı çan paça pantolon,1190.0,Pantolon,Açık gri
Super yüksek bel,1190.0,Pantolon,Siyah
KEMERİ KATLANMIŞ FİLE PANTOLON,1090.0,Pantolon,Açık gri
KEMERİ KATLANMIŞ FİLE PANTOLON,1090.0,Pantolon,Siyah
KEMERİ KATLANMIŞ FİLE PANTOLON,1090.0,Pantolon,Lacivert
D77 Minimal cepli pantolon,1790.0,Pantolon,Beyaz
Yumuşak dokunuşlu pensli pantolon,1790.0,Pantolon,Bej
Yumuşak dokunuşlu pensli pantolon,1790.0,Pantolon,Siyah
Yumuşak dokunuşlu pensli pantolon,1790.0,Pantolon,Açık gri
Desenli dökümlü saten pantolon,1690.0,Pantolon,Koyu bej
Ekose balon pantolon,1590.0,Pantolon,Ekru
Balon kesim klasik pantolon,1590.0,Pantolon,Ekru
Balon kesim klasik pantolon,1590.0,Pantolon,Siyah
Balon kesim klasik pantolon,1590.0,Pantolon,Lacivert
Balon kesim klasik pantolon,1590.0,Pantolon,Kahverengi
Stoperli poplin barrel pantolon,1590.0,Pantolon,Haki
Stoperli poplin barrel pantolon,1590.0,Pantolon,Kahverengi
Lastikli bel palazzo jogger pantolon,1590.0,Pantolon,Siyah
Lastikli bel palazzo jogger pantolon,1590.0,Pantolon,Açık mavi
Lastikli bel palazzo jogger pantolon,1590.0,Pantolon,Pastel yeşil
Balon stoperli jogger pantolon,1590.0,Pantolon,Açık gri
Balon jogger pantolon,1590.0,Pantolon,Açık gri
Balon jogger pantolon,1590.0,Pantolon,Koyu gri
Kumaş jogger pantolon,1590.0,Pantolon,Siyah
Kumaş jogger pantolon,1590.0,Pantolon,Kahverengi
Ayarlanabilir süper geniş paça pantolon,1590.0,Pantolon,Krem rengi
Yumuşak dokulu dikiş detaylı düz paça jogger pantolon,1590.0,Pantolon,Siyah
Süper barrel jogger pantolon,1590.0,Pantolon,Açık gri
Süper barrel jogger pantolon,1590.0,Pantolon,Lacivert
Barrel jogger pantolon,1590.0,Pantolon,Siyah
Barrel jogger pantolon,1590.0,Pantolon,Lacivert
Barrel jogger pantolon,1590.0,Pantolon,Açık gri
Yumuşak dokunuşlu culotte pantolon,1490.0,Pantolon,Açık mavi
Yumuşak dokunuşlu culotte pantolon,1490.0,Pantolon,Siyah
Yumuşak dokunuşlu culotte pantolon,1490.0,Pantolon,Koyu lacivert
Bağcıklı dökümlü denim pantolon,1190.0,Pantolon,SOLUK EFEKTLİ ORTA MAVİ DENIM
Bağcıklı dökümlü denim pantolon,1190.0,Pantolon,SOLUK EFEKTLİ AÇIK ORTA MAVİ DENIM
Bağcıklı dökümlü denim pantolon,1190.0,Pantolon,SOLUK EFEKTLİ DESIZED DENIM
Biyeli geniş paça eşofman altı,1190.0,Pantolon,Lacivert
Biyeli geniş paça eşofman altı,1190.0,Pantolon,Bordo
Biyeli geniş paça eşofman altı,1190.0,Pantolon,Açık gri
Boyfriend jogger pantolon,990.0,Pantolon,Açık gri
Boyfriend jogger pantolon,990.0,Pantolon,Siyah
Balon pensli jogger,950.0,Pantolon,Açık gri
Stoperli poplin pantolon,1790.0,Pantolon,Haki
Stoperli poplin pantolon,1790.0,Pantolon,Ekru
"Pileli, bol kesim, ofis pantolonu",1490.0,Pantolon,Kahverengi
"Pileli, bol kesim, ofis pantolonu",1490.0,Pantolon,Siyah
"Pileli, bol kesim, ofis pantolonu",1490.0,Pantolon,Koyu gri
Çıtçıtlı şalvar pantolon,1790.0,Pantolon,Haki
Süper hacimli şalvar pantolon,2290.0,Pantolon,Kahverengi
Çizgili balon pantolon,1790.0,Pantolon,Açık mavi
Balon paça kıvrık belli pantolon,1190.0,Pantolon,Açık mavi
Balon paça kıvrık belli pantolon,1190.0,Pantolon,Siyah
Balon paça kıvrık belli pantolon,1190.0,Pantolon,Ekru
Balon paça kıvrık belli pantolon,1190.0,Pantolon,Kahverengi
Pensli dressy pantolon,1790.0,Pantolon,Kahverengi
Geniş paça pantolon,2290.0,Pantolon,Krem rengi
Stoperli jogger pantolon,1590.0,Pantolon,Açık gri
Kapri pantolon,1090.0,Pantolon,Kahverengi
Dökümlü tokalı pantolon,1790.0,Pantolon,Siyah
Teknik pantolon,1790.0,Pantolon,Lacivert
Teknik balon paraşüt pantolon,1590.0,Pantolon,Pembe
Teknik balon paraşüt pantolon,1590.0,Pantolon,Krem rengi
Yumuşak dokulu çan paça pantolon,1490.0,Pantolon,Siyah
Hacimli balon jogger,950.0,Pantolon,Açık gri
Konumsal bol jogger pantolon,1690.0,Pantolon,Koyu Gri
Balon jogger pantolon,1490.0,Pantolon,Bej
Balon jogger pantolon,1490.0,Pantolon,Siyah
Balon jogger pantolon,1490.0,Pantolon,Koyu lacivert
Balon jogger pantolon,1490.0,Pantolon,Kahverengi
Çizgili geniş paça jogger pantolon,1190.0,Pantolon,Koyu lacivert
Kuşgözü detaylı jogger pantolon,1590.0,Pantolon,Lacivert
Zımbalı sweatshirt pantolon,1590.0,Pantolon,Koyu gri
Yumuşak dokulu interlok jogger pantolon,950.0,Pantolon,Açık gri
Yumuşak dokulu interlok jogger pantolon,1590.0,Pantolon,Koyu Gri
Çan Paça Tayt,1190.0,Pantolon,Koyu lacivert
Çan Paça Tayt,1190.0,Pantolon,Siyah
Çan Paça Tayt,1190.0,Pantolon,Açık gri
D98 Straight fit Kot Pantolon,1590.0,Pantolon,SOLUK EFEKTLİ GRİ DENIM
D98 Straight fit Kot Pantolon,1590.0,Pantolon,SOLUK EFEKTLİ AÇIK MAVİ DENIM
D98 Straight fit Kot Pantolon,1590.0,Pantolon,SOLUK EFEKTLİ AÇIK ORTA MAVİ DENIM
D98 Straight fit Kot Pantolon,1590.0,Pantolon,SOLUK EFEKTLİ ORTA MAVİ DENIM
D98 Straight fit Kot Pantolon,1590.0,Pantolon,SOLUK EFEKTLİ KOYU GRİ DENIM
D98 Straight fit Kot Pantolon,1590.0,Pantolon,SOLUK EFEKTLİ SİYAH DENIM
Çizgili bel detaylı smart pantolon,1790.0,Pantolon,Kahverengi
Konumsal yıkamalı jogger pantolon,1590.0,Pantolon,Bej
Folyo culotte pantolon,2490.0,Pantolon,Ekru
Geniş paça jean,1790.0,Pantolon,Kahverengi
Geniş paça jean,1790.0,Pantolon,Siyah
Kırışık görünümlü dökümlü bağcıklı pantolon,1590.0,Pantolon,Açık mavi
Püsküllü culotte pantolon,1590.0,Pantolon,Kahverengi
Yumuşak dokulu acid wash jogger pantolon,1690.0,Pantolon,Koyu Gri
Zımba detaylı jogger pantolon,1590.0,Pantolon,Siyah
Stoperli poplin bermuda,1790.0,Pantolon > Şort,Ekru
Düğmeli çizgili mini şort,990.0,Pantolon > Şort,Ekru
Düğmeli çizgili mini şort,990.0,Pantolon > Şort,Lacivert
Düğmeli mini şort,990.0,Pantolon > Şort,Açık mavi
D75 distressed denim şort,1190.0,Pantolon > Şort,SOLUK EFEKTLİ PARÇA BOYAMA DENIM
D75 distressed denim şort,1190.0,Pantolon > Şort,Beyaz
D75 distressed denim şort,1190.0,Pantolon > Şort,SOLUK EFEKTLİ AÇIK MAVİ DENIM
D75 distressed denim şort,1190.0,Pantolon > Şort,SOLUK EFEKTLİ AÇIK ORTA MAVİ DENIM
D75 distressed denim şort,1190.0,Pantolon > Şort,SOLUK EFEKTLİ ORTA MAVİ DENIM
D75 distressed denim şort,1190.0,Pantolon > Şort,SOLUK EFEKTLİ KOYU GRİ DENIM
D75 distressed denim şort,1190.0,Pantolon > Şort,SOLUK EFEKTLİ SİYAH DENIM
Dantelli pololo şort,1590.0,Pantolon > Şort,Ekru
Çapraz bel bermuda,1690.0,Pantolon > Şort,SOLUK EFEKTLİ PARÇA BOYAMA DENIM
Kemerli denim bermuda,1590.0,Pantolon > Şort,SOLUK EFEKTLİ AÇIK MAVİ DENIM
Kemerli denim bermuda,1590.0,Pantolon > Şort,SOLUK EFEKTLİ ORTA MAVİ DENIM
D79 düşük bel şort,1190.0,Pantolon > Şort,SOLUK EFEKTLİ AÇIK ORTA MAVİ DENIM
D79 düşük bel şort,1190.0,Pantolon > Şort,SOLUK EFEKTLİ ORTA MAVİ DENIM
D79 düşük bel şort,1190.0,Pantolon > Şort,SOLUK EFEKTLİ PARÇA BOYAMA DENIM
Çapraz belli jort şort,1690.0,Pantolon > Şort,Beyaz
Lastik belli akıllı şort,1090.0,Pantolon > Şort,Pastel yeşil
Lastik belli akıllı şort,1090.0,Pantolon > Şort,Pembe
Lastik belli akıllı şort,1090.0,Pantolon > Şort,Kahverengi
Dar kesim mom şort,1090.0,Pantolon > Şort,Siyah
Çapraz belli geniş paça bermuda,1490.0,Pantolon > Şort,Siyah
Mini kumaş şort,1190.0,Pantolon > Şort,Siyah
Yumuşak dokulu pensli şort,1090.0,Pantolon > Şort,Açık sarı
Yumuşak dokulu pensli şort,1090.0,Pantolon > Şort,Siyah
Yumuşak dokulu pensli şort,1090.0,Pantolon > Şort,Krem rengi
Kısa spor şort etek,1090.0,Pantolon > Şort,Siyah
Fitilli çizgili mikro şort,790.0,Pantolon > Şort,Kahverengi
Kruvaze bel bermuda,1490.0,Pantolon > Şort,Ekru
Katlanabilir belli pamuklu şort,990.0,Pantolon > Şort,Açık gri
İşlemeli şort,1490.0,Pantolon > Şort,Ekru
İşlemeli şort,1490.0,Pantolon > Şort,Mavi
İşlemeli şort,1490.0,Pantolon > Şort,Pembe
Parlak taşlı denim bermuda,1790.0,Pantolon > Şort,SOLUK EFEKTLİ AÇIK ORTA MAVİ DENIM
Beli katlamalı mikro şort,990.0,Pantolon > Şort,Kahverengi
Beli katlamalı mikro şort,990.0,Pantolon > Şort,Ekru
Beli katlamalı mikro şort,990.0,Pantolon > Şort,Açık gri
Saten yüzeyli mini şort,1090.0,Pantolon > Şort,Açık pembe
Dantel detaylı saten şort,1190.0,Pantolon > Şort,Kahverengi
Dantel detaylı saten şort,1190.0,Pantolon > Şort,Altın rengi
Kemerli denim bermuda şort,1590.0,Pantolon > Şort,Beyaz
Dökümlü nakışlı etek pantolon,1490.0,Pantolon > Şort,Beyaz
Dantelli şort etek,1490.0,Pantolon > Şort,Ekru
Dantelli şort etek,1490.0,Pantolon > Şort,Siyah
Saten dantelli şort,1190.0,Pantolon > Şort,Kahverengi
D68 kemerli bootcut jean,1790.0,Jean,Beyaz
D68 kemerli bootcut jean,1790.0,Jean,SOLUK EFEKTLİ ORTA MAVİ DENIM
D68 kemerli bootcut jean,1790.0,Jean,SOLUK EFEKTLİ AÇIK ORTA MAVİ DENIM
Düşük bel straight fit çekiç belli jean,1790.0,Jean,SOLUK EFEKTLİ ORTA MAVİ DENIM
Düşük bel straight fit çekiç belli jean,1790.0,Jean,SOLUK EFEKTLİ AÇIK ORTA MAVİ DENIM
Parıltılı straight fit jean,2490.0,Jean,SOLUK EFEKTLİ SİYAH DENIM
Yıldız detaylı düşük bel geniş paça jean,2290.0,Jean,SOLUK EFEKTLİ PARÇA BOYAMA DENIM
Yıldız detaylı düşük bel geniş paça jean,2290.0,Jean,SOLUK EFEKTLİ AÇIK ORTA MAVİ DENIM
D74 yırtmaçlı çan paça jean,1590.0,Jean,SOLUK EFEKTLİ ORTA MAVİ DENIM
D74 yırtmaçlı çan paça jean,1590.0,Jean,Beyaz
D74 yırtmaçlı çan paça jean,1590.0,Jean,SOLUK EFEKTLİ AÇIK MAVİ DENIM
D74 yırtmaçlı çan paça jean,1590.0,Jean,SOLUK EFEKTLİ AÇIK ORTA MAVİ DENIM
D74 yırtmaçlı çan paça jean,1590.0,Jean,SOLUK EFEKTLİ DESIZED DENIM
D74 yırtmaçlı çan paça jean,1590.0,Jean,SOLUK EFEKTLİ GRİ DENIM
D74 yırtmaçlı çan paça jean,1590.0,Jean,SOLUK EFEKTLİ SİYAH DESIZED
D10 mom fit dar kesim jean,1490.0,Jean,SOLUK EFEKTLİ AÇIK ORTA MAVİ DENIM
D10 mom fit dar kesim jean,1490.0,Jean,SOLUK EFEKTLİ DESIZED DENIM
D78 Kısa Kesim Çan Paça Jean,1490.0,Jean,SOLUK EFEKTLİ SİYAH DESIZED
D78 Cropped Çan Paça Jean,1490.0,Jean,SOLUK EFEKTLİ AÇIK MAVİ DENIM
D78 Cropped Çan Paça Jean,1490.0,Jean,SOLUK EFEKTLİ ORTA MAVİ DENIM
D14 comfort dar kesim jean,1490.0,Jean,SOLUK EFEKTLİ AÇIK MAVİ DENIM
D14 comfort dar kesim jean,1490.0,Jean,SOLUK EFEKTLİ AÇIK ORTA MAVİ DENIM
D14 comfort dar kesim jean,1490.0,Jean,SOLUK EFEKTLİ SİYAH DENIM
D07 normal bel skinny jean,1190.0,Jean,SOLUK EFEKTLİ AÇIK ORTA MAVİ DENIM
D07 normal bel skinny jean,1190.0,Jean,SOLUK EFEKTLİ ORTA MAVİ DENIM
D07 normal bel skinny jean,1190.0,Jean,SOLUK EFEKTLİ DESIZED DENIM
D07 normal bel skinny jean,1190.0,Jean,SOLUK EFEKTLİ PARÇA BOYAMA DENIM
D07 normal bel skinny jean,1190.0,Jean,SOLUK EFEKTLİ KOYU GRİ DENIM
İşlemeli cepli çan jean,2490.0,Jean,SOLUK EFEKTLİ İNCİ GRİSİ DENIM
Düşük bel zımbalı baggy jean,2490.0,Jean,SOLUK EFEKTLİ AÇIK ORTA MAVİ DENIM
Cepli straight fit jean,1790.0,Jean,SOLUK EFEKTLİ DESIZED DENIM
Cepli straight fit jean,1790.0,Jean,SOLUK EFEKTLİ AÇIK MAVİ DENIM
Cepli straight fit jean,1790.0,Jean,SOLUK EFEKTLİ ORTA MAVİ DENIM
Düşük bel straight fit jean,1590.0,Jean,SOLUK EFEKTLİ AÇIK ORTA MAVİ DENIM
Çizgili orta bel baggy jean,1790.0,Jean,SOLUK EFEKTLİ AÇIK ORTA MAVİ DENIM
D67 dar kesim bootcut jean,1590.0,Jean,SOLUK EFEKTLİ ORTA MAVİ DENIM
D67 dar kesim bootcut jean,1590.0,Jean,SOLUK EFEKTLİ AÇIK MAVİ DENIM
D67 dar kesim bootcut jean,1590.0,Jean,SOLUK EFEKTLİ AÇIK ORTA MAVİ DENIM
D67 dar kesim bootcut jean,1590.0,Jean,SOLUK EFEKTLİ DESIZED DENIM
D74 yırtmaçlı esnek çan paça jean,1590.0,Jean,SOLUK EFEKTLİ AÇIK MAVİ DENIM
D78 Cropped Çan Paça Jean,1490.0,Jean,Beyaz
D09 süper yüksek bel skinny jean,1190.0,Jean,SOLUK EFEKTLİ ORTA MAVİ DENIM
D09 süper yüksek bel skinny jean,1190.0,Jean,SOLUK EFEKTLİ AÇIK MAVİ DENIM
D09 süper yüksek bel skinny jean,1190.0,Jean,SOLUK EFEKTLİ SİYAH DENIM
Yanları yıldız detaylı süper baggy jean,2490.0,Jean,SOLUK EFEKTLİ AÇIK ORTA MAVİ DENIM
Orta bel zımbalı straight fit jean,2490.0,Jean,SOLUK EFEKTLİ SİYAH DENIM
D07 yüksek bel skinny jean,1190.0,Jean,SOLUK EFEKTLİ DESIZED DENIM
D07 yüksek bel skinny jean,1190.0,Jean,SOLUK EFEKTLİ AÇIK MAVİ DENIM
Geniş paça düşük bel zımbalı jean,2290.0,Jean,SOLUK EFEKTLİ AÇIK ORTA MAVİ DENIM
Kuşgözü detaylı barrel jean,2790.0,Jean,SOLUK EFEKTLİ SİYAH DENIM
Yanları kuşgözü detaylı barrel jean,2490.0,Jean,SOLUK EFEKTLİ SİYAH DENIM
Düşük bel yırtık straight jean,1790.0,Jean,SOLUK EFEKTLİ AÇIK ORTA MAVİ DENIM
Düşük bel dikişli cepli jean,1790.0,Jean,SOLUK EFEKTLİ AÇIK MAVİ DENIM
Düşük bel dikişli cepli jean,1790.0,Jean,SOLUK EFEKTLİ AÇIK ORTA MAVİ DENIM
Düşük bel dikişli cepli jean,1790.0,Jean,SOLUK EFEKTLİ ORTA MAVİ DENIM
Düşük bel bootcut kesim kot pantolon,1590.0,Jean,SOLUK EFEKTLİ AÇIK ORTA MAVİ DENIM
Düşük bel bootcut kesim kot pantolon,1590.0,Jean,SOLUK EFEKTLİ SİYAH DENIM
D77 minimal cepli jean,1790.0,Jean,SOLUK EFEKTLİ DESIZED DENIM
D77 minimal cepli jean,1790.0,Jean,SOLUK EFEKTLİ AÇIK ORTA MAVİ DENIM
D77 minimal cepli jean,1790.0,Jean,SOLUK EFEKTLİ PARÇA BOYAMA DENIM
D77 minimal cepli jean,1790.0,Jean,SOLUK EFEKTLİ İNCİ GRİSİ DENIM
D77 minimal cepli jean,1790.0,Jean,SOLUK EFEKTLİ SİYAH DENIM
D77 minimal cepli jean,1790.0,Jean,SOLUK EFEKTLİ ORTA MAVİ DENIM
Düşük bel geniş paça mücevher düğmeli jean,2290.0,Jean,SOLUK EFEKTLİ AÇIK ORTA MAVİ DENIM
Düşük bel çift düğmeli jean,1790.0,Jean,SOLUK EFEKTLİ AÇIK MAVİ DENIM
Düşük bel çift düğmeli jean,1790.0,Jean,SOLUK EFEKTLİ AÇIK ORTA MAVİ DENIM
Düşük bel çift düğmeli jean,1790.0,Jean,SOLUK EFEKTLİ ORTA MAVİ DENIM
1420 Düşük Bel Skinny Jean,1190.0,Jean,SOLUK EFEKTLİ AÇIK MAVİ DENIM
Düşük bel barrel jean,2290.0,Jean,SOLUK EFEKTLİ ORTA MAVİ DENIM
Mendil detaylı culotte jean,1790.0,Jean,SOLUK EFEKTLİ ORTA MAVİ DENIM
Mendil detaylı culotte jean,1790.0,Jean,SOLUK EFEKTLİ AÇIK ORTA MAVİ DENIM
Leopar desenli straight geniş paça jean,2290.0,Jean,SOLUK EFEKTLİ SİYAH DENIM
Düşük bel dar kesim jean,1590.0,Jean,SOLUK EFEKTLİ ORTA MAVİ DENIM
Düşük bel dar kesim jean,1590.0,Jean,SOLUK EFEKTLİ AÇIK ORTA MAVİ DENIM
Düşük bel çift düğmeli jean,1790.0,Jean,SOLUK EFEKTLİ DESIZED DENIM
Düşük bel barrel jean,1790.0,Jean,SOLUK EFEKTLİ AÇIK ORTA MAVİ DENIM
İşlemeli çan paça cepli jean,2490.0,Jean,SOLUK EFEKTLİ AÇIK ORTA MAVİ DENIM
Düşük bel zımbalı bootcut fit jean,2290.0,Jean,SOLUK EFEKTLİ SİYAH DENIM
İşlemeli cepli çan jean,2490.0,Jean,SOLUK EFEKTLİ AÇIK ORTA MAVİ DENIM
Düşük bel straight fit çekiç belli jean,1790.0,Jean,SOLUK EFEKTLİ AÇIK MAVİ DENIM
Leopar desenli flok baskılı jean,2290.0,Jean,SOLUK EFEKTLİ SİYAH DENIM
Süper yüksek bel,1190.0,Jean,Kahverengi
Süper yüksek bel,1190.0,Jean,Koyu lacivert
Parlak detaylı straight fit jean,2490.0,Jean,SOLUK EFEKTLİ ORTA MAVİ DENIM
Düşük bel zımbalı straight fit One Dilemma jean,3990.0,Jean,SOLUK EFEKTLİ SİYAH DENIM
Kruvaze belli jean,1790.0,Jean,SOLUK EFEKTLİ AÇIK ORTA MAVİ DENIM
D67 dar kesim bootcut jean,1590.0,Jean,SOLUK EFEKTLİ SİYAH DENIM
Geniş paça jean,1790.0,Jean,SOLUK EFEKTLİ AÇIK ORTA MAVİ DENIM
Düşük bel çan paça jean,1590.0,Jean,SOLUK EFEKTLİ ORTA MAVİ DENIM
Geniş paça jean,1790.0,Jean,SOLUK EFEKTLİ AÇIK MAVİ DENIM
Dökümlü denim culotte pantolon,1490.0,Jean,SOLUK EFEKTLİ ORTA MAVİ DENIM
Kalp zımba detaylı geniş paça jean,2490.0,Jean,SOLUK EFEKTLİ SİYAH DENIM
Düşük bel straight fit jean,1590.0,Jean,SOLUK EFEKTLİ İNCİ GRİSİ DENIM
Baggy orta bel jean,1790.0,Jean,SOLUK EFEKTLİ AÇIK MAVİ DENIM
Low waist geniş paça jean,1790.0,Jean,SOLUK EFEKTLİ SİYAH DENIM
Pullu düşük bel jean,2290.0,Jean,SOLUK EFEKTLİ SİYAH DENIM
Skinny normal belli jean,1190.0,Jean,SOLUK EFEKTLİ SİYAH DESIZED
Düşük bel çift düğmeli straight fit jean,1790.0,Jean > STR Teen,SOLUK EFEKTLİ AÇIK ORTA MAVİ DENIM
Volanlı mini şort etek,1490.0,Şort ve Bermuda > STR Teen,Beyaz
Volanlı mini şort etek,1490.0,Şort ve Bermuda > STR Teen,Açık mavi
Volanlı mini şort etek,1490.0,Şort ve Bermuda > STR Teen,Açık pembe
Volanlı mini şort etek,1490.0,Şort ve Bermuda > STR Teen,Kahverengi
Dantelli mini şort etek,1190.0,Etek,Ekru
Dantelli mini şort etek,1190.0,Etek,Kahverengi
Maksi poplin balon etek,1590.0,Etek,Beyaz
D62 denim şort etek,1490.0,Etek,SOLUK EFEKTLİ KOYU GRİ DENIM
D62 denim şort etek,1490.0,Etek,SOLUK EFEKTLİ SİYAH DENIM
Bengal kumaş etek pantolon,1090.0,Etek,Siyah
İşlemeli etek,1590.0,Etek,Mor
D60 Basic denim mini etek,1190.0,Etek,SOLUK EFEKTLİ AÇIK ORTA MAVİ DENIM
D60 Basic denim mini etek,1190.0,Etek,SOLUK EFEKTLİ SİYAH DENIM
D60 Mini denim etek,1190.0,Etek,SOLUK EFEKTLİ AÇIK ORTA MAVİ DENIM
D60 Mini denim etek,1190.0,Etek,SOLUK EFEKTLİ AÇIK MAVİ DENIM
D60 Mini denim etek,1190.0,Etek,SOLUK EFEKTLİ ORTA MAVİ DENIM
Balon şort etek,1490.0,Etek,Kiremit rengi
Lazer çiçek desenli denim şort etek,1590.0,Etek,SOLUK EFEKTLİ ORTA MAVİ DENIM
Metalik iplikli panelli etek,1590.0,Etek,Açık mavi
Metalik iplikli panelli etek,1590.0,Etek,Ekru
İşlemeli mini etek,1590.0,Etek,Kahverengi
İşlemeli mini etek,1590.0,Etek,Siyah
İşlemeli mini etek,1590.0,Etek,Ekru
İşlemeli mini etek,1590.0,Etek,Açık mavi
İşlemeli mini etek,1590.0,Etek,Turuncu
Dantel midi etek,1590.0,Etek,Açık mavi
Tokalı kalem etek,1590.0,Etek,Ekru
Asimetrik dantel mini etek,1490.0,Etek,Açık pembe
Asimetrik saten etek,1490.0,Etek,Kahverengi
Asimetrik saten etek,1490.0,Etek,Açık sarı
İşlemeli çizgili pareo şort etek,1490.0,Etek,Pembe
Şık şort etek,1490.0,Etek,Kahverengi
Şık şort etek,1490.0,Etek,Siyah
Saten midi etek,1490.0,Etek,Siyah
Saten midi etek,1490.0,Etek,Kahverengi
Dantel detaylı şort etek,990.0,Etek,Açık sarı
Dantel detaylı şort etek,990.0,Etek,Siyah
Dantel detaylı şort etek,990.0,Etek,Açık gri
Saten asimetrik midi etek,1790.0,Etek,Altın rengi
Dantel detaylı saten mini etek,1190.0,Etek,Koyu lacivert
Midi denim etek,1590.0,Etek,SOLUK EFEKTLİ AÇIK ORTA MAVİ DENIM
Uzun dantel etek,1590.0,Etek,Açık pembe
Parlak volanlı mini şort etek,1590.0,Etek,Ekru
Saten mini pareo etek,1090.0,Etek,Lacivert
Katlı midi dökümlü etek,1190.0,Etek,Siyah
Çivili denim etek,1590.0,Etek,SOLUK EFEKTLİ SİYAH DENIM
Pileli mini etek,1190.0,Etek,Lacivert
Pileli mini etek,1190.0,Etek,Kahverengi
Asimetrik saten etek,1490.0,Etek,Ekru
Volanlı konumlandırmalı triko etek,1490.0,Etek,Bej
Kemerli denim şort etek,1490.0,Etek,SOLUK EFEKTLİ ORTA MAVİ DENIM
Kruvaze denim şort etek,1590.0,Etek,SOLUK EFEKTLİ ORTA MAVİ DENIM
Kemerli denim şort etek,1490.0,Etek,SOLUK EFEKTLİ DESIZED DENIM
Geniş belli örgü şort etek,990.0,Etek,Koyu Gri
Çizgili uzun asimetrik etek,1590.0,Etek,Lacivert
Desenli pullu mini şort etek,1190.0,Etek,Bej
Büzgülü dantel midi etek,1590.0,Etek,Ekru
Kadife tül şort etek,1090.0,Etek > Mini,Gri
Desenli balkonet bikini üstü,990.0,Mayo,Bej
Basic saten Brezilya bikini altı,590.0,Mayo,Açık mavi
Basic saten Brezilya bikini altı,590.0,Mayo,Kahverengi
Saten balkonet bikini üstü,990.0,Mayo,Açık mavi
Saten balkonet bikini üstü,990.0,Mayo,Kahverengi
Parlak iplikli fitilli Brezilya bikini altı,990.0,Mayo,Ekru
Parlak iplikli fitilli Brezilya bikini altı,990.0,Mayo,Kahverengi
Parlak iplikli fitilli Brezilya bikini altı,990.0,Mayo,Yeşil
Parlak iplik fitilli üçgen bikini üstü,990.0,Mayo,Ekru
Parlak iplik fitilli üçgen bikini üstü,990.0,Mayo,Kahverengi
Parlak iplik fitilli üçgen bikini üstü,990.0,Mayo,Yeşil
Basic Brezilya modeli külot bikini altı,790.0,Mayo,Bej
Basic Brezilya modeli külot bikini altı,790.0,Mayo,Siyah
Pullu omuz çantası,1590.0,Mayo,Turuncu
Pullu omuz çantası,1590.0,Mayo,Ekru
Pullu omuz çantası,1590.0,Mayo,Kahverengi
Pullu kroşe çanta,1590.0,Mayo,Ekru
Aynalı büyük omuz çantası,950.0,Mayo,Ekru
Aynalı büyük omuz çantası,950.0,Mayo,Kahverengi
Saten yüzeyli üçgen bikini üstü,790.0,Mayo,Mor
Sedef efektli küpeler,590.0,Mayo,Turuncu
Saten yüzeyli baskılı üçgen bikini üstü,790.0,Mayo,Ekru
Brezilya modeli külot saten yüzeyli baskılı bikini altı,790.0,Mayo,Ekru
Saten yüzeyli üçgen bikini üstü,790.0,Mayo,Turuncu
Saten Brezilya kesim bikini altı,590.0,Mayo,Turuncu
Zımba detaylı üçgen bikini üstü,1090.0,Mayo,Kahverengi
Zımba detaylı üçgen bikini üstü,1090.0,Mayo,Siyah
Kovboy topuklu deri çizmeler,4990.0,Mayo,BEJ
Bağcıklı zımbalı bikini külodu,990.0,Mayo,Kahverengi
Bağcıklı zımbalı bikini külodu,990.0,Mayo,Siyah
EVA platform parmak arası terlik,1790.0,Mayo,SİYAH
Parmak arası düz sandalet,1590.0,Mayo,SİYAH
Saten Brezilya bikini külot,590.0,Mayo,Ekru
Saten Brezilya bikini külot,590.0,Mayo,Siyah
Saten üçgen bikini üstü,790.0,Mayo,Ekru
Saten üçgen bikini üstü,790.0,Mayo,Siyah
Güneş tokalı bandeau bikini üstü,1090.0,Mayo,Siyah
Saten Brezilya modeli bikini külotu,590.0,Mayo,Mor
ÇİÇEK İŞLEMELİ ÜÇGEN BİKİNİ ÜSTÜ,1090.0,Mayo,Siyah
Brezilya modeli çiçek işlemeli bikini külotu,990.0,Mayo,Siyah
Çiçek işlemeli hotpant külot,1090.0,Mayo,Siyah
Parlak üçgen bikini üstü,990.0,Mayo,Siyah
Parlak üçgen bikini üstü,990.0,Mayo,Koyu lacivert
Parlak üçgen bikini üstü,990.0,Mayo,Kahverengi
Parlak Brezilya bikini altı,790.0,Mayo,Siyah
Parlak Brezilya bikini altı,790.0,Mayo,Koyu lacivert
Parlak Brezilya bikini altı,790.0,Mayo,Kahverengi
Zımbalı fırfırlı mini etek,1590.0,Mayo,Ekru
Zımbalı fırfırlı mini etek,1590.0,Mayo,Koyu Gri
Zımbalı fırfırlı mini etek,1590.0,Mayo,Kahverengi
Deniz kabuklu sallantılı küpe,590.0,Mayo,Altın rengi
Kroşe efektli sepet crossbody çanta,1590.0,Mayo,Ekru
Kroşe efektli sepet crossbody çanta,1590.0,Mayo,Kahverengi
Büyük zımba detaylı bikini üstü,1190.0,Mayo,Ekru
U yaka straplez bikini üstü,990.0,Mayo,Siyah
Düz kauçuk sandalet,1590.0,Mayo,TURUNCU
Büyük zımbalı Brezilya bikini külotu,1090.0,Mayo,Ekru
Parmak arası sandalet,1790.0,Mayo,KAHVERENGİ
Taş detaylı düz sandalet,1790.0,Mayo,KAHVERENGİ
Taş detaylı düz sandalet,1790.0,Mayo,EKRU
Metalik iplik kroşe büzgülü çanta,1490.0,Mayo,Ekru
Metalik iplik kroşe büzgülü çanta,1490.0,Mayo,Kahverengi
Boncuklu kol çantası,1790.0,Mayo,Gri
Aynalı mini kroşe çapraz askılı çanta,590.0,Mayo,Ekru
Aynalı mini kroşe çapraz askılı çanta,590.0,Mayo,Lacivert
Aynalı mini kroşe çapraz askılı çanta,590.0,Mayo,Kahverengi
Kroşe omuz çantası,2290.0,Mayo,Kahverengi
Kroşe omuz çantası,2290.0,Mayo,Ekru
Pullu sepet omuz çantası,1790.0,Mayo,Siyah
Pullu sepet omuz çantası,1790.0,Mayo,Kahverengi
Metal kilitli kroşe omuz çantası,1190.0,Mayo,Kahverengi
Metal kilitli kroşe omuz çantası,1190.0,Mayo,Ekru
Mini deniz charm'lı çok yönlü kolye,790.0,Mayo,Altın rengi
Hasır görünümlü zarf çapraz askılı çanta,990.0,Mayo,Ekru
Hasır görünümlü zarf çapraz askılı çanta,990.0,Mayo,Kahverengi
4'lü deniz yıldızı bikini charm seti,590.0,Mayo,Altın rengi
6'lı mini çiçekli toka seti,490.0,Mayo,Ekru
7'li parlak yengeç yüzük seti,490.0,Mayo,Kırmızı
3'lü deniz kabuğu uçlu kolye seti,790.0,Mayo,Altın rengi
Metalik iplikli hasır omuz çantası,1590.0,Mayo,Ekru
2'li deniz temalı charm kolye seti,790.0,Mayo,Gri
Deniz temalı mini charm çok yönlü kolye,790.0,Mayo,Altın rengi
2'li metal muz toka seti,490.0,Mayo,Altın rengi
Balık şeklinde çapraz askılı çanta,1590.0,Mayo,Ekru
Kanvas omuz çantası,1590.0,Mayo,Ekru
Kanvas omuz çantası,1590.0,Mayo,Kahverengi
Boncuklu bileklik,790.0,Mayo,Altın rengi
Çok işlevli mini deniz kabuklu kolye,990.0,Mayo,Altın rengi
4’lü balık figürlü bikini aksesuar seti,590.0,Mayo,Altın rengi
2'li tığ işi kürk bandı seti,590.0,Mayo,Ekru
2'li tığ işi kürk bandı seti,590.0,Mayo,Turuncu
Denizyıldızı küpeler,490.0,Mayo,Gri
5'li ayak yüzüğü seti,490.0,Mayo,Altın rengi
3’lü çiçekli saç tokası seti,490.0,Mayo,Ekru
3’lü çiçekli saç tokası seti,490.0,Mayo,Turkuaz
3’lü çiçekli saç tokası seti,490.0,Mayo,Açık pembe
3’lü çiçekli saç tokası seti,490.0,Mayo,Kahverengi
5'li ayarlanabilir ayak yüzüğü seti,490.0,Mayo,Gri
Deniz temalı mini charm kolye,790.0,Mayo,Altın rengi
2'li boncuklu ve deniz kabuğu charm kolye seti,790.0,Mayo,Amber
3'lü yıldız ve emaye halka küpe seti,590.0,Mayo,Mavi
Sedef efektli büyük bileklik,990.0,Mayo,Ekru
Büyük boncuklu cüzdan,990.0,Mayo,Ekru
Büyük boncuklu cüzdan,990.0,Mayo,Sarı
Denizyıldızı küpeler,490.0,Mayo,Altın rengi
Deniz atı küpe,590.0,Mayo,Ekru
Çok boncuklu halka küpeler,590.0,Mayo,Beyaz
2'li parlak deniz kabuğu yüzük seti,590.0,Mayo,Gri
5'li ayakkabı toka seti,590.0,Mayo,Altın rengi
Hasır efektli bileklik,790.0,Mayo,Ekru
3'lü deniz kabuğu mine yüzük seti,790.0,Mayo,Ekru
Parlak deniz kabuğu küpe,490.0,Mayo,Gri
Aynalı kroşe omuz çantası,710.0,Mayo,Kahverengi
Aynalı kroşe omuz çantası,710.0,Mayo,Ekru
Aynalı kroşe omuz çantası,710.0,Mayo,Lacivert
Çok katlı boncuklu kolye,590.0,Mayo,Kahverengi
3'lü deniz kızı charm kolye seti,590.0,Mayo,Altın rengi
5'li yaz figürlü ayakkabı iğne seti,590.0,Mayo,Mavi
Boncuklu lariat kolye,990.0,Mayo,Altın rengi
Kroşe detaylı çapraz askılı çanta,990.0,Mayo,Ekru
Kroşe detaylı çapraz askılı çanta,990.0,Mayo,Kahverengi
Deniz kabuğu toka,490.0,Mayo,Altın rengi
3'lü spiral kolye seti,790.0,Mayo,Altın rengi
Deniz kabuğu charm'lı örgü kolye,790.0,Mayo,Ekru
Güneş boncuklu kolye,790.0,Mayo,Altın rengi
Küçük boncuklu cüzdan,790.0,Mayo,Kahverengi
Küçük boncuklu cüzdan,790.0,Mayo,Mavi
N.122 sunset monoi saç ve vücut parfümü,790.0,Mayo,Altın rengi
2'li deniz temalı charm ve örgü kolye seti,590.0,Mayo,Mavi
Sedefli dokuma kolye,590.0,Mayo,Ekru
Sallantılı top küpe,490.0,Mayo,Mavi
Deniz kabuklu sallantılı küpe,490.0,Mayo,Gri
Zımbalı saç tokası,450.0,Mayo,Kahverengi
Çizgili saç tokası,450.0,Mayo,Mavi
Çizgili saç tokası,450.0,Mayo,Açık pembe
2'li Set Elastik Saç Bandı,490.0,Mayo,Ekru
2'li Set Elastik Saç Bandı,490.0,Mayo,Siyah
2'li Set Elastik Saç Bandı,490.0,Mayo,Beyaz
2'li Set Elastik Saç Bandı,490.0,Mayo,Açık pembe
2'li Set Elastik Saç Bandı,490.0,Mayo,Koyu bej
Balık küpe,590.0,Mayo,Ekru
Çoklu boncuk kolye,790.0,Mayo,Mavi
Boncuklu deniz kabuğu charm anahtarlık,790.0,Mayo,Açık mavi
Uzun düğme kolye,790.0,Mayo,Ekru
Balık ve zımba detaylı küpe,490.0,Mayo,Altın rengi
Eklemli balık küpe,590.0,Mayo,Altın rengi
Deniz kabuklu küpeler,490.0,Mayo,Altın rengi
Deniz kabuklu streç bileklik,790.0,Mayo,Ekru
Çoklu düğme küpe,790.0,Mayo,Ekru
Çok katlı düğme kolye,790.0,Mayo,Ekru
Boncuklu balık cüzdan,990.0,Mayo,Kahverengi
Pullu mini tote çanta,1590.0,Mayo,Kahverengi
2'li muz toka seti,450.0,Mayo,Açık pembe
Kontrast çapraz askılı çanta,1090.0,Mayo,Kahverengi
Hakim yaka düğmeli triko hırka,1090.0,Triko,Kırmızı
Hakim yaka düğmeli triko hırka,1090.0,Triko,Koyu lacivert
Basic pelerin kesim kazak,1090.0,Triko,Haki
Basic pelerin kesim kazak,1090.0,Triko,Ekru
Basic pelerin kesim kazak,1090.0,Triko,Kahverengi
Triko hırka yarasa kollu kurdeleli,1590.0,Triko,Ekru
Geniş yaka çift katlı kazak,1590.0,Triko,Açık gri
Geniş yaka çift katlı kazak,1590.0,Triko,Koyu lacivert
Geniş yaka çift katlı kazak,1590.0,Triko,Pembe
Asimetrik kesim fitilli triko kazak,1490.0,Triko,Pembe
Asimetrik kesim fitilli triko kazak,1490.0,Triko,Ekru
Yarasa kollu triko hırka,1490.0,Triko,Kahverengi
Yarasa kollu triko hırka,1490.0,Triko,Ekru
Yumuşak Dokulu Düğmeli Triko Hırka,1490.0,Triko,Krem rengi
Yumuşak Dokulu Düğmeli Triko Hırka,1490.0,Triko,Siyah
Vatkali Örgü Süveter,1190.0,Triko,Kırmızı
Vatkali Örgü Süveter,1190.0,Triko,Koyu Gri
Asimetrik triko kazak,1190.0,Triko,Siyah
Asimetrik triko kazak,1190.0,Triko,Ekru
Asimetrik triko kazak,1190.0,Triko,Açık mavi
Asimetrik triko kazak,710.0,Triko,Kırmızı
Asimetrik triko kazak,1190.0,Triko,Koyu Gri
Asimetrik triko kazak,1190.0,Triko,Kahverengi
Asimetrik triko kazak,1190.0,Triko,Krem rengi
Düğmeli triko hırka,890.0,Triko,Kahverengi
Çizgili vücuda oturan triko kazak,1090.0,Triko,Koyu lacivert
Çizgili vücuda oturan triko kazak,1090.0,Triko,Açık mavi
Reglan kollu düğmeli triko hırka,950.0,Triko,Açık mavi
Reglan kollu düğmeli triko hırka,950.0,Triko,Kırmızı
Reglan kollu düğmeli triko hırka,1590.0,Triko,Kahverengi
V yaka yarasa kollu kazak,890.0,Triko,Ekru
V yaka yarasa kollu kazak,890.0,Triko,Koyu mavi
V yaka yarasa kollu kazak,890.0,Triko,Pembe
Asimetrik örgü kazak,890.0,Triko,Ekru
Asimetrik örgü kazak,1490.0,Triko,Siyah
Asimetrik örgü kazak,1490.0,Triko,Açık gri
Asimetrik örgü kazak,1490.0,Triko,Açık sarı
Asimetrik örgü kazak,1490.0,Triko,Kahverengi
İnce triko pelerin,1190.0,Triko,Ekru
İnce triko pelerin,1190.0,Triko,Kahverengi
Bugs Bunny triko polo kazak,1790.0,Triko,Pembe
Ajurlu bolero,1190.0,Triko,Ekru
Ajurlu bolero,1190.0,Triko,Haki
Geniş yaka triko kazak,1590.0,Triko,Açık mavi
Geniş yaka triko kazak,1590.0,Triko,Ekru
Geniş yaka triko kazak,1590.0,Triko,Kırmızı
Kruvaze hırka,1490.0,Triko,Açık pembe
Kruvaze hırka,1490.0,Triko,Siyah
Basic triko kazak,1590.0,Triko,Koyu Gri
Basic triko kazak,1590.0,Triko,Krem rengi
Önü açık triko hırka,990.0,Triko,Kahverengi
Hakim yaka triko hırka,1790.0,Triko,Koyu lacivert
İnce çizgili triko kazak,1190.0,Triko,Açık sarı
İnce çizgili triko kazak,1190.0,Triko,Açık mavi
Örme bantlı top,990.0,Triko,Ekru
"Kısa kollu, üst üste binmeli triko kazak",1190.0,Triko,Koyu mavi
Triko hırka,1090.0,Triko,Lacivert
Triko hırka,1090.0,Triko,Açık gri
Triko hırka,1090.0,Triko,Kahverengi
Basic yumuşak dokulu örgü kazak,1490.0,Triko,Lacivert
Basic yumuşak dokulu örgü kazak,1490.0,Triko,Ekru
Basic yumuşak dokulu örgü kazak,1490.0,Triko,Açık gri
Omuz vatkalı triko kazak,1590.0,Triko,Koyu Gri
Omuz vatkalı triko kazak,1590.0,Triko,Siyah
Omuz vatkalı triko kazak,1590.0,Triko,Ekru
Kısa kollu polo yaka triko kazak,1090.0,Triko,Kırmızı
File örgülü kayık yaka kazak,1590.0,Triko,Ekru
File örgülü kayık yaka kazak,1590.0,Triko,Açık mavi
Geniş kollu triko kazak,1090.0,Triko,Kahverengi
Geniş kollu triko kazak,1090.0,Triko,Açık mavi
Geniş kollu triko kazak,1090.0,Triko,Açık gri
Pelerin model şeritli triko kazak,1490.0,Triko,Ekru
Düğmeli örgü triko hırka,1490.0,Triko,Lacivert
Düğmeli örgü triko hırka,1490.0,Triko,Ekru
Düğmeli örgü triko hırka,1490.0,Triko,Kahverengi
Metalik iplikli triko kazak One Dilemma,1490.0,Triko,Siyah
Omuz pedli triko yelek,1190.0,Triko,Koyu mavi
Omuz pedli triko yelek,1190.0,Triko,Ekru
Asimetrik yıldız triko kazak,1590.0,Triko,Kahverengi
Düğmeli triko hırka,1190.0,Triko,Ekru
Düğmeli triko hırka,1190.0,Triko,Siyah
Düğmeli triko hırka,710.0,Triko,Bordo
Bisiklet yaka triko top,1190.0,Triko,Ekru
Bisiklet yaka triko top,1190.0,Triko,Kahverengi
Angel çizgili triko kazak,1590.0,Triko,Ekru
Asimetrik açık omuzlu triko kazak,1590.0,Triko,Ekru
Bisiklet yaka triko kazak,1590.0,Triko,Koyu gri
Basic yumuşak triko kazak,1590.0,Triko,Koyu Gri
Basic yumuşak triko kazak,1590.0,Triko,Ekru
Basic yumuşak triko kazak,1590.0,Triko,Kahverengi
Basic yumuşak dokulu triko kazak,1590.0,Triko,Koyu lacivert
Yumuşak dokunuşlu kayık yaka triko Kazak,1590.0,Triko,Kahverengi
Yumuşak dokunuşlu kayık yaka triko Kazak,950.0,Triko,Lacivert
Yumuşak dokunuşlu kayık yaka triko Kazak,1590.0,Triko,Açık gri
Fermuarlı triko kazak,1790.0,Triko,Lacivert
Fermuarlı triko kazak,1790.0,Triko,Siyah
Fermuarlı triko kazak,1790.0,Triko,Kahverengi
"Çıkarılabilir yakalı, çift kumaşlı triko kazak",1690.0,Triko,Lacivert
"Çıkarılabilir yakalı, çift kumaşlı triko kazak",1690.0,Triko,Kahverengi
Çizgili crop örgü kazak,1490.0,Triko,Koyu Gri
Çizgili crop örgü kazak,1490.0,Triko,Ekru
Çizgili crop örgü kazak,890.0,Triko,Kırmızı
Çizgili crop örgü kazak,890.0,Triko,Kahverengi
Düğmeli triko hırka,1590.0,Triko,Lacivert
Crop geniş yaka kazak,710.0,Triko,Bordo
Crop geniş yaka kazak,710.0,Triko,Ekru
Crop geniş yaka kazak,710.0,Triko,Açık mavi
Crop geniş yaka kazak,710.0,Triko,Koyu gri
İki farklı kumaşlı triko kazak,1070.0,Triko,Açık mavi
Payetli kanatlı kayık yaka sweatshirt,1490.0,Sweatshirt,Açık mavi
Baskılı kapüşonlu bomber sweatshirt,1690.0,Sweatshirt,Açık gri
Baskılı kapüşonlu bomber sweatshirt,1690.0,Sweatshirt,Siyah
Yumuşak dokulu yan fermuarlı sweatshirt,1590.0,Sweatshirt,Kahverengi
Yumuşak dokulu yan fermuarlı sweatshirt,950.0,Sweatshirt,Siyah
Yumuşak dokulu yan fermuarlı sweatshirt,1590.0,Sweatshirt,Açık gri
Yumuşak dokulu yan fermuarlı sweatshirt,950.0,Sweatshirt,Bej
Yumuşak dokulu yan fermuarlı sweatshirt,1590.0,Sweatshirt,0-526
New York baskılı kısa kollu sweatshirt,1090.0,Sweatshirt,Açık sarı
Yıldız kapüşonlu sweatshirt,1070.0,Sweatshirt,Lacivert
İşlemeli kapüşonlu sweatshirt,1010.0,Sweatshirt,Bordo
Yumuşak dokulu acid wash sweatshirt,1010.0,Sweatshirt,Koyu Gri
Fermuarlı sweatshirt,1690.0,Sweatshirt,Açık gri
Baskılı kapüşonlu bomber sweatshirt,1690.0,Sweatshirt,Açık sarı
Uzun kollu bisiklet yaka metin sweatshirt,1590.0,Sweatshirt,Açık sarı
Yumuşak dokulu fermuarlı sweatshirt,1590.0,Sweatshirt,Açık mavi
Yumuşak dokulu fermuarlı sweatshirt,1590.0,Sweatshirt,Koyu lacivert
Yumuşak dokulu fermuarlı sweatshirt,1590.0,Sweatshirt,Mor
Kayık yaka baskılı sweatshirt,950.0,Sweatshirt,Koyu Gri
Baskılı kapüşonlu sweatshirt,1690.0,Sweatshirt,Koyu Gri
Kayık yaka oversize sweatshirt,1590.0,Sweatshirt,Koyu Gri
Dik yakalı fermuarlı sweatshirt,1490.0,Sweatshirt,Pembe
Dik yakalı fermuarlı sweatshirt,1490.0,Sweatshirt,Ekru
Dik yakalı fermuarlı sweatshirt,1490.0,Sweatshirt,Koyu lacivert
Dik yakalı fermuarlı sweatshirt,1490.0,Sweatshirt,Kırmızı
Yumuşak dokulu interlok sweatshirt,1590.0,Sweatshirt,Koyu Gri
Yumuşak dokulu interlok sweatshirt,950.0,Sweatshirt,Açık gri
Yıkanmış görünümlü kısa sweatshirt,1190.0,Sweatshirt,Koyu Gri
Yıkanmış görünümlü kısa sweatshirt,1190.0,Sweatshirt,Pembe
Yıkanmış görünümlü kısa sweatshirt,1190.0,Sweatshirt,Bej
Zımba işlemeli kapüşonlu sweatshirt,1070.0,Sweatshirt,Koyu gri
Zımba işlemeli kapüşonlu sweatshirt,1070.0,Sweatshirt,Ekru
Saten etekli Sweatshirt,1790.0,Sweatshirt,Kahverengi
Desenli geniş yaka sweatshirt,1590.0,Sweatshirt,Ekru
İşlemeli kombin sweatshirt,890.0,Sweatshirt,Koyu Gri
Basic desenli sweatshirt,1490.0,Sweatshirt,Ekru
Kontrast crop sweatshirt,710.0,Sweatshirt,Koyu lacivert
Posizyonel yıkama efektli kapüşonlu sweatshirt,1010.0,Sweatshirt,Bej
İşlemeli polo sweatshirt,1590.0,Sweatshirt,Koyu lacivert
Çizgili işlemeli sweatshirt,1590.0,Sweatshirt,Lacivert
Yumuşak dokulu basic sweatshirt,1190.0,Sweatshirt,Kahverengi
Yumuşak dokulu basic sweatshirt,1190.0,Sweatshirt,Siyah
Yumuşak dokulu basic sweatshirt,1190.0,Sweatshirt,Krem rengi
Fermuarlı ve işlemeli sweatshirt,1590.0,Sweatshirt,Kırmızı
Simli kapüşonlu sweatshirt,1070.0,Sweatshirt,Lacivert
Simli kapüşonlu sweatshirt,1070.0,Sweatshirt,Açık gri
Yumuşak dokulu çizgili sweatshirt,1790.0,Sweatshirt,Koyu gri
Zımbalı sweatshirt,1590.0,Sweatshirt,Siyah
Çizgili elastik belli poplin şort,990.0,Pantolon,Açık mavi
Stiletto topuklu sandalet,1790.0,Sandalet > Topuklu sandalet,EKRU
Stiletto topuklu sandalet,1790.0,Sandalet > Topuklu sandalet,ALTIN
Stiletto topuklu sandaletler,1790.0,Sandalet > Topuklu sandalet,SİYAH
Boncuk detaylı topuklu sandalet,2490.0,Sandalet > Topuklu sandalet,SİYAH
Taş detaylı topuklu sandalet,2490.0,Sandalet > Topuklu sandalet,BEJ
Topuklu sandalet,1790.0,Sandalet > Topuklu sandalet,SİYAH
Metalik görünümlü topuklu sandaletler,1790.0,Sandalet > Topuklu sandalet,GÜMÜŞ
Suni deri püsküllü topuklu sandalet,1990.0,Sandalet > Topuklu sandalet,MAVİ
Vinil topuklu arkası açık ayakkabı,1790.0,Sandalet > Topuklu sandalet,KAHVERENGİ
Topuklu deri sandalet,2490.0,Sandalet > Topuklu sandalet,KAHVERENGİ
Platform deri sandalet,2490.0,Sandalet > Topuklu sandalet,KAHVERENGİ
Deri kısa sivri topuklu sandalet,2490.0,Sandalet > Topuklu sandalet,KAHVERENGİ
Geniş topuklu platform sandalet,1990.0,Sandalet > Topuklu sandalet,ALTIN
Suni deri topuklu sandalet,1990.0,Sandalet > Topuklu sandalet,KAHVERENGİ
File detaylı stiletto topuklu sandaletler,1790.0,Sandalet > Topuklu sandalet,KAHVERENGİ
File detaylı stiletto topuklu sandalet,1790.0,Sandalet > Topuklu sandalet,BEJ
Deri topuklu parmak arası sandalet,2490.0,Sandalet > Topuklu sandalet,BEJ
Detaylı geniş topuklu parmak arası sandalet,1990.0,Sandalet > Topuklu sandalet,KAHVERENGİ
Suni deri topuklu parmak arası terlik,1990.0,Sandalet > Topuklu sandalet,KAHVERENGİ
Vinil geniş topuklu sandalet,1790.0,Sandalet > Topuklu sandalet,BEJ
File metal detaylı topuklu sandaletler,2490.0,Sandalet > Topuklu sandalet,SİYAH
File detaylı topuklu ayakkabı,2490.0,Sandalet > Topuklu sandalet,EKRU
Bağcıklı topuklu sandalet,2490.0,Sandalet > Topuklu sandalet,KAHVERENGİ
Platform topuklu sandalet,1990.0,Sandalet > Topuklu sandalet,KAHVERENGİ
Fileli boncuklu stiletto topuklu sandalet,2490.0,Sandalet > Topuklu sandalet,EKRU
Patent görünümlü topuklu sandalet,1990.0,Sandalet > Topuklu sandalet,MAVİ
Açık deri platform topuklu ayakkabı,2690.0,Sandalet > Topuklu sandalet,KAHVERENGİ
Bantlı kalın topuklu sandalet,1590.0,Sandalet > Topuklu sandalet,ALTIN
Metal detaylı kısa sivri topuklu sandaletler,1990.0,Sandalet > Topuklu sandalet,BEJ
Askılı kısa sivri topuklu sandaletler,1990.0,Sandalet > Topuklu sandalet,KIRMIZI
Deri platform topuklu terlik,2990.0,Sandalet > Topuklu sandalet,BEJ
Bantlı kalın topuklu sandalet,1590.0,Sandalet > Topuklu sandalet,KAHVERENGİ
Stiletto topuklu sandalet,1790.0,Sandalet > Topuklu sandalet,SİYAH
Tokalı düz deri sandalet,1740.0,Sandalet > Düz sandalet,BEJ
Düz bant detaylı sandalet,1790.0,Sandalet > Düz sandalet,KAHVERENGİ
Zımbalı suni deri bantlı ve tokalı ayakkabı,1990.0,Sandalet > Düz sandalet,EKRU
Deri zımbalı bantlı ve tokalı ayakkabı,2490.0,Sandalet > Düz sandalet,KAHVERENGİ
Deri topuksuz bantlı ve tokalı ayakkabı,2490.0,Sandalet > Düz sandalet,KAHVERENGİ
"Bantlı ve tokalı, arkası açık deri ayakkabı",2490.0,Sandalet > Düz sandalet,BEJ
Platform sandalet,1990.0,Sandalet > Düz sandalet,KAHVERENGİ
Metal detaylı düz sandalet,1790.0,Sandalet > Düz sandalet,ALTIN
Metalli detaylı düz parmak arası terlik,1990.0,Sandalet > Düz sandalet,KAHVERENGİ
Suni deri düz sandalet,1590.0,Sandalet > Düz sandalet,KAHVERENGİ
Suni deri düz sandalet,1590.0,Sandalet > Düz sandalet,EKRU
Tokalı deri düz sandalet,2490.0,Sandalet > Düz sandalet,KAHVERENGİ
Zımbalı deri sandalet,1990.0,Sandalet > Düz sandalet,KAHVERENGİ
Metal detaylı terlik tipi düz sandalet,1790.0,Sandalet > Düz sandalet,EKRU
Metal detaylı terlik sandalet,1790.0,Sandalet > Düz sandalet,MAVİ
Deri tokalı platform sandalet,2990.0,Sandalet > Düz sandalet,BEJ
Asimetrik dolgu topuklu sandalet,2490.0,Sandalet > Düz sandalet,EKRU
Deri çapraz düz sandalet,2490.0,Sandalet > Düz sandalet,BEJ
Hasır platformlu dolgu topuklu ayakkabı,1990.0,Sandalet > Dolgu topuk ayakkabı,ALTIN
Basic kısa sivri topuklu ayakkabı,1590.0,Topuklu ayakkabı > Kitten,SİYAH
Basic Topuklu Ayakkabı,1790.0,Topuklu ayakkabı > Kitten,EKRU
V yaka topuklu ayakkabı,1990.0,Topuklu ayakkabı > Kitten,EKRU
V yaka topuklu ayakkabı,1990.0,Topuklu ayakkabı > Kitten,KAHVERENGİ
V yaka topuklu ayakkabı,1990.0,Topuklu ayakkabı > Kitten,SİYAH
Kısa sivri topuklu file taşlı ayakkabı,2490.0,Topuklu ayakkabı > Kitten,BEJ
Geniş topuklu Mary Jane,1990.0,Topuklu ayakkabı > Kitten,KAHVERENGİ
Basic kısa sivri topuklu ayakkabı,1790.0,Topuklu ayakkabı > Kitten,KAHVERENGİ
Kapalı deri topuklu ayakkabı,2690.0,Topuklu ayakkabı > Kitten,KAHVERENGİ
Pencere detaylı kısa sivri topuklu ayakkabı,1990.0,Topuklu ayakkabı > Kitten,SİYAH
Topuklu arkası açık ayakkabı,1990.0,Topuklu ayakkabı > Kitten,KAHVERENGİ
Deri kısa sivri topuklu mule,2490.0,Topuklu ayakkabı > Kitten,KAHVERENGİ
Kısa sivri topuklu deri ayakkabı,2490.0,Topuklu ayakkabı > Kitten,KAHVERENGİ
Çapraz bantlı sneakerina,1790.0,Spor ayakkabı > SNEAKERINAS,PEMBE
Fiyonklu Sneakerinas,1790.0,Spor ayakkabı > SNEAKERINAS,BEYAZ
Deri detaylı spor balerin ayakkabı,1990.0,Spor ayakkabı > SNEAKERINAS,PEMBE
Sneakerina file,1990.0,Spor ayakkabı > SNEAKERINAS,SİYAH
Deri fiyonklu sneakerina,2490.0,Spor ayakkabı > SNEAKERINAS,BEJ
Kısa sivri topuklu çizme,3290.0,Çizme - Bot > Çizme,SİYAH
Desenli kovboy botlar,2580.0,Çizme - Bot > Çizme,KAHVERENGİ
Suni deri düz biker bot,3140.0,Çizme - Bot > Çizme,BEJ
Suni süet topuklu bot,2690.0,Çizme - Bot > Çizme,KAHVERENGİ
Slouchy kesim deri kitten bot,4490.0,Çizme - Bot > Çizme,BEJ
Kovboy Topuklu Bot,3290.0,Çizme - Bot > Çizme,SİYAH
Kovboy Topuklu Bot,2300.0,Çizme - Bot > Çizme,KAHVERENGİ
Siyah topuklu uzun çizme,3290.0,Çizme - Bot > Çizme,SİYAH
Kahverengi topuklu çizme,3290.0,Çizme - Bot > Çizme,KAHVERENGİ
Deri kovboy çizme,4490.0,Çizme - Bot > Çizme,BEJ
Düz siyah kovboy çizmesi,3690.0,Çizme - Bot > Çizme,SİYAH
Düz kahverengi kovboy çizmeler,3690.0,Çizme - Bot > Çizme,BORDO
Suni deri düz botlar,3290.0,Çizme - Bot > Çizme,KAHVERENGİ
Streç orta boy topuklu bot,1890.0,Çizme - Bot > Bot,SİYAH
Kumaş stiletto topuklu bot,1890.0,Çizme - Bot > Bot,SİYAH
Sentetik kauçuk kumaş efektli topuklu bot,1890.0,Çizme - Bot > Bot,SİYAH
Deri kovboy bot,3690.0,Çizme - Bot > Bot,KAHVERENGİ
Kısa sivri topuklu kemerli deri botlar,3990.0,Çizme - Bot > Bot,BEJ
Deri kısa sivri topuklu bot,3290.0,Çizme - Bot > Bot,BEJ
Streç topuklu botlar,2490.0,Çizme - Bot > Bot,KAHVERENGİ
"Bağcıklı, düz bot",2690.0,Çizme - Bot > Bot,SİYAH
Deri tokalı düz bot,2790.0,Çizme - Bot > Bot,BEJ
slouchy kesim deri topuklu bot,3690.0,Çizme - Bot > Bot,KAHVERENGİ
Kovboy topuklu bot,2690.0,Çizme - Bot > Bot,SİYAH
Streç düz bilek bot,1990.0,Çizme - Bot > Bot,KAHVERENGİ
Deri kovboy bot,3290.0,Çizme - Bot > Bot,BEJ
"Düz tabanlı, içi kürklü deri bot",2690.0,Çizme - Bot > Bot,KAHVERENGİ
Streç topuklu bot,1990.0,Çizme - Bot > Bot,EKRU
Kovboy deri topuklu bot,3290.0,Çizme - Bot > Bot,KAHVERENGİ
Kalın topuklu kısa bot,1890.0,Çizme - Bot > Bot,BORDO
Kovboy suni deri delikli bot,3290.0,Çizme - Bot > Bot,KAHVERENGİ
Topuklu kovboy deri bot,3290.0,Çizme - Bot > Bot,BEJ
Mikro delikli slouchy deri bot,3140.0,Çizme - Bot > Bot,KAHVERENGİ
Stiletto topuklu deri bot,3290.0,Çizme - Bot > Bot,KAHVERENGİ
Mini boncuklu çanta,790.0,Çanta,Siyah
Mini boncuklu çanta,790.0,Çanta,Beyaz
Mini fermuarlı yumuşak dokulu omuz çantası,710.0,Çanta,Bej
Metal kapamalı omuz çantası lady,1590.0,Çanta,Siyah
Kalp detaylı omuz çantası,1490.0,Çanta,Mavi
Kalp detaylı omuz çantası,1490.0,Çanta,Siyah
Tote çapraz askili çanta,1090.0,Çanta,SOLUK EFEKTLİ ORTA MAVİ DENIM
Çift saplı çapraz çanta,790.0,Çanta,Ekru
Çift saplı çapraz çanta,790.0,Çanta,Siyah
Çift saplı çapraz çanta,790.0,Çanta,Beyaz
Çift saplı çapraz çanta,790.0,Çanta,Bordo
Yuvarlak kapamalı omuz çantası,790.0,Çanta,Siyah
Yuvarlak kapamalı omuz çantası,790.0,Çanta,Beyaz
Yuvarlak kapamalı omuz çantası,790.0,Çanta,Kırmızı
Zincirli ay omuz çantası,990.0,Çanta,Beyaz
Zincirli ay omuz çantası,990.0,Çanta,Siyah
Yumuşak dokunuşlu mini fermuarlı omuz çantası,710.0,Çanta,Siyah
Yumuşak dokulu fermuarlı omuz çantası,950.0,Çanta,Siyah
Metal detaylı bowling çanta,1190.0,Çanta,Kahverengi
Kombine shopper çanta,1190.0,Çanta,Kahverengi
Kombine shopper çanta,1190.0,Çanta,Siyah
Suni Deri Bowling Çapraz Askılı Çanta,1190.0,Çanta,Kahverengi
Suni Deri Bowling Çapraz Askılı Çanta,1190.0,Çanta,Siyah
Timsah deseni görünümlü mini tote çapraz askılı çanta,990.0,Çanta,Siyah
Timsah deseni görünümlü mini tote çapraz askılı çanta,990.0,Çanta,Ekru
Timsah deseni görünümlü mini tote çapraz askılı çanta,990.0,Çanta,Açık mavi
Timsah deseni görünümlü mini tote çapraz askılı çanta,990.0,Çanta,Bordo
Yumuşak dokunuşlu çapraz askılı çanta,990.0,Çanta,Ekru
Yumuşak dokunuşlu çapraz askılı çanta,990.0,Çanta,Pembe
Yumuşak dokunuşlu çapraz askılı çanta,990.0,Çanta,Karamel
Kemerli tote çanta,1590.0,Çanta,Siyah
Suni süet omuz çantası,1590.0,Çanta,Kahverengi
Suni süet omuz çantası,1590.0,Çanta,Bej
Fermuarlı bowling tipi çapraz askılı çanta,1190.0,Çanta,Ekru
Büzgülü sap detaylı omuz çantası,1090.0,Çanta,Siyah
Yarım ay şeklinde zımbalı kol çantası,990.0,Çanta,Siyah
Yumuşak dokunuşlu fermuarlı omuz çantası,950.0,Çanta,Kahverengi
Mini tote çanta,790.0,Çanta,Siyah
Mini tote çanta,790.0,Çanta,Kırmızı
Yumuşak dokunuşlu mini fermuarlı omuz çantası,710.0,Çanta,Kahverengi
Yuvarlak kroşe tote çanta,1590.0,Çanta,Ekru
Yuvarlak kroşe tote çanta,1590.0,Çanta,Kahverengi
Kombine kroşe büzgülü çanta,1590.0,Çanta,Ekru
Kombine kroşe büzgülü çanta,1590.0,Çanta,Kahverengi
Kanvas tote çanta,1590.0,Çanta,Ekru
Kanvas tote çanta,1590.0,Çanta,Siyah
Bowling çanta,1490.0,Çanta,Mavi
Pamuklu shopper çanta,1590.0,Çanta,Ekru
Metal saplı tote çanta,1490.0,Çanta,Kiremit rengi
Metal saplı tote çanta,1490.0,Çanta,Siyah
Kuşgözü detaylı kese çanta,1490.0,Çanta,Siyah
Yuvarlak delik detaylı çapraz askılı çanta,1490.0,Çanta,Karamel
Fermuarlı omuz çantası,1490.0,Çanta,Siyah
Fermuarlı omuz çantası,1490.0,Çanta,Kahverengi
Parlak pileli omuz çantası,1490.0,Çanta,Siyah
Suni süet tokalı omuz çantası,1490.0,Çanta,Karamel
Toka detaylı omuz çantası,1190.0,Çanta,Siyah
Fermuar detaylı çapraz askılı çanta,1190.0,Çanta,Ekru
Fermuar detaylı çapraz askılı çanta,1190.0,Çanta,Mavi
Fermuarlı suni deri çanta,1190.0,Çanta,Siyah
Fermuarlı suni deri çanta,1190.0,Çanta,Kahverengi
Örgü Bağcıklı Shopper Çanta,1190.0,Çanta,Siyah
Denim yarım ay kol çantası,1090.0,Çanta,SOLUK EFEKTLİ ORTA MAVİ DENIM
Metal saplı mini çanta,1090.0,Çanta,Siyah
Asimetrik Tokalı Postacı Çantası,1090.0,Çanta,Kahverengi
Kontrast çanta,1690.0,Çanta,Kahverengi
Kontrast çanta,1690.0,Çanta,Mavi
Kontrast çanta,1690.0,Çanta,Bej
Mini sert hindistan cevizi görünümlü çapraz askılı çanta,990.0,Çanta,Beyaz
Mini sert çapraz askılı çanta,990.0,Çanta,Bej
Yarım ay omuz çantası,990.0,Çanta,Pembe
Yarım ay omuz çantası,990.0,Çanta,Ekru
Timsah deseni görünümlü zincirli omuz çantası,990.0,Çanta,Siyah
Dikiş detaylı uzun çanta,990.0,Çanta,Kahverengi
Ay desenli kumaş çapraz askılı çanta,990.0,Çanta,Lime
Ay desenli kumaş çapraz askılı çanta,990.0,Çanta,Lacivert
Ay desenli kumaş çapraz askılı çanta,990.0,Çanta,Pastel yeşil
Kuşgözü detaylı sert omuz çantası,1190.0,Çanta,Ekru
Kuşgözü detaylı sert omuz çantası,1190.0,Çanta,Pembe
Kuş gözlü sert büzgülü çanta,1190.0,Çanta,Karamel
Yumuşak dokunuşlu fermuarlı omuz çantası,1590.0,Çanta,Karamel
Toka detaylı city shopper çanta,2290.0,Çanta,Kiremit rengi
Asimetrik mini omuz çantası,1090.0,Çanta,Siyah
Toka detaylı şehir shopper çantası,2290.0,Çanta,Kahverengi
Kemer şeritli çanta,1590.0,Çanta,Siyah
Uzun delikli omuz çantası,990.0,Çanta,Açık sarı
Uzun delikli omuz çantası,990.0,Çanta,Beyaz
Kumaş kol çantası,1490.0,Çanta,Fuşya
Kumaş kol çantası,1490.0,Çanta,Mavi
Spor kabin sırt çantası,1790.0,Çanta,Mavi
Spor kabin sırt çantası,1790.0,Çanta,Bej
Makrome püsküllü omuz çantası,1690.0,Çanta,Ekru
Kare çapraz askılı el çantası,1590.0,Çanta,Ekru
YUMUŞAK DOKULU OMUZ ÇANTASI,1090.0,Çanta,Kiremit rengi
Kapaklı omuz çantası,990.0,Çanta,Siyah
Kapaklı omuz çantası,990.0,Çanta,Ekru
Kapaklı omuz çantası,990.0,Çanta,Bej
Zincir saplı omuz çantası,1190.0,Çanta,Mavi
Zincir saplı omuz çantası,1190.0,Çanta,Siyah
Püskül ve toka detaylı omuz çantası,1790.0,Çanta,Karamel
Püskül ve toka detaylı omuz çantası,1790.0,Çanta,Kahverengi
Zımba detaylı omuz çantası,1190.0,Çanta,Siyah
Zımbalı kemerli çapraz askılı çanta,1590.0,Çanta,Açık kahverengi
Kemer şeritli uzun çanta,1090.0,Çanta,Kahverengi
Kontrast file shopper çanta,1090.0,Çanta,Ekru
Zımbalı çanta,1790.0,Çanta,Siyah
Yuvarlak Kapamalı Çapraz Askılı Çanta,790.0,Çanta,Bordo
Kutu şeklinde sert çapraz askılı çanta,1090.0,Çanta,Ekru
Püsküllü yarım ay kol çantası,1190.0,Çanta,Karamel
Sap Detaylı Omuz Çantası,1090.0,Çanta,Kahverengi
Yumuşak dokunuşlu ışıltılı omuz çantası,1790.0,Çanta,Bej
Mini kroşe omuz çantası,1490.0,Çanta,Ekru
Mini kroşe omuz çantası,1490.0,Çanta,Kahverengi
One Dilemma shopper çanta,1190.0,Çanta,Pembe
Zincir detaylı çapraz çanta,1790.0,Çanta,Bej
Çok pozisyonlu çapraz çanta,990.0,Çanta,Siyah
Fermuar detaylı çapraz askılı çanta,1190.0,Çanta,Kahverengi
Yarım ay omuz çantası,990.0,Çanta,Kahverengi
Büyük kapaklı mini dikdörtgen çanta,1090.0,Çanta,Siyah
Büyük kapaklı mini dikdörtgen çanta,1090.0,Çanta,Kırmızı
Yarım ay cepli kol çantası,1190.0,Çanta,Kahverengi
Yarım ay cepli omuz çantası,1190.0,Çanta,Ekru
Asimetrik omuz çantası,1490.0,Çanta,Ekru
Yumuşak dokunuşlu tokalı omuz çantası,1490.0,Çanta,Karamel
Yumuşak dokunuşlu tokalı omuz çantası,1490.0,Çanta,Ekru
Naylon bowling çanta,1190.0,Çanta,Kiremit rengi
Naylon bowling çanta,1190.0,Çanta,Siyah
Kare el ve çapraz askılı çanta,1590.0,Çanta,Mavi
Çift taraflı Zebra shopper çanta,2290.0,Çanta,Siyah
Tokalı mini tote çanta,1090.0,Çanta,Kahverengi
Tokalı mini tote çanta,1090.0,Çanta,Mavi
Naylon ay çapraz çanta,990.0,Çanta,Lacivert
Naylon ay çapraz çanta,990.0,Çanta,Siyah
Naylon ay çapraz çanta,990.0,Çanta,Kiremit rengi
Zımbalı kemerli çapraz askılı çanta,1590.0,Çanta,Siyah
Cepli omuz çantası,1490.0,Çanta,Karamel
Cepli omuz çantası,1490.0,Çanta,Siyah
Charm detaylı tote çanta,1190.0,Çanta,Siyah
Charm detaylı tote çanta,1190.0,Çanta,Lacivert
Charm detaylı tote çanta,1190.0,Çanta,Kahverengi
Mini tokalı tote çanta,1590.0,Çanta,Siyah
Metal saplı omuz çantası,1590.0,Çanta,Kahverengi
Metal saplı omuz çantası,1590.0,Çanta,Siyah
Mini metal saplı omuz çantası,1490.0,Çanta,Kahverengi
Mini metal saplı omuz çantası,1490.0,Çanta,Siyah
Körük ve kuşgözü detaylı omuz çantası,1490.0,Çanta,Karamel
Mini tokalı tote çanta,1590.0,Çanta,Kiremit rengi
Büyük kapaklı çapraz askılı çanta,1590.0,Çanta,Siyah
Metalik asimetrik süet görünümlü klipsli çanta,1090.0,Çanta,Kahverengi
Yuvarlak kapamalı omuz çantası,790.0,Çanta,Kahverengi
Zincirli Ay Şeklinde Omuz Çantası,990.0,Çanta,Kahverengi
Timsah deseni görünümlü hobo omuz çantası,1590.0,Çanta,Siyah
Boncuklu mini timsah deseni görünümlü çanta,790.0,Çanta,Kahverengi
Timsah deseni görünümlü yuvarlak kapamalı çapraz askılı çanta,790.0,Çanta,Siyah
Kombine çift saplı omuz çantası,1490.0,Çanta,Kahverengi
Zımbalı yarım ay omuz çantası,1090.0,Çanta,Kahverengi
Zımbalı yarım ay omuz çantası,1090.0,Çanta,Siyah
Cepli omuz çantası,1190.0,Çanta,Kahverengi
"Süet efektli bucket çanta, detaylı saplı",1790.0,Çanta,Kahverengi
Yumuşak suni deri omuz çantası,1590.0,Çanta,Siyah
Zincirli çapraz askılı çanta,990.0,Çanta,Siyah
Zincirli çapraz askılı çanta,990.0,Çanta,Kahverengi
Timsah deseni görünümlü trapez çapraz askılı çanta,1090.0,Çanta,Siyah
Simli omuz çantası,1090.0,Çanta,Siyah
Yanları püsküllü omuz çantası,1190.0,Çanta,Karamel
Yanları püsküllü omuz çantası,1190.0,Çanta,Kahverengi
Kutu şeklinde sert çapraz askılı çanta,1090.0,Çanta,Kahverengi
Metal saplı omuz ve çapraz askılı çanta,1590.0,Çanta,Siyah
Metal askılı çanta,2290.0,Çanta,Siyah
Çıtçıtlı suni süet omuz çantası,1190.0,Çanta,Bej
Metal detaylı yuvarlak shopper çanta,1790.0,Çanta,Siyah
3'lü çiçekli lariat kolye seti,350.0,Bijuteri,Altın rengi
2'li küpe ve ear cuff küpe seti,290.0,Bijuteri,Altın rengi
Ay ve Güneş Kolye Seti (4'lü),490.0,Bijuteri,Altın rengi
Çift çiçekli emaye bileklik,350.0,Bijuteri,Altın rengi
3'lü Kalp Lariat Kolye Seti,590.0,Bijuteri,Altın rengi
9'lu kalpli ve halka küpe seti,490.0,Bijuteri,Altın rengi
9'lu kalpli ve halka küpe seti,490.0,Bijuteri,Beyaz
9'lu kalpli ve halka küpe seti,490.0,Bijuteri,Gri
ÇİÇEKLİ LARİAT KOLYE,290.0,Bijuteri,Altın rengi
Sert bileklik,590.0,Bijuteri,Altın rengi
3'lü çiçek ve yusufçuk kolye seti,590.0,Bijuteri,Altın rengi
9'lu Kelebek ve Parıltılı Yüzük Seti,490.0,Bijuteri,Altın rengi
2’li boncuklu kolye seti,470.0,Bijuteri,Kırmızı
2’li boncuklu kolye seti,790.0,Bijuteri,Ekru
2'li kombin bileklik seti,990.0,Bijuteri,Gri
2'li top kolye seti,790.0,Bijuteri,Açık pembe
Sedef görünümlü sallantılı küpe,790.0,Bijuteri,Altın rengi
2'li emaye halka küpe seti,590.0,Bijuteri,Altın rengi
Sedef efekti çiçek küpe,590.0,Bijuteri,Beyaz
2'li mini bozuk para kordon kolye seti,590.0,Bijuteri,Altın rengi
4’lü yusufçuk yüzük seti,590.0,Bijuteri,Altın rengi
Sert bileklik,590.0,Bijuteri,Gri
Cala çiçek küpe,490.0,Bijuteri,Ekru
İçiçe Geçmiş Dairesel Sert Bileklik,490.0,Bijuteri,Altın rengi
Yelpaze emaye küpe,490.0,Bijuteri,Mavi
Yelpaze emaye küpe,490.0,Bijuteri,Altın rengi
Yelpaze çiçek dokulu küpe,490.0,Bijuteri,Altın rengi
Mine çiçek küpe,490.0,Bijuteri,Açık pembe
2'li muz toka seti,450.0,Bijuteri,Kahverengi
Emaye dokulu lariat kolye,350.0,Bijuteri,Ekru
Su geçirmez 2'li hacimli halka küpe seti,1090.0,Bijuteri,Sarı
Su geçirmez 2'li hacimli halka küpe seti,1090.0,Bijuteri,Gri
9'lu Mini Damla Küpe Seti,490.0,Bijuteri,Altın rengi
9'lu Mini Damla Küpe Seti,490.0,Bijuteri,Gri
Charm detaylı kordon kolye,490.0,Bijuteri,Altın rengi
Charm detaylı kordon kolye,490.0,Bijuteri,Gri
Zımbalı büyük sert bileklik,990.0,Bijuteri,Kahverengi
3'lü sert bileklik seti,790.0,Bijuteri,Gri
2’li boncuklu kolye seti,790.0,Bijuteri,Yeşil
2’li boncuklu kolye seti,790.0,Bijuteri,Turuncu
3'lü Mini Hacimli Küpe Seti,490.0,Bijuteri,Altın rengi
3'lü kombine bileklik seti,990.0,Bijuteri,Açık pembe
Dokulu Lazo Kolye,590.0,Bijuteri,Altın rengi
Bahçe kolyesi,790.0,Bijuteri,Kırmızı
Bahçe bileklik,590.0,Bijuteri,Kırmızı
Çoklu meyve charm kolye,990.0,Bijuteri,Kırmızı
Kahve ve kruvasan charm anahtarlık,590.0,Bijuteri,Kahverengi
Kahve ve kruvasan charm anahtarlık,590.0,Bijuteri,Açık pembe
Çoklu parıltılı iplikli sert bileklik,590.0,Bijuteri,Altın rengi
Çoklu parıltılı iplikli sert bileklik,350.0,Bijuteri,Gri
Uzun Çok Zincirli Kolye,590.0,Bijuteri,Altın rengi
Çok amaçlı boncuklu kolye,790.0,Bijuteri,Gri
Çok amaçlı boncuklu kolye,790.0,Bijuteri,Kahverengi
Uzun püsküllü küpe,350.0,Bijuteri,Siyah
3'lü kristal efektli çiçek yüzük seti,590.0,Bijuteri,Altın rengi
Mina işlemeli çiçekli lariat kolye,790.0,Bijuteri,Altın rengi
Çok halkalı bileklik,470.0,Bijuteri,Altın rengi
Dokulu Bileklik,490.0,Bijuteri,Altın rengi
3'lü sert bileklik seti,790.0,Bijuteri,Altın rengi
Mini el çantası kolye,470.0,Bijuteri,Pembe
Mini el çantası kolye,470.0,Bijuteri,Kırmızı
Mini el çantası kolye,470.0,Bijuteri,Gri
Uzun püsküllü küpe,290.0,Bijuteri,Ekru
Metal örgü charm kolye,590.0,Bijuteri,Altın rengi
Yelpaze emaye küpe,490.0,Bijuteri,Fuşya
Uzun püsküllü kalp küpe,350.0,Bijuteri,Siyah
Esnek Tasma,590.0,Bijuteri,Altın rengi
Kala çiçeği bileklik,790.0,Bijuteri,Ekru
3'lü Sert Mine Bileklik Seti,790.0,Bijuteri,Altın rengi
2'li yıldız ve kalp uçlu su geçirmez kolye seti,990.0,Bijuteri,Gri
2'li yıldız ve kalp uçlu su geçirmez kolye seti,990.0,Bijuteri,Sarı
2'li su geçirmez bileklik seti,1090.0,Bijuteri,Gri
2'li su geçirmez bileklik seti,1090.0,Bijuteri,Sarı
2'li yusufçuk ve çiçek broş seti,490.0,Bijuteri,Altın rengi
6'lı Basic Küpe Seti,350.0,Bijuteri,Altın rengi
Sallantılı zincir küpe,350.0,Bijuteri,Altın rengi
5'li Pembe Taş Charm Kolye Seti,490.0,Bijuteri,Altın rengi
Çok madalyonlu kolye,590.0,Bijuteri,Altın rengi
2'li su geçirmez küpe seti,990.0,Bijuteri,Gri
2'li su geçirmez küpe seti,990.0,Bijuteri,Sarı
3'lü sert zımbalı bileklik seti,790.0,Bijuteri,Kahverengi
Sedef görünümlü choker kolye,590.0,Bijuteri,Turuncu
2'li püskül charm kolye seti,350.0,Bijuteri,Altın rengi
Su geçirmez yılan zincir,990.0,Bijuteri,Gri
Yusufçuk bileklik,790.0,Bijuteri,Altın rengi
3'lü su geçirmez bileklik seti,1090.0,Bijuteri,Gri
3'lü su geçirmez bileklik seti,1090.0,Bijuteri,Sarı
Esnek choker kolye,590.0,Bijuteri,Altın rengi
Esnek choker kolye,590.0,Bijuteri,Gri
2'li kombin bileklik seti,790.0,Bijuteri,Turuncu
2'li kombin bileklik seti,790.0,Bijuteri,Yeşil
3'lü parlak asetat bileklik seti,990.0,Bijuteri,Turuncu
2'li boncuklu ve deniz kabuklu kolye seti,790.0,Bijuteri,Mavi
2'li sedefli bileklik seti,990.0,Bijuteri,Mavi
Yuvarlak Plakalı Metal Kemer,590.0,Bijuteri,Altın rengi
Yuvarlak Plakalı Metal Kemer,590.0,Bijuteri,Gri
Dokulu sallantılı küpe,790.0,Bijuteri,Altın rengi
Boncuklu halka küpe,490.0,Bijuteri,Altın rengi
Zebra bileklik,990.0,Bijuteri,Beyaz
2'li domates kolye seti,590.0,Bijuteri,Kırmızı
2'li domates küpe seti,590.0,Bijuteri,Kırmızı
Domates küpe,490.0,Bijuteri,Kırmızı
Mineli çiçek kordon kolye,490.0,Bijuteri,Açık pembe
Yusufçuk küpe,490.0,Bijuteri,Altın rengi
Domates şelalesi küpe,490.0,Bijuteri,Kırmızı
2'li elma yüzük seti,590.0,Bijuteri,Yeşil
Çiçekli kordon kolye,590.0,Bijuteri,Ekru
2'li yuvarlak kolye seti,590.0,Bijuteri,Altın rengi
Ayna efektli güneş küpe,490.0,Bijuteri,Altın rengi
Çivili çiçek bileklik,790.0,Bijuteri,Siyah
2'li güneş figürlü lariat kolye seti,790.0,Bijuteri,Altın rengi
Ayna efektli çiçek küpe,590.0,Bijuteri,Altın rengi
2'li kombin bileklik seti,990.0,Bijuteri,Ekru
Çiçekli halka küpe,590.0,Bijuteri,Altın rengi
5'li kalp ve kiraz broş seti,790.0,Bijuteri,Kırmızı
3'lü deniz temalı charm kolye seti,790.0,Bijuteri,Altın rengi
9'lu çiçek küpe seti,490.0,Bijuteri,Altın rengi
9'lu uğur böceği küpe seti,590.0,Bijuteri,Altın rengi
Zımbalı bileklik,790.0,Bijuteri,Ekru
9'lu emaye çiçekli küpe seti,590.0,Bijuteri,Altın rengi
Dokulu maxi kolye,590.0,Bijuteri,Altın rengi
Çift renkli çiçek küpe,490.0,Bijuteri,Gri
Çiçek küpe,490.0,Bijuteri,Altın rengi
3'lü bahçe broşu seti,790.0,Bijuteri,Altın rengi
Mini aynalı gerdanlık,490.0,Bijuteri,Gri
Minyeli çiçek charm anahtarlık,590.0,Bijuteri,Altın rengi
"9'lu Set Halka Küpe, Parlak ve Suni İnci",490.0,Bijuteri,Gri
Hacimli taç,490.0,Bijuteri,Kahverengi
2'li kare bileklik seti,990.0,Bijuteri,Mavi
Yuvarlak detaylı güneş gözlüğü,790.0,The Collective > The collective,Haki
Kare çizgili fular,590.0,The Collective > The collective,Mavi
Kare çizgili fular,590.0,The Collective > The collective,Ekru
Kare çizgili fular,590.0,The Collective > The collective,Lime
Kaplan desenli fular,790.0,The Collective > The collective,Ekru
Bit detaylı fular,790.0,The Collective > The collective,Kahverengi
File zımbalı babetler,2490.0,The Collective,SİYAH
Deri bağcıklı deniz ayakkabısı,2690.0,The Collective,BEJ
Basic açık topuklu ayakkabılar,1590.0,The Collective,SİYAH
"File babet, bantlı",1790.0,The Collective,SİYAH
"File babet, bantlı",1790.0,The Collective,KIRMIZI
Suni deri burunlu babet,1790.0,The Collective,BORDO
Boncuklu saç bandı,590.0,The Collective,Siyah
Altıgen epoksi güneş gözlüğü,790.0,The Collective,Kahverengi
Deri charm topuksuz makosenler,2990.0,The Collective,BEJ
Kahverengi deri makosenler,2690.0,The Collective,KAHVERENGİ
Suni deri topuklu ayakkabı,1990.0,The Collective,EKRU
Burunlu deri babet,1990.0,The Collective,KAHVERENGİ
İki malzemeli denizci şapkası,790.0,The Collective,Lacivert
Uzun ekose desenli pareo,990.0,The Collective,Kahverengi
Köpek ve Çiçek Charm Anahtarlık,790.0,The Collective,Kahverengi
Qipao yelek,1790.0,Yeni koleksiyon > Community | Paris,Açık mavi
Metal saplı gözlük,590.0,Yeni koleksiyon > Community | Paris,Siyah
Metal saplı gözlük,590.0,Yeni koleksiyon > Community | Paris,Kahverengi
Yuvarlak metal güneş gözlüğü,590.0,Yeni koleksiyon > Community | Paris,Altın rengi
Payetli ve püsküllü fular,790.0,Yeni koleksiyon > Community | Paris,Siyah
Oval madeni para metal kemer,590.0,Yeni koleksiyon > Community | Paris,Altın rengi
KÜÇÜK OVAL EPOKSİ GÜNEŞ GÖZLÜĞÜ,590.0,Yeni koleksiyon > Community | Paris,Siyah
Metal Dikdörtgen Güneş Gözlüğü,590.0,Yeni koleksiyon > Community | Paris,Altın rengi
Parlak fular,790.0,Yeni koleksiyon > Community | Paris,Ekru
Deniz temalı fular,590.0,Yeni koleksiyon > Community | Paris,Kahverengi
Dikdörtgen desenli fular,590.0,Yeni koleksiyon > Community | Paris,Mavi
Pullu sıra baskılı fular,790.0,Yeni koleksiyon > Community | Paris,Açık mavi
Pullu sıra baskılı fular,790.0,Yeni koleksiyon > Community | Paris,Ekru
Denizatı charm anahtarlık,590.0,Yeni koleksiyon > Community | Paris,Beyaz
Deniz kabuğu charm anahtarlık,790.0,Yeni koleksiyon > Community | Paris,Altın rengi
Kuş gözü detaylı kemer,790.0,Yeni koleksiyon > Community | Paris,Kahverengi
İki renkli metal kemer,790.0,Yeni koleksiyon > Community | Paris,Altın rengi
DİKDÖRTGEN GÖZLÜK,590.0,Yeni koleksiyon > Community | Paris,Siyah
Altıgen Metal Gözlük,590.0,Yeni koleksiyon > Community | Paris,Kahverengi
Metal elastik kemer,790.0,Yeni koleksiyon > Community | Amsterdam,Altın rengi
Fitilli çizgili top,790.0,Yeni,Kahverengi
İşlemeli şapka,590.0,Yeni,Açık mavi
Kare yaka dikişsiz bluz,790.0,Yeni,Açık sarı
Asimetrik kare metal güneş gözlüğü,790.0,Yeni,Mavi
Deri detaylı spor ayakkabı,2690.0,Yeni > STR Teen,PEMBE
Halter örme top,590.0,Yeni > Casual Spor,Pembe
Halter örme top,590.0,Yeni > Casual Spor,Koyu lacivert
Halter örme top,590.0,Yeni > Casual Spor,Kahverengi
Halter örme top,590.0,Yeni > Casual Spor,Bej
Dantel detaylı askılı bluz,590.0,Yeni > Casual Spor,Açık sarı
Dantel detaylı askılı bluz,590.0,Yeni > Casual Spor,Siyah
Dantel detaylı askılı bluz,590.0,Yeni > Casual Spor,Açık gri
İşlemeli şapka,590.0,Yeni > Casual Spor,Kahverengi
Deri detaylı spor ayakkabı,1880.0,Yeni > Ayakkabı,BEJ
Yuvarlak denizci şapkası,990.0,Yeni > Aksesuar,Ekru
Suni süet zımbalı bel çantası kemer,1090.0,Yeni > Aksesuar,Bej
Üst Üste Tokalı Kemer,490.0,Yeni koleksiyon > Bayram Favorileri,Siyah
Üst Üste Tokalı Kemer,490.0,Yeni koleksiyon > Bayram Favorileri,Kahverengi
File kumaş elastik bantlı babet,1790.0,Yeni koleksiyon > Bayram Favorileri,EKRU
Charm detaylı file babetler,1990.0,Yeni koleksiyon > Bayram Favorileri,EKRU
Topuksuz deri takunya,2490.0,Yeni koleksiyon > Community | Always On,BEJ
Boncuklu ıstakoz charm,790.0,Yeni koleksiyon > Community | Always On,Kırmızı
Boncuklu çiçek charm anahtarlık,790.0,Yeni koleksiyon > Community | Always On,Ekru
Dikdörtgen taşlı güneş gözlüğü,590.0,Yeni koleksiyon > Community | STR Teen,Siyah
Dikdörtgen taşlı güneş gözlüğü,590.0,Yeni koleksiyon > Community | STR Teen,Kahverengi
Soluk efektli çivili şapka,790.0,Yeni koleksiyon > Community | STR Teen,Mavi
New york şapka,790.0,Yeni koleksiyon > Community | STR Teen,Siyah
Detaylı spor ayakkabı,1990.0,Yeni koleksiyon > Community | STR Teen,BEJ
Kruvaze yelek,1590.0,Ürüne göre alışveriş,Siyah
Volanlı asimetrik tişört,790.0,Ürüne göre alışveriş,Siyah
Volanlı asimetrik tişört,790.0,Ürüne göre alışveriş,Koyu kırmızı
Volanlı asimetrik tişört,790.0,Ürüne göre alışveriş,Pembe
LA baskılı t-shirt,590.0,Ürüne göre alışveriş,Pembe
Balon yelek,2290.0,Ürüne göre alışveriş,Krem rengi
Görünüm,1790.0,Ürüne göre alışveriş > Latest trends,Beyaz
Fiyonk burunlu babet,1250.0,Ürüne göre alışveriş > Promosyonlar,SİYAH
File topuklu ayakkabı,1390.0,Ürüne göre alışveriş > Promosyonlar,SİYAH
İnce tabanlı yumuşak spor ayakkabı,1250.0,Ürüne göre alışveriş > Promosyonlar,BEYAZ
Çift Bağcıklı Günlük Spor Ayakkabı,1390.0,Ürüne göre alışveriş > Promosyonlar,BORDO
Saten ince tabanlı spor ayakkabı,1250.0,Ürüne göre alışveriş > Promosyonlar,SİYAH
Saten ince tabanlı spor ayakkabı,1250.0,Ürüne göre alışveriş > Promosyonlar,KAHVERENGİ
Metal çiçekli saç tokası,290.0,Ürüne göre alışveriş > Promosyonlar,Ekru
Corgi köpek figürlü anahtarlık,470.0,Ürüne göre alışveriş > Promosyonlar,Kahverengi
Metalik efektli spor ayakkabı,1250.0,Ürüne göre alışveriş > Promosyonlar,GÜMÜŞ
Kadın spor ayakkabı,1040.0,Ürüne göre alışveriş > Promosyonlar,BEYAZ
Çiçek saç tokası,270.0,Ürüne göre alışveriş > Promosyonlar,Açık mavi
Çiçek saç tokası,270.0,Ürüne göre alışveriş > Promosyonlar,Ekru
Çiçek saç tokası,270.0,Ürüne göre alışveriş > Promosyonlar,Kırmızı
Çiçek saç tokası,270.0,Ürüne göre alışveriş > Promosyonlar,Açık pembe
Çiçek saç tokası,270.0,Ürüne göre alışveriş > Promosyonlar,Koyu mavi
Çiçek saç tokası,270.0,Ürüne göre alışveriş > Promosyonlar,Altın rengi
Çiçek saç tokası,270.0,Ürüne göre alışveriş > Promosyonlar,Kahverengi
İnce tabanlı deri detaylı spor ayakkabı,1390.0,Ürüne göre alışveriş > Promosyonlar,KIRMIZI
Zebra charm anahtarlık,470.0,Ürüne göre alışveriş > Promosyonlar,Beyaz
Suni süet terlik,1390.0,Ürüne göre alışveriş > Promosyonlar,KAHVERENGİ
Deri detaylı ince tabanlı spor ayakkabı,1390.0,Ürüne göre alışveriş > Promosyonlar,BORDO
Detaylı spor ayakkabı,1990.0,Ayakkabı ve aksesuar,BEYAZ
Siyah suni deri makosenler,1990.0,Ayakkabı ve aksesuar,SİYAH
Günlük deri spor ayakkabı,1990.0,Aksesuar,BEJ
Günlük deri spor ayakkabı,1990.0,Aksesuar,MAVİ
Günlük deri spor ayakkabı,1990.0,Aksesuar,PEMBE
California şapka,590.0,Aksesuar,Pembe
6'lı toka seti,450.0,Aksesuar,Açık sarı
6'lı toka seti,450.0,Aksesuar,Mavi
2'li MAXI YUMUŞAK DOKULU SAÇ TOKASI SETİ,450.0,Aksesuar,Pembe
2'li MAXI YUMUŞAK DOKULU SAÇ TOKASI SETİ,450.0,Aksesuar,Açık mavi
5'li kürk lastik toka seti,350.0,Aksesuar,Siyah
Günlük deri spor ayakkabı,1990.0,Spor ayakkabı,KAHVERENGİ
Günlük suni süet spor ayakkabı,1990.0,Spor ayakkabı,Mavi
Saten ince tabanlı spor ayakkabı,1790.0,Spor ayakkabı,SARI
Deri detaylı delikli spor ayakkabı,1990.0,Spor ayakkabı,BEJ
Deri detaylı delikli spor ayakkabı,1990.0,Spor ayakkabı,KAHVERENGİ
Günlük retro spor ayakkabı,1790.0,Spor ayakkabı,BEYAZ
Platform günlük spor ayakkabı,1590.0,Spor ayakkabı,BEYAZ
Suni süet file spor ayakkabı,1790.0,Spor ayakkabı,BEJ
File detaylı deri spor ayakkabı,1990.0,Spor ayakkabı,KIRMIZI
Örgülü arkası açık babet,1990.0,Aksesuar,ALTIN
Saten yüzeyli topuklu ayakkabı,1990.0,Aksesuar,KAHVERENGİ
Fiyonklu topuklu ayakkabı,1990.0,Aksesuar,BORDO
Mikro delikli platform spor ayakkabı,1490.0,Aksesuar,BEJ
Ajurlu topuklu ayakkabı,2690.0,Aksesuar,BEYAZ
Saten yüzeyli topuklu ayakkabılar,1790.0,Aksesuar,MAVİ
Deri topuklu ayakkabı,2690.0,Aksesuar,KAHVERENGİ
Deri topuklu ayakkabı,2690.0,Aksesuar,SİYAH
Taşlı file topuklu ayakkabı,2490.0,Aksesuar,BEJ
Suni deri babuç,1990.0,Aksesuar,KAHVERENGİ
"Geniş topuklu, arkası açık ayakkabı",1790.0,Aksesuar,SİYAH
Askılı delikli babet,2490.0,Aksesuar,BEJ
Düz deri terlik,2490.0,Aksesuar,BEJ
Platformlu tekne ayakkabısı,2690.0,Aksesuar,KAHVERENGİ
Suni süet arkası açık babet,1590.0,Aksesuar,BEJ
Burnu açık topuklu ayakkabı,1990.0,Aksesuar,KIRMIZI
Tokalı deri takunyalar,1990.0,Aksesuar,BEJ
Reçine güneş gözlüğü,590.0,Aksesuar,Siyah
Retro tarzı taşlı güneş gözlüğü,590.0,Aksesuar,Haki
Basic kare tokalı kemer,590.0,Aksesuar,Kahverengi
Oval epoksi güneş gözlüğü,790.0,Aksesuar,Bordo
Çiçek parçalı zincir kemer,590.0,Aksesuar,Gri
Çift Halkalı Basic Kemer,590.0,Aksesuar,Siyah
Çekme detaylı kartlık cüzdan,550.0,Aksesuar,Ekru
Basic timsah deseni görünümlü cüzdan,550.0,Aksesuar,Siyah
Basic timsah deseni görünümlü cüzdan,550.0,Aksesuar,Fuşya
Rondel kemer,1090.0,Aksesuar,Kahverengi
Geniş rozet püsküllü kemer,990.0,Aksesuar,Açık kahverengi
N.120 Rose Vanilla Elixir parfüm,990.0,Aksesuar,Açık sarı
Domates charm anahtarlık,790.0,Aksesuar,Kırmızı
Fiyonklu şapka,790.0,Aksesuar,Pembe
Fiyonklu çizgili şapka,790.0,Aksesuar,Mavi
Metal suni deri kemer,790.0,Aksesuar,Kahverengi
Kare pilot güneş gözlüğü,790.0,Aksesuar,Pembe
Aşk tanrısı charm anahtarlık,790.0,Aksesuar,Kırmızı
Çivili Şapka,790.0,Aksesuar,Siyah
N.130 Manolya çiçeği saç ve vücut parfümü,790.0,Aksesuar,Pembe
Wood Eau de toilette - 100 ML,790.0,Aksesuar,Bej
N.15 Our essence eau de parfum,790.0,Aksesuar,Lila
Pretty blossom nº 133,790.0,Aksesuar,Ekru
Kuş gözlü kemer,790.0,Aksesuar,Siyah
Çiçekli tığ işi fular,590.0,Aksesuar,Ekru
Kontrast çizgili fular,590.0,Aksesuar,Altın rengi
Yanları boncuklu kemer,590.0,Aksesuar,Kahverengi
Yanları boncuklu kemer,590.0,Aksesuar,Pembe
Basic kovboy tokalı kemer,590.0,Aksesuar,Siyah
Basic parlak suni deri kemer,590.0,Aksesuar,Siyah
Basic parlak suni deri kemer,590.0,Aksesuar,Kahverengi
METAL DETAYLI KEMER,590.0,Aksesuar,Altın rengi
DİKDÖRTGEN MAVİ IŞIK GÖZLÜĞÜ,590.0,Aksesuar,Siyah
Altın Rengi Çivili Kemer,590.0,Aksesuar,Bej
Metal halkalı kemer,590.0,Aksesuar,Kahverengi
Zincir Detaylı Fermuarlı Cüzdan,590.0,Aksesuar,Kiremit rengi
Basic yuvarlak tokalı kemer,590.0,Aksesuar,Açık kahverengi
8 Numara Charm Anahtarlık,590.0,Aksesuar,Siyah
Flamingo paçuli fular,490.0,Aksesuar,Ekru
Suni deri kartlık,550.0,Aksesuar,Beyaz
Suni deri kartlık,550.0,Aksesuar,Altın rengi
Uzun parlak kartlık cüzdan,550.0,Aksesuar,Pembe
Baskılı kumaş fermuarlı makyaj çantası,550.0,Aksesuar,Kırmızı
Baskılı kumaş fermuarlı makyaj çantası,550.0,Aksesuar,Siyah
Çift Tokalı Kemer,490.0,Aksesuar,Siyah
Fermuarlı bozuk para cüzdanı,490.0,Aksesuar,Siyah
Fermuarlı bozuk para cüzdanı,490.0,Aksesuar,Bordo
Dantelli çizgili pareo,790.0,Aksesuar,Mavi
N.033 MOCHA MOUSSE INTENSE EAU DE PARFUM 100 ML,990.0,Aksesuar,Kahverengi
N.136 ROSE CLOUD INTENSE EAU DE PARFUM 100 ML,990.0,Aksesuar,Pembe
Boncuklu balık takı ucu,790.0,Aksesuar,Mavi
Uzun fular,990.0,Aksesuar,Altın rengi
Dikişli hasır kemer,790.0,Aksesuar,Mavi
Dikişli hasır kemer,790.0,Aksesuar,Kahverengi
Çilek charm anahtarlık,790.0,Aksesuar,Kırmızı
N.056 vanilya damlası yoğun eau de parfum,990.0,Aksesuar,Siyah
Pullu pareo,990.0,Aksesuar,Ekru
Püsküllü pareo fular,790.0,Aksesuar,Siyah
Leopar desenli parlak şapka,790.0,Aksesuar,Bej
Weekend şapka,590.0,Aksesuar,Krem rengi
Yengeç ve yıldız figürlü anahtarlık,790.0,Aksesuar,Kırmızı
Altın detaylı kemer,790.0,Aksesuar,Kahverengi
Şeffaf yuvarlak zımbalı kemer,790.0,Aksesuar,Altın rengi
basic zımbalı kemer,590.0,Aksesuar,Açık sarı
Balaklava,990.0,Aksesuar,Siyah
Balaklava,990.0,Aksesuar,Ekru
Brooklyn şapka,790.0,Aksesuar,Lacivert
Believe şapka,590.0,Aksesuar,Mavi
Barselona şapka,590.0,Aksesuar,Açık sarı
Denizci şapkası,790.0,Aksesuar,Pembe
Çoklu yengeç figürlü anahtarlık,790.0,Aksesuar,Mavi
Suni deri görünümlü kartlık cüzdan,550.0,Aksesuar,Pembe
Basic fermuarlı cüzdan,550.0,Aksesuar,Bej
Parlak kartlık,550.0,Aksesuar,Açık mavi
Parlak kartlık,550.0,Aksesuar,Pembe
Dondurma detaylı anahtarlık,790.0,Aksesuar,Pembe
Leopar Desenli Fermuarlı Makyaj Çantası,550.0,Aksesuar,Kahverengi
Basic fermuarlı bozuk para cüzdanı,550.0,Aksesuar,Bordo
Kalın tokalı kemer,590.0,Aksesuar,Kahverengi
Organik tokalı kemer,590.0,Aksesuar,Kahverengi
Çizgili kumaş saç tokası,450.0,Aksesuar,Sarı
Boncuklu balık kolye anahtarlık,790.0,Aksesuar,Açık mavi
Boncuklu gala çiçeği anahtarlık,790.0,Aksesuar,Beyaz
2’li elastik kürk bandı seti,490.0,Aksesuar,Açık mavi
Büyük oval metal kemer,590.0,Aksesuar,Gri
Bandana kalp sallantılı anahtarlık,590.0,Aksesuar,Açık pembe
Dondurma Temalı Charm Anahtarlık,590.0,Aksesuar,Pembe
Küçük boncuklu cüzdan,790.0,Aksesuar,Pembe
Büyük boncuklu cüzdan,990.0,Aksesuar,Pembe
Simli fermuarlı cüzdan,550.0,Aksesuar,Pembe
Simli fermuarlı cüzdan,550.0,Aksesuar,Açık mavi
SUNİ DERİ GÖRÜNÜMLÜ FERMUARLI CÜZDAN,550.0,Aksesuar,Beyaz
SUNİ DERİ GÖRÜNÜMLÜ FERMUARLI CÜZDAN,550.0,Aksesuar,Altın rengi
UZUN SAFIANO KARTLIK CÜZDAN,550.0,Aksesuar,Beyaz
SAFIANO KARTLIK CÜZDAN,550.0,Aksesuar,Sarı
SAFIANO KARTLIK CÜZDAN,550.0,Aksesuar,Beyaz
ROSE BLOOM N.108 EAU DE PARFUM 50 ML,790.0,Aksesuar,Pembe
N.032 VANILLA ADDICTION EAU DE PARFUM 50 ML,790.0,Aksesuar,Ekru
Denim kasket,790.0,Aksesuar,SOLUK EFEKTLİ ORTA MAVİ DENIM
Rozetli şapka,790.0,Aksesuar,Kahverengi
San Francisco şapka,590.0,Aksesuar,Lacivert
Suni süet sloganlı şapka,790.0,Aksesuar,Bej
Suni süet sloganlı şapka,790.0,Aksesuar,Kahverengi
N.180 Solar Breeze saç ve vücut parfümü,790.0,Aksesuar,Açık sarı
N.179 Coco Kiss saç ve vücut parfümü,790.0,Aksesuar,Ekru
N.028 GOLDEN SUBLIME ELIXIR PARFUM 100 ML,990.0,Aksesuar,Altın rengi
N.059 OPULENT GLOW İKSİR PARFÜM 100 ML,990.0,Aksesuar,Altın rengi
N. 004 bağımlılık yapan esans iksir parfüm 100 ml,990.0,Aksesuar,Altın rengi
Metal detaylı fitilli bere,490.0,Aksesuar,Kahverengi
Metal detaylı fitilli bere,490.0,Aksesuar,Siyah
Metal detaylı fitilli bere,490.0,Aksesuar,Ekru
Metal detaylı fitilli bere,490.0,Aksesuar,Koyu mavi
Metal detaylı fitilli bere,490.0,Aksesuar,Kırmızı
Metal detaylı fitilli bere,490.0,Aksesuar,Açık gri
Metal detaylı fitilli bere,490.0,Aksesuar,Bej
Suni süet efektli kartlık cüzdan,550.0,Aksesuar,Kahverengi
Cüzdan aplikeli kemer,790.0,Aksesuar,Kahverengi
Metal taşlı renkli zincir kemer,790.0,Aksesuar,Ekru
Uzun tokalı kemer,790.0,Aksesuar,Siyah
Yan tokalı kemer,790.0,Aksesuar,Siyah
Uzun parçalı zımbalı kemer,990.0,Aksesuar,Siyah
Mat tokalı basic kemer,590.0,Aksesuar,Siyah
BASIC dövme tokalı kemer,590.0,Aksesuar,Siyah
DALGALI PARA VE ZIMBA KEMER,990.0,Aksesuar,Siyah
Asimetrik çoklu zımbalı kemer,990.0,Aksesuar,Kahverengi
Asimetrik çoklu zımbalı kemer,990.0,Aksesuar,Siyah
ÇİFT TOKALI SUNİ SÜET KEMER,590.0,Aksesuar,Kahverengi
Yuvarlak metal kemer,590.0,Aksesuar,Gri
Püsküllü çanta uçlu anahtarlık,790.0,Aksesuar,Bej
2’li asetat klips seti,490.0,Aksesuar,Açık pembe
Düz üst metal güneş gözlüğü,790.0,Aksesuar,Mavi
Büyük kare metal güneş gözlüğü,790.0,Aksesuar,Kahverengi
Kare renkli camlı epoksi güneş gözlüğü,790.0,Aksesuar,Kahverengi
Kare epoksi cat eye güneş gözlüğü detaylı,790.0,Aksesuar,Kahverengi
Kare epoksi cat eye güneş gözlüğü,790.0,Aksesuar,Kahverengi
Kare epoksi güneş gözlüğü,790.0,Aksesuar,Kahverengi
METALİK MAVİ IŞIK FİLTRELİ GÖZLÜK,790.0,Aksesuar,Altın rengi
Kontrast fular,990.0,Aksesuar,Kahverengi
Dikdörtgen cüzdan,550.0,Aksesuar,Ekru
Bugs Bunny charm anahtarlık,790.0,Aksesuar,Koyu gri
Tweety charm anahtarlık,790.0,Aksesuar,Açık pembe
Tenis charm anahtarlık,590.0,Aksesuar,Pembe
Fermuarlı cüzdan,590.0,Aksesuar,Ekru
Fermuarlı cüzdan,590.0,Aksesuar,Siyah
Fermuarlı cüzdan,590.0,Aksesuar,Kırmızı
Mini makyaj çantası,490.0,Aksesuar,Kırmızı
Mini makyaj çantası,490.0,Aksesuar,Siyah
N.031 Vanilla Woods Elixir parfüm,990.0,Aksesuar,Açık sarı
N.168 eau de toilette,590.0,Aksesuar,Pembe
Pembe kek vücut spreyi,490.0,Aksesuar,Açık pembe
Coco & sun vücut spreyi,490.0,Aksesuar,Altın rengi
Güneşin mutluluğu vücut spreyi,490.0,Aksesuar,Altın rengi
Güneşin mutluluğu iksir parfümü,790.0,Aksesuar,Altın rengi
Ay ışığı vücut spreyi,490.0,Aksesuar,Pembe
Vanilya karamel vücut spreyi,490.0,Aksesuar,Altın rengi
Basic Tokalı Kemer,490.0,Aksesuar,Kahverengi
N.121 Radiance Vanilla Elixir parfüm,990.0,Aksesuar,Açık sarı
Muz figürlü charm,790.0,Aksesuar,Kahverengi
Pink moon vücut spreyi,490.0,Aksesuar,Soluk pembe
Suni kürklü makyaj çantası,590.0,Aksesuar,Ekru
Dikişli Asimetrik Tokalı Kemer,490.0,Aksesuar,Kahverengi
Ponponlu Fermuarlı Cüzdan,590.0,Aksesuar,Siyah
Basic fermuarlı cüzdan,490.0,Aksesuar,Siyah
Basic fermuarlı cüzdan,490.0,Aksesuar,Pembe
Basic fermuarlı cüzdan,490.0,Aksesuar,Bordo
Basic fermuarlı cüzdan,490.0,Aksesuar,Koyu gri
Basic Fermuarlı Cüzdan,590.0,Aksesuar,Siyah
Silk eau de toilette Nº101 - 100 ML,790.0,Aksesuar,Açık sarı
Cashmere eau de toilette Nº161 - 100 ML,790.0,Aksesuar,Soluk pembe
Basic atkı,790.0,Aksesuar,Koyu mavi
Basic atkı,790.0,Aksesuar,Ekru
Fırçalanmış İplik Atkı,790.0,Aksesuar,Ekru
Fırçalanmış İplik Atkı,790.0,Aksesuar,Siyah
Fırçalanmış İplik Atkı,790.0,Aksesuar,Açık gri
Kareli Atkı,790.0,Aksesuar,Ekru
Basic atkı,790.0,Aksesuar,Bordo
Basic atkı,790.0,Aksesuar,Siyah
Basic timsah deseni görünümlü cüzdan,550.0,Aksesuar,Koyu gri
Basic timsah deseni görünümlü cüzdan,550.0,Aksesuar,Ekru
Basic timsah deseni görünümlü cüzdan,550.0,Aksesuar,Bordo
Dikdörtgen Cüzdan,550.0,Aksesuar,Siyah
Timsah deseni görünümlü kartlık cüzdan,550.0,Aksesuar,Koyu gri
Timsah deseni görünümlü kartlık cüzdan,550.0,Aksesuar,Ekru
Timsah deseni görünümlü kartlık cüzdan,550.0,Aksesuar,Bordo
N.063 Kiraz Çiçeği eau de toilette,590.0,Aksesuar,Bordo
N.058 Vanilla bliss eau de parfum,790.0,Aksesuar,Ekru
Modern Buket nº115,590.0,Aksesuar,Mor
Unique nº141,590.0,Aksesuar,Soluk pembe
Basic düz atkı,990.0,Aksesuar,Bordo
Basic düz atkı,990.0,Aksesuar,Siyah
Basic düz atkı,990.0,Aksesuar,Ekru
Leopar desenli atkı,990.0,Aksesuar,Kahverengi
Pink passion nº 002,790.0,Aksesuar,Pembe
Romance nº 134,790.0,Aksesuar,Pembe
Boncuklu fular,1090.0,Aksesuar,Siyah
Metal Ayı Charm,590.0,Aksesuar,Altın rengi
Metal Ayı Charm,590.0,Aksesuar,Kahverengi
Geniş saplı dikdörtgen gözlük,790.0,Aksesuar,Siyah
Snoopy anahtarlık,790.0,Aksesuar,Beyaz
Pullu kroşe kasket,790.0,Aksesuar,Ekru
Hello kitty charm anahtarlık,790.0,Aksesuar,Mavi
Yarı geniş suni süet kemer,590.0,Aksesuar,Altın rengi
Yarı geniş suni süet kemer,590.0,Aksesuar,Siyah
Çizgili eşarp,590.0,Aksesuar,Koyu mavi
Eyfel Kulesi ve makaron anahtarlık,790.0,Aksesuar,Kahverengi
Kiraz ve boncuklu charm anahtarlık,790.0,Aksesuar,Kırmızı
Dudak aşkı charm anahtarlık,790.0,Aksesuar,Kırmızı
N.176 Berry delicious eau de toilette,990.0,Aksesuar,Bordo
N.178 Tropical tango eau de toilette,990.0,Aksesuar,Ekru
Çizgili sert taç,450.0,Aksesuar,Mavi
Çizgili sert taç,450.0,Aksesuar,Açık pembe
Püsküllü suni süet pareo,790.0,Aksesuar,Ekru
Zımbalı kalp kürk klipsi,450.0,Aksesuar,Kahverengi
