item_name,price,category,color
Liyosel fular pantolon,1590.0,Pantolon,Ekru
Dökümlü eşarp pantolon,1590.0,Pantolon,Krem rengi
Maxi pensli kemerli pantolon,1790.0,Pantolon,Kahverengi
Maxi pensli kemerli pantolon,1790.0,Pantolon,Siyah
Maxi pensli kemerli pantolon,1790.0,Pantolon,Beyaz
Maxi pensli kemerli pantolon,1790.0,Pantolon,Koyu lacivert
Maxi pensli kemerli pantolon,1790.0,Pantolon,Açık gri
Katlamalı belli file pantolon,1090.0,Pantolon,Açık gri
Katlamalı belli file pantolon,1090.0,Pantolon,Siyah
Katlamalı belli file pantolon,1090.0,Pantolon,Lacivert
Hacimli balon jogger,1590.0,Pantolon,Açık gri
Balon pensli jogger,1590.0,Pantolon,Açık gri
Düz kesim dökümlü kemerli pantolon,1590.0,Pantolon,Lacivert
Düz kesim dökümlü kemerli pantolon,1590.0,Pantolon,Siyah
Düz kesim dökümlü kemerli pantolon,1590.0,Pantolon,Ekru
Düz kesim dökümlü kemerli pantolon,1590.0,Pantolon,Koyu Gri
Düz kesim dökümlü kemerli pantolon,1590.0,Pantolon,Kahverengi
Düz kesim dökümlü kemerli pantolon,1590.0,Pantolon,Mor
Keten görünümlü dökümlü pantolon,1190.0,Pantolon,Ekru
Keten görünümlü dökümlü pantolon,1190.0,Pantolon,Siyah
Keten görünümlü dökümlü pantolon,1190.0,Pantolon,Koyu lacivert
Keten görünümlü dökümlü pantolon,1190.0,Pantolon,Kahverengi
Keten görünümlü dökümlü pantolon,1190.0,Pantolon,Krem rengi
Keten görünümlü dökümlü pantolon,1190.0,Pantolon,Haki
Ayarlanabilir düğmeli keten karışımlı bol paça pantolon,1590.0,Pantolon,Ekru
Ayarlanabilir düğmeli keten karışımlı bol paça pantolon,1590.0,Pantolon,Mavi
Ayarlanabilir düğmeli keten karışımlı bol paça pantolon,1590.0,Pantolon,Kahverengi
Geniş paça pensli klasik pantolon,1590.0,Pantolon,Kahverengi
Geniş paça pensli klasik pantolon,1590.0,Pantolon,Siyah
Geniş paça pensli klasik pantolon,1590.0,Pantolon,Lacivert
Geniş paça pensli klasik pantolon,1590.0,Pantolon,Bordo
Geniş paça pensli klasik pantolon,1590.0,Pantolon,Koyu gri
Kemerli saten yüzeyli şalvar pantolon,2490.0,Pantolon,Koyu yeşil
Yumuşak dokulu kumaş pantolon,1790.0,Pantolon,Siyah
Yumuşak dokulu kumaş pantolon,1790.0,Pantolon,Lacivert
Yumuşak dokulu kumaş pantolon,1790.0,Pantolon,Koyu Gri
Yumuşak dokulu kumaş pantolon,1790.0,Pantolon,Kahverengi
Yumuşak dokulu kumaş pantolon,1790.0,Pantolon,Krem rengi
Yumuşak dokulu kumaş pantolon,1790.0,Pantolon,Haki
Yumuşak dokulu kumaş pantolon,1790.0,Pantolon,Mor
Çizgili çapraz belli günlük pantolon,1590.0,Pantolon,Lacivert
Çizgili çapraz belli günlük pantolon,1590.0,Pantolon,Beyaz
Çizgili çapraz belli günlük pantolon,1590.0,Pantolon,Açık mavi
Çizgili çapraz belli günlük pantolon,1590.0,Pantolon,Koyu Gri
Çizgili çapraz belli günlük pantolon,1590.0,Pantolon,Kahverengi
Ayarlanabilir süper geniş paça pantolon,1590.0,Pantolon,Siyah
Ayarlanabilir süper geniş paça pantolon,1590.0,Pantolon,Koyu Gri
Ayarlanabilir süper geniş paça pantolon,1590.0,Pantolon,Kahverengi
Yumuşak dokulu palazzo jogger pantolon,1590.0,Pantolon,Krem rengi
Yumuşak dokulu palazzo jogger pantolon,1590.0,Pantolon,Siyah
Yumuşak dokulu palazzo jogger pantolon,1590.0,Pantolon,Koyu lacivert
Yumuşak dokulu palazzo jogger pantolon,1590.0,Pantolon,Koyu mavi
Yumuşak dokulu palazzo jogger pantolon,1590.0,Pantolon,Pembe
Yumuşak dokulu palazzo jogger pantolon,1590.0,Pantolon,Açık gri
Yumuşak dokulu palazzo jogger pantolon,1590.0,Pantolon,Koyu gri
Yumuşak dokulu palazzo jogger pantolon,1590.0,Pantolon,Kahverengi
Yumuşak dokulu palazzo jogger pantolon,1590.0,Pantolon,0-526
Yumuşak dokulu palazzo jogger pantolon,1590.0,Pantolon,Mor
Çizgili ketenli dökümlü pantolon,1190.0,Pantolon,Gri
Lastik belli palazzo jogger pantolon,1590.0,Pantolon,Açık mavi
Dar kesim düz paça klasik pantolon,1490.0,Pantolon,Siyah
Dar kesim düz paça klasik pantolon,1490.0,Pantolon,Koyu Gri
Dar kesim düz paça klasik pantolon,1490.0,Pantolon,Kahverengi
Dar kesim düz paça klasik pantolon,1490.0,Pantolon,Krem rengi
Süper hacimli şalvar pantolon,2290.0,Pantolon,Kahverengi
Geniş paça jogger pantolon,1190.0,Pantolon,Açık gri
Geniş paça jogger pantolon,1190.0,Pantolon,Ekru
Dökümlü pantolon,1010.0,Pantolon,Gri
Dökümlü pantolon,1690.0,Pantolon,Siyah
Dökümlü pantolon,1010.0,Pantolon,Koyu Gri
Dökümlü pantolon,1690.0,Pantolon,Mor
Barrel kumaş pantolon,1790.0,Pantolon,Kahverengi
Balon stoperli jogger pantolon,1590.0,Pantolon,Açık gri
Balon kesim klasik pantolon,1590.0,Pantolon,Lacivert
Balon kesim klasik pantolon,1590.0,Pantolon,Siyah
Balon kesim klasik pantolon,1590.0,Pantolon,Kahverengi
Geniş paça pantolon,1590.0,Pantolon,Siyah
Geniş paça pantolon,1590.0,Pantolon,Koyu Gri
Geniş paça pantolon,1590.0,Pantolon,Kahverengi
Geniş paça pantolon,1590.0,Pantolon,Bej
Geniş paça pantolon,1590.0,Pantolon,Haki
Yumuşak dokulu dikiş detaylı geniş paça jogger pantolon,1590.0,Pantolon,Kahverengi
Yumuşak dokulu dikiş detaylı geniş paça jogger pantolon,1590.0,Pantolon,Siyah
Yumuşak dokulu dikiş detaylı geniş paça jogger pantolon,1590.0,Pantolon,Lacivert
Yumuşak dokulu dikiş detaylı geniş paça jogger pantolon,1590.0,Pantolon,Açık gri
Yumuşak dokulu dikiş detaylı geniş paça jogger pantolon,1590.0,Pantolon,Krem rengi
Barrel jogger pantolon,1590.0,Pantolon,Siyah
Barrel jogger pantolon,1590.0,Pantolon,Lacivert
Barrel jogger pantolon,1590.0,Pantolon,Açık gri
Keten görünümlü bağcıklı pantolon,1190.0,Pantolon,Kahverengi
Keten görünümlü bağcıklı pantolon,1190.0,Pantolon,Siyah
Keten görünümlü bağcıklı pantolon,1190.0,Pantolon,Beyaz
Mini şort,1190.0,Pantolon,Siyah
Saten yüzeyli zincir detaylı pensli pantolon,1790.0,Pantolon,Ekru
Saten yüzeyli zincir detaylı pensli pantolon,1790.0,Pantolon,Açık sarı
Konumsal bol jogger pantolon,1690.0,Pantolon,Koyu Gri
Yumuşak dökümlü balon pantolon,1590.0,Pantolon,Koyu Gri
Kumaş jogger pantolon,1590.0,Pantolon,Kahverengi
Kumaş jogger pantolon,1590.0,Pantolon,Siyah
Yıkanmış görünümlü straight jogger pantolon,1590.0,Pantolon,Pembe
Yıkanmış görünümlü straight jogger pantolon,1590.0,Pantolon,Koyu Gri
Yıkanmış görünümlü straight jogger pantolon,1590.0,Pantolon,Bej
"Balon jogger pantolon, katlamalı bel, yumuşak doku",1590.0,Pantolon,Koyu lacivert
"Balon jogger pantolon, katlamalı bel, yumuşak doku",1590.0,Pantolon,Siyah
"Balon jogger pantolon, katlamalı bel, yumuşak doku",1590.0,Pantolon,Açık gri
"Balon jogger pantolon, katlamalı bel, yumuşak doku",1590.0,Pantolon,Krem rengi
Tokalı detaylı geniş paça pantolon,1590.0,Pantolon,Kahverengi
Tokalı detaylı geniş paça pantolon,1590.0,Pantolon,Siyah
Tokalı detaylı geniş paça pantolon,1590.0,Pantolon,Lacivert
Tokalı detaylı geniş paça pantolon,1590.0,Pantolon,Açık mavi
Tokalı detaylı geniş paça pantolon,1590.0,Pantolon,Koyu kırmızı
Ketenli pensli culotte pantolon,1490.0,Pantolon,Ekru
Geniş paça jogger pantolon,1090.0,Pantolon,Siyah
Geniş paça jogger pantolon,1190.0,Pantolon,Koyu lacivert
Geniş paça jogger pantolon,1190.0,Pantolon,Kırmızı
Geniş paça jogger pantolon,1190.0,Pantolon,Mor
Mini şort,790.0,Pantolon,Koyu Gri
Mini şort,790.0,Pantolon,Kahverengi
Çıtçıtlı şalvar pantolon,1790.0,Pantolon,Haki
Kemerli smart pantolon,1790.0,Pantolon,Koyu gri
Kemerli smart pantolon,1790.0,Pantolon,Siyah
Zincir kemerli saten yüzeyli pensli pantolon,1790.0,Pantolon,Haki
Zincir kemerli saten yüzeyli pensli pantolon,1790.0,Pantolon,Lacivert
Zincirli pensli liyosel pantolon,1790.0,Pantolon,Kahverengi
Balon saten yüzeyli şık pantolon,1790.0,Pantolon,Koyu lacivert
Balon saten yüzeyli şık pantolon,1790.0,Pantolon,Kahverengi
Pensli barrel smart pantolon,1790.0,Pantolon,Koyu gri
Pensli barrel smart pantolon,1790.0,Pantolon,Siyah
Pensli barrel smart pantolon,1790.0,Pantolon,Lacivert
Pensli barrel smart pantolon,1790.0,Pantolon,Kahverengi
Yumuşak dokulu acid wash jogger pantolon,1690.0,Pantolon,Koyu Gri
Balon jogger pantolon,1590.0,Pantolon,Koyu gri
Balon jogger pantolon,1590.0,Pantolon,Açık gri
Ayarlanabilir süper geniş paça pantolon,1590.0,Pantolon,Krem rengi
Yumuşak dokulu interlok jogger pantolon,1590.0,Pantolon,Koyu Gri
Yumuşak dokulu interlok jogger pantolon,950.0,Pantolon,Açık gri
Yumuşak dokulu dikiş detaylı düz paça jogger pantolon,1590.0,Pantolon,Siyah
Süper barrel jogger pantolon,1590.0,Pantolon,Lacivert
Süper barrel jogger pantolon,1590.0,Pantolon,Açık gri
Geniş paça klasik pantolon,1590.0,Pantolon,Koyu Gri
Balon jogger pantolon,1490.0,Pantolon,Koyu lacivert
Balon jogger pantolon,1490.0,Pantolon,Siyah
Balon jogger pantolon,1490.0,Pantolon,Kahverengi
Balon jogger pantolon,1490.0,Pantolon,Bej
Yumuşak dokulu balon jogger pantolon,1490.0,Pantolon,Kahverengi
Yumuşak dokulu balon jogger pantolon,1490.0,Pantolon,Siyah
Cepli Klasik Pantolon,1490.0,Pantolon,Lacivert
Cepli Klasik Pantolon,1490.0,Pantolon,Siyah
Cepli Klasik Pantolon,1490.0,Pantolon,Koyu gri
Kırışık görünümlü straight fit pantolon,1190.0,Pantolon,Ekru
Kırışık görünümlü straight fit pantolon,1190.0,Pantolon,Siyah
Kırışık görünümlü straight fit pantolon,1190.0,Pantolon,Kahverengi
Kırışık görünümlü straight fit pantolon,1190.0,Pantolon,Haki
Liyosel şalvar pantolon,1190.0,Pantolon,Kahverengi
Liyosel şalvar pantolon,1190.0,Pantolon,Beyaz
Liyosel şalvar pantolon,1190.0,Pantolon,Haki
Yumuşak dokulu dikiş detaylı çan paça pantolon,1190.0,Pantolon,Açık gri
Yumuşak dokulu dikiş detaylı çan paça pantolon,1190.0,Pantolon,Siyah
Nervürlü örgü pantolon,1190.0,Pantolon,Kahverengi
Nervürlü örgü pantolon,1190.0,Pantolon,Ekru
Nervürlü örgü pantolon,1190.0,Pantolon,Koyu Gri
Nervürlü örgü pantolon,1190.0,Pantolon,Koyu bej
Şeritli jogger pantolon,1190.0,Pantolon,Siyah
Şeritli jogger pantolon,1190.0,Pantolon,Lacivert
Şeritli jogger pantolon,1190.0,Pantolon,Açık gri
Biyeli geniş paça eşofman altı,1190.0,Pantolon,Lacivert
Biyeli geniş paça eşofman altı,1190.0,Pantolon,Bordo
Biyeli geniş paça eşofman altı,1190.0,Pantolon,Açık gri
Saten görünümlü mini şort,1090.0,Pantolon,Lacivert
Yan şeritli teknik şort,1090.0,Pantolon,Açık sarı
Kısa spor şort etek,1090.0,Pantolon,Siyah
Boyfriend jogger pantolon,990.0,Pantolon,Açık gri
Boyfriend jogger pantolon,990.0,Pantolon,Siyah
Çizgili elastik belli poplin şort,990.0,Pantolon,Açık mavi
Desenli dökümlü saten pantolon,1690.0,Pantolon,Koyu bej
Keten görünümlü straight fit pantolon,1590.0,Pantolon,Ekru
Stoperli jogger pantolon,1590.0,Pantolon,Açık gri
Saten pensli bermuda,1490.0,Pantolon,Kahverengi
Dökümlü kruvaze pantolon,1590.0,Pantolon,Haki
Dökümlü tokalı pantolon,1790.0,Pantolon,Siyah
Teknik pantolon,1790.0,Pantolon,Lacivert
Dökümlü pareo pantolon,1490.0,Pantolon,Haki
Dökümlü pareo pantolon,1490.0,Pantolon,Krem rengi
Mini teknik şort,1090.0,Pantolon,Krem rengi
Tokalı pensli şalvar pantolon,1790.0,Pantolon,Pembe
Dökümlü Sarong Pantolon,1490.0,Pantolon,Siyah
Geniş paça keten görünümlü pantolon,1490.0,Pantolon,Ekru
Geniş paça keten görünümlü pantolon,1490.0,Pantolon,Koyu lacivert
KEMERİ KATLANMIŞ FİLE PANTOLON,1190.0,Pantolon,Siyah
Yumuşak dokulu çan paça pantolon,1490.0,Pantolon,Siyah
Mini kumaş şort,1190.0,Pantolon,Siyah
Balon nakışlı pantolon,2290.0,Pantolon,Açık mavi
Tokalı balon pantolon,1790.0,Pantolon,Ekru
Çizgili geniş paça jogger pantolon,1190.0,Pantolon,Koyu lacivert
Kuşgözü detaylı jogger pantolon,1590.0,Pantolon,Lacivert
Zımbalı sweatshirt pantolon,1590.0,Pantolon,Koyu gri
Saten dantelli şort,1190.0,Pantolon,Kahverengi
Çan Paça Tayt,1190.0,Pantolon,Koyu lacivert
Çan Paça Tayt,1190.0,Pantolon,Siyah
Çan Paça Tayt,1190.0,Pantolon,Açık gri
Çizgili bel detaylı smart pantolon,1790.0,Pantolon,Kahverengi
Yumuşak dokunuşlu pensli pantolon,1790.0,Pantolon,Bej
Yumuşak dokunuşlu pensli pantolon,1790.0,Pantolon,Siyah
Yumuşak dokunuşlu pensli pantolon,1790.0,Pantolon,Açık gri
Cepli straight fit jean,1790.0,Pantolon,SOLUK EFEKTLİ ORTA MAVİ DENIM
Cepli straight fit jean,1790.0,Pantolon,SOLUK EFEKTLİ AÇIK MAVİ DENIM
Cepli straight fit jean,1790.0,Pantolon,SOLUK EFEKTLİ DESIZED DENIM
Konumsal yıkamalı jogger pantolon,1590.0,Pantolon,Bej
Geniş paça jean,1790.0,Pantolon,Siyah
Geniş paça jean,1790.0,Pantolon,Kahverengi
"Pileli, bol kesim, ofis pantolonu",1490.0,Pantolon,Koyu gri
"Pileli, bol kesim, ofis pantolonu",1490.0,Pantolon,Siyah
"Pileli, bol kesim, ofis pantolonu",1490.0,Pantolon,Kahverengi
Yumuşak dokunuşlu culotte pantolon,1490.0,Pantolon,Açık mavi
Yumuşak dokunuşlu culotte pantolon,1490.0,Pantolon,Siyah
Yumuşak dokunuşlu culotte pantolon,1490.0,Pantolon,Koyu lacivert
Düz kesim ofis pantolonu,1590.0,Pantolon,Koyu Gri
Düz kesim ofis pantolonu,1590.0,Pantolon,Siyah
Zımba detaylı jogger pantolon,1590.0,Pantolon,Siyah
Kısa kollu kayık yaka t-shirt,790.0,Tişört,Açık sarı
Kısa kollu kayık yaka t-shirt,790.0,Tişört,Siyah
Kısa kollu kayık yaka t-shirt,790.0,Tişört,Beyaz
Kısa kollu kayık yaka t-shirt,790.0,Tişört,Pembe
Kısa kollu kayık yaka t-shirt,790.0,Tişört,Açık gri
Basic regular fit kalın tişört,490.0,Tişört,Ekru
Basic regular fit kalın tişört,490.0,Tişört,Siyah
Basic regular fit kalın tişört,490.0,Tişört,Koyu lacivert
Basic regular fit kalın tişört,490.0,Tişört,Açık mavi
Basic regular fit kalın tişört,490.0,Tişört,Pembe
Basic regular fit kalın tişört,490.0,Tişört,Kahverengi
Basic regular fit kalın tişört,490.0,Tişört,Mor
Basic yarasa kollu t-shirt,790.0,Tişört,Siyah
Basic yarasa kollu t-shirt,790.0,Tişört,Ekru
Basic yarasa kollu t-shirt,790.0,Tişört,Krem rengi
Basic yarasa kollu t-shirt,790.0,Tişört,Koyu yeşil
"Çizgili, heavy weight, regular fit basic tişört",490.0,Tişört,Kahverengi
"Çizgili, heavy weight, regular fit basic tişört",490.0,Tişört,Ekru
"Çizgili, heavy weight, regular fit basic tişört",490.0,Tişört,Koyu mavi
"Çizgili, heavy weight, regular fit basic tişört",490.0,Tişört,Pembe
Yumuşak dokunuşlu regular basic tişört,590.0,Tişört,Beyaz
Yumuşak dokunuşlu regular basic tişört,590.0,Tişört,Siyah
Yumuşak dokunuşlu regular basic tişört,590.0,Tişört,Açık mavi
Yumuşak dokunuşlu regular basic tişört,590.0,Tişört,Açık sarı
Yumuşak dokunuşlu regular basic tişört,590.0,Tişört,Kahverengi
Basic uzun kollu tişört,590.0,Tişört,Ekru
Basic uzun kollu tişört,590.0,Tişört,Siyah
Basic uzun kollu tişört,590.0,Tişört,Kırmızı
Basic uzun kollu tişört,590.0,Tişört,Pembe
Basic uzun kollu tişört,590.0,Tişört,Kahverengi
Basic uzun kollu tişört,590.0,Tişört,Krem rengi
Basic uzun kollu tişört,590.0,Tişört,Mor
Floklu qipao tarzı t-shirt,990.0,Tişört,Siyah
Floklu qipao tarzı t-shirt,990.0,Tişört,Ekru
Floklu qipao tarzı t-shirt,990.0,Tişört,Kahverengi
Basic dar kesim tişört,490.0,Tişört,Beyaz
Basic dar kesim tişört,490.0,Tişört,Siyah
Basic dar kesim tişört,490.0,Tişört,Açık gri
Kısa kollu dantelli etek ucu t-shirt,990.0,Tişört,Siyah
Kısa kollu dantelli etek ucu t-shirt,990.0,Tişört,Beyaz
Kısa kollu dantelli etek ucu t-shirt,990.0,Tişört,Pembe
Basic dikişsiz polo t-shirt,790.0,Tişört,Koyu lacivert
Basic dikişsiz polo t-shirt,790.0,Tişört,Beyaz
Basic dikişsiz polo t-shirt,790.0,Tişört,Açık mavi
Basic dikişsiz polo t-shirt,790.0,Tişört,Açık sarı
Basic dar kesim çizgili t-shirt,490.0,Tişört,Açık mavi
Basic dar kesim çizgili t-shirt,490.0,Tişört,Açık sarı
Çift asimetrik t-shirt,990.0,Tişört,Kahverengi
Çift asimetrik t-shirt,990.0,Tişört,Açık gri
Çift asimetrik t-shirt,990.0,Tişört,Koyu Gri
Büzgülü uzun kollu tişört,590.0,Tişört,Ekru
Büzgülü uzun kollu tişört,590.0,Tişört,Siyah
Büzgülü uzun kollu tişört,590.0,Tişört,Koyu mavi
Büzgülü uzun kollu tişört,590.0,Tişört,Koyu kırmızı
Büzgülü uzun kollu tişört,590.0,Tişört,Kahverengi
Büzgülü uzun kollu tişört,590.0,Tişört,Mor
Japon kısa kollu t-shirt,790.0,Tişört,SOLUK EFEKTLİ GRİ DENIM
Japon kısa kollu t-shirt,790.0,Tişört,Beyaz
Japon kısa kollu t-shirt,790.0,Tişört,Açık pembe
Japon kısa kollu t-shirt,790.0,Tişört,Açık sarı
Dantelli dikişsiz tişört,990.0,Tişört,Siyah
Dantelli dikişsiz tişört,990.0,Tişört,Ekru
Dantelli dikişsiz tişört,990.0,Tişört,Pembe
Dantelli dikişsiz tişört,990.0,Tişört,Kahverengi
Dantelli dikişsiz tişört,990.0,Tişört,Mor
Asimetrik metal tokalı t-shirt,590.0,Tişört,Siyah
Çift katmanlı t-shirt,790.0,Tişört,Açık sarı
Çift katmanlı t-shirt,790.0,Tişört,Lacivert
Çift katmanlı t-shirt,790.0,Tişört,Açık gri
Büzgülü uzun kollu t-shirt,790.0,Tişört,Beyaz
Büzgülü uzun kollu t-shirt,790.0,Tişört,Siyah
Çizgili uzun kollu t-shirt,1090.0,Tişört,Açık gri
Çizgili uzun kollu t-shirt,1090.0,Tişört,Ekru
Çizgili uzun kollu t-shirt,1090.0,Tişört,Açık mavi
Çizgili basic uzun kollu pamuklu t-shirt,350.0,Tişört,Koyu mavi
Basic fitted büzgülü t-shirt,590.0,Tişört,Kahverengi
Basic fitted büzgülü t-shirt,590.0,Tişört,Siyah
Basic fitted büzgülü t-shirt,590.0,Tişört,Ekru
Basic fitted büzgülü t-shirt,590.0,Tişört,Koyu mavi
Kısa kollu oversize t-shirt,550.0,Tişört,Siyah
Kısa kollu oversize t-shirt,550.0,Tişört,Beyaz
Kısa kollu oversize t-shirt,550.0,Tişört,Açık mavi
Kısa kollu oversize t-shirt,550.0,Tişört,Açık pembe
Kısa kollu oversize t-shirt,550.0,Tişört,Kahverengi
Büzgülü tül t-shirt,790.0,Tişört,Koyu mavi
Büzgülü tül t-shirt,790.0,Tişört,Siyah
Büzgülü tül t-shirt,790.0,Tişört,Pembe
Büzgülü tül t-shirt,790.0,Tişört,Kahverengi
Dik yaka kolsuz t-shirt,490.0,Tişört,Kahverengi
Dik yaka kolsuz t-shirt,490.0,Tişört,Siyah
Dik yaka kolsuz t-shirt,490.0,Tişört,Beyaz
Dik yaka kolsuz t-shirt,490.0,Tişört,Pembe
Yumuşak dokulu kısa kollu t-shirt,990.0,Tişört,Siyah
Yumuşak dokulu kısa kollu t-shirt,990.0,Tişört,Lacivert
Yumuşak dokulu kısa kollu t-shirt,990.0,Tişört,Kahverengi
Yumuşak dokulu kısa kollu t-shirt,990.0,Tişört,Krem rengi
Yarasa kollu t-shirt,790.0,Tişört,Açık pembe
Yarasa kollu t-shirt,790.0,Tişört,Siyah
Yarasa kollu t-shirt,790.0,Tişört,Beyaz
Yarasa kollu t-shirt,790.0,Tişört,Açık mavi
Yarasa kollu t-shirt,790.0,Tişört,Kahverengi
Modal asimetrik tişört,790.0,Tişört,Siyah
Modal asimetrik tişört,790.0,Tişört,Ekru
Modal asimetrik tişört,790.0,Tişört,Koyu mavi
Modal asimetrik tişört,790.0,Tişört,Kahverengi
Modal asimetrik tişört,790.0,Tişört,Mor
Basic uzun kollu pamuklu tişört,350.0,Tişört,Beyaz
Basic uzun kollu pamuklu tişört,350.0,Tişört,Siyah
Kısa kollu t-shirt 23,990.0,Tişört,Koyu lacivert
Düğmeli asimetrik t-shirt,990.0,Tişört,Ekru
Düğmeli asimetrik t-shirt,990.0,Tişört,Koyu gri
Düğmeli asimetrik t-shirt,990.0,Tişört,Kahverengi
Bugs Bunny kısa kollu t-shirt,990.0,Tişört,Açık gri
Asimetrik çift katmanlı uzun kollu t-shirt,990.0,Tişört,Kahverengi
Çift melek desenli t-shirt,990.0,Tişört,Ekru
V yaka t-shirt kuşaklı,790.0,Tişört,Kahverengi
V yaka t-shirt kuşaklı,790.0,Tişört,Siyah
V yaka t-shirt kuşaklı,790.0,Tişört,Ekru
V yaka t-shirt kuşaklı,790.0,Tişört,Pembe
Dantel detaylı kısa kollu V yaka t-shirt,790.0,Tişört,Siyah
Dantel detaylı kısa kollu V yaka t-shirt,790.0,Tişört,Ekru
Dantel detaylı kısa kollu V yaka t-shirt,790.0,Tişört,Pembe
Dantel detaylı kısa kollu V yaka t-shirt,790.0,Tişört,Kahverengi
Çift katlı t-shirt,790.0,Tişört,Açık gri
Çift katlı t-shirt,790.0,Tişört,Ekru
Asimetrik yakalı tişört,790.0,Tişört,Lacivert
Asimetrik yakalı tişört,790.0,Tişört,Siyah
Asimetrik yakalı tişört,790.0,Tişört,Ekru
Asimetrik yakalı tişört,790.0,Tişört,Bordo
Asimetrik yakalı tişört,790.0,Tişört,Koyu gri
Asimetrik yakalı tişört,790.0,Tişört,Kahverengi
Düğmeli t-shirt,790.0,Tişört,Siyah
Düğmeli t-shirt,790.0,Tişört,Beyaz
Düğmeli t-shirt,790.0,Tişört,Lacivert
Düğmeli t-shirt,790.0,Tişört,Bordo
Düğmeli t-shirt,790.0,Tişört,Kahverengi
Yazı baskılı kayık yaka t-shirt,650.0,Tişört,Kırmızı
Kalın askılı poliamid t-shirt,590.0,Tişört,Ekru
Kalın askılı poliamid t-shirt,590.0,Tişört,Siyah
Kalın askılı poliamid t-shirt,590.0,Tişört,Lacivert
Kalın askılı poliamid t-shirt,590.0,Tişört,Açık mavi
Kalın askılı poliamid t-shirt,590.0,Tişört,Krem rengi
Çizgili basic uzun kollu pamuklu tişört,590.0,Tişört,Mor
"Çizgili, uzun kollu, basic t-shirt",590.0,Tişört,Ekru
Basic geniş yaka tişört,590.0,Tişört,Koyu lacivert
Basic geniş yaka tişört,590.0,Tişört,Siyah
Basic geniş yaka tişört,590.0,Tişört,Ekru
Basic geniş yaka tişört,590.0,Tişört,Pembe
Basic geniş yaka tişört,590.0,Tişört,Açık sarı
Kısa kollu V yaka t-shirt,550.0,Tişört,Siyah
Kısa kollu V yaka t-shirt,550.0,Tişört,Beyaz
Kısa kollu V yaka t-shirt,550.0,Tişört,Açık sarı
Kısa kollu V yaka t-shirt,550.0,Tişört,Koyu yeşil
Basic kolsuz tişört,550.0,Tişört,Açık mavi
Basic kolsuz tişört,550.0,Tişört,Siyah
Basic kolsuz tişört,550.0,Tişört,Beyaz
Basic kolsuz tişört,550.0,Tişört,Lacivert
Basic kolsuz tişört,550.0,Tişört,Kırmızı
Basic kolsuz tişört,550.0,Tişört,Kahverengi
İki malzemeli örgü tişört,1590.0,Tişört,Kahverengi
İki malzemeli örgü tişört,1590.0,Tişört,Ekru
Dantelli uzun kollu t-shirt,1490.0,Tişört,Açık mavi
Çizgili mini kollu basic t-shirt,350.0,Tişört,Pembe
Kuşak detaylı kayık yaka triko t-shirt,1090.0,Tişört,Krem rengi
Kuşak detaylı kayık yaka triko t-shirt,1090.0,Tişört,Siyah
Kuşak detaylı kayık yaka triko t-shirt,1090.0,Tişört,Kahverengi
Asimetrik şeffaf body,1090.0,Tişört,Siyah
Yumuşak dokulu oversize tişört,1090.0,Tişört,Ekru
Yumuşak dokulu oversize tişört,1090.0,Tişört,Siyah
Yumuşak dokulu oversize tişört,1090.0,Tişört,Koyu lacivert
Yumuşak dokulu oversize tişört,1090.0,Tişört,Açık mavi
Asimetrik zımbalı t-shirt,990.0,Tişört,Ekru
Asimetrik zımbalı t-shirt,990.0,Tişört,Siyah
Asimetrik zımbalı t-shirt,990.0,Tişört,Kahverengi
Yanları büzgülü kısa kollu t-shirt,990.0,Tişört,Kahverengi
Yanları büzgülü kısa kollu t-shirt,990.0,Tişört,Beyaz
Yanları büzgülü kısa kollu t-shirt,990.0,Tişört,Açık mavi
Oversize uzun kollu çizgili t-shirt,990.0,Tişört,Açık mavi
Oversize uzun kollu çizgili t-shirt,990.0,Tişört,Bordo
Halter yaka uzun kollu t-shirt,990.0,Tişört,Siyah
Halter yaka uzun kollu t-shirt,990.0,Tişört,Açık gri
Halter yaka uzun kollu t-shirt,990.0,Tişört,Kahverengi
Baskılı kayık yaka t-shirt,990.0,Tişört,Açık mavi
Çift uzun kollu çıtçıt düğmeli t-shirt,990.0,Tişört,Açık gri
Dikişsiz polo tişört,990.0,Tişört,Ekru
Dikişsiz polo tişört,990.0,Tişört,Siyah
Dikişsiz polo tişört,990.0,Tişört,Kahverengi
Çizgili kısa kollu t-shirt,790.0,Tişört,Açık mavi
Çizgili kısa kollu t-shirt,790.0,Tişört,Pembe
Çizgili kısa kollu t-shirt,790.0,Tişört,Açık sarı
Çift katlı kısa kollu t-shirt,790.0,Tişört,Açık pembe
Çift katlı kısa kollu t-shirt,790.0,Tişört,Beyaz
Çift katlı kısa kollu t-shirt,790.0,Tişört,Kahverengi
Basic regular pamuklu tişört,790.0,Tişört,Ekru
Basic regular pamuklu tişört,790.0,Tişört,Kahverengi
Basic regular pamuklu tişört,790.0,Tişört,Krem rengi
Basic vatkalı çizgili t-shirt,790.0,Tişört,Siyah
Çizgili bel bantlı uzun kollu kayık yaka t-shirt,790.0,Tişört,Kahverengi
Çizgili bel bantlı uzun kollu kayık yaka t-shirt,790.0,Tişört,Lacivert
B06 Düşük omuz basic t-shirt,790.0,Tişört,Ekru
B06 Düşük omuz basic t-shirt,790.0,Tişört,Siyah
B06 Düşük omuz basic t-shirt,790.0,Tişört,Pembe
B06 Düşük omuz basic t-shirt,790.0,Tişört,Kahverengi
Çapraz askılı atlet,590.0,Tişört,Açık pembe
Çapraz askılı atlet,590.0,Tişört,Ekru
Çapraz askılı atlet,590.0,Tişört,Açık sarı
"Kısa kollu, kayık yaka, büzgülü t-shirt",590.0,Tişört,Beyaz
"Kısa kollu, kayık yaka, büzgülü t-shirt",590.0,Tişört,Kahverengi
Basic dik yaka tişört,590.0,Tişört,Kahverengi
Basic dik yaka tişört,590.0,Tişört,Siyah
Basic dik yaka tişört,590.0,Tişört,Ekru
basic kısa kollu bisiklet yaka t-shirt,550.0,Tişört,Açık sarı
basic kısa kollu bisiklet yaka t-shirt,550.0,Tişört,Beyaz
basic kısa kollu bisiklet yaka t-shirt,550.0,Tişört,Kahverengi
Basic dar kesim crop t-shirt,350.0,Tişört,Koyu lacivert
Basic dar kesim crop t-shirt,350.0,Tişört,Siyah
Basic dar kesim crop t-shirt,350.0,Tişört,Beyaz
One Dilemma parıltılı kısa kollu kayık yaka t-shirt,990.0,Tişört,Siyah
One Dilemma parıltılı kısa kollu kayık yaka t-shirt,990.0,Tişört,Beyaz
Beyzbol t-shirt,590.0,Tişört,Açık mavi
Fitilli pamuklu çapraz askılı tişört,490.0,Tişört,Açık gri
Oversize grafik detaylı dantel t-shirt,1090.0,Tişört,Ekru
Çift kontrastlı t-shirt,990.0,Tişört,Ekru
Kısa kollu kontrast baskılı t-shirt,790.0,Tişört,Açık mavi
Kısa kollu muz t-shirt,790.0,Tişört,Kahverengi
Ecocell çift katmanlı t-shirt,990.0,Tişört,Siyah
Ecocell çift katmanlı t-shirt,990.0,Tişört,Beyaz
Konumlandırılmış kısa kollu t-shirt,590.0,Tişört,Beyaz
Sweety kısa kollu bisiklet yaka t-shirt,1190.0,Tişört,Pembe
Bugs Bunny dantelli t-shirt,1490.0,Tişört,Ekru
Uzun kollu bindirmeli t-shirt,990.0,Tişört,Gri
Kruvaze dantel t-shirt,1190.0,Tişört,Açık mavi
"Uzun kollu, yumuşak dokulu normal t-shirt",790.0,Tişört,Açık gri
Büzgülü body,990.0,Tişört,Kahverengi
Büzgülü body,990.0,Tişört,Siyah
Büzgülü body,990.0,Tişört,Ekru
Asimetrik yumuşak t-shirt,1490.0,Tişört,Koyu Gri
Kısa kollu kayık yaka t-shirt,790.0,Tişört,Koyu lacivert
Grafik detaylı kısa kollu t-shirt,990.0,Tişört,Lacivert
Grafik ve aplikeli kısa kollu t-shirt,1090.0,Tişört,Lacivert
Grafik ve aplikeli kısa kollu t-shirt,1090.0,Tişört,Açık mavi
Çizgili baskılı kısa kollu t-shirt,990.0,Tişört,Lacivert
Çizgili baskılı kısa kollu t-shirt,990.0,Tişört,Kırmızı
Çoklu pozisyon t-shirt,990.0,Tişört,Açık mavi
Çıtçıt detaylı v yaka t-shirt,1090.0,Tişört,Koyu gri
Baskılı yarasa kollu t-shirt,790.0,Tişört,Lacivert
Kısa kollu KEWPIE t-shirt,990.0,Tişört,Beyaz
Oversize baskılı t-shirt,990.0,Tişört,Siyah
Poliamid uzun kollu t-shirt,790.0,Tişört,Kahverengi
Poliamid uzun kollu t-shirt,790.0,Tişört,Siyah
Poliamid uzun kollu t-shirt,790.0,Tişört,Beyaz
Büzgülü asimetrik t-shirt,790.0,Tişört,Koyu gri
Büzgülü asimetrik t-shirt,790.0,Tişört,Siyah
Büzgülü asimetrik t-shirt,790.0,Tişört,Kahverengi
Kuşaklı kayık yaka uzun kollu t-shirt,790.0,Tişört,Ekru
Kuşaklı kayık yaka uzun kollu t-shirt,790.0,Tişört,Siyah
Basic vatkalı t-shirt,790.0,Tişört,Beyaz
Basic vatkalı t-shirt,790.0,Tişört,Siyah
Basic vatkalı t-shirt,790.0,Tişört,Koyu lacivert
Asimetrik tül t-shirt,990.0,Tişört,Kahverengi
Asimetrik tül t-shirt,990.0,Tişört,Siyah
Asimetrik tül t-shirt,990.0,Tişört,Mor
Uzun kollu fitilli t-shirt,790.0,Tişört,Kahverengi
Uzun kollu fitilli t-shirt,790.0,Tişört,Ekru
Metal delikli asimetrik tişört,1090.0,Tişört,Ekru
Metal delikli asimetrik tişört,1090.0,Tişört,Siyah
Metal delikli asimetrik tişört,1090.0,Tişört,Kahverengi
Zımbalı yıldız t-shirt,1490.0,Tişört,Koyu gri
Asimetrik t-shirt zımbalı,1090.0,Tişört,Koyu gri
Asimetrik t-shirt zımbalı,1090.0,Tişört,Siyah
Asimetrik t-shirt zımbalı,1090.0,Tişört,Kahverengi
Zımba detaylı kayık yaka t-shirt,990.0,Tişört,Koyu gri
Basic poliamid t-shirt,590.0,Tişört,Bej
Basic poliamid t-shirt,590.0,Tişört,Siyah
Basic poliamid t-shirt,590.0,Tişört,Beyaz
Basic poliamid t-shirt,590.0,Tişört,Pembe
Oversize crop t-shirt,790.0,Tişört,Koyu lacivert
Çift konumlu t-shirt,1090.0,Tişört,Bej
Kafein crop t-shirt,990.0,Tişört,Siyah
Asimetrik çizgili tişört,990.0,Tişört,Lacivert
Çizgili geniş yaka tişört,990.0,Tişört,Koyu gri
Basic Kloş Kollu Tişört,790.0,Tişört,Kahverengi
Büzgülü çizgili açık omuz bluz,1090.0,Tişört,Koyu gri
Çift fermuarlı tişört,1090.0,Tişört,Ekru
Çift fermuarlı tişört,990.0,Tişört,Kahverengi
Çift fermuarlı tişört,990.0,Tişört,Siyah
Bisiklet Yaka Örme Tişört,1190.0,Tişört,Koyu Gri
Bisiklet Yaka Örme Tişört,1190.0,Tişört,Ekru
Bisiklet Yaka Örme Tişört,1190.0,Tişört,Kahverengi
Oversize çizgili polo tişört,1190.0,Tişört,Koyu gri
Asimetrik dantel büstiyer,1490.0,Tişört > Asimetrik,Kahverengi
Asimetrik dantel büstiyer,1490.0,Tişört > Asimetrik,Siyah
Asimetrik dantel büstiyer,1490.0,Tişört > Asimetrik,Ekru
Asimetrik desenli tül t-shirt,990.0,Tişört > Asimetrik,Koyu bej
Kalın askılı t-shirt,590.0,Tişört > STR Teen,Beyaz
Kalın askılı t-shirt,590.0,Tişört > STR Teen,Siyah
Kalın askılı t-shirt,590.0,Tişört > STR Teen,Açık pembe
Kalın askılı t-shirt,590.0,Tişört > STR Teen,Açık sarı
Kalın askılı t-shirt,590.0,Tişört > STR Teen,Kahverengi
Poliamid tişört,590.0,Tişört > STR Teen,Ekru
Poliamid tişört,590.0,Tişört > STR Teen,Siyah
Poliamid tişört,590.0,Tişört > STR Teen,Kahverengi
Boxy uzun kollu t-shirt,790.0,Tişört > STR Teen,Beyaz
Poliamid askılı üst,490.0,Tişört > STR Teen,Kahverengi
Poliamid askılı üst,490.0,Tişört > STR Teen,Siyah
Poliamid askılı üst,490.0,Tişört > STR Teen,Ekru
Poliamid askılı üst,490.0,Tişört > STR Teen,Altın rengi
Halter yaka t-shirt,590.0,Tişört > STR Teen,Beyaz
Halter yaka t-shirt,590.0,Tişört > STR Teen,Siyah
Halter yaka t-shirt,590.0,Tişört > STR Teen,Açık sarı
Basic bandeau,490.0,Tişört > STR Teen,Kahverengi
Basic bandeau,490.0,Tişört > STR Teen,Siyah
Basic bandeau,490.0,Tişört > STR Teen,Beyaz
Basic bandeau,490.0,Tişört > STR Teen,Açık sarı
Büzgülü açık omuzlu t-shirt,920.0,Tişört > STR Teen,Kahverengi
D80 barrel fit jean,1790.0,Jean,SOLUK EFEKTLİ AÇIK ORTA MAVİ DENIM
D80 barrel fit jean,1790.0,Jean,SOLUK EFEKTLİ ORTA MAVİ DENIM
D80 barrel fit jean,1790.0,Jean,SOLUK EFEKTLİ PARÇA BOYAMA DENIM
D92 straight fit geniş paça jean,1690.0,Jean,SOLUK EFEKTLİ AÇIK MAVİ DENIM
D92 straight fit geniş paça jean,1690.0,Jean,Koyu lacivert
D92 straight fit geniş paça jean,1690.0,Jean,Kahverengi
D92 straight fit geniş paça jean,1690.0,Jean,SOLUK EFEKTLİ DESIZED DENIM
D92 straight fit geniş paça jean,1690.0,Jean,SOLUK EFEKTLİ PARÇA BOYAMA DENIM
D92 straight fit geniş paça jean,1690.0,Jean,SOLUK EFEKTLİ İNCİ GRİSİ DENIM
D92 straight fit geniş paça jean,1690.0,Jean,SOLUK EFEKTLİ KOYU GRİ DENIM
D92 straight fit geniş paça jean,1690.0,Jean,SOLUK EFEKTLİ SİYAH DENIM
D92 straight fit geniş paça jean,1690.0,Jean,SOLUK EFEKTLİ AÇIK ORTA MAVİ DENIM
D92 straight fit geniş paça jean,1690.0,Jean,SOLUK EFEKTLİ GRİ DENIM
D92 straight fit geniş paça jean,1690.0,Jean,SOLUK EFEKTLİ ORTA MAVİ DENIM
D92 straight geniş paça jean,1690.0,Jean,Siyah
D92 straight geniş paça jean,1690.0,Jean,Beyaz
D92 straight geniş paça jean,1690.0,Jean,Ekru
D92 straight geniş paça jean,1690.0,Jean,Kahverengi
D91 Düşük Bel Geniş Paça Jean,1690.0,Jean,SOLUK EFEKTLİ ORTA MAVİ DENIM
D91 Düşük Bel Geniş Paça Jean,1690.0,Jean,SOLUK EFEKTLİ AÇIK MAVİ DENIM
D91 Düşük Bel Geniş Paça Jean,1690.0,Jean,SOLUK EFEKTLİ AÇIK ORTA MAVİ DENIM
D91 Düşük Bel Geniş Paça Jean,1690.0,Jean,SOLUK EFEKTLİ PARÇA BOYAMA DENIM
D91 Düşük Bel Geniş Paça Jean,1690.0,Jean,SOLUK EFEKTLİ İNCİ GRİSİ DENIM
D91 Düşük Bel Geniş Paça Jean,1690.0,Jean,SOLUK EFEKTLİ GRİ DENIM
D91 Düşük Bel Geniş Paça Jean,1690.0,Jean,SOLUK EFEKTLİ SİYAH DENIM
D91 Düşük Bel Geniş Paça Jean,1690.0,Jean,SOLUK EFEKTLİ DESIZED DENIM
D91 Düşük Bel Fitilli Geniş Paça Jean,1690.0,Jean,Ekru
Düşük bel straight fit çekiç belli jean,1790.0,Jean,SOLUK EFEKTLİ ORTA MAVİ DENIM
Düşük bel straight fit çekiç belli jean,1790.0,Jean,SOLUK EFEKTLİ AÇIK ORTA MAVİ DENIM
D98 Straight fit Kot Pantolon,1590.0,Jean,SOLUK EFEKTLİ KOYU GRİ DENIM
D98 Straight fit Kot Pantolon,1590.0,Jean,SOLUK EFEKTLİ AÇIK MAVİ DENIM
D98 Straight fit Kot Pantolon,1590.0,Jean,SOLUK EFEKTLİ AÇIK ORTA MAVİ DENIM
D98 Straight fit Kot Pantolon,1590.0,Jean,SOLUK EFEKTLİ ORTA MAVİ DENIM
D98 Straight fit Kot Pantolon,1590.0,Jean,SOLUK EFEKTLİ GRİ DENIM
D98 Straight fit Kot Pantolon,1590.0,Jean,SOLUK EFEKTLİ SİYAH DENIM
D74 yırtmaçlı çan paça jean,1590.0,Jean,SOLUK EFEKTLİ AÇIK ORTA MAVİ DENIM
D74 yırtmaçlı çan paça jean,1590.0,Jean,SOLUK EFEKTLİ DESIZED DENIM
D74 yırtmaçlı çan paça jean,1590.0,Jean,SOLUK EFEKTLİ GRİ DENIM
D74 yırtmaçlı çan paça jean,1590.0,Jean,SOLUK EFEKTLİ SİYAH DESIZED
D74 yırtmaçlı çan paça jean,1590.0,Jean,SOLUK EFEKTLİ ORTA MAVİ DENIM
Parlak detaylı straight fit jean,2490.0,Jean,SOLUK EFEKTLİ ORTA MAVİ DENIM
D04 Düşük Bel Çan Paça Jean,1790.0,Jean,SOLUK EFEKTLİ ORTA MAVİ DENIM
D04 Düşük Bel Çan Paça Jean,1790.0,Jean,SOLUK EFEKTLİ AÇIK ORTA MAVİ DENIM
Düşük bel barrel jean,1790.0,Jean,SOLUK EFEKTLİ AÇIK ORTA MAVİ DENIM
D67 dar kesim bootcut jean,1590.0,Jean,SOLUK EFEKTLİ AÇIK ORTA MAVİ DENIM
D67 dar kesim bootcut jean,1590.0,Jean,SOLUK EFEKTLİ AÇIK MAVİ DENIM
D67 dar kesim bootcut jean,1590.0,Jean,SOLUK EFEKTLİ DESIZED DENIM
D67 dar kesim bootcut jean,1590.0,Jean,SOLUK EFEKTLİ ORTA MAVİ DENIM
Düşük bel geniş paça parlak detaylı jean,2490.0,Jean,SOLUK EFEKTLİ AÇIK ORTA MAVİ DENIM
Yıldız detaylı düşük bel geniş paça jean,2290.0,Jean,SOLUK EFEKTLİ PARÇA BOYAMA DENIM
Yıldız detaylı düşük bel geniş paça jean,2290.0,Jean,SOLUK EFEKTLİ AÇIK ORTA MAVİ DENIM
"Düşük belli, geniş paça, yıldız detaylı jean",2290.0,Jean,SOLUK EFEKTLİ SİYAH DENIM
D77 minimal cepli jean,1790.0,Jean,SOLUK EFEKTLİ AÇIK ORTA MAVİ DENIM
D77 minimal cepli jean,1790.0,Jean,SOLUK EFEKTLİ DESIZED DENIM
D77 minimal cepli jean,1790.0,Jean,SOLUK EFEKTLİ PARÇA BOYAMA DENIM
D77 minimal cepli jean,1790.0,Jean,SOLUK EFEKTLİ İNCİ GRİSİ DENIM
D77 minimal cepli jean,1790.0,Jean,SOLUK EFEKTLİ SİYAH DENIM
D68 kemerli bootcut jean,1790.0,Jean,SOLUK EFEKTLİ AÇIK ORTA MAVİ DENIM
D68 kemerli bootcut jean,1790.0,Jean,SOLUK EFEKTLİ ORTA MAVİ DENIM
Geniş paça düşük bel zımbalı jean,2290.0,Jean,SOLUK EFEKTLİ AÇIK ORTA MAVİ DENIM
D04 Düşük Bel Çan Paça Jean,1790.0,Jean,SOLUK EFEKTLİ SİYAH DENIM
Düşük bel dikişli cepli jean,1790.0,Jean,SOLUK EFEKTLİ AÇIK ORTA MAVİ DENIM
Düşük bel dikişli cepli jean,1790.0,Jean,SOLUK EFEKTLİ AÇIK MAVİ DENIM
Düşük bel dikişli cepli jean,1790.0,Jean,SOLUK EFEKTLİ ORTA MAVİ DENIM
Balon jean,1790.0,Jean,SOLUK EFEKTLİ DESIZED DENIM
Düşük bel çift düğmeli jean,1790.0,Jean,SOLUK EFEKTLİ AÇIK ORTA MAVİ DENIM
Düşük bel çift düğmeli jean,1790.0,Jean,SOLUK EFEKTLİ AÇIK MAVİ DENIM
Düşük bel çift düğmeli jean,1790.0,Jean,SOLUK EFEKTLİ ORTA MAVİ DENIM
Düşük bel çift düğmeli jean,1790.0,Jean,SOLUK EFEKTLİ DESIZED DENIM
Düşük bel bootcut kesim kot pantolon,1590.0,Jean,SOLUK EFEKTLİ AÇIK ORTA MAVİ DENIM
Düşük bel bootcut kesim kot pantolon,1590.0,Jean,SOLUK EFEKTLİ SİYAH DENIM
D78 Cropped Çan Paça Jean,1490.0,Jean,SOLUK EFEKTLİ ORTA MAVİ DENIM
D78 Cropped Çan Paça Jean,1490.0,Jean,SOLUK EFEKTLİ AÇIK MAVİ DENIM
D07 normal bel skinny jean,1190.0,Jean,SOLUK EFEKTLİ AÇIK ORTA MAVİ DENIM
D07 normal bel skinny jean,1190.0,Jean,SOLUK EFEKTLİ ORTA MAVİ DENIM
D07 normal bel skinny jean,1190.0,Jean,SOLUK EFEKTLİ DESIZED DENIM
D07 normal bel skinny jean,1190.0,Jean,SOLUK EFEKTLİ PARÇA BOYAMA DENIM
D07 normal bel skinny jean,1190.0,Jean,SOLUK EFEKTLİ KOYU GRİ DENIM
D09 süper yüksek bel skinny jean,1190.0,Jean,SOLUK EFEKTLİ AÇIK MAVİ DENIM
D09 süper yüksek bel skinny jean,1190.0,Jean,SOLUK EFEKTLİ ORTA MAVİ DENIM
D09 süper yüksek bel skinny jean,1190.0,Jean,SOLUK EFEKTLİ SİYAH DENIM
D07 yüksek bel skinny jean,1190.0,Jean,SOLUK EFEKTLİ DESIZED DENIM
D07 yüksek bel skinny jean,1190.0,Jean,SOLUK EFEKTLİ AÇIK MAVİ DENIM
Düşük bel geniş paça mücevher düğmeli jean,2290.0,Jean,SOLUK EFEKTLİ AÇIK ORTA MAVİ DENIM
Mendil detaylı culotte jean,1790.0,Jean,SOLUK EFEKTLİ ORTA MAVİ DENIM
Mendil detaylı culotte jean,1790.0,Jean,SOLUK EFEKTLİ AÇIK ORTA MAVİ DENIM
Leopar desenli straight geniş paça jean,2290.0,Jean,SOLUK EFEKTLİ SİYAH DENIM
Düşük bel dar kesim jean,1590.0,Jean,SOLUK EFEKTLİ ORTA MAVİ DENIM
Düşük bel dar kesim jean,1590.0,Jean,SOLUK EFEKTLİ AÇIK ORTA MAVİ DENIM
Parıltılı straight fit jean,2490.0,Jean,SOLUK EFEKTLİ SİYAH DENIM
Super yüksek bel,1190.0,Jean,Siyah
D78 Kısa Kesim Çan Paça Jean,1490.0,Jean,SOLUK EFEKTLİ SİYAH DESIZED
Süper yüksek bel,1190.0,Jean,Kahverengi
Süper yüksek bel,1190.0,Jean,Koyu lacivert
D74 yırtmaçlı esnek çan paça jean,1590.0,Jean,SOLUK EFEKTLİ AÇIK MAVİ DENIM
D14 comfort dar kesim jean,1490.0,Jean,SOLUK EFEKTLİ AÇIK ORTA MAVİ DENIM
D14 comfort dar kesim jean,1490.0,Jean,SOLUK EFEKTLİ AÇIK MAVİ DENIM
D14 comfort dar kesim jean,1490.0,Jean,SOLUK EFEKTLİ SİYAH DENIM
İşlemeli cepli çan jean,2490.0,Jean,SOLUK EFEKTLİ AÇIK ORTA MAVİ DENIM
Düşük bel parlak taşlı straight fit jean One Dilemma,4990.0,Jean,SOLUK EFEKTLİ PARÇA BOYAMA DENIM
D76 Mikro denim şort,1490.0,Jean,SOLUK EFEKTLİ ORTA MAVİ DENIM
D76 Mikro denim şort,1490.0,Jean,Beyaz
D76 Mikro denim şort,1490.0,Jean,SOLUK EFEKTLİ AÇIK ORTA MAVİ DENIM
D76 Mikro denim şort,1490.0,Jean,SOLUK EFEKTLİ PARÇA BOYAMA DENIM
D76 Mikro denim şort,1490.0,Jean,SOLUK EFEKTLİ SİYAH DENIM
D10 mom fit dar kesim jean,1190.0,Jean,SOLUK EFEKTLİ DESIZED DENIM
D10 mom fit dar kesim jean,1490.0,Jean,SOLUK EFEKTLİ AÇIK ORTA MAVİ DENIM
Düşük bel zımbalı baggy jean,2490.0,Jean,SOLUK EFEKTLİ AÇIK ORTA MAVİ DENIM
İşlemeli cepli çan jean,2490.0,Jean,SOLUK EFEKTLİ İNCİ GRİSİ DENIM
Geniş paça jean,1790.0,Jean,SOLUK EFEKTLİ AÇIK MAVİ DENIM
Çizgili orta bel baggy jean,1790.0,Jean,SOLUK EFEKTLİ AÇIK ORTA MAVİ DENIM
D67 dar kesim bootcut jean,1590.0,Jean,SOLUK EFEKTLİ SİYAH DENIM
Düşük bel straight fit jean,1590.0,Jean,SOLUK EFEKTLİ AÇIK ORTA MAVİ DENIM
D74 Yırtmaçlı Çan Paça,1590.0,Jean,Beyaz
Leopar desenli flok baskılı jean,2290.0,Jean,SOLUK EFEKTLİ SİYAH DENIM
Geniş paça jean,1790.0,Jean,SOLUK EFEKTLİ AÇIK ORTA MAVİ DENIM
Düşük bel çan paça jean,1590.0,Jean,SOLUK EFEKTLİ ORTA MAVİ DENIM
1420 Düşük Bel Skinny Jean,1190.0,Jean,SOLUK EFEKTLİ AÇIK MAVİ DENIM
Orta bel zımbalı straight fit jean,2490.0,Jean,SOLUK EFEKTLİ SİYAH DENIM
Kalp zımba detaylı geniş paça jean,2490.0,Jean,SOLUK EFEKTLİ SİYAH DENIM
Düşük bel straight fit jean,1590.0,Jean,SOLUK EFEKTLİ İNCİ GRİSİ DENIM
Kuşgözü detaylı barrel jean,2790.0,Jean,SOLUK EFEKTLİ SİYAH DENIM
Yanları kuşgözü detaylı barrel jean,2490.0,Jean,SOLUK EFEKTLİ SİYAH DENIM
Baggy orta bel jean,1790.0,Jean,SOLUK EFEKTLİ AÇIK MAVİ DENIM
Low waist geniş paça jean,1790.0,Jean,SOLUK EFEKTLİ SİYAH DENIM
Düşük bel zımbalı straight fit One Dilemma jean,3990.0,Jean,SOLUK EFEKTLİ SİYAH DENIM
Düşük bel zımbalı bootcut fit jean,2290.0,Jean,SOLUK EFEKTLİ SİYAH DENIM
Pullu düşük bel jean,2290.0,Jean,SOLUK EFEKTLİ SİYAH DENIM
Skinny normal belli jean,1190.0,Jean,SOLUK EFEKTLİ SİYAH DESIZED
Düşük bel çift düğmeli straight fit jean,1790.0,Jean > STR Teen,SOLUK EFEKTLİ AÇIK ORTA MAVİ DENIM
Pelerin trençkot,2490.0,Trençkot ve kaban,Krem rengi
"Kemerli kısa, akıcı trençkot",1790.0,Trençkot ve kaban,Krem rengi
"Kemerli kısa, akıcı trençkot",1790.0,Trençkot ve kaban,Lacivert
"Kemerli kısa, akıcı trençkot",1790.0,Trençkot ve kaban,Açık mavi
"Kemerli kısa, akıcı trençkot",1790.0,Trençkot ve kaban,Kahverengi
"Kemerli kısa, akıcı trençkot",1790.0,Trençkot ve kaban,Haki
Dik yaka suni deri trençkot,2490.0,Trençkot ve kaban,Bej
Dik yaka suni deri trençkot,2490.0,Trençkot ve kaban,Siyah
Pamuklu cepli parka,2790.0,Trençkot ve kaban,Krem rengi
Pamuklu cepli parka,2790.0,Trençkot ve kaban,Koyu yeşil
"Kısa, çıkarılabilir kapüşonlu şişme trençkot",2790.0,Trençkot ve kaban,Bej
Uzun tek düğmeli trençkot,2990.0,Trençkot ve kaban,Kahverengi
Dik yaka suni deri trençkot,2490.0,Trençkot ve kaban,Kahverengi
Dik yaka suni deri trençkot,2490.0,Trençkot ve kaban,Ekru
Dik yaka kemerli trençkot,2490.0,Trençkot ve kaban,Koyu lacivert
Dik yaka kemerli trençkot,2490.0,Trençkot ve kaban,Bej
Yüksek yakalı kemerli trençkot,2490.0,Trençkot ve kaban,Koyu yeşil
Yüksek yakalı kemerli trençkot,2490.0,Trençkot ve kaban,Beyaz
Yüksek yakalı kemerli trençkot,2490.0,Trençkot ve kaban,Pembe
Oversize dökümlü uzun trençkot,2490.0,Trençkot ve kaban,Kahverengi
Yumuşak dokunuşlu kruvaze dik yaka ceket,2490.0,Trençkot ve kaban,Siyah
Yumuşak dokunuşlu kruvaze dik yaka ceket,2490.0,Trençkot ve kaban,Ekru
Yumuşak dokunuşlu kruvaze dik yaka ceket,2490.0,Trençkot ve kaban,Lacivert
Yumuşak dokunuşlu kruvaze dik yaka ceket,2490.0,Trençkot ve kaban,Kahverengi
Kısa dökümlü trençkot,2290.0,Trençkot ve kaban,Haki
Kemerli ve dökümlü kısa trençkot,1790.0,Trençkot ve kaban,Bej
Kemerli ve dökümlü kısa trençkot,1790.0,Trençkot ve kaban,Siyah
Kemerli ve dökümlü kısa trençkot,1790.0,Trençkot ve kaban,Lacivert
Dökümlü uzun trençkot,2490.0,Trençkot ve kaban,Krem rengi
Dökümlü uzun trençkot,2490.0,Trençkot ve kaban,Lacivert
Dökümlü uzun trençkot,2490.0,Trençkot ve kaban,Haki
Dik yaka trençkot,2990.0,Trençkot ve kaban,Siyah
Dik yaka trençkot,2990.0,Trençkot ve kaban,Bej
Kısa kruvaze trençkot,2290.0,Trençkot ve kaban,Krem rengi
Dik yaka kısa trençkot,2990.0,Trençkot ve kaban,Haki
Uzun suni deri trençkot,2990.0,Trençkot ve kaban,Siyah
Uzun suni deri trençkot,2990.0,Trençkot ve kaban,Kahverengi
Oversize Uzun Kaban,3490.0,Trençkot ve kaban,Kahverengi
Uzun suni süet trençkot,2990.0,Trençkot ve kaban,Kahverengi
Çift taraflı uzun içi kürklü kaban,6290.0,Trençkot ve kaban,Kahverengi
Yumuşak Dokulu Düğmeli Midi Kaban,1790.0,Trençkot ve kaban,Ekru
Yumuşak Dokulu Düğmeli Midi Kaban,1790.0,Trençkot ve kaban,Siyah
Yumuşak Dokulu Düğmeli Midi Kaban,1190.0,Trençkot ve kaban,Bordo
Midi Boy Kemerli Kaban,4490.0,Trençkot ve kaban,Siyah
Kısa oversize kapüşonlu trençkot,3490.0,Trençkot ve kaban,Bej
Oversize yumuşak dokulu kaban,2990.0,Trençkot ve kaban,Koyu Gri
Uzun suni süet trençkot,2990.0,Trençkot ve kaban,Koyu yeşil
Tek düğmeli uzun trençkot,2990.0,Trençkot ve kaban,Krem rengi
Yumuşak Dokunuşlu Trençkot,2990.0,Trençkot ve kaban,Kahverengi
Yumuşak Dokunuşlu Trençkot,1790.0,Trençkot ve kaban,Ekru
Yumuşak Dokunuşlu Trençkot,1790.0,Trençkot ve kaban,Koyu lacivert
Basic kısa trençkot,2490.0,Trençkot ve kaban,Krem rengi
Kısa kruvaze trençkot,2290.0,Trençkot ve kaban,Kahverengi
Suni süet efektli uzun trençkot,2990.0,Trençkot ve kaban,Karamel
Uzun kemerli kaban,4490.0,Trençkot ve kaban,Koyu lacivert
Basic kısa trençkot,2490.0,Trençkot ve kaban,Lacivert
Uzun oversize yumuşak dokulu kaban,3490.0,Trençkot ve kaban,Lacivert
Kısa kruvaze trençkot,2290.0,Trençkot ve kaban,Lacivert
Kısa kruvaze trençkot,2290.0,Trençkot ve kaban,Siyah
Normal balıksırtı kaban,3490.0,Trençkot ve kaban,Gri
Uzun akıcı parka,2790.0,Trençkot ve kaban,Lacivert
Suni süet ceket,2790.0,Trençkot ve kaban,Bej
"Kemerli, mumlu görünümlü kısa trençkot",3490.0,Trençkot ve kaban,Haki
Kısa suni süet trençkot,2790.0,Trençkot ve kaban,Kahverengi
Kısa suni süet trençkot,2790.0,Trençkot ve kaban,Karamel
Uzun oversize kruvaze kaban,2210.0,Trençkot ve kaban,Kahverengi
Uzun erkek kaban,1790.0,Trençkot ve kaban,Ekru
Vücuda oturan suni deri ceket,1790.0,Hırka ve ceket,Açık sarı
Vücuda oturan suni deri ceket,1790.0,Hırka ve ceket,Ekru
Vücuda oturan suni deri ceket,1790.0,Hırka ve ceket,Açık mavi
Vücuda oturan suni deri ceket,1790.0,Hırka ve ceket,Siyah
Kısa bisiklet yaka blazer ceket,1790.0,Hırka ve ceket,Lacivert
Kısa bisiklet yaka blazer ceket,1790.0,Hırka ve ceket,Açık mavi
Kısa bisiklet yaka blazer ceket,1790.0,Hırka ve ceket,Pembe
Çizgili denim ceket,2490.0,Hırka ve ceket,SOLUK EFEKTLİ GRİ DENIM
Naylon kapüşonlu ceket,1790.0,Hırka ve ceket,Koyu mavi
Dar kesim denim ceket,1790.0,Hırka ve ceket,SOLUK EFEKTLİ AÇIK ORTA MAVİ DENIM
Şişme mont,1490.0,Hırka ve ceket,Kahverengi
Şişme mont,1490.0,Hırka ve ceket,Ekru
Şişme mont,1490.0,Hırka ve ceket,Lacivert
Şişme mont,2490.0,Hırka ve ceket,Pembe
Şişme mont,2490.0,Hırka ve ceket,Koyu Gri
Oversize yıkanmış suni deri ceket,2290.0,Hırka ve ceket,Kahverengi
Suni süet balon ceket,2990.0,Hırka ve ceket,Krem rengi
Suni süet balon ceket,2990.0,Hırka ve ceket,Lacivert
Suni süet balon ceket,2990.0,Hırka ve ceket,Kahverengi
Kapüşonlu kapitone ceket,2490.0,Hırka ve ceket,Beyaz
Kemerli suni deri biker ceket,1790.0,Hırka ve ceket,Siyah
Kemerli suni deri biker ceket,1790.0,Hırka ve ceket,Kahverengi
Kemer detaylı suni deri balon ceket,2490.0,Hırka ve ceket,Kırmızı
Suni deri balon kemerli ceket,2490.0,Hırka ve ceket,Kahverengi
Suni deri balon kemerli ceket,2490.0,Hırka ve ceket,Siyah
Suni deri biker ceket,2290.0,Hırka ve ceket,Siyah
Suni deri biker ceket,2290.0,Hırka ve ceket,Kahverengi
Cepli denim ceket,1590.0,Hırka ve ceket,SOLUK EFEKTLİ DESIZED DENIM
Suni süet balon ceket,2990.0,Hırka ve ceket,Pembe
Oversize yumuşak dokulu balon ceket,2990.0,Hırka ve ceket,Kahverengi
Oversize yumuşak dokulu balon ceket,2990.0,Hırka ve ceket,Siyah
Yumuşak dokunuşlu pelerin ceket,2490.0,Hırka ve ceket,Siyah
Yumuşak dokulu balon bomber ceket,1790.0,Hırka ve ceket,Koyu Gri
Yumuşak dokulu balon bomber ceket,1790.0,Hırka ve ceket,Ekru
Kruvaze denim ceket,2790.0,Hırka ve ceket,SOLUK EFEKTLİ SİYAH DENIM
Cepli denim ceket,1590.0,Hırka ve ceket,SOLUK EFEKTLİ AÇIK MAVİ DENIM
Suni deri efektli cepli ceket,3490.0,Hırka ve ceket,Kahverengi
Suni süet balon ceket,2990.0,Hırka ve ceket,Ekru
İşlemeli düğmeli blazer ceket,2490.0,Hırka ve ceket,Kahverengi
Yumuşak dokulu pelerin ceket,2490.0,Hırka ve ceket,Koyu lacivert
Oversize suni deri biker ceket,2490.0,Hırka ve ceket,Kahverengi
Oversize suni deri biker ceket,2490.0,Hırka ve ceket,Siyah
Oversize suni deri biker ceket,2490.0,Hırka ve ceket,Bordo
Suni deri dolgulu bomber ceket,2490.0,Hırka ve ceket,Kahverengi
Suni deri dolgulu bomber ceket,2490.0,Hırka ve ceket,Siyah
Suni deri dolgulu bomber ceket,1490.0,Hırka ve ceket,Ekru
Suni deri dolgulu bomber ceket,1490.0,Hırka ve ceket,Bordo
Fermuarlı suni yünlü ceket,2490.0,Hırka ve ceket,Siyah
Fermuarlı suni yünlü ceket,2490.0,Hırka ve ceket,Ekru
Fermuarlı suni yünlü ceket,2490.0,Hırka ve ceket,Kahverengi
Dik yaka şişme ceket,2290.0,Hırka ve ceket,Pembe
Basic kapüşonlu şişme mont,2290.0,Hırka ve ceket,Kahverengi
Basic kapüşonlu şişme mont,2290.0,Hırka ve ceket,Siyah
Kemerli suni deri biker ceket,1790.0,Hırka ve ceket,Beyaz
Yumuşak dokunuşlu balon cepli ceket,1790.0,Hırka ve ceket,Koyu lacivert
Basic naylon çizgili kapüşonlu ceket,1790.0,Hırka ve ceket,Açık mavi
Basic naylon kapüşonlu ceket,1790.0,Hırka ve ceket,Ekru
Basic naylon kapüşonlu ceket,1790.0,Hırka ve ceket,Lacivert
Yama cepli ceket,1590.0,Hırka ve ceket,Ekru
Yama cepli ceket,1590.0,Hırka ve ceket,Koyu mavi
Yama cepli ceket,1590.0,Hırka ve ceket,Pembe
Kadife şişme mont,2790.0,Hırka ve ceket,Kahverengi
Kabartmalı düğmeli blazer ceket,2490.0,Hırka ve ceket,Lacivert
Balon denim ceket,2290.0,Hırka ve ceket,SOLUK EFEKTLİ AÇIK ORTA MAVİ DENIM
Teknik ceket,2290.0,Hırka ve ceket,Lacivert
Oversize suni deri ceket,3490.0,Hırka ve ceket,Siyah
Keten görünümlü düğmeli yelek,1490.0,Hırka ve ceket,Siyah
Keten görünümlü yelek,1490.0,Hırka ve ceket,Krem rengi
Denim ceket,1790.0,Hırka ve ceket,SOLUK EFEKTLİ AÇIK ORTA MAVİ DENIM
basic keten görünümlü yelek,1490.0,Hırka ve ceket,Beyaz
Bisiklet yaka şişme ceket,1790.0,Hırka ve ceket,Kahverengi
Bisiklet yaka şişme ceket,1790.0,Hırka ve ceket,Ekru
Cepli denim ceket,1590.0,Hırka ve ceket,SOLUK EFEKTLİ İNCİ GRİSİ DENIM
Parlak detaylı yama cepli denim ceket,2790.0,Hırka ve ceket,SOLUK EFEKTLİ AÇIK ORTA MAVİ DENIM
Dik yaka şişme ceket,2290.0,Hırka ve ceket,Kahverengi
Suni Süet İçi Kürklü Biker Ceket,3490.0,Hırka ve ceket,Ekru
Kapüşonlu şişme mont,2490.0,Hırka ve ceket,Ekru
Kapüşonlu şişme mont,2290.0,Hırka ve ceket,Krem rengi
Bisiklet yaka peplum suni deri blazer ceket,2490.0,Hırka ve ceket,Kahverengi
Fermuarlı suni süet ceket,1790.0,Hırka ve ceket,Kahverengi
Kruvaze yelek,1590.0,Hırka ve ceket,Siyah
Yumuşak dokulu balon bomber ceket,1790.0,Hırka ve ceket,Siyah
Büzgülü şişme mont,2290.0,Hırka ve ceket,Ekru
Oversize kapüşonlu dolgulu ceket,2790.0,Hırka ve ceket,Gri
Oversize kapüşonlu dolgulu ceket,2790.0,Hırka ve ceket,Siyah
Kapüşonlu şişme ceket,2790.0,Hırka ve ceket,Haki
Metalik Kapüşonlu Şişme Mont,2790.0,Hırka ve ceket,Siyah
Kısa yumuşak ceket,1070.0,Hırka ve ceket,Koyu lacivert
Kısa yumuşak ceket,1070.0,Hırka ve ceket,Ekru
Kısa yumuşak ceket,1070.0,Hırka ve ceket,Kırmızı
Suni süet cepli ceket,1790.0,Hırka ve ceket,Kahverengi
Suni süet cepli ceket,1790.0,Hırka ve ceket,Lacivert
Suni süet cepli ceket,1790.0,Hırka ve ceket,Krem rengi
Suni süet cepli ceket,1790.0,Hırka ve ceket,Açık kahverengi
Oversize suni deri ceket,2290.0,Hırka ve ceket,Kahverengi
Dik yaka sweatshirt ceket,1370.0,Hırka ve ceket,Açık gri
Cepli suni süet ceket,1790.0,Hırka ve ceket,Açık mavi
Kısa zımbalı denim ince ceket,2290.0,Hırka ve ceket > Denim,SOLUK EFEKTLİ SİYAH DENIM
Zımbalı kısa denim ince ceket,2290.0,Hırka ve ceket > Denim,SOLUK EFEKTLİ ORTA MAVİ DENIM
Regular fit suni deri efektli blazer ceket,2290.0,Hırka ve ceket > Siyah ceket,Siyah
Çizgili açık blazer ceket,2290.0,Hırka ve ceket > Lacivert ceket,Lacivert
Çizgili açık blazer ceket,2290.0,Hırka ve ceket > Lacivert ceket,Kahverengi
Çizgili açık blazer ceket,2290.0,Hırka ve ceket > Lacivert ceket,Krem rengi
Kemerli blazer ceket,2290.0,Ceket,Açık sarı
Üç düğmeli vücuda oturan blazer,2290.0,Ceket,Kahverengi
Asimetrik blazer ceket,2290.0,Ceket,Açık mavi
Asimetrik blazer,2290.0,Ceket,Haki
Kısa blazer ceket,1790.0,Ceket,Lacivert
Kısa blazer ceket,1790.0,Ceket,Siyah
Bisiklet yaka triko top,1190.0,Ceket,Kahverengi
Bisiklet yaka triko top,1190.0,Ceket,Ekru
Çizgili dar kesim blazer ceket,2290.0,Ceket,Kahverengi
Dar kesim ceket,1790.0,Ceket,Ekru
Dar kesim ceket,1790.0,Ceket,Siyah
Dar kesim ceket,1790.0,Ceket,Açık gri
Kapüşonlu fermuarlı triko ceket,1690.0,Ceket,Koyu gri
Yumuşak Dokulu Düğmeli Triko Hırka,1490.0,Ceket,Siyah
Yumuşak Dokulu Düğmeli Triko Hırka,1490.0,Ceket,Krem rengi
Saten blazer,2290.0,Ceket,Koyu lacivert
Kemerli blazer,2290.0,Ceket,Haki
Regular fit blazer,2290.0,Ceket,Siyah
Vücuda oturan blazer ceket,2290.0,Ceket,Kırmızı
Oversize triko hırka,1790.0,Ceket,Koyu gri
Basic çizgili blazer ceket,1790.0,Ceket,Lacivert
Omuz pedli triko yelek,1190.0,Ceket,Koyu mavi
Omuz pedli triko yelek,1190.0,Ceket,Ekru
Saten yüzeyli blazer,2290.0,Ceket,Kahverengi
Denim blazer ceket,2990.0,Ceket,SOLUK EFEKTLİ DESIZED DENIM
Kısa blazer ceket,1790.0,Ceket,Beyaz
Vücuda oturan blazer ceket,2290.0,Ceket,Açık mavi
Çizgili kısa blazer,1790.0,Ceket,Açık gri
Crop suni deri blazer ceket,2290.0,Ceket,Siyah
Çizgili dar kesim blazer ceket,2290.0,Ceket,Lacivert
Açık blazer ceket,2290.0,Ceket,Siyah
Vücuda oturan blazer ceket,2290.0,Ceket,Beyaz
Bisiklet yaka blazer ceket,2290.0,Ceket,Siyah
basic çizgili blazer ceket,1790.0,Ceket,Kahverengi
Suni deri efektli blazer,2490.0,Ceket,Kahverengi
"Düğmeli, Vücuda Oturan Ceket",2490.0,Ceket,Kahverengi
Dantelli grafik detaylı fitted t-shirt,990.0,Tişört,Ekru
Sırtı Açık Tişört,650.0,Tişört > Mavi Tişört,Koyu lacivert
Sırtı Açık Tişört,650.0,Tişört > Mavi Tişört,Siyah
Sırtı Açık Tişört,650.0,Tişört > Mavi Tişört,Ekru
Sırtı Açık Tişört,650.0,Tişört > Mavi Tişört,Kahverengi
Büzgülü kısa kollu gömlek,1090.0,Tişört > STR Teen,Siyah
Büzgülü kısa kollu gömlek,1090.0,Tişört > STR Teen,Açık mavi
Büzgülü kısa kollu gömlek,1090.0,Tişört > STR Teen,Açık pembe
Kısa kollu dar kesim gömlek,1090.0,Tişört > STR Teen,SOLUK EFEKTLİ GRİ DENIM
Kısa kollu dar kesim gömlek,1090.0,Tişört > STR Teen,Beyaz
Kısa kollu dar kesim gömlek,1090.0,Tişört > STR Teen,Açık pembe
Fermuarlı fitted gömlek,1490.0,Tişört > STR Teen,Siyah
Çizgili büzgülü gömlek,1490.0,Tişört > STR Teen,Siyah
"Dar kesim, akıcı kollu gömlek",1190.0,Tişört > STR Teen,Siyah
Dar kesim gömlek,1190.0,Tişört > STR Teen,Beyaz
Dar kesim gömlek,1190.0,Tişört > STR Teen,SOLUK EFEKTLİ GRİ DENIM
Kuşaklı triko crop top,790.0,Tişört > STR Teen,Kahverengi
Kuşaklı triko crop top,790.0,Tişört > STR Teen,Açık pembe
Kuşaklı triko crop top,790.0,Tişört > STR Teen,Açık sarı
Oversize gömlek,1490.0,Tişört > STR Teen,Açık mavi
Oversize çizgili gömlek,1590.0,Tişört > STR Teen,SOLUK EFEKTLİ GRİ DENIM
Oversize zımbalı gömlek,1790.0,Tişört > STR Teen,Açık mavi
Düz büzgülü gömlek,1490.0,Tişört > STR Teen,Kahverengi
Düz büzgülü gömlek,1490.0,Tişört > STR Teen,Beyaz
Saten halter top,1090.0,Top ve body,Beyaz
Saten halter top,1090.0,Top ve body,Siyah
Saten halter top,1090.0,Top ve body,Açık mavi
Saten halter top,1090.0,Top ve body,Kahverengi
Drape çift katlı yaka top,790.0,Top ve body,Ekru
Saten yüzeyli dantel askılı top,1090.0,Top ve body,Ekru
Saten yüzeyli dantel askılı top,1090.0,Top ve body,Kahverengi
Asimetrik pelerin,1190.0,Top ve body,Kahverengi
Asimetrik pelerin,1190.0,Top ve body,Ekru
Parıltılı denim büstiyer üst,1590.0,Top ve body,SOLUK EFEKTLİ AÇIK ORTA MAVİ DENIM
Düğmeli yelek,990.0,Top ve body,Kahverengi
Düğmeli yelek,990.0,Top ve body,Ekru
Düğmeli yelek,990.0,Top ve body,Mavi
Vücudu saran denim top,1590.0,Top ve body,Ekru
Basic askılı tişört,490.0,Top ve body,Koyu mavi
Basic askılı tişört,490.0,Top ve body,Siyah
Basic askılı tişört,490.0,Top ve body,Ekru
Basic askılı tişört,490.0,Top ve body,Koyu lacivert
Basic askılı tişört,490.0,Top ve body,Pembe
Basic askılı tişört,490.0,Top ve body,Açık sarı
Basic askılı tişört,490.0,Top ve body,Bej
Kare yaka poliamid body,790.0,Top ve body,Pembe
Kare yaka poliamid body,790.0,Top ve body,Siyah
Kare yaka poliamid body,790.0,Top ve body,Ekru
Kare yaka poliamid body,790.0,Top ve body,Kahverengi
Kare yaka poliamid body,790.0,Top ve body,Haki
Halter body,990.0,Top ve body,Siyah
Halter body,990.0,Top ve body,Açık mavi
Halter body,990.0,Top ve body,Kahverengi
Vücuda oturan denim üst,1590.0,Top ve body,SOLUK EFEKTLİ AÇIK ORTA MAVİ DENIM
Vücuda oturan denim üst,1590.0,Top ve body,SOLUK EFEKTLİ ORTA MAVİ DENIM
Asimetrik saten top,1190.0,Top ve body,Ekru
V yaka askılı body,790.0,Top ve body,Siyah
V yaka askılı body,790.0,Top ve body,Ekru
V yaka askılı body,790.0,Top ve body,Kahverengi
Dantel askılı body,990.0,Top ve body,Kahverengi
Dantel askılı body,990.0,Top ve body,Siyah
Dantel askılı body,990.0,Top ve body,Ekru
Qipao tarzı dantel t-shirt,990.0,Top ve body,Siyah
Qipao tarzı dantel t-shirt,990.0,Top ve body,Ekru
Qipao tarzı dantel t-shirt,990.0,Top ve body,Kahverengi
Asimetrik tül Fularlı Top,990.0,Top ve body,Siyah
Dantelli halter top,790.0,Top ve body,Siyah
Fitilli çapraz askılı t-shirt,490.0,Top ve body,Beyaz
Fitilli çapraz askılı t-shirt,490.0,Top ve body,Siyah
Fitilli çapraz askılı t-shirt,490.0,Top ve body,Açık sarı
Fitilli çapraz askılı t-shirt,490.0,Top ve body,Kahverengi
Uzun Kollu Poliamid Body,590.0,Top ve body,Kahverengi
Uzun Kollu Poliamid Body,590.0,Top ve body,Siyah
Uzun Kollu Poliamid Body,990.0,Top ve body,Ekru
Kolsuz denim peplum top,1190.0,Top ve body,SOLUK EFEKTLİ PARÇA BOYAMA DENIM
Çok yönlü kolsuz t-shirt,790.0,Top ve body,Açık pembe
Çok yönlü kolsuz t-shirt,790.0,Top ve body,Siyah
Çok yönlü kolsuz t-shirt,790.0,Top ve body,Ekru
Büzgülü halter top,790.0,Top ve body,Kahverengi
Kolsuz peplum top,1090.0,Top ve body,Kahverengi
İşlemeli halter top,1790.0,Top ve body,Siyah
Düğmeli dokulu üst,990.0,Top ve body,Ekru
Düğmeli dokulu üst,990.0,Top ve body,Siyah
Düğmeli dokulu üst,990.0,Top ve body,Krem rengi
Düğmeli dokulu üst,990.0,Top ve body,Açık kahverengi
Kare yaka poliamid body,990.0,Top ve body,Mor
Halter bengalin top,1090.0,Top ve body,Beyaz
Halter bengalin top,1090.0,Top ve body,Açık mavi
V yaka büzgülü poliamid body,1090.0,Top ve body,Siyah
V yaka büzgülü poliamid body,1090.0,Top ve body,Ekru
Peplum kolsuz top,1090.0,Top ve body,Kırmızı
Peplum kolsuz top,1090.0,Top ve body,Siyah
Kayık yaka panço,1090.0,Top ve body,Ekru
Kayık yaka panço,1090.0,Top ve body,Krem rengi
Asimetrik kolsuz zımbalı bluz,990.0,Top ve body,Kahverengi
Qipao üst,990.0,Top ve body,Siyah
Büzgülü tül body,990.0,Top ve body,Mor
Büzgülü tül body,990.0,Top ve body,Siyah
Büzgülü tül body,990.0,Top ve body,Kahverengi
Halter Crop Top,490.0,Top ve body,Siyah
Halter Crop Top,490.0,Top ve body,Beyaz
İşlemeli askılı top,1790.0,Top ve body,Kahverengi
Poliamid straples top,550.0,Top ve body,Beyaz
Poliamid straples top,550.0,Top ve body,Siyah
Straplez denim bluz,1190.0,Top ve body,SOLUK EFEKTLİ PARÇA BOYAMA DENIM
Bengalinden halter yaka üst,1090.0,Top ve body,Kahverengi
Keten Karışımlı Geniş Yaka Triko Bluz,1090.0,Top ve body,Pembe
Keten Karışımlı Geniş Yaka Triko Bluz,1090.0,Top ve body,Açık sarı
Keten Karışımlı Geniş Yaka Triko Bluz,1090.0,Top ve body,Kahverengi
Drapeli dekolteli halkalı büstiyer,990.0,Top ve body,Siyah
Drapeli poliamid üst,790.0,Top ve body,Kahverengi
Halter yaka büzgülü top,790.0,Top ve body,Siyah
Halter yaka büzgülü top,790.0,Top ve body,Ekru
Dantel detaylı askılı body,990.0,Top ve body,Açık sarı
Dar kesim uzun kollu bolero,990.0,Top ve body,Açık sarı
Puantiye desenli halter top,790.0,Top ve body,Kahverengi
Büzgülü dokulu tişört,790.0,Top ve body,Ekru
Büzgülü dokulu tişört,790.0,Top ve body,Siyah
Büzgülü dokulu tişört,790.0,Top ve body,Kahverengi
Büzgülü dokulu tişört,790.0,Top ve body,Haki
Halter dantel detaylı üst,1090.0,Top ve body,Ekru
Pencere detaylı sırt dekolteli body,990.0,Top ve body,Kahverengi
Dantelli askılı bluz,790.0,Top ve body,Açık mavi
Yanları büzgülü dantel top,1190.0,Top ve body,Açık mavi
B04 basic kolsuz dar top,550.0,Top ve body,Açık mavi
B04 basic kolsuz dar top,550.0,Top ve body,Siyah
B04 basic kolsuz dar top,550.0,Top ve body,Beyaz
B04 basic kolsuz dar top,550.0,Top ve body,Açık gri
Kare yaka tül body,990.0,Top ve body,Siyah
Basic askılı top,490.0,Top ve body,Beyaz
Basic askılı top,490.0,Top ve body,Siyah
Volanlı kroşe top,990.0,Top ve body,Lacivert
Volanlı kroşe top,990.0,Top ve body,Beyaz
Metal detaylı halter yaka top,790.0,Top ve body,Siyah
Basic çapraz askılı top,550.0,Top ve body,Siyah
Basic çapraz askılı top,550.0,Top ve body,Beyaz
V Yaka Büzgülü Crop Top,990.0,Top ve body,Siyah
Payetli halter yaka t-shirt One Dilemma,1490.0,Top ve body,Gri
Cupro parlak One Dilemma t-shirt,1790.0,Top ve body,Siyah
Çizgili peplum kolsuz top,1090.0,Top ve body > Top,Lacivert
"Kısa kollu, göğüs altı kesimli gömlek",1090.0,Gömlek ve Bluz,Beyaz
"Kısa kollu, göğüs altı kesimli gömlek",1090.0,Gömlek ve Bluz,Açık mavi
"Kısa kollu, göğsü dekolteli gömlek",1090.0,Gömlek ve Bluz,Pembe
Çıtçıtlı açık gömlek,1190.0,Gömlek ve Bluz,Kahverengi
Çıtçıtlı açık gömlek,1190.0,Gömlek ve Bluz,Ekru
Çıtçıtlı açık gömlek,1190.0,Gömlek ve Bluz,Haki
Piliseli poplin gömlek,1490.0,Gömlek ve Bluz,Açık mavi
Kurdela detaylı saten gömlek,1490.0,Gömlek ve Bluz,Ekru
Keten görünümlü gömlek,1190.0,Gömlek ve Bluz,Krem rengi
Keten görünümlü gömlek,1190.0,Gömlek ve Bluz,Koyu lacivert
Keten görünümlü gömlek,1190.0,Gömlek ve Bluz,Açık mavi
Keten görünümlü gömlek,1190.0,Gömlek ve Bluz,Kahverengi
"Basic, fitted çizgili gömlek",710.0,Gömlek ve Bluz,Mavi
"Basic, fitted çizgili gömlek",1190.0,Gömlek ve Bluz,Siyah
"Basic, fitted çizgili gömlek",1190.0,Gömlek ve Bluz,Koyu lacivert
"Basic, fitted çizgili gömlek",1190.0,Gömlek ve Bluz,Açık mavi
"Basic, fitted çizgili gömlek",1190.0,Gömlek ve Bluz,Açık pembe
"Basic, fitted çizgili gömlek",1190.0,Gömlek ve Bluz,Kahverengi
"Basic, fitted çizgili gömlek",1190.0,Gömlek ve Bluz,Mor
Piliseli poplin gömlek,1490.0,Gömlek ve Bluz,Beyaz
Basic dar kesim gömlek,1190.0,Gömlek ve Bluz,Beyaz
Basic dar kesim gömlek,710.0,Gömlek ve Bluz,Siyah
Basic dar kesim gömlek,1190.0,Gömlek ve Bluz,Açık mavi
Basic çizgili poplin cepli gömlek,1190.0,Gömlek ve Bluz,Açık sarı
Basic çizgili poplin cepli gömlek,1190.0,Gömlek ve Bluz,Lacivert
Basic çizgili poplin cepli gömlek,1190.0,Gömlek ve Bluz,Mavi
Basic çizgili poplin cepli gömlek,1190.0,Gömlek ve Bluz,Kırmızı
Basic çizgili poplin cepli gömlek,1190.0,Gömlek ve Bluz,Pembe
Çift fermuarlı bengal gömlek,1190.0,Gömlek ve Bluz,Beyaz
Keten etkili dökümlü gömlek,1190.0,Gömlek ve Bluz,Açık pembe
Keten etkili dökümlü gömlek,1190.0,Gömlek ve Bluz,Siyah
Keten etkili dökümlü gömlek,1190.0,Gömlek ve Bluz,Beyaz
Keten etkili dökümlü gömlek,1190.0,Gömlek ve Bluz,Açık mavi
Keten etkili dökümlü gömlek,1190.0,Gömlek ve Bluz,Pembe
Keten etkili dökümlü gömlek,1190.0,Gömlek ve Bluz,Kahverengi
ÇİFT FERMUARLI DAR KESİM BENGALİN GÖMLEK,1190.0,Gömlek ve Bluz,Krem rengi
İşlemeli kollu gömlek,1790.0,Gömlek ve Bluz,Açık mavi
Bimateryal balon gömlek,1490.0,Gömlek ve Bluz,Açık mavi
Büzgülü bengalin gömlek,1190.0,Gömlek ve Bluz,Beyaz
Korse tarzı poplin gömlek,1190.0,Gömlek ve Bluz,Beyaz
Göğüs altı dikişli dar kesim gömlek,1190.0,Gömlek ve Bluz,Beyaz
Düğmeli dökümlü gömlek,1090.0,Gömlek ve Bluz,Kahverengi
Düğmeli dökümlü gömlek,1090.0,Gömlek ve Bluz,Beyaz
Düğmeli dökümlü gömlek,1090.0,Gömlek ve Bluz,Mavi
Düğmeli dökümlü gömlek,1090.0,Gömlek ve Bluz,Krem rengi
Basic çift kumaş gömlek,1190.0,Gömlek ve Bluz,Altın rengi
Basic çift kumaş gömlek,1190.0,Gömlek ve Bluz,Beyaz
Basic çift kumaş gömlek,1190.0,Gömlek ve Bluz,Açık mavi
Göğüs altı dikiş detaylı dar kesim gömlek,1190.0,Gömlek ve Bluz,Açık mavi
Göğüs altı dikiş detaylı dar kesim gömlek,1190.0,Gömlek ve Bluz,Pembe
Göğüs altı dikiş detaylı dar kesim gömlek,1190.0,Gömlek ve Bluz,Açık gri
Basic cepli poplin gömlek,1190.0,Gömlek ve Bluz,Beyaz
Mini şort etek,1190.0,Etek,Açık mavi
Mini şort etek,990.0,Etek,Koyu lacivert
Mini şort etek,990.0,Etek,Siyah
İşlemeli pareo mini şort etek,1790.0,Etek,Siyah
Yan yırtmaçlı şort etek,1190.0,Etek,Pembe
Yan yırtmaçlı şort etek,1190.0,Etek,Siyah
Yan yırtmaçlı şort etek,1190.0,Etek,Açık mavi
Yan yırtmaçlı şort etek,1190.0,Etek,Kırmızı
Yan yırtmaçlı şort etek,1190.0,Etek,Koyu Gri
Yan yırtmaçlı şort etek,1190.0,Etek,Açık sarı
Yan yırtmaçlı şort etek,1190.0,Etek,Kahverengi
Yan yırtmaçlı şort etek,1190.0,Etek,Bej
Yan yırtmaçlı şort etek,1190.0,Etek,Mor
Dantel detaylı şort etek,990.0,Etek,Siyah
Dantel detaylı şort etek,990.0,Etek,Açık gri
Mini şardonlu etek,1190.0,Etek,Ekru
Asimetrik saten etek,1490.0,Etek,Açık sarı
Asimetrik saten etek,1490.0,Etek,Kahverengi
Saten midi etek,1490.0,Etek,Kahverengi
Saten midi etek,1490.0,Etek,Siyah
Asimetrik saten etek,1490.0,Etek,Ekru
D62 denim şort etek,1490.0,Etek,SOLUK EFEKTLİ ORTA MAVİ DENIM
D62 denim şort etek,1490.0,Etek,Beyaz
D62 denim şort etek,1490.0,Etek,Kahverengi
D62 denim şort etek,1490.0,Etek,SOLUK EFEKTLİ AÇIK MAVİ DENIM
D62 denim şort etek,1490.0,Etek,SOLUK EFEKTLİ AÇIK ORTA MAVİ DENIM
D62 denim şort etek,1490.0,Etek,SOLUK EFEKTLİ DESIZED DENIM
D62 denim şort etek,1490.0,Etek,SOLUK EFEKTLİ İNCİ GRİSİ DENIM
D62 denim şort etek,1490.0,Etek,SOLUK EFEKTLİ GRİ DENIM
D62 denim şort etek,1490.0,Etek,SOLUK EFEKTLİ PARÇA BOYAMA DENIM
Kemerli mini şort etek,1490.0,Etek,Kahverengi
Kemerli mini şort etek,1490.0,Etek,Siyah
Kemerli mini şort etek,1490.0,Etek,Koyu lacivert
Kemerli mini şort etek,1490.0,Etek,Açık gri
Kemerli mini şort etek,1490.0,Etek,Bej
Balon kesim saten etek cepli,1490.0,Etek,Koyu yeşil
İşlemeli etek,1590.0,Etek,Mor
Suni süet mini şort etek,1490.0,Etek,Lacivert
Suni süet mini şort etek,1490.0,Etek,Kahverengi
Puantiye desenli tül midi etek,1190.0,Etek,Kahverengi
Asimetrik dantel midi etek,1590.0,Etek,Siyah
Asimetrik dantel midi etek,1590.0,Etek,Ekru
Asimetrik dantel midi etek,1590.0,Etek,Kahverengi
Akıcı katlı midi etek,1490.0,Etek,Beyaz
D62 denim şort etek,1490.0,Etek,SOLUK EFEKTLİ SİYAH DENIM
Şık şort etek,1490.0,Etek,Kahverengi
Şık şort etek,1490.0,Etek,Siyah
D60 Basic denim mini etek,1190.0,Etek,SOLUK EFEKTLİ AÇIK ORTA MAVİ DENIM
D60 Basic denim mini etek,1190.0,Etek,SOLUK EFEKTLİ SİYAH DENIM
Pileli mini etek,1190.0,Etek,Kahverengi
Pileli mini etek,1190.0,Etek,Lacivert
D60 Mini denim etek,1190.0,Etek,SOLUK EFEKTLİ ORTA MAVİ DENIM
D60 Mini denim etek,1190.0,Etek,SOLUK EFEKTLİ AÇIK MAVİ DENIM
D60 Mini denim etek,1190.0,Etek,SOLUK EFEKTLİ AÇIK ORTA MAVİ DENIM
Dantel detaylı saten mini etek,1190.0,Etek,Koyu lacivert
Saten asimetrik midi etek,1790.0,Etek,Altın rengi
Dantel mini etek,1190.0,Etek,Açık mavi
Dantelli midi etek,1590.0,Etek,Açık mavi
Dökümlü nakışlı etek pantolon,1490.0,Etek,Beyaz
Mini işlemeli şort etek,1790.0,Etek,Kahverengi
Volanlı dökümlü etek pantolon,1190.0,Etek,Siyah
Volanlı dökümlü etek pantolon,1190.0,Etek,Beyaz
D62 Çivili denim şort etek,1690.0,Etek,SOLUK EFEKTLİ SİYAH DENIM
Volanlı mini şort etek,1490.0,Etek,Beyaz
Dantelli şort etek,1490.0,Etek,Ekru
Dantelli şort etek,1490.0,Etek,Siyah
Bohem midi etek,1390.0,Etek,Kahverengi
Bohem midi etek,1390.0,Etek,Siyah
Bohem midi etek,1390.0,Etek,Beyaz
İşlemeli çizgili pareo şort etek,1490.0,Etek,Pembe
Çivili denim etek,1590.0,Etek,SOLUK EFEKTLİ SİYAH DENIM
Volanlı konumlandırmalı triko etek,1490.0,Etek,Bej
Kemerli denim şort etek,1490.0,Etek,SOLUK EFEKTLİ ORTA MAVİ DENIM
Kruvaze denim şort etek,1590.0,Etek,SOLUK EFEKTLİ ORTA MAVİ DENIM
Yan yırtmaçlı şort etek,1190.0,Etek,Beyaz
Bengal kumaş etek pantolon,1090.0,Etek,Siyah
Yan yırtmaçlı şort etek,1190.0,Etek,Lacivert
Kemerli denim şort etek,1490.0,Etek,SOLUK EFEKTLİ DESIZED DENIM
Geniş belli örgü şort etek,990.0,Etek,Koyu Gri
Çizgili uzun asimetrik etek,1590.0,Etek,Lacivert
One Dilemma çivili şort etek,2990.0,Etek,SOLUK EFEKTLİ SİYAH DENIM
Desenli pullu mini şort etek,1190.0,Etek,Bej
One Dilemma parlak denim şort etek,3690.0,Etek,SOLUK EFEKTLİ PARÇA BOYAMA DENIM
"Yumuşak dokulu, açık omuzlu sweatshirt",1490.0,Sweatshirt,Krem rengi
"Yumuşak dokulu, açık omuzlu sweatshirt",1490.0,Sweatshirt,Siyah
"Yumuşak dokulu, açık omuzlu sweatshirt",1490.0,Sweatshirt,Koyu lacivert
"Yumuşak dokulu, açık omuzlu sweatshirt",1490.0,Sweatshirt,Koyu mavi
"Yumuşak dokulu, açık omuzlu sweatshirt",1490.0,Sweatshirt,Pembe
"Yumuşak dokulu, açık omuzlu sweatshirt",1490.0,Sweatshirt,Gri
"Yumuşak dokulu, açık omuzlu sweatshirt",1490.0,Sweatshirt,Kahverengi
Baskılı kapüşonlu bomber sweatshirt,1690.0,Sweatshirt,Açık gri
Baskılı kapüşonlu bomber sweatshirt,1690.0,Sweatshirt,Açık sarı
Kontrast fermuarlı sweatshirt,1790.0,Sweatshirt,Açık mavi
Kısa kollu kapüşonlu sweatshirt,1490.0,Sweatshirt,Ekru
New York baskılı kısa kollu sweatshirt,1090.0,Sweatshirt,Açık sarı
Yumuşak dokulu fermuarlı sweatshirt,1590.0,Sweatshirt,Açık mavi
Yumuşak dokulu fermuarlı sweatshirt,1590.0,Sweatshirt,Siyah
Yumuşak dokulu fermuarlı sweatshirt,1590.0,Sweatshirt,Koyu lacivert
Yumuşak dokulu fermuarlı sweatshirt,1590.0,Sweatshirt,Mor
Dik yakalı fermuarlı sweatshirt,1490.0,Sweatshirt,Kırmızı
Dik yakalı fermuarlı sweatshirt,1490.0,Sweatshirt,Ekru
Dik yakalı fermuarlı sweatshirt,1490.0,Sweatshirt,Koyu lacivert
Dik yakalı fermuarlı sweatshirt,1490.0,Sweatshirt,Pembe
Yumuşak dokulu fermuarlı sweatshirt,1490.0,Sweatshirt,Kahverengi
Yumuşak dokulu fermuarlı sweatshirt,1490.0,Sweatshirt,Krem rengi
İşlemeli kapüşonlu sweatshirt,1010.0,Sweatshirt,Bordo
Uzun kollu bisiklet yaka metin sweatshirt,1590.0,Sweatshirt,Açık sarı
Yumuşak dokunuşlu sweatshirt,1490.0,Sweatshirt,Krem rengi
Yumuşak dokunuşlu sweatshirt,1490.0,Sweatshirt,Siyah
Yumuşak dokunuşlu sweatshirt,1490.0,Sweatshirt,Lacivert
Yumuşak dokunuşlu sweatshirt,1490.0,Sweatshirt,Kahverengi
Yumuşak dokulu acid wash sweatshirt,1010.0,Sweatshirt,Koyu Gri
Yumuşak dokulu yarasa kollu sweatshirt,890.0,Sweatshirt,Siyah
Yumuşak dokulu yarasa kollu sweatshirt,1490.0,Sweatshirt,Koyu lacivert
Yumuşak dokulu yarasa kollu sweatshirt,1490.0,Sweatshirt,Açık gri
Yumuşak dokulu yarasa kollu sweatshirt,1490.0,Sweatshirt,Krem rengi
Baskılı kapüşonlu bomber sweatshirt,1690.0,Sweatshirt,Siyah
Kayık yaka oversize sweatshirt,1590.0,Sweatshirt,Koyu Gri
Fermuarlı ve işlemeli sweatshirt,1590.0,Sweatshirt,Kırmızı
Yumuşak dokulu yan fermuarlı sweatshirt,1590.0,Sweatshirt,Kahverengi
Yumuşak dokulu yan fermuarlı sweatshirt,1590.0,Sweatshirt,Siyah
Yumuşak dokulu yan fermuarlı sweatshirt,1590.0,Sweatshirt,Açık gri
Yumuşak dokulu yan fermuarlı sweatshirt,1590.0,Sweatshirt,Bej
Yumuşak dokulu yan fermuarlı sweatshirt,1590.0,Sweatshirt,0-526
Zımbalı sweatshirt,1590.0,Sweatshirt,Siyah
Yıkanmış görünümlü kısa sweatshirt,1190.0,Sweatshirt,Koyu Gri
Yıkanmış görünümlü kısa sweatshirt,1190.0,Sweatshirt,Pembe
Yıkanmış görünümlü kısa sweatshirt,1190.0,Sweatshirt,Bej
Zımba işlemeli kapüşonlu sweatshirt,1070.0,Sweatshirt,Koyu gri
Zımba işlemeli kapüşonlu sweatshirt,1070.0,Sweatshirt,Ekru
Simli kapüşonlu sweatshirt,1070.0,Sweatshirt,Açık gri
Simli kapüşonlu sweatshirt,1070.0,Sweatshirt,Lacivert
Yumuşak dokulu interlok sweatshirt,950.0,Sweatshirt,Açık gri
Yumuşak dokulu interlok sweatshirt,1590.0,Sweatshirt,Koyu Gri
Payetli kanatlı kayık yaka sweatshirt,1490.0,Sweatshirt,Açık mavi
Kayık yaka baskılı sweatshirt,950.0,Sweatshirt,Koyu Gri
Baskılı kapüşonlu sweatshirt,1690.0,Sweatshirt,Koyu Gri
Basic omuz dekolteli sweatshirt,1190.0,Sweatshirt,Bej
Basic omuz dekolteli sweatshirt,1190.0,Sweatshirt,Siyah
Basic omuz dekolteli sweatshirt,1190.0,Sweatshirt,Koyu lacivert
Basic omuz dekolteli sweatshirt,1190.0,Sweatshirt,Açık gri
Saten etekli Sweatshirt,1790.0,Sweatshirt,Kahverengi
Desenli geniş yaka sweatshirt,1590.0,Sweatshirt,Ekru
İşlemeli kombin sweatshirt,890.0,Sweatshirt,Koyu Gri
Basic desenli sweatshirt,1490.0,Sweatshirt,Ekru
Kontrast crop sweatshirt,710.0,Sweatshirt,Koyu lacivert
Posizyonel yıkama efektli kapüşonlu sweatshirt,1690.0,Sweatshirt,Bej
İşlemeli polo sweatshirt,1590.0,Sweatshirt,Koyu lacivert
Çizgili işlemeli sweatshirt,1590.0,Sweatshirt,Lacivert
Yumuşak dokulu basic sweatshirt,1190.0,Sweatshirt,Kahverengi
Yumuşak dokulu basic sweatshirt,1190.0,Sweatshirt,Siyah
Yumuşak dokulu basic sweatshirt,1190.0,Sweatshirt,Krem rengi
Yıldız kapüşonlu sweatshirt,1070.0,Sweatshirt,Lacivert
Yumuşak dokulu çizgili sweatshirt,1790.0,Sweatshirt,Koyu gri
Fermuarlı sweatshirt,1690.0,Sweatshirt,Açık gri
Saten yüzeyli üçgen bikini üstü,790.0,Bikini ve Mayo,Mor
Saten Brezilya modeli bikini külotu,590.0,Bikini ve Mayo,Mor
Saten üçgen bikini üstü,790.0,Bikini ve Mayo,Ekru
Saten üçgen bikini üstü,790.0,Bikini ve Mayo,Siyah
Saten Brezilya bikini külot,590.0,Bikini ve Mayo,Ekru
Saten Brezilya bikini külot,590.0,Bikini ve Mayo,Siyah
U yaka straplez bikini üstü,990.0,Bikini ve Mayo,Siyah
Askılı fırfırlı kısa elbise,1590.0,Bikini ve Mayo,Ekru
Askılı fırfırlı kısa elbise,1590.0,Bikini ve Mayo,Koyu lacivert
Saten yüzeyli baskılı üçgen bikini üstü,790.0,Bikini ve Mayo,Ekru
Brezilya modeli külot saten yüzeyli baskılı bikini altı,790.0,Bikini ve Mayo,Ekru
Basic Brezilya modeli külot bikini altı,790.0,Bikini ve Mayo,Bej
Basic Brezilya modeli külot bikini altı,790.0,Bikini ve Mayo,Siyah
Desenli balkonet bikini üstü,990.0,Bikini ve Mayo,Bej
Güneş tokalı bandeau bikini üstü,1090.0,Bikini ve Mayo,Siyah
ÇİÇEK İŞLEMELİ ÜÇGEN BİKİNİ ÜSTÜ,1090.0,Bikini ve Mayo,Siyah
Brezilya modeli çiçek işlemeli bikini külotu,990.0,Bikini ve Mayo,Siyah
Çiçek işlemeli hotpant külot,1090.0,Bikini ve Mayo,Siyah
Bağcıklı zımbalı bikini külodu,990.0,Bikini ve Mayo,Kahverengi
Bağcıklı zımbalı bikini külodu,990.0,Bikini ve Mayo,Siyah
Zımba detaylı üçgen bikini üstü,1090.0,Bikini ve Mayo,Kahverengi
Zımba detaylı üçgen bikini üstü,1090.0,Bikini ve Mayo,Siyah
Büyük zımba detaylı bikini üstü,1190.0,Bikini ve Mayo,Ekru
Büyük zımbalı Brezilya bikini külotu,1090.0,Bikini ve Mayo,Ekru
Zımba detaylı fırfırlı elbise,1690.0,Bikini ve Mayo,Koyu Gri
Basic saten Brezilya bikini altı,590.0,Bikini ve Mayo,Kahverengi
Saten balkonet bikini üstü,990.0,Bikini ve Mayo,Kahverengi
Arkası bağcıklı dökümlü kısa elbise,1590.0,Bikini ve Mayo,Kahverengi
Arkası bağcıklı dökümlü kısa elbise,1590.0,Bikini ve Mayo,Ekru
Arkası bağcıklı dökümlü kısa elbise,1590.0,Bikini ve Mayo,Açık mavi
Güneş boncuklu kolye,790.0,Bikini ve Mayo,Altın rengi
2'li metal muz toka seti,490.0,Bikini ve Mayo,Altın rengi
Çizgili saç tokası,450.0,Bikini ve Mayo,Açık pembe
Çizgili saç tokası,450.0,Bikini ve Mayo,Mavi
3’lü çiçekli saç tokası seti,490.0,Bikini ve Mayo,Ekru
Zımbalı saç tokası,450.0,Bikini ve Mayo,Kahverengi
N.122 sunset monoi saç ve vücut parfümü,790.0,Bikini ve Mayo,Altın rengi
2'li muz toka seti,450.0,Bikini ve Mayo,Açık pembe
6'lı mini çiçekli toka seti,490.0,Bikini ve Mayo,Ekru
D75 Distressed denim şort,1190.0,Jean,SOLUK EFEKTLİ ORTA MAVİ DENIM
D75 Distressed denim şort,1190.0,Jean,Beyaz
D75 Distressed denim şort,1190.0,Jean,SOLUK EFEKTLİ AÇIK MAVİ DENIM
D75 Distressed denim şort,1190.0,Jean,SOLUK EFEKTLİ AÇIK ORTA MAVİ DENIM
D75 Distressed denim şort,1190.0,Jean,SOLUK EFEKTLİ PARÇA BOYAMA DENIM
D75 Distressed denim şort,1190.0,Jean,SOLUK EFEKTLİ KOYU GRİ DENIM
D93 uzun denim şort,1490.0,Jean,SOLUK EFEKTLİ ORTA MAVİ DENIM
D93 uzun denim şort,1490.0,Jean,Beyaz
D93 uzun denim şort,1490.0,Jean,SOLUK EFEKTLİ PARÇA BOYAMA DENIM
D93 uzun denim şort,1490.0,Jean,SOLUK EFEKTLİ KOYU GRİ DENIM
D93 uzun denim şort,1490.0,Jean,SOLUK EFEKTLİ AÇIK ORTA MAVİ DENIM
D93 uzun denim şort,1490.0,Jean,SOLUK EFEKTLİ AÇIK MAVİ DENIM
D85 Mom Fit Dar Kesim Şort,1090.0,Jean,SOLUK EFEKTLİ AÇIK MAVİ DENIM
D85 Mom Fit Dar Kesim Şort,1090.0,Jean,SOLUK EFEKTLİ SİYAH DENIM
Basic pelerin kesim kazak,1090.0,Triko,Kahverengi
Basic pelerin kesim kazak,1090.0,Triko,Ekru
Basic pelerin kesim kazak,1090.0,Triko,Haki
Pelerin model şeritli triko kazak,1490.0,Triko,Ekru
Kruvaze hırka,1490.0,Triko,Siyah
Kruvaze hırka,1490.0,Triko,Açık pembe
Asimetrik örgü kazak,890.0,Triko,Ekru
Asimetrik örgü kazak,1490.0,Triko,Siyah
Asimetrik örgü kazak,1490.0,Triko,Açık gri
Asimetrik örgü kazak,1490.0,Triko,Açık sarı
Asimetrik örgü kazak,1490.0,Triko,Kahverengi
Reglan kollu düğmeli triko hırka,950.0,Triko,Kırmızı
Reglan kollu düğmeli triko hırka,950.0,Triko,Açık mavi
Reglan kollu düğmeli triko hırka,1590.0,Triko,Kahverengi
V yaka yarasa kollu kazak,890.0,Triko,Ekru
V yaka yarasa kollu kazak,890.0,Triko,Koyu mavi
V yaka yarasa kollu kazak,890.0,Triko,Pembe
Hakim yaka düğmeli triko hırka,1090.0,Triko,Kırmızı
Hakim yaka düğmeli triko hırka,1090.0,Triko,Koyu lacivert
Asimetrik triko kazak,1190.0,Triko,Kahverengi
Asimetrik triko kazak,1190.0,Triko,Siyah
Asimetrik triko kazak,1190.0,Triko,Açık mavi
Asimetrik triko kazak,710.0,Triko,Kırmızı
Asimetrik triko kazak,1190.0,Triko,Koyu Gri
Asimetrik triko kazak,1190.0,Triko,Krem rengi
Kısa geniş yaka örgü elbise,1190.0,Triko,Siyah
Kısa geniş yaka örgü elbise,1190.0,Triko,Kahverengi
Kısa geniş yaka örgü elbise,1190.0,Triko,0-662
Geniş kollu triko kazak,1090.0,Triko,Açık gri
Geniş kollu triko kazak,1090.0,Triko,Açık mavi
Geniş kollu triko kazak,1090.0,Triko,Kahverengi
Düğmeli triko hırka,710.0,Triko,Bordo
Düğmeli triko hırka,1190.0,Triko,Siyah
Düğmeli triko hırka,1190.0,Triko,Ekru
Düğmeli triko hırka,710.0,Triko,Kahverengi
Hakim yaka triko hırka,1790.0,Triko,Koyu lacivert
Çizgili dik yaka kısa triko elbise,1790.0,Triko,Mor
Triko hırka yarasa kollu kurdeleli,1590.0,Triko,Ekru
Geniş yaka çift katlı kazak,1590.0,Triko,Açık gri
Geniş yaka çift katlı kazak,1590.0,Triko,Koyu lacivert
Geniş yaka çift katlı kazak,1590.0,Triko,Pembe
File örgülü kayık yaka kazak,1590.0,Triko,Ekru
File örgülü kayık yaka kazak,1590.0,Triko,Açık mavi
Geniş yaka triko kazak,1590.0,Triko,Açık mavi
Geniş yaka triko kazak,1590.0,Triko,Ekru
Geniş yaka triko kazak,1590.0,Triko,Kırmızı
Yarasa kollu triko hırka,1490.0,Triko,Ekru
Yarasa kollu triko hırka,1490.0,Triko,Kahverengi
Basic yumuşak dokulu örgü kazak,1490.0,Triko,Ekru
Basic yumuşak dokulu örgü kazak,1490.0,Triko,Lacivert
Basic yumuşak dokulu örgü kazak,1490.0,Triko,Açık gri
Crop geniş yaka kazak,1190.0,Triko,Açık mavi
Crop geniş yaka kazak,1190.0,Triko,Ekru
Crop geniş yaka kazak,1190.0,Triko,Bordo
Crop geniş yaka kazak,1190.0,Triko,Koyu gri
Triko hırka,1090.0,Triko,Lacivert
Triko hırka,1090.0,Triko,Açık gri
Triko hırka,1090.0,Triko,Kahverengi
Çizgili crop örgü kazak,890.0,Triko,Kırmızı
Çizgili crop örgü kazak,1490.0,Triko,Ekru
Çizgili crop örgü kazak,1490.0,Triko,Koyu Gri
Çizgili crop örgü kazak,890.0,Triko,Kahverengi
Bugs Bunny triko polo kazak,1790.0,Triko,Pembe
Ajurlu bolero,1190.0,Triko,Ekru
Ajurlu bolero,1190.0,Triko,Haki
İki farklı kumaşlı triko kazak,1070.0,Triko,Açık mavi
Basic triko kazak,1590.0,Triko,Koyu Gri
Basic triko kazak,1590.0,Triko,Krem rengi
Asimetrik kesim fitilli triko kazak,1490.0,Triko,Pembe
Asimetrik kesim fitilli triko kazak,1490.0,Triko,Ekru
Yumuşak dokunuşlu kayık yaka triko Kazak,950.0,Triko,Lacivert
Yumuşak dokunuşlu kayık yaka triko Kazak,1590.0,Triko,Açık gri
Yumuşak dokunuşlu kayık yaka triko Kazak,1590.0,Triko,Kahverengi
Önü açık triko hırka,990.0,Triko,Kahverengi
İnce triko pelerin,1190.0,Triko,Ekru
İnce çizgili triko kazak,1190.0,Triko,Açık sarı
İnce çizgili triko kazak,1190.0,Triko,Açık mavi
Örme bantlı top,990.0,Triko,Ekru
"Kısa kollu, üst üste binmeli triko kazak",1190.0,Triko,Koyu mavi
Omuz vatkalı triko kazak,1590.0,Triko,Koyu Gri
Omuz vatkalı triko kazak,1590.0,Triko,Siyah
Omuz vatkalı triko kazak,1590.0,Triko,Ekru
Düğmeli örgü triko hırka,1490.0,Triko,Lacivert
Düğmeli örgü triko hırka,1490.0,Triko,Ekru
Düğmeli örgü triko hırka,1490.0,Triko,Kahverengi
Metalik iplikli triko kazak One Dilemma,1490.0,Triko,Siyah
Asimetrik yıldız triko kazak,1590.0,Triko,Kahverengi
Asimetrik yıldız detaylı triko kazak,1590.0,Triko,Lacivert
Vatkali Örgü Süveter,1190.0,Triko,Kırmızı
Vatkali Örgü Süveter,1190.0,Triko,Koyu Gri
Çizgili vücuda oturan triko kazak,1090.0,Triko,Açık mavi
Çizgili vücuda oturan triko kazak,1090.0,Triko,Koyu lacivert
Angel çizgili triko kazak,1590.0,Triko,Ekru
Asimetrik açık omuz triko kazak,1590.0,Triko,Ekru
Bisiklet yaka triko kazak,1590.0,Triko,Koyu gri
Basic yumuşak triko kazak,1590.0,Triko,Koyu Gri
Basic yumuşak triko kazak,1590.0,Triko,Ekru
Basic yumuşak triko kazak,1590.0,Triko,Kahverengi
Basic yumuşak dokulu triko kazak,1590.0,Triko,Koyu lacivert
Fermuarlı örgü kazak,1790.0,Triko,Lacivert
Fermuarlı örgü kazak,1790.0,Triko,Siyah
Fermuarlı örgü kazak,1790.0,Triko,Kahverengi
"Çıkarılabilir yakalı, çift kumaşlı triko kazak",1690.0,Triko,Lacivert
"Çıkarılabilir yakalı, çift kumaşlı triko kazak",1690.0,Triko,Kahverengi
Düğmeli triko hırka,1590.0,Triko,Lacivert
Saten görünümlü elbise,1790.0,Elbise,Kahverengi
Payetli kısa denim elbise,2290.0,Elbise,SOLUK EFEKTLİ AÇIK ORTA MAVİ DENIM
Qipao tarzı kısa elbise,1590.0,Elbise,Siyah
Qipao tarzı kısa elbise,1590.0,Elbise,Kahverengi
Saten yüzeyli midi elbise,1590.0,Elbise,Altın rengi
Saten yüzeyli midi elbise,1590.0,Elbise,Kahverengi
Desenli tül fularlı midi elbise,1590.0,Elbise,Altın rengi
Desenli tül fularlı midi elbise,1590.0,Elbise,Açık pembe
Saten halter kısa elbise,1590.0,Elbise,Açık mavi
Sırtı açık halter midi elbise,1790.0,Elbise,Fuşya
Dantel detaylı kısa elbise,1690.0,Elbise,Ekru
Dantel detaylı kısa elbise,1690.0,Elbise,Pembe
Denim midi elbise,1790.0,Elbise,SOLUK EFEKTLİ PARÇA BOYAMA DENIM
Denim midi elbise,1790.0,Elbise,SOLUK EFEKTLİ AÇIK ORTA MAVİ DENIM
Kısa denim elbise,1590.0,Elbise,SOLUK EFEKTLİ PARÇA BOYAMA DENIM
Keten görünümlü çapraz sırtlı midi elbise,1790.0,Elbise,Lacivert
Keten görünümlü çapraz sırtlı midi elbise,1790.0,Elbise,Kahverengi
Keten görünümlü çapraz sırtlı midi elbise,1790.0,Elbise,Haki
Desenli puantiyeli kolsuz tül midi elbise,1590.0,Elbise,Kahverengi
Asimetrik dantelli elbise,1590.0,Elbise,Açık mavi
Dantelli uzun askılı örgü elbise,1190.0,Elbise,Siyah
Boncuklu askılı uzun elbise,1790.0,Elbise,Siyah
Boncuklu askılı uzun elbise,1790.0,Elbise,Ekru
Düğmeli kolsuz kısa elbise,1790.0,Elbise,Koyu lacivert
Asimetrik drape detaylı kısa elbise,1690.0,Elbise,Siyah
"Sırtı çapraz, dökümlü uzun elbise",1690.0,Elbise,Siyah
"Sırtı çapraz, dökümlü uzun elbise",1690.0,Elbise,Kahverengi
Kare yaka bengalin midi elbise,1590.0,Elbise,Haki
Asimetrik saten yüzeyli kısa elbise,1590.0,Elbise,Açık pembe
Asimetrik saten yüzeyli kısa elbise,1590.0,Elbise,Koyu lacivert
Asimetrik saten yüzeyli kısa elbise,1590.0,Elbise,Kahverengi
Kare yaka tül midi elbise,1590.0,Elbise,Kahverengi
Uzun kolsuz düz tulum,1490.0,Elbise,Lacivert
Dökümlü uzun askılı tulum,1490.0,Elbise,Kahverengi
Dökümlü uzun askılı tulum,1490.0,Elbise,Siyah
Kısa vücuda oturan büzgülü elbise,1190.0,Elbise,Kahverengi
Kısa vücuda oturan büzgülü elbise,1190.0,Elbise,Kırmızı
Açık sırtlı halter yaka midi elbise,1590.0,Elbise,Açık mavi
Saten görünümlü dökümlü uzun elbise,1590.0,Elbise,Koyu bej
Boncuk işlemeli kısa elbise,1790.0,Elbise,Mavi
Askılı blonda midi elbise,1590.0,Elbise,Kahverengi
Kısa pelerin elbise,1590.0,Elbise,Kahverengi
Asimetrik kısa elbise zımba detaylı,1490.0,Elbise,Haki
Kısa jile elbise,1490.0,Elbise,Koyu lacivert
Halter yaka boncuk detaylı midi elbise,1790.0,Elbise,Lacivert
Metalik İplikli Halter Midi Elbise,1590.0,Elbise,Kahverengi
Halter yaka işlemeli uzun elbise,2290.0,Elbise,Kahverengi
Saten yüzeyli halter tulum,1790.0,Elbise,Kahverengi
Kolsuz bengalin midi elbise,1590.0,Elbise,Lacivert
Kolsuz bengalin midi elbise,1590.0,Elbise,Kahverengi
Desenli kısa tül elbise,1190.0,Elbise,Koyu bej
Asimetrik kısa elbise,1190.0,Elbise,Siyah
Deri fiyonklu sneakerina,2490.0,Spor ayakkabı > SNEAKERINAS,BEJ
Fiyonklu sneakerina,1990.0,Spor ayakkabı > SNEAKERINAS,BEYAZ
Fiyonklu Sneakerinas,1790.0,Spor ayakkabı > SNEAKERINAS,BEYAZ
Sneakerina file,1990.0,Spor ayakkabı > SNEAKERINAS,SİYAH
V yaka topuklu ayakkabı,1990.0,Topuklu ayakkabı > Kitten,SİYAH
V yaka topuklu ayakkabı,1990.0,Topuklu ayakkabı > Kitten,KAHVERENGİ
Kısa sivri topuklu deri sandaletler,2490.0,Topuklu ayakkabı > Kitten,KAHVERENGİ
Kısa sivri topuklu file taşlı ayakkabı,2490.0,Topuklu ayakkabı > Kitten,BEJ
Süet kitten topuklu ayakkabı,2490.0,Topuklu ayakkabı > Kitten,KAHVERENGİ
Geniş topuklu Mary Jane,1990.0,Topuklu ayakkabı > Kitten,KAHVERENGİ
Pencere detaylı kısa sivri topuklu ayakkabı,1990.0,Topuklu ayakkabı > Kitten,SİYAH
Topuklu arkası açık ayakkabı,1990.0,Topuklu ayakkabı > Kitten,KAHVERENGİ
Topuklu terlik sandalet,1790.0,Topuklu ayakkabı > Kitten,SİYAH
Kapalı deri topuklu ayakkabı,2690.0,Topuklu ayakkabı > Kitten,KAHVERENGİ
Basic topuklu ayakkabı,1590.0,Topuklu ayakkabı > Kitten,SİYAH
Deri topuklu sandalet,2490.0,Topuklu ayakkabı > Kitten,KAHVERENGİ
Deri arkası açık topuklu ayakkabı,2490.0,Topuklu ayakkabı > Kitten,KAHVERENGİ
Basic topuklu ayakkabı,1790.0,Topuklu ayakkabı > Kitten,EKRU
Vinil bantlı topuklu sandalet,1790.0,Topuklu ayakkabı > Kitten,KAHVERENGİ
Metal detaylı kısa sivri topuklu sandaletler,1990.0,Topuklu ayakkabı > Kitten,BEJ
File detaylı topuklu ayakkabı,2490.0,Topuklu ayakkabı > Sandalet,EKRU
File detaylı stiletto topuklu sandaletler,1790.0,Topuklu ayakkabı > Sandalet,KAHVERENGİ
Saten yüzeyli topuklu sandaletler,1790.0,Topuklu ayakkabı > Sandalet,BEJ
Stiletto topuklu sandaletler,1790.0,Topuklu ayakkabı > Sandalet,SİYAH
Bantlı kalın topuklu sandalet,1590.0,Topuklu ayakkabı > Sandalet,KAHVERENGİ
Stiletto topuklu sandalet,1790.0,Topuklu ayakkabı > Sandalet,ALTIN
Bantlı ve tokalı stiletto topuklu sandaletler,2690.0,Topuklu ayakkabı > Sandalet,KAHVERENGİ
Stiletto topuklu sandalet,1790.0,Topuklu ayakkabı > Sandalet,SİYAH
Topuklu deri sandalet,2490.0,Topuklu ayakkabı > Sandalet,KAHVERENGİ
Platform deri sandalet,2490.0,Topuklu ayakkabı > Sandalet,KAHVERENGİ
File metal detaylı topuklu sandaletler,2490.0,Topuklu ayakkabı > Sandalet,SİYAH
Metalik görünümlü topuklu sandaletler,1790.0,Topuklu ayakkabı > Sandalet,GÜMÜŞ
EVA platform parmak arası terlik,1790.0,Topuklu ayakkabı > Sandalet,SİYAH
Bağcıklı jüt dolgu topuklu ayakkabı,2490.0,Topuklu ayakkabı > Sandalet,KAHVERENGİ
Bağcıklı jüt dolgu topuklu ayakkabı,2490.0,Topuklu ayakkabı > Sandalet,EKRU
Geniş topuklu platform sandalet,1990.0,Topuklu ayakkabı > Sandalet,ALTIN
Saten topuklu sandaletler,1990.0,Topuklu ayakkabı > Sandalet,SİYAH
Çok bantlı topuklu sandalet,1790.0,Topuklu ayakkabı > Sandalet,ALTIN
Çok bantlı topuklu sandalet,1790.0,Topuklu ayakkabı > Sandalet,KAHVERENGİ
Taş detaylı topuklu sandalet,2490.0,Topuklu ayakkabı > Sandalet,BEJ
Bantlı kalın topuklu sandalet,1590.0,Topuklu ayakkabı > Sandalet,ALTIN
Çivili platform terlik,2690.0,Sandalet > Topuklu sandalet,KAHVERENGİ
"Bantlı ve tokalı, arkası açık deri ayakkabı",2490.0,Sandalet > Düz sandalet,BEJ
Zımbalı suni deri bantlı ve tokalı ayakkabı,1990.0,Sandalet > Düz sandalet,EKRU
Deri zımbalı bantlı ve tokalı ayakkabı,2490.0,Sandalet > Düz sandalet,KAHVERENGİ
Platform parmak arası sandalet,1790.0,Sandalet > Düz sandalet,KAHVERENGİ
Tokalı düz deri sandalet,2490.0,Sandalet > Düz sandalet,BEJ
slouchy kesim deri yüksek çizmeler,4990.0,Çizme - Bot > Çizme,BEJ
Kahverengi topuklu çizme,3290.0,Çizme - Bot > Çizme,KAHVERENGİ
Siyah topuklu uzun çizme,3290.0,Çizme - Bot > Çizme,SİYAH
Joots topuklu deri bot,4990.0,Çizme - Bot > Çizme,BEJ
Düz siyah kovboy çizmesi,3690.0,Çizme - Bot > Çizme,SİYAH
Deri dolgu topuklu bot,4990.0,Çizme - Bot > Çizme,BEJ
Düz deri binici çizmesi,4490.0,Çizme - Bot > Çizme,KAHVERENGİ
Düz kahverengi kovboy çizmeler,3690.0,Çizme - Bot > Çizme,BORDO
Kovboy Topuklu Bot,3290.0,Çizme - Bot > Çizme,SİYAH
Kovboy Topuklu Bot,3290.0,Çizme - Bot > Çizme,KAHVERENGİ
Suni deri düz biker bot,4490.0,Çizme - Bot > Çizme,BEJ
Suni süet topuklu bot,2690.0,Çizme - Bot > Çizme,KAHVERENGİ
Slouchy kesim deri kitten bot,4490.0,Çizme - Bot > Çizme,BEJ
Deri kovboy çizme,4490.0,Çizme - Bot > Çizme,BEJ
Suni deri düz botlar,3290.0,Çizme - Bot > Çizme,KAHVERENGİ
Streç orta boy topuklu bot,1890.0,Çizme - Bot > Bot,SİYAH
Kısa sivri topuklu kemerli deri botlar,3990.0,Çizme - Bot > Bot,BEJ
"Düz tabanlı, içi kürklü deri bot",2690.0,Çizme - Bot > Bot,KAHVERENGİ
slouchy kesim deri topuklu bot,3690.0,Çizme - Bot > Bot,KAHVERENGİ
Deri kısa sivri topuklu bot,3290.0,Çizme - Bot > Bot,BEJ
Deri kovboy bot,3690.0,Çizme - Bot > Bot,KAHVERENGİ
Deri tokalı düz bot,3990.0,Çizme - Bot > Bot,BEJ
Streç topuklu bot,1990.0,Çizme - Bot > Bot,EKRU
Kovboy deri topuklu bot,3290.0,Çizme - Bot > Bot,KAHVERENGİ
Topuklu kovboy deri bot,3290.0,Çizme - Bot > Bot,BEJ
Kumaş stiletto topuklu bot,1890.0,Çizme - Bot > Bot,SİYAH
"Bağcıklı, düz bot",2690.0,Çizme - Bot > Bot,SİYAH
Kovboy topuklu bot,2690.0,Çizme - Bot > Bot,SİYAH
Streç düz bot,1990.0,Çizme - Bot > Bot,KAHVERENGİ
Deri slouchy kesim kovboy botinleri,3290.0,Çizme - Bot > Bot,BEJ
Deri kovboy bot,3290.0,Çizme - Bot > Bot,BEJ
Kalın topuklu kısa bot,1890.0,Çizme - Bot > Bot,BORDO
Kovboy suni deri delikli bot,3290.0,Çizme - Bot > Bot,KAHVERENGİ
Stiletto topuklu deri bot,3290.0,Çizme - Bot > Bot,KAHVERENGİ
Ay desenli kumaş çapraz askılı çanta,990.0,Çanta,Lime
Ay desenli kumaş çapraz askılı çanta,990.0,Çanta,Lacivert
Metal detaylı yuvarlak shopper çanta,1790.0,Çanta,Siyah
Uzun püsküllü omuz çantası,1590.0,Çanta,Hardal
Mini boncuklu çanta,790.0,Çanta,Beyaz
Toka detaylı city shopper çanta,2290.0,Çanta,Kiremit rengi
Püsküllü yarım ay kol çantası,1190.0,Çanta,Karamel
Yumuşak dokulu fermuarlı omuz çantası,950.0,Çanta,Siyah
Metal detaylı bowling çanta,1190.0,Çanta,Kahverengi
Boncuklu mini timsah deseni görünümlü çanta,790.0,Çanta,Kahverengi
Yumuşak dokunuşlu mini fermuarlı omuz çantası,710.0,Çanta,Siyah
Suni Deri Bowling Çapraz Askılı Çanta,1190.0,Çanta,Kahverengi
Suni Deri Bowling Çapraz Askılı Çanta,1190.0,Çanta,Siyah
Charm detaylı tote çanta,1190.0,Çanta,Siyah
Charm detaylı tote çanta,1190.0,Çanta,Lacivert
Charm detaylı tote çanta,1190.0,Çanta,Kahverengi
Suni süet omuz çantası,1590.0,Çanta,Bej
Suni süet omuz çantası,1590.0,Çanta,Kahverengi
Çift saplı çapraz çanta,790.0,Çanta,Siyah
Çift saplı çapraz çanta,790.0,Çanta,Beyaz
Çift saplı çapraz çanta,790.0,Çanta,Ekru
Çift saplı çapraz çanta,790.0,Çanta,Bordo
Timsah deseni görünümlü mini tote çapraz askılı çanta,990.0,Çanta,Bordo
Timsah deseni görünümlü mini tote çapraz askılı çanta,990.0,Çanta,Siyah
Timsah deseni görünümlü mini tote çapraz askılı çanta,990.0,Çanta,Ekru
Timsah deseni görünümlü mini tote çapraz askılı çanta,990.0,Çanta,Açık mavi
Fermuarlı suni deri çanta,1190.0,Çanta,Siyah
Fermuarlı suni deri çanta,1190.0,Çanta,Kahverengi
Mini boncuklu çanta,790.0,Çanta,Siyah
Mini fermuarlı yumuşak dokulu omuz çantası,710.0,Çanta,Bej
Tokalı mini tote çanta,1090.0,Çanta,Siyah
Tokalı mini tote çanta,1090.0,Çanta,Kahverengi
Tokalı mini tote çanta,1090.0,Çanta,Mavi
Asimetrik Tokalı Postacı Çantası,1090.0,Çanta,Kahverengi
Uzun zincirli omuz çantası,990.0,Çanta,Kırmızı
Uzun zincirli omuz çantası,990.0,Çanta,Siyah
Uzun zincirli omuz çantası,990.0,Çanta,Beyaz
Uzun zincirli omuz çantası,990.0,Çanta,Bordo
Uzun zincirli omuz çantası,990.0,Çanta,Kahverengi
Zincirli çapraz askılı çanta,990.0,Çanta,Siyah
Zincirli çapraz askılı çanta,990.0,Çanta,Kahverengi
Püskül ve toka detaylı omuz çantası,1790.0,Çanta,Karamel
Püskül ve toka detaylı omuz çantası,1790.0,Çanta,Kahverengi
Fermuar detaylı çapraz askılı çanta,1190.0,Çanta,Kahverengi
Kombine shopper çanta,1190.0,Çanta,Siyah
Kombine shopper çanta,1190.0,Çanta,Kahverengi
Çok pozisyonlu çapraz çanta,990.0,Çanta,Siyah
Mini boncuklu çanta,790.0,Çanta,Gri
Yumuşak suni deri omuz çantası,1590.0,Çanta,Siyah
Metal kapamalı bayan omuz çantası,1590.0,Çanta,Açık kahverengi
Parlak pileli omuz çantası,1490.0,Çanta,Siyah
Körük ve kuşgözü detaylı omuz çantası,1490.0,Çanta,Karamel
Kalp detaylı omuz çantası,1490.0,Çanta,Mavi
Kalp detaylı omuz çantası,1490.0,Çanta,Siyah
Fermuar detaylı çapraz askılı çanta,1190.0,Çanta,Ekru
Fermuar detaylı çapraz askılı çanta,1190.0,Çanta,Mavi
Örgü Bağcıklı Shopper Çanta,1190.0,Çanta,Siyah
Zımbalı yarım ay omuz çantası,1090.0,Çanta,Siyah
Zımbalı yarım ay omuz çantası,1090.0,Çanta,Kahverengi
Kutu şeklinde sert çapraz askılı çanta,1090.0,Çanta,Ekru
Sap Detaylı Omuz Çantası,1090.0,Çanta,Kahverengi
Sap Detaylı Omuz Çantası,1090.0,Çanta,Siyah
Timsah deseni görünümlü trapez çapraz askılı çanta,1090.0,Çanta,Siyah
Kutu şeklinde sert çapraz askılı çanta,1090.0,Çanta,Kahverengi
Yarım ay omuz çantası,990.0,Çanta,Kahverengi
Kapaklı omuz çantası,990.0,Çanta,Ekru
Kapaklı omuz çantası,990.0,Çanta,Siyah
Kapaklı omuz çantası,990.0,Çanta,Bej
Yarım ay şeklinde zımbalı kol çantası,990.0,Çanta,Siyah
Yuvarlak kapamalı omuz çantası,790.0,Çanta,Beyaz
Yuvarlak kapamalı omuz çantası,790.0,Çanta,Siyah
Yuvarlak kapamalı omuz çantası,790.0,Çanta,Kırmızı
Kare çapraz askılı el çantası,1590.0,Çanta,Ekru
Kare el ve çapraz askılı çanta,1590.0,Çanta,Mavi
Mini tokalı tote çanta,1590.0,Çanta,Kiremit rengi
Mini tokalı tote çanta,1590.0,Çanta,Siyah
Metal saplı tote çanta,1490.0,Çanta,Kiremit rengi
Metal saplı tote çanta,1490.0,Çanta,Siyah
Kuşgözü detaylı kese çanta,1490.0,Çanta,Siyah
Yuvarlak delik detaylı çapraz askılı çanta,1490.0,Çanta,Karamel
Zincir saplı omuz çantası,1190.0,Çanta,Mavi
Zincir saplı omuz çantası,1190.0,Çanta,Siyah
Mini tote çanta,790.0,Çanta,Siyah
Mini tote çanta,790.0,Çanta,Kırmızı
Suni süet tokalı omuz çantası,1490.0,Çanta,Karamel
Toka detaylı omuz çantası,1190.0,Çanta,Siyah
Kemer şeritli çanta,1590.0,Çanta,Siyah
Kuşgözü detaylı sert omuz çantası,1190.0,Çanta,Ekru
Kuşgözü detaylı sert omuz çantası,1190.0,Çanta,Pembe
Kuş gözlü sert büzgülü çanta,1190.0,Çanta,Karamel
Kemerli tote çanta,1590.0,Çanta,Siyah
Mini metal saplı omuz çantası,1490.0,Çanta,Siyah
Mini metal saplı omuz çantası,1490.0,Çanta,Kahverengi
Metal saplı omuz çantası,1590.0,Çanta,Kahverengi
Metal saplı omuz çantası,1590.0,Çanta,Siyah
One Dilemma shopper çanta,1190.0,Çanta,Pembe
Zımbalı kemerli çapraz askılı çanta,1590.0,Çanta,Açık kahverengi
Zımbalı kemerli çapraz askılı çanta,1590.0,Çanta,Siyah
Asimetrik omuz çantası,1490.0,Çanta,Ekru
Asimetrik mini omuz çantası,1090.0,Çanta,Siyah
Puantiye ay çapraz askılı çanta,1090.0,Çanta,Beyaz
Kumaş kol çantası,1490.0,Çanta,Fuşya
Cepli omuz çantası,1490.0,Çanta,Siyah
Cepli omuz çantası,1490.0,Çanta,Karamel
Spor kabin sırt çantası,1790.0,Çanta,Mavi
Spor kabin sırt çantası,1790.0,Çanta,Bej
Kontrast çanta,1690.0,Çanta,Mavi
Kontrast çanta,1690.0,Çanta,Bej
Mini sert hindistan cevizi görünümlü çapraz askılı çanta,990.0,Çanta,Beyaz
Mini sert çapraz askılı çanta,990.0,Çanta,Bej
Zımba detaylı omuz çantası,1190.0,Çanta,Siyah
Yanları püsküllü omuz çantası,1190.0,Çanta,Karamel
Yanları püsküllü omuz çantası,1190.0,Çanta,Kahverengi
Püskül detaylı yumuşak dokulu omuz çantası,2290.0,Çanta,Kahverengi
Püskül detaylı yumuşak dokulu omuz çantası,2290.0,Çanta,Karamel
Naylon ay çapraz çanta,990.0,Çanta,Kiremit rengi
Naylon ay çapraz çanta,990.0,Çanta,Siyah
Naylon ay çapraz çanta,990.0,Çanta,Lacivert
Naylon bowling çanta,1190.0,Çanta,Kiremit rengi
Naylon bowling çanta,1190.0,Çanta,Siyah
Zımbalı çanta,1790.0,Çanta,Siyah
Fermuarlı omuz çantası,1490.0,Çanta,Kahverengi
Fermuarlı omuz çantası,1490.0,Çanta,Siyah
Fermuarlı bowling tipi çapraz askılı çanta,1190.0,Çanta,Ekru
Yumuşak dokunuşlu ışıltılı omuz çantası,1790.0,Çanta,Bej
Zincir detaylı çapraz çanta,1790.0,Çanta,Bej
Denim yarım ay kol çantası,1090.0,Çanta,SOLUK EFEKTLİ ORTA MAVİ DENIM
YUMUŞAK DOKULU OMUZ ÇANTASI,1090.0,Çanta,Kiremit rengi
Çıtçıtlı suni süet omuz çantası,1190.0,Çanta,Bej
Yarım ay omuz çantası,990.0,Çanta,Pembe
Yarım ay omuz çantası,990.0,Çanta,Ekru
Yumuşak dokunuşlu mini fermuarlı omuz çantası,710.0,Çanta,Kahverengi
Büyük kapaklı mini dikdörtgen çanta,1090.0,Çanta,Siyah
Büyük kapaklı mini dikdörtgen çanta,1090.0,Çanta,Kırmızı
Yarım ay cepli omuz çantası,1190.0,Çanta,Ekru
Yumuşak dokunuşlu tokalı omuz çantası,1490.0,Çanta,Karamel
Yumuşak dokunuşlu tokalı omuz çantası,1490.0,Çanta,Ekru
Çift taraflı Zebra shopper çanta,2290.0,Çanta,Siyah
Yumuşak dokunuşlu fermuarlı omuz çantası,1590.0,Çanta,Karamel
Büyük kapaklı çapraz askılı çanta,1590.0,Çanta,Siyah
Zincirli ay omuz çantası,990.0,Çanta,Beyaz
Zincirli ay omuz çantası,990.0,Çanta,Siyah
Metalik Asimetrik Süet Görünümlü Klipsli Çanta,1090.0,Çanta,Kahverengi
Yuvarlak kapamalı omuz çantası,790.0,Çanta,Kahverengi
Zincirli Ay Şeklinde Omuz Çantası,990.0,Çanta,Kahverengi
Timsah deseni görünümlü hobo omuz çantası,1590.0,Çanta,Siyah
Timsah deseni görünümlü zincirli omuz çantası,990.0,Çanta,Siyah
Timsah deseni görünümlü yuvarlak kapamalı çapraz askılı çanta,790.0,Çanta,Siyah
Kombine çift saplı omuz çantası,1490.0,Çanta,Kahverengi
Cepli omuz çantası,1190.0,Çanta,Kahverengi
"Süet efektli bucket çanta, detaylı saplı",1790.0,Çanta,Kahverengi
Dikiş detaylı uzun çanta,990.0,Çanta,Kahverengi
Büzgülü sap detaylı omuz çantası,1090.0,Çanta,Siyah
Metal saplı omuz ve çapraz askılı çanta,1590.0,Çanta,Siyah
Metal askılı çanta,2290.0,Çanta,Siyah
Şehir çift askılı çapraz çanta,1190.0,Çanta,Kahverengi
Şehir çift askılı çapraz çanta,1190.0,Çanta,Karamel
Yumuşak dokunuşlu çapraz askılı çanta,990.0,Çanta,Ekru
Yumuşak dokunuşlu çapraz askılı çanta,990.0,Çanta,Pembe
Yumuşak dokunuşlu çapraz askılı çanta,990.0,Çanta,Karamel
2'li su geçirmez bileklik seti,1090.0,Bijuteri,Gri
2'li su geçirmez bileklik seti,1090.0,Bijuteri,Sarı
2'li yıldız ve kalp uçlu su geçirmez kolye seti,990.0,Bijuteri,Sarı
2'li yıldız ve kalp uçlu su geçirmez kolye seti,990.0,Bijuteri,Gri
Su geçirmez 2'li hacimli halka küpe seti,1090.0,Bijuteri,Sarı
Su geçirmez 2'li hacimli halka küpe seti,1090.0,Bijuteri,Gri
2'li su geçirmez küpe seti,990.0,Bijuteri,Sarı
2'li su geçirmez küpe seti,990.0,Bijuteri,Gri
Su geçirmez yılan zincir,990.0,Bijuteri,Sarı
Su geçirmez yılan zincir,990.0,Bijuteri,Gri
6'lı Basic Küpe Seti,350.0,Bijuteri,Altın rengi
4’lü yusufçuk yüzük seti,590.0,Bijuteri,Altın rengi
Boncuklu balık kolye anahtarlık,790.0,Bijuteri,Açık mavi
Güneş figürlü küçük parlak taşlı küpe,590.0,Bijuteri,Altın rengi
Ay ve Güneş Kolye Seti (4'lü),490.0,Bijuteri,Altın rengi
2'li Sert Bilezik Seti,790.0,Bijuteri,Kahverengi
3'lü çok uçlu kolye seti,790.0,Bijuteri,Altın rengi
Mineli çiçek charm,590.0,Bijuteri,Açık pembe
Çok zincirli kolye,590.0,Bijuteri,Altın rengi
Minyeli çiçek charm anahtarlık,590.0,Bijuteri,Altın rengi
Yelpaze emaye küpe,490.0,Bijuteri,Fuşya
İçiçe Geçmiş Dairesel Sert Bileklik,490.0,Bijuteri,Altın rengi
5'li Pembe Taş Charm Kolye Seti,490.0,Bijuteri,Altın rengi
3'lü Sert Mine Bileklik Seti,790.0,Bijuteri,Altın rengi
2'li boncuklu ve sert bileklik seti,790.0,Bijuteri,Mavi
Domates charm anahtarlık,790.0,Bijuteri,Kırmızı
Sert bileklik,590.0,Bijuteri,Altın rengi
Kahve ve Kruvasan Charm Anahtarlık,590.0,Bijuteri,Kahverengi
2'li mini bozuk para kordon kolye seti,590.0,Bijuteri,Altın rengi
Uzun Çok Zincirli Kolye,590.0,Bijuteri,Altın rengi
Bandana kalp sallantılı anahtarlık,590.0,Bijuteri,Açık pembe
Çift çiçekli emaye bileklik,590.0,Bijuteri,Altın rengi
Çiçekli halka küpe,590.0,Bijuteri,Altın rengi
Dokulu maxi kolye,590.0,Bijuteri,Altın rengi
3'lü yusufçuk kolye seti,590.0,Bijuteri,Altın rengi
3'lü Kalp Lariat Kolye Seti,590.0,Bijuteri,Altın rengi
9'lu kalpli ve halka küpe seti,490.0,Bijuteri,Altın rengi
9'lu kalpli ve halka küpe seti,490.0,Bijuteri,Beyaz
9'lu kalpli ve halka küpe seti,490.0,Bijuteri,Gri
9'lu Kelebek ve Parıltılı Yüzük Seti,490.0,Bijuteri,Altın rengi
Dokulu Bileklik,490.0,Bijuteri,Altın rengi
2'li yusufçuk ve çiçek broş seti,490.0,Bijuteri,Altın rengi
Yelpaze çiçek dokulu küpe,490.0,Bijuteri,Altın rengi
Yusufçuk küpe,490.0,Bijuteri,Altın rengi
2'li güneş ve kalp broş seti,490.0,Bijuteri,Altın rengi
Baklava şeklinde kristal efektli lariat kolye,350.0,Bijuteri,Gri
2'li püskül charm kolye seti,350.0,Bijuteri,Altın rengi
Çivili halka küpe,350.0,Bijuteri,Altın rengi
9'lu Mini Damla Küpe Seti,490.0,Bijuteri,Altın rengi
9'lu Mini Damla Küpe Seti,490.0,Bijuteri,Gri
Zebra charm anahtarlık,790.0,Bijuteri,Beyaz
Sedef efekti çiçek küpe,590.0,Bijuteri,Beyaz
ÇİÇEKLİ LARİAT KOLYE,490.0,Bijuteri,Altın rengi
Halka küpe,290.0,Bijuteri,Altın rengi
Halka küpe,290.0,Bijuteri,Gri
Charm detaylı kordon kolye,490.0,Bijuteri,Altın rengi
Charm detaylı kordon kolye,490.0,Bijuteri,Gri
Zımbalı büyük sert bileklik,990.0,Bijuteri,Kahverengi
2'li kristal görünümlü çiçek iğne seti,590.0,Bijuteri,Altın rengi
Kala çiçeği choker kolye,990.0,Bijuteri,Ekru
Aynalı uzun güneş küpe,490.0,Bijuteri,Altın rengi
3'lü Mini Hacimli Küpe Seti,490.0,Bijuteri,Altın rengi
3'lü kombine bileklik seti,990.0,Bijuteri,Açık pembe
Dokulu Lazo Kolye,590.0,Bijuteri,Altın rengi
2'li bahçe küpe seti,490.0,Bijuteri,Altın rengi
Bahçe kolyesi,790.0,Bijuteri,Kırmızı
Bahçe bileklik,590.0,Bijuteri,Kırmızı
Çoklu meyve charm kolye,990.0,Bijuteri,Kırmızı
Uzun püsküllü küpe,350.0,Bijuteri,Siyah
3'lü kristal efektli çiçek yüzük seti,590.0,Bijuteri,Altın rengi
Aşk tanrısı charm anahtarlık,790.0,Bijuteri,Kırmızı
Boncuklu gala çiçeği anahtarlık,790.0,Bijuteri,Beyaz
Mina işlemeli çiçekli lariat kolye,790.0,Bijuteri,Altın rengi
Emaye çiçek şelale zincir küpe,590.0,Bijuteri,Ekru
Çok halkalı bileklik,470.0,Bijuteri,Altın rengi
2'li kristal efektli bileklik seti,590.0,Bijuteri,Kırmızı
Ayna efektli halka küpe,290.0,Bijuteri,Altın rengi
Eyfel Kulesi ve makaron anahtarlık,790.0,Bijuteri,Kahverengi
2'li kombine yüzük seti,350.0,Bijuteri,Siyah
3'lü sert bileklik seti,790.0,Bijuteri,Altın rengi
Mini el çantası kolye,790.0,Bijuteri,Pembe
Mini el çantası kolye,790.0,Bijuteri,Kırmızı
Mini el çantası kolye,790.0,Bijuteri,Gri
Uzun püsküllü küpe,290.0,Bijuteri,Ekru
Metal örgü charm kolye,590.0,Bijuteri,Altın rengi
Uzun püsküllü kalp küpe,350.0,Bijuteri,Siyah
Dudak aşkı charm anahtarlık,790.0,Bijuteri,Kırmızı
Esnek Tasma,590.0,Bijuteri,Altın rengi
2'li zeytin kolye seti,590.0,Bijuteri,Altın rengi
Uğur böceği charm anahtarlık,490.0,Bijuteri,Kırmızı
Çok madalyonlu kolye,590.0,Bijuteri,Altın rengi
3'lü sert zımbalı bileklik seti,790.0,Bijuteri,Kahverengi
2'li asetat bileklik seti,790.0,Bijuteri,Kırmızı
2'li uzun kolye seti,470.0,Bijuteri,Altın rengi
Çilek charm anahtarlık,790.0,Bijuteri,Kırmızı
Mini aynalı gerdanlık,490.0,Bijuteri,Altın rengi
Yelpaze emaye küpe,490.0,Bijuteri,Altın rengi
Yusufçuk bileklik,790.0,Bijuteri,Altın rengi
Uzun püsküllü küpe,350.0,Bijuteri,Altın rengi
Yuvarlak Plakalı Metal Kemer,590.0,Bijuteri,Altın rengi
Yuvarlak Plakalı Metal Kemer,590.0,Bijuteri,Gri
Dokulu sallantılı küpe,790.0,Bijuteri,Altın rengi
9'lu kelebekli ve suni incili küpe seti,590.0,Bijuteri,Altın rengi
Sedefli dairesel küpeler,490.0,Bijuteri,Altın rengi
Boncuklu halka küpe,490.0,Bijuteri,Altın rengi
Dondurma Temalı Charm Anahtarlık,590.0,Bijuteri,Pembe
EKSTRA UZUN KOLYE,790.0,Bijuteri,Altın rengi
2'li yıldız ve parlak taşlı bileklik seti,990.0,Bijuteri,Kahverengi
Zebra bileklik,990.0,Bijuteri,Beyaz
2'li domates kolye seti,590.0,Bijuteri,Kırmızı
2'li domates küpe seti,590.0,Bijuteri,Kırmızı
Domates küpe,490.0,Bijuteri,Kırmızı
Mineli çiçek kordon kolye,490.0,Bijuteri,Açık pembe
Mine çiçek küpe,490.0,Bijuteri,Açık pembe
3'lü kombine yemek rozet seti,590.0,Bijuteri,Altın rengi
Domates şelalesi küpe,490.0,Bijuteri,Kırmızı
2'li elma yüzük seti,590.0,Bijuteri,Yeşil
Çiçekli kordon kolye,590.0,Bijuteri,Ekru
2'li kombin bileklik seti,990.0,Bijuteri,Gri
Sert yuvarlak bileklik,590.0,Bijuteri,Gri
2'li yuvarlak kolye seti,590.0,Bijuteri,Altın rengi
Ayna efektli güneş küpe,490.0,Bijuteri,Altın rengi
Sert bileklik,590.0,Bijuteri,Gri
Çivili çiçek bileklik,790.0,Bijuteri,Siyah
Ayna efektli eşkenar dörtgen küpe,290.0,Bijuteri,Altın rengi
2'li güneş figürlü lariat kolye seti,790.0,Bijuteri,Altın rengi
Çiçekli choker kolye,590.0,Bijuteri,Altın rengi
3'lü çiçekli lariat kolye seti,590.0,Bijuteri,Altın rengi
Ayna efektli çiçek küpe,590.0,Bijuteri,Altın rengi
2'li kombin bileklik seti,990.0,Bijuteri,Ekru
Baklava şeklinde sallantılı küpe,350.0,Bijuteri,Altın rengi
5'li kalp ve kiraz broş seti,790.0,Bijuteri,Kırmızı
9'lu çiçek küpe seti,490.0,Bijuteri,Altın rengi
9'lu uğur böceği küpe seti,590.0,Bijuteri,Altın rengi
Uzun zincir küpe,290.0,Bijuteri,Altın rengi
Emaye dokulu lariat kolye,590.0,Bijuteri,Ekru
Zımbalı bileklik,790.0,Bijuteri,Ekru
2'li puantiyeli bileklik seti,790.0,Bijuteri,Siyah
9'lu emaye çiçekli küpe seti,590.0,Bijuteri,Altın rengi
Kiraz ve boncuklu charm anahtarlık,790.0,Bijuteri,Kırmızı
Çift renkli çiçek küpe,490.0,Bijuteri,Gri
Çiçek küpe,490.0,Bijuteri,Altın rengi
Papatya çiçekli choker kolye,490.0,Bijuteri,Altın rengi
3'lü bahçe broşu seti,790.0,Bijuteri,Altın rengi
3’lü sallantılı küpe seti,590.0,Bijuteri,Altın rengi
"9'lu Set Halka Küpe, Parlak ve Suni İnci",490.0,Bijuteri,Gri
Hacimli taç,490.0,Bijuteri,Kahverengi
Muz figürlü charm,790.0,Bijuteri,Kahverengi
2'li kombin bileklik seti,990.0,Bijuteri,Kırmızı
Uçlu kordon kolye,350.0,Bijuteri > Kolye,Siyah
Çok iplikli bileklik,350.0,Bijuteri > Bileklik,Altın rengi
Detaylı spor ayakkabı,1990.0,Yeni koleksiyon > Community | Always On,BEYAZ
Kahverengi deri makosenler,2690.0,Yeni koleksiyon > Community | Always On,KAHVERENGİ
Üç katmanlı uzun kollu t-shirt,1090.0,Yeni koleksiyon > Community | Always On,Koyu Gri
File zımbalı babetler,2490.0,Yeni koleksiyon > Community | Always On,SİYAH
Burunlu deri babet,1990.0,Yeni koleksiyon > Community | Always On,KAHVERENGİ
Saten yüzeyli topuklu ayakkabı,1990.0,Yeni koleksiyon > Community | Always On,KAHVERENGİ
Saten yüzeyli topuklu ayakkabılar,1790.0,Yeni koleksiyon > Community | Always On,MAVİ
Suni deri topuklu ayakkabı,1990.0,Yeni koleksiyon > Community | Always On,EKRU
Burnu açık topuklu ayakkabı,1990.0,Yeni koleksiyon > Community | Always On,KIRMIZI
Günlük deri spor ayakkabı,1990.0,Yeni koleksiyon > Community | Always On,BEJ
Günlük deri spor ayakkabı,1990.0,Yeni koleksiyon > Community | Always On,MAVİ
Günlük deri spor ayakkabı,1990.0,Yeni koleksiyon > Community | Always On,PEMBE
Günlük suni süet spor ayakkabı,1990.0,Yeni koleksiyon > Community | Always On,Mavi
Puantiye desenli çapraz askılı kemer,1090.0,Yeni koleksiyon > Community | Always On,Siyah
8 Numara Charm Anahtarlık,590.0,Yeni koleksiyon > Community | Always On,Siyah
Köpek ve Çiçek Charm Anahtarlık,790.0,Yeni koleksiyon > Community | Always On,Kahverengi
Corgi köpek figürlü anahtarlık,790.0,Yeni koleksiyon > Community | Always On,Kahverengi
Metal Ayı Charm,590.0,Yeni koleksiyon > Community | Always On,Altın rengi
Metal Ayı Charm,590.0,Yeni koleksiyon > Community | Always On,Kahverengi
Püsküllü çanta uçlu anahtarlık,790.0,Yeni koleksiyon > Community | Always On,Bej
Snoopy anahtarlık,790.0,Yeni koleksiyon > Community | Always On,Beyaz
Puantiye desenli köpek figürlü charm anahtarlık,790.0,Yeni koleksiyon > Community | Always On,Beyaz
Bugs Bunny charm anahtarlık,790.0,Yeni koleksiyon > Community | Always On,Koyu gri
Hello kitty charm anahtarlık,790.0,Yeni koleksiyon > Community | Always On,Mavi
Çizgili kumaş saç tokası,450.0,Yeni koleksiyon > Community | Always On,Sarı
Kumaş mandal,450.0,Yeni koleksiyon > Community | Always On,Beyaz
2'li küçük toka seti,450.0,Yeni koleksiyon > Community | Always On,Kırmızı
2'li küçük toka seti,450.0,Yeni koleksiyon > Community | Always On,Açık pembe
2'li çizgili lastik toka seti,490.0,Yeni koleksiyon > Community | Always On,Açık pembe
2'li maxi saç tokası seti,490.0,Yeni koleksiyon > Community | Always On,Kırmızı
3'lü saç lastiği takımı,450.0,Yeni koleksiyon > Community | Always On,Açık sarı
3'lü saç lastiği takımı,450.0,Yeni koleksiyon > Community | Always On,Siyah
2'li zımba detaylı saç tokası seti,490.0,Yeni koleksiyon > Community | Always On,Kahverengi
3'lü Toka Seti,450.0,Yeni koleksiyon > Community | Always On,Koyu mavi
3'lü Toka Seti,450.0,Yeni koleksiyon > Community | Always On,Açık mavi
3'lü Toka Seti,450.0,Yeni koleksiyon > Community | Always On,Açık pembe
3'lü Toka Seti,450.0,Yeni koleksiyon > Community | Always On,Kahverengi
Çiçek saç tokası,450.0,Yeni koleksiyon > Community | Always On,Kırmızı
Çiçek saç tokası,450.0,Yeni koleksiyon > Community | Always On,Ekru
Çiçek saç tokası,450.0,Yeni koleksiyon > Community | Always On,Açık mavi
Çiçek saç tokası,450.0,Yeni koleksiyon > Community | Always On,Açık pembe
Çiçek saç tokası,450.0,Yeni koleksiyon > Community | Always On,Koyu mavi
Çiçek saç tokası,450.0,Yeni koleksiyon > Community | Always On,Altın rengi
Çiçek saç tokası,450.0,Yeni koleksiyon > Community | Always On,Kahverengi
Çizgili sert taç,450.0,Yeni koleksiyon > Community | Always On,Mavi
Çizgili sert taç,450.0,Yeni koleksiyon > Community | Always On,Açık pembe
Saten sert taç,450.0,Yeni koleksiyon > Community | Always On,Mavi
Saten sert taç,450.0,Yeni koleksiyon > Community | Always On,Kahverengi
2’li elastik kürk bandı seti,350.0,Yeni koleksiyon > Community | Always On,Açık mavi
2'li puantiyeli kürk toka seti,490.0,Yeni koleksiyon > Community | Always On,Kahverengi
Metal çiçek toka,490.0,Yeni koleksiyon > Community | Always On,Açık pembe
Metal çiçek toka,490.0,Yeni koleksiyon > Community | Always On,Kahverengi
Domates kürk tokası,450.0,Yeni koleksiyon > Community | Always On,Kırmızı
2'li emaye çiçekli toka seti,490.0,Yeni koleksiyon > Community | Always On,Beyaz
2'li zımbalı kürk bant seti,590.0,Yeni koleksiyon > Community | Always On,Siyah
2'li zımbalı kürk bant seti,590.0,Yeni koleksiyon > Community | Always On,Gri
2'li zımbalı kürk bant seti,590.0,Yeni koleksiyon > Community | Always On,Kahverengi
Metal çiçekli saç tokası,490.0,Yeni koleksiyon > Community | Always On,Ekru
3'lü çiçekli toka seti,490.0,Yeni koleksiyon > Community | Always On,Ekru
3'lü çiçekli toka seti,490.0,Yeni koleksiyon > Community | Always On,Kahverengi
DİKDÖRTGEN GÖZLÜK,590.0,Yeni koleksiyon > Community | Always On,Siyah
Boncuklu fular,1090.0,Yeni koleksiyon > Community | Always On,Siyah
Dantelli pareo,790.0,Yeni koleksiyon > Community | Always On,Kahverengi
Dantelli pareo,790.0,Yeni koleksiyon > Community | Always On,Siyah
Dantelli pareo,790.0,Yeni koleksiyon > Community | Always On,Ekru
Uzun ekose desenli pareo,990.0,Yeni koleksiyon > Community | Always On,Kahverengi
Aşk fuları,490.0,Yeni koleksiyon > Community | Always On,Kırmızı
NAL ŞAL,590.0,Yeni koleksiyon > Community | Always On,Mavi
Çizgili eşarp,590.0,Yeni koleksiyon > Community | Always On,Koyu mavi
Kare çizgili fular,590.0,Yeni koleksiyon > Community | Always On,Mavi
Kare çizgili fular,590.0,Yeni koleksiyon > Community | Always On,Ekru
Altıgen Metal Gözlük,590.0,Yeni koleksiyon > Community | Always On,Kahverengi
Metal saplı gözlük,590.0,Yeni koleksiyon > Community | Always On,Siyah
Metal saplı gözlük,590.0,Yeni koleksiyon > Community | Always On,Kahverengi
Dantelli çizgili pareo,790.0,Yeni koleksiyon > Community | Always On,Mavi
Kare pilot güneş gözlüğü,790.0,Yeni koleksiyon > Community | Always On,Pembe
Düz üst metal güneş gözlüğü,790.0,Yeni koleksiyon > Community | Always On,Mavi
METALİK MAVİ IŞIK FİLTRELİ GÖZLÜK,790.0,Yeni koleksiyon > Community | Always On,Altın rengi
İki malzemeli denizci şapkası,790.0,Yeni koleksiyon > Community | Always On,Lacivert
Metal detaylı fitilli bere,490.0,Yeni koleksiyon > Community | Always On,Ekru
Metal detaylı fitilli bere,490.0,Yeni koleksiyon > Community | Always On,Siyah
Metal detaylı fitilli bere,490.0,Yeni koleksiyon > Community | Always On,Koyu mavi
Metal detaylı fitilli bere,490.0,Yeni koleksiyon > Community | Always On,Kırmızı
Metal detaylı fitilli bere,490.0,Yeni koleksiyon > Community | Always On,Açık gri
Metal detaylı fitilli bere,490.0,Yeni koleksiyon > Community | Always On,Kahverengi
Metal detaylı fitilli bere,490.0,Yeni koleksiyon > Community | Always On,Bej
Altıgen epoksi güneş gözlüğü,790.0,Yeni koleksiyon > Community | Always On,Kahverengi
Degrade Camlı Kare Gözlük,590.0,Yeni koleksiyon > Community | Always On,Siyah
Kare epoksi cat eye güneş gözlüğü,790.0,Yeni koleksiyon > Community | Always On,Kahverengi
Kare epoksi cat eye güneş gözlüğü detaylı,790.0,Yeni koleksiyon > Community | Always On,Kahverengi
Kare renkli camlı epoksi güneş gözlüğü,790.0,Yeni koleksiyon > Community | Always On,Kahverengi
Rozetli şapka,790.0,Yeni koleksiyon > Community | Always On,Kahverengi
Üst Üste Tokalı Kemer,490.0,Yeni koleksiyon > Community | Always On,Kahverengi
Üst Üste Tokalı Kemer,490.0,Yeni koleksiyon > Community | Always On,Siyah
Metal Plaka Detaylı Kemer,1090.0,Yeni koleksiyon > Community | Always On,Kahverengi
Altın Rengi Çivili Kemer,590.0,Yeni koleksiyon > Community | Always On,Bej
Basic Tokalı Kemer,490.0,Yeni koleksiyon > Community | Always On,Kahverengi
Kalın tokalı kemer,590.0,Yeni koleksiyon > Community | Always On,Kahverengi
Basic yuvarlak tokalı kemer,590.0,Yeni koleksiyon > Community | Always On,Açık kahverengi
Oval madeni para metal kemer,590.0,Yeni koleksiyon > Community | Always On,Altın rengi
Yarı geniş suni süet kemer,590.0,Yeni koleksiyon > Community | Always On,Siyah
Yarı geniş suni süet kemer,590.0,Yeni koleksiyon > Community | Always On,Altın rengi
Basic kare tokalı kemer,590.0,Yeni koleksiyon > Community | Always On,Kahverengi
BASIC dövme tokalı kemer,590.0,Yeni koleksiyon > Community | Always On,Siyah
Uzun tokalı kemer,790.0,Yeni koleksiyon > Community | Always On,Siyah
ÇİFT TOKALI SUNİ SÜET KEMER,590.0,Yeni koleksiyon > Community | Always On,Kahverengi
Asimetrik çoklu zımbalı kemer,990.0,Yeni koleksiyon > Community | Always On,Siyah
Asimetrik çoklu zımbalı kemer,990.0,Yeni koleksiyon > Community | Always On,Kahverengi
METAL DETAYLI KEMER,590.0,Yeni koleksiyon > Community | Always On,Altın rengi
Yan tokalı kemer,790.0,Yeni koleksiyon > Community | Always On,Siyah
Kuş gözlü kemer,790.0,Yeni koleksiyon > Community | Always On,Siyah
Uzun parçalı zımbalı kemer,990.0,Yeni koleksiyon > Community | Always On,Siyah
N.033 MOCHA MOUSSE INTENSE EAU DE PARFUM 100 ML,990.0,Yeni koleksiyon > Community | Always On,Kahverengi
Çift Tokalı Kemer,490.0,Yeni koleksiyon > Community | Always On,Siyah
İnce tabanlı yumuşak spor ayakkabı,1250.0,Yeni koleksiyon > The collective,BEYAZ
Suni süet terlik,1390.0,Yeni koleksiyon > The collective,KAHVERENGİ
Deri bağcıklı deniz ayakkabısı,2690.0,Yeni,BEJ
Deri detaylı spor ayakkabı,2690.0,Yeni,BEJ
Yanları yıldız detaylı süper baggy jean,2490.0,Yeni,SOLUK EFEKTLİ AÇIK ORTA MAVİ DENIM
Dantelli askılı top,590.0,Yeni,Siyah
Dantelli askılı top,590.0,Yeni,Açık gri
Yuvarlak metal kemer,590.0,Yeni,Gri
"File babet, bantlı",1790.0,Yeni,KIRMIZI
"File babet, bantlı",1790.0,Yeni,SİYAH
N.032 VANILLA ADDICTION EAU DE PARFUM 50 ML,790.0,Yeni,Ekru
Suni deri babuç,1990.0,Yeni,KAHVERENGİ
Suni süet sloganlı şapka,790.0,Yeni,Bej
Suni süet sloganlı şapka,790.0,Yeni,Kahverengi
Metalik efektli spor ayakkabı,1250.0,Yeni > Casual Spor,GÜMÜŞ
Deri charm topuksuz makosenler,2990.0,Yeni > Ayakkabı,BEJ
Topuksuz deri takunya,2490.0,Yeni > Ayakkabı,BEJ
Suni süet arkası açık babet,1590.0,Yeni > Ayakkabı,BEJ
Platform spor ayakkabı,1990.0,Yeni > Ayakkabı,BEJ
Günlük deri spor ayakkabı,1990.0,Yeni > Ayakkabı,KAHVERENGİ
SUNİ DERİ GÖRÜNÜMLÜ FERMUARLI CÜZDAN,550.0,Yeni > Aksesuar,Altın rengi
SUNİ DERİ GÖRÜNÜMLÜ FERMUARLI CÜZDAN,550.0,Yeni > Aksesuar,Beyaz
Brooklyn şapka,790.0,Yeni > Aksesuar,Lacivert
Metal suni deri kemer,790.0,Yeni > Aksesuar,Kahverengi
Uzun parlak kartlık cüzdan,550.0,Yeni > Aksesuar,Pembe
Believe şapka,590.0,Yeni > Aksesuar,Mavi
6'lı toka seti,450.0,Yeni > Aksesuar,Açık sarı
6'lı toka seti,450.0,Yeni > Aksesuar,Mavi
Barselona şapka,590.0,Yeni > Aksesuar,Açık sarı
Pullu pareo,990.0,Yeni > Aksesuar,Ekru
Yanları boncuklu kemer,590.0,Yeni > Aksesuar,Pembe
Yanları boncuklu kemer,590.0,Yeni > Aksesuar,Kahverengi
Metal elastik kemer,790.0,Yeni > Aksesuar,Altın rengi
Kuş gözü detaylı kemer,790.0,Yeni > Aksesuar,Kahverengi
Suni deri kartlık,550.0,Yeni > Aksesuar,Beyaz
Suni deri kartlık,550.0,Yeni > Aksesuar,Altın rengi
Simli fermuarlı cüzdan,550.0,Yeni > Aksesuar,Pembe
UZUN SAFIANO KARTLIK CÜZDAN,550.0,Yeni > Aksesuar,Beyaz
SAFIANO KARTLIK CÜZDAN,550.0,Yeni > Aksesuar,Sarı
SAFIANO KARTLIK CÜZDAN,550.0,Yeni > Aksesuar,Beyaz
Metal taşlı renkli zincir kemer,790.0,Yeni > Aksesuar,Ekru
Yuvarlak kapamalı ve dantel detaylı çapraz askılı çanta,790.0,Yeni > Aksesuar,Ekru
Basic açık topuklu ayakkabılar,1590.0,Yeni koleksiyon > Bayram kombinleri,SİYAH
Kadın spor ayakkabı,1040.0,Yeni koleksiyon > Bayram kombinleri,BEYAZ
Fiyonk burunlu babet,1250.0,Yeni koleksiyon > Bayram kombinleri,SİYAH
Suni deri burunlu babet,1790.0,Yeni koleksiyon > Bayram kombinleri,BORDO
Fiyonklu topuklu ayakkabı,1990.0,Yeni koleksiyon > Bayram kombinleri,BORDO
File topuklu ayakkabı,1390.0,Yeni koleksiyon > Bayram kombinleri,SİYAH
Çift Bağcıklı Günlük Spor Ayakkabı,1390.0,Yeni koleksiyon > Bayram kombinleri,BORDO
Siyah suni deri makosenler,1990.0,Yeni koleksiyon > Bayram kombinleri,SİYAH
Reçine güneş gözlüğü,590.0,Yeni koleksiyon > Community | STR Teen,Siyah
Retro tarzı taşlı güneş gözlüğü,590.0,Yeni koleksiyon > Community | STR Teen,Haki
2'li Set Elastik Saç Bandı,350.0,Yeni koleksiyon > Community | STR Teen,Koyu bej
2'li Set Elastik Saç Bandı,350.0,Yeni koleksiyon > Community | STR Teen,Siyah
2'li Set Elastik Saç Bandı,350.0,Yeni koleksiyon > Community | STR Teen,Beyaz
2'li Set Elastik Saç Bandı,350.0,Yeni koleksiyon > Community | STR Teen,Açık pembe
Volanlı asimetrik tişört,790.0,Ürüne göre alışveriş,Siyah
Volanlı asimetrik tişört,790.0,Ürüne göre alışveriş,Koyu kırmızı
Volanlı asimetrik tişört,790.0,Ürüne göre alışveriş,Pembe
LA baskılı t-shirt,590.0,Ürüne göre alışveriş,Pembe
Fermuarlı bozuk para cüzdanı,490.0,Ürüne göre alışveriş > Latest trends,Bordo
Fermuarlı bozuk para cüzdanı,490.0,Ürüne göre alışveriş > Latest trends,Siyah
Romance nº 134,790.0,Ürüne göre alışveriş > Latest trends,Pembe
Cashmere eau de toilette Nº161 - 100 ML,790.0,Ürüne göre alışveriş > Latest trends,Soluk pembe
Basic timsah deseni görünümlü cüzdan,550.0,Ürüne göre alışveriş > Latest trends,Ekru
Basic timsah deseni görünümlü cüzdan,550.0,Ürüne göre alışveriş > Latest trends,Bordo
Basic timsah deseni görünümlü cüzdan,550.0,Ürüne göre alışveriş > Latest trends,Koyu gri
Basic Fermuarlı Cüzdan,590.0,Ürüne göre alışveriş > Latest trends,Siyah
Dikdörtgen cüzdan,550.0,Ürüne göre alışveriş > Latest trends,Ekru
N.130 Manolya çiçeği saç ve vücut parfümü,790.0,Ürüne göre alışveriş > Latest trends,Pembe
N.168 eau de toilette,590.0,Ürüne göre alışveriş > Latest trends,Pembe
N.15 Our essence eau de parfum,790.0,Ürüne göre alışveriş > Latest trends,Lila
N.179 Coco Kiss saç ve vücut parfümü,790.0,Ürüne göre alışveriş > Latest trends,Ekru
Pink passion nº 002,790.0,Ürüne göre alışveriş > Latest trends,Pembe
N.176 Berry delicious eau de toilette,990.0,Ürüne göre alışveriş > Latest trends,Bordo
Ay ışığı vücut spreyi,490.0,Ürüne göre alışveriş > Latest trends,Pembe
Vanilya karamel vücut spreyi,490.0,Ürüne göre alışveriş > Latest trends,Altın rengi
Dikdörtgen taşlı güneş gözlüğü,590.0,Ürüne göre alışveriş > Latest trends,Kahverengi
Dikdörtgen taşlı güneş gözlüğü,590.0,Ürüne göre alışveriş > Latest trends,Siyah
Silk eau de toilette Nº101 - 100 ML,790.0,Ürüne göre alışveriş > Latest trends,Açık sarı
Wood Eau de toilette - 100 ML,790.0,Ürüne göre alışveriş > Latest trends,Bej
Basic fermuarlı cüzdan,490.0,Ürüne göre alışveriş > Latest trends,Siyah
Basic fermuarlı cüzdan,490.0,Ürüne göre alışveriş > Latest trends,Bordo
Basic fermuarlı cüzdan,490.0,Ürüne göre alışveriş > Latest trends,Koyu gri
Origin nº165,590.0,Ürüne göre alışveriş > Latest trends,Yeşil
N.058 Vanilla bliss eau de parfum,790.0,Ürüne göre alışveriş > Latest trends,Ekru
Pink moon vücut spreyi,490.0,Ürüne göre alışveriş > Latest trends,Soluk pembe
N.178 Tropical tango eau de toilette,990.0,Ürüne göre alışveriş > Latest trends,Ekru
Coco & sun vücut spreyi,490.0,Ürüne göre alışveriş > Latest trends,Altın rengi
Pretty blossom nº 133,790.0,Ürüne göre alışveriş > Latest trends,Ekru
Modern Buket nº115,590.0,Ürüne göre alışveriş > Latest trends,Mor
Metal Dikdörtgen Güneş Gözlüğü,590.0,Ürüne göre alışveriş > Latest trends,Altın rengi
Basic düz atkı,990.0,Ürüne göre alışveriş > Latest trends,Ekru
Basic düz atkı,990.0,Ürüne göre alışveriş > Latest trends,Siyah
Basic düz atkı,990.0,Ürüne göre alışveriş > Latest trends,Bordo
Çift Halkalı Basic Kemer,590.0,Ürüne göre alışveriş > Latest trends,Siyah
N.180 Solar Breeze saç ve vücut parfümü,790.0,Ürüne göre alışveriş > Latest trends,Açık sarı
Güneşin mutluluğu vücut spreyi,490.0,Ürüne göre alışveriş > Latest trends,Altın rengi
Timsah deseni görünümlü kartlık cüzdan,550.0,Ürüne göre alışveriş > Latest trends,Ekru
Timsah deseni görünümlü kartlık cüzdan,550.0,Ürüne göre alışveriş > Latest trends,Bordo
Timsah deseni görünümlü kartlık cüzdan,550.0,Ürüne göre alışveriş > Latest trends,Koyu gri
Basic fermuarlı bozuk para cüzdanı,550.0,Ürüne göre alışveriş > Latest trends,Bordo
Dikdörtgen Cüzdan,550.0,Ürüne göre alışveriş > Latest trends,Siyah
Dikişli Asimetrik Tokalı Kemer,490.0,Ürüne göre alışveriş > Latest trends,Kahverengi
Deri topuklu ayakkabı,2690.0,Ürüne göre alışveriş > Suni deri,KAHVERENGİ
Görünüm,1790.0,Ürüne göre alışveriş > Latest trends,Beyaz
Tweety charm anahtarlık,790.0,Ürüne göre alışveriş > Latest trends,Açık pembe
Deri topuklu ayakkabı,2690.0,Ürüne göre alışveriş > Deri̇,SİYAH
Düz deri terlik,2490.0,Ürüne göre alışveriş > Deri̇,BEJ
Tokalı deri takunyalar,1990.0,Ürüne göre alışveriş > Deri̇,BEJ
Saten ince tabanlı spor ayakkabı,1250.0,Ürüne göre alışveriş > Promosyonlar,KAHVERENGİ
Saten ince tabanlı spor ayakkabı,1250.0,Ürüne göre alışveriş > Promosyonlar,SİYAH
Deri detaylı ince tabanlı spor ayakkabı,1390.0,Ürüne göre alışveriş > Promosyonlar,BORDO
Platformlu tekne ayakkabısı,2690.0,Aksesuar,KAHVERENGİ
Deri detaylı delikli spor ayakkabı,1990.0,Aksesuar,KAHVERENGİ
Deri detaylı delikli spor ayakkabı,1990.0,Aksesuar,BEJ
Platform günlük spor ayakkabı,1590.0,Aksesuar,BEYAZ
Mikro delikli platform spor ayakkabı,1490.0,Aksesuar,BEJ
"Geniş topuklu, arkası açık ayakkabı",1790.0,Aksesuar,SİYAH
Taşlı file topuklu ayakkabı,2490.0,Aksesuar,BEJ
Streç topuklu botlar,2490.0,Aksesuar,KAHVERENGİ
Günlük retro spor ayakkabı,1790.0,Aksesuar,BEYAZ
Salon tipi topuklu ayakkabılar,1590.0,Aksesuar,SİYAH
İnce tabanlı deri detaylı spor ayakkabı,1390.0,Aksesuar,KIRMIZI
Yuvarlak detaylı güneş gözlüğü,790.0,Aksesuar,Haki
Çiçek parçalı zincir kemer,590.0,Aksesuar,Gri
Denim Fermuarlı Cüzdan,590.0,Aksesuar,SOLUK EFEKTLİ ORTA MAVİ DENIM
Timsah deseni görünümlü fermuarlı cüzdan,550.0,Aksesuar,Bordo
Yuvarlak epoksi güneş gözlüğü,790.0,Aksesuar,Haki
Basic kovboy tokalı kemer,590.0,Aksesuar,Siyah
Fermuarlı cüzdan,590.0,Aksesuar,Siyah
Fermuarlı cüzdan,590.0,Aksesuar,Ekru
Fermuarlı cüzdan,590.0,Aksesuar,Kırmızı
Çekme detaylı kartlık cüzdan,550.0,Aksesuar,Ekru
Puantiye makyaj çantası,550.0,Aksesuar,Kahverengi
Puantiye makyaj çantası,550.0,Aksesuar,Siyah
Basic timsah deseni görünümlü cüzdan,550.0,Aksesuar,Fuşya
Basic timsah deseni görünümlü cüzdan,550.0,Aksesuar,Siyah
DALGALI PARA VE ZIMBA KEMER,990.0,Aksesuar,Siyah
Oval epoksi güneş gözlüğü,790.0,Aksesuar,Bordo
Basic atkı,790.0,Aksesuar,Ekru
Basic atkı,790.0,Aksesuar,Koyu mavi
Basic parlak suni deri kemer,590.0,Aksesuar,Kahverengi
Basic parlak suni deri kemer,590.0,Aksesuar,Siyah
Suni süet efektli kartlık cüzdan,550.0,Aksesuar,Kahverengi
2’li asetat klips seti,490.0,Aksesuar,Açık pembe
Kruvasan toka,450.0,Aksesuar,Kahverengi
8 numaralı top eşarp,590.0,Aksesuar,Pembe
Domates desenli fular,590.0,Aksesuar,Kırmızı
Paisley fular,490.0,Aksesuar,Kırmızı
Yılan desenli fular,590.0,Aksesuar,Kahverengi
Püsküllü eşarp,590.0,Aksesuar,Ekru
Çiçekli tığ işi fular,590.0,Aksesuar,Ekru
Kontrast çizgili fular,590.0,Aksesuar,Altın rengi
N.136 ROSE CLOUD INTENSE EAU DE PARFUM 100 ML,990.0,Aksesuar,Pembe
Weekend şapka,590.0,Aksesuar,Krem rengi
Basic fermuarlı cüzdan,550.0,Aksesuar,Bej
Organik tokalı kemer,590.0,Aksesuar,Kahverengi
Büyük oval metal kemer,590.0,Aksesuar,Gri
Soluk efektli çivili şapka,790.0,Aksesuar,Mavi
San Francisco şapka,590.0,Aksesuar,Lacivert
Diyagonal çizgili ve pullu fular,790.0,Aksesuar,Açık mavi
KOMBİNE ÇİZGİLİ EŞARP,590.0,Aksesuar,Kırmızı
İki renkli metal kemer,790.0,Aksesuar,Altın rengi
N.028 GOLDEN SUBLIME ELIXIR PARFUM 100 ML,990.0,Aksesuar,Altın rengi
N.059 OPULENT GLOW İKSİR PARFÜM 100 ML,990.0,Aksesuar,Altın rengi
N. 004 bağımlılık yapan esans iksir parfüm 100 ml,990.0,Aksesuar,Altın rengi
Simli fermuarlı kartlık,550.0,Aksesuar,Kahverengi
Cüzdan aplikeli kemer,790.0,Aksesuar,Kahverengi
Çift tokalı kemer,590.0,Aksesuar,Kahverengi
Mat tokalı basic kemer,590.0,Aksesuar,Siyah
Kare epoksi güneş gözlüğü,790.0,Aksesuar,Kahverengi
Kontrast fular,990.0,Aksesuar,Kahverengi
Baskılı kumaş fermuarlı makyaj çantası,550.0,Aksesuar,Siyah
Baskılı kumaş fermuarlı makyaj çantası,550.0,Aksesuar,Kırmızı
Mini makyaj çantası,490.0,Aksesuar,Kırmızı
Mini makyaj çantası,490.0,Aksesuar,Siyah
Puantiye desenli kartlık cüzdan,550.0,Aksesuar,Kahverengi
Puantiye desenli kartlık cüzdan,550.0,Aksesuar,Siyah
Balaklava,990.0,Aksesuar,Ekru
Balaklava,990.0,Aksesuar,Siyah
N.031 Vanilla Woods Elixir parfüm,990.0,Aksesuar,Açık sarı
Pembe kek vücut spreyi,490.0,Aksesuar,Açık pembe
N.120 Rose Vanilla Elixir parfüm,990.0,Aksesuar,Açık sarı
Güneşin mutluluğu iksir parfümü,790.0,Aksesuar,Altın rengi
Metal halkalı kemer,590.0,Aksesuar,Kahverengi
Zincir Detaylı Fermuarlı Cüzdan,590.0,Aksesuar,Kiremit rengi
Fermuarlı bozuk para cüzdanı,550.0,Aksesuar,Kırmızı
N.121 Radiance Vanilla Elixir parfüm,990.0,Aksesuar,Açık sarı
Fermuarlı dikdörtgen cüzdan,550.0,Aksesuar,Kırmızı
Suni kürklü makyaj çantası,590.0,Aksesuar,Ekru
Fırçalanmış İplik Atkı,790.0,Aksesuar,Ekru
Fırçalanmış İplik Atkı,790.0,Aksesuar,Siyah
Fırçalanmış İplik Atkı,790.0,Aksesuar,Açık gri
Kareli Atkı,790.0,Aksesuar,Ekru
Basic atkı,790.0,Aksesuar,Bordo
Basic atkı,790.0,Aksesuar,Siyah
Denim fermuarlı bozuk para cüzdanı,550.0,Aksesuar,SOLUK EFEKTLİ ORTA MAVİ DENIM
N.063 Kiraz Çiçeği eau de toilette,590.0,Aksesuar,Bordo
Unique nº141,590.0,Aksesuar,Soluk pembe
Yuvarlak metal güneş gözlüğü,590.0,Aksesuar,Altın rengi
Geniş saplı dikdörtgen gözlük,790.0,Aksesuar,Siyah
Pullu kroşe kasket,790.0,Aksesuar,Ekru
5'li kürk lastik toka seti,350.0,Aksesuar,Siyah
Zımbalı kalp kürk klipsi,450.0,Aksesuar,Kahverengi
