iPhone 15 128 Gb Akıllı Telefon Mavi;50.499 TL
iPhone 16 128 GB Akıllı Telefon Beyaz;68.999 TL
iPhone 17 256 GB Akıllı Telefon Beyaz;82.999 TL
iPhone 17 Pro Max 256 GB Akıllı Telefon Gümüş;129.999 TL
iPhone 15 128 Gb Akıllı Telefon Siyah;50.499 TL
iPhone 16 128 GB Akıllı Telefon Siyah;59.999 TL
Samsung Galaxy A26 5G 8/256 GB Akıllı Telefon Siyah;17.999 TL
iPhone 17 256 GB Akıllı Telefon Siyah;82.999 TL
Samsung Galaxy A26 5G 8/256 GB Akıllı Telefon Beyaz;17.999 TL
iPhone 16 128 GB Akıllı Telefon Laciverttaş;59.999 TL
iPhone 16 128 GB Akıllı Telefon Deniz Mavisi;59.999 TL
iPhone 17 256 GB Akıllı Telefon Ada Çayı;82.999 TL
iPhone 16 128 GB Akıllı Telefon Pembe;59.999 TL
Xiaomi Redmi 15 8+256GB Siyah Akıllı Telefon Sepette İndirim;11.099 TL
iPhone 15 256 Gb Akıllı Telefon Mavi;55.999 TL
iPhone 17 256 GB Akıllı Telefon Sis Mavisi;82.999 TL
Xiaomi Redmi Note 15 8+256GB Akıllı Telefon Siyah Sepette İndirim;14.599 TL
iPhone 17 Pro Max 256 GB Akıllı Telefon Abis;129.999 TL
TCL Onetouch 4022S Tuşlu Telefon Gray;3.499 TL
Samsung Galaxy A07 4/128 Gb Akıllı Telefon Siyah Sepette İndirim;8.799 TL
Samsung Galaxy A17 5G 8/256 Gb Akıllı Telefon Siyah Sepette İndirim;14.999 TL
iPhone 17 Pro Max 256 GB Akıllı Telefon Kozmik Turuncu;129.999 TL
iPhone 17 Pro 256 GB Akıllı Telefon Abis;116.999 TL
Samsung Galaxy A17 5G 8/256 Gb Akıllı Telefon Gri Sepette İndirim;14.999 TL
Samsung Galaxy A17 5G 8/256 Gb Akıllı Telefon Mavi Sepette İndirim;14.999 TL
Xiaomi Redmi Note 14 8+256 GB Siyah Akıllı Telefon;12.799 TL
Xiaomi Redmi 15C 8+256GB Siyah Akıllı Telefon Sepette İndirim;10.599 TL
iPhone 15 256 Gb Akıllı Telefon Siyah;55.999 TL
Xiaomi Redmi Note 15 8+256GB Akıllı Telefon Mavi Sepette İndirim;14.599 TL
iPhone 15 256 Gb Akıllı Telefon Pembe;56.679 TL
Samsung Galaxy S26 Ultra 5G 12/512 Gb Akıllı Telefon Siyah;105.999 TL
Samsung Galaxy A36 5G 8/256 GB Akıllı Telefon Gri Sepette İndirim;19.499 TL
Samsung Galaxy S26 5G 12/256 Gb Akıllı Telefon Kobalt Mor;65.499 TL
Samsung Galaxy A36 5G 8/256 GB Akıllı Telefon Siyah Sepette İndirim;19.499 TL
Oppo A5 4G 8/256 Akıllı Telefon Aurora Yeşil Sepette İndirim;13.599 TL
iPhone 17 256 GB Akıllı Telefon Lavanta;82.999 TL
Samsung Galaxy S26 Ultra 5G 12/512 Gb Akıllı Telefon Kobalt Mor;105.999 TL
Bilicra TTX1NC (kamerasız) Tuşlu Telefon Siyah;2.899 TL
Xiaomi Redmi Note 15 Pro 8+256GB Akıllı Telefon Siyah Sepette İndirim;19.999 TL
Oppo A5 4G 6/128 Akıllı Telefon Mistik Beyaz Sepette İndirim;11.599 TL
iPhone 15 128 Gb Akıllı Telefon Pembe;50.499 TL
iPhone 16e 128GB Akıllı Telefon Beyaz;44.999 TL
Oppo A5 4G 6/128 Akıllı Telefon Aurora Yeşil Sepette İndirim;11.599 TL
Xiaomi Redmi Note 14 8+256 GB Mavi Akıllı Telefon;12.799 TL
Samsung Galaxy A37 5G 8/256 GB Akıllı Telefon Antrasit;24.999 TL
Xiaomi Redmi Note 15 Pro+ 5G 8+256GB Akıllı Telefon Siyah Sepette İndirim;29.499 TL
Y04_Altın Vivo Y04 4 GB + 128 GB Akıllı Telefon Altın Sepette İndirim;9.099 TL
Oppo A5 4G 8/256 Akıllı Telefon Mistik Beyaz Sepette İndirim;13.599 TL
YENİ ÜRÜN 0,0 Pova_Curve_2_Titanyum Tecno Pova Curve 2 5G 8/256GB Akıllı Telefon Titanyum Sepette İndirim;28.999 TL
Samsung Galaxy A57 5G 8/256 GB Akıllı Telefon Lacivert;31.499 TL
Samsung Galaxy A57 5G 8/256 GB Akıllı Telefon Gri;31.499 TL
Y04_Yesil Vivo Y04 4 GB + 128 GB Akıllı Telefon Yeşil Sepette İndirim;9.099 TL
Xiaomi Redmi Note 15 Pro+ 5G 8+256GB Akıllı Telefon Mavi Sepette İndirim;29.499 TL
Spark_40_8/256_Gri Tecno Spark 40 8/256GB Akıllı Telefon Titanyum Gri Sepette İndirim;12.999 TL
iPhone 17 Pro Max 512 GB Akıllı Telefon Kozmik Turuncu;142.999 TL
Y29_beyaz Vivo Y29 8/256 Gb Akıllı Telefon Beyaz Sepette İndirim;15.999 TL
Xiaomi Redmi Note 15 Pro 5G 8+256GB Akıllı Telefon Mavi Sepette İndirim;25.999 TL
YENİ ÜRÜN 4,8 5109CHCY Honor 600 5G 8+512 GB Akıllı Telefon Turuncu;44.999 TL
iPhone 17 Pro Max 512 GB Akıllı Telefon Gümüş;142.999 TL
Samsung Galaxy A56 5G 8/256 GB Akıllı Telefon Antrasit;25.499 TL
Samsung Galaxy A07 4/128 Gb Akıllı Telefon Açık Mor Sepette İndirim;8.799 TL
Samsung Galaxy A37 5G 8/256 GB Akıllı Telefon Lavanta Moru;24.999 TL
Samsung Galaxy A56 5G 8/256 GB Akıllı Telefon Gri;25.499 TL
Samsung Galaxy S26 Ultra 5G 12/512 Gb Akıllı Telefon Beyaz;105.999 TL
Omix O1 Next;9.777 TL
Xiaomi Redmi 15C 8+256GB Turuncu Akıllı Telefon Sepette İndirim;10.599 TL
Oppo A6 Pro 4G 8GB/256 GB Akıllı Telefon Yıldız Mavisi Sepette İndirim;19.999 TL
Samsung Galaxy S26 5G 12/256 Gb Akıllı Telefon Siyah;65.499 TL
Oppo A6 Pro 5G 8GB/256 GB Akıllı Telefon Yıldız Mavisi Sepette İndirim;25.999 TL
Samsung Galaxy A57 5G 8/256 GB Akıllı Telefon Buz Mavisi;31.499 TL
Xiaomi Redmi Note 15 Pro 8+256GB Akıllı Telefon Mavi Sepette İndirim;19.999 TL
Samsung Galaxy A37 5G 8/256 GB Akıllı Telefon Beyaz;24.999 TL
Spark_40C_4/128_Gri Tecno Spark 40C 4/128GB Akıllı Telefon Titanyum Gri Sepette İndirim;11.599 TL
Xiaomi Redmi Note 14 Pro 8+256 GB Siyah Akıllı Telefon;16.999 TL
Xiaomi Redmi 15C 8+256GB Yeşil Akıllı Telefon Sepette İndirim;10.599 TL
Xiaomi Redmi 15C 8+256GB Mavi Akıllı Telefon Sepette İndirim;10.599 TL
Samsung Galaxy S26 Plus 5G 12/256 Gb Akıllı Telefon Kobalt Mor;77.499 TL
Samsung Galaxy S26 Ultra 5G 12/512 Gb Akıllı Telefon Gök Mavisi;105.999 TL
Vivo V60 Lite 8/256GB Akıllı Telefon Siyah Sepette İndirim;18.999 TL
Spark_40C_4/128_Siyah Tecno Spark 40C 4/128GB Akıllı Telefon Siyah Sepette İndirim;11.599 TL
Spark_40_8/256_Siyah Tecno Spark 40 8/256GB Akıllı Telefon Siyah Sepette İndirim;12.999 TL
Xiaomi Redmi Note 15 Pro 8+256GB Akıllı Telefon Titanyum Sepette İndirim;19.999 TL
Vivo V60 Lite 5G 12/256GB Akıllı Telefon Siyah Sepette İndirim;27.999 TL
YENİ ÜRÜN 5,0 Pova_Curve_2_Gümüs Tecno Pova Curve 2 5G 8/256GB Akıllı Telefon Gümüş Sepette İndirim;28.999 TL
iPhone 17e 256GB Akıllı Telefon Siyah Sepette İndirim;53.999 TL
Samsung Galaxy S25 FE 5G 8/256 Gb Akıllı Telefon Gece Siyahı;42.999 TL
Oppo A6 Pro 4G 8GB/256 GB Akıllı Telefon Gül Ağacı Kırmızısı Sepette İndirim;19.999 TL
Oppo Reno15 Pro 5G 12/512 Akıllı Telefon Alacakaranlık Kahve Sepette İndirim;54.999 TL
Spark_Slim_8/256GB_Siyah Tecno Spark Slim 8/256GB Akıllı Telefon Siyah Sepette İndirim;16.999 TL
Xiaomi Redmi Note 15 Pro 5G 8+256GB Akıllı Telefon Titanyum Sepette İndirim;25.999 TL
Oppo Reno14F 5G 12/256 GB Akıllı Telefon Işıltılı Yeşil Sepette İndirim;28.499 TL
Samsung Galaxy A07 4/128 Gb Akıllı Telefon Yeşil Sepette İndirim;8.799 TL
iPhone 16e 128GB Akıllı Telefon Siyah;44.999 TL
Camon40_12/256_Titanyum Tecno Camon 40 12/256GB Akıllı Telefon Titanyum;20.999 TL
YENİ ÜRÜN 4,8 5109CHCX Honor 600 5G 8+512 GB Akıllı Telefon Altın Beyazı;44.999 TL
Samsung Galaxy S25 FE 5G 8/256 Gb Akıllı Telefon Buz Mavisi;42.999 TL
Samsung Galaxy S25 FE 5G 8/256 Gb Akıllı Telefon Lacivert;42.999 TL
OPPO A6T 5G 256 GB Akıllı Telefon Kristal Mor Sepette İndirim;16.999 TL
Spark_40_8/256_Mavi Tecno Spark 40 8/256GB Akıllı Telefon Mavi Sepette İndirim;12.999 TL
Samsung Galaxy S26 5G 12/256 Gb Akıllı Telefon Gök Mavisi;65.499 TL
Samsung Galaxy S25 Edge 5G 12/256 Gb Akıllı Telefon Titanyum Gece Siyahı;48.999 TL
YENİ ÜRÜN 4,8 5109CHCW Honor 600 5G 8+512 GB Akıllı Telefon Siyah;44.999 TL
General Mobile GM Era 30 Dual Yıldız Beyazı 4+128 Gb Akıllı Telefon;8.499 TL
Vivo V60 Lite 8/256GB Akıllı Telefon Mavi;19.999 TL
Spark_Slim_5G_8/256GB_Siyah Tecno Spark Slim 5G 8/256GB Akıllı Telefon Siyah Sepette İndirim;22.999 TL
Samsung Galaxy A57 5G 8/256 GB Akıllı Telefon Lila;31.499 TL
TCL Onetouch 5041 (No camera) Tuşlu Telefon Gri;2.999 TL
General Mobile GM Era 30 Dual Kozmik Siyah 4+128 Gb Akıllı Telefon;8.499 TL
OPPO A6T 5G 256 GB Akıllı Telefon Kristal Mavi Sepette İndirim;16.999 TL
Vivo V60 Lite 5G 12/256GB Akıllı Telefon Mavi Sepette İndirim;27.999 TL
Xiaomi Redmi 15C 6+128GB Yeşil Akıllı Telefon;9.499 TL
Xiaomi Redmi Note 15 Pro 5G 8+256GB Akıllı Telefon Siyah Sepette İndirim;25.999 TL
Oppo Reno15 Pro 5G 12/512 Akıllı Telefon Aurora Mavi Sepette İndirim;54.999 TL
Samsung Galaxy S26 Ultra 5G 12/256 Gb Akıllı Telefon Siyah;104.999 TL
Samsung Galaxy S25 Edge 5G 12/256 Gb Akıllı Telefon Titanyum Buz Mavisi;48.999 TL
Xiaomi Redmi Note 15 Pro+ 5G 8+256GB Akıllı Telefon Kahverengi Sepette İndirim;29.499 TL
Oppo A6 Pro 5G 8GB/256 GB Akıllı Telefon Gül Ağacı Kırmızısı Sepette İndirim;25.999 TL
Samsung Galaxy S25 Ultra 5G 12/256 Gb Akıllı Telefon Titanyum Gri;77.999 TL
Xiaomi Redmi Note 15 Pro 12+512GB Akıllı Telefon Siyah;24.999 TL
Spark_40_5G_Yeşil Tecno Spark 40 5G 8/256GB Akıllı Telefon Yeşil;14.999 TL
Xiaomi Redmi Note 15 8+256GB Akıllı Telefon Yeşil Sepette İndirim;14.599 TL
Samsung Galaxy A37 5G 8/256 GB Akıllı Telefon Çam Yeşili;24.999 TL
iPhone 17e 256GB Akıllı Telefon Açık Pembe Sepette İndirim;53.999 TL
Spark_Go2_Gri Tecno Spark Go 2 4/128 GB Akıllı Telefon Titanyum Gri Sepette İndirim;9.599 TL
Samsung Galaxy S25 Ultra 5G 12/256 Gb Akıllı Telefon Titanyum Siyah;77.999 TL
iPhone 17e 256GB Akıllı Telefon Beyaz Sepette İndirim;53.999 TL
YENİ ÜRÜN 0,0 Pova_Curve_2_Mor Tecno Pova Curve 2 5G 8/256GB Akıllı Telefon Mor Sepette İndirim;28.999 TL
Xiaomi Redmi 15C 6+128GB Turuncu Akıllı Telefon;9.499 TL
Oppo Reno15 F 5G 12/256 Akıllı Telefon Alacakaranlık Mavi Sepette İndirim;34.499 TL
General Mobile GM Era 30 Pro Dual 8+256 Akıllı Telefon Kozmik Siyah;10.499 TL
Spark_40_5G_Mavi Tecno Spark 40 5G 8/256GB Akıllı Telefon Mavi Sepette İndirim;13.999 TL
Vivo Y04 6 GB + 256 GB Akıllı Telefon Altın Sepette İndirim;11.599 TL
Xiaomi Redmi Note 15 Pro 12+512GB Akıllı Telefon Mavi;24.999 TL
Spark_Slim_8/256GB_Beyaz Tecno Spark Slim 8/256GB Akıllı Telefon Beyaz Sepette İndirim;16.999 TL
Samsung Galaxy S26 Plus 5G 12/256 Gb Akıllı Telefon Siyah;77.499 TL
Spark_Go2_Siyah Tecno Spark Go 2 4/128 GB Akıllı Telefon Siyah;9.999 TL
iPhone 16 Plus 128 GB Akıllı Telefon Siyah;77.999 TL
Camon40_12/256_Beyaz Tecno Camon 40 12/256GB Akıllı Telefon Buzul Beyazı Sepette İndirim;19.999 TL
Oppo Reno14F 5G 12/256 GB Akıllı Telefon Opal Mavi Sepette İndirim;28.499 TL
Oppo A5 5G 8/256 Akıllı Telefon Mistik Beyaz Sepette İndirim;19.999 TL
Samsung Galaxy S25 Ultra 5G 12/256 Gb Akıllı Telefon Titanyum Mavi;77.999 TL
Xiaomi 17 12+512GB Akıllı Telefon Sepette İndirim;64.999 TL
General Mobile GM Era 30 Pro Dual 8+256 Akıllı Telefon Yıldız Beyazı;10.499 TL
Samsung Galaxy S25 FE 5G 8/256 Gb Akıllı Telefon Beyaz;42.999 TL
Xiaomi Redmi 15C 6+128GB Mavi Akıllı Telefon;9.499 TL
Alcatel -TCL 1041 Tuşlu Telefon;2.799 TL
iPhone 16e 256GB Akıllı Telefon Siyah;48.999 TL
Y29_kahverengi Vivo Y29 8/256 Gb Akıllı Telefon Kahverengi Sepette İndirim;15.999 TL
iPhone 16 Plus 128 GB Akıllı Telefon Deniz Mavisi;77.999 TL
Oppo Reno15 F 5G 12/256 Akıllı Telefon Aurora Mavi Sepette İndirim;34.499 TL
iPhone 17 Pro 256 GB Akıllı Telefon Kozmik Turuncu;116.999 TL
Oppo Reno15 5G 12/256 Akıllı Telefon Alacakaranlık Mavi Sepette İndirim;41.499 TL
Spark_40Pro_8_256_Titanyum Tecno Spark 40 Pro 8/256GB Akıllı Telefon Titanyum Sepette İndirim;14.999 TL
YENİ ÜRÜN 0,0 5109CHFG Honor 600 Pro 5G 12 + 512 GB Akıllı Telefon Altın Beyazı;64.999 TL
Spark_Slim_5G_8/256GB_Beyaz Tecno Spark Slim 5G 8/256GB Akıllı Telefon Beyaz Sepette İndirim;22.999 TL
Oppo A5 5G 8/256 Akıllı Telefon Aurora Yeşil Sepette İndirim;19.999 TL
Honor Magic 8 Pro 5G 12 + 512 GB Akıllı Telefon Siyah Sepette İndirim;74.999 TL
Samsung Galaxy S26 5G 12/256 Gb Akıllı Telefon Beyaz;65.499 TL
TCL Onetouch 5023 Tuşlu Telefon Volcano Black;4.499 TL
iPhone 16 Plus 128 GB Akıllı Telefon Pembe;77.999 TL
Vivo Y29s 5G 6/128GB Akıllı Telefon Altın;12.999 TL
Samsung Galaxy S26 Ultra 5G 12/256 Gb Akıllı Telefon Kobalt Mor;104.999 TL
iPhone 16 Plus 256 GB Akıllı Telefon Beyaz;89.999 TL
Vivo X300 Pro 16/512GB Akıllı Telefon Siyah Sepette İndirim;89.999 TL
iPhone 16 Plus 128 GB Akıllı Telefon Beyaz;77.999 TL
General Mobile GM 26 Pro 5G Dual 12+512 GB Akıllı Telefon Derin Uzay Siyah;25.599 TL
Vivo V70 FE 5G 8/256 GB Akıllı Telefon Gümüş Sepette İndirim;34.499 TL
YENİ ÜRÜN 0,0 5109CEHA Honor 600 Lite 5G 8 + 256 GB Akıllı Telefon Siyah Sepette İndirim;29.999 TL
Spark_Slim_5G_8/256GB_Mavi Tecno Spark Slim 5G 8/256GB Akıllı Telefon Mavi Sepette İndirim;22.999 TL
OPPO A6T 5G 128 GB Akıllı Telefon Kristal Mor;14.999 TL
Samsung Galaxy S26 Plus 5G 12/256 Gb Akıllı Telefon Gök Mavisi;77.499 TL
Vivo V70 FE 5G 8/256 GB Akıllı Telefon Mavi Sepette İndirim;34.499 TL
Vivo Y04 6 GB + 256 GB Akıllı Telefon Yeşil Sepette İndirim;11.599 TL
iPhone 17 Pro Max 1 TB Akıllı Telefon Abis;156.999 TL
Xiaomi Redmi 15C 6+128GB Siyah Akıllı Telefon;9.499 TL
General Mobile GM Era 50 Dual 8+256 Gb Akıllı Telefon Siyah;9.996 TL
iPhone 16e 256GB Akıllı Telefon Beyaz;48.999 TL
YENİ ÜRÜN 0,0 Camon40_8/256_Siyah Tecno Camon 40 8/256GB Akıllı Telefon Kozmik Siyah;18.999 TL
Spark_40Pro_8_256_Siyah Tecno Spark 40 Pro 8/256GB Akıllı Telefon Siyah;16.999 TL
YENİ ÜRÜN 5,0 5109CHFF Honor 600 Pro 5G 12 + 512 GB Akıllı Telefon Siyah;64.999 TL
iPhone 16 Plus 256 GB Akıllı Telefon Deniz Mavisi;89.999 TL
OPPO A6T 5G 128 GB Akıllı Telefon Kristal Mavi;14.999 TL
Samsung Galaxy S26 Plus 5G 12/256 Gb Akıllı Telefon Beyaz;77.499 TL
Oppo Reno15 5G 12/256 Akıllı Telefon Aurora Beyaz Sepette İndirim;41.499 TL
Oppo Reno14 12/256 GB Akıllı Telefon Opal Beyaz;33.449 TL
Camon40_Pro_12/256_Siyah Tecno Camon 40 Pro 5G 12/256GB Akıllı Telefon Kozmik Siyah Sepette İndirim;26.999 TL
Honor 400 12 + 512 GB Akıllı Telefon Gümüş;33.999 TL
Camon40_Pro_12/256_Beyaz Tecno Camon 40 Pro 5G 12/256GB Akıllı Telefon Buzul Beyazı Sepette İndirim;26.999 TL
General Mobile GM 26 Pro 5G Dual 12+512 GB Akıllı Telefon Yıldız Tozu Altın;25.599 TL
Honor Magic 8 Pro 5G 12 + 512 GB Akıllı Telefon Gün Işığı Sarısı Sepette İndirim;74.999 TL
Samsung Galaxy S25 Ultra 5G 12/256 Gb Akıllı Telefon Titanyum Gümüş;77.999 TL
iPhone 16 Plus 128 GB Akıllı Telefon Laciverttaş;77.999 TL
Vivo Y31 5G 8/256 Gb Akıllı Telefon Beyaz Sepette İndirim;21.999 TL
iPhone 17 Pro Max 1 TB Akıllı Telefon Gümüş;156.999 TL
Samsung Galaxy A56 5G 8/256 GB Akıllı Telefon Yeşil;25.499 TL
Xiaomi Redmi 15 8+256GB Titanyum Gri Akıllı Telefon;11.499 TL
General Mobile GM Era 50 Dual 8+256 Gb Akıllı Telefon Beyaz;9.996 TL
YENİ ÜRÜN 0,0 Camon40_8/256_Titanyum Tecno Camon 40 8/256GB Akıllı Telefon Titanyum;18.999 TL
Spark_40_5G_Siyah Tecno Spark 40 5G 8/256GB Akıllı Telefon Siyah Sepette İndirim;13.999 TL
iPhone 17 Pro 1 TB Akıllı Telefon Kozmik Turuncu;144.999 TL
General Mobile GM Fenix II Pro 5G Dual 12+512 GB Akıllı Telefon Metalik Gri;38.999 TL
Vivo X300 16/512GB Akıllı Telefon Pembe;69.849 TL
General Mobile GM 24 Pro Shadow Grey 8+8 GB RAM 256 GB Cep Telefonu;12.996 TL
Xiaomi 17 Ultra 16+512GB Akıllı Telefon Sepette İndirim;97.999 TL
Honor Magic 8 Lite 5G 8 + 512 GB Akıllı Telefon Siyah;33.999 TL
iPhone 17 Pro Max 1 TB Akıllı Telefon Kozmik Turuncu;156.999 TL
YENİ ÜRÜN 0,0 5109CEHB Honor 600 Lite 5G 8 + 256 GB Akıllı Telefon Gri Sepette İndirim;29.999 TL
Samsung Galaxy S25 5G 12/256 Gb Akıllı Telefon Gümüş;57.999 TL
General Mobile GM Era 50 Dual 8+256 Gb Akıllı Telefon Yeşil;9.996 TL
YENİ ÜRÜN 0,0 Camon40_8/256_Beyaz Tecno Camon 40 8/256GB Akıllı Telefon Buzul Beyazı;18.999 TL
OPPO Find X9 Pro 16/512 Akıllı Telefon İpek Beyazı;84.999 TL
iPhone 17 512 GB Akıllı Telefon Siyah;96.999 TL
iPhone 17 Pro 512 GB Akıllı Telefon Kozmik Turuncu;130.999 TL
Oppo Reno14 12/256 GB Akıllı Telefon Işıltılı Yeşil;33.449 TL
General Mobile GM 24 Pro Swan White 8+8 GB RAM 256 GB Cep Telefonu;12.996 TL
YENİ ÜRÜN 0,0 5109CEHC Honor 600 Lite 5G 8 + 256 GB Akıllı Telefon Filiz Yeşili Sepette İndirim;29.999 TL
General Mobile GM 26 Pro 5G Dual 8+256 GB Akıllı Telefon Derin Uzay Siyah;21.999 TL
Vivo Y31 5G 8/256 Gb Akıllı Telefon Yeşil Sepette İndirim;21.999 TL
OMIX O1 ICON 8/256 Akıllı Telefon Siyah Sepette İndirim;9.887 TL
Vivo X300 16/512GB Akıllı Telefon Siyah;69.849 TL
Vivo V70 5G 12/256 GB Akıllı Telefon Siyah Sepette İndirim;49.999 TL
iPhone 17 Pro 256 GB Akıllı Telefon Gümüş;116.999 TL
Spark_40Pro_8_256_Mavi Tecno Spark 40 Pro 8/256GB Akıllı Telefon Mavi Sepette İndirim;14.999 TL
V50lite_5G_12/256_Siyah Vivo V50 Lite 5G 12/256GB Akıllı Telefon Siyah;19.996 TL
iPhone Air 256 GB Akıllı Telefon Gök Mavisi Sepette İndirim;99.999 TL
Xiaomi 15T 12+256GB Akıllı Telefon Gri;36.799 TL
Samsung Galaxy Z Flip7 5G 12/256 Gb Akıllı Telefon Gölge Mavisi;67.949 TL
Spark_40C_4/128GB_Mavi Tecno Spark 40C 4/128GB Akıllı Telefon Mavi;11.999 TL
iPhone 17 512 GB Akıllı Telefon Lavanta;96.999 TL
iPhone 16 Plus 256 GB Akıllı Telefon Pembe;89.999 TL
OMIX O1 ICON 8/256 Akıllı Telefon Natural Sepette İndirim;9.887 TL
OMIX O1 ICON 8/256 Akıllı Telefon Beyaz Sepette İndirim;9.887 TL
Samsung Galaxy Z Flip7 5G 12/256 Gb Akıllı Telefon Mercan;67.949 TL
V50Lite_5G_12/256_Altın Vivo V50 Lite 5G 12/256GB Akıllı Telefon Altın;19.996 TL
Camon40_12/256_Siyah Tecno Camon 40 12/256GB Akıllı Telefon Kozmik Siyah;20.999 TL
Samsung Galaxy S25 5G 12/256 Gb Akıllı Telefon Lacivert;57.999 TL
Xiaomi Redmi Note 15 Pro 12+512GB Akıllı Telefon Titanyum;24.999 TL
iPhone 17 Pro 512 GB Akıllı Telefon Abis;130.999 TL
Samsung Galaxy S25 Ultra 5G 12/512 Gb Akıllı Telefon Titanyum Gri;89.999 TL
Vivo X300 Pro 16/512GB Akıllı Telefon Kahverengi;94.999 TL
Samsung Galaxy A36 5G 8/256 GB Akıllı Telefon Yeşil;20.499 TL
0,0 CTGM26D8256GL01 General Mobile GM 26 5G 8+256 GB Akıllı Telefon Gümüş;17.999 TL
Vivo X200 FE 12+256GB Mavi Akıllı Telefon Sepette İndirim;49.999 TL
iPhone 16 Plus 256 GB Akıllı Telefon Siyah;89.999 TL
OMIX O1 ICON 8/256 Akıllı Telefon Yeşil Sepette İndirim;9.887 TL
iPhone 17 512 GB Akıllı Telefon Beyaz;96.999 TL
Samsung Galaxy Z Fold7 5G 12/512 GB Akıllı Telefon Gece Siyahı;108.899 TL
YENİ ÜRÜN 0,0 Camon40_Pro_8/256_Siyah Tecno Camon 40 Pro 5G 8/256GB Akıllı Telefon Kozmik Siyah;25.999 TL
iPhone 17 Pro Max 512 GB Akıllı Telefon Abis;142.999 TL
Vivo V70 5G 12/256 GB Akıllı Telefon Kahverengi;54.999 TL
Vivo Y29s 5G 8/256GB Akıllı Telefon Yeşil;14.999 TL
iPhone 17 512 GB Akıllı Telefon Sis Mavisi;96.999 TL
YENİ ÜRÜN 0,0 Camon40_Pro_8/256_Beyaz Tecno Camon 40 Pro 5G 8/256GB Akıllı Telefon Buzul Beyazı;25.999 TL
Vivo V70 FE 5G 8/512 GB Akıllı Telefon Mavi Sepette İndirim;42.499 TL
Honor Magic 8 Lite 5G 8 + 512 GB Akıllı Telefon Yeşil;33.999 TL
Vivo Y29s 5G 8/256GB Akıllı Telefon Altın;14.999 TL
Samsung Galaxy A56 5G 8/256 GB Akıllı Telefon Pembe;25.499 TL
iPhone 16 Plus 256 GB Akıllı Telefon Laciverttaş;89.999 TL
Samsung Galaxy S26 Ultra 5G 12/256 Gb Akıllı Telefon Beyaz;104.999 TL
iPhone 17 Pro Max 2 TB Akıllı Telefon Gümüş;182.999 TL
Vivo X200 FE 12+256GB Siyah Akıllı Telefon Sepette İndirim;49.999 TL
General Mobile GM 26 Pro 5G Dual 8+256 GB Akıllı Telefon Yıldız Tozu Altın;21.999 TL
Samsung Galaxy S26 Ultra 5G 16/1 TB Akıllı Telefon Siyah;139.999 TL
Samsung Galaxy Z Fold7 5G 12/512 GB Akıllı Telefon Gölge Mavisi;108.899 TL
YENİ ÜRÜN 0,0 Camon40_Pro_8/256GB_Titan Tecno Camon 40 Pro 5G 8/256GB Akıllı Telefon Titanyum;25.999 TL
Samsung Galaxy S26 Ultra 5G 12/256 Gb Akıllı Telefon Gök Mavisi;104.999 TL
iPhone 17 Pro 1 TB Akıllı Telefon Abis;144.999 TL
iPhone 17 Pro 1 TB Akıllı Telefon Gümüş;144.999 TL
iPhone 17 512 GB Akıllı Telefon Ada Çayı;96.999 TL
Vivo V60 5G 12/256GB Akıllı Telefon Dolunay Grisi;37.999 TL
Redmi_15C_5G_Yeşil Xiaomi Redmi 15C 5G 8+256GB Yeşil Akıllı Telefon;13.999 TL
Camon40_Pro_12/256GB_Titan Tecno Camon 40 Pro 5G 12/256GB Akıllı Telefon Titanyum;27.999 TL
Samsung Galaxy Z Flip7 5G 12/256 Gb Akıllı Telefon Gece Siyahı;67.949 TL
BILICRA TTX1 Bilicra TTX1 (Kameralı) Tuşlu Telefon Siyah;2.999 TL
Xiaomi Redmi Note 14 Pro 8+256 GB Mavi Akıllı Telefon;16.999 TL
0,0 SM-F966BDBNTUR Samsung Galaxy Z Fold7 5G 16/1 TB Akıllı Telefon Gölge Mavisi;109.799 TL
Samsung Galaxy S26 Ultra 5G 16/1 TB Akıllı Telefon Gök Mavisi;134.999 TL
Samsung Galaxy S26 Ultra 5G 16/1 TB Akıllı Telefon Kobalt Mor;139.999 TL
Huawei Nova 14 Pro 12/512GB Akıllı Telefon Siyah Sepette İndirim;32.499 TL
Vivo Y29s 5G 6/128GB Akıllı Telefon Yeşil;13.999 TL
YENİ ÜRÜN 0,0 5673929 Vivo Y11d 4/256 GB Akıllı Telefon Siyah;17.999 TL
YENİ ÜRÜN 0,0 5673081 Vivo Y05 4 GB + 128 GB Akıllı Telefon Siyah;14.999 TL
Vivo V70 FE 5G 8/512 GB Akıllı Telefon Gümüş Sepette İndirim;42.499 TL
iPhone 17 Pro Max 2 TB Akıllı Telefon Abis;182.999 TL
iPhone 17 Pro Max 2 TB Akıllı Telefon Kozmik Turuncu;182.999 TL
Xiaomi 15T 12+256GB Akıllı Telefon Siyah;36.999 TL
YENİ ÜRÜN 0,0 5673104 Vivo Y11d 6/256 GB Akıllı Telefon Siyah;19.999 TL
iPhone 17 Pro 512 GB Akıllı Telefon Gümüş;130.999 TL
0,0 CTGM26D8256BL01 General Mobile GM 26 5G 8+256 GB Akıllı Telefon Siyah;17.999 TL
YENİ ÜRÜN 0,0 5673082 Vivo Y05 4 GB + 128 GB Akıllı Telefon Mavi;14.999 TL
iPhone 17e 512GB Akıllı Telefon Siyah;72.999 TL
Xiaomi 15T 12+256GB Akıllı Telefon Altın;36.999 TL
Vivo V60 5G 12/256GB Akıllı Telefon Altın Işıltısı;37.999 TL
Samsung Galaxy Z Fold7 5G 12/256 GB Akıllı Telefon Gölge Mavisi;98.999 TL
Honor Magic 8 Lite 5G 8 + 512 GB Akıllı Telefon Kırmızı;33.999 TL
Camon40_12/256_Yeşil Tecno Camon 40 12/256GB Akıllı Telefon Yeşil;20.999 TL
Samsung Galaxy S25 Ultra 5G 12/512 Gb Akıllı Telefon Titanyum Gümüş;89.999 TL
Samsung Galaxy S25 5G 12/256 Gb Akıllı Telefon Mint Yeşili;57.999 TL
Huawei Nova 14 Pro 12/512GB Akıllı Telefon Kristal Mavi Sepette İndirim;32.499 TL
iPhone Air 256 GB Akıllı Telefon Pamuk Beyazı Sepette İndirim;99.999 TL
iPhone 16e 512GB Akıllı Telefon Beyaz;57.299 TL
Samsung Galaxy S25 5G 12/256 Gb Akıllı Telefon Buz Mavisi;57.999 TL
iPhone Air 512 GB Akıllı Telefon Uzay Siyahı;118.999 TL
iPhone Air 256 GB Akıllı Telefon Uzay Siyahı;104.999 TL
Spark_Go2_Yeşil Tecno Spark Go 2 4/128 GB Akıllı Telefon Turkuaz Yeşil;9.999 TL
Samsung Galaxy Z Fold7 5G 12/512 GB Akıllı Telefon Gümüş;108.899 TL
YENİ ÜRÜN 0,0 5673105 Vivo Y11d 6/256 GB Akıllı Telefon Platin;19.999 TL
iPhone 17e 512GB Akıllı Telefon Açık Pembe;72.999 TL
Samsung Galaxy S26 Ultra 5G 16/1 TB Akıllı Telefon Beyaz;139.999 TL
iPhone Air 512 GB Akıllı Telefon Uçuk Altın Rengi;118.999 TL
iPhone Air 256 GB Akıllı Telefon Uçuk Altın Rengi;104.999 TL
OMIX O1 NEO 8/128 Akıllı Telefon Siyah;9.999 TL
OMIX O1 NEO 8/128 Akıllı Telefon Beyaz;9.999 TL
Samsung Galaxy Z Flip7 5G 12/512 Gb Akıllı Telefon Gölge Mavisi;77.849 TL
Samsung Galaxy Z Fold7 5G 12/256 GB Akıllı Telefon Gümüş;98.999 TL
5,0 SM-F966BZKNTUR Samsung Galaxy Z Fold7 5G 16/1 TB Akıllı Telefon Gece Siyahı;109.799 TL
Infinix Hot 50 Pro Plus 8GB/256GB Akıllı Telefon Şık Siyah;16.899 TL
YENİ ÜRÜN 0,0 5673930 Vivo Y11d 4/256 GB Akıllı Telefon Platin;17.999 TL
iPhone 17e 512GB Akıllı Telefon Beyaz;72.999 TL
Infinix Hot 60 Pro Plus 8/256GB Akıllı Telefon Gri Sepette İndirim;17.599 TL
iPhone Air 512 GB Akıllı Telefon Gök Mavisi Sepette İndirim;113.999 TL
Samsung Galaxy Z Flip7 5G 12/512 Gb Akıllı Telefon Mercan;77.849 TL
iPhone 16e 512GB Akıllı Telefon Siyah;57.299 TL
iPhone 13 128 Gb Siyah;36.999 TL
Infinix Hot 60 Pro Plus 8/256GB Akıllı Telefon Siyah Sepette İndirim;18.099 TL
Infinix Smart 10 4GB/128GB Akıllı Telefon Titanyum Gri;8.499 TL
iPhone Air 1 TB Akıllı Telefon Uzay Siyahı Sepette İndirim;124.999 TL
OMIX O1 NEO 8/128 Akıllı Telefon Altın;9.999 TL
Samsung Galaxy Z Flip7 5G 12/512 Gb Akıllı Telefon Gece Siyahı;77.849 TL
Samsung Galaxy Z Fold7 5G 12/256 GB Akıllı Telefon Gece Siyahı;98.999 TL
Infinix Hot 50 Pro Plus 8GB/256GB Akıllı Telefon Titanyum Gri Sepette İndirim;16.499 TL
Huawei Mate x7;117.999 TL
Infinix Hot 60i 4GB/128GB Akıllı Telefon Siyah;11.499 TL
Infinix Hot 60i 8/256GB Akıllı Telefon Gri Sepette İndirim;13.599 TL
Infinix Hot 60i 8/256GB Akıllı Telefon Mavi;13.999 TL
Infinix Hot 60i 8/256GB Akıllı Telefon Siyah Sepette İndirim;13.599 TL
Infinix Smart 10 4GB/128GB Akıllı Telefon Siyah;8.499 TL
iPhone Air 1 TB Akıllı Telefon Gök Mavisi Sepette İndirim;124.999 TL
iPhone Air 512 GB Akıllı Telefon Pamuk Beyazı;118.999 TL
Camon40_Pro_12/256_Yeşil Tecno Camon 40 Pro 5G 12/256GB Akıllı Telefon Yeşil;27.999 TL
Samsung Galaxy S26 Ultra 5G 12/512 Gb Akıllı Telefon Gümüş;135.557 TL
Infinix Hot 60i 4GB/128GB Akıllı Telefon Mavi;11.499 TL
Infinix Hot 60i 4GB/128GB Akıllı Telefon Gümüş;11.499 TL
Infinix Hot 60i 6GB/128GB Akıllı Telefon Siyah;10.499 TL
Infinix Hot 60i 6GB/128GB Akıllı Telefon Gri;10.499 TL
Infinix Hot 60 Pro 8/256GB Akıllı Telefon Siyah;15.999 TL
Infinix Smart 10 4GB/128GB Akıllı Telefon Mavi;8.499 TL
iPhone Air 1 TB Akıllı Telefon Uçuk Altın Rengi Sepette İndirim;124.999 TL
iPhone Air 1 TB Akıllı Telefon Pamuk Beyazı;129.999 TL
Lenovo Idea Tab 2.0Ghz 8Gb 128Gb 11inch 2.5K -Android Tablet;10.499 TL
Honor Pad X9a 2.8Ghz 8Gb 128Gb 11.5''-Android Tablet -Klavyeli;13.999 TL
iPad A16 128GB Wi-Fi 11''Liquid Retina Ekran iPadOS Tablet Silver;20.999 TL
Lenovo Tab 1.8Ghz 4Gb 128Gb 10.1inch- Android Tablet;6.999 TL
Lenovo Ideapad Slim 3 13.Nesil Core i5 13420H-8Gb-512Gb Ssd-16inc-W11;26.999 TL
Lenovo Idea Tab 2.0Ghz 8Gb 128Gb 11inch 2.5K -Android Tablet Sepette İndirim;12.599 TL
FA607NUG-RL132W-Gaming Asus Tuf Gaming A16 7.Nesil Ryzen 7 7445HS-RTX4050 6Gb-16Gb-512Gb Ssd-16inc-W11;45.999 TL
Asus Vivobook 15 13.Nesil Core i3 1315U-8Gb-512Gb Ssd-15.6inc-W11;20.279 TL
Honor Pad 10 2.63Ghz 8Gb 256Gb 12.1 inç Android Tablet;18.499 TL
Asus Vivobook 15 1.Nesil Core 5 120U-8Gb-512Gb Ssd-15.6inc-W11 Sepette İndirim;22.999 TL
iPad A16 128GB Wi-Fi 11''Liquid Retina Ekran iPadOS Tablet Mavi;20.999 TL
8GB/256GB Samsung Galaxy Tab A11+ 256Gb 8GB-11'' Android Tablet SM-X230NZAPTUR Gri;12.999 TL
3,7 82XB00HMTX Lenovo Ideapad Slim 3 Intel N100-8Gb-128Gb Ufs-15.6inc-W11;16.999 TL
Samsung Galaxy Tab A11 128Gb 8GB-8.7'' Android Tablet SM-X130NZAETUR Gri;7.499 TL
Lenovo Tab One 1.8Ghz 4Gb 128Gb 8.7inch- Android Tablet;5.999 TL
iPad A16 128GB Wi-Fi 11''Liquid Retina Ekran iPadOS Tablet Pembe;20.999 TL
Lenovo Ideapad Slim 3 13.Nesil Core i5 13420H-16Gb-512Gb Ssd-15.3inc-W11;35.999 TL
"Casper VIA S50 Casper Via S50 2Ghz 4Gb 128Gb 11""'Fhd -Android Tablet";8.999 TL
Samsung Galaxy Tab A11 128Gb 8GB-8.7'' Android Tablet SM-X130NZSETUR Gümüş;7.499 TL
Lenovo Idea Tab 2.4Ghz 8Gb 128Gb 11inch 2.5K LTE -Android Tablet;11.999 TL
Samsung Galaxy Tab A11 64Gb 4GB-8.7'' Android TabletSM-X130NZAATUR Gri;5.999 TL
Lenovo Idea Tab Pro 2.2Ghz 8Gb 256Gb 12.7inch' 3K- Android Tablet Sepette İndirim;17.999 TL
4,8 X1504VA-BQ5456 Asus Vivobook 15 1.Nesil Core 7 150U-8Gb-512Gb Ssd-15.6inc-Freedos;26.969 TL
12/256GB Samsung Galaxy Tab S10 Fe+ 256Gb 12GB-13.1''Android Tablet SM-X620NLBPTUR Mavi;22.499 TL
Asus ExpertBook P1 2.Nesil Core 5 210H-16Gb-512Gb Ssd-15.6inc-W11;36.999 TL
12/256GB Samsung Galaxy Tab S10 Fe+ 256Gb 12GB-13.1''Android Tablet SM-X620NZAPTUR Gri;22.499 TL
12/256GB Samsung Galaxy Tab S10 Fe+ 256Gb 12GB-13.1''Android Tablet SM-X620NZSPTUR Gümüş;22.499 TL
Huawei Matepad SE 1.7Ghz 6Gb 128Gb 11inch- Emuı Tablet;7.999 TL
Asus Zenbook 14 Oled Ux3405 2.Nesil Core Ultra 7 255H-16Gb-512Gb Ssd-14inc-W11;55.959 TL
Lenovo Idea Tab Pro 2.2Ghz 8Gb 256Gb 12.7inch' 3K- Android Tablet Sepette İndirim;23.999 TL
"Casper PAD M10 PRO Casper Pad M10 Pro 2.2Ghz 8Gb 128Gb 12.2""'2.4K -Android Tablet";15.999 TL
"LENOVO AIO INTEL CORE İ5 13420H 2.1 GHZ 8 GB 512 GB SSD INTEL UHD WIN11 23.8""";39.999 TL
6GB/128GB Samsung Galaxy Tab A11+ 128Gb 6Gb-11'' Android Tablet SM-X230NZARTUR Gri;9.999 TL
FX608JPR-QT014W-Gaming Asus Tuf Gaming F16 14.Nesil Core i7 14650HX-RTX5070 8Gb-32Gb-1Tb-16inc-W11;92.189 TL
Lenovo Yoga Slim 7 Core Ultra 5 125H-16Gb-512Gb Ssd-14inc-W11;46.999 TL
Casper Nirvana S100 13.Nesil Core i5 13420H-16Gb-500Gb Ssd-16inc-W11;33.999 TL
8GB/256GB Samsung Galaxy Tab A11+ 256Gb 8Gb-11'' Android Tablet SM-X230NZSPTUR Gümüş;12.999 TL
Lenovo Ideapad Slim 3 13.Nesil Core i7 13620H-16Gb-512Gb Ssd-15.3inc-W11 Sepette İndirim;41.499 TL
MacBook Air MDHE4TU/A M5 16Gb-512Gb Ssd-Liquid Retina-13.6inc-Gece Yarısı;58.999 TL
Lenovo Yoga Tab 3.3Ghz 12Gb 256Gb 11.1inch' 3.2K- Android Tablet Sepette İndirim;21.999 TL
FA608UM-RV069W-Gaming Asus Tuf Gaming A16 2.Nesil Ryzen 7 260-RTX5060 8Gb-16Gb-512Gb-16inc-W11;63.709 TL
MacBook Air MDHH4TU/A M5 16Gb-512Gb Ssd-Liquid Retina-13.6inc-Gök Mavisi;58.999 TL
6GB/128GB Samsung Galaxy Tab A11+ 128Gb 6Gb-11'' Android Tablet SM-X230NZSRTUR Gümüş;9.999 TL
Samsung Galaxy Tab A11 64Gb 4GB-8.7'' Android Tablet SM-X130NZSATUR Gümüş;5.999 TL
Samsung Galaxy Tab S10 Lite 2Ghz 128Gb 6Gb 10.9''Android Tablet Gri;13.599 TL
Lenovo LOQ 12.Nesil Core i5 12600HX-RTX4050 6Gb-8Gb-512Gb Ssd-15.6-W11;47.999 TL
"Casper PAD H10 PEN Casper Pad H10 Pen 2Ghz 8Gb 256Gb 12.6""'2.5K -Android Tablet";17.999 TL
Asus Vivobook S16 2.Nesil Core 7 240H-16Gb-1Tb Ssd-16inc-W11;49.469 TL
iPad A16 256GB Wi-Fi 11''Liquid Retina Ekran iPadOS Tablet Silver;25.261 TL
Huawei Matepad 2025 8Gb 256Gb 11.5inch- Emuı Tablet Gri;14.999 TL
Honor Pad X8b 2.4Ghz 6Gb 128Gb 11''-Android Tablet;9.999 TL
4,7 CYBORG 15 B13WFKG-489TR Msi Cyborg 15 13.Nesil Core i7 13620H-RTX5060 8GB-32GB-1Tb Ssd-15.6inc-W11;64.999 TL
Casper Excalibur 13.Nesil Core i7 13620H-RTX5060 8Gb-24Gb-1Tb Ssd-15.6inc-W11;66.999 TL
LENOVO AIO 3 INTEL CORE İ3 N305 3.8 GHZ 8 GB 512 GB SSD INTEL UHD WIN11 23.8'';29.999 TL
Lenovo Tab 1.8Ghz 4Gb 128Gb 10.1inch- Android Tablet Sepette İndirim;7.599 TL
Lenovo Ideapad Slim 3 13.Nesil Core i5 13420H-8Gb-512Gb Ssd-15.3inc-W11;29.999 TL
Samsung Galaxy Tab S10 Lite 2Ghz 128Gb 6Gb 10.9''Android Tablet Gümüş;13.599 TL
Samsung Galaxy Tab S10 Lite 2Ghz 256Gb 8Gb 10.9''Android Tablet SM-X400NZAPTUR Gri;15.999 TL
Huawei Matepad 2025 8Gb 256Gb 11.5inch- Emuı Tablet Mor;14.999 TL
MacBook Air MW0W3TU/A M4 16Gb-256Gb Ssd-Liquid Retina-13.6inc-Gümüş;47.999 TL
Honor Pad V9 3.35Ghz 12Gb 256Gb 11.5 inç Android Tablet-Klavyeli;26.999 TL
Honor Pad X8b 2.4Ghz 4Gb 128Gb 11''-Android Tablet;8.999 TL
MacBook Air MDH74TU/A M5 16Gb-512Gb Ssd-Liquid Retina-13.6inc-Gümüş;58.999 TL
"Casper PAD H10 PRO Casper Pad H10 Pro 2Ghz 8Gb 256Gb 12.6""'2.5K -Android Tablet";21.699 TL
4,6 X520-S 12/256GB Samsung Galaxy Tab S10 Fe 256Gb 12GB-10.9''Android Tablet SM-X520NZSPTUR Gümüş;18.499 TL
Redmi Pad 2 (4GB/128GB) Gray Redmi Pad 2 2Ghz 4Gb 128Gb 11inch -Android Tablet Gri;8.199 TL
4,6 X520-G 12/256GB Samsung Galaxy Tab S10 Fe 256Gb 12GB-10.9''Android Tablet SM-X520NZAPTUR Gri;18.499 TL
iPad Air M4 128GB WIFI 11''Liquid Retina Ekran iPadOS Tablet Uzay Grisi;34.599 TL
Casper Nirvana S100 13.Nesil Core i7 13620H-16Gb-1Tb Ssd-16inc-W11;41.999 TL
iPad A16 128GB Wi-Fi 11''Liquid Retina Ekran iPadOS Tablet Sarı;20.999 TL
Lenovo Ideapad Slim 3 13.Nesil Core i3 1315U-8Gb-512Gb Ssd-15.6inc-W11;23.999 TL
MacBook Neo MHFE4TU/A A18 Pro 8Gb-512Gb Ssd-Liquid Retina ekran-13inc-Puslu Sarı;38.699 TL
Samsung Galaxy Tab S10 Lite 2Ghz 128Gb 6Gb 10.9''Android Tablet Red;13.599 TL
4,5 A80.1342-BE00P-V-S-K CASPER Nirvana AIO A800 İ5 13420H 2.1GHZ 16GB 500GB SSD INTEL IRIS X WIN11 23.8'';37.999 TL
Huawei Matepad 11.5”S 12Gb 256Gb PaperMatte - Emuı Tablet Gri;20.999 TL
Lenovo Ideapad Slim 3 Intel N100-4Gb-128Gb Ufs-15.6inc-W11;13.999 TL
Samsung Galaxy Tab S10 Lite 2Ghz 256Gb 8Gb 10.9''Android Tablet SM-X400NZRPTUR Mercan;15.999 TL
Asus Zenbook 14 Oled Ux3405 2.Nesil Core Ultra 9 285H-32Gb-1Tb Ssd-14inc-W11;81.919 TL
Samsung Galaxy Tab S10 Lite 2Ghz 256Gb 8Gb 10.9''Android Tablet SM-X400NZSPTUR Gümüş;15.999 TL
Asus Zenbook S14 Oled Ux5406 2.Nesil Core Ultra 7 258V-32Gb-1Tb Ssd-14inc-W11;81.999 TL
FA506NCG-HN196W-Gaming Asus Tuf Gaming A15 7.Nesil Ryzen 7 7445HS-RTX3050 4Gb-16Gb-512Gb Ssd-15.6inc-W1;39.999 TL
MacBook Air MDHA4TU/A M5 16Gb-512Gb Ssd-Liquid Retina-13.6inc-Yıldız Işığı;58.999 TL
Samsung Galaxy Tab S11 12Gb 256Gb 11''Android Tablet SM-X730NZAPTUR Gri;34.999 TL
iPad Air M4 256GB WIFI 13''Liquid Retina Ekran iPadOS Tablet Uzay Grisi Sepette İndirim;45.499 TL
Casper Excalibur 13.Nesil Core i7 13620H-RTX4050 6Gb-32Gb-1Tb Ssd-15.6inc-W11;59.999 TL
Acer Aspire Go 1.Nesil Core 5 120U-16Gb-512Gb Ssd-15.6inc-W11;27.999 TL
KATANA 17 HX B14WGK-045TR Msi Katana 17 14.Nesil Core i7 14650HX-RTX5070 8Gb-32Gb-1Tb Ssd-17.3inc-W11;99.999 TL
MacBook Air MC6T4TU/A M4 16Gb-256Gb Ssd-Liquid Retina-13.6inc-Gök Mavisi;49.999 TL
G815JMR-S9041W-Gaming Asus Rog Strix G18 14.Nesil Core İ9 14900HX-RTX5060 8Gb-16Gb-1Tb-18inc-W11;105.659 TL
MacBook Neo MHFJ4TU/A A18 Pro 8Gb-512Gb Ssd-Liquid Retina ekran-13inc-Pastel Pembe;39.999 TL
Lenovo Yoga Tab 3.3Ghz 12Gb 256Gb 11.1inch' 3.2K- Android Tablet Sepette İndirim;28.999 TL
iPad Air M4 128GB WIFI 11''Liquid Retina Ekran iPadOS Tablet Mavi;34.599 TL
iPad Pro M5 256GB WIFI 11''Ultra Retina XDR Ekran iPadOS Tablet Space Black;58.999 TL
MacBook Air MDVH4TU/A M5 16Gb-512Gb Ssd-Liquid Retina-15.3inc-Gece Yarısı;71.999 TL
4,7 CYBORG 15 A13VE-2055TR Msi Cyborg 15 13.Nesil Core i5 13420H-RTX4050 6GB-16GB-512Gb Ssd-15.6inc-W11;42.999 TL
"LENOVO AIO INTEL CORE İ7 13620H 2.4 GHZ 16 GB 512 GB SSD INTEL UHD WIN11 27""";59.999 TL
"LENOVO AIO INTEL CORE İ5 13420H 2.1 GHZ 8 GB 512 GB SSD INTEL UHD WIN11 27""";46.999 TL
G815LW-S9119W-Gaming Asus Rog Strix G18 2.Nesil Core Ultra 9 275HX-RTX5080 16Gb-32Gb-1Tb-18inc-W11;181.449 TL
Lenovo Idea Tab Plus 2.2Ghz 8Gb 256Gb 12.1inch' 2.5K- Android Tablet;19.999 TL
Samsung Galaxy Tab S11 Ultra 12Gb 512Gb 14.6''Android Tablet SM-X930NZAPTUR Gri;47.999 TL
Lenovo Ideapad 5 Snapdragon X Plus X1P-42-100-16Gb-512Gb Ssd-14inc-W11;43.096 TL
MacBook Air MDVD4TU/A M5 16Gb-512Gb Ssd-Liquid Retina-15.3inc-Yıldız Işığı;68.389 TL
Samsung Galaxy Tab S11 Ultra 12Gb 512Gb 14.6''Android Tablet SM-X930NZSPTUR Gümüş;47.999 TL
4,6 X520-G Samsung Galaxy Tab S10 Fe 128Gb 8GB-10.9''Android Tablet SM-X520NZARTUR Gri;15.999 TL
iPad A16 256GB Wi-Fi 11''Liquid Retina Ekran iPadOS Tablet Pembe;25.261 TL
Casper Excalibur 13.Nesil Core i7 13620H-RTX5050 8Gb-16Gb-1Tb Ssd-15.6inc-W11;60.999 TL
Lenovo LOQ 14.Nesil Core i5 14500HX-RTX5050 8Gb-16Gb-512Gb Ssd-15.6-W11;69.999 TL
MacBook Neo MHFH4TU/A A18 Pro 8Gb-256Gb Ssd-Liquid Retina ekran-13inc-Pastel Pembe;37.999 TL
4,6 X520-B 12/256GB Samsung Galaxy Tab S10 Fe 256Gb 12GB-10.9''Android Tablet SM-X520NLBPTUR Mavi;18.499 TL
Samsung Galaxy Tab S11 12Gb 256Gb 11''Android Tablet SM-X730NZSPTUR Gümüş;34.999 TL
Xiaomi Pad 8 Siyah Xiaomi Pad 8 3.5Ghz 8Gb 256Gb 11.2inch' 3.2K -Android Tablet Siyah - Klavyeli;24.599 TL
4,6 X520-S Samsung Galaxy Tab S10 Fe 128Gb 8GB-10.9''Android Tablet SM-X520NZSRTUR Gümüş;15.999 TL
iPad A16 256GB Wi-Fi 11''Liquid Retina Ekran iPadOS Tablet Mavi;25.261 TL
"YENİ ÜRÜN 0,0 Casper PAD M10 PEN Casper Pad M10 Pen 2.2Ghz 8Gb 128Gb 12.2""'2.4K -Android Tablet";12.999 TL
Huawei Matepad 2025 12X 12Gb 256Gb 12inch- Emuı Tablet-Yeşil;26.999 TL
CASPER Nirvana AIO A870 İ7 13620H 2.4GHZ 16GB 1TB SSD INTEL GRAPHICS WIN11 27'';53.999 TL
Casper Nirvana X600 7. Nesil Ryzen 5 7430U-8Gb-480Gb Ssd-15.6inc-W11;25.999 TL
MacBook Neo MHFA4TU/A A18 Pro 8Gb-256Gb Ssd-Liquid Retina ekran-13inc-Gümüş;37.999 TL
Casper Nirvana X650 13.Nesil Core i5 13420H-12Gb-480Gb Ssd-15.6inc-W11;31.999 TL
MacBook Air MW123TU/A M4 16Gb-256Gb Ssd-Liquid Retina-13.6inc-Gece Yarısı;49.999 TL
Samsung Galaxy Tab S10 Fe+ 128Gb 8GB-13.1''Android Tablet SM-X620NZARTUR Gri;19.999 TL
Lenovo Ideapad Slim 5 13.Nesil Core i5 13420H-16Gb-512Gb Ssd-14inc-W11;39.999 TL
Casper Excalibur 13.Nesil Core i7 13620H-RTX3050 6Gb-12Gb-1Tb Ssd-15.6inc-W11;49.999 TL
Honor Magic Pad 4 3.8Ghz 12Gb 256Gb 12.3 inç Android Tablet;49.999 TL
MacBook Neo MHFC4TU/A A18 Pro 8Gb-512Gb Ssd-Liquid Retina ekran-13inc-Gümüş;41.999 TL
Casper Nirvana S100 2.Nesil Core 5 210H-16Gb-500Gb Ssd-16inc-W11;36.999 TL
iPad Air M4 128GB WIFI 13''Liquid Retina Ekran iPadOS Tablet Uzay Grisi;44.599 TL
Acer Nitro V 15 13.Nesil Core i5 13420H-RTX5050 8Gb-16Gb-512Gb Ssd-15.6inc-W11;51.996 TL
Lenovo LOQ 12.Nesil Core i5 12600HX-RTX4050 6Gb-24Gb-512Gb Ssd-15.6-W11;54.999 TL
MacBook Pro MGDR4TU/A M5 Pro 24Gb-1Tb Ssd-Liquid Retina-14inc-Uzay Siyahı;124.999 TL
iPad Air M4 128GB WIFI 11''Liquid Retina Ekran iPadOS Tablet Mor;34.599 TL
Lenovo LOQ 13.Nesil Core i7 13700HX-RTX5050 8Gb-24Gb-1Tb Ssd-15.6-W11;74.999 TL
Huawei Matepad SE 1.7Ghz 8Gb 128Gb 11inch- Emuı Tablet;9.499 TL
MacBook Pro MDE04TU/A M5 16Gb-512Gb Ssd-Liquid Retina-14inc-Space Black;85.999 TL
Hp Omen 16-am0058nt Core Ultra 7 255H-RTX5060 8Gb-24Gb-1Tb Ssd-16 inch- W11;69.999 TL
Asus ExpertBook P1 2.Nesil Core 7 240H-16Gb-512Gb Ssd-15.6inc-W11;45.999 TL
iPad Pro M5 256GB WIFI 11''Ultra Retina XDR Ekran iPadOS Tablet Gümüş;58.999 TL
Hp Omen 16-am0052nt Core Ultra 7 255H-RTX5070 8Gb-24Gb-1Tb Ssd-16 inch- W11;79.999 TL
MacBook Neo MHFG4TU/A A18 Pro 8Gb-512Gb Ssd-Liquid Retina ekran-13inc-Indigo;41.999 TL
MacBook Neo MHFF4TU/A A18 Pro 8Gb-256Gb Ssd-Liquid Retina ekran-13inc-Indigo;37.999 TL
MacBook Air MDVQ4TU/A M5 16Gb-512Gb Ssd-Liquid Retina-15.3inc-Gök Mavisi;71.999 TL
iPad Pro M5 256GB WIFI 13''Ultra Retina XDR Ekran iPadOS Tablet Space Black;69.686 TL
FX608JMR-RV010W-Gaming Asus Tuf Gaming F16 14.Nesil Core i7 14650HX-RTX5060 8Gb-16Gb-1Tb-16inc-W11;76.169 TL
Samsung Galaxy Tab S10 Fe 128Gb 8GB-10.9''Android Tablet SM-X520NLBRTUR Mavi;17.999 TL
iPad A16 256GB Wi-Fi 11''Liquid Retina Ekran iPadOS Tablet Sarı;23.999 TL
Lenovo Tab Plus 2Ghz 8Gb 256Gb 11.5inch 2K- Android Tablet Sepette İndirim;14.599 TL
4,8 ANV15-41-R219 Acer Nitro V 15 7.Nesil Ryzen 5 7535HS-RTX3050 6Gb-16Gb-512Gb Ssd-15.6inc-W11;36.996 TL
MacBook Neo MHFD4TU/A A18 Pro 8Gb-256Gb Ssd-Liquid Retina ekran-13inc-Puslu Sarı;37.999 TL
iPad Air M4 128GB WIFI 11''Liquid Retina Ekran iPadOS Tablet YıldızIşığı;34.599 TL
Lenovo Yoga 7 Core Ultra 5 226V-16Gb-512Gb Ssd-14inc-W11;64.999 TL
CASPER Nirvana AIO A870 CORE 5 210H 2.2GHZ 16GB 500GB SSD INTEL GRAPHICS WIN11 27'';47.999 TL
Huawei Matepad 2025 12X 12Gb 256Gb 12inch- Emuı Tablet-Beyaz;26.999 TL
Huawei Matepad 2025 8Gb 128Gb 11.5inch- Emuı Tablet;11.999 TL
Lenovo LOQ 12.Nesil Core i5 12600HX-RTX3050 6Gb-8Gb-512Gb Ssd-15.6-W11;42.999 TL
Asus ExpertBook P1 2.Nesil Core 5 210H-16Gb-512Gb Ssd-15.6inc-Freedos;28.999 TL
CASPER Nirvana AIO A870 ULTRA 7 255H 2.0GHZ 16GB 1TB SSD INTEL ARC 140T WIN11 27'';59.999 TL
Casper Nirvana Celeron N4020-4Gb-120Gb Ssd-15.6inc-W11;14.999 TL
Acer Predator Core Ultra 9 275HX-RTX5070TI 12Gb-64Gb-2Tb Ssd-16inc-W11;139.999 TL
4,6 X620-B Samsung Galaxy Tab S10 Fe+ 128Gb 8GB-13.1''Android Tablet SM-X620NLBRTUR Mavi;19.997 TL
Lenovo LOQ 13.Nesil Core i7 13650HX-RTX4060 8Gb-16Gb-512Gb Ssd-15.6-W11;74.999 TL
Asus ExpertBook P5 2.Nesil Core Ultra 7 258V-32Gb-1Tb Ssd-14inc-W11;68.999 TL
Lenovo Yoga Pro 7 Core Ultra 7 155H-32Gb-1Tb Ssd-14.5inc-W11;84.999 TL
iPad Air M4 128GB WIFI 13''Liquid Retina Ekran iPadOS Tablet YıldızIşığı;44.599 TL
iPad Air M4 256GB WIFI 11''Liquid Retina Ekran iPadOS Tablet Uzay Grisi;40.999 TL
Casper Nirvana X650 13.Nesil Core i5 13420H-16Gb-500Gb Ssd-15.6inc-W11;30.999 TL
Casper Nirvana X650 13.Nesil Core i7 13620H-16Gb-500Gb Ssd-15.6inc-W11;39.999 TL
Lenovo Ideapad 5 13.Nesil Core i5 13420H-8Gb-512Gb Ssd-14inc-W11;41.999 TL
Xiaomi Pad 8 Yeşil Xiaomi Pad 8 3.5Ghz 8Gb 256Gb 11.2inch' 3.2K -Android Tablet Yeşil - Klavyeli;24.599 TL
Asus Zenbook S16 Oled Ryzen AI 9 465-32Gb-1Tb Ssd-16inc-W11;86.999 TL
Dell Pro 15 Essential 13.Nesil Core i5 1334U-16Gb-512Gb Ssd-15.6inc-W11;41.599 TL
Dell Alienware 16 Aurora Core 7 240H-RTX5060 8GB-32Gb-1Tb Ssd-16inc-W11;78.999 TL
5,0 X820NZSRTUR Samsung Galaxy Tab S10+ 12Gb 256Gb 12.4''Android Tablet SM-X820NZSRTUR;32.599 TL
Asus ExpertBook B3 2.Nesil Core Ultra 7 255H-16Gb-512Gb Ssd-14inc-W11;50.999 TL
Huawei Matebook 14 Core Ultra 5 125H-16Gb-512Gb Ssd-14.2inc-FreeDos;47.999 TL
Acer Aspire Go 13.Nesil Core i7 13620H-16Gb-512Gb Ssd-15.6inc-W11;38.799 TL
"CASPER Nirvana AIO A800 İ7 13620H 2.4GHZ 16GB 500GB SSD INTEL IRISX WIN11 23.8""";46.999 TL
Lenovo LOQ 13.Nesil Core i7 13700HX-RTX5060 8Gb-32Gb-1Tb Ssd-17.3inc-W11;89.999 TL
iPad A16 128GB Wi-Fi+Cellular 11''Liquid Retina Ekran iPadOS Tablet Silver;27.874 TL
"Casper VIA L50 Casper Via L50 2.0Ghz 8Gb 128Gb 11""'Fhd -4G LTE Android Tablet";9.999 TL
Dell Pro 15 Essential 13.Nesil Core i7 1355U-16Gb-512Gb Ssd-15.6inc-W11;45.999 TL
iPad Pro M5 256GB WIFI 13''Ultra Retina XDR Ekran iPadOS Tablet Gümüş;69.686 TL
Casper Nirvana S100 2.Nesil Core Ultra 7 255H-24Gb-1Tb Ssd-16inc-W11;49.999 TL
MacBook Pro MGE44TU/A M5 Pro 24Gb-1Tb Ssd-Liquid Retina-16inc-Gümüş;154.999 TL
iPad Air M4 256GB WIFI 13''Liquid Retina Ekran iPadOS Tablet Mavi;47.999 TL
Dell Alienware 16X Aurora Core Ultra 9 275HX-RTX5070 8GB-32Gb-1Tb Ssd-16inc-W11;134.999 TL
Asus Vivobook S14 Oled Ryzen AI 7 350-16Gb-1Tb Ssd-14inc-W11;47.939 TL
Lenovo LOQ 13.Nesil Core i7 13700HX-RTX5060 8Gb-24Gb-1Tb Ssd-15.6-W11 Sepette İndirim;74.999 TL
iPad Air M4 256GB WIFI 13''Liquid Retina Ekran iPadOS Tablet YıldızIşığı Sepette İndirim;45.499 TL
"Lenovo Legion 5 13.Nesil Core i7 13650HX-RTX5070 8Gb-32Gb-1Tb Ssd-15.1""-W11";109.999 TL
Huawei Matepad Pro 12Gb 512Gb 12.2inch- Emuı Tablet;38.899 TL
Samsung Galaxy Tab S10 Fe+ 128Gb 8GB-13.1''Android Tablet SM-X620NZSRTUR Gümüş;20.999 TL
XERA XC255 EXPER XERA XC255 INTEL ULTRA 5 225F 3.3GHZ 16GB 1TB SSD 8GB NVIDIA RTX5060 FREEDOS;59.999 TL
LENOVO AIO 3 INTEL CORE İ3 1215U 1.2 GHZ 8 GB 256 GB SSD INTEL UHD WIN11 23.8'';26.999 TL
MacBook Pro MGEA4TU/A M5 Pro 24Gb-1Tb Ssd-Liquid Retina-16inc-Uzay Siyahı;154.999 TL
MacBook Pro MGDN4TU/A M5 Pro 24Gb-1Tb Ssd-Liquid Retina-14inc-Gümüş;124.999 TL
MacBook Air MDV94TU/A M5 16Gb-512Gb Ssd-Liquid Retina-15.3inc-Gümüş;71.999 TL
PRESTIGE 13 AI EVO A1MG-281TR Msi Prestige 13 AI Evo Core Ultra 7 155H-16Gb-1Tb Ssd-13.3inc-W11;50.589 TL
Lenovo LOQ 13.Nesil Core i7 13650HX-RTX5060 8Gb-24Gb-1Tb Ssd-15.6-W11;79.999 TL
Acer Predator Core Ultra 9 275HX-RTX5070TI 12Gb-32Gb-1Tb Ssd-16inc-W11;119.999 TL
Casper Excalibur 2.Nesil Core 5 210H-RTX5060 8Gb-16Gb-1Tb Ssd-15.6inc-W11;59.999 TL
Huawei Matepad 11.5”S 12Gb 256Gb PaperMatte - Emuı Tablet Yeşil;20.999 TL
MacBook Pro MDE44TU/A M5 16Gb-512Gb Ssd-Liquid Retina-14inc-Silver;85.999 TL
Casper Excalibur 13.Nesil Core i7 13620H-RTX5060 8Gb-32Gb-1Tb Ssd-16inc-W11;79.999 TL
Lenovo LegionPro 7 2.Nesil Core Ultra 9 275HX-RTX5080 16Gb-64Gb-2TbSsd-16inc-W11;229.999 TL
MacBook Pro MGEC4TU/A M5 Pro 48Gb-1Tb Ssd-Liquid Retina-16inc-Uzay Siyahı;175.000 TL
MacBook Air MDVK4TU/A M5 16Gb-1Tb Ssd-Liquid Retina-15.3inc-Gece Yarısı;85.999 TL
iPad Air M4 256GB WIFI 11''Liquid Retina Ekran iPadOS Tablet Mavi;40.999 TL
4,8 NH.QYWEY.003 Acer Nitro V 16 2.Nesil Ryzen 5 AI 240-RTX5050 8Gb-16Gb-1Tb Ssd-16inc-W11;49.999 TL
Lenovo LOQ 13.Nesil Core i7 13700HX-RTX5060 8Gb-24Gb-1Tb Ssd-15.6-W11 Sepette İndirim;74.999 TL
Lenovo Yoga Slim 7 Core Ultra 7 258V-32Gb-1Tb Ssd-15.3inc-W11;83.999 TL
Lenovo Yoga Tab Plus 3.3Ghz 16Gb 512Gb 12.7inch' 3K- Android Tablet Sepette İndirim;42.499 TL
0,0 M3407GA-SF004W Asus Vivobook S14 Oled Ryzen AI 7 445-32Gb-1Tb Ssd-14inc-W11;59.999 TL
Casper Excalibur 13.Nesil Core i7 13620H-RTX5070 8Gb-32Gb-1Tb Ssd-15.6inc-W11;84.999 TL
iPad Air M4 256GB WIFI 11''Liquid Retina Ekran iPadOS Tablet Mor;41.999 TL
iPad Air M4 256GB WIFI 11''Liquid Retina Ekran iPadOS Tablet YıldızIşığı;40.999 TL
Asus ProArt P16 Oled Ryzen AI 9 HX370-RTX5090 24Gb-64Gb-2Tb-16inc-W11;225.996 TL
iPad Pro M5 512GB WIFI 13''Ultra Retina XDR Ekran iPadOS Tablet Space Black;84.999 TL
iPad Pro M5 512GB WIFI 11''Ultra Retina XDR Ekran iPadOS Tablet Gümüş;72.499 TL
MacBook Pro MDE54TU/A M5 16Gb-1Tb Ssd-Liquid Retina-14inc-Silver;99.999 TL
Acer Nitro V 15 13.Nesil Core i5 13420H-RTX4050 6Gb-16Gb-1Tb Ssd-15-6inc-W11;49.996 TL
0,0 FA607NUQ-RL009W-Gaming Asus Tuf Gaming A16 1.Nesil Ryzen 7 170-RTX4050 6Gb-16Gb-512Gb Ssd-16inc-W11;49.499 TL
MacBook Air MDHK4TU/A M5 24Gb-1Tb Ssd-Liquid Retina-13.6inc-Gök Mavisi;80.999 TL
MacBook Air MDHD4TU/A M5 24Gb-1Tb Ssd-Liquid Retina-13.6inc-Yıldız Işığı;80.999 TL
iPad Air M4 256GB WIFI 13''Liquid Retina Ekran iPadOS Tablet Mor Sepette İndirim;45.499 TL
iPad Air M4 128GB WIFI 13''Liquid Retina Ekran iPadOS Tablet Mavi;44.599 TL
Lenovo Legion 5 13.Nesil Core i7 13650HX-RTX5060 8Gb-32Gb-1Tb Ssd-15.3inc-W11;99.999 TL
Lenovo Yoga 9 2.Nesil Core Ultra 7 258V -32Gb-1Tb Ssd-14inc-W11;109.999 TL
Acer Nitro V 16 2.Nesil Ryzen 7 260-RTX5070 8Gb-32Gb-1Tb Ssd-16inc-W11;75.996 TL
Lenovo LOQ 13.Nesil Core i7 13650HX-RTX5070 8Gb-24Gb-1Tb Ssd-15.6-W11;89.999 TL
Lenovo LOQ 13.Nesil Core i7 13650HX-RTX5060 8Gb-16Gb-512Gb Ssd-17.3inc-W11;79.999 TL
MacBook Air MDVU4TU/A M5 24Gb-1Tb Ssd-Liquid Retina-15.3inc-Gök Mavisi;94.499 TL
MacBook Air MDH84TU/A M5 16Gb-1Tb Ssd-Liquid Retina-13.6inc-Gümüş;70.199 TL
iPad Air M4 128GB WIFI 13''Liquid Retina Ekran iPadOS Tablet Mor;44.599 TL
iPad Air M4 128GB WIFI+Cellular 11''LiquidRetina Ekran iPadOS Tablet Uzay Grisi;42.949 TL
Asus Zenbook Duo Oled Ux8406 2.Nesil Core Ultra 7 255H-32Gb-1Tb Ssd-14inc-W1;95.099 TL
Acer Aspire 16 AI 2.Nesil Core Ultra 7 256V-16Gb-512Gb-16inc-W11;50.699 TL
iPad Pro M5 512GB WIFI 11''Ultra Retina XDR Ekran iPadOS Tablet Space Black;72.499 TL
Casper Excalibur 13.Nesil Core i7 13620H-RTX5070 8Gb-32Gb-2Tb Ssd-16inc-W11;93.999 TL
iPad Air M3 128GB WIFI+Cellular 11''Liquid Retina Ekran iPadOS Tablet Mavi;31.889 TL
MacBook Air MW1L3TU/A M4 16Gb-256Gb Ssd-Liquid Retina-15.3inc-Gece Yarısı;61.999 TL
MacBook Air MW0Y3TU/A M4 16Gb-256Gb Ssd-Liquid Retina-13.6inc-Yıldız Işığı;49.999 TL
Asus ExpertBook B3 2.Nesil Core Ultra 5 225H-16Gb-512Gb Ssd-14inc-W11;45.999 TL
MacBook Pro MGEE4TU/A M5 Max 48Gb-2Tb Ssd-Liquid Retina-16inc-Uzay Siyahı;250.000 TL
MacBook Pro MJ3D4TU/A M5 32Gb-1Tb Ssd-Liquid Retina-14inc-Uzay Siyahı;119.999 TL
ASUS V501 INTEL CORE 5 210H 2.2 GHZ 16 GB 512 GB SSD INTEL GRAPHICS WIN11;45.999 TL
Asus ProArt PX13 Oled Ryzen AI MAX+395-128Gb-1Tb-13.3inc-W11;179.719 TL
XCELLERATOR XC212 EXPER XCELLERATOR XC212 İ5 12400F 2.5GHZ 16GB 500GB SSD 8GB INTEL ARC A750 WIN11;39.999 TL
CYBORG 15 B13WEKG-849TRNN Msi Cyborg 15 13.Nesil Core i7 13620H-RTX5050 8GB-16GB-1Tb Ssd-15.6inc-W11;67.239 TL
KATANA 17 HX B14WFK-252XTR Msi Katana 17 14.Nesil Core i7 14650HX-RTX5060 8Gb-32Gb-1Tb Ssd-17.3inc-FreeDos;83.919 TL
FA608PM-RV009W-Gaming Asus Tuf Gaming A16 8.Nesil Ryzen 9 8940HX-RTX5060 8Gb-16Gb-1Tb-16inc-W11;79.999 TL
Honor Pad V9 3.35Ghz 8Gb 256Gb 11.5 inç Android Tablet;19.999 TL
Ipad Mini 128GB WIFI 8.3''Liquid Retina Ekran iPadOS Tablet SpaceGray;30.999 TL
YENİ ÜRÜN 0,0 V501MV-07240H049W ASUS V501 INTEL CORE 7 240H 2.5 GHZ 16 GB 1 TB SSD INTEL GRAPHICS WIN11;59.639 TL
Dell 14 Plus Core Ultra 7 258V 32Gb-1Tb Ssd-14inc-W11 Pro;81.999 TL
MacBook Air MDVN4TU/A M5 24Gb-1Tb Ssd-Liquid Retina-15.3inc-Gece Yarısı;97.499 TL
MacBook Air MDVC4TU/A M5 24Gb-1Tb Ssd-Liquid Retina-15.3inc-Gümüş;99.999 TL
Asus ExpertBook BM1 1.Nesil Ryzen 7 170-32Gb-512Gb Ssd-15.6inc-Freedos;44.999 TL
Asus Zenbook S14 Oled Ux5406 3.Nesil Core Ultra 9 386H-32Gb-1Tb Ssd-14inc-W11;118.399 TL
"LENOVO YOGA AIO INTEL ULTRA 9 285H 2.7GHZ 32GB 1TB SSD 6 GB NVIDIA RTX4050 WIN11 27""";129.999 TL
iPad Pro M5 256GB WIFI+Cellular 13''Ultra Retina XDR Ekran iPadOS Tablet Space B;81.749 TL
G814PP-S9006W-Gaming Asus Rog Strix G18 8.Nesil Ryzen 9 8940HX-RTX5070 8Gb-16Gb-1Tb-18inc-W11;118.039 TL
Acer Aspire Go 13.Nesil Core i5 1334U-16Gb-512Gb Ssd-15.6inc-W11;32.106 TL
Asus Vivobook 16 2.Nesil Core 5 210H-RTX5060 8GB-16Gb-512Gb Ssd-16inc-W11;53.999 TL
Acer Nitro V 15 7.Nesil Ryzen 5 7535HS-RTX4050 6Gb-16Gb-512Gb Ssd-15.6inc-W11;39.996 TL
Samsung Galaxy Tab S11 12Gb 128Gb 11''Android Tablet SM-X730NZSRTUR Gümüş;30.999 TL
Lenovo Yoga Slim 7 Core Ultra 5 125H-16Gb-512Gb Ssd-14inc-W11;46.999 TL
Casper Excalibur 14.Nesil Core i9 14900HX-RTX5070Ti 12Gb-32Gb-1Tb Ssd-16inc-W11;119.999 TL
MacBook Air MC6U4TU/A M4 16Gb-512Gb Ssd-Liquid Retina-13.6inc-Gök Mavisi;68.999 TL
APPLE MU9D3TU/A Mac Mini M4 10C CPU 10C GPU 16 GB 256 GB SSD;37.999 TL
Samsung Galaxy Tab S10+ 12Gb 256Gb 12.4''Android Tablet SM-X820NZARTUR;32.599 TL
Lenovo Yoga Book 9 Core Ultra 7 155U-32Gb-1Tb Ssd-13.3inc-W11;139.999 TL
Dell XPS 14 Core Ultra X7 358H-32Gb-1Tb Ssd-14inc-W11 Pro;141.999 TL
MacBook Air MDHJ4TU/A M5 16Gb-1Tb Ssd-Liquid Retina-13.6inc-Gök Mavisi;70.199 TL
MacBook Air MDHF4TU/A M5 16Gb-1Tb Ssd-Liquid Retina-13.6inc-Gece Yarısı;70.199 TL
KATANA 15 HX B14WFK-450XTR Msi Katana 15 14.Nesil Core i9 14900HX-RTX5060 8Gb-32Gb-1Tb Ssd-15.6inc-FreeDos;88.059 TL
MacBook Pro MDE34TU/A M5 24Gb-1Tb Ssd-Liquid Retina-14inc-Space Black;109.999 TL
Acer Nitro Lite 13.Nesil Core i5 13420H-RTX3050 6Gb-16Gb-512Gb Ssd-16inc-W11;42.109 TL
Ipad Air M3 128GB WIFI 13''Liquid Retina Ekran iPadOS Tablet Mavi;41.999 TL
iPad Air M3 512GB WIFI 11''Liquid Retina Ekran iPadOS Tablet Space Gray;38.364 TL
MacBook Air MW1K3TU/A M4 16Gb-512Gb Ssd-Liquid Retina-15.3inc-Yıldız Işığı;69.999 TL
MacBook Air MW133TU/A M4 16Gb-512Gb Ssd-Liquid Retina-13.6inc-Gece Yarısı;56.999 TL
Ipad Mini 128GB WIFI 8.3''Liquid Retina Ekran iPadOS Tablet Purple;30.999 TL
YENİ ÜRÜN 0,0 T500MV-07240H238W-GAMING ASUS TUF T500MV INTEL CORE 7 240H 2.5 GHZ 16 GB 1 TB SSD 8 GB NVDIA RTX5060 WIN11;88.989 TL
Asus ExpertBook B3 2.Nesil Core Ultra 7 255H-16Gb-512Gb Ssd-14inc-Freedos;46.999 TL
G615JH-N3115W-Gaming Asus Rog Strix G16 13.Nesil Core i5 13450HX-RTX5050 8Gb-16Gb-512Gb-16inc-W11;73.069 TL
MacBook Pro MGE94TU/A M5 Max 48Gb-2Tb Ssd-Liquid Retina-16inc-Gümüş;250.000 TL
MacBook Pro MJ3E4TU/A M5 32Gb-1Tb Ssd-Liquid Retina-14inc-Gümüş;119.999 TL
MacBook Air MDVF4TU/A M5 24Gb-1Tb Ssd-Liquid Retina-15.3inc-Yıldız Işığı;97.499 TL
MacBook Air MDVT4TU/A M5 16Gb-1Tb Ssd-Liquid Retina-15.3inc-Gök Mavisi;85.999 TL
MacBook Air MDH94TU/A M5 24Gb-1Tb Ssd-Liquid Retina-13.6inc-Gümüş;80.999 TL
MacBook Air MDHC4TU/A M5 16Gb-1Tb Ssd-Liquid Retina-13.6inc-Yıldız Işığı;70.199 TL
iPad Air M4 512GB WIFI 13''Liquid Retina Ekran iPadOS Tablet Uzay Grisi;62.999 TL
Acer Nitro V 12.Nesil Core i7 12650H-RTX4060 8Gb-16Gb-1TB Ssd-17.3inc-Freedos;54.999 TL
Asus ExpertBook P1 2.Nesil Core 7 240H-16Gb-512Gb Ssd-15.6inc-Freedos;36.999 TL
CYBORG 15 A13VE-2056TR Msi Cyborg 15 13.Nesil Core i7 13620H-RTX4050 6GB-16GB-512Gb Ssd-15.6inc-W11;58.799 TL
Acer Aspire 14 AI 2.Nesil Core Ultra 7 256V-16Gb-512Gb-14inc-W11;47.996 TL
Acer Nitro V 15 13.Nesil Core i9 13900H-RTX5060 8Gb-32Gb-1Tb Ssd-15.6inc-W11;77.999 TL
iPad Pro M5 512GB WIFI+Cellular 13''Ultra Retina XDR Ekran iPadOS Tablet S.Black;94.999 TL
iPad Pro M5 256GB WIFI+Cellular 11''Ultra Retina XDR Ekran iPadOS Tablet S.Black;76.999 TL
MacBook Pro MDE64TU/A M5 24Gb-1Tb Ssd-Liquid Retina-14inc-Silver;109.999 TL
MacBook Pro MDE14TU/A M5 16Gb-1Tb Ssd-Liquid Retina-14inc-Space Black;97.999 TL
Redmi Pad 2 Pro 8+256GB Purple Redmi Pad 2 Pro 2.7Ghz 8Gb 256Gb 12.1inch -Android Tablet Mor;15.799 TL
4,8 NH.QYXEY.001 Acer Nitro V 16 2.Nesil Ryzen 7 260-RTX5060 8Gb-16Gb-1Tb Ssd-16inc-W11;57.999 TL
Acer Predator Core Ultra 9 275HX-RTX5080 16Gb-128Gb-2Tb Ssd-18inc-W11Pro;199.596 TL
Ipad Air M3 256GB WIFI 13''Liquid Retina Ekran iPadOS Tablet Starlight;48.999 TL
Ipad Air M3 128GB WIFI 13''Liquid Retina Ekran iPadOS Tablet Space Grey;45.999 TL
iPad Air M3 128GB WIFI+Cellular 11''Liquid Retina Ekran iPadOS Tablet Mor;31.889 TL
MacBook Air MC7C4TU/A M4 16Gb-512Gb Ssd-Liquid Retina-15.3inc-Gök Mavisi;69.999 TL
MacBook Air MW1G3TU/A M4 16Gb-256Gb Ssd-Liquid Retina-15.3inc-Gümüş;61.999 TL
MacBook Air MC6C4TU/A M4 24Gb-512Gb Ssd-Liquid Retina-13.6inc-Gece Yarısı;67.999 TL
MacBook Air MW0X3TU/A M4 16Gb-512Gb Ssd-Liquid Retina-13.6inc-Gümüş;59.999 TL
Ipad Mini 256GB WIFI 8.3''Liquid Retina Ekran iPadOS Tablet Starlight;34.999 TL
Ipad Mini 256GB WIFI 8.3''Liquid Retina Ekran iPadOS Tablet SpaceGray;34.999 TL
Ipad Mini 128GB WIFI 8.3''Liquid Retina Ekran iPadOS Tablet Starlight;30.999 TL
Samsung Galaxy Tab S10 Ultra 12Gb 512Gb 14.6''Android Tablet SM-X920NZAPTUR;43.996 TL
MacBook Pro MRW63TU/A M3 Pro 36Gb-512Gb Ssd-Liquid Retina-16inc-Gümüş;104.996 TL
YENİ ÜRÜN 0,0 G700TF-7265KF293W-GAMING ASUS ROG G700 INTEL ULTRA 7 265KF 3.3 GHZ 16 GB 1 TB SSD 12 GB NVDIA RTX5070 WIN11;139.049 TL
G614PW-RV005W-Gaming Asus Rog Strix G16 8.Nesil Ryzen 9 8940HX-RTX5080 16Gb-32Gb-1Tb-16inc-W11;175.549 TL
ASUS V400 AiO INTEL CORE 5 210H 2.2 GHZ 8 GB 512 GB SSD INTEL GRAPHICS WIN11 23.8'';41.999 TL
Lenovo LOQ 14.Nesil Core i5 14500HX-RTX5060 8Gb-16Gb-512Gb Ssd-15.6-W11;74.999 TL
Asus Vivobook 14 Flip Oled 2.Nesil Core Ultra 7 256V-16Gb-512Gb Ssd-14inc-W11;73.619 TL
MacBook Pro MGED4TU/A M5 Max 36Gb-2Tb Ssd-Liquid Retina-16inc-Uzay Siyahı;220.000 TL
MacBook Pro MJLW4TU/A M5 Pro 24Gb-2Tb Ssd-Liquid Retina-14inc-Uzay Siyahı;149.999 TL
MacBook Air MDVA4TU/A M5 16Gb-1Tb Ssd-Liquid Retina-15.3inc-Gümüş;85.999 TL
iPad Air M4 512GB WIFI 13''Liquid Retina Ekran iPadOS Tablet Mavi;62.999 TL
iPad Air M4 512GB WIFI 11''Liquid Retina Ekran iPadOS Tablet YıldızIşığı;53.999 TL
ASUS ROG NUC INTEL ULTRA 9 275HX 2.7 GHZ 32 GB 1 TB SSD 16 GB NVIDIA RTX5070 Ti WIN11;194.999 TL
Asus ProArt P16 Oled Ryzen AI 9 HX370-RTX5070 8Gb-64Gb-2Tb-16inc-W11;176.999 TL
Casper Excalibur 14.Nesil Core i9 14900HX-RTX5090 24Gb-64Gb-2Tb Ssd-16inc-W11;209.999 TL
Asus Vivobook V16 2.Nesil Core 7 240H-RTX5070 8GB-16Gb-512Gb Ssd-16inc-W11;80.999 TL
iPad Pro M5 1TB WIFI 13''Ultra Retina XDR Ekran iPadOS Tablet Gümüş;115.999 TL
iPad Pro M5 256GB WIFI+Cellular 11''Ultra Retina XDR Ekran iPadOS Tablet Gümüş;76.999 TL
Samsung Galaxy Tab S11 12Gb 128Gb 11''Android Tablet SM-X730NZARTUR Gri;34.999 TL
ASUS ROG G700 RYZEN 7 9800X 3D 4.7GHZ 64 GB 2 TB SSD 16 GB NVDIA RTX5080 WIN11;228.089 TL
GA403UH-QS009W-Gaming Asus Rog Zephyrus G14 1.Nesil Ryzen 9 270-RTX5050 8GB-16Gb-1Tb Ssd-14inc-W11;103.779 TL
Honor Pad X9a 2.8Ghz 8Gb 128Gb 11.5''-Android Tablet;15.999 TL
THIN 15 B13UC-2847TR Msi Thin 15 13.Nesil Core i5 13420H-RTX3050 4Gb-16Gb-512Gb Ssd-15.6inc-W11;45.459 TL
Acer Aspire Spin 14 Core Ultra 7 155U-16Gb-1Tb Ssd-14inc-W11;52.996 TL
12/256GB Samsung Galaxy Tab S9 12Gb 256Gb 11''Android Tablet SM-X710NZEETUR;30.166 TL
Ipad Air M3 256GB WIFI 13''Liquid Retina Ekran iPadOS Tablet Space Grey;48.999 TL
Ipad Air M3 128GB WIFI 13''Liquid Retina Ekran iPadOS Tablet Starlight;41.999 TL
iPad Air M3 512GB WIFI 11''Liquid Retina Ekran iPadOS Tablet Mor;39.496 TL
iPad A16 128GB Wi-Fi+Cellular 11''Liquid Retina Ekran iPadOS Tablet Mavi;31.999 TL
MacBook Air MC6L4TU/A M4 24Gb-512Gb Ssd-Liquid Retina-15.3inc-Gece Yarısı;79.999 TL
MacBook Air MC6K4TU/A M4 24Gb-512Gb Ssd-Liquid Retina-15.3inc-Yıldız Işığı;77.999 TL
MacBook Air MW1H3TU/A M4 16Gb-512Gb Ssd-Liquid Retina-15.3inc-Gümüş;69.999 TL
iPad A16 512GB Wi-Fi 11''Liquid Retina Ekran iPadOS Tablet Mavi;29.997 TL
MacBook Air MW1J3TU/A M4 16Gb-256Gb Ssd-Liquid Retina-15.3inc-Yıldız Işığı;61.999 TL
MacBook Air MC6V4TU/A M4 24Gb-512Gb Ssd-Liquid Retina-13.6inc-Gök Mavisi;68.999 TL
MacBook Air MC6A4TU/A M4 24Gb-512Gb Ssd-Liquid Retina-13.6inc-Yıldız Işığı;68.999 TL
MacBook Air MC654TU/A M4 24Gb-512Gb Ssd-Liquid Retina-13.6inc-Gümüş;68.999 TL
Asus ExpertBook P5 2.Nesil Core Ultra 5 226V-16Gb-512Gb Ssd-14inc-W11;47.996 TL
Ipad Mini 128GB WIFI 8.3''Liquid Retina Ekran iPadOS Tablet Blue;30.999 TL
Dell 14 Plus Core Ultra 9 288V 32Gb-1Tb Ssd-14inc-W11 Pro;94.999 TL
0,0 FA608UH-RV099W-Gaming Asus Tuf Gaming A16 2.Nesil Ryzen 7 260-RTX5050 8Gb-16Gb-512Gb-16inc-W11;59.999 TL
MacBook Pro MGDU4TU/A M5 Max 36Gb-2Tb Ssd-Liquid Retina-14inc-Uzay Siyahı;195.799 TL
MacBook Pro MGDQ4TU/A M5 Max 36Gb-2Tb Ssd-Liquid Retina-14inc-Gümüş;195.799 TL
MacBook Pro MGDT4TU/A M5 Pro 24Gb-2Tb Ssd-Liquid Retina-14inc-Uzay Siyahı;160.000 TL
MacBook Air MDHG4TU/A M5 24Gb-1Tb Ssd-Liquid Retina-13.6inc-Gece Yarısı;89.999 TL
YENİ ÜRÜN 0,0 MH9N4TU/A iPad Air M4 512GB WIFI+Cellular 13''LiquidRetina Ekran iPadOS Tablet Mavi;72.999 TL
iPad Air M4 256GB WIFI+Cellular 13''LiquidRetina Ekran iPadOS Tablet Uzay Grisi;61.999 TL
iPad Air M4 128GB WIFI+Cellular 13''LiquidRetina Ekran iPadOS Tablet Mor;50.999 TL
iPad Air M4 128GB WIFI+Cellular 13''LiquidRetina Ekran iPadOS Tablet Uzay Grisi;50.999 TL
iPad Air M4 1TB WIFI 11''Liquid Retina Ekran iPadOS Tablet Uzay Grisi;59.949 TL
iPad Air M4 512GB WIFI 11''Liquid Retina Ekran iPadOS Tablet Mor;53.999 TL
KATANA 17 HX B14WFK-257XTR Msi Katana 17 14.Nesil Core i7 14650HX-RTX5060 8Gb-16Gb-1Tb Ssd-17.3inc-FreeDos;81.559 TL
Asus Vivobook S14 Oled 2.Nesil Core Ultra 7 256V-16Gb-1Tb Ssd-14inc-W11;73.499 TL
Acer Aspire Go 13.Nesil Core i5 1334U-16Gb-1Tb Ssd-15.6inc-W11;40.299 TL
KILIFLI Hometech Gtx Jaculus 2Ghz 8Gb 128Gb 10.4''Fhd 4G LTE Android Gaming Tablet;6.999 TL
iPad Pro M5 1TB WIFI 13''Ultra Retina XDR Nano Ekran iPadOS Tablet Gümüş;109.999 TL
iPad Pro M5 1TB WIFI+Cellular11''Ultra Retina XDR Nano Ekran iPadOS Tablet Gümüş;118.999 TL
iPad Pro M5 1TB WIFI 11''Ultra Retina XDR Nano Ekran iPadOS Tablet Space Black;93.205 TL
iPad Pro M5 512GB WIFI+Cellular 13''Ultra Retina XDR Ekran iPadOS Tablet Gümüş;94.999 TL
iPad Pro M5 256GB WIFI+Cellular 13''Ultra Retina XDR Ekran iPadOS Tablet Gümüş;84.999 TL
iPad Pro M5 1TB WIFI 13''Ultra Retina XDR Ekran iPadOS Tablet Space Black;115.999 TL
iPad Pro M5 512GB WIFI 13''Ultra Retina XDR Ekran iPadOS Tablet Gümüş;89.999 TL
iPad Pro M5 512GB WIFI+Cellular 11''Ultra Retina XDR Ekran iPadOS Tablet Gümüş;88.999 TL
iPad Pro M5 512GB WIFI+Cellular 11''Ultra Retina XDR Ekran iPadOS Tablet S.Black;88.999 TL
iPad Pro M5 1TB WIFI 11''Ultra Retina XDR Ekran iPadOS Tablet Space Black;87.978 TL
GU605CM-QR027W-Gaming Asus Rog Zephyrus G16 2.Nesil Core Ultra 7 255H-RTX5060 8Gb-16Gb-1Tb-16inc-W1;130.609 TL
Acer Nitro V 15 13.Nesil Core i7 13620H-RTX5060 8Gb-16Gb-512Gb Ssd-15.6inc-W11;64.599 TL
"MODERN AM272P 12M-1209TR MSI MODERN AM272P INTEL CORE İ7 1255U 1.7 GHZ 16 GB 1 TB SSD INTEL IRIS X WIN11 27""";57.929 TL
"Casper VIA.S50-PEN Casper Via S50 Pen 2Ghz 4Gb 128Gb 11""'Fhd -Android Tablet";8.499 TL
12/256GB Samsung Galaxy Tab S9 12Gb 256Gb 11''Android Tablet SM-X710NZAETUR;30.166 TL
iPad Air M3 256GB WIFI+Cellular11''Liquid Retina Ekran iPadOS Tablet Starlight;43.315 TL
iPad Air M3 1TB WIFI 11''Liquid Retina Ekran iPadOS Tablet Mavi;49.999 TL
iPad Air M3 512GB WIFI 11''Liquid Retina Ekran iPadOS Tablet Mavi;43.999 TL
iPad Air M3 256GB WIFI 11''Liquid Retina Ekran iPadOS Tablet Mor;40.999 TL
iPad Air M3 128GB WIFI 11''Liquid Retina Ekran iPadOS Tablet Mavi;34.999 TL
iPad Air M3 128GB WIFI 11''Liquid Retina Ekran iPadOS Tablet Space Gray;34.999 TL
MacBook Air MC7D4TU/A M4 24Gb-512Gb Ssd-Liquid Retina-15.3 inc-Gök Mavisi;79.999 TL
MacBook Air MC6J4TU/A M4 24Gb-512Gb Ssd-Liquid Retina-15.3inc-Gümüş;79.999 TL
iPad A16 512GB Wi-Fi 11''Liquid Retina Ekran iPadOS Tablet Pembe;29.997 TL
MacBook Air MW1M3TU/A M4 16Gb-512Gb Ssd-Liquid Retina-15.3inc-Gece Yarısı;69.999 TL
iPad A16 512GB Wi-Fi 11''Liquid Retina Ekran iPadOS Tablet Sarı;32.599 TL
iPad A16 512GB Wi-Fi 11''Liquid Retina Ekran iPadOS Tablet Silver;32.820 TL
MacBook Air MC7A4TU/A M4 16Gb-256Gb Ssd-Liquid Retina-15.3 inc-Gök Mavisi;61.999 TL
Huawei Matepad 11.5”S 8+256 GB PaperMatte - Emuı Tablet;16.996 TL
Acer Nitro V 15 13.Nesil Core i9 13900H-RTX4060 8Gb-16Gb-1Tb Ssd-15-6inc-W11;66.999 TL
APPLE MU9E3TU/A Mac Mini M4 10C CPU 10C GPU 16 GB 512 GB SSD;50.499 TL
Ipad Mini 256GB WIFI+ Cellular 8.3''Liquid Retina Ekran iPadOS Tablet SpaceGray;45.999 TL
Ipad Mini 128GB WIFI+ Cellular 8.3''Liquid Retina Ekran iPadOS Tablet Blue;39.999 TL
Ipad Mini 256GB WIFI 8.3''Liquid Retina Ekran iPadOS Tablet Blue;34.999 TL
Samsung Galaxy Tab S10 Ultra 12Gb 512Gb 14.6''Android TabletSM-X920NZSPTUR;43.996 TL
YENİ ÜRÜN 0,0 RAIDER 16 HX B2WH-093TR Msi Raider 16HX 2.Nesil Core Ultra 9 275HX-RTX5070Ti 12Gb-32Gb-1Tb Ssd-16inc-W11;211.109 TL
YENİ ÜRÜN 0,0 CYBORG 15 MAX C13WE-073TR Msi Cyborg 15 Max 13.Nesil Core i5 13420H-RTX5050 8GB-16GB-512Gb Ssd-15.6inc-W11;101.879 TL
YENİ ÜRÜN 0,0 GX651AX-SR051W-Gaming Asus Rog Zephyrus Duo 16 3.Nesil Core Ultra 9 386H-RTX5090 24Gb-64Gb-2Tb-16inc-W;377.859 TL
YENİ ÜRÜN 0,0 GA403GM-SY142W-Gaming Asus Rog Zephyrus G14 1.Nesil Ryzen AI 9 465-RTX5060 8GB-16Gb-1Tb Ssd-14inc-W11;151.149 TL
YENİ ÜRÜN 0,0 G700TF-07265F422W-GAMING ASUS ROG G700 INTEL ULTRA 7 265F 1.8 GHZ 32 GB 1 TB SSD 16 GB NVDIA RTX5070Ti WIN11;171.209 TL
KATANA 17 HX B14WGK-046XTR Msi Katana 17 14.Nesil Core i7 14650HX-RTX5070 8Gb-32Gb-1Tb Ssd-17.3inc-FreeDos;108.129 TL
CYBORG 15 B13WEKG-613XTR Msi Cyborg 15 13.Nesil Core i7 13620H-RTX5050 8GB-16GB-1Tb Ssd-15.6inc-FreeDos;62.729 TL
MacBook Pro MGE74TU/A M5 Max 36Gb-2Tb Ssd-Liquid Retina-16inc-Gümüş;239.999 TL
MacBook Pro MJLV4TU/A M5 Pro 24Gb-2Tb Ssd-Liquid Retina-14inc-Gümüş;149.999 TL
MacBook Pro MGDP4TU/A M5 Pro 24Gb-2Tb Ssd-Liquid Retina-14inc-Gümüş;160.000 TL
MacBook Air MDVE4TU/A M5 16Gb-1Tb Ssd-Liquid Retina-15.3inc-Yıldız Işığı;85.999 TL
YENİ ÜRÜN 0,0 MH9Q4TU/A iPad Air M4 512GB WIFI+Cellular 13''LiquidRetina Ekran iPadOS Tablet Mor;72.999 TL
YENİ ÜRÜN 0,0 MH9P4TU/A iPad Air M4 512GB WIFI+Cellular 13''LiquidRetina Ekran iPadOS Tablet YıldızIşığı;72.999 TL
iPad Air M4 256GB WIFI+Cellular 13''LiquidRetina Ekran iPadOS Tablet Mor;61.999 TL
iPad Air M4 256GB WIFI+Cellular 13''LiquidRetina Ekran iPadOS Tablet YıldızIşığı;61.999 TL
iPad Air M4 256GB WIFI+Cellular 13''LiquidRetina Ekran iPadOS Tablet Mavi;61.999 TL
iPad Air M4 128GB WIFI+Cellular 13''LiquidRetina Ekran iPadOS Tablet YıldızIşığı;56.999 TL
iPad Air M4 128GB WIFI+Cellular 13''LiquidRetina Ekran iPadOS Tablet Mavi;50.999 TL
iPad Air M4 1TB WIFI 13''Liquid Retina Ekran iPadOS Tablet Mor;74.099 TL
iPad Air M4 1TB WIFI 13''Liquid Retina Ekran iPadOS Tablet YıldızIşığı;74.099 TL
iPad Air M4 1TB WIFI 13''Liquid Retina Ekran iPadOS Tablet Mavi;74.099 TL
iPad Air M4 1TB WIFI 13''Liquid Retina Ekran iPadOS Tablet Uzay Grisi;74.099 TL
iPad Air M4 512GB WIFI 13''Liquid Retina Ekran iPadOS Tablet Mor;62.999 TL
iPad Air M4 512GB WIFI 13''Liquid Retina Ekran iPadOS Tablet YıldızIşığı;62.999 TL
iPad Air M4 256GB WIFI+Cellular 11''LiquidRetina Ekran iPadOS Tablet YıldızIşığı;52.999 TL
iPad Air M4 256GB WIFI+Cellular 11''LiquidRetina Ekran iPadOS Tablet Mavi;52.999 TL
iPad Air M4 128GB WIFI+Cellular 11''LiquidRetina Ekran iPadOS Tablet Mor;46.999 TL
iPad Air M4 128GB WIFI+Cellular 11''LiquidRetina Ekran iPadOS Tablet YıldızIşığı;46.999 TL
iPad Air M4 128GB WIFI+Cellular 11''LiquidRetina Ekran iPadOS Tablet Mavi;42.949 TL
iPad Air M4 1TB WIFI 11''Liquid Retina Ekran iPadOS Tablet Mor;59.949 TL
iPad Air M4 1TB WIFI 11''Liquid Retina Ekran iPadOS Tablet YıldızIşığı;59.949 TL
YENİ ÜRÜN 0,0 MH3H4TU/A iPad Air M4 1TB WIFI 11''Liquid Retina Ekran iPadOS Tablet Mavi;59.949 TL
iPad Air M4 512GB WIFI 11''Liquid Retina Ekran iPadOS Tablet Mavi;53.999 TL
iPad Air M4 512GB WIFI 11''Liquid Retina Ekran iPadOS Tablet Uzay Grisi;53.999 TL
ASUS ASCENT GX10 NVIDIA GB10 CPU 128 GB DDR5 4 TB SSD BLACKWELL GPU NVIDIA DGX OS;379.999 TL
ASUS ASCENT GX10 NVIDIA GB10 CPU 128 GB DDR5 2 TB SSD BLACKWELL GPU NVIDIA DGX OS;299.999 TL
ASUS ROG NUC INTEL ULTRA 7 255HX 2.4 GHZ 16 GB 1 TB SSD 8GB NVIDIA RTX5060 WIN11;139.999 TL
Ipad Mini 512GB WIFI+ Cellular 8.3''Liquid Retina Ekran iPadOS Tablet Purple;56.999 TL
Ipad Mini 512GB WIFI+ Cellular 8.3''Liquid Retina Ekran iPadOS Tablet Space Grey;56.999 TL
Ipad Mini 512GB WIFI+ Cellular 8.3''Liquid Retina Ekran iPadOS Tablet Blue;56.999 TL
Ipad Mini 512GB WIFI 8.3''Liquid Retina Ekran iPadOS Tablet Purple;41.772 TL
Ipad Mini 512GB WIFI 8.3''Liquid Retina Ekran iPadOS Tablet Starlight;50.999 TL
Ipad Mini 512GB WIFI 8.3''Liquid Retina Ekran iPadOS Tablet Blue;50.999 TL
Ipad Mini 256GB WIFI+ Cellular 8.3''Liquid Retina Ekran iPadOS Tablet Purple;47.999 TL
Ipad Mini 128GB WIFI+ Cellular 8.3''Liquid Retina Ekran iPadOS Tablet Starlight;41.999 TL
iPad A16 128GB Wi-Fi+Cellular 11''Liquid Retina Ekran iPadOS Tablet Pink;31.999 TL
Ipad Air M3 1TB WIFI 13''Liquid Retina Ekran iPadOS Tablet Purple;75.999 TL
Ipad Air M3 1TB WIFI 13''Liquid Retina Ekran iPadOS Tablet Blue;75.999 TL
iPad Air M3 1TB WIFI+Cellular 11''Liquid Retina Ekran iPadOS Tablet Purple;73.999 TL
iPad Air M3 1TB WIFI 11''Liquid Retina Ekran iPadOS Tablet Purple;64.999 TL
iPad Pro M5 2TB WIFI+Cellular 11'' Retina XDR Nano Ekran iPadOS Tablet Silver;142.999 TL
iPad Pro M5 2TB WIFI+Cellular 11'' Retina XDR Nano Ekran iPadOS Tablet Black;142.999 TL
iPad Pro M5 2TB WIFI+Cellular 13'' Retina XDR Nano Ekran iPadOS Tablet Silver;157.999 TL
iPad Pro M5 2TB WIFI 13''Ultra Retina XDR Nano Ekran iPadOS Tablet Silver;145.999 TL
iPad Pro M5 1TB WIFI 11''Ultra Retina XDR Nano Ekran iPadOS Tablet Silver;106.999 TL
MPG INFINITE X3 AI 2NVR7-655EU MSI MPG INFINITE X3 AI ULTRA 7 265KF 3.3 GHZ 32 GB 1 TB SSD 16 GB NVDIA RTX5070Ti WIN11;183.299 TL
ASUS ASCENT GX10 NVIDIA GB10 CPU 128 GB DDR5 1 TB SSD BLACKWELL GPU NVIDIA DGX OS;280.000 TL
iPad Pro M5 1TB WIFI+Cellular 13''Ultra RetinaXDRNano Ekran iPadOS Tablet S.Black;116.724 TL
0,0 MDYV4TU/A iPad Pro M5 2TB WIFI 13''Ultra Retina XDR Nano Ekran iPadOS Tablet S.Black;120.750 TL
iPad Pro M5 2TB WIFI 11''Ultra Retina XDR Nano Ekran iPadOS Tablet Gümüş;130.999 TL
iPad Pro M5 2TB WIFI 11''Ultra Retina XDR Nano Ekran iPadOS Tablet Space Black;109.799 TL
iPad Pro M5 2TB WIFI+Cellular 13''Ultra Retina XDR Ekran iPadOS Tablet Gümüş Sepette İndirim;127.949 TL
iPad Pro M5 2TB WIFI+Cellular 13''Ultra Retina XDR Ekran iPadOS Tablet S.Black Sepette İndirim;127.949 TL
iPad Pro M5 2TB WIFI 13''Ultra Retina XDR Ekran iPadOS Tablet Gümüş;139.999 TL
iPad Pro M5 2TB WIFI 13''Ultra Retina XDR Ekran iPadOS Tablet Space Black;139.999 TL
iPad Pro M5 2TB WIFI+Cellular 11''Ultra Retina XDR Ekran iPadOS Tablet Space Bla;136.999 TL
iPad Pro M5 1TB WIFI+Cellular 11''Ultra Retina XDR Ekran iPadOS Tablet Gümüş;112.999 TL
iPad Pro M5 1TB WIFI+Cellular 11''Ultra Retina XDR Ekran iPadOS Tablet S.Black;112.999 TL
iPad Pro M5 2TB WIFI 11''Ultra Retina XDR Ekran iPadOS Tablet Gümüş;124.999 TL
iPad Pro M5 2TB WIFI 11''Ultra Retina XDR Ekran iPadOS Tablet Space Black;124.999 TL
iPad Pro M5 1TB WIFI 11''Ultra Retina XDR Ekran iPadOS Tablet Gümüş;89.999 TL
MPG INFINITE X3 AI 2NVR7-641EU MSI MPG INFINITE X3 AI ULTRA 7 265KF 3.3 GHZ 32 GB 1 TB SSD 16 GB NVDIA RTX5070Ti WIN11;183.299 TL
Samsung Galaxy Tab S11 Ultra 12Gb 256Gb 14.6''Android Tablet SM-X930NZARTUR Gri;64.999 TL
Huawei Matepad 2.4Ghz 8Gb 256Gb 11.5inch- Emuı Tablet;13.996 TL
ASUS ROG NUC INTEL ULTRA 7 155H 1.4GHZ 16 GB 1 TB SSD 8GB NVIDIA RTX4060 WIN11;130.000 TL
Ipad Air M3 1TB WIFI 13''Liquid Retina Ekran iPadOS Tablet Space Grey;66.201 TL
Ipad Air M3 512GB WIFI 13''Liquid Retina Ekran iPadOS Tablet Mor;52.928 TL
Ipad Air M3 512GB WIFI 13''Liquid Retina Ekran iPadOS Tablet Starlight;55.505 TL
Ipad Air M3 512GB WIFI 13''Liquid Retina Ekran iPadOS Tablet Mavi;52.928 TL
Ipad Air M3 512GB WIFI 13''Liquid Retina Ekran iPadOS Tablet Space Grey;53.599 TL
Ipad Air M3 256GB WIFI 13''Liquid Retina Ekran iPadOS Tablet Mor;48.999 TL
Ipad Air M3 256GB WIFI 13''Liquid Retina Ekran iPadOS Tablet Mavi;48.999 TL
Ipad Air M3 128GB WIFI 13''Liquid Retina Ekran iPadOS Tablet Mor;45.999 TL
Ipad Air M3 1TB WIFI++Cellular 13''Liquid Retina Ekran iPadOS Tablet Mavi;78.999 TL
Ipad Air M3 512GB WIFI+Cellular 13''Liquid Retina Ekran iPadOS Tablet Mor;63.588 TL
Ipad Air M3 512GB WIFI++Cellular 13''Liquid Retina Ekran iPadOS Tablet Mavi;63.588 TL
Ipad Air M3 256GB WIFI+Cellular 13''Liquid Retina Ekran iPadOS Tablet Starlight;53.135 TL
Ipad Air M3 256GB WIFI+Cellular 13''Liquid Retina Ekran iPadOS Tablet Mavi;53.135 TL
Ipad Air M3 256GB WIFI+Cellular 13''Liquid Retina Ekran iPadOS Tablet Space Grey;53.135 TL
Ipad Air M3 128GB WIFI +Cellular13''Liquid Retina Ekran iPadOS Tablet Mor;47.909 TL
Ipad Air M3 128GB WIFI+Cellular 13''Liquid Retina Ekran iPadOS Tablet Starlight;47.909 TL
Ipad Air M3 128GB WIFI+Cellular13''Liquid Retina Ekran iPadOS Tablet Mavi;47.909 TL
Ipad Air M3 128GB WIFI+Cellular 13''Liquid Retina Ekran iPadOS Tablet Space Grey;47.909 TL
iPad Air M3 1TB WIFI+Cellular 11''Liquid Retina Ekran iPadOS Tablet Starlight;73.999 TL
iPad Air M3 1TB WIFI+Cellular 11''Liquid Retina Ekran iPadOS Tablet Mavi;64.221 TL
iPad Air M3 1TB WIFI+Cellular 11''Liquid Retina Ekran iPadOS Tablet Space Gray;64.459 TL
iPad Air M3 512GB WIFI+Cellular11''Liquid Retina Ekran iPadOS Tablet Mor;61.999 TL
iPad Air M3 512GB WIFI+Cellular 11''Liquid Retina Ekran iPadOS Tablet Starlight;49.826 TL
iPad Air M3 512GB WIFI+Cellular 11''Liquid Retina Ekran iPadOS Tablet Mavi;45.999 TL
iPad Air M3 256GB WIFI+Cellular 11''Liquid Retina Ekran iPadOS Tablet Mor;49.999 TL
iPad Air M3 256GB WIFI+Cellular11''Liquid Retina Ekran iPadOS Tablet Space Gray;43.553 TL
iPad Air M3 128GB WIFI+Cellular 11''Liquid Retina Ekran iPadOS Tablet Space Gray;38.327 TL
iPad Air M3 1TB WIFI 11''Liquid Retina Ekran iPadOS Tablet Starlight;47.296 TL
iPad Air M3 1TB WIFI 11''Liquid Retina Ekran iPadOS Tablet Space Gray;49.999 TL
iPad Air M3 512GB WIFI 11''Liquid Retina Ekran iPadOS Tablet Starlight;38.997 TL
iPad Air M3 256GB WIFI 11''Liquid Retina Ekran iPadOS Tablet Starlight;40.999 TL
iPad Air M3 256GB WIFI 11''Liquid Retina Ekran iPadOS Tablet Mavi;40.999 TL
iPad Air M3 256GB WIFI 11''Liquid Retina Ekran iPadOS Tablet Space Gray;40.999 TL
iPad Air M3 128GB WIFI 11''Liquid Retina Ekran iPadOS Tablet Mor;34.999 TL
iPad Air M3 128GB WIFI 11''Liquid Retina Ekran iPadOS Tablet Starlight;34.999 TL
iPad 512GB Wi-Fi+Cellular 11''Liquid Retina Ekran iPadOS Tablet Pembe;41.699 TL
iPad 512GB Wi-Fi+Cellular 11''Liquid Retina Ekran iPadOS Tablet Sarı;49.999 TL
iPad 512GB Wi-Fi+Cellular 11''Liquid Retina Ekran iPadOS Tablet Mavi;49.999 TL
iPad A16 512GB Wi-Fi+Cellular 11''Liquid Retina Ekran iPadOS Tablet Silver;48.996 TL
iPad A16 256GB Wi-Fi+Cellular 11''Liquid Retina Ekran iPadOS Tablet Pembe;37.999 TL
iPad A16 256GB Wi-Fi+Cellular 11''Liquid Retina Ekran iPadOS Tablet Sarı;37.999 TL
iPad A16 256GB Wi-Fi+Cellular 11''Liquid Retina Ekran iPadOS Tablet Mavi;34.999 TL
iPad A16 256GB Wi-Fi+Cellular 11''Liquid Retina Ekran iPadOS Tablet Silver;34.999 TL
iPad A16 128GB Wi-Fi+Cellular 11''Liquid Retina Ekran iPadOS Tablet Sarı;31.999 TL
"APPLE MD3H4TU/A iMac Nano-Texture M4 10C CPU 10C GPU 16 GB 256 GB SSD 24"" - GÜMÜŞ";104.499 TL
"APPLE MWUV3TU/A iMac M4 10C CPU 10C GPU 16 GB 512 GB SSD 24"" - GÜMÜŞ";104.499 TL
"APPLE MWUY3TU/A iMac M4 10C CPU 10C GPU 16 GB 256 GB SSD 24"" - YEŞİL";91.999 TL
"APPLE MWUU3TU/A iMac M4 10C CPU 10C GPU 16 GB 256 GB SSD 24"" - GÜMÜŞ";91.999 TL
"APPLE MWUE3TU/A iMac M4 8C CPU 8C GPU 16 GB 256 GB SSD 24"" - YEŞİL";79.999 TL
APPLE MCX44TU/A Mac Mini M4 Pro 12C CPU 16C GPU 24 GB 512 GB SSD;87.999 TL
Ipad Mini 512GB WIFI 8.3''Liquid Retina Ekran iPadOS Tablet SpaceGray;36.997 TL
Ipad Mini 128GB WIFI+ Cellular 8.3''Liquid Retina Ekran iPadOS Tablet SpaceGray;41.999 TL
Ipad Mini 256GB WIFI 8.3''Liquid Retina Ekran iPadOS Tablet Purple;34.999 TL
iPad Pro M4 2TB WIFI 13''Ultra Retina XDR Ekran iPadOS Tablet Silver;105.296 TL
iPad Pro M4 2TB WIFI 11''Ultra Retina XDR Ekran iPadOS Tablet SpaceBlack;90.996 TL
ONVO 32VQ80F2HA 32inc 82 cm HD READY WhaleOS Android Smart QLED TV;7.999 TL
LG 65QNED70 65 inç 165 cm 4K Smart TV AI Sihirli Kumanda webOS25,Uydu Alıcılı;52.399 TL
ONVO 43VQ80F2FA 43inc 109 cm FHD WhaleOS Android Smart QLED TV;11.999 TL
LG 65UA8500 65inc 165 cm 4K UHD Sihirli Kumanda Uyumlu webOS25 Smart TV,Uydulu;43.999 TL
SAMSUNG UE 65U8000 65inc 163 cm 4K UHD Smart TV,Uydu Alıcılı;36.999 TL
LG 75NANO80A6B 75 inç 190 cm UHD 4K Smart TV AI Sihirli Kumanda webOS25,Uydu Alıcı;49.999 TL
SAMSUNG QE 55Q7F5 55inc 138 cm 4K UHD Smart QLED TV,Uydu Alıcılı;43.799 TL
SAMSUNG UE 55U8000 55inc 138 cm 4K UHD Smart TV,Uydu Alıcılı;35.499 TL
4,0 40VQ80F2FA ONVO 40VQ80F2FA 40inc 102 cm FHD WhaleOS Android Smart QLED TV;9.299 TL
TCL 55C6K 55inc 139 cm QD Miniled 4K UHD Google TV,Uydu Alıcılı;53.999 TL
SAMSUNG UE 43U8000 43inc 108 cm 4K UHD Smart TV,Uydu Alıcılı;25.899 TL
SAMSUNG QE 65Q7F5 65inc 163 cm 4K UHD Smart QLED TV,Uydu Alıcılı;47.999 TL
GRUNDIG 55GQ750A 55inc 139 cm 4K UHD Google Smart QLED TV,Uydu Alıcılı Sepette İndirim;31.499 TL
ONVO 65VQ90F3UA 65inc 165 cm 4K UHD FRAMELESS Google Smart QLED TV;28.499 TL
ONVO 43VL80F3FA 43inc 109 cm FHD WhaleOS Android Smart TV;11.299 TL
TCL 65C6K 65inc 165 cm QD Miniled 4K UHD Google TV,Uydu Alıcılı;70.999 TL
LG OLEDB56 65 inç 165 cm 4K OLED Smart TV Sihirli Kumanda webOS25,Uydulu;87.999 TL
SAMSUNG QE 65QN70F 65inc 163 cm 4K UHD Smart Neo QLED TV,Uydu Alıcılı;68.499 TL
ONVO 55VQ90F3UA 55inc 140 cm 4K UHD Frameless Google Smart QLED TV,Uydu Alıcılı;20.799 TL
SAMSUNG UE 75U8000 75inc 189 cm 4K UHD Smart TV,Uydu Alıcılı;52.199 TL
LG OLEDC54 65 inç 165 cm 4K OLED evo Smart TV AI Sihirli Kumanda webOS25,Uydulu;104.999 TL
SAMSUNG QE 75QN70F 75inc 189 cm 4K UHD Smart Neo QLED TV,Uydu Alıcılı;82.999 TL
LG 65QNED82A6B 65 inç 165 cm 4K LED Smart TV AI Sihirli Kumanda webOS25;58.999 TL
LG OLED55C54LA 55 inç 139 cm 4K OLED evo Smart TV AI Sihirli Kumanda webOS25,Uyd;76.999 TL
ONVO 55VL90N4UA 55inc 140 cm 4K UHD Google Smart TV,Uydu Alıcılı;20.999 TL
"Philips Ambilight TV 43PUS8050 4K UHD LED 108cm 43"" Smart TV Dolby Atmos TitanOS";23.299 TL
TCL 55P8K 55inc 139 cm 4K UHD 144 Hz Google Smart QLED TV,Uydu Alıcılı;42.999 TL
SAMSUNG QE 55QN70F 55inc 138 cm 4K UHD Smart Neo QLED TV,Uydu Alıcılı;54.999 TL
GRUNDIG 50GQ750A 50inc 126 cm 4K UHD Google Smart QLED TV,Uydu Alıcılı;25.999 TL
TCL 65P8K 65inc 165 cm 4K UHD 144 Hz Google Smart QLED TV,Uydu Alıcılı;59.999 TL
LG 65QNED86 65 inç 165 cm 4K MiniLED Smart TV AI Sihirli Kumanda webOS25;72.499 TL
ONVO 50VQ80F2FA 50inc 127 cm FHD Frameless Android Smart QLED TV,Uydu Alıcılı;15.999 TL
"Philips Ambilight TV 55PUS8500 4K UHD QLED 139cm 55"" Smart TV Dolby Atmos Titan OS";36.999 TL
SAMSUNG QE 65S85F 65inc 163 cm 4K UHD Smart OLED TV,Uydu Alıcılı;96.199 TL
SAMSUNG QE 65S90F 65inc 163 cm 4K UHD Smart OLED TV,Uydu Alıcılı;116.099 TL
LG 55QNED82A6B 55 inç 139 cm 4K Smart TV AI Sihirli Kumanda HDR10 webOS25;46.999 TL
GRUNDIG 65GQ750A 65inc 164 cm 4K UHD Google Smart QLED TV,Uydu Alıcılı Sepette İndirim;38.499 TL
SAMSUNG QE 75Q7F5 75inc 189 cm 4K UHD Smart QLED TV,Uydu Alıcılı;66.399 TL
ONVO 32OVM6500 32inc 82 cm FHD Hareketli Taşınabilir Android Smart LED Ekran Sepette İndirim;28.999 TL
LG 27LX6TDGA 27 inç 69 cm Smart Dokunmatik Taşınabilir Webos QHD LCD Ekran;47.999 TL
LG 65NANO80 65 inç 165 cm 4K Smart TV AI Sihirli Kumanda webOS25;42.999 TL
LG 55QNED86A6A 55 inç 139 cm 4K MiniLED Smart TV AI Sihirli Kumanda HDR10 webOS25;56.999 TL
GRUNDIG 75GQ750A 75inc 189 cm 4K UHD Google Smart QLED TV,Uydu Alıcılı;49.999 TL
SAMSUNG UE 85U8000 85inc 214 cm 4K UHD Smart TV,Uydu Alıcılı;69.699 TL
"Philips Ambilight TheOne 55PUS9000 4K UHD QLED 139cm 55"" Smart TV Dolby Vision TitanOS";44.999 TL
TCL 55P7K 55inc 139 cm 4K UHD Google Smart QLED TV,Uydu Alıcılı;39.999 TL
LG 50UA8500 50inc 127 cm 4K UHD Sihirli Kumanda Uyumlu webOS25 Smart TV,Uydulu;31.999 TL
LG OLEDB56 55 inç 140 cm 4K OLED Smart TV Sihirli Kumanda webOS25,Uydu Alıcılı;69.999 TL
GRUNDIG 43GKF6500 43inc 108 cm FHD Android Smart TV,Uydu Alıcılı Sepette İndirim;15.999 TL
TCL 75P8K 75inc 190 cm 4K UHD 144 Hz Google Smart QLED TV,Uydu Alıcılı;68.999 TL
TCL 75C6K 75inc 190 cm QD Miniled 4K UHD Google TV,Uydu Alıcılı;90.999 TL
TCL 75P7K 75inc 190 cm 4K UHD Google Smart QLED TV,Uydu Alıcılı;70.499 TL
GRUNDIG 40GKF6500 40inc 100 cm FHD Android Smart TV,Uydu Alıcılı;15.499 TL
SAMSUNG QE 65QN90F 65inc 163 cm 4K UHD Smart Neo QLED TV,Uydu Alıcılı;103.399 TL
SAMSUNG QE 55S85F 55inc 138 cm 4K UHD Smart OLED TV,Uydu Alıcılı;77.799 TL
LG 65NANO90A6B 65 inç 165 cm 4K Smart TV AI Sihirli Kumanda webOS25,Uydu Alıcılı;44.999 TL
GRUNDIG 65GQ850A 65inc 164 cm 4K UHD Google Smart QLED TV,Uydu Alıcılı;44.999 TL
GRUNDIG 50GKU750 50inc 126 cm 4K UHD Google Smart TV,Uydu Alıcılı;23.999 TL
SAMSUNG UE 98DU9000 98inc 245 cm 4K UHD Smart TV,Uydu Alıcılı;104.999 TL
SAMSUNG QE 55S90F 55inc 138 cm 4K UHD Smart OLED TV,Uydu Alıcılı;89.999 TL
GRUNDIG 65GQ950A 65inc 164 cm 4K UHD Google Smart QLED TV,Uydu Alıcılı Sepette İndirim;47.499 TL
"Philips Ambilight TV 65PUS8500 4K UHD QLED 164cm 65"" Smart TV Dolby Atmos Titan OS";49.999 TL
TCL 85C6KGTV 85inc 216 cm 4K UHD Google Miniled TV,Uydu Alıcılı;134.999 TL
GRUNDIG 55GQ850A 55inc 139 cm 4K UHD Google Smart QLED TV,Uydu Alıcılı Sepette İndirim;33.499 TL
SAMSUNG QE 85QN70F 85inc 214 cm 4K UHD Smart Neo QLED TV,Uydu Alıcılı;114.699 TL
SAMSUNG QE 77S90F 77inc 195 cm 4K UHD Smart OLED TV,Uydu Alıcılı;180.599 TL
"Philips Ambilight TheOne 65PUS9000 4K UHD QLED 164cm 65"" Smart TV Dolby Vision TitanOS";64.999 TL
LG 75UA85006 75inc 190 cm 4K UHD Sihirli Kumanda Uyumlu webOS25 Smart TV,Uydulu;54.299 TL
ONVO 75VQ90F3UA 75inc 190 cm Frameless UHD Google Smart Qled TV,Uydu Alıcı;38.999 TL
GRUNDIG 75GQ850A 75inc 189 cm 4K UHD Google Smart QLED TV,Uydu Alıcılı Sepette İndirim;53.999 TL
LG 75QNED82A6B 75 inç 190 cm 4K Smart TV AI Sihirli Kumanda HDR10 webOS25,Uydulu;74.999 TL
"Philips Ambilight TV 50PUS8500 4K UHD QLED 126cm 50"" Smart TV Dolby Atmos Titan OS Sepette İndirim";28.499 TL
GRUNDIG 55GQ950A 55inc 139 cm 4K UHD Google Smart QLED TV,Uydu Alıcılı;36.999 TL
GRUNDIG 32GKH6500 32inc 80 cm HD Android Smart TV,Uydu Alıcılı;11.999 TL
LG OLEDC54 77 inç 196 cm 4K OLED evo Smart TV AI Sihirli Kumanda webOS25,Uydulu;164.999 TL
LG OLEDG55 65 inç 165 cm 4K OLED evo Smart TV AI Sihirli Kumanda webOS25,Uydulu;161.699 TL
SAMSUNG QE 65LS03F 65inc 163 cm 4K UHD Frame Pro Smart QLED TV,Uydu Alıcılı;80.499 TL
TCL 65C8K 65inc 164 cm QD Miniled 4K UHD Google TV,Uydu Alıcılı;144.999 TL
SAMSUNG QE 55LS03F 55inc 138 cm 4K UHD Frame Smart QLED TV,Uydu Alıcılı;53.599 TL
SAMSUNG QE 65S95F 65inc 163 cm 4K UHD Smart OLED TV,Uydu Alıcılı;166.699 TL
TCL 85P8KGTV 85inc 216 cm QLED 4K UHD Google TV,Uydu Alıcılı;87.999 TL
TCL 98C6K 98inc 248 cm 4K UHD Google Miniled TV,Uydu Alıcılı;184.999 TL
TCL 55C7K 55inc 139 cm QD Miniled 4K UHD Google TV,Uydu Alıcılı;67.999 TL
SAMSUNG QE 77S85F 77inc 195 cm 4K UHD Smart OLED TV,Uydu Alıcılı;134.999 TL
LG 86QNED70A 86 inç 218 cm 4K Smart TV AI Sihirli Kumanda webOS25,Uydu Alıcılı;79.999 TL
SAMSUNG QE 75LS03F 75inc 189 cm 4K UHD Frame Pro Smart QLED TV,Uydu Alıcılı;99.999 TL
"Philips Ambilight TV 55OLED810/12 4K UHD OLED 139cm 55"" Smart Dolby Atmos Google TV";89.999 TL
4,6 QE85Q7FAAUXTK SAMSUNG QE 85Q7F 85inc 214 cm 4K UHD Smart QLED TV,Uydu Alıcılı;87.999 TL
SAMSUNG QE 98Q7F 98inc 247 cm 4K UHD Smart QLED TV,Uydu Alıcılı;144.399 TL
LG OLEDG55 77 inç 196 cm 4K OLED evo Smart TV AI Sihirli Kumanda webOS25,Uydulu;224.999 TL
GRUNDIG 65GO975A 65inc 164 cm 4K UHD Google Smart OLED TV,Uydu Alıcılı Sepette İndirim;64.999 TL
LG OLEDB56 77 inç 196 cm 4K OLED Smart TV AI Sihirli Kumanda webOS25,Uydulu;142.999 TL
ONVO 85VQ90F3UA 85inc 216 cm UHD Frameless Google Smart Qled TV,Uydu Alıcı Sepette İndirim;47.149 TL
SAMSUNG QE 83S90F 83inc 209 cm 4K UHD Smart OLED TV,Uydu Alıcılı;233.399 TL
GRUNDIG 65GO990A 65inc 164 cm 4K UHD Google Smart OLED TV,Uydu Alıcılı Sepette İndirim;73.999 TL
SAMSUNG QE 83S85F 83inc 209 cm 4K UHD Smart OLED TV,Uydu Alıcılı;198.699 TL
SAMSUNG QE 85QN85F 85inc 214 cm 4K UHD Smart Neo QLED TV,Uydu Alıcılı;104.999 TL
YENİ ÜRÜN 0,0 55QNED70B6C LG 55QNED70B6C 55 inç 139 cm 4K MiniLED Smart TV AI Sihirli Kumanda HDR10 webOS2;39.699 TL
GRUNDIG 55GO975A 55inc 139 cm 4K UHD Google Smart OLED TV,Uydu Alıcılı Sepette İndirim;48.999 TL
LG OLED83B56LA 83 inç 210 cm 4K OLED evo Smart TV AI Sihirli Kumanda webOS25,Uyd;169.999 TL
SAMSUNG QE 85QN90F 85inc 214 cm 4K UHD Smart Neo QLED TV,Uydu Alıcılı;177.599 TL
SAMSUNG QE 75QN90F 75inc 189 cm 4K UHD Smart Neo QLED TV,Uydu Alıcılı;130.999 TL
SAMSUNG QE 98QN90F 98inc 247 cm 4K UHD Smart Neo QLED TV,Uydu Alıcılı;288.899 TL
ONVO 85VQ90F2U 85inc 216 cm 4K UHD Frameless Google Smart Qled TV,Uydu Alıcı;53.999 TL
GRUNDIG 55GKU750 55inc 139 cm 4K UHD Google Smart TV,Uydu Alıcılı Sepette İndirim;28.999 TL
LG OLEDG55 83 inç 211 cm 4K OLED evo Smart TV AI Sihirli Kumanda webOS25,Uydulu;307.399 TL
SAMSUNG QE 48S90F 48inc 120 cm 4K UHD Smart OLED TV,Uydu Alıcılı;64.999 TL
SAMSUNG QE 77S95F 77inc 195 cm 4K UHD Smart OLED TV,Uydu Alıcılı;246.599 TL
GRUNDIG 55GO990A 55inc 139 cm 4K UHD Google Smart OLED TV,Uydu Alıcılı Sepette İndirim;55.999 TL
GRUNDIG 65GKU750 65inc 164 cm 4K UHD Google Smart TV,Uydu Alıcılı Sepette İndirim;33.499 TL
"Philips 75PUS7000 4K UHD LED 189cm 75"" Smart TV Dolby Atmos TitanOS Sepette İndirim";54.999 TL
SAMSUNG QE 83S95F 83inc 209 cm 4K UHD Smart OLED TV,Uydu Alıcılı;337.199 TL
ONVO 100VQ90F3 100inc 254 cm 4K UHD Google Frameless Smart QLED TV,Uydu Alıcılı;97.999 TL
YENİ ÜRÜN 0,0 65QNED70B6C LG 65QNED70B6C 65 inç 165 cm 4K MiniLED Smart TV AI Sihirli Kumanda HDR10 webOS2;49.399 TL
YENİ ÜRÜN 0,0 75C8LGTV TCL 75C8L 75inc 189 cm SQD Miniled 4K UHD Google TV,Uydu Alıcılı;180.999 TL
GRUNDIG 75GKU750 75inc 189 cm 4K UHD Google Smart TV,Uydu Alıcılı Sepette İndirim;41.499 TL
0,0 65P8LGTV TCL 65P8L 65inc 164 cm 4K UHD Google Smart QD-Miniled Dimming TV,Uydu Alıcılı Sepette İndirim;65.999 TL
YENİ ÜRÜN 0,0 65P7LGTV TCL 65P7L 65inc 164 cm 4K UHD Google Smart QLED TV,Uydu Alıcılı;57.999 TL
0,0 85T7BGTV TCL 85T7BGTV 85inc 214 cm QLED 4K UHD Google TV,Uydu Alıcılı;109.999 TL
"Philips Ambilight TV 55OLED760 4K UHD OLED 139cm 55"" Smart TV Dolby Vision TitanOS";74.999 TL
SAMSUNG QE 100QN80F 100inc 254 cm 4K UHD Smart Neo QLED TV,Uydu Alıcılı;229.999 TL
YENİ ÜRÜN 0,0 55NU900B6LA LG 55NU900 55inc 139 cm 4K NANO UHD webOS26 Smart TV Uydu Alıcılı;39.599 TL
YENİ ÜRÜN 0,0 75C7LGTV TCL 75C7L 75inc 189 cm 144 Hz SQD Miniled 4K UHD Google TV,Uydu Alıcılı;149.999 TL
YENİ ÜRÜN 0,0 55OVIN6000E ONVO 55OVIN6000E 55inc Endüstriyel İç Mekan 400 Nits LED Ekran;47.999 TL
YENİ ÜRÜN 0,0 55P7LGTV TCL 55P7L 55inc 139 cm 4K UHD Google Smart QLED TV,Uydu Alıcılı;44.999 TL
SAMSUNG QE 115MR95FXTK 115inc 290 cm Micro RGB R95H 4K UHD Smart TV;1.412.699 TL
0,0 98P8LGTV TCL 98P8L 98inc 248 cm 4K UHD Google Smart QD-Miniled Dimming TV,Uydu Alıcılı;159.999 TL
0,0 85P8LGTV TCL 85P8L 85inc 216 cm 4K UHD Google Smart QD-Miniled Dimming TV,Uydu Alıcılı;114.999 TL
YENİ ÜRÜN 0,0 98C8LGTV TCL 98C8L 98inc 248 cm 144 Hz SQD 4K UHD Google Miniled TV,Uydu Alıcılı;299.999 TL
YENİ ÜRÜN 0,0 85C8LGTV TCL 85C8L 85inc 216 cm 144 Hz SQD 4K UHD Google Miniled TV,Uydu Alıcılı;249.999 TL
YENİ ÜRÜN 0,0 85NU900B6LA LG 85NU900 85inc 215 cm 4K NANO UHD webOS26 Smart TV Uydu Alıcılı;91.399 TL
YENİ ÜRÜN 0,0 75NU900B6LA LG 75NU900 75inc 190 cm 4K NANO UHD webOS26 Smart TV Uydu Alıcılı;55.899 TL
YENİ ÜRÜN 0,0 75QNED7EB3A LG 75QNED7EB3A 75 inç 190 cm 4K MiniLED Smart TV AI Sihirli Kumanda HDR10 webOS2;65.699 TL
YENİ ÜRÜN 0,0 65QNED87B6A LG 65QNED87B6A 65 inç 165 cm 4K MiniLED Smart TV AI Sihirli Kumanda HDR10 webOS2;79.099 TL
YENİ ÜRÜN 0,0 55QNED87B6A LG 55QNED87B6A 55 inç 139 cm 4K MiniLED Smart TV AI Sihirli Kumanda HDR10 webOS2;59.599 TL
YENİ ÜRÜN 0,0 65QNED81B6A LG 65QNED81B6A 65 inç 165 cm 4K MiniLED Smart TV AI Sihirli Kumanda HDR10 webOS2;67.999 TL
YENİ ÜRÜN 0,0 55QNED81B6A LG 55QNED81B6A 55 inç 139 cm 4K MiniLED Smart TV AI Sihirli Kumanda HDR10 webOS2;49.099 TL
YENİ ÜRÜN 0,0 85QNED70B6A LG 85QNED70B6A 85 inç 215 cm 4K MiniLED Smart TV AI Sihirli Kumanda HDR10 webOS2;87.999 TL
YENİ ÜRÜN 0,0 75QNED70B6A LG 75QNED70B6A 75 inç 190 cm 4K MiniLED Smart TV AI Sihirli Kumanda HDR10 webOS2;65.699 TL
YENİ ÜRÜN 0,0 OLED65C64LA LG OLED65C64 65 inç 165 cm 4K OLED evo Smart TV AI Sihirli Kumanda webOS26,Uydul;129.299 TL
YENİ ÜRÜN 0,0 65C8LGTV TCL 65C8L 65inc 164 cm SQD Miniled 4K UHD Google TV,Uydu Alıcılı;149.999 TL
YENİ ÜRÜN 0,0 85C7LGTV TCL 85C7L 85inc 216 cm 144 Hz SQD 4K UHD Google Miniled TV,Uydu Alıcılı;199.999 TL
YENİ ÜRÜN 0,0 65C7LGTV TCL 65C7L 65inc 164 cm 144 Hz SQD Miniled 4K UHD Google TV,Uydu Alıcılı;119.999 TL
0,0 75P8LGTV TCL 75P8L 75inc 189 cm 4K UHD Google Smart QD-Miniled Dimming TV,Uydu Alıcılı Sepette İndirim;77.999 TL
0,0 55P8LGTV TCL 55P8L 55inc 139 cm 4K UHD Google Smart QD-Miniled Dimming TV,Uydu Alıcılı Sepette İndirim;49.999 TL
YENİ ÜRÜN 0,0 75P7LGTV TCL 75P7L 75inc 189 cm 4K UHD Google Smart QLED TV,Uydu Alıcılı;81.999 TL
SAMSUNG QE 115QN90F 115inc 290 cm 4K UHD Smart Neo QLED TV,Uydu Alıcılı;731.899 TL
LG OLED77M59LA 77inc 196 cm OLED 4K Kablosuz Bağlantı Özellikli webOS Smart TV;246.999 TL
TCL 115C7KGTV 115inc 292 cm 4K UHD Google Miniled TV,Uydu Alıcılı;899.999 TL
LOGITECH MK295 SESSİZ KABLOSUZ KLAVYE MOUSE SET;1.299 TL
ZALMAN 2g 11.5w/m.K Yüksek Performans Termal Macun;359 TL
3,7 DTX/64GB KINGSTON 64GB DataTraveler Exodia USB 3.2 USB Bellek;359 TL
Crucial 1TB E100 Serisi 2280 NVMe M.2 SSD (Okuma 5000MB / Yazma 4500MB);10.529 TL
LEXAR 64GB JumpDrive V400 USB 3.2 USB Bellek;599 TL
LOGITECH PEBBLE KEYS 2 K380S MULTI-DEVICE BLUETOOTH KLAVYE-GRAFİT;1.729 TL
M240GRF+Canta LOGITECH M240 GRAPHIT MOUSE + NOMAD NOTEBOOK SIRT CANTASI;1.129 TL
5,0 A2120TRA FAZEON A2120TRA 90MM RGB KULE TİPİ İŞLEMCİ SOĞUTUCU;619 TL
LOGITECH M240 SILENT KABLOSUZ MOUSE-GRAFIT;759 TL
LOGITECH M185 KABLOSUZ MOUSE-GRİ;539 TL
LOGITECH M330 SILENT KABLOSUZ MOUSE-SİYAH;969 TL
LOGITECH PEBBLE 2 M350S BLUETOOTH MOUSE-PEMBE;1.029 TL
4,5 SSM62515 STEELSERIES RIVAL 3 GEN 2 8500 DPI GAMING MOUSE-SİYAH;896 TL
LEXAR 32GB JumpDrive V400 USB 3.2 USB Bellek;559 TL
LOGITECH M171 KABLOSUZ MOUSE-SİYAH;499 TL
LOGITECH G G213 PRODIGY RGB KABLOLU GAMING KLAVYE;1.299 TL
GSKILL 8GB (1x8GB) RipjawsV Siyah DDR4 3600MHz CL18 1.35V Tek Modül Ram;4.689 TL
LOGITECH G PRO X SUPERLIGHT 2 LIGHTSPEED KABLOSUZ GAMING MOUSE-SİYAH;6.499 TL
LOGITECH M220 SILENT KABLOSUZ MOUSE-SİYAH;839 TL
CORSAIR 16GB (1x16GB) Vengeance Siyah DDR5 6000MHz CL36 KUTUSUZ PC RAM;12.749 TL
LOGITECH M100 KABLOLU MOUSE-SİYAH;280 TL
LOGITECH G402 HYPERION FURY 4000 DPI KABLOLU GAMING MOUSE-SİYAH;1.079 TL
3,3 DTX/128GB KINGSTON 128GB DataTraveler Exodia USB 3.2 USB Bellek;829 TL
0,0 M196GRF+Canta LOGITECH M196 GRAPHIT MOUSE + NERO NOTEBOOK SIRT CANTASI;799 TL
"4,9 STKM1000400 Seagate 2,5"" 1TB Expansion USB3.0 / USB2.0 Taşınabilir Disk";3.500 TL
ZALMAN ZM-STC8 TERMAL MACUN;279 TL
LOGITECH G203 LIGHTSYNC 8000 DPI RGB KABLOLU GAMING MOUSE-SİYAH;939 TL
5,0 DUAL-RTX5060-O8G ASUS DUAL GeForce RTX 5060 OC 8GB GDDR7 128Bit DLSS 4 Ekran Kartı;17.709 TL
"5,0 STKM4000400 Seagate 2,5"" 4TB Expansion USB3.0 / USB2.0 Taşınabilir Disk";6.000 TL
LOGITECH MK235 KABLOSUZ KLAVYE MOUSE SET-GRİ;1.109 TL
LENOVO 400 OPTİK KABLOSUZ MOUSE;499 TL
LOGITECH M171 KABLOSUZ MOUSE-PEMBE;479 TL
RAZER ORNATA V3 X TR GAMING KLAVYE;1.749 TL
Verbatim 64GB PINSTRIPE USB 2.0 USB Bellek;559 TL
LOGITECH G305 LIGHTSPEED 12000 DPI KABLOSUZ GAMING MOUSE-SİYAH;1.799 TL
FAZEON F1 650W 80PLUS BRONZE Mesh 4x120mm Rainbow Fanlı mATX Bilgisayar Kasası;4.139 TL
LOGITECH M240 SILENT KABLOSUZ MOUSE-PEMBE;759 TL
LOGITECH G502 HERO LIGHTSYNC 25600 DPI KABLOLU GAMING MOUSE-SİYAH;2.439 TL
4,3 IR-5600D564L36S/16G GOODRAM 16GB (1x16GB) IRDM DDR5 5600MHz CL36 1.35V Soğutuculu PC Ram;14.099 TL
"SAMSUNG 43"" LS43FM700UUXUF 4Ms 60Hz 4K SMART MONITOR";13.499 TL
4,9 100-000000597 AMD Ryzen™ 5 7500F Soket AM5 5.0GHZ 32MB 65W 5nm Tray Kutusuz İşlemci;7.139 TL
PB-TG5301-NM1g POWER BOOST TG5301 Yüksek Performanslı 1gr Termal Macun;199 TL
Intel Core i5 12400F Soket 1700 12. Nesil 2.50GHz 18MB Önbellek 10nm Tray Kutusuz İşlemci;7.449 TL
LOGITECH SIGNATURE M650 BÜYÜK BOY (SAĞ EL İÇİN) SİLENT KABLOSUZ MOUSE-SİYAH;1.660 TL
LOGITECH M171 KABLOSUZ MOUSE-BEYAZ;479 TL
LOGITECH SIGNATURE M650 KÜÇÜK VE ORTA BOY (SAĞ EL İÇİN) SİLENT KABLOSUZ MOUSE-SİYAH;1.639 TL
LEXAR NQ780 1TB HIGH SPEED Gen4 NVMe M.2 SSD (Okuma Hızı 6500MB / Yazma Hızı 2500MB);11.729 TL
LOGITECH PEBBLE 2 M350S BLUETOOTH MOUSE-GRAFIT;1.029 TL
LOGITECH PEBBLE 2 M350S BLUETOOTH MOUSE-BEYAZ;1.029 TL
Siyah EVEREST SM-300 OPTİK KABLOSUZ MOUSE-SİYAH;299 TL
THERMALTAKE UX400 120mm ARGB Fanlı LGA1851/AM5 Uyumlu İşlemci Soğutucu;1.539 TL
LENOVO WL310 BLUETOOTH SILENT MOUSE;699 TL
Toshiba 2,5 1TB Canvio Basics USB3.0 Taşınabilir Disk;4.289 TL
"LG 27"" ULTRAGEAR 27G610A-B 1Ms 200Hz QHD IPS GAMING MONITOR";10.000 TL
KINGSTON 64GB DataTraveler Exodia S USB 3.2 USB Bellek;609 TL
"LENOVO 23.8"" LEGION 24-10 0.5Ms 240Hz FULL HD IPS GAMING MONITOR";5.999 TL
LOGITECH MX KEYS MİNİ AYDINLATMALI KABLOSUZ Q KLAVYE;4.599 TL
5,0 IR-X3200D464L16SA/8G GOODRAM 8GB (1x8GB) IRDM X DDR4 3200MHz CL16 1.35V Soğutuculu PC Ram;4.729 TL
LOGITECH G305 LIGHTSPEED 12000 DPI KABLOSUZ GAMING MOUSE-BEYAZ;1.939 TL
0,0 PRIME H610M-K D4 ARGB ASUS PRIME H610M-K D4 ARGB Intel H610 LGA1700 DDR4 3200 HDMI M.2 Anakart;4.089 TL
"ASUS 23,8"" TUF GAMING VG249Q5A 0.3Ms 200Hz FULL HD IPS GAMING MONITOR";5.339 TL
COOLER MASTER HYPER 212 PRO ARGB 1x120mm Intel1851/ 1700/AM5 Uyumlu CPU Soğutucu;2.039 TL
1,0 CM8071505093011 Intel Core i5 14400F Soket 1700 2.5GHz 14. Nesil 20MB Önbellek 10nm Tray Kutusuz İşlemci;8.249 TL
"SAMSUNG 27"" ODYSSEY G5 1Ms 200Hz 2K IPS GAMING MONITOR";8.999 TL
LOGITECH M185 KABLOSUZ MOUSE-MAVİ;539 TL
FAZEON F20 650W 80PLUS BRONZE Mesh 4x120mm ARGB Fanlı E-ATX Siyah Bilgisayar Kasası;4.139 TL
LOGITECH MX MASTER 4 KABLOSUZ PERFORMANS MOUSE-GRAFİT;6.550 TL
Verbatim 32GB Store N Go V3 USB 3.2 USB Bellek;719 TL
4,9 LTC10Z960GG8 KIOXIA 960GB Exceria Serisi Sata 3.0 SSD (555MB Okuma / 540MB Yazma);4.299 TL
LOGITECH MX KEYS S (Türkçe Tuş Dizimi) KABLOSUZ KLAVYE;4.999 TL
5,0 920-003988 LOGITECH MK330 KABLOSUZ KLAVYE MOUSE SET;1.329 TL
0,0 920-013528 LOGITECH MK250 KABLOSUZ KLAVYE MOUSE SET-GRAFIT;999 TL
LOGITECH M240 SILENT KABLOSUZ MOUSE-BEYAZ;759 TL
LOGITECH MK345 KABLOSUZ KLAVYE MOUSE SET;1.499 TL
LENOVO 300 COMPACT KABLOSUZ MOUSE-FROST BLUE;349 TL
LOGITECH MK120 KABLOLU KLAVYE MOUSE SET;829 TL
"LENOVO 27"" LEGION 27-10 0.5Ms 240Hz FULL HD IPS GAMING MONITOR";7.999 TL
PRIME A520M-R ASUS PRIME A520M-R AMD A520 Soket AM4 Ryzen DDR4 5100MHz (O.C.) M.2 Anakart;3.039 TL
LENOVO 300 COMPACT KABLOSUZ MOUSE-GRİ;449 TL
INCA IWM-331RS SILENT KABLOSUZ MOUSE-SİYAH;439 TL
"SAMSUNG 32"" ODYSSEY G5 1Ms 180Hz 2K IPS GAMING MONITOR";11.999 TL
LOGITECH K400 PLUS TOUCHPAD KABLOSUZ TV KLAVYESI;1.759 TL
3,0 PRIME A620M-K ASUS PRIME A620M-K 6400MHz(OC) DDR5 Soket AM5 M.2 HDMI VGA mATX Anakart;4.539 TL
RAZER DEATHADDER ESSENTIAL 6400 DPI KABLOLU GAMING MOUSE-SİYAH;1.509 TL
Toshiba 2,5 2TB Canvio Basics USB3.0 Taşınabilir Disk;5.499 TL
XFX SWIFT RADEON RX 9060 XT GAMING DUAL OC 16GB GDDR6 128Bit AMD Ekran Kartı;29.789 TL
MSI 24.5'' G255F 1Ms(GTG) 180Hz FHD IPS GAMING MONİTÖR;4.929 TL
FAZEON A3120TRA 120MM RGB KULE TİPİ İŞLEMCİ SOĞUTUCU;1.309 TL
ROG KERIS WIRELESS AIMPOINT-SİYAH ASUS ROG KERIS WIRELESS AIMPOINT 36000 DPI GAMING MOUSE-SİYAH;3.739 TL
STEELSERIES RIVAL 3 GEN 2 BLUETOOTH VE WIRELESS GAMING MOUSE-BEYAZ;2.499 TL
PRO H610M-E DDR4 MSI PRO H610M-E DDR4 Intel H610 Soket 1700 3200MHz(OC) M.2 Anakart;3.489 TL
4,7 100-000000457 AMD Ryzen™5 5500 Soket AM4 4.2 GHz 19MB 65W 7nm Tray Kutusuz İşlemci;4.189 TL
GSKILL 32GB (2x16GB) RipjawsV DDR4 3600MHz CL18 1.35V Dual Kit Ram;16.989 TL
PRO MP271A E2 MSI 27'' PRO MP271A E2 1Ms(MPRT) 120Hz FHD IPS MONİTÖR;5.149 TL
ZOTAC GeForce RTX 5060 GAMING TWIN EDGE OC 8GB GDDR7 128Bit DLSS 4 Ekran Kartı;25.009 TL
LOGITECH M190 KABLOSUZ MOUSE-SİYAH;760 TL
"ASUS 24,5"" TUF GAMING VG259QL5A 0.3Ms 200Hz FHD IPS GAMING MONITOR";6.049 TL
Casper Excalibur 27'' 300Hz 1MS(MPRT) Curved G-Sync / FreeSync Oyuncu Monitörü;7.999 TL
LENOVO 300 COMPACT KABLOSUZ MOUSE-CLOUD GREY;449 TL
0,0 910-006764 LOGITECH M100 KABLOLU MOUSE-BEYAZ;279 TL
"SAMSUNG 24"" LS24F330EAUXUF 5Ms 100Hz FULL HD VA MONITOR";3.999 TL
LOGITECH M171 KABLOSUZ MOUSE-AÇIK MAVİ;479 TL
ZOTAC GeForce RTX 5080 GAMING SOLID CORE OC 16GB GDDR7 256Bit DLSS 4 Ekran Kartı;75.289 TL
LOGITECH MK295 SESSİZ KABLOSUZ KLAVYE MOUSE SET-BEYAZ;1.299 TL
LOGITECH MK220 KABLOSUZ KLAVYE MOUSE SET;929 TL
4,9 100-000000927 AMD Ryzen™5 5600 Soket AM4 3.5GHz 32MB 65W 7nm Tray Kutusuz İşlemci;6.759 TL
LOGITECH G203 LIGHTSYNC 8000 DPI RGB KABLOLU GAMING MOUSE-BEYAZ;939 TL
Sandisk 64GB Cruzer Blade USB 2.0 Bellek;609 TL
INCA IMG-329MX EMPOUSA 12.000 DPI BLUETOOTH GAMING MOUSE;1.249 TL
PRO MP251 MSI 24.5'' PRO MP251 1 Ms(MPRT) 100Hz 1MS(MPRT) FHD IPS MONİTÖR;4.139 TL
FAZEON F7 650W 80PLUS BRONZE Mesh 4x120mm ARGB Fanlı ATX Bilgisayar Kasası;4.139 TL
4,0 PRIME B650M-R ASUS PRIME B650M-R AMD B650M Soket AM5 mATX DDR5 7000MHz (OC) M.2 Anakart;5.369 TL
5,0 920-013529 LOGITECH MK250 KABLOSUZ KLAVYE MOUSE SET-BEYAZ;999 TL
0,0 F11A750BWM FAZEON F11 750W 80PLUS BRONZE MESH 4x120mm RGB Fanlı ATX Beyaz Bilgisayar Kasası;3.989 TL
AMD Ryzen™7 7800X3D Soket AM5 4.2GHz 96MB 120W 5nm Tray Kutusuz İşlemci;18.320 TL
"ASUS 23,8"" TUF GAMING VG249Q5R 0.3Ms 200Hz FULL HD IPS GAMING MONITOR";5.229 TL
ZOTAC GeForce RTX 5060 GAMING TWIN EDGE 8GB GDDR7 128Bit DLSS 4 Ekran Kartı;25.009 TL
LOGITECH M185 KABLOSUZ MOUSE-KIRMIZI;539 TL
PRIME H810M-K ASUS PRIME H810M-K Intel H810 Soket 1851 DDR5 6400Mhz (OC) M.2 Anakart;5.539 TL
INCA IKG-455 EMPOUSA GASKET HOT SWAP POSH TRİ-MODE MAKRO RGB MEKANIK GAMING KLAVYE-BEYAZ;3.869 TL
FAZEON F4 650W 80PLUS BRONZE Mesh 4x120mm ARGB Fanlı ATX Bilgisayar Kasası;4.089 TL
LENOVO 510 KABLOSUZ COMBO KLAVYE MOUSE SET;1.299 TL
3,5 PRIME H610M-K ARGB ASUS PRIME H610M-K ARGB 5600MHz DDR5 Soket 1700 M.2 HDMI VGA mATX Anakart;4.469 TL
FAZEON F1 650W 80PLUS BRONZE Mesh 4x120mm Rainbow Fanlı mATX Beyaz Bilgisayar Kasası;4.299 TL
MAG FORGE 121A B75 MSI MAG FORGE 121A B75 AIRFLOW 750W 80 PLUS BRONZE RGB FANLI ATX KASA;5.569 TL
Verbatim 128GB Pinstripe 2.0 USB Bellek;639 TL
MAG 276CF E20 MSI 27'' MAG 276CF E20 0.5Ms(GTG) 200Hz FHD CURVED GAMING MONİTÖR;6.859 TL
0,0 DTX/256GB KINGSTON 256GB DataTraveler Exodia USB 3.2 USB Bellek;1.359 TL
Rose Gold EVEREST SM-300 OPTIK KABLOSUZ MOUSE-ROSE GOLD;249 TL
"ASUS 24,5"" TUF GAMING VG259QMR5A 0.3Ms 310Hz FHD IPS GAMING MONITOR";8.999 TL
COOLER MASTER HYPER 212 BLACK 1x120mm Intel1851/ 1700/AM5 Uyumlu CPU Soğutucu;1.929 TL
INCA IWM-237R SILENT KABLOSUZ MOUSE;509 TL
ZOTAC GeForce RTX 5070 GAMING TWIN EDGE 12GB GDDR7 192Bit DLSS 4 Ekran Kartı;44.579 TL
"SAMSUNG 24"" ODYSSEY G3 LS24DG302EUXUF 1Ms 180Hz FULL HD GAMING MONITOR";5.099 TL
POWERBOOST CIRCLE SİYAH LGA1700/AM5 2x120mm Rainbow Fanlı 240mm Sıvı Soğutma;2.999 TL
Intel Core Ultra 5 245KF Soket 1851 5.20GHz 24MB Önbellek 3nm İşlemci;9.199 TL
"LG 27"" 27G440A-B 1Ms 240Hz FULL HD IPS GAMİNG MONİTÖR";8.499 TL
"4,7 VG279QML5A ASUS 27"" TUF GAMING VG279QML5A 0.3Ms 240Hz FULL HD IPS MONITOR";9.569 TL
AMD Ryzen™7 5700 Soket AM4 4.6 GHz 20MB 65W 7nm Tray Kutusuz İşlemci;8.079 TL
KIOXIA Exceria Plus 1TB USB 3.2 (Okuma 1050MB / Yazma 1000MB) HARİCİ SSD;9.489 TL
LOGITECH G PRO X SUPERLIGHT 2 LIGHTSPEED KABLOSUZ OYUNCU MOUSE - MAGENTA;7.079 TL
ASROCK A620AM-HVS AMD Soket AM5 DDR5 mATX 6800MHz (OC) M.2 Anakart;4.399 TL
LOGITECH G PRO X SUPERLIGHT 2 LIGHTSPEED KABLOSUZ GAMING MOUSE-BEYAZ;7.459 TL
Intel Core i7 12700KF Soket 1700 12. Nesil 2.70GHz 25MB Önbellek 10nm İşlemci;21.279 TL
"SAMSUNG 24"" LS24D400GAUXUF ESSENTIAL 5Ms 100Hz FULL HD MONİTÖR";4.499 TL
LOGITECH SIGNATURE M650 BÜYÜK BOY (SAĞ EL İÇİN) SİLENT KABLOSUZ MOUSE-BEYAZ;1.659 TL
Verbatim 128GB Plectra USB-C Black USB Bellek;1.099 TL
LOGITECH PEBBLE KEYS 2 K380S MULTİ-DEVİCE BLUETOOTH KLAVYE-BEYAZ;1.729 TL
RAMPAGE 6C-121 1x120mm RAINBOW FAN;239 TL
Sandisk 128GB Glide 3.0 USB Bellek;1.109 TL
INCA IKG-453 EMPOUSA 68 KEYS RED SWITCH FULL RAINBOW MEKANIK KLAVYE-BEYAZ;1.969 TL
INCA IWM-553S RECHARGEABLE SILENT KABLOSUZ MOUSE;929 TL
STEELSERIES RIVAL 3 GEN 2 BLUETOOTH VE WIRELESS GAMING MOUSE-SIYAH;2.499 TL
4,8 B550M PRO-VDH MSI B550M PRO-VDH Amd B550 Soket AM4 DDR4 4400(O.C.) M.2 Anakart;4.999 TL
INCA IK-274QU KABLOLU Q KLAVYE;509 TL
"SAMSUNG 32"" LS32FM700UUXUF 4Ms 60Hz 4K SMART MONITOR";11.599 TL
"0,0 LS27DG302EUXUF SAMSUNG 27"" LS27DG302EUXUF 1Ms 180Hz FHD VA GAMING MONITOR";6.099 TL
Sandisk 64GB Cruzer Glide USB 3.0 Bellek;669 TL
LOGITECH K120 KABLOLU Q KLAVYE;499 TL
Apple MXK53ZE/A Magic Mouse USB-C Multi-Touch Yüzey - Beyaz;4.499 TL
Verbatim 32GB Gen1 Metal Executive Gold USB 3.2 USB BELLEK;719 TL
LOGITECH M330 SILENT KABLOSUZ MOUSE-RED;969 TL
RTX 5060 8G SHADOW 2X OC MSI GeForce RTX 5060 SHADOW 2X OC 8GB GDDR7 128Bit DLSS 4 Ekran Kartı;23.359 TL
"LG 27"" 27G411A-B 1Ms 144Hz FULL HD IPS GAMING MONİTÖR";5.499 TL
XPG 8GB (1x8GB) Gammix D30 Kırmızı DDR4 3600MHz CL18 1.35V PC Ram;4.349 TL
Samsung 1TB 9100 PRO GEN5 NVMe M.2 SSD (Okuma Hızı 14700MB / Yazma Hızı 13300MB);12.729 TL
LOGITECH M110 SILENT KABLOLU MOUSE-GRİ;479 TL
MAG 242F MSI 23,8'' MAG 242F 0.5Ms(GTG) 200Hz FHD IPS GAMING MONİTÖR;5.349 TL
"5,0 VG279Q5A ASUS 27"" TUF GAMING VG279Q5A 0.3Ms 200Hz FULL HD IPS GAMING MONITOR";6.497 TL
GSKILL 16GB (1x16GB) Ripjaws S5 Siyah DDR5 6000MHz CL36 1.35V PC Ram;15.759 TL
LOGITECH K270 KABLOSUZ Q KLAVYE;999 TL
MOZA R5 Racing Simulator Bundle;37.379 TL
SRP MOZA SR-P Lite Debriyaj Pedalı;4.069 TL
4,5 MAG A600DN MSI MAG A600DN 600W 80 PLUS 120MM FAN GÜÇ KAYNAGI;2.279 TL
LOGITECH MK470 KABLOSUZ KLAVYE MOUSE SET;2.459 TL
KINGSTON 128GB DataTraveler Exodia S USB 3.2 USB Bellek;989 TL
PRO H810M-B MSI PRO H810M-B Intel H810 Soket 1851 DDR5 6400MHz (OC) M.2 Anakart;4.929 TL
INCA IMG-326MX EMPOUSA 8000 DPI BLUETOOTH GAMING MOUSE;1.099 TL
THRUSTMASTER TH8S Yarış, Oyun Direksiyonu için 8 Kademeli Vites Kolu;7.909 TL
"Seagate 2,5"" 2TB Expansion USB3.0 / USB2.0 Taşınabilir Disk";6.879 TL
"VIEWSONIC 24"" VA24G1-H 1Ms 144Hz FULL HD IPS GAMING MONITOR";3.999 TL
RAZER DEATHADDER ESSENTIAL 6400 DPI KABLOLU GAMING MOUSE-BEYAZ;1.499 TL
Toshiba 2,5 4TB Canvio Basics USB3.0 Taşınabilir Disk;8.799 TL
INCA IKG-457 EMPOUSA HOT SWAP RED SWITCH RGB KABLOLU MAKRO MEKANIK GAMING KLAVYE-BEYAZ;2.749 TL
Intel Core Ultra 5 225F Soket 1851 4.90GHz 20MB Önbellek 3nm İşlemci;11.269 TL
Verbatim 256GB Store N Go V3 USB 3.2 USB Bellek;1.579 TL
INCA IKG-448 RAINBOW EFECT MEKANİK HİSLİ GAMING KLAVYE & MOUSE SET;999 TL
INNO3D GeForce RTX 5070 TWIN X2 12GB GDDR7 192Bit DLSS 4 Ekran Kartı;38.689 TL
PRO H610M-E MSI PRO H610M-E DDR5 INTEL H610 Soket 1700 5600MHz(OC) M.2 Anakart;3.409 TL
LEXAR 128GB JumpDrive V400 USB 3.2 USB Bellek;1.199 TL
LOGITECH MK270 KABLOSUZ KLAVYE MOUSE SET;1.199 TL
GOODRAM 256GB CX400 SATA 3.0 SSD (550MB Okuma / 480MB Yazma);3.849 TL
"ASUS 23,8"" VA249HG 1Ms 120Hz FULL HD IPS GAMING MONITOR";4.349 TL
5,0 100-000001084 AMD Ryzen™ 7 9800X3D Soket AM5 5.2GHz 96MB 120W 4nm Tray Kutusuz İşlemci;24.109 TL
Verbatim 64GB Store N Go V3 USB 3.2 USB Bellek;769 TL
PRIME A520M-K ASUS PRIME A520M-K A520 Soket AM4 AMD Ryzen DDR4 4600MHz (O.C.) M.2 Anakart;3.229 TL
AMD Ryzen™7 5700X Soket AM4 3.4GHz 32MB 65W 7nm Tray Kutusuz İşlemci;10.279 TL
Verbatim 32GB Store 'n' Stay Nano USB 3.2 USB BELLEK;549 TL
GREY A4TECH FG10 OPTİK KABLOSUZ MOUSE-GRİ;369 TL
"ASUS 24,5"" TUF GAMING VG259Q5A 0.3Ms 200Hz FHD IPS GAMING MONITOR";5.699 TL
LOGITECH PEBBLE KEYS 2 K380S MULTİ-DEVİCE BLUETOOTH KLAVYE-PUDRA PEMBE;1.729 TL
Crucial 1TB X9 Serisi Portable 1050MB/1050MB SSD (Solid State Disk);9.319 TL
RAMPAGE 6C-120 1x120mm DOUBLE RING 6 RENK LEDLİ FAN;259 TL
"SAMSUNG 27"" LS27F320GAUXUF 5Ms 120Hz FULL HD IPS MONITOR";4.999 TL
MAG 272F MSI 27'' MAG 272F 0.5Ms(GTG) 200Hz FHD IPS GAMING MONİTÖR;6.499 TL
5,0 F11A750BBM FAZEON F11 750W 80PLUS BRONZE MESH 4x120mm RGB Fanlı ATX Siyah Bilgisayar Kasası;3.819 TL
THERMALTAKE H390 TG 650W 80PLUS BRONZE ARGB 4x120mm FANLI MidT ATX SİYAH OYUNCU KASASI;5.719 TL
Crucial 32GB PRO DDR5-5600 UDIMM CL46 (16Gbit) Soğutuculu PC RAM;24.679 TL
KIOXIA Exceria Gen5 G3 2TB NVMe M.2 SATA SSD (R:10000MB/s W:9600MB/s);16.439 TL
"5,0 VG249QML5A ASUS 23,8"" TUF GAMING VG249QML5A 0.3Ms 240Hz FULL HD IPS GAMING MONITOR";7.429 TL
"4,2 VG27AQM5A ASUS 27"" TUF GAMING VG27AQM5A 0.3Ms 300Hz QHD IPS GAMING MONITOR";13.999 TL
AMD Ryzen™5 7600X Soket AM5 4.7GHz 32MB 105W 5nm Tray Kutusuz İşlemci;9.918 TL
4,1 MZ-V9S1T0BW Samsung 1TB 990 EVO PLUS NVMe M.2 SSD (Okuma Hızı 7150MB / Yazma Hızı 6300MB);10.459 TL
"LENOVO 27"" 67BEKAC1TK L27i-4A 1Ms(MPRT) 100Hz GAMING MONITOR";6.299 TL
5,0 MAG PANO M100R PZ MSI MAG PANO M100R PZ 4x ARGB FANLI mATX GAMING KASA;4.099 TL
LOGITECH LIFT ERGONOMIK DIKEY SILENT MOUSE-BEYAZ;2.999 TL
5,0 MAG COREFROZR AA13 MSI MAG COREFROZR AA13 1x120mm LGA1700-1851/AM4-AM5 Uyumlu CPU Soğutucu;1.229 TL
VIEWSONIC 27'' VX2758A-2K-PRO-3 1Ms 240Hz IPS GAMING MONITOR;9.999 TL
FRISBY FHC-M230 Type-C™ USB 3.1 - M.2 PCIe NVMe SSD ALİMİNYUM HARDDISK KUTUSU;1.119 TL
LOGITECH G PRO X SUPERLIGHT 2 DEX KABLOSUZ OYUNCU MOUSE - SİYAH;6.499 TL
INCA IWM-551 RECHARGEABLE SILENT KABLOSUZ MOUSE;879 TL
LOGITECH M330 SILENT KABLOSUZ MOUSE-BLUE;969 TL
0,0 VTN-PKT-MT1 INTEL I5 14400F - RTX 5060 - H610M - 1TB M.2 SSD - 32GB RAM;58.008 TL
LOGITECH G413 SE TKL KABLOLU GAMING KLAVYE;2.999 TL
4,9 A520M-A PRO MSI A520M-A PRO Amd A520 Soket AM4 DDR4 4600 MHz(OC) M.2 Anakart;3.019 TL
STEELSERIES APEX 3 TKL TÜRKÇE GAMING KLAVYE - BEYAZ;2.999 TL
"ASUS 27"" TUF GAMING VG27AQML5A 0.3Ms 300Hz 2K IPS GAMING MONITOR";16.299 TL
INCA IBK-572BT BLUETOOTH ŞARJ EDİLEBİLİR KABLOSUZ KLAVYE MOUSE SET;1.439 TL
BLACK A4TECH FB45CS BLACK AIR2 ŞARJLI SESSİZ BLUETOOTH KABLOSUZ MOUSE-SİYAH;939 TL
ROG FALCHION ACE HFX ASUS ROG FALCHION ACE HFX ANALOG TURKCE GAMING KLAVYE;9.079 TL
INCA IMG-351 EMPOUSA12800 DPI KABLOLU GAMING MOUSE;1.049 TL
STEELSERIES APEX 3 TKL TR RGB GAMING KLAVYE;2.999 TL
INCA IK-274FU KABLOLU F KLAVYE;559 TL
"5,0 VG27AQE5A ASUS 27"" TUF GAMING VG27AQE5A 0.3Ms 165Hz QHD IPS GAMING MONITOR";7.999 TL
COOLER MASTER ELITE 600 CURVE TG 850W 80 PLUS GOLD GEN5 4x120mm ARGB ATX SİYAH KASA;10.889 TL
INCA IBK-565BT BLUETOOTH SMART SILVER KLAVYE;859 TL
4,9 TM-RW4160681 THRUSTMASTER T300RS GT PS/PC Direksiyon Seti;27.999 TL
Q GREY A4TECH FG1010 Q KABLOSUZ KLAVYE MOUSE SET-GRI;1.019 TL
LOGITECH M705 MARATHON KABLOSUZ MOUSE-SİYAH;2.119 TL
LOGITECH SIGNATURE M650 KÜÇÜK VE ORTA BOY (SAĞ EL İÇİN) SİLENT KABLOSUZ MOUSE-PEMBE;1.639 TL
Beyaz/Pembe EVEREST SM-18 OPTIK KABLOSUZ MOUSE-BEYAZ/PEMBE;199 TL
XIGMATEK POWERFUL THERMAL MACUN;279 TL
MAG A650BNL MSI MAG A650BNL 650W 80 PLUS BRONZE GÜÇ KAYNAĞI;3.039 TL
R2.0 ASROCK H610M-HVS/M.2 R2.0 Intel H610 Soket 1700 DDR4 3200MHz (OC) M.2 Anakart;3.689 TL
INCA IMK-377 KABLOLU KLAVYE MOUSE SET;639 TL
FAZEON F25 850W 80 PLUS BRONZE FULL MODÜLER GEN5 5x120mm ARGB FANLI ATX SİYAH GAMING KASA;9.959 TL
0,0 MAY-T2HP-217PK-R1 COOLER MASTER HYPER 212 3DHP SİYAH 1x120mm INTEL1851/AM5 Uyumlu CPU Soğutucu;1.729 TL
INCA IWM-244RS WİRELESS SESSİZ MOUSE- SİYAH;579 TL
"ASUS 27"" TUF GAMING VA279HG 1Ms 120Hz FULL HD IPS GAMING MONITOR";5.389 TL
Verbatim 64GB Plectra USB-C Black USB Bellek;839 TL
ZOTAC GeForce RTX 5060 TI GAMING TWIN EDGE OC 16GB GDDR7 128Bit DLSS 4 Ekran Kartı;35.449 TL
3,7 PRO B650M-B MSI PRO B650M-B AMD B650 Soket AM5 DDR5 6800MHz (OC) M.2 Anakart;4.609 TL
Casper Excalibur E315QVC-C 31.5'' 180Hz 1MS(MPRT) QHD CURVED Oyuncu Monitörü;11.999 TL
LOGITECH G PRO X SUPERLIGHT 2 DEX KABLOSUZ OYUNCU MOUSE - BEYAZ;6.499 TL
RAZER ORNATA V3 TR GAMING KLAVYE;3.149 TL
ASROCK A520M HVS AMD A520M Soket AM4 DDR4 4600MHz (OC) M.2 mATX Anakart;2.969 TL
ASUS PRIME GeForce RTX 5070 OC 12G GDDR7 192Bit DLSS 4 Ekran Kartı;40.979 TL
Verbatim 64GB Store 'n' Stay Nano USB 3.2 USB BELLEK;639 TL
STEELSERIES RIVAL 5 18000 DPI KABLOLU GAMING MOUSE;3.299 TL
PRO Z790-P WIFI MSI PRO Z790-P WIFI Intel Z790 Soket 1700 DDR5 7000MHz (OC) M.2 Anakart;11.179 TL
LOGITECH M171 KABLOSUZ MOUSE-MAVİ;479 TL
0,0 VTN-PKT-MW5 INTEL I5 12400F - RTX 5060 - H610M - 500GB M.2 SSD - 16GB RAM;52.458 TL
INNO3D GeForce RTX 5070 TI X3 OC 16GB GDDR7 256Bit DLSS 4 Ekran Kartı;59.359 TL
MAG FORGE 120A B65 MSI MAG FORGE 120A B65 650W 80PLUS BRONZE TEMPERED GLASS RGB FANLI ATX KASA;4.219 TL
MAG A750GL PCIE5 MSI MAG A750GL PCIE5 750W 80 PLUS GOLD GÜÇ KAYNAĞI;5.789 TL
LENOVO YOGA BLUETOOTH SILENT MOUSE- LUNA GREY;1.199 TL
0,0 100-000001406 AMD Ryzen™ 5 9500F Soket AM5 3.8GHZ 32MB 65W 4nm Tray Kutusuz İşlemci;11.239 TL
INCA IWS-599 KABLOSUZ KLAVYE MOUSE SET;869 TL
5,0 MAG CORELIQUID A13 240 MSI MAG CORELIQUID A13 240 2x120mm ARGB FANLI SIVI SOĞUTMA SİSTEMİ;3.579 TL
PRO MP161 E2U MSI 15.6'' PRO MP161 E2U 4Ms 60Hz FHD IPS TAŞINABİLİR MONİTÖR;5.449 TL
LOGITECH WAVE KEYS KABLOSUZ Q KLAVYE;3.179 TL
0,0 VTN-PKT-YS62 AMD R5 9500F - RX 9060 XT - A620M - 1TB M.2 SSD - 16GB RAM;56.097 TL
THERMALTAKE View 380XL Siyah 850W 80PLUS GOLD 4x120mm ARGB Fanlı Back-Connect ATX KASA;10.889 TL
ZOTAC GeForce RTX 5060 TI GAMING TWIN EDGE 16GB GDDR7 128Bit DLSS 4 Ekran Kartı;30.869 TL
INCA IWS-537 KABLOSUZ KLAVYE MOUSE SET;899 TL
INCA IWM-243RS SILENT KABLOSUZ MOUSE-SİYAH;549 TL
LOGITECH LIFT ERGONOMIK DIKEY SILENT MOUSE-SİYAH;3.679 TL
LOGITECH G203 LIGHTSYNC 8000 DPI RGB KABLOLU GAMING MOUSE-LİLA;939 TL
GSKILL 16GB (1x16GB) RipjawsV Siyah DDR4 3200Mhz CL16 1.35V Tek Modül Ram;8.299 TL
LOGITECH M171 KABLOSUZ MOUSE-KIRMIZI;479 TL
0,0 MLX-D24M-A18PA-R1 COOLER MASTER MASTERLIQUID CORE NEX ML240 2x120mm ARGB SIVI SOĞUTMA SİSTEMİ;4.019 TL
INCA IKG-456 EMPOUSA BLUE SWITCH RGB KABLOLU MEKANIK GAMING KLAVYE-BEYAZ;2.469 TL
"5,0 VG259QMRL5A ASUS 24,5"" TUF GAMING VG259QMRL5A 0.3Ms 310Hz FHD IPS GAMING MONITOR";9.619 TL
AMD R5 5600 - RTX 5060 - A520M - 1TB SSD - 16GB RAM;44.696 TL
"LG 27"" ULTRAGEAR 27G640A-B 1Ms 300Hz QHD IPS GAMING MONITOR";15.869 TL
5,0 MAZ-T2HP-217PK-R1 COOLER MASTER V4 ALPHA 3DHP 2x120mm INTEL1851/AM5 Uyumlu CPU Soğutucu;2.769 TL
BEJ EVEREST SM-BT10 BLUETOOTH KABLOSUZ MOUSE-BEJ;299 TL
SAPPHIRE RADEON RX 7600 PULSE GAMING 8GB GDDR6 128Bit AMD Ekran Kartı;19.129 TL
LOGITECH SIGNATURE M650 KÜÇÜK VE ORTA BOY (SAĞ EL İÇİN) SİLENT KABLOSUZ MOUSE-BEYAZ;1.639 TL
LOGITECH POP ICON BLUETOOTH KLAVYE MOUSE SET-GRAFİT;2.629 TL
Verbatim 128GB Store N Go V3 USB 3.2 USB Bellek;809 TL
WHITE A4TECH FG10 OPTİK KABLOSUZ MOUSE-BEYAZ;425 TL
STEELSERIES APEX 3 TR RGB GAMING KLAVYE;3.499 TL
Crucial 1TB BX500 Serisi 3D NAND Sata 3.0 SSD (Okuma 540MB / Yazma 500MB);7.009 TL
STEELSERIES RIVAL 3 GEN 2 BLUETOOTH VE WIRELESS GAMING MOUSE-AQUA;2.499 TL
RAZER HUNTSMAN V3 PRO ANALOG OPTİK TR LAYOUT GAMING KLAVYE;11.739 TL
PRO STONE BLACK A4TECH BLOODY W90 PRO RGB GAMING MOUSE;1.729 TL
PRO B850M-G MSI PRO B850M-G AMD B850 Soket AM5 DDR5 8200MHZ(OC) M.2 Anakart;7.039 TL
ASUS DUAL GeForce RTX 5060 TI OC WHITE 16GB GDDR7 128Bit DLSS 4 Ekran Kartı;30.989 TL
LOGITECH G PRO X60 LIGHTSPEED KABLOSUZ GAMING KLAVYE-SİYAH;6.599 TL
ASUS DUAL GeForce RTX 3050 OC 6GB GDDR6 96Bit Nvidia Ekran Kartı;11.409 TL
LOGITECH MX ANYWHERE 3S SILENT KABLOSUZ MOUSE-GRAFIT;3.499 TL
INCA IWM-500GLK LASER KABLOSUZ MOUSE-KIRMIZI;409 TL
INCA IMK-374U KABLOLU KLAVYE MOUSE SET;659 TL
ZENITH PRO 4K S RAMPAGE ZENITH PRO 4K 26000 DPI PAW3395 NORDIC 52833 MCU BT GAMING MOUSE-SİYAH;2.229 TL
STEELSERIES RIVAL 3 GEN 2 8500 DPI GAMING MOUSE - BEYAZ;1.499 TL
"SAMSUNG 49"" LS49FG916EUXUF G9 1Ms(GTG) 144Hz DQHD CURVED GAMING MONITOR";33.599 TL
ZOTAC GeForce RTX 5070 GAMING SOLID 12GB GDDR7 192Bit DLSS 4 Ekran Kartı;44.579 TL
INCA IKG-315G EMPOUSA KABLOLU GAMING KLAVYE MOUSE SET;1.959 TL
ASUS TUF GAMING 850W 80 PLUS GOLD FULL MODÜLER GÜÇ KAYNAĞI;7.549 TL
INCA IBK-272QU DUAL MOD BLUETOOTH+WİRELES SOFT TOUCH KLAVYE;899 TL
"SAMSUNG 27"" LS27FG502EUXUF ODYSSEY G5 1Ms 180Hz 2K IPS GAMING MONITOR";9.499 TL
STEELSERIES CS2 DRAGON LORE COUNTER STRIKE 18000 DPI WIRELESS GAMING MOUSE;4.999 TL
Casper Excalibur 23.6'' 200Hz 1MS(MPRT) Curved Oyuncu Monitörü;5.499 TL
KINGSTON 64GB DataTraveler SE9 G3 USB 3.2 USB Bellek;1.269 TL
X-SPEED EVEREST SM-G23 X-SPEED 7200 DPI GAMING MOUSE+MOUSE PAD-SİYAH/GÜMÜŞ;599 TL
0,0 920-010624 LOGITECH K580 BLUETOOTH Q KLAVYE-SİYAH;2.399 TL
Sandisk 64GB Ultra Fit USB 3.2 Bellek;779 TL
POWER BOOST 750W 80PLUS BRONZE ATX 3.1 PCI-E 5.1 4x120mm ARGB FANLI ATX SİYAH KASA;5.389 TL
COOLER MASTER MASTERFAN MF120 LITE ARGB 3x120mm ARGB LED Kasa Fan Kiti;1.869 TL
"ASUS 27"" ROG STRIX XG27AQDMES 0,03Ms 240Hz QD-OLED GAMING MONITOR";26.099 TL
"LG 23,8"" 24G411A-B 1Ms 144Hz FULL HD IPS GAMİNG MONİTÖR";4.399 TL
GOODRAM 32GB (2x16GB) IRDM DDR5 6400MHz CL32 1.35V Soğutuculu PC Ram;31.029 TL
INCA IBK-568BT DUAL MODE BLUETOOTH+ 2.4G TOUCHPAD SMART KLAVYE;969 TL
STEELSERIES AEROX 3 SNOW ULTRA 8500 DPI KABLOLU GAMING MOUSE-BEYAZ;1.999 TL
GSKILL 16GB (1x16GB) RipjawsV Siyah DDR4 3600MHz CL18 1.35V Tek Modül Ram;8.499 TL
ASUS SDRW-08U9M-U ZENDRIVE HARİCİ SLİM DVD-YAZICI - SİYAH;2.989 TL
"SAMSUNG 27"" LS27D400GAUXUF ESSENTIAL 5Ms 100Hz FULL HD IPS MONİTÖR";5.499 TL
A4TECH BLOODY V7MA 6000 DPI GAMING MOUSE-SİYAH;1.269 TL
"ASUS 34"" TUF GAMING VG34WQML5A 0.5Ms 250Hz WQHD CURVED GAMING MONITOR";21.379 TL
FAZEON FS10 500MM 5V3PIN ARGB SATA KONNEKTÖR;279 TL
ROG STRIX SCOPE II X ASUS ROG STRIX SCOPE II X /NX SNOW/ABS/TR GAMING KLAVYE;7.459 TL
ZOTAC GeForce RTX 5070 TI GAMING SOLID SFF 16GB GDDR7 256Bit DLSS 4 Ekran Kartı;55.789 TL
"Apple Magic Keyboard For İpad Pro 13""(M4)- Türkçe Klavye - Siyah";18.749 TL
LOGITECH G512 LIGHTSYNC RGB GX BLUE CLICKY KABLOLU MEKANİK GAMING KLAVYE;4.799 TL
VERBATIM STORE´N´GO ENCLOSURE KIT 2.5' HDD/SSD KUTUSU USB 3.2 GEN1;669 TL
PRIME X670-P WIFI ASUS PRIME X670-P WIFI AMD X670 Soket AM5 DDR5 6400MHz(OC) M.2 Anakart;11.006 TL
LOGITECH MK470 KABLOSUZ KLAVYE MOUSE SET-BEYAZ;2.459 TL
INCA IWM-505 LASER KABLOSUZ MOUSE-SİYAH;559 TL
"LG 31,5"" ULTRAGEAR 32G600A-B 1Ms 180Hz QHD VA GAMING MONITOR";11.999 TL
MAG 273QP QD-OLED X24 MSI 26,5'' MAG 273QP QD-OLED X24 0.03Ms(GTG) 240Hz WQHD QD-OLED GAMING MONİTÖR;27.039 TL
GOODRAM 500GB PX600 GEN4 NVMe M.2 SSD (Okuma Hızı 4700MB / Yazma Hızı 1700MB);10.449 TL
KIOXIA Exceria Gen5 G3 1TB NVMe M.2 SATA SSD (R:10000MB/s W:8900MB/s);11.489 TL
GOODRAM 240GB CL100 SATA 3.0 SSD (520MB Okuma / 400MB Yazma);2.969 TL
POWERBOOST CIRCLE BEYAZ LGA1700/AM5 2x120mm Rainbow Fanlı 240mm Sıvı Soğutma;3.169 TL
"5,0 VG279QM5A ASUS 27"" TUF GAMING VG279QM5A 0.3Ms 240Hz FULL HD IPS MONITOR";8.499 TL
INCA IWM-242K RECHARGEABLE SILENT BLUETOOTH/WIRELESS KABLOSUZ MOUSE;839 TL
INNO3D GeForce RTX 5060 TI TWIN X2 16GB GDDR7 128Bit DLSS 4 Ekran Kartı;30.669 TL
PRIME LC 360 ARGB ASUS PRIME LC 360 ARGB 360mm INTEL/AMD Uyumlu Sıvı Soğutucu;5.599 TL
INCA IWM-243RG SILENT KABLOSUZ MOUSE-GRİ;439 TL
Samsung 1TB 990 PRO NVMe2.0 SSD (Okuma Hızı 7450MB / Yazma Hızı 6900MB);15.469 TL
Sandisk 128GB Cruzer Blade USB 2.0 Bellek;1.059 TL
0,0 VTN-PKT-RB6 AMD R7 5700X - RTX 5070 - A520M - 1TB M.2 SSD - 32GB RAM;62.961 TL
PLUS TG ARGB SIYAH ASUS A32 PLUS TG ARGB SİYAH 4x120mm ARGB FANLI ATX KASA;6.109 TL
"LENOVO 23,8"" 67BCKAC6TK L24i-4A 1Ms(MPRT) 100Hz GAMING MONITOR";5.499 TL
GSKILL 32GB (2x16GB) RipjawsV S5 Siyah DDR5 6400MHz CL36 1.35V PC Ram;27.119 TL
FAZEON F14 PLUS 750W 80PLUS BRONZE 4x120mm ARGB Fanlı ATX Siyah Bilgisayar Kasası;7.999 TL
0,0 SSDPR-PX600L-512-80 GOODRAM 512GB PX600 LITE GEN4 NVMe M.2 SSD (Okuma Hızı 3400MB / Yazma Hızı 2000MB);5.609 TL
PRO MP225V MSI 21.5'' PRO MP225V 1Ms 100Hz FHD VA MONİTÖR;3.429 TL
KINGSTON 256GB DataTraveler Exodia S USB 3.2 USB Bellek;2.199 TL
ASUS 27'' XG279CNS ROG STRIX 0.3Ms 380Hz FULL HD IPS GAMING MONITOR;18.399 TL
5,0 MAG CORELIQUID A13 360 MSI MAG CORELIQUID A13 360 3x120mm ARGB FANLI SIVI SOĞUTMA SİSTEMİ;5.749 TL
PRO MP161 E2 MSI 15.6'' PRO MP161 E2 4Ms 60Hz FHD IPS TAŞINABİLİR MONİTÖR;4.439 TL
MOZA R3 Racing Simulator Bundle Oyun Direksiyonu Seti;26.389 TL
INCA IKG-443 EMPOUSA RED SWITCH RGB KABLOLU MEKANİK GAMING KLAVYE;2.789 TL
KIOXIA Exceria Plus G3 1TB NVMe Gen4 M.2 SSD (R:5000MB/s W:3900 MB/s);13.719 TL
GSKILL 8GB (1x8GB) Ripjaws DDR4 3200MHz CL22 1.2V Notebook Ram;4.549 TL
RAZER BASILISK V3 25000 DPI KABLOLU GAMING MOUSE;3.409 TL
MAG A650BN MSI MAG A650BN 650W 80 PLUS BRONZE GÜÇ KAYNAGI;3.499 TL
INCA IWS-519 KABLOSUZ KLAVYE MOUSE SET;1.019 TL
INCA IKG-444 OPHIRA RGB KABLOLU MEKANIK GAMING KLAVYE;2.489 TL
Hydra R6 Red RAMPAGE HYDRA R6 RGB RED SWITCH GAMING KLAVYE;2.699 TL
Crucial 240GB BX500 Serisi 3D NAND Sata 3.0 SSD (Okuma 540MB / Yazma 500MB);3.989 TL
INCA IWM-515 LASER KABLOSUZ MOUSE-SİYAH;639 TL
LOGITECH MK240 KABLOSUZ KLAVYE MOUSE SET-SARI/SİYAH;1.409 TL
INCA IWM-512RS RECHARGEABLE SILENT BLUETOOTH KABLOSUZ MOUSE-SİYAH;879 TL
Tilion Siyah RAMPAGE TILION 24000 DPI RGB KABLOSUZ GAMING MOUSE-SİYAH;1.139 TL
ASUS DUAL GeForce RTX 5060 TI OC 8GB GDDR7 128Bit DLSS 4 Ekran Kartı;22.809 TL
RAZER BLACKWIDOW V4 PRO GREEN TR LAYOUT GAMING KLAVYE;11.739 TL
LOGITECH G309 LIGHTSPEED 25600 DPI KABLOSUZ OYUNCU MOUSE-SİYAH;3.100 TL
Siyah EVEREST KM-3335 KABLOSUZ KLAVYE MOUSE SET;799 TL
INCA IWM-531RA RECHARGEABLE SILENT BLUETOOTH KABLOSUZ MOUSE-SİYAH;759 TL
LOGITECH G502 X PLUS HERO 25600 DPI KABLOSUZ GAMING MOUSE-BEYAZ;6.249 TL
LOGITECH G502 X HERO 25600 DPI KABLOLU GAMING MOUSE-BEYAZ;2.659 TL
LOGITECH USB UNIFYING ALICI;759 TL
GOODRAM 16GB (1x16GB) IRDM DDR5 6400MHz CL32 1.4V Soğutuculu PC Ram;15.549 TL
"ASUS 27"" TUF GAMING VG279QE5A 1Ms 146Hz FHD IPS GAMING MONITOR";5.899 TL
"ASUS 27"" TUF GAMING VG27AQL5A 0.3Ms 210Hz QHD IPS GAMING MONITOR";11.489 TL
ASUS DUAL GeForce RTX 5070 OC 12G GDDR7 192Bit DLSS 4 Ekran Kartı;36.839 TL
PRIME Z890M-PLUS WIFI ASUS PRIME Z890M-PLUS WIFI Intel Z890 Soket 1851 DDR5 8400Mhz (OC) M.2 Anakart;7.996 TL
LOGITECH G PRO 2 LIGHTSPEED KABLOSUZ OYUNCU MOUSE-BEYAZ;3.999 TL
MAG A850GL PCIE5 MSI MAG A850GL PCIE5 850W 80 PLUS GOLD GÜÇ KAYNAĞI;7.139 TL
Apple MQDP3TQ/A iPad A16 İçin Magic Keyboard Folio - Türkçe Q Klavye;13.449 TL
INCA IWM-555T RECHARGEABLE TYPE-C BLUETOOTH KABLOSUZ MOUSE;1.269 TL
COOLER MASTER MASTERLIQUID CORE NEX DIGITAL ML360 3x120mm ARGB SIVI SOĞUTMA SİSTEMİ;6.769 TL
INCA IWM-244RB WİRELESS SESSİZ MOUSE- BEYAZ;489 TL
"VIEWSONIC 24"" VX2479A-HD-PRO 1Ms 240Hz FULL HD IPS GAMING MONITOR";5.799 TL
LENOVO M210 RGB 8000 Dpi GAMING MOUSE;699 TL
Hydra R6 WHITE RAMPAGE HYDRA R6 FULL RGB PRO RED SWITCH GAMING KLAVYE - BEYAZ;2.399 TL
"LG 27"" 27MS500-B 5Ms 100Hz FULL HD IPS MONITOR";4.996 TL
STEELSERIES AEROX 3 GHOST EDITION 18000 DPI KABLOSUZ GAMING MOUSE-BEYAZ;3.799 TL
RAMPAGE KM-R96 ELEMENTAL TR Q GAMING KLAVYE MOUSE SET;1.759 TL
LOGITECH G413 SE KABLOLU GAMING KLAVYE;3.739 TL
UMBRA BLUE RAMPAGE KB-R86 UMBRA BLUE SWITCH MEKANİK GAMING KLAVYE;1.649 TL
UMBRA RED RAMPAGE KB-R86 UMBRA RED SWITCH MEKANİK GAMING KLAVYE;1.649 TL
ASUS TUF GAMING 750W 80PLUS BRONZE GÜÇ KAYNAĞI;4.859 TL
ASUS SDRW-08U9M-U ZENDRIVE HARİCİ SLİM DVD-YAZICI - GÜMÜŞ;2.989 TL
AMD R7 7800X3D - RTX 5070 - B650M-B - 2TB SSD - 32GB RAM;105.176 TL
4,0 MLX-D36M-A18PA-R1 COOLER MASTER MASTERLIQUID CORE NEX ML360 3x120mm ARGB SIVI SOĞUTMA SİSTEMİ;5.269 TL
Combo CREALITY K2 Combo 3D Yazıcı;43.739 TL
CORSAIR CX750 750W 80PLUS BRONZE SİYAH GÜÇ KAYNAĞI;4.069 TL
"SAMSUNG 27"" ODYSSEY G5 0,03Ms 180Hz 2K OLED GAMING MONITOR";20.399 TL
"ASUS 27"" TUF GAMING VG27AQ5A 0.3Ms 210Hz QHD IPS GAMING MONITOR";10.799 TL
"ASUS 23,8"" TUF GAMING VG249QE5A 1Ms 146Hz FHD IPS GAMING MONITOR";4.899 TL
GAMING PLUS WIFI DDR4 MSI B760 GAMING PLUS WIFI Intel B760 Soket 1700 DDR4 5333MHz (OC) M.2 Anakart;7.579 TL
4,5 PRIME-RX9070XT-O16G ASUS PRIME RADEON RX 9070 XT OC 16GB GDDR6 256Bit AMD Ekran Kartı;34.499 TL
Crucial Pro 16GB (1x16GB) DDR5 6400MHz CL38 Soğutuculu PC Ram;13.559 TL
5,0 PRIME-RTX5070TI-O16G ASUS PRIME GeForce RTX 5070 TI OC 16GB GDDR7 256Bit DLSS 4 Ekran Kartı;58.739 TL
STEELSERIES APEX 5 TR RGB GAMING KLAVYE;5.800 TL
THRUSTMASTER TH8A PS/XBOX/PC Vites Kolu;16.069 TL
INCA IBK-579BT BLUETOOTH 3.0 KATLANABİLİR KABLOSUZ KLAVYE;1.519 TL
ORANGE A4TECH FG10 OPTİK KABLOSUZ MOUSE-TURUNCU;425 TL
INCA IKG-446 RAINBOW EFECT MEKANİK HİSLİ GAMING KLAVYE;529 TL
SparkX I7 Combo CREALITY SparkX I7 Combo 3D Yazıcı;26.879 TL
"LG 27"" ULTRAGEAR 27G810A-B 1Ms 180Hz 4K IPS GAMING MONITOR";20.089 TL
ROG AZOTH X/NX SNOW/PBT/TR ASUS ROG AZOTH X/NX SNOW/PBT/TR SWITCH KABLOSUZ GAMING KLAVYE-BEYAZ;12.609 TL
"4,6 VG249QM5A ASUS 23,8"" TUF GAMING VG249QM5A 0.3Ms 240Hz FULL HD IPS GAMING MONITOR";7.149 TL
ASUS 32'' VG32VQM5B 0.5Ms 250Hz VA FHD KAVİSLİ GAMING MONITOR;12.999 TL
FAZEON A1120LRA 120MM RGB İŞLEMCİ SOĞUTUCU;129 TL
"Apple 13"" iPad Air M3 Magic Keyboard TR Q Klavye - Beyaz";14.499 TL
5,0 MAG CORELIQUID A13 240 WHITE MSI MAG CORELIQUID A13 240 WHITE 2x120mm ARGB FANLI SIVI SOĞUTMA SİSTEMİ;3.699 TL
ROG KERIS WIRELESS AIMPOINT - BEYAZ ASUS ROG KERIS WIRELESS AIMPOINT 36000 DPI GAMING MOUSE- BEYAZ;3.739 TL
HGP MOZA HGP Shifter;6.796 TL
INCA IWM-511RT SILENT ŞARJ EDİLEBİLİR BLUETOOTH KABLOSUZ MOUSE-TURUNCU MAVİ;609 TL
GSKILL 16GB (1x16GB) Ripjaws DDR4 3200MHz CL22 1.2V Notebook Ram;8.799 TL
LOGITECH G203 LIGHTSYNC 8000 DPI RGB KABLOLU GAMING MOUSE-MAVİ;939 TL
INCA IKG-445 PHALDOR RGB KABLOLU MEKANIK GAMING KLAVYE;2.339 TL
"0,0 LS27FG602EUXUF SAMSUNG 27"" ODYSSEY G6 1Ms 350Hz 2K IPS GAMING MONITOR";14.999 TL
A4TECH FB2800C AIR2 KABLOSUZ KLAVYE MOUSE SET-SİYAH;1.949 TL
RAMPAGE XTP-002 31*50*0,2mm 22.5w/m.K Yüksek Performanslı Thermal Pad;179 TL
Quell Siyah RAMPAGE QUELL GASKET OIL SWITCH MEKANİK GAMING KLAVYE-SİYAH;4.019 TL
5,0 RTX 5060 8G GAMING OC MSI GeForce RTX 5060 GAMING OC 8GB GDDR7 128Bit DLSS 4 Ekran Kartı;19.099 TL
"SAMSUNG 27"" LS27DG612SUXUF ODYSSEY G6 0.03Ms(GTG) 240Hz QHD OLED GAMING MONITOR";26.499 TL
ROG STRIX B850-E GAMING WIFI ASUS ROG STRIX B850-E GAMING WIFI AMD B850 Soket AM5 DDR5 8000MHz(OC) M.2 Anakart;17.829 TL
ASUS 27'' VZ27EHF 1Ms 100Hz FULL HD IPS GAMING MONITOR;4.679 TL
RAZER DEATHADDER V3 PRO 30000 DPI KABLOSUZ GAMING MOUSE-SİYAH;7.509 TL
INCA IWM-531RG RECHARGEABLE SILENT BLUETOOTH KABLOSUZ MOUSE-GRİ;759 TL
INCA IWM-531RY RECHARGEABLE SILENT BLUETOOTH KABLOSUZ MOUSE-YEŞİL;619 TL
INCA IWS-549U RECHARGEABLE SILENT KABLOSUZ KLAVYE MOUSE SET;1.319 TL
"ASUS 27"" VG279QM 1Ms 280Hz IPS GAMING MONITOR";11.399 TL
INCA IWM-331RM SILENT KABLOSUZ MOUSE-MAVİ;439 TL
INTEL U5 225F - RTX 5060 - H810M - 1TB SSD - 16GB RAM;60.222 TL
COOLER MASTER MASTERFAN MF120 LITE ARGB 1x120mm ARGB LED Kasa Fanı;769 TL
INCA IKG-458 EMPOUSA RED SWITCH SOFTWARE ANTİ-GHOST RGB MEKANIK GAMING KLAVYE;2.659 TL
Casper Excalibur E27QIF-D 27'' 240Hz 1MS(MPRT) QHD Oyuncu Monitörü;10.999 TL
INCA IWM-242G RECHARGEABLE SILENT BLUETOOTH/WIRELESS KABLOSUZ MOUSE;759 TL
PCIE 4.0 NVME M.2 500GB V1 MSI SPATIUM M450 V1 PCIe 4.0 NVMe M.2 500GB SSD (3000MB Okuma / 2000MB Yazma);7.859 TL
INNO3D GeForce RTX 5080 X3 OC 16GB GDDR7 256Bit DLSS 4 Ekran Kartı;80.799 TL
RTX 5070 12G GAMING TRIO OC MSI GeForce RTX 5070 GAMING TRIO OC 12G GDDR7 192Bit DLSS 4 Ekran Kartı;47.929 TL
SAPPHIRE RADEON RX 9070 XT PULSE GAMING 16GB GDDR6 256Bit AMD Ekran Kartı;45.349 TL
MAVİ EVEREST SM-BT10 BLUETOOTH KABLOSUZ MOUSE-MAVİ;299 TL
LOGITECH G PRO 2 LIGHTSPEED KABLOSUZ OYUNCU MOUSE - SİYAH;3.999 TL
PRO B760M-P MSI PRO B760M-P Intel B760 Soket 1700 DDR5 6800MHz (OC) M.2 Anakart;5.739 TL
LOGITECH M500S 4000 DPI KABLOLU MOUSE-SİYAH;999 TL
EVEREST KM-1435 KABLOLU KLAVYE MOUSE SET;499 TL
INCA IWM-521 RECHARGEABLE SILENT KABLOSUZ MOUSE;689 TL
LOGITECH MK850 KABLOSUZ KLAVYE MOUSE SET;7.699 TL
"ASUS 23,8"" VY249HGR 1Ms 120Hz FULL HD IPS GAMING MONITOR";4.459 TL
COUGAR UNIFACE 850W 80 PLUS GOLD 4x120mm RGB E-ATX SİYAH GAMING KASA;7.899 TL
INCA IBK-566BT BLUETOOTH+ 2.4G TOUCHPAD SILENT RECHARGEABLE KLAVYE;1.859 TL
0,0 SSDPB-PX600-1K0-80 GOODRAM 1TB PX600 GEN4 NVMe M.2 BULK SSD (Okuma Hızı 5000MB / Yazma Hızı 3200MB);8.959 TL
DROP M3 V2 Siyah RAMPAGE DROP M3 V2 Siyah 24000 DPI ŞARJLI KABLOSUZ GAMING MOUSE-SİYAH;1.389 TL
RAMPAGE XTP-001 38*38*0,2mm 22.5w/m.K Yüksek Performanslı Thermal Pad;179 TL
GOODRAM 8GB (1x8GB) IRDM K DDR4 3200MHz CL16 1.35V Soğutuculu PC Ram;3.299 TL
LOGITECH MX MASTER 4 FOR MAC KABLOSUZ PERFORMANS MOUSE-BEYAZ;6.499 TL
GOODRAM 1TB PX500 GEN3 NVMe M.2 SSD (Okuma Hızı 3300MB / Yazma Hızı 2700MB);19.509 TL
INCA IMG-328MX EMPOUSA 7200 DPI BLUETOOTH GAMING MOUSE;1.149 TL
MAG COREFROZR AA13 WHITE MSI MAG COREFROZR AA13 WHITE 1x120mm LGA1700-1851/AM4-AM5 Uyumlu CPU Soğutucu;1.359 TL
XIGMATEK MASTER X II PRO SİYAH ODIN II 4x120mm RGB FANLI 750W 80PLUS MidT ATX GAMING KASA;5.059 TL
ZOTAC GeForce RTX 5070 TI GAMING SOLID SFF OC 16GB GDDR7 256Bit DLSS 4 Ekran Kartı;60.189 TL
LENOVO KB331U MULTI DEVICE KABLOSUZ KLAVYE;1.299 TL
FRISBY FM-278WM KABLOSUZ MOUSE - SİYAH;359 TL
ROG AZOTH/NX SNOW/RD/TR - BEYAZ ASUS ROG AZOTH ROG/NX SWITCH KABLOSUZ GAMING KLAVYE- BEYAZ;10.089 TL
KINGSTON 128GB DataTraveler SE9 G3 USB 3.2 USB Bellek;2.199 TL
INCA IWM-511RM SILENT ŞARJ EDİLEBİLİR BLUETOOTH KABLOSUZ MOUSE-AÇIK MAVİ;759 TL
INCA IMG-346 EMPOUSA 6400 DPI RGB KABLOLU GAMING MOUSE;759 TL
EVEREST KM-6063 KABLOSUZ KLAVYE MOUSE SET-BEYAZ/GRİ;859 TL
GT 710 2GD3H LP MSI GeForce GT 710 2GB DDR3 64Bit NVIDIA Ekran Kartı;3.909 TL
0,0 VTN-PKT-RB31 AMD R5 7500F - RTX 5060 - B650M - 1TB SSD - 16GB RAM;53.216 TL
THERMALTAKE ASTRIA 200 Black 120mm ARGB Fanlı ARGB TT Logo Led LGA1700/AM5 Uyumlu İşlemci;2.199 TL
0,0 CL-W466-PL12SW-A THERMALTAKE TH360 V3 ARGB Led Fanlı 360mm LGA1700/AM5 Serisi Uyumlu Sıvı Soğutucu;5.629 TL
ASUS DUAL RADEON RX 9060 XT 16GB GDDR6 128Bit AMD Ekran Kartı;21.639 TL
Verbatim 64GB Plectra USB-C White USB Bellek;569 TL
0,0 DUAL-RTX5050-O8G ASUS DUAL GeForce RTX 5050 OC 8GB GDDR6 128Bit DLSS 4 Ekran Kartı;16.069 TL
INNO3D GeForce RTX 5060 TI TWIN X2 8GB GDDR7 128Bit DLSS 4 Ekran Kartı;25.839 TL
PRIME LC 240 ARGB ASUS PRIME LC 240 ARGB 240mm INTEL/AMD Uyumlu Sıvı Soğutucu;4.499 TL
AMD Ryzen™ 9 9950X3D Soket AM5 4.3GHz 128MB 170W 4nm Tray Kutusuz İşlemci;43.147 TL
RM INCA WEENY IWM-245RM DESİNG 3D WİRELESS MOUSE- MAVİ;439 TL
RT INCA WEENY IWM-245RT DESİNG 3D WİRELESS MOUSE- TURUNCU;439 TL
Crucial Pro 16GB DDR5-6000 UDIMM CL36 (16Gbit) Soğutuculu PC RAM;13.189 TL
INCA IWM-243RH SILENT KABLOSUZ MOUSE-HARDAL;439 TL
LOGITECH G502 X PLUS HERO 25600 DPI KABLOSUZ GAMING MOUSE-SİYAH;6.249 TL
MAG A650BN PCIE5 II MSI MAG A650BN PCIE5 II 650W 80 PLUS BRONZE GÜÇ KAYNAĞI;3.589 TL
0,0 VTN-PKT-YS56 AMD R5 7600X - RTX 5070 - B650M - 1TB M.2 SSD - 16GB RAM;79.652 TL
"LENOVO 23.8"" L24-4C 1Ms(MPRT) 144Hz FULL HD MONITOR";5.499 TL
0,0 VTN-PKT-R22 AMD R5 7500F - RTX 5060 TI - A620M - 1TB SSD - 16GB RAM;63.011 TL
POWER BOOST PB-A7510B 750W 80PLUS BRONZE 4x120mm ARGB FANLI ATX SİYAH KASA;5.229 TL
GAMING PLUS WIFI6E MSI B850M GAMING PLUS WIFI6E AMD B850 Soket AM5 DDR5 8200MHZ(OC) M.2 Anakart;10.059 TL
0,0 MPE-A501-AFCAG-3EEU COOLER MASTER MWE V2 1050W 80PLUS GOLD FULL GEN5 MODÜLER GÜÇ KAYNAĞI;11.769 TL
ASUS DUAL GeForce RTX 5060 TI OC 16GB GDDR7 128Bit DLSS 4 Ekran Kartı;29.419 TL
5,0 LVD10Z002TG8 KIOXIA Exceria Plus G4 Serisi 2TB Gen5 NVMe M.2 SSD (10000MB Okuma / 8200MB Yazma);15.829 TL
COOLER MASTER MASTERLIQUID CORE 240L SPECTRUM 2x120mm ARGB LED SIVI SOĞUTMA SİSTEMİ;4.659 TL
Apple MXK63ZE/A Magic Mouse USB-C Multi-Touch Yüzey- Siyah;5.499 TL
Adata 256GB Royal UR340 Metal 3.2 USB Bellek;1.849 TL
beyaz EVEREST SMW-555 KABLOSUZ OPTİK MOUSE-BEYAZ;299 TL
GSKILL 64GB (2x32) TRIDENT Z5 NEO RGB DDR5 6000mhz CL30 Dual Ram;54.959 TL
INCA IMG-347 EMPOUSA 7200 DPI RGB KABLOLU GAMING MOUSE;597 TL
Sandisk 128GB Ultra Fit USB 3.2 Bellek;1.279 TL
THERMALTAKE View 380XL Beyaz 850W 80PLUS GOLD 4x120mm ARGB Fanlı Back-Connect ATX KASA;10.889 TL
FAZEON F25 850W 80 PLUS BRONZE FULL MODÜLER GEN5 5x120mm ARGB FANLI ATX BEYAZ GAMING KASA;10.289 TL
BLACK A4TECH FBK27CS AS BLACK BLUETOOTH SESSİZ KLAVYE;1.279 TL
"SAMSUNG 27"" LS27FG602SUXUF ODYSSEY G6 0.03Ms(GTG) 500Hz QHD OLED GAMING MONITOR";37.999 TL
FAZEON F3 750W 80PLUS BRONZE 7x120mm ARGB Fanlı ATX Beyaz Bilgisayar Kasası;7.659 TL
LENOVO LEGION M410 KABLOSUZ GAMING MOUSE;1.699 TL
"4,8 VG259QM5A ASUS 24,5"" TUF GAMING VG259QM5A 0.3Ms 240Hz FHD IPS GAMING MONITOR";7.429 TL
"ASUS 27"" TUF GAMING VG279Q5R 0.3Ms 200Hz FULL HD IPS GAMING MONITOR";7.149 TL
FAZEON F15 750W 80PLUS BRONZE 3x120mm LCD Ekranlı ARGB Fanlı ATX Bilgisayar Kasası;6.369 TL
THERMALTAKE LA240-S LCD Ekran ARGB LED Fanlı 240mm Intel/AMD Uyumlu Sıvı Soğutma Sistemi;4.859 TL
AMD Ryzen™5 7600 Soket AM5 3.8GHz 32MB 65W 5nm Tray Kutusuz İşlemci;8.655 TL
RS INCA WEENY IWM-245RS DESING 3D WIRELESS MOUSE- SİYAH;439 TL
LG 24'' ULTRAGEAR 24GS65F-B 1Ms 180Hz FULL HD IPS GAMING MONITOR;6.596 TL
FRISBY FM-272WM KABLOSUZ MOUSE- GRİ;339 TL
THRUSTMASTER T.16000M FCS T.Flight Hotas 4 Joystick;4.009 TL
FRISBY FHC-2590B 2.5” SATA USB 3.0 HARDDISK KUTUSU;539 TL
"FRISBY FHC-3575A Çift 3.5""/2.5"" SATA HDD DOCKING STATION USB 3.0";1.729 TL
0,0 M196BYZ+Canta LOGITECH M196 BEYAZ MOUSE + NERO NOTEBOOK SIRT CANTASI;799 TL
Hyper PLA Grey CREALITY Hyper PLA Grey Filament;939 TL
0,0 CL-W468-PL12SW-A THERMALTAKE TH360 V3 Beyaz ARGB Led Fanlı 360mm LGA1700/AM5 Serisi Uyumlu Sıvı Soğutucu;5.269 TL
PRO A620AM-B EVO MSI PRO A620AM-B EVO AMD A620 AM5 DDR5 6800MHz mATX Anakart;4.619 TL
THRUSTMASTER T248R EU TYPE C Direksiyon Seti;18.500 TL
5,0 MPE-8506-ACAG-BEU COOLER MASTER MWE V3 850W 80PLUS GOLD GEN5 SİYAH GÜÇ KAYNAĞI;5.569 TL
GOODRAM 16GB (1x16GB) DDR5 5600MHz CL46 1.1V Notebook Ram;9.529 TL
KIOXIA Exceria Plus 2TB USB 3.2 (Okuma 1050MB / Yazma 1000MB) HARİCİ SSD;17.999 TL
ZOTAC GeForce RTX 5060 TI GAMING TWIN EDGE OC 8GB GDDR7 128Bit DLSS 4 Ekran Kartı;28.099 TL
MAG A750GN PCIE5 MSI MAG A750GN PCIE5 750W 80 PLUS GOLD GÜÇ KAYNAĞI;4.999 TL
Casper Excalibur 23.8'' 200Hz 1MS(MPRT) Flat FreeSync Oyuncu Monitörü;5.499 TL
LENOVO 400 USB-C KABLOSUZ MOUSE;599 TL
FRISBY FM-282WM KABLOSUZ MOUSE- GRİ;359 TL
"SAMSUNG 32"" ODYSSEY G6 LS32BG652EUXUF 1Ms(GTG) 240Hz QHD CURVED GAMING MONITOR";18.999 TL
LOGITECH G PRO X TKL LIGHTSPEED KABLOSUZ İNG OYUNCU KLAVYESİ TACTILE - MAGENTA;7.999 TL
THRUSTMASTER TCA Sidestick Airbus Edition Joystick;4.569 TL
S-LINK SLX-F301 10cm 4 Pin 3'lü PWM Çoklayıcı Kablo;229 TL
PRO-VDH WIFI MSI B550M PRO-VDH WIFI Amd B550 Soket AM4 DDR4 4400(O.C.) M.2 Anakart;6.459 TL
5,0 MPG B550 GAMING PLUS MSI MPG B550 GAMING PLUS Amd B550 Soket AM4 DDR4 4400(OC) M.2 Anakart;7.019 TL
PRO MSI B550-A PRO Amd B550 Soket AM4 DDR4 4400MHz M.2 Anakart;6.339 TL
INCA IMG-309 EMPOUSA 7200 DPI RGB KABLOLU GAMING MOUSE;569 TL
INCA IWM-331RSK SILENT KABLOSUZ MOUSE-KIRMIZI;439 TL
0,0 VTN-PKT-M83 AMD R5 7600 - RTX 5060 TI - A620AM - 1TB M.2 SSD - 16GB RAM;67.867 TL
0,0 VTN-PKT-YS49 AMD R7 5700 - RTX 5060 TI - A520M - 1TB M.2 SSD - 16GB RAM;55.069 TL
STEELSERIES RIVAL 3 GEN 2 BLUETOOTH VE WIRELESS GAMING MOUSE-LİLA;2.499 TL
STEELSERIES POWER UP KLAVYE MOUSE KULAKLIK SET-BEYAZ;9.999 TL
PRO A4TECH BLOODY R72 PRO 26000 DPI KABLOSUZ MOUSE-SİYAH;2.849 TL
DROP M3 V2 Beyaz RAMPAGE DROP M3 V2 Beyaz 24000 DPI ŞARJLI KABLOSUZ GAMING MOUSE-BEYAZ;1.389 TL
LOGITECH MX MASTER 4 KABLOSUZ PERFORMANS MOUSE-AÇIK GRİ;6.999 TL
Apple 11 inç iPad Air (M3) için Magic Keyboard - Türkçe Q Klavye - Siyah;13.229 TL
ROG FALCATA/HFX/ABS/TR ASUS ROG FALCATA/HFX/ABS/TR AYRILABILIR GAMING KLAVYE;12.109 TL
"FAZEON 27"" X27F166QB 0.5Ms 150Hz QHD IPS GAMING MONITOR";6.119 TL
FAZEON F12 650W 80PLUS BRONZE Mesh 4x120mm ARGB Fanlı ATX Bilgisayar Kasası;3.759 TL
LOGITECH G PRO X SUPERLIGHT 2C KOMPAKT KABLOSUZ GAMING MOUSE-PEMBE;7.259 TL
INNO3D GeForce RTX 5070 TWIN X2 OC 12GB GDDR7 192Bit DLSS 4 Ekran Kartı;45.429 TL
4,8 RTX 5060 8G VENTUS 2X OC MSI GeForce RTX 5060 VENTUS 2X OC 8GB GDDR7 128Bit DLSS 4 Ekran Kartı;19.389 TL
MAG A500N-H MSI MAG A500N-H 500W GÜÇ KAYNAĞI;1.879 TL
"Apple 11"" iPad Air M3 Magic Keyboard TR Q Klavye";13.199 TL
5,0 LVD10Z001TG8 KIOXIA Exceria Plus G4 Serisi 1TB Gen5 NVMe M.2 SSD (10000MB Okuma / 7900MB Yazma);10.159 TL
MAG B850 TOMAHAWK MAX WIFI MSI MAG B850 TOMAHAWK MAX WIFI AMD B850 Soket AM5 DDR5 8400MHZ(OC) M.2 Anakart;16.269 TL
FRISBY FM-276WM KABLOSUZ MOUSE - SİYAH;339 TL
KINGSTON 256GB DataTraveler SE9 G3 USB 3.2 USB Bellek;3.609 TL
MPG GUNGNIR 300R AIRFLOW MSI MPG GUNGNIR 300R AIRFLOW 4x120mm ARGB FANLI MidT ATX KASA;6.679 TL
INCA IWM-531RS RECHARGEABLE SILENT BLUETOOTH KABLOSUZ MOUSE-GOLD;609 TL
"0,0 34G630A-B LG 34"" 34G630A-B 1Ms 240Hz WQHD VA GAMING MONITOR";17.999 TL
ROG HARPE II ACE ASUS ROG HARPE II ACE 42000 DPI KABLOSUZ GAMING MOUSE-SİYAH;6.859 TL
RAZER DEATHADDER V4 PRO 45000 DPI KABLOSUZ GAMING MOUSE-SİYAH;9.299 TL
Samsung 2TB 990 EVO PLUS NVMe M.2 SSD (Okuma Hızı 7250MB / Yazma Hızı 6300MB);32.929 TL
Razer Iskur V2 Fabric Oyuncu Koltuğu;33.349 TL
LOGITECH G PRO 2 LIGHTSPEED KABLOSUZ OYUNCU MOUSE - MAGENTA;3.999 TL
Verbatim 64GB Metal Executive Gold USB 3.2 USB BELLEK;829 TL
RED A4TECH FG10 OPTİK KABLOSUZ MOUSE-KIRMIZI;425 TL
GSKILL 8GB (1x8GB) RipjawsV Siyah DDR4 3200Mhz CL16 1.35V Tek Modül Ram;4.549 TL
"FRISBY FHC-2545S 2.5"" SATA HARDDİSK KUTUSU USB 3.0 GÜMÜŞ - VİDASIZ";759 TL
AMD R5 5500 - RTX 5060 - A520M - 1TB SSD - 16GB RAM;42.932 TL
FAZEON F14 PLUS 750W 80PLUS BRONZE 4x120mm ARGB Fanlı ATX Beyaz Bilgisayar Kasası;8.329 TL
0,0 M196ROSE+Canta LOGITECH M196 ROSE MOUSE + NERO NOTEBOOK SIRT CANTASI;799 TL
LENOVO YOGA BLUETOOTH SILENT MOUSE- SEASHELL;1.299 TL
"FAZEON 27"" X27F165QW 0.5Ms 150Hz QHD IPS GAMING MONITOR-BEYAZ";6.189 TL
5,0 RTX 5050 8G VENTUS 2X OC MSI GeForce RTX 5050 VENTUS 2X OC 8GB GDDR6 128Bit DLSS 4 Ekran Kartı;15.069 TL
INCA IWM-242S RECHARGEABLE SILENT BLUETOOTH/WIRELESS KABLOSUZ MOUSE;759 TL
0,0 CL-W361-PL12SW-A THERMALTAKE TH240 V2 ARGB Led Fanlı 240mm Intel/AM5 Uyumlu Sıvı Soğutma Sistemi;4.239 TL
RAZER HUNTSMAN V3X TNKY PURPLE TR GAMING KLAVYE;5.869 TL
GAMING PLUS WIFI MSI B860 GAMING PLUS WIFI Intel B860 Soket 1851 DDR5 8600Mhz (OC) M.2 Anakart;8.569 TL
GAMING PLUS WIFI MSI B850 GAMING PLUS WIFI AMD B850 Soket AM5 DDR5 8200MHZ(OC) M.2 Anakart;9.989 TL
Verbatim 16GB Store N Go V3 USB 3.2 USB Bellek;409 TL
"ASUS 27"" TUF GAMING VG27VQ3B 1Ms 180Hz FULL HD CURVED GAMING MONITOR";7.149 TL
"Apple Magic Keyboard for İpad Pro 11""(M4)- Türkçe Q Klavye - Siyah";16.209 TL
THERMALTAKE TR2 ST APFC 12cm 80 PLUS 750W GÜÇ KAYNAĞI;3.679 TL
Intel Core i7 14700F Soket 1700 14.Nesil 2.1GHz 33MB Önbellek 10nm İşlemci;24.079 TL
0,0 910-006930 LOGITECH MX ANYWHERE 3S SILENT KABLOSUZ MOUSE-BEYAZ;3.499 TL
BLUE A4TECH FG10 OPTİK KABLOSUZ MOUSE-MAVİ;425 TL
"ASUS 15,6"" MB166C 5Ms 60Hz FULL HD IPS TASINABILIR MONITOR";5.779 TL
5,0 MU-PC1T0T/WW Samsung 1TB T7 Serisi Gri USB 3.2 (Okuma 1050MB / Yazma 1000MB) Harici SSD;10.919 TL
YENİ ÜRÜN 0,0 XG27ACMES ASUS 27'' XG27ACMES ROG STRIX 0.03Ms 255Hz IPS QHD GAMING MONITOR-SİYAH;14.019 TL
MAG FORGE 150A B65 MSI MAG FORGE 150A B65 650W 80PLUS BRONZE AUTO RGB FANLI ATX KASA;4.619 TL
MAG A750BN PCIE5 III MSI MAG A750BN PCIE5 III 750W 80 PLUS BRONZE GÜÇ KAYNAĞI;4.239 TL
CREALITY K1C Yeni Versiyon 3D Yazıcı;27.609 TL
FAB V4 HAWK GAMING CHAIR Fab V4 Kumaş Oyuncu Koltuğu;11.089 TL
0,0 BERU Beyaz RAMPAGE BERU Beyaz 2.4G+BT WIRELESS RED SWITCH MEKANİK GAMING KLAVYE SLİM LOW-BEYAZ;2.409 TL
Crucial Pro OC 16GB (1x16GB) DDR5 6400MHz CL32 Soğutuculu PC Ram;23.199 TL
CYCLONE. RAMPAGE CYCLONE MEMBRANE SWITCH GAMING KLAVYE-KREM/KAHVERENGİ/GRİ;1.059 TL
"ASUS 24,5"" TUF GAMING VG257Q5A 0.5Ms 200Hz FULL HD VA GAMING MONITOR";5.779 TL
ASUS 27'' XG27AQDPG ROG STRIX 0.3Ms 500Hz QD-OLED QHD GAMING MONITOR;48.399 TL
5,0 TD500V2-KGNN85-STU COOLER MASTER MASTERBOX TD500 V2 TG 850W 80 PLUS GOLD MESH 4x120mm ARGB ATX SİYAH KASA;9.629 TL
LENOVO LEGION K310 GAMING KLAVYE;1.799 TL
ASUS DUAL GeForce RTX 4060 TI O8G EVO 8GB GDDR6 128Bit DLSS 3 Ekran Kartı;24.849 TL
"0,0 LS27FG812SUXUF SAMSUNG 27"" LS27FG812SUXUF ODYSSEY G8 0.03Ms(GTG) 240Hz 4K OLED GAMING MONITOR";37.999 TL
FAZEON F3 750W 80PLUS BRONZE 7x120mm ARGB Fanlı ATX Bilgisayar Kasası;6.959 TL
"ASUS 27"" TUF GAMING VG27AQM1A 1Ms(GTG) 260Hz QHD GAMING MONITOR";14.079 TL
MPG X870E EDGE TI WIFI MSI MPG X870E EDGE TI WIFI AMD X870 Soket AM5 DDR5 8400MHZ(OC) M.2 Anakart;17.299 TL
BEYAZ EVEREST SM-BT10 BLUETOOTH KABLOSUZ MOUSE-BEYAZ;299 TL
Intel Core Ultra 9 285K Soket 1851 5.70GHz 36MB Önbellek 3nm İşlemci;34.806 TL
A4TECH FG12S PANDA 1200DPI NANO SILENT KABLOSUZ OPTİK MOUSE;429 TL
MAG A1000GL PCIE5 MSI MAG A1000GL PCIE5 1000W 80 PLUS GOLD GÜÇ KAYNAĞI;9.899 TL
R4.0 ASROCK B450M-HDV R4.0 AMD B450 Soket AM4 DDR4 3200MHz (OC) M.2 Anakart;3.289 TL
5,0 PRIME B550M-K ARGB ASUS PRIME B550M-K ARGB 5100MHz(OC) DDR4 Soket AM4 M.2 HDMI VGA DVI mATX Anakart;4.649 TL
4,6 AX4U32008G16A-SBKD35 XPG 8GB (1x8GB) Gammix D35 Siyah DDR4 3200MHz CL16 1.35V PC Ram;2.619 TL
RAZER COBRA PRO 30000 DPI KABLOSUZ GAMING MOUSE;6.689 TL
INCA IWM-511RS SILENT ŞARJ EDİLEBİLİR BLUETOOTH KABLOSUZ MOUSE-SARI MAVİ;609 TL
MAG FORGE M100A D60 MSI MAG FORGE M100A D60 AKRİLİK YAN PANEL AUTO RGB FAN 600W 80 PLUS mATX KASA;3.609 TL
KIOXIA Exceria Pro 1TB NVMe M.2 SSD (7300MB/s Okuma / 6400MB/s Yazma);18.139 TL
GSKILL 8GB Value DDR3 1600MHz CL11 Tek Modül Ram;1.939 TL
RED EVEREST SM-901 KABLOSUZ OPTİK MOUSE-RED;339 TL
Intel Core Ultra 5 250KF Plus Soket 1851 5.30GHz 30MB Önbellek 3nm İşlemci;13.639 TL
FAB V5 HAWK GAMING CHAIR Fab V5 Kumaş Oyuncu Koltuğu;11.089 TL
LENOVO 350 BLUETOOTH SILENT MOUSE- LUNA GREY;799 TL
STEELSERIES POWER UP KLAVYE MOUSE KULAKLIK SET-SİYAH;9.999 TL
BLACK A4TECH FBK26CS AS BLACK BLUETOOTH MİNİ SESSİZ KLAVYE;1.269 TL
"ASUS 32"" ROG STRIX XG32UCWMG 0.03Ms 240Hz 4K WOLED GAMING MONITOR";52.699 TL
ASUS 27'' XG27ACDMS ROG STRIX 0.03Ms 280Hz QHD QD-OLED GAMING MONITOR;29.959 TL
ROG HARPE II ACE - BEYAZ ASUS ROG HARPE II ACE 42000 DPI KABLOSUZ GAMING MOUSE-BEYAZ;6.859 TL
INCA IWM-244RP WİRELESS SESSİZ MOUSE- PEMBE;489 TL
STEELSERIES APEX 3 TKL TÜRKÇE GAMING KLAVYE - LAVENDER;2.999 TL
ROG HARPE ACE EXTREME ASUS ROG HARPE ACE EXTREME KABLOSUZ GAMING MOUSE;13.119 TL
Briar Siyah EVEREST BRIAR RGB RED SWITCH MEKANIK MINI GAMING KLAVYE-SIYAH;1.199 TL
THRUSTMASTER T598-P EMEA - TYPE C (PLUG EU) PS/PC Oyun Direksiyonu Seti;40.169 TL
RB INCA WEENY IWM-245RB DESİNG 3D WİRELESS MOUSE- BEYAZ;439 TL
LOGITECH POP ICON BLUETOOTH KLAVYE MOUSE SET-BEYAZ;2.896 TL
LOGITECH G309 LIGHTSPEED 25600 DPI KABLOSUZ OYUNCU MOUSE-BEYAZ;3.100 TL
Carbon RED RAMPAGE CARBON RGB Q BILEK DESTEKLI RED SWITCH GAMING KLAVYE;2.959 TL
"VERBATIM 2,5"" 1 TB Store 'n' Go USB3.0 / USB2.0 Black Taşınabilir Disk";3.439 TL
INCA IWM-243RM SILENT KABLOSUZ MOUSE-MAVİ;409 TL
4,5 MU-PG1T0B/WW Samsung 1TB T9 USB 3.2 Siyah (Okuma 2000MB/Yazma 2000MB) Taşınabilir SSD;12.679 TL
LOGITECH PEBBLE 2 MULTI-DEVICE BLUETOOTH KLAVYE MOUSE SET-PUDRA PEMBE;3.419 TL
STEELSERIES AEROX 9 18000 DPI KABLOSUZ GAMING MOUSE;7.000 TL
PRO H610M-G DDR4 MSI PRO H610M-G Intel H610 Soket 1700 DDR4 3200MHz (OC) M.2 Anakart;3.829 TL
Sandisk 128GB USB Dual Drive Android Girişli M3.0 Bellek;1.249 TL
5,0 SDRW-08U9M-U-GOLD ASUS SDRW-08U9M-U ZENDRIVE HARİCİ SLİM DVD-YAZICI - ALTIN;2.189 TL
0,0 VTN-PKT-MT5 AMD R7 5700 - RTX 5060 - A520M - 1TB M.2 SSD - 16GB RAM;48.140 TL
Intel Core Ultra 5 250K Plus Soket 1851 5.30GHz 30MB Önbellek 3nm İşlemci;14.349 TL
RX 7600 CHALLENGER ASROCK RADEON RX 7600 CHALLENGER 8GB GDDR6 128Bit AMD Ekran Kartı;17.039 TL
Hyper PLA Blue CREALITY Hyper PLA Blue Filament;939 TL
LENOVO 350 BLUETOOTH SILENT MOUSE- META GRAPE;799 TL
"VIEWSONIC 27"" VX27G1-2K 1Ms 180Hz QHD IPS GAMING MONITOR";8.799 TL
AMD Ryzen™ 7 9850X3D Soket AM5 5.6GHz 96MB 120W 4nm Tray Kutusuz İşlemci;32.159 TL
CORSAIR 16GB (1x16GB) Vengeance Gri RGB DDR5 6000MHz CL36 1.3V BULK PC RAM;13.459 TL
BITFENIX KUZY SİYAH LGA1851/AM5 2x120mm ARGB Fan 240mm Dijital Göstergeli Sıvı Soğutma;4.259 TL
INCA IBK-580BT BLUETOOTH KATLANABİLİR KABLOSUZ KLAVYE-BEYAZ;1.709 TL
INCA IWS-587 KABLOSUZ KLAVYE MOUSE SET-BEYAZ;1.209 TL
0,0 F19A750BWMW FAZEON F19 750W 80PLUS BRONZE 4x120mm ARGB Fanlı ATX Beyaz Bilgisayar Kasası;4.389 TL
Apple 13 inç iPad Air (M3) için Magic Keyboard - Türkçe Q Klavye - Siyah;14.499 TL
LOGITECH G PRO X SUPERLIGHT 2C KOMPAKT KABLOSUZ GAMING MOUSE-SİYAH;7.589 TL
THERMALTAKE SMART BX1 750W 80PLUS BRONZE GÜÇ KAYNAĞI;4.019 TL
Intel Core Ultra 7 265F Soket 1851 5.30GHz 30MB Önbellek 3nm İşlemci;19.400 TL
Intel Core Ultra 7 265KF Soket 1851 5.50GHz 36MB Önbellek 3nm İşlemci;17.372 TL
XPG Lancer Siyah RGB DDR5-6400Mhz CL32 64GB (2x32GB) Dual Kit Ram;38.969 TL
KINGSTON 512GB DataTraveler SE9 G3 USB 3.2 USB Bellek;6.859 TL
KIOXIA Exceria Plus G3 2TB NVMe Gen4 M.2 SSD (R:5000MB/s W:3900 MB/s);18.739 TL
Verbatim 32GB Dual Drive (USB-C/USB-A) USB BELLEK;679 TL
MIRACLE K2 Siyah RAMPAGE MIRACLE K2 RGB TR Q KABLOLU GAMING KLAVYE-SIYAH;1.209 TL
GREEDY RAMPAGE SMX-G72 GREEDY 7200 DPI RGB KABLOLU GAMING MOUSE;809 TL
WOOF SİYAH Rampage WOOF Siyah Gaming Oyuncu Koltuğu;18.719 TL
RAZER BASILISK V3 PRO 30000 DPI KABLOSUZ GAMING MOUSE-SİYAH;7.399 TL
GSKILL 32GB (2x16) Ripjaws S5 DDR5 6000MHz CL36 1.35V Dual Kit Ram;31.509 TL
0,0 SDRW-08V1M-U/BLK/G/AS/P2G ASUS SDRW-08V1M-U ZENDRIVE V1M HARİCİ DVD-YAZICI;2.429 TL
THRUSTMASTER TCA Quadrant Add-on Airbus Edition Joystick;6.529 TL
AMD R5 7500F - RTX 5060 TI - B650M - 1TB SSD - 16GB RAM;69.286 TL
0,0 VTN-PKT-RB1 INTEL U5 245KF - RTX 5070 - H810M - 1TB M.2 SSD - 16GB RAM;74.487 TL
"LG 26,5"" ULTRAGEAR 27GX790B-B 0,02Ms(GTG) 540Hz QHD OLED GAMING MONITOR";49.999 TL
WHITE A4TECH BLOODY S310N FIRE WHITE TKL RED SWITCH MEKANİK GAMING KLAVYE-WHITE;3.569 TL
5,0 E681-WHNN85-S00 COOLER MASTER 681 TG 850W 80 PLUS GOLD GEN5 4x120mm ARGB ATX BEYAZ KASA;8.199 TL
4,2 B550 GAMING WIFI MSI B550 GAMING WIFI Amd B550 Soket AM4 DDR4 4800(OC) M.2 Anakart;6.969 TL
5,0 E600-WGNN-S02 COOLER MASTER ELITE 600 CURVE TG 7x120mm ARGB ATX BEYAZ KASA;6.469 TL
"SAMSUNG 49"" LS49DG912SUXUF ODYSSEY G9 0.03Ms(GTG) 144Hz OLED CURVED GAMING MONITOR";47.999 TL
XFX SWIFT RADEON RX 9060 GAMING DUAL OC 8GB GDDR6 128Bit AMD Ekran Kartı;17.589 TL
0,0 100-100001904 AMD Ryzen™5 7500X3D Soket AM5 4.0GHz 102MB 65W 5nm Tray Kutusuz İşlemci;12.809 TL
MAG 274F MSI 27'' MAG 274F 0.5Ms(GTG) 200Hz FHD IPS GAMING MONİTÖR;6.499 TL
ROG KERIS II ORIGIN ASUS ROG KERIS II ORIGIN 42000 DPI GAMING MOUSE-SİYAH;5.749 TL
"5,0 27G850A-B LG 27"" ULTRAGEAR 27G850A-B 1Ms 240Hz 4K IPS GAMING MONITOR";27.996 TL
"LG 34"" ULTRAWIDE 5Ms 100Hz QHD CURVED GAMING MONITOR";12.996 TL
LENOVO LEGION GLASSES GEN 2 AKILLI MONİTÖR GÖZLÜK;14.999 TL
INNO3D GeForce RTX 5070 X3 OC 12GB GDDR7 192Bit DLSS 4 Ekran Kartı;43.419 TL
RAZER BASILISK V3 PRO 35000 DPI GAMING MOUSE-BEYAZ;7.799 TL
PRO MP273U MSI 27'' PRO MP273U 4Ms 60Hz 4K IPS MONİTÖR;10.089 TL
5,0 MAG CORELIQUID A13 360 WHITE MSI MAG CORELIQUID A13 360 WHITE 3x120mm ARGB FANLI SIVI SOĞUTMA SİSTEMİ;5.869 TL
LENOVO LEGION M600s Qi KABLOSUZ GAMING MOUSE;1.999 TL
FRISBY FK-4875QU KABLOSUZ KLAVYE MOUSE SET;699 TL
Intel Core i7 14700K Soket 1700 14.Nesil 3.40GHz 33MB Önbellek 10nm İşlemci;26.829 TL
LOGITECH PEBBLE 2 MULTI-DEVICE BLUETOOTH KLAVYE MOUSE SET-GRAFIT;3.419 TL
Crucial 4TB X9 PRO Serisi Harici SSD (Okuma 1050MB /Yazma 1050MB);22.339 TL
MAG A500DN MSI MAG A500DN 500W 80 PLUS GÜÇ KAYNAĞI;2.309 TL
COOLER MASTER MASTERBOX TD500 V2 MESH 4x120mm ARGB LED FANLI MidT SİYAH KASA;7.559 TL
THRUSTMASTER TCA Quadrant Airbus Edition Joystick;7.019 TL
LOGITECH MX VERTICAL ERGONOMIK DIKEY MOUSE-SİYAH;6.789 TL
Sandisk 32GB Ultra Fit USB 3.2 Bellek;679 TL
Yeşil EVEREST SM-300 OPTİK KABLOSUZ MOUSE-YEŞİL;299 TL
INTEL I5 14400F - RTX 5060 - H610M - 1TB SSD - 16GB RAM;57.131 TL
INTEL I5 12400F - RX 7600 - H610M - 512GB RAM - 16GB RAM;39.063 TL
INTEL I5 12400F - RTX 5060 - H610M-K - 1TB SSD - 16GB RAM;56.870 TL
STEELSERIES AEROX 3 SHADOW GEN 2 KABLOSUZ GAMING MOUSE;7.169 TL
COOLER MASTER MASTERLIQUID CORE NEX DIGITAL ML240 2x120mm ARGB SIVI SOĞUTMA SİSTEMİ;5.779 TL
AMD R5 5500 - RTX 3050 - B450M - 512GB M.2 SSD - 16GB RAM;43.305 TL
LENOVO 350 BLUETOOTH SILENT MOUSE-BREEZE MOSS;799 TL
AMD Ryzen™ 7 9700X Soket AM5 3.8GHz 32MB 65W 4nm Tray Kutusuz İşlemci;15.414 TL
5,0 CP-9020296-EU CORSAIR RM850e 850W 80PLUS GOLD FULL MODÜLER SİYAH GÜÇ KAYNAĞI;8.249 TL
TUF GAMING K3 GEN II MIKU/RD/TR/PBT ASUS TUF GAMING K3 GEN II RED SWITCH HATSUNE MIKU ED.GAMING KLAVYE-GREEN;4.239 TL
Verbatim 512GB Plectra USB-C Black USB Bellek;3.989 TL
LOGITECH G PRO X SUPERLIGHT 2C KOMPAKT KABLOSUZ GAMING MOUSE-BEYAZ;7.589 TL
STEELSERIES APEX 3 TKL TÜRKÇE GAMING KLAVYE - AQUA;2.999 TL
"LENOVO 15,6"" L15 6Ms 60Hz FULL HD IPS TAŞINABİLİR MONİTÖR";6.499 TL
0,0 PRIME B850M-K ASUS PRIME B850M-K AMD B850 Soket AM5 DDR5 8400MHz(OC) M.2 Anakart;6.669 TL
INNO3D GeForce RTX 5080 X3 16GB GDDR7 256bit DLSS 4 Ekran Kartı;79.919 TL
Apple MXCL3TQ/A Magic Keyboard - Turkish Q-Keyboard;5.499 TL
V2 Mavi RAMPAGE SMX-R44 V2 12800 DPI RGB KABLOLU GAMING MOUSE - MAVİ;629 TL
RAZER OROCHI V2 KABLOSUZ GAMING MOUSE;2.349 TL
RAZER ORNATA V3 TKNY KBL. TR LAYOUT GAMING KLAVYE;3.639 TL
STEELSERIES AEROX 3 SNOW 8500 DPI KABLOSUZ GAMING MOUSE-BEYAZ;3.799 TL
MPK AMD Ryzen™ 5 7500F Soket AM5 5.0GHZ 32MB 65W 5nm MPK Kutusuz Fanlı İşlemci;6.696 TL
5,0 H700-IGNN-S00 COOLER MASTER HAF 700 3x120mm-2x200mm ARGB FANLI FULL TOWER SİYAH KASA;17.079 TL
LOGITECH G502 X HERO 25600 DPI KABLOLU GAMING MOUSE-SİYAH;3.339 TL
Crucial 32GB (2x16GB) DDR4 3200MHz CL22 1.2V Notebook Dual Kit Ram;15.489 TL
S-LINK SLX-F201 10cm 4 Pin 2'li PWM Çoklayıcı Kablo;149 TL
4,9 LTC10Z480GG8 KIOXIA 480GB Exceria Serisi Sata 3.0 SSD (555MB Okuma / 540MB Yazma);5.099 TL
Q WHITE A4TECH FG1010 Q KABLOSUZ KLAVYE MOUSE SET-BEYAZ;1.019 TL
LOGITECH G502 LIGHTSPEED 25600 DPI KABLOSUZ GAMING MOUSE;5.499 TL
INCA IMG-349 ANAHITA 6400 DPI RGB KABLOLU GAMING MOUSE;509 TL
GSKILL 8GB Value DDR3L 1600Mhz CL11 1.35V Tek Modül Notebook Ram;1.939 TL
GSKILL 4GB Value DDR3 1600MHz CL11 Tek Modül Ram;1.069 TL
Sandisk 32GB Cruzer Blade USB 2.0 Bellek;509 TL
"0,0 X27F181QS FAZEON 27"" X27F181QS 0.5Ms 180Hz QHD IPS GAMING MONITOR";6.199 TL
"YENİ ÜRÜN 0,0 XG27AQDNG ASUS 27"" ROG STRIX XG27AQDNG 0,03Ms 360Hz QD-OLED GAMING MONITOR";35.619 TL
"0,0 X27F241S FAZEON 27"" X27F241S 0.5Ms 240Hz FHD IPS GAMING MONITOR";6.799 TL
NEXT LEVEL RACING GTRacer 2.0 Simulator Cockpit;38.479 TL
FAZEON FS20 150MM 2*PWM 4PIN MALE to 1* PWM 4PIN FEMALE UZATICI KABLO;229 TL
0,0 E600-WGNN85-S01 COOLER MASTER ELITE 600 CURVE TG 850W 80 PLUS GOLD GEN5 4x120mm ARGB ATX BEYAZ KASA;9.279 TL
CORSAIR 16GB (1x16GB) Vengeance Gri RGB DDR5 6000MHz CL36 1.35V KUTUSUZ PC RAM;13.459 TL
"ASUS 31.5"" ROG STRIX XG32UCWG 0.03Ms 165Hz 4K WOLED GAMING MONITOR";44.399 TL
"ASUS 26,5"" ROG STRIX XG27AQWMG 0,03Ms 280Hz OLED QHD GAMING MONITOR";30.399 TL
0,0 F17A850BBQ FAZEON F17 850W 80PLUS BRONZE 3x120mm ARGB Fanlı ATX Siyah Bilgisayar Kasası;5.339 TL
Surefire Pyrodrive Slim 1TB 3.2 USB Kırmızı Harici SSD;9.339 TL
BERU Siyah RAMPAGE BERU Siyah 2.4G+BT WİRELESS RED SWITCH MEKANİK GAMING KLAVYE SLIM LOW-SİYAH;2.409 TL
MAG PANO 110R PZ WHITE MSI MAG PANO 110R PZ WHITE 4x120mm ARGB FANLI ATX BEYAZ GAMING KASA;5.649 TL
ENIGMA 75 Siyah RAMPAGE ENIGMA 75 SİYAH RGB RED SWITCH MEKANİK GAMING KLAVYE-SİYAH;1.759 TL
CLAW Siyah RED RAMPAGE CLAW RED RAINBOW RED SWITCH MEKANİK GAMING KLAVYE-SİYAH;1.679 TL
0,0 MPE-8506-ACAG-GEU COOLER MASTER MWE V3 850W 80PLUS GOLD GEN5 BEYAZ GÜÇ KAYNAĞI;5.329 TL
Verbatim 128GB Plectra USB-C White USB Bellek;909 TL
LOGITECH G PRO X SUPERLIGHT 2 SE KABLOSUZ GAMING MOUSE-BEYAZ;6.029 TL
5,0 B850M MAX GAMING WIFI ASUS B850M MAX GAMING WIFI AMD B850 Soket AM5 DDR5 8000MHz(OC) M.2 Anakart;9.719 TL
PRO X870E-P WIFI MSI PRO X870E-P WIFI AMD X870 Soket AM5 DDR5 8200MHZ(OC) M.2 Anakart;17.449 TL
"ASUS 27"" ROG STRIX XG27UCDMG 0.03Ms 240Hz 4K OLED GAMING MONITOR";43.919 TL
"LG 27"" ULTRAGEAR 27GX790A-B 0,03Ms(GTG) 480Hz QHD OLED GAMING MONITOR";41.499 TL
THERMALTAKE S250 TG 750W 80PLUS BRONZE ARGB 4x120mm FANLI MidT ATX BEYAZ OYUNCU KASASI;8.939 TL
4,4 PRIME-RTX5080-O16G ASUS PRIME GeForce RTX 5080 OC 16GB GDDR7 256Bit DLSS 4 Ekran Kartı;88.729 TL
RTX 5080 16G GAMING TRIO OC WHITE MSI GeForce RTX 5080 GAMING TRIO OC WHITE 16G GDDR7 256Bit DLSS 4 Ekran Kartı;99.259 TL
"ASUS 27"" ROG SWIFT PG27UCDM 0,03Ms 240Hz 4K OLED GAMING MONITOR";53.999 TL
TUF GAMING AS1000 PLUS ASUS TUF GAMING PLUS 1TB USB 3.2 Siyah Taşınabilir SSD;11.759 TL
5,0 PRO B760-P II MSI B760-P PRO II Intel B760 Soket 1700 DDR5 7000MHz (OC) M.2 Anakart;5.269 TL
"ASUS 15,6"" ZENSCREEN MB166CR 5Ms 60Hz FULL HD IPS TASINABILIR MONITOR";6.599 TL
TUF GAMING-1000G WHITE ASUS TUF GAMING 1000W 80 PLUS GOLD MODÜLER GÜÇ KAYNAĞI BEYAZ;9.589 TL
"SAMSUNG 27"" ODYSSEY G5 LS27CG552EUXUF 1Ms 165Hz QHD CURVED GAMING MONITOR";7.999 TL
Beyaz ULTIMATE RAMPAGE KB-R96 ULTIMATE OPTİCAL SWITCH Q GAMING KLAVYE -BEYAZ;3.289 TL
Crucial 4TB 1050MB/1050MB X9 Serisi Portable (Solid State Disk) SSD;19.159 TL
INCA IKG-439 EMPOUSA RED SWITCH RGB KABLOLU MEKANİK KLAVYE;2.029 TL
Verbatim 256GB Vi550 S3 SATA 3.0 SSD (Okuma 550MB / Yazma 460MB);4.619 TL
Pembe/Gri EVEREST KB-BT82 BLUETOOTH ŞARJLI KABLOSUZ KLAVYE-PEMBE/GRİ;999 TL
ASUS TUF GAMING 1000W 80 PLUS GOLD FULL MODÜLER GÜÇ KAYNAĞI;8.709 TL
PRO B760M-P DDR4 MSI PRO B760M-P Intel B760 Soket 1700 DDR4 4800MHz (OC) M.2 Anakart;5.589 TL
RAZER DEATHADDER V3 PRO 30000 DPI KABLOSUZ GAMING MOUSE-BEYAZ;7.509 TL
MAG Z790 TOMAHAWK WIFI MSI MAG Z790 TOMAHAWK WIFI Intel Z790 Soket 1700 DDR5 7200MHz (OC) M.2 Anakart;13.789 TL
TUF GAMING M4 WIRELESS ASUS TUF GAMING M4 12000 DPI KABLOSUZ GAMING MOUSE;2.509 TL
LOGITECH MX MASTER 3S 8.000 DPI SILENT OPTİK KABLOSUZ MOUSE-BEYAZ;6.829 TL
"FRISBY FHC-2540B 2.5"" SATA HARDDİSK KUTUSU USB 3.0 SİYAH - VİDASIZ";759 TL
0,0 VTN-PKT-RB9 AMD R9 9950X3D - RTX 5080 - X870E - 1TB M.2 SSD - 32GB RAM;178.900 TL
COOLER MASTER MASTERFAN MF120 LITE ARGB 1x120mm ARGB LED Beyaz Kasa Fanı;769 TL
Hyper PLA Orange CREALITY Hyper PLA Orange Filament;939 TL
AMD R5 7500F - RX 9060 XT - A620M - 1TB SSD - 16GB RAM;55.631 TL
NEXT LEVEL RACING Stand Lite Monitor;9.619 TL
"ASUS 26,5"" ROG STRIX XG27AQDMGR 0,03Ms 240Hz WOLED GAMING MONITOR";26.770 TL
0,0 E681-KHNN85-S00 COOLER MASTER 681 TG 850W 80 PLUS GOLD GEN5 4x120mm ARGB ATX SİYAH KASA;8.199 TL
0,0 RZ01-05240400-R3G1 RAZER BASILISK V3 PRO 35000 DPI PHANTOM WHITE EDITION GAMING MOUSE-BEYAZ;8.949 TL
0,0 MAY-T2HP-217PA-R1 COOLER MASTER HYPER 212 3DHP SİYAH ARGB 1x120mm INTEL1851/AM5 Uyumlu CPU Soğutucu;1.609 TL
"Ace Esports ASUS 24,1"" ROG STRIX XG248QSG ACE ESPORTS 0.1Ms 610Hz FULL HD TN GAMING MONITOR";36.299 TL
THERMALTAKE TOUGHPOWER GT 1000W GOLD 80PLUS GEN5 FULL MODÜLER SİYAH GÜÇ KAYNAĞI;10.449 TL
ZENITH SİYAH RAMPAGE ZENITH 26000 DPI BLUETOOTH GAMING MOUSE-SİYAH;1.929 TL
"RAMPAGE 25"" RAGE RG25R300 1Ms 300Hz FULL HD IPS GAMING MONITOR";7.306 TL
LOGITECH G PRO X SUPERLIGHT 2 SE KABLOSUZ GAMING MOUSE-SİYAH;6.029 TL
"LG 31.5"" 32G810SA-W 1Ms 144Hz 4K SMART GAMING MONİTÖR";35.159 TL
SİYAH Rampage KL-R21 GRAND Siyah Oyuncu Koltuğu;18.729 TL
0,0 DUAL-RX9060XT-8G ASUS DUAL RADEON RX 9060 XT GAMING 8GB GDDR6 128Bit AMD Ekran Kartı;18.559 TL
"VIEWSONIC 27"" VX27G1-HD 1Ms 180Hz FULL HD IPS GAMING MONITOR";6.399 TL
5,0 TUF GAMING B850-E WIFI ASUS TUF GAMING B850-E WIFI AMD B850 Soket AM5 DDR5 8000MHz(OC) M.2 Anakart;12.019 TL
SPATIUM S270 SATA 2.5 960GB MSI 960GB SPATIUM S270 SATA 3.0 SSD (500MB Okuma / 450MB Yazma);10.419 TL
ASUS PRIME GeForce RTX 5060 TI OC 8GB GDDR7 128Bit DLSS 4 Ekran Kartı;23.389 TL
0,0 RTX 5070 12G VENTUS 3X OC MSI GeForce RTX 5070 VENTUS 3X OC 12G GDDR7 192Bit DLSS 4 Ekran Kartı;42.309 TL
THERMALTAKE TOUGHPOWER GT 850W GOLD 80PLUS FULL MODÜLER SİYAH GÜÇ KAYNAĞI;7.559 TL
Rampage KL-R21 GRAND Fildişi Oyuncu Koltuğu;18.729 TL
PRIME B860-PLUS WIFI ASUS PRIME B860-PLUS WIFI Intel B860 Soket 1851 DDR5 8200Mhz (OC) M.2 Anakart;8.019 TL
TUF GAMING B650-E WIFI ASUS TUF GAMING B650-E WIFI AMD B650 Soket AM5 DDR5 8000MHz (OC) M.2 Anakart;9.509 TL
INFINITE C120 BEYAZ RAMPAGE INFINITE C120 BEYAZ ARGB 1x120mm FANLI SIVI SOĞUTMA SİSTEMİ;2.029 TL
MAG PANO 100R PZ MSI MAG PANO 100R PZ 4x120mm ARGB FANLI ATX SİYAH GAMING KASA;7.509 TL
0,0 PRIME Z890-P WIFI ASUS PRIME Z890-P WIFI Intel Z890 Soket 1851 DDR5 8400Mhz (OC) M.2 Anakart;12.809 TL
LG 27'' ULTRAGEAR 27GS65F-B 1Ms 180Hz FULL HD IPS GAMING MONITOR;7.996 TL
0,0 MAG CORELIQUID I360 MSI MAG CORELIQUID I360 360mm ARGB SIVI SOĞUTMA SİSTEMİ;6.709 TL
"ASUS 23,8"" VZ24EHF 1Ms 100Hz FULL HD IPS MONITOR";4.179 TL
SGP MOZA SGP Sıralı Vites Kolu;5.546 TL
"LG 27"" ULTRAGEAR 27GS60F-B 1Ms 180Hz FULL HD IPS GAMING MONITOR";6.996 TL
"ASUS 27""ROG STRIX XG27UCS 1Ms 160Hz 4K GAMING MONITOR";18.139 TL
COOLER MASTER MASTERBOX 600 TG Mesh 3X140MM ARGB MidT ATX SİYAH KASA;7.559 TL
ROG STRIX IMPACT III WL ASUS ROG STRIX IMPACT III WL 36000 DPI KABLOSUZ GAMING MOUSE;2.729 TL
"LG 24,5"" 25MS500-B 5Ms 100Hz FULL HD IPS MONITOR";5.296 TL
Crucial Pro 16GB DDR4-3200 UDIMM CL22 (8Gbit/16Gbit) Soğutuculu PC Ram;8.249 TL
Crucial 2TB 1050MB/1050MB X9 PRO Serisi Portable (Solid State Disk) SSD;13.009 TL
Intel Core i5 14600K Soket 1700 14.Nesil 5.30GHz 20MB Önbellek 10nm İşlemci;17.869 TL
COOLER MASTER HYPER 212 HALO BEYAZ 1x120mm Intel1851/ 1700/AM5 CPU Soğutucu;2.149 TL
COOLER MASTER HYPER 212 HALO SİYAH 1x120mm Intel1851/ 1700/AM5 CPU Soğutucu;2.149 TL
SPATIUM S270 SATA 2.5” 240GB MSI 240GB SPATIUM S270 SATA 3.0 SSD (500MB Okuma / 400MB Yazma);3.959 TL
MPG A1000G PCIE5 MSI MPG A1000G PCIE5 1000W 80 PLUS GOLD Full Modüler GÜÇ KAYNAĞI;10.709 TL
THRUSTMASTER TCA Officer Pack Airbus Edition Joystick Seti;11.749 TL
Crucial 2TB P3 Plus Serisi NVMe M.2 SSD (Okuma 5000MB/ Yazma 4200MB);15.539 TL
INCA IWM-211RG SILENT KABLOSUZ MOUSE-ROSE GOLD;459 TL
4,9 MZ-77E500BW Samsung 500GB 870 EVO SATA 3.0 (Okuma 560MB / Yazma 530MB);9.899 TL
EVEREST UN-796 KABLOLU KLAVYE MOUSE SET;599 TL
INTEL I5 12400F - RTX 5050 - H610M - 1TB SSD - 16GB RAM;44.419 TL
PRO A620AM-G EVO WIFI MSI PRO A620AM-G EVO WIFI AMD A620 AM5 DDR5 6800MHz mATX Anakart;4.619 TL
Hyper PLA Black CREALITY Hyper PLA Black Filament;939 TL
Hyper PLA Gold CREALITY Hyper PLA Gold Filament;939 TL
AMD R5 5500 - RTX 5060 - A520M - 1TB SSD - 16GB RAM;50.663 TL
AMD R7 7800X3D - RTX 5060 TI - X670 - 1TB M.2 SSD - 16GB RAM;89.251 TL
AMD R5 5500 - RX 9060 XT - A520M - 512GB M.2 SSD - 16GB RAM;45.357 TL
GOODRAM 32GB (2x16GB) IRDM DDR5 6000MHz CL30 1.35V Soğutuculu PC Ram;34.169 TL
0,0 SSDR-GRC01-1K0-80 GOODRAM 1TB GEN5 NVMe M.2 SSD (Okuma Hızı 10200MB / Yazma Hızı 8400MB);13.949 TL
CORSAIR NAUTILUS 240 RS 2x120mm ARGB 240mm SİYAH SIVI SOĞUTMA SİSTEMİ;5.279 TL
CORSAIR 3500X 750W 80PLUS BRONZE 3x120mm ARGB MidT ATX SİYAH KASA;8.519 TL
ROG STRIX HELIOS II GX601S - BLACK ASUS ROG STRIX HELIOS II GX601S BLACK 4x140mm ARGB Fanlı E-ATX Kasa;18.489 TL
"SAMSUNG 27"" LS27FG702EUXUF ODYSSEY 1Ms 180Hz 4K IPS GAMING MONITOR";17.999 TL
RTX 5070 12G INSPIRE 3X OC MSI GeForce RTX 5070 INSPIRE 3X OC 12G GDDR7 192Bit DLSS 4 Ekran Kartı;46.719 TL
PRIME MR120 FAN ARGB BEYAZ ASUS PRIME MR120 ARGB 120mm TEKLİ BEYAZ KASA FANI;1.099 TL
ALLY S RAMPAGE ALLY K11 SİYAH RGB RED SWITCH MEKANİK GAMING KLAVYE-SİYAH;1.459 TL
"LG 27"" 27UP850K-W 5Ms 60Hz 4K IPS MONITOR-BEYAZ";19.089 TL
MAG 27C6X MSI 27'' MAG 27C6X 1Ms(MPRT) 250Hz FHD CURVED GAMING MONİTÖR;7.369 TL
CLAW Beyaz RED RAMPAGE CLAW BEYAZ RED RAINBOW RED SWITCH MEKANİK GAMING KLAVYE;1.679 TL
RAZER DEATHADDER V4 PRO 45000 DPI KABLOSUZ GAMING MOUSE-BEYAZ;10.559 TL
MAG 274CQF MSI 27'' MAG 274CQF 0.5Ms(GTG) 180Hz WQHD CURVED GAMING MONİTÖR;9.199 TL
GAMING PLUS WIFI MSI B850M GAMING PLUS WIFI AMD B850 Soket AM5 DDR5 8200MHZ(OC) M.2 Anakart;9.119 TL
GAMING PLUS WIFI6E MSI B850 GAMING PLUS WIFI6E AMD B850 Soket AM5 DDR5 8200MHZ(OC) M.2 Anakart;10.989 TL
0,0 CA-1Z2-00M1WN-00 THERMALTAKE View 380 Siyah 4x120mm ARGB Fanlı Back-Connect Destekli MidT ATX Kasa;6.169 TL
4,5 MPX-8503-AFAG-2EBEU COOLER MASTER MWE V3 850W 80PLUS GOLD FULL GEN5 MODÜLER GÜÇ KAYNAĞI;6.439 TL
"VIEWSONIC 24"" VX24G1-HD 1ms 180hz FULL HD IPS GAMING MONITOR";4.999 TL
5,0 RTX 5070 12G SHADOW 3X OC MSI GeForce RTX 5070 SHADOW 3X OC 12GB GDDR7 192Bit DLSS 4 Ekran Kartı;42.599 TL
Intel Core Ultra 7 265 Soket 1851 5.30GHz 30MB Önbellek 3nm İşlemci;20.351 TL
Intel Core Ultra 5 235 Soket 1851 5.0GHz 24MB Önbellek 3nm İşlemci;15.406 TL
V2 Beyaz RAMPAGE SMX-R44 V2 12800 DPI RGB KABLOLU GAMING MOUSE - BEYAZ;629 TL
KIOXIA Exceria Heatsink 2TB NVMe M.2 SSD (6200MB Okuma / 4900MB Yazma);17.459 TL
THERMALTAKE TOUGHPOWER GT 750W GOLD 80PLUS FULL MODÜLER SİYAH GÜÇ KAYNAĞI;6.639 TL
ASUS TUF GeForce RTX 5070 TI GAMING OC 16GB GDDR7 256Bit DLSS 4 Ekran Kartı;64.569 TL
MAG X870E TOMAHAWK WIFI MSI MAG X870E TOMAHAWK WIFI AMD X870 Soket AM5 8400MHz (OC) M.2 Anakart;22.229 TL
ZALMAN ZM-AM5MKA CNPS16X AMD Uyumlu AM5 Soket Montaj Kiti;5.499 TL
Intel Core Ultra 7 265K Soket 1851 5.50GHz 36MB Önbellek 3nm İşlemci;18.322 TL
INFINITE C120 SİYAH RAMPAGE INFINITE C120 SİYAH ARGB 1x120mm FANLI SIVI SOĞUTMA SİSTEMİ;1.929 TL
5,0 TUF GAMING Z890-PLUS WIFI ASUS TUF GAMING Z890-PLUS WIFI Intel Z890 Soket 1851 DDR5 9066Mhz (OC) M.2 Anakart;14.129 TL
GSKILL 32GB (2x16GB) Ripjaws M5 Beyaz RGB DDR5 6400MHz CL36 1.35V Dual Kit Ram;30.999 TL
LOGITECH POP ICON BLUETOOTH KLAVYE MOUSE SET-PUDRA PEMBE;2.896 TL
0,0 PROART X870E-CREATOR WIFI ASUS PROART X870E-CREATOR WIFI AMD X870 Soket AM5 DDR5 8000MHz(OC) M.2 Anakart;26.129 TL
TUF GAMING AS2000 PLUS ASUS TUF GAMING PLUS 2TB USB 3.2 Siyah Taşınabilir SSD;18.359 TL
"ASUS 27"" ROG STRIX XG27WCS 1Ms 180Hz 2K GAMING MONITOR";12.599 TL
TUF GAMING GT502 PLUS ASUS TUF GAMING GT502 PLUS USB 3.2 TEMPERLİ CAM MidT ATX OYUNCU KASASI;9.139 TL
5,0 RR-S4NA-17PA-R1 COOLER MASTER HYPER 212 SPECTRUM V3 1x120mm ARGB Intel1851/ 1700/AM5 CPU Soğutucu;1.669 TL
MAG A850GL PCIE5 WHITE MSI MAG A850GL PCIE5 BEYAZ 850W 80 PLUS GOLD GÜÇ KAYNAĞI;8.499 TL
LOGITECH MX ANYWHERE 3S SILENT KABLOSUZ MOUSE-PEMBE;3.299 TL
XPG 8GB (1x8GB) Spectrix D35G RGB DDR4 3200MHz CL16 1.35V PC Ram;3.569 TL
MAG CORELIQUID M240 MSI MAG CORELIQUID M240 240mm Sıvı İşlemci Soğutucu;4.479 TL
WOOF GRİ Rampage WOOF Gri Gaming Oyuncu Koltuğu;18.719 TL
Casper Excalibur 23.8'' 200Hz 1MS(MPRT) Curved G-Sync / FreeSync Oyuncu Monitörü;4.499 TL
GSKILL 4GB Value DDR3L 1600Mhz CL11 1.35V Tek Modül Notebook Ram;1.069 TL
INCA IWM-500GL LASER KABLOSUZ MOUSE-SİYAH;559 TL
AMD R7 5700 - RX 9060 XT - A520M - 1TB SSD - 16GB RAM;46.106 TL
"YENİ ÜRÜN 0,0 LS27HG612SUXUF SAMSUNG 27"" LS27HG612SUXUF ODYSSEY G6 0.03Ms(GTG) 240Hz QHD OLED GAMING MONITOR";28.999 TL
CR-PETG Yellow CREALITY CR-PETG Yellow Filament;669 TL
MAG X870E TOMAHAWK MAX WIFI MSI MAG X870E TOMAHAWK MAX WIFI AMD X870 Soket AM5 8400MHz (OC) M.2 Anakart;23.119 TL
0,0 VTN-PKT-YS59 INTEL I5 12400F - RTX 5060 TI - H610M - 1TB M.2 SSD - 16GB RAM;54.390 TL
MAG B850 GAMING PLUS MAX WIFI MSI MAG B850 GAMING PLUS MAX WIFI AMD B850 Soket AM5 DDR5 8200MHZ(OC) M.2 Anakart;10.549 TL
0,0 VTN-PKT-YS41 AMD R7 7800X3D - RTX 5070 TI - X670 - 1TB M.2 SSD - 32GB RAM;132.340 TL
0,0 32GX850A-B LG 32'' ULTRAGEAR 32GX850A-B 0.03Ms(GTG) 165 Hz OLED 4K UHD GAMING MONITOR;44.999 TL
AMD R5 5500 - RTX 5060 - A520M - 500GB SSD - 16GB RAM;50.035 TL
COOLER MASTER MASTERLIQUID CORE NEX ML240 2x120mm ARGB BEYAZ SIVI SOĞUTMA SİSTEMİ;4.949 TL
PLUS TG ARGB BEYAZ ASUS A32 PLUS TG ARGB BEYAZ 4x120mm ARGB FANLI ATX KASA;6.109 TL
Hyper PLA Perry Blue CREALITY Hyper PLA Perry Blue Filament;939 TL
"0,0 27GX700A-B LG 26,5"" ULTRAGEAR 27GX700A-B 0,03Ms(GTG) 280Hz QHD OLED GAMING MONITOR";32.749 TL
MLG EDITION MSI B850 MLG EDITION AMD B850 Soket AM5 DDR5 8400MHZ(OC) M.2 Anakart;12.699 TL
CORSAIR RM1000e 1000W 80PLUS GOLD FULL MODÜLER SİYAH GÜÇ KAYNAĞI;10.229 TL
5,0 B650M PG LIGHTNING ASROCK B650M PG LIGHTNING AMD B650 Soket AM5 DDR5 7200MHz (OC) M.2 Anakart;6.859 TL
RTX 5060 TI 16G VENTUS 2X OC PLUS MSI GeForce RTX 5060 TI VENTUS 2X OC PLUS 16GB GDDR7 128Bit DLSS 4 Ekran Kartı;37.099 TL
XFX SPEEDSTER SWIFT 210 RADEON RX 7600 8GB GDDR6 128Bit AMD Ekran Kartı;17.699 TL
Verbatim 256GB Plectra USB-C Black USB Bellek;2.379 TL
BITFENIX KUZY SİYAH LGA1851/AM5 3x120mm ARGB Fan 360mm Dijital Göstergeli Sıvı Soğutma;5.419 TL
RAZER BASILISK V3 PRO 35000 DPI PHANTOM GREEN EDITION GAMING MOUSE-YEŞİL;8.949 TL
INNO3D GeForce RTX 5060 TWIN X2 OC V2 8GB GDDR7 128bit DLSS 4 Ekran Kartı;25.149 TL
GOODRAM 64GB (2x32GB) IRDM DDR5 6400MHz CL32 1.35V Soğutuculu PC Ram;51.629 TL
FAZEON F16 650W 80PLUS BRONZE Mesh 2x140mm&1x120mm ARGB Fanlı ATX Siyah Bilgisayar Kasası;3.759 TL
THERMALTAKE TOUGHPOWER GT 1200W GOLD 80PLUS GEN5 FULL MODÜLER BEYAZ GÜÇ KAYNAĞI;11.499 TL
ENIGMA 75 Beyaz RAMPAGE ENIGMA 75 BEYAZ RGB RED SWITCH MEKANİK GAMING KLAVYE-BEYAZ;1.759 TL
AMD R5 7500F - RTX 5060 TI - B650M DDR5 - 1TB M.2 SSD - 16GB RAM;73.048 TL
COOLER MASTER MASTERLIQUID CORE II 360 ARGB LED FANLI BEYAZ SIVI SOĞUTMA;6.289 TL
0,0 B850 MAX GAMING WIFI W ASUS B850 MAX GAMING WIFI W AMD B850 Soket AM5 DDR5 8000MHz(OC) M.2 Anakart;10.739 TL
"ASUS 15,6"" ZENSCREEN MB16AHV 5Ms 60Hz FULL HD IPS TASINABILIR MONITOR";8.079 TL
"SAMSUNG 32"" LS32FG812SUXUF ODYSSEY G8 0.03Ms 240Hz 4K OLED GAMING MONITOR";44.999 TL
"LG 31,5"" 32UN880K-B 5Ms 60Hz 4K IPS MONITOR";25.789 TL
SPATIUM S270 SATA 2.5” 480GB MSI 480GB SPATIUM S270 SATA 3.0 SSD (500MB Okuma / 450MB Yazma);7.419 TL
MAG A650BNL WHITE MSI MAG A650BNL BEYAZ 650W 80 PLUS BRONZE GÜÇ KAYNAĞI;3.499 TL
COOLER MASTER MASTERLIQUID ION 360 ARGB LED FANLI İŞLEMCİ SIVI SOĞUTMA;16.159 TL
LOGITECH G PRO X TKL RAPID KABLOLU İNGİLİZCE GAMING KLAVYE;9.760 TL
ASUS 27'' XG27ACDNG ROG STRIX 0.3Ms 360Hz OLED QHD GAMING MONITOR;36.499 TL
LG 27'' ULTRAGEAR 27GS75Q-B 1Ms 180Hz QHD IPS GAMING MONITOR;9.996 TL
"0,0 VA27UQSB ASUS 27"" VA27UQSB 5Ms 60Hz 4K IPS MONITÖR";13.099 TL
MAG PANO M100R PZ WHITE MSI MAG PANO M100R PZ 1x Type-C mATX BEYAZ GAMING KASA;5.429 TL
GSKILL 64GB (2x32GB) Ripjaws S5 Siyah DDR5 6000MHz CL36 1.35V DUAL PC Ram;50.639 TL
Samsung 2TB T9 USB 3.2 Siyah (Okuma 2000MB/Yazma 2000MB) Taşınabilir SSD;37.789 TL
ROG HYPERION GR701 WHITE ASUS ROG HYPERION GR701 WHITE 4x140mm Fanlı Full Tower Kasa;24.959 TL
KINGSTON 256GB DataTraveler Exodia DTXM/256 USB 3.2 Flash Bellek;2.159 TL
Intel Core i7 14700KF Soket 1700 14.Nesil 5.60GHz 33MB Önbellek 10nm İşlemci;25.669 TL
MAG CORELIQUID E360 MSI MAG CORELIQUID E360 3x120mm ARGB FANLI SIVI SOĞUTMA SİSTEMİ;6.289 TL
Crucial 4TB P3 PLUS Serisi NVMe M.2 SSD (Okuma 4800MB/ Yazma 4100MB);28.469 TL
RAZER PRO CLICK MINI 12000 DPI KABLOSUZ GAMING MOUSE;2.739 TL
MONCHER RGB Rampage KL-R19 MONCHER RGB Aydınlatmalı Siyah Oyuncu Koltuğu;19.079 TL
KIOXIA Exceria Pro 2TB NVMe M.2 SSD (7300MB/s Okuma / 6400MB/s Yazma);20.059 TL
CGR-ARMOR-TITAN-PRO COUGAR CGR-ARMOR-TITAN-PRO Siyah Oyuncu Koltuğu;25.939 TL
RAMPAGE COOLBLADE 1x120mm FANLI İŞLEMCİ SOĞUTUCU;769 TL
THERMALTAKE PCI-e X16 Riser Cable;1.709 TL
"FRISBY FHC-2550S 2.5"" SATA HARDDISK KUTUSU USB 3.0 GÜMÜŞ";599 TL
0,0 VTN-PKT-RB33 INTEL U5 225F - RTX 5070 - H810M - 1TB SSD - 16GB RAM;62.266 TL
0,0 VTN-PKT-RB32 AMD R5 5600 - RTX 5050 - A520M - 512GB SSD - 16GB RAM;35.018 TL
POWERBOOST CIRCLE BEYAZ LGA1700/AM5 3x120mm Rainbow Fanlı 360mm Sıvı Soğutma;3.849 TL
CR-PETG Blue CREALITY CR-PETG Blue Filament;669 TL
INTEL I5 12400F - RTX 5060 - H610M - 1TB SSD - 16GB RAM;53.865 TL
0,0 ROG RYUO IV 360 ARGB WHT ASUS ROG RYUO IV 360 ARGB WHT 3x120mm 360mm BEYAZ SIVI SOĞUTUCU;21.389 TL
"0,0 X34F180QP FAZEON 34"" X34F180QP 0.5Ms 180Hz UWQHD KAVİSLİ VA GAMING MONITOR";10.999 TL
AMD R5 5500 - RX 7600 - A520M - 500GB SSD - 16GB RAM;44.993 TL
INTEL I5 14400F - RTX 5060 - H610M - 500GB SSD - 16GB RAM;50.840 TL
BLACK A4TECH BLOODY S310N FIRE BLACK TKL RED SWITCH MEKANİK GAMING KLAVYE-BLACK;3.569 TL
GAMING PRO WIFI6E MSI B850 GAMING PRO WIFI6E AMD B850 Soket AM5 DDR5 8200MHZ(OC) M.2 Anakart;11.239 TL
LOGITECH G515 LIGHTSYNC TKL KABLOLU MEKANİK GAMING KLAVYE;6.249 TL
CGR-DSF-GRB COUGAR DEFANSOR S JET GRAY F Gri Oyuncu Koltuğu;24.089 TL
Hyper PLA Purple CREALITY Hyper PLA Purple Filament;939 TL
MPG A1250GS PCIE5 MSI MPG A1250GS PCIE5 1250W 80 PLUS GOLD GÜÇ KAYNAĞI;12.589 TL
CORSAIR NAUTILUS 360 RS 3x120mm ARGB 360mm SİYAH SIVI SOĞUTMA SİSTEMİ;7.039 TL
PLUS TG ARGB WHITE ASUS A21 PLUS TG WHITE 4x120mm ARGB FANLI mATX KASA;4.859 TL
Verbatim 512GB Snapback USB 3.2 Mocha Metalik Harici SSD;6.019 TL
COOLER MASTER MasterLiquid Atmos II 360 Pixel ARGB 3x120mm Led Gösterge Sıvı Soğutma;12.149 TL
TUF GAMING B850M-PLUS WIFI7 W ASUS TUF GAMING B850M-PLUS WIFI7 W B850 Soket AM5 DDR5 8000MHz(OC) M.2 Anakart;12.669 TL
0,0 TUF GAMING A620AM-PLUS ASUS TUF GAMING A620AM-PLUS A620 Soket AM5 DDR5 7600MHz(OC) M.2 Anakart;6.479 TL
Verbatim 512GB Dual Quickstick USB-C/USB-A USB Bellek;4.729 TL
GOODRAM 16GB (1x16GB) IRDM X DDR4 3200MHz CL16 1.35V Soğutuculu PC Ram;8.309 TL
TUF GAMING X870E-PLUS WIFI7 ASUS TUF GAMING X870E-PLUS WIFI7 AMD X870 Soket AM5 DDR5 8000MHz(OC) M.2 Anakart;21.009 TL
Briar Beyaz EVEREST BRIAR RGB RED SWITCH MEKANIK MINI GAMING KLAVYE-BEYAZ;1.199 TL
SAPPHIRE RADEON RX 9060 XT PURE 16GB GDDR6 128Bit AMD Ekran Kartı;25.559 TL
ASUS TUF GeForce RTX 5060 OC 8GB GDDR7 128Bit DLSS 4 Ekran Kartı;23.099 TL
AMD R5 7500F - RTX 5070 - B650M - 1TB M.2 SSD - 32GB DDR5 RAM;90.987 TL
AMD R5 7500F - RTX 5060 - A620M DDR5 - 500GB SSD - 16GB RAM;62.353 TL
ZOTAC GeForce RTX 5060 TI GAMING TWIN EDGE 8GB GDDR7 128Bit DLSS 4 Ekran Kartı;29.959 TL
Intel Core Ultra 5 225 Soket 1851 4.90GHz 20MB Önbellek 3nm İşlemci;13.818 TL
RX 9070 XT TAICHI OC ASROCK RADEON RX 9070 XT TAICHI OC 16GB GDDR6 256Bit AMD Ekran Kartı;46.999 TL
Crucial 1TB P310 Serisi NVMe M.2 SSD (Okuma 7100MB / Yazma 6000MB);12.069 TL
5,0 RTX 5080 16G SHADOW 3X OC MSI GEFORCE RTX 5080 SHADOW 3X OC 16G GDDR7 256Bit DLSS 4 Ekran Kartı;82.549 TL
GSKILL 32GB (2x16GB) Ripjaws M5 Siyah DDR5 6000MHz CL36 1.35V RGB PC Ram;32.249 TL
0,0 PRIME B860M-K ASUS PRIME B860M-K Intel B860 Soket 1851 DDR5 8800Mhz (OC) M.2 Anakart;7.789 TL
MAG PANO 100R PZ WHITE MSI MAG PANO 100R PZ 4x120mm ARGB FANLI ATX BEYAZ GAMING KASA;7.789 TL
GAMING PLUS WIFI MSI Z890 GAMING PLUS WIFI Z890 Soket 1851 DDR5 9200MHz (OC) M.2 Anakart;15.149 TL
PRO Z890-S WIFI MSI PRO Z890-S WIFI Z890 Soket 1851 DDR5 8600MHz (OC) M.2 Anakart;12.919 TL
GSKILL 32GB (2x16GB) Ripjaws M5 RGB DDR5 6400MHz CL36 1.35V Dual Kit Ram;28.219 TL
COUGAR POSEIDON ELITE ARGB 240 2x120mm FANLI İŞLEMCİ SIVI SOĞUTUCU;4.299 TL
Razer Iskur V2 Yeşil Oyuncu Koltuğu;33.349 TL
Razer Iskur X- XL Yeşil Oyuncu Koltuğu;23.669 TL
RAZER VIPER V3 PRO 35000 DPI KABLOSUZ GAMING MOUSE-BEYAZ;7.629 TL
RAZER VIPER V3 PRO 35000 DPI KABLOSUZ GAMING MOUSE-SİYAH;8.799 TL
LOGITECH G PRO X60 LIGHTSPEED KABLOSUZ GAMING KLAVYE-BEYAZ;11.230 TL
TUF GAMING GT302 TG ARGB – SİYAH ASUS TUF GAMING GT302 TG BTF 4x140mm ARGB FANLI SİYAH KASA;7.789 TL
FRISBY FK-4880QU KABLOSUZ Q-TÜRKÇE MULTİMEDYA KLAVYE & MOUSE;849 TL
PRO H610M-G MSI PRO H610M-G Intel H610 Soket 1700 DDR5 5600MHz (OC) M.2 Anakart;3.699 TL
MAG FORGE 320R AIRFLOW MSI MAG FORGE 320R AIRFLOW 4x120mm HAVA AKIŞI MidT ATX KASA;4.479 TL
GAMING PLUS WIFI MSI Z790 GAMING PLUS WIFI 7200MHz(OC) DDR5 Soket 1700 M.2 HDMI ATX Anakart;9.439 TL
COOLER MASTER HYPER 212 BLACK X DUO 2x120mm Intel1851/ 1700/AM5 CPU Soğutucu;2.679 TL
Intel Core i9 14900K Soket 1700 14.Nesil 3.2GHz 32MB Önbellek 10nm İşlemci;36.549 TL
Rampage TRIM X30 Şeffaf PVC Bakır 18AWG ARGB Power Supply 24Pin Uzatıcı Kablo;1.019 TL
XPG 8GB (1x8GB) Spectrix D35 Siyah DDR4 3600MHz CL18 1.35V PC Ram;4.349 TL
STEELSERIES AEROX 3 ONYX 8500 DPI KABLOLU GAMING MOUSE;1.699 TL
Crucial 16GB (1x16GB) DDR5 5600MHz CL46 (16Gbit) Notebook Ram;12.149 TL
HG2-1000,Gen5 FSP HYDRO G PRO ATX3.0 (PCIe5.0) 1000W 80PLUS GOLD FULL MODÜLER GÜÇ KAYNAĞI;12.459 TL
THRUSTMASTER T80 Ferrari 488 GTB PS/PC Direksiyon Seti;12.049 TL
ASUS ROG STRIX ARION M.2 NVMe USB 3.2 SSD KUTUSU;4.009 TL
MAG A550BN MSI MAG A550BN 550W 80 PLUS BRONZE GÜÇ KAYNAGI;2.719 TL
Crucial 16GB (1x16GB) DDR4 3200MHz CL22 1.2V PC Ram;7.749 TL
LOGITECH MK235 KABLOSUZ İNGİLİZCE KLAVYE MOUSE SET-SİYAH;1.609 TL
OPTIMA II WHITE (RGB) ZALMAN CNPS10X OPTIMA II 1x120mm RGB FANLI BEYAZ İŞLEMCİ SOĞUTUCU;2.749 TL
ASUS TUF GAMING 650W 80PLUS BRONZE GÜÇ KAYNAĞI;4.429 TL
INCA IMG-327 OPHIRA 4800 DPI RGB KABLOLU GAMING MOUSE;549 TL
AMD R7 5700 - RTX 5070 - A520M - 1TB SSD - 32GB RAM;69.956 TL
THERMALTAKE TH360 V3 Ultra ARGB Led Fanlı 360mm LGA1700/AM5 Serisi Uyumlu Sıvı Soğutucu;8.909 TL
PRO H810M-E MSI PRO H810M-E Intel H810 Soket 1851 DDR5 6400MHz (OC) M.2 Anakart;5.119 TL
INTEL U5 245KF - RTX 5060 TI - H810M - 1TB SSD - 16GB RAM;74.073 TL
"ASUS 31,5"" ROG SWIFT PG32UCDM3 0,03Ms 240Hz 4K OLED GAMING MONITOR";81.159 TL
MAX GAMING LC 360 ARGB LCD WHT ASUS MAX GAMING LC 360 ARGB LCD WHT 3x120mm 360mm BEYAZ SIVI SOĞUTUCU;7.209 TL
ROG STRIX LC III 360 ARGB LCD WHT ASUS ROG STRIX LC III 360 ARGB LCD WHT 3x120mm 360mm BEYAZ SIVI SOĞUTUCU;15.169 TL
"SAMSUNG 27"" ESSENTIAL S4 5Ms 100Hz FULL HD IPS MONİTÖR";9.130 TL
AMD R7 5700X - RTX 5070 - B550M - 1TB M.2 SSD - 32GB RAM;86.122 TL
RX 9070 XT CHALLANGER ASROCK RADEON RX 9070 XT CHALLENGER 16GB GDDR6 256Bit AMD Ekran Kartı;41.119 TL
FUTURE BLACK HAWK GAMING CHAIR Future Black Kumaş Oyuncu Koltuğu;16.929 TL
MAG X870E GAMING MAX WIFI MSI MAG X870E GAMING MAX WIFI AMD X870 Soket AM5 8400MHz (OC) M.2 Anakart;14.349 TL
NEXT LEVEL RACING Stand Free Standing Single Monitor;17.479 TL
AMD R5 5500 - RX 9060 - A520M - 512GB M.2 SSD - 16GB RAM;44.153 TL
MLG EDITION MSI MAG A850GLS MLG EDITION PCIE5 850W 80 PLUS GOLD GÜÇ KAYNAĞI;7.139 TL
PRIME AP303 TG BLACK ASUS PRIME AP303 TG 1x120mm FANLI midT ATX SİYAH KASA;4.639 TL
Hyper PLA Green CREALITY Hyper PLA Green Filament;939 TL
ROG CROSSHAIR X870E DARK HERO ASUS ROG CROSSHAIR X870E DARK HERO AMD X870 Soket AM5 DDR5 9600MHz(OC) M.2 Anakart;49.359 TL
INTEL U5 245KF - RTX 5060 TI - H810M - 1TB M.2 SSD - 16GB RAM;75.268 TL
PRO DUO A4TECH BLOODY R72 PRO DUO 26000 DPI KABLOSUZ MASAÜSTÜ ALICI İSTASYONLU GAMING MOUSE-SİYAH;3.499 TL
AMD R5 7600X - RTX 5060 TI - A620M-K - 1TB SSD - 16GB RAM;83.215 TL
MAG B850 TOMAHAWK WIFI MSI MAG B850 TOMAHAWK WIFI AMD B850 Soket AM5 DDR5 8400MHZ(OC) M.2 Anakart;15.229 TL
4,5 MAG PANO 110R PZ MSI MAG PANO 110R PZ 4x120mm ARGB FANLI ATX SİYAH GAMING KASA;5.369 TL
THERMALTAKE TOUGHPOWER GT 1200W GOLD 80PLUS GEN5 FULL MODÜLER SİYAH GÜÇ KAYNAĞI;11.499 TL
THERMALTAKE TOUGHPOWER GT 1000W GOLD 80PLUS GEN5 FULL MODÜLER BEYAZ GÜÇ KAYNAĞI;10.449 TL
"SAMSUNG 27"" LS27D390GAUXUF ESSENTIAL 4Ms 100Hz FULL HD CURVED MONITOR";5.299 TL
ROG KERIS II ORIGIN - BEYAZ ASUS ROG KERIS II ORIGIN 42000 DPI GAMING MOUSE-BEYAZ;5.749 TL
PRIME LC 360 ARGB - BEYAZ ASUS PRIME LC 360 ARGB - BEYAZ 360mm INTEL/AMD Uyumlu Sıvı Soğutucu;6.879 TL
GOODRAM 8GB (1x8GB) DDR4 3200MHz CL22 1.2V Notebook Ram;5.869 TL
5,0 MPG CORELIQUID P13 360 MSI MPG CORELIQUID P13 360 3x120mm ARGB FANLI SIVI SOĞUTMA SİSTEMİ;11.179 TL
TUF GAMING B850-BTF WIFI W ASUS TUF GAMING B850-BTF WIFI W AMD B850 Soket AM5 DDR5 8000MHz(OC) M.2 Anakart;13.469 TL
ASUS ROG THOR GAMING 1600W 80PLUS TITANIUM III OLED EKRAN GÜÇ KAYNAĞI;53.589 TL
0,0 MAG CORELIQUID A15 360 MSI MAG CORELIQUID A15 360 3x120mm ARGB FANLI SIVI SOĞUTMA SİSTEMİ;6.309 TL
RTX 5060 TI 8G SHADOW 2X OC PLUS MSI GEFORCE RTX 5060 TI SHADOW 2X OC PLUS 8GB GDDR7 128Bit DLSS 4 Ekran Kartı;25.569 TL
PRO B840M-B MSI PRO B840M-B AMD B840 Soket AM5 DDR5 8000MHZ(OC) M.2 Anakart;5.589 TL
GAMING PLUS WIFI MSI X870E GAMING PLUS WIFI AMD X870 Soket AM5 DDR5 8200MHZ(OC) M.2 Anakart;18.569 TL
COOLER MASTER HYPER 612 APEX 6HP 2x120mm Fanlı Intel/AMD Uyumlu CPU Soğutucusu;4.699 TL
ZOTAC GeForce RTX 5070 GAMING TWIN EDGE OC 12GB GDDR7 192Bit DLSS 4 Ekran Kartı;46.279 TL
XFX SPEEDSTER QUIK 319 RADEON RX 7800 XT 16GB GDDR6 256Bit AMD Ekran Kartı;30.069 TL
CGR-OVL-ORB COUGAR OVERLORD Siyah/Turuncu Oyuncu Koltuğu;22.500 TL
ASUS TUF GeForce RTX 5070 OC 12G GDDR7 192Bit DLSS 4 Ekran Kartı;43.559 TL
Samsung 2TB 9100 PRO GEN5 NVMe M.2 SSD (Okuma Hızı 14700MB / Yazma Hızı 13400MB);41.109 TL
RAZER DEATHADDER V3 PRO HYPERPOLLING GAMING MOUSE;7.629 TL
ZOTAC GeForce RTX 5080 GAMING SOLID OC WHITE 16GB GDDR7 256Bit DLSS 4 Ekran Kartı;92.339 TL
RTX 5070 TI 16G VENTUS 3X OC MSI GeForce RTX 5070 TI VENTUS 3X OC 16G GDDR7 256Bit DLSS 4 Ekran Kartı;66.399 TL
AMD Ryzen™ 9 9950X3D Soket AM5 4.3GHz 128MB 170W 4nm İşlemci;45.619 TL
ZOTAC GeForce RTX 5070 GAMING SOLID OC 12GB GDDR7 192Bit DLSS 4 Ekran Kartı;46.889 TL
THERMALTAKE TOUGHPOWER GT 850W GOLD 80PLUS FULL MODÜLER BEYAZ GÜÇ KAYNAĞI;7.559 TL
THERMALTAKE TH360 V2 ARGB Led Fanlı 360mm Intel/AM5 Serisi Uyumlu Sıvı Soğutucu;7.759 TL
MPG B850 EDGE TI WIFI MSI MPG B850 EDGE TI WIFI AMD B850 Soket AM5 DDR5 8400MHZ(OC) M.2 Anakart;18.009 TL
COOLER MASTER MASTERLIQUID CORE II 360 ARGB LED FANLI İŞLEMCİ SIVI SOĞUTMA;6.289 TL
TUF GAMING A2/BLK/G/AS ASUS TUF GAMING A2 USB-C 3.2 Gen 2x1 M.2 NVMe SSD KUTUSU;4.099 TL
ROG STRIX B860-F GAMING WIFI ASUS ROG STRIX B860-F GAMING WIFI Intel B860 Soket 1851 DDR5 9066Mhz (OC) M.2 Anakart;13.089 TL
ASUS 27'' PA279CRV PRO ART 5Ms 60Hz 4K IPS MONITOR;26.599 TL
XPG 16GB (1x16GB) Lancer Siyah RGB DDR5 6000MHz CL30 1.35V PC Ram;20.009 TL
Apple Sayısal Tuş Takımlı Touch ID Magic Keyboard Türkçe Q - Beyaz;9.799 TL
XPG GAMMIX D35 Siyah DDR4-3600Mhz CL18 32GB (2x16GB) 1.35V PC Ram;17.039 TL
ARCTURUS SİYAH RAMPAGE ARCTURUS SİYAH 7x120mm RGB FANLI 750W 80PLUS BRONZE MidT ATX GAMING KASA;8.839 TL
5,0 MAG A1250GL PCIE5 MSI MAG A1250GL PCIE5 1250W 80 PLUS GOLD GÜÇ KAYNAĞI;10.539 TL
5,0 MPG X870E CARBON WIFI MSI MPG X870E CARBON WIFI AMD X870 Soket AM5 DDR5 8400MHZ(OC) M.2 Anakart;28.369 TL
Crucial 2TB P310 Serisi NVMe M.2 SSD (Okuma 7100MB / Yazma 6100MB);21.339 TL
PROART LC 360 ASUS PROART LC 360 140mm INTEL - AMD UYUMLU FANLI SIVI SOĞUTUCU;13.519 TL
FRISBY FK-4885QU KABLOSUZ Q-TÜRKÇE MULTİMEDYA KLAVYE&MOUSE - MAVİ;849 TL
"SAMSUNG 27"" ODYSSEY G4 LS27BG400EUXUF 1Ms 240Hz IPS GAMING MONITOR";9.499 TL
INTEL I5 12400F - RTX 5060 - H610M - 500GB SSD - 16GB RAM;55.180 TL
Crucial 2TB X10 PRO Serisi Portable SSD (Solid State Disk);17.159 TL
Intel Core i5 14400F Soket 1700 2.5GHz 14. Nesil 20MB Önbellek 10nm İşlemci;12.369 TL
ZALMAN Double Ring 120mm 1300RPM ARGB EBR Bearing Kasa Fanı;649 TL
LOGITECH G PRO X TKL LIGHTSPEED TACTILE KABLOSUZ İNGİLİZCE GAMING KLAVYE;12.949 TL
GAMING PLUS WIFI MSI B650 GAMING PLUS WIFI AMD B650 Soket AM5 DDR5 7200MHz (OC) Anakart;10.619 TL
Crucial 2TB T700 Serisi 3D NAND 12400MB/11800MB PCIe Gen5 NVMe M.2 SSD;26.299 TL
STEELSERIES AEROX 3 ONYX 18000 DPI KABLOSUZ GAMING MOUSE;3.799 TL
STEELSERIES AEROX 5 18000 DPI KABLOLU GAMING MOUSE;1.496 TL
RAZER TARTARUS V2 ANALOG KLAVYE KEYPAD;3.289 TL
PRO B760-P WIFI DDR4 MSI PRO B760-P WIFI Intel B760 Soket 1700 DDR4 5333MHz (OC) M.2 Anakart;8.519 TL
Rampage TM-501 1g 5.15w/m.K Gri Slim Tüp Termal Macun;179 TL
GSKILL 32GB (2x16GB) TRIDENT Z5 SİYAH DDR5 7600MHz CL36 1.40V RGB PC Ram;64.309 TL
Beyaz/Gümüş EVEREST KB-BT82 BLUETOOTH ŞARJLI KABLOSUZ KLAVYE-BEYAZ/GÜMÜŞ;999 TL
TUF GAMING M4 AIR ASUS TUF GAMING M4 AIR 16000 DPI GAMING MOUSE;2.219 TL
LOGITECH MX MASTER 3S 8.000 DPI SILENT OPTİK KABLOSUZ MOUSE-SİYAH;6.829 TL
MAG FORGE M100A MSI MAG FORGE M100A AKRİLİK YAN PANEL AUTO RGB FAN USB 3.2 mATX KASA;2.649 TL
Intel Core i5 12400F Soket 1700 12. Nesil 2.50GHz 18MB Önbellek 10nm İşlemci;10.499 TL
COOLER MASTER MASTERLIQUID ML120L V2 SICKLEFLOW RGB LED ISLEMCI SIVI SOGUTMA;3.399 TL
INCA IWM-212RG SILENT KABLOSUZ MOUSE-ROSE GOLD;509 TL
GSKILL 16GB (2x8GB) Ripjaws V DDR4 4000MHz CL18 1.35V Dual Kit Ram;9.009 TL
THERMALTAKE PURE PLUS 360mm ADRESLENEBİLİR 3x120mm RGB LED'Lİ FAN KONTROLLÜ KASA FAN;3.039 TL
BEYAZ EVEREST SM-781 OPTİK KABLOSUZ MOUSE-BEYAZ;349 TL
ION S HAWK GAMING CHAIR ION S Çift Motorlu Yükseklik Ayarlı 140x70 RGB Siyah Oyuncu Masası;21.469 TL
THERMALTAKE View 370TG Siyah 4x120mm ARGB Fanlı ATX KASA;6.709 TL
0,0 ROG HARPE II ACE - KIRMIZI ASUS ROG HARPE II ACE 42000 DPI KABLOSUZ GAMING MOUSE-KIRMIZI;7.799 TL
0,0 VTN-PKT-YS53 AMD R7 9800X3D - RX 9070 XT - X670 - 1TB M.2 SSD - 32GB RAM;120.009 TL
0,0 VTN-PKT-YS46 INTEL U7 265F - RTX 5070 - Z890M - 1TB M.2 SSD - 32GB RAM;116.432 TL
ROG RYUO IV 360 ARGB ASUS ROG RYUO IV 360 ARGB 3x120mm 360mm SİYAH SIVI SOĞUTUCU;22.759 TL
0,0 VTN-PKT-SMW1 INTEL U9 285K - RTX 5080 - Z890 - 1TB M.2 SSD - 32GB RAM;156.631 TL
AMD R7 5700 - RTX 5060 - A520M - 512GB M.2 SSD - 16GB RAM;50.026 TL
INTEL U7 265KF - RTX 5070 TI - Z890M - 1TB SSD - 32GB RAM;123.469 TL
AMD R7 5700 - RTX 5070 - A520M - 1TB SSD - 16GB RAM;68.474 TL
INTEL U5 225F - RTX 5060 - H810M - 1TB SSD - 32GB RAM;71.875 TL
AMD R5 7500F - RX 9060 - A620M - 500GB SSD - 16GB RAM;53.590 TL
NEXT LEVEL RACING GTLite Junior Foldable Cockpit;14.349 TL
NEXT LEVEL RACING Wheelstand 2.0;21.819 TL
"APPLE 27"" 5K RETINA STUDIO DISPLAY STANDART";99.999 TL
MAG A1000GL PCIE5 WHITE MSI MAG A1000GL PCIE5 WHITE 1000W 80 PLUS GOLD Full Modüler GÜÇ KAYNAĞI;10.999 TL
INTEL U5 225F - RTX 5060 - H810M - 1TB M.2 SSD - 16GB RAM;63.566 TL
INTEL I5 12400F - RTX 5050 - H610M - 512GB SSD - 16GB RAM;49.472 TL
INTEL I7 12700KF - RTX 5060 TI - H610M-K - 1TB M.2 SSD - 16GB DDR5 RAM;82.356 TL
INTEL I5 14400F - RTX 5070 - H610M - 1TB SSD - 16GB RAM;74.879 TL
GOODRAM 256GB PX600 LITE GEN4 NVMe M.2 SSD (Okuma Hızı 3400MB / Yazma Hızı 2000MB);6.869 TL
5,0 PRO B850M-A WIFI PZ MSI PRO B850M-A WIFI PZ AMD B850 Soket AM5 DDR5 8200MHZ(OC) M.2 Anakart;9.199 TL
AMD R5 7500F - RX 9060 XT - B650M - 512GB M.2 SSD - 16GB RAM;62.753 TL
FAZEON F17 1000W 80PLUS BRONZE GEN5 3x120mm ARGB Fanlı ATX Siyah Bilgisayar Kasası;7.659 TL
COUGAR MX220 650W 80 PLUS 4x120mm RGB ATX MESH SİYAH GAMING KASA;4.959 TL
MAG F120 ARGB WHITE-3RW MSI MAG F120 ARGB WHITE 3x120mm 360mm Reverse Kasa Fanı;3.139 TL
RAZER BLACKWIDOW V4 %75 PHANTOM WHITE EDITION US GAMING KLAVYE;12.599 TL
INFINITE V120 SİYAH RAMPAGE INFINITE V120 SİYAH ARGB 1x120mm FANLI SIVI SOĞUTMA SİSTEMİ;1.959 TL
0,0 100-100001904WOF AMD Ryzen™5 7500X3D Soket AM5 4.0GHz 102MB 65W 5nm İşlemci;14.669 TL
FAZEON F17 750W 80PLUS BRONZE 3x120mm ARGB Fanlı ATX Beyaz Bilgisayar Kasası;5.049 TL
0,0 TUF GAMING A620AM-PLUS WIFI ASUS TUF GAMING A620AM-PLUS WIFI A620 Soket AM5 DDR5 7600MHz(OC) M.2 Anakart;6.969 TL
"ASUS 32"" ROG STRIX XG32UCDS 0.03Ms 165Hz 4K QD-OLED GAMING MONITOR";43.299 TL
ASUS 27'' PA27UCGE PRO ART 1Ms 160Hz 4K IPS MONITOR;43.909 TL
Crucial Pro OC 16GB (1x16GB) DDR5 6400MHz CL32 Soğutuculu Beyaz PC Ram;20.339 TL
Tilion Beyaz RAMPAGE TILION 24000 DPI RGB KABLOSUZ GAMING MOUSE - BEYAZ;1.139 TL
GOODRAM 1TB IRDM PRO GEN5 NVMe M.2 SSD (Okuma Hızı 11500MB / Yazma Hızı 9000MB);20.779 TL
AMD R7 7800X3D - RTX 5070 TI - B650M - 1TB M.2 SSD - 32GB RAM;129.569 TL
ASUS PRIME GeForce RTX 5070 OC WHITE 12G GDDR7 192Bit DLSS 4 Ekran Kartı;41.679 TL
5,0 MPG CORELIQUID P13 360 WHITE MSI MPG CORELIQUID P13 360 WHITE 3x120mm ARGB FANLI SIVI SOĞUTMA SİSTEMİ;8.279 TL
THRUSTMASTER SOL-R 2 HOSAS SPACE SIM DUO Joystick;20.519 TL
Crucial T710 Serisi 4TB 3D NAND NVMe M.2 SSD (Okuma 14500MB/Yazma 13800MB);57.989 TL
"LG 44.5"" 45GX90SA-B 0.03Ms 240Hz SMART UWQHD OLED MONITOR";70.309 TL
0,0 B650E MAX GAMING WIFI W ASUS B650E MAX GAMING WIFI W AMD B650 Soket AM5 DDR5 8000MHz (OC) M.2 Anakart;9.849 TL
Flightstick MOZA MH16 Flightstick;6.996 TL
MAG CORELIQUID A15 240 MSI MAG CORELIQUID A15 240 2x120mm ARGB FANLI SIVI SOĞUTMA SİSTEMİ;5.359 TL
PRO B840M-P WIFI6E MSI PRO B840M-P WIFI6E AMD B840 Soket AM5 DDR5 8000MHZ(OC) M.2 Anakart;8.139 TL
RTX 5060 8G VENTUS 2X OC WHITE MSI GeForce RTX 5060 VENTUS 2X OC WHITE 8GB GDDR7 128Bit DLSS 4 Ekran Kartı;22.029 TL
AirVision M1 ASUS AIRVISION M1 MICRO OLED AKILLI MONİTÖR GÖZLÜK;24.369 TL
MPG A1000GS PCIE5 MSI MPG A1000GS PCIE5 1000W 80 PLUS GOLD Full Modüler GÜÇ KAYNAĞI;12.349 TL
MAG FORGE M100R WHITE MSI MAG FORGE M100R TEMPERED GLASS ARGB WHITE FAN USB 3.2 mATX KASA;3.329 TL
/GRAY/G ASUS COBBLE M.2 NVMe USB 3.2 SSD KUTUSU;2.359 TL
MAX GAMING WIFI7 W ASUS X870 MAX GAMING WIFI7 W AMD X870 Soket AM5 DDR5 8000MHz(OC) M.2 Anakart;17.899 TL
0,0 X870 MAX GAMING WIFI7 ASUS X870 MAX GAMING WIFI7 AMD X870 Soket AM5 DDR5 8000MHz(OC) M.2 Anakart;16.239 TL
INNO3D GeForce RTX 5070 TI X3 OC WHITE 16GB GDDR7 256Bit DLSS 4 Ekran Kartı;60.189 TL
INNO3D GeForce RTX 5060 TWIN X2 8GB GDDR7 128Bit DLSS 4 Ekran Kartı;21.219 TL
RTX 5060 TI 16G VENTUS 3X OC MSI GeForce RTX 5060 TI VENTUS 3X OC 16GB GDDR7 128Bit DLSS 4 Ekran Kartı;37.539 TL
ASUS PRIME GeForce RTX 5060 OC 8GB GDDR7 128Bit DLSS 4 Ekran Kartı;21.349 TL
SR-P Two Pedals MOZA SR-P Two Pedals (Throttle and Brake);13.469 TL
THERMALTAKE SMART BX1 650W 80PLUS BRONZE GÜÇ KAYNAĞI;3.619 TL
Crucial 4TB BX500 Serisi 3D NAND Sata 3.0 SSD (Okuma 540MB / Yazma 500MB);35.099 TL
FAZEON F8 650W 80PLUS BRONZE Mesh 4x120mm ARGB Fanlı E-ATX Bilgisayar Kasası;3.659 TL
KIOXIA Exceria Heatsink 1TB NVMe M.2 SSD (6200MB Okuma / 4900MB Yazma);12.509 TL
GSKILL 64GB (2x32GB) TZ5 Neo RGB DDR5 6000MHz CL36 1.35V AMD EXPO Dual Ram;50.709 TL
XIGMATEK STARLINK ULTRA ARCTIC 3x12cm Beyaz Mini ARGB Fan Kontolcü Fan Kiti;3.549 TL
ROG STRIX B860-G GAMING WIFI ASUS ROG STRIX B860-G GAMING WIFI Intel B860 Soket 1851 DDR5 8600Mhz (OC) M.2 Anakart;11.419 TL
Crucial 1TB P310 Serisi 2280 NVMe M.2 SSD (Okuma 7100MB / Yazma 6000MB);10.699 TL
Verbatim 512GB Metal Mini 3.2 USB Harici SSD;7.669 TL
AMD R5 7600X - RTX 5060 - A620M-HDV DDR5 - 500GB SSD - 16GB RAM;64.434 TL
Intel Core Ultra 5 245K Soket 1851 5.20GHz 24MB Önbellek 3nm İşlemci;18.322 TL
0,0 PRIME Z890-P ASUS PRIME Z890-P Intel Z890 Soket 1851 DDR5 8400Mhz (OC) M.2 Anakart;13.179 TL
COUGAR POSEIDON ELITE ARGB 360 3x120mm FANLI İŞLEMCİ SIVI SOĞUTUCU;5.009 TL
5,0 TUF GAMING X870-PLUS WIFI ASUS TUF GAMING X870-PLUS WIFI AMD X870 Soket AM5 DDR5 8000MHz(OC) M.2 Anakart;17.399 TL
5,0 PRIME X870-P WIFI ASUS PRIME X870-P WIFI AMD X870 Soket AM5 DDR5 8000MHz(OC) M.2 Anakart;13.909 TL
ASUS ROG STRIX ARION WHITE M.2 NVMe USB 3.2 SSD KUTUSU;4.009 TL
Crucial 1TB T500 Serisi 3D NAND NVMe M.2 SSD (Okuma 7300MB / Yazma 6800MB);12.659 TL
LOGITECH G G915 X LIGHTSPEED TKL US LAYOUT KABLOSUZ OYUNCU KLAVYESİ-BEYAZ;11.719 TL
TUF GAMING GT302 TG ARGB - WHITE ASUS TUF GAMING GT302 TG BTF 4X140mm ARGB FANLI BEYAZ KASA;8.929 TL
Crucial 2TB T500 Serisi 3D NAND 7400MB/7000MB PCIe Gen4 NVMe M.2 SSD;19.509 TL
COOLER MASTER CM Universal Mini ARGB LED Kontrol Ünitesi;719 TL
4,0 BX8071514900KS Intel Core i9 14900KS Soket 1700 14.Nesil 6.0GHz 36MB Önbellek 10nm İşlemci;29.996 TL
MAG A750BN PCIE5 MSI MAG A750BN PCIE5 750W 80 PLUS BRONZE GÜÇ KAYNAĞI;4.639 TL
THRUSTMASTER SIMTASK FARMSTICK WW VERSION;5.019 TL
THERMALTAKE TR2 ST APFC 12cm 80 PLUS 650W GÜÇ KAYNAĞI;3.219 TL
"ASUS 15,6"" ZENSCREEN MB16ACV 5Ms 60Hz FULL HD TASINABILIR MONITOR";9.699 TL
ASUS TUF GAMING 1200G 1200W 80+ Gold ATX 3.0 120mm Fanlı PSU;12.539 TL
PRO Z790-A MAX WIFI MSI PRO Z790-A MAX WIFI Intel Z790 Soket 1700 DDR5 7800MHz (OC) M.2 Anakart;15.209 TL
Intel Core i5 14600KF Soket 1700 14.Nesil 5.30GHz 20MB Önbellek 10nm İşlemci;15.939 TL
XIGMATEK WINDPOWER 964 RGB ARCTIC Beyaz LGA1700/AM5 90MM RGB PWM SOĞUTMALI FAN;2.029 TL
ROG RYUJIN III 240 ARGB ASUS ROG RYUJIN III 240 ARGB OLED 2x120mm FAN 240mm SİYAH SIVI SOĞUTUCU;8.359 TL
GAMING PLUS WIFI MSI B760 GAMING PLUS WIFI Intel B760 DDR5 6800MHz (OC) M.2 Anakart;8.939 TL
VERBATİM MOBİLE HARİCİ DVD-YAZICI USB 2.0 SİYAH;2.289 TL
ROG HYPERION GR701 BLACK ASUS ROG HYPERION GR701 BLACK 4x140mm Fanlı Full Tower Kasa;24.189 TL
HPT2-1200M,Gen5 FSP HYDRO PTM PRO (PCIe5.0) AT 1200W 80PLUS PLATINUM FULL MODÜLER GÜÇ KAYNAĞI;15.799 TL
THRUSTMASTER T.16000M Flight Pack Uçuş Paketi;16.699 TL
LOGITECH G502 X LIGHTSPEED HERO KABLOSUZ GAMING MOUSE-SİYAH;5.699 TL
LOGITECH LIFT ERGONOMIK DIKEY SILENT MOUSE-PEMBE;3.779 TL
Intel Core i7 12700F Soket 1700 12. Nesil 25MB Önbellek 10nm İşlemci;20.949 TL
MPG VELOX 100P AIRFLOW MSI MPG VELOX 100P AIRFLOW 4x120mm FANLI MidT ATX GAMING KASA;7.189 TL
ASUS BW-16D1X-U HARİCİ 16X BLU-RAY YAZICI, M-DISC, USB 3.0, Siyah;10.389 TL
MAG FORGE 100R MSI MAG FORGE 100R TEMPERED GLASS 2x120mm ARGB FANLI MidT ATX KASA;2.659 TL
Rampage KL-R6 Grand Serisi Siyah Oyuncu Koltuğu;15.879 TL
FRISBY FM-G3335K GX22 10.000 DPI OPTIK GAMING MOUSE;589 TL
5,0 MU-PC1T0H/WW Samsung 1TB T7 Serisi Mavi USB 3.2 (Okuma 1050MB / Yazma 1000MB) Harici SSD;10.919 TL
GSKILL 8GB Ripjaws DDR4 2400MHz CL16 1.2V Notebook RAM;4.109 TL
Crucial 2TB BX500 Serisi 3D NAND Sata 3.0 SSD (Okuma 540MB / Yazma 500MB);18.989 TL
ASUS SBW-06D5H-U HARİCİ ULTRA SLİM USB 3.1 BLU-RAY YAZICI - SİYAH;9.069 TL
GSKILL 16GB (2x8GB) RipjawsV Siyah DDR4 3200MHz CL16 1.35V Dual Kit Ram;9.069 TL
EVEREST KB-250U KABLOLU Q KLAVYE;449 TL
0,0 VTN-PKT-RB17 AMD R5 5500 - RTX 5050 - A520M - 512GB SSD - 16GB RAM;32.897 TL
AMD R5 7600X - RX 9070 XT - B650M - 1TB SSD - 16GB RAM;82.955 TL
INTEL U5 245KF - RTX 5060 TI - H810M - 1TB SSD - 16GB RAM;76.443 TL
POWERBOOST CIRCLE SİYAH LGA1700/AM5 3x120mm Rainbow Fanlı 360mm Sıvı Soğutma;3.689 TL
PRO SHIELD M100P MSI PRO SHIELD M100P Siyah mATX GAMING KASA;2.089 TL
0,0 VTN-PKT-RB25 INTEL U5 245KF - RTX 5070 - H810M - 1TB SSD - 16GB RAM;71.348 TL
AMD Ryzen™9 9950X3D2 Soket AM5 4.3GHz 208MB 200W 4nm Tray Kutusuz İşlemci;55.519 TL
ION X HAWK GAMING CHAIR ION X Çift Motorlu Yükseklik Ayarlı 160x80 RGB Siyah Oyuncu Masası;22.829 TL
Ender-3 V4 CREALITY Ender-3 V4 Combo 3D Yazıcı;27.489 TL
THERMALTAKE TH360 V3 Ultra Beyaz ARGB Led Fan 360mm INTEL/AM5 Serisi Uyumlu Sıvı Soğutucu;8.909 TL
THERMALTAKE View 370TG Beyaz 4x120mm ARGB Fanlı ATX KASA;6.929 TL
MAG A750BN PCIE5 II MSI MAG A750BN PCIE5 II 750W 80 PLUS BRONZE GÜÇ KAYNAĞI;4.239 TL
INTEL U5 245KF - RX 9070 XT - H810M - 1TB SSD - 16GB RAM;82.100 TL
PRO X870E-S EVO WIFI MSI PRO X870E-S EVO WIFI X870 Soket AM5 DDR5 8200MHZ(OC) M.2 Anakart;15.829 TL
MEG X870E ACE MAX MSI MEG X870E ACE MAX AMD X870 Soket AM5 9000MHz (OC) M.2 Anakart;34.659 TL
ROG RYUO IV SLC 360 ARGB WHT ASUS ROG RYUO IV SLC 360 ARGB WHT 3x120mm 360mm BEYAZ SIVI SOĞUTUCU;22.539 TL
0,0 VTN-PKT-M80 AMD R5 5500 - RTX 5060 - A520M - 1TB M.2 SSD - 16GB RAM;51.429 TL
0,0 VTN-PKT-YS47 INTEL U7 265F - RTX 5070 TI - Z890M - 2TB M.2 SSD - 32GB RAM;133.498 TL
COOLER MASTER ELITE 1200W 80PLUS GOLD GEN5 SİYAH FULL MODÜLER GÜÇ KAYNAĞI;11.549 TL
COOLER MASTER ELITE 850W 80PLUS GOLD GEN5 SİYAH FULL MODÜLER GÜÇ KAYNAĞI;7.589 TL
0,0 VTN-PKT-YS48 INTEL U9 285K - RTX 5080 - Z890 - 2TB M.2 SSD - 32GB RAM;190.059 TL
ROG STRIX LC III 360 ARGB LCD ASUS ROG STRIX LC III 360 ARGB LCD 3x120mm 360mm SİYAH SIVI SOĞUTUCU;14.409 TL
0,0 VTN-PKT-SMW2 INTEL U5 245KF - RTX 5070 - Z890 - 1TB M.2 SSD - 16GB RAM;80.612 TL
AMD R5 7500F - RTX 5060 - A620M - 1TB M.2 SSD - 16GB RAM;62.948 TL
0,0 MF360-KINN-S00 COOLER MASTER MASTERFRAME 360 Panaroma Mirror Ön Panel ATX Back-Connect Anakart ATX KASA;13.129 TL
FAZETOOL S1 FAZEON FAZETOOL S1 TYPE-C 400mAh 0.4Nm 3 Kademeli 4in1 Şarjlı Hassas Tornavida Seti;1.789 TL
AMD R5 7500F - RX 9070 XT - A620AM - 512GB SSD - 16GB RAM;78.318 TL
INTEL U7 265 - RTX 5080 - Z890M - 1TB SSD - 32GB RAM;139.314 TL
AMD R5 7500F - RTX 5060 - A620M - 500GB SSD - 16GB RAM;57.639 TL
AMD R7 5700 - RTX 5060 - A520M - 512GB SSD - 16GB RAM;55.086 TL
NEXT LEVEL RACING F-GT Pro Shifter and Handbrake Arm Add-on;9.619 TL
NEXT LEVEL RACING Wheelstand Lite 2.0;13.969 TL
NEXT LEVEL RACING F-GT Lite Foldable Formula and GT Cockpit;26.219 TL
INTEL I5 12400F - RTX 5060 TI - H610M - 500GB M.2 SSD - 16GB RAM;52.317 TL
AMD R5 5600 - RX 9060 - B450M - 512GB M.2 SSD - 16GB RAM;46.479 TL
AMD R5 7600X - RTX 5070 - X670 - 1TB M.2 SSD - 16GB RAM;89.535 TL
INTEL I5 14400F - RTX5060TI - H610M - 512GB SSD - 16GB RAM;62.089 TL
AMD R7 7800X3D - RTX5070 - X670-P - 1TB SSD - 32GB RAM;115.913 TL
ASUS 27'' PA278CFRV PROART 5Ms 100Hz QHD IPS MONITOR;23.209 TL
"ASUS 27"" ROG STRIX PULSAR XG27AQNGV 1Ms 360Hz IPS QHD GAMING MONITOR";40.149 TL
PRIME MR120 FAN ARGB WHITE 3IN1 ASUS PRIME MR120 ARGB 120mm ÜÇLÜ BEYAZ KASA FANI;2.969 TL
0,0 CORELIQUID A17 MLG EDITION MSI CORELIQUID A17 MLG EDITION 3x120mm ARGB FANLI SIVI SOĞUTMA SİSTEMİ;7.229 TL
MAG PANO 130R MLG EDITION MSI MAG PANO 130R MLG EDITION 4x120mm ARGB FANLI ATX GAMING KASA;11.129 TL
MEG X870E GODLIKE X EDITION MSI MEG X870E GODLIKE X EDITION AMD X870 Soket AM5 9200MHz (OC) M.2 Anakart;101.239 TL
INTEL U5 245KF - RTX 5070 TI - H810M-B - 1TB SSD - 16GB RAM;110.964 TL
AMD R7 9800X3D RTX 5060 - B850M - 1TB SSD - 16GB RAM;94.388 TL
PLUS TG ARGB BLACK ASUS A21 PLUS TG BLACK 4x120mm ARGB FANLI mATX KASA;4.499 TL
ASUS ATS 850W 80PLUS GOLD GÜÇ KAYNAĞI;7.699 TL
"VERBATIM 15,6"" LIGHT 10Ms 60Hz FULL HD IPS TAŞINABİLİR MONİTÖR";6.399 TL
GOODRAM 8GB (1x8GB) SODIMM DDR4 3200MHz CL22 1.2V Notebook Ram;5.869 TL
THERMALTAKE View 290 Siyah Curved TG 3x120mm ARGB Fanlı MidT ATX Oyuncu Kasası;6.249 TL
COOLER MASTER MasterLiquid Atmos II 360 Pixel ARGB 3x120mm Led Gösterge Beyaz Sıvı Soğutma;12.149 TL
"SAMSUNG 24"" LS24F320GAUXUF 5Ms 120Hz FULL HD IPS MONITOR";4.399 TL
BITFENIX KUZY BEYAZ LGA1851/AM5 3x120mm ARGB Fan 360mm Dijital Göstergeli Sıvı Soğutma;5.419 TL
BITFENIX KUZY BEYAZ LGA1851/AM5 2x120mm ARGB Fan 240mm Dijital Göstergeli Sıvı Soğutma;4.259 TL
PRO B860M-B MSI PRO B860M-B Intel B860 Soket 1851 DDR5 9066Mhz (OC) M.2 Anakart;7.589 TL
COOLER MASTER X MIGHTY 2000W 80 PLUS PLATINUM GEN5 FULL MODÜLER GÜÇ KAYNAĞI;26.219 TL
TUF GAMING B850M-PLUS WIFI7 ASUS TUF GAMING B850M-PLUS WIFI7 B850 Soket AM5 DDR5 8000MHz(OC) M.2 Anakart;12.669 TL
0,0 PRIME A620AM-K ASUS PRIME A620AM-K Soket AM5 A620 DDR5 7600MHz(OC) M.2 Anakart;4.399 TL
INTEL I5 12400F - RTX 5060 - H610M - 500GB M.2 SSD - 16GB RAM;60.040 TL
MAG A750GLS PCIE5 MSI MAG A750GLS PCIE5 750W 80 PLUS GOLD GÜÇ KAYNAĞI;6.289 TL
GOODRAM 16GB (1x16GB) DIMM DDR5 5600MHz CL46 1.1V PC Ram;14.199 TL
"SAMSUNG 40"" LS40FG750EUXUF 1Ms 180Hz WUHD KAVİSLİ MONITOR";34.999 TL
ASUS DUAL GeForce RTX 5060 OC WHITE 8GB GDDR7 128Bit DLSS 4 Ekran Kartı;20.759 TL
0,0 PROART-RTX5080-O16G ASUS PROART GeForce RTX 5080 OC 16GB GDDR7 256Bit DLSS 4 Ekran Kartı;95.949 TL
ROG STRIX X870E-H GAMING WIFI7 ASUS ROG STRIX X870E-H GAMING WIFI7 AMD X870 Soket AM5 DDR5 8000MHz(OC) M.2 Anakart;22.169 TL
0,0 ROG CROSSHAIR X870E APEX ASUS ROG CROSSHAIR X870E APEX AMD X870 Soket AM5 DDR5 8200MHz(OC) M.2 Anakart;37.169 TL
AMD R5 7500F - RTX 5070 - B650M DDR5 - 1TB M.2 SSD - 16GB DDR5 RAM;83.627 TL
"SAMSUNG 32"" LS32FM902SUXUF 0.03Ms(GTG) 165Hz 4K OLED SMART MONITOR";56.999 TL
GOODRAM 512GB CX400 SATA 3.0 SSD (550MB Okuma / 490MB Yazma);10.719 TL
GOODRAM 16GB (1x16GB) DDR4 3200MHz CL22 1.2V Notebook Ram;10.769 TL
"ASUS 24,5"" TUF GAMING VA259HGA 1Ms 120Hz FHD IPS GAMING MONITOR";5.719 TL
"ASUS 27"" BUSINESS VA27UCPS 5Ms 60Hz IPS 4K MONITOR";16.799 TL
MAX GAMING WIFI ASUS B650E MAX GAMING WIFI AMD B650 Soket AM5 DDR5 8000MHz (OC) M.2 Anakart;11.109 TL
FFB Base MOZA AB9 FFB Base;46.719 TL
ROG STRIX B850-G GAMING WIFI ASUS ROG STRIX B850-G GAMING WIFI AMD B850 Soket AM5 DDR5 8000MHz(OC) M.2 Anakart;13.579 TL
5,0 MF600-KGNN-S00 COOLER MASTER MASTERFRAME 600 TG 3x140mm MidT ATX SİYAH KASA;10.849 TL
4,5 TD500V2-WGNN85-STU COOLER MASTER MASTERBOX TD500 V2 TG 850W 80 PLUS GOLD MESH 4x120mm ARGB ATX BEYAZ KASA;9.629 TL
0,0 CA-1Z2-00MAWN-00 THERMALTAKE View 380 Bubble Pink 4x120mm ARGB Fanlı Back-Connect Destekli MidT ATX Kasa;6.459 TL
THERMALTAKE View 380 Beyaz 4x120mm ARGB Fanlı Back-Connect Destekli MidT ATX Kasa;7.229 TL
THERMALTAKE View 380XL Beyaz 4x120mm ARGB Fanlı Back-Connect Destekli MidT Kasa;8.879 TL
ZOTAC GeForce RTX 5050 GAMING TWIN EDGE OC 8GB GDDR6 128Bit DLSS 4 Ekran Kartı;17.969 TL
ASUS PRIME GeForce RTX 5050 OC 8GB GDDR6 128Bit DLSS 4 Ekran Kartı;18.419 TL
AMD R5 7500F -RTX5070 OC 12G - B650M - 500GB SSD - 16GB RAM;81.534 TL
"VIEWSONIC 27"" XG275D1-4K 0.5Ms 160Hz 4K IPS DUAL MODE GAMING MONITOR";23.499 TL
Full Length Throttle MOZA CRP2 Full Length Throttle Replacement Plate;1.929 TL
XIGMATEK SKY II SİYAH ODIN II 4x120mm RGB FANLI 650W 80PLUS MidT ATX GAMING KASA;6.299 TL
LG 32'' ULTRAGEAR 32GS95UV-B OLED 4K UHD GAMING MONITOR;54.996 TL
INTEL I5 14600K - RTX 5060 TI - B760M-P DDR5 - 1TB SSD - 16GB RAM;81.177 TL
GIGABYTE GeForce RTX 5060 TI WINDFORCE OC 16GB GDDR7 128Bit DLSS 4 Ekran Kartı;33.529 TL
ZOTAC GeForce RTX 5070 GAMING AMP WHITE 12GB GDDR7 192Bit DLSS 4 Ekran Kartı;46.299 TL
Intel Core Ultra 9 285 Soket 1851 5.60GHz 36MB Önbellek 3nm İşlemci;31.787 TL
A4TECH BLOODY S525N TR MEKANİK GAMING KLAVYE;2.949 TL
FAZEON F10 650W 80PLUS BRONZE Mesh 4x120mm ARGB Fanlı ATX Bilgisayar Kasası;3.939 TL
RTX 5070 TI 16G SHADOW 3X OC MSI GEFORCE RTX 5070 TI SHADOW 3X OC 16G GDDR7 256Bit DLSS 4 Ekran Kartı;64.109 TL
"VIEWSONIC 27"" VX2779A-HD-PRO 1Ms 240Hz FULL HD GAMING MONITOR";6.999 TL
Truck Driving MOZA Truck Driving Simulator Bundle;45.349 TL
MEG X870E GODLIKE MSI MEG X870E GODLIKE WIFI AMD X870 Soket AM5 9000MHz (OC) M.2 Anakart;69.259 TL
0,0 RTX 5070 12G SHADOW 2X OC MSI GeForce RTX 5070 SHADOW 2X OC 12G GDDR7 192Bit DLSS 4 Ekran Kartı;41.419 TL
0,0 ROG STRIX B860-A GAMING WIFI ASUS ROG STRIX B860-A GAMING WIFI Intel B860 Soket 1851 DDR5 8600Mhz (OC) M.2 Anakart;11.369 TL
0,0 ROG STRIX B850-I GAMING WIFI ASUS ROG STRIX B850-I GAMING WIFI AMD B850 Soket AM5 DDR5 8400MHz(OC) M.2 Anakart;13.659 TL
Crucial T705 Serisi 1TB 3D NAND NVMe M.2 SSD (Okuma 13600MB/Yazma 10200MB);17.889 TL
Crucial T705 Serisi 2TB 3D NAND NVMe M.2 SSD (Okuma 14500MB/Yazma 12700MB);26.309 TL
Crucial 4TB T500 Serisi 3D NAND NVMe M.2 SSD (Okuma 7000MB / Yazma 6900MB);31.919 TL
0,0 ROG RYUJIN III 360 ARGB EXTREME ASUS ROG RYUJIN III EXTREME 360 ARGB OLED 360mm SIVI SOĞUTUCU;16.929 TL
Hd2-850,GEN5 FSP HYDRO K PRO ATX3.0 (PCIe5.0) 850W 80PLUS BRONZE GÜÇ KAYNAĞI;6.899 TL
Verbatim 15 in 1 SSD Slotlu 8K HDMI Destekli USB 3.2 Docking Station;9.169 TL
CGR-ELI-GLB COUGAR ARMOR ELITE ROYAL Siyah Oyuncu Koltuğu;14.189 TL
5,0 ROG STRIX Z890-A GAMING WIFI ASUS ROG STRIX Z890-A GAMING WIFI Intel Z890 Soket 1851 DDR5 9066Mhz (OC) M.2 Anakart;23.209 TL
4,5 F5-6400J3239G32GX2-TR5S GSKILL 64GB (2x32GB) Trident Z5 Royal Silver RGB DDR5 6400MHz CL32 1.40V Dual Kit Ram;69.319 TL
ASUS GeForce GT 710 2GB GDDR5 Evo 64 Bit Nvidia Ekran Kartı;4.399 TL
COOLER MASTER MASTERBOX TD500 V2 TG 750W ATX 80PLUS BRONZE ARGB 4x120MM FANLI MESH KASA;9.659 TL
MAG A550BNL MSI MAG A550BNL 550W 80 PLUS BRONZE GÜÇ KAYNAĞI;2.579 TL
XPG 32GB (2x16GB) Spectrix D35G Beyaz RGB DDR4 3200Mhz CL16 1.35V PC Ram;24.789 TL
Crucial 1TB T500 Serisi 3D NAND 7300MB/6800MB PCIe Gen4 Soğutuculu NVMe M.2 SSD;12.909 TL
ASUS DUAL GeForce RTX 4060 TI O8G EVO OC 8GB GDDR6 128Bit DLSS 3 Ekran Kartı;24.849 TL
TAICHI LITE ASROCK Z790 TAICHI LITE Intel Z790 Soket DDR5 7200MHz (OC) M.2 Anakart;23.799 TL
MAG FORGE 120A AIRFLOW MSI MAG FORGE 120A AIRFLOW 6x120mm RİNBOW FANLI MidT ATX KASA;3.459 TL
Intel Core i9 14900 Soket 1700 14.Nesil 2.0GHz 36MB Önbellek 10nm İşlemci;29.999 TL
Intel Core i9 14900F Soket 1700 14.Nesil 5.8GHz 36MB Önbellek 10nm İşlemci;24.999 TL
Intel Core i3 14100F Soket 1700 14.Nesil 3.5GHz 12MB Önbellek 10nm İşlemci;7.149 TL
4,8 MZ-V9P4T0BW Samsung 4TB 990 PRO PCIE GEN4 NVME 2.0 (Okuma 7450MB/Yazma 6900MB) SSD;46.549 TL
PERFORMA WHITE ZALMAN WHITE 12cm 1800RPM ARGB Fan LGA1700/AM5 Uyumlu Hava Soğutmalı CPU Fan;3.119 TL
BLADE RAMPAGE BLADE 600W 80PLUS SİYAH 4x120mm Sabit RGB FAN MİD-T GAMING KASA;5.489 TL
5,0 MAG CORELIQUID E240 WHITE MSI MAG CORELIQUID E240 WHITE 240mm İşlemci Sıvı Soğutucusu;3.579 TL
RAZER BASILISK V3 PRO 30000 DPI KABLOSUZ GAMING MOUSE-BEYAZ;6.199 TL
Intel Core i9 14900KF Soket 1700 14.Nesil 5.80GHz 32MB Önbellek 10nm İşlemci;34.629 TL
MAG CORELIQUID E240 MSI MAG CORELIQUID E240 2x120mm ARGB FANLI SIVI SOĞUTMA SİSTEMİ;4.599 TL
MPG GUNGNIR 300R AIRFLOW WHITE MSI MPG GUNGNIR 300R AIRFLOW 4x120mm ARGB FANLI MidT ATX BEYAZ KASA;6.879 TL
RAMPAGE TRIM X10 Siyah Aluminyum ARGB Dikey VGA Ekran Kartı Tutucu;839 TL
RTX 3050 VENTUS 2X XS 8G OC MSI GEFORCE RTX 3050 VENTUS 2X XS 8G OC 8GB GDDR6 128Bit DX12 NVIDIA Ekran Kartı;16.549 TL
XPG 8GB (1x8GB) Spectrix D35G RGB DDR4 3600MHz CL18 1.35V PC Ram;4.669 TL
XPG 16GB (2x8GB) Spectrix D35G RGB DDR4 3200MHz CL16 1.35V PC Ram;8.079 TL
TUF GAMING A620M-PLUS ASUS TUF GAMING A620M-PLUS AMD A620 Soket AM5 DDR5 6400MHz(OC) M.2 Anakart;7.109 TL
Verbatim 1TB Vi550 S3 SATA 3.0 SSD (Okuma 520MB / Yazma 500MB);14.509 TL
Verbatim 512GB Vi550 S3 SATA 3.0 SSD (Okuma 520MB / Yazma 500MB);9.159 TL
VERBATİM SLIMLINE USB 3.2 Gen 1/ USB-C CD/DVD HARİCİ YAZICI;3.109 TL
Q USB BLACK A4TECH BLOODY B140N Q RGB KABLOLU GAMING KLAVYE;1.089 TL
STEELSERIES APEX 7 MEKANIK GAMING KLAVYE-TR LAYOUT;8.999 TL
COUGAR VORTEX VX120 1x120mm ARGB HDB KASA FANI;1.089 TL
ROG RYUO III 240 ARGB ASUS ROG RYUO III 240 ARGB 2x120mm Fanlı Sıvı Soğutucu;7.549 TL
MEG AI1300P PCIE5 MSI MEG AI1300P PCIE5 1300W 80 PLUS PLATINUM Full Modüler GÜÇ KAYNAĞI;20.669 TL
0,0 TM-J4060219 THRUSTMASTER TCA Quadrant Boeing Edition Joystick;14.969 TL
GSKILL 32GB (2x16GB) TRIDENT Z5 NEO RGB DDR5 6000MHz CL30 1.35V PC RAM;56.059 TL
RAZER OROCHI V2 18000 DPI KABLOSUZ GAMING MOUSE-BEYAZ;3.169 TL
"ASUS 27"" PA279CV 5Ms 60Hz 4K UHD PRO ART MONITOR";30.599 TL
KINGSTON 128GB DataTraveler Kyson USB3.2 USB Bellek;889 TL
GSKILL 16GB (2x8GB) Ripjaws V DDR4 3600MHz CL18 1.35V Dual Kit Ram;9.119 TL
"ASUS 21,5"" VT229H 5Ms 60Hz IPS FULL HD DOKUNMATIK MONITOR";16.799 TL
RAMPAGE RMP-600-80P 600W 80PLUS 120MM FANLI GÜÇ KAYNAĞI;2.569 TL
BOX ASUS DRW-24D5MT 24X ± DOUBLE LAYER SATA DVD YAZICI (KUTULU);1.579 TL
0,0 VTN-PKT-RB21 AMD R5 7500F - RX 9070 XT - B650M - 1TB SSD - 16GB RAM;72.294 TL
0,0 VTN-PKT-RB20 AMD R5 7500F - RTX 5060 TI - A620AM - 1TB SSD - 16GB RAM;57.299 TL
0,0 VTN-PKT-RB16 INTEL I5 12400F - RTX 5060 - H610M - 512GB SSD - 16GB RAM;38.435 TL
INTEL I7 12700KF - RX 5070 - H610M - 1TB SSD - 32GB RAM;101.205 TL
AMD R7 9800X3D - RTX 5080 - X870E - 2TB SSD - 32GB RAM;205.959 TL
AMD R5 7600X - RTX 5070 - B850M - 1TB SSD - 16GB RAM;95.646 TL
INTEL U7 265F - RX 9070 XT - Z890M - 1TB SSD - 32GB RAM;125.845 TL
INTEL I7 12700F - RTX 5070 - H610M - 1TB SSD - 32GB RAM;74.996 TL
AMD Ryzen™9 9950X3D2 Soket AM5 4.3GHz 208MB 200W 4nm İşlemci;59.909 TL
PRO B840-S EVO WIFI6E MSI PRO B840-S EVO WIFI6E AMD B840 Soket AM5 DDR5 8000MHZ(OC) M.2 Anakart;8.279 TL
THERMALTAKE View 380 WS Siyah 4x120mm ARGB Fanlı Back-Connect Destekli MidT ATX Kasa;7.259 TL
STEELSERIES AEROX 3 GHOST GEN 2 KABLOSUZ GAMING MOUSE;7.169 TL
INTEL U5 245KF - RTX 5060 TI - H810M - 1TB SSD - 16GB RAM;74.105 TL
MAX GAMING LC 360 ARGB LCD ASUS MAX GAMING LC 360 ARGB LCD 3x120mm 360mm SİYAH SIVI SOĞUTUCU;6.599 TL
INTEL I5 14400F - RTX 5060 - H610M - 1TB M.2 SSD - 16GB RAM;63.928 TL
AMD R5 5500 - RTX 5050 - A520M - 512GB M.2 SSD - 16GB RAM;42.768 TL
RX 9070 XT STEEL LEGEND ASROCK RADEON RX 9070 XT STEEL LEGEND 16GB GDDR6 256Bit AMD Ekran Kartı;44.249 TL
Hyper PLA Peach Powder CREALITY Hyper PLA Peach Powder Filament;939 TL
FUTURE COAL HAWK GAMING CHAIR Future Coal Kumaş Oyuncu Koltuğu;16.929 TL
FAME AMETHYST HAWK GAMING CHAIR Fame Amethyst Kumaş Oyuncu Koltuğu;15.189 TL
AMD R7 7800X3D - RTX 5070 TI - B650M - 1TB SSD - 32GB RAM;126.291 TL
INTEL I5 12400F - RX 7600 - H610M - 500GB SSD - 16GB RAM;46.146 TL
AMD R5 5500 - RTX 5060 TI - B450M - 50GB SSD - 16GB RAM;48.446 TL
INTEL I7 14700F - RTX 5070 - Z790-P - 1TB SSD - 32GB RAM;108.560 TL
INTEL U5 245KF - RTX 5080 - H810M - 1TB M.2 SSD - 32GB RAM;130.530 TL
AMD R7 5700 - RX 9060 XT - A520M - 512GB SSD - 16GB RAM;54.045 TL
FSP VITA PM 1000W 80PLUS PLATINUM GEN5 FULL MODÜLER GÜÇ KAYNAĞI;12.919 TL
NEXT LEVEL RACING F-GT Pro Formula and GT Racing Cockpit - Black Edition;96.189 TL
NEXT LEVEL RACING GTLite Pro Foldable Cockpit;28.859 TL
NEXT LEVEL RACING HF8 PRO - Haptic Feedback Gaming Pad;23.579 TL
NEXT LEVEL RACING F-GT Pro Direct Monitor Mount;9.619 TL
AMD R5 7600X - RTX5070 3X OC 12G - A620AM - 1TB SSD - 32GB RAM;95.335 TL
AMD R7 5700X - B550M - RTX 5070 - 1TB M.2 SSD - 32GB RAM;78.217 TL
INTEL I5 14400F - RX 9060 XT - H610M - 512GB M.2 SSD - 16GB RAM;46.467 TL
AMD R5 7500F - RTX5070 - A620M - 1TB SSD - 16GB RAM;77.122 TL
INTEL I7 12700KF - RTX5060 - H610M - 512GB SSD - 16GB RAM;68.203 TL
ASUS ROG THOR GAMING WHITE 1200W 80PLUS PLATINUM III OLED EKRAN GÜÇ KAYNAĞI;31.549 TL
"ASUS 34"" VU34WCIP-W 1Ms 100Hz CURVED WQHD MONITOR-BEYAZ";20.459 TL
PRO RS WIFI ASROCK B650 PRO RS WIFI AMD B650 Soket AM5 DDR5 7200MHz (OC) M.2 Anakart;9.269 TL
CGR-ELI-PNB COUGAR ARMOR ELITE EVA Siyah/Pembe Oyuncu Koltuğu;14.219 TL
CGR-EAF-GEB COUGAR EXPLORE ARMY GREEN F Yeşil Oyuncu Koltuğu;15.569 TL
AMD R7 7800X3D - RTX5070 - B850M - 1TB SSD - 32GB RAM;112.033 TL
AMD R5 5500 - RX7600 - A520M - 500GB SSD - 16GB RAM;43.362 TL
AMD R5 7600X - RTX 5060 TI - A620M - 512GB SSD - 16GB RAM;78.387 TL
INTEL I5 14400F - RTX 5070 - H610M - 500GB SSD - 16GB RAM;80.330 TL
PRIME B850M-F ASUS PRIME B850M-F AMD B850 Soket AM5 DDR5 8200MHz(OC) M.2 Anakart;9.349 TL
"LENOVO 31.5"" LEGION PRO 32UD-10 0.03Ms 240Hz UHD QD-OLED GAMING MONITOR";44.999 TL
INTEL I5 14400F - RTX 5060 - H610M - 500GB SSD - 16GB RAM;61.913 TL
INTEL I5 14400F - RTX 5060 - H610M - 500GB SSD - 16GB RAM;65.362 TL
5,0 ROG CROSSHAIR X870E GLACIAL ASUS ROG CROSSHAIR X870E GLACIAL AMD X870 Soket AM5 DDR5 9200MHz(OC) M.2 Anakart;68.459 TL
GOODRAM 2TB HX200 ROSE GOLD USB 3.2 (Okuma 1600MB / Yazma 1500MB) Harici SSD;17.039 TL
MAG A850GLS PCIE5 MSI MAG A850GLS PCIE5 850W 80 PLUS GOLD GÜÇ KAYNAĞI;8.719 TL
Samsung 1TB T7 Gen2 Resurrected USB 3.2 Silver (Okuma 1050MB / Yazma 1000MB) Harici SSD;18.059 TL
AMD R5 7500F - RTX 5060 TI - B650M - 1TB SSD - 32GB RAM;88.376 TL
mBooster Active Pedal MOZA mBooster Active Pedal;67.609 TL
MTLP Panel MOZA MTLP Take-off Landing Panel;13.829 TL
Active Shifter Knobs MOZA Active Shifter Knobs;3.299 TL
Clutch Pedal MOZA CRP2 Clutch Pedal;8.719 TL
"ASUS 15,6"" MB16AMTR ZENSCREEN TASINABILIR DOKUNMATIK IPS FULL HD MONITOR";18.139 TL
0,0 H610M-HDV/M.2+ DDR5 ASROCK H610M-HDV/M.2+ Intel H610 Soket 1700 DDR5 5600MHz (OC) M.2 Anakart;3.559 TL
AMD R7 7800X3D - RTX 5070 TI OC 16GB - B650M - 1TB SSD - 32GB RAM;131.959 TL
INTEL I9 14900F - RTX 5070 TI 16GB - Z790-P - 2TB SSD - 32GB RAM;149.629 TL
INTEL U5 245KF - RX 9060 XT OC 16GB - H810M - 1TB SSD - 16GB RAM;72.525 TL
INTEL U5 245KF - RTX 5080 OC 16GB - B860M-K - 1TB SSD - 32GB RAM;151.552 TL
THRUSTMASTER T98-X FERRARI 296 GTS WW Direksiyon Seti;9.039 TL
GOODRAM 32GB (1x32GB) DDR5 5600MHz CL46 1.1V Notebook Ram;20.199 TL
0,0 IRP-SSDPR-P44N-02T-30 GOODRAM 2TB IRDM PRO GEN4 NVMe M.2 NANO SSD (Okuma Hızı 7300MB / Yazma Hızı 6000MB);16.489 TL
"THERMALTAKE Magfloe360 Ultra 3,95"" LCD Ekran 3x120mm ARGB Fanlı 360mm Sıvı Soğutma Sistemi";13.499 TL
THERMALTAKE AX700 Tempered Glass Pencereli XL-ATX Super Full Tower Kasa;23.339 TL
THERMALTAKE View 290 Beyaz Curved TG 3x120mm ARGB Fanlı MidT ATX Oyuncu Kasası;6.249 TL
COOLER MASTER MasterLiquid Atmos II 360 ARGB VRM Pompa 3x120mm Sıvı Soğutma;10.749 TL
GSKILL 64GB (2x32GB) TZ5 Royal Neo Silver RGB DDR5 6000MHz CL26 1.45V Dual Ram;127.179 TL
MAG X870E TOMAHAWK MAX WIFI PZ MSI MAG X870E TOMAHAWK MAX WIFI PZ AMD X870 Soket AM5 8400MHz (OC) M.2 Anakart;24.219 TL
0,0 MPG EZ120 ARGB WHITE-1W MSI MPG EZ120 ARGB WHITE 1x120mm 120mm Manyetik Kasa Fanı;2.269 TL
0,0 MF500M-SHNN-S01 COOLER MASTER MASTERFRAME 500 TG MESH ARGB 2x200mm MidT ATX GÜMÜŞ KASA;9.349 TL
0,0 MF600M-KGNN-S01 COOLER MASTER MASTERFRAME 600 TG MESH ARGB 2x200mm MidT ATX SİYAH KASA;10.849 TL
0,0 MPY-8501-SFHAGV-3EEU COOLER MASTER SFXV 850W 80PLUS GOLD GEN5 SİYAH FULL MODÜLER GÜÇ KAYNAĞI;9.139 TL
ROG CROSSHAIR X870E HERO BTF ASUS ROG CROSSHAIR X870E HERO BTF X870 Soket AM5 DDR5 8666MHz(OC) M.2 Anakart;43.689 TL
INTEL I5 14600KF - RTX 5070 TI - H610M - 1TB M.2 SSD - 16GB RAM;104.178 TL
PRIME AP202 TG ARGB BEYAZ ASUS PRIME AP202 TG 3x120mm ARGB FANLI Micro ATX BEYAZ KASA;6.069 TL
XIGMATEK LK 240 SİYAH LGA1851/AM5 2x120mm ARGB Fan LCD Ekranlı 240mm Sıvı Soğutma;5.059 TL
ASUS DUAL RADEON RX 9060 XT WHITE 16GB GDDR6 128Bit AMD Ekran Kartı;23.929 TL
AMD R5 7500F - RTX 5060 - B650M DDR5 - 1TB M.2 SSD - 16GB RAM;68.575 TL
AMD R5 7600X - B650M - RTX 5060 TI 8GB - 500GB SSD - 16GB RAM;71.125 TL
AMD R7 7800X3D - RTX 5080 OC 16GB - X870 AM5 - 2TB SSD - 32GB RAM;174.526 TL
GOODRAM 32GB (1x32GB) DDR5 5600MHz CL46 1.1V PC Ram;40.619 TL
XFX QUICKSILVER RADEON RX 9070 XT GAMING WHITE 16GB GDDR6 256Bit AMD Ekran Kartı;45.849 TL
XFX MERCURY RX 9070 XT OC MAGNETIC AIR WHITE 16GB GDDR6 256Bit RGB DX12 AMD Ekran Kartı;50.379 TL
XFX MERCURY RADEON RX 9070 XT MAGNETIC AIR OC 16GB RGB GDDR6 256Bit AMD Ekran Kartı;49.469 TL
XFX SPEEDSTER SWIFT 210 RADEON RX 7700 XT 12GB GDDR6 192Bit AMD Ekran Kartı;25.549 TL
Joystick Adapter MOZA Joystick Adapter;1.349 TL
FSR V2 MOZA FSR V2 Formula Direksiyonu;53.869 TL
TUF GAMING B850M-E WIFI ASUS TUF GAMING B850M-E WIFI AMD B850 Soket AM5 DDR5 8000MHz(OC) M.2 Anakart;11.439 TL
PRO B850-S WIFI6E MSI PRO B850-S WIFI6E AMD B850 Soket AM5 DDR5 8200MHZ(OC) M.2 Anakart;10.429 TL
GAMING PLUS WIFI PZ MSI B850 GAMING PLUS WIFI PZ AMD B850 Soket AM5 DDR5 8200MHZ(OC) M.2 Anakart;15.459 TL
ASUS PRIME GAMING 750W 80PLUS BRONZE GÜÇ KAYNAĞI;5.719 TL
THERMALTAKE LA360-S LCD Ekran ARGB LED Fanlı 360mm Intel/AMD Uyumlu Sıvı Soğutma Sistemi;5.939 TL
0,0 CA-1Z2-00MEWN-00 THERMALTAKE View 380 Matcha Green 4x120mm ARGB Fanlı Back-Connect Destekli MidT ATX Kasa;6.169 TL
THERMALTAKE The Tower 600 Serisi Racing Green Kasa Standı;2.849 TL
"0,0 LS27FG902XUXUF SAMSUNG 27"" LS27FG902XUXUF ODYSSEY 3D G9 1Ms(GTG) 165Hz 4K IPS GAMING MONITOR";49.997 TL
GAMING PLUS WIFI6E MSI B840M GAMING PLUS WIFI6E AMD B840 Soket AM5 DDR5 8000MHZ(OC) M.2 Anakart;9.069 TL
GSKILL 96GB (2x48GB) TZ5 Neo Siyah RGB DDR5 6000MHz CL30 1.35V AMD EXPO Dual Ram;163.999 TL
MPG VELOX 300R AIRFLOW PZ WHITE MSI MPG VELOX 300R AIRFLOW PZ 2x120mm ARGB FANLI MidT ATX BEYAZ KASA;6.879 TL
DS A36 Beyaz ZALMAN ALPHA2 DS A36 BEYAZ 71 CFM 3x120mm ARGB AMD/Intel 360mm SIVI SOĞUTUCU;11.879 TL
THRUSTMASTER SOL-R1 Flight Stick WW;10.039 TL
THRUSTMASTER SIMTASK FARMSTICK PS EMEA VERSION;9.539 TL
5,0 MEG AI1600T PCIE5 MSI MEG AI1600T PCIE5 1600W 80 PLUS PLATINUM Full Modüler GÜÇ KAYNAĞI;45.749 TL
INTEL I5 12400F - RTX 5060 - H610M - 500GB SSD - 16GB RAM;52.487 TL
XFX SWIFT RADEON RX 9060 XT GAMING WHITE DUAL OC 8GB GDDR6 128Bit AMD Ekran Kartı;20.439 TL
PRIME B850-PLUS WIFI ASUS PRIME B850-PLUS WIFI AMD B850 Soket AM5 DDR5 8000MHz(OC) M.2 Anakart;10.819 TL
0,0 ROG STRIX Z890-H GAMING WIFI ASUS ROG STRIX Z890-H GAMING WIFI Intel Z890 Soket 1851 DDR5 9066Mhz (OC) M.2 Anakart;21.919 TL
INNO3D GeForce RTX 5060 TWIN X2 OC WHITE 8GB GDDR7 128Bit DLSS 4 Ekran Kartı;22.369 TL
INNO3D GeForce RTX 5060 TI TWIN X2 OC WHITE 8GB GDDR7 128Bit DLSS 4 Ekran Kartı;27.489 TL
INNO3D GeForce RTX 5060 TI TWIN X2 OC 16GB GDDR7 128Bit DLSS 4 Ekran Kartı;31.439 TL
CGR-EXP-ROB COUGAR EXPLORE ROYAL Siyah/Sarı Oyuncu Koltuğu;14.609 TL
RTX 5060 TI 8G VENTUS 2X OC PLUS MSI GeForce RTX 5060 TI VENTUS 2X OC PLUS 8GB GDDR7 128Bit DLSS 4 Ekran Kartı;25.299 TL
INTEL I5 14600K - RTX 5060 8GB - H610M - 500GB SSD - 16GB RAM;68.948 TL
SR-P MOZA SR-P Clutch Pedal;4.099 TL
MOZA CRP2 Pedal Seti;35.449 TL
GLARE SİYAH RAMPAGE GLARE MESH SİYAH 4x120mm ARGB Fanlı 650W 80PLUS MidT ATX GAMING KASA;6.239 TL
XIGMATEK SKY II SİYAH ODIN II 4x120mm RGB FANLI 750W 80PLUS MidT ATX GAMING KASA;6.629 TL
AMD R5 7500F - RTX 5060 - PRO A620M DDR5 - 500GB SSD - 16GB RAM;62.675 TL
0,0 RX-97TSWF3B9 XFX SWIFT RADEON RX 9070 XT GAMING 16GB GDDR6 256Bit AMD Ekran Kartı;40.949 TL
AMD R7 7800X3D - RTX 4060 TI - X870 - 1TB SSD - 16GB RAM;95.768 TL
AMD R7 7800X3D - RTX 5070 TI OC 16G - B650M DDR5 - 500GB SSD - 16GB RAM;112.125 TL
CGR-ARX COUGAR HOTROD Siyah/Turuncu Oyuncu Koltuğu;19.819 TL
"ASUS 15,6"" VT169HE 5Ms 60Hz DOKUNMATIK MONITOR";12.829 TL
8Z5 AMD R5 7600X - RTX 5060TI - B650M DDR5 - 1TB M.2 SSD - 16GB DDR5 RAM;72.850 TL
ZOTAC GeForce RTX 5060 TI GAMING AMP 16GB GDDR7 128Bit DLSS 4 Ekran Kartı;33.079 TL
INTEL I5 14600K - RTX 5060 - H610M DDR5 - 500GB SSD - 16GB RAM;68.948 TL
WM INTEL I5 14600K - RTX 5060 - H610M DDR5 - 500GB M.2 SSD - 16GB DDR5 RAM;68.948 TL
ZOTAC GeForce RTX 5080 GAMING SOLID CORE 16GB GDDR7 256Bit DLSS 4 Ekran Kartı;84.149 TL
FAZEON F2 650W 80PLUS BRONZE Mesh 6x120mm ARGB Fanlı ATX Bilgisayar Kasası;4.879 TL
"SAMSUNG 27"" ODYSSEY G7 1Ms 144Hz 4K IPS GAMING MONITOR";23.699 TL
THRUSTMASTER VIPER HOTAS ADD-ON GRIP WW VERSION Uçuş Kolu;12.219 TL
THERMALTAKE TOUGHPOWER GT 750W GOLD 80PLUS FULL MODÜLER BEYAZ GÜÇ KAYNAĞI;6.639 TL
THERMALTAKE S250 TG 750W 80PLUS BRONZE ARGB 4x120mm FANLI MidT ATX SİYAH OYUNCU KASASI;8.939 TL
THERMALTAKE The Tower 600 TG Siyah MidT ATX Kasa;11.239 TL
PRO-A ASROCK B850M PRO-A AMD B850 Soket AM5 DDR5 8000MHz (OC) M.2 Anakart;8.409 TL
XIGMATEK CUBI ARCTIC BEYAZ 6x12cm ARGB TEMPERLİ CAM MidT E-ATX GAMING KASA;10.059 TL
XIGMATEK PANO S SİYAH 7x12cm ARGB TEMPERLİ CAM MidT E-ATX GAMING KASA;7.689 TL
ROG RYUJIN III 360 ARGB EXTREME WHT ASUS ROG RYUJIN III EXTREME BEYAZ 360 ARGB OLED 360mm SIVI SOĞUTUCU;22.539 TL
XIGMATEK VISION PRO SİYAH 7x12cm ARGB MidT E-ATX GAMING KASA;14.449 TL
ASUS 27'' XG27ACMG ROG STRIX 1Ms 270Hz IPS QHD GAMING MONITOR;22.219 TL
5,0 AX5U6400C3216G-CLARBK XPG 16GB (1x16GB) Lancer Siyah RGB DDR5 6400MHz CL32 1.4V PC Ram;17.239 TL
COOLER MASTER CRYOFUSE 5 MAVI THERMAL MACUN;519 TL
INFINITE C30 BLACK RAMPAGE INFINITE C30 SIYAH LGA1851/LGA1700/AM5 3x12cm ARGB Fan 360mm SIVI SOĞUTMA;5.339 TL
XIGMATEK STARLINK ULTRA 3x12cm Mini ARGB Fan Kontolcü Fan Kiti;3.299 TL
XIGMATEK STARLINK 3x12cm Mini ARGB Fan Kontolcü Fan Kiti;2.119 TL
XIGMATEK STARZ 3x120mm S20A ARGB FAN + KUMANDALI KASA FAN KİTİ;1.609 TL
0,0 TUF GAMING B860-PLUS WIFI ASUS TUF GAMING B860-PLUS WIFI Intel B860 Soket 1851 DDR5 8666Mhz (OC) M.2 Anakart;10.929 TL
0,0 TUF GAMING B860M-PLUS WIFI ASUS TUF GAMING B860M-PLUS WIFI Intel B860 Soket 1851 DDR5 8800Mhz (OC) M.2 Anakart;10.569 TL
0,0 PRIME B860M-A WIFI ASUS PRIME B860M-A WIFI Intel B860 Soket 1851 DDR5 8666Mhz (OC) M.2 Anakart;9.049 TL
PRO B840-P WIFI MSI PRO B840-P WIFI AMD B840 Soket AM5 DDR5 8000MHZ(OC) M.2 Anakart;8.389 TL
PRIME B840-PLUS WIFI ASUS PRIME B840-PLUS WIFI AMD B840 Soket AM5 DDR5 7600MHz(OC) M.2 Anakart;9.169 TL
0,0 MB14AC ASUS 14'' ZENSCREEN MB14AC FULL HD TASINABILIR MONITOR;12.299 TL
Verbatim 1TB V Pocket 3.2 USB Turuncu Harici SSD;15.609 TL
Crucial T705 Serisi 1TB 3D NAND Soğutuculu NVMe M.2 SSD (Okuma 13600MB/Yazma 10200MB);19.169 TL
Crucial T705 Serisi 2TB 3D NAND Soğutuculu NVMe M.2 SSD (Okuma 14500MB/Yazma 12700MB);26.879 TL
Crucial T705 Serisi 4TB 3D NAND NVMe M.2 SSD (Okuma 14100MB/Yazma 12600MB);52.469 TL
Crucial 2TB P310 Serisi NVMe M.2 SSD (Okuma 7100MB / Yazma 6000MB);18.299 TL
A36 SİYAH ZALMAN ALPHA2 A36 SİYAH 71 CFM 3X120mm ARGB AMD/Intel LGA1700 360mm SIVI SOĞUTUCU;8.169 TL
0,0 PROART Z890-CREATOR WIFI ASUS PROART Z890-CREATOR WIFI Intel Z890 Soket 1851 DDR5 9066Mhz (OC) M.2 Anakart;29.159 TL
CGR-TER COUGAR TERMINATOR Siyah Oyuncu Koltuğu;43.119 TL
MEG Z890 ACE MSI MEG Z890 ACE Z890 Soket 1851 DDR5 9200MHz (OC) M.2 Anakart;34.189 TL
MAG Z890 TOMAHAWK WIFI MSI MAG Z890 TOMAHAWK MAX WIFI Z890 Soket 1851 DDR5 9200MHz (OC) M.2 Anakart;17.389 TL
0,0 TUF GAMING Z890-PRO WIFI ASUS TUF GAMING Z890-PRO WIFI Intel Z890 Soket 1851 DDR5 9066Mhz (OC) M.2 Anakart;18.159 TL
GSKILL 32GB (2x16GB) Trident Z5 Royal Silver RGB DDR5 7600MHz CL36 1.40V Dual Kit Ram;65.409 TL
CGR-NXNB-AOB COUGAR CGR-NXNB-AOB ARMOR ONE Siyah Oyuncu Koltuğu;13.239 TL
5,0 ROG STRIX X870-I GAMING WIFI ASUS ROG STRIX X870-I GAMING WIFI AMD X870 Soket AM5 DDR5 8400MHz(OC) M.2 Anakart;23.759 TL
5,0 MAG CORELIQUID I240 MSI MAG CORELIQUID I240 240mm ARGB SIVI SOĞUTMA SİSTEMİ;4.559 TL
LOGITECH G G915 X LIGHTSPEED KABLOSUZ OYUNCU KLAVYESİ US LAYOUT -SİYAH;13.999 TL
LOGITECH G G915 X LIGHTSPEED TKL US LAYOUT KABLOSUZ OYUNCU KLAVYESİ - SİYAH;7.999 TL
XPG 16GB (1x16GB) Lancer Blade Siyah DDR5 6000Mhz CL48 1.35V PC Ram;20.059 TL
INTEL I5 12400F - RTX 5060 - H610M-R - 500GB SSD - 16GB RAM;52.809 TL
INTEL I5 12400F - RTX 5060 - H610M - 500GB SSD - 16GB RAM;55.667 TL
GIGABYTE RTX 4060 Ti EAGLE OC 8GB GDDR6 128 Bit Nvidia Ekran Kartı;27.759 TL
TUF GAMING GT502 PLUS BEYAZ ASUS TUF GAMING GT502 PLUS BEYAZ USB 3.2 TEMPERLİ CAM MidT ATX OYUNCU KASASI;9.639 TL
H V2 GIGABYTE H610M H V2 Intel H610 Soket 1700 DDR5 5600MHz M.2 Anakart;1.446 TL
THERMALTAKE The Tower 300 Serisi Black Kasa Standı;2.439 TL
THERMALTAKE THE TOWER 300 TG BLACK MICRO TOWER KASA;10.959 TL
SR-P Lite Pedal MOZA SR-P Lite Pedal Accessory Kit;2.699 TL
Clamp for Truck Wheel MOZA Clamp for Truck Wheel;4.349 TL
Direct Drive MOZA R12 Direct Drive Wheel Base;41.939 TL
XPG Lancer Blade Beyaz RGB DDR5-6400Mhz CL32 48GB (2x24GB) Dual Kit Ram;79.149 TL
XPG 16GB (2x8GB) Spectrix D35 Siyah DDR4 3600Mhz CL18 1.35V PC Ram;9.069 TL
FRISBY FM-280WM KABLOSUZ MOUSE- MAVİ;359 TL
FRISBY FM-274WM KABLOSUZ MOUSE- KIRMIZI;339 TL
GEN5 FSP HYDRO K PRO ATX3.0 (PCIe5.0) 750W 80PLUS BRONZE GÜÇ KAYNAĞI;6.129 TL
THRUSTMASTER T128-X SHIFTER PACK EU;20.079 TL
"VERBATIM 14"" 49591 PMT-14 6Ms FULL HD IPS TAŞINABİLİR DOKUNMATİK EKRANLI MONİTÖR";10.399 TL
"Apple Magic Keyboard İpad Pro 13""(M4)- Türkçe Q Klavye - Beyaz";14.846 TL
AMD R5 7600X - RTX 5060 - A620M DDR5 - 500GB SSD - 16GB RAM;65.211 TL
Crucial Pro 16GB DDR5-6000 UDIMM CL48 (16Gbit) Soğutuculu PC RAM;16.439 TL
Crucial 4TB PRO MAC X9 Serisi Harici SSD (Okuma 1050MB /Yazma 1050MB);24.739 TL
GAMING PLUS WIFI MSI B650M GAMING PLUS WIFI AMD B650 Soket AM5 DDR5 7200MHz (OC) RGB M.2 Anakart;9.879 TL
INTEL I5 14600K - RTX 5060 - H610M - 500GB SSD - 16GB RAM;64.818 TL
ASROCK A620M-HDV/M.2 AMD Soket AM5 DDR5 mATX 6400MHz (OC) M.2 Anakart;3.599 TL
Crucial 2TB 1 X9 Serisi Portable 1050MB/1050MB SSD ( Solid State Disk);19.209 TL
XPG Lancer Blade Siyah DDR5-6000Mhz CL30 16GB (1x16GB) Single Ram;20.009 TL
XPG Lancer Blade Siyah DDR5-5600Mhz CL46 16GB (1x16GB) Single Ram;16.989 TL
GRAND Rampage KL-R20 GRAND SERIES 3D Ayarlı Dirseklik Siyah/Golden Oyuncu Koltuğu;15.929 TL
D4 ASROCK B760M-HDV/M2 D4 Intel B760 Soket 1700 DDR4 5333MHz (OC) M.2 Anakart;5.499 TL
Crucial 1TB 1050MB/1050MB X9 PRO MAC Serisi MacBook Portable SSD;8.759 TL
ROG STRIX IMPACT III ASUS ROG STRIX IMPACT III 12000 DPI GAMING MOUSE;2.749 TL
Crucial X10 PRO 4TB PCIe Gen5 Harici SSD (Okuma 2000MB/2000Yazma );28.729 TL
"RAMPAGE 25"" CYCLOPS CY25R240 1Ms 240Hz FULL HD VA GAMING MONITOR";8.176 TL
Crucial T700 4TB PCIe Gen5 NVMe M.2 SSD (Okuma 12400MB/Yazma 11800MB);51.149 TL
ROG RYUJIN III 240 ARGB - BEYAZ ASUS ROG RYUJIN III 240 ARGB OLED 2x120mm FAN 240mm BEYAZ SIVI SOĞUTUCU;8.799 TL
5,0 PRIME H610M-K ASUS PRIME H610M-K Intel H610 Soket 1700 DDR5 5600MHz M.2 Anakart;4.329 TL
THRUSTMASTER VIPER MISSION PACK Gaz Kolu & Kumanda Paneli;31.449 TL
THRUSTMASTER VIPER TQS PC Gaz Kolu;20.939 TL
THERMALTAKE TOUGHPOWER GF A3 80PLUS GOLD 850W 12CM FAN FULL MODÜLER GÜÇ KAYNAĞI;10.839 TL
THERMALTAKE The Tower 200 Beyaz Pencereli Mini ITX Oyuncu Kasası;9.129 TL
COOLER MASTER MASTERFAN MF140 HALO2 ARGB 140mm Beyaz Kasa Fanı;959 TL
RAZER STREAM X KONTROLCÜ;6.989 TL
COUGAR MHP120 ARGB 1x120mm TEKLİ FAN;1.089 TL
GIGABYTE GeForce RTX 4060 Ti GAMING OC 8G 128Bit GDDR6 Ekran Kartı;29.459 TL
STEELSERIES AEROX 5 WIRELESS GAMING MOUSE;6.999 TL
"ASUS 23,8"" MB249C 5MS 75HZ FULLHD HDMI USB-C IPS TASINABILIR USB MONITOR";23.209 TL
SPEAR BEYAZ RAMPAGE SPEAR 4x120mm RGB FANLI 750W 80PLUS BRONZE MidT ATX GAMING BEYAZ KASA;6.269 TL
THRUSTMASTER ESWAP X R PRO Forza Horizon 5 Gamepad;10.039 TL
THRUSTMASTER T.FLIGHT U.S. AIR Force Edition Gaming Kulaklık;7.029 TL
PRIME B650M-A WIFI II ASUS PRIME B650M-A WIFI II AMD Soket AM5 DDR5 6400MHz (O.C.) M.2 Anakart;9.889 TL
Verbatim 1TB Vi7000G Internal PCIe NVMe M.2 GEN4 SSD (7400MB Okuma/5500MB Yazma);8.949 TL
Verbatim 2TB Vi550 S3 SATA 3.0 SSD (Okuma 550MB / Yazma 500MB);17.019 TL
COOLER MASTER MWE V2 80PLUS GOLD 1250W GEN5 FULL MODÜLER 140MM FANLI GÜÇ KAYNAĞI;16.729 TL
THRUSTMASTER T.16000M FCS HOTAS DUO PC Joystick Seti;8.029 TL
COOLER MASTER MASTERFAN MF140 HALO2 2 ARGB 1x140mm ARGB LED Kasa Fanı;959 TL
COOLER MASTER MASTERFAN MF120 HALO2 2 ARGB 1x120mm ARGB LED Kasa Fanı;1.019 TL
COUGAR VORTEX 3x120mm RGB SPB KASA FAN KİTİ;5.599 TL
THRUSTMASTER Hotas Warthog Flight Joystick;21.649 TL
THRUSTMASTER T-Flight Full Kit XBOX Series X/S WW Joystick Set;18.069 TL
THRUSTMASTER T-Flight Hotas One Joystick;10.139 TL
COOLER MASTER MASTERBOX TD500 V2 MESH 4x120mm ARGB LED FANLI MidT BEYAZ KASA;7.559 TL
TUF GAMING TF120 ARGB WHITE EDITION ASUS TUF GAMING TF120 ARGB 120mm TEKLİ KASA FANI BEYAZ;1.469 TL
THRUSTMASTER Hotas Warthog Joystick Seti;34.009 TL
THRUSTMASTER ESWAP X PRO Siyah XBOX/PC Gamepad;10.049 TL
THRUSTMASTER T.16000M FCS HOTAS PC Joystick Seti;10.519 TL
THRUSTMASTER TS-PC RACER Ferrari 488 Challenge PC Oyun Direksiyonu;32.139 TL
THRUSTMASTER T300 Ferrari Integral Alcantara PS/PC Direksiyon Seti;50.699 TL
GSKILL 64GB (2x32GB) TRIDENT Z5 SİYAH DDR5 6400MHz CL32 1.40V RGB PC Ram;116.519 TL
MEG PROSPECT 700R MSI MEG PROSPECT 700R 4x140mm ARGB FANLI USB3.2 MidT ATX GAMING KASA;16.479 TL
GSKILL 32GB (2x16GB) TRIDENT Z5 NEO SİYAH DDR5 6000MHz CL36 1.35V RGB PC Ram;47.269 TL
Crucial 16GB (2x8GB) DDR4 3200MHz CL22 1.2V PC Dual Kit Ram;9.069 TL
Crucial 16GB (2x8GB) DDR4 3200MHz CL22 1.2V Notebook Dual Kit Ram;10.639 TL
MAG FORGE 112R MSI MAG FORGE 112R ARGB Tempered Siyah ATX Mid Tower KASA;4.179 TL
COOLER MASTER HAF 700 EVO 3x120mm ARGB 2x200mm FANLI FULL TOWER SİYAH KASA;31.849 TL
Crucial 32GB DDR4 3200MHz CL22 1.2V PC Ram;15.939 TL
PRIME H610M-K D4 ASUS PRIME H610M-K D4 Intel H610 Soket 1700 DDR4 3200MHz M.2 Anakart;5.009 TL
PRIME H610M-D D4 ASUS PRIME H610M-D D4 Intel H610 Soket 1700 DDR4 3200MHz M.2 Anakart;5.349 TL
Micron 512GB 3400 Serisi NVMe M.2 SSD (Okuma 6600MB / Yazma 3600MB);8.019 TL
LOGITECH G915 TKL LIGHTSPEED RGB İNGİLİZCE KABLOSUZ MEKANIK GAMING KLAVYE;9.999 TL
COOLER MASTER MWE V2 750W 80PLUS GOLD 2xEPS 120MM FANLI GÜÇ KAYNAĞI;6.449 TL
Thermaltake TtMod Beyaz/Siyah Power Supply Sleeved Kablo Seti (16 AWG);2.809 TL
RAZER OROCHI V2 18000 DPI KABLOSUZ GAMING MOUSE-SİYAH;2.939 TL
Samsung 1TB 870 EVO SATA 3.0 (Okuma 560MB / Yazma 530MB);22.439 TL
COOLER MASTER MASTERLIQUID ML240L V2 2x120mm RGB LED SIVI SOĞUTMA SİSTEMİ;4.629 TL
GSKILL 8GB Ripjaws DDR4 2666MHz CL19 1.2V Notebook Ram;6.379 TL
Thermaltake TtMod Rainbow Power Supply Sleeved Kablo Seti (16 AWG);2.809 TL
Thermaltake TtMod Mavi/Siyah Power Supply Sleeved Kablo Seti (16 AWG);2.809 TL
RAMPAGE RMP-650-80PB 650W 80PLUS BRONZE 140MM FANLI GÜÇ KAYNAĞI;3.139 TL
RAMPAGE TM-130 TERMAL MACUN;169 TL
"FRISBY FHC-2525B 2.5"" SATA HARDDISK KUTUSU USB 2.0";359 TL
ROG STRIX X870E-A GAMING WIFI7 NEO ASUS ROG STRIX X870E-A GAMING WIFI7 NEO AMD X870 Soket AM5 DDR5 9600MHz(OC) M.2 Anakart;27.319 TL
TUF GAMING B850-PRO WIFI7 W NEO ASUS TUF GAMING B850-PRO WIFI7 W NEO AMD B850 Soket AM5 DDR5 9000MHz(OC) M.2 Anakart;15.829 TL
0,0 VTN-PKT-RB29 INTEL U5 245KF - RTX 5070 TI - Z890M - 1TB SSD - 16GB RAM;89.498 TL
0,0 VTN-PKT-RB28 INTEL I7 12700F - RTX 5070 - H610M - 1TB SSD - 32GB RAM;84.491 TL
0,0 VTN-PKT-RB22 INTEL I5 12400F - RX 9060 - H610M - 512GB SSD - 16GB;34.524 TL
0,0 VTN-PKT-RB19 INTEL I5 12400F - RTX 5060 TI - H610M - 512GB SSD - 16GB RAM;46.898 TL
0,0 VTN-PKT-RB18 INTEL U5 225F - RTX 5060 TI - H810M - 512GB SSD - 16GB RAM;54.809 TL
"YENİ ÜRÜN 0,0 MB27ACF ASUS 27"" MB27ACF 5Ms 100Hz QHD IPS TASINABILIR MONITOR";24.349 TL
0,0 VTN-PKT-RB30 INTEL I5 12400F - RTX 5060 - H610M - 1TB M.2 SSD - 16GB RAM;52.499 TL
LEXAR THOR OC 32GB (2x16GB) DDR5 6000MHz CL38 1.3V Siyah Dual Pc Ram;31.879 TL
"THERMALTAKE MINECUBE 360 Ultra Beyaz 3,95"" TFT LCD 360mm Intel/AM5 Sıvı Soğutucu";21.379 TL
"THERMALTAKE MINECUBE 360 Ultra 3,95"" TFT LCD 360mm Intel/AM5 Sıvı Soğutucu";21.379 TL
"THERMALTAKE MAGCurve 360 Ultra 6,67"" Amoled Ekranlı 360mm Intel/AM5 Beyaz Sıvı Soğutucu";20.339 TL
"THERMALTAKE MAGCurve 360 Ultra 6,67"" Amoled Ekranlı 360mm Intel/AM5 Uyumlu Sıvı Soğutucu";20.339 TL
THERMALTAKE AW420 3x140mm Tougfan Pro Fanlı 420mm TR5 Serisi Uyumlu Sıvı Soğutucu;29.129 TL
MHG Flight Stick MOZA MHG Flight Stick;7.919 TL
PRO B860M-E MSI PRO B860M-E Intel B860 Soket 1851 DDR5 9066Mhz (OC) M.2 Anakart;7.339 TL
STEELSERIES AEROX 3 MAGENTA HAZE GEN 2 KABLOSUZ GAMING MOUSE;7.169 TL
AMD R5 7600X - RTX 5070 TI - B650M - 1TB SSD - 32GB RAM;106.055 TL
0,0 VTN-PKT-MT6 INTEL I7 12700KF - RTX 5070 - H610M - 1TB SSD - 16GB RAM;82.528 TL
INTEL I5 14400F - RTX 5060 - H610M - 1TB SSD - 16GB RAM;75.150 TL
INTEL I5 14400F - RTX 5060 - H610M - 1TB SSD - 16GB RAM;75.910 TL
"VIEWSONIC 27"" XG2737 1Ms 520Hz FULL HD IPS GAMING MONITOR";27.999 TL
YENİ ÜRÜN 0,0 RZ01-04550100-R3G1 RAZER VIPER V3 PRO SE 35000 DPI KABLOSUZ GAMING MOUSE-SİYAH;6.189 TL
SPATIUM M571 DLP NVME M.2 2TB MSI 2TB SPATIUM M571 DLP PCIE 5.0 NVME M.2 SSD (14500MB Okuma / 11000MB Yazma);31.059 TL
"0,0 X27F241QP FAZEON 27"" X27F241QP 0.5Ms 240Hz QHD IPS GAMING MONITOR";11.599 TL
"0,0 X49F165DQP FAZEON 49"" X49F165DQP 0.5Ms 165Hz QHD VA GAMING MONITOR";30.899 TL
"0,0 X32F240S FAZEON 32"" X32F240S 0.5Ms 240Hz FHD VA GAMING MONITOR";9.199 TL
MAG F120 ARGB WHITE-1W MSI MAG F120 ARGB WHITE 1x120mm 120mm Kasa Fanı;1.159 TL
ASUS PRIME Z890-P / ROG RYUJIN III 360 EXTREME;30.728 TL
ASUS TUF GAMING X870E-PLUS WIFI7 / ROG RYUJIN III 360 EXTREME;38.097 TL
ASUS ROG STRIX B850-G GAMING WIFI / PRIME LC 360 ARGB;19.173 TL
ASUS TUF GAMING B860M-PLUS WIFI / PRIME LC 360 ARGB;15.364 TL
ASUS TUF GAMING B850-E WIFI / PRIME LC 240 ARGB;17.425 TL
ASUS TUF GAMING B850M-E WIFI / PRIME LC 240 ARGB;16.051 TL
ASUS TUF GAMING B850M-PLUS WIFI7 / PRIME LC 240 ARGB;17.300 TL
ASUS TUF GAMING B860M-PLUS / PRIME LC 240 ARGB;14.427 TL
ASUS TUF GAMING B860M-PLUS WIFI / PRIME LC 240 ARGB;14.739 TL
ASUS DUAL RTX5060TI / TUF GAMING B850-E WIFI;43.781 TL
ASUS PRIME-RTX5060TI / TUF GAMING B850M-PLUS WIFI7;45.217 TL
ASUS DUAL RTX5070 O12G / ROG STRIX B850-G GAMING WIFI;58.332 TL
ASUS PRIME-RTX5070 / TUF GAMING B850M-PLUS;57.646 TL
ASUS TUF-RTX5070 / TUF GAMING B850M-E WIFI;63.329 TL
ASUS PROART RTX5080 / PROART X870E-CREATOR WIFI;135.963 TL
ASUS DUAL-RX9060XT / TUF GAMING B850M-PLUS;44.530 TL
ASUS DUAL-RX9060XT / TUF GAMING B850M-PLUS WIFI7;46.778 TL
ASUS PRIME RX9070 / TUF GAMING B650-E WIFI;49.027 TL
ASUS PRIME RX9070XT / TUF GAMING B650-E WIFI;63.267 TL
ASUS DUAL-RTX5060TI / TUF GAMING B860M-PLUS;40.783 TL
ASUS PRIME-RTX5060TI / TUF GAMING B860M-PLUS WIFI;42.656 TL
ASUS DUAL-RTX5070 / TUF GAMING B860M-PLUS WIFI;54.523 TL
ASUS PRIME-RTX5070 / TUF GAMING B860M-PLUS;56.709 TL
ASUS TUF-RTX5070 / TUF GAMING B860M-PLUS;61.705 TL
ASUS PRIME RTX5080 O16G / ROG STRIX B860-F GAMING WIFI;112.980 TL
ASUS PROART RTX5080 / TUF GAMING Z890-PLUS WIFI;124.971 TL
ASUS DUAL-RX9060XT / TUF GAMING B860M-PLUS WIFI;43.900 TL
ASUS DUAL RX9060XT XT-16G / ROG STRIX B860-A GAMING WIFI;46.841 TL
ASUS PRIME-RX9070-O16G / TUF GAMING B860-PLUS WIFI;50.398 TL
ASUS PRIME-RX9070XT-O16G / ROG STRIX Z890-F GAMING WIFI;79.417 TL
0,0 VTN-PKT-WS1 INTEL U5 225F - RTX5060 - Z890 - 1TB M.2 SSD - 16GB RAM;72.469 TL
INTEL U5 245KF - RTX 5060 - H810M - 1TB M.2 SSD - 16GB RAM;72.501 TL
"ASUS 27"" ROG STRIX XG27JCG 0.3Ms 180Hz 5K GAMING MONITOR";41.199 TL
"LENOVO 26,5"" YOGA PRO 27UD-10 0,03Ms 120Hz OLED MONITOR";79.999 TL
FAME SILVER HAWK GAMING CHAIR Fame Silver Kumaş Oyuncu Koltuğu;15.189 TL
"0,0 MF360-KHNN-S02 COOLER MASTER MASTERFRAME 360 LCD 15,6"" LCD Ön Panel ATX Back-Connect Anakart ATX KASA";21.879 TL
0,0 MF360-KHNN-S01 COOLER MASTER MASTERFRAME 360 Mirror Ön Panel ATX Back-Connect Anakart ATX KASA;13.829 TL
TUF GAMING X870-PRO WIFI7 W NEO ASUS TUF GAMING X870-PRO WIFI7 W NEO AMD X870 Soket AM5 DDR5 9600MHz(OC) M.2 Anakart;23.309 TL
0,0 VTN-PKT-R30 INTEL U5 245KF - RTX 5060 TI - H810M - 1TB SSD - 32GB RAM;76.914 TL
INTEL U5 245K - RTX 5060 TI - H810M - 1TB SSD - 16GB RAM;69.646 TL
AMD R7 5700X - RTX 5070 - A520M - 1TB SSD - 16GB RAM;73.715 TL
AMD R5 7600 - RTX 5070 TI - A620M - 1 TB SSD - 16GB RAM;93.328 TL
AMD R5 5600 - RTX 5060 TI - B450M - 500GB SSD - 16GB RAM;55.337 TL
INTEL I5 14400F - RTX 5070 - H610M - 1TB SSD - 16GB RAM;70.804 TL
INTEL I5 12400F - RTX 5060 TI - H610M - 500GB SSD - 16GB RAM;54.075 TL
INTEL U5 245KF - RTX 5070 - H810M - 1TB M.2 SSD - 32GB RAM;90.500 TL
AMD R5 7500F - RTX 5070 - A620M - 500GB M.2 SSD - 16GB RAM;72.927 TL
AMD R7 5700 - RTX 5060 TI - A520M - 1TB SSD - 16GB RAM;55.886 TL
INTEL U5 225F - RTX 5060 TI - H810M - 1TB SSD - 32GB RAM;77.282 TL
INTEL U5 245KF - RX 9070 XT - H810M - 1TB SSD - 32GB RAM;92.205 TL
INTEL U5 225F - RX 7700 XT - H810M - 500GB SSD - 16GB RAM;66.964 TL
AMD R5 7500F - RX 7700 XT - A620M - 500GB SSD - 16GB RAM;62.240 TL
AMD R7 5700 - RX 7700 XT - A520M - 512GB SSD - 16GB RAM;57.012 TL
NEXT LEVEL RACING HF8 - Haptic Feedback Gaming Pad;17.479 TL
NEXT LEVEL RACING Victory Simulator Cockpit;28.859 TL
NEXT LEVEL RACING F-GT Pro Direct Keyboard and Mouse Tray;9.619 TL
NEXT LEVEL RACING GTLite Foldable Racing Cockpit;18.999 TL
AMD R5 7600 - RX 9070 - X670 - 1TB M.2 SSD - 32GB RAM;83.147 TL
AMD R5 7600X - RTX 5070 TI - A620M - 1TB M.2 SSD - 16GB RAM;109.124 TL
AMD R5 7600X - RX 9070 XT - A620M - 1TB M.2 SSD - 16GB RAM;85.859 TL
AMD R5 7600 - RX 9070 - A620M - 1TB M.2 SSD - 16GB RAM;75.972 TL
INTEL U5 225F - RX 9060 XT - H810M - 1TB M.2 SSD - 16GB RAM;58.748 TL
AMD R5 7500F - RTX 5070 - A620M - 1TB M.2 SSD - 16GB RAM;82.005 TL
AMD R5 7600X - RTX 5080 - B860M - 1TB M.2 SSD - 16GB RAM;143.086 TL
INTEL U5 245KF - RTX 5080 - H810M - 1TB M.2 SSD - 32GB RAM;155.017 TL
INTEL I5 14400F - RTX 5070 - H610M - 512GB M.2 SSD - 32GB RAM;85.189 TL
INTEL I9 14900F - RTX 5070 - Z790 WIFI - 1TB M.2 SSD - 32GB RAM;124.672 TL
INTEL U5 245K - RTX 5070 - H810M - 1TB M.2 SSD - 16GB RAM;86.922 TL
INTEL I5 14400F - RTX 5060 TI - H610M - 512GB M.2 SSD - 16GB RAM;53.750 TL
INTEL I5 14400F - RX 9060 XT - H610M - 512GM M.2 SSD - 16GB RAM;58.680 TL
AMD R5 5500 - RTX 5060 - A520M - 512GB M.2 SSD - 16GB RAM;50.438 TL
AMD R5 7600 - RTX5060TI - A620M - 1TB SSD - 16GB RAM;70.358 TL
INTEL I9 14900 - Z790-P - 512GB SSD - 16GB RAM;71.937 TL
INTEL U5 245K - RTX5060TI - H810M - 1TB SSD - 16GB RAM;76.228 TL
AMD R7 9800X3D - RTX5080 - B850M - 1TB SSD - 32GB RAM;184.026 TL
AMD R7 7800X3D - RTX5070 - A620AM - 1TB SSD - 32GB RAM;114.742 TL
AMD R5 7600X - RTX5060TI - A620M - 1TB SSD - 16GB RAM;72.121 TL
AMD R5 7500F - RTX5060 - A620M - 1TB SSD - 16GB RAM;64.412 TL
INTEL I5 14400F - RTX5060 - H610M - 512GB SSD - 16GB RAM;51.847 TL
INTEL I5 12400F - RTX5060 - H610M - 512GB SSD - 16GB RAM;53.781 TL
ASUS ROG CROSSHAIR X870E APEX / ROG HYPERION GR701 WHITE;65.238 TL
ASUS ROG STRIX Z890F GAMING WIFI / ROG STRIX HELIOS II GX601S BLACK;46.881 TL
ASUS ROG STRIX B860A GAMING WIFI / TUF GAMING GT302 TG ARGB WHITE;22.149 TL
ASUS TUF GAMING B860 PLUS WIFI / TUF GAMING GT302 TG ARGB SİYAH;20.280 TL
ASUS TUF GAMING B860M PLUS WIFI / TUF GAMING GT302 TG ARGB SİYAH;19.786 TL
ASUS TUF GAMING B860M PLUS / TUF GAMING GT302 TG ARGB SİYAH;19.676 TL
ASUS TUF GAMING B650E WIFI / TUF GAMING GT302 TG ARGB SİYAH;18.686 TL
ASUS PRIME Z890P / TUF GAMING GT302 TG ARGB SİYAH;23.908 TL
ASUS TUF GAMING B850ME WIFI / PRIIME LC 240 ARGB;18.027 TL
ASUS TUF GAMING B850E WIFI / PRIME LC 240 ARGB;19.236 TL
ASUS TUF GAMING B850M PLUS WIFI7 / PRIME LC 240 ARGB;19.841 TL
ASUS TUF GAMING B860M PLUS / PRIME LC 240 ARGB;18.027 TL
ASUS TUF GAMING B860M PLUS WIFI / PRIME LC 240 ARGB;18.631 TL
LIVEMIXER ASROCK Z890 LIVEMIXER Intel Z890 Soket 1851 DDR5 9000MHz (OC) M.2 Anakart;16.379 TL
ASROCK H810M-X INTEL H810M Soket 1851 DDR5 6400MHz (OC) M.2 Anakart;6.109 TL
STEEL LEGEND ASROCK Z890 STEEL LEGEND Intel Z890 Soket 1851 DDR5 9000MHz (OC) M.2 Anakart;17.809 TL
SPATIUM M450 NVME M.2 1TB V1 MSI 1TB SPATIUM M450 PCIe 4.0 NVMe M.2 SSD (3400MB Okuma / 2400MB Yazma);14.459 TL
SPATIUM M560 NVME M.2 2TB MSI 2TB SPATIUM M560 PCIE 5.0 NVME M.2 SSD (10300MB Okuma / 8700MB Yazma);36.549 TL
CGR-ELI-BLB COUGAR ARMOR ELITE BLACK Siyah Oyuncu Koltuğu;14.259 TL
CGR-ARMOR ONE ROYAL COUGAR ARMOR ONE ROYAL Siyah Oyuncu Koltuğu;14.009 TL
CGR-ENF-BUB COUGAR EXPLORE NAVY BLUE F Mavi Oyuncu Koltuğu;15.419 TL
AMD R5 7500F - RTX5060 - A620M - 1TB SSD - 16GB RAM;67.689 TL
INTEL I5 14400F - RTX 5060 - H610M - 1TB SSD - 16GB RAM;69.570 TL
INTEL I5 12400F - RTX5060 TI - H610M - 500GB SSD - 16GB RAM;53.993 TL
INTEL I5 12400F - RX9060 - H610M - 500GB SSD - 16GB RAM;45.257 TL
INTEL I5 12400F - RTX5050 - H610M - 512GB SSD - 16GB RAM;47.970 TL
AMD R7 5700X - RX 9060 XT - A520M - 512GB SSD - 16GB RAM;56.275 TL
AMD R7 9800X3D - RTX5080 - X670-P - 1TB SSD - 3GB RAM;156.009 TL
AMD R5 7600 - RTX 5060 - A620M - 512GB SSD - 16GB RAM;64.354 TL
INTEL I5 14400F - RX 9070 XT - H610M - 1TB SSD - 16GB RAM;90.117 TL
INTEL I5 12400F - RTX 3050 - H610M - 512GB SSD - 16GB RAM;47.996 TL
INTEL I5 14400F - RTX 5060 - H610M - 512GB SSD - 16GB RAM;61.769 TL
INTEL I5 12400F - RTX 5070 - H610M - 500GB SSD - 16GB RAM;84.309 TL
INTEL I5 12400F - RTX 5070 - H610M - 500GB SSD - 16GB RAM;84.034 TL
INTEL I5 12400F - RTX 5070 - H610M - 500GB SSD - 16GB RAM;78.483 TL
INTEL I5 14400F - RTX 5070 - H610M - 500GB SSD - 16GB RAM;77.054 TL
INTEL I5 14400F - RTX 5070 TI - H610M - 500GB SSD - 16GB RAM;101.072 TL
INTEL I5 14400F - RTX 5070 - H610M - 500GB SSD - 16GB RAM;86.727 TL
INTEL I5 14400F - RTX 5070 - H610M - 500GB SSD - 16GB RAM;86.397 TL
INTEL I5 14400F - RTX 5060 TI - H610M - 500GB SSD - 16GB RAM;69.206 TL
INTEL I5 14400F - RTX 5060 TI - H610M - 500GB SSD - 16GB RAM;72.905 TL
INTEL I5 14400F - RTX 5060 TI - H610M - 500GB SSD - 16GB RAM;76.131 TL
INTEL I5 14400F - RTX 5060 TI - H610M - 500GB SSD - 16GB RAM;70.986 TL
INTEL I5 12400F - RTX5060 TI - H610M - 500GB SSD - 16GB RAM;66.812 TL
INTEL I5 12400F - RTX5060 TI - H610M - 500GB SSD - 16GB RAM;70.475 TL
INTEL I5 12400F - RTX5060 TI - H610M - 500GB SSD - 16GB RAM;73.718 TL
INTEL I5 12400F - RTX5060 TI - H610M - 500GB SSD - 16GB RAM;68.589 TL
COUGAR ARMOR ONE V2 Siyah/Turuncu Oyuncu Koltuğu;14.009 TL
Hyper PLA Strawberry Red CREALITY Hyper PLA Strawberry Red Filament;939 TL
Max ANYCUBIC Photon Mono M7 Max 3D Yazıcı;42.719 TL
PRO WS B850M-ACE SE ASUS PRO WS B850M-ACE SE AMD B850 Soket AM5 DDR5 8000MHz(OC) M.2 Anakart;25.479 TL
PRIME B850M-F WIFI ASUS PRIME B850M-F WIFI AMD B850 Soket AM5 DDR5 8200MHz(OC) M.2 Anakart;11.219 TL
INTEL I5 12400F - RTX 5060 - H610M - 512GB SSD - 16GB RAM;51.261 TL
INTEL I5 14400F - RTX 5060 TI - H610M - 512GB SSD - 16GB RAM;60.576 TL
INTEL I5 12400F - RTX5050 - H610M - 512GB SSD - 16GB RAM;49.201 TL
"LENOVO 26.5"" LEGION 27Q-10 0.03Ms 240Hz QHD QD-OLED GAMING MONITOR";26.999 TL
"LENOVO 34"" LEGION PRO 34WD-10 0.03Ms 240Hz UWQHD OLED GAMING MONITOR";49.999 TL
INTEL I5 12400F - RTX 5060 - H610M - 500GB SSD - 16GB RAM;59.467 TL
INTEL I5 12400F - RTX 5060 - H610M - 500GB SSD - 16GB RAM;62.962 TL
GOODRAM 1TB HX200 ROSE GOLD USB 3.2 (Okuma 1500MB / Yazma 1400MB) Harici SSD;11.539 TL
GOODRAM 2TB GEN5 NVMe M.2 SSD (Okuma Hızı 10300MB / Yazma Hızı 8700MB);39.019 TL
GOODRAM 500GB GEN5 NVMe M.2 SSD (Okuma Hızı 9300MB / Yazma Hızı 6000MB);10.879 TL
GOODRAM 2TB PX700 GEN4 NVMe M.2 SSD (Okuma Hızı 7400MB / Yazma Hızı 6500MB);38.469 TL
GOODRAM 1TB PX600 LITE GEN4 NVMe M.2 SSD (Okuma Hızı 3600MB / Yazma Hızı 2700MB);20.889 TL
GOODRAM 16GB (1x16GB) UDIMM DDR5 4800MHz CL40 1.1V PC Ram;15.239 TL
0,0 IR-5600D564L30S/32GDC GOODRAM 32GB (2x16GB) IRDM DDR5 5600MHz CL30 1.35V Soğutuculu PC Ram;29.139 TL
MAG A1000GLS PCIE5 MSI MAG A1000GLS PCIE5 1000W 80 PLUS GOLD GÜÇ KAYNAĞI;11.879 TL
AMD R7 5700 - RTX 5050 - A520M - 500GB M.2 SSD - 16GB RAM;46.872 TL
COOLER MASTER ELITE 600 CURVE TG 7x120mm ARGB ATX SİYAH KASA;7.589 TL
Samsung 2TB T7 Gen2 Resurrected USB 3.2 Silver (Okuma 1050MB / Yazma 1000MB) Harici SSD;36.139 TL
Samsung 4TB T7 Gen2 Shield USB 3.2 Gümüş (Okuma 1050MB / Yazma 1000MB) Harici SSD;72.279 TL
INTEL I5 14600K - RTX 5070 - H610M - 1TB SSD - 32GB RAM;109.865 TL
INTEL I5 14600K - RTX 5060 - H610M - 1TB SSD - 32GB RAM;89.530 TL
AMD R5 7500F - RX 9060 - B850M - 1TB SSD - 32GB RAM;85.353 TL
mBooster Base Extension Plate MOZA mBooster Base Extension Plate;3.249 TL
mBooster Base Plate MOZA mBooster Base Plate;10.809 TL
Ultra Direct Drive MOZA R21 Ultra Direct Drive Wheel Base;64.309 TL
MFY YOKE MOZA MFY YOKE;12.399 TL
MTP Throttle Panel MOZA MTP Throttle Panel;24.789 TL
Force Feedback YOKE MOZA AY210 Force Feedback YOKE;61.559 TL
mBooster Pedal Set MOZA mBooster Pedal Set;82.719 TL
V2 MOZA R16 V2 Direct Drive Wheel Base;63.479 TL
MRP Rudder Pedals MOZA MRP Rudder Pedals;26.549 TL
SPATIUM M461 PCIE 4.0 NVME M.2 1TB MSI SPATIUM M461 1TB NVME M.2 SSD (Okuma 5000MB / 3200MB);17.589 TL
INTEL U5 245KF - RTX 5060 - B860M - 1 TB SSD - 16 GB RAM;74.251 TL
AMD R5 7500F - RTX 5070 - A620M-K - 1TB SSD - 16GB RAM;85.848 TL
0,0 H810M-X WIFI ASROCK H810M-X WIFI INTEL H810M Soket 1851 DDR5 6400MHz (OC) M.2 Anakart;6.239 TL
INTEL U5 245KF - RTX 5070 - H810M-B - 1TB SSD - 16GB RAM;95.685 TL
INTEL U5 245KF - RX 9060 XT - H810M-B - 1TB SSD - 16GB RAM;74.031 TL
INTEL U5 245KF - RX 7600 - H810M-B - 1TB SSD - 16GB RAM;72.239 TL
INTEL U5 245KF - RTX 5060 - H810M-B - 1TB SSD - 16GB RAM;79.582 TL
INTEL U5 245KF - RTX 5050 - H810M-B - 1TB SSD - 16GB RAM;76.834 TL
AMD R5 7500F - RX 9070 XT 16GB - A620M - 1TB SSD - 16GB RAM;90.486 TL
AMD R5 7500F - RX 9070 XT 16GB - A620M - 1TB SSD - 16GB RAM;79.109 TL
AMD R5 7500X3D - RTX 5060 TI - X870E - 1TB SSD - 16GB RAM;99.610 TL
INTEL U5 245K - RTX 5070 - Z890 - 1TB SSD - 32GB RAM;122.781 TL
ASUS ROG STRIX ARION HATSUNE MIKU M.2 NVMe USB 3.2 SSD KUTUSU;4.679 TL
INTEL I5 14600K - RTX 5060 OC 8GB - H610M - 1TB SSD - 16GB RAM;79.790 TL
INTEL U5 245KF - RTX 5070 TI X3 OC 16GB - B860M-K - 1TB SSD - 32GB RAM;136.631 TL
INTEL U5 245KF - RTX 5070 12GB - Z890M PLUS - 1TB SSD - 32GB RAM;99.649 TL
INTEL U5 245KF - RTX 5060 OC 8GB - PRO H810M-B - 1TB SSD - 16GB RAM;78.868 TL
AMD R5 7500F - RX 9060 - A620M - 512GB M.2 SSD - 16GB RAM;54.647 TL
INTEL U7 265F - RTX 5080 - Z890 - 1TB M.2 SSD - 32GB RAM;164.331 TL
INTEL U5 245KF - RTX 5070 - H810M - 1TB M.2 SSD - 16GB RAM;83.299 TL
INTEL I5 14600K - RTX 5060 - H610M-K - 1TB SSD - 16GB RAM;68.233 TL
INTEL I5 14600K - RTX 5060 - H610M-K - 1TB SSD - 16GB RAM;73.619 TL
INTEL I5 14600K - RX 9060 XT - H610M-K - 1TB SSD - 16GB RAM;72.245 TL
AMD R5 7500F - RX 9060 XT - B850M-K - 1 TB SSD - 16GB RAM;68.673 TL
AMD R5 7500F - RTX 5060 - B850M-K - 1TB SSD - 16GB RAM;71.778 TL
AMD R5 7500F - RTX 5070 OC 12GB - B850M-K - 1TB SSD - 16GB RAM;95.850 TL
AMD R5 7500F - RTX 5050 - A620M-K - 1TB SSD - 16GB RAM;66.612 TL
POWER BOOST PB-A7510B 750W 80PLUS BRONZE 4x120mm ARGB FANLI ATX BEYAZ KASA;5.389 TL
ASUS ATS 750W 80PLUS GOLD GÜÇ KAYNAĞI;6.969 TL
ROG STRIX HELIOS II GX601S - WHITE ASUS ROG STRIX HELIOS II GX601S WHITE 4x140mm ARGB Fanlı E-ATX Kasa;18.489 TL
RAMPAGE COOLBLADE RB 1x120mm FANLI İŞLEMCİ SOĞUTUCU;1.929 TL
INTEL I3 12400F - RTX 5060 - H610M-K - 512GB SSD- 16GB RAM;57.158 TL
THRUSTMASTER SOL-R 3 AVA ADD-ON GRIP WW Joystick;6.989 TL
Crucial 4TB P310 Serisi NVMe M.2 SSD ( Okuma 7100MB / Yazma 6000MB );33.249 TL
Crucial 16GB (1x16GB) DDR5 6400MHz CL52 Soğutuculu PC Ram;18.169 TL
Crucial 32GB (1x32GB) DDR5 6400MHz CL52 Soğutuculu PC Ram;30.339 TL
Crucial 16GB (1x16GB) DDR5 6400MHz CL52 Notebook Ram;15.939 TL
GOODRAM 16GB (1x16GB) DIMM DDR4 3200MHz CL22 1.35V PC Ram;15.889 TL
GOODRAM 2TB IRDM PRO GEN5 NVMe M.2 SSD (Okuma Hızı 12000MB / Yazma Hızı 11000MB);32.979 TL
GOODRAM 1TB IRDM PRO GEN4 NVMe M.2 NANO SSD (Okuma Hızı 7300MB / Yazma Hızı 6000MB);18.139 TL
GOODRAM 960GB CL100 SATA 3.0 SSD (540MB Okuma / 460MB Yazma);17.589 TL
GOODRAM 1TB CX400 SATA 3.0 SSD (550MB Okuma / 500MB Yazma);18.139 TL
COOLER MASTER MasterLiquid Atmos II 360 ARGB VRM Pompa 3x120mm Beyaz Sıvı Soğutma;10.749 TL
GSKILL 96GB (2x48GB) TZ5 Royal Neo Silver RGB DDR5 6000MHz CL30 1.4V Dual Ram;164.879 TL
GSKILL 64GB (2x32GB) TZ5 Neo Royal Silver RGB DDR5 6000MHz CL28 1.45V Dual Ram;119.049 TL
GSKILL 32GB (2x16GB) TZ5 Neo Siyah RGB DDR5 6000MHz CL26 1.45V Dual Ram;65.189 TL
"VERBATIM 15,6"" ESSENTIALS TAŞINABİLİR ÇİFTLİ FULL HD IPS MONİTÖR";16.099 TL
0,0 MPG EZ120 ARGB-1B MSI MPG EZ120 ARGB BLACK 1x120mm 120mm Manyetik Kasa Fanı;2.259 TL
0,0 MF500M-KHNN-S01 COOLER MASTER MASTERFRAME 500 TG MESH ARGB 2x200mm MidT ATX SİYAH KASA;9.349 TL
0,0 MF600M-SGNN-S01 COOLER MASTER MASTERFRAME 600 TG MESH ARGB 2x200mm MidT ATX GÜMÜŞ KASA;10.849 TL
RAZER BLACKWIDOW V4 %75 PHANTOM GREEN EDITION US GAMING KLAVYE;10.999 TL
THERMALTAKE AW360 AIO Liquid Cooler SİYAH 360mm LGA4677/sTR5-SP6 Uyumlu Sıvı Soğutucu;27.489 TL
CGR-EVM COUGAR ARMOR EVO M Siyah/Sarı Oyuncu Koltuğu;21.539 TL
MAX GAMING AX ASUS B860M MAX GAMING AX Intel B860 Soket 1851 DDR5 8666Mhz (OC) M.2 Anakart;10.129 TL
0,0 TUF GAMING B850M-PLUS II ASUS TUF GAMING B850M-PLUS II B850 Soket AM5 DDR5 8000MHz(OC) M.2 Anakart;11.589 TL
PRIME MR120 FAN ARGB REVERSE BEYAZ ASUS PRIME MR120 ARGB 120mm REVERSE TEKLİ BEYAZ KASA FANI;1.099 TL
PRIME MR120 FAN ARGB SİYAH ASUS PRIME MR120 ARGB 120mm TEKLİ SİYAH KASA FANI;1.099 TL
PRIME AP202 TG ARGB SİYAH ASUS PRIME AP202 TG 3x120mm ARGB FANLI Micro ATX SİYAH KASA;6.069 TL
INTEL I5 12400F - RTX 5060 - H610M - 512GB M.2 SSD - 16GB RAM;55.510 TL
GOODRAM 64GB (2x32GB) IRDM DDR5 6000MHz CL30 1.35V Soğutuculu PC Ram;52.189 TL
0,0 F19A750BBMW FAZEON F19 750W 80PLUS BRONZE 4x120mm ARGB Fanlı ATX Siyah Bilgisayar Kasası;4.209 TL
MPG VELOX 300R AIRFLOW PZ MSI MPG VELOX 300R AIRFLOW PZ 2x120mm ARGB FANLI MidT ATX SİYAH KASA;9.709 TL
AMD R5 7500F - RTX 5050 - A620M - 1TB M.2 SSD - 16GB RAM;61.913 TL
GOODRAM 64GB (2x32GB) IRDM DDR5 6800MHz CL34 1.35V Soğutuculu Dual PC Ram;99.979 TL
0,0 IRG-68D5L34/64GDC GOODRAM 64GB (2x32GB) IRDM RGB DDR5 6800MHz CL34 1.45V Soğutuculu Dual PC Ram;62.979 TL
GOODRAM 2TB PX600 GEN4 NVMe M.2 SSD (Okuma Hızı 5000MB / Yazma Hızı 4200MB);31.879 TL
0,0 IR-6800D564L34S/32GDC GOODRAM 32GB (2x16GB) IRDM DDR5 6800MHz CL34 1.35V Soğutuculu PC Ram;37.249 TL
XIGMATEK LK 240 ARCTIC BEYAZ LGA1851/AM5 2x120mm ARGB Fan LCD Ekranlı 240mm Sıvı Soğutma;5.399 TL
"RAMPAGE 27"" RIPPER RM27F540F 0.5Ms 540Hz FHD IPS GAMING MONITOR";21.886 TL
INTEL I5 14600K - RTX5070 - Z790 - 1TB M.2 SSD - 16GB DDR5 RAM;96.571 TL
XPG 16GB (1x16GB) Lancer Blade Siyah RGB DDR5 6000MHz CL36 1.35V PC Ram;23.089 TL
GSKILL 128GB (4x32GB) G5 Neo Siyah DDR5 6800MHz CL34 1.40V AMD EXPO Ram;160.759 TL
INTEL I5 14600K - H610M DDR4 - RTX 5060 TI - 500GB M.2 SSD - 16GB RAM;72.114 TL
AMD Ryzen™ Threadripper 7980X Soket sTR5 5.1GHz 256MB 350W Tray Kutusuz İşlemci;271.669 TL
RTX 5070 12G VENTUS 2X OC WHITE MSI GeForce RTX 5070 VENTUS 2X OC WHITE 12G GDDR7 192Bit DLSS 4 Ekran Kartı;44.209 TL
GOODRAM 1TB PX700 GEN4 NVMe M.2 SSD (Okuma Hızı 7400MB / Yazma Hızı 6500MB);22.539 TL
GOODRAM 1TB PX600 GEN4 NVMe M.2 SSD (Okuma Hızı 5000MB / Yazma Hızı 3200MB);20.889 TL
INTEL U5 245KF - RTX5070 - Z890M - 1TB M.2 SSD - 32GB DDR5 RAM;112.146 TL
GOODRAM 8GB (1x8GB) DDR4 3200MHz CL22 1.2V PC Ram;5.779 TL
RTX 5060 TI 8G VENTUS 2X OC WHITE PLUS MSI GeForce RTX 5060 TI VENTUS 2X OC PLUS WHITE 8GB GDDR7 128Bit DLSS 4 Ekran Kartı;30.779 TL
INTEL I5 14600K - RTX 5070 OC 12GB - H610M DDR5 - 500GB SSD - 16GB RAM;89.008 TL
AMD R5 7500F - RTX 5070 3X OC 12GB - A620M DDR5 - 500GB - 16GB RAM;81.314 TL
XFX QUICKSILVER RADEON RX 9070 XT GAMING 16GB GDDR6 256Bit AMD Ekran Kartı;45.849 TL
XFX QUICKSILVER RADEON RX 9070 XT MAGNETIC AIR 16GB GDDR6 256Bit AMD Ekran Kartı;46.239 TL
XFX QUICKSILVER RADEON RX 9070 XT MAGNETIC AIR WHITE 16GB GDDR6 256Bit AMD Ekran Kartı;47.529 TL
Table Clamp for Moza Wheelbase MOZA Table Clamp for Moza Wheelbase;4.569 TL
Sidestick MOZA MA3X Sidestick;3.566 TL
Lamborghini Essenza SCV12 MOZA Lamborghini Essenza SCV12 Sim-Racing Steering Wheel;94.259 TL
INTEL I5 14600K - RTX 5060 TI OC - H610M - 500GB SSD - 16GB RAM;77.061 TL
AMD R5 7500F - RTX 5060 OC - B650M - 500GB SSD - 16GB RAM;64.420 TL
INTEL I5 14600K - RTX 5060 OC - H610M - 500GB SSD - 16GB RAM;70.740 TL
INTEL I5 14600K - RTX 5060 OC - H610M-K - 500GB SSD - 16GB RAM;66.508 TL
INTEL I5 14600K - RTX 4060 TI - H610M-K - 500GB SSD - 16GB RAM;67.058 TL
0,0 PRIME B850M-A WIFI ASUS PRIME B850M-A WIFI AMD B850 Soket AM5 DDR5 8000MHz(OC) M.2 Anakart;10.929 TL
TUF GAMING B650E-PLUS WIFI ASUS TUF GAMING B650E-PLUS WIFI AMD Soket AM5 DDR5 8000MHz (O.C.) M.2 Anakart;14.599 TL
ZOTAC GeForce RTX 5060 GAMING TWIN EDGE OC WHITE 8GB GDDR7 128Bit DLSS 4 Ekran Kartı;25.009 TL
PRO B850M-P WIFI MSI PRO B850M-P WIFI AMD B850 Soket AM5 DDR5 8200MHZ(OC) M.2 Anakart;10.499 TL
0,0 MF600-SGNN-S00 COOLER MASTER MASTERFRAME 600 TG ARGB 3x140mm MidT ATX GÜMÜŞ KASA;10.849 TL
COOLER MASTER COSMOS INFINITY C700M 30.Yıl Serisi Alüminyum Full Tower Kasa;51.689 TL
RTX 5060 8G VENTUS 3X OC MSI GeForce RTX 5060 VENTUS 3X OC 8GB GDDR7 128Bit DLSS 4 Ekran Kartı;20.499 TL
ASUS PRIME GAMING 750W 80PLUS GOLD GÜÇ KAYNAĞI;7.319 TL
ASUS PRIME GAMING 850W 80PLUS GOLD GÜÇ KAYNAĞI;8.359 TL
THERMALTAKE View 380 Hydrangea Blue 4x120mm ARGB Fanlı Back-Connect Destekli MidT ATX Kasa;7.229 TL
0,0 CA-1Z1-00MOWN-00 THERMALTAKE The Tower 600 TG Light-year Green MidT ATX Kasa;9.579 TL
0,0 CA-1Z1-00MFWN-00 THERMALTAKE The Tower 600 TG Hydrangea Blue MidT ATX Kasa;9.579 TL
0,0 CA-1Z1-00MEWN-00 THERMALTAKE The Tower 600 TG Matcha Green MidT ATX Kasa;9.579 TL
THERMALTAKE View 380XL Gravel Sand 4x120mm ARGB Fanlı Back-Connect Destekli MidT Kasa;8.879 TL
THERMALTAKE The Tower 600 Serisi Light-year Green Kasa Standı;2.849 TL
THERMALTAKE The Tower 600 Serisi Gravel Sand Kasa Standı;2.849 TL
THERMALTAKE The Tower 600 Serisi Hydrangea Blue Kasa Standı;2.849 TL
THERMALTAKE The Tower 600 Serisi Matcha Green Kasa Standı;2.849 TL
THERMALTAKE The Tower 600 Serisi Bubble Pink Kasa Standı;2.849 TL
THERMALTAKE The Tower 600 Serisi Bumblebee Kasa Standı;2.849 TL
THERMALTAKE The Tower 600 Serisi Black Kasa Standı;2.849 TL
MPG B850I EDGE TI WIFI MSI MPG B850I EDGE TI WIFI AMD B850 Soket AM5 DDR5 8200MHZ(OC) M.2 ITX Anakart;16.269 TL
ZOTAC GeForce RTX 5050 GAMING TWIN EDGE 8GB GDDR6 128Bit DLSS 4 Ekran Kartı;20.069 TL
INTEL I5 14600K - RTX 5070 12G - H610M DDR5- 1TB SSD - 16GB RAM;87.360 TL
"ASUS 27"" ZENSCREEN MS27UC 5Ms 60Hz 4K IPS SMART MONITOR";26.939 TL
GSKILL 96GB (2x48GB) TZ5 Neo Siyah RGB DDR5 6000MHz CL26 1.45V AMD EXPO Dual Ram;188.299 TL
GSKILL 32GB (2x16GB) TZ5 Royal Neo Silver RGB DDR5 6000MHz CL26 1.45V AMD EXPO Dual Ram;66.499 TL
DS A24 Beyaz ZALMAN ALPHA2 DS A24 BEYAZ 71 CFM 2x120mm ARGB AMD/Intel 240mm SIVI SOĞUTUCU;11.199 TL
DS A24 Siyah ZALMAN ALPHA2 DS A24 SİYAH 71 CFM 2x120mm ARGB AMD/Intel 240mm SIVI SOĞUTUCU;10.929 TL
THRUSTMASTER T128-P SIMTASK PACK TYPE-C VERSION;22.099 TL
THRUSTMASTER SIMTASK FARMSTICK XBOX WW VERSION;9.539 TL
THRUSTMASTER Raceline WWW Pedal III Seti;11.039 TL
INTEL I5 14600K - RTX 5070 12GB OC - H610M - 500GB SSD - 16GB RAM;87.909 TL
"ASUS 27"" BUSINESS VA279QGS 1Ms 120Hz IPS FULL HD MONITOR";10.079 TL
"ASUS 23,8"" BUSINESS VA249QGS 1Ms 120Hz IPS FULL HD MONITOR";7.810 TL
INTEL I5 14600K - H610 - RTX 5060 - 500GB M.2 SSD - 16GB DDR4 RAM;64.804 TL
ASUS PRIME RADEON RX 9060 XT OC 8GB GDDR6 128Bit AMD Ekran Kartı;23.469 TL
PRIME B650-PLUS WIFI ASUS PRIME B650-PLUS WIFI AMD B650 Soket AM5 DDR5 7600MHz (OC) M.2 Anakart;11.149 TL
INTEL I5 14600K - RTX 4060 TI O8G - H610M-R - 500GB SSD - 16GB RAM;70.221 TL
INNO3D GeForce RTX 5070 TWIN X2 OC WHITE 12GB GDDR7 192Bit DLSS 4 Ekran Kartı;45.819 TL
INNO3D GeForce RTX 5060 TWIN X2 OC 8GB GDDR7 128bit DLSS 4 Ekran Kartı;20.579 TL
INNO3D GeForce RTX 5060 TI TWIN X2 OC 8GB GDDR7 128Bit DLSS 4 Ekran Kartı;27.209 TL
Crucial Pro OC 64GB (2x32GB) DDR5 6400MHz CL40 Soğutuculu Beyaz PC Ram;77.639 TL
THRUSTMASTER Hypercar Wheel Add-on WW;39.549 TL
THRUSTMASTER HEART CONTROLLER WW VERSION;8.039 TL
AMD R5 7500F - RTX 5060 SOLO 8GB - PRO A620-B - 500GB SSD - 16GB RAM;60.979 TL
INTEL I5 14600K - RTX 5060 OC 8GB - PRO H610M-E - 500GB SSD - 16GB RAM;67.574 TL
Crucial Pro OC 32GB (1x32GB) DDR5 6400MHz CL40 Beyaz Soğutuculu PC Ram;37.349 TL
ZOTAC GeForce RTX 5060 GAMING AMP 8GB GDDR7 128Bit DLSS 4 Ekran Kartı;23.189 TL
Vision GS MOZA Vision GS Steering Wheel;31.926 TL
GLARE BEYAZ RAMPAGE GLARE MESH BEYAZ 4x120mm ARGB Fanlı 650W 80PLUS MidT ATX GAMING KASA;6.239 TL
INSPIRER SİYAH RAMPAGE INSPIRER MESH SİYAH 4x120mm ARGB Fanlı 650W 80PLUS MidT ATX GAMING KASA;6.369 TL
XIGMATEK DUO X SİYAH ODIN II 4x120mm RGB FANLI 650W 80PLUS MidT ATX GAMING KASA;5.919 TL
"0,0 PA32UCDM ASUS 31,5"" PA32UCDM PRO ART 0.1Ms 240Hz 4K OLED MONITOR";97.999 TL
3,0 RTX 5060 TI 8G GAMING OC MSI GeForce RTX 5060 TI GAMING OC 8GB GDDR7 128Bit DLSS 4 Ekran Kartı;27.619 TL
RTX 5060 TI 16G GAMING OC MSI GeForce RTX 5060 TI GAMING OC 16GB GDDR7 128Bit DLSS 4 Ekran Kartı;39.079 TL
AMD R7 7800X3D - RTX 5070 OC 12G - X870 DDR5 - 1TB SSD - 16GB RAM;112.311 TL
XFX SWIFT RADEON RX 9070 XT GAMING WHITE 16GB GDDR6 256Bit AMD Ekran Kartı;44.619 TL
XFX SWIFT RADEON RX 9070 GAMING OC 16GB GDDR6 256Bit AMD Ekran Kartı;40.419 TL
AMD R7 7800X3D - RTX 5070 OC 12G - X870 DDR5 - 1TB SSD - 16GB RAM;112.311 TL
ASUS 17,3'' ZENSCREEN MQ17QH 0.2Ms 60Hz OLED TASINABILIR MONİTÖR;122.139 TL
CGR-DFF-GRB COUGAR DEFANSOR GRAY F Siyah/Turuncu Oyuncu Koltuğu;19.799 TL
CGR-DFF-GLB COUGAR DEFANSOR GOLD F Siyah/Sarı Oyuncu Koltuğu;19.599 TL
"ASUS 31.5"" BUSINESS VA32UQSB 4Ms 60Hz 4K IPS MONITÖR";28.399 TL
ASUS 27'' HEALTHCARE HA2741A 5Ms 75Hz IPS MONITOR;43.969 TL
ASUS 23,8'' HEALTHCARE HA2441A 5Ms 75Hz IPS MONITOR;42.139 TL
GSKILL 96GB (2x48GB) TZ5 Neo Siyah RGB DDR5 6000MHz CL28 1.35V AMD EXPO Dual Ram;170.379 TL
GSKILL 64GB (2x32GB) TZ5 Neo Siyah RGB DDR5 6000MHz CL26 1.45V AMD EXPO Dual Ram;125.529 TL
MPG EZ120 ARGB WHITE-3W MSI MPG EZ120 ARGB WHITE 3x120mm 360mm Kasa Fanı;7.429 TL
0,0 TUF GAMING GT502 HORIZON ASUS TUF GAMING GT502 HORIZON BEYAZ TEMPERLİ CAM MidT ATX OYUNCU KASASI;8.899 TL
THERMALTAKE TH240 V2 BEYAZ ARGB Led Fanlı 240mm Intel/AM5 Uyumlu Sıvı Soğutma Sistemi;5.399 TL
XPG 48GB (2x24GB) Lancer Silver RGB DDR5 8400MHz CL40 1.4V PC Ram;54.969 TL
4WM INTEL I5 14600K - H610M - RTX4060TI - 500GB M.2 SSD - 16GB RAM;67.079 TL
INTEL I5 14600K - RTX 5060 TI - H610M-K DDR5 - 500GB SSD - 16GB RAM;74.444 TL
ASUS PRIME GeForce RTX 5060 TI OC 16GB GDDR7 128Bit DLSS 4 Ekran Kartı;39.459 TL
ASUS TUF GeForce RTX 5060 TI OC 16GB GDDR7 128Bit DLSS 4 Ekran Kartı;34.299 TL
ZOTAC GeForce RTX 5060 TI GAMING AMP 8GB GDDR7 128Bit DLSS 4 Ekran Kartı;29.279 TL
INTEL I5 14600K - RTX 5060 - H610M DDR5 - 1TB SSD - 16GB RAM;70.872 TL
INTEL I5 146000K - RTX 5060 - H610M - 500GB SSD - 16GB RAM;62.188 TL
INTEL I5 14600K - RTX 5060 - H610M - 500GB SSD - 16GB RAM;62.188 TL
ATS4 INTEL I5 14600K - RTX 4060TI - H610 - 500GB M.2 SSD - 16GB RAM;67.079 TL
ATS5 INTEL I5 14600K- RTX 4060TI - H610M DDR5 - 500GB M.2 SSD - 16GB DDR5 RAM;71.366 TL
INTEL I5 14600K - RTX 5060 - H610M - 500GB SSD - 16GB RAM;62.188 TL
INTEL I5 14600K - RTX 5060 - H610M - 500GB SSD - 16GB RAM;62.188 TL
WM2 INTEL 14600K - RTX 5060 - H610M DDR5 - 500GB M.2 SSD - 16GB DDR5 RAM;68.948 TL
GAMING WIFI ASUS A620M-F GAMING WIFI AMD A620 Soket AM5 DDR5 8000MHz(OC) M.2 Anakart;7.139 TL
SPATIUM M560 PCIE 5.0 NVME M.2 1TB MSI SPATIUM M560 PCIE 5.0 NVME M.2 1TB (10200MB Okuma / 8400MB Yazma);22.149 TL
SPATIUM M461 PCIE 4.0 NVME M.2 4TB MSI SPATIUM M461 PCIE 4.0 NVME M.2 4TB (5000MB Okuma / 4200MB Yazma);26.809 TL
SPATIUM M470 PRO PCIE 4.0 NVME M.2 1TB MSI SPATIUM M470 PRO PCIE 4.0 NVME M.2 1TB (6000MB Okuma / 4500MB Yazma);19.679 TL
ASUS PRIME RADEON RX 9070 OC 16GB GDDR6 256Bit AMD Ekran Kartı;32.909 TL
W INTEL I5 14600K - RTX 5060 - H610M - 500GB M.2 SSD - 16GB RAM;64.661 TL
GSKILL 64GB (2x32GB) TZ5 Neo RGB DDR5 6000MHz CL28 1.40V AMD EXPO Dual Ram;117.619 TL
GSKILL 32GB (2x16GB) TZ5 Neo RGB DDR5 6000MHz CL28 1.40V AMD EXPO Dual Ram;60.019 TL
Micron 1920GB 7500 Serisi NVMe M.2 SSD (Okuma 6800MB/ Yazma 2700MB);32.129 TL
Micron 3840GB 7500 Serisi NVMe M.2 SSD (Okuma 6800MB/ Yazma 5300MB);53.749 TL
Micron 15360GB 7500 Serisi NVMe M.2 SSD (Okuma 7000MB/ Yazma 5900MB);204.119 TL
Crucial Pro OC 32GB (1x32GB) DDR5 6000MHz CL40 Soğutuculu PC Ram;34.929 TL
RX 9070 STEEL LEGEND ASROCK RADEON RX 9070 STEEL LEGEND 16GB GDDR6 256Bit AMD Ekran Kartı;42.049 TL
FAZEON A4120TAW 120MM ARGB BEYAZ KULE TİPİ İŞLEMCİ SOĞUTUCU;879 TL
FAZEON F9 650W 80PLUS BRONZE Mesh 4x120mm RGB Fanlı E-ATX Bilgisayar Kasası;4.419 TL
FAZEON F5 650W 80PLUS BRONZE 4x120mm ARGB Fanlı ATX Bilgisayar Kasası;3.759 TL
4,5 RTX 5070 12G VENTUS 2X OC MSI GeForce RTX 5070 VENTUS 2X OC 12G GDDR7 192Bit DLSS 4 Ekran Kartı;42.009 TL
RTX 5080 16G VENTUS 3X OC WHITE MSI GeForce RTX 5080 VENTUS 3X OC WHITE 16G GDDR7 256Bit DLSS 4 Ekran Kartı;95.859 TL
THRUSTMASTER F/A-18C HORNET HOTAS ADD-ON GRIP WW VERSION Uçuş Kolu;11.039 TL
THRUSTMASTER T.FLIGHT HOTAS ONE MSFS SPECIAL EDITION Uçuş Simülasyon Sistemi;9.039 TL
THRUSTMASTER EVO RACING 32R LEATHER Oyun Direksiyonu;26.099 TL
THRUSTMASTER AVA FA18 SUPER HORNET Uçuş Kolu;30.119 TL
STEELSERIES APEX PRO GEN 3 TKL UK GAMING KLAVYE-BEYAZ;12.449 TL
STEELSERIES APEX PRO TKL GEN 3 UK KABLOSUZ GAMING KLAVYE;14.999 TL
STEELSERIES APEX PRO GEN 3 UK GAMING KLAVYE;12.999 TL
FRISBY FM-G3340K GX16 8000DPI OPTIK GAMING MOUSE;499 TL
Crucial 4TB T500 Serisi 3D NAND NVMe M.2 SSD (Okuma 7000MB / Yazma 6900MB);33.449 TL
SAPPHIRE RADEON RX 9070 XT PURE GAMING OC 16GB GDDR6 256Bit AMD Ekran Kartı;46.999 TL
SAPPHIRE RADEON RX 9070 PULSE GAMING 16GB GDDR6 256Bit AMD Ekran Kartı;38.089 TL
Crucial 2TB P310 Serisi NVMe M.2 SSD ( Okuma 7100MB / Yazma 6000MB );20.479 TL
Crucial Pro 96GB (2x48GB) DDR5 5600MHz CL46 Soğutuculu PC Ram;87.389 TL
Crucial Pro OC 16GB (1x16GB) DDR5 6400MHz CL38 Soğutuculu PC Ram;19.209 TL
Crucial Pro 64GB (2x32GB) DDR5 5600MHz CL46 Soğutuculu PC Ram;67.219 TL
RTX 5090 32G VENTUS 3X OC MSI GeForce RTX 5090 VENTUS 3X OC 32G GDDR7 512Bit DLSS 4 Ekran Kartı;202.259 TL
INTEL I5 12400F - RTX5060 - H610M - 500GB SSD - 16GB RAM;52.809 TL
Crucial Pro 48GB (2x24GB) DDR5 5600MHz CL46 Soğutuculu PC Ram;39.519 TL
THERMALTAKE TOUGHLIQUID 420 EX PRO SİYAH ARGB Fanlı 420mm Intel/AM5 Uyumlu Sıvı Soğutucu;11.329 TL
THERMALTAKE TOUGHLIQUID 360 EX PRO SİYAH ARGB Fanlı 360mm Intel/AM5 Uyumlu Sıvı Soğutucu;9.849 TL
THERMALTAKE TH420 V2 ARGB Led Fanlı 420mm Intel/AM5 Serisi Uyumlu Sıvı Soğutucu;10.049 TL
THERMALTAKE TH360 V2 BEYAZ ARGB Led Fanlı 360mm Intel/AM5 Serisi Uyumlu Sıvı Soğutucu;7.759 TL
THERMALTAKE CT120 EX ARGB 3x120mm Manyetik Modüler Fan Kiti;5.229 TL
THERMALTAKE CT120 ARGB 2x120mm Fan Kiti;2.119 TL
THERMALTAKE SWAFAN EX12 ARGB 3x120mm Fanlı + Kontrolcülü Kasa Fan Kiti;9.699 TL
THERMALTAKE V290 TG 650W 80PLUS BRONZE ARGB 4x120mm FANLI MidT ATX SİYAH OYUNCU KASASI;7.359 TL
THERMALTAKE THE TOWER 600 TG 3x140mm FANLI BEYAZ MidT ATX KASA;11.239 TL
PRO RS ASROCK B860 PRO RS Intel B860 Soket 1851 DDR5 8666MHz (OC) M.2 Anakart;9.729 TL
PRO RS WiFi ASROCK B850M PRO RS WiFi AMD B850 Soket AM5 DDR5 8000MHz (OC) M.2 Anakart;10.449 TL
PRO-A ASROCK B850 PRO-A AMD B850 Soket AM5 DDR5 8000MHz (OC) M.2 Anakart;10.609 TL
XIGMATEK ENDORPHIN WD ARCTIC BEYAZ 4x12cm ARGB AHŞAP PANEL MidT E-ATX GAMING KASA;8.479 TL
XIGMATEK ENDORPHIN WD SİYAH 4x12cm ARGB AHŞAP PANEL MidT E-ATX GAMING KASA;8.349 TL
XIGMATEK ENDORPHIN AIR ARCTIC V2 BEYAZ 4x12cm ARGB MESH MidT E-ATX GAMING KASA;6.489 TL
PLUS TG ARGB SİYAH ASUS A23 PLUS TG ARGB SİYAH 4x120mm FANLI USB 3.2 Micro ATX KASA;6.069 TL
PLUS TG ARGB BEYAZ ASUS A23 PLUS TG ARGB BEYAZ 4x120mm FANLI USB 3.2 Micro ATX KASA;6.069 TL
0,0 RTX 5080 16G VENTUS 3X OC MSI GeForce RTX 5080 VENTUS 3X OC 16G GDDR7 256Bit DLSS 4 Ekran Kartı;88.129 TL
Apple Magic Keyboard with Touch ID and Numeric - Siyah Tuşlar;10.499 TL
PRO A620M-B MSI PRO A620M-B AMD A620 AM5 DDR5 6800MHz (OC) M.2 Anakart;4.129 TL
0,0 F5-8400J4052G24GX2-TR5S GSKILL 48GB (2x24GB) Trident Z5 Royal Silver RGB DDR5 8400MHz CL40 1.4V Dual Kit Ram;68.719 TL
GSKILL 48GB (2x24GB) Trident Z5 Royal Silver RGB DDR5 8200MHz CL40 1.35V Dual Kit Ram;97.279 TL
GSKILL 48GB (2x24GB) TZ5 Neo RGB DDR5 8000MHz CL40 1.4V AMD EXPO Dual Ram;95.079 TL
GSKILL 48GB (2x24GB) Trident Z5 Royal Silver RGB DDR5 8000MHz CL40 1.35V Dual Kit Ram;94.529 TL
GSKILL 32GB (2x16GB) TZ5 Neo RGB DDR5 8000MHz CL38 1.4V AMD EXPO Dual Ram;68.149 TL
0,0 F5-6400J3239F48GX2-TR5S GSKILL 96GB (2x48GB) Trident Z5 Royal Silver RGB DDR5 6400MHz CL32 1.35V Dual Kit Ram;108.049 TL
GSKILL 32GB (2x16GB) Ripjaws M5 Beyaz DDR5 6000MHz CL36 1.35V PC Ram;32.249 TL
GSKILL 16GB (1x16GB) Ripjaws S5 Siyah DDR5 5200MHz CL40 1.10V Single PC Ram;21.439 TL
COOLER MASTER CRYOFUSE 5 SIYAH THERMAL MACUN;519 TL
INFINITE C30 WHITE RAMPAGE INFINITE C30 BEYAZ LGA1851/LGA1700/AM5 3x12cm ARGB Fan 360mm SIVI SOĞUTMA;5.469 TL
INFINITE C10 WHITE RAMPAGE INFINITE C10 BEYAZ LGA1851/LGA1700/AM5 1x12cm ARGB Fan 120mm SIVI SOĞUTMA;2.699 TL
PRO B860M-A WIFI MSI PRO B860M-A WIFI Intel B860 Soket 1851 DDR5 8600Mhz (OC) M.2 Anakart;10.989 TL
PRO B860-P WIFI MSI PRO B860-P WIFI Intel B860 Soket 1851 DDR5 8600Mhz (OC) M.2 Anakart;11.179 TL
PRO B860-P MSI PRO B860-P Intel B860 Soket 1851 DDR5 8600Mhz (OC) M.2 Anakart;10.429 TL
MAG B860 TOMAHAWK WIFI MSI MAG B860 TOMAHAWK WIFI Intel B860 Soket 1851 DDR5 9200Mhz (OC) M.2 Anakart;9.989 TL
0,0 TUF GAMING B860M-PLUS ASUS TUF GAMING B860M-PLUS Intel B860 Soket 1851 DDR5 8800Mhz (OC) M.2 Anakart;10.269 TL
0,0 ROG STRIX B860-I GAMING WIFI ASUS ROG STRIX B860-I GAMING WIFI Intel B860 Soket 1851 DDR5 8800Mhz (OC) M.2 Anakart;11.609 TL
0,0 PRIME H810M-A WIFI ASUS PRIME H810M-A WIFI Intel H810 Soket 1851 DDR5 6400Mhz (OC) M.2 Anakart;8.099 TL
SPATIUM M461 PCIE 4.0 NVME M.2 2TB MSI SPATIUM M461 2TB NVME M.2 SSD (Okuma 5000MB / 4200MB);27.649 TL
MPG Z890I EDGE TI WIFI MSI MPG Z890I EDGE TI WIFI Z890 Soket 1851 DDR5 8600MHz (OC) M.2 Anakart;26.449 TL
PRO B850-P WIFI MSI PRO B850-P WIFI AMD B850 Soket AM5 DDR5 8200MHZ(OC) M.2 Anakart;11.739 TL
GAMING PLUS WIFI MSI B840 GAMING PLUS WIFI AMD B840 Soket AM5 DDR5 8000MHZ(OC) M.2 Anakart;9.879 TL
0,0 PRIME B840M-A WIFI ASUS PRIME B840M-A WIFI AMD B840 Soket AM5 DDR5 7600MHz(OC) M.2 Anakart;8.689 TL
TUF GAMING B850-PLUS WIFI ASUS TUF GAMING B850-PLUS WIFI AMD B850 Soket AM5 DDR5 8000MHz(OC) M.2 Anakart;15.209 TL
5,0 TUF GAMING B850M-PLUS WIFI ASUS TUF GAMING B850M-PLUS WIFI AMD B850 Soket AM5 DDR5 8000MHz(OC) M.2 Anakart;11.589 TL
TUF GAMING B850M-PLUS ASUS TUF GAMING B850M-PLUS AMD B850 Soket AM5 DDR5 8000MHz(OC) M.2 Anakart;11.059 TL
ROG STRIX B850-F GAMING WIFI ASUS ROG STRIX B850-F GAMING WIFI AMD B850 Soket AM5 DDR5 8000MHz(OC) M.2 Anakart;16.689 TL
ROG STRIX B850-A GAMING WIFI ASUS ROG STRIX B850-A GAMING WIFI AMD B850 Soket AM5 DDR5 8000MHz(OC) M.2 Anakart;17.979 TL
Verbatim 1TB Metal Mini 3.2 USB Harici SSD;16.879 TL
GAMING PLUS WIFI MSI X870 GAMING PLUS WIFI AMD X870 Soket AM5 DDR5 8200MHZ(OC) M.2 Anakart;17.149 TL
XPG 16GB (1x16GB) Lancer Blade Siyah RGB DDR5 6000MHz CL48 1.10V PC Ram;22.429 TL
INTEL I5 14600K - RTX 5060 - H610M-HVS - 500GB SSD - 16GB RAM;62.015 TL
Crucial T705 Serisi 4TB 3D NAND Soğutuculu NVMe M.2 SSD (Okuma 14100MB/Yazma 12600MB);54.809 TL
PCIE 5.0 NVME M.2 2TB FROZR MSI SPATIUM M580 PCI 5.0 NVME M.2 2TB FROZR SSD (14.600MB Okuma/ 12.700MB Yazma);26.999 TL
"RAMPAGE 30"" RAIDEN RA30R200C 1Ms 200Hz WFHD AUO VA CURVED GAMING MONITOR";14.806 TL
GSKILL TRIDENT Z5 CK SİYAH RGB 48GB (2x24GB) DDR5 8800MHz CL42 1.45V PC Ram;100.029 TL
GSKILL TRIDENT Z5 CK SİYAH 48GB (2x24GB) DDR5 8800MHz CL42 1.45V PC Ram;99.479 TL
GSKILL TRIDENT Z5 CK SİYAH RGB 48GB (2x24GB) DDR5 8400MHz CL40 1.40V PC Ram;98.379 TL
0,0 F5-8400C4052G24GX2-TZ5CK GSKILL TRIDENT Z5 CK SİYAH 48GB (2x24GB) DDR5 8400MHz CL40 1.40V PC Ram;58.749 TL
GSKILL TRIDENT Z5 CK SİYAH RGB 48GB (2x24GB) DDR5 8200MHz CL40 1.40V PC Ram;97.279 TL
GSKILL TRIDENT Z5 CK SİYAH 48GB (2x24GB) DDR5 8200MHz CL40 1.40V PC Ram;95.079 TL
Samsung 4TB 990 EVO PLUS NVMe M.2 SSD (Okuma Hızı 7250MB / Yazma Hızı 6300MB);66.009 TL
MEG MAESTRO 700L PZ MSI MEG MAESTRO 700L PZ E-ATX midT SİYAH GAMING KASA;21.089 TL
ARCTURUS BEYAZ RAMPAGE ARCTURUS BEYAZ 7x120mm RGB FANLI 750W 80PLUS BRONZE MidT ATX GAMING KASA;9.109 TL
HUMBLE MESH BEYAZ RAMPAGE HUMBLE MESH BEYAZ 4x120mm RGB Fanlı 650W 80Plus BRONZE MidT ATX GAMING KASA;6.819 TL
HUMBLE MESH SİYAH RAMPAGE HUMBLE MESH SİYAH 4x120mm RGB Fanlı 650W 80Plus BRONZE MidT ATX GAMING KASA;6.679 TL
HOLLOW RAMPAGE HOLLOW 4x120mm ARGB FANLI 650W 80Plus MidT ATX GAMING KASA;6.619 TL
WOON Mesh Siyah RAMPAGE WOON MESH SİYAH 4x120mm FANLI 650W 80PLUS BRONZE ARGB MidT ATX GAMING KASA;5.669 TL
A24 SİYAH ZALMAN ALPHA2 A24 SİYAH 71 CFM 2X120mm ARGB AMD/Intel LGA1700 240mm SIVI SOĞUTUCU;6.819 TL
A24 BEYAZ ZALMAN ALPHA2 A24 BEYAZ 71 CFM 2X120mm ARGB AMD/Intel LGA1700 240mm SIVI SOĞUTUCU;7.089 TL
INTEL I5 14600K - RTX 5060 - PRO H610M DDR5 - 500GB SSD - 16GB RAM;68.948 TL
INTEL I5 14600K - RTX 5060 - H610M - 500GB SSD - 16GB RAM;61.693 TL
INTEL I5 14600K - RTX 5060 - H6110M DDR5 - 500GB SSD - 16GB RAM;68.948 TL
INTEL I5 14600K - RTX 5060 - H610M - 500GB SSD - 16GB RAM;61.693 TL
INTEL I5 14600K - RTX 5060 - H610M- 500GB SSD - 16GB RAM;62.015 TL
CGR-ARMOR ONE X COUGAR ARMOR ONE X Yeşil Oyuncu Koltuğu;14.329 TL
CGR-ARMOR ONE SKY BLUE COUGAR ARMOR ONE SKY BLUE Siyah/Mavi Oyuncu Koltuğu;15.119 TL
CGR-AIR COUGAR ARMOR AIR Siyah/Turuncu Oyuncu Koltuğu;15.049 TL
COUGAR ARMOR ONE Siyah/Turuncu Oyuncu Koltuğu;14.189 TL
CGR-EVO COUGAR ARMOR EVO Siyah Oyuncu Koltuğu;26.569 TL
CGR-ELI COUGAR ARMOR ELITE Siyah/Turuncu Oyuncu Koltuğu;14.189 TL
MPG Z890 EDGE TI WIFI MSI MPG Z890 EDGE TI WIFI Z890 Soket 1851 DDR5 9200MHz (OC) M.2 Anakart;20.229 TL
MPG Z890 CARBON WIFI MSI MPG Z890 CARBON WIFI Z890 Soket 1851 DDR5 9200MHz (OC) M.2 Anakart;31.789 TL
PRO Z890-P WIFI MSI PRO Z890-P WIFI Z890 Soket 1851 DDR5 9200MHz (OC) M.2 Anakart;14.589 TL
0,0 ROG STRIX Z890-F GAMING WIFI ASUS ROG STRIX Z890-F GAMING WIFI Intel Z890 Soket 1851 DDR5 8600Mhz (OC) M.2 Anakart;23.219 TL
4,0 ROG STRIX Z890-E GAMING WIFI ASUS ROG STRIX Z890-E GAMING WIFI Intel Z890 Soket 1851 DDR5 8800Mhz (OC) M.2 Anakart;26.639 TL
5,0 ROG MAXIMUS Z890 HERO ASUS ROG MAXIMUS Z890 HERO WIFI Intel Z890 Soket 1851 DDR5 9200Mhz (OC) M.2 Anakart;34.719 TL
0,0 ROG MAXIMUS Z890 APEX ASUS ROG MAXIMUS Z890 APEX WIFI Intel Z890 Soket 1851 DDR5 9600Mhz (OC) M.2 Anakart;34.849 TL
0,0 ROG MAXIMUS Z890 EXTREME ASUS ROG MAXIMUS Z890 EXTREME WIFI Intel Z890 Soket 1851 DDR5 9200Mhz (OC) M.2 Anakart;59.509 TL
GSKILL 32GB (2x16GB) Trident Z5 Royal Silver RGB DDR5 7200MHz CL34 1.40V Dual Kit Ram;64.309 TL
GSKILL 32GB (2x16GB) Trident Z5 Royal Silver RGB DDR5 6400MHz CL32 1.40V Dual Kit Ram;61.009 TL
XPG Lancer Blade Siyah DDR5-5600Mhz CL46 32GB (1x32GB) 1.10V PC Ram;42.869 TL
"VIEWSONIC 24"" VX2479-HD-PRO 1Ms 180Hz FULL HD IPS GAMING MONITOR";4.999 TL
INTEL I5 14600K - RTX 5060 - H610M - 500GB SSD - 16GB RAM;62.015 TL
PRO X870-P WIFI MSI PRO X870-P WIFI AMD X870 Soket AM5 DDR5 8200MHZ(OC) M.2 Anakart;16.589 TL
ASUS ROG LOKI SFX-L 1200W TITANIUM GAMING TAM MODÜLER GÜÇ KAYNAĞI;19.729 TL
Crucial 1TB P310 Serisi 2230 NVMe M.2 SSD (Okuma 7100MB / Yazma 6000MB);13.339 TL
ROG STRIX X870E-E GAMING WIFI ASUS ROG STRIX X870E-E GAMING WIFI AMD X870 Soket AM5 DDR5 8000MHz(OC) M.2 Anakart;30.029 TL
PRIME X870-P ASUS PRIME X870-P AMD X870 Soket AM5 DDR5 8000MHz(OC) M.2 Anakart;13.889 TL
GSKILL 32GB (2x16GB) TRIDENT TZ5 NEO Siyah DDR5 6400MHz CL30 1.40V RGB PC Ram;59.309 TL
GSKILL 16GB (1x16GB) RipjawsV S5 Siyah DDR5 6000MHz CL36 1.25V PC Ram;21.439 TL
Intel Core i5 14500 Soket 1700 14.Nesil 5.0GHz 20MB Önbellek 10nm İşlemci;27.489 TL
Crucial 500GB T500 Serisi 3D NAND NVMe M.2 SSD (Okuma 7200MB / Yazma 5700MB);9.389 TL
5,0 MAG CORELIQUID I360 WHITE MSI MAG CORELIQUID I360 WHITE 360mm ARGB SIVI SOĞUTMA SİSTEMİ;6.869 TL
ROG STRIX LC III 360 ASUS ROG STRIX LC III 360 3x120mm Fanlı Sıvı Soğutucu;12.539 TL
XPG 16GB (1x16GB) Lancer Blade Beyaz DDR5 6000Mhz CL48 1.35V PC Ram;21.989 TL
INTEL I5 12400F - RTX 5060 - H610M - 500GB SSD - 16GB RAM;52.700 TL
AMD R5 7600X - RTX5060 - A620M DDR5 - 500GB SSD - 16GB RAM;64.434 TL
INTEL I5 14600K - RTX 5060 - H610M - 500GB SSD - 16GB RAM;64.983 TL
THERMALTAKE CERES330 TG 2x140MM ARGB FANLI MidT GAMING KASA;7.369 TL
THERMALTAKE The Tower 300 Snow Serisi White Kasa Standı;2.439 TL
THRUSTMASTER TSS HANDBRAKE WW VERSION;23.099 TL
Universal Base Mount Adapter MOZA Universal Base Mount Adapter;1.429 TL
Extension Rod MOZA Extension Rod 150 mm Direksiyon Uzatma Aparatı;10.669 TL
MOZA R9 Wheel Base;32.159 TL
Direct Drive MOZA R16 Direct Drive Wheel Base;58.809 TL
AMD R5 7600X - RTX 5060 - A620M DDR5 - 500GB SSD - 16GB RAM;64.434 TL
AMD R5 7600X - RTX 5060 - A620M DDR5- 500GB SSD - 16GB RAM;64.434 TL
GSKILL 24GB (1x24GB) Ripjaws S5 DDR5 5200MHz CL40 1.10V Single Ram;30.779 TL
RTX 4060 TI VENTUS 3X E 8G OC MSI GeForce RTX 4060 TI VENTUS 3X E 8G OC GDDR6 128Bit Ekran Kartı;28.559 TL
THRUSTMASTER AVA BASE;20.889 TL
XPG Lancer Siyah RGB DDR5-6800Mhz CL34 32GB (2x16GB) Dual Kit Ram;62.109 TL
XPG Lancer Blade Siyah RGB DDR5-6400Mhz CL32 48GB (2x24GB) Dual Kit Ram;79.149 TL
XPG Lancer Beyaz RGB DDR5-6000Mhz CL30 64GB (2x32GB) Dual Kit Ram;109.369 TL
XPG Lancer Blade Beyaz RGB DDR5-6000Mhz CL30 48GB (2x24GB) Dual Kit Ram;75.849 TL
TUF GAMING TR120 ARGB REVERSE SINGLE PAC ASUS TUF GAMING TR120 ARGB 120mm REVERSE TEKLİ KASA FANI BEYAZ;1.339 TL
THRUSTMASTER T128-X SIMTASK PACK EU;25.159 TL
"SAMSUNG 27"" ODYSSEY G5 1Ms 180Hz QHD IPS GAMING MONITOR";9.496 TL
"Apple Magic Keyboard For İpad Pro 11""(M4)-Türkçe Q Klavye - Beyaz";11.406 TL
INTEL I5 12400F - RTX 5060 - H610M - 500GB SSD - 16GB RAM;55.667 TL
INTEL I5 12400F - RTX 5060 - H610M - 500GB SSD - 16GB RAM;55.667 TL
AMD R5 7600X - RTX 5060 - PRO A620M DDR5 - 500GB SSD - 16GB RAM;65.533 TL
PROJECT ZERO MSI B760M PROJECT ZERO Intel B760 Soket 1700 DDR5 7800MHz M.2 Anakart;10.989 TL
PROJECT ZERO MSI B650M PROJECT ZERO AMD B650 Soket AM5 DDR5 7600MHz M.2 Anakart;10.989 TL
COOLER MASTER HAF 700 BEYAZ TEMPERED GLASS ARGB MESH TİTANYUM GRİ FULL TOWER KASA;20.689 TL
SPATIUM M570 PRO PCIE 5.0 NVME M.2 2TB MSI SPATIUM M570 PRO PCIE 5.0 NVME M.2 2TB FROZR SSD (12.400MB Okuma/11.800MB Yazma);24.649 TL
INTEL I5 12400F - RTX 5060 - H610M - 500GB SSD - 16GB RAM;55.503 TL
THERMALTAKE Thermaltake The Tower 200 Turkuaz Pencereli Mini ITX Oyuncu Kasası;8.869 TL
THERMALTAKE CTE T500 TG Beyaz 3xCT140mm Fanlı Mesh Panelli Full Tower Oyuncu Kasası;12.419 TL
THERMALTAKE CTE C700 TG 3xCT140mm Fanlı Mesh Panelli Full Tower Oyuncu Kasası;12.419 TL
TUF GAMING LC II 240 ARGB ASUS TUF GAMING LC II 240 ARGB 2x120mm Fanlı Sıvı Soğutucu;6.229 TL
INTEL I5 12400F - RTX5060 - H610M - 500GB SSD - 16GB RAM;55.503 TL
THRUSTMASTER SIMTASK STEERING KIT WW VERSION;6.939 TL
STEEL LEGEND WIFI ASROCK Z790 STEEL LEGEND WIFI Intel Z790 Soket DDR5 7200MHz (OC) M.2 Anakart;17.149 TL
ASROCK A620M-HDV/M.2+ AMD A620M Soket AM5 DDR5 7200MHz (OC) M.2 Anakart;6.599 TL
PRO RS ASROCK X670E PRO RS AMD X670E Soket AM5 DDR5 7600MHz (OC) M.2 Anakart;16.329 TL
STEEL LEGEND ASROCK X670E STEEL LEGEND AMD X670E Soket AM5 DDR5 7600MHz (OC) M.2 Anakart;17.759 TL
TAICHI ASROCK X670E TAICHI AMD X670E Soket AM5 DDR5 7800MHz (OC) M.2 Anakart;30.559 TL
MPG B650I EDGE WIFI MSI MPG B650I EDGE WIFI AMD B650I Soket AM5 DDR5 6600MHz (OC) Mini-ITX Anakart;10.929 TL
INTEL I5 12400F - RTX 5060 - H610M - 500GB SSD -RAM;55.503 TL
GAMING PLUS WIFI MSI B760M GAMING PLUS WIFI Intel B760 Soket 1700 DDR5 6800MHz (OC) M.2 Anakart;8.699 TL
GSKILL Flare X5 16GB (1x16GB) DDR5 5600MHz CL36 1.2V EXPO RAM;21.989 TL
PRIME H610M-R-SI ASUS PRIME H610M-R-SI Intel Soket 1700 DDR5 5600MHz M.2 Kutusuz Anakart;4.789 TL
XPG Lancer Blade Beyaz RGB DDR5-6400Mhz CL32 32GB (2x16GB) Dual Kit Ram;58.259 TL
XPG Lancer Blade Siyah DDR5-5600Mhz CL46 32GB (2x16GB) Dual Kit Ram;42.869 TL
ASROCK B650M-HDV/M.2 AMD B650 Soket AM5 DDR5 7200MHz (OC) M.2 Anakart;8.379 TL
PRO RS ASROCK B650 PRO RS AMD B650 Soket AM5 DDR5 7200MHz (OC) M.2 Anakart;12.809 TL
"DELL 27"" AW2724DM 1Ms 180Hz 2K IPS GAMING MONITOR";23.729 TL
Crucial 4TB T700 Serisi 3D NAND 12400MB/11800MB PCIe Gen5 NVMe M.2 SSD;52.469 TL
GSKILL 48GB (2x24GB) TRIDENT Z5 Siyah DDR5 8000MHz CL40 1.45V RGB PC Ram;93.979 TL
GSKILL 48GB (2x24GB) TRIDENT Z5 SİYAH DDR5 7600MHz CL38 1.35V RGB PC Ram;93.429 TL
GSKILL 96GB (2x48GB) TRIDENT Z5 SİYAH DDR5 6800MHz CL34 1.35V RGB PC Ram;181.369 TL
GSKILL 64GB (2x32GB) TRIDENT Z5 SİYAH DDR5 6800MHz CL34 1.40V RGB PC Ram;120.799 TL
GSKILL 32GB (2x16GB) TZ5 Neo RGB DDR5 6400MHz CL32 1.4V EXPO Dual Ram;59.909 TL
GSKILL 64GB (2x32GB) TRIDENT Z5 RGB BEYAZ DDR5 6000MHz CL30 1.40V RGB Dual Ram;109.369 TL
PRO B650-S WIFI MSI PRO B650-S WIFI 7200(OC) DDR5 Soket AM5 USB 3.2 M.2 HDMI DP ATX Anakart;9.499 TL
THERMALTAKE S200 TG 650W 80+ ARGB 3x120mm Fan Mesh Pencereli Beyaz Oyuncu Kasası;7.619 TL
Samsung 4TB T9 USB 3.2 Siyah (Okuma 2000MB/Yazma 2000MB) Taşınabilir SSD;75.489 TL
0,0 PRIME H610M-D ASUS PRIME H610M-D Intel H610 Soket 1700 DDR5 5600MHz M.2 Anakart;4.419 TL
5,0 TM-RW2960886 THRUSTMASTER T818 FERRARI SF1000 SIM - EMEA TYPE E/F (PLUG EU);64.899 TL
GSKILL 32GB (2x16GB) TRIDENT Z5 BEYAZ DDR5 6400MHz CL32 1.40V RGB PC Ram;59.909 TL
MAG CORELIQUID E360 WHITE MSI MAG CORELIQUID E360 WHITE 360 mm Intel (1700p)-AMD Uyumlu Sıvı Soğutucu;6.889 TL
THRUSTMASTER VIPER PANEL Kumanda Paneli;15.279 TL
THERMALTAKE TOUGHPOWER PF3 80 PLUS PLATINUM 1200W FULL MODÜLER GÜÇ KAYNAĞI;21.999 TL
THERMALTAKE TOUGHPOWER GF A3 80 PLUS GOLD 1200W FULL MODÜLER GÜÇ KAYNAĞI;15.769 TL
THERMALTAKE TOUGHPOWER GF A3 80 PLUS GOLD 1050W FULL MODÜLER GÜÇ KAYNAĞI;13.399 TL
THERMALTAKE TOUGHPOWER GF 80 PLUS GOLD 850W ARGB FULL MODÜLER GÜÇ KAYNAĞI;14.119 TL
THERMALTAKE TOUGHPOWER GF A3 80 PLUS GOLD 750W FULL MODÜLER GÜÇ KAYNAĞI;9.789 TL
THERMALTAKE CERES 300 Beyaz TG 3x140mm ARGB Fanlı Mesh Panelli MidTower Oyuncu;7.559 TL
THERMALTAKE CERES 300 Siyah TG 3x140mm ARGB Fanlı Mesh Panelli MidTower Oyuncu;7.159 TL
XIGMATEK EU FURY 850W 80+ GOLD Full Range DC to DC 12cm Fan Full GÜÇ KAYNAĞI;9.489 TL
XIGMATEK EU FURY 1100W 80+ GOLD Full Range DC to DC 12cm Fan Full GÜÇ KAYNAĞI;12.739 TL
XIGMATEK AIR KILLER PRO ARCTIC Beyaz LGA1700/AM5 Uyumlu 12CM ARGB SOĞUTMALI FAN;2.909 TL
COOLER MASTER MASTERFAN MF120 HALO2 ARGB 120mm Beyaz Kasa Fanı;759 TL
RAZER RING LIGHT;5.989 TL
XPG 16GB (2x8GB) Spectrix D35 Siyah DDR4 3200MHz CL16 1.35V PC Ram;9.069 TL
MAG CORELIQUID M360 MSI MAG CORELIQUID M360 360 mm Sıvı İşlemci Soğutucu;6.309 TL
PRO A620M-E MSI PRO A620M-E AMD A620 AM5 DDR5 6800MHz mATX Anakart;4.289 TL
"ASUS 27"" VA27EHF 1Ms 100Hz FULL HD IPS MONITOR";5.059 TL
Micron 2TB 2400 Serisi NVMe M.2 SSD (Okuma 4500MB / Yazma 4000MB);14.649 TL
Crucial 32GB DDR5-5600 UDIMM CL46 (16Gbit) PC RAM;32.399 TL
Crucial 48GB DDR5-5600 UDIMM CL46 (16Gbit) Notebook Ram;42.019 TL
Crucial 2TB T700 Serisi 3DNAND 12400MB/11800MB PCIe Gen5 Soğutuculu NVMe M.2 SSD;24.539 TL
Crucial 1TB T700 Serisi 3D NAND 11700MB/9500MB PCIe Gen5 Soğutuculu NVMe M.2 SSD;21.089 TL
Crucial 1TB T700 Serisi 3D NAND 11700MB/9500MB PCIe Gen5 NVMe M.2 SSD;17.889 TL
COUGAR MHP120 ARGB 3x120mm 3'lü FAN;3.589 TL
RAZER KUNAI RGB FAN 140MM 3FAN;6.559 TL
RAZER KUNAI RGB FAN 120MM 1FAN;1.929 TL
RAZER KUNAI RGB FAN 140MM 1FAN;2.249 TL
GSKILL 32GB (2x16GB) Ripjaws S5 SİYAH DDR5 6400MHz CL32 1.40V Dual Kit Ram;57.659 TL
Micron 1TB 2400 Serisi NVMe M.2 SSD (Okuma 4500MB / Yazma 3600MB);8.599 TL
Crucial 64GB (2x32GB) DDR4 3200MHz CL22 UDIMM Soğutuculu PC Ram;30.229 TL
MPG VELOX 100R WHITE MSI MPG VELOX 100R WHITE 4x120mm ARGB FANLI MidT ATX GAMING KASA;7.739 TL
POWER BOOST DEEP 240mm (LGA1700/AM4/AM5) ARGB BEYAZ FANLI SIVI SOĞUTMA SİSTEMİ;3.889 TL
TUF GAMING B650M-E ASUS TUF GAMING B650M-E AMD B650 Soket AM5 Ryzen DDR5 6400MHz (O.C.) M.2 Anakart;9.899 TL
TUF GAMING A620-PRO WIFI ASUS TUF GAMING A620-PRO WIFI AMD Soket AM5 Ryzen DDR5 6400MHz (O.C) M.2 Anakart;9.909 TL
Samsung 2TB 990 PRO w/Heatsink M.2 (Okuma Hızı 7450MB / Yazma Hızı 6900MB) SSD;38.179 TL
RAMPAGE REDSKY 4x120mm RGB Fanlı 700W 80 Plus Bronze MESH OYUNCU KASASI;6.109 TL
RAGE P15 RAMPAGE RAGE P15 1000W 80PLUS GOLD Full Modüler Güç Kaynağı;9.099 TL
THERMALTAKE H570 TG 750W 80PLUS 3x120mm ARGB Fanlı Siyah Kasa;9.129 TL
THRUSTMASTER Masa Montaj Kiti;5.159 TL
THRUSTMASTER Kokpit Sabitleme Kiti;3.049 TL
THRUSTMASTER T818 Servo Base;56.029 TL
THRUSTMASTER T.Racing Scuderia Ferrari Edition Gaming Kulaklık;6.699 TL
ROG RYUO III 240 ARGB WHT ASUS ROG RYUO III 240 ARGB 2x120mm Fanlı Beyaz Sıvı Soğutucu;8.069 TL
HELIOS C1 WHITE RAMPAGE HELIOS C1 BEYAZ 120 1x120mm RAINBOW FANLI SIVI SOĞUTMA SİSTEMİ;2.569 TL
Verbatim 64GB Dual Drive (USB-C/USB-A) USB BELLEK;809 TL
Verbatim 2TB Vi3000 Internal PCIe NVMe M.2 GEN3 SSD (3300MB Okuma/3000MB Yazma);11.019 TL
Q USB FIRE BLACK RED SW A4TECH BLOODY S510R Q RGB MEKANIK KABLOLU MEKANIK GAMING KLAVYE;3.129 TL
ROG LOKI SFX L 850W PLATINUM BEYAZ ASUS ROG LOKI SFX L 850W PLATINUM BEYAZ ARGB FULL MODÜLER GÜÇ KAYNAĞI;15.679 TL
THERMALTAKE View 200 TG 650W 80PLUS ARGB 4x120mm Fanlı MidT ATX Siyah Kasa;7.159 TL
THERMALTAKE S200 TG 650W 80PLUS ARGB 4x120mm Fanlı MidT ATX Siyah Kasa;7.369 TL
THERMALTAKE S200 TG 550W 80PLUS ARGB 4x120mm Fanlı MidT ATX Siyah Kasa;6.509 TL
Crucial 16GB (1x16GB) DDR5 5600MHz CL46 (16Gbit) PC Ram;16.629 TL
COUGAR VORTEX VX120 3x120mm ARGB HDB KASA FAN KİTİ;2.839 TL
COUGAR VORTEX VK120 1x120mm ARGB HDB KASA FANI;1.089 TL
COUGAR VORTEX VK120 3x120mm ARGB HDB KASA FAN KİTİ;2.759 TL
COUGAR VORTEX 1x120mm RGB SPB KASA FANI;1.169 TL
"ASUS 15,6"" MB16AWP 5Ms 60Hz IPS DAHILI BATARYA TAŞINILABİLİR MONİTÖR";33.189 TL
"DELL 27"" AW2723DF 1Ms 280Hz ULTRA FAST NANO IPS 2K G-SYNC PRO GAMING MONITOR";34.219 TL
ROG RYUO III 360 ARGB ASUS ROG RYUO III 360 ARGB 3x120mm Fanlı Sıvı Soğutucu;17.339 TL
THRUSTMASTER T.RJ12 USB Adaptör;1.459 TL
THRUSTMASTER F599XX Evo 30 Wheel Add-On Alcantara Edition Yarış, Oyun Direksiyonu;23.049 TL
THRUSTMASTER TPR RUDDER WW VERSION Uçuş Simülasyon Sistemi;37.099 TL
THRUSTMASTER T-3PM WW VERSION Manyetik Pedal;13.829 TL
THRUSTMASTER Ferrari F1 WHEEL ADD-ON Offical Profesyonel Yarış, Oyun Direksiyonu;21.199 TL
THRUSTMASTER T150 RS Oyun Direksiyonu Seti;23.769 TL
"ASUS 27"" PG27AQN ROG SWIFT 1Ms 360Hz IPS GAMING MONITOR";39.519 TL
ADATA 128GB Royal UR340 Metal 3.2 USB Bellek;779 TL
XPG 8GB (1x8GB) Spectrix D41 RGB DDR4 3600MHz CL18 1.35V PC Ram;6.819 TL
THERMALTAKE TOUGHPOWER GF3 750W GOLD 80PLUS FULL MODÜLLER GÜÇ KAYNAĞI;10.829 TL
THERMALTAKE TOUGHPOWER GF3 850W GOLD 80PLUS FULL MODÜLLER GÜÇ KAYNAĞI;12.759 TL
THERMALTAKE TOUGHPOWER GF3 1000W GOLD 80PLUS FULL MODÜLLER GÜÇ KAYNAĞI;15.939 TL
THERMALTAKE TOUGHPOWER GF3 1200W GOLD 80PLUS FULL MODÜLLER GÜÇ KAYNAĞI;19.189 TL
THERMALTAKE TOUGHPOWER GF3 1350W GOLD 80PLUS FULL MODÜLLER GÜÇ KAYNAĞI;22.979 TL
THERMALTAKE TOUGHPOWER GF3 1650W GOLD 80PLUS FULL MODÜLLER GÜÇ KAYNAĞI;30.029 TL
MAG B760 TOMAHAWK WIFI MSI MAG B760 TOMAHAWK WIFI Intel B760 Soket 1700 DDR5 7000MHz (OC) M.2 Anakart;8.499 TL
ROG LOKI SFX-L 850W Platinum ASUS ROG LOKI SFX-L 850W Platinum GAMING TAM MODÜLER GÜÇ KAYNAĞI;14.869 TL
ROG LOKI SFX-L 750W Platinum ASUS ROG LOKI SFX-L 750W Platinum GAMING TAM MODÜLER GÜÇ KAYNAĞI;12.979 TL
THERMALTAKE VIEW 300MX TG 2x200mm 1x120 ARGB FANLI MESH BEYAZ OYUNCU KASASI;9.729 TL
THERMALTAKE CORE P90 TG UZAY MONTAJ USB MİD ATX SİYAH OYUNCU KASASI;13.089 TL
THERMALTAKE Floe Ultra 360 RGB LCD Ekranlı Pompa, 3x120mm RGB fanlı Sıvı Soğutma;17.209 TL
THERMALTAKE Floe Ultra 240 RGB LCD Ekranlı Pompa, 2x120mm RGB fanlı Sıvı Soğutma;15.059 TL
THERMALTAKE Toughliquid Ultra 240 RGB 2x120mm Toughfan LCD Ekranlı Sıvı Soğutucu;13.909 TL
THERMALTAKE SWAFAN Duo ARGB 3x120mm Fanlı + Kontrolcülü Kasa Fan Kiti;7.969 TL
THERMALTAKE ToughFan ARGB 3x120mm Yüksek Statik Basınçlı Radyatör Kontrolcü Fan;10.119 TL
XPG 32GB (2x16GB) Lancer Siyah DDR5 5600MHz CL36 1.25V RGB PC Ram;45.069 TL
XPG 16GB (2x8GB) Gammix D30 Kırmızı DDR4 3600MHz CL18 1.35V PC Ram;9.019 TL
XPG 16GB (2x8GB) Gammix D30 Kırmızı DDR4 3200MHz CL16 1.35V PC Ram;8.079 TL
GSKILL 64GB(2x32) TRIDENT Z5 RGB SİYAH DDR5 5600mhz CL28 Dual Ram;101.679 TL
THRUSTMASTER T128-P EMEA - TYPE C (PLUG EU) PS/PC Oyun Direksiyonu Seti;22.239 TL
"Micron 1920GB 5400 PRO SATA 2.5"" (7mm) Non-SED Cloud (Server) SSD";32.139 TL
CM Hyper 212 Serisi (RR-2V2E-18PK-R2) için AMD AM5 Kit;2.749 TL
CM Hyper 212 Serisi (RR-212TK-18PA-R1, RR-212A-20PD-R1) için AMD AM5 Kit;2.749 TL
THRUSTMASTER TS-XW Racing Wheel Servo Base;45.219 TL
THRUSTMASTER T300 RS Racing Wheel Servo Base;27.129 TL
THRUSTMASTER TCA Yoke Boeing PC Joystick;41.479 TL
THRUSTMASTER ESWAP X Yeşil Kamuflajlı 7'li Modül Paketi;4.059 TL
THRUSTMASTER TWCS Throttle PC Gaz Kolu;7.429 TL
THRUSTMASTER T-LCM PS/XBOX/PC Pedal Seti;27.659 TL
THRUSTMASTER T-GT II PS/PC Oyun Direksiyonu Seti;80.889 TL
THRUSTMASTER TX Deri XBOX/PC Oyun Direksiyonu Seti;48.859 TL
THRUSTMASTER Ferrari 458 Spider XBOX Oyun Direksiyonu;13.489 TL
THRUSTMASTER T248X XBOX/PC Oyun Direksiyonu Seti;30.119 TL
THRUSTMASTER Formula Ferrari SF1000 PS/XBOX/PC Oyun Direksiyonu;33.649 TL
THRUSTMASTER T128-X XBOX/PC Yarış, Oyun Direksiyonu Seti;22.239 TL
THRUSTMASTER T248P PS/PC Oyun Direksiyonu Seti;30.119 TL
HELIOS C3 BLACK RAMPAGE HELIOS C3 SİYAH 360 3x120mm RAINBOW FANLI SIVI SOĞUTMA SİSTEMİ;4.789 TL
GSKILL 32GB (2x16GB) TRIDENT Z5 SİYAH DDR5 7200MHz CL34 1.40V RGB PC Ram;63.209 TL
GSKILL 32GB (2x16GB) TRIDENT Z5 SİYAH DDR5 6800MHz CL34 1.40V RGB PC Ram;62.109 TL
PRO B650M-A WIFI MSI PRO B650M-A WIFI AMD B650 Soket AM5 DDR5 6400MHz (OC) M.2 Anakart;9.559 TL
TUF GAMING X670E-PLUS ASUS TUF GAMING X670E-PLUS AMD X670 Soket AM5 DDR5 6400MHz(OC) M.2 Anakart;22.359 TL
LOGITECH MX MASTER 3S (MAC İÇİN) 8.000 DPI SILENT OPTİK KABLOSUZ MOUSE-BEYAZ;6.039 TL
LOGITECH SIGNATURE K650 KABLOSUZ Q KLAVYE-SİYAH;2.529 TL
GSKILL 32GB (2x16GB) RIPJAWS S5 Siyah DDR5 5600MHz CL36 1.20V PC Ram;43.969 TL
GSKILL 32GB (2x16GB) FLARE X5 DDR5 5600MHz CL36 1.20V PC RAM;43.969 TL
Intel Core i3 10320 Soket 1200 10.Nesil 3.80GHz 8MB Önbellek 14nm İşlemci;10.229 TL
POWER BOOST VK-M202B USB 3.0 MESH 4x120mm RGB FAN ATX SİYAH KASA;3.479 TL
5,0 F5-6000J3040G32GX2-TZ5RK GSKILL 64GB (2x32GB) TRIDENT Z5 SİYAH DDR5 6000MHz CL30 1.40V RGB Dual Kit Ram;65.179 TL
THERMALTAKE Toughliquid 360 3x120mm Toughfanlı ARGB Sıvı Soğutucu;10.249 TL
THERMALTAKE Toughliquid 240 2x120mm Toughfanlı ARGB Sıvı Soğutucu;8.159 TL
THERMALTAKE Floe, Water 3.0 Serisi için ıntel LGA 1700 Upgrade Kiti;749 TL
THERMALTAKE Core P6 Beyaz 3xTempered Glass Pencereli MidT ATX Kasa;14.519 TL
THERMALTAKE TtMod Gri/Siyah Power Supply Sleeved Kablo Seti (16 AWG);2.699 TL
THERMALTAKE TOUGHPOWER GF2 80 PLUS 750W GOLD ARGB FULL MODÜLER 140mm FAN PSU;9.589 TL
MAG CORELIQUID 240R V2 MSI MAG CORELIQUID 240R V2 2x120mm ARGB FANLI SIVI SOĞUTMA SİSTEMİ;5.999 TL
MAG CORELIQUID 360R V2 MSI MAG CORELIQUID 360R V2 3x120mm ARGB FANLI SIVI SOĞUTMA SİSTEMİ;6.529 TL
Crucial 2TB P5 Serisi NVMe M.2 SSD (Okuma 3400MB / Yazma 3000MB);28.429 TL
AMD Ryzen™5 3500X Soket AM4 3.6GHz 32MB 65W 7nm MPK Kutusuz İşlemci;9.839 TL
"ASUS 27"" VG27AQ1A 1Ms(MPRT) 170Hz 2K IPS GAMING MONITOR";16.489 TL
THERMALTAKE UX210 120mm ARGB PWM FAN AM4/İntel Uyumlu İşlemci Soğutucu;3.409 TL
COUGAR GEX1050 1050W 80PLUS GOLD GÜÇ KAYNAĞI;10.249 TL
COUGAR GX-S450 450W 80PLUS GOLD GÜÇ KAYNAĞI;3.269 TL
THERMALTAKE SMART BX1 80PLUS BRONZE 750W GÜÇ KAYNAĞI;5.059 TL
THERMALTAKE PCI-e 4.0 X16 300mm 90° ADAPTÖRLÜ RISER KABLO;5.939 TL
Thermaltake TtMod Sarı/Siyah Power Supply Sleeved Kablo Seti (16 AWG);2.809 TL
ELGATO WAVE EXTENSION ROD;749 TL
THERMALTAKE TOUGHPOWER GF 750W 80PLUS GOLD FULL MODÜLER GÜÇ KAYNAĞI;7.209 TL
THERMALTAKE TOUGHPOWER GRAND 80PLUS PLATINUM 1050W GÜÇ KAYNAĞI;16.929 TL
Kioxia 128GB U202 Beyaz USB 2.0 Bellek;829 TL
"Apple 11"" iPad Pro 4. Nesil & iPad Air 5. Nesil Magic Klavye TR Q - Beyaz";11.406 TL
CGR-AQUA 360 COUGAR AQUA 360 3x120mm FANLI İŞLEMCİ SIVI SOĞUTUCU;5.139 TL
CGR-AQUA 120 COUGAR AQUA 120 1x120mm FANLI İŞLEMCİ SIVI SOĞUTUCU;3.189 TL
CGR-AQUA ARGB 280 COUGAR AQUA ARGB 280 2x140mm FANLI İŞLEMCİ SIVI SOĞUTUCU;5.569 TL
FRISBY FA-7838ST SATA DVD RW Kutu (9.5mm);479 TL
THERMALTAKE TOUGHPOWER GF2 80 PLUS 850W GOLD ARGB FULL MODÜLER 140mm FAN PSU;12.609 TL
GSKILL 32GB (2x16GB) RipjawsV Siyah DDR4 4000MHz CL18 1.40V Dual Kit PC Ram;26.929 TL
Micron 8GB (1x8GB) DDR4 3200MHz 1Rx8 RDIMM CL22 Server Ram;7.699 TL
THERMALTAKE TH240 SNOW EDITION 2x120mm ARGB LED FANLI SIVI SOĞUTUCU;6.659 TL
THERMALTAKE TOUGHPOWER PF1 850W 80+ PLATINUM FULL MODULER GÜÇ KAYNAĞI;11.629 TL
ASUS TUF GAMING 550W 80PLUS BRONZE GÜÇ KAYNAĞI;5.279 TL
COUGAR VORTEX 3x120mm RGB FCB KASA FAN KİTİ;2.839 TL
CGR-AQUA 240 COUGAR AQUA 240 2x120mm FANLI İŞLEMCİ SIVI SOĞUTUCU;3.669 TL
Samsung 2TB T7 Serisi USB 3.2 (Okuma 1050MB / Yazma 1000MB) Gri Harici SSD;36.139 TL
Samsung 2TB T7 Serisi Mavi USB 3.2 (Okuma 1050MB / Yazma 1000MB) Harici SSD;36.139 TL
CARISMA MESH 650W RAMPAGE CARISMA MESH 4x120mm RAINBOW FANLI 650W 80PLUS MidT ATX GAMING KASA;5.129 TL
THERMALTAKE Pure 12 3x120mm ARGB Fan+Kontrolcülü Kasa Fanı Kiti;3.969 TL
5,0 MX3L2TQ/A Apple iPad9, iPad8, iPadAir3.Nesil, iPad Pro 10.5 inç Smart Klavye TR Q;3.569 TL
THERMALTAKE TOUGHPOWER PF1 ARGB 80PLUS PLATINUM 1200W FULL MODÜLER GÜÇ KAYNAĞI;21.609 TL
THERMALTAKE VIEW 51 TEMPERED GLASS 2x200mm ARGB FANLI MidT ATX BEYAZ KASA;14.579 TL
THERMALTAKE VIEW 51 TEMPERED GLASS 2x200mm ARGB FANLI MidT ATX KASA;13.009 TL
CGR-ARMOR-PRO-BLACK Cougar CGR-Armor Pro Siyah Oyuncu Koltuğu;15.739 TL
GSKILL 16GB Ripjaws DDR4 2400MHz CL16 1.2V Notebook RAM;12.089 TL
"ASUS 15,6"" MB16ACE 5Ms 60Hz ZENSCREEN TASINABILIR IPS FULL HD MONİTÖR";10.779 TL
COUGAR BXM-700 700W 80 PLUS BRONZE GÜÇ KAYNAĞI;5.449 TL
COUGAR XTC 500 500W 80 PLUS GÜÇ KAYNAĞI;2.689 TL
THERMALTAKE TR2 S 650W 80 PLUS 120mm FANLI GÜÇ KAYNAĞI;3.809 TL
THERMALTAKE TR2 S 550W 80 PLUS 120mm FANLI GÜÇ KAYNAĞI;3.109 TL
Crucial 500GB X8 Serisi USB3.1 (Okuma 1050MB/s) Harici SSD;8.819 TL
COUGAR CGR-GS-650 GX-S 650W 80PLUS GOLD GÜÇ KAYNAĞI;5.699 TL
COUGAR CGR-GS-750 GX-S 750W 80PLUS GOLD GÜÇ KAYNAĞI;6.629 TL
THERMALTAKE SMART BX1 80PLUS BRONZE 650W GÜÇ KAYNAĞI;4.239 TL
THERMALTAKE UX200 120mm ARGB FANLI AMD4/INTEL UYUMLU İŞLEMCİ SOĞUTUCU;2.259 TL
THERMALTAKE UX100 120mm ARGB FANLI AMD4/INTEL UYUMLU İŞLEMCİ SOĞUTUCU;1.179 TL
Thermaltake TtMod Yeşil/Siyah Power Supply Sleeved Kablo Seti (16 AWG);2.809 TL
Thermaltake TtMod Kırmızı/Siyah Power Supply Sleeved Kablo Seti (16 AWG);2.809 TL
THERMALTAKE WATER 3.0 360mm ARGB SYNC EDITION ALL-IN-ONE SIVI SOĞUTMA SİSTEMİ;8.099 TL
"ASUS 49"" XG49VQ ROG STRIX 4Ms 144Hz ULTRA-WIDE CURVED GAMING MONİTÖR";48.859 TL
"FRISBY FA-7830NF 2.5"" SATA EXTRA NOTEBOOK HARDDISK YUVASI (DVD MONTE) (12.7mm)";339 TL
GSKILL 4GB Value DDR3 1333MHz CL9 PC3 Tek Modül Ram;2.199 TL
"FRISBY FHC-2520S 2.5"" SATA HARDDISK KUTUSU USB 2.0 GÜMÜŞ";439 TL
QU 200 BT CAM VÜCUT ANALİZ BASKÜL (BLUETOOTH + TERMOMETRE);579 TL
Adata Premier 32 GB Micro SD Hafıza Kartı (100MB/sn-25MB/sn);789 TL
MI TV BOX S 3RD GEN XIAOMI MI TV BOX S (3.NESİL) SİYAH;4.999 TL
Sandisk Extreme Pro 128 GB Hafıza Kartı (200MB/S);3.409 TL
DU 2100 Fantom Speedy Pro DU 2100 Dikey Süpürge Antrasit;2.099 TL
Inca IUSB-01TP USB Male To Type-C Çevirici;229 TL
MI TV STICK 4K XIAOMI TV STICK 4K ANDROID 11 TV MEDIA PLAYER;3.599 TL
DJI Mini 5 Pro Fly More Combo Plus DJI Mini 5 Pro Fly More Combo Plus (DJI RC 2) Drone;65.599 TL
SPEED LUCCA (BLACK&SILVER) FAKIR SPEED LUCCA BLENDER SETİ (BLACK&SILVER);2.499 TL
Honor Choice Watch 2i Akıllı Saat Beyaz;1.599 TL
QU 300SO UV IŞIKLI SİNEK ÖLDÜRÜCÜ (20W);799 TL
Adata Premier 64 GB Micro SD Hafıza Kartı (100MB/sn-25MB/sn);1.089 TL
Philips TAT3509GY/00 Gerçek Kablosuz Kulaklık - Siyah;1.799 TL
Baseus PicoGo GaN Hızlı Şarj Cihazı 1C 45W - Beyaz;1.429 TL
Grundig KSM 6430 Delisia Coffee Yarı Otomatik Kapsüllü Süt Hazneli Espresso Makinesi;7.099 TL
Adata Premier 128 GB Micro SD Hafıza Kartı (100MB/sn-25MB/sn);1.839 TL
Lexar Blue Plus 128 GB Hafıza Kartı (170MB/S);3.569 TL
Lexar Blue Plus 32 GB Hafıza Kartı (100MB/S);1.289 TL
Arzum AR4210 MagiClean HydroFlex Dikey Şarjlı Süpürge;8.499 TL
JWIN A-20 2.0 SPEAKER;759 TL
Apple HomePod Beyaz (2.Nesil);11.499 TL
Snopy SN-BT20 Type C Telefon Uyumlu Beyaz Mikrofonlu Kulaklık;259 TL
INCA EMPOUSA RGB 7 LED MOUSEPAD;799 TL
WAHL 05606-308 MUSTACHE & BEARD SAKAL KESME VE BIYIK DÜZELTME MAKİNESİ;599 TL
"Lenovo Toploader T210 15.6"" Notebook Çantası - Mavi";599 TL
Black & Decker WDA315J-QW 10.8 V Islak Kuru Şarjlı El Süpürgesi;1.999 TL
Zhiyun Smooth-Q5 Ultra Combo - AI Takip Özellikli 3 Eksen Telefon Gimbalı;4.799 TL
Lexar Blue Plus 64 GB Hafıza Kartı (100MB/S);2.139 TL
HB 6450 Grundıg HB 6450 Kablosuz Saç Tarağı;1.699 TL
"Zalman ZM-NS3000 Beyaz LED Aydınlatmalı 200mm Fan 17"" Notebook Soğutucu Stand";2.749 TL
DJI Neo Fly More Combo DJI Neo Fly More Combo;15.999 TL
Verbatim EUPT-01 EU Çok Fişli Güç Kulesi;1.899 TL
Pro Navee ST3 Pro 1350W Elektrikli Scooter;35.299 TL
Lexar Blue Plus 256 GB Hafıza Kartı (170MB/S);8.319 TL
70Mai A500S Pro Plus 70Mai A500S Pro Plus Dahili GPS Araç İçi Kamera;4.299 TL
Samsung T7 128 GB Micro SD Hafıza Kartı (170MB/S);3.819 TL
Lexar Blue Plus 512 GB Hafıza Kartı (170MB/S);13.679 TL
EOS R100 Travel Kit Canon Eos R100 RF S 18-45 IS STM Travel Kit Aynasız APS-C Fotoğraf Makinesi;33.499 TL
Samsung T7 256 GB Micro SD Hafıza Kartı (170MB/S);6.439 TL
Sony ZV-1A 24-70mm Vlog Fotoğraf Makinesi;37.799 TL
70mai RC06 70Mai RC06 Araç İçi Arka Kamera;1.999 TL
Apple TV 4K Wi Fi 64GB;8.141 TL
DJI Mini 5 Pro DJI Mini 5 Pro Drone;43.799 TL
JBL Live Beam 3 Kablosuz Kulak İçi Kulaklık - Siyah;9.599 TL
MARSHALL Minor IV BT TWS Kulak İçi Kulaklık - Krem;5.599 TL
UGREEN Nexode Uno 65W Robot GaN Hızlı Şarj Cihazı 2xUSB-C, 1xUSB-A - Renkli;1.899 TL
JBL Horizon 3, Alarmlı Saat, Hoparlör, Gri;7.899 TL
Kodak Ultra Performance 512 GB Micro SD Hafıza Kartı (100MB/S);7.199 TL
"Baseus Minimalist iPad Air 4-5-6-7 10.9"" Tablet Kılıfı - Mor";899 TL
Microsoft Xbox Series S Oyun Konsolu;35.829 TL
5,0 JBLGO4PUR JBL GO 4 BLUETOOTH HOPARLÖR - MOR;1.919 TL
3,0 MG3946/15 Philips MG3946/15 Erkek Bakım Seti;1.899 TL
5,0 MG5922/15 Philips MG5922/15 Erkek Bakım Seti;1.999 TL
0,0 OVTM02 ONVO OVTM02 2000 W ÇELİK ÇAY MAKİNESİ;1.759 TL
0,0 JB.JBLT525BTBLK JBL Tune 525BT Multi Connect Kablosuz Kulak Üstü Kulaklık - Siyah;1.799 TL
0,0 JB.JBLT525BTPUR JBL Tune 525BT Multi Connect Kablosuz Kulak Üstü Kulaklık - Mor;1.799 TL
0,0 MG7935/15 Philips MG7935/15 Erkek Bakım Seti;2.999 TL
0,0 HM.223151 HAMA 3lü Akım Korumalı Priz 1,4m - Siyah;749 TL
4,7 X3021/00 Philips X3021/00 3000X Serisi Islak ve Kuru Şarjlı Tıraş Makinesi;2.199 TL
0,0 BAYMAK ELEGANT SOFT 12 A++ (MD) BAYMAK ELEGANT SOFT 12 A++ (MD)-Klima;28.803 TL
5,0 VP-101 A4 & 10*15 CANON VP-101 KARIŞIK PAKET FOTOĞRAF KAĞIDI;146 TL
5,0 HM.223164 HAMA 10'lu Akım Korumalı Priz 2m - Siyah;1.499 TL
0,0 GH21486 Arnica GH21486 Vena Blender Seti;1.649 TL
5,0 5127 HP DESKJET INK ADVANTAGE ULTRA 5127 ÇOK FONKSİYONLU KABLOSUZ MÜREKKEP YAZICI;3.999 TL
0,0 NGCR010002 Baseus Encok C17 Type-C Kablolu Kulak İçi Kulaklık - Beyaz;519 TL
0,0 55020GVQ Huawei Band 11 Siyah;2.199 TL
0,0 MS23K3513AK/TR Samsung MS23K3513AK/TR Mikrodalga Fırın (23 Litre + Seramik İç Kaplama);5.099 TL
5,0 TAT1108BK/00 PHILIPS TAT1108BK Gerçek Kablosuz Kulaklık (IPX4)- Siyah;1.299 TL
4,7 S5445/03 Philips S5445/03 5000 Serisi Islak Kuru Şarjlı Tıraş Makinesi;3.999 TL
5,0 DT9814 Tefal AeroSteam DT9814 Dikey Ütü Eucalyptus;4.799 TL
4,5 JBLCHARGE6BLK JBL CHARGE6 BLUETOOTH HOPARLÖR - SİYAH;8.699 TL
4,7 S5887/10 Philips S5887/10 5000 Serisi Islak ve Kuru Tıraş Makinesi;5.199 TL
4,8 55020DKD HUAWEI WATCH GT5 PRO 46 MM SİYAH;9.949 TL
0,0 MW5L3ZM/A Apple MW5L3ZM/A Usb-C to Usb Adaptör;899 TL
4,8 981-000271 Logitech H110 Kablolu Stereo Kulaklık - Gri;579 TL
5,0 TAT2139BK/00 Phılıps TAT2139BK/00 IPX4 Uygulama Destekli Gerçek Kablosuz Kulak İçi Kulaklık - Siyah;949 TL
0,0 10-13062-012 Stanley The Transit Fliptop Mug 0.47L Ash Gri Termos;1.999 TL
0,0 JBLFLIP7BLK JBL FLIP7 BLUETOOTH HOPARLÖR-SİYAH;6.399 TL
4,7 981-000883 LOGİTECH G G733 LIGHTSPEED KABLOSUZ RGB 7.1 SURROUND OYUNCU KULAKLIĞI - BEYAZ;7.529 TL
4,9 TW7976 Tefal TW7976 Toz Torbasız Elektrikli Süpürge;12.499 TL
5,0 AR18TSHZHWK/SK Samsung Premium 18.000 BTU A++ Inverter Klima (AR18TSHZHWK/SK İç+Dış Ünite) Set;41.573 TL
0,0 TAT2139WT/00 Phılıps TAT2139WT/00 Gerçek Kablosuz Kulak İçi Kulaklık IPX4 Uygulama Destekli - Beyaz;1.499 TL
5,0 JBLCLIP5BLK JBL CLIP 5 BLUETOOTH HOPARLÖR - SİYAH;3.199 TL
0,0 10-13061-011 Stanley The Transit Fliptop Mug 0.59L Klasik Termos Siyah;2.499 TL
0,0 90597A UGREEN 25.000mAh 145W PD QC Led Göstergeli Taşınabilir Hızlı Şarj Cihazı Powerbank - Gri;6.999 TL
5,0 JBLCLIP5PUR JBL CLIP 5 BLUETOOTH HOPARLÖR - MOR;3.199 TL
5,0 JBLCLIP5PINK JBL CLIP 5 BLUETOOTH HOPARLÖR - PEMBE;3.199 TL
0,0 BAYMAK ELEGANT SOFT 09 A++ (MD) BAYMAK ELEGANT SOFT 09 A++ (MD)-Klima;25.603 TL
0,0 JBLFLIP7BLU JBL FLIP7 BLUETOOTH HOPARLÖR-MAVİ;6.399 TL
4,5 JBLCHARGE6BLU JBL CHARGE6 BLUETOOTH HOPARLÖR - MAVİ;8.699 TL
0,0 G3480 CANON MEGATANK G3480 ÇOK FONKSİYONLU DUBLEKS KABLOSUZ MÜREKKEP TANKLI YAZICI;7.899 TL
0,0 AR60F18C1KW/SK Samsung WindFree™ Premium 18.000 BTU Yapay Zekâ Destekli Split Klima (İÇ + DIŞ SET);46.874 TL
0,0 MGH34ZM/A Apple iPhone Air MagSafe Silikon Kılıf – Kırağı;2.199 TL
0,0 JB.JBLSB580BLKEP JBL CINEMA SB580 3.1 Soundbar ve Wireless Subwoofer;11.899 TL
0,0 JBLCLIP5RED JBL CLIP 5 BLUETOOTH HOPARLÖR - KIRMIZI;3.199 TL
0,0 MS23DG4504ATTR Samsung MS23DG4504ATTR Mikrodalga Fırın (23 Litre + Seramik İç Kaplama);5.699 TL
0,0 JB.JBLT770NCPUR JBL Tune 770BT ANC Kulak Üstü Bluetooth Kulaklık - Mor;5.289 TL
0,0 JB.JBLT670NCBLU JBL Tune 670BT NC Kablosuz Bluetooth Kulak Üstü Kulaklık - Mavi;3.889 TL
5,0 TAA4216BK/00 Philips TAA4216 Kablosuz Kulak Üstü Spor Kulaklık - Siyah;2.199 TL
4,5 JBLCHARGE6PUR JBL CHARGE6 BLUETOOTH HOPARLÖR - MOR;8.699 TL
5,0 55037247 HUAWEI FreeClip Bluetooth Kablosuz Kulaklık - Siyah;7.299 TL
0,0 MAGICTEA XL Tea Magic Tea XL Inox Paslanmaz Çelik Çaycı & Çay Makinesi;5.499 TL
5,0 AR60F12C1KW/SK Samsung WindFree™ Premium 12.000 BTU Yapay Zekâ Destekli Split Klima (İÇ + DIŞ SET);40.404 TL
0,0 JBLPARTYBOX520EU JBL PARTYBOX 520 BLUETOOTH HOPARLÖR-SIYAH;39.999 TL
0,0 25188 UGREEN 20.000 mAh 100W PD Hızlı Şarj Powerbank 2xUSB-C, 1xUSB-A - Gri;5.199 TL
4,8 981-001062 LOGITECH G G435 LIGHTSPEED Kablosuz Oyuncu Kulaklığı - Mavi;3.997 TL
0,0 15601 UGREEN 10-in-1 Hub (3xUSB 3.0,100w 4K/30Hz HDMI,RJ45,1080p 60Hz VGA,SD-TF Kart Okuyucu);3.799 TL
0,0 HK.HKENCH1100BLKEP Harman Kardon Enchant 1100 Dolby Atmos Soundbar, Siyah;32.899 TL
0,0 BHR4828GL Xiaomi Smart Standing Fan 2 EU Vantilatör;4.796 TL
0,0 PC09SQ LG PC09SQ Dualcool+ Duvar Tipi Inverter 9000 Btu A++ Wifi Klima;28.583 TL
0,0 HK.HKENCHSUB2BLKEP Harman Kardon Enchant Dolby Atmos Wireless Subwoofer, Siyah;12.899 TL
0,0 BAYMAK ELEGANT SOFT 24 A++ (MD) BAYMAK ELEGANT SOFT 24 A++ (MD)-Klima;53.633 TL
5,0 JB.JBLENDURPEAK3WT JBL Endurance Peak III TWS Kablosuz Kulaklık - Beyaz;4.497 TL
5,0 SSMP63433 SteelSeries QcK XLarge Gaming Mousepad - Balance;2.476 TL
0,0 MR11.S94P2 LG MR11 2300W, 4.2 Kanal AV Alıcı - LG S94P2 2300W, 4.2 Kanal Soundbar;44.999 TL
0,0 JBLFLIPES2 JBL FLIP ESSENTIAL 2 BLUETOOTH HOPARLÖR IPX7-SIYAH;4.299 TL
0,0 JBLCHARGE6PINK JBL CHARGE6 BLUETOOTH HOPARLÖR - PEMBE;8.699 TL
0,0 JBLCHARGE6RED JBL CHARGE6 BLUETOOTH HOPARLÖR - KIRMIZI;8.699 TL
0,0 JB.JBLT770NCWHT JBL Tune 770BT ANC Kulak Üstü Bluetooth Kulaklık - Beyaz;5.289 TL
0,0 JBLFLIP7RED JBL FLIP7 BLUETOOTH HOPARLÖR-KIRMIZI;6.399 TL
0,0 JBLCHARGE6SQUAD JBL CHARGE6 BLUETOOTH HOPARLÖR - SQUAD;8.699 TL
0,0 JB.JBLT670NCPUR JBL Tune 670BT NC Kablosuz Bluetooth Kulak Üstü Kulaklık - Mor;3.889 TL
0,0 AR09TXHQBWK/SK Samsung AR35 White 9.000 BTU A++ Inverter Klima (AR09TXHQBWK/SK İÇ+DIŞ ÜNİTE)SET;28.264 TL
0,0 JBLFLIP7SQUAD JBL FLIP7 BLUETOOTH HOPARLÖR-SQUAD;6.399 TL
0,0 JB.JBLBAR800M2BLKEP JBL BAR 800M2, Dolby Atmos Soundbar,Wireless Subwoofer;37.899 TL
5,0 JB.JBLBAR500M2BLKEP JBL BAR 500M2,Virtual Dolby Atmos 5.1 Soundbar,Wrl.Sub;27.899 TL
0,0 AR70F18C1DB/SK Samsung WindFree™ Premium Black 18.000 BTU Yapay Zekâ Destekli Split Klima İÇ + DIŞ SET;56.573 TL
0,0 JBLCHARGE6WHT JBL CHARGE6 BLUETOOTH HOPARLÖR - BEYAZ;8.699 TL
0,0 MGH74ZM/A Apple iPhone için MagSafe özellikli Mikro Dokuma Cüzdan - Yosun;3.306 TL
0,0 JBLFLIP7PUR JBL FLIP7 BLUETOOTH HOPARLÖR-MOR;6.399 TL
0,0 JB.JBLTOURONEM2BLK JBL Tour One M2 Kablosuz Kulak Üstü Kulaklık - Siyah;9.997 TL
0,0 TAH8506WT/00 PHILIPS TAH8506WT BT ANC PRO KULAK ÜSTÜ KULAKLIK 60H DOKUNMATİK HI-RES - BEYAZ;4.299 TL
0,0 AIRFORM Fakir Airform Saç Şekillendirici Set;9.799 TL
0,0 HM.200109 HAMA HM.200109 USB-C 3.1 ADAPTÖR 2XUSB-A USB-C, HDMI, ETHERNET;1.606 TL
0,0 SSH61732 Steelseries Arctis Nova 7 Gen2 Kablosuz Oyuncu Kulaklığı - Magenta;9.326 TL
0,0 JB.JBLBAR1000M2BLKEP JBL BAR 1000M2, Dolby Atmos 7.1.4 Soundbar,Wireless Subwoofer;49.899 TL
0,0 ET-SLL50LJEGWW Samsung Galaxy Watch 8 Hibrit Deri Kordon S/M/L - Kum Rengi;3.489 TL
0,0 PTK870K0B WACOM INTUOS PRO L GRAFİK TABLET;35.699 TL
0,0 JBLFLIP7PINK JBL FLIP7 BLUETOOTH HOPARLÖR-PEMBE;6.399 TL
0,0 D2426212 Anker Nebula Capsule 3 Laser Akıllı Taşınabilir Projeksiyon Cihazı;46.399 TL
"0,0 CA.TEBP4216MG THULE ENROUTE 23L 15.6"" NOTEBOOK SIRT ÇANTA - YEŞİL";3.326 TL
0,0 ILCE6400AMB.CEC Sony Alpha A6400 + 18-135 mm Lens Aynasız Fotoğraf Makinesi;58.999 TL
0,0 A1761111-85 Anker SOLIX C1000X Harici Batarya - 1056Wh;34.999 TL
Apple iPhone Air Bumper Kılıf - Açık Mavi;1.426 TL
0,0 TAC-24CHSDUG11I TCL TAC-24CHSD/UG11I I IÇ VE DIS ÜNITE SET;65.152 TL
5,0 PTK670K0B Wacom Intuos Pro M Grafik tablet;32.149 TL
0,0 Cı Touch F63/0-111 Melitta Cı Touch Tam Otomatik Kahve Makinesi;39.999 TL
0,0 JB.JBLLIVEBUDS3PUR JBL Live Buds 3 Kablosuz Kulak İçi Kulaklık - Mor;7.789 TL
0,0 D2425211 Anker Nebula Capsule 3 Akıllı Taşınabilir Projeksiyon Cihazı;35.999 TL
5,0 TAPO C212 TP-LINK TAPO C212 360° KABLOSUZ IP KAMERA 2K;1.796 TL
0,0 JB.JBLT670NCWHT JBL Tune 670BT NC Kablosuz Bluetooth Kulak Üstü Kulaklık - Beyaz;3.889 TL
0,0 RF24-240mm Canon RF 24-240mm f/4-6.3 IS USM Lens;52.499 TL
200000TLHK;200000 TL
50000TLHK;50000 TL
20000TLHK;20000 TL
10000TLHK;10000 TL
5000TLHK;5000 TL
1000TLHK;1000 TL
500TLHK;500 TL
YENİ ÜRÜN 0,0 Seyahat çantası (Siyah/Bakır) Dyson Seyahat çantası (Siyah/Bakır);4.999 TL
YENİ ÜRÜN 0,0 LR03A4B/10 Philips AAA Alkalin İnce Kalem Pil 4'lü;99 TL
YENİ ÜRÜN 0,0 FV8066 Bundle Tefal FV8066 Puregliss 3000 W Siyah Buharlı Ütü (Bundle);5.499 TL
YENİ ÜRÜN 3,3 CP.OS.00000544.02 DJI Osmo Pocket 4 Creator Combo;37.299 TL
YENİ ÜRÜN 0,0 LR6A4B/10 Philips AA Alkalin Kalem Pil 4'lü;119 TL
YENİ ÜRÜN 5,0 55020HSD Huawei Watch Fit 5 Beyaz;7.999 TL
YENİ ÜRÜN 0,0 Airstrait (Ceramic Apricot) Dyson Airstrait Saç Düzleştirici (Ceramic Apricot);24.999 TL
YENİ ÜRÜN 0,0 55020HSE Huawei Watch Fit 5 Siyah;7.999 TL
YENİ ÜRÜN 0,0 6LR61A1B/10 Philips Alkaline 9V Pil Tekli;149 TL
YENİ ÜRÜN 0,0 10-13063-014 Stanley The Transit Fliptop Mug 0.35L / 12oz Rose Quartz Pembe Termos;2.129 TL
YENİ ÜRÜN 5,0 55020HSC Huawei Watch Fit 5 Mor;7.999 TL
YENİ ÜRÜN 0,0 Airwrap Co-anda2x (Ceramic Apricot) Dyson Airwrap Co-anda2x Saç Şekillendirme ve Kurutma Seti (Ceramic Apricot);34.999 TL
YENİ ÜRÜN 0,0 10-13062-011 Stanley The Transit Fliptop Mug 0.47L Siyah Termos;2.599 TL
YENİ ÜRÜN 0,0 DJI Lito X1 Fly More Combo Plus (DJI RC 2) DJI Lito X1 Fly More Combo Plus (DJI RC 2);45.299 TL
YENİ ÜRÜN 0,0 Airwrap i.d. (Ceramic Apricot) Dyson Airwrap i.d. Saç Şekillendirme ve Kurutma Seti (Ceramic Apricot);27.999 TL
YENİ ÜRÜN 0,0 8684387704618 Buff Labs iPhone 17 Pro Max/16 Pro Max 5D Glass EasyFit Ekran Koruyucu;1.999 TL
YENİ ÜRÜN 0,0 8684387701877 Buff Labs iPhone 16 / 15 Glass EasyFit Cam Ekran Koruyucu;1.999 TL
YENİ ÜRÜN 0,0 10-13061-014 Stanley The Transit Fliptop Mug 0.59L Termos Rose Quartz Pembe;2.929 TL
YENİ ÜRÜN 0,0 CHP7020W/10 Phılıps İkili Akım Koruma Priz, 1140J, Beyaz;1.300 TL
YENİ ÜRÜN 0,0 10-13063-020 Stanley The Transit Fliptop Mug 0.35L / 12oz Hammertone Yeşil Termos;2.129 TL
YENİ ÜRÜN 0,0 8684387704649 Buff Labs iPhone 17 Pro Max/16 Pro Max 5D Privacy EasyFit Ekran Koruyucu;1.999 TL
YENİ ÜRÜN 0,0 AR1101 Arzum AR1101 Shake'n Take Joy Kişisel Blender;2.799 TL
YENİ ÜRÜN 0,0 10-13062-013 Stanley The Transit Fliptop Mug 0.47L Krem Termos;2.599 TL
YENİ ÜRÜN 0,0 8684387704724 Buff Labs iPhone 17 Şeffaf Kamera Lens Koruyucu;1.199 TL
YENİ ÜRÜN 0,0 8684387704755 Buff Labs iPhone 17 Pro Max Kamera Lens Koruyucu - Şeffaf;1.199 TL
YENİ ÜRÜN 0,0 5502ACCJ Honor Watch x5i Akıllı Saat Beyaz;2.699 TL
YENİ ÜRÜN 0,0 DJI Lito 1 Fly More Combo (DJI RC-N3) DJI Lito 1 Fly More Combo (DJI RC-N3);29.099 TL
YENİ ÜRÜN 0,0 DJI Lito X1 DJI Lito X1 (RC-N3);22.899 TL
YENİ ÜRÜN 0,0 CR2025P2/01B Philips CR2025 Mini Düğme Pil 3V 2'li;149 TL
YENİ ÜRÜN 0,0 8684387701686 Buff Labs iPhone 16 Magsafe Air Hybrid Kılıf - Şeffaf;1.999 TL
YENİ ÜRÜN 0,0 8684387704601 Buff Labs iPhone 17/17 Pro/16 Pro 5D Glass EasyFit Ekran Koruyucu;1.999 TL
YENİ ÜRÜN 0,0 65736 UGREEN 25W USB-C GaN Hızlı Şarj Adaptörü - Siyah;699 TL
YENİ ÜRÜN 0,0 Style Essential XL Brita Style Essential XL Filtreli Sürahi PRO - Taş Mavisi, 3,6 lt;1.399 TL
YENİ ÜRÜN 0,0 8684387706667 Buff Labs Galaxy S26 Ultra EasyFit Glass Uygulama Aparatlı Ekran Koruyucu;1.999 TL
YENİ ÜRÜN 0,0 65057 UGREEN 45W GaN Hızlı Şarj Adaptörü ( 1xUSB-C + 1xUSB-A ) - Siyah;1.999 TL
YENİ ÜRÜN 0,0 8683548217004 Buff Labs iPhone 15 Magsafe Air Hybrid Kılıf - Şeffaf;1.899 TL
YENİ ÜRÜN 0,0 10-13062-020 Stanley The Transit Fliptop Mug 0.47L Hammertone Yeşil;2.599 TL
YENİ ÜRÜN 0,0 8684387702546 Buff Labs iPhone 16 Plus / 16 Kamera Lens Koruyucu - Şeffaf;1.199 TL
YENİ ÜRÜN 0,0 CP.OS.00000545.05 DJI Osmo Pocket 4 Standard Combo;29.699 TL
YENİ ÜRÜN 0,0 10-13062-0048 Stanley The Transit Fliptop Mug 0.47L Dried Pine Yeşil Termos;2.599 TL
YENİ ÜRÜN 0,0 8684387705035 Buff Labs iPhone 17 Pro Max Magsafe Air Hybrid Serisi Kılıf - Şeffaf;1.999 TL
YENİ ÜRÜN 0,0 8683548219398 Buff Labs iPhone 15 / 15 Plus Kamera Lens Koruyucu;1.199 TL
YENİ ÜRÜN 0,0 CR2016P5/01B Philips CR2016 3.0V Lithium Düğme Pil 5'li;149 TL
YENİ ÜRÜN 0,0 EF-PA376CBEGWW SAMSUNG Galaxy A37 Silikon Kılıf - Siyah;1.299 TL
YENİ ÜRÜN 5,0 DJI Lito X1 Fly More Combo (DJI RC 2) DJI Lito X1 Fly More Combo (DJI RC 2);40.099 TL
YENİ ÜRÜN 0,0 10-13062-0056 Stanley The Transit Fliptop Mug 0.47L Gök Mavisi Termos;1.999 TL
YENİ ÜRÜN 0,0 10-13063-0052 Stanley The Transit Fliptop Mug 0.35L / 12oz Gök Mavisi Termos;2.129 TL
YENİ ÜRÜN 0,0 8684387706643 Buff Labs Galaxy S26 EasyFit Glass Uygulama Aparatlı Ekran Koruyucu;1.999 TL
YENİ ÜRÜN 0,0 DJI Lito X1 Fly More Combo (DJI RC-N3) DJI Lito X1 Fly More Combo (DJI RC-N3);33.599 TL
YENİ ÜRÜN 0,0 8684387704632 Buff Labs iPhone 17/17 Pro/16 Pro 5D Privacy EasyFit Ekran Koruyucu;1.999 TL
YENİ ÜRÜN 0,0 M350 Azdome M350 4 Kameralı Araç İçi Kamera;6.399 TL
YENİ ÜRÜN 0,0 A76P10B/10 Philips LR44 Alkaline 1.5V Pil Tekli;149 TL
YENİ ÜRÜN 0,0 AR3158 Arzum AR3158 Neosteel Çay Makinesi;3.799 TL
YENİ ÜRÜN 0,0 PSG7300/70 Philips PSG7300/70 Buhar Kazanlı Ütü;19.999 TL
YENİ ÜRÜN 0,0 8684387704748 Buff Labs iPhone 17 Pro Kamera Lens Koruyucu - Şeffaf;1.149 TL
YENİ ÜRÜN 0,0 10-13061-013 Stanley The Transit Fliptop Mug 0.59L Termos Krem;2.929 TL
YENİ ÜRÜN 0,0 8684387706759 Buff Labs Galaxy S26 MagSafe Air Hybrid Kılıf - Şeffaf;1.999 TL
YENİ ÜRÜN 0,0 VN-541PC Olympus OM System VN-541PC Siyah Ses Kayıt Cihazı (4 GB);4.509 TL
YENİ ÜRÜN 0,0 10-13061-0026 Stanley The Transit Fliptop Mug 0.59L Termos Gök Mavisi;2.929 TL
YENİ ÜRÜN 0,0 CANON GI-46 KIT CANON GI-46 KIT MÜREKKEP SETİ;4.998 TL
YENİ ÜRÜN 0,0 OK0036-04 Arzum Okka Rich Pro Su Tanklı Türk Kahvesi Makinesi Bakır;7.999 TL
YENİ ÜRÜN 0,0 S50_4K Azdome S50 4k Sim Kartlı & 2 Kameralı 4K Araç İçi Kamera(Obd Park Kiti);5.999 TL
YENİ ÜRÜN 0,0 8684387706650 Buff Labs Galaxy S26 Plus EasyFit Glass Uygulama Aparatlı Ekran Koruyucu;1.999 TL
YENİ ÜRÜN 0,0 8684387704465 Buff Labs Galaxy S25 Ultra MagSafe Air Hybrid Kılıf - Şeffaf;1.899 TL
YENİ ÜRÜN 0,0 8684387705004 Buff Labs iPhone 17 Magsafe Air Hybrid Serisi Kılıf - Şeffaf;1.999 TL
YENİ ÜRÜN 0,0 JBLGO5PIK JBL GO 5 BLUETOOTH HOPARLÖR - PEMBE;3.290 TL
YENİ ÜRÜN 0,0 EH-TW840 Epson EH-TW840 Full HD, 4.000 Lümen, 16.000 Kontrast, 12.000 Saat Lamba Ömrü Projeksiyon;36.969 TL
YENİ ÜRÜN 0,0 ADV1200-XJ Black & Decker ADV1200-XJ Araç İçi El Süpürgesi;2.999 TL
YENİ ÜRÜN 0,0 8684387704021 Buff Labs Galaxy S25 Ultra Kamera Lens Koruyucu - Şeffaf;699 TL
YENİ ÜRÜN 0,0 Supersonic Nural (Ceramic Apricot) Dyson Supersonic Nural Saç Kurutma Makinesi (Ceramic Apricot);24.999 TL
YENİ ÜRÜN 0,0 RVIR1196E Revlon RVIR1196E Easy Heat 25mm Seramik Turmalin Saç Maşası;2.799 TL
YENİ ÜRÜN 0,0 Vacuum 5 Xiaomi Robot Vacuum 5 Beyaz Akıllı Robot Süpürge;44.999 TL
YENİ ÜRÜN 0,0 BS1000 Braun BS1000 Body Mini Trimmer Islak & Kuru Vücut Tüy Kesme Makinesi Beyaz;1.239 TL
YENİ ÜRÜN 0,0 DJI Lito 1 DJI Lito 1 (RC-N3);19.599 TL
YENİ ÜRÜN 0,0 8684387704038 Buff Labs Galaxy S25 Ultra EasyFit Cam Ekran Koruyucu;1.499 TL
YENİ ÜRÜN 0,0 8684387705028 Buff Labs iPhone 17 Pro Magsafe Air Hybrid Serisi Kılıf - Şeffaf;1.999 TL
YENİ ÜRÜN 0,0 JB.JBLEASYSINGMICS JBL EasySing Partybox Kablosuz Karaoke Mikrofon Set (2 adet) - Siyah;10.900 TL
YENİ ÜRÜN 0,0 EF-ES942CBEGWW Samsung Galaxy S26 Silikon Magnet Kılıf- Siyah;2.199 TL
YENİ ÜRÜN 0,0 TEMPGCAPIPH15K CELLULARLINE IPHONE 15 / 15 PRO CAPSULE TEMPERLİ CAM EKRAN KORUYUCU;799 TL
YENİ ÜRÜN 0,0 TAPO C645D KIT TP-LINK TAPO C645D 360° GÜNEŞ ENERJİLİ ÇİFT LENS DIŞ MEKAN KABLOSUZ IP KAMERA 2K KİT;9.999 TL
YENİ ÜRÜN 0,0 M8550 TP-LINK M8550 688MBPS-2880MBPS-2880MBP TRI-BANT Wi-Fi 6 5G TAŞINABİLİR ROUTER;21.799 TL
YENİ ÜRÜN 0,0 8684387706773 Buff Labs Galaxy S26 Ultra MagSafe Air Hybrid Kılıf - Şeffaf;1.999 TL
YENİ ÜRÜN 0,0 MF667CDW CANON MF667CDW ÇOK FONKSİYONLU ADF / DUBLEKS KABLOSUZ RENKLİ LAZER YAZICI;23.999 TL
YENİ ÜRÜN 0,0 Vacuum 5 Pro Xiaomi Robot Vacuum 5 Pro Beyaz Akıllı Robot Süpürge;49.999 TL
YENİ ÜRÜN 0,0 Vacuum H50 Pro Xiaomi Robot Vacuum H50 Pro Beyaz Akıllı Robot Süpürge;39.999 TL
YENİ ÜRÜN 0,0 SENSPLUSIPH15B CELLULARLINE IPHONE 15 SENSATION PLUS KILIF - MAVI;1.099 TL
YENİ ÜRÜN 0,0 FINECIPH15T CELLULARLINE IPHONE 15 FINE TELEFON KILIFI;599 TL
YENİ ÜRÜN 0,0 PBNEWMAG5000B CELLULARLINE MAGSAFE + 20W PD TYPE-C 5.000 MAH SLIM POWERBANK - MAVİ;2.399 TL
YENİ ÜRÜN 0,0 E0028500 Baseus EnerFill FM12 Qi2 Manyetik 10.000 mAh 22.5W Powerbank - Siyah;2.999 TL
YENİ ÜRÜN 0,0 SE9341 Braun Silk-Epil 9 SE9341 Epilasyon Cihazı;8.599 TL
YENİ ÜRÜN 0,0 AR1186-0200 Arzum Crust Mix Pro AR1186-02 5 lt Beyaz 1500 W Stand Mikser;9.699 TL
YENİ ÜRÜN 0,0 AR5178 Arzum AR5178 Sateen Touch Pro Ipl Tüy Alma Sistemi;8.999 TL
YENİ ÜRÜN 0,0 8684387706766 Buff Labs Galaxy S26 Plus MagSafe Air Hybrid Kılıf - Şeffaf;1.999 TL
YENİ ÜRÜN 0,0 8684387704656 Buff Labs iPhone 17 Air 5D Privacy EasyFit Ekran Koruyucu;1.999 TL
YENİ ÜRÜN 0,0 EP72H21WET Electrolux EP72H21WET Dikey Şarjlı Süpürge + Mop Başlık;20.999 TL
YENİ ÜRÜN 0,0 10-13061-012 Stanley The Transit Fliptop Mug 0.59L Termos Ash Gri;2.929 TL
YENİ ÜRÜN 0,0 1250605 Azdome OBD Port Park Kiti 7/24;1.999 TL
YENİ ÜRÜN 0,0 L1350 EPSON ECOTANK L1350 KABLOSUZ MÜREKKEP TANKLI YAZICI;6.999 TL
YENİ ÜRÜN 0,0 EF-ES942CVEGWW Samsung Galaxy S26 Silikon Magnet Kılıf- Gece Moru;2.199 TL
YENİ ÜRÜN 0,0 EF-KS947SNEGWW Samsung Galaxy S26+ Karbon Magnet Kılıf- Siyah;3.499 TL
YENİ ÜRÜN 0,0 SSH61778 SteelSeries Arctis Nova 3PC Wireless ve Bluetooth Gaming Kulaklık - Lila;7.319 TL
YENİ ÜRÜN 0,0 MoGo 4 Match Night Collection Xgimi MoGo 4 Maç Gecesi Koleksiyonu;46.999 TL
YENİ ÜRÜN 0,0 Elfin Flip Plus Xgimi Elfin Flip Plus 500 Lümen Full HD Wi-Fi Google TV Taşınabilir Projeksiyon Cihazı;29.599 TL
YENİ ÜRÜN 0,0 GPVPT3B.CE7 Sony GPVPT3B Kablosuz Çok İşlevliı Çekim Kolu;8.999 TL
YENİ ÜRÜN 0,0 COMPACTGTABA11105K CELLULARLİNE SAMSUNG GALAXY COMPACT TAB A11+/A9+ TABLET KILIFI - SIYAH;1.699 TL
YENİ ÜRÜN 0,0 TETRACIPH16T CELLULARLINE IPHONE 16 TETRAFORCE ULTRA KORUMA KILIF - ŞEFFAF;799 TL
YENİ ÜRÜN 0,0 CLEARDUOIPH13T CELLULARLINE IPHONE 13 CLEARDUO SERT KILIF - ŞEFFAF;699 TL
YENİ ÜRÜN 0,0 CLEARDUOIPH17MAXT CELLULARLINE IPHONE 17 AIR CLEARDUO ANTIBAKTERIYEL KILIF;699 TL
YENİ ÜRÜN 0,0 SENSATIONIPH13K CELLULARLINE IPHONE 13 SENSATION KILIF - SIYAH;999 TL
YENİ ÜRÜN 0,0 GLOSSMAGIPH16PRMK CELLULARLINE IPHONE 16 PRO MAX GLOSS MAGSAFE KILIF - SIYAH;1.399 TL
YENİ ÜRÜN 0,0 SENSPLUSIPH15R CELLULARLINE IPHONE 15 SENSATION PLUS KILIF - KIRMIZI;1.099 TL
YENİ ÜRÜN 0,0 FOLIOIPADAIR10922P CELLULARLINE IPAD FOLIO PRO STAND ÖZELLIKLI TABLET KILIFI - PEMBE;2.099 TL
YENİ ÜRÜN 0,0 CBRROLL2USB60WK CELLULARLINE 60W ARAÇ ŞARJ CİHAZI;2.099 TL
YENİ ÜRÜN 0,0 PBNEWMAG5000S CELLULARLINE MAGSAFE + 20W PD TYPE-C 5.000 MAH SLIM POWERBANK;2.399 TL
YENİ ÜRÜN 0,0 PBTFT10000K CELLULARLINE POWERVIEW 45W 10.000 MAH TFT EKRANLI POWERBANK;2.999 TL
YENİ ÜRÜN 0,0 ACHSLIM2USBGAN45WK CELLULARLINE 45W DUAL PORT ULTRASLIM ADAPTOR - SIYAH;1.999 TL
YENİ ÜRÜN 0,0 Dyson V8 Cyclone New Dyson V8 Cyclone Dikey Süpürge;20.999 TL
YENİ ÜRÜN 0,0 CATL54-01 Baseus L54 Type-C - 3,5 MM Aux Dişi Kulaklık Adaptörü - Siyah;499 TL
YENİ ÜRÜN 0,0 ACFSD-DG1 Baseus Su Geçirmez Telefon Kılıfı IPX8 7.2 İnç - Gri;599 TL
YENİ ÜRÜN 0,0 P10111602113-00 Baseus Palm Hızlı Şarj Adaptörü 1C 20W - Siyah;799 TL
YENİ ÜRÜN 0,0 E0028501 Baseus EnerFill FM12 Qi2 Manyetik 10.000 mAh 22.5W Powerbank - Beyaz;2.999 TL
YENİ ÜRÜN 0,0 AR1114-0200 Arzum Technoart Maxi Neo AR1114 Beyaz 1500 W El Blender Seti;5.199 TL
YENİ ÜRÜN 0,0 AR1114-0100 Arzum Technoart Maxi Neo AR1114 Siyah 1500 W El Blender Seti;5.199 TL
YENİ ÜRÜN 0,0 AR1113-0200 Arzum Technoart Neo AR1113-B Beyaz 1500 W El Blenderı;2.899 TL
YENİ ÜRÜN 0,0 AR1113-0100 Arzum Technoart Neo AR1113-S Siyah 1500 W El Blenderı;2.899 TL
YENİ ÜRÜN 0,0 MANTISW CELLULARLINE MANTIS 3.5MM KABLOLU KULAKLIK - BEYAZ;699 TL
YENİ ÜRÜN 0,0 Fuxi-H8G Havit Gamenote Fuxi-H8 RGB Kulak Üstü Gaming Mikrofonlu Kulaklık - Altın;4.499 TL
YENİ ÜRÜN 0,0 Fuxi-H8 Havit Gamenote Fuxi-H8 RGB Kulak Üstü Gaming Mikrofonlu Kulaklık - Siyah;4.499 TL
YENİ ÜRÜN 0,0 Fuxi-H8W Havit Gamenote Fuxi-H8 RGB Kulak Üstü Gaming Mikrofonlu Kulaklık - Beyaz;4.499 TL
YENİ ÜRÜN 0,0 H2049DW Havit Gamenote H2049D RGB Işıklı 3.5mm Gaming Kablolu Oyuncu Kulaklığı - Beyaz;749 TL
YENİ ÜRÜN 0,0 H2049D Havit Gamenote H2049D RGB Işıklı 3.5mm Gaming Kablolu Oyuncu Kulaklığı - Siyah;749 TL
YENİ ÜRÜN 0,0 GK65W Havit GK65 RGB Profesyonel 192kHz 24Bit Hi-Fi Dahili Ses Kartlı Yayıncı Mikrofonu - Beyaz;1.600 TL
YENİ ÜRÜN 0,0 GK65 Havit GK65 RGB Profesyonel 192kHz 24Bit Hi-Fi Dahili Ses Kartlı Yayıncı Mikrofonu - Siyah;1.600 TL
YENİ ÜRÜN 0,0 RVST2217E Revlon RVST2217E Easy Heat 25mm Seramik Turmalin Saç Düzleştirici;2.799 TL
YENİ ÜRÜN 0,0 PL3122 Braun PL3122 IPL Silk Expert Pro 3, Evde Lazerle Tüy Alma, Çanta, Venus Tıraş Makinesi;18.699 TL
YENİ ÜRÜN 0,0 VCS 3 Nano Flex Karcher VCS 3 Nano Flex Dikey Şarjlı Süpürge;22.999 TL
YENİ ÜRÜN 0,0 TCG3323 Bosch TCG3323 2000 W Tost Makinesi;5.299 TL
YENİ ÜRÜN 0,0 TE655203RW Siemens EQ6 Plus S500 TE655203RW Tam Otomatik Espresso Makinesi;38.499 TL
YENİ ÜRÜN 0,0 CS-EP8 EZVIZ CS - EP8 Ultra Kapı Görüntüleyici;9.999 TL
YENİ ÜRÜN 0,0 ICM 468 S GRUNDIG ICM 468 S DONDURMA MAKİNESİ;10.999 TL
YENİ ÜRÜN 0,0 8684387704731 Buff Labs iPhone 17 Air Kamera Lens Koruyucu - Şeffaf;1.199 TL
YENİ ÜRÜN 0,0 OK0042-05 Arzum OK0042-05 Barista Pro Otomatik Espresso Makinesi;20.199 TL
YENİ ÜRÜN 0,0 OK0042-04 Arzum OK0042-04 Barista Pro Otomatik Espresso Makinesi;20.199 TL
YENİ ÜRÜN 0,0 Halo+ GTV Xgimi Halo+ GTV 700 Lümen Full HD Wi-Fi Google TV Taşınabilir Projeksiyon Cihazı;48.799 TL
YENİ ÜRÜN 0,0 3924N Bissell SpotClean ProHeat Advanced Koltuk Yıkama ve Leke Çıkarma Makinesi;18.999 TL
YENİ ÜRÜN 0,0 ROG RAPTURE GT-BE19000AI ASUS ROG RAPTURE GT-BE19000AI 1376MBPS-5764MBPS-11529MBPS TRI-BANT Wi-Fi 7 ROUTER;49.999 TL
YENİ ÜRÜN 0,0 BT10 (2-PK) ASUS ZenWifi BT10 688MBPS-5764MBPS-11529MBPS TRI-BANT Wi-Fi 7 MESH(2'Lİ);40.179 TL
YENİ ÜRÜN 0,0 8684387704625 Buff Labs iPhone 17 Air 5D Glass EasyFit Ekran Koruyucu;1.999 TL
YENİ ÜRÜN 0,0 8684387705011 Buff Labs iPhone 17 Air Magsafe Air Hybrid Serisi Kılıf - Şeffaf;1.999 TL
YENİ ÜRÜN 0,0 ZOEMINI 2 RGW CANON ZOEMİNİ 2 PEMBE PHOTO YAZICISI;7.599 TL
YENİ ÜRÜN 0,0 ZOEMINI 2 NVS CANON ZOEMİNİ 2 LACİVERT PHOTO YAZICISI;7.599 TL
YENİ ÜRÜN 0,0 ZOEMINI 2 WHS CANON ZOEMİNİ 2 BEYAZ PHOTO YAZICISI;7.599 TL
YENİ ÜRÜN 0,0 10-13063-012 Stanley The Transit Fliptop Mug 0.35L / 12oz Ash Gri Termos;2.129 TL
YENİ ÜRÜN 0,0 Vacuum H50 Xiaomi Robot Vacuum H50 Beyaz Akıllı Robot Süpürge;34.999 TL
YENİ ÜRÜN 0,0 PZ24 LG PZ24 Dual Cool Plus Z Duvar Tipi 24.000 Btu A++ Wifi Klima;75.399 TL
YENİ ÜRÜN 0,0 PZ18 LG PZ18 Dual Cool Plus Z Duvar Tipi 18.000 Btu A++ Wifi Klima;63.499 TL
YENİ ÜRÜN 0,0 PZ12 LG PZ12 Dual Cool Plus Z Duvar Tipi 12.000 Btu A++ Wifi Klima;44.899 TL
YENİ ÜRÜN 0,0 PL7211 Braun PL7211 IPL Skin I-Expert, Evde Lazerle Tüy Alma,Çanta, Venus Tıraş Makinesi, 2 Başlı;29.749 TL
YENİ ÜRÜN 0,0 Baymak Elegant Eco 18 A++ (MD) Baymak Elegant Eco 18 A++ (MD) Duvar Tipi Klima;48.399 TL
YENİ ÜRÜN 0,0 Baymak Elegant Eco 12 A++ (MD) Baymak Elegant Eco 12 A++ (MD) Duvar Tipi Klima;40.999 TL
outlet 47287 Honor Magic Pad 2 3Ghz 12Gb 256Gb 12.3 inç Android Tablet (outlet);22.589 TL
PRO outlet 47286 MSI A520M-A PRO Amd A520 Soket AM4 DDR4 4600 MHz(OC) M.2 Anakart (outlet);2.487 TL
PRO-E outlet 47285 MSI B560M PRO-E Intel B560 Soket 1200 DDR4 4800MHz (OC) M.2 Anakart (outlet);3.153 TL
PRO H610M-E DDR4 outlet 47284 MSI PRO H610M-E DDR4 Intel H610 Soket 1700 3200MHz(OC) M.2 Anakart (outlet);2.791 TL
PRO H610M-E DDR4 outlet 47283 MSI PRO H610M-E DDR4 Intel H610 Soket 1700 3200MHz(OC) M.2 Anakart (outlet);2.791 TL
PRO H610M-E DDR4 outlet 47282 MSI PRO H610M-E DDR4 Intel H610 Soket 1700 3200MHz(OC) M.2 Anakart (outlet);2.791 TL
PRO H610M-E DDR4 outlet 47281 MSI PRO H610M-E DDR4 Intel H610 Soket 1700 3200MHz(OC) M.2 Anakart (outlet);2.791 TL
PRO B850M-G outlet 47280 MSI PRO B850M-G AMD B850 Soket AM5 DDR5 8200MHZ(OC) M.2 Anakart (outlet);5.631 TL
PRIME A620M-K outlet 47279 ASUS PRIME A620M-K 6400MHz(OC) DDR5 Soket AM5 M.2 HDMI VGA mATX Anakart (outlet);3.663 TL
GAMING PLUS WIFI6E outlet 47278 MSI B850 GAMING PLUS WIFI6E AMD B850 Soket AM5 DDR5 8200MHZ(OC) M.2 Anakart (outlet);8.791 TL
PRIME H610M-K D4 ARGB outlet 47277 ASUS PRIME H610M-K D4 ARGB Intel H610 LGA1700 DDR4 3200 HDMI M.2 Anakart (outlet);3.327 TL
outlet 47276 Lenovo Idea Tab Pro 2.2Ghz 8Gb 256Gb 12.7inch' 3K- Android Tablet (outlet);19.999 TL
outlet 47275 iPhone SE 64 Gb 3. Nesil Akıllı Telefon Siyah (outlet);18.236 TL
"outlet 47273 Tcl Nxtpaper 9466X4 2Ghz 4Gb 128Gb 10.95"" 2K- Android Tablet (outlet)";4.997 TL
Camon30_8/256_siyah outlet 47272 Tecno Camon 30 8/256GB Akıllı Telefon Bazalt Siyah (outlet);11.624 TL
Spark_30_8/256_Siyah outlet 47271 Tecno Spark 30 8/256GB Akıllı Telefon Yıldız Gölgesi Siyahı (outlet);8.479 TL
outlet 47270 Infinix Hot 60 Pro Plus 8/256GB Akıllı Telefon Gri (outlet);14.399 TL
outlet 47269 Vivo V60 Lite 8/256GB Akıllı Telefon Mavi (outlet);15.999 TL
Spark_30_8/256_Edition outlet 47268 Tecno Spark 30 8/256GB Akıllı Telefon Bumblebee Edition (outlet);8.479 TL
outlet 47267 TCL Onetouch 4022S Tuşlu Telefon Gray (outlet);2.799 TL
outlet 47266 TCL Onetouch 4022S Tuşlu Telefon Gray (outlet);2.799 TL
Spark_40_8/256_Mavi outlet 47265 Tecno Spark 40 8/256GB Akıllı Telefon Mavi (outlet);11.199 TL
Spark20ProPlus_8/256_Gri outlet 47264 Tecno Spark 20 Pro Plus 8/256GB Akıllı Telefon Yıldız Tozu (outlet);10.582 TL
Spark20ProPlus_8/256_Siyah outlet 47263 Tecno Spark 20 Pro Plus 8/256GB Akıllı Telefon Obrit Siyah (outlet);11.038 TL
Camon30_12/256_Siyah outlet 47260 Tecno Camon 30 12/256GB Akıllı Telefon Bazalt Siyah (outlet);11.999 TL
Spark20ProPlus_8/256_Siyah outlet 47259 Tecno Spark 20 Pro Plus 8/256GB Akıllı Telefon Obrit Siyah (outlet);11.038 TL
Spark_30Pro_8/256_Beyaz outlet 47258 Tecno Spark 30 Pro 8/256 Akıllı Telefon Kutup Işıltısı Beyaz (outlet);10.639 TL
Camon30_5G_12/512_Siyah outlet 47256 Tecno Camon 30 5G 12/512GB Akıllı Telefon Bazalt Siyah (outlet);15.999 TL
Spark_30Pro_8/256_Beyaz outlet 47255 Tecno Spark 30 Pro 8/256 Akıllı Telefon Kutup Işıltısı Beyaz (outlet);10.639 TL
outlet 47254 Infinix Note 50 8GB/256GB Akıllı Telefon Yeşil (outlet);13.956 TL
outlet 47253 Infinix Hot 50 6GB/256GB Akıllı Telefon Adaçayı Yeşili (outlet);9.119 TL
Spark_30Pro_8/256_Edition outlet 47250 Tecno Spark 30 Pro 8/256 Akıllı Telefon Optimus Prime Edition (outlet);10.639 TL
Camon30_12/256_Siyah outlet 47249 Tecno Camon 30 12/256GB Akıllı Telefon Bazalt Siyah (outlet);11.999 TL
Camon30_5G_12/512_Siyah outlet 47248 Tecno Camon 30 5G 12/512GB Akıllı Telefon Bazalt Siyah (outlet);15.999 TL
Camon30_5G_12/512_Siyah outlet 47246 Tecno Camon 30 5G 12/512GB Akıllı Telefon Bazalt Siyah (outlet);15.999 TL
outlet 47245 Infinix Hot 60 Pro 8/256GB Akıllı Telefon Siyah (outlet);12.096 TL
Spark20ProPlus_8/256_Beyaz outlet 47244 Tecno Spark 20 Pro Plus 8/256GB Akıllı Telefon Ayışığı Beyaz (outlet);10.335 TL
RMX3867_Yeşil outlet 47243 Realme 12 Plus 5G 8/256GB Akıllı Telefon Derin Yeşil (outlet);11.196 TL
BSWX3_Kırmızı outlet 47242 Bilicra Connect Akıllı Çocuk Saati - Görüntülü Görüşme Özellikli - Kırmızı (outlet);2.796 TL
V50Lite_5G_12/256_Altın outlet 47240 Vivo V50 Lite 5G 12/256GB Akıllı Telefon Altın (outlet);14.996 TL
outlet 47239 Vivo V60 Lite 8/256GB Akıllı Telefon Mavi (outlet);15.999 TL
Spark_30Pro_8/256_Beyaz outlet 47237 Tecno Spark 30 Pro 8/256 Akıllı Telefon Kutup Işıltısı Beyaz (outlet);10.639 TL
outlet 47236 Infinix Hot 60i 4GB/128GB Akıllı Telefon Siyah (outlet);9.199 TL
Camon30Pro_5G_12/512_Siyah outlet 47235 Tecno Camon 30 Pro 5G 12/512GB Akıllı Telefon Siyah (outlet);18.803 TL
realme 11_8GB+256GB_Parlak Siyah outlet 47233 Realme 11 8GB+256GB Parlak Siyah (outlet);7.996 TL
Spark_20Pro_256_Beyaz outlet 47229 Tecno Spark 20 Pro 12/256GB Fildişi Beyazı Akıllı Telefon (outlet);10.088 TL
RMX3871_8_256_Yeşil outlet 47227 Realme 12 8GB+256GB Derin Yeşil Akıllı Telefon (outlet);7.036 TL
RMX3871_8_256_Mavi outlet 47226 Realme 12 8GB+256GB Ufuk Mavisi Akıllı Telefon (outlet);7.036 TL
Spark_30Pro_8/256_Edition outlet 47224 Tecno Spark 30 Pro 8/256 Akıllı Telefon Optimus Prime Edition (outlet);10.639 TL
Spark_30Pro_8/256_Siyah outlet 47223 Tecno Spark 30 Pro 8/256 Akıllı Telefon Obsidyen Siyah (outlet);10.639 TL
V29_Siyah outlet 47220 Vivo V29lite 5G (8+256) Akıllı Telefon Siyah Elmas Işıltısı (outlet);12.796 TL
outlet 47219 TCL Onetouch 4022S Tuşlu Telefon Gray (outlet);2.799 TL
outlet 47218 TCL Onetouch 4022S Tuşlu Telefon Gray (outlet);2.799 TL
Camon30_8/256_siyah outlet 47217 Tecno Camon 30 8/256GB Akıllı Telefon Bazalt Siyah (outlet);11.624 TL
Camon30_12/256_Beyaz outlet 47216 Tecno Camon 30 12/256GB Akıllı Telefon Tuz Beyazı (outlet);11.999 TL
Camon30Pro_5G_12/512_Siyah outlet 47215 Tecno Camon 30 Pro 5G 12/512GB Akıllı Telefon Siyah (outlet);18.803 TL
Camon30_8/256_siyah outlet 47214 Tecno Camon 30 8/256GB Akıllı Telefon Bazalt Siyah (outlet);11.624 TL
Camon30Pro_5G_12/512_Siyah outlet 47213 Tecno Camon 30 Pro 5G 12/512GB Akıllı Telefon Siyah (outlet);18.803 TL
Camon30_12/256_Siyah outlet 47212 Tecno Camon 30 12/256GB Akıllı Telefon Bazalt Siyah (outlet);11.999 TL
Spark_30_8/256_Siyah outlet 47211 Tecno Spark 30 8/256GB Akıllı Telefon Yıldız Gölgesi Siyahı (outlet);8.479 TL
Camon30Pro_5G_12/512_Siyah outlet 47210 Tecno Camon 30 Pro 5G 12/512GB Akıllı Telefon Siyah (outlet);18.803 TL
Camon30_8/256_siyah outlet 47209 Tecno Camon 30 8/256GB Akıllı Telefon Bazalt Siyah (outlet);11.624 TL
Camon30Pro_5G_12/512_Gri outlet 47208 Tecno Camon 30 Pro 5G 12/512GB Akıllı Telefon Gümüş Gri (outlet);18.915 TL
Camon30_12/256_Beyaz outlet 47207 Tecno Camon 30 12/256GB Akıllı Telefon Tuz Beyazı (outlet);11.999 TL
Spark_30_8/256_Beyaz outlet 47206 Tecno Spark 30 8/256GB Akıllı Telefon Astral Buz Beyazı (outlet);8.479 TL
Camon30_5G_12/512_Siyah outlet 47204 Tecno Camon 30 5G 12/512GB Akıllı Telefon Bazalt Siyah (outlet);15.999 TL
Camon30Pro_5G_12/512_Gri outlet 47203 Tecno Camon 30 Pro 5G 12/512GB Akıllı Telefon Gümüş Gri (outlet);18.915 TL
Camon30_8/256_siyah outlet 47202 Tecno Camon 30 8/256GB Akıllı Telefon Bazalt Siyah (outlet);11.624 TL
Spark_30Pro_8/256_Beyaz outlet 47201 Tecno Spark 30 Pro 8/256 Akıllı Telefon Kutup Işıltısı Beyaz (outlet);10.639 TL
Camon30_5G_12/512_Siyah outlet 47200 Tecno Camon 30 5G 12/512GB Akıllı Telefon Bazalt Siyah (outlet);15.999 TL
Camon30_5G_12/512_Siyah outlet 47199 Tecno Camon 30 5G 12/512GB Akıllı Telefon Bazalt Siyah (outlet);15.999 TL
Camon30_5G_12/512_Siyah outlet 47198 Tecno Camon 30 5G 12/512GB Akıllı Telefon Bazalt Siyah (outlet);15.999 TL
Camon30_12/256_Beyaz outlet 47197 Tecno Camon 30 12/256GB Akıllı Telefon Tuz Beyazı (outlet);11.999 TL
Camon30_12/256_Beyaz outlet 47196 Tecno Camon 30 12/256GB Akıllı Telefon Tuz Beyazı (outlet);11.999 TL
Camon30Pro_5G_12/512_Siyah outlet 47195 Tecno Camon 30 Pro 5G 12/512GB Akıllı Telefon Siyah (outlet);18.803 TL
Camon30_12/256_Beyaz outlet 47194 Tecno Camon 30 12/256GB Akıllı Telefon Tuz Beyazı (outlet);11.999 TL
Spark_40_8/256_Gri outlet 47193 Tecno Spark 40 8/256GB Akıllı Telefon Titanyum Gri (outlet);11.199 TL
Camon30_5G_12/512_Siyah outlet 47192 Tecno Camon 30 5G 12/512GB Akıllı Telefon Bazalt Siyah (outlet);15.999 TL
Camon30_8/256_siyah outlet 47191 Tecno Camon 30 8/256GB Akıllı Telefon Bazalt Siyah (outlet);11.624 TL
Camon30Pro_5G_12/512_Siyah outlet 47190 Tecno Camon 30 Pro 5G 12/512GB Akıllı Telefon Siyah (outlet);18.803 TL
Spark_30Pro_8/256_Beyaz outlet 47189 Tecno Spark 30 Pro 8/256 Akıllı Telefon Kutup Işıltısı Beyaz (outlet);10.639 TL
Spark_30C_8/256_Beyaz outlet 47188 Tecno Spark 30C 8/256GB Akıllı Telefon Orbit Beyaz (outlet);7.199 TL
Camon40_Pro_12/256_Beyaz outlet 47187 Tecno Camon 40 Pro 5G 12/256GB Akıllı Telefon Buzul Beyazı (outlet);22.399 TL
Spark_30Pro_8/256_Beyaz outlet 47186 Tecno Spark 30 Pro 8/256 Akıllı Telefon Kutup Işıltısı Beyaz (outlet);10.639 TL
Spark_30Pro_8/256_Beyaz outlet 47185 Tecno Spark 30 Pro 8/256 Akıllı Telefon Kutup Işıltısı Beyaz (outlet);10.639 TL
BILICRA TTX1 outlet 47183 Bilicra TTX1 (Kameralı) Tuşlu Telefon Siyah (outlet);1.983 TL
V40lite_Mor outlet 47182 Vivo V40 Lite (8+256) Akıllı Telefon Siyah Mor (outlet);11.020 TL
outlet 47180 TCL MT42X Movetime Family Watch Akıllı Saat Pembe (outlet);7.199 TL
outlet 47179 TCL Onetouch 4022S Tuşlu Telefon Gray (outlet);2.799 TL
outlet 47178 TCL Onetouch 4022S Tuşlu Telefon Gray (outlet);2.799 TL
outlet 47177 Bilicra TTX1NC (kamerasız) Tuşlu Telefon Siyah (outlet);2.319 TL
outlet 47176 TCL Onetouch 4022S Tuşlu Telefon Gray (outlet);2.799 TL
outlet 47175 TCL Onetouch 4022S Tuşlu Telefon Gray (outlet);2.799 TL
outlet 47174 Bilicra TTX1NC (kamerasız) Tuşlu Telefon Siyah (outlet);2.319 TL
BILICRA TTX1 outlet 47173 Bilicra TTX1 (Kameralı) Tuşlu Telefon Siyah (outlet);1.983 TL
outlet 47172 TCL Onetouch 4022S Tuşlu Telefon Gray (outlet);2.799 TL
outlet 47171 TCL Onetouch 4022S Tuşlu Telefon Gray (outlet);2.799 TL
outlet 47170 TCL Onetouch 4022S Tuşlu Telefon Gray (outlet);2.799 TL
outlet 47169 TCL Onetouch 5023 Tuşlu Telefon Volcano Black (outlet);3.599 TL
outlet 47168 TCL Onetouch 4022S Tuşlu Telefon Gray (outlet);2.799 TL
outlet 47167 TCL Onetouch 4022S Tuşlu Telefon Gray (outlet);2.799 TL
Spark_30Pro_8/256_Edition outlet 47162 Tecno Spark 30 Pro 8/256 Akıllı Telefon Optimus Prime Edition (outlet);10.639 TL
Redmi_Note_13Pro_8/256_Mor outlet 47161 Xiaomi Redmi Note 13 Pro 8GB/256GB Mor Akıllı Telefon (outlet);11.975 TL
Camon30Pro_5G_12/512_Siyah outlet 47160 Tecno Camon 30 Pro 5G 12/512GB Akıllı Telefon Siyah (outlet);18.803 TL
Camon40_Premier_12/256_Siyah outlet 47159 Tecno Camon 40 Premier 5G 12/256GB Akıllı Telefon Kozmik Siyah (outlet);26.226 TL
Camon30Pro_5G_12/512_Siyah outlet 47158 Tecno Camon 30 Pro 5G 12/512GB Akıllı Telefon Siyah (outlet);18.803 TL
Spark_30Pro_8/256_Beyaz outlet 47157 Tecno Spark 30 Pro 8/256 Akıllı Telefon Kutup Işıltısı Beyaz (outlet);10.639 TL
Camon30_12/256_Beyaz outlet 47156 Tecno Camon 30 12/256GB Akıllı Telefon Tuz Beyazı (outlet);11.999 TL
Camon30Pro_5G_12/512_Siyah outlet 47155 Tecno Camon 30 Pro 5G 12/512GB Akıllı Telefon Siyah (outlet);18.803 TL
Camon40_Premier_12/256_Siyah outlet 47154 Tecno Camon 40 Premier 5G 12/256GB Akıllı Telefon Kozmik Siyah (outlet);26.226 TL
Camon40_Pro_12/256GB_Titan outlet 47153 Tecno Camon 40 Pro 5G 12/256GB Akıllı Telefon Titanyum (outlet);19.589 TL
Hot50i _6/128GB_Gri outlet 47152 Infinix Hot 50i 6GB/128GB Akıllı Telefon Titanyum Gri (outlet);6.236 TL
Camon30Pro_5G_12/512_Siyah outlet 47151 Tecno Camon 30 Pro 5G 12/512GB Akıllı Telefon Siyah (outlet);18.803 TL
Camon30_5G_12/512_Siyah outlet 47150 Tecno Camon 30 5G 12/512GB Akıllı Telefon Bazalt Siyah (outlet);15.999 TL
Camon30_5G_12/512_Siyah outlet 47149 Tecno Camon 30 5G 12/512GB Akıllı Telefon Bazalt Siyah (outlet);15.999 TL
Spark_30_8/256_Edition outlet 47148 Tecno Spark 30 8/256GB Akıllı Telefon Bumblebee Edition (outlet);8.479 TL
Spark_20_8_256_Siyah outlet 47147 Tecno Spark 20 8/256GB Akıllı Telefon Siyah (outlet);7.982 TL
V40_Gri outlet 47146 Vivo V40 12/256 Gb Akıllı Telefon Titanyum Grisi (outlet);20.436 TL
Camon30Pro_5G_12/512_Siyah outlet 47144 Tecno Camon 30 Pro 5G 12/512GB Akıllı Telefon Siyah (outlet);18.803 TL
PRO A620M-B outlet 47143 MSI PRO A620M-B AMD A620 AM5 DDR5 6800MHz (OC) M.2 Anakart (outlet);3.303 TL
PRO A620M-B outlet 47142 MSI PRO A620M-B AMD A620 AM5 DDR5 6800MHz (OC) M.2 Anakart (outlet);3.303 TL
PRO A620M-E outlet 47141 MSI PRO A620M-E AMD A620 AM5 DDR5 6800MHz mATX Anakart (outlet);3.431 TL
PRIME A620M-K outlet 47140 ASUS PRIME A620M-K 6400MHz(OC) DDR5 Soket AM5 M.2 HDMI VGA mATX Anakart (outlet);3.663 TL
PRIME B850M-K outlet 47139 ASUS PRIME B850M-K AMD B850 Soket AM5 DDR5 8400MHz(OC) M.2 Anakart (outlet);6.183 TL
PRO-VDH outlet 47138 MSI B550M PRO-VDH Amd B550 Soket AM4 DDR4 4400(O.C.) M.2 Anakart (outlet);4.095 TL
TUF GAMING B760M-PLUS D4 outlet 47137 ASUS TUF GAMING B760M-PLUS D4 Soket 1700 5333MHz(OC) DDR4 M.2 Anakart (outlet);4.114 TL
PRIME H610M-K ARGB outlet 47136 ASUS PRIME H610M-K ARGB 5600MHz DDR5 Soket 1700 M.2 HDMI VGA mATX Anakart (outlet);3.743 TL
PRIME B850M-K outlet 47135 ASUS PRIME B850M-K AMD B850 Soket AM5 DDR5 8400MHz(OC) M.2 Anakart (outlet);6.183 TL
PRIME H610M-R D4 outlet 47134 ASUS PRIME H610M-R D4 Intel H610 Soket 1700 DDR4 3200MHz M.2 Kutusuz Anakart (outlet);2.325 TL
PRIME Z890M-PLUS WIFI outlet 47133 ASUS PRIME Z890M-PLUS WIFI Intel Z890 Soket 1851 DDR5 8400Mhz (OC) M.2 Anakart (outlet);6.396 TL
GAMING PLUS WIFI outlet 47132 MSI B840 GAMING PLUS WIFI AMD B840 Soket AM5 DDR5 8000MHZ(OC) M.2 Anakart (outlet);7.895 TL
PRIME X670-P WIFI outlet 47130 ASUS PRIME X670-P WIFI AMD X670 Soket AM5 DDR5 6400MHz(OC) M.2 Anakart (outlet);8.796 TL
outlet 47129 Xiaomi Redmi Note 14 Pro 8+256 GB Mavi Akıllı Telefon (outlet);12.684 TL
Camon30_12/256_Beyaz outlet 47128 Tecno Camon 30 12/256GB Akıllı Telefon Tuz Beyazı (outlet);11.999 TL
Camon30_12/256_Sahra outlet 47127 Tecno Camon 30 12/256GB Akıllı Telefon Bazalt Sahra (outlet);12.840 TL
Spark_30Pro_8/256_Edition outlet 47126 Tecno Spark 30 Pro 8/256 Akıllı Telefon Optimus Prime Edition (outlet);10.639 TL
Camon30Pro_5G_12/512_Siyah outlet 47125 Tecno Camon 30 Pro 5G 12/512GB Akıllı Telefon Siyah (outlet);18.803 TL
Camon30_12/256_Siyah outlet 47124 Tecno Camon 30 12/256GB Akıllı Telefon Bazalt Siyah (outlet);11.999 TL
Camon30_12/256_Beyaz outlet 47122 Tecno Camon 30 12/256GB Akıllı Telefon Tuz Beyazı (outlet);11.999 TL
outlet 47121 Infinix Hot 60 Pro Plus 8/256GB Akıllı Telefon Siyah (outlet);14.799 TL
RMX3851_Yeşil outlet 47120 Realme GT6 (RMX3851) 16+512 Keskin Yeşil (outlet);22.396 TL
outlet 47119 Vivo V60 Lite 8/256GB Akıllı Telefon Mavi (outlet);15.999 TL
Vivo_V50_Mavi outlet 47118 Vivo V50 5G 12/256GB Akıllı Telefon Uzay Mavisi (outlet);23.727 TL
outlet 47117 Vivo Y31 5G 8/256 Gb Akıllı Telefon Beyaz (outlet);18.399 TL
Spark_30Pro_8/256_Beyaz outlet 47116 Tecno Spark 30 Pro 8/256 Akıllı Telefon Kutup Işıltısı Beyaz (outlet);10.639 TL
Camon30Pro_5G_12/512_Siyah outlet 47114 Tecno Camon 30 Pro 5G 12/512GB Akıllı Telefon Siyah (outlet);18.803 TL
Camon30_12/256_Beyaz outlet 47113 Tecno Camon 30 12/256GB Akıllı Telefon Tuz Beyazı (outlet);11.999 TL
PRO H610M-G DDR4 outlet 47112 MSI PRO H610M-G Intel H610 Soket 1700 DDR4 3200MHz (OC) M.2 Anakart (outlet);3.063 TL
outlet 47111 ZOTAC GeForce RTX 5060 GAMING TWIN EDGE 8GB GDDR7 128Bit DLSS 4 Ekran Kartı (outlet);20.007 TL
PRIME H610M-K ARGB outlet 47110 ASUS PRIME H610M-K ARGB 5600MHz DDR5 Soket 1700 M.2 HDMI VGA mATX Anakart (outlet);3.743 TL
outlet 47109 ASROCK A520M HVS AMD A520M Soket AM4 DDR4 4600MHz (OC) M.2 mATX Anakart (outlet);2.375 TL
PRIME A620M-K outlet 47108 ASUS PRIME A620M-K 6400MHz(OC) DDR5 Soket AM5 M.2 HDMI VGA mATX Anakart (outlet);3.663 TL
outlet 47107 ASROCK A620M-HDV/M.2 AMD Soket AM5 DDR5 mATX 6400MHz (OC) M.2 Anakart (outlet);2.879 TL
outlet 47106 Petkit Eversweet 3 Pro Su Kabı (Beyaz) (outlet);2.947 TL
outlet 47105 POWERBOOST CIRCLE BEYAZ LGA1700/AM5 2x120mm Rainbow Fanlı 240mm Sıvı Soğutma (outlet);2.535 TL
outlet 47104 Philips HR2738/00 Daily Collection Narenciye Meyve Sıkacağı (outlet);839 TL
outlet 47103 Philips HR2738/00 Daily Collection Narenciye Meyve Sıkacağı (outlet);839 TL
Spark_Slim_5G_8/256GB_Beyaz outlet 47092 Tecno Spark Slim 5G 8/256GB Akıllı Telefon Beyaz (outlet);15.999 TL
outlet 47091 Xiaomi Redmi Note 14 Pro 5G 12+512 GB Yeşil Akıllı Telefon (outlet);18.399 TL
PRO H610M-G DDR4 outlet 47090 MSI PRO H610M-G Intel H610 Soket 1700 DDR4 3200MHz (OC) M.2 Anakart (outlet);3.063 TL
PRO H610M-E DDR4 outlet 47089 MSI PRO H610M-E DDR4 Intel H610 Soket 1700 3200MHz(OC) M.2 Anakart (outlet);2.791 TL
iO 2 Siyah+Seyahat Kılıfı outlet 47088 Oral-B iO2 Serisi Şarjlı Diş Fırçası Siyah + Seyahat Kabı (outlet);2.135 TL
outlet 47086 Braun FS1000 Face Mini Tüy Alma Makinesi (outlet);1.039 TL
SİYAH outlet 47083 Oral-B D103 Vitality Pro Cross Action Şarjlı Diş Fırçası (Siyah) (outlet);1.439 TL
outlet 47082 Braun Silk-Epil 3 SE3000 Epilasyon Cihazı (outlet);1.359 TL
outlet 47081 Braun Silk-Epil 3 SE3000 Epilasyon Cihazı (outlet);1.359 TL
outlet 47080 Remington S8500 Argan Yağlı Saç Düzleştirici (outlet);1.801 TL
outlet 47079 Braun Silk-Epil 3 SE3000 Epilasyon Cihazı (outlet);1.359 TL
outlet 47078 Braun AIO7540 Hepsi Bir Arada Erkek Tıraş Kiti 11'i 1 Arada (outlet);2.799 TL
outlet 47077 Braun Silk-Epil 3 SE3000 Epilasyon Cihazı (outlet);1.359 TL
outlet 47076 Braun Silk-Epil 3 SE3000 Epilasyon Cihazı (outlet);1.359 TL
outlet 47075 Braun AIO7540 Hepsi Bir Arada Erkek Tıraş Kiti 11'i 1 Arada (outlet);2.799 TL
outlet 47074 Braun FS1000 Face Mini Tüy Alma Makinesi (outlet);1.039 TL
outlet 47073 Braun Series 3 310 BT BLUE 3’ü 1 Arada Sakal Şekilendirici ve Tıraş Makinesi (outlet);2.799 TL
Spark_40Pro_8_256_Titanyum outlet 47071 Tecno Spark 40 Pro 8/256GB Akıllı Telefon Titanyum (outlet);12.799 TL
Camon30_5G_12/512_Siyah outlet 47070 Tecno Camon 30 5G 12/512GB Akıllı Telefon Bazalt Siyah (outlet);15.999 TL
Camon30Pro_5G_12/512_Siyah outlet 47069 Tecno Camon 30 Pro 5G 12/512GB Akıllı Telefon Siyah (outlet);18.803 TL
Spark_30Pro_8/256_Beyaz outlet 47068 Tecno Spark 30 Pro 8/256 Akıllı Telefon Kutup Işıltısı Beyaz (outlet);10.639 TL
Camon30_5G_12/512_Siyah outlet 47067 Tecno Camon 30 5G 12/512GB Akıllı Telefon Bazalt Siyah (outlet);15.999 TL
Spark_Go2_Gri outlet 47066 Tecno Spark Go 2 4/128 GB Akıllı Telefon Titanyum Gri (outlet);7.999 TL
Camon30Pro_5G_12/512_Siyah outlet 47065 Tecno Camon 30 Pro 5G 12/512GB Akıllı Telefon Siyah (outlet);18.803 TL
Camon30_12/256_Beyaz outlet 47064 Tecno Camon 30 12/256GB Akıllı Telefon Tuz Beyazı (outlet);11.999 TL
outlet 47060 Honor Pad X8a 2.4Ghz 4Gb 128Gb 11''-Android Tablet (outlet);4.888 TL
outlet 47057 Lenovo Idea Tab Pro 2.2Ghz 8Gb 256Gb 12.7inch' 3K- Android Tablet (outlet);15.199 TL
KILIFLI outlet 47055 Hometech Gtx Jaculus 2Ghz 8Gb 128Gb 10.4''Fhd 4G LTE Android Gaming Tablet (outlet);5.243 TL
outlet 47054 Lenovo Yoga Tab 11 2Ghz 4Gb 128Gb 11inch' 2K- Android Tablet (outlet);7.036 TL
outlet 47053 Lenovo Yoga Tab 11 2Ghz 4Gb 128Gb 11inch' 2K- Android Tablet (outlet);7.036 TL
ROG STRIX X670E-E GAMING WIFI outlet 47052 ASUS ROG STRIX X670E-E GAMING WIFI AMD X670 Soket AM5 DDR5 6400MHz(OC) Anakart (outlet);24.293 TL
PRIME Z890M-PLUS WIFI outlet 47051 ASUS PRIME Z890M-PLUS WIFI Intel Z890 Soket 1851 DDR5 8400Mhz (OC) M.2 Anakart (outlet);6.396 TL
outlet 47050 ASROCK A520M HVS AMD A520M Soket AM4 DDR4 4600MHz (OC) M.2 mATX Anakart (outlet);2.375 TL
H outlet 47049 GIGABYTE H810M H Intel H810M Soket 1851 DDR5 6400MHz(OC) M.2 Anakart (outlet);1.860 TL
PRO B650M-B outlet 47047 MSI PRO B650M-B AMD B650 Soket AM5 DDR5 6800MHz (OC) M.2 Anakart (outlet);3.759 TL
PRO H610M-E outlet 47046 MSI PRO H610M-E DDR5 INTEL H610 Soket 1700 5600MHz(OC) M.2 Anakart (outlet);2.727 TL
PRO outlet 47045 MSI A520M-A PRO Amd A520 Soket AM4 DDR4 4600 MHz(OC) M.2 Anakart (outlet);2.487 TL
PRO H610M-E DDR4 outlet 47044 MSI PRO H610M-E DDR4 Intel H610 Soket 1700 3200MHz(OC) M.2 Anakart (outlet);2.791 TL
outlet 47043 Sony PS5 Dualsense Kablosuz Kontrol Cihazı Chroma Teal (outlet);4.959 TL
outlet 47042 PHILIPS MG3720/15 3000 SERİSİ 7'Sİ1 ARADA ERKEK BAKIM KİTİ (outlet);1.032 TL
outlet 47041 Honor Choice Watch 2i Akıllı Saat Siyah (outlet);1.279 TL
outlet 47040 Honor Choice Watch 2i Akıllı Saat Siyah (outlet);1.279 TL
outlet 47039 Braun FS1000 Face Mini Tüy Alma Makinesi (outlet);1.039 TL
outlet 47038 PHILIPS NT3650/16 BURUN,KULAK VE KAŞ TÜYÜ DÜZELTİCİ (outlet);879 TL
outlet 47037 Honor Choice Watch 2i Akıllı Saat Siyah (outlet);1.279 TL
outlet 47036 TCL Movetime Family Watch MT46X Akıllı Saat Mavi (outlet);6.399 TL
outlet 47034 Braun FS1000 Face Mini Tüy Alma Makinesi (outlet);1.039 TL
outlet 47033 Huawei Watch GT6 46 mm Akıllı Saat Gri (outlet);7.599 TL
outlet 47031 TCL Onetouch 4022S Tuşlu Telefon Gray (outlet);2.799 TL
outlet 47030 TCL Movetime Family Watch MT46X Akıllı Saat Pembe (outlet);6.399 TL
outlet 47029 TCL Onetouch 4022S Tuşlu Telefon Gray (outlet);2.799 TL
outlet 47028 TCL Onetouch 4022S Tuşlu Telefon Gray (outlet);2.799 TL
outlet 47027 TCL Onetouch 4022S Tuşlu Telefon Gray (outlet);2.799 TL
Camon30_12/256_Siyah outlet 47026 Tecno Camon 30 12/256GB Akıllı Telefon Bazalt Siyah (outlet);11.999 TL
Camon30_12/256_Siyah outlet 47021 Tecno Camon 30 12/256GB Akıllı Telefon Bazalt Siyah (outlet);11.999 TL
Spark_40_8/256_Mavi outlet 47019 Tecno Spark 40 8/256GB Akıllı Telefon Mavi (outlet);11.199 TL
Y28_Yeşil outlet 47018 Vivo Y28 8/128 Gb Akıllı Telefon Metalik Yeşil (outlet);7.812 TL
Tecno_Vflip2_Gri outlet 47017 Tecno Phantom V Flip 2 8/256GB Akıllı Telefon Ay Tozu Gri (outlet);28.048 TL
outlet 47016 TCL Alcatel MT40X Movetime Çocuk Akıllı Saati Pembe (outlet);3.519 TL
outlet 47015 Honor Choice Watch 2i Akıllı Saat Siyah (outlet);1.279 TL
outlet 47014 TCL Movetime Family Watch MT46X Akıllı Saat Pembe (outlet);6.399 TL
outlet 47013 Xiaomi Redmi Watch 5 Active Gümüş (outlet);1.655 TL
BSWX3_Sarı outlet 47012 Bilicra Connect Akıllı Çocuk Saati - Görüntülü Görüşme Özellikli - Sarı (outlet);2.796 TL
outlet 47011 TCL Alcatel MT40X Movetime Çocuk Akıllı Saati Pembe (outlet);3.519 TL
BILICRA TTX1 outlet 47010 Bilicra TTX1 (Kameralı) Tuşlu Telefon Siyah (outlet);1.979 TL
outlet 47009 Xiaomi Redmi Note 14 Pro+ 5G 12+512 GB Mor Akıllı Telefon (outlet);20.799 TL
BILICRA TTX1 outlet 47008 Bilicra TTX1 (Kameralı) Tuşlu Telefon Siyah (outlet);1.979 TL
outlet 47007 Vivo V60 Lite 5G 12/256GB Akıllı Telefon Siyah (outlet);23.199 TL
outlet 47005 TCL MT42X Movetime Family Watch 2 Akıllı Saat Siyah/ Sarı (outlet);4.959 TL
outlet 47004 TCL Alcatel MT40X Movetime Çocuk Akıllı Saati Siyah (outlet);3.404 TL
outlet 47003 Honor Magic Pad 2 3Ghz 12Gb 256Gb 12.3 inç Android Tablet (outlet);22.589 TL
GAMING PLUS WIFI outlet 47002 MSI B650M GAMING PLUS WIFI AMD B650 Soket AM5 DDR5 7200MHz (OC) RGB M.2 Anakart (outlet);6.711 TL
H outlet 47001 GIGABYTE H810M H Intel H810M Soket 1851 DDR5 6400MHz(OC) M.2 Anakart (outlet);1.860 TL
outlet 47000 GIGABYTE B840M-D2H AMD B860M Soket AM5 DDR5 7600MHz(OC) M.2 Anakart (outlet);4.947 TL
PRO B650M-P outlet 46999 MSI PRO B650M-P AMD B650 Soket AM5 DDR5 6400MHz (OC) M.2 Anakart (outlet);4.682 TL
PRO B850M-G outlet 46998 MSI PRO B850M-G AMD B850 Soket AM5 DDR5 8200MHZ(OC) M.2 Anakart (outlet);5.631 TL
Realme C55_Gece Bulutu outlet 46997 Realme C55 (RMX3686) 6GB+128GB Gece Bulutu (outlet);5.680 TL
Realme C55_Gece Bulutu outlet 46992 Realme C55 (RMX3686) 6GB+128GB Gece Bulutu (outlet);4.721 TL
Realme C55_Gece Bulutu outlet 46990 Realme C55 (RMX3686) 6GB+128GB Gece Bulutu (outlet);4.721 TL
Realme C55_Gece Bulutu outlet 46989 Realme C55 (RMX3686) 6GB+128GB Gece Bulutu (outlet);4.721 TL
Realme C55_Gün Işığı outlet 46985 Realme C55 (RMX3686) 6GB+128GB Gün Işığı (outlet);4.721 TL
Realme C55_Gece Bulutu outlet 46982 Realme C55 (RMX3686) 6GB+128GB Gece Bulutu (outlet);4.721 TL
Realme C55_Gece Bulutu outlet 46981 Realme C55 (RMX3686) 6GB+128GB Gece Bulutu (outlet);4.721 TL
outlet 46976 Asus Zenbook S16 Oled Ryzen AI 7 350-16Gb-1Tb Ssd-16inc-W11 (outlet);49.004 TL
outlet 46975 Lenovo Legion 9 2.Nesil Core Ultra 9 275HX-RTX5090 24Gb-64Gb-2TbSsd-18inc-W11 (outlet);239.999 TL
outlet 46970 Lenovo LOQ 13.Nesil Core i7 13650HX-RTX5060 8Gb-24Gb-1Tb Ssd-15.6-W11 (outlet);63.999 TL
outlet 46968 Lenovo Ideapad 5 Snapdragon X Plus X1P-42-100-16Gb-512Gb Ssd-14inc-W11 (outlet);34.476 TL
outlet 46966 Lenovo Yoga Pro 7 Core Ultra 7 155H-RTX4050 6GB-16Gb-1Tb Ssd-14.5inc-W11 (outlet);68.548 TL
outlet 46963 Lenovo Yoga Pro 7 Core Ultra 7 155H-RTX4050 6GB-16Gb-1Tb Ssd-14.5inc-W11 (outlet);68.548 TL
outlet 46959 Lenovo Legion Pro 7 14.Nesil Core i9 14900HX-RTX4090 16Gb-32Gb-1Tb Ssd-16inc-W11 (outlet);155.820 TL
outlet 46958 Philips LatteGo EP5547/90 Tam Otomatik Espresso Makinesi (outlet);23.999 TL
Roborock S8 Pro Plus Beyaz outlet 46957 Roborock S8 Pro Plus Robot Süpürge Beyaz (outlet);22.399 TL
Roborock Q8 Max Pro Beyaz outlet 46956 Roborock Q8 Max Pro Robot Süpürge Beyaz (outlet);12.799 TL
outlet 46953 Samsung MG23DG4524ATTR Mikrodalga Fırın (Izgara + 23 Litre + Seramik İç Kaplama) (outlet);4.911 TL
HD 7301 outlet 46952 Philips HD 7301 Çaycı & Çay Makinesi (outlet);2.055 TL
"outlet 46951 ASUS 27"" TUF GAMING VG279QL3A 1Ms 180Hz FULL HD IPS GAMING MONITOR (outlet)";5.587 TL
"outlet 46950 ASUS 27"" PG27AQDM 0.03Ms 240HZ OLED 2K GAMING MONITOR (outlet)";26.485 TL
"outlet 46948 ASUS 27"" TUF GAMING VG279QL3A 1Ms 180Hz FULL HD IPS GAMING MONITOR (outlet)";5.587 TL
outlet 46947 Philips LatteGo EP5544/80 Tam Otomatik Espresso Makinesi (outlet);23.199 TL
outlet 46946 Philips FC9331/07 Power Pro City Toz Torbasız Elektrik Süpürgesi (outlet);4.719 TL
"outlet 46945 ASUS 27""ROG STRIX XG27UCS 1Ms 160Hz 4K GAMING MONITOR (outlet)";14.511 TL
"outlet 46944 ASUS 26,5"" ROG STRIX XG27AQDMG 0,03Ms 240Hz OLED GAMING MONITOR (outlet)";23.344 TL
"outlet 46941 ASUS 27"" TUF GAMING VG279QL3A 1Ms 180Hz FULL HD IPS GAMING MONITOR (outlet)";5.587 TL
"outlet 46940 ASUS 27"" TUF GAMING VG27AQML5A 0.3Ms 300Hz 2K IPS GAMING MONITOR (outlet)";13.039 TL
outlet 46939 MSI 24.5'' G255F 1Ms(GTG) 180Hz FHD IPS GAMING MONİTÖR (outlet);3.943 TL
outlet 46938 Vestel IS2000 Infrared Isıtıcı (outlet);1.212 TL
outlet 46937 Vestel IS2000 Infrared Isıtıcı (outlet);1.212 TL
Dyson Cinetic Big Ball Absolute 2 outlet 46936 Dyson Cinetic Big Ball Absolute 2 Kablolu Elektrik Süpürgesi (outlet);15.999 TL
Dyson Cinetic Big Ball Absolute 2 outlet 46935 Dyson Cinetic Big Ball Absolute 2 Kablolu Elektrik Süpürgesi (outlet);15.999 TL
outlet 46933 BROTHER DCP-T536DW ÇOK FONKSİYONLU DUBLEKS KABLOSUZ MÜREKKEP TANKLI YAZICI (outlet);7.039 TL
outlet 46932 HP SMART TANK 580 ÇOK FONKSİYONLU KABLOSUZ MÜREKKEP TANKLI YAZICI (outlet);6.079 TL
"outlet 46929 ASUS 27"" ROG STRIX XG27ACS 1Ms 180Hz 2K IPS GAMING MONITOR (outlet)";8.512 TL
outlet 46926 BROTHER DCP-T430W ÇOK FONKSİYONLU KABLOSUZ MÜREKKEP TANKLI YAZICI (outlet);5.839 TL
outlet 46925 Electrolux WET 800 Şarjlı Islak & Kuru Dikey Süpürge (outlet);13.653 TL
PRIME B850M-K outlet 46851 ASUS PRIME B850M-K AMD B850 Soket AM5 DDR5 8400MHz(OC) M.2 Anakart (outlet);6.183 TL
PRO B650M-E outlet 46850 MSI PRO B650M-E AMD B650 Soket AM5 DDR5 6800MHz (OC) M.2 Anakart (outlet);3.527 TL
PRIME A620M-K outlet 46848 ASUS PRIME A620M-K 6400MHz(OC) DDR5 Soket AM5 M.2 HDMI VGA mATX Anakart (outlet);3.663 TL
PRIME A620M-K outlet 46847 ASUS PRIME A620M-K 6400MHz(OC) DDR5 Soket AM5 M.2 HDMI VGA mATX Anakart (outlet);3.663 TL
PRIME B650M-R outlet 46846 ASUS PRIME B650M-R AMD B650M Soket AM5 mATX DDR5 7000MHz (OC) M.2 Anakart (outlet);4.359 TL
PRIME B650M-R outlet 46844 ASUS PRIME B650M-R AMD B650M Soket AM5 mATX DDR5 7000MHz (OC) M.2 Anakart (outlet);4.359 TL
ROG STRIX Z890-H GAMING WIFI outlet 46843 ASUS ROG STRIX Z890-H GAMING WIFI Intel Z890 Soket 1851 DDR5 9066Mhz (OC) M.2 Anakart (outlet);17.847 TL
PRIME B850M-K outlet 46842 ASUS PRIME B850M-K AMD B850 Soket AM5 DDR5 8400MHz(OC) M.2 Anakart (outlet);6.183 TL
PRO A620M-E outlet 46841 MSI PRO A620M-E AMD A620 AM5 DDR5 6800MHz mATX Anakart (outlet);3.090 TL
PRIME H610M-K D4 ARGB outlet 46840 ASUS PRIME H610M-K D4 ARGB Intel H610 LGA1700 DDR4 3200 HDMI M.2 Anakart (outlet);3.327 TL
outlet 46836 ELECTROLUX E6TB1-6ST EXPLORE 6 SMOOTHIE BLENDER (outlet);2.934 TL
HD 7301 outlet 46835 Philips HD 7301 Çaycı & Çay Makinesi (outlet);2.055 TL
outlet 46834 HP DESKJET INK ADVANTAGE ULTRA 4927 ÇOK FONKSİYONLU KABLOSUZ MÜREKKEP YAZICI (outlet);2.805 TL
outlet 46833 Philips HR1832/00 Viva Collection Katı Meyve Sıkacağı (outlet);3.199 TL
HD 7301 outlet 46832 Philips HD 7301 Çaycı & Çay Makinesi (outlet);2.055 TL
outlet 46828 PHILIPS HR3030/00 PROBLEND CAM HAZNELİ SMOOTHIE BLENDER (1200 W.) (outlet);3.706 TL
outlet 46826 ELECTROLUX E4CB1-6ST SMOOTHIE SPOR BLENDER (KAHVE ÖĞÜTÜCÜLÜ) (outlet);2.029 TL
outlet 46818 Philips XB9145/07 Marathon Ultimate Toz Torbasız Süpürge (outlet);10.458 TL
outlet 46816 Philips PSG8030/20 PerfectCare 8000 Serisi Buhar Kazanlı Ütü (outlet);11.317 TL
outlet 46815 Philips PSG6024/30 PerfectCare 6000 Serisi Buhar Kazanlı Ütü (outlet);8.479 TL
outlet 46814 Philips LatteGo EP5544/80 Tam Otomatik Espresso Makinesi (outlet);23.199 TL
outlet 46812 Philips PSG6042/20 PerfectCare 6000 Serisi Kazanlı Ütü (outlet);8.879 TL
outlet 46808 EPSON ECOTANK L3251 ÇOK FONKSİYONLU KABLOSUZ MÜREKKEP TANKLI YAZICI (outlet);6.159 TL
outlet 46807 EPSON ECOTANK L3251 ÇOK FONKSİYONLU KABLOSUZ MÜREKKEP TANKLI YAZICI (outlet);6.159 TL
outlet 46806 EPSON ECOTANK L14150 ÇOK FONKSİYONLU FAKS/ADF /DUBLEKS/A3 KABLOSUZ MÜREKKEP TANKLI YAZICI (outlet);25.599 TL
V50i Pro outlet 46802 Navee V50i Pro 700W Elektrikli Scooter (outlet);15.999 TL
outlet 46799 TCL 55C6K 55inc 139 cm QD Miniled 4K UHD Google TV,Uydu Alıcılı (outlet);39.199 TL
outlet 46798 TCL 55C6K 55inc 139 cm QD Miniled 4K UHD Google TV,Uydu Alıcılı (outlet);39.199 TL
outlet 46797 TCL 55C6K 55inc 139 cm QD Miniled 4K UHD Google TV,Uydu Alıcılı (outlet);39.199 TL
outlet 46796 SAMSUNG QE 55QN70F 55inc 138 cm 4K UHD Smart Neo QLED TV,Uydu Alıcılı (outlet);44.063 TL
outlet 46794 TCL 55C6K 55inc 139 cm QD Miniled 4K UHD Google TV,Uydu Alıcılı (outlet);39.199 TL
outlet 46793 SAMSUNG UE 55U8000 55inc 138 cm 4K UHD Smart TV,Uydu Alıcılı (outlet);25.559 TL
outlet 46791 SAMSUNG UE 43U8000 43inc 108 cm 4K UHD Smart TV,Uydu Alıcılı (outlet);18.647 TL
outlet 46789 SAMSUNG QE 65QN70F 65inc 163 cm 4K UHD Smart Neo QLED TV,Uydu Alıcılı (outlet);54.799 TL
outlet 46704 TUNCMATIK LITE II 650VA LINE INTERACTIVE UPS (outlet);2.311 TL
outlet 46703 TUNCMATIK ECONOMY 600VA LINE INTERACTIVE UPS (outlet);2.007 TL
outlet 46702 APPLE MQLY3TU/A KALEM 1. NESİL (outlet);3.012 TL
outlet 46701 Apple Pencil Pro (outlet);5.759 TL
outlet 46699 Apple EarPods USB-C Kablolu Kulak İçi Kulaklık (outlet);650 TL
outlet 46698 LOGITECH M171 KABLOSUZ MOUSE-BEYAZ (outlet);383 TL
outlet 46697 Xiaomi Redmi Buds 6 Play TWS Kulak İçi Bluetooth Kulaklık - Mavi (outlet);480 TL
outlet 46696 Samsung Galaxy Buds Core Kulak İçi Kablosuz - Beyaz (outlet);1.350 TL
outlet 46694 JBL Tune Buds2 ANC Bluetooth Kulak İçi TWS Kulaklık - Beyaz (outlet);2.631 TL
outlet 46693 JBL Tune Buds2 ANC Bluetooth Kulak İçi TWS Kulaklık - Siyah (outlet);2.631 TL
outlet 46692 Huawei Freebuds 7i TWS Bluetooth Kulak İçi Kulaklık - Beyaz (outlet);3.279 TL
outlet 46691 Anker Soundcore H30i Kulak Üstü Bluetooth Kulaklık - Kırmızı (outlet);1.051 TL
outlet 46690 JBL C100SI Mikrofonlu Kablolu Kulak İçi Kulaklık - Siyah (outlet);463 TL
outlet 46689 JBL C100SI Mikrofonlu Kablolu Kulak İçi Kulaklık - Siyah (outlet);463 TL
outlet 46688 Xiaomi Redmi Buds 6 Pro ANC TWS Kulak İçi Bluetooth Kulaklık - Cam Beyaz (outlet);2.604 TL
outlet 46687 HUAWEI Freebuds SE 3 Bluetooth Kablosuz Kulak İçi Kulaklık - Seramik Bej (outlet);1.439 TL
outlet 46686 Xiaomi Redmi Buds 6 Play TWS Bluetooth Kulak İçi Kulaklık - Beyaz (outlet);551 TL
outlet 46685 HUAWEI Freebuds SE 4 ANC Bluetooth Kablosuz Kulak İçi Kulaklık - Beyaz (outlet);1.719 TL
outlet 46684 Xiaomi Redmi Buds 6 Play TWS Kulak İçi Bluetooth Kulaklık - Mavi (outlet);480 TL
outlet 46677 MacBook Pro MX2G3TU/A M4 Max 36Gb-1Tb Ssd-Liquid Retina-14inc-Silver (outlet);139.999 TL
outlet 46675 Apple iPhone 17 Pro için MagSafe özellikli Kılıf - Şeffaf (outlet);1.999 TL
outlet 46674 Apple iPhone 17 için MagSafe özellikli Kılıf - Şeffaf (outlet);1.999 TL
outlet 46673 Apple iPhone 15 Clear Case with MagSafe Şeffaf (outlet);1.783 TL
outlet 46672 Apple iPhone 15 Clear Case with MagSafe Şeffaf (outlet);1.783 TL
outlet 46670 Apple iPhone 16e Silikon Kılıf - Siyah (outlet);1.103 TL
MAVİ outlet 46669 Oral-B Pro 1 Serisi Mavi Şarj Edilebilir Diş Fırçası (outlet);1.505 TL
MAVİSİ outlet 46668 NIIMBOT B1 TAŞINABİLİR KABLOSUZ ETİKET YAZICI (Göl Mavisi) (outlet);1.279 TL
outlet 46667 Infinix XW3 Akıllı Saat Siyah (outlet);1.359 TL
outlet 46665 Infinix Hot 50 Pro Plus 8GB/256GB Akıllı Telefon Rüya Moru (outlet);11.945 TL
Pova6Pro_12/256GB_Gri outlet 46662 Tecno Pova 6 Pro 12/256GB Akıllı Telefon Gri (outlet);15.979 TL
Camon40_Pro_12/256_Beyaz outlet 46661 Tecno Camon 40 Pro 5G 12/256GB Akıllı Telefon Buzul Beyazı (outlet);22.399 TL
Camon30_5G_12/512_Beyaz outlet 46659 Tecno Camon 30 5G 12/512GB Akıllı Telefon Tuz Beyazı (outlet);14.994 TL
outlet 46658 Oppo Reno14F 5G 12/256 GB Akıllı Telefon Opal Mavi (outlet);24.799 TL
outlet 46639 TCL Onetouch 4022S Tuşlu Telefon Gray (outlet);2.799 TL
outlet 46638 TCL Onetouch 4022S Tuşlu Telefon Gray (outlet);2.799 TL
outlet 46637 Vivo V30lite (8+256) Akıllı Telefon Mercan Siyahı (outlet);11.700 TL
V29_Siyah outlet 46635 Vivo V29lite 5G (8+256) Akıllı Telefon Siyah Elmas Işıltısı (outlet);13.298 TL
outlet 46632 Vivo V60 Lite 8/256GB Akıllı Telefon Mavi (outlet);15.999 TL
outlet 46631 TCL Onetouch 4022S Tuşlu Telefon Gray (outlet);2.799 TL
outlet 46630 TCL Onetouch 4022S Tuşlu Telefon Gray (outlet);2.799 TL
outlet 46629 TCL Onetouch 4022S Tuşlu Telefon Gray (outlet);2.799 TL
outlet 46628 TCL Onetouch 4022S Tuşlu Telefon Gray (outlet);2.799 TL
outlet 46627 TCL Onetouch 4022S Tuşlu Telefon Gray (outlet);2.799 TL
outlet 46626 TCL Onetouch 4022S Tuşlu Telefon Gray (outlet);2.799 TL
outlet 46624 TCL Onetouch 4022S Tuşlu Telefon Gray (outlet);2.799 TL
outlet 46623 TCL Onetouch 4022S Tuşlu Telefon Gray (outlet);2.799 TL
outlet 46622 TCL Onetouch 5023 Tuşlu Telefon Volcano Black (outlet);3.599 TL
V30_Beyaz outlet 46620 Vivo V30 12/256 Gb Akıllı Telefon Beyaz (outlet);18.396 TL
Spark_Go1_Siyah outlet 46619 Tecno Spark Go1 4/128 GB Akıllı Telefon Siyah (outlet);6.169 TL
outlet 46617 Vivo V60 Lite 5G 12/256GB Akıllı Telefon Siyah (outlet);23.199 TL
outlet 46615 TCL Onetouch 4022S Tuşlu Telefon Gray (outlet);2.799 TL
PRO H610M-E DDR4 outlet 46613 MSI PRO H610M-E DDR4 Intel H610 Soket 1700 3200MHz(OC) M.2 Anakart (outlet);2.791 TL
PRIME A620M-K outlet 46612 ASUS PRIME A620M-K 6400MHz(OC) DDR5 Soket AM5 M.2 HDMI VGA mATX Anakart (outlet);3.663 TL
PRIME A620M-K outlet 46611 ASUS PRIME A620M-K 6400MHz(OC) DDR5 Soket AM5 M.2 HDMI VGA mATX Anakart (outlet);3.663 TL
TUF GAMING B850M-PLUS WIFI7 outlet 46610 ASUS TUF GAMING B850M-PLUS WIFI7 B850 Soket AM5 DDR5 8000MHz(OC) M.2 Anakart (outlet);10.135 TL
PRO H610M-E DDR4 outlet 46609 MSI PRO H610M-E DDR4 Intel H610 Soket 1700 3200MHz(OC) M.2 Anakart (outlet);2.791 TL
outlet 46600 Acer Nitro 5 12.Nesil Core i5 12500H-RTX3050 4Gb-8Gb-512Gb Ssd-15.6inc-W11 (outlet);24.101 TL
V_Fold2_Yeşil outlet 46594 Tecno Phantom V Fold 2 12/512GB Akıllı Telefon Karst Yeşil (outlet);42.857 TL
outlet 46569 Lenovo LOQ 13.Nesil Core i7 13700HX-RTX5060 8Gb-32Gb-1Tb Ssd-17.3inc-W11 (outlet);66.078 TL
"outlet 46555 ASUS 23,8"" TUF GAMING VG249Q5R 0.3Ms 200Hz FULL HD IPS GAMING MONITOR (outlet)";4.183 TL
"outlet 46554 ASUS 27"" TUF GAMING VG27AQM5A 0.3Ms 300Hz QHD IPS GAMING MONITOR (outlet)";11.199 TL
"outlet 46550 ASUS 27""ROG STRIX XG27UCS 1Ms 160Hz 4K GAMING MONITOR (outlet)";14.511 TL
"outlet 46543 ASUS 27""ROG STRIX XG27UCS 1Ms 160Hz 4K GAMING MONITOR (outlet)";14.511 TL
"outlet 46542 ASUS 27"" TUF GAMING VG279QL3A 1Ms 180Hz FULL HD IPS GAMING MONITOR (outlet)";5.214 TL
"outlet 46541 ASUS 27""ROG STRIX XG27UCS 1Ms 160Hz 4K GAMING MONITOR (outlet)";14.511 TL
PRO MP251 outlet 46533 MSI 24.5'' PRO MP251 1 Ms(MPRT) 100Hz 1MS(MPRT) FHD IPS MONİTÖR (outlet);3.311 TL
"outlet 46532 ASUS 23,8"" TUF GAMING VG249Q5R 0.3Ms 200Hz FULL HD IPS GAMING MONITOR (outlet)";4.183 TL
outlet 46529 SAMSUNG QE 55QN70F 55inc 138 cm 4K UHD Smart Neo QLED TV,Uydu Alıcılı (outlet);44.063 TL
outlet 46528 SAMSUNG QE 55Q7F5 55inc 138 cm 4K UHD Smart QLED TV,Uydu Alıcılı (outlet);31.535 TL
outlet 46513 Xiaomi Redmi Buds 6 Play TWS Bluetooth Kulak İçi Kulaklık - Siyah (outlet);551 TL
outlet 46512 HUAWEI Freebuds SE 2 Bluetooth Kablosuz Kulak İçi Kulaklık - Seramik Beyaz (outlet);1.124 TL
outlet 46511 Xiaomi Redmi Buds 8 Lite ANC TWS Kulak İçi Bluetooth Kulaklık - Siyah (outlet);1.199 TL
outlet 46510 PHILIPS HR2291/41 3000 SERİSİ SÜRAHİ TİP BLENDER (CAM HAZNE - 600 WATT) (outlet);2.504 TL
outlet 46500 Kingjoy M080 Ayarlanabilir Tripod ve Selfie Çubuğu (47.5cm - 176.5cm) (outlet);909 TL
outlet 46499 PHILIPS BHA530/00 HAVA ÜFLEMELİ İYONLU 5'İ 1 ARADA SAÇ ŞEKİLLENDİRİCİ (outlet);3.359 TL
outlet 46498 Remington S5505 Pro Ceramic Ultra Saç Düzleştirici (outlet);1.766 TL
outlet 46493 Xiaomi Redmi Watch 5 Active Gümüş (outlet);1.313 TL
outlet 46492 Xiaomi Redmi Watch 5 Lite Altın (outlet);2.099 TL
outlet 46491 Xiaomi Redmi Watch 5 Active Gümüş (outlet);1.313 TL
BSWX3_Pembe outlet 46488 Bilicra Connect Akıllı Çocuk Saati - Görüntülü Görüşme Özellikli - Pembe (outlet);5.599 TL
outlet 46487 HUAWEI BAND 10 SİYAH (outlet);1.105 TL
outlet 46485 Xiaomi Redmi Watch 5 Active Gümüş (outlet);1.313 TL
outlet 46484 TCL Movetime Family Watch MT46X Akıllı Saat Pembe (outlet);6.399 TL
outlet 46482 Philips BHS375/00 Essential Thermoprotect Saç Düzleştirici (outlet);1.399 TL
outlet 46476 Hp Pavilion Plus Evo 14-eh1000nt 13.Nesil Core i5 1340P-16Gb-512Ssd-14inc-W11 Notebook (outlet);31.688 TL
outlet 46473 Lenovo LOQ 12.Nesil Core i5 12600HX-RTX3050 6Gb-8Gb-512Gb Ssd-15.6-W11 (outlet);31.999 TL
outlet 46470 Acer Nitro V 15 13.Nesil Core i7 13620H-RTX5060 8Gb-16Gb-512Gb Ssd-15.6inc-W11 (outlet);51.679 TL
outlet 46463 Lenovo LOQ 12.Nesil Core i5 12600HX-RTX3050 6Gb-8Gb-512Gb Ssd-15.6-W11 (outlet);31.999 TL
outlet 46458 Asus Vivobook S14 Oled Ryzen AI 7 350-16Gb-1Tb Ssd-14inc-W11 (outlet);34.189 TL
outlet 46456 Acer Nitro V 15 13.Nesil Core i7 13620H-RTX5060 8Gb-16Gb-512Gb Ssd-15.6inc-W11 (outlet);51.679 TL
outlet 46434 SAMSUNG QE 85QN70F 85inc 214 cm 4K UHD Smart Neo QLED TV,Uydu Alıcılı (outlet);82.583 TL
outlet 46418 HP SMART TANK 585 ÇOK FONKSİYONLU KABLOSUZ MÜREKKEP TANKLI YAZICI (outlet);5.652 TL
outlet 46417 PHILIPS HR2695/01 5000 SERİSİ EL BLENDER SETİ (outlet);2.961 TL
Roborock S8 Pro Plus Beyaz outlet 46408 Roborock S8 Pro Plus Robot Süpürge Beyaz (outlet);22.399 TL
outlet 46396 Anker Soundcore Life P3 Tws Kablosuz Bluetooth Kulaklık - Beyaz (outlet);2.574 TL
outlet 46395 Apple MUWA3ZE/A Kalem (USB-C) (outlet);3.071 TL
outlet 46394 Apple AirPods 4 Aktif Gürültü Engelleme Özellikli Bluetooth Kulaklık (outlet);7.839 TL
outlet 46392 Anker Soundcore H30i Kulak Üstü Bluetooth Kulaklık - Kırmızı (outlet);1.051 TL
outlet 46391 Anker Soundcore Space One Kulak Üstü Bluetooth Kulaklık - Siyah (outlet);3.216 TL
outlet 46390 Anker Soundcore Space One Kulak Üstü Bluetooth Kulaklık - Siyah (outlet);3.216 TL
outlet 46389 Microsoft Xbox Wireless Oyun Kumanda (Siyah) (outlet);3.032 TL
outlet 46387 Anker Soundcore K20i Kulak İçi Bluetooth Kulaklık - Siyah (outlet);879 TL
outlet 46386 Anker Soundcore H30i Kulak Üstü Bluetooth Kulaklık - Siyah (outlet);1.313 TL
outlet 46385 Anker Soundcore H30i Kulak Üstü Bluetooth Kulaklık - Kırmızı (outlet);1.051 TL
outlet 46384 Anker Soundcore A25i TWS Bluetooth Kablosuz Kulaklık - Siyah (outlet);799 TL
outlet 46383 Anker Soundcore DOT 3i Tws Hibrit NC Kablosuz Kulak İçi Kulaklık - Siyah (outlet);1.720 TL
outlet 46382 HUAWEI Freebuds SE 2 Bluetooth Kablosuz Kulak İçi Kulaklık - Seramik Beyaz (outlet);1.124 TL
outlet 46378 JBL Tune 570BT Bluetooth Kulak Üstü Kulaklık - Siyah (outlet);1.114 TL
outlet 46377 JBL Tune 570BT Bluetooth Kulak Üstü Kulaklık - Siyah (outlet);1.114 TL
outlet 46376 JBL Tune 510BT Multi Connect Kablosuz Kulak Üstü Kulaklık - Siyah (outlet);1.359 TL
outlet 46375 JBL Tune 570BT Bluetooth Kulak Üstü Kulaklık - Siyah (outlet);1.114 TL
outlet 46374 JBL Tune 720Bt Kablosuz Bluetooth Kulak Üstü Kulaklık - Siyah (outlet);1.440 TL
outlet 46373 JBL Tune 570BT Bluetooth Kulak Üstü Kulaklık - Siyah (outlet);1.114 TL
outlet 46372 JBL Tune 570BT Bluetooth Kulak Üstü Kulaklık - Siyah (outlet);1.114 TL
outlet 46371 JBL Tune Buds2 ANC Bluetooth Kulak İçi TWS Kulaklık- Turkuaz (outlet);2.631 TL
outlet 46370 JBL Wave Beam2 Kablosuz Kulak İçi Bluetooth Kulaklık - Mavi (outlet);2.279 TL
outlet 46369 JBL Tune Buds2 ANC Bluetooth Kulak İçi TWS Kulaklık - Beyaz (outlet);2.631 TL
outlet 46368 JBL Wave Beam2 Kablosuz Kulak İçi Bluetooth Kulaklık - Siyah (outlet);2.775 TL
outlet 46367 JBL Tune 570BT Bluetooth Kulak Üstü Kulaklık - Siyah (outlet);1.114 TL
outlet 46366 JBL Tune Flex2 NC Bluetooth TWS Kulak İçi Kulaklık - Ghost Beyaz (outlet);3.191 TL
outlet 46365 JBL C100SI Mikrofonlu Kablolu Kulak İçi Kulaklık - Siyah (outlet);463 TL
outlet 46362 JBL Tune Flex2 NC Bluetooth TWS Kulak İçi Kulaklık - Ghost Beyaz (outlet);3.191 TL
outlet 46361 JBL Tune Flex2 NC Bluetooth TWS Kulak İçi Kulaklık - Ghost Siyah (outlet);3.191 TL
outlet 46360 JBL Tune Flex2 NC Bluetooth TWS Kulak İçi Kulaklık - Ghost Beyaz (outlet);3.191 TL
outlet 46359 JBL Wave Beam2 Kablosuz Kulak İçi Bluetooth Kulaklık - Siyah (outlet);2.775 TL
outlet 46358 JBL Tune 160 Kablolu Kulakiçi Kulaklık - Beyaz (outlet);276 TL
outlet 46357 JBL Tune 160 Kablolu Kulakiçi Kulaklık - Siyah (outlet);290 TL
outlet 46356 JBL Wave Beam2 Kablosuz Kulak İçi Bluetooth Kulaklık - Siyah (outlet);2.775 TL
outlet 46355 JBL Live Beam 3 Kablosuz Kulak İçi Kulaklık - Gümüş (outlet);9.559 TL
outlet 46354 JBL Wave Buds2 Kablosuz Kulakiçi Kulaklık- Siyah (outlet);2.159 TL
outlet 46353 JBL Tune Flex2 NC Bluetooth TWS Kulak İçi Kulaklık - Siyah (outlet);3.191 TL
outlet 46351 JBL Tune Beam2 ANC Kulakiçi Bluetooth Kulaklık - Ghost Siyah (outlet);3.999 TL
outlet 46350 JBL Wave Beam2 Kablosuz Kulak İçi Bluetooth Kulaklık - Siyah (outlet);2.775 TL
outlet 46349 JBL Endurance Peak III TWS Kablosuz Kulaklık - Siyah (outlet);3.455 TL
outlet 46348 JBL Wave Beam2 Kablosuz Kulak İçi Bluetooth Kulaklık - Siyah (outlet);2.775 TL
outlet 46347 JBL Tune 160 Kablolu Kulakiçi Kulaklık - Siyah (outlet);290 TL
outlet 46346 JBL Tune 160 Kablolu Kulakiçi Kulaklık - Siyah (outlet);290 TL
outlet 46345 JBL C100SI Mikrofonlu Kablolu Kulak İçi Kulaklık - Siyah (outlet);463 TL
outlet 46344 JBL C100SI Mikrofonlu Kablolu Kulak İçi Kulaklık - Siyah (outlet);463 TL
outlet 46343 JBL C100SI Mikrofonlu Kablolu Kulak İçi Kulaklık - Siyah (outlet);463 TL
outlet 46342 JBL Tune 160 Kablolu Kulakiçi Kulaklık - Siyah (outlet);290 TL
outlet 46341 JBL Tune Flex2 NC Bluetooth TWS Kulak İçi Kulaklık - Ghost Siyah (outlet);3.191 TL
outlet 46340 JBL Wave Beam2 Kablosuz Kulak İçi Bluetooth Kulaklık - Siyah (outlet);2.775 TL
outlet 46339 JBL Wave Beam2 Kablosuz Kulak İçi Bluetooth Kulaklık - Siyah (outlet);2.775 TL
outlet 46338 JBL Tune Flex2 NC Bluetooth TWS Kulak İçi Kulaklık - Ghost Mor (outlet);3.191 TL
outlet 46337 JBL Tune Flex2 NC Bluetooth TWS Kulak İçi Kulaklık - Ghost Siyah (outlet);3.191 TL
outlet 46336 JBL Wave Beam2 Kablosuz Kulak İçi Bluetooth Kulaklık - Siyah (outlet);2.775 TL
outlet 46335 JBL Wave Beam2 Kablosuz Kulak İçi Bluetooth Kulaklık - Mavi (outlet);2.279 TL
outlet 46334 JBL C100SI Mikrofonlu Kablolu Kulak İçi Kulaklık - Siyah (outlet);463 TL
outlet 46333 JBL C100SI Mikrofonlu Kablolu Kulak İçi Kulaklık - Siyah (outlet);463 TL
outlet 46332 JBL Tune Beam2 ANC Kablosuz Kulak İçi Bluetooth Kulaklık - Ghost Mor (outlet);2.577 TL
outlet 46331 JBL Tune Beam2 ANC Kablosuz Kulak İçi Bluetooth Kulaklık - Ghost Mor (outlet);2.577 TL
outlet 46330 JBL Tune 310C USB-C Kablolu Kulakiçi Kulaklık - Siyah (outlet);951 TL
outlet 46329 JBL C100SI Mikrofonlu Kablolu Kulak İçi Kulaklık - Siyah (outlet);463 TL
outlet 46328 JBL Endurance Peak III TWS Kablosuz Kulaklık - Siyah (outlet);3.455 TL
outlet 46327 JBL Tune Flex2 NC Bluetooth TWS Kulak İçi Kulaklık - Ghost Siyah (outlet);3.191 TL
outlet 46326 JBL Tune 160 Kablolu Kulakiçi Kulaklık - Beyaz (outlet);276 TL
outlet 46325 JBL Wave Beam2 Kablosuz Kulak İçi Bluetooth Kulaklık - Siyah (outlet);2.775 TL
outlet 46324 JBL Tune 310C USB-C Kablolu Kulakiçi Kulaklık - Beyaz (outlet);951 TL
outlet 46323 JBL C100SI Mikrofonlu Kablolu Kulak İçi Kulaklık - Siyah (outlet);463 TL
outlet 46322 JBL Tune 160 Kablolu Kulakiçi Kulaklık - Siyah (outlet);290 TL
outlet 46321 JBL C100SI Mikrofonlu Kablolu Kulak İçi Kulaklık - Siyah (outlet);463 TL
outlet 46320 JBL Tune 160 Kablolu Kulakiçi Kulaklık - Siyah (outlet);290 TL
outlet 46319 JBL C100SI Mikrofonlu Kablolu Kulak İçi Kulaklık - Siyah (outlet);463 TL
outlet 46318 JBL Tune Flex2 NC Bluetooth TWS Kulak İçi Kulaklık - Ghost Siyah (outlet);3.191 TL
outlet 46317 JBL Wave Buds2 Kablosuz Kulakiçi Kulaklık- Siyah (outlet);2.159 TL
outlet 46316 JBL C100SI Mikrofonlu Kablolu Kulak İçi Kulaklık - Siyah (outlet);463 TL
outlet 46301 HUAWEI Freebuds SE 3 Bluetooth Kablosuz Kulak İçi Kulaklık - Seramik Bej (outlet);1.439 TL
outlet 46300 Anker Soundcore Note 3i Tws Kablosuz Bluetooth Kulak İçi Kulaklık - Beyaz (outlet);2.159 TL
outlet 46299 Anker Soundcore Note 3i Tws Kablosuz Bluetooth Kulak İçi Kulaklık - Beyaz (outlet);2.159 TL
outlet 46298 Anker Soundcore V20i TWS Kulak İçi Bluetooth Kulaklık - Beyaz (outlet);1.068 TL
outlet 46297 Anker Soundcore V20i TWS Kulak İçi Bluetooth Kulaklık - Beyaz (outlet);1.068 TL
outlet 46296 Anker Soundcore Note 3i Tws Kablosuz Bluetooth Kulak İçi Kulaklık - Siyah (outlet);2.060 TL
outlet 46295 Anker Soundcore K20i Kulak İçi Bluetooth Kulaklık - Siyah (outlet);879 TL
outlet 46293 LOGITECH MK470 KABLOSUZ KLAVYE MOUSE SET (outlet);1.967 TL
outlet 46292 LOGITECH MK235 KABLOSUZ KLAVYE MOUSE SET-GRİ (outlet);887 TL
BEYAZ outlet 46291 A4TECH FB35C 2400 DPI BLUETOOTH OPTİK KABLOSUZ MOUSE-BEYAZ (outlet);572 TL
outlet 46290 LOGITECH M171 KABLOSUZ MOUSE-PEMBE (outlet);383 TL
outlet 46289 LOGITECH M171 KABLOSUZ MOUSE-AÇIK MAVİ (outlet);383 TL
outlet 46288 SAMSUNG EP-T2510N Type C Hızlı Şarj Adaptörü 25W- Beyaz (outlet);695 TL
outlet 46281 Apple İphone 16 Pro Max MagSafe Silikon Kılıf - Siyah (outlet);1.702 TL
outlet 46279 Apple MUQ93ZM/A USB-C To Lightning Kablo - 1M (outlet);695 TL
BSWX3_Siyah outlet 46278 Bilicra Connect Akıllı Çocuk Saati - Görüntülü Görüşme Özellikli - Siyah (outlet);5.599 TL
outlet 46275 Stanley Klasik Vakumlu Paslanmaz Çelik Termos 1.9 lt (Siyah) (outlet);2.879 TL
Tecno_watch_3_Siyah outlet 46274 Tecno Watch 3 Active Siyah (outlet);7.999 TL
Tecno_watch_3_Siyah outlet 46273 Tecno Watch 3 Active Siyah (outlet);7.999 TL
outlet 46272 TCL Movetime Family Watch MT46X Akıllı Saat Mavi (outlet);6.399 TL
BSWX3_Kırmızı outlet 46270 Bilicra Connect Akıllı Çocuk Saati - Görüntülü Görüşme Özellikli - Kırmızı (outlet);2.796 TL
BSWX4_Pembe outlet 46259 Bilicra Round Akıllı Çocuk Saati - Pembe (outlet);4.439 TL
BSWX3_Sarı outlet 46258 Bilicra Connect Akıllı Çocuk Saati - Görüntülü Görüşme Özellikli - Sarı (outlet);2.796 TL
BSWX3_Sarı outlet 46257 Bilicra Connect Akıllı Çocuk Saati - Görüntülü Görüşme Özellikli - Sarı (outlet);2.796 TL
BSWX3_Kırmızı outlet 46256 Bilicra Connect Akıllı Çocuk Saati - Görüntülü Görüşme Özellikli - Kırmızı (outlet);2.796 TL
BSWX3_Kırmızı outlet 46255 Bilicra Connect Akıllı Çocuk Saati - Görüntülü Görüşme Özellikli - Kırmızı (outlet);2.796 TL
BSWX3_Siyah outlet 46254 Bilicra Connect Akıllı Çocuk Saati - Görüntülü Görüşme Özellikli - Siyah (outlet);5.599 TL
outlet 46249 Stanley The IceFlow™ Bottle Twist Flip 0.7L / 24oz Violet Blossom (outlet);1.483 TL
outlet 46248 Stanley The AeroLight™ Transit Mug 0.47L / 16oz Ash (Gri) (outlet);1.216 TL
outlet 46247 Stanley The AeroLight Transit Mug 0.60 Lt (Rose Quartz) (outlet);1.580 TL
outlet 46246 Stanley The AeroLight Transit Mug 0.60L / 20oz Black 2.0 (outlet);1.599 TL
outlet 46245 Stanley The AeroLight™ Transit Mug .0.47L / 16oz Twilight (Alacakaranlık) (outlet);1.364 TL
outlet 46244 Stanley The AeroLight Transit Mug 0.47 Lt Cream (Krem) (outlet);1.217 TL
outlet 46242 Stanley The AeroLight™ Transit Mug 0.47L / 16oz Ash (Gri) (outlet);1.216 TL
outlet 46241 Stanley The AeroLight™ Transit Mug 0.47L / 16oz Ash (Gri) (outlet);1.216 TL
outlet 46240 Braun Silk-Epil 1 SE1000 Epilasyon Cihazı (outlet);1.039 TL
outlet 46239 Philips MG3930/15 Erkek Bakım Seti (outlet);1.071 TL
outlet 46237 Babyliss MT996E Super X Metal 15 Başlıklı Lityum Yüz & Vücut Bakım Kiti (outlet);5.027 TL
outlet 46216 SAMSUNG QE 55QN70F 55inc 138 cm 4K UHD Smart Neo QLED TV,Uydu Alıcılı (outlet);44.063 TL
outlet 46213 TCL 65P8K 65inc 165 cm 4K UHD 144 Hz Google Smart QLED TV,Uydu Alıcılı (outlet);43.999 TL
outlet 46212 SAMSUNG QE 77S95F 77inc 195 cm 4K UHD Smart OLED TV,Uydu Alıcılı (outlet);177.551 TL
outlet 46210 SAMSUNG UE 43U8000 43inc 108 cm 4K UHD Smart TV,Uydu Alıcılı (outlet);17.659 TL
outlet 46208 SAMSUNG UE 43U8000 43inc 108 cm 4K UHD Smart TV,Uydu Alıcılı (outlet);17.659 TL
outlet 46207 SAMSUNG UE 32H5000 32inc 80 cm HD Smart TV,Uydu Alıcılı (outlet);9.903 TL
outlet 46204 SAMSUNG QE 65QN70F 65inc 163 cm 4K UHD Smart Neo QLED TV,Uydu Alıcılı (outlet);54.799 TL
outlet 46202 SAMSUNG QE 98QN90F 98inc 247 cm 4K UHD Smart Neo QLED TV,Uydu Alıcılı (outlet);169.221 TL
outlet 46201 SAMSUNG UE 98DU9000 98inc 245 cm 4K UHD Smart TV,Uydu Alıcılı (outlet);83.999 TL
HOME PRO 200 outlet 46153 WAHL 201.01.0460 HOME PRO 200 SAÇ KESME MAKİNESİ (outlet);899 TL
ARCHER VR300 outlet 46152 TP-LINK ARCHER VR300 300MBPS-867MBPS KABLOSUZ-AC Wi-Fi 5 4 PORT VDSL MODEM (outlet);1.839 TL
outlet 46134 Lenovo LOQ 13.Nesil Core i7 13700HX-RTX5050 8Gb-24Gb-1Tb Ssd-15.6-W11 (outlet);59.999 TL
outlet 46124 Ducati Pro Uno 350W Elektrikli Scooter (outlet);10.113 TL
outlet 46123 Ducati Pro Uno 350W Elektrikli Scooter (outlet);10.113 TL
outlet 46122 SAMSUNG UE 43U8000 43inc 108 cm 4K UHD Smart TV,Uydu Alıcılı (outlet);18.647 TL
outlet 46120 HP SMART TANK 580 ÇOK FONKSİYONLU KABLOSUZ MÜREKKEP TANKLI YAZICI (outlet);6.079 TL
outlet 46118 HP SMART TANK 589 ÇOK FONKSİYONLU KABLOSUZ MÜREKKEP TANKLI YAZICI (outlet);5.599 TL
HD 7301 outlet 46102 Philips HD 7301 Çaycı & Çay Makinesi (outlet);2.053 TL
outlet 46101 Petkit Fresh Element 3 3L Mama Kabı (Beyaz) (outlet);3.245 TL
"outlet 46093 SAMSUNG 27"" ODYSSEY G5 1Ms 200Hz 2K IPS GAMING MONITOR (outlet)";7.199 TL
"outlet 46091 SAMSUNG 27"" ODYSSEY G5 1Ms 200Hz 2K IPS GAMING MONITOR (outlet)";7.199 TL
outlet 46090 HP SMART TANK 580 ÇOK FONKSİYONLU KABLOSUZ MÜREKKEP TANKLI YAZICI (outlet);6.079 TL
Let's Brew (Beyaz) outlet 46086 Tchibo Filtre Kahve Makinesi - Beyaz (outlet);2.319 TL
outlet 46085 EPSON ECOTANK L3251 ÇOK FONKSİYONLU KABLOSUZ MÜREKKEP TANKLI YAZICI (outlet);6.159 TL
outlet 46079 BROTHER DCP-T430W ÇOK FONKSİYONLU KABLOSUZ MÜREKKEP TANKLI YAZICI (outlet);5.839 TL
outlet 46078 BROTHER DCP-T530DW ÇOK FONKSİYONLU DUBLEKS KABLOSUZ MÜREKKEP TANKLI YAZICI (outlet);7.039 TL
outlet 45907 Anker Soundcore Note 3i Tws Kablosuz Bluetooth Kulak İçi Kulaklık - Siyah (outlet);2.060 TL
outlet 45906 Anker Soundcore A25i TWS Bluetooth Kablosuz Kulaklık - Siyah (outlet);799 TL
outlet 45904 HUAWEI Freebuds SE 3 Bluetooth Kablosuz Kulak İçi Kulaklık - Seramik Bej (outlet);1.439 TL
outlet 45903 HUAWEI Freebuds SE 4 ANC Bluetooth Kablosuz Kulak İçi Kulaklık - Beyaz (outlet);1.719 TL
outlet 45902 HUAWEI FreeClip Bluetooth Kablosuz Kulaklık - Siyah (outlet);5.839 TL
outlet 45901 HUAWEI Freebuds SE 3 Bluetooth Kablosuz Kulak İçi Kulaklık - Seramik Siyah (outlet);1.439 TL
outlet 45900 Huawei FreeClip 2 Bluetooth Kablosuz Kulaklık - Mavi (outlet);7.199 TL
outlet 45899 HUAWEI Freebuds 6i TWS Bluetooth Kulak İçi Kulaklık - Mor (outlet);2.510 TL
outlet 45898 Huawei Freebuds 7i TWS Bluetooth Kulak İçi Kulaklık - Siyah (outlet);3.279 TL
outlet 45896 HUAWEI FreeClip Bluetooth Kablosuz Kulaklık - Siyah (outlet);5.839 TL
outlet 45895 HUAWEI Freebuds SE 2 Bluetooth Kablosuz Kulak İçi Kulaklık - Ada Mavisi (outlet);1.121 TL
outlet 45894 HUAWEI Freebuds SE 3 Bluetooth Kablosuz Kulak İçi Kulaklık - Seramik Bej (outlet);1.439 TL
outlet 45893 HUAWEI Freebuds SE 3 Bluetooth Kablosuz Kulak İçi Kulaklık - Seramik Bej (outlet);1.439 TL
outlet 45892 HUAWEI FreeClip Bluetooth Kablosuz Kulaklık - Siyah (outlet);5.839 TL
outlet 45891 Xiaomi Redmi Buds 6 Play TWS Bluetooth Kulak İçi Kulaklık - Beyaz (outlet);551 TL
outlet 45890 Xiaomi Redmi Buds 6 Play TWS Kulak İçi Bluetooth Kulaklık - Mavi (outlet);480 TL
outlet 45889 Xiaomi Redmi Buds 6 Play TWS Kulak İçi Bluetooth Kulaklık - Mavi (outlet);480 TL
outlet 45888 Xiaomi Redmi Buds 6 Play TWS Bluetooth Kulak İçi Kulaklık - Beyaz (outlet);551 TL
outlet 45886 Xiaomi Redmi Buds 6 Active TWS Kulak İçi Bluetooth Kulaklık - Siyah (outlet);641 TL
outlet 45885 Xiaomi Redmi Buds 6 Lite ANC TWS Kulak İçi Bluetooth Kulaklık - Siyah (outlet);795 TL
outlet 45884 Xiaomi Redmi Buds 6 Active TWS Kulak İçi Bluetooth Kulaklık - Mavi (outlet);643 TL
outlet 45883 Xiaomi Redmi Buds 6 Play TWS Bluetooth Kulak İçi Kulaklık - Beyaz (outlet);551 TL
outlet 45882 Xiaomi Redmi Buds 6 Active TWS Kulak İçi Bluetooth Kulaklık - Siyah (outlet);641 TL
outlet 45881 Xiaomi Redmi Buds 6 Active TWS Kulak İçi Bluetooth Kulaklık - Transparent Powder (outlet);643 TL
outlet 45880 Xiaomi Redmi Buds 6 Active TWS Kulak İçi Bluetooth Kulaklık - Mavi (outlet);643 TL
outlet 45879 Xiaomi Redmi Buds 6 Active TWS Kulak İçi Bluetooth Kulaklık - Siyah (outlet);641 TL
outlet 45878 Xiaomi Redmi Buds 6 Play TWS Bluetooth Kulak İçi Kulaklık - Beyaz (outlet);551 TL
outlet 45877 Xiaomi Redmi Buds 6 Active TWS Kulak İçi Bluetooth Kulaklık - Siyah (outlet);641 TL
outlet 45876 Xiaomi Redmi Buds 6 Play TWS Kulak İçi Bluetooth Kulaklık - Mavi (outlet);480 TL
outlet 45875 Xiaomi Redmi Buds 6 Play TWS Kulak İçi Bluetooth Kulaklık - Mavi (outlet);480 TL
outlet 45874 HUAWEI Freebuds SE 4 ANC Bluetooth Kablosuz Kulak İçi Kulaklık - Beyaz (outlet);1.719 TL
outlet 45873 Xiaomi Redmi Buds 6 Play TWS Bluetooth Kulak İçi Kulaklık - Siyah (outlet);551 TL
outlet 45872 Xiaomi Redmi Buds 6 Play TWS Bluetooth Kulak İçi Kulaklık - Beyaz (outlet);551 TL
outlet 45871 Xiaomi Redmi Buds 6 Play TWS Bluetooth Kulak İçi Kulaklık - Beyaz (outlet);551 TL
outlet 45870 Xiaomi Redmi Buds 6 Active TWS Kulak İçi Bluetooth Kulaklık - Beyaz (outlet);643 TL
outlet 45869 Xiaomi Redmi Buds 6 Active TWS Kulak İçi Bluetooth Kulaklık - Siyah (outlet);641 TL
outlet 45868 Xiaomi Redmi Buds 6 Play TWS Bluetooth Kulak İçi Kulaklık - Siyah (outlet);551 TL
outlet 45867 Xiaomi Redmi Buds 6 Play TWS Kulak İçi Bluetooth Kulaklık - Mavi (outlet);480 TL
outlet 45866 Xiaomi Redmi Buds 6 Play TWS Kulak İçi Bluetooth Kulaklık - Mavi (outlet);480 TL
outlet 45865 Xiaomi Redmi Buds 6 Pro ANC TWS Kulak İçi Bluetooth Kulaklık - Siyah (outlet);2.661 TL
outlet 45864 Xiaomi Redmi Buds 6 Active TWS Kulak İçi Bluetooth Kulaklık - Mavi (outlet);643 TL
outlet 45863 Xiaomi Redmi Buds 6 Active TWS Kulak İçi Bluetooth Kulaklık - Siyah (outlet);641 TL
outlet 45862 Xiaomi Redmi Buds 6 Active TWS Kulak İçi Bluetooth Kulaklık - Siyah (outlet);641 TL
outlet 45861 Xiaomi Redmi Buds 6 Active TWS Kulak İçi Bluetooth Kulaklık - Siyah (outlet);641 TL
outlet 45860 Xiaomi Redmi Buds 6 Play TWS Kulak İçi Bluetooth Kulaklık - Mavi (outlet);480 TL
outlet 45859 Xiaomi Redmi Buds 6 Active TWS Kulak İçi Bluetooth Kulaklık - Siyah (outlet);641 TL
ARCHER VR400 outlet 45858 TP-LINK ARCHER VR400 300MBPS-867MBPS KABLOSUZ-AC Wi-Fi 5 4 PORT GIG. VDSL MODEM (outlet);1.855 TL
outlet 45857 Babyliss AS136E Air Styler 1000 Hava Üflemeli Saç Şekillndirici (outlet);2.511 TL
outlet 45856 Babyliss AS136E Air Styler 1000 Hava Üflemeli Saç Şekillndirici (outlet);2.511 TL
outlet 45855 Babyliss AS136E Air Styler 1000 Hava Üflemeli Saç Şekillndirici (outlet);2.511 TL
outlet 45853 Braun Silk-Epil 1 SE1000 Epilasyon Cihazı (outlet);1.039 TL
outlet 45852 Philips BRE247/05 Epilasyon Cihazı (outlet);1.439 TL
outlet 45850 WAHL 09855-1216 GROOMSMAN PRO ERKEK BAKIM KİTİ (outlet);959 TL
outlet 45849 Braun FS1000 Face Mini Tüy Alma Makinesi (outlet);1.039 TL
outlet 45848 Lenovo Tab P11 Pro 2Ghz 8Gb 256Gb 11.2inch' 2.5K- Android Tablet (outlet);13.404 TL
outlet 45842 Braun BG3340 Vücut Bakım Makinesi (outlet);1.123 TL
outlet 45841 Braun BG3340 Vücut Bakım Makinesi (outlet);1.123 TL
outlet 45830 Lenovo Ideapad 5 13.Nesil Core i5 13420H-8Gb-512Gb Ssd-14inc-W11 (outlet);33.599 TL
outlet 45827 Lenovo Ideapad Slim 3 13.Nesil Core i5 13420H-16Gb-512Gb Ssd-15.3inc-W11 (outlet);28.799 TL
outlet 45792 Huawei Watch GT6 Pro 46 mm Akıllı Saat Siyah (outlet);11.999 TL
outlet 45791 Xiaomi Smart Band 10 Siyah (outlet);1.553 TL
outlet 45789 Xiaomi Redmi Watch 5 Active Gümüş (outlet);1.277 TL
outlet 45788 Infinix XW3 Akıllı Saat Gri (outlet);1.359 TL
outlet 45787 Xiaomi Redmi Watch 5 Active Gümüş (outlet);1.277 TL
outlet 45786 Xiaomi Redmi Watch 5 Active Gümüş (outlet);1.277 TL
BSWX3_Sarı outlet 45782 Bilicra Connect Akıllı Çocuk Saati - Görüntülü Görüşme Özellikli - Sarı (outlet);2.796 TL
outlet 45781 Huawei Watch GT6 41 mm Akıllı Saat Altın (outlet);8.799 TL
Rm 12Pro+_12GB+512GB_Mavi outlet 45770 Realme 12 Pro Plus 12/512GB Akıllı Telefon Denizci Mavisi (outlet);16.659 TL
PRIME B650M-R outlet 45760 ASUS PRIME B650M-R AMD B650M Soket AM5 mATX DDR5 7000MHz (OC) M.2 Anakart (outlet);4.359 TL
PRIME B650M-R outlet 45759 ASUS PRIME B650M-R AMD B650M Soket AM5 mATX DDR5 7000MHz (OC) M.2 Anakart (outlet);4.359 TL
outlet 45736 SAMSUNG QE 55Q7F5 55inc 138 cm 4K UHD Smart QLED TV,Uydu Alıcılı (outlet);31.535 TL
Gran Lattissima F541 Siyah outlet 45731 Nespresso F541 Gran Lattissima Kapsüllü Kahve Makinesi (Siyah) (outlet);15.326 TL
outlet 45729 THERMALTAKE TOUGHPOWER GF 750W 80PLUS GOLD FULL MODÜLER GÜÇ KAYNAĞI (outlet);4.286 TL
"outlet 45727 ASUS 27"" TUF GAMING VG27AQML1A 1Ms 260Hz 2K IPS GAMING MONITOR (outlet)";9.649 TL
outlet 45722 HP SMART TANK 580 ÇOK FONKSİYONLU KABLOSUZ MÜREKKEP TANKLI YAZICI (outlet);6.037 TL
outlet 45714 SAMSUNG QE 75QN70F 75inc 189 cm 4K UHD Smart Neo QLED TV,Uydu Alıcılı (outlet);66.399 TL
outlet 45711 SAMSUNG QE 98QN90F 98inc 247 cm 4K UHD Smart Neo QLED TV,Uydu Alıcılı (outlet);169.221 TL
Roborock Q8 Max Pro Plus Beyaz outlet 45701 Roborock Q8 Max Pro Plus Robot Süpürge Beyaz (outlet);17.514 TL
MAG FORGE 120A B65 outlet 45697 MSI MAG FORGE 120A B65 650W 80PLUS BRONZE TEMPERED GLASS RGB FANLI ATX KASA (outlet);3.375 TL
outlet 45694 Bissell FurGuard Pro Kablosuz Dikey Süpürge (outlet);7.827 TL
Max G2 outlet 45691 Segway Ninebot Max G2 900W Elektrikli Scooter (outlet);25.334 TL
outlet 45622 JBL Tune 570BT Bluetooth Kulak Üstü Kulaklık - Siyah (outlet);1.114 TL
VECTOR 16 HX AI A2XWHG-092TR-GAMEUP outlet 45621 Msi Vector 16HX AI Core Ultra 9 275HX-RTX5070Ti 12Gb-32Gb-1Tb Ssd-16inc-W11 (outlet);139.415 TL
VECTOR 16 HX AI A2XWHG-092TR-GAMEUP outlet 45620 Msi Vector 16HX AI Core Ultra 9 275HX-RTX5070Ti 12Gb-32Gb-1Tb Ssd-16inc-W11 (outlet);139.415 TL
VECTOR 16 HX AI A2XWHG-092TR-GAMEUP outlet 45619 Msi Vector 16HX AI Core Ultra 9 275HX-RTX5070Ti 12Gb-32Gb-1Tb Ssd-16inc-W11 (outlet);139.415 TL
VECTOR 16 HX AI A2XWHG-092TR-GAMEUP outlet 45618 Msi Vector 16HX AI Core Ultra 9 275HX-RTX5070Ti 12Gb-32Gb-1Tb Ssd-16inc-W11 (outlet);139.415 TL
VECTOR 16 HX AI A2XWHG-092TR-GAMEUP outlet 45617 Msi Vector 16HX AI Core Ultra 9 275HX-RTX5070Ti 12Gb-32Gb-1Tb Ssd-16inc-W11 (outlet);139.415 TL
VECTOR 16 HX AI A2XWHG-092TR-GAMEUP outlet 45616 Msi Vector 16HX AI Core Ultra 9 275HX-RTX5070Ti 12Gb-32Gb-1Tb Ssd-16inc-W11 (outlet);139.415 TL
VECTOR 16 HX AI A2XWHG-092TR-GAMEUP outlet 45615 Msi Vector 16HX AI Core Ultra 9 275HX-RTX5070Ti 12Gb-32Gb-1Tb Ssd-16inc-W11 (outlet);139.415 TL
VECTOR 16 HX AI A2XWHG-092TR-GAMEUP outlet 45613 Msi Vector 16HX AI Core Ultra 9 275HX-RTX5070Ti 12Gb-32Gb-1Tb Ssd-16inc-W11 (outlet);139.415 TL
VECTOR 16 HX AI A2XWHG-092TR-GAMEUP outlet 45612 Msi Vector 16HX AI Core Ultra 9 275HX-RTX5070Ti 12Gb-32Gb-1Tb Ssd-16inc-W11 (outlet);139.415 TL
VECTOR 16 HX AI A2XWHG-092TR-GAMEUP outlet 45609 Msi Vector 16HX AI Core Ultra 9 275HX-RTX5070Ti 12Gb-32Gb-1Tb Ssd-16inc-W11 (outlet);139.415 TL
VECTOR 16 HX AI A2XWHG-092TR-GAMEUP outlet 45608 Msi Vector 16HX AI Core Ultra 9 275HX-RTX5070Ti 12Gb-32Gb-1Tb Ssd-16inc-W11 (outlet);139.415 TL
VECTOR 16 HX AI A2XWHG-092TR-GAMEUP outlet 45607 Msi Vector 16HX AI Core Ultra 9 275HX-RTX5070Ti 12Gb-32Gb-1Tb Ssd-16inc-W11 (outlet);139.415 TL
outlet 45588 TCL 65C6K 65inc 165 cm QD Miniled 4K UHD Google TV,Uydu Alıcılı (outlet);52.799 TL
"outlet 45502 ASUS 27"" XG279Q 1Ms 170Hz WQHD IPS GAMING MONITOR (outlet)";35.175 TL
outlet 45487 OMEN by HP W9S97AA 32'' GENİŞ EKRAN QHD MONİTÖR (outlet);8.284 TL
Cafissimo Milk (Beyaz) outlet 45486 Tchibo Cafissimo Milk Kapsüllü Kahve Makinesi - Beyaz (outlet);11.999 TL
outlet 45483 HP SMART TANK 580 ÇOK FONKSİYONLU KABLOSUZ MÜREKKEP TANKLI YAZICI (outlet);6.037 TL
outlet 45481 EPSON ECOTANK L14150 ÇOK FONKSİYONLU FAKS/ADF /DUBLEKS/A3 KABLOSUZ MÜREKKEP TANKLI YAZICI (outlet);25.599 TL
outlet 45480 CANON PIXMA E414 ÇOK FONKSİYONLU KABLOLU YAZICI (outlet);2.239 TL
outlet 45469 EPSON ECOTANK L3260 ÇOK FONKSİYONLU KABLOSUZ MÜREKKEP TANKLI YAZICI (outlet);6.879 TL
outlet 45459 HP COLOR LASER 150A KABLOLU RENKLİ LAZER YAZICI (outlet);5.996 TL
"outlet 45292 ASUS 24,5"" TUF GAMING VG257Q5A 0.5Ms 200Hz FULL HD VA GAMING MONITOR (outlet)";4.623 TL
outlet 45288 Xiaomi Redmi Watch 5 Active Gümüş (outlet);1.277 TL
outlet 45285 JBL Wave Beam2 Kablosuz Kulak İçi Bluetooth Kulaklık - Mavi (outlet);2.279 TL
outlet 45284 JBL Tune 525BT Multi Connect Kablosuz Kulak Üstü Kulaklık - Mavi (outlet);1.244 TL
outlet 45283 JBL Tune 570BT Bluetooth Kulak Üstü Kulaklık - Siyah (outlet);965 TL
outlet 45282 JBL Tune Flex2 NC Bluetooth TWS Kulak İçi Kulaklık - Ghost Siyah (outlet);3.191 TL
outlet 45281 JBL Tune Buds2 ANC Bluetooth Kulak İçi TWS Kulaklık- Turkuaz (outlet);2.631 TL
Hot50i _6/128GB_Gri outlet 45279 Infinix Hot 50i 6GB/128GB Akıllı Telefon Titanyum Gri (outlet);7.487 TL
V40_Gri outlet 45277 Vivo V40 12/256 Gb Akıllı Telefon Titanyum Grisi (outlet);20.436 TL
BILICRA TTX1 outlet 45276 Bilicra TTX1 (Kameralı) Tuşlu Telefon Siyah (outlet);1.798 TL
outlet 45273 TCL Onetouch 4022S Tuşlu Telefon Gray (outlet);2.799 TL
outlet 45272 TCL Onetouch 4022S Tuşlu Telefon Gray (outlet);2.799 TL
outlet 45269 TCL Onetouch 5041 (No camera) Tuşlu Telefon Gri (outlet);2.399 TL
outlet 45268 TCL Onetouch 4022S Tuşlu Telefon Gray (outlet);2.799 TL
outlet 45267 TCL Onetouch 4022S Tuşlu Telefon Gray (outlet);2.799 TL
outlet 45266 TCL Onetouch 4022S Tuşlu Telefon Gray (outlet);2.799 TL
PRO B650M-B outlet 45265 MSI PRO B650M-B AMD B650 Soket AM5 DDR5 6800MHz (OC) M.2 Anakart (outlet);3.380 TL
TUF GAMING B860M-PLUS WIFI outlet 45264 ASUS TUF GAMING B860M-PLUS WIFI Intel B860 Soket 1851 DDR5 8800Mhz (OC) M.2 Anakart (outlet);8.615 TL
PRO A620M-E outlet 45261 MSI PRO A620M-E AMD A620 AM5 DDR5 6800MHz mATX Anakart (outlet);3.090 TL
PRO B650M-P outlet 45260 MSI PRO B650M-P AMD B650 Soket AM5 DDR5 6400MHz (OC) M.2 Anakart (outlet);4.370 TL
PRO outlet 45259 MSI A520M-A PRO Amd A520 Soket AM4 DDR4 4600 MHz(OC) M.2 Anakart (outlet);2.487 TL
PRO B860-P outlet 45257 MSI PRO B860-P Intel B860 Soket 1851 DDR5 8600Mhz (OC) M.2 Anakart (outlet);8.343 TL
MAG B650 TOMAHAWK WIFI outlet 45256 MSI MAG B650 TOMAHAWK WIFI AMD B650 Soket AM5 DDR5 6600MHz (OC) M.2 Anakart (outlet);9.259 TL
PRIME X670-P WIFI outlet 45255 ASUS PRIME X670-P WIFI AMD X670 Soket AM5 DDR5 6400MHz(OC) M.2 Anakart (outlet);8.796 TL
PRO A620M-B outlet 45254 MSI PRO A620M-B AMD A620 AM5 DDR5 6800MHz (OC) M.2 Anakart (outlet);3.143 TL
PRO B650M-P outlet 45252 MSI PRO B650M-P AMD B650 Soket AM5 DDR5 6400MHz (OC) M.2 Anakart (outlet);4.370 TL
PRIME B850M-K outlet 45251 ASUS PRIME B850M-K AMD B850 Soket AM5 DDR5 8400MHz(OC) M.2 Anakart (outlet);6.183 TL
outlet 45244 Acer Nitro V 15 7.Nesil Ryzen 5 7535HS-RTX3050 6Gb-16Gb-512Gb Ssd-15.6inc-W11 (outlet);29.596 TL
outlet 45239 PHİLİPS TAK4200CT/00 Kablosuz Kulak Üstü Çocuk Kulaklığı - Deniz Mavisi (outlet);1.361 TL
outlet 45238 TECNO TH300 360° KABLOSUZ IP KAMERA 2K+ 64 GB SD KART HEDİYELİ (outlet);876 TL
outlet 45237 Xiaomi Redmi Watch 5 Active Gümüş (outlet);1.277 TL
outlet 45236 Xiaomi Redmi Watch 5 Active Gümüş (outlet);1.277 TL
outlet 45235 Xiaomi Redmi Watch 5 Active Siyah (outlet);1.323 TL
outlet 45234 Xiaomi Redmi Watch 5 Active Gümüş (outlet);1.277 TL
outlet 45233 Xiaomi Redmi Watch 5 Active Gümüş (outlet);1.277 TL
outlet 45232 Xiaomi Redmi Watch 5 Active Siyah (outlet);1.323 TL
outlet 45230 Xiaomi Redmi Watch 5 Active Gümüş (outlet);1.277 TL
outlet 45227 Xiaomi Redmi Buds 6 Play TWS Kulak İçi Bluetooth Kulaklık - Mavi (outlet);480 TL
outlet 45226 Xiaomi Redmi Buds 6 Active TWS Kulak İçi Bluetooth Kulaklık - Beyaz (outlet);643 TL
outlet 45224 HUAWEI Freebuds SE 4 ANC Bluetooth Kablosuz Kulak İçi Kulaklık - Beyaz (outlet);1.719 TL
outlet 45222 Anker Soundcore R50i NC TWS Bluetooth Kulaklık - Beyaz (outlet);1.468 TL
outlet 45221 Anker Soundcore Note 3i Tws Kablosuz Bluetooth Kulak İçi Kulaklık - Siyah (outlet);2.060 TL
outlet 45220 Anker Soundcore Liberty 4 NC Bluetooth Kulaklık - Lacivert (outlet);3.045 TL
outlet 45193 Stanley The Quencher Tumbler 1.18 Lt.Azure (Mavi) (outlet);2.012 TL
outlet 45170 EPSON ECOTANK L3251 ÇOK FONKSİYONLU KABLOSUZ MÜREKKEP TANKLI YAZICI (outlet);6.159 TL
outlet 45169 EPSON ECOTANK L3251 ÇOK FONKSİYONLU KABLOSUZ MÜREKKEP TANKLI YAZICI (outlet);6.159 TL
outlet 45168 EPSON ECOTANK L3251 ÇOK FONKSİYONLU KABLOSUZ MÜREKKEP TANKLI YAZICI (outlet);6.159 TL
outlet 45167 EPSON ECOTANK L3251 ÇOK FONKSİYONLU KABLOSUZ MÜREKKEP TANKLI YAZICI (outlet);6.159 TL
outlet 45166 EPSON ECOTANK L3251 ÇOK FONKSİYONLU KABLOSUZ MÜREKKEP TANKLI YAZICI (outlet);6.159 TL
outlet 45165 EPSON ECOTANK L3251 ÇOK FONKSİYONLU KABLOSUZ MÜREKKEP TANKLI YAZICI (outlet);6.159 TL
outlet 45154 Stanley The AeroLight Transit Mug 0.60 Lt (Rose Quartz) (outlet);1.580 TL
outlet 45152 Stanley The AeroLight Transit Mug 0.60 Lt (Rose Quartz) (outlet);1.580 TL
outlet 45151 Stanley The AeroLight Transit Mug 0.60 Lt (Rose Quartz) (outlet);1.580 TL
outlet 45149 Xiaomi Redmi Buds 6 Play TWS Bluetooth Kulak İçi Kulaklık - Siyah (outlet);551 TL
outlet 45148 Xiaomi Redmi Buds 6 Active TWS Kulak İçi Bluetooth Kulaklık - Siyah (outlet);641 TL
outlet 45146 Apple AirPods Pro 3 Bluetooth Kulak İçi Kulaklık (outlet);9.999 TL
outlet 45145 Apple AirPods Pro 3 Bluetooth Kulak İçi Kulaklık (outlet);9.999 TL
outlet 45144 Xiaomi Redmi Buds 6 Active TWS Kulak İçi Bluetooth Kulaklık - Beyaz (outlet);643 TL
outlet 45135 Lenovo Legion Pro 7 14.Nesil Core i9 14900HX-RTX4080 12Gb-32Gb-1Tb Ssd-16inc-W11 (outlet);120.484 TL
outlet 45134 Lenovo Ideapad Slim 3 13.Nesil Core i7 13620H-16Gb-512Gb Ssd-15.3inc-W11 (outlet);35.199 TL
outlet 45130 Anker Soundcore K20i Kulak İçi Bluetooth Kulaklık - Beyaz (outlet);696 TL
outlet 45129 Anker Soundcore K20i Kulak İçi Bluetooth Kulaklık - Siyah (outlet);879 TL
outlet 45127 Anker Soundcore K20i Kulak İçi Bluetooth Kulaklık - Mor (outlet);864 TL
outlet 45123 Remington S8540 Keratin Protect Saç Düzleştirici (outlet);2.231 TL
outlet 45121 TCL Onetouch 4022S Tuşlu Telefon Gray (outlet);2.799 TL
outlet 45119 Xiaomi Redmi Watch 5 Lite Altın (outlet);2.099 TL
outlet 45118 Xiaomi Redmi Watch 5 Active Gümüş (outlet);1.277 TL
outlet 45116 Xiaomi Redmi Watch 5 Active Gümüş (outlet);1.277 TL
outlet 45111 TCL MT42X Movetime Family Watch Akıllı Saat Mavi (outlet);7.199 TL
outlet 45110 Xiaomi Redmi Watch 5 Lite Altın (outlet);2.099 TL
outlet 45109 Huawei Watch GT6 41 mm Akıllı Saat Altın (outlet);7.594 TL
outlet 45108 Huawei Watch D 2 Akıllı Saat Siyah (outlet);11.304 TL
outlet 45106 Xiaomi Redmi Watch 5 Lite Altın (outlet);2.099 TL
outlet 45104 Vivo X100 Pro (16+512) Akıllı Telefon Asteroit Siyah (outlet);40.364 TL
outlet 45102 Vivo V60 5G 12/256GB Akıllı Telefon Dolunay Grisi (outlet);26.199 TL
PRO A620M-B outlet 45098 MSI PRO A620M-B AMD A620 AM5 DDR5 6800MHz (OC) M.2 Anakart (outlet);3.143 TL
PRO B650M-B outlet 45097 MSI PRO B650M-B AMD B650 Soket AM5 DDR5 6800MHz (OC) M.2 Anakart (outlet);3.380 TL
outlet 45096 Lenovo Yoga Tab 11 2Ghz 4Gb 128Gb 11inch' 2K- Android Tablet (outlet);6.936 TL
outlet 45093 Lenovo Yoga Tab 11 2Ghz 4Gb 128Gb 11inch' 2K- Android Tablet (outlet);6.936 TL
outlet 45089 Huawei Matepad Pro 12Gb 512Gb 12.2inch- Emuı Tablet-Demo (outlet);29.599 TL
outlet 45085 Acer Nitro V 15 7.Nesil Ryzen 5 7535HS-RTX3050 6Gb-16Gb-512Gb Ssd-15.6inc-W11 (outlet);29.596 TL
outlet 45079 Lenovo Ideapad 5 Snapdragon X Plus X1P-42-100-16Gb-512Gb Ssd-14inc-W11 (outlet);34.476 TL
outlet 44984 SAMSUNG QE 65S95F 65inc 163 cm 4K UHD Smart OLED TV,Uydu Alıcılı (outlet);120.023 TL
outlet 44981 Philips BRE720/05 8000 Serisi Islak ve Kuru Epilasyon Cihazı (outlet);2.608 TL
outlet 44980 Braun FS1000 Face Mini Tüy Alma Makinesi (outlet);1.039 TL
outlet 44979 Lenovo Ideapad Düet 5 13.Nesil Core i7 1355U-16Gb-512Gb Ssd-12.4inc-W11 (outlet);34.436 TL
outlet 44977 LOGITECH Z407 SUBWOOFER 2.1 BLUETOOTH HOPARLÖR-SİYAH (outlet);4.392 TL
outlet 44971 Philips HR1832/00 Viva Collection Katı Meyve Sıkacağı (outlet);3.640 TL
Deebot T30C outlet 44969 Ecovacs Deebot T30C Omni Robot Süpürge Beyaz (outlet);25.199 TL
Deebot T30C outlet 44968 Ecovacs Deebot T30C Omni Robot Süpürge Beyaz (outlet);25.199 TL
outlet 44944 TCL Alcatel MT40X Movetime Çocuk Akıllı Saati Pembe (outlet);3.281 TL
outlet 44696 Anker Soundcore K20i Kulak İçi Bluetooth Kulaklık - Beyaz (outlet);696 TL
outlet 44692 Anker Soundcore K20i Kulak İçi Bluetooth Kulaklık - Siyah (outlet);879 TL
outlet 44671 Apple MUQ93ZM/A USB-C To Lightning Kablo - 1M (outlet);695 TL
outlet 44669 Ipad Air M3 128GB WIFI 13''Liquid Retina Ekran iPadOS Tablet Starlight (outlet);32.704 TL
outlet 44668 Stanley The AeroLight Transit Mug 0.60 Lt (Rose Quartz) (outlet);1.458 TL
outlet 44667 Stanley The Aerolight Transit Mug 0.35 Lt Cherry Blossom (Açık Pembe) (outlet);1.169 TL
outlet 44666 Xiaomi Redmi Buds 6 Lite ANC TWS Kulak İçi Bluetooth Kulaklık - Siyah (outlet);795 TL
outlet 44665 Xiaomi Redmi Buds 6 Play TWS Bluetooth Kulak İçi Kulaklık - Siyah (outlet);551 TL
outlet 44663 Xiaomi Redmi Buds 6 Play TWS Bluetooth Kulak İçi Kulaklık - Siyah (outlet);551 TL
outlet 44662 Xiaomi Redmi Buds 6 Lite ANC TWS Kulak İçi Bluetooth Kulaklık - Mavi (outlet);806 TL
outlet 44661 Xiaomi Redmi Buds 6 Play TWS Bluetooth Kulak İçi Kulaklık - Siyah (outlet);551 TL
outlet 44658 Anker Soundcore Life Q20i Bluetooth Kulaküstü Kulaklık - Siyah (outlet);2.100 TL
outlet 44656 Huawei Watch GT4 46mm Akıllı Saat Metal (outlet);7.436 TL
BSWX3_Siyah outlet 44655 Bilicra Connect Akıllı Çocuk Saati - Görüntülü Görüşme Özellikli - Siyah (outlet);5.599 TL
outlet 44654 TCL Alcatel MT40X Movetime Çocuk Akıllı Saati Mavi (outlet);2.929 TL
BSWX4_Siyah outlet 44651 Bilicra Round Akıllı Çocuk Saati - Siyah (outlet);4.439 TL
V29_Siyah outlet 44649 Vivo V29lite 5G (8+256) Akıllı Telefon Siyah Elmas Işıltısı (outlet);13.298 TL
RMX3851_Yeşil outlet 44646 Realme GT6 (RMX3851) 16+512 Keskin Yeşil (outlet);25.421 TL
outlet 44644 TCL Onetouch 4022S Tuşlu Telefon Gray (outlet);2.799 TL
outlet 44607 CANON MEGATANK G3470 ÇOK FONKSİYONLU KABLOSUZ MÜREKKEP TANKLI YAZICI (outlet);5.679 TL
outlet 44605 EPSON ECOTANK L3256 ÇOK FONKSİYONLU KABLOSUZ MÜREKKEP TANKLI YAZICI (outlet);6.159 TL
outlet 44602 EPSON ECOTANK L3256 ÇOK FONKSİYONLU KABLOSUZ MÜREKKEP TANKLI YAZICI (outlet);6.159 TL
outlet 44601 EPSON ECOTANK L3251 ÇOK FONKSİYONLU KABLOSUZ MÜREKKEP TANKLI YAZICI (outlet);6.159 TL
MPG B850I EDGE TI WIFI outlet 44589 MSI MPG B850I EDGE TI WIFI AMD B850 Soket AM5 DDR5 8200MHZ(OC) M.2 ITX Anakart (outlet);13.015 TL
G834JY-N6035W-Gaming outlet 44570 Asus Rog Strix Scar 18 13.Nesil Core i9 13980HX-RTX4090 16Gb-32Gb-2Tb-18inc-W11 (outlet);154.018 TL
"outlet 44377 ASUS 27""ROG STRIX XG27UCS 1Ms 160Hz 4K GAMING MONITOR (outlet)";14.916 TL
"outlet 44375 ASUS 27""ROG STRIX XG27UCS 1Ms 160Hz 4K GAMING MONITOR (outlet)";14.916 TL
"outlet 44371 ASUS 27"" VG279QM 1Ms 280Hz IPS GAMING MONITOR (outlet)";8.941 TL
"outlet 44370 ASUS 27"" TUF GAMING VG27AQML1A 1Ms 260Hz 2K IPS GAMING MONITOR (outlet)";9.649 TL
"outlet 43721 ASUS 27""ROG STRIX XG27UCS 1Ms 160Hz 4K GAMING MONITOR (outlet)";14.916 TL
"outlet 43710 ASUS 24,5"" TUF GAMING VG259QMRL5A 0.3Ms 310Hz FHD IPS GAMING MONITOR (outlet)";7.310 TL
BSWX3_Siyah outlet 43421 Bilicra Connect Akıllı Çocuk Saati - Görüntülü Görüşme Özellikli - Siyah (outlet);5.599 TL
BSWX3_Siyah outlet 43420 Bilicra Connect Akıllı Çocuk Saati - Görüntülü Görüşme Özellikli - Siyah (outlet);5.599 TL
outlet 43419 Huawei Matepad 2025 12X 12Gb 256Gb 12inch- Emuı Tablet-Beyaz (outlet);21.599 TL
PRO H610M-E DDR4 outlet 43418 MSI PRO H610M-E DDR4 Intel H610 Soket 1700 3200MHz(OC) M.2 Anakart (outlet);2.791 TL
PRO A620M-B outlet 43416 MSI PRO A620M-B AMD A620 AM5 DDR5 6800MHz (OC) M.2 Anakart (outlet);3.143 TL
MAG Z790 TOMAHAWK WIFI outlet 43413 MSI MAG Z790 TOMAHAWK WIFI Intel Z790 Soket 1700 DDR5 7200MHz (OC) M.2 Anakart (outlet);11.031 TL
MAG B760 TOMAHAWK WIFI outlet 43412 MSI MAG B760 TOMAHAWK WIFI Intel B760 Soket 1700 DDR5 7000MHz (OC) M.2 Anakart (outlet);6.799 TL
outlet 43407 Hometech Gtx Jaculus 2Ghz 8Gb 128Gb 10.4''Fhd 4G LTE Android Gaming Tablet (outlet);4.349 TL
outlet 43405 Vivo X100 Pro (16+512) Akıllı Telefon Asteroit Siyah (outlet);40.364 TL
outlet 43404 Vivo X200 Pro 16/512GB Akıllı Telefon Titanyum Grisi (outlet);49.865 TL
V40_Gri outlet 43401 Vivo V40 12/256 Gb Akıllı Telefon Titanyum Grisi (outlet);20.436 TL
outlet 43394 Oppo Reno14F 5G 12/256 GB Akıllı Telefon Işıltılı Yeşil (outlet);24.799 TL
"outlet 43038 ASUS 27"" ROG STRIX XG27ACS 1Ms 180Hz 2K IPS GAMING MONITOR (outlet)";8.512 TL
outlet 43025 Hp Omen 16-n0001nt 6.Nesil Ryzen 9 6900HX-RTX3070TI 8GB-16Gb-1Tb-16.1inc-W11 Notebook (outlet);37.002 TL
outlet 43024 CORSAIR 480T 3xAR120 RGB FANLI 750W 80PLUS BRONZE MidT ATX SİYAH KASA (outlet);5.655 TL
outlet 43016 SAMSUNG QE 65QN70F 65inc 163 cm 4K UHD Smart Neo QLED TV,Uydu Alıcılı (outlet);54.799 TL
outlet 43015 SAMSUNG QE 65S95F 65inc 163 cm 4K UHD Smart OLED TV,Uydu Alıcılı (outlet);120.023 TL
outlet 42996 Lenovo LOQ 12.Nesil Core i5 12600HX-RTX4050 6Gb-24Gb-512Gb Ssd-15.6-W11 (outlet);43.999 TL
outlet 42975 CANON MEGATANK G4470 ÇOK FONKSİYONLU FAKS / DUBLEKS KABLOSUZ MÜREKKEP TANKLI YAZICI (outlet);7.268 TL
outlet 42974 CANON PIXMA TS3450 ÇOK FONKSİYONLU KABLOSUZ YAZICI (outlet);1.877 TL
outlet 42961 Anker Soundcore Liberty 4 NC Bluetooth Kulaklık - Beyaz (outlet);2.939 TL
outlet 42960 Anker AeroFit Pro Kulak İçi Bluetooth Kulaklık - Siyah (outlet);3.177 TL
BSWX3_Pembe outlet 42959 Bilicra Connect Akıllı Çocuk Saati - Görüntülü Görüşme Özellikli - Pembe (outlet);5.599 TL
outlet 42958 Huawei Watch GT4 46 mm Akıllı Saat Siyah (outlet);3.994 TL
outlet 42956 Xiaomi Redmi Buds 6 Play TWS Bluetooth Kulak İçi Kulaklık - Siyah (outlet);551 TL
outlet 42951 HUAWEI Freebuds SE 2 Bluetooth Kablosuz Kulak İçi Kulaklık - Seramik Beyaz (outlet);1.121 TL
outlet 42949 Anker Soundcore Note 3i Tws Kablosuz Bluetooth Kulak İçi Kulaklık - Beyaz (outlet);2.159 TL
outlet 42948 Xiaomi Redmi Watch 5 Active Gümüş (outlet);1.277 TL
outlet 42947 Anker Soundcore Liberty 4 NC Bluetooth Kulaklık - Kadife Siyahı (outlet);2.704 TL
outlet 42918 CANON PIXMA E414 ÇOK FONKSİYONLU KABLOLU YAZICI (outlet);2.239 TL
outlet 42916 JWIN MK-6143 61 TUŞLU ELEKTRONİK ORG (outlet);2.074 TL
BSWX3_Siyah outlet 42912 Bilicra Connect Akıllı Çocuk Saati - Görüntülü Görüşme Özellikli - Siyah (outlet);5.599 TL
outlet 42910 Apple İphone Magsafe Özellikli Mikro Dokuma Cüzdan- Siyah (outlet);2.141 TL
outlet 42907 Onvo ZX02 Scooter Kaskı (outlet);2.199 TL
outlet 42905 Nintendo Switch OLED Oyun Konsolu (Beyaz Joy-Con) (outlet);17.318 TL
BSWX3_Sarı outlet 42877 Bilicra Connect Akıllı Çocuk Saati - Görüntülü Görüşme Özellikli - Sarı (outlet);2.796 TL
PRIME H610M-K D4 ARGB outlet 42853 ASUS PRIME H610M-K D4 ARGB Intel H610 LGA1700 DDR4 3200 HDMI M.2 Anakart (outlet);3.327 TL
outlet 42832 Anker Soundcore Liberty 4 NC Bluetooth Kulaklık - Açık Mavi (outlet);3.057 TL
PRO B650-S WIFI outlet 42828 MSI PRO B650-S WIFI 7200(OC) DDR5 Soket AM5 USB 3.2 M.2 HDMI DP ATX Anakart (outlet);6.572 TL
outlet 42826 Anker Soundcore Liberty 4 NC Bluetooth Kulaklık - Açık Mavi (outlet);3.057 TL
BSWX4_Pembe outlet 42825 Bilicra Round Akıllı Çocuk Saati - Pembe (outlet);4.439 TL
outlet 42824 Anker Soundcore Liberty 4 NC Bluetooth Kulaklık - Beyaz (outlet);2.939 TL
outlet 42822 Anker Soundcore AeroClip OWS Klipsli Kulaklık - Siyah (outlet);2.796 TL
outlet 42816 Anker Soundcore K20i Kulak İçi Bluetooth Kulaklık - Siyah (outlet);879 TL
outlet 42814 Philips BRE710/05 8000 Serisi Islak ve Kuru Epilasyon Cihazı (outlet);2.112 TL
outlet 42721 Braun Silk-Expert Pro5 PL5146 IPL Tüy Alma, Çanta, Venus Tıraş Makinesi, 2 Başlıklı (outlet);16.799 TL
outlet 42703 TCL Onetouch 5023 Tuşlu Telefon Volcano Black (outlet);3.599 TL
"outlet 42685 ASUS 27"" TUF GAMING VG279Q5A 0.3Ms 200Hz FULL HD IPS GAMING MONITOR (outlet)";5.923 TL
outlet 42684 Infinix XW1 Akıllı Saat Siyah (outlet);724 TL
outlet 42668 Lenovo LOQ 12.Nesil Core i5 12600HX-RTX4050 6Gb-24Gb-512Gb Ssd-15.6-W11 (outlet);43.999 TL
"outlet 42666 ASUS 32"" ROG STRIX XG32UCDS 0.03Ms 165Hz 4K QD-OLED GAMING MONITOR (outlet)";34.639 TL
"outlet 42665 ASUS 27""ROG STRIX XG27UCS 1Ms 160Hz 4K GAMING MONITOR (outlet)";14.837 TL
PRIME B650M-R outlet 42647 ASUS PRIME B650M-R AMD B650M Soket AM5 mATX DDR5 7000MHz (OC) M.2 Anakart (outlet);3.653 TL
PRIME H610M-K D4 ARGB outlet 42646 ASUS PRIME H610M-K D4 ARGB Intel H610 LGA1700 DDR4 3200 HDMI M.2 Anakart (outlet);3.327 TL
PRIME A620M-K outlet 42645 ASUS PRIME A620M-K 6400MHz(OC) DDR5 Soket AM5 M.2 HDMI VGA mATX Anakart (outlet);3.488 TL
PRIME B650M-R outlet 42644 ASUS PRIME B650M-R AMD B650M Soket AM5 mATX DDR5 7000MHz (OC) M.2 Anakart (outlet);3.653 TL
PRIME Z890M-PLUS WIFI outlet 42643 ASUS PRIME Z890M-PLUS WIFI Intel Z890 Soket 1851 DDR5 8400Mhz (OC) M.2 Anakart (outlet);6.396 TL
outlet 42641 TCL Onetouch 4022S Tuşlu Telefon Gray (outlet);2.799 TL
BILICRA TTX1 outlet 42638 Bilicra TTX1 (Kameralı) Tuşlu Telefon Siyah (outlet);1.798 TL
BILICRA TTX1 outlet 42637 Bilicra TTX1 (Kameralı) Tuşlu Telefon Siyah (outlet);1.798 TL
outlet 42627 Apple Watch SE 2 GPS 44mm Silver Aluminium Case with Denim Sport Band - S/M 2024 (outlet);9.334 TL
outlet 42622 Hometech Gtx Jaculus 2Ghz 8Gb 128Gb 10.4''Fhd 4G LTE Android Gaming Tablet (outlet);4.349 TL
outlet 42620 Hometech Gtx Jaculus 2Ghz 8Gb 128Gb 10.4''Fhd 4G LTE Android Gaming Tablet (outlet);4.349 TL
outlet 42613 SAMSUNG UE 32H5000 32inc 80 cm HD Smart TV,Uydu Alıcılı (outlet);9.903 TL
outlet 42602 STEELSERIES AEROX 3 ONYX 8500 DPI KABLOLU GAMING MOUSE (outlet);1.380 TL
"outlet 42593 HP N8Y92EA INTEL CORE İ7 4785T 2.2 GHZ 16 GB 2 TB 4 GB AMD R7 A360 WIN10 27"" (outlet)";59.319 TL
outlet 42589 HP DESKJET INK ADVANTAGE ULTRA 4927 ÇOK FONKSİYONLU KABLOSUZ MÜREKKEP YAZICI (outlet);2.805 TL
outlet 42588 Electrolux EP81UB25GG Ultimate Dikey Şarjlı Süpürge (outlet);10.467 TL
outlet 42587 Electrolux EP81HB25SH Hygenic 800 Dikey Şarjlı Süpürge (outlet);10.942 TL
outlet 42406 Asus Vivobook S14 Oled Ryzen AI 7 350-24Gb-512Gb Ssd-14inc-W11 (outlet);35.759 TL
MD 20 outlet 42402 Oral-B MD20 AQUACARE 4 Oxyjet Şarjlı Ağız Duşu (outlet);2.850 TL
"outlet 42395 ASUS 27""ROG STRIX XG27UCS 1Ms 160Hz 4K GAMING MONITOR (outlet)";14.837 TL
outlet 42387 Xiaomi Redmi Buds 6 Play TWS Bluetooth Kulak İçi Kulaklık - Siyah (outlet);551 TL
outlet 42385 Anker Soundcore Liberty 4 NC Bluetooth Kulaklık - Beyaz (outlet);2.939 TL
outlet 42375 Lenovo Ideapad Slim 3 13.Nesil Core i7 13620H-16Gb-512Gb Ssd-15.3inc-W11 (outlet);35.199 TL
V30_Beyaz outlet 42371 Vivo V30 12/256 Gb Akıllı Telefon Beyaz (outlet);18.396 TL
Y29_beyaz outlet 42369 Vivo Y29 8/256 Gb Akıllı Telefon Beyaz (outlet);13.599 TL
outlet 42368 Vivo V30lite (8+256) Akıllı Telefon Mercan Siyahı (outlet);11.700 TL
outlet 42363 Vivo Y29s 5G 6/128GB Akıllı Telefon Altın (outlet);11.199 TL
outlet 42361 Hometech Gtx Jaculus 2Ghz 8Gb 128Gb 10.4''Fhd 4G LTE Android Gaming Tablet (outlet);4.349 TL
outlet 42356 Apple Watch Series 11 GPS Cellular 46mm Space Grey Aluminium Case Black Sport Band - M/L (outlet);31.599 TL
outlet 42352 TCL Onetouch 4022S Tuşlu Telefon Gray (outlet);2.799 TL
outlet 42351 TCL Onetouch 4022S Tuşlu Telefon Gray (outlet);2.799 TL
outlet 42350 TCL Onetouch 4022S Tuşlu Telefon Gray (outlet);2.799 TL
outlet 42349 TCL Onetouch 4022S Tuşlu Telefon Gray (outlet);2.799 TL
outlet 42348 TCL Onetouch 4022S Tuşlu Telefon Gray (outlet);2.799 TL
outlet 42346 TCL Onetouch 5023 Tuşlu Telefon Volcano Black (outlet);2.799 TL
outlet 42345 TCL Onetouch 4022S Tuşlu Telefon Gray (outlet);2.799 TL
PRIME X870-P outlet 42344 ASUS PRIME X870-P AMD X870 Soket AM5 DDR5 8000MHz(OC) M.2 Anakart (outlet);11.169 TL
PRIME B650M-R outlet 42342 ASUS PRIME B650M-R AMD B650M Soket AM5 mATX DDR5 7000MHz (OC) M.2 Anakart (outlet);3.581 TL
outlet 42341 TCL Onetouch 5041 (No camera) Tuşlu Telefon Gri (outlet);2.399 TL
outlet 42325 SAMSUNG QE 55QN70F 55inc 138 cm 4K UHD Smart Neo QLED TV,Uydu Alıcılı (outlet);41.054 TL
outlet 42324 SAMSUNG QE 55QN70F 55inc 138 cm 4K UHD Smart Neo QLED TV,Uydu Alıcılı (outlet);41.054 TL
outlet 42322 SAMSUNG QE 55QN70F 55inc 138 cm 4K UHD Smart Neo QLED TV,Uydu Alıcılı (outlet);41.054 TL
BSWX3_Mavi outlet 42315 Bilicra Connect Akıllı Çocuk Saati - Görüntülü Görüşme Özellikli - Mavi (outlet);5.599 TL
outlet 42310 HyperX Cloud Alpha Wireless Kablosuz Mikrofonlu Kulak Üstü Oyuncu Kulaklığı (outlet);5.558 TL
outlet 42309 HyperX Cloud III Wireless Kablosuz Kulak Üstü Oyuncu Kulaklığı - Kırmızı (outlet);4.663 TL
Floor One S3 outlet 42304 Tineco Floor One S3 Kendini Temizleyen Akıllı Islak Kuru Kablosuz Dikey Şarjlı Süpürge (outlet);10.838 TL
Floor One S3 outlet 42303 Tineco Floor One S3 Kendini Temizleyen Akıllı Islak Kuru Kablosuz Dikey Şarjlı Süpürge (outlet);10.838 TL
PRIME Z790M-PLUS outlet 42282 ASUS PRIME Z790M-PLUS INTEL Soket 1700 DDR5 7200MHz (O.C.) M.2 Anakart (outlet);7.312 TL
outlet 42280 TCL Onetouch 4022S Tuşlu Telefon Gray (outlet);2.799 TL
Rm 12Pro_8GB+256GB_Bej outlet 42277 Realme 12 Pro 8/256GB Akıllı Telefon Kâşif Beji (outlet);11.126 TL
Rm 12Pro_8GB+256GB_Mavi outlet 42276 Realme 12 Pro 8/256GB Akıllı Telefon Denizci Mavisi (outlet);11.234 TL
RMX3851_Gümüş outlet 42274 Realme GT6 (RMX3851) 16+512 Metalik Gümüş (outlet);22.396 TL
V30_Siyah outlet 42273 Vivo V30 12/256 Gb Akıllı Telefon Siyah (outlet);18.396 TL
outlet 42254 Acer Nitro V 15 7.Nesil Ryzen 5 7535HS-RTX3050 6Gb-16Gb-512Gb Ssd-15.6inc-W11 (outlet);29.596 TL
outlet 42247 Xiaomi Redmi Buds 6 Active TWS Kulak İçi Bluetooth Kulaklık - Beyaz (outlet);643 TL
Rm 12Pro_8GB+256GB_Bej outlet 42228 Realme 12 Pro 8/256GB Akıllı Telefon Kâşif Beji (outlet);11.126 TL
outlet 42221 HUAWEI BAND 10 SİYAH (outlet);1.105 TL
outlet 42220 Anker Soundcore Liberty 4 NC Bluetooth Kulaklık - Beyaz (outlet);2.939 TL
outlet 42219 HUAWEI Freebuds SE 2 Bluetooth Kablosuz Kulak İçi Kulaklık - Seramik Beyaz (outlet);1.121 TL
outlet 42218 Apple AirTag (Tekli Paket) (outlet);1.159 TL
outlet 42217 Hometech Gtx Jaculus 2Ghz 8Gb 128Gb 10.4''Fhd 4G LTE Android Gaming Tablet (outlet);4.349 TL
outlet 42216 Hometech Gtx Jaculus 2Ghz 8Gb 128Gb 10.4''Fhd 4G LTE Android Gaming Tablet (outlet);4.349 TL
outlet 42215 Hometech Gtx Jaculus 2Ghz 8Gb 128Gb 10.4''Fhd 4G LTE Android Gaming Tablet (outlet);4.349 TL
outlet 42214 Hometech Gtx Jaculus 2Ghz 8Gb 128Gb 10.4''Fhd 4G LTE Android Gaming Tablet (outlet);4.349 TL
outlet 42213 Hometech Gtx Jaculus 2Ghz 8Gb 128Gb 10.4''Fhd 4G LTE Android Gaming Tablet (outlet);4.349 TL
outlet 42209 Lenovo Idea Tab Pro 2.2Ghz 8Gb 256Gb 12.7inch' 3K- Android Tablet (outlet);15.199 TL
TUF GAMING X870-PLUS WIFI outlet 42203 ASUS TUF GAMING X870-PLUS WIFI AMD X870 Soket AM5 DDR5 8000MHz(OC) M.2 Anakart (outlet);15.311 TL
PRIME H610M-K outlet 42200 ASUS PRIME H610M-K Intel H610 Soket 1700 DDR5 5600MHz M.2 Anakart (outlet);3.527 TL
outlet 42186 COOLER MASTER MASTERLIQUID ML240L V2 2x120mm RGB LED SIVI SOĞUTMA SİSTEMİ (outlet);3.011 TL
outlet 42173 SAMSUNG QE 65S95F 65inc 163 cm 4K UHD Smart OLED TV,Uydu Alıcılı (outlet);120.023 TL
BSWX3_Siyah outlet 42163 Bilicra Connect Akıllı Çocuk Saati - Görüntülü Görüşme Özellikli - Siyah (outlet);5.599 TL
BSWX3_Siyah outlet 42161 Bilicra Connect Akıllı Çocuk Saati - Görüntülü Görüşme Özellikli - Siyah (outlet);5.599 TL
BSWX3_Pembe outlet 42160 Bilicra Connect Akıllı Çocuk Saati - Görüntülü Görüşme Özellikli - Pembe (outlet);5.599 TL
BSWX3_Mavi outlet 42159 Bilicra Connect Akıllı Çocuk Saati - Görüntülü Görüşme Özellikli - Mavi (outlet);5.599 TL
outlet 42142 RAZER NOMMO V2 X GAMING PC HOPARLÖR (outlet);4.468 TL
outlet 42139 RAZER BLACKWIDOW V3 TE GAMING KLAVYE-TR (outlet);3.441 TL
outlet 42138 Lenovo LOQ 12.Nesil Core i5 12600HX-RTX4050 6Gb-24Gb-512Gb Ssd-15.6-W11 (outlet);43.999 TL
outlet 42133 EPSON ECOTANK L14150 ÇOK FONKSİYONLU FAKS/ADF /DUBLEKS/A3 KABLOSUZ MÜREKKEP TANKLI YAZICI (outlet);25.599 TL
Xiaomi W20 outlet 42130 Xiaomi Truclean W20 Islak Kuru Şarjlı Dikey Süpürge (outlet);7.361 TL
Xiaomi G20 outlet 42126 Xiaomi G20 Şarjlı Dikey Süpürge Beyaz (outlet);7.836 TL
outlet 42125 Navee V50 500W Elektrikli Scooter (outlet);10.570 TL
outlet 42113 Asus Vivobook S15 Oled Core Ultra 5 125H-16Gb-512Gb-15.6inc-W11 (outlet);35.797 TL
FA507NUR-LP016W-Gaming outlet 42112 Asus Tuf Gaming A15 7.Nesil Ryzen 7 7435HS-RTX4050 6Gb-16Gb-512Gb Ssd-15.6inc-W11 (outlet);39.906 TL
outlet 42110 MacBook Pro MPHF3TU/A M2 Pro 16Gb-1Tb Ssd-Liquid Retina-14inc-Uzay Grisi (outlet);72.812 TL
PRIME B650M-R outlet 42109 ASUS PRIME B650M-R AMD B650M Soket AM5 mATX DDR5 7000MHz (OC) M.2 Anakart (outlet);3.538 TL
TUF GAMING B850M-PLUS WIFI outlet 42108 ASUS TUF GAMING B850M-PLUS WIFI AMD B850 Soket AM5 DDR5 8000MHz(OC) M.2 Anakart (outlet);8.759 TL
PRIME X670-P WIFI outlet 42107 ASUS PRIME X670-P WIFI AMD X670 Soket AM5 DDR5 6400MHz(OC) M.2 Anakart (outlet);8.796 TL
PRIME H610M-K D4 ARGB outlet 42105 ASUS PRIME H610M-K D4 ARGB Intel H610 LGA1700 DDR4 3200 HDMI M.2 Anakart (outlet);3.327 TL
PRIME A620M-K outlet 42104 ASUS PRIME A620M-K 6400MHz(OC) DDR5 Soket AM5 M.2 HDMI VGA mATX Anakart (outlet);3.488 TL
PRIME H610M-K ARGB outlet 42103 ASUS PRIME H610M-K ARGB 5600MHz DDR5 Soket 1700 M.2 HDMI VGA mATX Anakart (outlet);3.743 TL
PRO Z790-P WIFI outlet 42100 MSI PRO Z790-P WIFI Intel Z790 Soket 1700 DDR5 7000MHz (OC) M.2 Anakart (outlet);8.943 TL
MAG X870E TOMAHAWK WIFI outlet 42099 MSI MAG X870E TOMAHAWK WIFI AMD X870 Soket AM5 8400MHz (OC) M.2 Anakart (outlet);17.783 TL
PRO B650M-P outlet 42098 MSI PRO B650M-P AMD B650 Soket AM5 DDR5 6400MHz (OC) M.2 Anakart (outlet);4.370 TL
outlet 42096 Hometech Gtx Jaculus 2Ghz 8Gb 128Gb 10.4''Fhd 4G LTE Android Gaming Tablet (outlet);4.349 TL
BILICRA TTX1 outlet 42092 Bilicra TTX1 (Kameralı) Tuşlu Telefon Siyah (outlet);1.798 TL
BILICRA TTX1 outlet 42091 Bilicra TTX1 (Kameralı) Tuşlu Telefon Siyah (outlet);1.798 TL
outlet 42090 Infinix Note 50 8GB/256GB Akıllı Telefon Yeşil (outlet);13.956 TL
BSWX3_Pembe outlet 42086 Bilicra Connect Akıllı Çocuk Saati - Görüntülü Görüşme Özellikli - Pembe (outlet);5.599 TL
BSWX3_Siyah outlet 42085 Bilicra Connect Akıllı Çocuk Saati - Görüntülü Görüşme Özellikli - Siyah (outlet);5.599 TL
outlet 42084 Anker Soundcore Liberty 4 NC Bluetooth Kulaklık - Pastel Pembe (outlet);3.126 TL
BILICRA TTX1 outlet 42083 Bilicra TTX1 (Kameralı) Tuşlu Telefon Siyah (outlet);1.798 TL
BSWX3_Siyah outlet 42082 Bilicra Connect Akıllı Çocuk Saati - Görüntülü Görüşme Özellikli - Siyah (outlet);5.599 TL
RMX3851_Gümüş outlet 42074 Realme GT6 (RMX3851) 16+512 Metalik Gümüş (outlet);22.396 TL
outlet 42001 ELECTROLUX E5HB2-8SS CREATE 5 BLENDER SETİ (1000 W) (outlet);2.065 TL
outlet 41998 Infinix XW3 Akıllı Saat Siyah (outlet);1.359 TL
BSWX3_Siyah outlet 41997 Bilicra Connect Akıllı Çocuk Saati - Görüntülü Görüşme Özellikli - Siyah (outlet);5.599 TL
BSWX3_Mavi outlet 41996 Bilicra Connect Akıllı Çocuk Saati - Görüntülü Görüşme Özellikli - Mavi (outlet);5.599 TL
BSWX3_Siyah outlet 41995 Bilicra Connect Akıllı Çocuk Saati - Görüntülü Görüşme Özellikli - Siyah (outlet);5.599 TL
outlet 41993 Xiaomi Redmi Buds 6 Play TWS Kulak İçi Bluetooth Kulaklık - Mavi (outlet);480 TL
outlet 41992 Apple MPNY3TU/A Airpods 3. Nesil Kulaklık ve Lightning Şarj Kutusu (outlet);4.589 TL
outlet 41989 Xiaomi Redmi Buds 6 Active TWS Kulak İçi Bluetooth Kulaklık - Transparent Powder (outlet);643 TL
outlet 41988 Anker Soundcore K20i Kulak İçi Bluetooth Kulaklık - Siyah (outlet);879 TL
outlet 41987 Xiaomi Redmi Buds 6 Play TWS Bluetooth Kulak İçi Kulaklık - Pembe (outlet);448 TL
outlet 41962 TCL Alcatel MT40X Movetime Çocuk Akıllı Saati Pembe (outlet);3.281 TL
outlet 41961 Huawei Watch D 2 Akıllı Saat Siyah (outlet);11.304 TL
outlet 41957 Remington S5505 Pro Ceramic Ultra Saç Düzleştirici (outlet);1.766 TL
PRIME B760M-K outlet 41956 ASUS PRIME B760M-K Soket 1700 DDR5 7800MHz(OC) M.2 Anakart (outlet);4.800 TL
outlet 41955 TCL Onetouch 4022S Tuşlu Telefon Gray (outlet);2.799 TL
outlet 41954 TCL Onetouch 4022S Tuşlu Telefon Gray (outlet);2.799 TL
outlet 41953 TCL Onetouch 4022S Tuşlu Telefon Gray (outlet);2.799 TL
outlet 41948 TCL Onetouch 4022S Tuşlu Telefon Gray (outlet);2.799 TL
RMX3851_Yeşil outlet 41947 Realme GT6 (RMX3851) 16+512 Keskin Yeşil (outlet);25.421 TL
V40_Gri outlet 41946 Vivo V40 12/256 Gb Akıllı Telefon Titanyum Grisi (outlet);20.436 TL
outlet 41945 Vivo V30lite (8+256) Akıllı Telefon Orman Yeşili (outlet);10.956 TL
outlet 41942 Vivo V30lite (8+256) Akıllı Telefon Orman Yeşili (outlet);10.956 TL
V30_Beyaz outlet 41941 Vivo V30 12/256 Gb Akıllı Telefon Beyaz (outlet);18.396 TL
outlet 41939 Huawei Matepad Air 8Gb 128Gb 11.5inch- Emuı Tablet (outlet);12.088 TL
outlet 41938 Hometech Gtx Jaculus 2Ghz 8Gb 128Gb 10.4''Fhd 4G LTE Android Gaming Tablet (outlet);4.349 TL
outlet 41934 Hometech Gtx Jaculus 2Ghz 8Gb 128Gb 10.4''Fhd 4G LTE Android Gaming Tablet (outlet);4.349 TL
outlet 41933 Huawei Matepad Air 8Gb 128Gb 11.5inch- Emuı Tablet (outlet);12.088 TL
outlet 41912 SAMSUNG QE 77S85F 77inc 195 cm 4K UHD Smart OLED TV,Uydu Alıcılı (outlet);107.999 TL
outlet 41909 SAMSUNG QE 55QN70F 55inc 138 cm 4K UHD Smart Neo QLED TV,Uydu Alıcılı (outlet);41.054 TL
outlet 41902 SAMSUNG QE 55QN70F 55inc 138 cm 4K UHD Smart Neo QLED TV,Uydu Alıcılı (outlet);41.054 TL
outlet 41900 SAMSUNG QE 77S95F 77inc 195 cm 4K UHD Smart OLED TV,Uydu Alıcılı (outlet);177.551 TL
V30_Siyah outlet 41893 Vivo V30 12/256 Gb Akıllı Telefon Siyah (outlet);18.396 TL
V30_Beyaz outlet 41892 Vivo V30 12/256 Gb Akıllı Telefon Beyaz (outlet);18.396 TL
V30_Beyaz outlet 41891 Vivo V30 12/256 Gb Akıllı Telefon Beyaz (outlet);18.396 TL
outlet 41794 Acer Nitro V 15 7.Nesil Ryzen 5 7535HS-RTX3050 6Gb-16Gb-512Gb Ssd-15.6inc-W11 (outlet);29.596 TL
outlet 41784 Lenovo Ideapad Slim 3 13.Nesil Core i7 13620H-16Gb-512Gb Ssd-15.3inc-W11 (outlet);35.199 TL
"outlet 41776 ASUS 27"" VG27AQ1A 1Ms(MPRT) 170Hz 2K IPS GAMING MONITOR (outlet)";6.391 TL
outlet 41763 RAZER VIPER V3 HYPERSPEED 30000 DPI KABLOSUZ GAMING MOUSE (outlet);2.461 TL
outlet 41758 Anker Soundcore K20i Kulak İçi Bluetooth Kulaklık - Siyah (outlet);879 TL
outlet 41756 Anker Soundcore K20i Kulak İçi Bluetooth Kulaklık - Beyaz (outlet);696 TL
outlet 41754 Anker Soundcore Sport X20 Bluetooth Kulak İçi Spor Kulaklık - Siyah (outlet);2.642 TL
outlet 41753 HP DESKJET INK ADVANTAGE ULTRA 4927 ÇOK FONKSİYONLU KABLOSUZ MÜREKKEP YAZICI (outlet);2.805 TL
outlet 41752 EPSON ECOTANK L6490 ÇOK FONKSİYONLU FAKS / ADF / DUBLEKS KABLOSUZ MÜREKKEP TANKLI YAZICI (outlet);17.748 TL
outlet 41751 Stanley The Aerolight Transit Mug 0.47 Lt (Açık Pembe) (outlet);1.260 TL
BSWX3_Mavi outlet 41749 Bilicra Connect Akıllı Çocuk Saati - Görüntülü Görüşme Özellikli - Mavi (outlet);5.599 TL
outlet 41747 HUAWEI Watch GT 3 Elegant 42mm – Altin Demo (outlet);5.287 TL
outlet 41743 Infinix XW3 Akıllı Saat Gri (outlet);1.359 TL
TUF GAMING B860M-PLUS WIFI outlet 41742 ASUS TUF GAMING B860M-PLUS WIFI Intel B860 Soket 1851 DDR5 8800Mhz (OC) M.2 Anakart (outlet);8.615 TL
"outlet 41733 ASUS 15,6"" MB16AMT ZENSCREEN TASINABILIR DOKUNMATIK IPS FULL HD MONITOR (outlet)";14.459 TL
outlet 41729 Hp Victus 16-d1034nt 12.Nesil Core i7 12700H-RTX3060 6Gb-16Gb-512Ssd-16.1inc-W11 Notebook (outlet);44.312 TL
outlet 41723 HyperX Cloud III Wireless Kablosuz Kulak Üstü Oyuncu Kulaklığı - Kırmızı (outlet);4.663 TL
outlet 41722 HyperX Cloud Alpha Wireless Kablosuz Mikrofonlu Kulak Üstü Oyuncu Kulaklığı (outlet);5.558 TL
PRO Z790-P WIFI outlet 41720 MSI PRO Z790-P WIFI Intel Z790 Soket 1700 DDR5 7000MHz (OC) M.2 Anakart (outlet);8.943 TL
TUF GAMING B850M-PLUS outlet 41717 ASUS TUF GAMING B850M-PLUS AMD B850 Soket AM5 DDR5 8000MHz(OC) M.2 Anakart (outlet);8.847 TL
PRIME H610M-K ARGB outlet 41714 ASUS PRIME H610M-K ARGB 5600MHz DDR5 Soket 1700 M.2 HDMI VGA mATX Anakart (outlet);3.743 TL
PRIME Z890M-PLUS WIFI outlet 41713 ASUS PRIME Z890M-PLUS WIFI Intel Z890 Soket 1851 DDR5 8400Mhz (OC) M.2 Anakart (outlet);6.396 TL
outlet 41696 Braun Silk-Epil 3 SE3000 Epilasyon Cihazı (outlet);1.116 TL
outlet 41695 HUAWEI BAND 10 SİYAH (outlet);1.105 TL
BSWX3_Kırmızı outlet 41694 Bilicra Connect Akıllı Çocuk Saati - Görüntülü Görüşme Özellikli - Kırmızı (outlet);3.474 TL
BSWX3_Kırmızı outlet 41693 Bilicra Connect Akıllı Çocuk Saati - Görüntülü Görüşme Özellikli - Kırmızı (outlet);3.474 TL
outlet 41692 TCL Onetouch 4022S Tuşlu Telefon Gray (outlet);2.799 TL
BSWX3_Siyah outlet 41691 Bilicra Connect Akıllı Çocuk Saati - Görüntülü Görüşme Özellikli - Siyah (outlet);5.599 TL
outlet 41685 TCL Onetouch 4022S Tuşlu Telefon Gray (outlet);2.799 TL
BSWX3_Pembe outlet 41682 Bilicra Connect Akıllı Çocuk Saati - Görüntülü Görüşme Özellikli - Pembe (outlet);5.599 TL
BSWX3_Siyah outlet 41681 Bilicra Connect Akıllı Çocuk Saati - Görüntülü Görüşme Özellikli - Siyah (outlet);5.599 TL
BSWX3_Kırmızı outlet 41680 Bilicra Connect Akıllı Çocuk Saati - Görüntülü Görüşme Özellikli - Kırmızı (outlet);3.474 TL
outlet 41678 Vivo V30lite (8+256) Akıllı Telefon Mercan Siyahı (outlet);11.700 TL
"outlet 41663 DELL 27"" AW2723DF 1Ms 280Hz ULTRA FAST NANO IPS 2K G-SYNC PRO GAMING MONITOR (outlet)";16.868 TL
outlet 41635 General Mobile GM 24 Pro Swan White 8+8 GB RAM 256 GB Cep Telefonu (outlet);9.051 TL
"outlet 41608 ASUS 27""ROG STRIX XG27UCS 1Ms 160Hz 4K GAMING MONITOR (outlet)";14.562 TL
outlet 41604 SAMSUNG UE 43U8000 43inc 108 cm 4K UHD Smart TV,Uydu Alıcılı (outlet);17.648 TL
outlet 41603 SAMSUNG QE 83S95F 83inc 209 cm 4K UHD Smart OLED TV,Uydu Alıcılı (outlet);242.783 TL
outlet 41591 PHILIPS TAT2236BK/00 GERÇEK KABLOSUZ TWS KULAK İÇİ KULAKLIK- SİYAH (outlet);667 TL
outlet 41590 Anker Soundcore Liberty 4 NC Bluetooth Kulaklık - Beyaz (outlet);2.939 TL
outlet 41589 Anker Soundcore Life Q20+ ANC Bluetooth Kulaklık - Siyah (outlet);1.657 TL
outlet 41588 RAZER ORNATA V3 TKNY KBL. TR LAYOUT GAMING KLAVYE (outlet);2.222 TL
outlet 41587 HUAWEI Freebuds SE 2 Bluetooth Kablosuz Kulak İçi Kulaklık - Seramik Beyaz (outlet);1.121 TL
AMZ_CHEETAH (ROUND)_GREY outlet 41581 Amazfit Cheetah (Round) Akıllı Saat Speedster Grey (outlet);6.660 TL
outlet 41579 TCL MT42X Movetime Family Watch 2 Akıllı Saat Turuncu/Gri (outlet);4.333 TL
outlet 41571 Apple Watch SE 2 GPS 44mm Midnight Aluminium Case with Midnight Sport Band - S/M 2024 (outlet);9.366 TL
MAG B650 TOMAHAWK WIFI outlet 41556 MSI MAG B650 TOMAHAWK WIFI AMD B650 Soket AM5 DDR5 6600MHz (OC) M.2 Anakart (outlet);9.259 TL
PRIME H610M-K D4 outlet 41555 ASUS PRIME H610M-K D4 Intel H610 Soket 1700 DDR4 3200MHz M.2 Anakart (outlet);4.007 TL
PRIME B650M-R outlet 41554 ASUS PRIME B650M-R AMD B650M Soket AM5 mATX DDR5 7000MHz (OC) M.2 Anakart (outlet);3.538 TL
PRIME H610M-K ARGB outlet 41552 ASUS PRIME H610M-K ARGB 5600MHz DDR5 Soket 1700 M.2 HDMI VGA mATX Anakart (outlet);3.743 TL
PRIME A620M-K outlet 41551 ASUS PRIME A620M-K 6400MHz(OC) DDR5 Soket AM5 M.2 HDMI VGA mATX Anakart (outlet);3.488 TL
PRIME B840M-A WIFI outlet 41550 ASUS PRIME B840M-A WIFI AMD B840 Soket AM5 DDR5 7600MHz(OC) M.2 Anakart (outlet);7.087 TL
PRIME B860-PLUS WIFI outlet 41549 ASUS PRIME B860-PLUS WIFI Intel B860 Soket 1851 DDR5 8200Mhz (OC) M.2 Anakart (outlet);6.415 TL
outlet 41541 HUAWEI BAND 10 SİYAH (outlet);1.105 TL
outlet 41540 TCL Onetouch 4022S Tuşlu Telefon Gray (outlet);2.799 TL
V40_Gri outlet 41539 Vivo V40 12/256 Gb Akıllı Telefon Titanyum Grisi (outlet);20.436 TL
Vivo_V50_Gri outlet 41530 Vivo V50 5G 12/256GB Akıllı Telefon Titanyum Grisi (outlet);22.294 TL
outlet 41523 Hometech Gtx Jaculus 2Ghz 8Gb 128Gb 10.4''Fhd 4G LTE Android Gaming Tablet (outlet);4.349 TL
outlet 41522 Hometech Gtx Jaculus 2Ghz 8Gb 128Gb 10.4''Fhd 4G LTE Android Gaming Tablet (outlet);4.349 TL
ROG STRIX X870-F GAMING WIFI outlet 41519 ASUS ROG STRIX X870-F GAMING WIFI AMD X870 Soket AM5 DDR5 8000MHz(OC) M.2 Anakart (outlet);17.066 TL
PRIME B850-PLUS WIFI outlet 41518 ASUS PRIME B850-PLUS WIFI AMD B850 Soket AM5 DDR5 8000MHz(OC) M.2 Anakart (outlet);8.655 TL
PRIME H610M-K ARGB outlet 41517 ASUS PRIME H610M-K ARGB 5600MHz DDR5 Soket 1700 M.2 HDMI VGA mATX Anakart (outlet);3.743 TL
PRIME B650M-R outlet 41516 ASUS PRIME B650M-R AMD B650M Soket AM5 mATX DDR5 7000MHz (OC) M.2 Anakart (outlet);3.538 TL
PRO Z890-P WIFI outlet 41515 MSI PRO Z890-P WIFI Z890 Soket 1851 DDR5 9200MHz (OC) M.2 Anakart (outlet);11.671 TL
outlet 41513 Hometech Gtx Jaculus 2Ghz 8Gb 128Gb 10.4''Fhd 4G LTE Android Gaming Tablet (outlet);4.349 TL
FA507NUR-LP016W-Gaming outlet 41491 Asus Tuf Gaming A15 7.Nesil Ryzen 7 7435HS-RTX4050 6Gb-16Gb-512Gb Ssd-15.6inc-W11 (outlet);39.906 TL
outlet 41485 Lenovo Legion Pro 7 14.Nesil Core i9 14900HX-RTX4080 12Gb-32Gb-1Tb Ssd-16inc-W11 (outlet);120.484 TL
outlet 41484 Philips HR1832/00 Viva Collection Katı Meyve Sıkacağı (outlet);3.640 TL
outlet 41415 SAMSUNG UE 43U8000 43inc 108 cm 4K UHD Smart TV,Uydu Alıcılı (outlet);17.648 TL
PRIME X870-P outlet 41375 ASUS PRIME X870-P AMD X870 Soket AM5 DDR5 8000MHz(OC) M.2 Anakart (outlet);11.169 TL
PRIME B650M-R outlet 41374 ASUS PRIME B650M-R AMD B650M Soket AM5 mATX DDR5 7000MHz (OC) M.2 Anakart (outlet);3.538 TL
PRIME H610M-K ARGB outlet 41373 ASUS PRIME H610M-K ARGB 5600MHz DDR5 Soket 1700 M.2 HDMI VGA mATX Anakart (outlet);3.743 TL
PRIME B650M-R outlet 41372 ASUS PRIME B650M-R AMD B650M Soket AM5 mATX DDR5 7000MHz (OC) M.2 Anakart (outlet);3.538 TL
TUF GAMING B850M-PLUS outlet 41371 ASUS TUF GAMING B850M-PLUS AMD B850 Soket AM5 DDR5 8000MHz(OC) M.2 Anakart (outlet);8.847 TL
PRIME H610M-K D4 outlet 41368 ASUS PRIME H610M-K D4 Intel H610 Soket 1700 DDR4 3200MHz M.2 Anakart (outlet);4.007 TL
PRIME B550M-K ARGB outlet 41367 ASUS PRIME B550M-K ARGB 5100MHz(OC) DDR4 Soket AM4 M.2 HDMI VGA DVI mATX Anakart (outlet);3.870 TL
PRIME B650M-R outlet 41364 ASUS PRIME B650M-R AMD B650M Soket AM5 mATX DDR5 7000MHz (OC) M.2 Anakart (outlet);3.538 TL
PRO H610M-E outlet 41363 MSI PRO H610M-E DDR5 INTEL H610 Soket 1700 5600MHz(OC) M.2 Anakart (outlet);2.846 TL
BSWX3_Pembe outlet 41351 Bilicra Connect Akıllı Çocuk Saati - Görüntülü Görüşme Özellikli - Pembe (outlet);5.599 TL
BSWX3_Siyah outlet 41350 Bilicra Connect Akıllı Çocuk Saati - Görüntülü Görüşme Özellikli - Siyah (outlet);5.599 TL
outlet 41349 TCL Onetouch 4022S Tuşlu Telefon Gray (outlet);2.799 TL
BILICRA TTX1 outlet 41346 Bilicra TTX1 (Kameralı) Tuşlu Telefon Siyah (outlet);1.798 TL
outlet 41341 Vivo V50 Lite 8/256GB Akıllı Telefon Altın (outlet);13.418 TL
outlet 41332 TCL Onetouch 4022S Tuşlu Telefon Gray (outlet);2.799 TL
outlet 41330 TCL Onetouch 4022S Tuşlu Telefon Gray (outlet);2.799 TL
outlet 41307 Lenovo Yoga Slim 7 Core Ultra 7 258V-32Gb-1Tb Ssd-15.3inc-W11 (outlet);52.603 TL
outlet 41255 TCL Onetouch 4022S Tuşlu Telefon Gray (outlet);2.799 TL
outlet 41253 Hometech Alfa 10BT Business 1.8Ghz 6Gb 128Gb 10.4''Fhd 4G Android Tablet (outlet);4.465 TL
outlet 41252 Huawei Matepad Air 8Gb 128Gb 11.5inch- Emuı Tablet (outlet);12.088 TL
outlet 41251 Hometech Gtx Jaculus 2Ghz 8Gb 128Gb 10.4''Fhd 4G LTE Android Gaming Tablet (outlet);4.349 TL
outlet 41250 HUAWEI BAND 10 SİYAH (outlet);1.105 TL
outlet 41237 Hometech Gtx Jaculus 2Ghz 8Gb 128Gb 10.4''Fhd 4G LTE Android Gaming Tablet (outlet);4.349 TL
outlet 41236 Hometech Gtx Jaculus 2Ghz 8Gb 128Gb 10.4''Fhd 4G LTE Android Gaming Tablet (outlet);4.349 TL
BSWX3_Siyah outlet 41235 Bilicra Connect Akıllı Çocuk Saati - Görüntülü Görüşme Özellikli - Siyah (outlet);5.599 TL
outlet 41222 Lenovo Ideapad Düet 5 13.Nesil Core i7 1355U-16Gb-512Gb Ssd-12.4inc-W11 (outlet);37.121 TL
outlet 41219 MacBook Air MW1L3TU/A M4 16Gb-256Gb Ssd-Liquid Retina-15.3inc-Gece Yarısı (outlet);47.276 TL
outlet 41196 SAMSUNG UE 32H5000 32inc 80 cm HD Smart TV,Uydu Alıcılı (outlet);9.903 TL
PRIME A620M-K outlet 41186 ASUS PRIME A620M-K 6400MHz(OC) DDR5 Soket AM5 M.2 HDMI VGA mATX Anakart (outlet);3.488 TL
PRIME A620M-K outlet 41180 ASUS PRIME A620M-K 6400MHz(OC) DDR5 Soket AM5 M.2 HDMI VGA mATX Anakart (outlet);3.488 TL
PRIME B760M-K D4 outlet 41152 ASUS PRIME B760M-K D4 Soket 1700 DDR4 5333MHz(OC) M.2 Anakart (outlet);3.916 TL
outlet 41151 Hometech Gtx Jaculus 2Ghz 8Gb 128Gb 10.4''Fhd 4G LTE Android Gaming Tablet (outlet);4.349 TL
RMX3851_Gümüş outlet 41150 Realme GT6 (RMX3851) 16+512 Metalik Gümüş (outlet);22.396 TL
SC 3 EF Anniversary Edition *EU outlet 41119 Karcher SC 3 EF Anniversary *EU Buhar Temizleme Makinesi (outlet);6.598 TL
outlet 41117 PHILIPS TAT2236BK/00 GERÇEK KABLOSUZ TWS KULAK İÇİ KULAKLIK- SİYAH (outlet);667 TL
outlet 41113 PHILIPS TAH4205 MİKROFONLU BLUETOOTH KULAK ÜSTÜ KULAKLIK - SİYAH (outlet);651 TL
PRIME H610M-K ARGB outlet 41078 ASUS PRIME H610M-K ARGB 5600MHz DDR5 Soket 1700 M.2 HDMI VGA mATX Anakart (outlet);3.743 TL
PRIME B760M-K D4 outlet 41077 ASUS PRIME B760M-K D4 Soket 1700 DDR4 5333MHz(OC) M.2 Anakart (outlet);3.916 TL
PRIME A620M-K outlet 41074 ASUS PRIME A620M-K 6400MHz(OC) DDR5 Soket AM5 M.2 HDMI VGA mATX Anakart (outlet);3.488 TL
outlet 41072 Lenovo Ideapad Slim 3 13.Nesil Core i7 13620H-16Gb-512Gb Ssd-15.3inc-W11 (outlet);35.199 TL
outlet 41054 TCL Onetouch 4022S Tuşlu Telefon Gray (outlet);2.799 TL
outlet 41049 Vivo V50 Lite 8/256GB Akıllı Telefon Altın (outlet);13.418 TL
outlet 41005 ACER X152H FULLHD(1920X1080),3000 ANSİ L.,10.000:1 KONTRAST,4500 SAAT LAMBA ÖMRÜ (outlet);32.983 TL
outlet 40987 GOLDMASTER SPECIAL GM-9110 10'U BİR ARADA ERKEK BAKIM SETİ (outlet);701 TL
outlet 40817 RAZER DEATHADDER ESSENTIAL 6400 DPI KABLOLU GAMING MOUSE-BEYAZ (outlet);1.199 TL
outlet 40809 Braun Silk-Epil 3 SE3000 Epilasyon Cihazı (outlet);1.116 TL
BSWX3_Mavi outlet 40808 Bilicra Connect Akıllı Çocuk Saati - Görüntülü Görüşme Özellikli - Mavi (outlet);5.599 TL
PRIME B650M-R outlet 40804 ASUS PRIME B650M-R AMD B650M Soket AM5 mATX DDR5 7000MHz (OC) M.2 Anakart (outlet);3.538 TL
TUF GAMING B850M-PLUS WIFI outlet 40802 ASUS TUF GAMING B850M-PLUS WIFI AMD B850 Soket AM5 DDR5 8000MHz(OC) M.2 Anakart (outlet);8.759 TL
PRIME X670-P WIFI outlet 40800 ASUS PRIME X670-P WIFI AMD X670 Soket AM5 DDR5 6400MHz(OC) M.2 Anakart (outlet);8.796 TL
PRIME Z790M-PLUS outlet 40799 ASUS PRIME Z790M-PLUS INTEL Soket 1700 DDR5 7200MHz (O.C.) M.2 Anakart (outlet);7.312 TL
PRIME H610M-K outlet 40796 ASUS PRIME H610M-K Intel H610 Soket 1700 DDR5 5600MHz M.2 Anakart (outlet);3.527 TL
V_Fold2_Yeşil outlet 40790 Tecno Phantom V Fold 2 12/512GB Akıllı Telefon Karst Yeşil (outlet);42.812 TL
outlet 40786 Hometech Gtx Jaculus 2Ghz 8Gb 128Gb 10.4''Fhd 4G LTE Android Gaming Tablet (outlet);4.349 TL
V29_Altın outlet 40782 Vivo V29lite 5G (8+256) Akıllı Telefon Altın Işıltısı (outlet);12.796 TL
Y29_kahverengi outlet 40778 Vivo Y29 8/256 Gb Akıllı Telefon Kahverengi (outlet);13.599 TL
outlet 40740 MacBook Pro MPHF3TU/A M2 Pro 16Gb-1Tb Ssd-Liquid Retina-14inc-Uzay Grisi (outlet);72.812 TL
outlet 40711 Take 2 Xbox SX Oyun Nba 2K24 Kobe Bryant Edition (outlet);556 TL
outlet 40644 Gomaster Knight Elektrikli Kaykay (outlet);10.089 TL
outlet 40627 SAMSUNG QE 55QN70F 55inc 138 cm 4K UHD Smart Neo QLED TV,Uydu Alıcılı (outlet);41.054 TL
TUF GAMING B850M-PLUS outlet 40598 ASUS TUF GAMING B850M-PLUS AMD B850 Soket AM5 DDR5 8000MHz(OC) M.2 Anakart (outlet);8.847 TL
PRIME H610M-K ARGB outlet 40597 ASUS PRIME H610M-K ARGB 5600MHz DDR5 Soket 1700 M.2 HDMI VGA mATX Anakart (outlet);3.743 TL
outlet 40563 Microsoft Xbox Wireless Oyun Kumanda (Beyaz) (outlet);3.027 TL
outlet 40562 Microsoft Xbox Wireless Oyun Kumanda (Beyaz) (outlet);3.027 TL
Xiaomi_Camera outlet 40561 Bundle Xiaomi Smart Camera C300 (outlet);19.200 TL
PRIME X870-P outlet 40553 ASUS PRIME X870-P AMD X870 Soket AM5 DDR5 8000MHz(OC) M.2 Anakart (outlet);11.169 TL
outlet 40534 PHILIPS TAT2236GR/00 GERÇEK KABLOSUZ TWS KULAK İÇİ KULAKLIK- YEŞİL (outlet);700 TL
Roborock S8 Beyaz outlet 40527 Roborock S8 Sonic Robot Süpürge Beyaz (outlet);17.832 TL
outlet 40525 PHILIPS HR3030/00 PROBLEND CAM HAZNELİ SMOOTHIE BLENDER (1200 W.) (outlet);3.706 TL
PRIME H610M-K outlet 40487 ASUS PRIME H610M-K Intel H610 Soket 1700 DDR5 5600MHz M.2 Anakart (outlet);3.527 TL
PRIME H610M-K ARGB outlet 40485 ASUS PRIME H610M-K ARGB 5600MHz DDR5 Soket 1700 M.2 HDMI VGA mATX Anakart (outlet);3.743 TL
PRIME H610M-K outlet 40484 ASUS PRIME H610M-K Intel H610 Soket 1700 DDR5 5600MHz M.2 Anakart (outlet);3.527 TL
VIOMI V5 PRO outlet 40473 Viomi V5 Pro Vacuum Cleaner Mop Akıllı Robot Süpürge (outlet);7.862 TL
VIOMI V5 PRO outlet 40472 Viomi V5 Pro Vacuum Cleaner Mop Akıllı Robot Süpürge (outlet);7.862 TL
VIOMI V5 PRO outlet 40471 Viomi V5 Pro Vacuum Cleaner Mop Akıllı Robot Süpürge (outlet);7.862 TL
VIOMI V5 PRO outlet 40470 Viomi V5 Pro Vacuum Cleaner Mop Akıllı Robot Süpürge (outlet);7.862 TL
outlet 40464 Apple AirTag (Tekli Paket) (outlet);1.158 TL
outlet 40453 Anker Soundcore Liberty 4 NC Bluetooth Kulaklık - Pastel Pembe (outlet);2.442 TL
outlet 40452 Anker Soundcore K20i Kulak İçi Bluetooth Kulaklık - Siyah (outlet);879 TL
PRIME B650M-R outlet 40450 ASUS PRIME B650M-R AMD B650M Soket AM5 mATX DDR5 7000MHz (OC) M.2 Anakart (outlet);3.538 TL
PRIME A620M-K outlet 40449 ASUS PRIME A620M-K 6400MHz(OC) DDR5 Soket AM5 M.2 HDMI VGA mATX Anakart (outlet);3.488 TL
PRO H610M-E outlet 40448 MSI PRO H610M-E DDR5 INTEL H610 Soket 1700 5600MHz(OC) M.2 Anakart (outlet);2.846 TL
PRO Z790-A MAX WIFI outlet 40447 MSI PRO Z790-A MAX WIFI Intel Z790 Soket 1700 DDR5 7800MHz (OC) M.2 Anakart (outlet);10.563 TL
PRIME H610M-K outlet 40446 ASUS PRIME H610M-K Intel H610 Soket 1700 DDR5 5600MHz M.2 Anakart (outlet);3.527 TL
PRIME A620M-K outlet 40444 ASUS PRIME A620M-K 6400MHz(OC) DDR5 Soket AM5 M.2 HDMI VGA mATX Anakart (outlet);3.488 TL
PRIME A620M-K outlet 40443 ASUS PRIME A620M-K 6400MHz(OC) DDR5 Soket AM5 M.2 HDMI VGA mATX Anakart (outlet);3.488 TL
PRO X870-P WIFI outlet 40436 MSI PRO X870-P WIFI AMD X870 Soket AM5 DDR5 8200MHZ(OC) M.2 Anakart (outlet);13.271 TL
outlet 40433 Anker Soundcore K20i Kulak İçi Bluetooth Kulaklık - Beyaz (outlet);696 TL
outlet 40426 Philips LatteGo EP5544/80 Tam Otomatik Espresso Makinesi (outlet);23.199 TL
outlet 40391 ASUS Mini PC PB63 INTEL CORE İ5 13400 3.3GHZ 16GB 512GB SSD INTEL UHD730 WIN11 PRO (outlet);51.007 TL
outlet 40379 TCL Onetouch 4022S Tuşlu Telefon Gray (outlet);2.799 TL
outlet 40371 Apple Watch Series 10 GPS 46mm Jet Black Aluminium Case with Ink Sport Loop (outlet);12.866 TL
outlet 40344 TCL Onetouch 4022S Tuşlu Telefon Gray (outlet);2.799 TL
outlet 40342 Microsoft Xbox Wireless Oyun Kumanda (Beyaz) (outlet);3.027 TL
GT-OYUN_TETİĞİ KİTİ outlet 40336 GT-OYUN_TETİĞİ KİTİ (outlet);350 TL
GT-OYUN_TETİĞİ KİTİ outlet 40335 GT-OYUN_TETİĞİ KİTİ (outlet);350 TL
outlet 40296 TCL Onetouch 4022S Tuşlu Telefon Gray (outlet);2.799 TL
outlet 40262 Babyliss AS136E Air Styler 1000 Hava Üflemeli Saç Şekillndirici (outlet);2.456 TL
GAMING PLUS WIFI outlet 40220 MSI B650 GAMING PLUS WIFI AMD B650 Soket AM5 DDR5 7200MHz (OC) Anakart (outlet);8.495 TL
outlet 40210 TCL Onetouch 4022S Tuşlu Telefon Gray (outlet);2.799 TL
outlet 40208 Honor Magic V2 16+512 GB Akıllı Telefon Siyah Cam (outlet);42.648 TL
V30_Beyaz outlet 40206 Vivo V30 12/256 Gb Akıllı Telefon Beyaz (outlet);18.396 TL
GAMING WIFI outlet 40191 ASUS A620M-F GAMING WIFI AMD A620 Soket AM5 DDR5 8000MHz(OC) M.2 Anakart (outlet);5.711 TL
outlet 40182 ASUS TUF Radeon RX 7900 XTX GAMING OC 24GB GDDR6 384Bit AMD Ekran Kartı (outlet);62.079 TL
outlet 40133 Anker Soundcore Life Tune Bluetooth Kulak Üstü Kulaklık - Siyah (outlet);1.442 TL
outlet 40132 Razer Moray Kulakiçi Kablolu Oyuncu Kulaklığı - Siyah (outlet);1.519 TL
outlet 40130 SAMSUNG Galaxy Buds2 TWS Kulak İçi Bluetooth Kulaklık - Violet (outlet);1.925 TL
outlet 40129 Anker Soundcore Note 3i Tws Kablosuz Bluetooth Kulak İçi Kulaklık - Beyaz (outlet);2.159 TL
outlet 40128 Anker Soundcore Life U2i Bluetooth Boyun Bantlı Kulaklık - Siyah (outlet);645 TL
outlet 40127 HUAWEI Freebuds SE 2 Bluetooth Kablosuz Kulak İçi Kulaklık - Seramik Siyah (outlet);1.116 TL
PRIME B650M-R outlet 40109 ASUS PRIME B650M-R AMD B650M Soket AM5 mATX DDR5 7000MHz (OC) M.2 Anakart (outlet);3.538 TL
PRIME B650M-R outlet 40108 ASUS PRIME B650M-R AMD B650M Soket AM5 mATX DDR5 7000MHz (OC) M.2 Anakart (outlet);3.538 TL
PRIME Z790M-PLUS outlet 40107 ASUS PRIME Z790M-PLUS INTEL Soket 1700 DDR5 7200MHz (O.C.) M.2 Anakart (outlet);7.312 TL
PRO A620M-B outlet 40101 MSI PRO A620M-B AMD A620 AM5 DDR5 6800MHz (OC) M.2 Anakart (outlet);3.143 TL
PRO A620M-E outlet 40100 MSI PRO A620M-E AMD A620 AM5 DDR5 6800MHz mATX Anakart (outlet);3.079 TL
MAG B850 TOMAHAWK MAX WIFI outlet 40098 MSI MAG B850 TOMAHAWK MAX WIFI AMD B850 Soket AM5 DDR5 8400MHZ(OC) M.2 Anakart (outlet);10.458 TL
PRO B650M-B outlet 40097 MSI PRO B650M-B AMD B650 Soket AM5 DDR5 6800MHz (OC) M.2 Anakart (outlet);3.380 TL
outlet 40096 ASUS PROART GeForce RTX 4070 Ti OC 12GB GDDR6X 192Bit DLSS 3 Ekran Kartı (outlet);38.311 TL
PRO A620M-E outlet 40095 MSI PRO A620M-E AMD A620 AM5 DDR5 6800MHz mATX Anakart (outlet);3.079 TL
PRO B650M-B outlet 40093 MSI PRO B650M-B AMD B650 Soket AM5 DDR5 6800MHz (OC) M.2 Anakart (outlet);3.380 TL
PRO B760M-P outlet 40091 MSI PRO B760M-P Intel B760 Soket 1700 DDR5 6800MHz (OC) M.2 Anakart (outlet);4.728 TL
PRIME B550M-K ARGB outlet 40089 ASUS PRIME B550M-K ARGB 5100MHz(OC) DDR4 Soket AM4 M.2 HDMI VGA DVI mATX Anakart (outlet);3.870 TL
PRIME H610M-K D4 outlet 40055 ASUS PRIME H610M-K D4 Intel H610 Soket 1700 DDR4 3200MHz M.2 Anakart (outlet);4.007 TL
PRIME B650M-R outlet 40053 ASUS PRIME B650M-R AMD B650M Soket AM5 mATX DDR5 7000MHz (OC) M.2 Anakart (outlet);3.538 TL
"outlet 40012 ASUS 27"" PG27AQN ROG SWIFT 1Ms 360Hz IPS GAMING MONITOR (outlet)";44.377 TL
"outlet 40005 ASUS 31,5"" ROG SWIFT PG32UCDP 0,03Ms 240Hz 4K OLED GAMING MONITOR (outlet)";51.235 TL
outlet 39942 TCL Onetouch 4022S Tuşlu Telefon Gray (outlet);2.799 TL
outlet 39941 TCL Onetouch 4022S Tuşlu Telefon Gray (outlet);2.799 TL
outlet 39857 HP LASER 137FNW ÇOK FONKSİYONLU FAKS / ADF / DUBLEKS KABLOSUZ MONO LAZER YAZICI (outlet);9.599 TL
outlet 39765 TCL Movetime Family Watch MT46X Akıllı Saat Siyah (outlet);6.399 TL
ROG STRIX X870-F GAMING WIFI outlet 39756 ASUS ROG STRIX X870-F GAMING WIFI AMD X870 Soket AM5 DDR5 8000MHz(OC) M.2 Anakart (outlet);17.066 TL
ROG STRIX X870-F GAMING WIFI outlet 39748 ASUS ROG STRIX X870-F GAMING WIFI AMD X870 Soket AM5 DDR5 8000MHz(OC) M.2 Anakart (outlet);17.066 TL
outlet 39725 PHILIPS HDA150/60 Türk Kahve Makinesi (Siyah/Bakır) (outlet);1.424 TL
outlet 39723 MICROSOFT XBOX ONE WIRELESS OYUN KUMANDA CYBERPUNK 2077(8.Nesil) (outlet);4.135 TL
outlet 39722 Apple Watch Series 8 GPS + Cellular 45mm Graphite Stainless Steel Case with Grap (outlet);15.299 TL
outlet 39721 Apple Watch Series 8 GPS + Cellular 41mm (PRODUCT)RED Aluminium Case with (outlet);14.399 TL
"outlet 39709 ASUS 15,6"" XG16AHPE-W 3Ms 144Hz FULL HD IPS TASINABILIR GAMING MONITOR (outlet)";20.327 TL
PRIME A620M-K outlet 39700 ASUS PRIME A620M-K 6400MHz(OC) DDR5 Soket AM5 M.2 HDMI VGA mATX Anakart (outlet);3.488 TL
PRIME B550M-K ARGB outlet 39699 ASUS PRIME B550M-K ARGB 5100MHz(OC) DDR4 Soket AM4 M.2 HDMI VGA DVI mATX Anakart (outlet);3.870 TL
PRIME B650M-R outlet 39698 ASUS PRIME B650M-R AMD B650M Soket AM5 mATX DDR5 7000MHz (OC) M.2 Anakart (outlet);3.538 TL
outlet 39695 Honor Magic V2 16+512 GB Akıllı Telefon Siyah Cam (outlet);42.648 TL
outlet 39694 APPLE 11 inç iPad Pro (M4) için Smart Folio - Kot Rengi (outlet);2.656 TL
outlet 39666 Lenovo Tab P11 Pro 2Ghz 8Gb 256Gb 11.2inch' 2.5K- Android Tablet (outlet);12.566 TL
PRIME A620M-K outlet 39662 ASUS PRIME A620M-K 6400MHz(OC) DDR5 Soket AM5 M.2 HDMI VGA mATX Anakart (outlet);3.488 TL
PRIME A620M-K outlet 39661 ASUS PRIME A620M-K 6400MHz(OC) DDR5 Soket AM5 M.2 HDMI VGA mATX Anakart (outlet);3.488 TL
outlet 39657 Sony WH-CH520 Kablosuz Bluetooth Kulak Üstü Kulaklık - Mavi (outlet);1.917 TL
outlet 39654 Anker Soundcore Liberty 3 PRO Tws 5.2 Bluetooth Kulaklık - Gri (outlet);3.021 TL
outlet 39653 Anker Soundcore K20i Kulak İçi Bluetooth Kulaklık - Beyaz (outlet);696 TL
outlet 39648 TCL MT42X Movetime Family Watch Akıllı Saat Mavi (outlet);7.199 TL
PRO B760M-P DDR4 outlet 39639 MSI PRO B760M-P Intel B760 Soket 1700 DDR4 4800MHz (OC) M.2 Anakart (outlet);3.998 TL
outlet 39636 Samsung Galaxy Z Flip 6 Yüzüklü Silikon Kılıf - Gri (outlet);1.509 TL
outlet 39635 Apple İphone 16 Pro Max MagSafe Silikon Kılıf - Siyah (outlet);1.702 TL
outlet 39630 TCL Onetouch 4022S Tuşlu Telefon Gray (outlet);2.799 TL
BSWX3_Pembe outlet 39619 Bilicra Connect Akıllı Çocuk Saati - Görüntülü Görüşme Özellikli - Pembe (outlet);5.599 TL
"outlet 39618 APPLE MQDV3ZM/A 11"" IPAD PRO 4N SMART FOLIO - OKYANUS MAVİSİ (outlet)";2.149 TL
outlet 39609 TCL Onetouch 4022S Tuşlu Telefon Gray (outlet);2.799 TL
outlet 39398 CANON imageFORMULA DR-C225W Wi-Fi DÖKÜMAN TARAYICI (outlet);7.626 TL
"outlet 39381 VIEWSONIC 22"" VSD220 AKILLI MONİTÖR (outlet)";21.519 TL
outlet 39245 Vivo TWS 3e ANC Kulak İçi Bluetooth Kulaklık - İndigo Mavi (outlet);1.025 TL
PRIME B650M-R outlet 39240 ASUS PRIME B650M-R AMD B650M Soket AM5 mATX DDR5 7000MHz (OC) M.2 Anakart (outlet);3.538 TL
PRO B650-S WIFI outlet 39237 MSI PRO B650-S WIFI 7200(OC) DDR5 Soket AM5 USB 3.2 M.2 HDMI DP ATX Anakart (outlet);6.572 TL
PRO A620M-E outlet 39233 MSI PRO A620M-E AMD A620 AM5 DDR5 6800MHz mATX Anakart (outlet);3.079 TL
PRO Z790-S WIFI outlet 39230 MSI PRO Z790-S WIFI 6600MHz(OC) DDR5 Soket 1700 M.2 HDMI DP ATX Anakart (outlet);7.067 TL
PRO H610M-E DDR4 outlet 39229 MSI PRO H610M-E DDR4 Intel H610 Soket 1700 3200MHz(OC) M.2 Anakart (outlet);2.540 TL
PRO H610M-E DDR4 outlet 39228 MSI PRO H610M-E DDR4 Intel H610 Soket 1700 3200MHz(OC) M.2 Anakart (outlet);2.540 TL
"outlet 39212 ASUS 15,6"" XG16AHPE-W 3Ms 144Hz FULL HD IPS TASINABILIR GAMING MONITOR (outlet)";20.327 TL
outlet 39182 ELECTROLUX E6TB1-6ST EXPLORE 6 SMOOTHIE BLENDER (outlet);2.934 TL
outlet 39155 SAMSUNG EP-P5400T İKİLİ KABLOSUZ ŞARJ CİHAZI - BEYAZ (outlet);1.968 TL
outlet 39115 HP COLOR LASER 150NW KABLOSUZ RENKLİ LAZER YAZICI (outlet);8.789 TL
outlet 38975 ELECTROLUX E6AF1-6ST EXPLORE 6 AIR FRYER FRİTÖZ (outlet);4.113 TL
outlet 38964 LOGITECH PEBBLE KEYS 2 K380S MULTI-DEVICE BLUETOOTH KLAVYE-GRAFİT (outlet);1.383 TL
PRIME B760M-K outlet 38939 ASUS PRIME B760M-K Soket 1700 DDR5 7800MHz(OC) M.2 Anakart (outlet);4.800 TL
outlet 38914 TCL MT42X Movetime Family Watch Akıllı Saat Mavi (outlet);7.199 TL
PRO H610M-E DDR4 outlet 38899 MSI PRO H610M-E DDR4 Intel H610 Soket 1700 3200MHz(OC) M.2 Anakart (outlet);2.540 TL
PRO H610M-E DDR4 outlet 38898 MSI PRO H610M-E DDR4 Intel H610 Soket 1700 3200MHz(OC) M.2 Anakart (outlet);2.540 TL
outlet 38897 ASUS VivoPC INTEL CORE İ5 3337U 1.8 GHZ 4 GB 1 TB INTEL HD GRAPHICS WIN8.1 (outlet);29.855 TL
outlet 38882 MacBook Air MGN63TU/A M1 8Gb-256Gb Ssd-Retina-13.3inc-Space Grey (outlet);20.850 TL
outlet 38863 TCL Alcatel MT40X Movetime Çocuk Akıllı Saati Mavi (outlet);2.929 TL
outlet 38846 Anker Soundcore Life U2i Bluetooth Boyun Bantlı Kulaklık - Siyah (outlet);645 TL
BSWX3_Pembe outlet 38842 Bilicra Connect Akıllı Çocuk Saati - Görüntülü Görüşme Özellikli - Pembe (outlet);5.599 TL
outlet 38736 MICROSOFT MODERN MOBILE BLUETOOTH MOUSE-SİYAH (outlet);725 TL
outlet 38735 MICROSOFT BLUETOOTH MOUSE-YAVRUAĞZI (outlet);416 TL
outlet 38734 MICROSOFT MODERN MOBILE BLUETOOTH MOUSE-NANE YEŞİLİ (outlet);735 TL
outlet 38717 APPLE 11 inç iPad Pro (M4) için Smart Folio - Siyah (outlet);2.772 TL
outlet 38708 Gomaster Knight Elektrikli Kaykay (outlet);10.089 TL
PRO A620M-E outlet 38581 MSI PRO A620M-E AMD A620 AM5 DDR5 6800MHz mATX Anakart (outlet);3.079 TL
outlet 38531 Anker Soundcore Life U2i Bluetooth Boyun Bantlı Kulaklık - Siyah (outlet);645 TL
outlet 38530 Vivo TWS 3e ANC Kulak İçi Bluetooth Kulaklık - İndigo Mavi (outlet);1.025 TL
CGR-AQUA ARGB 360 outlet 38528 COUGAR AQUA ARGB 360 3x120mm FANLI İŞLEMCİ SIVI SOĞUTUCU (outlet);4.845 TL
outlet 38527 Anker Soundcore Note 3i Tws Kablosuz Bluetooth Kulak İçi Kulaklık - Beyaz (outlet);2.159 TL
outlet 38481 ZYXEL NBG-418N 300MBPS KABLOSUZ ACCESS POINT/ROUTER/UNIVERSAL REPEATER (outlet);357 TL
outlet 38476 Zhiyun Stabilizer Smooth Q3 Akıllı Telefon Gimbalı (Siyah) (outlet);2.249 TL
PRIME B760M-K D4 outlet 38468 ASUS PRIME B760M-K D4 Soket 1700 DDR4 5333MHz(OC) M.2 Anakart (outlet);3.916 TL
outlet 38452 Anker Soundcore Life P3 Tws Kablosuz Bluetooth Kulaklık - Mavi (outlet);1.300 TL
outlet 38451 Anker Soundcore R50i NC TWS Bluetooth Kulaklık - Siyah (outlet);1.499 TL
PRO H610M-E outlet 38435 MSI PRO H610M-E DDR5 INTEL H610 Soket 1700 5600MHz(OC) M.2 Anakart (outlet);2.846 TL
PRO H610M-E DDR4 outlet 38431 MSI PRO H610M-E DDR4 Intel H610 Soket 1700 3200MHz(OC) M.2 Anakart (outlet);2.540 TL
BSWX3_Siyah outlet 38104 Bilicra Connect Akıllı Çocuk Saati - Görüntülü Görüşme Özellikli - Siyah (outlet);5.599 TL
outlet 37858 SAMSUNG Galaxy Buds2 TWS Kulak İçi Bluetooth Kulaklık - Yeşil (outlet);1.852 TL
outlet 37764 MICROSOFT WIRELESS MOBILE MOUSE 1850-KIRMIZI (outlet);273 TL
MAG CORELIQUID M360 outlet 37603 MSI MAG CORELIQUID M360 360 mm Sıvı İşlemci Soğutucu (outlet);3.321 TL
outlet 37460 TCL MT42X Movetime Family Watch Akıllı Saat Pembe (outlet);7.199 TL
outlet 37410 Apple MT1L3ZM/A iPhone 15 Pro MagSafe Silikon Kılıf - Buz Mavisi (outlet);986 TL
PRO Z790-S WIFI outlet 37403 MSI PRO Z790-S WIFI 6600MHz(OC) DDR5 Soket 1700 M.2 HDMI DP ATX Anakart (outlet);7.067 TL
PRO Z790-S WIFI outlet 37402 MSI PRO Z790-S WIFI 6600MHz(OC) DDR5 Soket 1700 M.2 HDMI DP ATX Anakart (outlet);7.067 TL
18-55 DC outlet 37401 Canon Eos 2000D 18-55mm DC DSLR Fotoğraf Makinesi (outlet);13.612 TL
outlet 37378 Huawei Matepad SE 1.9Ghz 4Gb 64Gb 10.36inch- Emuı Tablet (outlet);3.893 TL
outlet 37370 TCL MT42X Movetime Family Watch Akıllı Saat Mavi (outlet);7.199 TL
outlet 37369 Zhiyun Stabilizer Smooth Q3 Combo Akıllı Telefon Gimbalı (outlet);2.959 TL
PRO H610M-E DDR4 outlet 37367 MSI PRO H610M-E DDR4 Intel H610 Soket 1700 3200MHz(OC) M.2 Anakart (outlet);2.540 TL
PRO H610M-E DDR4 outlet 37355 MSI PRO H610M-E DDR4 Intel H610 Soket 1700 3200MHz(OC) M.2 Anakart (outlet);2.540 TL
outlet 37328 PHILIPS TAT1209BK/00 True Wireless Kulaklık - Siyah (outlet);1.279 TL
outlet 37308 Anker Soundcore Life P3 Tws Kablosuz Bluetooth Kulaklık - Beyaz (outlet);1.989 TL
outlet 37299 HP DESKJET 2878 ÇOK FONKSİYONLU KABLOSUZ MÜREKKEP YAZICI (outlet);2.076 TL
outlet 37298 ZYXEL VMG1312-B10D 300MBPS VDSL2 DESTEKLİ KABLOSUZ-N 4 PORT ADSL2+ MODEM (outlet);1.611 TL
outlet 37297 TCL MT42X Movetime Family Watch Akıllı Saat Pembe (outlet);7.199 TL
PRIME A620M-K outlet 37285 ASUS PRIME A620M-K 6400MHz(OC) DDR5 Soket AM5 M.2 HDMI VGA mATX Anakart (outlet);3.488 TL
PRIME A620M-K outlet 37284 ASUS PRIME A620M-K 6400MHz(OC) DDR5 Soket AM5 M.2 HDMI VGA mATX Anakart (outlet);3.488 TL
outlet 37280 Samsung Galaxy Buds FE Kablosuz Kulak İçi Kulaklık - Grafit Siyah (outlet);1.740 TL
PRIME B660M-A D4 outlet 37278 ASUS PRIME B660M-A D4 Intel B660 Soket 1700 DDR4 3200MHz (OC) M.2 Anakart (outlet);4.169 TL
PRO H610M-E DDR4 outlet 37253 MSI PRO H610M-E DDR4 Intel H610 Soket 1700 3200MHz(OC) M.2 Anakart (outlet);2.540 TL
v3 outlet 37244 ZYXEL P-1302-T10D v3 300MBPS KABLOSUZ 4 PORT ADSL2+ MODEM (outlet);1.199 TL
outlet 37214 Kenwood HFP50.000BK Airfryer XXL (outlet);2.581 TL
ROG MAXIMUS Z790 APEX ENCORE outlet 37203 ASUS ROG MAXIMUS Z790 APEX ENCORE 8400mhz(OC) RGB M.2 1700p ATX DDR5 Anakart (outlet);38.239 TL
outlet 37187 TCL MT42X Movetime Family Watch Akıllı Saat Mavi (outlet);7.199 TL
outlet 36800 TCL Alcatel MT40X Movetime Çocuk Akıllı Saati Siyah (outlet);3.157 TL
PRO A620M-E outlet 36780 MSI PRO A620M-E AMD A620 AM5 DDR5 6800MHz mATX Anakart (outlet);3.079 TL
H V2 DDR4 outlet 36779 GIGABYTE H610M H V2 Intel H610 Soket 1700 DDR4 3200MHz M.2 Anakart (outlet);2.325 TL
outlet 36769 Anker Soundcore Life P3 Tws Kablosuz Bluetooth Kulaklık - Beyaz (outlet);1.250 TL
outlet 36728 Apple MT1A3ZM/A iPhone 15 Pro MagSafe Silikon Kılıf - Siyah (outlet);1.319 TL
outlet 36677 CANON PIXMA E414 ÇOK FONKSİYONLU KABLOLU YAZICI (outlet);2.099 TL
MI TV STICK outlet 36578 XIAOMI MI TV STICK 1080P ANDROID TV MEDIA PLAYER (outlet);1.479 TL
MI TV STICK outlet 36539 XIAOMI MI TV STICK 1080P ANDROID TV MEDIA PLAYER (outlet);1.479 TL
MI TV STICK outlet 36538 XIAOMI MI TV STICK 1080P ANDROID TV MEDIA PLAYER (outlet);1.479 TL
outlet 36536 TCL MT42X Movetime Family Watch Akıllı Saat Mavi (outlet);7.199 TL
PRIME H610M-K D4 outlet 36534 ASUS PRIME H610M-K D4 Intel H610 Soket 1700 DDR4 3200MHz M.2 Anakart (outlet);4.007 TL
outlet 36528 Apple MT233ZM/A iPhone 15 Pro Max için MagSafe özellikli Kılıf - Şeffaf (outlet);1.332 TL
outlet 36521 TCL MT42X Movetime Family Watch Akıllı Saat Pembe (outlet);7.199 TL
PRO H610M-E DDR4 outlet 36477 MSI PRO H610M-E DDR4 Intel H610 Soket 1700 3200MHz(OC) M.2 Anakart (outlet);2.540 TL
PRO B760M-P DDR4 outlet 36447 MSI PRO B760M-P Intel B760 Soket 1700 DDR4 4800MHz (OC) M.2 Anakart (outlet);3.998 TL
PRO H610M-E DDR4 outlet 36446 MSI PRO H610M-E DDR4 Intel H610 Soket 1700 3200MHz(OC) M.2 Anakart (outlet);2.540 TL
outlet 36444 SAMSUNG Galaxy Buds2 TWS Kulak İçi Bluetooth Kulaklık - Yeşil (outlet);1.852 TL
outlet 36266 ANKER SOUNDCORE SPORT X10 BLUETOOTH KULAK İÇİ KULAKLIK - BEYAZ (outlet);2.607 TL
PRIME B660M-K D4 outlet 36237 ASUS PRIME B660M-K D4 Intel B660 Soket 1700 DDR4 5333MHz (OC) M.2 Anakart (outlet);3.920 TL
TUF GAMING Z790-PLUS WIFI D4 outlet 36232 ASUS TUF GAMING Z790-PLUS WIFI Intel Z790 Soket 1700 DDR4 5333MHz (OC) Anakart (outlet);10.930 TL
H V2 DDR4 outlet 36228 GIGABYTE H610M H V2 Intel H610 Soket 1700 DDR4 3200MHz M.2 Anakart (outlet);2.325 TL
outlet 36140 PJD5234L XGA(1024X768),3D,3000 A.LUMEN, HDMI 1.4, 15000:1,10.000 SAAT LAMBA ÖMRÜ (outlet);24.786 TL
outlet 36137 HP L2M96EA INTEL CORE İ3 4025U 1.9 GHZ 4 GB 1 TB INTEL HD GRAPHICS WIN8.1 (outlet);22.383 TL
outlet 36112 ASUS Mini PC PN30 AMD E2 7015 1.5GHZ 4GB 32GB SSD AMD RADEON R2 WIN10 PRO (outlet);12.359 TL
MI TV STICK outlet 36109 XIAOMI MI TV STICK 1080P ANDROID TV MEDIA PLAYER (outlet);1.479 TL
MI TV STICK outlet 36103 XIAOMI MI TV STICK 1080P ANDROID TV MEDIA PLAYER (outlet);1.479 TL
ROG CROSSHAIR X670E HERO outlet 35929 ASUS ROG CROSSHAIR X670E HERO AMD X670 Soket AM5 DDR5 6400MHz (OC) M.2 Anakart (outlet);26.212 TL
PRIME A620M-K outlet 35415 ASUS PRIME A620M-K 6400MHz(OC) DDR5 Soket AM5 M.2 HDMI VGA mATX Anakart (outlet);3.488 TL
Wiami Buharlı+Airfryer 7L (Siyah) outlet 35367 Wiami Buharlı Airfryer 7L Yağsız Hava Fritözü (Siyah) (outlet);2.952 TL
BLACK outlet 35331 A4TECH G11-200N V-TRANCK ŞARJ EDİLEBİLİR KABLOSUZ MOUSE (outlet);756 TL
PRO X670-P WIFI outlet 35323 MSI PRO X670-P WIFI AMD X670 Soket AM5 DDR5 6600MHz (OC) M.2 Anakart (outlet);8.938 TL
outlet 35320 HUAWEI Freebuds 5i Kablosuz Bluetooth Kulak İçi Kulaklık - Siyah (outlet);2.021 TL
BSWX3_Pembe outlet 35317 Bilicra Connect Akıllı Çocuk Saati - Görüntülü Görüşme Özellikli - Pembe (outlet);5.599 TL
outlet 35313 Razer Hammerhead Hyperspeed TWS Bluetooth Kulak İçi Kulaklık (outlet);2.374 TL
PRO H610M-E DDR4 outlet 34687 MSI PRO H610M-E DDR4 Intel H610 Soket 1700 3200MHz(OC) M.2 Anakart (outlet);2.540 TL
BSWX3_Siyah outlet 34685 Bilicra Connect Akıllı Çocuk Saati - Görüntülü Görüşme Özellikli - Siyah (outlet);5.599 TL
K137i outlet 34277 ACER K137i WXGA(1280X800),700 ANSİ L.,10.000:1 KONTRAST,20.000 SAAT LAMBA ÖMRÜ (outlet);8.975 TL
K137i outlet 34276 ACER K137i WXGA(1280X800),700 ANSİ L.,10.000:1 KONTRAST,20.000 SAAT LAMBA ÖMRÜ (outlet);8.975 TL
outlet 34042 WD TV Live HUB Media Player USB 2.0 HDMI FULL HD (outlet);8.077 TL
MAXIMUS XI HERO outlet 31836 ASUS ROG MAXIMUS XI HERO Intel Z390 Soket 1151 DDR4 4400MHz(OC) M.2 Anakart (outlet);11.376 TL
outlet 31834 Intel Core i9 9900KS Soket 1151 - 9. Nesil 4.0 GHz 16MB Önbellek 14nm İşlemci (outlet);28.143 TL
outlet 31830 COUGAR PANZER EVO RGB GAMING USB3.0 FullT ATX SİYAH KASA (outlet);4.752 TL
outlet 31764 GIGASET DA710 KABLOLU TELEFON- (BEYAZ) (outlet);594 TL
PRIME H610M-E D4 outlet 31403 ASUS PRIME H610M-E D4 Intel H610 Soket 1700 DDR4 3200MHz M.2 Anakart (outlet);2.861 TL
Braun FS1000 Face Mini Tüy Alma Makinesi;1.299 TL
Braun Silk-Epil 3 SE3000 Epilasyon Cihazı;1.699 TL
Philips MG5942/15 Erkek Bakım Seti;2.299 TL
SİYAH Oral-B D103 Vitality Pro Cross Action Şarjlı Diş Fırçası (Siyah);1.799 TL
Braun HD150E 1800W Saç Kurutma Makinesi;2.499 TL
Braun Silk-Expert Pro5 PL5146 IPL Tüy Alma, Çanta, Venus Tıraş Makinesi, 2 Başlıklı Sepette İndirim;19.999 TL
PS 3611 GRUNDIG PS 3611 Dijital Tartı;499 TL
Philips Lumea 9900 Serisi BRI951/03 IPL Tüy Alma, SkinAI,Vücut,Yüz,Koltuk altı,Bikini;24.999 TL
Airwrap i.d (Ceramic Pink) Dyson Airwrap i.d Saç Şekillendirme ve Kurutma Seti (Ceramic Pink);27.999 TL
Braun Skin I-Expert PL7147 Akıllı IPL 2 Başlıklı Lazer Epilasyon + Çanta + Venus Tıraş Sepette İndirim;23.999 TL
PHILIPS QP630/51 ONE BLADE YEDEK BIÇAK (3'Lü);1.299 TL
PHILIPS QP2724/10 ONE BLADE YÜZ ŞEKİLLENDİRİCİ;1.549 TL
Philips Lumea 9900 Serisi BRI950/02 IPL Tüy Alma, SkinAI Uygulama, Vücut ve Yüz Sepette İndirim;15.949 TL
QU 155 DİJİTAL CAM BASKÜL;499 TL
iO 2 Siyah+Seyahat Kılıfı Oral-B iO2 Serisi Şarjlı Diş Fırçası Siyah + Seyahat Kabı;2.669 TL
Philips MG3930/15 Erkek Bakım Seti;1.999 TL
FROZEN Oral-B EB10-2b Frozen Çocuk Yedek Diş Fırçası;399 TL
VITALITY PRO MAVİ Oral-B Vitality Pro Mavi Şarj Edilebilir Diş Fırçası;1.799 TL
Philips BRR454/00 Yüz Epilasyon Cihazı;1.249 TL
Braun Silk-Expert Pro3 PL3132 IPL Tüy Alma, Çanta, Venus Tıraş Makinesi, 2 Başlıklı;13.999 TL
PHILIPS QP2824/10 ONE BLADE YÜZ + VÜCUT;2.149 TL
FACE Braun SE810 Face Yüz Epilatörü Ve Temizleme Cihazı;2.499 TL
iO 2 Siyah/Yeşil Oral-B iO2 Serisi Şarjlı Diş Fırçası 2'li Avantaj Paketi -Siyah/Yeşil;3.999 TL
Babyliss AS136E Air Styler 1000 Hava Üflemeli Saç Şekillndirici;3.139 TL
Braun AIO7540 Hepsi Bir Arada Erkek Tıraş Kiti 11'i 1 Arada;3.499 TL
MT 3810 GRUNDIG MT 3810 Burun ve Kulak Kılı Kesme Makinesi;599 TL
Babyliss C451E Rose Quartz 25mm Tong Saç Maşası;2.899 TL
VITALITY D103 LİLA Oral-B D103 Vitality Pro Cross Action Şarjlı Diş Fırçası (Lila);1.799 TL
HD 3361 Grundig HD 3361 Saç Kurutma Makinesi Siyah;1.199 TL
Philips MG9532/15 Erkek Bakım Seti;4.199 TL
Philips BHD350/06 3000 Serisi Thermoprotect Saç Kurutma Makinesi (2100 W.);1.599 TL
PHILIPS NT3650/16 BURUN,KULAK VE KAŞ TÜYÜ DÜZELTİCİ;1.099 TL
Philips BHS520/00 5000 Serisi Saç Düzleştirici;3.299 TL
Airstrait (Ceramic Pink) Dyson Airstrait Saç Düzleştirici (Ceramic Pink);24.999 TL
Grundig HD8082 Saç Kurutma Makinesi (AC Motorlu - 2300 Watt);1.429 TL
Philips BHS732/00 7000 Serisi Saç Düzleştirici;3.999 TL
Airwrap Co-anda2x (Ceramic Pink) Dyson Airwrap Co-anda2x Saç Şekillendirme ve Kurutma Seti (Ceramic Pink);34.999 TL
Philips BRE710/05 8000 Serisi Islak ve Kuru Epilasyon Cihazı;2.799 TL
Grundig HS7031 Botanika Serisi Biberiye Yağı Kaplı Plakalı İyonik Saç Düzleştirici;999 TL
MD 20 Oral-B MD20 AQUACARE 4 Oxyjet Şarjlı Ağız Duşu;5.499 TL
PHILIPS QP220/51 ONE BLADE YEDEK BIÇAK (2'Lİ);889 TL
PHILIPS QP6542/10 One Blade Pro (Yüz+vücut);2.999 TL
iO2 Yeşil+Seyahat Kabı Oral-B iO2 Serisi Şarjlı Diş Fırçası Yeşil + Seyahat Kabı;2.669 TL
PHILIPS BHA530/00 HAVA ÜFLEMELİ İYONLU 5'İ 1 ARADA SAÇ ŞEKİLLENDİRİCİ;4.199 TL
Babyliss 6709DE Smooth Pro 2100 Saç Kurutma Makinesi;2.079 TL
CLASSIC TARTI Tefal Classic 180 Kg Kapasiteli Tartı - Gri;999 TL
AirStyle Pro Gold Dreame AirStyle Pro Gold Saç Şekillendirme Seti;14.999 TL
E51 Remington S5525 E51 Pro Ceramic Extra;2.399 TL
Philips BHD510/00 5000 Serisi Difüzörlü Saç Kurutma Makinesi (2300 Watt);3.699 TL
Babyliss 6704E Power Pro 2000W Saç Kurutma Makinesi;1.699 TL
Braun Series 3 310 BT BLUE 3’ü 1 Arada Sakal Şekilendirici ve Tıraş Makinesi;3.499 TL
Braun SE7041 Silk-Epill 7 Islak ve Kuru Epilatör;3.999 TL
Philips BHS375/00 Essential Thermoprotect Saç Düzleştirici;1.749 TL
iO Stitch Oral-B iO Çocuk 6+ Stitch Şarjlı Diş Fırçası;3.099 TL
Braun Silk-Epil 9 SE9241 Islak ve Kuru Epilasyon Cihazı;6.999 TL
Braun Series 7 MGK7491 Hepsi Bir Arada Şekillendirme Seti, 17’si 1 Arada Erkek Bakım Kiti;3.499 TL
REVLON RVDR5222 ONE STEP VOLUMISER SAÇ KURUTMA MAKİNESİ VE ŞEKİLLENDİRİCİ;2.699 TL
Remington S8500 Argan Yağlı Saç Düzleştirici;3.400 TL
Rowenta CV6930 Compact Pro+ Saç Kurutma Makinesi Siyah;3.099 TL
MD 20 BOX Oral-B Ağız Sağlığı Merkezi Ağız Duşu, 1 Oxyjet Başlığı, 1 Water Jet Başlığı;4.499 TL
Revlon RVST2175 Pro Collection Extra Uzun Saç Düzleştirici;3.799 TL
Grundig HD7880 Touch Control Saç Kurutma Makinesi (2200W.);1.599 TL
Philips Lumea BRI924/00 IPL Lazer Cihazı Sepette İndirim;12.599 TL
Braun Silk-Epil 9 SE9041 Islak ve Kuru Epilasyon Cihazı;4.999 TL
Philips BRE237/05 2000 Serisi Epilatör (2 Aksesuarlı);1.499 TL
Airstyle Pro HI Dreame Airstyle Pro HI Saç Şekillendirme Seti Sepette İndirim;17.999 TL
Philips BG3480/15 Vücut Bakım Seti;2.599 TL
Grundig HS7032 Botanika Serisi Lavanta Yağı Kaplı Plakalı İyonik Saç Düzleştirici;999 TL
Braun AIO7580 Hepsi Bir Arada Series 7, 15'i 1 Arada Tıraş Kiti;4.999 TL
VITALITY PRO FROZEN Oral-B Vitality Pro Frozen Özel Seri Çocuklar İçin Şarj Edilebilir Diş Fırçası;1.799 TL
Rowenta Brush Activ UB9540F0 Saç Şekillendirici;4.999 TL
Grundig HS 7034 İyonik Seramik Saç Düzleştirici Siyah;999 TL
Braun PL5251 IPL Silk Expert Pro 5, Evde Lazerle Tüy Alma, Çanta, Venus Tıraş Makinesi, 2 Sepette İndirim;21.999 TL
Braun AIO5560 Hepsi Bir Arada Erkek Tıraş Kiti 11'i 1 Arada;2.799 TL
Babyliss ST391E Salon Straight 235 Saç Düzleştirici;3.999 TL
Grundig HD2261 Katlanabilir Seyahat Tip Saç Kurutma Makinesi;899 TL
Philips Lumea 7000 Serisi SC1997/00 IPL Tüy Alma,Vücut ve Yüz için 2 Başlık,Çanta;12.949 TL
Braun 3 Serisi BT3560 Sakal Düzeltici +5 Aksesuar;1.899 TL
PHILIPS BHH880/00 STYLECARE ESSENTIAL ISITMALI SAÇ DÜZLEŞTİRİCİ FIRÇA;2.199 TL
Philips BRE247/05 Epilasyon Cihazı;1.799 TL
Braun 5 Serisi AIO5520 Hepsi Bir Arada Erkek Tıraş Kiti 7'si 1 Arada;2.159 TL
Braun Silk-Epil SE5050 Islak ve Kuru Epilasyon Cihazı;3.499 TL
CROSS ACTION 6'LI Oral-B EB50 Cross Actıon 6'lı Diş Fırçası Yedek Başlığı;1.249 TL
iO Stitch 4lü Başlık Oral-B iO Çocuk Stitch Diş Fırçası Yedek Başlığı 4'lü;1.499 TL
Braun Silk Epil 7 SE7060 Islak ve Kuru Epilasyon Cihazı;4.499 TL
Philips BRE720/05 8000 Serisi Islak ve Kuru Epilasyon Cihazı;2.999 TL
3+1 Oral-B EB60 3+1 Yedek Diş Fırçası;899 TL
Siyah/Pembe Oral-B IO2 Serisi Siyah/Pembe 2'li Şarjlı Diş Fırçası;4.499 TL
Braun Silk-Epil 1 SE1000 Epilasyon Cihazı;1.299 TL
Braun AS430E AirStyler Iontec Saç Kurutma Makinesi ve Şekillendirici (3 Başlıklı);3.999 TL
VITALITY PRO SPIDERMAN Oral-B Vitality Pro Spiderman Özel Seri Çocuklar İçin Şarj Edilebilir Diş Fırçası;1.799 TL
Philips Sonicare HX9042/87 Yedek Başlık;1.099 TL
BaByliss ST241E Smooth Ceramic 230 Saç Düzleştirici;1.999 TL
Philips Sonicare HX6062/87 Yedek Başlık;889 TL
ST 710 (ES 2) IONTEC Braun ST 710 (ES 2) Iontec Saç Düzleştirici;4.999 TL
3+1 BLACK Oral-B EB50 3+1 Cross Actıon Yedek Diş Fırçası (Siyah);899 TL
Braun AIO3540 Hepsi Bir Arada Series 3,8'i 1 Arada Tıraş Kiti;1.699 TL
VITALITY PRO LION Oral-B Vitality Pro Lion King Çocuk Şarjlı Diş Fırçası + Seyahat Kabı;1.799 TL
Grey Dreame Hair Pocket Grey Saç Kurutma Makinesi;4.986 TL
Wahl 05642-135 Kulak Burun Tüy Kesme Makinesi;399 TL
SİYAH Oral-B Pro1 Serisi Siyah Şarj Edilebilir Diş Fırçası;1.989 TL
Revlon RVDR5251 AC Motorlu IONIC Saç Kurutma Makinesi (Difüzörlü);1.899 TL
Braun SE9030 Silk-Epil 9 Flex 3D Islak ve Kuru Epilatör;6.999 TL
Philips Sonicare HX6052/87 Yedek Başlık;899 TL
3+1 Oral-B EB50 3+1 Cross Action Yedek Diş Fırçası;899 TL
Babyliss 6704WE Ac Speed Pro 2000W Saç Kurutma Makinesi;2.499 TL
(Antrasit) Fantom Hair Styler Plus SK 1700 Saç ?ekillendirici (Antrasit);9.799 TL
Gold Dreame Hair Pocket Gold Saç Kurutma Makinesi;4.986 TL
Arzum AR5130 Hairstar Saç Kurutma Makinesi;1.499 TL
Philips Sonicare HX6062/88 Yedek Başlık;899 TL
Philips BHH885/00 Isıtmalı Saç Düzleştirici Fırça;2.799 TL
Grundig HS6481 Hava Üflemeli Saç Şekillendirici Fırça;1.599 TL
Philips BG5475/15 Vücut Bakım Seti;3.999 TL
Philips Sonicare HX3333/24 Ağız Duşu;5.499 TL
PEMBE Oral-B Pro1 Serisi Pembe Şarj Edilebilir Diş Fırçası;2.499 TL
Braun BUA4000 Tansiyon Ölçer;1.499 TL
Braun PL7321 IPL Skin I-Expert, Evde Lazerle Tüy Alma,Çanta, Venus Tıraş Makinesi, 3 Başlı;31.499 TL
Braun 5 Serisi BT5520 Sakal Düzeltici +4 Aksesuar;2.799 TL
Philips S3144/00 3000 Serisi Islak ve Kuru Şarjlı Tıraş Makinesi;2.999 TL
Braun BG3500 Vücut Tıraş Makinesi +2 Aksesuar;1.649 TL
Braun Skin I-Expert PL7253 Akıllı IPL Tüy Alma, Çanta, Venus Tıraş Makinesi, 3 Başlıklı Sepette İndirim;26.999 TL
WAHL 09855-1216 GROOMSMAN PRO ERKEK BAKIM KİTİ;1.199 TL
Aero Straight Dreame Aero Straight Saç Düzleştirici Sepette İndirim;12.599 TL
Philips Sonicare HX9042/88 Yedek Başlık;1.099 TL
Braun 9 Serisi BT9520 Sakal Düzeltici +7 Berber Ekipmanı Sepette İndirim;5.099 TL
MAVİ Oral-B Pro 1 Serisi Mavi Şarj Edilebilir Diş Fırçası;1.989 TL
GRUNDIG HS 8331 Botanika Twist 2 in 1 Saç Şekillendirici;1.399 TL
PHILIPS HC5630/15 5000 SERİSİ YIKANABİLİR SAÇ KESME MAKİNESİ;2.899 TL
Braun PL5412 IPL Silk Expert Pro 5, Evde Lazerle Tüy Alma, Çanta, Mini Tüy Alma Makinesi, Sepette İndirim;29.499 TL
PHILIPS BHA301/00 HAVA ÜFLEMELİ SAÇ ŞEKİLLENDİRİCİ;3.299 TL
3DW 3+1 Oral-B EB18 3DW 3+1 Yedek Diş Fırçası;899 TL
Remington S4740 E51 Saç Düzleştirici;2.699 TL
REVLON RVDR5333 One Step Blow Dry 3'ü 1 Arada Saç Kurutma ve Şekillendirici;2.999 TL
iO Clean Yedek Başlık 2'li Siyah Oral-B iO Clean Black 2'li Diş Fırçası Yedek Başlık;999 TL
FACESPA 911 Braun FaceSpa Pro 911 -3 Ekstra Ürün- Yüz Epilasyon Cihazı Beyaz/Bronz;4.999 TL
Braun 52-B1600S Series 5 Islak ve Kuru Tıraş Makinesi;5.149 TL
Braun 7 Serisi BT7540 Sakal Düzeltici +10 Berber Ekipmanları;3.799 TL
Remington S5505 Pro Ceramic Ultra Saç Düzleştirici;2.299 TL
Braun PL5351 IPL Silk Expert Pro 5, Evde Lazerle Tüy Alma, Çanta, Venus Tıraş Makinesi, 3 Sepette İndirim;27.499 TL
Revlon RVST2211 Hindistan Cevizi Yağlı 25mm Saç Düzleştirici;2.859 TL
Braun BG3340 Vücut Bakım Makinesi;1.699 TL
iO Sensitive Yedek Başlık 4'lü Siyah Oral-B iO Sensitive Black 4'lü Diş Fırçası Yedek Başlık;1.599 TL
Braun HD425 Iontec Difüzörlü Saç Kurutma Makinesi | 2 Başlıklı, 2100 W;4.899 TL
Philips MG7930/15 Erkek Bakım Seti;3.799 TL
Philips Sonicare HX6012/87 Yedek Başlık;799 TL
Braun BUA4050 Tansiyon Ölçer;1.999 TL
Braun HD 225 Iontec,Difüzörlü Saç Kurutma Makinesi (2 Başlıklı, 2200 W);3.999 TL
Philips BRI953/01 Lumea 9900 Serisi IPL Tüy Alma Cihazı;20.899 TL
Braun 3000BT 3 Series Kuru Tıraş Makinesi;3.999 TL
Wahl 5640-616 Nose Trimmer Micro Groomsman 2 in 1;699 TL
GRUNDIG HS 7483 HAVA ÜFLEMELİ SAÇ ŞEKİLLENDİRİCİ FIRÇA;1.299 TL
Philips HX9911/88 Sonicare Clean Special Edition Şarjlı Diş Fırçası;7.099 TL
Braun BG5550 Vücut Tıraş Makinesi Series 5, +6 Aksesuar;2.999 TL
Remington S8540 Keratin Protect Saç Düzleştirici;3.199 TL
Philips Sonicare HX4072/42 Şarjlı 2'li Diş Fırçası Seti Sepette İndirim;4.599 TL
Yedek Başlık Braun 32B Series 3 Tıraş Makinesi Yedek Başlığı;1.729 TL
Yedek Başlık Braun 54B Series 5 Tıraş Makinesi Yedek Başlığı;1.899 TL
CROSS ACTION 9'LU Oral-B ProCross Action 9'lu Diş Fırçası Yedek Başlığı EB50;1.799 TL
iO Clean Yedek Başlık 2'li Beyaz Oral-B iO Clean White 2'li Diş Fırçası Yedek Başlık;999 TL
ARZUM AR5158 REVOLUTION SAÇ DÜZLEŞTİRİCİ FIRÇA;799 TL
Braun 9615S Series 9 Pro Islak & Kuru Tıraş Makinesi Sepette İndirim;14.099 TL
iO Ultimate Clean Yedek Başlık 4'lü Siyah Oral-B iO Ultimate Clean Black 4'lü Diş Fırçası Yedek Başlık;1.699 TL
Arzum Profon Ion Profesyonel Saç Kurutma Makinesi;2.849 TL
Braun 52-A1000S Series 5 Islak ve Kuru Tıraş Makinesi;4.399 TL
IO RADIANT WHITE 4'LU YEDEK BAŞLIK Oral-B iO Radiant White Beyaz Diş Fırçası Yedek Başlığı 4 Adet;1.699 TL
Babyliss ST397E Sleek Control 235 Saç Düzleştirici;4.599 TL
Philips Sonicare HX4033/32 Şarjlı Diş Fırçası;2.999 TL
Braun 9675CC Series 9 Pro Islak Kuru Tıraş Makinesi;19.999 TL
Remington AS7300 E51 Blow Dry & Style 800W Airstyl;2.399 TL
Babyliss AS126E Perfect Finish Hot Air Styler Hava Üflemeli Saç Şekillendirici Seti;3.499 TL
(Siyah) Fantom SK 2300 Saç Kurutma Makinesi (Siyah);1.599 TL
Rowenta Ultimate Experience Thermocare Saç Düzleştirici;3.999 TL
Braun BG7550 Vücut Tıraş Makinesi Series 7, +6 Aksesuar;3.999 TL
Braun HC5530 Saç Kesme Makinesi5,+3 Aksesuar;2.499 TL
PHILIPS MG5940/15 12'Sİ BİR ARADA ERKEK BAKIM KİTİ;2.749 TL
iO10 SİYAH Oral-B İO10 Şarjlı Diş Fırçası K.Siyah + Seyahat Kabı + Timer + Manyetik Şarj Sepette İndirim;15.949 TL
GLORY-MIX-EUA-WHT Dreame Glory Mix Beyaz Saç Kurutma Makinesi Sepette İndirim;5.599 TL
Grundig HS7033 Botanika Serisi Papatya Yağı Kaplı Plakalı İyonik Saç Düzleştirici;999 TL
HS 6231 Grundıg HS 6231 Kablosuz Otomatik Sarmalı Saç Şekillendirme Maşası;2.399 TL
Babyliss ST492 Steam Straight Buharlı Saç Düzleştirici;4.999 TL
İKİLİ PAKET Oral-B Pro1 Serisi İkili Paket Siyah ve Mavi Şarj Edilebilir Diş Fırçası;4.299 TL
Rowenta Ultimate Experience Maesteria Saç Kurutma Makinesi;7.349 TL
HOME PRO 200 WAHL 201.01.0460 HOME PRO 200 SAÇ KESME MAKİNESİ;1.799 TL
Pro Cross 2'li Oral-B EB50 Pro Cross Action X-Filament 2'li Şarjlı Diş Fırçası Yedek Başlığı;549 TL
Babyliss HSB200E Volume Boost İyon Etkili Termal Saç Fırçası;3.799 TL
Braun HC7590 Saç Kesme Makinesi 7,+5 Aksesuar;3.499 TL
Remington S6077 Saç Düzleştirici ve Şekillendirici;4.699 TL
Revlon RVDR5305 Katlanabilir Seyahat Tipi Saç Kurutma Makinesi;1.229 TL
Pro Floss 2'li Oral-B EB25 Pro Floss Action X-Filament 2'li Şarjlı Diş Fırçası Yedek Başlığı;549 TL
Yedek Başlık Braun 96M Series 9 Tıraş Makinesi Yedek Başlığı Metal;3.249 TL
HS 7430 Grundıg HS 7430 Kablosuz Saç Düzleştirici;2.099 TL
Braun 3 Serisi BT3520 Sakal Düzeltici +3 Aksesuar;1.799 TL
QU 2002 DİJİTAL SAKAL VE SAÇ KESME MAKİNESİ;749 TL
Philips Sonicare ProtectiveClean 5100 Şarj Edilebilir Diş Fırçası;4.999 TL
Pro Sensitive 6'lı Oral-B EB60 Pro Sensitive Clean 6'lı Diş Fırçası Yedek Başlığı;1.249 TL
Remington S5527 Saç Düzleştirici;3.799 TL
Philips X9002/30 SkinIQ Islak ve Kuru Tıraş Makinesi;11.999 TL
Sinbo Shd1719 Saç Şekillendirme Seti;4.499 TL
Babyliss W2447E Deep Waves Su Dalgası Saç Maşası;4.799 TL
Grundig HS 8562 Hava Üflemeli Saç Düzleştirici Sepette İndirim;4.699 TL
iO6 Siyah Oral-B iO6 Smile Serisi Şarjlı Diş Fırçası Siyah Sepette İndirim;9.599 TL
ASP Braun Nasal Burun Aspiratörü Temizleyici BNA100 ASP;2.099 TL
Philips BRE700/05 8000 Serisi Islak ve Kuru Epilasyon Cihazı;2.299 TL
REMINGTON CI5318 KERATIN PROTECT BUKLE MAŞASI (19 mm);2.699 TL
Braun LF40 Ateş Ölçer Yedek Filtre;399 TL
iO 10 GOLD ORAL B iO 10 Şarjlı Diş Fırçası Gold + Manyetik Şarj + Seyahat Kabı;18.999 TL
Remington AS5901 E51 Coconut Smooth Airstyler;3.799 TL
Rowenta Optiliss II SF321LF0 KL Saç Düzleştirici;1.999 TL
Remington AC9095 E51 Silk Saç Kurutma Makinesi;3.199 TL
SUPER D+ Fakir Super D+ Saç Kurutma Makinesi (BLDC Motorlu+İyon Özellikli);8.919 TL
iO Gente Care Yedek Başlık 4'lü Beyaz Oral-B iO Gente Care White 4'lü Diş Fırçası Yedek Başlık;1.499 TL
REMINGTON AS8810 KERATIN PROTECT DÖNER BAŞLI FIRÇA;4.299 TL
GRUNDIG MGK 7230 L PROCLUB ERKEK BAKIM SETİ;1.299 TL
Babyliss MT727E Carbon Titanium 10 Başlıklı Yüz ve Vücut Bakım Kiti;2.499 TL
REVLON RVDR5298 ONE STEP PLUS VOLUMISER SAÇ KURUTMA VE ŞEKİLLENDİRME MAKİNESİ;2.999 TL
Braun IRT6515 Thermoscan Kulaktan Ateş Ölçer;3.699 TL
Braun BUA6350 Tansiyon Ölçer;3.999 TL
Revlon RVDR5823 IONIC Saç Kurutma Makinesi;1.699 TL
iO GENTLE CARE YEDEK BAŞLIK 4'LÜ BEYAZ Oral-B İO Gentle Care Diş Fırçası Yedek Başlık 4'lü Beyaz;1.599 TL
3+1 Oral-B EB20 3+1 Yedek Diş Fırçası;899 TL
Revlon RVIR1159 Bukle ve Dalga Maşası;2.399 TL
iO 3 Siyah Oral-B iO3 Serisi Şarjlı Diş Fırçası Siyah Sepette İndirim;5.099 TL
Remington D4740 Saç Kurutma Makinesi;2.799 TL
Braun AS420 AirStyler Iontec Saç Kurutma Makinesi ve Şekillendirici (2 Başlıklı);3.999 TL
Arzum AR5102 Hypnose IONMAX Saç Düzleştirici;1.999 TL
Babyliss 6713DE Shine Pro 2200W Saç Kurutma Makinesi;3.499 TL
BRAUN 72-G1200S SERIES 7 ISLAK KURU TIRAS MAKINESI;8.999 TL
Braun 8617S Series 8 Islak & Kuru Tıraş Makinesi;12.999 TL
Philips Prestige Ultra XP9402/31 SkinIQ Islak ve Kuru Tıraş Makinesi;16.999 TL
Remington CI6525 Pro Soft Curl Bukle Maşası (25 mm);2.299 TL
Supersonic Travel (Ceramic Pink) Dyson Supersonic Travel (Ceramic Pink);14.999 TL
Pro Sensitive 2'li Oral-B EB60 Pro Sensitive Clean X-Filament 2'li Şarjlı Diş Fırçası Yedek Başlığı;564 TL
Remington S9500 Seramik Saç Düzleştirici;3.599 TL
Remington AS7700 E51 Blow Dry & Style 1200W Airsty;5.799 TL
Philips S591/05 Kompakt Tıraş Makinesi;1.699 TL
iO 5- Mat Siyah Oral-B iO5 Şarjlı Diş Fırçası - Mat Siyah;8.499 TL
Grundig HB 7150 NaturaShine Saç Düzleştirici Fırça Siyah;1.299 TL
Philips Lumea 8000 Serisi BRI940/00 IPL Tüy Alma, Vücut için 1 Başlık, Çanta;16.449 TL
BaByliss AS6550CE Airwand 1600W Saç Kurutma ve Şekillendirme Seti (2 Aksesuar);8.499 TL
Braun Pulse Oksimetre Cihazı YK81CEU;1.699 TL
Braun IRT3030 Kulaktan Ateş Ölçer;2.599 TL
BRAUN BNT 400BWE Temazsız Alından Ateş Ölçer (Siyah);4.499 TL
Remington Airvive İnce Düzleştirici Sepette İndirim;9.599 TL
Arzum AR5220 Trace Sakal Şekillendirme Ve Tıraş Makinesi;919 TL
NORA (ALTIN) FAKIR NORA DIJITAL CAM BASKÜL ALTIN;1.299 TL
Braun PRT2000 Dijital Ateş Ölçer;1.249 TL
BRAUN 62-B1200S SERIES 6 ISLAK KURU TIRAS MAKINESI;5.999 TL
T-SHOT Fakir T-Shot Saç Kurutma Makinesi (BLDC Motorlu+İyon Özellikli);13.109 TL
Grundig HD6080 B Saç Kurutma Makinesi (2200W.);1.199 TL
Remington AC8002 Keratin Protect Saç Kurutma Makinesi;4.799 TL
Philips BRE728/05 9000 Serisi Islak ve Kuru Epilatör;9.699 TL
Remington CI4740 Shea Soft Saç Maşası;2.499 TL
Wahl 09893.0464 Color Pro Advanced Erkek Bakım Kiti;2.299 TL
Grundig HS5331 Argan Yağlı Geniş Plakalı Saç Düzleştirici;1.299 TL
Remington CI5538 Pro Big Curl Kalın Saç Maşası (38 mm);2.299 TL
iO Spiderman Oral-B IO Çocuk 6 + Spiderman Şarjlı Diş Fırçası;3.229 TL
Arzum Revolution Profesyonel Saç Kurutma Makinesi - Platin Gri - AR5169;5.599 TL
GLORY-MIX-EUA-GLD Dreame Glory Mix Gold Saç Kurutma Makinesi;4.989 TL
Philips BRE228/05 2000 Serisi Epilatör;1.399 TL
Philips BHD837/10 Yeni Nesil Saç Kurutma Makinesi Sepette İndirim;14.599 TL
Braun BT7420 Islak ve Kuru Tıraş Makinesi;2.499 TL
İO Sensitive White 2'li Oral-B İO Sensitive White 2'li Diş Fırçası Yedek Başlık;1.049 TL
Philips Sonicare HX3601/01 Şarjlı Diş Fırçası;2.499 TL
Supersonic Nural (Ceramic Pink) Dyson Supersonic Nural Saç Kurutma Makinesi (Ceramic Pink);24.999 TL
Philips BHS830/00 8000 Serisi Saç Düzleştirici Sepette İndirim;12.599 TL
Babyliss MT996E Super X Metal 15 Başlıklı Lityum Yüz & Vücut Bakım Kiti;7.499 TL
JOLIE (Mint Yeşili) Fantom Jolie HS 1500 Saç Düzleştirici (Mint Yeşili);9.999 TL
Wahl 09893.0460 Extreme Grip Advanced Erkek Bakım Kiti;2.799 TL
MOSER 1406-0050 SAÇ KESME MAKİNESİ (BORDO);1.799 TL
iO 5 BEYAZ Oral-B İO5 Serisi Şarjlı Diş Fırçası Beyaz + Seyahat Kabı;7.499 TL
iO9 ROSE Oral-B İO9 Serisi Şarjlı Diş Fırçası Rose + Seyahat Kabı + Manyetik Şarj Cihazı;13.999 TL
Revlon RVDR5317 Smooth Stay Difüzörlü Saç Kurutma Makinesi;2.429 TL
Braun IRT6525 Thermoscan Kulaktan Ateş Ölçer;4.499 TL
Philips HX3651/12 Sonicare 2100 Serisi Şarj Edilebilir Diş Fırçası;1.699 TL
iO ULTIMATE CLEAN YEDEK BAŞLIK 2Lİ SİYAH Oral-B İO Ultımate Clean Diş Fırçası Yedek Başlık 2'li Siyah;999 TL
Philips BRE708/05 8000 Serisi Islak ve Kuru Epilatör;5.499 TL
Philips Sonicare HX4022/03 Şarjlı Diş Fırçası;2.999 TL
Philips Sonicare HX4021/01 Şarjlı Diş Fırçası;2.699 TL
iO 10 BEYAZ ORAL B iO 10 Şarjlı Diş Fırçası Beyaz + Manyetik Şarj + Seyahat Kabı Sepette İndirim;15.949 TL
Wahl 09893-0440 Extreme Grip Sakal Kesme Makinesi;1.799 TL
iO 9 SİYAH Oral-B IO 9 Serisi Şarjlı Diş Fırçası Siyah + Seyahat Kabı + Manyetik Şarj Cihazı Sepette İndirim;13.599 TL
Philips BRE709/05 8000 Serisi Islak ve Kuru Epilatör;6.999 TL
(Antrasit) Fantom Jolie SK 2500 Saç Kurutma Makinesi;5.999 TL
Remington Airvive 2'si 1 Arada Hava Üflemeli Düzleştirici Sepette İndirim;14.599 TL
Philips Sonicare HX3681/54 Şarjlı Diş Fırçası;2.499 TL
Remington NE7000 Erkek Bakım Kiti;770 TL
PRO ION SHOT Fakir Pro Ion Shot Saç Kurutma Makinesi (BLDC Motorlu+İyon+Hafıza);9.449 TL
Corrale (Copper Nikel) Dyson Corrale™ saç düzleştirici (Bakır/Nikel);21.999 TL
Philips HX9911/84 Sonicare DiamondClean Şarjlı Diş Fırçası Sepette İndirim;8.599 TL
JOLIE (Antrasit) Fantom Jolie HS 1500 Saç Düzleştirici (Antrasit);9.999 TL
GROOMSMAN WAHL 05537-3016 GROOMSMAN ALL IN ONE ERKEK BAKIM KİTİ (PİLLİ);599 TL
Arzum AR-569 Linda Saç Kurutma Makinesi;1.279 TL
PRT 1000 Braun PRT1000 Dijital Ateş Ölçer;759 TL
Philips BRE718/05 9000 Serisi Islak ve Kuru Epilatör;7.799 TL
Wahl 05606-1016 GroomsMan Erkek Bakım Seti;699 TL
iO3 Pembe Oral-B iO3 Serisi Şarjlı Diş Fırçası Pembe Sepette İndirim;5.099 TL
Babyliss E996E Super X Metal 10 Başlıklı Lityum Saç Kesme Makinesi;6.999 TL
(Beyaz) Fantom Hair Styler Plus SK 1700 Saç ?ekillendirici (Beyaz);9.799 TL
WAHL 20105-0460 CLOSE CUT PRO CLIPPER SAÇ KESME MAKİNESİ;2.499 TL
PHILIPS HX3826/31 SONICARE 3000 SERİSİ ŞARJ EDİLEBİLİR DİŞ ARASI TEMİZLEYİCİ;6.499 TL
Babyliss AS970E Big Hair Luxe Döner Fırçalı Hava Üflemeli Saç Şekillendirici;6.999 TL
WAHL 09639-816 SAÇ VE SAKAL KESME MAKİNESİ;1.739 TL
Remington AC8901 Hydraluxe Saç Kurutma Makinesi (AC Motorlu);4.347 TL
Arzum AR5096 Prostyle Air Profesyonel Saç Kurutma Makinesi;1.299 TL
Remington AC5999 Pro Air Ac Motorlu 2300W. Saç Kurutma Makinesi;4.599 TL
REMINGTON PG6130 11'İ BİR ARADA ERKEK BAKIM KİTİ;1.769 TL
Braun ST780 Satin Hair 7 SensoCare Saç Düzleştirici;11.999 TL
PREMISS BEYAZ TEFAL PREMISS BEYAZ CAM BANYO TARTISI;1.199 TL
Airtouch Fakir Airtouch Saç Şekillendirici Set Sepette İndirim;7.599 TL
Remington Airvive Döner Başlıklı Maşa Sepette İndirim;10.599 TL
Philips MG5950/15 Erkek Bakım Seti;3.259 TL
Remington D2400 E51 Travel Dryer 1400;2.699 TL
Supersonic R (Ceramic Pink ) Dyson Supersonic R saç kurutma makinesi Düz+Dalgalı T1/T2 (Ceramic Pink);26.999 TL
Philips BHB968/00 WavePro Otomatik Saç Maşası;14.999 TL
JOLIE (Mürdüm) Fantom Jolie HS 1500 Saç Düzleştirici (Mürdüm);9.999 TL
JOLIE (Mavi) Fantom Jolie HS 1500 Saç Düzleştirici (Mavi);9.999 TL
WAHL 09243-2216 HOME PRO SAÇ KESME MAKİNESİ;849 TL
Grundig MS 9130 Tıraş Makinesi;1.699 TL
GRUNDIG MGK 9030 PRO CLUB ERKEK BAKIM SETİ;1.699 TL
Philips HX3671/13 Sonicare 3100 Serisi Şarj Edilebilir Diş Fırçası;2.889 TL
PHILIPS BRE730/05 8000 SERİSİ ISLAK VE KURU EPİLATÖR;4.199 TL
REMINGTON PG5000 GRAPHITE G5 ERKEK BAKIM KİTİ;3.199 TL
REMINGTON PG4000 GRAPHITE G4 ERKEK BAKIM KİTİ;2.389 TL
REMINGTON NE3150 SMART BURUN KULAK VE TÜY ALMA MAKİNESİ;699 TL
NOBLE AC FAKIR NOBLE AC SAÇ KURUTMA MAKİNESİ 2200 WATT;2.549 TL
Philips Sonicare HX7400/06 Şarjlı Diş Fırçası Sepette İndirim;7.499 TL
Philips Sonicare HX7108/03 Şarjlı Diş Fırçası Sepette İndirim;5.799 TL
Supersonic R (Ceramic Pink T3/T4 ) Dyson Supersonic R saç kurutma makinesi Kıvırcık+ Bukleli T3/T4 (Ceramic Pink);26.999 TL
Airglace Fakir Airglace Saç Düzleştirici Sepette İndirim;7.599 TL
Geske Yüz Temizleme ve Cilt Bakım Cihazı Mor;3.199 TL
Geske Yüz Temizleme ve Cilt Bakım Cihazı Pembe;3.199 TL
Geske Titreşimli Mikro Akım, Yaşlanma Karşıtı Yüz ve Vücut Sıkılaştırma Cihazı;5.199 TL
Geske Yüz Temizleme Fırçası Mor;919 TL
Geske Yüz Temizleme Fırçası Pembe;919 TL
Geske Yüz Temizleme Fırçası;919 TL
Geske Anti-Aging Cilt Bakım Cihazı;11.999 TL
Geske Titreşimli, Yüz Şekillendirici Roller Masaj Cihazı;3.999 TL
Geske Titreşimli, Yüz Şekillendirici Roller Masaj Cihazı Kırmızı;3.999 TL
Geske Titreşimli Yüz Şekillendirici ve Vücüt Bakım Roller Cihazı;4.399 TL
Geske Mikro İğneli, Buz Başlığı, Pembe Kuvars Başlıklı Dermaroller;6.799 TL
Geske Mikro Akım Siyah Nokta Temizleme Cihazı;5.599 TL
Geske Mikro İğneli, Buz Başlığı, Pembe Kuvars Başlıklı Dermaroller Cihaz;3.999 TL
Geske Buharlı Cilt Nemlendirici Ve Yenileyici Yüz Bakım Cihazı Mor;3.199 TL
Geske Buharlı Cilt Nemlendirici Ve Yenileyici Yüz Bakım Cihazı;3.199 TL
Geske Buharlı Cilt Nemlendirici ve Yenileyici Akıllı Yüz Bakım Cihazı Lacivert;3.199 TL
Geske Buharlı Cilt Nemlendirici ve Yenileyici Akıllı Yüz Bakım Cihazı;3.199 TL
Geske Aqua-Stream Çift Başlıklı Siyah Nokta ve Yüz Temizleme Cihazı;7.199 TL
Geske Titreşimli Kırmızı Led Terapili Sıkılaştırıcı Yüz Bakım Cihazı Sepette İndirim;4.899 TL
Geske Titreşimli Yüz Temizleme ve Isılı Masaj Cihazı Beyaz;5.199 TL
Geske Yumuşak Silikonlu Vücut Temizleme Fırçası;1.839 TL
Geske Titreşimli Mikro Akım Termal Yüz Temizleme ve Cilt Sıkılaştırıcı Cihaz Mavi;7.199 TL
Geske Metal Detaylı Yumuşak Silikonlu Vücut Temizleme Fırçası;2.399 TL
Geske Titreşimli Vücut Fırçası Ve Yoğun Eksfoliyatör Lacivert;5.199 TL
Geske Titreşimli Vücut Fırçası Ve Yoğun Eksfoliyatör;5.199 TL
Geske Titreşimli Soğutma ve Isıtma Sağlayan Akıllı Göz Çevresi Masaj Cihazı Pembe;6.399 TL
Geske Vücut Temizleme Cihazı;10.399 TL
Geske Titreşimli Soğutma ve Isıtma Sağlayan Akıllı Göz Çevresi Masaj Cihazı Mor;6.399 TL
Remington Airvive Saç Kurutma Makinesi Sepette İndirim;11.599 TL
DYSON SAÇ TOKASI Dyson Saç Tokası;1.499 TL
Straightener AST14A Pembe Dreame Hair Straightener AST14A Pembe Şarjlı Saç Düzleştirici;2.496 TL
WAHL 1661-0465 TRENDCUT LITHIUM ION SAÇ VE SAKAL KESME MAKİNESİ;2.199 TL
Geske Sonic Thermo Facial Brush & Face-Lifter 8 in 1;7.199 TL
Geske Titreşimli, Soğutma ve Isıtmalı, Led Terapili Yüz Maskesi Bakım Cihazı Siyah;6.399 TL
BEARD OIL RELAX WAHL 3999.0462 BEARD OIL RELAX 30 ML SAKAL YAĞI;199 TL
WAHL 09854-2916 TOTAL BEARD ERKEK BAKIM KİTİ;1.999 TL
WAHL 05545-2416 BURUN KULAK BAKIM KİTİ (PİLLİ);599 TL
REMINGTON HG1000 OMNIBLADE BAKIM KİTİ;999 TL
iO ULTIMATE CLEAN YEDEK BAŞLIK 4LÜ SİYAH Oral-B İO Ultımate Clean Diş Fırçası Yedek Başlık 4'lü Siyah;1.599 TL
iO GENTLE CARE YEDEK BAŞLIK 2'Lİ BEYAZ Oral-B İO Gentle Care Diş Fırçası Yedek Başlık 2'li Beyaz;1.099 TL
PHILIPS HC3525/15 HAIRCLIPPER SERIES 3000 SAÇ KESME MAKİNESİ;2.599 TL
Xiaomi Smart Air Purifier 4 Compact Xiaomi Smart Air Purifier 4 Compact Hava Temizleyici;5.599 TL
Mi Air Purifier 4 Lite Xiaomi Mi Air Purifier 4 Lite Hava Temizleyici;8.799 TL
S Siyah Luxell LXF-260 S Siyah Kule Vantilatör;6.789 TL
TVL 90 BS Fakir TVL 90 BS Kule Tipi Vantilatör Sepette İndirim;9.599 TL
G Antrasit Luxell LXF-260 G Antrasit Kule Vantilatör;6.789 TL
Philips AC3220/10 3200 Serisi Hava Temizleyici Sepette İndirim;20.699 TL
Xiaomi Humidifier 2 Lite EU Hava Nemlendirici;2.599 TL
Mi Air Purifier 4 Pro Xiaomi Mi Air Purifier 4 Pro Hava Temizleyici;14.999 TL
Philips AC3420/10 Akıllı 2'si 1 Arada Hava Temizleyici ve Nemlendirici Sepette İndirim;23.999 TL
Dyson HushJet™ White Silver Dyson HushJet™ White Silver Hava Temizleyici;19.999 TL
Dyson Purifier Hot+Cool™HP1 Dyson Purifier Hot+Cool™HP1 Isıtıcı Özellikli Hava Temizleyici;34.999 TL
Philips AMF870/15 3’ü 1 Arada Hava Temizleyici/ Fan ve Isıtıcı Sepette İndirim;24.999 TL
TVL 120 S Fakir TVL 120 S Kule Tipi Vantilatör Sepette İndirim;12.596 TL
Xiaomi Smart Humidifier 2 EU Hava Nemlendirici;3.999 TL
S Luxell LXF-518 S Ayaklı Siyah Vantilatör;2.799 TL
Xiaomi Smart Air Purifier Elite EU Akıllı Hava Temizleyici;19.599 TL
Philips CX5120/11 5000 Serisi Kompakt Isıtıcı Siyah Sepette İndirim;7.099 TL
Xiaomi Smart Dehumidifier Lite EU Nem Alma Cihazı;12.499 TL
Dreame PM20 Hava Temizleyici Cihazı Gold;29.999 TL
Sinbo SFH-6936 7 Dilim Yağlı Radyatör;1.086 TL
Philips AC2220/10 PureProtect Quiet 2200 Serisi Akıllı Hava Temizleyici Sepette İndirim;17.299 TL
Xiaomi Redmi Watch 5 Lite Altın;3.199 TL
Xiaomi Redmi Watch 5 Lite Siyah;3.199 TL
Huawei Watch GT6 41 mm Akıllı Saat Altın;10.999 TL
Honor Choice Watch 2i Akıllı Saat Siyah;1.599 TL
Xiaomi Redmi Watch 5 Active Gümüş;2.069 TL
Xiaomi Redmi Watch 5 Active Siyah;2.069 TL
Apple Watch SE 3 GPS 40mm Starlight Aluminium Case with Starlight Sport Band-S/M;12.799 TL
HUAWEI WATCH GT5 41 MM ALTIN;8.499 TL
Huawei Watch Fit 4 Siyah;5.999 TL
Huawei Watch Fit 4 Beyaz;5.999 TL
Huawei Watch GT6 Pro 46 mm Akıllı Saat Titanyum;17.999 TL
Huawei Watch GT6 41 mm Akıllı Saat Beyaz;8.999 TL
TCL MT42X Movetime Family Watch 2 Akıllı Saat Siyah/ Sarı;6.199 TL
TCL Movetime Family Watch MT46X Akıllı Saat Pembe;7.999 TL
Huawei Watch Fit 4 Mor;5.999 TL
Huawei Watch GT6 41 mm Akıllı Saat Mor;8.999 TL
HUAWEI WATCH GT5 46 MM SİYAH;7.999 TL
Huawei Watch GT6 46 mm Akıllı Saat Siyah;9.499 TL
TCL Alcatel MT40X Movetime Çocuk Akıllı Saati Pembe;4.999 TL
HUAWEI WATCH GT5 46 MM MAVİ;7.999 TL
Apple Watch Series 11 GPS 46mm Space Grey Aluminium Case with Black Sport Band -M/L;20.999 TL
BSWX5_Pembe Bilicra Mini Akıllı Çocuk Saati-Pembe Sepette İndirim;5.099 TL
Huawei Watch GT6 Pro 46 mm Akıllı Saat Siyah;14.999 TL
BSWX5_Siyah Bilicra Mini Akıllı Çocuk Saati-Siyah Sepette İndirim;5.099 TL
Apple Watch Series 11 GPS 46mm Jet Black Aluminium Case with Black Sport Band S/M;20.999 TL
TCL Alcatel MT40X Movetime Çocuk Akıllı Saati Siyah;4.999 TL
TCL MT42X Movetime Family Watch Akıllı Saat Pembe;8.999 TL
Apple Watch Series 11 GPS 46mm Jet Black Aluminium Case with Black Sport Band M/L;23.499 TL
Huawei Watch GT6 Pro 46 mm Akıllı Saat Kahverengi;14.999 TL
Apple Watch SE 3 GPS 44mm Starlight Aluminium Case with Starlight Sport Band-M/L;14.799 TL
TCL Movetime Family Watch MT46X Akıllı Saat Siyah;7.999 TL
Apple Watch Series 11 GPS 46mm Silver Aluminium Case with Purple Fog Sport Band M/L;21.349 TL
Apple Watch SE 3 GPS 44mm Midnight Aluminium Case with Midnight Sport Band - M/L;14.799 TL
TCL Alcatel MT40X Movetime Çocuk Akıllı Saati Mavi;4.999 TL
TCL Movetime Family Watch MT46X Akıllı Saat Mavi;7.999 TL
TCL MT42X Movetime Family Watch Akıllı Saat Mavi;8.999 TL
Apple Watch SE 3 GPS 44mm Midnight Aluminium Case with Midnight Sport Band - S/M;14.799 TL
Apple Watch Series 10 GPS 42mm Jet Black Aluminium Case with Ink Sport Loop;15.297 TL
HUAWEI WATCH GT5 41 MM MAVİ;6.499 TL
Honor Watch x5i Akıllı Saat Siyah;2.699 TL
Huawei Watch GT6 46 mm Akıllı Saat Gri;9.499 TL
BSWX5_Mavi Bilicra Mini Akıllı Çocuk Saati-Mavi Sepette İndirim;5.099 TL
Apple Watch Series 11 GPS 42mm Jet Black Aluminium Case with Black Sport Band - S/M;19.999 TL
Honor Choice Watch 2 Epic;3.999 TL
Apple Watch SE 3 GPS 40mm Midnight Aluminium Case with Midnight Sport Band - S/M;12.799 TL
Apple Watch Series 10 GPS 46mm Jet Black Aluminium Case with Ink Sport Loop;17.096 TL
TCL Movetime Family Watch MT48X Akıllı Saat Pembe;12.999 TL
Apple Watch SE 3 GPS 44mm Starlight Aluminium Case with Starlight Sport Band-S/M;14.799 TL
BSWX4_Siyah Bilicra Round Akıllı Çocuk Saati - Siyah;5.549 TL
Huawei Watch GT6 46 mm Akıllı Saat Yeşil;9.499 TL
Apple Watch Series 11 GPS 42mm Silver Aluminium Case with Purple Fog Sport Band S/M;19.999 TL
TCL Movetime Family Watch MT48X Akıllı Saat Mavi;12.999 TL
BSWX3_Pembe Bilicra Connect Akıllı Çocuk Saati - Görüntülü Görüşme Özellikli - Pembe Sepette İndirim;6.599 TL
Apple Watch Series 11 GPS 46mm Silver Aluminium Case with Purple Fog Sport Band S/M;21.749 TL
HUAWEI WATCH GT5 PRO 46 MM TİTANYUM;13.999 TL
Apple Watch Series 10 GPS 42mm Silver Aluminium Case with Denim Sport Band - M/L;15.566 TL
Apple Watch SE 3 GPS 40mm Starlight Aluminium Case with Starlight Sport Band-M/L;13.999 TL
Apple Watch Series 11 GPS 42mm Space Grey Aluminium Case with Black Sport Band -S/M;21.999 TL
BSWBS3_Yeşil Bilicra B-Sport Go Akıllı Saat Yeşil;1.599 TL
Huawei Watch D 2 Akıllı Saat Siyah;16.999 TL
TCL Movetime Family Watch MT48X Akıllı Saat Siyah;12.999 TL
TCL Movetime Family Watch MT48X Akıllı Saat Beyaz;12.999 TL
Apple Watch Series 11 GPS 46mm Space Grey Aluminium Case with Black Sport Band S/M;20.999 TL
Apple Watch Series 11 GPS 46mm Rose Gold Aluminium Case Light Blush Sport Band - M/L;23.499 TL
BSWBS3_Siyah Bilicra B-Sport Go Akıllı Saat Siyah;1.599 TL
BSWX3_Siyah Bilicra Connect Akıllı Çocuk Saati - Görüntülü Görüşme Özellikli - Siyah Sepette İndirim;6.599 TL
Apple Watch Series 11 GPS 42mm Rose Gold Aluminium Case with Light Blush Sport Band - S/M;21.999 TL
BSWX4_Pembe Bilicra Round Akıllı Çocuk Saati - Pembe;5.549 TL
Huawei Watch D 2 Akıllı Saat Mavi;16.999 TL
Apple Watch Series 10 GPS 46mm Jet Black Aluminium Case with Black Sport Band -S/M;17.366 TL
Apple Watch Series 10 GPS 42mm Jet Black Aluminium Case with Black Sport Band- M/L;15.566 TL
Apple Watch Series 11 GPS 46mm Rose Gold Aluminium Case Light Blush Sport Band - S/M;20.999 TL
Apple Watch Series 10 GPS 46mm Silver Aluminium Case with Denim Sport Band - S/M;17.366 TL
BSWX3_Mavi Bilicra Connect Akıllı Çocuk Saati - Görüntülü Görüşme Özellikli - Mavi Sepette İndirim;6.599 TL
Apple Watch Series 10 GPS 46mm Rose Gold Aluminium Case with Light Blush Sport Band - M/L;17.366 TL
BSWBS3_Mavi Bilicra B-Sport Go Akıllı Saat Mavi;1.599 TL
Apple Watch Series 10 GPS 46mm Rose Gold Aluminium Case with Light Blush Sport Band - S/M;16.646 TL
Apple Watch Series 11 GPS 42mm Space Grey Aluminium Case with Black Sport Band - M/L;21.999 TL
Honor Watch 5 Akıllı Saat Siyah Sepette İndirim;5.599 TL
BSWBS3_Pembe Bilicra B-Sport Go Akıllı Saat Pembe;1.599 TL
Apple Watch Series 11 GPS 42mm Rose Gold Aluminium Case with Light Blush Sport Band - M/L;21.999 TL
Huawei Watch Fit 4 Pro Yeşil;8.999 TL
Huawei Watch Fit 4 Pro Siyah;8.999 TL
HUAWEI WATCH ULTIMATE 2 MAVİ;39.999 TL
TCL MT42X Movetime Family Watch 2 Akıllı Saat Turuncu/Gri;6.199 TL
Honor Watch 5 Akıllı Saat Yeşil;6.999 TL
BSWX4_Mavi Bilicra Round Akıllı Çocuk Saati - Mavi;5.549 TL
Xiaomi Watch S4 41mm Akıllı Saat Mint Yeşili Floroelastomer Kauçuk Kayış;8.899 TL
Huawei Watch Fit 4 Pro Mavi;8.999 TL
HUAWEI WATCH ULTIMATE 2 YEŞİL;39.999 TL
Huawei Watch GT Runner 2 Turuncu Akıllı Saat;17.999 TL
Apple Watch Series 10 GPS 42mm Jet Black Aluminium Case with Black Sport Band - S/M;15.566 TL
HUAWEI WATCH ULTIMATE 2 SİYAH;34.999 TL
Xiaomi Watch S4 41mm Akıllı Saat Siyah Floroelastomer Kauçuk Kayış;8.899 TL
Xiaomi Watch S4 Akıllı Saat Siyah;7.999 TL
HUAWEI WATCH GT5 41 MM BEYAZ DERİ;9.499 TL
Apple Watch SE 3 GPS 40mm Midnight Aluminium Case with Midnight Sport Band - M/L;13.999 TL
Apple Watch Series 10 GPS 46mm Silver Aluminium Case with Blue Cloud Sport Loop;17.996 TL
Apple Watch Ultra 3 GPS+ Cellular 49mm Natural Titanium Case with Light Blue Alpine Loop L;59.999 TL
Xiaomi Watch S4 41mm Akıllı Saat Beyaz Deri Kayış;9.999 TL
Xiaomi Redmi Watch 5 Lavanta Moru;5.299 TL
Xiaomi Watch S4 Akıllı Saat Gümüş;7.999 TL
Apple Watch Ultra 3 GPS + Cellular 49mm Natural Titanyum Kasa Milano Loop M;85.199 TL
Apple Watch Ultra 2 GPS + Cellular 49mm Natürel Titanyum Kasa Natural Titanium Milano Loop;66.999 TL
Apple Watch Ultra 3 GPS + Cellular 49mm Natural Titanium Case with Anchor Blue Ocean Band;59.999 TL
Huawei Watch 5 42mm Akıllı Saat Beyaz;23.996 TL
Apple Watch Series 10 GPS 46mm Rose Gold Aluminium Case with Plum Sport Loop;19.346 TL
Huawei Watch GT Runner 2 Siyah Akıllı Saat;17.999 TL
Huawei Watch GT Runner 2 Mavi Akıllı Saat;17.999 TL
Apple Watch Series 10 GPS + Cellular 46mm Natürel Titanyum Kasa Natürel Milano Loop - S/M;45.626 TL
Apple Watch Series 10 GPS + Cellular 46mm Arduvaz Titanyum Kasa Arduvaz Milano Loop - S/M;45.626 TL
Apple Watch Series 10 GPS + Cel 46mm Altın Rengi Titanyum Kasa Altın Rengi Milano Loop S/M;45.626 TL
Apple Watch SE GPS + Cellular 40mm Gece Yarısı Alüminyum Kasa Gece Yarısı Spor Kordon M/L;21.999 TL
Apple Watch Ultra 2 GPS + Cellular 49mm Siyah Titanyum Kasa Koyu Yeşil Alpine Loop - M;55.999 TL
Apple Watch Ultra 2 GPS + Cellular 49mm Natürel Titanyum Kasa Natural Titanium Milano Loop;66.999 TL
Apple Watch Ultra 2 GPS + Cellular 49mm Natürel Titanyum Kasa Uçuk Kahve Alpine Loop - M;55.999 TL
Apple Watch Ultra2GPS Cellular49mm NaturalTitanium Case NaturalTitanium Milanese Loop-L(24;66.999 TL
Apple Watch Ultra 2 GPS + Cellular 49mm Natural Titanium Case Blue Trail Loop - S/M 2024;49.999 TL
HUAWEI WATCH ULTIMATE KEŞİF SİYAHI;25.999 TL
Apple Watch Ultra 3 GPS + Cellular 49mm Natural Titanyum Kasa Milano Loop S;85.199 TL
Apple Watch SE 3 GPS 40mm Midnight Aluminium Case with Midnight Sport Band - S/M;26.499 TL
Apple Watch Series 10 GPS + Cellular 42mm Natürel Titanyum Kasa Natürel Milano Loop;43.286 TL
Apple Watch Series 10 GPS + Cellular 46mm Roze Altın Rengi Alüminyum Kasa Bulut Pembesi ML;33.296 TL
Apple Watch Ultra 2 GPS + Cellular 49mm Siyah Titanyum Kasa Siyah Titanyum Milano Loop - S;66.999 TL
Apple Watch Ultra 2 GPS + Cellular 49mm Siyah Titanyum Kasa Siyah Titanyum Milano Loop - M;66.999 TL
Apple Watch SE GPS + Cellular 40mm Gece Yarısı Alüminyum Kasa Gece Yarısı Spor Kordon - SM;21.999 TL
Apple Watch SE GPS + Cellular 40mm Gümüş Rengi Alüminyum Kasa Kot Rengi Spor Kordon - S/M;21.999 TL
Apple Watch Ultra 2 GPS + Cellular 49mm Siyah Titanyum Kasa Koyu Yeşil Alpine Loop S;55.999 TL
Apple Watch Series 11 GPS Cellular 46mm Space Grey Aluminium Case Black Sport Band - M/L;39.499 TL
Xiaomi Watch S4 41mm Akıllı Saat Günbatımı Işıltısı Milanese Kayış;12.899 TL
Apple Watch Series 11 GPS 42mm Silver Aluminium Case with Purple Fog Sport Band - M/L;21.999 TL
Huawei Watch 5 46mm Akıllı Saat Metalik Mor;23.996 TL
Huawei Watch 5 46mm Akıllı Saat Siyah;21.696 TL
Philips DST8050/20 Azur Serisi Buharlı Ütü Sepette İndirim;6.099 TL
Philips DST7020/20 7000 Serisi Mavi Buharlı Ütü;3.199 TL
Philips DST7510/80 Azur 7500 Buharlı Ütü;4.499 TL
Philips PSG8130/80 Buhar Kazanlı Ütü Sepette İndirim;15.499 TL
Philips DST8030/70 Azur Serisi Buharlı Ütü Sepette İndirim;4.799 TL
Tefal FV8066 Puregliss 3000 W Siyah Buharlı Ütü;3.099 TL
Philips DST5020/30 Buharlı Ütü;2.699 TL
Philips GC9682/80 Perfectcare Elite Plus Buhar Kazanlı Ütü Sepette İndirim;16.999 TL
Arzum AR6043 Steamlux Buharlı Ütü;5.399 TL
Philips PSG9050/20 Perfectcare 9000 Serisi Buhar Kazanlı Ütü Sepette İndirim;24.999 TL
Philips GC6842/30 Perfectcare Compact Essential Buhar Kazanlı Ütü Sepette İndirim;4.899 TL
Tefal FV9850 Pure Max Anti-Calc Buharlı Ütü 3200 Watt;4.599 TL
Tefal FV9845 Ultimate Pure Kireç Avcısı Buharlı Ütü;4.199 TL
Tefal GV9230 Pro Express Protect 2600W Buhar Kazanlı Ütü Siyah/Mor Sepette İndirim;11.099 TL
Tefal FV2868 Express Steam Buharlı Ütü;1.899 TL
Tefal SV9201 Express Protect Buhar Kazanlı Ütü Sepette İndirim;7.599 TL
Philips STH5020/20 5000 Serisi Buharlı Düzleştirici Mavi;3.299 TL
SI 5050 Grundig SI 5050 Siyah Buharlı Ütü;1.899 TL
ST 7950 Grundig ST 7950 Buharlı Kırışık Giderici;1.999 TL
Tefal GV9820 Pro Express Vision Buhar Kazanlı Ütü Sepette İndirim;15.499 TL
Philips GC810/20 El Tipi Buharlı Düzleştirici Sepette İndirim;5.599 TL
Tefal DT8250E1 Access Steam Force Buharlı Düzleştirici;2.519 TL
Philips DST7040/80 7000 Serisi Buharlı Ütü;3.949 TL
Philips PSG6042/20 PerfectCare 6000 Serisi Kazanlı Ütü Sepette İndirim;11.099 TL
Tefal FV9E50E0 Ultimate Power Pro Buharlı Ütü Sepette İndirim;7.599 TL
Tefal JF4032EO Duo power 2in1 Buharlı Ütü;3.499 TL
Philips STH3020/10 Elde Taşınabilir Buharlı Düzleştirici;2.299 TL
SI 8050 Grundig SI 8050 Siyah Kahverengi Buharlı Ütü;3.299 TL
Tefal DT2022 Pure Pop Kırmızı Buharlı Düzleştirici Ütü;1.999 TL
Philips STH7060/80 Taşınabilir El Ütüsü 7000 Serisi;4.329 TL
Philips STH5020/40 5000 Serisi Buharlı Düzleştirici Kırmızı;3.299 TL
Tefal Ultimate Pure FV9852 Buharlı Ütü Sepette İndirim;6.399 TL
Tefal Pro Express Vision Max GV9920 Buhar Kazanlı Ütü Sepette İndirim;21.999 TL
Tefal DT2026E1 Pure Pop Sarı Buharlı Düzleştirici Ütü;1.999 TL
Philips STH5030/20 5000 Serisi Buharlı Düzleştirici Lacivert;2.949 TL
Arzum AR684 Olivya Seramik Tabanlı Buharlı Ütü;1.749 TL
Philips PSG6024/30 PerfectCare 6000 Serisi Buhar Kazanlı Ütü Sepette İndirim;10.599 TL
SIS 9180 Grundig SIS 9180 Garment Steamer Siyah Kahve Buhar Kazanlı Ütü Sepette İndirim;7.899 TL
Tefal DT2020 Pure Pop Mavi Buharlı Düzleştirici Ütü;1.999 TL
Arzum AR6021 Listo Buharlı Ütü;2.299 TL
Tefal SV4210EO Express Optimal Buharlı Ütü;5.999 TL
Philips PSG8030/20 PerfectCare 8000 Serisi Buhar Kazanlı Ütü Sepette İndirim;17.499 TL
IR 3000 Fantom Forza IR 3000 Buharlı Ütü Siyah-Bakır;3.199 TL
Philips PSG7300/80 Buhar Kazanlı Ütü Sepette İndirim;21.199 TL
Laurastar Lift Kırmızı Laurastar Buhar Jeneratörlü Ütü Lift Kırmızı Sepette İndirim;34.499 TL
Laurastar Lift Xtra Gümüş Laurastar Buhar Jeneratörlü Ütü Lift Xtra Gümüş (Aluminium) Sepette İndirim;42.499 TL
Laurastar Lift Beyaz Laurastar Buhar Jeneratörlü Ütü Lift Beyaz Sepette İndirim;34.499 TL
Tefal DT2024 Pure Pop Yeşil Buharlı Düzleştirici Ütü;1.999 TL
Roborock S8 Pro Beyaz Roborock S8 Pro Robot Süpürge Beyaz;16.999 TL
Roborock Q Revo L Pro Beyaz Roborock Q Revo L Pro Beyaz Robot Süpürge;43.999 TL
Roborock Q8 Max Pro Beyaz Roborock Q8 Max Pro Robot Süpürge Beyaz;15.999 TL
Roborock Q8 Max Pro Plus Beyaz Roborock Q8 Max Pro Plus Robot Süpürge Beyaz;25.999 TL
Roborock S8 Pro Plus Beyaz Roborock S8 Pro Plus Robot Süpürge Beyaz;27.999 TL
Dreame L40 Ultra Ce Robot Süpürge Beyaz Sepette İndirim;32.499 TL
ULTRA GEN2 Dreame L10S Ultra Gen2 Robot Süpürge Beyaz;39.999 TL
Roborock Saros 20 Sonic Beyaz Roborock Saros 20 Sonic Beyaz Robot Süpürge;89.999 TL
Roborock Saros 20 Siyah Roborock Saros 20 Siyah Robot Süpürge;89.999 TL
Dreame X50 Ultra Complete Robot Süpürge Beyaz;54.999 TL
Dreame L40 Robot Süpürge Sepette İndirim;18.999 TL
Plus Dreame L40 Plus Robot Süpürge;24.999 TL
Ultra Dreame D30 Ultra Robot Süpürge;42.999 TL
Roborock Q Revo Curv2 Pro Roborock Q Revo Curv2 Pro Robot Süpürge;74.999 TL
Dreame D20 Robot Süpürge;16.999 TL
Roborock Q Revo L Beyaz Roborock Q Revo L Robot Süpürge Beyaz;42.999 TL
Deebot T30C Ecovacs Deebot T30C Omni Robot Süpürge Beyaz Sepette İndirim;31.499 TL
Ultra CE Dreame L50 Ultra CE Robot Süpürge;49.999 TL
Dreame L40s Pro Ultra Robot Süpürge Sepette İndirim;47.499 TL
Ultra Complete Dreame X60 Ultra Complete Robot Süpürge;79.999 TL
Pro Ecovacs T90 Pro Omni Robot Süpürge Sepette İndirim;46.999 TL
Dreame L40 Ultra Ae Robot Süpürge;44.999 TL
Roborock Curv 2 Flow Roborock Curv 2 Flow Beyaz Robot Süpürge;64.999 TL
Pro Bej Ecovacs T30 Pro Omni Robot Süpürge Bej;27.999 TL
Dreame F20 Robot Süpürge;18.999 TL
Philips XU5100/20 Robot Süpürge Sepette İndirim;31.499 TL
Plus Ecovacs Deebot N20E Plus Beyaz Robot Süpürge ve Paspas Sepette İndirim;20.999 TL
Philips XU5100/10 Robot Süpürge Sepette İndirim;23.999 TL
Roborock Saros 20 Sonic Siyah Roborock Saros 20 Sonic Siyah Robot Süpürge;89.999 TL
Pro Ultra Complete Dreame X50 Pro Ultra Complete Robot Süpürge;69.999 TL
Dyson Spot+Scrub™ Ai Dyson Spot+Scrub™ Ai Islak ve Kuru Temizleme Özellikli Robot Süpürge;59.999 TL
OmniCyclone Ecovacs Deebot X11 OmniCyclone Robot Süpürge Sepette İndirim;56.999 TL
Roborock Qrevo Edge 2 Pro Roborock Qrevo Edge 2 Pro Beyaz Robot Süpürge;69.999 TL
Roborock S8 Pro Plus Siyah Roborock S8 Pro Plus Robot Süpürge Siyah;27.999 TL
Philips XU5000/10 Robot Süpürge Sepette İndirim;19.999 TL
Roborock Q8 Max Pro Plus Siyah Roborock Q8 Max Pro Plus Robot Süpürge Siyah;25.999 TL
ROBERT RS 780 PLUS Fakir Robert RS 780 Plus Robot Süpürge Siyah;14.606 TL
Philips XU9100/10 Robot Süpürge;52.999 TL
Roborock Q8 Max Pro Siyah Roborock Q8 Max Pro Robot Süpürge Siyah;15.999 TL
Roborock Saros 10 Beyaz Roborock Saros 10 Beyaz Robot Süpürge;89.999 TL
Tefal X-PLORER SERIE 240 AI Animal & Allergy Robot Süpürge;14.766 TL
Dreame F10 Robot Süpürge;17.999 TL
Deebot N20 Pro Plus Ecovacs Deebot N20 Pro Plus Robot Süpürge Beyaz;21.999 TL
Roborock Saros 10 Siyah Roborock Saros 10 Siyah Robot Süpürge;89.999 TL
Romo P DJI Romo P Robot Süpürge;74.999 TL
Pro Omni Siyah Ecovacs X8 Pro Omni Islak Kuru Robot Süpürge Siyah;44.999 TL
Romo A DJI Romo A Robot Süpürge;65.999 TL
Romo S DJI Romo S Robot Süpürge;59.999 TL
Pro Ecovacs Deebot X11 Pro Omni Robot Süpürge;59.999 TL
Xiaomi X20 Max Siyah Xiaomi X20 Max Siyah Çöp İstasyonlu Robot Süpürge;38.199 TL
Anker RoboVac L35 Hybrid Plus Akıllı Robot Süpürge;30.981 TL
Anker RoboVac L35 Hybrid Akıllı Robot Süpürge;25.593 TL
Anker Eufy Clean X8 Pro Robot Süpürge;30.981 TL
VIOMI ALPHA 3 Viomi Alpha 3 Robot Vacuum Cleaner Robot Süpürge;30.889 TL
RCV 5 Karcher RCV5 Akıllı Temizlik Robot Süpürge;34.999 TL
Eufy RoboVac LR30 Anker Eufy RoboVac LR30 Hybrid Robot Süpürge;30.047 TL
Eufy RoboVac LR30 Hybrid+ Anker Eufy RoboVac LR30 Hybrid+ Robot Süpürge;40.063 TL
VEGA PLUS INVERTER 096 A++ WIFI Vestel Vega Plus Inverter 096 A ++ 9000 BTU WIFI Klima (İç- Dış Ünite) Set;18.336 TL
FS 48 BAYMAK-48 FSA SALON TİPİ INVERTER KLİMA A++ (MD);159.999 TL
DJI Neo 2 Fly More Combo (RCN3) DJI Neo 2 Fly More Combo (RCN3);25.499 TL
DJI Mini 5 Pro Fly More Combo RC 2 DJI Mini 5 Pro Fly More Combo (DJI RC 2) Drone;62.099 TL
DJI Neo 2 DJI Neo 2 Single;14.299 TL
DJI Avata 360 Fly More Combo DJI Avata 360 Fly More Combo (DJI RC 2);59.899 TL
DJI Avata 360 DJI Avata 360 (DJI RC 2);42.699 TL
DJI Neo 2 Fly More Combo (Drone Only) DJI Neo 2 Fly More Combo (Drone Only);19.599 TL
DJI Avata 360 Motion Fly More Combo DJI Avata 360 Motion Fly More Combo (DJI Goggles N3);59.899 TL
KAAVE MONO (GRI) Fakir Kaave Mono Türk Kahve Makinesi (Gri);2.299 TL
Grundig TCM7061D Türk Kahve Makinesi Sepette İndirim;7.299 TL
TKM 1551 S Grundig TKM 1551 S Türk Kahve Makinesi;1.599 TL
Philips LatteGo EP5547/90 Tam Otomatik Espresso Makinesi Sepette İndirim;31.499 TL
TKM 1342 G Grundig TKM 1342 G Türk Kahve Makinesi;1.999 TL
Arzum OK004 Okka Minio Türk Kahve Makinesi (Bakır Renkli);1.899 TL
PHILIPS HDA150/61 Türk Kahve Makinesi (Siyah/Gümüş);1.899 TL
Philips HD7461/20 Daily Collection Kahve Makinesi;2.499 TL
PHILIPS HDA150/60 Türk Kahve Makinesi (Siyah/Bakır);1.899 TL
Arzum OK006-K Okka Minio Duo Türk Kahve Makinesi - Krom;4.199 TL
Philips HD7462/20 Daily Collection Kahve Makinesi;2.999 TL
Arzum OK004-K Okka Minio Türk Kahve Makinesi (Krom Renkli);1.899 TL
Arzum OK006 Okka Minio Duo Türk Kahve Makinesi;3.899 TL
Arzum OK0010-K Okka Minio Pro Türk Kahve Makinesi - Krom;3.999 TL
Philips CA6704/10 Kahve Yağı Sökücü Tabletler;449 TL
Delonghi Magnifica Evo Next ECAM310.80.SB Tam Otomatik Espresso Makinesi;29.999 TL
Philips CA6903/10 AquaClean Filtre;1.199 TL
Grundig KVA 7230 Delisia Coffe Entegre Süt Hazneli Tam Otomatik Espresso Makinesi Sepette İndirim;14.999 TL
Philips LatteGo EP5544/80 Tam Otomatik Espresso Makinesi Sepette İndirim;31.499 TL
Philips CA6700/10 Espresso Makinesi Kireç Çözücüsü;499 TL
Grundig KVA 8230 Delisia Coffee Tam Otomatik Süt Hazneli Espresso Makinesi;21.899 TL
G Grundig TCM 4448 G Tradisia + Sütlü Türk Kahve Makinesi;2.599 TL
Arzum OK0049 Okka Minio Közde Türk Kahvesi Makinesi;2.499 TL
Philips EP3347/90 Tam Otomatik Espresso Makinesi;22.999 TL
Arzum Okka Rich Pro Plus Su Tanklı Türk Kahvesi Makinesi Krom;7.999 TL
Filtre Kahve Kağıdı 80'li - Büyük Boy Tchibo Filtre Kahve Kağıdı 80'li - Büyük Boy;139 TL
Electrolux Create 5 E5CM1-6ST Filtre Kahve Makinesi;3.999 TL
Grundig KSM 5330 Delisia Coffe Entegre Süt Hazneli Yarı Otomatik Espresso Makinesi;6.899 TL
SİYAH Arzum OK004 SİYAH OKKA MINIO TÜRK KAHVESİ MAKİNESİ;1.899 TL
Philips EP8757/20 Tam Otomatik Espresso Makinesi Sepette İndirim;46.499 TL
Delonghi Magnifica Start ECAM220.60.B Tam Otomatik Espresso Makinesi;18.899 TL
Let's Brew Elegant İnox Tchibo Let's Brew Elegant Filtre Kahve Makinesi İnox;4.499 TL
Let's Brew (Beyaz) Tchibo Filtre Kahve Makinesi - Beyaz;2.899 TL
Essenza Mini C30 Siyah Nespresso C30 Essenza Mini Siyah Kapsüllü Kahve Makinesi Sepette İndirim;8.599 TL
Beyaz Anneler Günü Seti Nespresso F541 Gran Lattissima Kapsüllü Kahve Makinesi Anneler Günü Seti Beyaz;22.999 TL
Inissia Siyah Bundle Nespresso Inissia Siyah Kapsül Kahve Makinesi (Süt Köpürtücü Hediyeli);10.999 TL
Gran Lattissima F541 Siyah Nespresso F541 Gran Lattissima Kapsüllü Kahve Makinesi (Siyah) Sepette İndirim;21.999 TL
Cafissimo Pure Plus Tchibo Cafissimo Pure Plus Kapsüllü Kahve Makinesi Siyah;6.299 TL
Delonghi Eletta Explore Cold Brew ECAM450.65.S Tam Otomatik Kahve Makinesi;58.549 TL
Siyah Anneler Günü Seti Nespresso F541 Gran Lattissima Kapsüllü Kahve Makinesi Anneler Günü Seti Siyah;22.999 TL
Creatista Pro J620 Nespresso J620 Creatista Pro Kapsüllü Kahve Makinesi;38.999 TL
Arzum Okka Elıte Türk Kahvesi Makinesi - Bakır;10.799 TL
Gran Lattissima F541 Beyaz Nespresso F541 Gran Lattissima Kapsüllü Kahve Makinesi (Beyaz) Sepette İndirim;21.999 TL
Fakir KM3019 Kapsül Kahve Makinesi;9.689 TL
Philips Baristina BAR300/03 Yarı Otomatik Espresso Makinesi Sepette İndirim;11.549 TL
Cafissimo Pure Plus (Beyaz) Tchibo Cafissimo Pure Plus Kapsüllü Kahve Makinesi (Beyaz);6.299 TL
Arzum OK0030 Okka Espresso Pro Tam Otomatik Espresso Makinesi (Siyah/Bakır);22.999 TL
Arzum Okka Elıte Türk Kahvesi Makinesi - Krom;10.749 TL
Delonghi Ecodecalk Kahve Makinası Kireç Sökücü - 2x100ml;999 TL
Essenza Mini C30 Beyaz Nespresso C30 Essenza Mini Beyaz Kapsüllü Kahve Makinesi Sepette İndirim;8.599 TL
Cafissimo Pure Plus (Kırmızı) Tchibo Cafissimo Pure Plus Kapsüllü Kahve Makinesi (Kırmızı);6.299 TL
KORKMAZ A980 CAFFEINA DİJİTAL ÖĞÜTÜCÜLÜ FİLTRE KAHVE MAKİNESİ;7.799 TL
Lapressa (Siyah) Tchibo Lapressa Manuel Espresso Makinesi (Siyah);7.999 TL
Grundig KM 7440 Dijital Ekranlı Filtre Kahve Makinesi;3.999 TL
Grundig KM 4410G Filtre Kahve Makinesi;2.299 TL
DELONGHI PRİMADONNA ELİTE EXPERİENCE TAM OTOMATİK KAHVE MAKİNESİ;67.919 TL
Esperto 2 Milk Tchibo Esperto 2 Milk Tam Otomatik Kahve Makinesi, Granit Siyah;23.499 TL
Let's Brew (Siyah) Tchibo Filtre Kahve Makinesi - Siyah;3.199 TL
Barty Kapsüllü Kokteyl Makinesi;39.999 TL
Bosch VeroCafe Piyano TIE20119 Tam Otomatik Espresso Makinesi Sepette İndirim;15.699 TL
Vertuo Pop Kapsüllü Kahve Makinesi Kırmızı Nespresso Vertuo Pop Kapsüllü Kahve Makinesi Kırmızı;9.999 TL
Esperto Mini Gri Tchibo Esperto Mini Tam Otomatik Kahve Makinesi Gri;11.989 TL
Esperto Mini Siyah Tchibo Esperto Mini Tam Otomatik Kahve Makinesi Siyah;11.989 TL
Krups Sensation Milk EA912 Tam Otomatik Kahve Makinesi Sepette İndirim;20.999 TL
Lapressa (Gümüş) Tchibo Lapressa Manuel Espresso Makinesi (Gümüş);7.999 TL
Cafissimo Milk (Kırmızı) Tchibo Cafissimo Milk Kapsüllü Kahve Makinesi Kırmızı Sepette İndirim;14.999 TL
Siemens EQ500 TP516RX3 Tam Otomatik Espresso Makinesi Sepette İndirim;27.999 TL
Siemens EQ6 Plus S700 TE657319RW Tam Otomatik Espresso Makinesi;45.699 TL
Bosch Vero Barista 600 TIS65621RW Tam Otomatik Espresso Makinesi;33.759 TL
Vertuo Next Kapsüllü Kahve Makinesi Mat Siyah Nespresso Vertuo Next C Kapsüllü Kahve Makinesi Mat Siyah;16.999 TL
Pixie Kapsüllü Kahve Makinesi Mavi Nespresso Pixie Kapsüllü Kahve Makinesi Mavi Sepette İndirim;9.399 TL
Vertuo Next Kapsüllü Kahve Makinesi Kırmızı Nespresso Vertuo Next C Kapsüllü Kahve Makinesi Kırmızı;16.999 TL
Vertuo Next Kapsüllü Kahve Makinesi Gri Nespresso Vertuo Next C Kapsüllü Kahve Makinesi Gri Sepette İndirim;14.599 TL
Vertuo Next Kapsüllü Kahve Makinesi Beyaz Nespresso Vertuo Next C Kapsüllü Kahve Makinesi Beyaz;16.999 TL
Pixie Kapsüllü Kahve Makinesi Titan Nespresso Pixie Kapsüllü Kahve Makinesi Titan Sepette İndirim;9.399 TL
Pixie Kapsüllü Kahve Makinesi Gümüş Nespresso Pixie Kapsüllü Kahve Makinesi Gümüş;11.999 TL
Esperto2 Caffee Tchibo Esperto2 Caffee Granite Siyah Tam Otomatik Kahve Makinesi;22.999 TL
(Siyah) Fantom Mixpresso Ks 1450 Espresso Kahve Makinesi (Siyah);4.999 TL
Perfect Clean 6774186 Melitta Perfect Clean Süt Temizleme Sıvısı - 6774186;489 TL
Caffeo Barista F83/0-102 Melitta Caffeo Barista T Smart Tam Otomatik Kahve Makinesi (Siyah) - F83/0-102;69.999 TL
Latticia OT F30/0-100 Melitta Latticia OT Tam Otomatik Kahve Makinesi (Siyah) - F30/0-100;39.999 TL
Cafissimo Milk (Beyaz) Tchibo Cafissimo Milk Kapsüllü Kahve Makinesi - Beyaz Sepette İndirim;14.999 TL
Delonghi BCO421.S Combi Filtre ve Espresso Kahve Makinesi;16.999 TL
Chailuxe Inox Maxi Fakir Chailuxe Çaycı & Çay Makinesi Inox Maxi;3.599 TL
Arzum AR3149 Teacharm Çay Makinesi;2.999 TL
Arzum AR3151 Jollie Çay Makinesi;2.499 TL
DEMLİ INOX Arnica Demli Inox Çaycı & Çay Makinesi -IH31050;3.399 TL
G GRUNDIG TM4454 G CAM HAZNELİ ÇAY MAKİNESİ;3.199 TL
Grundig TM6522A Dark Inox Çay Makinesi;3.099 TL
HD 7301 Philips HD 7301 Çaycı & Çay Makinesi;2.569 TL
Philips HD7360/00 5000 Serisi 1900 W Cam Çay Makinesi;6.499 TL
Philips HD7350/00 5000 Serisi 1900 W Cam Demlikli Çay Makinesi;3.999 TL
ONVO OVTM01 DİJİTAL ÇAY MAKİNESİ;2.369 TL
Grundig TM 4582I Inox XXL Çay Makinesi;2.999 TL
Korkmaz A843 Hanedan Semaver Azura (Inox/Krom);5.609 TL
CHAINOX SILVERSTONE Fakir Chainox Çay Makinesi Silverstone;3.299 TL
Korkmaz A844-01 Çayşef Home Semaver Inox/Parlak;5.959 TL
Arzum AR3101 Gusto Çay Makinesi;4.999 TL
SELFTEA Fakir Selftea Çay Makinesi;4.999 TL
DEMLİ STİL MİNT Arnica Demli Stil Mint Çaycı & Çay Makinesi - IH33203;4.499 TL
Korkmaz A1856 Vanilya 7 Parça Elektro Set;10.189 TL
Korkmaz A334 Mega Nosta Semaver Inox/Krom;5.339 TL
KORKMAZ A332-05 DEMİKS ELEKTRİKLİ ÇAYDANLIK (VANİLYA/KROM);4.789 TL
Arzum AR3136 Teamond Çaycı & Çay Makinesi;3.499 TL
(Antrasit) Fantom Çay Saati Cy 1500 Çelik Çaycı & Çay Makinesi (Antrasit);2.999 TL
KORKMAZ A843-02 HANEDAN SEMAVER AZURA (ROSEGOLD/ROSEGOLD);6.699 TL
(Inox) Fantom Çay Saati Cy 1500 Çelik Çaycı & Çay Makinesi (Inox);2.999 TL
Arzum AR3134 Dreamtea Çaycı & Çay Makinesi;1.999 TL
LEGGNO GRM102GTM Gourmet Pro Cam Demlikli Çay Makinesi;2.019 TL
Leggno GRM102GTMBK Gourmet Pro Cam Demlikli Çaycı & Çay Makinesi Siyah;1.719 TL
Leggno GRM102STMBK Gourmet Pro Çaycı & Çay Makinesi Siyah;1.619 TL
Leggno GRM101STM Gourmet Pro Çaycı & Çay Makinesi;1.719 TL
Philips HD6301/90 5000 Serisi Contact Tost ve Izgara Makinesi Sepette İndirim;5.099 TL
CRISPY (SILVERSTONE) Fakir Crispy Tost Makinesi (Silverstone);2.499 TL
Arzum AR2009 Sultane Granite Izgara ve Tost Makinesi;2.999 TL
Grundig CG4306G Tost Makinesi;2.999 TL
SuperGrill 3in1 XL Tefal SuperGrill 3in1 XL Tost Makinesi Sepette İndirim;8.199 TL
SuperGrill 3in1 Tefal SuperGrill 3in1 Tost Makinesi Inox;7.499 TL
CG 1514A Grundig CG1514A 4 Dilim Tost Makinesi;2.699 TL
Philips HD6307/70 7000 Serisi Contact Tost ve Izgara Makinesi;7.499 TL
SuperGrill 3in1 Black Tefal SuperGrill 3in1 Elektrikli Izgara ve Tost Makinesi Siyah;7.499 TL
Grundig CG6861 Tost ve Izgara Makinesi;3.999 TL
Arzum AR2001 Tostçu Delux Izgara ve Tost Makinesi;5.749 TL
GRILETTA TM 9000 Fantom Grilletta TM 9000 Tost Makinesi (INOX);2.899 TL
Korkmaz A310-03 Formula Tost Makinesi Siyah/Gri Granit;3.999 TL
CRISPY (MAT SİYAH) Fakir Crispy Tost Makinesi (Mat Siyah);2.999 TL
Arzum AR2044-INX Kantintost Pro Izgara Ve Tost Makinesi;5.949 TL
Arnica GH26251 Diamond Granit Izgaralı Tost Makinesi (Siyah);4.999 TL
GRILETTA TM 9100 Fantom Grilletta TM 9100 Tost Makinesi (INOX);4.999 TL
Grundig CG7981 Tost Makinesi;5.299 TL
TOSTİT Arnica Tostit Tost Makinesi (GH26300);4.699 TL
Arzum AR2007 Sultane Izgara ve Tost Makinesi;2.499 TL
Korkmaz A324-09 Castron Tost Makinesi M.Bej/Krom;4.739 TL
Arzum AR2078 Neogrill Izgara ve Tost Makinesi;4.499 TL
Braun Multigrill 7 CG7040 Izgara ve Tost Makinesi;14.699 TL
Leggno GR201VEGA Gourmet Vega Sandviç ve Grill Makinesi;1.719 TL
Korkmaz A816 Pro Grill Dijital Tost Makinesi;11.769 TL
Dyson V15 Detect™ Absolute Dyson V15 Detect™ Absolute Kablosuz Şarjlı Dikey Süpürge;38.999 TL
Dyson Cyclone V10 Submarine Dyson Cyclone V10 Submarine Islak ve Kuru Temizleme Dikey Süpürge;27.999 TL
Dyson Cinetic Big Ball Absolute 2 Dyson Cinetic Big Ball Absolute 2 Kablolu Elektrik Süpürgesi;19.999 TL
Dyson V12 Detect Slim™ Absolute Dyson V12 Detect Slim™ Absolute Kablosuz Şarjlı Dikey Süpürge;35.999 TL
Dyson Cinetic Big Ball Multifloor 2 Dyson Cinetic Big Ball Multifloor 2 Kablolu Elektrik Süpürgesi;16.999 TL
Dyson V8 Cyclone Dyson V8 Cyclone Dikey Süpürge;20.999 TL
Dyson V16 Piston Animal Dyson V16 Piston Animal (Mat siyah/Bakır) Kablosuz Şarjlı Dikey Süpürge;44.999 TL
Dyson Cyclone V10™ Absolute Dyson Cyclone V10™ Absolute Kablosuz Şarjlı Dikey Süpürge;25.999 TL
Dyson V16 Piston Animal Submarine™ Dyson V16 Piston Animal Submarine™ Islak Kuru Kablosuz Şarjlı Dikey Süpürge (Siyah/Bakır);52.999 TL
Dyson PencilWash Dyson PencilWash;17.999 TL
Dyson Clean+Wash Hygiene Dyson Clean+Wash Hygiene Islak Zemin Temizleyici;25.999 TL
Dyson Pencilvac Dyson Pencilvac Dikey Süpürge;24.999 TL
Sony Playstation 5 Slim Digital Sürüm Oyun Konsolu;52.999 TL
Sony Playstation 5 Slim Oyun Konsolu Dualsense Bundle;61.999 TL
Sony Playstation 5 Slim Digital Sürüm Oyun Konsolu Fortnite V2 Bundle;52.999 TL
Dyson V16 Piston Anımal Ayaklı Ünite Dyson V16 Piston Anımal Ayaklı Ünite;6.999 TL
Dyson V16 Piston Animal Submarine Başlık Dyson V16 Piston Animal Submarine™ 2.0 Islak Temizleme Başlığı;11.499 TL
Dyson V12 Ayaklı Ünite Dyson V12 Ayaklı Ünite;6.999 TL
Dyson V16 Piston Animal Fluffy Optic Işıklı Temizleme Başlığ Dyson V16 Piston Animal Fluffy Optic Işıklı Temizleme Başlığı;5.399 TL
Dyson V15 Ayaklı Ünite Dyson V15 Uyumlu Ayaklı Ünite;6.999 TL
Dyson V12 Submarine Başlık Dyson V12 Submarine Islak Temizleme Başlığı;15.999 TL
Yaber L2 Plus Yaber L2 Plus Full HD 700 Lümen JBL Hoparlör Projeksiyon Cihazı Sepette İndirim;11.599 TL
Epson CO-W01 WXGA(1280X800),3.000 A.Lümen,12.000 Saat Lamba Ömrü Projeksiyon Cihazı;19.999 TL
Epson EH-TW850 Full HD(1920X1080),3.400 Ansi Lümen,Wi-Fi,AirPlay 12.000 Lamba Projeksiyon Sepette İndirim;36.499 TL
Vibe One (Battery Powered) Xgimi Vibe One (Battery Powered) 250 Lümen Full HD Google TV Taşınabilir Projeksiyon Cihaz Sepette İndirim;14.799 TL
Yaber T2 Plus GTV Yaber T2 Plus GTV Full HD Taşınabilir Bataryalı Projeksiyon JBL 450 Lümen Sepette İndirim;17.999 TL
Epson CO-FH01 Full Hd(1920X1080),3.000 A.Lümen,12.000 Saat Lamba Ömrü, Projeksiyon Cihazı;26.999 TL
Max ViewSonic M1 Max Harman Kardon Hoparlörlü FHD Smart Led Taşınabilir Projeksiyon;36.759 TL
VIEWSONIC LX60HD FHD 1080p 630AL Bluetooth/Wi-Fi 1LCD/LED Dahili Google TV’li Projeksiyon;23.679 TL
Yaber T1 Pro Yaber T1 Pro 220 Lümen Full HD Projeksiyon (Gece Lambası Özellikli) Sepette İndirim;8.599 TL
MoGo 4 Xgimi MoGo 4 450 Lümen Full HD Wi-Fi Google TV Taşınabilir Projeksiyon Cihaz Sepette İndirim;37.499 TL
MoGo 4 Bundle Xgimi MoGo 4 450 Lümen Full HD Wi-Fi Google TV Taşınabilir PowerBase Stand Projeksiyon;44.899 TL
MoGo 4 Laser Outdoor Xgimi MoGo 4 Lazer Outdoor 550 Lümen Full HD Wi-Fi Google TV Taşınabilir Projeksiyon Cihaz;63.099 TL
MoGo 4 Laser Xgimi MoGo 4 Lazer 550 Lümen Full HD Wi-Fi Google TV Taşınabilir Projeksiyon Cihaz;52.599 TL
Elfin Flip Xgimi Elfin Flip 400 Lümen Full HD Taşınabilir LED Projeksiyon Cihazı;25.299 TL
Anker Nebula Capsule Air Google TV Akıllı Taşınabilir Projeksiyon Cihazı - Siyah;16.999 TL
VIEWSONIC PX749-4K UHD 4000 AnsiLümen 240Hz Ev Ofis Gaming Projeksiyon Cihazı;67.449 TL
Viewsonic PX701-4K (3840x2160) MikroSaniye Tepkime 240Hz 2xHDMI Gaming Projeksiyon Cihazı;58.329 TL
EPSON EH-TW7100 4K PRO-UHD, 3.000 Lümen, 240Hz, 100.000 Kontrast Projeksiyon Cihazı;69.999 TL
Horizon 20 Xgimi Horizon 20 3200 Lümen Wi-Fi 4K Google TV Projeksiyon Cihazı Sepette İndirim;104.899 TL
MoGo 3 Pro PowerBase Xgimi MoGo 3 Pro 450 Lümen Full HD Wi-Fi Google TV Taşınabilir PowerBase Stand Pro;36.499 TL
MoGo 3 Pro Xgimi MoGo 3 Pro 450 Lümen Full HD Wi-Fi Google TV Taşınabilir Projeksiyon Cihazı;29.399 TL
ViewSonic M1X Harman Kardon Hoparlörlü Akıllı Led Taşınabilir Projektör;26.249 TL
Anker Nebula Mars3 Air 400 A.Lümen Akıllı Taşınabilir WiFi Kablosuz Projeksiyon Cihazı;39.999 TL
Epson EH-TW6250 4K UHD(3840x2160),2.800 A.Lümen,7.500 Saat Lamba Ömrü Projeksiyon Cihazı;55.999 TL
Titan Xgimi Titan 5000 Iso Lümen 2160P 4K UHD 240Hz Lazer Ev ve Profesyonel Projeksiyon Cihazı;248.499 TL
ViewSonic LX720-4K 3.500 ANSI Lümen Akıllı 4K Lazer Ev Projektörü;93.379 TL
Epson EH-LS670W 4K, 3.600 Lümen, 5.000.000 Kontrast, Google TV, Bose 20.000 Saat Lamba Sepette İndirim;114.999 TL
Horizon 20 Pro Xgimi Horizon 20 Pro 4100 ISO Lümen Wi-Fi 4K 240Hz Google TV Projeksiyon Cihazı Sepette İndirim;130.699 TL
Horizon S Pro Xgimi Horizon S Pro 1800 Lümen Wi-Fi Android 4K Projeksiyon Cihazı;101.299 TL
Anker Nebula Cosmos Laser 4K SE Google TV'li Dolby Vision Projeksiyon Cihazı;99.819 TL
Anker Nebula Capsule Air Google TV Akıllı Taşınabilir Projeksiyon Cihazı - Beyaz;16.999 TL
Philips HD9285/96 5000 Serisi Connected Airfryer XXL 7.2 L Fritöz;6.999 TL
PHILIPS NA322/00 3000 Serisi Airfryer 4,2 L Fritöz;5.549 TL
PHILIPS NA350/00 3000 Serisi Çift Hazneli Airfryer 9 L Fritöz;13.399 TL
Grundig RHB1410 Rendeli Blender Seti;2.299 TL
Stor Cream Fakir Stor Cream Blender Seti Krem;1.999 TL
PHILIPS HR2695/01 5000 SERİSİ EL BLENDER SETİ;4.199 TL
PHILIPS HR3030/00 PROBLEND CAM HAZNELİ SMOOTHIE BLENDER (1200 W.);4.999 TL
Arnica GH21487 Vena Rendeli Blender;2.499 TL
POWELIX ACTIVFLOW EXPERT TEFAL POWELIX ACTIVFLOW EXPERT BLENDER SETİ;7.199 TL
Braun MultiQuick 5 Pro MQ55755MBK El Blender Seti;3.789 TL
Philips HR2672/00 Daily Pro Blender;2.999 TL
Grundig HBS4421G Cam Hazneli Blender Seti;1.999 TL
PHILIPS HR2695/00 5000 SERİSİ EL BLENDER;2.449 TL
G GRUNDIG SM4406 G KİŞİSEL BLENDER;1.999 TL
PHILIPS HR2291/41 3000 SERİSİ SÜRAHİ TİP BLENDER (CAM HAZNE - 600 WATT);3.399 TL
SPEED QUADRO (BLACK&COPPER) Fakir Speed Quadro (Black&Copper);3.499 TL
Arzum Blanco Mini Pro Blender Seti;3.899 TL
Arzum Blanco Pro Multi Blender Seti;3.499 TL
Quadro Silverstone Cam Fakir Mr Chef Quadro Sılverstone (Cam Hazne) Blender Set;5.699 TL
POWELIX ACTIVFLOW KIRMIZI Tefal Powelix Activflow Expert Blender Seti Cam 1500W Kırmızı;7.199 TL
ELECTROLUX E4TB1-6ST CREATE 4 SMOOTHIE BLENDER;3.229 TL
MRCHEFQUADRO GRİ Fakir Mr Chef Quadro Blender Set (Gri);2.999 TL
BLEND UP Tefal Blend Up Kişisel Blender 1000W Kuzey Mavisi;6.399 TL
SİYAH Fantom BL700 Çelik Blender Siyah;1.199 TL
PERFECT MIX + TEFAL Perfect Mix+ Cam Sürahili Yüksek Hızlı Blender 1200W Koyu Gri;7.499 TL
Arzum AR1132 Monomix El Blender;1.399 TL
ARZUM AR1167 STARBLEND MULTİ BLENDER SETİ;2.999 TL
BLENDEO Tefal Blendeo Sürahi Blender 450W Beyaz;2.299 TL
DİVA PRO (SİYAH) ARNICA GH21803 DİVA PRO RENDELİ EL BLENDER SETİ (SİYAH);4.299 TL
Braun MultiQuick 7 MQ7045X El Blender Seti;4.999 TL
ELECTROLUX E6TB1-6ST EXPLORE 6 SMOOTHIE BLENDER;4.489 TL
Xiaomi Portatif Kişisel Smootie Blender;2.399 TL
ARZUM AR 1157-S FORTE MULTİ BLENDER SETİ;3.049 TL
Arnica GH21420 Go Kişisel Blender Gümüş;2.599 TL
Arzum AR 1142 BLANCO MULTİ BLENDER SETİ;3.499 TL
CHOP'N (AQUA) Fakir Chop'N Blend Smoothie Blender (Aqua);2.299 TL
(Siyah) Fantom Roboset BL1000 Blender Seti (Siyah);2.999 TL
Xiaomi Blender Pro;6.299 TL
POWELIX ACTIVFLOW PRO HB234 TEFAL POWELIX ACTIVFLOW PRO HB234 1000 WATT BLENDER SETİ (SİYAH);4.399 TL
ELECTROLUX E5HB2-8SS CREATE 5 BLENDER SETİ (1000 W);3.099 TL
KORKMAZ A444-05 VERTEX DUO BLENDER (ROSAGOLD);1.779 TL
Xiaomi Blender Siyah;4.699 TL
Arzum Shake'n Take Duo Kişisel Blender Siyah;3.999 TL
LEGGNO GRMBLSET101BK Gourmet Pro Blender Seti Siyah;2.469 TL
(Siyah) Fantom BL900 Blender Seti (Siyah);1.299 TL
PERFECT MIX TEFAL PERFECT MIX YÜKSEK HIZLI BLENDER (SMOOTHIE);6.239 TL
Philips HR2738/00 Daily Collection Narenciye Meyve Sıkacağı;1.049 TL
Philips HR1832/00 Viva Collection Katı Meyve Sıkacağı;3.999 TL
Braun CJ3000WH Narenciye Sıkacağı;1.999 TL
Philips HD2581/90 Daily Collection Ekmek Kızartma Makinesi;1.499 TL
Philips HD2590/90 Daily Collection Ekmek Kızartma Makinesi;1.999 TL
Grundig TA7340 Inox Ekmek Kızartma Makinesi;1.399 TL
KORKMAZ A403-01 RETRO EKMEK KIZARTMA MAKİNESİ;2.399 TL
Bosch TAT4P424 Compact DesignLine Ekmek Kızartma Makinesi;2.149 TL
Bosch TAT3P423 Compact DesignLine Ekmek Kızartma Makinesi;2.449 TL
PROMEAT GRANDE Arnica Promeat Grande Et Kıyma Makinesi;6.299 TL
GRUNDIG KMP 4470 G MUTFAK ŞEFİ;5.199 TL
ARYA MUTFAK ŞEFİ ROSIE Fakir Arya Rosie 1500 W 5 lt Mutfak Şefi & Stand Mikser;7.799 TL
GRUNDIG KMP8650S MUTFAK ŞEFİ;13.599 TL
Arzum Gastroart Stand Mikser - Krem - AR1190 Sepette İndirim;9.599 TL
NFEST HM 1500 KIRMIZI Fantom NFEST HM1500 1500 W 6.7 lt Stand Mikser Kırmızı;8.799 TL
Arzum AR1186 Crust Mix Pro 1500 Stand Mikser Siyah;6.899 TL
NFEST HM 1500 SİYAH Fantom NFEST HM1500 1500 W 6.7 lt Stand Mikser Siyah;8.799 TL
Korkmaz A333-02 Mangalet BBQ Granit Elektrikli Izgara Makinesi;4.249 TL
Philips HR1503/00 500 W Rondo;3.499 TL
Storchop Fakir Storchop Doğrayıcı & Rondo Copper;1.999 TL
FRESH RENDE Tefal Fresh Express Twist 5C Rende Doğrayıcı;5.999 TL
Atomic (Rosie) Fakir Atomic Rondo (Rosie);2.249 TL
RAPiD PRO ROSE Arnica Rapid Pro Rose Doğrayıcı - GH21133;1.999 TL
Samsung MG23DG4524ATTR Mikrodalga Fırın (Izgara + 23 Litre + Seramik İç Kaplama);6.549 TL
Philips HR3705/10 Daily Collection Mikser;1.299 TL
Fakir HM 5019 400 W El Mikseri;1.899 TL
Arzum AR1047 Mixxi Color Mikser;2.329 TL
Philips HR3781/20 5000 Serisi Üçü Bir Arada El Mikseri;4.659 TL
QU 950P ŞARJLI KATLANABİLİR DAMACANA SU POMPASI;339 TL
Stanley Klasik 1.0 Lt Hammertone Green (Yeşil);3.099 TL
Stanley Klasik Vakumlu Paslanmaz Çelik Termos 1.9 lt (Siyah);3.599 TL
LEGGNO PRATICO Standlı Servis Seti Beş Parça Siyah;209 TL
Stanley Klasik Vakumlu Çelik Termos 1.4 lt (Siyah);3.149 TL
QU 850P ŞARJLI DAMACANA SU POMPASI;299 TL
Stanley Wellspring Bottle 0.7L / 24oz Rose Quartz;2.199 TL
STANLEY KLASİK VAKUMLU PASLANMAZ ÇELİK TERMOS 1.9L (YEŞİL);3.599 TL
Stanley The AeroLight™ Transit Mug 0.47L / 16oz Ash (Gri);1.949 TL
Stanley The IceFlow Bottle Fast Flow 0.7L / 24oz Frost (Kırık Beyaz);2.299 TL
Stanley The AeroLight Transit Mug 0.60L / 20oz Ash;2.299 TL
Stanley The AeroLight Transit Mug 0.47 Lt Cream (Krem);1.949 TL
Stanley The AeroLight Transit Mug 0.47 Lt Rose Quartz (Pembe);1.949 TL
Stanley The AeroLight™ Transit Mug 0.47L / 16oz Pistachio Fıstık Yeşili;1.949 TL
Stanley Klasik 0,94 lt Yemek Termos Hammerton Green (Yeşil);2.899 TL
Stanley The AeroLight Transit Mug 0.47 Lt Gold;1.949 TL
Stanley The AeroLight™ Transit Mug 0.60L / 20oz Indigo Mavi;2.299 TL
Stanley The AeroLight™ Transit Mug 0.47L / 16oz Dew Drop;1.949 TL
Stanley The All Day Slim Bottle 0.6L / 20oz Cherry Blossom Gloss (Açık Pembe);2.299 TL
Stanley The IceFlow Bottle Flip Straw 2.0 0.7L / 24oz Azure;2.199 TL
Stanley The Aerolight Transit Mug 0.35 Lt Cherry Blossom (Açık Pembe);1.729 TL
Stanley The AeroLight™ Transit Mug 0.47L / 16oz Indigo;1.949 TL
Stanley Wellspring Bottle 0.7L / 24oz Azure Mavi;2.199 TL
Stanley The AeroLight™ Transit Mug 0.35L / 12oz Indigo;1.729 TL
Stanley The AeroLight Transit Mug 0.60 Lt (Rose Quartz);2.299 TL
Stanley Klasik 0,7 lt / 24oz Termos Hammerton Green (Yeşil);2.699 TL
Stanley The IceFlow™ Bottle Flip Straw 2.0 0.7L / 24oz Twilight;2.199 TL
Stanley The AeroLight Transit Mug 0.47 Lt Hammertone Green (Yeşil);1.949 TL
Stanley The Quick-Flip Water Bottle .0.7L / 24oz Rose Quartz;1.899 TL
Stanley The IceFlow Bottle Flip Straw 2.0 0.7L / 24oz Frost;2.199 TL
Stanley The IceFlow Bottle Fast Flow 0.7L / 24oz Ash (Gri);2.299 TL
Stanley The AeroLight™ Transit Mug 0.35L / 12oz Dew Drop;1.879 TL
Stanley Klasik 0,7 lt / 24oz Siyah;2.699 TL
Stanley The IceFlow Bottle Flip Straw 2.0 0.7L / 24oz Dried Pine;2.199 TL
Stanley The AeroLight™ Transit Mug 0.35L / 12oz Fıstık Yeşili;1.729 TL
Stanley The AeroLight™ Transit Mug 0.35L / 12oz Goldenrod Coral;1.879 TL
Stanley The IceFlow Bottle Fast Flow 0.7L / 24oz Black 2.0 (Siyah);2.299 TL
TEFAL B42290 TITANYUM 1X EASY COOK&CLEAN DİFÜZYON TABANLI İKİLİ TAVA SETİ 20/28;2.119 TL
Stanley The IceFlow™ Bottle Flip Straw 2.0 1.06L / 36oz Black 2.0 (Siyah);2.699 TL
Stanley Wellspring Bottle 0.7L / 24oz Siyah;2.199 TL
Stanley The AeroLight Transit Mug 0.60 Lt Cream (Krem);2.299 TL
Stanley The AeroLight™ Transit Mug 0.35L / 12oz Violet Blossom;1.879 TL
Stanley The AeroLight™ Transit Mug 0.35L / 12oz Krem;1.879 TL
Stanley The AeroLight Transit Mug 0.47 Lt Hot Coral (Mercan);1.949 TL
Stanley The Quick-Flip Water Bottle 1.06L / 36oz Frost;2.099 TL
Stanley The IceFlow™ Bottle Twist Flip 0.7L / 24oz Twilight;2.199 TL
Stanley The AeroLight Transit Mug 0.60L / 20oz Black 2.0;2.299 TL
Stanley The Quick-Flip Water Bottle 1.06L / 36oz Rose Quartz;2.099 TL
Stanley The Quick-Flip Water Bottle .0.7L / 24oz Black 2.0;1.899 TL
Stanley The IceFlow™ Bottle Twist Flip 0.7L / 24oz Azure;2.199 TL
Stanley The Quencher Tumbler 1.18 Lt.Azure (Mavi);2.999 TL
Stanley The Quick-Flip Water Bottle .0.7L / 24oz Frost;1.899 TL
Stanley The IceFlow Bottle Flip Straw 2.0 0.7L / 24oz Hydrangea;2.199 TL
Stanley The IceFlow™ Bottle Twist Flip 0.7L / 24oz Dried Pine;2.199 TL
Stanley The IceFlow™ Bottle Twist Flip 0.7L / 24oz Frost (Beyaz);2.199 TL
Stanley The IceFlow™ Bottle Twist Flip 0.7L / 24oz Violet Blossom;2.199 TL
Gustoso Buz Makinesi;17.999 TL
Stanley The Legendary Classic Bottle 0.94L / 1.0QT Rose Quartz (Pembe);3.099 TL
Stanley The AeroLight™ Transit Mug 0.35L / 12oz Lacivert;1.879 TL
Stanley The AeroLight™ Transit Mug .0.47L / 16oz Pomelo (Limon Yeşili);1.949 TL
KORKMAZ A596-02 SATİNA TERMOS 2,0 LT.;949 TL
Stanley The AeroLight™ Transit Mug 0.35L / 12oz Cranberry;1.879 TL
Stanley The AeroLight Transit Mug 0.47 Lt Violet (Mor);1.949 TL
Stanley The Legendary Classic Bottle 1.0L / 1.1QT Termos Hammertone Lake;3.099 TL
Stanley Klasik Vakumlu Çelik Termos 1.0 L (SİYAH);3.099 TL
Stanley The Legendary Classıc Bottle 0.75 L /Rose Quartz;2.799 TL
Stanley GO Quick Flip Paslanmaz Çelik Termos, Black 2.0 0.47 lt (Siyah);1.699 TL
Stanley GO Quick Flip Paslanmaz Çelik Termos, Azure 0.47 lt (Mavi);1.699 TL
Stanley The Quick-Flip Water Bottle 1.06L / 36oz Black 2.0;2.099 TL
SİMPLİSSİMA TEFAL SİMPLİSSİMA 5 PARÇA SERVİS SETİ;549 TL
Philips Baristina Süt Köpürtücü;4.499 TL
Stanley The Legendary Classic Vakumlu Çelik Termos, Black (Siyah), 0.75 Litre / 25 oz;2.799 TL
Stanley The Legendary Classic Bottle 0.75L / 25oz Hot Coral;2.799 TL
Stanley Klasik Legendary Camp Mug Paslanmaz Çelik Termos Bardak H. Lake 0.35 lt (Mavi);1.749 TL
LEGGNO PTC1050SPBWL01 PRATICO SUPER BOWL SET SALATA KURUTUCU;819 TL
LEGGNO CLR2800TV24GY COLORGY TAVA (GRİ, 24 CM);529 TL
LEGGNO CLR2800TV20GY COLORGY TAVA (GRİ, 20 CM);439 TL
LEGGNO MST2800TV26BL MASTER TITANIUM TAVA (MAVİ, 26 CM);589 TL
LEGGNO MST2800TV24BL MASTER TITANIUM TAVA (MAVİ, 24 CM);569 TL
Stanley Klasik Legendary Camp Mug Paslanmaz Çelik Termos Bardak 0.35 lt Hydrangea (Mor);1.749 TL
Stanley The Legendary Classic Vakumlu Çelik Termos, Hammertone Lake, 0.75 Litre 25 oz;2.799 TL
Stanley The Legendary Classic Bottle 0.75L / 25oz Hydrangea;2.799 TL
Stanley The Café-To-Go Travel Mug .0.35L / 12oz Twilight (Alacakaranlık);1.699 TL
Stanley The Café-To-Go Travel Mug 0.35L / 12oz Dried Pine (Çam Yeşili);1.699 TL
Stanley The Everyday Camp Mug .35L / 12oz Cream Gloss (Krem Termos Bardak);1.749 TL
Stanley Klasik Legendary Camp Mug Paslanmaz Çelik Termos Bardak Ash 0.35 lt (Gri);1.749 TL
Stanley Klasik Legendary Camp Mug Paslanmaz Çelik Termos Bardak H. Clay 0.35 lt (Kil);1.749 TL
Stanley Klasik Legendary Camp Mug Paslanmaz Çelik Termos Bardak, Rose Quartz, 0.35 lt;1.749 TL
Stanley The Everyday Camp Mug .0.23L / 8oz Hydrangea (Mor Termos Bardak);1.599 TL
Stanley The Everyday Camp Mug 0.23L / 8oz Black 2.0 (Siyah Termos Bardak);1.599 TL
Stanley The Everyday Camp Mug 0.23 lt / 8oz Twilight Termos Bardak;1.599 TL
Stanley Klasik Ash 0.23 lt Çelik Termos Bardak (Gri Termos Bardak);1.599 TL
Stanley Klasik Rose Quartz 0.23 lt Çelik Termos Bardak (Pembe Termos Bardak);1.599 TL
Stanley Klasik Cream Gloss 0.23 lt Çelik Termos Bardak (Krem Termos Bardak);1.599 TL
LEGGNO MDY2828SET03RD MASTER DAILY 3 PRÇ. SET METALİK KIRMIZI;1.269 TL
Stanley The Artisan Thermal Bottle 1.4 Lt. Termos (Siyah);4.699 TL
LEGGNO PLS2300GR28 PLUS GRIL TAVA (28CM);659 TL
LEGGNO PTC1050MXBSET02 PRATICO SAKLAMA VE KARIŞTIRMA KABI;789 TL
LEGGNO CLR2800TV28GY COLORGY TAVA (GRİ, 28 CM);569 TL
LEGGNO CLR2828DT24GY COLORGY TENCERE (GRİ, 24 CM);789 TL
LEGGNO CLR2828DT20GY COLORGY TENCERE (GRİ, 20 CM);659 TL
LEGGNO MST2800TV20BL MASTER TITANIUM TAVA (MAVİ, 20 CM);469 TL
LEGGNO MST2828ST24BL MASTER TITANIUM SIĞ TENCERE (MAVİ, 24 CM);839 TL
LEGGNO MST2828DT20BL MASTER TITANIUM TENCERE (MAVİ, 20 CM);769 TL
LEGGNO FLM4800TV27RD FLAME DÖKÜM, SAPLI DÜZ TAVA (27 CM);629 TL
Stanley Klasik Legendary Camp Mug Paslanmaz Çelik Termos Bardak H. Green 0.35 lt (Yeşil);1.749 TL
KORKMAZ A2883 LİNA TAVA 24X4.7cm 1.5 litre SİYAH;429 TL
Philips XC8057/01 8000 Serisi Kablosuz Dikey Elektrikli Süpürge Sepette İndirim;21.999 TL
Philips XW9463/11 Aqua Trio 9000 Islak&Kuru Kablosuz Süpürge Sepette İndirim;28.999 TL
Tefal TY2098WO X-Force Flex 9.60 Animal Care Kablosuz Şarjlı Dikey Süpürge Sepette İndirim;8.599 TL
Philips XC7057/01 7000 Serisi Kablosuz Dikey Süpürge Sepette İndirim;18.999 TL
INOVATOR 6158 DARK BLUE Fakir Inovator 6158 Dikey Şarjlı Kablosuz Süpürge Siyah Sepette İndirim;7.599 TL
Pluto P 6000 Siyah Fantom Pluto P 6000 Cyclonic Elektrikli Dik Süpürge Siyah;5.699 TL
Tefal TY9AC1WO X-Force Flex 13.60 Allergy Aqua Aerospin Şarjlı Dikey Süpürge Sepette İndirim;15.999 TL
LG A9K-SOLO.BFSQLTK Dikey Şarjlı Süpürge Sepette İndirim;15.999 TL
P 5000 Fantom Provac P 5000 Cyclone Dikey Süpürge Antrasit;3.099 TL
Dreame Z30 Dikey Şarjlı Süpürge Siyah Sepette İndirim;22.799 TL
VCP 5130 Grundig VCP 5130 Şarjlı Dikey Süpürge;7.499 TL
Roborock F25 Ultra Roborock F25 Ultra Islak Kuru Akıllı Dikey Süpürge;29.999 TL
Philips XC6557/01 6000 Serisi Kablosuz Dikey Süpürge Sepette İndirim;14.999 TL
Tefal TY6A35TR X-PERT 7.60 Dikey Süpürge;6.899 TL
Dreame R20 Ultra AquaCycle Siyah Dikey Süpürge;17.999 TL
LG A9LSLIM.BCBQLTK Dikey Şarjlı Süpürge;9.999 TL
Slim Dreame Z30 Slim Dikey Süpürge;16.999 TL
X-FORCE 16.60 Tefal X-Force Flex 16.60 Animal Aqua Dikey Süpürge;32.999 TL
Arnica ET13494 Solara Flex Şarjlı Dik Süpürge;15.999 TL
VCP 8331 Grundig VCP 8331 Pro Hyperclean Şarjlı Dikey Süpürge;10.999 TL
Arnica Solara Pro Mop ET13470 Şarjlı Dik Süpürge;21.999 TL
Dreame R10 Pro Dikey Şarjlı Süpürge Siyah;12.849 TL
Magic P 3000 Fantom Magic P 3000 Elektrikli El Süpürgesi;2.399 TL
Tefal X-Force Flex 14.80 Aqua Dikey Şarjlı Süpürge Mavi;25.999 TL
Onvo OVDSS03 Dikey Şarjlı Süpürge;6.099 TL
Roborock H60 Beyaz Roborock H60 Beyaz Dikey Süpürge;14.999 TL
Dreame R20 Dikey Şarjlı Süpürge Gri;14.999 TL
Roborock F25 ACE Combo Roborock F25 ACE Combo Islak Kuru Akıllı Dikey Süpürge;32.999 TL
Dreame H14-Dual Islak Kuru Dikey Şarjlı Süpürge Siyah Sepette İndirim;23.999 TL
LG A9X-ULTRA Dikey Şarjlı Süpürge Sepette İndirim;28.999 TL
LG A9K-CORE2.BIGQLTK Dikey Şarjlı Süpürge Sepette İndirim;18.999 TL
Onvo OVDKS600 Torbasız Dik Kablolu Süpürge;1.699 TL
INOVATOR 6158 PLUS Fakir Inovator 6158 Plus Şarjlı Kablosuz Süpürge Beyaz (Çift Bataryalı);14.999 TL
Arnica Solara ET13450 Dikey Şarjlı Süpürge Sepette İndirim;14.999 TL
Arnica ET13453 Dikey Süpürge;9.999 TL
WD 9 PURE CLEAN Fakir WD 9 Pure Clean 3 IN 1 Islak Kuru Dikey Şarjlı Süpürge Siyah;19.986 TL
VCP 5030 Grundig VCP 5030 2 In 1 BLDC Motorlu Dikey Şarjlı Süpürge;9.999 TL
Arnica ET13490 Solara Tower Otomatik Toz Boşaltma İstasyonlu Şarjlı Süpürge Sepette İndirim;32.499 TL
BOLT X PLUS AQUA 8472 Fakir Bolt X Plus Aqua 8472 Dikey Şarjlı Kablosuz Süpürge Gri;15.999 TL
Bissell OmniForce Edge Pro Islak&Kuru Süpürme ve Silme Makinesi;21.999 TL
Roborock F25 ACE Roborock F25 ACE Islak Kuru Akıllı Dikey Süpürge;25.999 TL
Onvo OVDSS02PLUS Katlanabilir Dikey Şarjlı Süpürge;6.499 TL
Dreame H12 Pro FlexReach Siyah Islak ve Kuru Dikey Süpürge Sepette İndirim;16.499 TL
Tefal TY99F1 X-Force Flex Dikey Süpürge;26.999 TL
Pluto Plus P 6100 Fantom Pluto Plus P 6100 Cyclone Elektrikli Moplu Dik Süpürge;10.699 TL
INOVATOR 6065 Fakir Inovator 6065 Dikey Şarjlı Süpürge Violet;15.499 TL
Arzum AR4209 MagiClean Flex Dikey Şarjlı Süpürge;11.999 TL
Dreame V30 Dikey Süpürge;29.999 TL
Bissell FurGuard Pro Kablosuz Dikey Süpürge;11.699 TL
VCP 9431 Grundig VCP 9431 Pro Otomatik Toz Hazneli Şarjlı Dikey Süpürge;17.999 TL
Roborock H60 Hub Ultra Beyaz Roborock H60 Hub Ultra Beyaz Dikey Süpürge;24.999 TL
VCW 8430 Grundig VCW 8430 Islak ve Kuru Şarjlı Dikey Süpürge;17.899 TL
Arzum AR4211 Magıclean Flex Dikey Şarjlı Süpürge;13.499 TL
Electrolux EP71UB14DB Dikey Şarjlı Süpürge;4.446 TL
X-Force Flex 14.8 Tefal X-Force Flex 14.80 Animal Dikey Şarjlı Süpürge;18.499 TL
LG A9X-MAX Dikey Şarjlı Süpürge;30.999 TL
Tefal TY6973 X-Pert 3.60 Flex Dikey Şarjlı Süpürge;8.999 TL
Black & Decker BHFEA640WP-QW 21.6V 4Ah Pet Başlıklı Şarjlı Dikey Süpürge;8.999 TL
SVC-8625-Beyaz Sinbo SVC-8625 Elektrikli Süpürge Beyaz;1.549 TL
Philips XW7263/11 Aqua Trio 7000 Serisi Kablosuz Dikey Süpürge;19.999 TL
FCV 4 Karcher FCV 4 Islak Kuru Dikey Şarjlı Süpürge Sepette İndirim;25.999 TL
X-CLEAN 10 Tefal GF754 - X-CLEAN 10 Islak Kuru Dikey Şarjlı Süpürge;28.999 TL
VC 6 Cordless Ourfamily Battery Plus *EU Karcher VC 6 Cordless OurFamily Battery Plus *EU Çift Bataryalı Dikey Şarjlı Süpürge Sepette İndirim;25.999 TL
Quantum P 2050 Fantom Quantum P 2050 Dikey Şarjlı Süpürge;22.399 TL
KVA 2 Karcher KVA 2 Dikey Şarjlı Süpürge Sepette İndirim;15.999 TL
Xiaomi Vacuum Cleaner G20 Max EU Dikey Süpürge;17.999 TL
Arnica Merlin Pro ET13216 Siyah-Rose Pratik Dik Süpürge;2.399 TL
PLUS.BBBQLTK LG A9K-PRO PLUS.BBBQLTK Dikey Şarjlı Süpürge;30.999 TL
i5 Stretch Plus Tineco Floor One i5 Stretch Plus Şarjlı Islak Kuru Süpürge;16.999 TL
Arnica Süpürgeç E-Max ET11202 Antrasit Şarjlı Dikey Süpürge;4.999 TL
FCV 3 Karcher FCV 3 Islak Kuru Dikey Şarjlı Süpürge;22.999 TL
VC 6 Cordless Ourfamily Pet *EU Karcher VC 6 Cordless Ourfamily Pet *EU Dikey Şarjlı Süpürge;24.999 TL
Arnica Solara Pro ET13460 Dik Şarjlı Süpürge;13.299 TL
Arnica Süpürgeç E-Max ET11201 Mavi Şarjlı Dikey Süpürge;5.299 TL
BOLT X 8365 Fakir Bolt X 8365 Dikey Şarjlı Kablosuz Süpürge Kırmızı;21.999 TL
Arnica Solara Hybrid ET13480 2’si 1 Arada Yeni Nesil Kablosuz Süpürge;23.199 TL
VIOMI A11 Viomi A11 Kablosuz Dikey Şarjlı Süpürge Siyah;12.359 TL
VC 2 (ERP) *EU-I Karcher VC 2 (ERP) *EU-I Toz Torbalı Elektrikli Süpürge;12.999 TL
Electrolux Pure PD82-ALRG Toz Torbalı Elektrikli Süpürge;14.999 TL
Philips XB9155/07 Maraton Ultimate Toz Torbasız Süpürge Sepette İndirim;16.499 TL
Philips FC9331/07 Power Pro City Toz Torbasız Elektrik Süpürgesi Sepette İndirim;8.399 TL
Philips XB9185/07 Marathon Ultimate Toz Torbasız Elektrikli Süpürge;21.499 TL
Philips XB7151/07 Maraton Daily Toz Torbasız Süpürge Sepette İndirim;12.099 TL
Arzum AR4126 Olımpıa Focus Cyclone Filtreli Toz Torbasız Elektrikli Süpürge Kırmızı;13.499 TL
Philips XB2123/09 2000 Serisi Torbasız Elektrikli Süpürge Sepette İndirim;6.099 TL
Spider BL 6026 Fakir Spider BL 6026 Toz Torbasız Elektrikli Süpürge;6.999 TL
COOPER BL 3048 Fakir Cooper BL 3048 Toz Torbasız Elektrikli Süpürge Gri;7.499 TL
Tefal TW4863 Active Power Premium Torbasız Süpürge Sepette İndirim;6.599 TL
VCC 2171 Grundig VCC 2171 Toz Torbasız Elektrikli Süpürge;4.399 TL
Philips XB9125/07 Maraton Ultimate Toz Torbasız Süpürge Sepette İndirim;15.999 TL
Philips XB9185 + DST7040 Toz Torbasız Süpürge / Buharlı Ütü Set Sepette İndirim;19.999 TL
Tesla Premium Arnica Tesla Premium ET14320 Toz Torbasız Elektrikli Süpürge;7.999 TL
Tefal TW37B1TR Compact Power Cyclonic Toz Torbasız Elektrikli Süpürge Gri Beyaz;6.699 TL
FREELANDER RC7081 - SIYAH Fakir Freelander RC7081 Toz Torbasız Süpürge Siyah Sepette İndirim;9.599 TL
Tesla Ergo Arnica Tesla Ergo ET14340 Active Toz Torbasız Elektrik Süpürgesi Kahverengi Sepette İndirim;17.799 TL
Electrolux EUFC81DB Toz Torbasız Elektrikli Süpürge Sepette İndirim;5.599 TL
VCC 8371 Grundig VCC 8371 Toz Torbasız Süpürge;5.999 TL
VCC 6 CycloneX Karcher VCC 6 CycloneX DualControl Pet+ Toz Torbasız Elektrikli Süpürge Sepette İndirim;11.099 TL
Arnica Vesta ET14451 Toz Torbasız Elektrikli Süpürge Lacivert;8.999 TL
Philips XB7150/07 Maraton Daily Toz Torbasız Süpürge;17.599 TL
Girdap CS 9000 Fantom Girdap CS 9000 Toz Torbasız Süpürge Beyaz;4.399 TL
Arnica Vesta Premium ET14480 Toz Torbasız Elekrikli Süpürge;10.999 TL
Philips XB7151 + NA322 Toz Torbasız Süpürge / Airfryer Set;13.949 TL
Arnica Pika ET14403 Toz Torbasız Elektrikli Süpürge Maun Kahve;6.099 TL
Tefal TW7C89EA X-Trem Cyclonic Effitech Toz Torbasız Süpürge;10.899 TL
VACUUMPRO Fakir VacuumPro Toz Torbasız Süpürge Gri;14.999 TL
Electrolux Pure C9 PC91-8STM Toz Torbasız Elektrikli Süpürge Sepette İndirim;12.949 TL
VC 3 (ERP ) *EU-I Karcher VC 3 (ERP ) *EU-I Toz Torbasız Elektrikli Süpürge;12.999 TL
Black & Decker BHHV520BFP-QW 18V Şarjlı Standard Girişli Pet Başlıklı El Süpürgesi;4.999 TL
Black & Decker NVB12AV 12Volt/8,5Watt Araç Süpürgesi;1.399 TL
Fantom Mangalcı C1012 Araç Tipi Süpürge Antrasit;969 TL
Fakir Spot Cleaner PR1018 Halı & Koltuk Leke Temizleyici Siyah Sepette İndirim;5.499 TL
Bissell SpotClean Plus Halı – Koltuk Yıkama ve Leke Çıkarma Makinesi Sepette İndirim;7.599 TL
Tefal Clean It IZ5020 Halı ve Koltuk Temizleyici;11.999 TL
Spot Cleaner 7020 Fakir Spot Cleaner 7020 Halı & Koltuk Leke Temizleyici;10.999 TL
Bissell Revolution HydroSteam Buharlı Dikey Halı ve Koltuk Yıkama Leke Çıkarma Makinesi;25.499 TL
Bissell ProHeat 2X Revolution CleanShot Halı ve Koltuk Yıkama Makinesi;26.999 TL
Onvo OVHYM200 Halı ve Koltuk Yıkama Makinesi;3.699 TL
SE 3 Compact Karcher SE 3 Compact Home Halı ve Koltuk Yıkama Makinesi Sepette İndirim;12.599 TL
SE 5 *EU Karcher SE 5 *EU Halı Yıkama Makinesi;18.999 TL
Arnica ET18200 Hydra Spot Halı ve Koltuk Yıkama Leke Çıkarma Makinesi;12.999 TL
Bissell SpotClean HydroSteam Pro Buharlı Halı ve Koltuk Yıkama Leke Çıkarma Makinesi Sepette İndirim;18.999 TL
CC 9500 Fantom Robotix CC 9500 Halı Yıkama Makinesi Siyah;7.699 TL
Fakir Spot Cleaner PR8038 Buhar & Leke Temizleyici Siyah;16.949 TL
DELUXE 9800S ÖKO Fakir Deluxe 9800s Öko Line Halı Yıkama Makinesi Siyah-Gri;22.719 TL
Bissell ProHeat 2X Revolution Dikey Halı ve Koltuk Yıkama Leke Çıkarma Makinesi;22.999 TL
CLEANIT COMPACT Tefal Clean It Compact Halı & Koltuk Yıkama Makinesi;9.999 TL
Bissell SpotClean Pro Halı ve Koltuk Yıkama Leke Çıkarma Makinesi;13.799 TL
SE 3 Compact Sarı Karcher SE 3 Compact Home Halı ve Koltuk Yıkama Makinesi Sarı;12.999 TL
SC 4 Easyfix *EU Karcher SC 4 EASYFİX *EU Buharlı Temizlik Makinesi;14.999 TL
SC 3 EasyFix *EU Karcher SC 3 EASYFİX *EU Buharlı Temizlik Makinesi Sepette İndirim;11.499 TL
SC 5 EasyFix Iron Plug *EU Karcher SC 5 EasyFix Iron Plug EU Buharlı Temizleme Makinesi Beyaz;21.999 TL
SC 4 Deluxe Karcher SC 4 Deluxe *EU Buharlı Temizleme Makinesi;20.999 TL
PURE STEAM Fakir Pure Steam Buharlı Temizleyici Beyaz;4.986 TL
Black & Decker FSM1616-QS 1600 Watt Buharlı Mop;1.999 TL
Force Steam Fakir Force Steam Buharlı Temizleyici;9.999 TL
MAX STEAM Fakir Max Steam Buharlı Temizleyici Beyaz Sepette İndirim;9.599 TL
WV 5 Plus N Black Edition Karcher WV 5 Plus N Black Edition *EU Cam Temizleme Makinesi;4.999 TL
Arzum AR4351 Hydrosteam Buharlı Temizleyici ve Leke Çıkarıcı;12.999 TL
Black & Decker BHSM168DSM-QS 1600 Watt Buharlı Mop;4.499 TL
Black & Decker BHSM1615DSM-QS 1600 Watt Buharlı Mop;4.499 TL
SV 7 *EU Karcher SV 7 *EU Buharlı Temizlik Robotu;32.999 TL
SC 2 Deluxe *EU Karcher SC 2 Deluxe *EU Buharlı Temizlik Makinesi Sepette İndirim;9.599 TL
Bissell Crosswave HydroSteam Pet Select Kablolu Buharlı Silme ve Dikey Süpürme Makinesi;26.999 TL
SPİN STEAM Fakir Spin Steam Buharlı Temizleyici Beyaz;3.336 TL
Xiaomi Smart Pet Care Air Purifier EU Xiaomi Smart Pet Care Air Purifier EU Hava Temizleyici;7.099 TL
Dreame PM10 Hava Temizleyici;24.999 TL
F-AİR Fakir F-Air Gri Hava Temizleyici;25.639 TL
Karcher AF20 Hava Temizleme Cihazı;9.999 TL
Dreame FP10 Hava Temizleme Cihazı;19.999 TL
Karcher AF50 Hava Temizleme Cihazı;25.999 TL
Fanlı Isıtıcı Luxell LX-6335 Fanlı Isıtıcı;1.299 TL
Philips CX3120/01 3000 Serisi Kompakt Isıtıcı Siyah;3.799 TL
Luxell MHR-1800 Kumandalı Kule Isıtıcı;4.499 TL
Xiaomi Mi Smart Space Heater S EU Beyaz Konvektör Isıtıcı Sepette İndirim;6.899 TL
HOBBY S Fakir HOBBY S Fanlı Isıtıcı;4.589 TL
Delonghi Radia S TRRS0920E.G 2000 W Yağlı Radyatör 60m³ Oda İçin İdeal Antrasit 9 Dilim;13.699 TL
Xiaomi Fan Heater EU Beyaz Fanlı Isıtıcı;3.599 TL
Sinbo SFH-6937 9 Dilim 1500 W Yağlı Radyatör;1.286 TL
Xiaomi Smart Graphene Heater EU Beyaz Fanlı Isıtıcı Sepette İndirim;6.299 TL
Delonghi Radia S TRRS0715E.G 1500 W Yağlı Radyatör 45m³ Oda İçin İdeal Antrasit 7 Dilim;12.999 TL
Delonghi HX65L22 Konvektör Isıtıcı Radyatör Antrasit 65m³ Oda İçin İdeal 2200 Watt;11.989 TL
Vestel IS2000 Infrared Isıtıcı;1.516 TL
Dreo Solaris Slim Isıtıcı;4.999 TL
Dreo Solaris 628 Isıtıcı;5.999 TL
Dreo Solaris 718 Isıtıcı;7.999 TL
Dreo Atom 416 Isıtıcı;3.699 TL
Vestel IS2500 Infrared Isıtıcı;1.686 TL
Delonghi HSX2320F Konvektör Isıtıcı;6.749 TL
Luxell EX-23 Ecoray Duvar Tipi İnfarared Isıtıcı;546 TL
Xiaomi Akıllı Su Sebili (Sıcak ve Soğuk);8.599 TL
Xiaomi Anında Sıcak Su Sebili;4.199 TL
FLOW FİLTRELİ PRO SU SEBİLİ BRITA FLOW FİLTRELİ SU SEBİLİ PRO;2.329 TL
Sinbo SF-6792 Sanayi Tipi Vantilatör;2.696 TL
Sinbo SF-6790 3 In 1 Vantilatör;2.399 TL
Sinbo SF-6797 Ayaklı Vantilatör;776 TL
Philips CX2550/00 2000 Serisi Beyaz Vantilatör;2.796 TL
Xiaomi Smart Desktop Air Circulation Fan EU Vantilatör;4.999 TL
Sinbo SF-6798 Ayaklı Vantilatör;2.599 TL
AV 4311 Siyah Vestel AV 4311 Ayaklı Vantilatör Siyah;2.099 TL
Sinbo SF-6796 Ayaklı Vantilatör;736 TL
Philips CX3550/01 3000 Serisi Siyah Vantilatör;3.286 TL
Mi Smart Standing Fan 2 Lite Xiaomi Mi Smart Standing Fan 2 Lite Vantilatör;3.696 TL
AQUA X-LED PRIZ. 65 LT Baymak Aqua X-Led Prız 65 LT Termosifon;16.099 TL
AQUA X-LED PRIZ. 50 LT Baymak Aqua X-Led Prız 50 LT Termosifon;15.299 TL
Philips Emop Temizleme Mopu;899 TL
Philips Emop Deterjan;899 TL
Philips XV1430/00 Robot Süpürge 3000 Serisi 4’lü Mikrofiber Paspas Bezi;406 TL
Philips XV1797/01 Aqua Trio Lityum-Iyon Pil Siyah;8.599 TL
Philips FC8093/01 Şarj Edilebilir Dikey Elektrikli Süpürge Aksesuarı;906 TL
Roborock Yüzey Temizleme Solüsyonu 200 ml (Roborock Ürünleri İle Uyumlu);399 TL
Black & Decker BCF601C Şarjlı El Tipi Vidalama Makinesi;1.299 TL
LG PFPDNC06.ATT PuriCare™ 360° Hava Temizleyici Safe Plus Pre-fiter (6pc);216 TL
Xiaomi Smart Evaporative Humidifier EU Hava Nemlendirici;6.499 TL
Sinbo SF-7703 Masaüstü Fan;586 TL
Philips HU1510/04 1000 Serisi Hava Nemlendirici;4.999 TL
Philips HU2510/10 2000 Serisi Hava Nemlendirici;4.499 TL
DATS UFO DATS Devrilme Emniyetli Alüminyum Stand;216 TL
Samsung F-FRAME40 (Çerçeve -9.000 BTU ve 12.000 BTU Uyumlu )Eski Ürün;496 TL
