name,category,price,discounted_price
Alice 2'li %100 Pamuk El Havlusu - Beyaz,Banyo,1884.99,377.0
Alice El Havlusu - Bej - 30x46 cm,Banyo,974.99,195.0
Alice El Havlusu - Lacivert - 30x46 cm,Banyo,974.99,195.0
Alice Yüz Havlusu - Bej - 50x80 cm,Banyo,1884.99,377.0
Alice Yüz Havlusu - Beyaz - 50x80 cm,Banyo,1884.99,377.0
Alice Yüz Havlusu - Gri - 50x80 cm,Banyo,1884.99,377.0
Alice Yüz Havlusu - Lacivert - 50x80 cm,Banyo,1884.99,377.0
Alissa %100 Pamuk Banyo Havlusu - Bej,Banyo,3219.99,644.0
Alissa %100 Pamuk Banyo Havlusu - Beyaz,Banyo,3219.99,644.0
Alissa %100 Pamuk Banyo Havlusu - Gri,Banyo,3219.99,644.0
Alissa %100 Pamuk Banyo Havlusu - Lacivert,Banyo,3219.99,644.0
Alissa %100 Pamuk Yüz Havlusu - Bej,Banyo,1559.99,312.0
Alissa %100 Pamuk Yüz Havlusu - Beyaz,Banyo,1559.99,312.0
Alissa %100 Pamuk Yüz Havlusu - Gri,Banyo,1559.99,312.0
Alissa %100 Pamuk Yüz Havlusu - Lacivert,Banyo,1559.99,312.0
Alissa 2'li %100 Pamuk El Havlusu - Beyaz,Banyo,1559.99,312.0
Allaire Jakarlı Peştemal,Banyo,2299.99,460.0
Allıance Jakarlı Peştemal,Banyo,2299.99,460.0
Alouette 4'lü Pamuklu El Havlusu - Beyaz/Bej - 30x45 cm,Banyo,1689.99,338.0
Alouette 4'lü Pamuklu El Havlusu - Beyaz/Mavi - 30x45 cm,Banyo,1689.99,338.0
Alouette Pamuklu Banyo Havlusu - Beyaz/Bej - 70x140 cm,Banyo,1954.99,391.0
Alouette Pamuklu Banyo Havlusu - Beyaz/Gri - 70x140 cm,Banyo,1954.99,391.0
Alouette Pamuklu Yüz Havlusu - Beyaz/Bej - 50x70 cm,Banyo,844.99,169.0
Alouette Pamuklu Yüz Havlusu - Beyaz/Gri - 50x70 cm,Banyo,844.99,169.0
Alouette Pamuklu Yüz Havlusu - Beyaz/Mavi - 50x70 cm,Banyo,844.99,169.0
Amande %100 Pamuk Yüz Havlusu - Beyaz - 50x70 cm,Banyo,844.99,169.0
Amande 4'lü %100 Pamuk El Havlusu - Beyaz - 30x45 cm,Banyo,1689.99,338.0
Amelie Jakarlı Peştemal,Banyo,2299.99,460.0
Analisa %100 Pamuk 2'li El Havlusu - Bej - 30x45 cm,Banyo,1559.99,312.0
Analisa %100 Pamuk 2'li El Havlusu - Beyaz - 30x45 cm,Banyo,1559.99,312.0
Analisa %100 Pamuk 2'li El Havlusu - Gri - 30x45 cm,Banyo,1559.99,312.0
Analisa %100 Pamuk 2'li El Havlusu - Koyu Bej - 30x45 cm,Banyo,1559.99,312.0
Analisa %100 Pamuk Yüz Havlusu - Bej - 50x70 cm,Banyo,1559.99,312.0
Analisa %100 Pamuk Yüz Havlusu - Beyaz - 50x70 cm,Banyo,1559.99,312.0
Analisa %100 Pamuk Yüz Havlusu - Gri - 50x70 cm,Banyo,1559.99,312.0
Analisa %100 Pamuk Yüz Havlusu - Koyu Bej - 50x70 cm,Banyo,1559.99,312.0
Anchor %100 Pamuk Plaj Havlusu - Lacivert - 75x160 cm,Banyo,4024.99,805.0
Ancre Nakışlı %100 Pamuk Yüz Havlusu - Beyaz - 50x76 cm,Banyo,1689.99,338.0
Angeline Pamuklu Ayak Havlusu - Antrasit - 50x80 cm - Natural Koleksiyon,Banyo,2874.99,575.0
Angeline Pamuklu Ayak Havlusu - Bej - 50x80 cm - Natural Koleksiyon,Banyo,2874.99,575.0
Angeline Pamuklu Ayak Havlusu - Beyaz - 50x80 cm - Natural Koleksiyon,Banyo,2874.99,575.0
Angeline Pamuklu Ayak Havlusu - Gri - 50x80 cm - Natural Koleksiyon,Banyo,2874.99,575.0
Angeline Pamuklu Ayak Havlusu - Haki - 50x80 cm - Natural Koleksiyon,Banyo,2874.99,575.0
Angelique 2'li %100 Pamuk El Havlusu - Bej - 30x45 cm,Banyo,1559.99,312.0
Angelique 2'li %100 Pamuk El Havlusu - Gri - 30x45 cm,Banyo,1559.99,312.0
Angelique 2'li %100 Pamuk El Havlusu - Koyu Bej - 30x45 cm,Banyo,1559.99,312.0
Angelique Yüz Havlusu - Bej - 50x70 cm,Banyo,1559.99,312.0
Angelique Yüz Havlusu - Beyaz - 50x70 cm,Banyo,1559.99,312.0
Angelique Yüz Havlusu - Gri - 50x70 cm,Banyo,1559.99,312.0
Angelique Yüz Havlusu - Haki - 50x70 cm,Banyo,1559.99,312.0
Angelique Yüz Havlusu - Koyu Bej - 50x70 cm,Banyo,1559.99,312.0
Angelise %100 Pamuk Yüz Havlusu - Beyaz/Mavi - 50x70 cm,Banyo,1169.99,234.0
Angelise %100 Pamuk Yüz Havlusu - Beyaz/Mavi - 50x70 cm,Banyo,1169.99,234.0
Angelise %100 Pamuk Yüz Havlusu - Beyaz/Mint Yeşili - 50x70 cm,Banyo,1169.99,234.0
Angelise %100 Pamuk Yüz Havlusu - Beyaz/Mint Yeşili - 50x70 cm,Banyo,1169.99,234.0
Angelise %100 Pamuk Yüz Havlusu - Beyaz/Pudra - 50x70 cm,Banyo,1169.99,234.0
Angelise %100 Pamuk Yüz Havlusu - Beyaz/Pudra - 50x70 cm,Banyo,1169.99,234.0
Angelise %100 Pamuk Yüz Havlusu - Beyaz/Sarı - 50x70 cm,Banyo,1169.99,234.0
Angelise %100 Pamuk Yüz Havlusu - Beyaz/Sarı - 50x70 cm,Banyo,1169.99,234.0
Angelise 2'li %100 Pamuk El Havlusu - Beyaz/Mavi - 30x40 cm,Banyo,1299.99,260.0
Angelise 2'li %100 Pamuk El Havlusu - Beyaz/Mavi - 30x40 cm,Banyo,1299.99,260.0
Angelise 2'li %100 Pamuk El Havlusu - Beyaz/Mint Yeşili - 30x40 cm,Banyo,1299.99,260.0
Angelise 2'li %100 Pamuk El Havlusu - Beyaz/Mint Yeşili - 30x40 cm,Banyo,1299.99,260.0
Angelise 2'li %100 Pamuk El Havlusu - Beyaz/Pudra - 30x40 cm,Banyo,1299.99,260.0
Angelise 2'li %100 Pamuk El Havlusu - Beyaz/Pudra - 30x40 cm,Banyo,1299.99,260.0
Angelise 2'li %100 Pamuk El Havlusu - Beyaz/Sarı - 30x40 cm,Banyo,1299.99,260.0
Angelise 2'li %100 Pamuk El Havlusu - Beyaz/Sarı - 30x40 cm,Banyo,1299.99,260.0
Angella %100 Pamuk Yüz Havlusu - Bej - 50x70 cm,Banyo,1559.99,312.0
Angella %100 Pamuk Yüz Havlusu - Gri - 50x70 cm,Banyo,1559.99,312.0
Angella %100 Pamuk Yüz Havlusu - Koyu Bej - 50x70 cm,Banyo,1559.99,312.0
Angella 2'li %100 Pamuk El Havlusu - Beyaz - 30x45 cm,Banyo,1559.99,312.0
Angella 2'li %100 Pamuk El Havlusu - Koyu Bej - 30x45 cm,Banyo,1559.99,312.0
Annecy Banyo Havlusu,Banyo,1954.99,391.0
Annecy Banyo Havlusu,Banyo,1954.99,391.0
Annee %100 Pamuk Yüz Havlusu - Beyaz,Banyo,1429.99,286.0
Aphelıe Jakarlı Peştemal,Banyo,2299.99,460.0
Arjean Banyo Havlusu,Banyo,1954.99,391.0
Arlette Plaj Havlusu,Banyo,2874.99,575.0
Arlette Plaj Havlusu,Banyo,2874.99,575.0
Aron Sıvı Sabunluk - Amber,Banyo,909.99,182.0
Arsor %100 Pamuk Nakışlı Yüz Havlusu - Bej - 50x76 cm,Banyo,1689.99,338.0
Arsor %100 Pamuk Nakışlı Yüz Havlusu - Beyaz - 50x76 cm,Banyo,1689.99,338.0
Arsor %100 Pamuk Nakışlı Yüz Havlusu - Pudra - 50x76 cm,Banyo,1689.99,338.0
Arsor 2'li %100 Pamuk Nakışlı El Havlusu - Bej - 30x45 cm,Banyo,1689.99,338.0
Arsor 2'li %100 Pamuk Nakışlı El Havlusu - Beyaz - 30x45 cm,Banyo,1689.99,338.0
Arsor 2'li %100 Pamuk Nakışlı El Havlusu - Pudra - 30x45 cm,Banyo,1689.99,338.0
Aube 2'li Banyo Paspası - Antrasit,Banyo,4799.99,960.0
Aube 2'li Banyo Paspası - Açık Gri,Banyo,4799.99,960.0
Aube 2'li Pamuklu Banyo Paspası - Pembe,Banyo,4799.99,960.0
Aurova 2'li Pamuklu Banyo Paspası - Bej,Banyo,4024.99,805.0
Aurova 2'li Pamuklu Banyo Paspası - Ekru,Banyo,4024.99,805.0
Aurova 2'li Pamuklu Banyo Paspası - Gri,Banyo,4024.99,805.0
Aurova 2'li Pamuklu Banyo Paspası - Pudra,Banyo,4024.99,805.0
Aveline Kroşeli %100 Pamuk 2'li El Havlusu - Gri/Beyaz,Banyo,1819.99,364.0
Aveline Kroşeli %100 Pamuk Yüz Havlusu - Bej/Beyaz,Banyo,1819.99,364.0
Aveline Kroşeli %100 Pamuk Yüz Havlusu - Beyaz/Gri,Banyo,1819.99,364.0
Aveline Kroşeli %100 Pamuk Yüz Havlusu - Beyaz/Gri,Banyo,1819.99,364.0
Aveline Kroşeli %100 Pamuk Yüz Havlusu - Beyaz/Lila,Banyo,1819.99,364.0
Aveline Kroşeli %100 Pamuk Yüz Havlusu - Beyaz/Lila,Banyo,1819.99,364.0
Aveline Kroşeli %100 Pamuk Yüz Havlusu - Beyaz/Pudra,Banyo,1819.99,364.0
Aveline Kroşeli %100 Pamuk Yüz Havlusu - Beyaz/Pudra - 50x70 cm,Banyo,1819.99,364.0
Aveline Kroşeli %100 Pamuk Yüz Havlusu - Gri/Beyaz,Banyo,1819.99,364.0
Aveline Kroşeli %100 Pamuk Yüz Havlusu - Pudra/Beyaz,Banyo,1819.99,364.0
Aveline Kroşeli 2'li %100 Pamuk El Havlusu - Beyaz/Lila,Banyo,1819.99,364.0
Avery 2'li %100 Pamuk El Havlusu - Beyaz - 30x50 cm,Banyo,1689.99,338.0
Avery Banyo Havlusu,Banyo,4254.99,851.0
Avery El Havlusu,Banyo,844.99,169.0
Avery Yüz Havlusu,Banyo,1819.99,364.0
Aviola %100 Pamuk Banyo Havlusu - Kiremit - 75x150 cm,Banyo,3219.99,644.0
Aviola %100 Pamuk Yüz Havlusu - Kiremit - 50x80 cm,Banyo,1559.99,312.0
Avrice Kutulu Havlu Seti&Sabun - Açık Pudra,Banyo,2299.99,460.0
Avrice Kutulu Havlu Seti&Sabun - Bej,Banyo,2299.99,460.0
Avrice Kutulu Havlu Seti&Sabun - Gri,Banyo,2299.99,460.0
Avril Şalyaka Unisex Bornoz Set,Banyo,8999.99,1800.0
Bartlett Plaj Havlusu,Banyo,2299.99,460.0
Bastienne Kroşeli %100 Pamuk Yüz Havlusu - Bej/Beyaz,Banyo,1819.99,364.0
Bastienne Kroşeli %100 Pamuk Yüz Havlusu - Beyaz/Gri,Banyo,1819.99,364.0
Bastienne Kroşeli %100 Pamuk Yüz Havlusu - Beyaz/Lila,Banyo,1819.99,364.0
Bastienne Kroşeli %100 Pamuk Yüz Havlusu - Beyaz/Pudra,Banyo,1819.99,364.0
Bastienne Kroşeli %100 Pamuk Yüz Havlusu - Beyaz/Pudra - 50x70 cm,Banyo,1819.99,364.0
Bastienne Kroşeli %100 Pamuk Yüz Havlusu - Gri/Beyaz,Banyo,1819.99,364.0
Bastienne Kroşeli %100 Pamuk Yüz Havlusu - Pudra/Beyaz,Banyo,1819.99,364.0
Belcour %100 Pamuk Yüz Havlusu - Yeşil - 50x70 cm,Banyo,1429.99,286.0
Belda Şalyaka Kadın Bornoz - Mint Yeşili,Banyo,4499.99,900.0
Bellamy Kroşeli El Havlusu,Banyo,1039.99,208.0
Bellamy Kroşeli El Havlusu,Banyo,1039.99,208.0
Bellamy Kroşeli Yüz Havlusu,Banyo,1819.99,364.0
Belorne %100 Pamuk Yüz Havlusu - Lacivert - 50x70 cm,Banyo,1429.99,286.0
Benard Plaj Havlusu,Banyo,2299.99,460.0
Berly Nakışlı %100 Pamuk Yüz Havlusu - Beyaz - 50x76 cm,Banyo,1689.99,338.0
Bernay %100 Pamuk Jakarlı Unisex Şalyaka Bornoz - Beyaz - Natural Koleksiyon,Banyo,6999.99,1400.0
Bernay Banyo Havlusu,Banyo,3219.99,644.0
Bernay Banyo Havlusu,Banyo,3219.99,644.0
Bernay Banyo Havlusu,Banyo,3219.99,644.0
Bernay Banyo Havlusu,Banyo,3219.99,644.0
Bernay Banyo Havlusu,Banyo,3219.99,644.0
Berthe Ayak Havlusu - Antrasit - 50x70 cm,Banyo,1689.99,338.0
Berthe Ayak Havlusu - Beyaz - 50x70 cm,Banyo,1689.99,338.0
Berthe Ayak Havlusu - Gri - 50x70 cm,Banyo,1689.99,338.0
Berthe Ayak Havlusu - Lacivert - 50x70 cm,Banyo,1689.99,338.0
Berthe Ayak Havlusu - Mavi - 50x70 cm,Banyo,1689.99,338.0
Berthe Ayak Havlusu - Pudra - 50x70 cm,Banyo,1689.99,338.0
Berthe Ayak Havlusu - Vizon - 50x70 cm,Banyo,1689.99,338.0
Beryl Nakışlı %100 Pamuk 2'li El Havlusu - Beyaz - 30x45 cm,Banyo,1689.99,338.0
Bettine 2'li %100 Pamuk El Havlusu - Beyaz/Lacivert,Banyo,1559.99,312.0
Bettine Banyo Havlusu,Banyo,4254.99,851.0
Bettine Yüz Havlusu,Banyo,1689.99,338.0
Biasse %100 Pamuk Plaj Havlusu - Beyaz/Turkuaz - 70x150 cm,Banyo,2874.99,575.0
Billie Ayı Yüz Havlusu,Banyo,1559.99,312.0
Blancheur Jakarlı Peştemal,Banyo,2299.99,460.0
Bleuet 2'li Pamuklu Banyo Paspası - Pudra - 60x100 cm,Banyo,4024.99,805.0
Blois %100 Pamuk Unisex Bornoz - Bej - Lüks Koleksiyon,Banyo,7999.99,1600.0
Blois %100 Pamuk Unisex Bornoz - Beyaz - Lüks Koleksiyon,Banyo,7999.99,1600.0
Bonny %100 Pamuk Yüz Havlusu - Beyaz,Banyo,1429.99,286.0
Bourrache 4'lü Pamuklu El Havlusu - Beyaz/Gri - 30x45 cm,Banyo,1689.99,338.0
Bourrache 4'lü Pamuklu El Havlusu - Beyaz/Lacivert - 30x45 cm,Banyo,1689.99,338.0
Bourrache Pamuklu Banyo Havlusu - Beyaz/Bej - 70x140 cm,Banyo,1954.99,391.0
Bourrache Pamuklu Yüz Havlusu - Beyaz/Bej - 50x70 cm,Banyo,844.99,169.0
Bourrache Pamuklu Yüz Havlusu - Beyaz/Gri - 50x70 cm,Banyo,844.99,169.0
Bourrache Pamuklu Yüz Havlusu - Beyaz/Lacivert - 50x70 cm,Banyo,844.99,169.0
Brenna %100 Pamuk Banyo Havlusu - Yeşil - 80x150 cm,Banyo,3219.99,644.0
Brenna %100 Pamuk Yüz Havlusu - Yeşil - 50x85 cm,Banyo,1559.99,312.0
Brest %100 Pamuk Banyo Havlusu - Antrasit - 75x150 cm,Banyo,3449.99,690.0
Brest %100 Pamuk Banyo Havlusu - Haki - 75x150 cm,Banyo,3449.99,690.0
Brest %100 Pamuk Banyo Havlusu - Mavi - 75x150 cm,Banyo,3449.99,690.0
Brest %100 Pamuk Banyo Havlusu - Pudra - 75x150 cm,Banyo,3449.99,690.0
Brest %100 Pamuk Yüz Havlusu - Antrasit - 50x80 cm,Banyo,1559.99,312.0
Brest %100 Pamuk Yüz Havlusu - Haki - 50x80 cm,Banyo,1559.99,312.0
Brest %100 Pamuk Yüz Havlusu - Mavi - 50x80 cm,Banyo,1559.99,312.0
Brest %100 Pamuk Yüz Havlusu - Pudra - 50x80 cm,Banyo,1559.99,312.0
Brest İpliği Boyalı Unisex %100 Pamuk Şalyaka Bornoz - Antrasit,Banyo,8499.99,1700.0
Brest İpliği Boyalı Unisex %100 Pamuk Şalyaka Bornoz - Haki,Banyo,8499.99,1700.0
Brest İpliği Boyalı Unisex %100 Pamuk Şalyaka Bornoz - Mavi,Banyo,8499.99,1700.0
Brest İpliği Boyalı Yüz Havlusu,Banyo,1559.99,312.0
Brest İpliği Boyalı Yüz Havlusu - Mavi - 50x85 cm - Natural Koleksiyon,Banyo,1559.99,312.0
Brest İpliği Boyalı Yüz Havlusu - Pudra - 50x85 cm - Natural Koleksiyon,Banyo,1559.99,312.0
Brise %100 Pamuk Müslin Peştamal - Beyaz/Pudra - 80x160 cm,Banyo,2299.99,460.0
Brise %100 Pamuk Müslin Peştamal - Beyaz/Sarı - 80x160 cm,Banyo,2299.99,460.0
Brise %100 Pamuk Müslin Peştamal - Mint Yeşili - 80x160 cm,Banyo,2299.99,460.0
Brise 2'li Pamuklu Banyo Paspası - Pembe,Banyo,4499.99,900.0
Brume Puantiyeli 2'li Banyo Paspası - Gri,Banyo,1954.99,391.0
Brume Puantiyeli 2'li Banyo Paspası - Pembe,Banyo,1954.99,391.0
Cameo 2'li Pamuklu Banyo Paspası - Pudra - 60x100 cm,Banyo,4024.99,805.0
Camille %100 Pamuk Kroşeli Yüz Havlusu - Bej/Beyaz - 50x70 cm,Banyo,1819.99,364.0
Camille %100 Pamuk Kroşeli Yüz Havlusu - Beyaz/Lila - 50x70 cm,Banyo,1819.99,364.0
Camille %100 Pamuk Kroşeli Yüz Havlusu - Pudra/Beyaz - 50x70 cm,Banyo,1819.99,364.0
Camille Kroşeli %100 Pamuk Yüz Havlusu - Beyaz/Gri,Banyo,1819.99,364.0
Camille Kroşeli %100 Pamuk Yüz Havlusu - Beyaz/Lila,Banyo,1819.99,364.0
Camille Kroşeli %100 Pamuk Yüz Havlusu - Beyaz/Pudra,Banyo,1819.99,364.0
Camille Kroşeli %100 Pamuk Yüz Havlusu - Beyaz/Pudra - 50x70 cm,Banyo,1819.99,364.0
Camille Kroşeli %100 Pamuk Yüz Havlusu - Gri/Beyaz,Banyo,1819.99,364.0
Caresse %100 Pamuk Banyo Havlusu - Beyaz/Gri,Banyo,1954.99,391.0
Caresse %100 Pamuk Banyo Havlusu - Beyaz/Kırmızı - 70x140 cm,Banyo,1954.99,391.0
Carla Kimono Unisex %100 Pamuk Bornoz Set,Banyo,7499.99,1500.0
Carla Yüz Havlusu,Banyo,909.99,182.0
Carla Yüz Havlusu,Banyo,909.99,182.0
Carla Yüz Havlusu,Banyo,909.99,182.0
Carla Yüz Havlusu,Banyo,909.99,182.0
Carol 2'li Banyo Paspası - Koyu Mürdüm - 50x80 cm,Banyo,2299.99,460.0
Carol 2'li Banyo Paspası - Pudra - 50x80 cm,Banyo,2299.99,460.0
Carol 2'li Banyo Paspası - Pudra - 60x100 cm,Banyo,3104.99,621.0
Carol 2'li Banyo Paspası - Vizon - 50x80 cm,Banyo,2299.99,460.0
Carol Banyo Paspası,Banyo,2299.99,460.0
Carol Banyo Paspası,Banyo,2299.99,460.0
Carole Unisex %100 Pamuk Bornoz Set - Açık Gri - Lüks Koleksiyon,Banyo,10999.99,2200.0
Carole Unisex %100 Pamuk Bornoz Set - Beyaz - Lüks Koleksiyon,Banyo,10999.99,2200.0
Cataline Kadın %100 Pamuk Bornoz Set - Beyaz - Lüks Koleksiyon,Banyo,14999.99,3000.0
Cateline Jakarlı Peştemal,Banyo,2299.99,460.0
Cera 2'li %100 Pamuk El Havlusu - Beyaz/Lacivert - 30x45 cm,Banyo,1559.99,312.0
Cera Banyo Havlusu,Banyo,4254.99,851.0
Cera Yüz Havlusu,Banyo,1689.99,338.0
Chalet %100 Pamuk Yüz Havlusu - Beyaz,Banyo,1429.99,286.0
Chamelle Jakarlı Peştemal,Banyo,2299.99,460.0
Chance 2'li El Havlusu,Banyo,1429.99,286.0
Chance Ayak Havlusu - Otel Koleksiyon,Banyo,1954.99,391.0
Chance Yüz Havlusu - Otel Koleksiyon,Banyo,1429.99,286.0
Chandler Plaj Havlusu,Banyo,2299.99,460.0
Chanteur Jakarlı Peştemal,Banyo,2299.99,460.0
Chard 2'li Pamuklu Banyo Paspası - Ekru,Banyo,4024.99,805.0
Chard 2'li Pamuklu Banyo Paspası - Gri,Banyo,4024.99,805.0
Chard 2'li Pamuklu Banyo Paspası - Taş,Banyo,4024.99,805.0
Charles Ayak Havlusu - Beyaz - 50x80 cm,Banyo,2874.99,575.0
Chatte %100 Pamuk İpliği Boyalı Yüz Havlusu - Somon,Banyo,1724.99,345.0
Chevere %100 Pamuk Ayak Havlusu - Bej,Banyo,2874.99,575.0
Chevere %100 Pamuk Ayak Havlusu - Gri,Banyo,2874.99,575.0
Clarette 2'li Pamuklu El Havlusu - Beyaz - 30x46 cm,Banyo,1169.99,234.0
Clarette 2'li Pamuklu El Havlusu - Lacivert - 30x46 cm,Banyo,1169.99,234.0
Clarette 2'li Pamuklu El Havlusu - Mor - 30x46 cm,Banyo,1169.99,234.0
Clarette 2'li Pamuklu El Havlusu - Pembe - 30x46 cm,Banyo,1169.99,234.0
Clarette 2'li Pamuklu El Havlusu - Soft Gri - 30x46 cm,Banyo,1169.99,234.0
Clarette 2'li Pamuklu El Havlusu - Soft Mavi - 30x46 cm,Banyo,1169.99,234.0
Clarette Banyo Havlusu - Bej - 90x150 cm,Banyo,3449.99,690.0
Clarette Banyo Havlusu - Beyaz - 90x150 cm,Banyo,3449.99,690.0
Clarette Banyo Havlusu - Mint Yeşili - 90x150 cm,Banyo,3449.99,690.0
Clarette Banyo Havlusu - Mor - 90x150 cm,Banyo,3449.99,690.0
Clarette Banyo Havlusu - Pembe - 90x150 cm,Banyo,3449.99,690.0
Clarette Banyo Havlusu - Soft Gri - 90x150 cm,Banyo,3449.99,690.0
Clarette Banyo Havlusu - Soft Mavi - 90x150 cm,Banyo,3449.99,690.0
Clarette Banyo Havlusu - Taba - 90x150 cm,Banyo,3449.99,690.0
Clarette Plaj Havlusu,Banyo,2299.99,460.0
Clarette Yüz Havlusu - Açık Yeşil - 50x80 cm,Banyo,1299.99,260.0
Clarette Yüz Havlusu - Beyaz - 50x80 cm,Banyo,1299.99,260.0
Clarette Yüz Havlusu - Mint Yeşili - 50x80 cm,Banyo,1299.99,260.0
Clarette Yüz Havlusu - Mor - 50x80 cm,Banyo,1299.99,260.0
Clarette Yüz Havlusu - Pembe - 50x80 cm,Banyo,1299.99,260.0
Clarette Yüz Havlusu - Soft Gri - 50x80 cm,Banyo,1299.99,260.0
Clarette Yüz Havlusu - Soft Mavi - 50x80 cm,Banyo,1299.99,260.0
Clarette Yüz Havlusu - Taba - 50x80 cm,Banyo,1299.99,260.0
Clarisse Pamuklu Yüz Havlusu - Gri - 50x80 cm,Banyo,1724.99,345.0
Clarisse Pamuklu Yüz Havlusu - Haki - 50x80 cm,Banyo,1724.99,345.0
Clarisse Pamuklu Yüz Havlusu - Somon - 50x80 cm,Banyo,1724.99,345.0
Clarna %100 Pamuk Banyo Havlusu - Beyaz/Kiremit,Banyo,3219.99,644.0
Clarna %100 Pamuk Banyo Havlusu - Beyaz/Yeşil,Banyo,3219.99,644.0
Clarna %100 Pamuk Yüz Havlusu - Beyaz/Kiremit,Banyo,1559.99,312.0
Clarna %100 Pamuk Yüz Havlusu - Beyaz/Yeşil,Banyo,1559.99,312.0
Conques Banyo Paspas - Antrasit - 50x80 cm,Banyo,2644.99,529.0
Conques Banyo Paspas - Antrasit - 60x100 cm,Banyo,3219.99,644.0
Conques Banyo Paspas - Bej - 50x80 cm,Banyo,2644.99,529.0
Conques Banyo Paspas - Bej - 60x100 cm,Banyo,3219.99,644.0
Conques Banyo Paspas - Beyaz - 50x80 cm,Banyo,2644.99,529.0
Conques Banyo Paspas - Beyaz - 60x100 cm,Banyo,3219.99,644.0
Conques Banyo Paspas - Koyu Mavi - 50x80 cm,Banyo,2644.99,529.0
Conques Banyo Paspas - Koyu Mavi - 60x100 cm,Banyo,3219.99,644.0
Conques Banyo Paspas - Pembe - 50x80 cm,Banyo,2644.99,529.0
Conques Banyo Paspas - Pembe - 60x100 cm,Banyo,3219.99,644.0
Conques Banyo Paspas - Yeşil - 50x80 cm,Banyo,2644.99,529.0
Conques Banyo Paspas - Yeşil - 60x100 cm,Banyo,3219.99,644.0
Corail %100 Pamuk Plaj Havlusu - Sarı - 70x150 cm,Banyo,2299.99,460.0
Corail Plaj Havlusu,Banyo,2299.99,460.0
Corail Plaj Havlusu,Banyo,2299.99,460.0
Corentin Erkek %100 Pamuk Bornoz Set - Beyaz - Lüks Koleksiyon,Banyo,14999.99,3000.0
Daine Banyo Havlusu,Banyo,1954.99,391.0
Daine Banyo Havlusu,Banyo,1954.99,391.0
Daine Banyo Havlusu,Banyo,1954.99,391.0
Daine Yüz Havlusu,Banyo,844.99,169.0
Daine Yüz Havlusu,Banyo,844.99,169.0
Daine Yüz Havlusu,Banyo,844.99,169.0
Dalmatien İpliği Boyalı Yüz Havlusu - Koyu Gri - 50x85 cm,Banyo,1724.99,345.0
Dalmatien İpliği Boyalı Yüz Havlusu - Lacivert - 50x85 cm,Banyo,1724.99,345.0
Dalmatien İpliği Boyalı Yüz Havlusu - Mavi - 50x85 cm,Banyo,1724.99,345.0
Dalmatien İpliği Boyalı Yüz Havlusu - Siyah - 50x85 cm,Banyo,1724.99,345.0
Dalmatien İpliği Boyalı Yüz Havlusu - Su Yeşili - 50x85 cm,Banyo,1724.99,345.0
Damien 2'li Banyo Paspası - Beyaz/Pudra - 60x100 cm,Banyo,3794.99,759.0
Darrell Plaj Havlusu,Banyo,2299.99,460.0
Delor %100 Pamuk Nakışlı Yüz Havlusu - Beyaz - 50x76 cm,Banyo,1689.99,338.0
Delor 2'li %100 Pamuk Nakışlı El Havlusu - Beyaz - 30x45 cm,Banyo,1689.99,338.0
Delron %100 Pamuk Havlu Seti - Bej - Lüks Koleksiyon,Banyo,5999.99,1200.0
Delron %100 Pamuk Havlu Seti - Beyaz - Lüks Koleksiyon,Banyo,5999.99,1200.0
Delron Erkek %100 Pamuk Bornoz Set - Bej - Lüks Koleksiyon,Banyo,14999.99,3000.0
Delron Kadın %100 Pamuk Bornoz Set - Beyaz - Lüks Koleksiyon,Banyo,14999.99,3000.0
Delven %100 Pamuk Nakışlı Yüz Havlusu - Beyaz/Gri - 50x76 cm,Banyo,1689.99,338.0
Derline Pamuklu Banyo Havlusu - Gri - 70x140 cm,Banyo,1954.99,391.0
Derline Pamuklu Yüz Havlusu - Bej - 50x70 cm,Banyo,844.99,169.0
Derline Pamuklu Yüz Havlusu - Beyaz,Banyo,844.99,169.0
Derline Pamuklu Yüz Havlusu - Gri - 50x70 cm,Banyo,844.99,169.0
Derline Pamuklu Yüz Havlusu - Mint Yeşili,Banyo,844.99,169.0
Derline Pamuklu Yüz Havlusu - Pudra,Banyo,844.99,169.0
Derval %100 Pamuk Yüz Havlusu - Kırmızı - 50x70 cm,Banyo,1429.99,286.0
Diurne Sabun Kutusu,Banyo,259.99,52.0
Dorothy Nakışlı %100 Pamuk Yüz Havlusu - Beyaz - 50x76 cm,Banyo,1689.99,338.0
Eden %100 Pamuk Banyo Havlusu - Gri - 75x150 cm,Banyo,3449.99,690.0
Eden Yüz Havlusu,Banyo,1559.99,312.0
Eden Yüz Havlusu,Banyo,1559.99,312.0
Eleta Pamuklu Yüz Havlusu - Pudra,Banyo,844.99,169.0
Elise Jakarlı Banyo Havlusu,Banyo,1954.99,391.0
Ella %100 Pamuk Plaj Havlusu - Turkuaz/Kırmızı - 70x150 cm,Banyo,2299.99,460.0
Elmor %100 Pamuk Nakışlı Yüz Havlusu - Beyaz/Bej - 50x76 cm,Banyo,1689.99,338.0
Elmor %100 Pamuk Nakışlı Yüz Havlusu - Beyaz/Gri - 50x76 cm,Banyo,1689.99,338.0
Elmor Nakışlı %100 Pamuk Yüz Havlusu - Beyaz/Haki,Banyo,1689.99,338.0
Elroy %100 Pamuk Nakışlı Banyo Havlusu - Beyaz/Lila - 80x160 cm,Banyo,4254.99,851.0
Elroy %100 Pamuk Yüz Havlusu - Beyaz - 50x70 cm,Banyo,1559.99,312.0
Elyor %100 Pamuk Floşlu Yüz Havlusu - Beyaz/Lila - 50x90 cm,Banyo,1819.99,364.0
Emele 2'li Banyo Paspası - Koyu Mürdüm,Banyo,1999.99,400.0
Emele 2'li Banyo Paspası - Koyu Mürdüm,Banyo,1749.99,350.0
Emele 2'li Banyo Paspası - İndigo,Banyo,1999.99,400.0
Emele Banyo Havlusu,Banyo,4254.99,851.0
Emele Banyo Havlusu,Banyo,4254.99,851.0
Emele Banyo Paspası,Banyo,1749.99,350.0
Emele Banyo Paspası,Banyo,1749.99,350.0
Emele Banyo Paspası,Banyo,1749.99,350.0
Emele Banyo Paspası,Banyo,1749.99,350.0
Ethe Nakışlı %100 Pamuk Yüz Havlusu - Beyaz - 50x76 cm,Banyo,1689.99,338.0
Eze 2'li Banyo Paspası - Fildişi,Banyo,1999.99,400.0
Eze 2'li Banyo Paspası - Fildişi,Banyo,1749.99,350.0
Eze 2'li Banyo Paspası - Toprak,Banyo,1999.99,400.0
Eze 2'li Banyo Paspası - Toprak,Banyo,1749.99,350.0
Eze Banyo Paspası - Antrasit,Banyo,1999.99,400.0
Eze Banyo Paspası - Antrasit,Banyo,1749.99,350.0
Eze Banyo Paspası - Gri,Banyo,1999.99,400.0
Eze Banyo Paspası - Gri,Banyo,1749.99,350.0
Fanya Yüz Havlusu,Banyo,844.99,169.0
Fanya Yüz Havlusu,Banyo,844.99,169.0
Farges 2'li Pamuklu Banyo Paspası - Ekru,Banyo,4024.99,805.0
Farges 2'li Pamuklu Banyo Paspası - Gri,Banyo,4024.99,805.0
Farges 2'li Pamuklu Banyo Paspası - Taş,Banyo,4024.99,805.0
Fayanna 2'li %100 Pamuk El Havlusu - Beyaz,Banyo,1559.99,312.0
Fayanna 2'li %100 Pamuk El Havlusu - Lacivert,Banyo,1559.99,312.0
Fayanna Banyo Havlusu,Banyo,4254.99,851.0
Fayanna Banyo Havlusu,Banyo,4254.99,851.0
Fayette Banyo Havlusu - Lüks Koleksiyon,Banyo,3219.99,644.0
Felicity Nakışlı %100 Pamuk Yüz Havlusu - Beyaz/Haki - 50x76 cm,Banyo,1689.99,338.0
Felicity Nakışlı %100 Pamuk Yüz Havlusu - Beyaz/Kahve - 50x76 cm,Banyo,1689.99,338.0
Flavon %100 Pamuk Yüz Havlusu - Kırmızı - 50x70 cm,Banyo,1429.99,286.0
Flavon %100 Pamuk Yüz Havlusu - Lacivert - 50x70 cm,Banyo,1429.99,286.0
Fleuramour Banyo Paspas - Beyaz/Kırmızı/Gri - 50x80 cm,Banyo,2299.99,460.0
Fonte Jakarlı Peştemal,Banyo,2299.99,460.0
Fumelle %100 Pamuk Yüz Havlusu - Açık Gri - 50x70 cm,Banyo,1559.99,312.0
Fumelle %100 Pamuk Yüz Havlusu - Mint Yeşili - 50x70 cm,Banyo,1559.99,312.0
Fumelle %100 Pamuk Yüz Havlusu - Pudra - 50x70 cm,Banyo,1559.99,312.0
Félicité Yıldızlı 2'li Banyo Paspası - Mavi,Banyo,1954.99,391.0
Félicité Yıldızlı 2'li Banyo Paspası - Pembe,Banyo,1954.99,391.0
Fınnoıs Jakarlı Peştemal,Banyo,2299.99,460.0
Galya Lautre Sıvı Sabunluk - Açık Kahve,Banyo,844.99,169.0
Gastonne Pamuklu Banyo Havlusu - Beyaz/Yeşil - 75x150 cm,Banyo,1954.99,391.0
Gastonne Pamuklu Yüz Havlusu - Beyaz/Yeşil - 50x80 cm,Banyo,844.99,169.0
Gauthıer Nakışlı Yüz Havlusu,Banyo,1689.99,338.0
Gauthıer Nakışlı Yüz Havlusu,Banyo,1689.99,338.0
Getopa Plaj Havlusu,Banyo,2874.99,575.0
Getopa Plaj Havlusu,Banyo,2874.99,575.0
Giverny %100 Pamuk Yüz Havlusu - Turkuaz - 50x70 cm,Banyo,1429.99,286.0
Giverny 2'li %100 Pamuk El Havlusu - Bordo,Banyo,1429.99,286.0
Giverny Banyo Paspası - Bej - 50x80 cm,Banyo,3219.99,644.0
Giverny Banyo Paspası - Gri - 50x80 cm,Banyo,3219.99,644.0
Giverny Yüz Havlusu,Banyo,1429.99,286.0
Gland El Havlusu,Banyo,779.99,156.0
Gland El Havlusu,Banyo,779.99,156.0
Gordes Banyo Paspası - Bej - 50x80 cm,Banyo,3219.99,644.0
Gordes Banyo Paspası - Gri - 50x80 cm,Banyo,3219.99,644.0
Gourmel %100 Pamuk Yüz Havlusu - Beyaz - 50x70 cm,Banyo,1429.99,286.0
Gregor Plaj Havlusu,Banyo,2874.99,575.0
Grenat 4'lü Pamuklu El Havlusu - Beyaz/Lacivert - 30x45 cm,Banyo,1689.99,338.0
Grenat 4'lü Pamuklu El Havlusu - Beyaz/Turuncu - 30x45 cm,Banyo,1689.99,338.0
Grenat Pamuklu Banyo Havlusu - Beyaz/Kırmızı - 70x140 cm,Banyo,1954.99,391.0
Grenat Pamuklu Banyo Havlusu - Beyaz/Lacivert - 70x140 cm,Banyo,1954.99,391.0
Grenat Pamuklu Banyo Havlusu - Beyaz/Turuncu - 70x140 cm,Banyo,1954.99,391.0
Grenat Pamuklu Yüz Havlusu - Beyaz/Kırmızı - 50x70 cm,Banyo,844.99,169.0
Grenat Pamuklu Yüz Havlusu - Beyaz/Lacivert - 50x70 cm,Banyo,844.99,169.0
Grenat Pamuklu Yüz Havlusu - Beyaz/Turuncu - 50x70 cm,Banyo,844.99,169.0
Guamod Pamuklu Yüz Havlusu - Beyaz/Gri - 50x80 cm,Banyo,844.99,169.0
Haroux %100 Pamuk Ayak Havlusu - Bej - 50x70 cm,Banyo,2874.99,575.0
Haroux %100 Pamuk Ayak Havlusu - Beyaz - 50x70 cm,Banyo,2874.99,575.0
Harriet Nakışlı %100 Pamuk Yüz Havlusu - Beyaz - 50x76 cm,Banyo,1689.99,338.0
Hector Banyo Havlusu - Beyaz/Lacivert - 80x160 cm,Banyo,4254.99,851.0
Hector Plaj Havlusu - Beyaz/Lacıvert - 80x160 cm,Banyo,4024.99,805.0
Herbert %100 Pamuk Plaj Havlusu - Mint Yeşili - 70x150 cm,Banyo,2874.99,575.0
Herbert %100 Pamuk Plaj Havlusu - Sarı - 70x150 cm,Banyo,2874.99,575.0
Herbert %100 Pamuk Plaj Havlusu - Turkuaz - 70x150 cm,Banyo,2874.99,575.0
Hugo 2'li %100 Pamuk El Havlusu - Beyaz,Banyo,1559.99,312.0
Hugo 2'li %100 Pamuk El Havlusu - Lacivert,Banyo,1559.99,312.0
Hugo Banyo Havlusu - 70x140 cm - Yat Koleksiyon,Banyo,4254.99,851.0
Hugo Banyo Havlusu - 70x140 cm - Yat Koleksiyon,Banyo,4254.99,851.0
Hugo Yüz Havlusu - 50x70 cm - Yat Koleksiyon,Banyo,1689.99,338.0
Hugo Yüz Havlusu - 50x70 cm - Yat Koleksiyon,Banyo,1689.99,338.0
Jack Banyo Havlusu,Banyo,4254.99,851.0
Jack Banyo Havlusu,Banyo,4254.99,851.0
Jack Banyo Havlusu - Yat Koleksiyon,Banyo,4254.99,851.0
Jack El Havlusu,Banyo,779.99,156.0
Jack Yüz Havlusu,Banyo,1689.99,338.0
Jack Şalyaka Unisex Bornoz Set,Banyo,8999.99,1800.0
Jack Şalyaka Unisex Bornoz Set,Banyo,8999.99,1800.0
Jeanne %100 Pamuk Kroşeli Yüz Havlusu - Ekru - 50x70 cm,Banyo,1819.99,364.0
Jeanne %100 Pamuk Kroşeli Yüz Havlusu - Lila - 50x70 cm,Banyo,1819.99,364.0
Jeanne %100 Pamuk Kroşeli Yüz Havlusu - Pudra - 50x70 cm,Banyo,1819.99,364.0
Jeanne %100 Pamuk Kroşeli Yüz Havlusu - Yeşil - 50x70 cm,Banyo,1819.99,364.0
Jeanne 2'li %100 Pamuk Kroşeli El Havlusu - Ekru - 30x40 cm,Banyo,1819.99,364.0
Jeanne 2'li %100 Pamuk Kroşeli El Havlusu - Lila - 30x40 cm,Banyo,1819.99,364.0
Jeanne 2'li %100 Pamuk Kroşeli El Havlusu - Pudra - 30x40 cm,Banyo,1819.99,364.0
Jeanne 2'li %100 Pamuk Kroşeli El Havlusu - Yeşil - 30x40 cm,Banyo,1819.99,364.0
Jeanne Kroşeli 2'li %100 Pamuk El Havlusu - Pudra - 30x40 cm,Banyo,1819.99,364.0
Jeanne Kroşeli El Havlusu,Banyo,1039.99,208.0
Jeanne Kroşeli El Havlusu,Banyo,1039.99,208.0
Jeanne Kroşeli El Havlusu,Banyo,1039.99,208.0
Jeanne Kroşeli Yüz Havlusu,Banyo,1819.99,364.0
Jessica Yüz Havlusu,Banyo,1429.99,286.0
Joetta El Havlusu - Lacivert - 30x46 cm,Banyo,714.99,143.0
Joetta Yüz Havlusu - Lacivert - 50x80 cm,Banyo,1559.99,312.0
Jolie Yüz Havlusu - Lüks Koleksiyon,Banyo,1559.99,312.0
Jolie Yüz Havlusu - Lüks Koleksiyon,Banyo,1559.99,312.0
Jolie Yüz Havlusu - Lüks Koleksiyon,Banyo,1559.99,312.0
Jolie Yüz Havlusu - Lüks Koleksiyon,Banyo,1559.99,312.0
Joyce %100 Pamuk Yüz Havlusu - Yeşil,Banyo,1429.99,286.0
Kelly 3'lü Banyo Seti - Açık Kahve,Banyo,1494.99,299.0
Kelly 5'li Banyo Seti - Açık Kahve,Banyo,3334.99,667.0
Kelly Tuvalet Fırçası - Açık Kahve,Banyo,844.99,169.0
Lavinia Nakışlı %100 Pamuk Yüz Havlusu - Beyaz - 50x76 cm,Banyo,1689.99,338.0
Lavrice Sepetli Havlu Seti - Beyaz,Banyo,2529.99,506.0
Leopard İpliği Boyalı %100 Pamuk Yüz Havlusu - Gri,Banyo,1724.99,345.0
Leopard İpliği Boyalı %100 Pamuk Yüz Havlusu - Turuncu,Banyo,1724.99,345.0
Leroy 2'li %100 Pamuk El Havlusu - Beyaz,Banyo,1559.99,312.0
Leroy 2'li %100 Pamuk El Havlusu - Lacivert,Banyo,1559.99,312.0
Leroy Banyo Havlusu - 80x160 cm - Yat Koleksiyon,Banyo,4254.99,851.0
Leroy Banyo Havlusu - 80x160 cm - Yat Koleksiyon,Banyo,4254.99,851.0
Leroy Yüz Havlusu - 50x70 cm - Yat Koleksiyon,Banyo,1689.99,338.0
Leroy Yüz Havlusu - 50x70 cm - Yat Koleksiyon,Banyo,1689.99,338.0
Lory Banyo Havlusu,Banyo,4254.99,851.0
Lory El Havlusu,Banyo,844.99,169.0
Lory Yüz Havlusu,Banyo,1819.99,364.0
Louan 2'li Pamuklu Banyo Paspası - Bej,Banyo,4024.99,805.0
Louan 2'li Pamuklu Banyo Paspası - Ekru,Banyo,4024.99,805.0
Louan 2'li Pamuklu Banyo Paspası - Gri,Banyo,4024.99,805.0
Louan 2'li Pamuklu Banyo Paspası - Pudra,Banyo,4024.99,805.0
Louise Yüz Havlusu,Banyo,1299.99,260.0
Lumine Pamuklu Plaj Havlusu - Beyaz/Turuncu - 70x150 cm,Banyo,2299.99,460.0
Lune %100 Pamuk Yüz Havlusu - Taş - 50x70 cm,Banyo,1559.99,312.0
Luth 4'lü Pamuklu El Havlusu - Mavi/Bej - 30x45 cm,Banyo,1689.99,338.0
Luth Pamuklu Banyo Havlusu - Lacivert/Mavi - 70x140 cm,Banyo,1954.99,391.0
Luth Pamuklu Yüz Havlusu - Bej/Gri - 50x70 cm,Banyo,844.99,169.0
Luth Pamuklu Yüz Havlusu - Lacivert/Mavi - 50x70 cm,Banyo,844.99,169.0
Luth Pamuklu Yüz Havlusu - Mavi/Bej - 50x70 cm,Banyo,844.99,169.0
Maor %100 Pamuk Nakışlı Banyo Havlusu - Beyaz/Silver - 80x160 cm,Banyo,4254.99,851.0
Maor %100 Pamuk Nakışlı Yüz Havlusu - Beyaz/Silver - 50x90 cm,Banyo,1819.99,364.0
Maor 2'li %100 Pamuk Nakışlı El Havlusu - Beyaz/Silver - 30x50 cm,Banyo,1689.99,338.0
Marais Ahşap Lautre Sıvı Sabunluk - Açık Kahve,Banyo,844.99,169.0
Marais Lautre Sıvı Sabunluk - Soft Gri,Banyo,844.99,169.0
Marc Plaj Havlusu,Banyo,2299.99,460.0
Marcel %100 Pamuk Yüz Havlusu - Bej - 50x70 cm,Banyo,1559.99,312.0
Marcel Yüz Havlusu,Banyo,1559.99,312.0
Margion Pamuklu Banyo Havlusu - Renkli,Banyo,1954.99,391.0
Margion Pamuklu Yüz Havlusu - Renkli,Banyo,844.99,169.0
Marla %100 Pamuk Kroşeli Yüz Havlusu - Beyaz/Lila - 50x70 cm,Banyo,1819.99,364.0
Marla %100 Pamuk Kroşeli Yüz Havlusu - Beyaz/Pudra - 50x70 cm,Banyo,1819.99,364.0
Marla %100 Pamuk Kroşeli Yüz Havlusu - Gri - 50x70 cm,Banyo,1819.99,364.0
Marla %100 Pamuk Kroşeli Yüz Havlusu - Pudra - 50x70 cm,Banyo,1819.99,364.0
Marla 2'li %100 Pamuk Kroşeli El Havlusu - Beyaz/Lila - 30x40 cm,Banyo,1819.99,364.0
Marla 2'li %100 Pamuk Kroşeli El Havlusu - Beyaz/Pudra - 30x40 cm,Banyo,1819.99,364.0
Marla 2'li %100 Pamuk Kroşeli El Havlusu - Gri - 30x40 cm,Banyo,1819.99,364.0
Marla 2'li %100 Pamuk Kroşeli El Havlusu - Pudra - 30x40 cm,Banyo,1819.99,364.0
Marla Kroşeli 2'li %100 Pamuk El Havlusu - Beyaz/Pudra - 30x40 cm,Banyo,1819.99,364.0
Marla Kroşeli El Havlusu,Banyo,1039.99,208.0
Marla Kroşeli Yüz Havlusu,Banyo,1819.99,364.0
Marla Kroşeli Yüz Havlusu,Banyo,1819.99,364.0
Marla Kroşeli Yüz Havlusu,Banyo,1819.99,364.0
Marlie Banyo Havlusu,Banyo,2874.99,575.0
Marlie Banyo Havlusu,Banyo,2874.99,575.0
Marlie Banyo Havlusu,Banyo,2874.99,575.0
Marlie Yüz Havlusu,Banyo,1299.99,260.0
Marlie Yüz Havlusu,Banyo,1299.99,260.0
Marlie Yüz Havlusu,Banyo,1299.99,260.0
Marnot %100 Pamuk Bordürü Floşlu Yüz Havlusu - Mürdüm - 50x80 cm,Banyo,1169.99,234.0
Marnot Bordürü %100 Pamuk Floşlu Banyo Havlusu - Açık Gri - 70x140 cm,Banyo,2529.99,506.0
Marnot Bordürü %100 Pamuk Floşlu Banyo Havlusu - Beyaz - 70x140 cm,Banyo,2529.99,506.0
Marnot Bordürü %100 Pamuk Floşlu Banyo Havlusu - Pudra - 70x140 cm,Banyo,2529.99,506.0
Marnot Bordürü %100 Pamuk Floşlu Yüz Havlusu - Açık Gri - 50x80 cm,Banyo,1169.99,234.0
Marnot Bordürü %100 Pamuk Floşlu Yüz Havlusu - Beyaz - 50x80 cm,Banyo,1169.99,234.0
Marnot Bordürü %100 Pamuk Floşlu Yüz Havlusu - Mavi - 50x80 cm,Banyo,1169.99,234.0
Marnot Bordürü %100 Pamuk Floşlu Yüz Havlusu - Pudra - 50x80 cm,Banyo,1169.99,234.0
Marnot Bordürü 2'li %100 Pamuk Floşlu El Havlusu - Beyaz - 30x45 cm,Banyo,1169.99,234.0
Martha 2'li (TENCEL™) Pamuklu El Havlusu - Açık Gri - 30x45 cm,Banyo,1299.99,260.0
Martha 2'li (TENCEL™) Pamuklu El Havlusu - Bej - 30x45 cm,Banyo,1299.99,260.0
Martha 2'li (TENCEL™) Pamuklu El Havlusu - Beyaz - 30x45 cm,Banyo,1299.99,260.0
Martha 2'li (TENCEL™) Pamuklu El Havlusu - Beyaz - 30x45 cm,Banyo,1299.99,260.0
Martha 2'li (TENCEL™) Pamuklu El Havlusu - Koyu Mavi - 30x45 cm,Banyo,1299.99,260.0
Martha 2'li (TENCEL™) Pamuklu El Havlusu - Mint Yeşili - 30x45 cm,Banyo,1299.99,260.0
Martha 2'li (TENCEL™) Pamuklu El Havlusu - Pudra - 30x45 cm,Banyo,1299.99,260.0
Martha Banyo Havlusu (TENCEL™) - Açık Gri - 80x150 cm,Banyo,3794.99,759.0
Martha Banyo Havlusu (TENCEL™) - Bej - 80x150 cm,Banyo,3794.99,759.0
Martha Banyo Havlusu (TENCEL™) - Beyaz - 80x150 cm,Banyo,3794.99,759.0
Martha Banyo Havlusu (TENCEL™) - Beyaz - 80x150 cm,Banyo,3794.99,759.0
Martha Banyo Havlusu (TENCEL™) - Koyu Mavi - 80x150 cm,Banyo,3794.99,759.0
Martha Banyo Havlusu (TENCEL™) - Mint Yeşili - 80x150 cm,Banyo,3794.99,759.0
Martha Banyo Havlusu (TENCEL™) - Mint Yeşili - 80x150 cm,Banyo,3794.99,759.0
Martha Banyo Havlusu (TENCEL™) - Pudra - 80x150 cm,Banyo,3794.99,759.0
Martha Yüz Havlusu (TENCEL™) - Açık Gri - 50x80 cm,Banyo,1559.99,312.0
Martha Yüz Havlusu (TENCEL™) - Bej - 50x80 cm,Banyo,1559.99,312.0
Martha Yüz Havlusu (TENCEL™) - Beyaz - 50x80 cm,Banyo,1559.99,312.0
Martha Yüz Havlusu (TENCEL™) - Beyaz - 50x80 cm,Banyo,1559.99,312.0
Martha Yüz Havlusu (TENCEL™) - Koyu Mavi - 50x80 cm,Banyo,1559.99,312.0
Martha Yüz Havlusu (TENCEL™) - Mint Yeşili - 50x80 cm,Banyo,1559.99,312.0
Martha Yüz Havlusu (TENCEL™) - Pudra - 50x80 cm,Banyo,1559.99,312.0
Martin 2'li %100 Pamuk El Havlusu - Beyaz/Lacivert,Banyo,1559.99,312.0
Martin Banyo Havlusu,Banyo,4254.99,851.0
Martin El Havlusu,Banyo,779.99,156.0
Martin Yüz Havlusu,Banyo,1689.99,338.0
Martre Krom Lautre 3-Lü Banyo Seti,Banyo,1494.99,299.0
Martre Tuvalet Fırçası - Soft Gri,Banyo,844.99,169.0
Marty 2'li %100 Pamuk El Havlusu - Beyaz,Banyo,1559.99,312.0
Marty 2'li %100 Pamuk El Havlusu - Lacivert,Banyo,1559.99,312.0
Marty Banyo Havlusu,Banyo,4254.99,851.0
Marty Banyo Havlusu,Banyo,4254.99,851.0
Marty Banyo Havlusu - Yat Koleksiyon,Banyo,4254.99,851.0
Marty Kimono Unisex %100 Pamuk Bornoz/Terlik Seti - Yat Koleksiyon - Beyaz,Banyo,8499.99,1700.0
Marty Kimono Unisex Bornoz/Terlik Seti - Yat Koleksiyon - Lacivert,Banyo,8499.99,1700.0
Marty Yüz Havlusu,Banyo,1689.99,338.0
Marty Yüz Havlusu,Banyo,1689.99,338.0
Marée 2'li Banyo Paspası - Açık Gri,Banyo,5499.99,1100.0
Marée 2'li Banyo Paspası - Açık Yeşil,Banyo,5499.99,1100.0
Marée 2'li Banyo Paspası - Bej,Banyo,5499.99,1100.0
Marée 2'li Banyo Paspası - Pembe,Banyo,5499.99,1100.0
Mathilda Ayak Havlusu - Antrasit - 50x70 cm,Banyo,1689.99,338.0
Mathilda Ayak Havlusu - Beyaz - 50x70 cm,Banyo,1689.99,338.0
Mathilda Ayak Havlusu - Gri - 50x70 cm,Banyo,1689.99,338.0
Mathilda Ayak Havlusu - Lacivert - 50x70 cm,Banyo,1689.99,338.0
Mathilda Ayak Havlusu - Mavi - 50x70 cm,Banyo,1689.99,338.0
Mathilda Ayak Havlusu - Pudra - 50x70 cm,Banyo,1689.99,338.0
Mathilda Ayak Havlusu - Vizon - 50x70 cm,Banyo,1689.99,338.0
Maud Galon Sıvı Deterjanlık,Banyo,844.99,169.0
Mavrice Sepetli Havlu Seti - Beyaz,Banyo,2529.99,506.0
Maynor Bordürü Floşlu Banyo Havlusu,Banyo,2529.99,506.0
Maynor Bordürü Floşlu Banyo Havlusu,Banyo,2529.99,506.0
Maynor Bordürü Floşlu Yüz Havlusu,Banyo,1169.99,234.0
Maynor Bordürü Floşlu Yüz Havlusu,Banyo,1169.99,234.0
Maynor Bordürü Floşlu Yüz Havlusu,Banyo,1169.99,234.0
Maynor Bordürü Floşlu Yüz Havlusu,Banyo,1169.99,234.0
Maynor Bordürü Floşlu Yüz Havlusu,Banyo,1169.99,234.0
Melly %100 Pamuk Kroşeli Yüz Havlusu - Bej - 50x70 cm,Banyo,1819.99,364.0
Melly %100 Pamuk Kroşeli Yüz Havlusu - Beyaz - 50x70 cm,Banyo,1819.99,364.0
Melly %100 Pamuk Kroşeli Yüz Havlusu - Gri - 50x70 cm,Banyo,1819.99,364.0
Melly %100 Pamuk Kroşeli Yüz Havlusu - Pudra - 50x70 cm,Banyo,1819.99,364.0
Melly 2'li %100 Pamuk Kroşeli El Havlusu - Bej - 30x40 cm,Banyo,1819.99,364.0
Melly 2'li %100 Pamuk Kroşeli El Havlusu - Beyaz - 30x40 cm,Banyo,1819.99,364.0
Melly 2'li %100 Pamuk Kroşeli El Havlusu - Gri - 30x40 cm,Banyo,1819.99,364.0
Melly 2'li %100 Pamuk Kroşeli El Havlusu - Pudra - 30x40 cm,Banyo,1819.99,364.0
Melly Kroşeli %100 Pamuk Yüz Havlusu - Bej - 50x70 cm,Banyo,1819.99,364.0
Melly Kroşeli %100 Pamuk Yüz Havlusu - Beyaz - 50x70 cm,Banyo,1819.99,364.0
Melly Kroşeli %100 Pamuk Yüz Havlusu - Beyaz/Pudra - 50x70 cm,Banyo,1819.99,364.0
Melly Kroşeli %100 Pamuk Yüz Havlusu - Gri - 50x70 cm,Banyo,1819.99,364.0
Melly Kroşeli %100 Pamuk Yüz Havlusu - Pudra - 50x70 cm,Banyo,1819.99,364.0
Melly Kroşeli 2'li %100 Pamuk El Havlusu - Bej - 30x40 cm,Banyo,1819.99,364.0
Melly Kroşeli 2'li %100 Pamuk El Havlusu - Beyaz/Pudra - 30x40 cm,Banyo,1819.99,364.0
Melly Kroşeli 2'li %100 Pamuk El Havlusu - Gri - 30x40 cm,Banyo,1819.99,364.0
Merline %100 Pamuk Yüz Havlusu - Beyaz,Banyo,844.99,169.0
Merline %100 Pamuk Yüz Havlusu - Gri,Banyo,844.99,169.0
Muguet Pamuklu Yüz Havlusu - Haki - 50x70 cm,Banyo,844.99,169.0
Muguet Pamuklu Yüz Havlusu - Mavi - 50x70 cm,Banyo,844.99,169.0
Muguet Pamuklu Yüz Havlusu - Vizon - 50x70 cm,Banyo,844.99,169.0
Najac Banyo Paspas - Antrasit - 50x80 cm,Banyo,3219.99,644.0
Najac Banyo Paspas - Bej - 50x80 cm,Banyo,3219.99,644.0
Najac Banyo Paspas - Beyaz - 50x80 cm,Banyo,3219.99,644.0
Najac Banyo Paspas - Gri - 50x80 cm,Banyo,3219.99,644.0
Najac Banyo Paspas - Krem - 50x80 cm,Banyo,3219.99,644.0
Najac Banyo Paspas - Lacivert - 50x80 cm,Banyo,3219.99,644.0
Navier %100 Pamuk Plaj Havlusu - Lacivert - 70x150 cm,Banyo,2874.99,575.0
Naviguer Nakışlı %100 Pamuk Yüz Havlusu - Beyaz - 50x76 cm,Banyo,1689.99,338.0
Nicola Kimono Erkek %100 Pamuk Bornoz,Banyo,4499.99,900.0
Nicola Kimono Erkek %100 Pamuk Bornoz,Banyo,4499.99,900.0
Niels Plaj Havlusu,Banyo,2299.99,460.0
Niels Plaj Havlusu,Banyo,2299.99,460.0
Niort Plaj Havlusu,Banyo,2299.99,460.0
Norice %100 Pamuk Ayak Havlusu - Antrasit - 50x70 cm,Banyo,1689.99,338.0
Norice %100 Pamuk Ayak Havlusu - Beyaz - 50x70 cm,Banyo,1689.99,338.0
Norice %100 Pamuk Ayak Havlusu - Gri - 50x70 cm,Banyo,1689.99,338.0
Norice %100 Pamuk Ayak Havlusu - Lacivert - 50x70 cm,Banyo,1689.99,338.0
Norice %100 Pamuk Ayak Havlusu - Mavi - 50x70 cm,Banyo,1689.99,338.0
Norice %100 Pamuk Ayak Havlusu - Pudra - 50x70 cm,Banyo,1689.99,338.0
Norice %100 Pamuk Ayak Havlusu - Vizon - 50x70 cm,Banyo,1689.99,338.0
Norice Ayak Havlusu - Beyaz - 50x70 cm,Banyo,1689.99,338.0
Norice Ayak Havlusu - Mavi - 50x70 cm,Banyo,1689.99,338.0
Norice Ayak Havlusu - Pudra - 50x70 cm,Banyo,1689.99,338.0
Norris Banyo Paspası,Banyo,1999.99,400.0
Norris Banyo Paspası,Banyo,1999.99,400.0
Norris Banyo Paspası,Banyo,1999.99,400.0
Norris Banyo Paspası,Banyo,1999.99,400.0
Norris Banyo Paspası,Banyo,1999.99,400.0
Norris Banyo Paspası,Banyo,1999.99,400.0
Norris Banyo Paspası - Antrasit,Banyo,1749.99,350.0
Norris Banyo Paspası - Açık Gri,Banyo,1749.99,350.0
Norris Banyo Paspası - Açık Mavi,Banyo,1749.99,350.0
Norris Banyo Paspası - Bej,Banyo,1749.99,350.0
Norris Banyo Paspası - Koyu Mürdüm,Banyo,1749.99,350.0
Norris Banyo Paspası - İndigo,Banyo,1749.99,350.0
Norris Plaj Havlusu,Banyo,2299.99,460.0
Ollie %100 Pamuk Yüz Havlusu - Açık Gri - 50x70 cm,Banyo,1559.99,312.0
Opal Nakışlı %100 Pamuk Yüz Havlusu - Beyaz - 50x76 cm,Banyo,1689.99,338.0
Opale Pamuklu Yüz Havlusu - Bej - 50x70 cm,Banyo,844.99,169.0
Opale Pamuklu Yüz Havlusu - Mavi - 50x70 cm,Banyo,844.99,169.0
Opale Pamuklu Yüz Havlusu - Pudra - 50x70 cm,Banyo,844.99,169.0
Opherna Pamuklu Banyo Havlusu - Beyaz/Bej,Banyo,1954.99,391.0
Opherna Pamuklu Banyo Havlusu - Beyaz/Gri,Banyo,1954.99,391.0
Opherna Pamuklu Yüz Havlusu - Beyaz/Bej,Banyo,844.99,169.0
Opherna Pamuklu Yüz Havlusu - Beyaz/Gri,Banyo,844.99,169.0
Orlena %100 Pamuk Ayak Havlusu - Antrasit - 50x70 cm,Banyo,1689.99,338.0
Orlena %100 Pamuk Ayak Havlusu - Beyaz - 50x70 cm,Banyo,1689.99,338.0
Orlena %100 Pamuk Ayak Havlusu - Gri - 50x70 cm,Banyo,1689.99,338.0
Orlena %100 Pamuk Ayak Havlusu - Mavi - 50x70 cm,Banyo,1689.99,338.0
Orlena %100 Pamuk Ayak Havlusu - Pudra - 50x70 cm,Banyo,1689.99,338.0
Orlena %100 Pamuk Ayak Havlusu - Vizon - 50x70 cm,Banyo,1689.99,338.0
Orsay %100 Pamuk Banyo Havlusu - Beyaz/Sarı - 70x140 cm,Banyo,1954.99,391.0
Orsay %100 Pamuk Yüz Havlusu - Beyaz/Sarı - 50x70 cm,Banyo,844.99,169.0
Orsay 2'li %100 Pamuk El Havlusu - Beyaz/Sarı - 30x45 cm,Banyo,844.99,169.0
Orva Nakışlı Yüz Havlusu,Banyo,1689.99,338.0
Palmie %100 Pamuk Plaj Havlusu - Yeşil - 70x150 cm,Banyo,2299.99,460.0
Palmy Nakışlı %100 Pamuk 2'li El Havlusu - Beyaz - 30x45 cm,Banyo,1689.99,338.0
Palmy Nakışlı %100 Pamuk Yüz Havlusu - Beyaz - 50x76 cm,Banyo,1689.99,338.0
Pansy Nakışlı %100 Pamuk 2'li El Havlusu - Beyaz - 30x45 cm,Banyo,1689.99,338.0
Pansy Nakışlı %100 Pamuk 2'li El Havlusu - Gri - 30x45 cm,Banyo,1689.99,338.0
Pansy Nakışlı Yüz Havlusu,Banyo,1689.99,338.0
Pansy Nakışlı Yüz Havlusu,Banyo,1689.99,338.0
Pathier %100 Pamuk Kimono Unisex Bornoz - Beyaz/Bej,Banyo,6499.99,1300.0
Pathier %100 Pamuk Kimono Unisex Bornoz - Beyaz/Gri,Banyo,6499.99,1300.0
Perle %100 Pamuk Banyo Havlusu - Beyaz - 70x140 cm,Banyo,1954.99,391.0
Piano Armürlü %100 Pamuk 2'li El Havlusu - Beyaz,Banyo,1429.99,286.0
Piano Armürlü Ayak Havlusu - Otel Koleksiyon,Banyo,1954.99,391.0
Piano Armürlü Banyo Havlusu - Otel Koleksiyon,Banyo,2874.99,575.0
Piano Armürlü Yüz Havlusu - Otel Koleksiyon,Banyo,1429.99,286.0
Pile Hamam Unisex Bornoz,Banyo,5499.99,1100.0
Pile Hamam Yüz Havlusu,Banyo,844.99,169.0
Porter %100 Pamuk Yüz Havlusu - Beyaz,Banyo,1429.99,286.0
Puanty %100 Pamuk Banyo Havlusu - Bej,Banyo,3219.99,644.0
Puanty %100 Pamuk Banyo Havlusu - Beyaz,Banyo,3219.99,644.0
Puanty %100 Pamuk Banyo Havlusu - Gri,Banyo,3219.99,644.0
Puanty %100 Pamuk Banyo Havlusu - Lacivert,Banyo,3219.99,644.0
Puanty %100 Pamuk Yüz Havlusu - Bej,Banyo,1559.99,312.0
Puanty %100 Pamuk Yüz Havlusu - Gri,Banyo,1559.99,312.0
Puanty %100 Pamuk Yüz Havlusu - Lacivert,Banyo,1559.99,312.0
Rachel %100 Pamuk Ayak Havlusu - Antrasit - 50x70 cm,Banyo,1689.99,338.0
Rachel %100 Pamuk Ayak Havlusu - Beyaz - 50x70 cm,Banyo,1689.99,338.0
Rachel %100 Pamuk Ayak Havlusu - Gri - 50x70 cm,Banyo,1689.99,338.0
Rachel %100 Pamuk Ayak Havlusu - Lacivert - 50x70 cm,Banyo,1689.99,338.0
Rachel %100 Pamuk Ayak Havlusu - Mavi - 50x70 cm,Banyo,1689.99,338.0
Rachel %100 Pamuk Ayak Havlusu - Pudra - 50x70 cm,Banyo,1689.99,338.0
Rachel %100 Pamuk Ayak Havlusu - Vizon - 50x70 cm,Banyo,1689.99,338.0
Rachel Peştemal,Banyo,1724.99,345.0
Rachel Peştemal,Banyo,1724.99,345.0
Rachel Peştemal,Banyo,1724.99,345.0
Rachel Peştemal,Banyo,1724.99,345.0
Rachel Peştemal,Banyo,1724.99,345.0
Raye Hamam Yüz Havlusu,Banyo,844.99,169.0
Reflet Bubble 2'li Banyo Paspası - Antrasit,Banyo,3449.99,690.0
Reflet Bubble 2'li Banyo Paspası - Antrasit,Banyo,2644.99,529.0
Reflet Bubble 2'li Banyo Paspası - Bej,Banyo,3449.99,690.0
Reflet Bubble 2'li Banyo Paspası - Bej,Banyo,2644.99,529.0
Reflet Bubble 2'li Banyo Paspası - Koyu Mürdüm,Banyo,3449.99,690.0
Reflet Bubble 2'li Banyo Paspası - Koyu Mürdüm,Banyo,2644.99,529.0
Reflet Bubble 2'li Banyo Paspası - Taş,Banyo,3449.99,690.0
Reflet Bubble 2'li Banyo Paspası - Taş,Banyo,2644.99,529.0
Remi Erkek %100 Pamuk Bornoz Seti - Bej - Lüks Koleksiyon,Banyo,14999.99,3000.0
Riley Kadın %100 Pamuk Bornoz Set - Beyaz -  Lüks Koleksiyon,Banyo,14999.99,3000.0
Rita %100 Pamuk Yüz Havlusu - Beyaz - 50x70 cm,Banyo,1559.99,312.0
Rita %100 Pamuk Yüz Havlusu - Taş - 50x70 cm,Banyo,1559.99,312.0
Riz Jakarlı %100 Pamuk 2'li El Havlusu - Beyaz,Banyo,1429.99,286.0
Riz Jakarlı Ayak Havlusu - Otel Koleksiyon,Banyo,1954.99,391.0
Riz Jakarlı Banyo Havlusu - Otel Koleksiyon,Banyo,2874.99,575.0
Riz Jakarlı Yüz Havlusu - Otel Koleksiyon,Banyo,1429.99,286.0
Roesia Şalyaka Kadın %100 Pamuk Bornoz,Banyo,4499.99,900.0
Roesia Şalyaka Kadın %100 Pamuk Bornoz,Banyo,4499.99,900.0
Roesia Şalyaka Kadın %100 Pamuk Bornoz,Banyo,4499.99,900.0
Rosabell 2'li %100 Pamuk Kroşeli El Havlusu - Gri - 30x40 cm,Banyo,1819.99,364.0
Rosabell Kroşeli %100 Pamuk Yüz Havlusu - Bej,Banyo,1819.99,364.0
Rosabell Kroşeli %100 Pamuk Yüz Havlusu - Beyaz,Banyo,1819.99,364.0
Rosabell Kroşeli %100 Pamuk Yüz Havlusu - Gri,Banyo,1819.99,364.0
Rosabell Kroşeli %100 Pamuk Yüz Havlusu - Pudra,Banyo,1819.99,364.0
Rosabelle 4'lü Pamuklu El Havlusu - Beyaz/Bej - 30x45 cm,Banyo,1689.99,338.0
Rosabelle 4'lü Pamuklu El Havlusu - Beyaz/Gri - 30x45 cm,Banyo,1689.99,338.0
Rosabelle 4'lü Pamuklu El Havlusu - Beyaz/Mavi - 30x45 cm,Banyo,1689.99,338.0
Rosabelle Pamuklu Banyo Havlusu - Beyaz/Bej - 70x140 cm,Banyo,1954.99,391.0
Rosabelle Pamuklu Banyo Havlusu - Beyaz/Gri - 70x140 cm,Banyo,1954.99,391.0
Rosabelle Pamuklu Banyo Havlusu - Beyaz/Mavi - 70x140 cm,Banyo,1954.99,391.0
Rosabelle Pamuklu Yüz Havlusu - Beyaz/Bej - 50x70 cm,Banyo,844.99,169.0
Rosabelle Pamuklu Yüz Havlusu - Beyaz/Gri - 50x70 cm,Banyo,844.99,169.0
Rosabelle Pamuklu Yüz Havlusu - Beyaz/Mavi - 50x70 cm,Banyo,844.99,169.0
Ruth %100 Pamuk Kroşeli Yüz Havlusu - Bej - 50x70 cm,Banyo,1819.99,364.0
Ruth %100 Pamuk Kroşeli Yüz Havlusu - Beyaz/Pudra - 50x70 cm,Banyo,1819.99,364.0
Ruth %100 Pamuk Kroşeli Yüz Havlusu - Gri - 50x70 cm,Banyo,1819.99,364.0
Ruth %100 Pamuk Kroşeli Yüz Havlusu - Pudra - 50x70 cm,Banyo,1819.99,364.0
Ruth 2'li %100 Pamuk Kroşeli El Havlusu - Bej - 30x40 cm,Banyo,1819.99,364.0
Ruth 2'li %100 Pamuk Kroşeli El Havlusu - Beyaz/Pudra - 30x40 cm,Banyo,1819.99,364.0
Ruth 2'li %100 Pamuk Kroşeli El Havlusu - Gri - 30x40 cm,Banyo,1819.99,364.0
Ruth 2'li %100 Pamuk Kroşeli El Havlusu - Pudra - 30x40 cm,Banyo,1819.99,364.0
Ruth Kroşeli Yüz Havlusu,Banyo,1819.99,364.0
Ryella Armürlü %100 Pamuk 2'li El Havlusu - Beyaz,Banyo,1429.99,286.0
Ryella Armürlü %100 Pamuk 2'li El Havlusu - Gri,Banyo,1429.99,286.0
Ryella Armürlü Ayak Havlusu - Otel Koleksiyon,Banyo,1954.99,391.0
Ryella Armürlü Ayak Havlusu - Otel Koleksiyon,Banyo,1954.99,391.0
Ryella Armürlü Banyo Havlusu - Otel Koleksiyon,Banyo,2874.99,575.0
Ryella Armürlü Banyo Havlusu - Otel Koleksiyon,Banyo,2874.99,575.0
Ryella Armürlü Yüz Havlusu - Otel Koleksiyon,Banyo,1429.99,286.0
Ryella Armürlü Yüz Havlusu - Otel Koleksiyon,Banyo,1429.99,286.0
Répertoire Alum Taşı 45 gr,Banyo,844.99,169.0
Répertoire Doğal Katı Sabun - Aloe Vera - 125 gr,Banyo,389.99,78.0
Répertoire Doğal Katı Sabun - Coton Fleurs - 100 g,Banyo,389.99,78.0
Répertoire Doğal Katı Sabun - Dark Ambre - 100 g,Banyo,389.99,78.0
Répertoire Doğal Katı Sabun - Poetic Oud - 100 g,Banyo,389.99,78.0
Répertoire Doğal Katı Sabun - Safflower - 125 gr,Banyo,389.99,78.0
Répertoire Koku Kesesi,Banyo,149.99,30.0
Répertoire Koku Kesesi,Banyo,149.99,30.0
Répertoire Koku Kesesi,Banyo,149.99,30.0
Répertoire Koku Kesesi - Fleurs Sauvage - 25 gr,Banyo,149.99,30.0
Répertoire Koku Kesesi - Lilas - 25 gr,Banyo,149.99,30.0
Répertoire Koku Kesesi - Nature Boisée - 25 gr,Banyo,149.99,30.0
Répertoire Koku Kesesi - Rose de Jardin - 25 gr,Banyo,149.99,30.0
Sansone %100 Pamuk Ayak Havlusu - Beyaz,Banyo,2874.99,575.0
Sansone %100 Pamuk Ayak Havlusu - Gri,Banyo,2874.99,575.0
Savier %100 Pamuk Plaj Havlusu - Mavi - 70x150 cm,Banyo,2874.99,575.0
Selmor %100 Pamuk Nakışlı Yüz Havlusu - Bej - 50x76 cm,Banyo,1689.99,338.0
Selmor %100 Pamuk Nakışlı Yüz Havlusu - Beyaz - 50x76 cm,Banyo,1689.99,338.0
Selmor %100 Pamuk Nakışlı Yüz Havlusu - Haki - 50x76 cm,Banyo,1689.99,338.0
Selmor 2'li %100 Pamuk Nakışlı El Havlusu - Bej - 30x45 cm,Banyo,1689.99,338.0
Selmor 2'li %100 Pamuk Nakışlı El Havlusu - Beyaz - 30x45 cm,Banyo,1689.99,338.0
Selmor 2'li %100 Pamuk Nakışlı El Havlusu - Haki - 30x45 cm,Banyo,1689.99,338.0
Serein Pamuklu Plaj Havlusu - Mavi/Turuncu - 70x150 cm,Banyo,2299.99,460.0
Sheep Banyo Paspası,Banyo,3449.99,690.0
Sheep Banyo Paspası,Banyo,2644.99,529.0
Sheep Banyo Paspası,Banyo,3449.99,690.0
Sheep Banyo Paspası,Banyo,2644.99,529.0
Sheep Banyo Paspası,Banyo,2644.99,529.0
Sheep Banyo Paspası,Banyo,2644.99,529.0
Sheep Banyo Paspası,Banyo,2644.99,529.0
Sheep Banyo Paspası,Banyo,3449.99,690.0
Sheep Banyo Paspası,Banyo,3449.99,690.0
Sheep Banyo Paspası,Banyo,3449.99,690.0
Sidonie 4'lü Pamuklu El Havlusu - Beyaz,Banyo,1689.99,338.0
Sidonie Banyo Havlusu,Banyo,1954.99,391.0
Sidonie Yüz Havlusu,Banyo,844.99,169.0
Sidonie Yüz Havlusu,Banyo,844.99,169.0
Sidonie Yüz Havlusu,Banyo,844.99,169.0
Sidonie Yüz Havlusu,Banyo,844.99,169.0
Slyvia Nakışlı %100 Pamuk Yüz Havlusu - Beyaz - 50x76 cm,Banyo,1689.99,338.0
Soderna Pamuklu Banyo Havlusu - Beyaz/Gri,Banyo,1954.99,391.0
Soderna Pamuklu Yüz Havlusu - Beyaz/Gri,Banyo,844.99,169.0
Sorel Plaj Havlusu,Banyo,2299.99,460.0
Stripe Armürlü %100 Pamuk 2'li El Havlusu - Beyaz,Banyo,1429.99,286.0
Stripe Armürlü %100 Pamuk 2'li El Havlusu - Gri,Banyo,1429.99,286.0
Stripe Armürlü Ayak Havlusu - Otel Koleksiyon,Banyo,1954.99,391.0
Stripe Armürlü Ayak Havlusu - Otel Koleksiyon,Banyo,1954.99,391.0
Stripe Armürlü Banyo Havlusu - Otel Koleksiyon,Banyo,2874.99,575.0
Stripe Armürlü Banyo Havlusu - Otel Koleksiyon,Banyo,2874.99,575.0
Stripe Armürlü Yüz Havlusu - Otel Koleksiyon,Banyo,1429.99,286.0
Stripe Armürlü Yüz Havlusu - Otel Koleksiyon,Banyo,1429.99,286.0
Stripe Kimono Unisex %100 Pamuk Bornoz - Otel Koleksiyon,Banyo,7999.99,1600.0
Sun Plaj Havlusu,Banyo,2874.99,575.0
Sun Plaj Havlusu,Banyo,2874.99,575.0
Sylvie Ayak Havlusu,Banyo,1689.99,338.0
Sylvie Ayak Havlusu,Banyo,1689.99,338.0
Sylvie Ayak Havlusu,Banyo,1689.99,338.0
Sylvie Ayak Havlusu,Banyo,1689.99,338.0
Sylvie Ayak Havlusu,Banyo,1689.99,338.0
Sylvie Ayak Havlusu,Banyo,1689.99,338.0
Sylvie Ayak Havlusu,Banyo,1689.99,338.0
Tarpoue %100 Pamuk Plaj Havlusu - Fuşya - 70x150 cm,Banyo,2299.99,460.0
Tercet Nakışlı %100 Pamuk Yüz Havlusu - Beyaz - 50x76 cm,Banyo,1689.99,338.0
Tilda Plaj Havlusu,Banyo,2299.99,460.0
Tilda Plaj Havlusu,Banyo,2299.99,460.0
Topaze 4'lü Pamuklu El Havlusu - Beyaz/Bej - 30x45 cm,Banyo,1689.99,338.0
Topaze 4'lü Pamuklu El Havlusu - Beyaz/Mavi - 30x45 cm,Banyo,1689.99,338.0
Topaze Pamuklu Banyo Havlusu - Beyaz/Bej - 70x140 cm,Banyo,1954.99,391.0
Topaze Pamuklu Banyo Havlusu - Beyaz/Gri - 70x140 cm,Banyo,1954.99,391.0
Topaze Pamuklu Banyo Havlusu - Beyaz/Mavi - 70x140 cm,Banyo,1954.99,391.0
Topaze Pamuklu Yüz Havlusu - Beyaz/Bej - 50x70 cm,Banyo,844.99,169.0
Topaze Pamuklu Yüz Havlusu - Beyaz/Gri - 50x70 cm,Banyo,844.99,169.0
Topaze Pamuklu Yüz Havlusu - Beyaz/Mavi - 50x70 cm,Banyo,844.99,169.0
Tortue Plaj Havlusu,Banyo,2299.99,460.0
Tournant %100 Pamuk Banyo Havlusu - Beyaz/Lacivert - 70x140 cm,Banyo,1954.99,391.0
Tournant %100 Pamuk Yüz Havlusu - Beyaz/Lacivert - 50x70 cm,Banyo,844.99,169.0
Valeon %100 Pamuk Double Face Peştamal - Koyu Mavi,Banyo,3449.99,690.0
Valeon %100 Pamuk Double Face Peştamal - Koyu Pembe,Banyo,3449.99,690.0
Valeon %100 Pamuk Double Face Peştamal - Turuncu,Banyo,3449.99,690.0
Valerie Yüz Havlusu - Lüks Koleksiyon,Banyo,1559.99,312.0
Velours 4'lü Pamuklu El Havlusu - Beyaz/Bej - 30x45 cm,Banyo,1689.99,338.0
Velours 4'lü Pamuklu El Havlusu - Beyaz/Gri,Banyo,1689.99,338.0
Velours 4'lü Pamuklu El Havlusu - Beyaz/Mavi,Banyo,1689.99,338.0
Velours Pamuklu Banyo Havlusu - Beyaz/Bej - 70x140 cm,Banyo,1954.99,391.0
Velours Pamuklu Banyo Havlusu - Beyaz/Gri,Banyo,1954.99,391.0
Velours Pamuklu Banyo Havlusu - Beyaz/Mavi,Banyo,1954.99,391.0
Velours Pamuklu Yüz Havlusu - Beyaz/Bej - 50x70 cm,Banyo,844.99,169.0
Veronigue Layer Sıvı Sabunluk - Amber,Banyo,909.99,182.0
Veronigue Layer Sıvı Sabunluk - Şeffaf - 300 ml,Banyo,909.99,182.0
Violet El Havlusu,Banyo,1039.99,208.0
Violet El Havlusu,Banyo,1039.99,208.0
Violet Yüz Havlusu,Banyo,1819.99,364.0
Violet Yüz Havlusu,Banyo,1819.99,364.0
Voilier Plaj Havlusu,Banyo,4024.99,805.0
Willy %100 Pamuk Yüz Havlusu - Beyaz,Banyo,1429.99,286.0
Yvoire Banyo Paspas - Bej - 50x80 cm,Banyo,3219.99,644.0
Yvoire Banyo Paspas - Gri - 50x80 cm,Banyo,3219.99,644.0
Zéphyr 2'li Pamuklu Banyo Paspası - Açık Gri,Banyo,5299.99,1060.0
Zéphyr 2'li Pamuklu Banyo Paspası - Açık Yeşil,Banyo,5299.99,1060.0
Zéphyr 2'li Pamuklu Banyo Paspası - Lacivert,Banyo,5299.99,1060.0
Adele Biblo - Gold,Dekorasyon,26999.99,5400.0
Africain Seramik Vazo - Kahverengi,Dekorasyon,7999.99,1600.0
Afrodille Fener,Dekorasyon,19999.99,4000.0
Afrodille Çerçeve,Dekorasyon,1559.99,312.0
Afrodille Çerçeve,Dekorasyon,1299.99,260.0
Afrodille Çerçeve - Naturel,Dekorasyon,1429.99,286.0
Agathe Saat - Gold,Dekorasyon,3219.99,644.0
Agnus Biblo - Açık Mavi,Dekorasyon,1169.99,234.0
Agnus Biblo - Pembe,Dekorasyon,844.99,169.0
Agnus Biblo - Pembe,Dekorasyon,1169.99,234.0
Agnus Biblo - Soft Ekru,Dekorasyon,844.99,169.0
Agnus Biblo - Soft Ekru,Dekorasyon,1169.99,234.0
Aimon Ağaç Süsü,Dekorasyon,2184.99,437.0
Aimon Tepsi,Dekorasyon,3999.99,800.0
Alette Fener - Şeffaf,Dekorasyon,17999.99,3600.0
Alice Büst - Soft Gri,Dekorasyon,24999.99,5000.0
Amarie Saat - Gri,Dekorasyon,3219.99,644.0
Ambre Fener,Dekorasyon,15999.99,3200.0
Amicus Mumluk - Mavi/Beyaz,Dekorasyon,1169.99,234.0
Ancelin Fener,Dekorasyon,19999.99,4000.0
Ariel Büst - Beyaz,Dekorasyon,14999.99,3000.0
Arles Kase - Beyaz - 24 cm,Dekorasyon,7499.99,1500.0
Aron Konik Vazo - Şeffaf,Dekorasyon,3449.99,690.0
Asante Vazo - Beyaz,Dekorasyon,12499.99,2500.0
Astre Dekoratif Tabak - Büyük Boy - Beyaz,Dekorasyon,753.99,150.8
Avian Şamdan,Dekorasyon,13999.99,2800.0
Avion Kase - Beyaz - Orta Boy,Dekorasyon,8499.99,1700.0
Bastien Biblo - Gold,Dekorasyon,16999.99,3400.0
Beatrice Biblo - Krem,Dekorasyon,42999.99,8600.0
Beaumont Biblo - Gold,Dekorasyon,3219.99,644.0
Benoit Bear Magnet - Mavi/Bordo - 4x8 cm,Dekorasyon,1169.99,234.0
Bernetta Fener,Dekorasyon,17999.99,3600.0
Bernette Dekoratif Tabak - Kırmızı,Dekorasyon,909.99,182.0
Bleuette Biblo,Dekorasyon,8999.99,1800.0
Bleuette Cam Küre,Dekorasyon,4024.99,805.0
Bonar Dokunmatik Abajur,Dekorasyon,14999.99,3000.0
Bonny Bear Kar Küresi - Bej/Mavi,Dekorasyon,4254.99,851.0
Bonny Bear Magnet - Bej/Mavi - 4x8 cm,Dekorasyon,1169.99,234.0
Boris Bear Kar Küresi - Lacivert/Açık Bej,Dekorasyon,4254.99,851.0
Boris Bear Magnet - Lacivert/Açık Bej - 4x8 cm,Dekorasyon,1169.99,234.0
Botie Kase - Beyaz - 20 cm,Dekorasyon,6499.99,1300.0
Boules à Neige Dekoratif Tabak - Gümüş,Dekorasyon,324.99,65.0
Bovin Saat - Gri,Dekorasyon,3999.99,800.0
Bovin Vazo - Beyaz,Dekorasyon,10999.99,2200.0
Brillance Led'li Dekoratif Mumluk - Beyaz,Dekorasyon,1299.99,260.0
Broche Saksılı Bitki,Dekorasyon,4254.99,851.0
Bryan Çerçeve - Gold - Küçük Boy,Dekorasyon,1954.99,391.0
Cabaret Biblo - Turuncu/Beyaz,Dekorasyon,13999.99,2800.0
Cabeza Ledli Ayna - Beyaz,Dekorasyon,9999.99,2000.0
Callanne Fener,Dekorasyon,19999.99,4000.0
Calme Dekoratif Tabak - Mavi - 21 cm,Dekorasyon,909.99,182.0
Camilla Abajur - Beyaz,Dekorasyon,11999.99,2400.0
Carol Vazo - Beyaz,Dekorasyon,19999.99,4000.0
Celeste Mini Ayna,Dekorasyon,714.99,143.0
Celeste Mini Ayna,Dekorasyon,714.99,143.0
Celia Vazo - Açık Mavi,Dekorasyon,1429.99,286.0
Celia Vazo - Soft Ekru,Dekorasyon,1429.99,286.0
Celia Vazo - Vizon,Dekorasyon,1429.99,286.0
Celine Biblo - Siyah/Beyaz,Dekorasyon,19999.99,4000.0
Cella Ev Biblo - Açık Mavi,Dekorasyon,2529.99,506.0
Cella Ev Biblo - Mint Yeşili,Dekorasyon,2529.99,506.0
Cella Ev Biblo - Soft Ekru,Dekorasyon,2529.99,506.0
Cella Ev Biblo - Vizon,Dekorasyon,2529.99,506.0
Cera Çerçeve,Dekorasyon,1559.99,312.0
Cera Çerçeve,Dekorasyon,1429.99,286.0
Cera Çerçeve,Dekorasyon,1429.99,286.0
Cera Çerçeve,Dekorasyon,1559.99,312.0
Cera Çerçeve - Kahverengi,Dekorasyon,1299.99,260.0
Cera Çerçeve - Kahverengi,Dekorasyon,1299.99,260.0
Chaleur Led'li Dekoratif Mumluk - Beyaz,Dekorasyon,1299.99,260.0
Champ Bear Magnet - Sarı - 4x8 cm,Dekorasyon,1169.99,234.0
Charlise Makyaj Çantası,Dekorasyon,1559.99,312.0
Citrine Dekoratif Tabak - 20 cm - Kırmızı,Dekorasyon,779.99,156.0
Claire Dokunmatik Abajur,Dekorasyon,3999.99,800.0
Claude Biblo - Soft Gri,Dekorasyon,5999.99,1200.0
Cleo Saat - Gold,Dekorasyon,4999.99,1000.0
Cluny Jardin De Printemps Vazo,Dekorasyon,17999.99,3600.0
Cookie Bear Magnet - Krem- 4x8 cm,Dekorasyon,1169.99,234.0
Coral Buhurdanlık - Açık Mavi,Dekorasyon,2069.99,414.0
Coral Buhurdanlık - Mint Yeşili,Dekorasyon,2069.99,414.0
Coralie Duvar Aksesuarı - Beyaz,Dekorasyon,4499.99,900.0
Debriana Çerçeve,Dekorasyon,2989.99,598.0
Desirée Dekoratif Obje,Dekorasyon,12499.99,2500.0
Diandra Kutu,Dekorasyon,5499.99,1100.0
Diandra Kutu,Dekorasyon,5499.99,1100.0
Dior Varaklı Saksı 1.5 Lt,Dekorasyon,766.99,153.4
Dior Varaklı Saksı 2.5 Lt,Dekorasyon,935.99,187.2
Dior Varaklı Saksı 4 Lt,Dekorasyon,1104.99,221.0
Dolly Saksı - Ekru - 11 cm,Dekorasyon,974.99,195.0
Dolly Saksı - Vizon - 18 cm,Dekorasyon,2069.99,414.0
Donovan Ağaç Süsü,Dekorasyon,2069.99,414.0
Dory Kase - Bej/Krem,Dekorasyon,10999.99,2200.0
Duke Biblo - Renkli,Dekorasyon,9999.99,2000.0
Dyanna Çerçeve,Dekorasyon,1429.99,286.0
Dyanna Çerçeve,Dekorasyon,1299.99,260.0
Dyanna Çerçeve,Dekorasyon,1559.99,312.0
Eglee Biblo,Dekorasyon,4499.99,900.0
Ekmek Sepeti Magnet 4,Dekorasyon,454.99,91.0
Elanie Biblo,Dekorasyon,4499.99,900.0
Elara Saat - Bej,Dekorasyon,3999.99,800.0
Elie Çerçeve,Dekorasyon,2989.99,598.0
Ella Biblo - Beyaz,Dekorasyon,4999.99,1000.0
Emma Bear Magnet - Lacivert/Gri - 4x8 cm,Dekorasyon,1169.99,234.0
Emma Biblo - Gold,Dekorasyon,11999.99,2400.0
Esmeraude Çerçeve,Dekorasyon,2989.99,598.0
Esmeraude Çerçeve,Dekorasyon,2759.99,552.0
Evelyn Ayna,Dekorasyon,3999.99,800.0
Fayette Ağaç Süsü - Renkli,Dekorasyon,2874.99,575.0
Fern Buhurdanlık - Açık Mavi,Dekorasyon,2069.99,414.0
Fern Buhurdanlık - Soft Ekru,Dekorasyon,2069.99,414.0
Fincan Seti Magnet,Dekorasyon,584.99,117.0
Fleurir Saksılı Bitki,Dekorasyon,14999.99,3000.0
Fonte Mumluk - M - Silver,Dekorasyon,3999.99,800.0
Fonte Mumluk - S - Silver,Dekorasyon,3449.99,690.0
Gabriel Kitap Desteği - Soft Gri,Dekorasyon,10999.99,2200.0
Gage Ağaç Süsü - Renkli,Dekorasyon,2644.99,529.0
Gao Cam Küre - Şeffaf,Dekorasyon,4024.99,805.0
Gardien Vazo - Beyaz,Dekorasyon,7999.99,1600.0
Gaston Büst - Siyah,Dekorasyon,21999.99,4400.0
Gemma Küçük Sepet,Dekorasyon,1839.99,368.0
Genevre Biblo,Dekorasyon,4499.99,900.0
Giselle Saat - Gri,Dekorasyon,4999.99,1000.0
Grelot Dekoratif Tabak - Gold,Dekorasyon,324.99,65.0
Guilene Cam Küre,Dekorasyon,4024.99,805.0
Guillaume Ağaç Süsü - Renkli,Dekorasyon,2644.99,529.0
Helene Biblo - Krem,Dekorasyon,19999.99,4000.0
Holly Ağaç Süsü - Beyaz,Dekorasyon,1819.99,364.0
Honfleur El Yapımı Cam Vazo - Büyük Boy,Dekorasyon,22999.99,4600.0
Honfleur El Yapımı Cam Vazo - Küçük Boy,Dekorasyon,13999.99,2800.0
Honfleur El Yapımı Cam Vazo - Küçük Boy,Dekorasyon,13999.99,2800.0
Honfleur El Yapımı Cam Vazo - Orta Boy,Dekorasyon,17999.99,3600.0
Honfleur El Yapımı Cam Vazo - Orta Boy,Dekorasyon,17999.99,3600.0
Honfleur El Yapımı Cam Vazo - Orta Boy,Dekorasyon,17999.99,3600.0
Hugo Büst - Kahverengi,Dekorasyon,29999.99,6000.0
Ilse Biblo,Dekorasyon,2529.99,506.0
Isabella Biblo - Turuncu/Beyaz,Dekorasyon,19999.99,4000.0
Ivette Cam Küre,Dekorasyon,4024.99,805.0
Jasmin Yuvarlak Metal Kutu - Küçük Boy - Lacivert/Bej,Dekorasyon,389.99,78.0
Jasmin Yuvarlak Metal Kutu - Orta Boy - Lacivert/Bej,Dekorasyon,649.99,130.0
Jolie Ayı Biblo,Dekorasyon,3219.99,644.0
Jolie Ağaç Süsü,Dekorasyon,2874.99,575.0
Jolie Bear Kar Küresi - Kırmızı,Dekorasyon,4254.99,851.0
Jolie Bear Magnet - Kırmızı - 4x8 cm,Dekorasyon,1169.99,234.0
Jolie Bear Magnet - Lacivert/Bordo - 4x8 cm,Dekorasyon,1169.99,234.0
Jolie Yuvarlak Metal Kutu - Büyük Boy - Mavi/Vizon,Dekorasyon,974.99,195.0
Jolie Yuvarlak Metal Kutu - Küçük Boy - Mavi/Vizon,Dekorasyon,389.99,78.0
Jolie Yuvarlak Metal Kutu - Orta Boy - Mavi/Vizon,Dekorasyon,649.99,130.0
Karel Abajur - Beyaz - 20 cm,Dekorasyon,8999.99,1800.0
Karla Mumluk - M - Silver,Dekorasyon,1819.99,364.0
Katia Dokunmatik Abajur,Dekorasyon,6799.99,1360.0
Kenna Ağaç Süsü,Dekorasyon,2069.99,414.0
Lansquine Saksılı Bitki,Dekorasyon,11999.99,2400.0
Lavem Saat - Gold,Dekorasyon,4999.99,1000.0
Le Mans El Yapımı Cam Küllük,Dekorasyon,9999.99,2000.0
Leander Ağaç Süsü,Dekorasyon,2069.99,414.0
Leonore Saksılı Çiçek,Dekorasyon,9999.99,2000.0
Les Orres El Yapımı Cam Vazo,Dekorasyon,19999.99,4000.0
Les Orres El Yapımı Cam Vazo,Dekorasyon,19999.99,4000.0
Liana Tabak,Dekorasyon,1689.99,338.0
Liana Tabak,Dekorasyon,1689.99,338.0
Liana Tabak,Dekorasyon,1689.99,338.0
Liana Tabak,Dekorasyon,1689.99,338.0
Liana Yuvarlak Metal Kutu - Büyük Boy - Mavi/Beyaz,Dekorasyon,974.99,195.0
Liana Yuvarlak Metal Kutu - Orta Boy - Mavi/Beyaz,Dekorasyon,649.99,130.0
Lily Biblo - Renkli,Dekorasyon,9999.99,2000.0
Linda Mini Ayna,Dekorasyon,714.99,143.0
Linda Mini Ayna,Dekorasyon,714.99,143.0
Lively Küçük Fener - Naturel,Dekorasyon,6999.99,1400.0
Loches El Yapımı Cam Vazo - Büyük Boy,Dekorasyon,18999.99,3800.0
Loches El Yapımı Cam Vazo - Büyük Boy,Dekorasyon,18999.99,3800.0
Loches El Yapımı Cam Vazo - Küçük Boy,Dekorasyon,16999.99,3400.0
Loches El Yapımı Cam Vazo - Küçük Boy,Dekorasyon,16999.99,3400.0
Locus Biblo - Açık Mavi,Dekorasyon,649.99,130.0
Locus Biblo - Soft Ekru,Dekorasyon,649.99,130.0
Locus Biblo - Vizon,Dekorasyon,649.99,130.0
Lotus Dekoratif Tabak - Büyük Boy - Bej,Dekorasyon,1039.99,208.0
Lotus Dekoratif Tabak - Küçük Boy - Kahverengi,Dekorasyon,454.99,91.0
Louis Biblo - Mavi/Lacivert,Dekorasyon,6499.99,1300.0
Louis Dekoratif Tabak - Kahverengi,Dekorasyon,5799.99,1160.0
Louise Ev Biblo - Beyaz,Dekorasyon,5499.99,1100.0
Lucen Buhurdanlık - Açık Mavi,Dekorasyon,2069.99,414.0
Lucen Buhurdanlık - Mint Yeşili,Dekorasyon,2069.99,414.0
Lucen Buhurdanlık - Soft Ekru,Dekorasyon,2069.99,414.0
Lucen Buhurdanlık - Vizon,Dekorasyon,2069.99,414.0
Lucie Kitap Desteği - Renkli,Dekorasyon,16999.99,3400.0
Lucy Biblo - Renkli,Dekorasyon,9999.99,2000.0
Lunévılle El Yapımı Cam Vazo - Büyük Boy,Dekorasyon,19999.99,4000.0
Lunévılle El Yapımı Cam Vazo - Küçük Boy - Kahverengi,Dekorasyon,16999.99,3400.0
Lurea Sepet - Beyaz/Naturel,Dekorasyon,844.99,169.0
Luxe Saat - Gold,Dekorasyon,3999.99,800.0
Lıllebonne El Yapımı Cam Vazo - Büyük Boy,Dekorasyon,21999.99,4400.0
Lıllebonne El Yapımı Cam Vazo - Büyük Boy,Dekorasyon,21999.99,4400.0
Lıllebonne El Yapımı Cam Vazo - Küçük Boy,Dekorasyon,17999.99,3600.0
Lıllebonne El Yapımı Cam Vazo - Küçük Boy,Dekorasyon,17999.99,3600.0
Madeleine Tabak,Dekorasyon,2874.99,575.0
Madeleine Tabak,Dekorasyon,2874.99,575.0
Madeleine Tabak,Dekorasyon,2874.99,575.0
Madeleine Tabak,Dekorasyon,2874.99,575.0
Madelyn Bear Magnet - Sarı - 4x8 cm,Dekorasyon,1169.99,234.0
Madelyn Kase,Dekorasyon,6999.99,1400.0
Madelyn Kase,Dekorasyon,6999.99,1400.0
Madelyn Kase,Dekorasyon,6999.99,1400.0
Madelyn Kase,Dekorasyon,6999.99,1400.0
Magnet - Koltuk,Dekorasyon,584.99,117.0
Magnet - Koltuk,Dekorasyon,584.99,117.0
Magnet - Köpek,Dekorasyon,454.99,91.0
Magnet - Motorsiklet,Dekorasyon,454.99,91.0
Magnet-Cafe,Dekorasyon,584.99,117.0
Magnet-Dondurma,Dekorasyon,584.99,117.0
Magnet-Espresso,Dekorasyon,584.99,117.0
Magnet-Fincan,Dekorasyon,974.99,195.0
Magnet-Kahve,Dekorasyon,584.99,117.0
Magnet-Minnie,Dekorasyon,584.99,117.0
Magnet-Minnie,Dekorasyon,584.99,117.0
Magnet-Pizza,Dekorasyon,584.99,117.0
Manon Mumluk - M - Silver,Dekorasyon,2529.99,506.0
Marais Çerçeve - Gold - Küçük Boy,Dekorasyon,1954.99,391.0
Marais Çerçeve - Gold - Orta Boy,Dekorasyon,2299.99,460.0
Margau Küçük Sepet,Dekorasyon,1559.99,312.0
Margau Orta Boy Sepet,Dekorasyon,1819.99,364.0
Margot Biblo - Krem,Dekorasyon,42999.99,8600.0
Marie Mini Ayna,Dekorasyon,714.99,143.0
Marie Mini Ayna,Dekorasyon,714.99,143.0
Marina Duvar Aksesuarı - Beyaz,Dekorasyon,6499.99,1300.0
Maris Buhurdanlık - Mint Yeşili,Dekorasyon,2069.99,414.0
Maris Vazo - Beyaz,Dekorasyon,34999.99,7000.0
Maureen Tepsi,Dekorasyon,3794.99,759.0
Meldin Çerçeve - Gold - Küçük Boy,Dekorasyon,1954.99,391.0
Melina Vazo - Beyaz,Dekorasyon,9499.99,1900.0
Mila Çerçeve - Gold - Küçük Boy,Dekorasyon,2299.99,460.0
Moano Çerçeve,Dekorasyon,2989.99,598.0
Moni Küçük Hasır Sepet,Dekorasyon,1039.99,208.0
Moulin Bear Magnet - Kırmızı/Bej - 4x8 cm,Dekorasyon,1169.99,234.0
Nela Dokunmatik Abajur - Siyah,Dekorasyon,10999.99,2200.0
Nemo Kase - Bej/Krem,Dekorasyon,6499.99,1300.0
Nicola Saksılı Çiçek,Dekorasyon,5999.99,1200.0
Nicole Kase,Dekorasyon,7999.99,1600.0
Nicole Kase,Dekorasyon,7999.99,1600.0
Nicole Kase,Dekorasyon,7999.99,1600.0
Nicole Kase,Dekorasyon,7999.99,1600.0
Nicolette Amerikan Servis,Dekorasyon,1039.99,208.0
Nicolette Ağaç Süsü - Renkli,Dekorasyon,3219.99,644.0
Nonciade Büyük Sepet,Dekorasyon,1559.99,312.0
Nonciade Küçük Sepet,Dekorasyon,1169.99,234.0
Nonciade Orta Boy Sepet,Dekorasyon,1299.99,260.0
Olivier Kase,Dekorasyon,6999.99,1400.0
Olivier Kase,Dekorasyon,6999.99,1400.0
Olivier Kase,Dekorasyon,6999.99,1400.0
Orion Saat - Siyah,Dekorasyon,10999.99,2200.0
Orson Biblo - Kırmızı,Dekorasyon,3104.99,621.0
Ortovero Çerçeve,Dekorasyon,2989.99,598.0
Pacis Vazo - Açık Mavi,Dekorasyon,1299.99,260.0
Paddington Bear Magnet - Somon/Mavi - 4x8 cm,Dekorasyon,1169.99,234.0
Palmier Saksı - Mavi,Dekorasyon,3449.99,690.0
Palmier Saksı - Mavi,Dekorasyon,5999.99,1200.0
Palmyra Büst - Pudra,Dekorasyon,19999.99,4000.0
Pascal Biblo - Soft Gri,Dekorasyon,3799.99,760.0
Patrice Ağaç Süsü - Renkli,Dekorasyon,2874.99,575.0
Pauline Rüzgar Çanı,Dekorasyon,5999.99,1200.0
Pax Vazo - Yeşil/Beyaz,Dekorasyon,1689.99,338.0
Percy Büst,Dekorasyon,9999.99,2000.0
Perpetue Cam Küre - Şeffaf,Dekorasyon,4024.99,805.0
Petal Biblo - Kırmızı,Dekorasyon,14999.99,3000.0
Petit Çerçeve - Gold - Küçük Boy,Dekorasyon,2299.99,460.0
Petit Çerçeve - Gold - Orta Boy,Dekorasyon,2759.99,552.0
Picard Bear Kar Küresi - Bej,Dekorasyon,4254.99,851.0
Pixie Ev Biblo - Açık Mavi,Dekorasyon,2069.99,414.0
Pixie Ev Biblo - Mint Yeşili,Dekorasyon,2069.99,414.0
Pixie Ev Biblo - Soft Ekru,Dekorasyon,2069.99,414.0
Pixie Ev Biblo - Vizon,Dekorasyon,2069.99,414.0
Plaquela Saksılı Bitki,Dekorasyon,5999.99,1200.0
Polo Bear Kar Küresi - Somon/Mavi,Dekorasyon,4254.99,851.0
Pome Ağaç Süsü,Dekorasyon,3104.99,621.0
Pondera Vazo - Açık Mavi,Dekorasyon,1169.99,234.0
Pondera Vazo - Mint Yeşili,Dekorasyon,1169.99,234.0
Pondera Vazo - Soft Ekru,Dekorasyon,1169.99,234.0
Pondera Vazo - Vizon,Dekorasyon,1169.99,234.0
Posseidon Büst - Beyaz,Dekorasyon,26999.99,5400.0
Pour Bear Magnet - Somon - 4x8 cm,Dekorasyon,1169.99,234.0
Praxede Ağaç Süsü,Dekorasyon,3104.99,621.0
Prisque Ağaç Süsü,Dekorasyon,3104.99,621.0
Raphael Ağaç Süsü - Renkli,Dekorasyon,3679.99,736.0
Rayon Led'li Dekoratif Mumluk - Beyaz,Dekorasyon,1299.99,260.0
Remy Biblo - Mavi/Lacivert,Dekorasyon,5999.99,1200.0
Reve Belda Kupa - Renkli - 280 ml,Dekorasyon,1819.99,364.0
Reve Benard Kupa - Renkli - 280 ml,Dekorasyon,1819.99,364.0
Reve Carol Kupa - Renkli - 280 ml,Dekorasyon,1819.99,364.0
Reve Doux Kupa - Renkli - 280 ml,Dekorasyon,1819.99,364.0
Reve Emilo Kupa - Beyaz/Mavi - 280 ml,Dekorasyon,1234.99,247.0
Reve Jolly Kupa - Renkli - 280 ml,Dekorasyon,1819.99,364.0
Reve Lucien Kupa - Beyaz/Mavi - 280 ml,Dekorasyon,1234.99,247.0
Riley Biblo - Renkli,Dekorasyon,9999.99,2000.0
Rochelle Büyük Vazo,Dekorasyon,7999.99,1600.0
Rosalie 6 Parça Tabak Seti - Antrasit,Dekorasyon,10999.99,2200.0
Rosalie 6 Parça Tabak Seti - Bordo,Dekorasyon,10999.99,2200.0
Rosalie 6 Parça Tabak Seti - Gri,Dekorasyon,10999.99,2200.0
Rosalie 6 Parça Tabak Seti - Soft Yeşil,Dekorasyon,10999.99,2200.0
Rosalie 8 Parça Tabak Seti - Antrasit,Dekorasyon,16999.99,3400.0
Rosalie 8 Parça Tabak Seti - Bordo,Dekorasyon,16999.99,3400.0
Rosalie 8 Parça Tabak Seti - Gri,Dekorasyon,16999.99,3400.0
Rosalie 8 Parça Tabak Seti - Soft Yeşil,Dekorasyon,16999.99,3400.0
Sabina Vazo - Mint Yeşili,Dekorasyon,974.99,195.0
Sabina Vazo - Soft Ekru,Dekorasyon,974.99,195.0
Sabina Vazo - Vizon,Dekorasyon,974.99,195.0
Salus Biblo - Mint Yeşili,Dekorasyon,649.99,130.0
San Romolo Çerçeve,Dekorasyon,2989.99,598.0
San Romolo Çerçeve,Dekorasyon,2759.99,552.0
Seanna Duvar Aksesuarı - Beyaz,Dekorasyon,4499.99,900.0
Selene Biblo - Beyaz,Dekorasyon,21999.99,4400.0
Selene Saat - Gold,Dekorasyon,3219.99,644.0
Sensus Vazo - Açık Mavi,Dekorasyon,844.99,169.0
Sensus Vazo - Mint Yeşili,Dekorasyon,844.99,169.0
Sensus Vazo - Soft Ekru,Dekorasyon,844.99,169.0
Sensus Vazo - Vizon,Dekorasyon,844.99,169.0
Seren Buhurdanlık - Mint Yeşili,Dekorasyon,2184.99,437.0
Seren Buhurdanlık - Vizon,Dekorasyon,2184.99,437.0
Shelly Duvar Aksesuarı - Beyaz,Dekorasyon,7499.99,1500.0
Silvia Vazo - Vizon,Dekorasyon,1689.99,338.0
Simon Bear Magnet - Lacivert/Bej - 4x8 cm,Dekorasyon,1169.99,234.0
Sivitas Vazo - Açık Mavi,Dekorasyon,1689.99,338.0
Soleil Saat - Gold,Dekorasyon,4999.99,1000.0
Sophie Biblo - Beyaz,Dekorasyon,3449.99,690.0
Splendeur Led'li Dekoratif Mumluk - Beyaz,Dekorasyon,1299.99,260.0
Stella Vazo - Mint Yeşili,Dekorasyon,1169.99,234.0
Stella Vazo - Vizon,Dekorasyon,1169.99,234.0
Stephane Ağaç Süsü,Dekorasyon,4499.99,900.0
Suzanne Tepsi,Dekorasyon,6999.99,1400.0
Suzanne Tepsi,Dekorasyon,6999.99,1400.0
Suzanne Tepsi,Dekorasyon,6999.99,1400.0
Sylvie Biblo - Krem,Dekorasyon,19999.99,4000.0
Tango Vazo - Renkli,Dekorasyon,24999.99,5000.0
Tepside Elma Magnet,Dekorasyon,584.99,117.0
Thayer Ağaç Süsü,Dekorasyon,3679.99,736.0
Toby Biblo - Renkli,Dekorasyon,9999.99,2000.0
Toulon Vazo,Dekorasyon,15999.99,3200.0
Valeria Vazo - Beyaz,Dekorasyon,7499.99,1500.0
Valerie Biblo,Dekorasyon,5499.99,1100.0
Valerius Vazo - Açık Mavi,Dekorasyon,1689.99,338.0
Victor Vazo - Renkli - Büyük Boy,Dekorasyon,10999.99,2200.0
Victor Vazo - Renkli - Küçük Boy,Dekorasyon,7999.99,1600.0
Vierge Saksılı Bitki,Dekorasyon,4999.99,1000.0
Violetta Çerçeve - Gümüş,Dekorasyon,2644.99,529.0
Vita Vazo - Soft Ekru,Dekorasyon,1429.99,286.0
Vita Vazo - Vizon,Dekorasyon,1429.99,286.0
Vivienne Rüzgar Çanı,Dekorasyon,5999.99,1200.0
Voir Bear Kar Küresi - Bej/Mavi,Dekorasyon,4254.99,851.0
Voir Bear Magnet - Bej/Mavi - 4x8 cm,Dekorasyon,1169.99,234.0
Whimsy Ev Biblo - Açık Mavi,Dekorasyon,1429.99,286.0
Whimsy Ev Biblo - Mint Yeşili,Dekorasyon,1429.99,286.0
Whimsy Ev Biblo - Vizon,Dekorasyon,1429.99,286.0
Winter Ağaç Süsü - Beyaz,Dekorasyon,1819.99,364.0
Wonder Ev Biblo - Mavi,Dekorasyon,1429.99,286.0
Wonder Ev Biblo - Mint Yeşili,Dekorasyon,1429.99,286.0
Wonder Ev Biblo - Vizon,Dekorasyon,1429.99,286.0
Çaydanlık Magnet 3,Dekorasyon,584.99,117.0
Abrial Havlu Terlik,Ev & Yaşam,1624.99,325.0
Aceline Havlu Terlik,Ev & Yaşam,1624.99,325.0
Aceline Havlu Terlik,Ev & Yaşam,1624.99,325.0
Alsace Büyük Sepet,Ev & Yaşam,3104.99,621.0
Alsace Küçük Sepet,Ev & Yaşam,1689.99,338.0
Arabella Organizer - L,Ev & Yaşam,3999.99,800.0
Beau 6'lı Kadın Patik - Siyah,Ev & Yaşam,1169.99,234.0
Belda Sehpa - Naturel,Ev & Yaşam,10999.99,2200.0
Bella Organizer - L,Ev & Yaşam,1839.99,368.0
Bella Organizer - S,Ev & Yaşam,1429.99,286.0
Bilbault Kadın Terlik - Renkli,Ev & Yaşam,1724.99,345.0
Billie Yuvarlak Metal Kutu Büyük,Ev & Yaşam,974.99,195.0
Billie Yuvarlak Metal Kutu Küçük,Ev & Yaşam,389.99,78.0
Billie Yuvarlak Metal Kutu Orta,Ev & Yaşam,649.99,130.0
Bouquet Kadın 3-lü Patik Çorap,Ev & Yaşam,584.99,117.0
Bourgeon Kadın 3-lü Patik Çorap,Ev & Yaşam,584.99,117.0
Brun Organizer,Ev & Yaşam,4254.99,851.0
Caputo Tabure,Ev & Yaşam,1724.99,345.0
Chemin Organizer - Kahverengi,Ev & Yaşam,3799.99,760.0
Chest 3'lü Set Valiz/Bavul - Gümüş,Ev & Yaşam,32499.99,6500.0
Chest 3'lü Set Valiz/Bavul - Yeşil,Ev & Yaşam,32499.99,6500.0
Chest Büyük Boy Valiz/Bavul - Kırmızı,Ev & Yaşam,12499.99,2500.0
Chest Büyük Boy Valiz/Bavul - Yeşil,Ev & Yaşam,12499.99,2500.0
Chest Kabin Boy Valiz/Bavul - Kırmızı,Ev & Yaşam,9999.99,2000.0
Chest Kabin Boy Valiz/Bavul - Yeşil,Ev & Yaşam,9999.99,2000.0
Chest Orta Boy Valiz/Bavul - Kırmızı,Ev & Yaşam,10999.99,2200.0
Chest Orta Boy Valiz/Bavul - Yeşil,Ev & Yaşam,10999.99,2200.0
Chest Valiz/Bavul - Bej - Büyük Boy,Ev & Yaşam,12499.99,2500.0
Chest Valiz/Bavul - Bej - Kabin Boy,Ev & Yaşam,9999.99,2000.0
Chest Valiz/Bavul - Gümüş - Kabin Boy,Ev & Yaşam,9999.99,2000.0
Chest Valiz/Bavul - Gümüş - Orta Boy,Ev & Yaşam,10999.99,2200.0
Chest Valiz/Bavul - Kiremit - Büyük Boy,Ev & Yaşam,12499.99,2500.0
Chest Valiz/Bavul - Kiremit - Kabin Boy,Ev & Yaşam,9999.99,2000.0
Chest Valiz/Bavul - Kiremit - Orta Boy,Ev & Yaşam,10999.99,2200.0
Chest Valiz/Bavul - Lacivert - Büyük Boy,Ev & Yaşam,12499.99,2500.0
Chest Valiz/Bavul - Lacivert - Kabin Boy,Ev & Yaşam,9999.99,2000.0
Chest Valiz/Bavul - Lacivert - Orta Boy,Ev & Yaşam,10999.99,2200.0
Chris Yuvarlak Metal Kutu Orta,Ev & Yaşam,649.99,130.0
Coquelıcot Kadın 3-lü Patik Çorap,Ev & Yaşam,584.99,117.0
Coquillage Kadın Terlik - Renkli,Ev & Yaşam,1724.99,345.0
Coralie %100 Pamuk Havlu Terlik - Gri,Ev & Yaşam,1624.99,325.0
Cristaline Organizer - Naturel,Ev & Yaşam,3219.99,644.0
Crocus Kadın 3-lü Patik Çorap,Ev & Yaşam,584.99,117.0
Croıssance Kadın 3-lü Patik Çorap,Ev & Yaşam,584.99,117.0
Damien Kırlent,Ev & Yaşam,1954.99,391.0
Damien Kırlent,Ev & Yaşam,1954.99,391.0
Deft Kadın 3'lü Patik Çorap - Renkli,Ev & Yaşam,584.99,117.0
Delle Küçük Hasır Sepet,Ev & Yaşam,4999.99,1000.0
Derby 3'lü Kadın Patik Çorap - Lacivert,Ev & Yaşam,584.99,117.0
Derby 3'lü Kadın Patik Çorap - Siyah,Ev & Yaşam,584.99,117.0
Derby Kadın 3-lü Patik Çorap,Ev & Yaşam,584.99,117.0
Desarae Kadın 3-lü Patik Çorap,Ev & Yaşam,584.99,117.0
Diggory Kadın Terlik,Ev & Yaşam,1724.99,345.0
Diggory Kadın Terlik - Bej,Ev & Yaşam,1724.99,345.0
Diggory Kadın Terlik - Kırmızı,Ev & Yaşam,1724.99,345.0
Diggory Kadın Terlik - Siyah,Ev & Yaşam,1724.99,345.0
Dorise Küçük Hasır Sepet,Ev & Yaşam,2299.99,460.0
Dormir Organizer - Naturel,Ev & Yaşam,6999.99,1400.0
Durrand Kadın Terlik - Renkli,Ev & Yaşam,1724.99,345.0
Estella Sehpa - Naturel,Ev & Yaşam,8999.99,1800.0
Eva 3'lü Bavul İçi Düzenleyici - Krem,Ev & Yaşam,2414.99,483.0
Eva Bavul İçi Düzenleyici,Ev & Yaşam,909.99,182.0
Eva Bavul İçi Düzenleyici,Ev & Yaşam,1104.99,221.0
Eva Bavul İçi Düzenleyici - Krem,Ev & Yaşam,974.99,195.0
Eze Jüt Kırlent Kılıfı - Naturel/Krem - 45x45 cm,Ev & Yaşam,1299.99,260.0
Eze Jüt Kırlent Kılıfı - Naturel/Siyah - 45x45 cm,Ev & Yaşam,1299.99,260.0
Fayette Kadın 3-lü Patik Çorap,Ev & Yaşam,584.99,117.0
Felix Tepsi,Ev & Yaşam,2299.99,460.0
Gauvin Kadın Terlik - Renkli,Ev & Yaşam,1724.99,345.0
Graque Biberon Fırçası,Ev & Yaşam,545.99,109.2
Graque Bulaşık Fırçası,Ev & Yaşam,324.99,65.0
Graque Deterjan Hazneli Fırça,Ev & Yaşam,519.99,104.0
Graque Faraş Seti,Ev & Yaşam,545.99,109.2
Graque Kalorifer Temizlik Fırçası,Ev & Yaşam,324.99,65.0
Graque Lavabo ve Küvet Fırçası,Ev & Yaşam,415.99,83.2
Graque Maşrapa,Ev & Yaşam,324.99,65.0
Graque Saplı Silecek,Ev & Yaşam,519.99,104.0
Graque Silecek,Ev & Yaşam,324.99,65.0
Graque Yaka ve Tırnak Fırçası,Ev & Yaşam,233.99,46.8
HEDİYE KARTI - Ev 1.000 TL (E-posta ile Anında Teslimat),Ev & Yaşam,1000.0,
HEDİYE KARTI - Ev 1.500 TL (E-posta ile Anında Teslimat),Ev & Yaşam,1500.0,
HEDİYE KARTI - Ev 10.000 TL (E-posta ile Anında Teslimat),Ev & Yaşam,10000.0,
HEDİYE KARTI - Ev 2.500 TL (E-posta ile Anında Teslimat),Ev & Yaşam,2500.0,
HEDİYE KARTI - Ev 5.000 TL (E-posta ile Anında Teslimat),Ev & Yaşam,5000.0,
HEDİYE KARTI - Ev 500 TL (E-posta ile Anında Teslimat),Ev & Yaşam,500.0,
HEDİYE KARTI - Ev 7.500 TL (E-posta ile Anında Teslimat),Ev & Yaşam,7500.0,
HEDİYE KARTI - Ev 750 TL (E-posta ile Anında Teslimat),Ev & Yaşam,750.0,
HEDİYE KARTI - Hediye 1.000 TL (E-posta ile Anında Teslimat),Ev & Yaşam,1000.0,
HEDİYE KARTI - Hediye 1.500 TL (E-posta ile Anında Teslimat),Ev & Yaşam,1500.0,
HEDİYE KARTI - Hediye 10.000 TL (E-posta ile Anında Teslimat),Ev & Yaşam,10000.0,
HEDİYE KARTI - Hediye 2.500 TL (E-posta ile Anında Teslimat),Ev & Yaşam,2500.0,
HEDİYE KARTI - Hediye 5.000 TL (E-posta ile Anında Teslimat),Ev & Yaşam,5000.0,
HEDİYE KARTI - Hediye 500 TL (E-posta ile Anında Teslimat),Ev & Yaşam,500.0,
HEDİYE KARTI - Hediye 7.500 TL (E-posta ile Anında Teslimat),Ev & Yaşam,7500.0,
HEDİYE KARTI - Hediye 750 TL (E-posta ile Anında Teslimat),Ev & Yaşam,750.0,
HEDİYE KARTI - Çiçek 1.000 TL (E-posta ile Anında Teslimat),Ev & Yaşam,1000.0,
HEDİYE KARTI - Çiçek 1.500 TL (E-posta ile Anında Teslimat),Ev & Yaşam,1500.0,
HEDİYE KARTI - Çiçek 10.000 TL (E-posta ile Anında Teslimat),Ev & Yaşam,10000.0,
HEDİYE KARTI - Çiçek 2.500 TL (E-posta ile Anında Teslimat),Ev & Yaşam,2500.0,
HEDİYE KARTI - Çiçek 5.000 TL (E-posta ile Anında Teslimat),Ev & Yaşam,5000.0,
HEDİYE KARTI - Çiçek 500 TL (E-posta ile Anında Teslimat),Ev & Yaşam,500.0,
HEDİYE KARTI - Çiçek 7.500 TL (E-posta ile Anında Teslimat),Ev & Yaşam,7500.0,
HEDİYE KARTI - Çiçek 750 TL (E-posta ile Anında Teslimat),Ev & Yaşam,750.0,
Huitre 3'lü Set Valiz/Bavul - Bej,Ev & Yaşam,32499.99,6500.0
Huitre 3'lü Set Valiz/Bavul - Gri,Ev & Yaşam,32499.99,6500.0
Huitre 3'lü Set Valiz/Bavul - Pudra,Ev & Yaşam,32499.99,6500.0
Huitre 3'lü Set Valiz/Bavul - Siyah,Ev & Yaşam,32499.99,6500.0
Huitre Valiz/Bavul - Bej - Büyük Boy,Ev & Yaşam,12499.99,2500.0
Huitre Valiz/Bavul - Bej - Kabin Boy,Ev & Yaşam,9999.99,2000.0
Huitre Valiz/Bavul - Bej - Orta Boy,Ev & Yaşam,10999.99,2200.0
Huitre Valiz/Bavul - Gri - Büyük Boy,Ev & Yaşam,12499.99,2500.0
Huitre Valiz/Bavul - Gri - Kabin Boy,Ev & Yaşam,9999.99,2000.0
Huitre Valiz/Bavul - Gri - Orta Boy,Ev & Yaşam,10999.99,2200.0
Huitre Valiz/Bavul - Lacivert - Büyük Boy,Ev & Yaşam,12499.99,2500.0
Huitre Valiz/Bavul - Lacivert - Kabin Boy,Ev & Yaşam,9999.99,2000.0
Huitre Valiz/Bavul - Pudra - Büyük Boy,Ev & Yaşam,12499.99,2500.0
Huitre Valiz/Bavul - Pudra - Kabin Boy,Ev & Yaşam,9999.99,2000.0
Huitre Valiz/Bavul - Pudra - Orta Boy,Ev & Yaşam,10999.99,2200.0
Huitre Valiz/Bavul - Siyah - Büyük Boy,Ev & Yaşam,12499.99,2500.0
Huitre Valiz/Bavul - Siyah - Kabin Boy,Ev & Yaşam,9999.99,2000.0
Huitre Valiz/Bavul - Siyah - Orta Boy,Ev & Yaşam,10999.99,2200.0
Isabella Organizer,Ev & Yaşam,1724.99,345.0
Jacınthe Kadın 3-lü Patik Çorap,Ev & Yaşam,584.99,117.0
Jonquılle Kadın 3-lü Patik Çorap,Ev & Yaşam,584.99,117.0
Lary Kadın 3'lü Patik Çorap - Renkli,Ev & Yaşam,584.99,117.0
Lavendelle Organizer - Naturel,Ev & Yaşam,4254.99,851.0
Le lys Kadın 3-lü Patik Çorap,Ev & Yaşam,584.99,117.0
Lilla Büyük Hasır Sepet,Ev & Yaşam,1689.99,338.0
Linda Yuvarlak Metal Kutu - Büyük Boy - Yeşil,Ev & Yaşam,974.99,195.0
Linda Yuvarlak Metal Kutu - Orta Boy - Yeşil,Ev & Yaşam,649.99,130.0
Lio Küçük Hasır Sepet,Ev & Yaşam,1819.99,364.0
Louise Yuvarlak Metal Kutu Orta,Ev & Yaşam,649.99,130.0
Louvre Kırlent Kılıfı - Naturel - 50x50 cm,Ev & Yaşam,3449.99,690.0
Marla Ev Botu,Ev & Yaşam,2759.99,552.0
Marla Ev Botu,Ev & Yaşam,2759.99,552.0
Marla Şalyaka Sabahlık,Ev & Yaşam,4499.99,900.0
Marlie Büyük Hasır Sepet,Ev & Yaşam,1689.99,338.0
Marlie Küçük Hasır Sepet,Ev & Yaşam,1039.99,208.0
Marlie Orta Hasır Sepet,Ev & Yaşam,1299.99,260.0
Maro Küçük Hasır Sepet,Ev & Yaşam,1429.99,286.0
Mer Valiz/Bavul - Kırmızı - Büyük Boy,Ev & Yaşam,12499.99,2500.0
Mer Valiz/Bavul - Kırmızı - Kabin Boy,Ev & Yaşam,9999.99,2000.0
Mer Valiz/Bavul - Kırmızı - Orta Boy,Ev & Yaşam,10999.99,2200.0
Mistralia Organizer,Ev & Yaşam,4299.99,860.0
Montagnette Organizer - Naturel,Ev & Yaşam,4254.99,851.0
Mortel Kadın Terlik - Gümüş,Ev & Yaşam,1724.99,345.0
Nanny Kırlent Kılıfı - Camel - 45x45 cm,Ev & Yaşam,1624.99,325.0
Nanny Kırlent Kılıfı - Gri/İndigo - 45x45 cm,Ev & Yaşam,1624.99,325.0
Nuage Kapaklı Düzenleyici Kutu,Ev & Yaşam,1954.99,391.0
Nuage Kapaklı Düzenleyici Kutu,Ev & Yaşam,2874.99,575.0
Nuage Kapaklı Düzenleyici Kutu,Ev & Yaşam,2644.99,529.0
Nuage Çamaşır Sepet,Ev & Yaşam,2299.99,460.0
Nuage İkili Çekmece,Ev & Yaşam,2644.99,529.0
Nuée Koltuk Şalı - Kırmızı,Ev & Yaşam,4999.99,1000.0
Nuée Koltuk Şalı - Lacivert,Ev & Yaşam,4999.99,1000.0
Oriane Döner Başlıklı Mop,Ev & Yaşam,3449.99,690.0
Orsay Pamuklu Kırlent Kılıfı - Naturel - 50x50 cm,Ev & Yaşam,3449.99,690.0
Pensée Kadın 3-lü Patik Çorap,Ev & Yaşam,584.99,117.0
Perigny Kırlent Kılıfı - Kahverengi,Ev & Yaşam,1624.99,325.0
Petiteau Kadın Terlik - Renkli,Ev & Yaşam,1724.99,345.0
Pinguet Kadın Terlik - Renkli,Ev & Yaşam,1724.99,345.0
Plante Kadın 3-lü Patik Çorap,Ev & Yaşam,584.99,117.0
Poline Küçük Hasır Sepet,Ev & Yaşam,1429.99,286.0
Pêcher Kadın 3-lü Patik Çorap,Ev & Yaşam,584.99,117.0
Rabah Tabure,Ev & Yaşam,1429.99,286.0
Rabah Tabure,Ev & Yaşam,1429.99,286.0
Racıne Kadın 3-lü Patik Çorap,Ev & Yaşam,584.99,117.0
Raison Kutu,Ev & Yaşam,2069.99,414.0
Recuperer Kadın Terlik - Renkli,Ev & Yaşam,1724.99,345.0
Rivagebleu Organizer,Ev & Yaşam,7999.99,1600.0
Rosévie Büyük Boy Sepet - Gri/Bej,Ev & Yaşam,3449.99,690.0
Rosévie Orta Boy Sepet - Gri/Bej,Ev & Yaşam,2644.99,529.0
Rêverie Orta Boy Sepet - Gri/Bej,Ev & Yaşam,2874.99,575.0
Secouer 3'lü Erkek Soket Çorap - Antrasit/Gri,Ev & Yaşam,1299.99,260.0
Secouer 3'lü Erkek Soket Çorap - Füme/Lacivert,Ev & Yaşam,1299.99,260.0
Secouer 3'lü Erkek Soket Çorap - Siyah/Gri,Ev & Yaşam,1299.99,260.0
Sentiment Kadın 3-lü Babet Çorap,Ev & Yaşam,584.99,117.0
Sentiment Kadın 3-lü Babet Çorap,Ev & Yaşam,584.99,117.0
Sincere Kadın Terlik - Lacivert,Ev & Yaşam,2012.99,402.6
Stella Organizer - S,Ev & Yaşam,1819.99,364.0
Talcy Kırlent Kılıfı - Camel - 45x45 cm,Ev & Yaşam,1624.99,325.0
Talcy Kırlent Kılıfı - Gri/İndigo - 45x45 cm,Ev & Yaşam,1624.99,325.0
Tanise Koltuk Şalı - Lacivert,Ev & Yaşam,1999.99,400.0
Tour Organizer - Kahverengi,Ev & Yaşam,3909.99,782.0
Trefle  Organizer,Ev & Yaşam,3909.99,782.0
Trianon Jüt Kırlent Kılıfı - Naturel - 50x50 cm,Ev & Yaşam,3449.99,690.0
Tronc Kadın 3-lü Patik Çorap,Ev & Yaşam,584.99,117.0
Trèfle Kadın 3-lü Patik Çorap,Ev & Yaşam,584.99,117.0
Vendredi Küçük Kutu - Naturel,Ev & Yaşam,1819.99,364.0
Verly 3 Bölmeli Tablet Mop Seti - Gri,Ev & Yaşam,4024.99,805.0
Versailles Jüt Kırlent Kılıfı - Naturel - 50x50 cm,Ev & Yaşam,3449.99,690.0
Virlet %100 Pamuk Kırlent Kılıfı - Kırmızı/Bej - 35x50 cm,Ev & Yaşam,1689.99,338.0
Zoey Tepsi,Ev & Yaşam,909.99,182.0
Aleon Dana Post,Halı & Kilim,14999.99,3000.0
Aleon Dana Post,Halı & Kilim,14999.99,3000.0
Aleon Dana Post - Siyah/Beyaz - 150x200 cm,Halı & Kilim,14999.99,3000.0
Aleron Halı - Krem - 120x180 cm,Halı & Kilim,8999.99,1800.0
Aleron Halı - Krem - 160x230 cm,Halı & Kilim,19999.99,4000.0
Aleron Halı - Krem - 80x300 cm,Halı & Kilim,9499.99,1900.0
Allance Halı,Halı & Kilim,5499.99,1100.0
Allance Halı,Halı & Kilim,9499.99,1900.0
Allance Halı - Gri - 120x180 cm,Halı & Kilim,8999.99,1800.0
Allance Halı - Gri - 160x230 cm,Halı & Kilim,19999.99,4000.0
Allance Halı - Gri - 200x290 cm,Halı & Kilim,27999.99,5600.0
Alsace Yuvarlak Kilim - Naturel/Krem - 120 cm,Halı & Kilim,6999.99,1400.0
Alsace Yuvarlak Kilim - Naturel/Siyah - 120 cm,Halı & Kilim,6999.99,1400.0
Amorel Mandala Halı - Bej - 80x300 cm,Halı & Kilim,7999.99,1600.0
Annecy Halı - Gri - 120x180 cm,Halı & Kilim,8999.99,1800.0
Annecy Halı- Gri - 80x300 cm,Halı & Kilim,9499.99,1900.0
Aorte Halı,Halı & Kilim,22999.99,4600.0
Arc En Ciel Tavşan Post,Halı & Kilim,4499.99,900.0
Arc En Ciel Tavşan Post,Halı & Kilim,10499.99,2100.0
Arc En Ciel Tavşan Post,Halı & Kilim,10499.99,2100.0
Arc En Ciel Tavşan Post - 90x150 cm - Koyu Mürdüm,Halı & Kilim,10499.99,2100.0
Arc En Ciel Tavşan Post - Koyu Mürdüm - 60x90 cm,Halı & Kilim,4499.99,900.0
Arc En Ciel Tavşan Post - Pudra - 90x150 cm,Halı & Kilim,10499.99,2100.0
Archard Halı - Siyah - 80x150 cm,Halı & Kilim,5499.99,1100.0
Archard Halı - Siyah - 80x300 cm,Halı & Kilim,9499.99,1900.0
Arlette İplik Boyalı Kadife Halı,Halı & Kilim,5499.99,1100.0
Arlette İplik Boyalı Kadife Halı,Halı & Kilim,27999.99,5600.0
Arlette İplik Boyalı Kadife Halı,Halı & Kilim,8999.99,1800.0
Arlette İplik Boyalı Kadife Halı,Halı & Kilim,17999.99,3600.0
Arlette İplik Boyalı Kadife Halı,Halı & Kilim,9499.99,1900.0
Armend Post,Halı & Kilim,17999.99,3600.0
Armend Post,Halı & Kilim,17999.99,3600.0
Armend Post - Gri - 90 x 150 cm,Halı & Kilim,9499.99,1900.0
Armend Post - Pudra - 90 x 150 cm,Halı & Kilim,9499.99,1900.0
Aubane İplik Boyalı Kadife Halı - Koyu Gri - 160x230 cm,Halı & Kilim,17999.99,3600.0
Aubane İplik Boyalı Kadife Halı - Koyu Gri - 200x290 cm,Halı & Kilim,27999.99,5600.0
Aubane İplik Boyalı Kadife Halı - Koyu Gri - 80x300 cm,Halı & Kilim,9499.99,1900.0
Audra İplik Boyalı Kadife Halı,Halı & Kilim,27999.99,5600.0
Audra İplik Boyalı Kadife Halı,Halı & Kilim,5499.99,1100.0
Audra İplik Boyalı Kadife Halı,Halı & Kilim,17999.99,3600.0
Audra İplik Boyalı Kadife Halı,Halı & Kilim,8999.99,1800.0
Audra İplik Boyalı Kadife Halı - Vizon,Halı & Kilim,9499.99,1900.0
Auteuil Kapı Önü Paspası - Naturel - 45x75 cm,Halı & Kilim,3449.99,690.0
Avril Halı - Krem - 120x180 cm,Halı & Kilim,8499.99,1700.0
Avril Halı - Krem - 160x230 cm,Halı & Kilim,16999.99,3400.0
Avril Halı - Krem - 200x300 cm,Halı & Kilim,24999.99,5000.0
Avril Halı - Krem - 80x150 cm,Halı & Kilim,4999.99,1000.0
Avril Halı - Krem - 80x300 cm,Halı & Kilim,8999.99,1800.0
Banne Pamuklu Halı - Krem - 160x212 cm,Halı & Kilim,9999.99,2000.0
Bastille Kapı Önü Paspası - Naturel - 45x75 cm,Halı & Kilim,3999.99,800.0
Beuil Halı - Beyaz/Gri - 120x180 cm,Halı & Kilim,8999.99,1800.0
Beuil Halı - Beyaz/Gri - 80x150 cm,Halı & Kilim,5499.99,1100.0
Beuil Halı - Beyaz/Gri - 80x300 cm,Halı & Kilim,10499.99,2100.0
Brantes Halı - 160x230 cm,Halı & Kilim,64999.99,13000.0
Brantes Halı - Bej - 200x290 cm,Halı & Kilim,99999.99,20000.0
Briancon Halı - 160x235 cm,Halı & Kilim,64999.99,13000.0
Briancon Halı - 200x300 cm,Halı & Kilim,99999.99,20000.0
Burcet Halı - Krem/Gri - 200x300 cm,Halı & Kilim,27999.99,5600.0
Burcet Halı - Krem/Gri - 80x150 cm,Halı & Kilim,5499.99,1100.0
Burcet Halı - Krem/Gri - 80x300 cm,Halı & Kilim,10499.99,2100.0
Calantha Halı - Bej - 160x235 cm,Halı & Kilim,74999.99,15000.0
Candide Halı- Bej/Ekru - 200x300 cm,Halı & Kilim,22999.99,4600.0
Carol Saçaklı Halı - Antrasit - 80x300 cm,Halı & Kilim,6499.99,1300.0
Carol Saçaklı Halı - Koyu Mürdüm - 80x300 cm,Halı & Kilim,6499.99,1300.0
Carol Saçaklı Halı - Vizon - 80x300 cm,Halı & Kilim,6499.99,1300.0
Cateline Halı - Gri - 160x235 cm,Halı & Kilim,74999.99,15000.0
Chantal Halı - Bej - 160x235 cm,Halı & Kilim,74999.99,15000.0
Charlot Post - Antrasit - 90 cm,Halı & Kilim,5499.99,1100.0
Charlot Post - Gri - 90 cm,Halı & Kilim,5499.99,1100.0
Chessy Halı - Krem - 120x180 cm,Halı & Kilim,8999.99,1800.0
Chessy Halı - Krem - 160x230 cm,Halı & Kilim,19999.99,4000.0
Clamecy Halı - Kırmızı - 155x225 cm,Halı & Kilim,29999.99,6000.0
Clarice Halı - 160x230 cm,Halı & Kilim,21999.99,4400.0
Clarice Halı - Bej - 120x180 cm,Halı & Kilim,9999.99,2000.0
Coleus Halı - 160x230 cm,Halı & Kilim,21999.99,4400.0
Coleus Halı - Gri - 120x180 cm,Halı & Kilim,9999.99,2000.0
Coleus Halı - Gri - 80x150 cm,Halı & Kilim,5999.99,1200.0
Coleus Halı - Gri - 80x300 cm,Halı & Kilim,10499.99,2100.0
Combourg Halı,Halı & Kilim,19999.99,4000.0
Combourg Halı - 120x180 cm,Halı & Kilim,8999.99,1800.0
Combourg Halı - Bej - 80x150 cm,Halı & Kilim,5499.99,1100.0
Corbas Halı,Halı & Kilim,5499.99,1100.0
Corbas Halı,Halı & Kilim,9499.99,1900.0
Corbas Halı,Halı & Kilim,8999.99,1800.0
Corbas Halı - Krem - 160x230 cm,Halı & Kilim,19999.99,4000.0
Crozon Halı - 120x180 cm - Kemik,Halı & Kilim,8999.99,1800.0
Crozon Halı - 160x230 cm,Halı & Kilim,19999.99,4000.0
Crozon Halı - 80x300 cm,Halı & Kilim,9499.99,1900.0
Darcio Post - Antrasit - 120x180 cm,Halı & Kilim,14999.99,3000.0
Darcio Post - Siyah - 120x180 cm,Halı & Kilim,14999.99,3000.0
Dimanche Halı - Renkli - 200x300 cm,Halı & Kilim,22999.99,4600.0
Edgard Halı - Gri - 120x180 cm,Halı & Kilim,8499.99,1700.0
Edgard Halı - Gri - 160x230 cm,Halı & Kilim,16999.99,3400.0
Edgard Halı - Gri - 200x300 cm,Halı & Kilim,24999.99,5000.0
Edgard Halı - Gri - 80x150 cm,Halı & Kilim,4999.99,1000.0
Edgard Halı - Gri - 80x300 cm,Halı & Kilim,8999.99,1800.0
Eze Halı - Antrasit - 80x150 cm,Halı & Kilim,4024.99,805.0
Eze Halı - Ekru - 80x150 cm,Halı & Kilim,4024.99,805.0
Eze Halı - Gri - 80x150 cm,Halı & Kilim,4024.99,805.0
Eze Halı - Toprak - 80x150 cm,Halı & Kilim,4024.99,805.0
Fanette Halı - Gri - 160x230 cm,Halı & Kilim,16999.99,3400.0
Fanette Halı - Gri - 200x300 cm,Halı & Kilim,24999.99,5000.0
Fanette Halı - Gri - 80x300 cm,Halı & Kilim,8999.99,1800.0
Fanette Halı - Krem - 160x230 cm,Halı & Kilim,16999.99,3400.0
Fanette Halı - Krem - 200x300 cm,Halı & Kilim,24999.99,5000.0
Fanette Halı - Krem - 80x150 cm,Halı & Kilim,4999.99,1000.0
Fanette Halı - Krem - 80x300 cm,Halı & Kilim,8999.99,1800.0
Farce Halı - Bej - 120x180 cm,Halı & Kilim,8999.99,1800.0
Farce Halı - Bej - 160x230 cm,Halı & Kilim,19999.99,4000.0
Farce Halı - Bej - 200x300 cm,Halı & Kilim,27999.99,5600.0
Farce Halı - Bej - 80x150 cm,Halı & Kilim,5499.99,1100.0
Farce Halı - Bej - 80x300 cm,Halı & Kilim,9499.99,1900.0
Faurel Mandala Halı - Kahverengi - 200x300 cm,Halı & Kilim,22999.99,4600.0
Faurel Mandala Halı - Kahverengi - 80x150 cm,Halı & Kilim,4024.99,805.0
Faurel Mandala Halı - Kahverengi - 80x300 cm,Halı & Kilim,6999.99,1400.0
Fayence Halı,Halı & Kilim,6999.99,1400.0
Fayence Halı,Halı & Kilim,7999.99,1600.0
Fayence Halı - Gri - 200x290 cm,Halı & Kilim,17999.99,3600.0
Feroin Halı,Halı & Kilim,9499.99,1900.0
Feroin Halı,Halı & Kilim,19999.99,4000.0
Feron Halı - 80x300 cm - Siyah,Halı & Kilim,7999.99,1600.0
Feroın Halı - Krem - 120x180 cm,Halı & Kilim,8999.99,1800.0
Feroın Halı - Krem - 200x300 cm,Halı & Kilim,27999.99,5600.0
Flavigny Oval Halı - Koyu Bej/Kahverengi - 160x230 cm,Halı & Kilim,10999.99,2200.0
Foison Halı - Krem - 160x230 cm,Halı & Kilim,19999.99,4000.0
Fonte Halı,Halı & Kilim,14999.99,3000.0
Fonte Halı,Halı & Kilim,22999.99,4600.0
Foıson Halı - Gri - 120x180 cm,Halı & Kilim,8499.99,1700.0
Foıson Halı - Gri - 160x230 cm,Halı & Kilim,16999.99,3400.0
Foıson Halı - Gri - 80x150 cm,Halı & Kilim,4999.99,1000.0
Foıson Halı - Gri - 80x300 cm,Halı & Kilim,8999.99,1800.0
Foıson Halı - Krem - 120x180 cm,Halı & Kilim,8499.99,1700.0
Foıson Halı - Krem - 160x230 cm,Halı & Kilim,16999.99,3400.0
Foıson Halı - Krem - 200x300 cm,Halı & Kilim,24999.99,5000.0
Foıson Halı - Krem - 80x150 cm,Halı & Kilim,4999.99,1000.0
Foıson Halı - Krem - 80x300 cm,Halı & Kilim,8999.99,1800.0
Gaspard İplik Boyalı Kadife Halı - Lacivert/Bej - 120x180 cm,Halı & Kilim,8999.99,1800.0
Gaspard İplik Boyalı Kadife Halı - Lacivert/Bej - 160x230 cm,Halı & Kilim,17999.99,3600.0
Gaspard İplik Boyalı Kadife Halı - Lacivert/Bej - 200x290 cm,Halı & Kilim,27999.99,5600.0
Gaspard İplik Boyalı Kadife Halı - Lacivert/Bej - 80x300 cm,Halı & Kilim,8999.99,1800.0
Gilbert Halı - Bej/Gri - 155x225 cm,Halı & Kilim,29999.99,6000.0
Gilbert Halı - Bej/Gri - 200x300 cm,Halı & Kilim,41999.99,8400.0
Giselle Halı - Bej/Kahve - 155x225 cm,Halı & Kilim,29999.99,6000.0
Giselle Halı - Bej/Kahve - 200x300 cm,Halı & Kilim,41999.99,8400.0
Grania Saçaklı Halı - Gri - 80x150 cm,Halı & Kilim,4999.99,1000.0
Grasse Halı,Halı & Kilim,4999.99,1000.0
Grasse Halı,Halı & Kilim,8999.99,1800.0
Grasse Halı - Bej - 120x180 cm,Halı & Kilim,8499.99,1700.0
Grasse Halı - Bej - 160x230 cm,Halı & Kilim,16999.99,3400.0
Grasse Halı - Bej - 200x290 cm,Halı & Kilim,24999.99,5000.0
Greve Halı - Bej - 120x180 cm,Halı & Kilim,8499.99,1700.0
Greve Halı - Bej - 160x230 cm,Halı & Kilim,16999.99,3400.0
Iane Shiny Effect İpeksi Kadife Halı,Halı & Kilim,6999.99,1400.0
Iane Shiny Effect İpeksi Kadife Halı,Halı & Kilim,11999.99,2400.0
Iane Shiny Effect İpeksi Kadife Halı,Halı & Kilim,27999.99,5600.0
Iane Shiny Effect İpeksi Kadife Halı,Halı & Kilim,17999.99,3600.0
Janvry Oval Kilim - Bej/Krem - 90x150 cm,Halı & Kilim,6999.99,1400.0
Janvry Yuvarlak Kilim - Bej/Krem - 120 cm,Halı & Kilim,6999.99,1400.0
Lazare İplik Boyalı Kadife Halı - Gri/Bej - 120x180 cm,Halı & Kilim,8999.99,1800.0
Lazare İplik Boyalı Kadife Halı - Gri/Bej - 160x230 cm,Halı & Kilim,17999.99,3600.0
Lazare İplik Boyalı Kadife Halı - Gri/Bej - 200x290 cm,Halı & Kilim,27999.99,5600.0
Lazare İplik Boyalı Kadife Halı - Gri/Bej - 80x150 cm,Halı & Kilim,5499.99,1100.0
Lazare İplik Boyalı Kadife Halı - Gri/Bej - 80x300 cm,Halı & Kilim,8999.99,1800.0
Leila Koyun Post - Antrasit - 90x150 cm,Halı & Kilim,8499.99,1700.0
Leila Koyun Post - Mürdüm - 60x90 cm,Halı & Kilim,3794.99,759.0
Leila Koyun Post - Mürdüm - 90x150 cm,Halı & Kilim,8499.99,1700.0
Leila Koyun Post - Pudra - 60x90 cm,Halı & Kilim,3794.99,759.0
Leon Halı - Gri - 120x180 cm,Halı & Kilim,8499.99,1700.0
Liane Shiny Effect İpeksi Kadife Halı,Halı & Kilim,17999.99,3600.0
Liane Shiny Effect İpeksi Kadife Halı,Halı & Kilim,27999.99,5600.0
Liane Shiny Effect İpeksi Kadife Halı,Halı & Kilim,11999.99,2400.0
Liane Shiny Effect İpeksi Kadife Halı,Halı & Kilim,6999.99,1400.0
Lordes Halı,Halı & Kilim,16999.99,3400.0
Lordes Halı,Halı & Kilim,8999.99,1800.0
Lordes Halı,Halı & Kilim,24999.99,5000.0
Lordes Halı,Halı & Kilim,8499.99,1700.0
Lordes Halı,Halı & Kilim,4999.99,1000.0
Luberon Halı - Krem - 120x180 cm,Halı & Kilim,8999.99,1800.0
Luberon Halı - Krem - 160x230 cm,Halı & Kilim,19999.99,4000.0
Luberon Halı - Krem - 80x300 cm,Halı & Kilim,9499.99,1900.0
Mandel Halı,Halı & Kilim,5499.99,1100.0
Mandel Halı - Bej - 80x300 cm,Halı & Kilim,9499.99,1900.0
Marigny Kapı Önü Paspası - Naturel - 45x75 cm,Halı & Kilim,3449.99,690.0
Massena Halı - 120x180 cm,Halı & Kilim,9999.99,2000.0
Massena Halı - 160x230 cm,Halı & Kilim,21999.99,4400.0
Massena Halı - 80x150 cm,Halı & Kilim,5999.99,1200.0
Massena Halı - 80x300 cm,Halı & Kilim,10499.99,2100.0
Mathilde Shiny Effect İpeksi Kadife Halı,Halı & Kilim,17999.99,3600.0
Mathilde Shiny Effect İpeksi Kadife Halı,Halı & Kilim,11999.99,2400.0
Mathilde Shiny Effect İpeksi Kadife Halı,Halı & Kilim,6999.99,1400.0
Mathilde Shiny Effect İpeksi Kadife Halı,Halı & Kilim,27999.99,5600.0
Melanee Halı,Halı & Kilim,22999.99,4600.0
Melanee Halı,Halı & Kilim,22999.99,4600.0
Melanee Halı - Bej/Ekru - 120x180 cm,Halı & Kilim,7999.99,1600.0
Melanee Halı - Bej/Siyah - 120x180 cm,Halı & Kilim,7999.99,1600.0
Melisse Halı - Bej/Koyu Gri - 120x180 cm,Halı & Kilim,8499.99,1700.0
Mons Halı - Beyaz/Gri - 120x180 cm,Halı & Kilim,9999.99,2000.0
Mons Halı - Beyaz/Gri - 80x300 cm,Halı & Kilim,10499.99,2100.0
Mons Halı - Beyaz/Mavi - 120x180 cm,Halı & Kilim,8999.99,1800.0
Montaigne Kapı Önü Paspası - Naturel - 45x75 cm,Halı & Kilim,3999.99,800.0
Montmartre Kapı Önü Paspası - Naturel - 45x75 cm,Halı & Kilim,3449.99,690.0
Nandy Halı - Bej - 160x230 cm,Halı & Kilim,16999.99,3400.0
Noyant Halı,Halı & Kilim,19999.99,4000.0
Noyant Halı,Halı & Kilim,8999.99,1800.0
Noyant Halı,Halı & Kilim,5499.99,1100.0
Noyant Halı - Bej - 200x290 cm,Halı & Kilim,27999.99,5600.0
Noyers Daire Halı - Siyah/Kızıl Mavi - 160x160 cm,Halı & Kilim,7999.99,1600.0
Ophelia Halı,Halı & Kilim,7999.99,1600.0
Ophelia Halı,Halı & Kilim,17999.99,3600.0
Ophelia Halı - Krem - 120x180 cm,Halı & Kilim,6999.99,1400.0
Ophelia Halı - Krem - 160x230 cm,Halı & Kilim,10999.99,2200.0
Orient Alvia Halı - Antrasit - 76x150 cm,Halı & Kilim,4999.99,1000.0
Orient Cadre Halı,Halı & Kilim,16999.99,3400.0
Orvelle Halı - 80x300 cm,Halı & Kilim,9499.99,1900.0
Petite Halı,Halı & Kilim,19999.99,4000.0
Petıte Halı - Kemik - 80x300 cm,Halı & Kilim,9499.99,1900.0
Plemet Halı - 160x230 cm,Halı & Kilim,19999.99,4000.0
Plemet Halı - Ekru,Halı & Kilim,9499.99,1900.0
Pluie Rölyef Halı - Bej - 150x230 cm,Halı & Kilim,10999.99,2200.0
Pluie Rölyef Halı - Bej - 190x290 cm,Halı & Kilim,16999.99,3400.0
Pluie Rölyef Halı - Beyaz - 150x230 cm,Halı & Kilim,10999.99,2200.0
Pluie Rölyef Halı - Beyaz - 190x290 cm,Halı & Kilim,16999.99,3400.0
Pluie Rölyef Halı - Gri - 150x230 cm,Halı & Kilim,10999.99,2200.0
Pluie Rölyef Halı - Gri - 190x290 cm,Halı & Kilim,16999.99,3400.0
Raynouard Kapı Önü Paspası - Naturel - 45x75 cm,Halı & Kilim,3999.99,800.0
Renier Halı - 200x290 cm,Halı & Kilim,99999.99,20000.0
Renier Halı - Bej - 160x230 cm,Halı & Kilim,64999.99,13000.0
Sabine Halı - Krem - 80x300 cm,Halı & Kilim,8999.99,1800.0
Soie Rölyef Halı - Ekru - 160x230 cm,Halı & Kilim,10999.99,2200.0
Soie Rölyef Halı - Gri - 160x230 cm,Halı & Kilim,10999.99,2200.0
Soie Rölyef Halı - Vizon - 160x230 cm,Halı & Kilim,10999.99,2200.0
Talmont Saçaklı Kilim - Mavi/Beyaz - 65x130 cm,Halı & Kilim,5299.99,1060.0
Tolbiac Kapı Önü Paspası,Halı & Kilim,3449.99,690.0
Toulon Halı - Bej - 160x230 cm,Halı & Kilim,19999.99,4000.0
Treıllıs Halı - Kemik - 120x180 cm,Halı & Kilim,8999.99,1800.0
Treıllıs Halı - Kemik - 160x230 cm,Halı & Kilim,19999.99,4000.0
Treıllıs Halı - Kemik - 200x300 cm,Halı & Kilim,27999.99,5600.0
Treıllıs Halı - Kemik - 80x300 cm,Halı & Kilim,9499.99,1900.0
Valenza Halı - Krem - 200x290 cm,Halı & Kilim,27999.99,5600.0
Vence Halı - Beyaz/Gri - 200x300 cm,Halı & Kilim,27999.99,5600.0
Vence Halı - Beyaz/Gri - 80x150 cm,Halı & Kilim,5499.99,1100.0
Vence Halı - Beyaz/Gri - 80x300 cm,Halı & Kilim,10499.99,2100.0
Verdell Halı - Krem - 120x180 cm,Halı & Kilim,8999.99,1800.0
Vernal Yuvarlak Kilim - Naturel/Krem - 100 cm,Halı & Kilim,4499.99,900.0
Vernal Yuvarlak Kilim - Naturel/Mavi - 100 cm,Halı & Kilim,4499.99,900.0
Vivre Bubble Halı - Antrasit - 200x300 cm,Halı & Kilim,14999.99,3000.0
Vivre Bubble Halı - Antrasit - 80x150 cm,Halı & Kilim,4024.99,805.0
Vivre Bubble Halı - Antrasit - 80x300 cm,Halı & Kilim,6499.99,1300.0
Vivre Bubble Halı - Bej - 200x300 cm,Halı & Kilim,14999.99,3000.0
Vivre Bubble Halı - Bej - 80x150 cm,Halı & Kilim,4024.99,805.0
Vivre Bubble Halı - Bej - 80x300 cm,Halı & Kilim,6499.99,1300.0
Vivre Bubble Halı - Koyu Mürdüm - 200x300 cm,Halı & Kilim,14999.99,3000.0
Vivre Bubble Halı - Koyu Mürdüm - 80x150 cm,Halı & Kilim,4024.99,805.0
Vivre Bubble Halı - Koyu Mürdüm - 80x300 cm,Halı & Kilim,6499.99,1300.0
Vivre Bubble Halı - Krem - 80x150 cm,Halı & Kilim,4024.99,805.0
Vivre Bubble Halı - Krem - 80x300 cm,Halı & Kilim,6499.99,1300.0
Vivre Bubble Halı - Taş - 200x300 cm,Halı & Kilim,14999.99,3000.0
Vivre Bubble Halı - Taş - 80x150 cm,Halı & Kilim,4024.99,805.0
Vivre Bubble Halı - Taş - 80x300 cm,Halı & Kilim,6499.99,1300.0
Abielle Mutfak Havlu Seti,Mutfak,1429.99,286.0
Aleron Ölçü Kabı,Mutfak,1954.99,391.0
Alice Kaşıklı Atıştırmalık Kabı - Mürdüm - 400 ml,Mutfak,194.99,39.0
Alice Kaşıklı Atıştırmalık Kabı - Soft Yeşil - 400 ml,Mutfak,194.99,39.0
Alice Kaşıklı Atıştırmalık Kabı - Soft Yeşil - 550 ml,Mutfak,259.99,52.0
Anatolia Sahan 16CM,Mutfak,4499.99,900.0
Anatolia Sahan 20CM,Mutfak,5999.99,1200.0
Ancella Masa Örtüsü - Açık Gri - 160x230 cm,Mutfak,5999.99,1200.0
Andre 2'li Kurulama Bezi,Mutfak,779.99,156.0
Andre 2'li Kurulama Bezi,Mutfak,779.99,156.0
Arles Atıştırmalık Kabı,Mutfak,584.99,117.0
Arles Atıştırmalık Kabı,Mutfak,584.99,117.0
Arte Mini Sahan,Mutfak,2299.99,460.0
Artichaut 2'li Nakışlı Kurulama Bezi - Beyaz/Yeşil,Mutfak,909.99,182.0
Asperge 2'li Nakışlı Kurulama Bezi - Beyaz/Yeşil,Mutfak,909.99,182.0
Aury Süzgeç,Mutfak,2529.99,506.0
Aury Süzgeç,Mutfak,3449.99,690.0
Avery Derin Tencere - Tencere - 24 cm,Mutfak,8999.99,1800.0
Avery Derin Tencere - Çelik - 18 cm,Mutfak,6999.99,1400.0
Avery Derin Tencere - Çelik - 20 cm,Mutfak,7499.99,1500.0
Avery Derin Tencere - Çelik - 22 cm,Mutfak,7999.99,1600.0
Avery Kısa Tencere - Çelik - 24 cm,Mutfak,7999.99,1600.0
Avery Sos Tenceresi - Çelik - 16 cm,Mutfak,5999.99,1200.0
Belfort Atıştırmalık Kabı,Mutfak,519.99,104.0
Belfort Atıştırmalık Kabı,Mutfak,519.99,104.0
Belle Baskılı Mutfak Havlusu,Mutfak,909.99,182.0
Benard 9 Parça Tencere Seti - Kırmızı,Mutfak,24999.99,5000.0
Benard 9 Parça Tencere Seti - Soft Ekru,Mutfak,24999.99,5000.0
Benard 9 Parça Tencere Seti - Yeşil,Mutfak,24999.99,5000.0
Beron Mini Tencere - Gri,Mutfak,1499.99,300.0
Berthe French Press - Soft Ekru - 500 ml,Mutfak,1299.99,260.0
Berthe French Press - Soft Gri - 500 ml,Mutfak,1299.99,260.0
Biscuit Saklama Kabı,Mutfak,584.99,117.0
Blink Mini Tencere - Gri,Mutfak,1999.99,400.0
Bluff Çırpıcı - Gri - 34 cm,Mutfak,480.99,96.2
Bluff Çırpıcı - Soft Ekru - 34 cm,Mutfak,480.99,96.2
Boden Katlanabilir Rende - Soft Ekru,Mutfak,844.99,169.0
Boden Katlanabilir Rende - Soft Gri,Mutfak,844.99,169.0
Boise Pvc Masa Örtüsü,Mutfak,624.99,125.0
Boise Pvc Masa Örtüsü - Bej - 100x140 cm,Mutfak,549.99,110.0
Boise Pvc Masa Örtüsü - Bej - 140 cm,Mutfak,624.99,125.0
Bonde Kürek,Mutfak,1039.99,208.0
Bonn 2'li Saklama Kabı - Füme - 2x1200 ml,Mutfak,1104.99,221.0
Bonn 2'li Saklama Kabı - Füme - 2x2600 ml,Mutfak,1559.99,312.0
Bonn 2'li Saklama Kabı - Soft Gri - 2x1200 ml,Mutfak,1104.99,221.0
Bonn 2'li Saklama Kabı - Soft Gri - 2x2600 ml,Mutfak,1559.99,312.0
Bonn 2'li Saklama Kabı - Soft Gri - 4x500 ml,Mutfak,1104.99,221.0
Bonn 4'lü Saklama Kabı - Füme - 4x500 ml,Mutfak,1104.99,221.0
Bonnie Kaşıklı Lunch Box - Soft Gri - 1000 ml,Mutfak,909.99,182.0
Bonte Baton Kek Kalıbı - Gold,Mutfak,2499.99,500.0
Borne Katlanabilir Mikser Kabı - Soft Gri,Mutfak,1104.99,221.0
Bourdon Masa Örtüsü - Beyaz - 160x230 cm,Mutfak,5999.99,1200.0
Bourdon Masa Örtüsü - Beyaz - 160x300 cm,Mutfak,6999.99,1400.0
Bradly Erzak Kabı - Soft Gri - 1300 ml,Mutfak,649.99,130.0
Bradly Erzak Kabı - Soft Gri - 2100 ml,Mutfak,779.99,156.0
Brann 3'lü Kesme Panolu Soyacak Seti - Soft Gri,Mutfak,1819.99,364.0
Brent Sebze Kurutucu - Füme - 4500 ml,Mutfak,1819.99,364.0
Brent Sebze Kurutucu - Soft Gri - 4500 ml,Mutfak,1819.99,364.0
Bretta Bulaşık Matı,Mutfak,1429.99,286.0
Brigitte 2'li Kurulama Bezi,Mutfak,779.99,156.0
Brigitte 2'li Kurulama Bezi,Mutfak,779.99,156.0
Brigitte 2'li Kurulama Bezi,Mutfak,779.99,156.0
Brigitte 2'li Kurulama Bezi,Mutfak,779.99,156.0
Brigitte 2'li Kurulama Bezi,Mutfak,779.99,156.0
Brigitte 2'li Kurulama Bezi,Mutfak,779.99,156.0
Bromley Ayarlanabilir Rende - Soft Gri,Mutfak,1104.99,221.0
Bstien Mini Sos Tavası,Mutfak,1399.99,280.0
Cap Bleu 3'lü Mutfak Seti - Sarı,Mutfak,3999.99,800.0
Cap Martin Düdüklü Tencere - Çelik - 6 lt,Mutfak,16499.99,3300.0
Carla Kurulama Bezi - Kırmızı/Ekru - 40x60 cm,Mutfak,779.99,156.0
Carotte Mutfak Havlu Seti,Mutfak,1429.99,286.0
Carree 2'li Kopanakili Kurulama Bezi - Beyaz/Bej,Mutfak,909.99,182.0
Carree 2'li Kopanakili Kurulama Bezi - Beyaz/Gri,Mutfak,909.99,182.0
Celia 2'li Lunch Box - Soft Bej - 1400 ml,Mutfak,2299.99,460.0
Cely Süzgeç,Mutfak,3449.99,690.0
Chardon 2'li %100 Pamuk Mutfak Havlu Seti - Beyaz,Mutfak,1429.99,286.0
Chase Kevgir Kepçesi,Mutfak,389.99,78.0
Chase Makarna Kepçesi,Mutfak,389.99,78.0
Chase Servis Kaşığı,Mutfak,389.99,78.0
Chase Servis Kepçesi,Mutfak,389.99,78.0
Chase Servis Spatula,Mutfak,389.99,78.0
Chase Çırpıcı,Mutfak,389.99,78.0
Chocolate Saklama Kabı,Mutfak,584.99,117.0
Cholet Küçük Boy Oval Borosilikat Cam Fırın Tepsisi,Mutfak,1299.99,260.0
Chérie Dikdörtgen Borosilikat Cam Fırın Tepsisi - Şeffaf,Mutfak,2299.99,460.0
Ciel Kurulama Bezi,Mutfak,1429.99,286.0
Citron Baskılı Mutfak Havlusu,Mutfak,909.99,182.0
Citron Mutfak Havlu Seti,Mutfak,1429.99,286.0
Clichy Atıştırmalık Kabı,Mutfak,519.99,104.0
Colin Derin Tencere - Çelik - 18 cm,Mutfak,6299.99,1260.0
Colin Derin Tencere - Çelik - 20 cm,Mutfak,7499.99,1500.0
Colin Derin Tencere - Çelik - 22 cm,Mutfak,7999.99,1600.0
Colin Derin Tencere - Çelik - 24 cm,Mutfak,8999.99,1800.0
Colin Kısa Tencere - Çelik - 24 cm,Mutfak,7999.99,1600.0
Colin Sos Tenceresi - Çelik - 16 cm,Mutfak,5999.99,1200.0
Corte Çaydanlık Takımı - Çelik - Orta Boy,Mutfak,11999.99,2400.0
Courbe 2'li %100 Pamuk Mutfak Havlu Seti - Beyaz,Mutfak,1429.99,286.0
Cuisine Mutfak Havlu Seti,Mutfak,1429.99,286.0
Cute Baskılı Mutfak Havlusu,Mutfak,909.99,182.0
Daily Küçük Makas - Bej,Mutfak,688.99,137.8
Daily Mini Makas - Gri,Mutfak,493.99,98.8
Daily Mutfak Makası - Yeşil,Mutfak,1429.99,286.0
Daily Sebze Makası,Mutfak,1429.99,286.0
Damia Çelik Saklama Kabı - Soft Bej - 1100 ml,Mutfak,3799.99,760.0
Damia Çelik Saklama Kabı - Soft Bej - 2400 ml,Mutfak,5499.99,1100.0
Damia Çelik Saklama Kabı - Soft Bej - 3200 ml,Mutfak,5999.99,1200.0
Delit Kare Cam Kavanoz - 1600 ml,Mutfak,974.99,195.0
Delit Kare Cam Kavanoz - 1600 ml,Mutfak,974.99,195.0
Delphine Tel Süzgeç 14.5cm,Mutfak,714.99,143.0
Dely Süzgeç,Mutfak,2069.99,414.0
Dieppe 3'lü Atıştırmalık Kabı,Mutfak,519.99,104.0
Dieppe 3'lü Atıştırmalık Kabı,Mutfak,519.99,104.0
Diurne Dikdörtgen Lunch Box,Mutfak,870.99,174.2
Diurne Dikdörtgen Lunch Box -  Soft Ekru - 1200 ml,Mutfak,870.99,174.2
Diurne Kare Lunch Box - Soft Gri - 1200 ml,Mutfak,870.99,174.2
Diviera 1000ml Ahşap Kapaklı Saklama Kabı 2'li,Mutfak,2184.99,437.0
Dole Düdüklü Tencere - Çelik - 6 lt,Mutfak,14999.99,3000.0
Elena Derin Tencere - Çelik - 18 cm,Mutfak,9999.99,2000.0
Elena Derin Tencere - Çelik - 20 cm,Mutfak,10999.99,2200.0
Elena Derin Tencere - Çelik - 22 cm,Mutfak,11999.99,2400.0
Elena Derin Tencere - Çelik - 24 cm,Mutfak,12999.99,2600.0
Elena Kısa Tencere - Çelik - 24 cm,Mutfak,11999.99,2400.0
Elena Sos Tenceresi - Çelik - 16 cm,Mutfak,8699.99,1740.0
Elenor %100 Pamuk Mutfak Önlüğü - Beyaz/Kırmızı,Mutfak,2874.99,575.0
Elenor 2'li %100 Pamuk Mutfak Eldiveni Seti - Beyaz/Kırmızı,Mutfak,2299.99,460.0
Ella Yağlık&Sirkelik 245 ml,Mutfak,1013.99,202.8
Elroy 2'li Rende - Soft Ekru,Mutfak,909.99,182.0
Elroy 2'li Rende - Soft Gri,Mutfak,909.99,182.0
Eolya Ahşap Kapaklı Ekmek Kutusu,Mutfak,3999.99,800.0
Eolya Ahşap Kapaklı Ekmek Kutusu,Mutfak,3999.99,800.0
Fauvay Sepet - Beyaz/Naturel,Mutfak,1689.99,338.0
Felis Mini Tencere,Mutfak,1999.99,400.0
Felis Mini Tencere,Mutfak,1499.99,300.0
Flambeau 2'li %100 Pamuk Mutfak Havlu Seti - Beyaz,Mutfak,1429.99,286.0
Flen Rende - Soft Ekru,Mutfak,584.99,117.0
Fleur Nakışlı 2' li Pamuklu Kurulama Bezi - Beyaz/Yeşil,Mutfak,909.99,182.0
Floransa Colore Kavanoz 1400ml,Mutfak,1104.99,221.0
Floransa Colore Kavanoz 1400ml,Mutfak,1104.99,221.0
Floransa Colore Kavanoz 635ml,Mutfak,909.99,182.0
Floransa Colore Kavanoz 890ml,Mutfak,974.99,195.0
Floransa Colore Kavanoz 890ml,Mutfak,974.99,195.0
Foudre 2'li %100 Pamuk Mutfak Havlu Seti - Beyaz,Mutfak,1429.99,286.0
Fracas 2'li %100 Pamuk Mutfak Havlu Seti - Beyaz,Mutfak,1429.99,286.0
Freya Izgara Tavası - Kahverengi - 16 cm,Mutfak,8999.99,1800.0
Freya Izgara Tavası - Yeşil - 16 cm,Mutfak,8999.99,1800.0
Freya Sos Tavası - Kahverengi - 16 cm,Mutfak,7499.99,1500.0
Freya Sos Tavası - Yeşil - 16 cm,Mutfak,7499.99,1500.0
Freya Tava - Kahverengi - 20 cm,Mutfak,5799.99,1160.0
Freya Tava - Kahverengi - 24 cm,Mutfak,7299.99,1460.0
Freya Tava - Kahverengi - 28 cm,Mutfak,11999.99,2400.0
Freya Tava - Kahverengi - 28 cm,Mutfak,8799.99,1760.0
Freya Tava - Yeşil - 28 cm,Mutfak,11999.99,2400.0
Freya Tencere - Kahverengi - 20 cm,Mutfak,9999.99,2000.0
Freya Tencere - Kahverengi - 24 cm,Mutfak,12999.99,2600.0
Freya Wok Tava - Kahverengi - 30 cm,Mutfak,9999.99,2000.0
Freya Wok Tava - Yeşil - 30 cm,Mutfak,9999.99,2000.0
Gemma Rattan Sepet - Naturel - 32 cm,Mutfak,3219.99,644.0
Gina Raf Örtüsü - Bej - 45x150 cm,Mutfak,649.99,130.0
Graque Gırgır,Mutfak,545.99,109.2
Grenade Nakışlı 2'li Pamuklu Kurulama Bezi - Beyaz/Yeşil,Mutfak,909.99,182.0
Gına Raf Örtüsü,Mutfak,649.99,130.0
Hazneli Sarımsak ve Peynir Rendesi II,Mutfak,428.99,85.8
Hazneli Sarımsak ve Peynir Rendesi II,Mutfak,428.99,85.8
Henri Mutfak Havlu Seti,Mutfak,1559.99,312.0
Henric Narenciye Sıkacağı,Mutfak,649.99,130.0
Jeanne 2'li Kurulama Bezi,Mutfak,779.99,156.0
Jeanne 2'li Kurulama Bezi,Mutfak,779.99,156.0
Jeanne 2'li Kurulama Bezi,Mutfak,779.99,156.0
Jeanne 2'li Kurulama Bezi,Mutfak,779.99,156.0
Jena Buzluk - Soft Gri,Mutfak,324.99,65.0
Juste Mutfak Önlüğü,Mutfak,2874.99,575.0
Justine Limon Saklama Kabı ve Limon Sıkacağı,Mutfak,584.99,117.0
Justine Limon Saklama Kabı ve Limon Sıkacağı,Mutfak,584.99,117.0
Justine Sarımsak ve Soğan Saklama Kabı,Mutfak,454.99,91.0
Justine Sarımsak ve Soğan Saklama Kabı,Mutfak,454.99,91.0
Kaviera 1000ml Ahşap Kapaklı Saklama Kabı 2'li,Mutfak,1954.99,391.0
Kaviera 1500ml Ahşap Kapaklı Saklama Kabı 2'li,Mutfak,2299.99,460.0
Kaviera 2'li Ahşap Kapaklı Saklama Kabı - 2100 ml,Mutfak,2529.99,506.0
Kaviera 2'li Ahşap Kapaklı Saklama Kabı - 2100 ml,Mutfak,2529.99,506.0
Kuşlu Kavanoz Silindir - Mint Yeşili - 1300 ml,Mutfak,2069.99,414.0
Kuşlu Kavanoz Silindir 1300ML,Mutfak,2069.99,414.0
Kuşlu Silindir Kavanoz - Mint Yeşili - 650 ml,Mutfak,1819.99,364.0
La Mer Vintage 3'lü Mutfak Seti - Mavi,Mutfak,3999.99,800.0
Lacene Mutfak Havlu Seti,Mutfak,1559.99,312.0
Lendina Baskılı Mutfak Havlusu,Mutfak,909.99,182.0
Lerond Hamur Dağıtıcı - Siyah,Mutfak,1234.99,247.0
Linda Kurulama Bezi - Kırmızı/Ekru - 40x60 cm,Mutfak,779.99,156.0
Linden Kesme Panosu - Bej,Mutfak,1364.99,273.0
Linden Kesme Panosu - Soft Gri,Mutfak,1364.99,273.0
Liora Kek Kalıbı - Vizon,Mutfak,2499.99,500.0
Lotus Rende,Mutfak,4299.99,860.0
Lucca 3'lü Dikdörtgen Saklama Kabı Seti - Bej,Mutfak,2644.99,529.0
Lucca 3'lü Dikdörtgen Saklama Kabı Seti - Bej,Mutfak,2299.99,460.0
Lucca 3'lü Saklama Kabı Seti - Bej,Mutfak,2644.99,529.0
Lucca 4'lü Saklama Kabı Seti - Bej,Mutfak,2874.99,575.0
Lucca 4'lü Saklama Kabı Seti - Bej,Mutfak,714.99,143.0
Ludovico Düdüklü Tencere - Çelik - 6 lt,Mutfak,16499.99,3300.0
Ludovico Düdüklü Tencere Seti - Çelik - 4 lt+6 lt,Mutfak,29999.99,6000.0
Lurea Sepet - Naturel/Mavi,Mutfak,844.99,169.0
Macario 3'lü Saklama Kabı Seti - 4000 ml,Mutfak,3794.99,759.0
Madeline Derin Tencere - Çelik - 20 cm,Mutfak,6999.99,1400.0
Madeline Derin Tencere - Çelik - 24 cm,Mutfak,8699.99,1740.0
Magou 2'li Ahşap Kapaklı Lunch Box - 2x1000 ml,Mutfak,1499.99,300.0
Magou 2'li Ahşap Kapaklı Lunch Box - Soft Ekru - 500x2 ml,Mutfak,999.99,200.0
Manon Sos Tenceresi - Beyaz - 17 cm,Mutfak,7999.99,1600.0
Manon Tava - Beyaz - 20 cm,Mutfak,4499.99,900.0
Manon Tava - Beyaz - 24 cm,Mutfak,5499.99,1100.0
Manon Tava - Beyaz - 28 cm,Mutfak,6499.99,1300.0
Manon Tencere - Beyaz - 18 cm,Mutfak,9999.99,2000.0
Manon Tencere - Beyaz - 22 cm,Mutfak,12999.99,2600.0
Manon Tencere - Beyaz - 24 cm,Mutfak,12999.99,2600.0
Manon Tencere - Beyaz - 28 cm,Mutfak,14999.99,3000.0
Marais Krom Çöp Kovası - Soft Ekru,Mutfak,1234.99,247.0
Margot Ahşap Kapaklı 2'li Lunch Box - 2x500 ml,Mutfak,999.99,200.0
Margot Lunch Box - Soft Ekru - 750 ml,Mutfak,844.99,169.0
Marion Ahşap Kapaklı Saklama Kabı 1600ml,Mutfak,1819.99,364.0
Marion Ahşap Kapaklı Saklama Kabı 1600ml,Mutfak,1819.99,364.0
Marion Ahşap Kapaklı Saklama Kabı 900ml,Mutfak,1299.99,260.0
Mavel Pvc Masa Örtüsü - Bej - 140 cm,Mutfak,624.99,125.0
Melay Kek Kalıbı - Vizon,Mutfak,2499.99,500.0
Merton İpli Rondo - Füme,Mutfak,1819.99,364.0
Merton İpli Rondo - Soft Gri,Mutfak,1819.99,364.0
Mimosa 2'li Lunch Box - Soft Bej - 2000 ml,Mutfak,4299.99,860.0
Minerva Cezve - Çelik - 250 ML,Mutfak,1699.99,340.0
Minerva Cezve - Çelik - 310 ML,Mutfak,1799.99,360.0
Minerva Cezve - Çelik - 355 ML,Mutfak,1899.99,380.0
Mira 2 Parça Sahan Seti - Çelik - 14x18 cm,Mutfak,4499.99,900.0
Modena Dikdörtgen Kapaklı Borosilikat Cam Saklama Kabı - 1000ML,Mutfak,1234.99,247.0
Modena Dikdörtgen Kapaklı Borosilikat Cam Saklama Kabı - 1500ML,Mutfak,1689.99,338.0
Modena Dikdörtgen Kapaklı Borosilikat Cam Saklama Kabı - 650ML,Mutfak,974.99,195.0
Modena Dikdörtgen Kapaklı Borosilikat Cam Saklama Kabı - 650ML,Mutfak,974.99,195.0
Modena Dikdörtgen Kapaklı Borosilikat Cam Saklama Kabı - Ekru - 1000 ml,Mutfak,1234.99,247.0
Modena Dikdörtgen Kapaklı Borosilikat Cam Saklama Kabı - Ekru - 1500 ml,Mutfak,1689.99,338.0
Nano Seramik 7 Parça Tencere Seti,Mutfak,17499.99,3500.0
Nano Seramik 7 Parça Tencere Seti,Mutfak,17499.99,3500.0
Nano Seramik Izgara Tava - Beyaz/Antrasit - 28 cm,Mutfak,4299.99,860.0
Nano Seramik Izgara Tava - Gri/Beyaz - 28 cm,Mutfak,4299.99,860.0
Nano Seramik Wok Tava - Beyaz/Antrasit - 28 cm,Mutfak,3999.99,800.0
Nano Seramik Wok Tava - Gri/Beyaz - 28 cm,Mutfak,3999.99,800.0
"Ninon Askılı Çöp Kovası 12,5 Lt",Mutfak,1429.99,286.0
Noemie Erzak Kabı 2500 Ml,Mutfak,1104.99,221.0
Noir Titanium Derin Tencere - Siyah - 24 cm,Mutfak,4799.99,960.0
Noir Titanyum Derin Tencere - Siyah - 18 cm,Mutfak,3799.99,760.0
Noir Titanyum Kısa Tencere - Siyah - 26 cm,Mutfak,4499.99,900.0
Noir Titanyum Kısa Tencere - Siyah - 28 cm,Mutfak,4999.99,1000.0
Noir Titanyum Sahan - Siyah - 16 cm,Mutfak,2299.99,460.0
Noir Titanyum Sahan - Siyah - 18 cm,Mutfak,2699.99,540.0
Noir Titanyum Sahan - Siyah - 20 cm,Mutfak,2999.99,600.0
Noir Titanyum Sahan - Siyah - 22 cm,Mutfak,3299.99,660.0
Noir Titanyum Sütlük - Siyah - 12 cm,Mutfak,2299.99,460.0
Noir Titanyum Sütlük - Siyah - 14 cm,Mutfak,2699.99,540.0
Norelle Sepet - L - Naturel,Mutfak,1299.99,260.0
Norelle Sepet - S - Naturel,Mutfak,1039.99,208.0
Nova Derin Tencere - Çelik - 20 cm,Mutfak,4499.99,900.0
Nova Derin Tencere - Çelik - 22 cm,Mutfak,4999.99,1000.0
Nova Derin Tencere 16CM,Mutfak,3699.99,740.0
Nova Kısa Tencere - Çelik - 26 cm,Mutfak,5999.99,1200.0
Nova Sahan - Çelik - 16 cm,Mutfak,2499.99,500.0
Nova Sahan - Çelik - 20 cm,Mutfak,2999.99,600.0
Nova Sos Tenceresi - Çelik - 14 cm,Mutfak,2799.99,560.0
Nova Sütlük - Çelik - 12 cm,Mutfak,2499.99,500.0
Novara 2-li Yuvarlak Izgaralı Cam Fırın Tepsi Seti,Mutfak,2299.99,460.0
Novara Büyük Boy Yuvarlak Izgaralı Cam Fırın Kabı - Tekli,Mutfak,1559.99,312.0
Novara Küçük Boy Yuvarlak Izgaralı Cam Fırın Kabı - Tekli,Mutfak,1169.99,234.0
Odetta Kavanoz Kare - Mint Yeşili - 1450 ml,Mutfak,1724.99,345.0
Odetta Kavanoz Kare - Mint Yeşili - 650 ml,Mutfak,1299.99,260.0
Odetta Kavanoz Yuvarlak 1000ML,Mutfak,1954.99,391.0
Odetta Kavanoz Yuvarlak 2000ML,Mutfak,2299.99,460.0
Odetta Kavanoz Yuvarlak 630ML,Mutfak,1299.99,260.0
Oliva Mini Sos Tavası,Mutfak,1699.99,340.0
Oliva Mini Tencere,Mutfak,1999.99,400.0
Olive Mutfak Havlu Seti,Mutfak,1429.99,286.0
Olivier Switch Çöp Kovası 20lt,Mutfak,2069.99,414.0
Olivier Switch Çöp Kovası 20lt,Mutfak,2069.99,414.0
Pansy Kaşıklı Atıştırmalık Kabı,Mutfak,584.99,117.0
Pansy Kaşıklı Atıştırmalık Kabı,Mutfak,584.99,117.0
Pasteque Mutfak Havlu Seti,Mutfak,1429.99,286.0
Pente Kurulama Bezi,Mutfak,909.99,182.0
Pente Kurulama Bezi,Mutfak,909.99,182.0
Peyote Mutfak Havlu Seti,Mutfak,1429.99,286.0
Poisson 3'lü Mutfak Seti - Somon,Mutfak,3999.99,800.0
Pompere Baskılı Mutfak Havlusu,Mutfak,909.99,182.0
Pompere Baskılı Mutfak Havlusu,Mutfak,909.99,182.0
Poulette Mutfak Havlu Seti,Mutfak,1429.99,286.0
Raye Derin Tencere - Çelik - 16 cm,Mutfak,7499.99,1500.0
Raye Derin Tencere - Çelik - 18 cm,Mutfak,7999.99,1600.0
Raye Derin Tencere - Çelik - 20 cm,Mutfak,8699.99,1740.0
Raye Derin Tencere - Çelik - 22 cm,Mutfak,9999.99,2000.0
Raye Derin Tencere - Çelik - 24 cm,Mutfak,10499.99,2100.0
Raye Kısa Tencere - Çelik - 24 cm,Mutfak,9999.99,2000.0
Raye Sos Tenceresi - Çelik - 16 cm,Mutfak,6999.99,1400.0
Rayee 2'li Kopanakili Kurulama Bezi - Beyaz/Bej,Mutfak,909.99,182.0
Rayee 2'li Kopanakili Kurulama Bezi - Beyaz/Gri,Mutfak,909.99,182.0
Renard Ahşap Kapaklı Saklama Kabı 500ml,Mutfak,779.99,156.0
Renard Ahşap Kapaklı Saklama Kabı 500ml,Mutfak,779.99,156.0
Rily 2 Katlı Saklama Kabı - Bej,Mutfak,2184.99,437.0
Rily 3'lü Kesme Tahtası - Beyaz/Gri,Mutfak,3104.99,621.0
Rily Saklama Kabı - Bej,Mutfak,1689.99,338.0
Rona Sahan - Siyah - 18 cm,Mutfak,2799.99,560.0
Rona Sahan - Siyah - 20 cm,Mutfak,3299.99,660.0
Rona Sahan - Siyah - 22 cm,Mutfak,3799.99,760.0
Rona Sahan - Siyah - 24 cm,Mutfak,4299.99,860.0
Roni Pvc Masa Örtüsü - Ekru - 100x140 cm,Mutfak,1559.99,312.0
Rumeur 2'li %100 Pamuk Mutfak Havlu Seti - Beyaz,Mutfak,1429.99,286.0
Rêve Bleu La Graine Kare Cam Kavanoz - Mavi/Beyaz - 1600 ml,Mutfak,974.99,195.0
Rêve Bleu Servis Spatulası - Kobalt,Mutfak,3219.99,644.0
Rêve Bleu Servis Spatulası - Mint Yeşili,Mutfak,3219.99,644.0
Savona 2-li Kare Izgaralı Cam Fırın Tepsi Seti,Mutfak,2529.99,506.0
Savona Büyük Boy Kare Izgaralı Cam Fırın Kabı - Tekli,Mutfak,1689.99,338.0
Savona Küçük Boy Kare Izgaralı Cam Fırın Kabı - Tekli,Mutfak,1299.99,260.0
Simon Saklama Kabı - Vizon - 1500 ml,Mutfak,4024.99,805.0
Simon Saklama Kabı - Vizon - 2300 ml,Mutfak,4499.99,900.0
Simon Saklama Kabı - Vizon - 450 ml,Mutfak,2874.99,575.0
Simon Saklama Kabı - Vizon - 900 ml,Mutfak,3104.99,621.0
Somme Çelik Saklama Kabı - Soft Bej - 1500 ml,Mutfak,4499.99,900.0
Somme Çelik Saklama Kabı - Soft Bej - 600 ml,Mutfak,2874.99,575.0
Sonia Sapan Soyacak,Mutfak,285.99,57.2
Sonia Sapan Soyacak,Mutfak,285.99,57.2
Sonia Yan Soyacak,Mutfak,285.99,57.2
Sonia Yan Soyacak,Mutfak,285.99,57.2
Sucha Kaşık Çatallı Lunch Box - Bej - 1250 ml,Mutfak,1364.99,273.0
Sucha Kaşık Çatallı Lunch Box - Soft Gri - 1250 ml,Mutfak,1364.99,273.0
Sutton Hazneli Rende - Soft Ekru,Mutfak,1299.99,260.0
Sutton Hazneli Rende - Soft Gri,Mutfak,1299.99,260.0
Thelma Erzak Kavanozu 1500ML,Mutfak,649.99,130.0
Thelma Erzak Kavanozu 1500ML,Mutfak,649.99,130.0
Tiny Mini Sos Tavası,Mutfak,1999.99,400.0
Tiny Mini Sos Tavası,Mutfak,1299.99,260.0
Titanium Professional Izgara Tava - Siyah - 28 cm,Mutfak,4299.99,860.0
Titanium Professional Wok Tava - Siyah - 28 cm,Mutfak,3999.99,800.0
Vera 8 Parça Tencere Seti - Çelik,Mutfak,21999.99,4400.0
Vera Derin Tencere - Çelik - 16 cm,Mutfak,3699.99,740.0
Vera Derin Tencere - Çelik - 18 cm,Mutfak,3999.99,800.0
Vera Derin Tencere - Çelik - 20 cm,Mutfak,4499.99,900.0
Vera Derin Tencere - Çelik - 26 cm,Mutfak,6799.99,1360.0
Vera Kısa Tencere - Çelik - 24 cm,Mutfak,5299.99,1060.0
Vera Kısa Tencere - Çelik - 28 cm,Mutfak,6499.99,1300.0
Vernon %100 Pamuk Mutfak Önlüğü - Lacivert/Beyaz,Mutfak,2874.99,575.0
Vernon 2'li %100 Pamuk Mutfak Eldiveni Seti - Lacivert/Beyaz,Mutfak,2299.99,460.0
Vernon Sos Şişesi - Soft Gri - 1000 ml,Mutfak,324.99,65.0
Vernon Sos Şişesi - Soft Gri - 400 ml,Mutfak,259.99,52.0
Voyana Optikli Borosilikat Cam Kavanoz - 1200 ml,Mutfak,1954.99,391.0
Voyana Optikli Borosilikat Cam Kavanoz - 960 ml,Mutfak,1724.99,345.0
Wave Büyük Makas - Bej,Mutfak,1104.99,221.0
Yuviera 1500ml Ahşap Kapaklı Saklama Kabı 2'li,Mutfak,2529.99,506.0
Yuviera 1500ml Ahşap Kapaklı Saklama Kabı 2'li,Mutfak,2529.99,506.0
Yuviera 2300ml Ahşap Kapaklı Saklama Kabı 2'li,Mutfak,2874.99,575.0
Yuviera 2300ml Ahşap Kapaklı Saklama Kabı 2'li,Mutfak,2874.99,575.0
Yuviera 900ml Ahşap Kapaklı Saklama Kabı 3'lü,Mutfak,2529.99,506.0
Yılbaşı Joyle Mutfak Havlu Seti - Beyaz,Mutfak,1429.99,286.0
Abella Masa Örtüsü,Sofra,2874.99,575.0
Abella Masa Örtüsü - Lacivert - 160x200 cm,Sofra,2529.99,506.0
Adolpha Amerikan Servis,Sofra,1954.99,391.0
Agnes Pvc Masa Örtüsü - Beyaz/Mavi - 100x140 cm,Sofra,549.99,110.0
Agnes Pvc Masa Örtüsü - Beyaz/Mavi - 140 cm,Sofra,624.99,125.0
Agnes Pvc Masa Örtüsü - Beyaz/Mavi - 140x140 cm,Sofra,624.99,125.0
Agréable 2 Kişilik Kahve Fincanı Takımı - 80 ml,Sofra,2587.99,517.6
Albero Pasta Tabağı  - 21 cm - Kırmızı,Sofra,714.99,143.0
Alcea Amerikan Servis - Mavi,Sofra,1724.99,345.0
Alcea Runner - Mavi,Sofra,2299.99,460.0
Alcea Runner - Somon,Sofra,2299.99,460.0
Alette 6 Kişilik 24 Parça Yemek Takımı - Gümüş,Sofra,17499.99,3500.0
Alette Altın Yaldızlı 6 Kişilik 24 Parça Yemek Takımı - Beyaz/Gold,Sofra,17499.99,3500.0
Alice 6 Kişilik 24 Parça Yemek Takımı - Mavi/Mint,Sofra,15999.99,3200.0
Alice Kase - Beyaz - 25 cm,Sofra,6999.99,1400.0
Alice Kase - Koyu Bej - 11 cm,Sofra,649.99,130.0
Alice Kase - Koyu Bej - 9 cm,Sofra,454.99,91.0
Alice Kase - Koyu Mavi - 11 cm,Sofra,649.99,130.0
Alice Kase - Koyu Mavi - 9 cm,Sofra,454.99,91.0
Alice Kase - Koyu Yeşil - 11 cm,Sofra,649.99,130.0
Alice Kase - Koyu Yeşil - 9 cm,Sofra,454.99,91.0
Alita Yıldız Kase - Kırmızı,Sofra,324.99,65.0
Alix Tek Kullanımlık Masa Örtüsü - 120x100 cm,Sofra,454.99,91.0
Alix Tek Kullanımlık Masa Örtüsü - Lacivert/Kırmızı -80x100 cm,Sofra,454.99,91.0
Allaire 4'lü Kahve Fincan Seti - Renkli - 90 ml,Sofra,4699.99,940.0
Allonnes 2'li Amerikan Servis - Mavi,Sofra,1299.99,260.0
Allons 6 Kişilik 24 Parça Yemek Takımı - Beyaz,Sofra,9999.99,2000.0
Allons 6 Kişilik 24 Parça Yemek Takımı - Beyaz/Gold,Sofra,17499.99,3500.0
Allons 6 Kişilik 24 Parça Yemek Takımı - Beyaz/Silver,Sofra,17499.99,3500.0
Allotropie Tuzluk,Sofra,1429.99,286.0
Almira Pasta Tabağı - Beyaz - 20 cm,Sofra,649.99,130.0
Alsace Masa Runner,Sofra,3104.99,621.0
Alsace Masa Runner - Beyaz/Naturel,Sofra,3104.99,621.0
Alsace Masa Runner - Krem/Naturel,Sofra,3104.99,621.0
Alsace Masa Runner - Naturel,Sofra,3104.99,621.0
Alsace Masa Runner - Naturel/Krem,Sofra,3104.99,621.0
Alsace Masa Runner - Naturel/Mavi,Sofra,3104.99,621.0
Alsace Masa Runner - Naturel/Siyah,Sofra,3104.99,621.0
Alsace Masa Runner - Naturel/Siyah,Sofra,3104.99,621.0
Alsace Supla,Sofra,1169.99,234.0
Alsace Supla,Sofra,1169.99,234.0
Alsace Supla - Beyaz/Naturel,Sofra,1169.99,234.0
Alsace Supla - Krem/Naturel,Sofra,1169.99,234.0
Alsace Supla - Naturel,Sofra,1169.99,234.0
Alsace Supla - Naturel/Krem,Sofra,1169.99,234.0
Alsace Supla - Naturel/Mavi,Sofra,1169.99,234.0
Alsace Supla - Naturel/Siyah,Sofra,1169.99,234.0
Alıcıa Su Şişesi 1Lt,Sofra,1299.99,260.0
Amabella 6 Kişilik 24 Parça Yemek Takımı - Gold/Platin,Sofra,17499.99,3500.0
Amabella Altın Yaldızlı 6 Kişilik 24 Parça Yemek Takımı - Beyaz/Gold,Sofra,17499.99,3500.0
Amabella Pasta Tabağı - Beyaz - 21 cm,Sofra,649.99,130.0
Amelia 6 Kişilik 18 Parça Yemek Takımı - Beyaz,Sofra,24999.99,5000.0
Ames Tuzluk,Sofra,1429.99,286.0
Amorphe Kase - Yeşil,Sofra,389.99,78.0
Amorphe Kase 9 cm,Sofra,389.99,78.0
Anatolia Dövme Bardak,Sofra,4299.99,860.0
Anatolia Kulplu Bardak,Sofra,3499.99,700.0
Ancella Masa Örtüsü - Beyaz - 160x230 cm,Sofra,5999.99,1200.0
Ancella Runner,Sofra,2069.99,414.0
Ancella Runner - Açık Gri,Sofra,2069.99,414.0
Ancona Sunum Tabağı - Kahverengi,Sofra,1104.99,221.0
Ancre Pvc Masa Örtüsü - Mavi - 140 cm,Sofra,624.99,125.0
Ancre Pvc Masa Örtüsü - Mor - 140 cm,Sofra,624.99,125.0
Andray Pvc Masa Örtüsü - Kırmızı - 100x140 cm,Sofra,549.99,110.0
Andray Pvc Masa Örtüsü - Kırmızı - 140 cm,Sofra,624.99,125.0
Andray Pvc Masa Örtüsü - Kırmızı - 140x140 cm,Sofra,624.99,125.0
Andray Pvc Masa Örtüsü - Kırmızı - 140x200 cm,Sofra,849.99,170.0
Andre Masa Örtüsü,Sofra,2874.99,575.0
Andre Masa Örtüsü,Sofra,2529.99,506.0
Andre Masa Örtüsü - 150x150 cm,Sofra,1954.99,391.0
Andre Masa Örtüsü - 150x200 cm,Sofra,2529.99,506.0
Andre Masa Örtüsü - 150x250 cm,Sofra,2874.99,575.0
Anemone Supla - Gri - 33 cm,Sofra,1299.99,260.0
Angers Beş Bölmeli Çerezlik,Sofra,2299.99,460.0
Anita Pvc Masa Örtüsü,Sofra,2874.99,575.0
Anita Pvc Masa Örtüsü - Ekru - 100x140 cm,Sofra,1559.99,312.0
Anita Pvc Masa Örtüsü - Ekru - 140x140 cm,Sofra,2299.99,460.0
Antique 2 'li kahve fincan seti,Sofra,1897.99,379.6
Antique 6 Kişilik Kahve Fincan Takımı - Gri,Sofra,4499.99,900.0
Antique 6 Kişilik Kahve Fincan Takımı - Krem/Toprak - 90 ml,Sofra,4499.99,900.0
Arbnor Pvc Masa Örtüsü,Sofra,624.99,125.0
Arbnor Pvc Masa Örtüsü - 140x140 cm,Sofra,624.99,125.0
Argy Sunum Tabağı - Kahverengi - 15 cm,Sofra,519.99,104.0
Argy Sunum Tabağı - Kahverengi - 18 cm,Sofra,714.99,143.0
Ariane 6 Kişilik 24 Parça Yemek Takımı - Gold/Platin,Sofra,17499.99,3500.0
Ariane Altın Yaldızlı 6 Kişilik 24 Parça Yemek Takımı - Beyaz/Gold,Sofra,17499.99,3500.0
Ariane Pasta Tabağı - Beyaz - 21 cm,Sofra,649.99,130.0
Ariane Servis Tabağı - Beyaz - 27 cm,Sofra,844.99,169.0
Ariane Yemek Tabağı - Beyaz - 22 cm,Sofra,714.99,143.0
Aromis Kase,Sofra,1819.99,364.0
Aromis Kase,Sofra,2644.99,529.0
Aromis Kase,Sofra,3794.99,759.0
Aron 18 Parça Çeyiz Seti,Sofra,8999.99,1800.0
Aron 3 Parça Cam Viski Karaf Seti - Kapaklı,Sofra,2874.99,575.0
Aron 5 Parça Viski Karafı Seti - Şeffaf,Sofra,6999.99,1400.0
Aron Amerikan Servis,Sofra,649.99,130.0
Artus Amerikan Servis,Sofra,649.99,130.0
Aster Kase - Şeffaf - 12 cm,Sofra,233.99,46.8
Aster Kase - Şeffaf - 30 cm,Sofra,909.99,182.0
Aster Pasta Tabağı - Şeffaf - 21 cm,Sofra,363.99,72.8
Aster Servis Tabağı - Şeffaf - 28 cm,Sofra,519.99,104.0
Aubade Polycotton Masa Örtüsü - Mavi - 150x150 cm,Sofra,1954.99,391.0
Aubade Polycotton Masa Örtüsü - Mavi - 150x200 cm,Sofra,2529.99,506.0
Aubade Polycotton Masa Örtüsü - Mavi - 150x250 cm,Sofra,2874.99,575.0
Audra Oval Tepsi,Sofra,1689.99,338.0
Audra Yuvarlak Tepsi,Sofra,1689.99,338.0
Audrey 42 Parça Çeyiz Seti,Sofra,16999.99,3400.0
Audrey Başucu Sürahisi,Sofra,974.99,195.0
Audrey Buz Kovası,Sofra,1724.99,345.0
Aurea Kayık Tabak - Bej - 30 cm,Sofra,1559.99,312.0
Aurea Kayık Tabak - Gri - 30 cm,Sofra,1559.99,312.0
Aurel Pamuklu Masa Örtüsü - Mavi - 160x160 cm,Sofra,1954.99,391.0
Aurel Pamuklu Masa Örtüsü - Mavi - 160x200 cm,Sofra,2529.99,506.0
Aurel Pamuklu Masa Örtüsü - Mavi - 160x250 cm,Sofra,2874.99,575.0
Aurel Pamuklu Masa Örtüsü - Pudra - 160x160 cm,Sofra,1954.99,391.0
Avignon İki Bölmeli Çerezlik,Sofra,1039.99,208.0
Avion Kase - Beyaz - Küçük Boy,Sofra,6499.99,1300.0
Barroco Tepsi Büyük,Sofra,1793.99,358.8
Barroco Tepsi Büyük,Sofra,1793.99,358.8
Barroco Tepsi Küçük,Sofra,1273.99,254.8
Barroco Tepsi Küçük,Sofra,1273.99,254.8
Beach Kare Tepsi - Kırmızı/Lacivert,Sofra,1273.99,254.8
Bel Monique Silindirik Kupa,Sofra,1429.99,286.0
Belda Çerez Tabağı - Kırmızı,Sofra,324.99,65.0
Belford 18 Parça Yemek Takımı,Sofra,11499.99,2300.0
Belford 6 Kişilik 18 Parça Yemek Takımı - Pudra,Sofra,11499.99,2300.0
Bella Kupa,Sofra,649.99,130.0
Bella Servis Tabağı - Kırmızı - 33 cm,Sofra,1689.99,338.0
Bellamy 6 Kişilik 18 Parça Yemek Takımı - Beyaz/Vizon,Sofra,24999.99,5000.0
Bellanita 2'li  Servis Tabağı Seti - Şeffaf,Sofra,974.99,195.0
Bellanita 3'lü Servis Tabağı Seti - Şeffaf,Sofra,1299.99,260.0
Bellanita 4'lü Servis Tabağı Seti - Şeffaf,Sofra,2069.99,414.0
Bellanita Kupa,Sofra,1559.99,312.0
Bellanita Kupa,Sofra,1559.99,312.0
Bellanita Kupa,Sofra,1559.99,312.0
Benito Çift Camlı Çay Bardağı - Tekli - 200 ml,Sofra,1724.99,345.0
Bern 4'lü Amerikan Servis - Yeşil,Sofra,649.99,130.0
Bernal 6 Kişilik 18 Parça Yemek Takımı - Renkli,Sofra,29999.99,6000.0
Berthe 4-Lü Küçük Kase,Sofra,2184.99,437.0
Berthem 2li Peçete - Beyaz/Sarı,Sofra,1689.99,338.0
Bien Kupa,Sofra,779.99,156.0
Bien Kupa,Sofra,779.99,156.0
Billy Sunum Tabağı - Kahverengi - 25 cm,Sofra,1559.99,312.0
Birth 2 Kişilik 6 Parça Yemek Seti - Renkli,Sofra,3449.99,690.0
Blanc 2-li Kahve Fincan Takımı,Sofra,2587.99,517.6
Blanch 4-Lü Küçük Kase,Sofra,2184.99,437.0
Blanch Büyük Kase,Sofra,2184.99,437.0
Blanch Yuvarlak Sunum Tepsi - Renkli,Sofra,935.99,187.2
Blanche Kase - Bej - 11 cm,Sofra,649.99,130.0
Blanche Kase - Bej - 9 cm,Sofra,454.99,91.0
Blanche Kase - Koyu Mavi - 11 cm,Sofra,649.99,130.0
Blanche Kase - Mavi - 9 cm,Sofra,454.99,91.0
Blanche Kase - Yeşil - 11 cm,Sofra,649.99,130.0
Blanche Kase - Yeşil - 9 cm,Sofra,454.99,91.0
Blanche Oval Tepsi,Sofra,1689.99,338.0
Blanche Yuvarlak Tepsi,Sofra,1689.99,338.0
Bleunay 26 Parça Kahvaltı Takımı - Mavi/Beyaz,Sofra,12499.99,2500.0
Blois Çift Ca mlı Bardak - Tekli - 200 ml,Sofra,1954.99,391.0
Blue Rugs Musette 4 lü Meşrubat Bardağı Seti - 365 ml,Sofra,1249.99,250.0
Boise 4'lü Su Bardağı Seti - Şeffaf,Sofra,3104.99,621.0
Boise Pvc Masa Örtüsü - Lacivert - 140 cm,Sofra,624.99,125.0
Bonar 6 Kişilik 18 Parça Yemek Takımı - Beyaz,Sofra,24999.99,5000.0
Bonar 6 Kişilik 30 Parça Yemek Takımı - Beyaz,Sofra,34999.99,7000.0
Bondy 6 Kişilik 24 Parça Yemek Takımı - Koyu Gri,Sofra,17499.99,3500.0
Bonnie 2 Kişilik 4 Parça Kahve Fincan Seti - Koyu Bej - 110 ml,Sofra,1897.99,379.6
Bonnie 2 Kişilik 4 Parça Kahve Fincan Seti - Koyu Mavi - 110 ml,Sofra,1897.99,379.6
Bonnie 2 Kişilik 4 Parça Kahve Fincan Seti - Koyu Yeşil - 110 ml,Sofra,1897.99,379.6
Bonnie 6 Kişilik 12 Parça Kahve Fincan Takımı - Bej - 90 ml,Sofra,3999.99,800.0
Bonnie 6 Kişilik 12 Parça Kahve Fincan Takımı - Mavi - 90 ml,Sofra,3999.99,800.0
Bonnie 6 Kişilik 12 Parça Kahve Fincan Takımı - Yeşil - 90 ml,Sofra,3999.99,800.0
Bonny Ayı Bear Kupa - Bej/Mavi - 380 ml,Sofra,2529.99,506.0
Boris Ayı Bear Kupa - Lacivert/Açık Bej - 380 ml,Sofra,2529.99,506.0
Bormio 6 Kişilik 24 Parça Yemek Takımı - Beyaz/Silver,Sofra,17499.99,3500.0
Boule de Neige 4'lü Su Bardağı Seti - Şeffaf,Sofra,2529.99,506.0
Bourdon Masa Örtüsü - Açık Gri - 160x230 cm,Sofra,5999.99,1200.0
Bourdon Masa Örtüsü - Açık Gri - 160x300 cm,Sofra,6999.99,1400.0
Bourdon Runner,Sofra,2069.99,414.0
Bourdon Runner - Açık Gri,Sofra,2069.99,414.0
Boussac 2-li Çift Camlı Bardak - 155ML,Sofra,2529.99,506.0
Brigett 6-Lı Çay Bardağı Seti 168 ML,Sofra,749.99,150.0
Brigitte 6'lı Pasta Tabağı Seti - Bej/Beyaz - 19 cm,Sofra,3449.99,690.0
Brigitte 6'lı Pasta Tabağı Seti - Mavi/Beyaz - 19 cm,Sofra,3449.99,690.0
Brigitte Masa Örtüsü,Sofra,1954.99,391.0
Brigitte Masa Örtüsü,Sofra,2874.99,575.0
Brigitte Masa Örtüsü,Sofra,2874.99,575.0
Brigitte Masa Örtüsü,Sofra,2874.99,575.0
Brigitte Masa Örtüsü,Sofra,2529.99,506.0
Brigitte Masa Örtüsü,Sofra,2529.99,506.0
Brigitte Masa Örtüsü,Sofra,2874.99,575.0
Brigitte Masa Örtüsü,Sofra,1954.99,391.0
Brigitte Masa Örtüsü,Sofra,2529.99,506.0
Brigitte Masa Örtüsü,Sofra,1954.99,391.0
Brigitte Masa Örtüsü - Bej - 150x150 cm,Sofra,1954.99,391.0
Brigitte Masa Örtüsü - Kırmızı - 150x200 cm,Sofra,2529.99,506.0
Brise Pasta Tabağı - Pudra - 20 cm,Sofra,584.99,117.0
Brise Yemek Tabağı - Pudra - 26 cm,Sofra,1169.99,234.0
Briste Kupa - Renkli - 360 ml,Sofra,1724.99,345.0
Calais 4'lü Çay Fincanı Seti,Sofra,1429.99,286.0
Calor Polycotton Masa Örtüsü - Bej - 160x160 cm,Sofra,1954.99,391.0
Calor Polycotton Masa Örtüsü - Bej - 160x200 cm,Sofra,2529.99,506.0
Calısto 4'lü Meşrubat Bardağı Seti,Sofra,4299.99,860.0
Camelote Varaklı Büyük Tepsi,Sofra,1954.99,391.0
Camelote Varaklı Büyük Tepsi,Sofra,1954.99,391.0
Camelote Varaklı Küçük Tepsi,Sofra,1299.99,260.0
Camelote Varaklı Küçük Tepsi,Sofra,1299.99,260.0
Campe Yuvarlak Sunum Tepsi - Beyaz/Pudra,Sofra,935.99,187.2
Candide 6'lı Çay Bardağı - 150 ml,Sofra,749.99,150.0
Carel Pamuklu Masa Örtüsü - Mavi - 160x160 cm,Sofra,1954.99,391.0
Carine Yuvarlak Sunum Tepsi - Renkli,Sofra,935.99,187.2
Carol 6 'lı Çay Bardağı Seti - 115ML,Sofra,1819.99,364.0
Cascade Kupa - Mavi - 360 ml,Sofra,399.99,80.0
Celaya 26 Parça Kahvaltı Takımı - Mavi/Beyaz,Sofra,12499.99,2500.0
Cellole Kupa - Bej - 380 ml,Sofra,779.99,156.0
Cellole Kupa - Mavi - 380 ml,Sofra,779.99,156.0
Charlise Tepsi,Sofra,3794.99,759.0
Charmes Servis Tabağı 28 cm,Sofra,753.99,150.8
Chenille Tabak - Açık Kahve,Sofra,714.99,143.0
Chic 2 Kişilik Kahve Fincanı Takımı - 100 ml,Sofra,2587.99,517.6
Chrysal Polycotton Masa Örtüsü - Beyaz - 150x200 cm,Sofra,2529.99,506.0
Chrysal Polycotton Masa Örtüsü - Beyaz - 150x250 cm,Sofra,2874.99,575.0
Cielo Kayık Tabak - Bej - 25 cm,Sofra,1299.99,260.0
Cielo Kayık Tabak - Bej - 30 cm,Sofra,1559.99,312.0
Cielo Kayık Tabak - Mavi - 25 cm,Sofra,1299.99,260.0
Cielo Kayık Tabak - Mavi - 30 cm,Sofra,1559.99,312.0
Citron Amerikan Servis,Sofra,649.99,130.0
Clair Yuvarlak Sunum Tepsi - Renkli,Sofra,935.99,187.2
Claire 24 Parça Yemek Takımı,Sofra,12499.99,2500.0
Clara Tabak,Sofra,649.99,130.0
Clarette6-Lı Çay Bardağı Seti 168 Ml,Sofra,749.99,150.0
Clisson Cam Süzgeçli Kupa - Tekli - 310ML,Sofra,1724.99,345.0
Cluny 2'li Amerikan Servis - Beyaz/Kırmızı,Sofra,1689.99,338.0
Cluny 2'li Peçete - Beyaz/Kırmızı,Sofra,1689.99,338.0
Cluny Runner - Beyaz/Kırmızı,Sofra,1724.99,345.0
Colleta Tabak - Orta Boy - Mavi/Beyaz,Sofra,4024.99,805.0
Collin 6 Kişilik 24 Parça Yemek Takımı - Beyaz/Gold,Sofra,17499.99,3500.0
Collin 6 Kişilik 24 Parça Yemek Takımı - Beyaz/Silver,Sofra,17499.99,3500.0
Colmar Sunum Tabağı,Sofra,779.99,156.0
Colores 15 Parça Sunum Yemek Takımı - Renkli,Sofra,7999.99,1600.0
Conesa Su Şişesi 750ml,Sofra,649.99,130.0
Coralie 4'lü Su Bardağı Seti,Sofra,999.99,200.0
Corbat   Runner,Sofra,2874.99,575.0
Corbat 2'li %100 Pamuk Amerikan Servis - Ekru/Yeşil,Sofra,2299.99,460.0
Corinne 2'li Amerikan Servis - Gri/Bej,Sofra,649.99,130.0
Corniglia Figürlü Kupa - Renkli - 380 ml,Sofra,2874.99,575.0
Courtois 2-li Kahve Fincan Takımı,Sofra,2587.99,517.6
Crannes 2'li Amerikan Servis - Gri,Sofra,1299.99,260.0
Cuisine Oval Tepsi,Sofra,1689.99,338.0
Daisy 3'lü Baharatlık Seti,Sofra,4999.99,1000.0
Damia Tepsi,Sofra,3794.99,759.0
Davin 4'lü Amerikan Servis - Mavi/Beyaz,Sofra,649.99,130.0
Delit Yuvarlak Sunum Tepsi - Lacivert/Beyaz,Sofra,935.99,187.2
Delit Yuvarlak Örgü Tepsi - Lacivert/Beyaz,Sofra,1689.99,338.0
Delron 6 Kişilik 24 Parça Yemek Takımı - Gold/Platin,Sofra,17499.99,3500.0
Delron Kase - Beyaz - 16 cm,Sofra,584.99,117.0
Delron Pasta Tabağı - Beyaz - 21 cm,Sofra,649.99,130.0
Delron Servis Tabağı - Beyaz - 27 cm,Sofra,844.99,169.0
Denis 4'lü Çay Fincanı Seti,Sofra,1429.99,286.0
Densy 6 Kişilik 18 Parça Yemek Takımı - Mavi/Beyaz,Sofra,16499.99,3300.0
Diamanta 5 Parça Kapaklı Karaf Seti - Şeffaf,Sofra,1499.99,300.0
Diamanta Kapaklı Tekli Karaf - Şeffaf,Sofra,1429.99,286.0
Dita 4'lü Amerikan Servis - Mavi/Beyaz,Sofra,649.99,130.0
Domme 2'li Plastik Bardak - Lacivert - 445 ml,Sofra,2874.99,575.0
Domme 2'li Plastik Bardak - Turkuaz - 445 ml,Sofra,2874.99,575.0
Domme 2'li Plastik Bardak - Turuncu - 445 ml,Sofra,2874.99,575.0
Domme 2'li Plastik Bardak - Yeşil - 445 ml,Sofra,2874.99,575.0
Domme 2'li Plastik Kupa - Lacivert - 385 ml,Sofra,3104.99,621.0
Domme 2'li Plastik Kupa - Turkuaz - 385 ml,Sofra,3104.99,621.0
Domme 2'li Plastik Kupa - Yeşil - 385 ml,Sofra,3104.99,621.0
Dormir 6 Kişilik 24 Parça Yemek Takımı - Beyaz,Sofra,9999.99,2000.0
Dormir 6 Kişilik 24 Parça Yemek Takımı - Beyaz/Gold,Sofra,17499.99,3500.0
Dormir 6 Kişilik 24 Parça Yemek Takımı - Beyaz/Silver,Sofra,17499.99,3500.0
Dorote Dikdörtgen Kase 10cm,Sofra,519.99,104.0
Dorote Dikdörtgen Kase 12cm,Sofra,584.99,117.0
Dorote Dikdörtgen Kase 16cm,Sofra,779.99,156.0
Dory Yuvarlak Sunum Tepsisi,Sofra,935.99,187.2
Dory Yuvarlak Sunum Tepsisi,Sofra,935.99,187.2
Dory Yuvarlak Sunum Tepsisi,Sofra,935.99,187.2
Dublin 4'lü Kadeh Seti - Şeffaf - 185 ml,Sofra,3679.99,736.0
Dublin 4'lü Şarap Kadehi Seti - 240 ml - Şeffaf,Sofra,3679.99,736.0
Dublin 4'lü Şarap Kadehi Seti - Şeffaf - 340 ml,Sofra,3999.99,800.0
Dumont Pasta Tabağı - Mavi/Beyaz - 21 cm,Sofra,584.99,117.0
Eclisse Masa Örtüsü - Kırmızı - 150x220 cm,Sofra,2184.99,437.0
Eclisse Masa Örtüsü - Kırmızı - 150x260 cm,Sofra,2529.99,506.0
Eclisse Runner - Kırmızı,Sofra,1559.99,312.0
Edmon 6 Kişilik 18 Parça Yemek Takımı - Gümüş,Sofra,24999.99,5000.0
Edmon 6 Kişilik 30 Parça Yemek Takımı - Beyaz/Gold,Sofra,34999.99,7000.0
Elisa Kase - Şeffaf - 12 cm,Sofra,233.99,46.8
Elisa Kase - Şeffaf - 30 cm,Sofra,909.99,182.0
Elisa Pasta Tabağı - Şeffaf - 21 cm,Sofra,363.99,72.8
Elisa Pvc Masa Örtüsü - 140 cm,Sofra,624.99,125.0
Elisa Pvc Masa Örtüsü - Bej/Beyaz - 100x140 cm,Sofra,549.99,110.0
Elisa Pvc Masa Örtüsü - Bej/Beyaz - 140x140 cm,Sofra,624.99,125.0
Elisa Servis Tabağı - Şeffaf - 28 cm,Sofra,519.99,104.0
Eliza 26 Parça Kahvaltı Takımı - Gri,Sofra,12499.99,2500.0
Ella Baharatlık 245 ml,Sofra,844.99,169.0
Elroy Kupa,Sofra,779.99,156.0
Emeline El Yapımı Cam Sürahi,Sofra,14999.99,3000.0
Emeline El Yapımı Cam Sürahi,Sofra,14999.99,3000.0
Emeline El Yapımı Cam Sürahi,Sofra,14999.99,3000.0
Emeline Kupa - Soft Bej - 480 ml,Sofra,2299.99,460.0
Emilie Grand 2'li Amerikan Servis - Beyaz/Pembe,Sofra,649.99,130.0
Emilie Grand 2'li Amerikan Servis - Beyaz/Yeşil,Sofra,649.99,130.0
Enora Polycotton Masa Örtüsü - Renkli - 160x200 cm,Sofra,2529.99,506.0
Esperanza 6-lı Çay Bardağı Seti,Sofra,749.99,150.0
Esperanza-White Leaves 6-lı Çay Bardağı Seti,Sofra,1954.99,391.0
Espoir Point New Bone China Kupa - Beyaz/Kırmızı - 260 ml,Sofra,974.99,195.0
Ethan Pasta Tabağı - Beyaz - 21 cm,Sofra,649.99,130.0
Evonna Yuvarlak Örgü Tepsi - Renkli,Sofra,1689.99,338.0
Evorde Bella 2 Kişilik Kahve Fincanı Seti - Siyah/Beyaz,Sofra,2299.99,460.0
Evorde Lena Kahve Fincanı Seti 2 Kişilik,Sofra,2299.99,460.0
Evorde Lena Kahve Fincanı Seti 6 Kişilik,Sofra,4499.99,900.0
Evorde Mila Kahve Fincanı Seti 2 Kişilik,Sofra,2299.99,460.0
Exorde Pvc Masa Örtüsü,Sofra,549.99,110.0
Exorde Pvc Masa Örtüsü,Sofra,549.99,110.0
Exorde Pvc Masa Örtüsü,Sofra,624.99,125.0
Exorde Pvc Masa Örtüsü,Sofra,624.99,125.0
Exorde Pvc Masa Örtüsü - Gri - 140 cm,Sofra,624.99,125.0
Exorde Pvc Masa Örtüsü - Pudra - 140 cm,Sofra,624.99,125.0
Fabienne 4'lü Meşrubat Bardağı Seti,Sofra,1249.99,250.0
Faisceau 6 Kişilik 15 Parça Sunum Yemek Takımı - Sarı/Beyaz,Sofra,7999.99,1600.0
Farrant Pvc Masa Örtüsü,Sofra,549.99,110.0
Farrant Pvc Masa Örtüsü,Sofra,624.99,125.0
Farrant Pvc Masa Örtüsü - Lacivert - 140 cm,Sofra,624.99,125.0
Fauve Polycotton Masa Örtüsü - Açık Mavi/Turuncu - 150x200 cm,Sofra,2529.99,506.0
Fauve Polycotton Masa Örtüsü - Açık Mavi/Turuncu - 150x250 cm,Sofra,2874.99,575.0
Felecia 4-lü Çay Fincanı,Sofra,1429.99,286.0
Fidèle 2 Kişilik Kahve Fincanı Takımı - 90 ml,Sofra,2587.99,517.6
Fiona 4'lü Meşrubat Bardağı,Sofra,1249.99,250.0
Fiona 4-Lü Kısa Kadeh,Sofra,2874.99,575.0
Fiona 4-Lü Su Bardağı,Sofra,2069.99,414.0
Fiona 4-Lü Uzun Kadeh,Sofra,3449.99,690.0
Fiona Kupa - Mavi/Beyaz - 360 ml,Sofra,1234.99,247.0
Fiona Tepsi - Renkli,Sofra,3794.99,759.0
Flamingo 3'lü Su Bardağı Seti - Şeffaf - 290 ml,Sofra,999.99,200.0
Fleur 3lü Baharatlık Seti - Mavi/Beyaz,Sofra,4999.99,1000.0
Fleurette Tepsi,Sofra,3794.99,759.0
Flocon de Neige 4'lü Su Bardağı Seti - Şeffaf - 380 ml,Sofra,2529.99,506.0
Flocon de Neige Karaf - Şeffaf,Sofra,1689.99,338.0
Floressa 4'lü Su Bardağı Seti,Sofra,999.99,200.0
Florida Tepsi,Sofra,3794.99,759.0
Florus 4-lü Çay Fincanı,Sofra,1429.99,286.0
Florus Oval Tepsi,Sofra,1689.99,338.0
Formulaire 2 Kişilik 6 Parça Yemek Seti - Yeşil,Sofra,3449.99,690.0
Fortune 24 Parça Yemek Takımı,Sofra,12499.99,2500.0
Fountain Tepsi,Sofra,3794.99,759.0
Francessa 6'lı Çay Bardağı Seti,Sofra,749.99,150.0
Francessa Daisy Touch 6'lı Çay Bardağı Seti,Sofra,1954.99,391.0
Fısh Su Şişesi1Lt,Sofra,1299.99,260.0
Gagnon Şekerlik,Sofra,909.99,182.0
Galena 6 Kişilik 24 Parça Yemek Takımı - Beyaz,Sofra,9999.99,2000.0
Galena 6 Kişilik 24 Parça Yemek Takımı - Beyaz/Gold,Sofra,17499.99,3500.0
Galena 6 Kişilik 24 Parça Yemek Takımı - Beyaz/Silver,Sofra,17499.99,3500.0
Garen 4-lü Çay Fincanı,Sofra,1429.99,286.0
Garen Et Bıçağı - Çelik,Sofra,1724.99,345.0
Garen Çok Amaçlı Bıçak - Çelik,Sofra,1724.99,345.0
Garope Polycotton Masa Örtüsü - Renkli - 150x200 cm,Sofra,2529.99,506.0
Garope Polycotton Masa Örtüsü - Renkli - 150x250 cm,Sofra,2874.99,575.0
Gaspard Kupa - Renkli - 360 ml,Sofra,1724.99,345.0
Gaston Tek Kullanımlık 10'lu Masa Örtüsü 120x100 cm,Sofra,454.99,91.0
Gemma 12'li Çay Bardağı Seti - Şeffaf - 170 ml,Sofra,3219.99,644.0
Gemma Pvc Masa Örtüsü,Sofra,549.99,110.0
Gemma Pvc Masa Örtüsü,Sofra,549.99,110.0
Gemma Pvc Masa Örtüsü,Sofra,624.99,125.0
Gemma Pvc Masa Örtüsü,Sofra,624.99,125.0
Gemma Pvc Masa Örtüsü - 140 cm,Sofra,624.99,125.0
Genre Kase - Beyaz - 25 cm,Sofra,5799.99,1160.0
Genre Kase - Beyaz - 30 cm,Sofra,8999.99,1800.0
Geraldin Baharatlık 3'lü,Sofra,1954.99,391.0
Geraldin Baharatlık 3'lü,Sofra,1954.99,391.0
Golden Rain Pierretta 4 lü Meşrubat Bardağı Seti - 510 ml,Sofra,1249.99,250.0
Grace 4'lü Kristal Su Bardağı Seti - 280 ml,Sofra,3794.99,759.0
Grace 6 Kişilik 24 Parça Yemek Takımı - Beyaz/Gold,Sofra,17499.99,3500.0
Grace 6 Kişilik 24 Parça Yemek Takımı - Beyaz/Silver,Sofra,17499.99,3500.0
Grand Couronne 6'lı Çay Tabağı Seti - Mavi/Beyaz,Sofra,2644.99,529.0
Grand Floral 6'lı Çay Tabağı Seti - Mavi/Beyaz,Sofra,2644.99,529.0
Grand Nuit 6'lı Çay Tabağı Seti - Mavi/Beyaz,Sofra,2644.99,529.0
Granville Servis Tabağı 28 cm,Sofra,753.99,150.8
Grasse Kase,Sofra,779.99,156.0
Grasse Kase - Pembe - 15 cm,Sofra,779.99,156.0
Grasse Pasta Tabağı,Sofra,779.99,156.0
Grasse Servis Tabağı - Gri,Sofra,1039.99,208.0
Grasse Servis Tabağı - Krem,Sofra,1039.99,208.0
Grasse Servis Tabağı - Pembe,Sofra,1039.99,208.0
Grasse Yemek Tabağı - Pembe,Sofra,909.99,182.0
Hector Oval Servis Tabağı - Büyük Boy - Şeffaf,Sofra,1429.99,286.0
Helios 6 Kişilik 27 Parça Yemek Takımı - Beyaz,Sofra,16499.99,3300.0
Helios 6 Kişilik 27 Parça Yemek Takımı - Beyaz/Gold,Sofra,23999.99,4800.0
Helios 6 Kişilik 27 Parça Yemek Takımı - Beyaz/Silver,Sofra,23999.99,4800.0
Hilaire Tek Kullanımlık Masa Örtüsü - Lacivert - 80x100 cm,Sofra,454.99,91.0
Hilarant 2 Kişilik Kahve Fincanı Takımı - 100 ml,Sofra,2587.99,517.6
Hiver 6 Kişilik Kahve Fincan Seti - Krem/Toprak,Sofra,4499.99,900.0
Huitre Kupa - Renkli - 280 ml,Sofra,1724.99,345.0
Iva Masa Örtüsü,Sofra,4999.99,1000.0
Iva Masa Örtüsü - Bej - 160x300 cm,Sofra,5999.99,1200.0
Iva Runner,Sofra,2069.99,414.0
Iva Runner,Sofra,2069.99,414.0
Jade Fincan - Beyaz,Sofra,259.99,52.0
Jannie Pvc Masa Örtüsü,Sofra,849.99,170.0
Jannie Pvc Masa Örtüsü,Sofra,624.99,125.0
Jannie Pvc Masa Örtüsü,Sofra,549.99,110.0
Jannie Pvc Masa Örtüsü,Sofra,624.99,125.0
Jannie Pvc Masa Örtüsü - Gri - 100x140 cm,Sofra,549.99,110.0
Jannie Pvc Masa Örtüsü - Gri - 140 cm,Sofra,624.99,125.0
Jannie Pvc Masa Örtüsü - Pudra - 140x140 cm,Sofra,624.99,125.0
Jolie Kupa,Sofra,1559.99,312.0
Jolly 2 Kişilik 4 Parça Gold Kahve Fincan Seti - Gri - 90 ml,Sofra,2299.99,460.0
Josette Kek Fanusu 29cm,Sofra,3794.99,759.0
Kalre 6 Kişilik 12 Parça Kahve Fincan Seti - Açık Pembe - 90 ml,Sofra,4499.99,900.0
Kalre 6 Kişilik 12 Parça Kahve Fincan Seti - Pudra - 90 ml,Sofra,4499.99,900.0
Kalre 6 Kişilik 12 Parça Kahve Fincan Seti - Vizon - 90 ml,Sofra,4499.99,900.0
Kalre Monte Kupa - Açık Pembe - 260 ml,Sofra,649.99,130.0
Kalre Monte Kupa - Kahverengi - 260 ml,Sofra,649.99,130.0
Kalre Orchide Kupa - Pudra - 260 ml,Sofra,649.99,130.0
Kalre Orchide Kupa - Vizon - 260 ml,Sofra,649.99,130.0
Kleby 2'li Natural Sufle Kabı - Krem - 10 cm,Sofra,1039.99,208.0
Kleby 2'li Natural Sufle Kabı - Mavi - 10 cm,Sofra,1039.99,208.0
Kleby 2'li Natural Sufle Kabı - Turuncu - 10 cm,Sofra,1039.99,208.0
Kleby 2'li Natural Sufle Kabı - Yeşil - 10 cm,Sofra,1039.99,208.0
Kleby 2'li Sufle Kabı - Koyu Bej - 10 cm,Sofra,1039.99,208.0
Kleby 2'li Sufle Kabı - Koyu Mavi - 10 cm,Sofra,1039.99,208.0
Kleby 2'li Sufle Kabı - Koyu Yeşil - 10 cm,Sofra,1039.99,208.0
Kleby 2’li Sufle Kabı,Sofra,1039.99,208.0
Kleby 2’li Sufle Kabı,Sofra,1039.99,208.0
Kleby 2’li Sufle Kabı,Sofra,1039.99,208.0
Kleby Kalre 2'li Sufle Kabı - Kahverengi - 10 cm,Sofra,1039.99,208.0
Kleby Kalre 2'li Sufle Kabı - Pudra - 10 cm,Sofra,1039.99,208.0
Kleby Kalre 2'li Sufle Kabı - Vizon - 10 cm,Sofra,1039.99,208.0
Kleby Kalre Sufle Kabı - Açık Pembe - 10 cm,Sofra,1039.99,208.0
Kleby Natural 4'lü Kase Seti - Renkli - Orta Boy,Sofra,1724.99,345.0
Kleby Natural 6 Kişilik 12 Parça Kahve Fincan Seti - Krem - 90 ml,Sofra,3999.99,800.0
Kleby Natural 6 Kişilik 12 Parça Kahve Fincan Seti - Mavi - 90 ml,Sofra,3999.99,800.0
Kleby Natural 6 Kişilik 12 Parça Kahve Fincan Seti - Turuncu - 90 ml,Sofra,3999.99,800.0
Kleby Natural 6 Kişilik 12 Parça Kahve Fincan Seti - Yeşil - 90 ml,Sofra,3999.99,800.0
Kleby Natural Kase - Krem - Büyük Boy - 14 cm,Sofra,974.99,195.0
Kleby Natural Kase - Mavi - Büyük Boy - 14 cm,Sofra,974.99,195.0
Kleby Natural Kase - Turuncu - Büyük Boy - 14 cm,Sofra,974.99,195.0
Kleby Natural Kase - Yeşil - Büyük Boy - 14 cm,Sofra,974.99,195.0
Kleby Natural Kupa - Krem - 250 ml,Sofra,649.99,130.0
Kleby Natural Kupa - Mavi - 250 ml,Sofra,649.99,130.0
Kleby Natural Kupa - Turuncu - 250 ml,Sofra,649.99,130.0
Kleby Natural Kupa - Yeşil - 250 ml,Sofra,649.99,130.0
Kleby Nouveau 2 Kişilik 4 Parça Kahve Fincan Seti - İndigo/Toprak - 90 ml,Sofra,1897.99,379.6
La Papillion 84 Parça Çatal Bıçak Kaşık Seti - Silver,Sofra,54999.99,11000.0
La Rose 42 Parça Çatal Bıçak Kaşık Seti -  Gümüş,Sofra,29999.99,6000.0
La Rose 84 Parça Çatal Bıçak Kaşık Seti - Silver,Sofra,54999.99,11000.0
Laca Sunum Tabağı 23.5cm,Sofra,909.99,182.0
Lahey Süzgeçli Borosilikat Cam Demlik 720ML,Sofra,3449.99,690.0
Lapelisse 2-li Çift Camlı Bardak - 70ML,Sofra,2529.99,506.0
Laura Kupa - Koyu Bej - 360 ml,Sofra,779.99,156.0
Laura Kupa - Koyu Mavi - 360 ml,Sofra,779.99,156.0
Laura Kupa - Koyu Yeşil - 360 ml,Sofra,779.99,156.0
Laurette Tek Kullanımlık Masa Örtüsü - 120x100 cm,Sofra,454.99,91.0
Laurette Tek Kullanımlık Masa Örtüsü - İndigo/Bej - 80x100 cm,Sofra,454.99,91.0
Lavander Oval Tepsi,Sofra,1689.99,338.0
Lavander Yuvarlak Tepsi,Sofra,1689.99,338.0
Lavem 6-lı Çay Bardağı Seti,Sofra,749.99,150.0
Lavem-Daisy Touch 6'lı Çay Bardağı Seti,Sofra,1954.99,391.0
Lavem-Nostalgic Flowers 6-lı Çay Bardağı Seti,Sofra,1954.99,391.0
Lavem-Orange World 6'lı Çay Bardağı Seti,Sofra,1954.99,391.0
Lavem-White Flowers 6-lı Çay Bardağı Seti,Sofra,1954.99,391.0
Lavender Pente 2-li Kupa Seti,Sofra,1624.99,325.0
Lavern Kase - Beyaz - Büyük Boy,Sofra,8499.99,1700.0
Lavern Kase - Beyaz - Küçük Boy,Sofra,4024.99,805.0
Lavern Kase - Beyaz - Orta Boy,Sofra,5799.99,1160.0
Lavinia 4'lü Kırmızı Şarap Kadehi Seti - 270 ml,Sofra,2874.99,575.0
Lavinia 4'lü Şampanya Kadehi Seti - 150 ml,Sofra,2874.99,575.0
Lavinia Masa Örtüsü - Gri - 160x230 cm,Sofra,4499.99,900.0
Lavinia Masa Örtüsü - Gri - 160x300 cm,Sofra,5499.99,1100.0
Lazule Polycotton Masa Örtüsü - Açık Mavi/Bej - 150x150 cm,Sofra,1954.99,391.0
Lazule Polycotton Masa Örtüsü - Açık Mavi/Bej - 150x250 cm,Sofra,2874.99,575.0
Lena 2'li Kahve Fincan Takımı - Renkli - 90 ml,Sofra,2529.99,506.0
Lena 4'lü Kahve Fincan Seti - Renkli - 90 ml,Sofra,4699.99,940.0
Lena 4'lü Kahve Fincan Takımı - Renkli - 90 ml,Sofra,3799.99,760.0
Lendina Pvc Masa Örtüsü,Sofra,624.99,125.0
Leva Amerikan Servis 4'lü,Sofra,3909.99,782.0
Liana Ayı Bear Yuvarlak Tepsi,Sofra,1273.99,254.8
Liana Baharatlık 190 ml,Sofra,298.99,59.8
Liana Baharatlık 190 ml,Sofra,298.99,59.8
Liana Baharatlık 210 ml,Sofra,298.99,59.8
Liana Baharatlık 210 ml,Sofra,298.99,59.8
Liana Baharatlık 244 ml,Sofra,298.99,59.8
Liana Baharatlık 244 ml,Sofra,298.99,59.8
Liana Kaşıklı Baharatlık 210 ml,Sofra,298.99,59.8
Libero Pasta Tabağı - Mavi/Beyaz - 21 cm,Sofra,519.99,104.0
Ligne 2 li Kahve Fincan Seti - Beyaz - 90 ml,Sofra,1559.99,312.0
Ligne 6 Kişilik 12 Parça Kahve Fincan Takımı - Beyaz - 110 ml,Sofra,3794.99,759.0
Ligne Kupa - Gold - 350 ml,Sofra,1429.99,286.0
Ligne Nouveau 2 Kişilik 4 Parça Kahve Fincan Seti - Açık Kahve - 90 ml,Sofra,1897.99,379.6
Ligne Nouveau 2 Kişilik 4 Parça Kahve Fincan Seti - İndigo - 90 ml,Sofra,1897.99,379.6
Lignite Masa Örtüsü - Bej - 160x230 cm,Sofra,4999.99,1000.0
Lignite Masa Örtüsü - Bej - 160x300 cm,Sofra,5999.99,1200.0
Lignite Masa Örtüsü - Gri - 160x230 cm,Sofra,4999.99,1000.0
Lignite Masa Örtüsü - Gri - 160x300 cm,Sofra,5999.99,1200.0
Lignite Runner - Bej,Sofra,2069.99,414.0
Lignite Runner - Gri,Sofra,2069.99,414.0
Linda 6 Kişilik 18 Parça Yemek Takımı - Beyaz,Sofra,24999.99,5000.0
Linda Matara - Amber - 700 ml,Sofra,844.99,169.0
Liora 4'lü Meşrubat Bardağı Seti - 510 ml,Sofra,3104.99,621.0
Liyana Kupa,Sofra,1559.99,312.0
London City 2'li Su Bardağı Seti - Şeffaf,Sofra,1689.99,338.0
Loris 2 Kişilik Kahve Fincan Takımı - Beyaz - 90 ml,Sofra,1559.99,312.0
Loris 6 Kişilik Kahve Fincan Takımı - Beyaz - 90 ml,Sofra,2249.99,450.0
Loris Orta Boy Kase - Kahverengi,Sofra,3219.99,644.0
Loris Şekerlik - Kahverengi,Sofra,3449.99,690.0
Lotus Dekoratif Tabak - Orta Boy - Haki,Sofra,714.99,143.0
Louve Polycotton Masa Örtüsü - Bej/Beyaz - 150x200 cm,Sofra,2529.99,506.0
Louve Polycotton Masa Örtüsü - Mint/Beyaz - 150x200 cm,Sofra,2529.99,506.0
Louvre Amerikan Servis - Naturel,Sofra,1169.99,234.0
Louvre Masa Runner - Naturel,Sofra,3737.99,747.6
Lucie 6 'lı Çay Bardağı Seti - 115ML,Sofra,1819.99,364.0
Lucinda 6 Kişilik 24 Parça Yemek Takımı - Gri/Beyaz,Sofra,12499.99,2500.0
Lumen 4'lü Meşrubat Bardağı Seti - 510 ml,Sofra,3104.99,621.0
Lundi Büyük Tepsi - Naturel,Sofra,2874.99,575.0
Lundi Küçük Tepsi - Naturel,Sofra,2414.99,483.0
Lurie Masa Örtüsü,Sofra,5999.99,1200.0
Lurie Masa Örtüsü,Sofra,5999.99,1200.0
Lurie Masa Örtüsü,Sofra,4999.99,1000.0
Lurie Runner,Sofra,2069.99,414.0
Lusignan Çift Camlı Bardak - Tekli - 270ML,Sofra,1839.99,368.0
Luxe Aimon 6'lı Çay Tabağı Seti - Mavi/Beyaz,Sofra,2644.99,529.0
Luxe Celeste 6'lı Çay Tabağı Seti - Mavi/Beyaz,Sofra,2644.99,529.0
Luxe Couronne 6'lı Çay Tabağı Seti - Mavi/Beyaz,Sofra,2644.99,529.0
Luxe Elodie 6'lı Çay Tabağı Seti - Mavi/Beyaz,Sofra,2644.99,529.0
Luxe Floral 6'lı Çay Tabağı Seti - Mavi/Beyaz,Sofra,2644.99,529.0
Luxe Nuit 6'lı Çay Tabağı Seti - Mavi/Beyaz,Sofra,2644.99,529.0
Lyon Oval Kase 21.5cm,Sofra,1559.99,312.0
Lysandre Tabak - Beyaz,Sofra,844.99,169.0
Mabella 6 Kişilik 18 Parça Yemek Takımı - Beyaz/Bej,Sofra,24999.99,5000.0
Mabella 6 Kişilik 30 Parça Yemek Takımı - Beyaz/Bej,Sofra,34999.99,7000.0
Macario Kase 2.5L,Sofra,909.99,182.0
Macario Kase 4L,Sofra,1299.99,260.0
Macario Salata Seti,Sofra,2874.99,575.0
Madelyn 6 Kişilik 24 Parça Yemek Takımı - Gold/Platin,Sofra,17499.99,3500.0
Madelyn Altın Yaldızlı 6 Kişilik 24 Parça Yemek Takımı - Beyaz/Gold,Sofra,17499.99,3500.0
Madelyn Rea Pasta Tabağı - Mavi - 19 cm,Sofra,779.99,156.0
Madelyn Rea Pasta Tabağı - Yeşil - 19 cm,Sofra,779.99,156.0
Mady 6 Kişilik 18 Parça Yemek Takımı - Koyu Mavi,Sofra,16499.99,3300.0
Mai Küçük Tepsi - Naturel,Sofra,2529.99,506.0
Majori Pvc Masa Örtüsü - 140 cm,Sofra,624.99,125.0
Majori Pvc Masa Örtüsü - 140 cm,Sofra,624.99,125.0
Majori Pvc Masa Örtüsü - Kırmızı - 100x140 cm,Sofra,549.99,110.0
Majori Pvc Masa Örtüsü - Kırmızı - 140x140 cm,Sofra,624.99,125.0
Majori Pvc Masa Örtüsü - Kırmızı - 140x200 cm,Sofra,849.99,170.0
Majori Pvc Masa Örtüsü - İndigo - 100x140 cm,Sofra,549.99,110.0
Majori Pvc Masa Örtüsü - İndigo - 140x140 cm,Sofra,624.99,125.0
Majori Pvc Masa Örtüsü - İndigo - 140x200 cm,Sofra,849.99,170.0
Manon Tepsi - Renkli,Sofra,3794.99,759.0
Marcel 26 Parça Kahvaltı Takımı - Mavi/Beyaz,Sofra,12499.99,2500.0
Margery Servis Tabağı 28 cm,Sofra,753.99,150.8
Margot Tuzluk,Sofra,363.99,72.8
Margot Tuzluk,Sofra,363.99,72.8
Marilyn Karaf,Sofra,1689.99,338.0
Marine 2 Parça Sunum Tabağı,Sofra,2529.99,506.0
Marine 25 cm Salata Kasesi,Sofra,2874.99,575.0
Marivi Dört Bölmeli Çerezlik 33cm,Sofra,909.99,182.0
Marivi Üç Bölmeli Çerezlik 26cm,Sofra,779.99,156.0
Marivi İki Bölmeli Çerezlik 17.5cm,Sofra,584.99,117.0
Marmion 6-Lı Çay Tabağı,Sofra,1039.99,208.0
Marne Masa Örtüsü - Gri - 160x230 cm,Sofra,4999.99,1000.0
Marne Runner - Bej,Sofra,2069.99,414.0
Marne Runner - Gri,Sofra,2069.99,414.0
Mathilda 6 Kişilik 12 Parça Kahve Fincan Takımı - Yeşil - 90 ml,Sofra,3999.99,800.0
Maure 6 Kişilik 12 Parça Kahve Fincan Seti - Mavi - 90 ml,Sofra,3999.99,800.0
Maure 6 Kişilik 12 Parça Kahve Fincan Takımı - Yeşil,Sofra,3999.99,800.0
Mavel Pvc Masa Örtüsü - Bej - 100x140 cm,Sofra,549.99,110.0
Mavel Pvc Masa Örtüsü - Bej - 140x140 cm,Sofra,624.99,125.0
Mayenne Masa Örtüsü,Sofra,6999.99,1400.0
Mayenne Masa Örtüsü - Açık Gri - 160x230 cm,Sofra,5999.99,1200.0
Mayenne Masa Örtüsü - Bej - 160x230 cm,Sofra,5999.99,1200.0
Mayenne Masa Örtüsü - Beyaz - 160x230 cm,Sofra,5999.99,1200.0
Mayenne Runner,Sofra,2069.99,414.0
Medeline 4'lü Meşrubat Bardağı Seti - 350 ml,Sofra,2644.99,529.0
Melay 4'lü Su Bardağı Seti - Şeffaf,Sofra,3104.99,621.0
Menton Mini Kase,Sofra,454.99,91.0
Mer Papillon Kupa,Sofra,909.99,182.0
Merlot 4'lü Amerikan Servis - Renkli,Sofra,649.99,130.0
Merlot 6'lı Çay Bardağı Seti - 115ML,Sofra,1819.99,364.0
Mervon Amerikan Servis - Naturel,Sofra,1169.99,234.0
Mignon 2-li Kahve Fincan Takımı,Sofra,2587.99,517.6
Mila Kupa - Mavi/Beyaz - 360 ml,Sofra,1819.99,364.0
Miller Kupa - Mavi/Beyaz - 360 ml,Sofra,1234.99,247.0
Milo Kase - Beyaz - 20 cm,Sofra,8499.99,1700.0
Mirage 6 Kişilik 24 Parça Yemek Takımı - Beyaz/Gold,Sofra,17499.99,3500.0
Mirage 6 Kişilik 24 Parça Yemek Takımı - Beyaz/Silver,Sofra,17499.99,3500.0
Mirage 6 Kişilik 27 Parça Yemek Takımı - Beyaz/Gold,Sofra,23999.99,4800.0
Mirage 6 Kişilik 27 Parça Yemek Takımı - Beyaz/Silver,Sofra,23999.99,4800.0
Mireille 2'li Kahve Fincan Takımı - Renkli - 90 ml,Sofra,2529.99,506.0
Mireille 4'lü Kahve Fincan Seti - Renkli - 90 ml,Sofra,4699.99,940.0
Monde 6 'lı Çay Bardağı Seti - 115ML,Sofra,1819.99,364.0
Montana 4'lü Amerikan Servis - Krem,Sofra,649.99,130.0
Monte Kupa,Sofra,649.99,130.0
Monte Polish Kupa - Yeşil - 260 ml,Sofra,649.99,130.0
Monte Polish Kupa - İndigo - 260 ml,Sofra,649.99,130.0
Moroccon Masa Örtüsü - Ekru - 160x230 cm,Sofra,5999.99,1200.0
Moroccon Masa Örtüsü - Ekru - 160x300 cm,Sofra,6999.99,1400.0
Moroccon Runner,Sofra,2069.99,414.0
Morose Polycotton Masa Örtüsü - Renkli - 150x200 cm,Sofra,2529.99,506.0
Morose Polycotton Masa Örtüsü - Renkli - 150x250 cm,Sofra,2874.99,575.0
Morris Kupa - Mavi/Beyaz - 360 ml,Sofra,1234.99,247.0
Moulins 2-li Çift Camlı Bardak - 100ML,Sofra,2184.99,437.0
Murs Sunum Tabağı - Kahverengi - 30 cm,Sofra,1724.99,345.0
Musette 4-lü Meşrubat Bardağı Seti,Sofra,1249.99,250.0
Musette 4-lü Su Bardağı Seti,Sofra,999.99,200.0
Myron Kupa - Mavi/Beyaz - 360 ml,Sofra,1819.99,364.0
Nancy 4-lü Set Küçük Boy,Sofra,1429.99,286.0
Nawelle Polycotton Masa Örtüsü - Mavi - 160x160 cm,Sofra,1954.99,391.0
Nawelle Polycotton Masa Örtüsü - Mavi - 160x250 cm,Sofra,2874.99,575.0
Neva 2 Kişilik 4 Parça Gold Kahve Fincan Seti - Renkli - 90 ml,Sofra,2299.99,460.0
Neva Kupa - Renkli - 360 ml,Sofra,1724.99,345.0
New Petit Concept 2 Bölmeli Sunum Tabağı,Sofra,1689.99,338.0
New Petit Concept 3 Bölmeli Sunum Tabağı,Sofra,1689.99,338.0
New Petit Concept 3 Bölmeli Sunum Tabağı,Sofra,1169.99,234.0
New Petit Concept 3 Parça Sunum Tabağı,Sofra,2299.99,460.0
New Petit Concept 4 Bölmeli Küçük Sunum Tabağı,Sofra,1559.99,312.0
New York City 2'li Su Bardağı Seti - Şeffaf,Sofra,1689.99,338.0
Noa Amerikan Servis - Mavi,Sofra,1724.99,345.0
Noa Amerikan Servis - Pudra,Sofra,1724.99,345.0
Noa Runner - Beyaz/Mavi,Sofra,2299.99,460.0
Noa Runner - Beyaz/Pudra,Sofra,2299.99,460.0
Noemie Bölmeli Baharatlık 960Ml,Sofra,909.99,182.0
Nostalgic Dames Demlik - Mavi,Sofra,3799.99,760.0
Nostalgic Daısy Demlik,Sofra,3799.99,760.0
Nostalgic Fleur Demlik - Mavi,Sofra,3799.99,760.0
Nostalgic Papillon Demlik - Mavi,Sofra,3799.99,760.0
Nostang 2'li Amerikan Servis - Beyaz,Sofra,909.99,182.0
Nostang 2'li Amerikan Servis - Ekru,Sofra,909.99,182.0
Nostang 2'li Peçete - Bej,Sofra,909.99,182.0
Nostang 2'li Peçete - Beyaz,Sofra,909.99,182.0
Nostang 2'li Peçete - Beyaz/Lacivert,Sofra,909.99,182.0
Nostang 2'li Peçete - Ekru,Sofra,909.99,182.0
Nostang 2'li Peçete - Gri,Sofra,909.99,182.0
Nostang Masa Örtüsü - Bej - 145x145 cm,Sofra,3162.99,632.6
Nostang Masa Örtüsü - Beyaz - 145x145 cm,Sofra,3162.99,632.6
Nostang Masa Örtüsü - Beyaz - 145x200 cm,Sofra,4024.99,805.0
Nostang Masa Örtüsü - Beyaz/Lacivert - 145x145 cm,Sofra,3162.99,632.6
Nostang Masa Örtüsü - Beyaz/Lacivert - 145x200 cm,Sofra,4024.99,805.0
Nostang Masa Örtüsü - Ekru - 145x145 cm,Sofra,3162.99,632.6
Nostang Masa Örtüsü - Ekru - 145x250 cm,Sofra,3999.99,800.0
Nostang Masa Örtüsü - Gri - 145x145 cm,Sofra,3162.99,632.6
Nostang Masa Örtüsü - Gri - 145x200 cm,Sofra,4024.99,805.0
Nostang Masa Örtüsü - Gri - 145x250 cm,Sofra,3999.99,800.0
Nova Pasta Tabağı - Beyaz - 21 cm,Sofra,649.99,130.0
Nova Sos Tenceresi - Çelik - 12 cm,Sofra,2499.99,500.0
Noya Altın Yaldızlı 6 Kişilik 24 Parça Yemek Takımı - Beyaz/Gold,Sofra,17499.99,3500.0
Nuage Pasta Tabağı - Mavi - 21 cm,Sofra,909.99,182.0
Nuit Kayık Tabak - Gri - 20 cm,Sofra,909.99,182.0
Nuit Kayık Tabak - Gri - 25 cm,Sofra,1299.99,260.0
Nuit Kayık Tabak - Pembe - 20 cm,Sofra,909.99,182.0
Nuit Kayık Tabak - Pembe - 25 cm,Sofra,1299.99,260.0
Nuit Pasta Tabağı - Gri - 19 cm,Sofra,779.99,156.0
Nuit Pasta Tabağı - Pembe - 19 cm,Sofra,779.99,156.0
Odette 6 Kişilik 28 Parça Yemek Takımı - Beyaz/Gold,Sofra,23999.99,4800.0
Odette 6 Kişilik 28 Parça Yemek Takımı - Beyaz/Silver,Sofra,23999.99,4800.0
Oiseau 2 Kişilik 10 Parça İkram Yemek Seti - Mavi/Beyaz,Sofra,4024.99,805.0
Oiseau Pasta Tabağı - Mavi/Beyaz - 21 cm,Sofra,584.99,117.0
Olive Oval Tepsi,Sofra,1689.99,338.0
Olivie Polish Kupa - Kahverengi - 250 ml,Sofra,649.99,130.0
Olivie Polish Kupa - Yeşil - 250 ml,Sofra,649.99,130.0
Olivie Polish Kupa - İndigo - 250 ml,Sofra,649.99,130.0
Olivier Amerikan Servis,Sofra,649.99,130.0
Olivier Ayı Bear Yuvarlak Tepsi,Sofra,1273.99,254.8
Olivier Kupa - Mavi - 285 ml,Sofra,974.99,195.0
Olivier Kupa - Sarı - 285 ml,Sofra,974.99,195.0
Ombrelot %100 Pamuk Masa Örtüsü - Ekru/Kırmızı - 150x220 cm,Sofra,4999.99,1000.0
Opalıne 6-Lı Çay Tabağı Seti,Sofra,1724.99,345.0
Orane 2'li Amerikan Servis - Mavi,Sofra,2299.99,460.0
Orane 2'li Amerikan Servis - Pudra,Sofra,2299.99,460.0
Orane Runner - Mavi,Sofra,2874.99,575.0
Orane Runner - Pudra,Sofra,2874.99,575.0
Oranger Amerikan Servis,Sofra,649.99,130.0
Orel Nakışlı Runner - Beyaz/Pudra,Sofra,1724.99,345.0
Orel Nakışlı Supla - Beyaz/Mavi,Sofra,2299.99,460.0
Orel Nakışlı Supla - Beyaz/Pudra,Sofra,2299.99,460.0
Orient Masa Örtüsü,Sofra,4999.99,1000.0
Orient Masa Örtüsü,Sofra,4999.99,1000.0
Orient Masa Örtüsü,Sofra,5999.99,1200.0
Orient Masa Örtüsü - Gri - 160x300 cm,Sofra,5999.99,1200.0
Orient Runner,Sofra,2069.99,414.0
Orient Runner,Sofra,2069.99,414.0
Orva Dilimleme Bıçağı - Siyah,Sofra,2184.99,437.0
Orville 2-li Dondurma Kasesi,Sofra,909.99,182.0
Oslo İki Bölmeli Çerezlik 25cm,Sofra,1039.99,208.0
Paddington Ayı Bear Kupa - Somon/Mavi - 380 ml,Sofra,2529.99,506.0
Pamella 4'lü Su Bardağı Seti,Sofra,999.99,200.0
Papillon 3lü Baharatlık Seti - Beyaz/Mavi,Sofra,4999.99,1000.0
Paris 4'lü Kırmızı Şarap Kadehi Seti - 265 ml - Şeffaf,Sofra,2529.99,506.0
Paris 4'lü Şampanya Kadehi Seti - 210 ml - Şeffaf,Sofra,2414.99,483.0
Paris City 2'li Su Bardağı Seti - Şeffaf,Sofra,1689.99,338.0
Parma Mini Kase,Sofra,389.99,78.0
Pascala 6'lı Çay Bardağı Seti,Sofra,749.99,150.0
Patrice Ayı Bear Yuvarlak Tepsi,Sofra,1273.99,254.8
Paulina Polycotton Masa Örtüsü - Renkli - 150x200 cm,Sofra,2529.99,506.0
Paulina Polycotton Masa Örtüsü - Renkli - 150x250 cm,Sofra,2874.99,575.0
Perla Kupa - Mavi/Beyaz - 360 ml,Sofra,1234.99,247.0
Perle 6 Kişilik 28 Parça Yemek Takımı - Beyaz,Sofra,16499.99,3300.0
Perle 6 Kişilik 28 Parça Yemek Takımı - Beyaz/Gold,Sofra,23999.99,4800.0
Perle 6 Kişilik 28 Parça Yemek Takımı - Beyaz/Silver,Sofra,23999.99,4800.0
Perline 4-lü Dondurma Kasesi Seti,Sofra,2184.99,437.0
Perline 4-lü Şarap Kadehi Seti,Sofra,2414.99,483.0
Peronne Büyük Bardak Altlığı,Sofra,324.99,65.0
Petit Concept 2-li Mini Sosluk,Sofra,584.99,117.0
Petit Concept 2li Sosluk,Sofra,740.99,148.2
Petit Concept 4 Bölmeli Sunum Tabağı,Sofra,1724.99,345.0
Petit Concept Dikdörtgen Sosluk,Sofra,428.99,85.8
Petit Concept Dikdörtgen Sosluk,Sofra,584.99,117.0
Petit Concept Dikdörtgen Sosluk,Sofra,909.99,182.0
Petit Concept Dikdörtgen Yumurtalık,Sofra,584.99,117.0
Petit Concept Kapaklı Mini Sosluk,Sofra,870.99,174.2
Petit Concept Kapaklı Mini Tereyağlık,Sofra,1195.99,239.2
Petit Concept Kare Kase,Sofra,389.99,78.0
Petit Concept Kare Kase,Sofra,389.99,78.0
Petit Concept Kare Mini Sosluk,Sofra,415.99,83.2
Petit Concept Kulplu Mini Kase,Sofra,519.99,104.0
Petit Concept Mini Sosluk,Sofra,428.99,85.8
Petit Concept Oval Kase,Sofra,285.99,57.2
Petit Concept Sütlük,Sofra,1689.99,338.0
Petit Concept Yumurtalık,Sofra,350.99,70.2
Petit Concept Yuvarlak Kase,Sofra,389.99,78.0
Petit Concept Yuvarlak Yumurtalık,Sofra,675.99,135.2
Philip Ayı Bear Kare Tepsi,Sofra,1273.99,254.8
Philip Ayı Bear Yuvarlak Tepsi,Sofra,1273.99,254.8
Pierretta 4'lü Meşrubat Bardağı Seti,Sofra,1249.99,250.0
Pierretta 4'lü Su Bardağı Seti,Sofra,999.99,200.0
Piquant 2 Kişilik Kahve Fincanı Takımı - 100 ml,Sofra,2587.99,517.6
Pivert Oval Tabak - Somon,Sofra,1839.99,368.0
Planche à Neige 4'lü Su Bardağı Seti - Şeffaf,Sofra,2529.99,506.0
Poisson Tabak - Küçük Boy - Beyaz,Sofra,389.99,78.0
Pour Ayı Bear Kupa - Somon - 380 ml,Sofra,2529.99,506.0
Pradines Masa Örtüsü - Açık Gri - 160x230 cm,Sofra,5999.99,1200.0
Pradines Masa Örtüsü - Beyaz - 160x230 cm,Sofra,5999.99,1200.0
Pradines Masa Örtüsü - Beyaz - 160x300 cm,Sofra,6999.99,1400.0
Pradines Runner,Sofra,2069.99,414.0
Pradines Runner - Açık Gri,Sofra,2069.99,414.0
Prendre Pasta Tabağı,Sofra,779.99,156.0
Prendre Pasta Tabağı - Koyu Gri - 20 cm,Sofra,779.99,156.0
Prendre Yemek Tabağı - Açık Gri - 22 cm,Sofra,844.99,169.0
Printemps 6 Kişilik 24 Parça Yemek Takımı - Yeşil,Sofra,13499.99,2700.0
Printems Longue Kupa - Renkli - 360 ml,Sofra,1819.99,364.0
Printems Minuscule Kupa - Renkli - 360 ml,Sofra,1819.99,364.0
Précieux 2 Kişilik Kahve Fincanı Takımı - 95 ml,Sofra,2587.99,517.6
Ravage Polycotton Masa Örtüsü - Gri/Mint - 150x200 cm,Sofra,2529.99,506.0
Ravello 6 Kişilik 24 Parça Yemek Takımı - Beyaz/Gold,Sofra,17499.99,3500.0
Ravello 6 Kişilik 24 Parça Yemek Takımı - Beyaz/Silver,Sofra,17499.99,3500.0
Ravi Demlik,Sofra,4499.99,900.0
Ravi Demlik,Sofra,4499.99,900.0
Ravi Demlik,Sofra,4499.99,900.0
Ravi Demlik,Sofra,4499.99,900.0
Ravi Demlik - Renkli,Sofra,4499.99,900.0
Raye 6'lı Pasta Tabağı Seti - Renkli,Sofra,3449.99,690.0
Raye Sürahi 1200ml,Sofra,909.99,182.0
Raymond Pvc Masa Örtüsü - Gri/Beyaz - 140 cm,Sofra,624.99,125.0
Raymond Pvc Masa Örtüsü - Gri/Beyaz - 140x140 cm,Sofra,624.99,125.0
Rayne Kupa - Mavi/Beyaz - 360 ml,Sofra,1234.99,247.0
Relief 6 Kişilik 24 Parça Yemek Takımı Gold/Platin,Sofra,17499.99,3500.0
Relief 6 Kişilik 24 Parça Yemek Takımı Gold/Platin,Sofra,17499.99,3500.0
Renard 4'lü Amerikan Servis - Beyaz/Mor,Sofra,649.99,130.0
Renard 4'lü Meşrubat Bardağı Seti - Pembe/Yeşil,Sofra,1954.99,391.0
Renard 4'lü Meşrubat Bardağı Seti - Turuncu/Yeşil - 395 ml,Sofra,1954.99,391.0
Renard 4'lü Su Bardağı Seti - Pembe/Yeşil - 315 ml,Sofra,1724.99,345.0
Renard 4'lü Su Bardağı Seti - Sarı/Pembe - 315 ml,Sofra,1724.99,345.0
Renard 4'lü Su Bardağı Seti - Turuncu/Yeşil - 315 ml,Sofra,1724.99,345.0
Renard Ahşap Kapaklı Baharatlık,Sofra,363.99,72.8
Renard Ahşap Kapaklı Baharatlık,Sofra,363.99,72.8
Renard Ahşap Kapaklı Baharatlık 2'li,Sofra,2529.99,506.0
Renard Ahşap Kapaklı Baharatlık 2'li,Sofra,2529.99,506.0
Renata Dilimleme Bıçağı - Kahverengi,Sofra,4254.99,851.0
Renata Ekmek Bıçağı - Kahverengi,Sofra,4254.99,851.0
Renata Et Bıçağı - Kahverengi,Sofra,2989.99,598.0
Renata Soyma Bıçağı - Kahverengi,Sofra,2874.99,575.0
Renata Çok Amaçlı Bıçak - Kahverengi,Sofra,2989.99,598.0
Reve Bleu Avery Pasta Tabağı - Mavi/Beyaz - 19 cm,Sofra,649.99,130.0
Reve Bleu Bliss Pasta Tabağı - Mavi/Beyaz - 19 cm,Sofra,649.99,130.0
Reve Bleu Bliss Servis Tabağı - Mavi/Beyaz - 25 cm,Sofra,909.99,182.0
Reve Bleu Bliss Yemek Tabağı - 20 cm - Mavi/Beyaz,Sofra,779.99,156.0
Reve Bleu Celeste Pasta Tabağı - Mavi/Beyaz - 19 cm,Sofra,649.99,130.0
Reve Bleu Celeste Yemek Tabağı - 20 cm - Mavi/Beyaz,Sofra,779.99,156.0
Reve Bleu Chantal Pasta Tabağı - Mavi/Beyaz - 19 cm,Sofra,649.99,130.0
Reve Bleu Ellis Kase - Mavi/Beyaz - 11 cm,Sofra,1000.99,200.2
Reve Bleu Ellis Kase - Mavi/Beyaz - 12 cm,Sofra,909.99,182.0
Reve Bleu Ellis Kase - Mavi/Beyaz - 12 cm,Sofra,1000.99,200.2
Reve Bleu Elodie Yemek Tabağı - 20 cm - Mavi/Beyaz,Sofra,779.99,156.0
Reve Bleu Floral Yemek Tabağı - Mavi/Beyaz - 20 cm,Sofra,779.99,156.0
Reve Bleu Freya Kare Tabak - 12 cm - Mavi/Beyaz,Sofra,1195.99,239.2
Reve Bleu Freya Kase - Mavi/Beyaz - 10 cm,Sofra,675.99,135.2
Reve Bleu Freya Mini Kase - Mavi/Beyaz - 9 cm,Sofra,428.99,85.8
Reve Bleu Jardin Pasta Tabağı - Mavi/Beyaz - 19 cm,Sofra,649.99,130.0
Reve Bleu Jardin Servis Tabağı - 25 cm - Mavi/Beyaz,Sofra,909.99,182.0
Reve Bleu Jardin Yemek Tabağı - Mavi/Beyaz - 20 cm,Sofra,779.99,156.0
Reve Bleu Lucida Kase - Mavi/Beyaz - 10 cm,Sofra,675.99,135.2
Reve Bleu Mais Dikdörtgen Tabak - 22 cm - Mavi/Beyaz,Sofra,1299.99,260.0
Reve Bleu Mais Kare Tabak - 12 cm - Mavi/Beyaz,Sofra,1195.99,239.2
Reve Bleu Manon Kase - Mavi/Beyaz - 11 cm,Sofra,1000.99,200.2
Reve Bleu Nuit Pasta Tabağı - 19 cm - Mavi/Beyaz,Sofra,649.99,130.0
Reve Bleu Nuit Servis Tabağı - 25 cm - Mavi/Beyaz,Sofra,909.99,182.0
Reve Bleu Nuit Yemek Tabağı - 20 cm - Mavi/Beyaz,Sofra,779.99,156.0
Reve Bleu Raye Kare Tabak - 12 cm - Mavi/Beyaz,Sofra,675.99,135.2
Reve Bleu Raye Kare Tabak - 12 cm - Mavi/Beyaz,Sofra,1195.99,239.2
Reve Bleu Raye Kase - Mavi/Beyaz - 11 cm,Sofra,1000.99,200.2
Reve Bleu Raye Kase - Mavi/Beyaz - 12 cm,Sofra,1000.99,200.2
Reve Bleu Raye Kase - Mavi/Beyaz - 12 cm,Sofra,909.99,182.0
Reve Bleu Raye Oval Tabak - 15 cm - Mavi/Beyaz,Sofra,909.99,182.0
Reve Bleu Raye Oval Tabak - 16 cm - Mavi/Beyaz,Sofra,909.99,182.0
Reve Bleu Reneta Kase - Mavi/Beyaz - 11 cm,Sofra,1000.99,200.2
Reve Bleu Reneta Kase - Mavi/Beyaz - 12 cm,Sofra,909.99,182.0
Reve Bleu Reneta Oval Tabak - 16 cm - Mavi/Beyaz,Sofra,909.99,182.0
Reve Bleu Reneta Oval Tabak - 22 cm - Mavi/Beyaz,Sofra,1429.99,286.0
Reve Bleu Seren Kare Tabak - 12 cm - Mavi/Beyaz,Sofra,1195.99,239.2
Reve Bleu Seren Oval Tabak - 15 cm - Mavi/Beyaz,Sofra,909.99,182.0
Reve Bleu Serenity Pasta Tabağı - 19 cm - Mavi/Beyaz,Sofra,649.99,130.0
Reve Bleu Serenity Yemek Tabağı - 20 cm - Mavi/Beyaz,Sofra,779.99,156.0
Reve Bleu Tierra Kase - Mavi/Beyaz - 10 cm,Sofra,675.99,135.2
Reve Bleu Tierra Mini Kase - Mavi/Beyaz - 9 cm,Sofra,428.99,85.8
Reve Bleu Tierra Oval Tabak - 22 cm - Mavi/Beyaz,Sofra,1429.99,286.0
Reve Bleu Tierra Tabak - 19 cm - Mavi/Beyaz,Sofra,1195.99,239.2
Reve Bleu Tierra Yuvarlak Tabak - 19 cm - Mavi/Beyaz,Sofra,1429.99,286.0
Reve Bleu Verve Kare Tabak - 12 cm - Mavi/Beyaz,Sofra,1195.99,239.2
Reve Bleu Verve Tabak - 17 cm - Mavi/Beyaz,Sofra,1195.99,239.2
Reve Bleu Vista Kare Tabak - 17 cm - Mavi/Beyaz,Sofra,1429.99,286.0
Reve Bleu Vista Oval Tabak - 15 cm - Mavi/Beyaz,Sofra,909.99,182.0
Reve Bleu Vista Tabak - 17 cm - Mavi/Beyaz,Sofra,1195.99,239.2
Reve Blue Seren Yuvarlak Tepsi - Mavi/Beyaz,Sofra,1724.99,345.0
Reve Carol 4'lü Amerikan Servis - Renkli,Sofra,649.99,130.0
Rita Büyük Kupa - Mavi,Sofra,779.99,156.0
Rita Büyük Kupa - Yeşil,Sofra,779.99,156.0
Rita Küçük Kupa - Bej - 180 ml,Sofra,649.99,130.0
Rita Küçük Kupa - Mavi - 180 ml,Sofra,649.99,130.0
Rita Küçük Kupa - Yeşil - 180 ml,Sofra,649.99,130.0
Riz Kupa - Bej,Sofra,779.99,156.0
Riz Kupa - Koyu Yeşil,Sofra,779.99,156.0
Robin Pasta Tabağı - Beyaz/Bej - 21 cm,Sofra,519.99,104.0
Romy Tabak - Renkli,Sofra,649.99,130.0
Ronceray %100 Pamuk Runner - Ekru/Kırmızı,Sofra,2874.99,575.0
Ronceray 2'li %100 Pamuk Amerikan Servis - Ekru/Kırmızı,Sofra,2299.99,460.0
Roni Pvc Masa Örtüsü - Ekru - 140x140 cm,Sofra,2299.99,460.0
Roni Pvc Masa Örtüsü - Ekru/Ekru - 140x200 cm,Sofra,2874.99,575.0
Rosalie Grand 2'li Amerikan Servis - Beyaz/Gri,Sofra,649.99,130.0
Rosane Amerikan Servis - Beyaz/Kırmızı,Sofra,2299.99,460.0
Rosane Amerikan Servis - Beyaz/Lacivert,Sofra,2299.99,460.0
Rosane Runner - Beyaz/Kırmızı,Sofra,2874.99,575.0
Rosane Runner - Beyaz/Lacivert,Sofra,2874.99,575.0
Rosanel Polycotton Masa Örtüsü - Bej - 150x200 cm,Sofra,2529.99,506.0
Rosanel Polycotton Masa Örtüsü - Bej - 150x250 cm,Sofra,2874.99,575.0
Rosanel Polycotton Masa Örtüsü - Fuşya - 150x200 cm,Sofra,2529.99,506.0
Rosanel Polycotton Masa Örtüsü - Fuşya - 150x250 cm,Sofra,2874.99,575.0
Rosetta 2-li Tuzluk-Baharatlık,Sofra,499.99,100.0
Rosnay Sunum Tabağı - Kahverengi - 21 cm,Sofra,779.99,156.0
Rosnay Sunum Tabağı - Kahverengi - 29 cm,Sofra,1299.99,260.0
Ruben Kupa - Beyaz - 285 ml,Sofra,974.99,195.0
Ruben Kupa - Lacivert - 285 ml,Sofra,974.99,195.0
Ruben Kupa - Sarı - 285 ml,Sofra,974.99,195.0
Rumsy Kase,Sofra,2299.99,460.0
Rêve Bleu Ange New Bone China Servis Tabağı - 15 cm - Mavi/Beyaz,Sofra,1169.99,234.0
Rêve Bleu Ange pasta tabağı 19 cm,Sofra,649.99,130.0
Rêve Bleu Angers New Bone China Dikdörtgen Tabak,Sofra,1299.99,260.0
Rêve Bleu Angers New Bone China Kare Tabak,Sofra,675.99,135.2
Rêve Bleu Belfort New Bone China Oval Kulplu Tabak,Sofra,1429.99,286.0
Rêve Bleu Bourges New Bone China Kare Kulplu Tabak,Sofra,1429.99,286.0
Rêve Bleu Brest New Bone China Dikdörtgen Tabak,Sofra,1299.99,260.0
Rêve Bleu Brest New Bone China Kare Kulplu Tabak,Sofra,1429.99,286.0
Rêve Bleu Brest New Bone China Kare Tabak,Sofra,675.99,135.2
Rêve Bleu Brest New Bone China Oval Kulplu Tabak,Sofra,1429.99,286.0
Rêve Bleu Brest New Bone China Oval Kulplu Tabak,Sofra,909.99,182.0
Rêve Bleu Brest New Bone China Oval Tabak,Sofra,909.99,182.0
Rêve Bleu Carre Kase,Sofra,909.99,182.0
Rêve Bleu Carre Kase,Sofra,1000.99,200.2
Rêve Bleu Carre Oval Tabak,Sofra,1195.99,239.2
Rêve Bleu Celeste Servis Tabağı - 25 cm - Mavi/Beyaz,Sofra,909.99,182.0
Rêve Bleu Commande pasta tabağı 19 cm,Sofra,649.99,130.0
Rêve Bleu Couronne pasta tabağı 19 cm,Sofra,649.99,130.0
Rêve Bleu Drancy New Bone China Kare Tabak,Sofra,675.99,135.2
Rêve Bleu Drancy New Bone China Kase,Sofra,675.99,135.2
Rêve Bleu Drancy New Bone China Kulplu Tabak,Sofra,1195.99,239.2
Rêve Bleu Drancy New Bone China Mini Tabak,Sofra,428.99,85.8
Rêve Bleu Esperer pasta tabağı 19 cm,Sofra,649.99,130.0
Rêve Bleu Fleur pasta tabağı 19 cm,Sofra,649.99,130.0
Rêve Bleu Graine Kase,Sofra,1000.99,200.2
Rêve Bleu Joie pasta tabağı 19 cm,Sofra,649.99,130.0
Rêve Bleu Lorient New Bone China Kase,Sofra,675.99,135.2
Rêve Bleu Lorient New Bone China Mini Tabak,Sofra,428.99,85.8
Rêve Bleu Nancy New Bone China Kare Kase,Sofra,1195.99,239.2
Rêve Bleu Nancy New Bone China Kare Kulplu Tabak,Sofra,1429.99,286.0
Rêve Bleu Nancy New Bone China Kase,Sofra,675.99,135.2
Rêve Bleu Niort New Bone China Kase,Sofra,675.99,135.2
Rêve Bleu Petite Mini Tabak,Sofra,428.99,85.8
Rêve Bleu Petite Nancy Bone China Kulplu Tabak,Sofra,1195.99,239.2
Rêve Bleu Petite Oval Tabak,Sofra,1195.99,239.2
Rêve Bleu Pissenlit Yemek Tabağı 21 cm,Sofra,779.99,156.0
Rêve Bleu Rennes New Bone China Dikdörtgen Tabak,Sofra,1299.99,260.0
Rêve Bleu Rennes New Bone China Kare Kase,Sofra,1195.99,239.2
Rêve Bleu Rennes New Bone China Oval Kulplu Tabak,Sofra,909.99,182.0
Rêve Bleu Sauvage New Bone Tabak - Mavi/Beyaz - 15 cm,Sofra,1169.99,234.0
Rêve Bleu Servis Kaşığı,Sofra,4254.99,851.0
Rêve Bleu Servis Kaşığı - Kobalt,Sofra,4254.99,851.0
Rêve Bleu Servis Kaşığı - Mint Yeşili,Sofra,4254.99,851.0
Rêve Bleu Servis Spatulası,Sofra,3219.99,644.0
Rêve Bleu Servis Çatalı,Sofra,4024.99,805.0
Rêve Bleu Servis Çatalı - Kobalt,Sofra,4024.99,805.0
Rêve Bleu Servis Çatalı - Mint Yeşili,Sofra,4024.99,805.0
Rêve Bleu Tours New Bone China Kare Kase,Sofra,1195.99,239.2
Rêve Bleu Tours New Bone China Oval Kulplu Tabak,Sofra,909.99,182.0
Rêve Bleu Tuyau Kase,Sofra,1000.99,200.2
Rêve Bleu Tuyau Mini Tabak,Sofra,428.99,85.8
Rêve Bleu Tuyau Oval Tabak,Sofra,1195.99,239.2
Rêver Ballon Kupa - Beyaz/Kırmızı - 225 ml,Sofra,974.99,195.0
Rêver Cadeau New Bone China Kupa - Kırmızı/Beyaz - 225 ml,Sofra,974.99,195.0
Rêver Ville Kupa - Beyaz/Kırmızı - 225 ml,Sofra,974.99,195.0
Salvi 4'lü Baharatlık Seti - Amber,Sofra,2529.99,506.0
Salvi 4'lü Baharatlık Seti - Füme,Sofra,2529.99,506.0
Sandy Kupa - Mavi/Beyaz - 360 ml,Sofra,1234.99,247.0
Saville Kupa - Soft Bej - 400 ml,Sofra,2069.99,414.0
Sealy 4'lü Amerikan Servis - Beyaz/Kırmızı,Sofra,649.99,130.0
Senna 2-li Tuzluk-Baharatlık Seti,Sofra,974.99,195.0
Sirius Servis Tabağı - Şeffaf - 28 cm,Sofra,753.99,150.8
Solara 6 Kişilik 27 Parça Yemek Takımı - Beyaz,Sofra,16499.99,3300.0
Solara 6 Kişilik 27 Parça Yemek Takımı - Beyaz/Gold,Sofra,23999.99,4800.0
Solara 6 Kişilik 27 Parça Yemek Takımı - Beyaz/Silver,Sofra,23999.99,4800.0
Soleil 2 Kişilik Kahve Fincanı Takımı - Beyaz - 90 ml,Sofra,1559.99,312.0
Souane Polycotton Masa Örtüsü - Turkuaz - 150x200 cm,Sofra,2529.99,506.0
Souane Polycotton Masa Örtüsü - Turkuaz - 150x250 cm,Sofra,2874.99,575.0
Souci Kase - Mavi - 17 cm,Sofra,779.99,156.0
Souci Pasta Tabağı - Bej - 22 cm,Sofra,779.99,156.0
Souci Pasta Tabağı - Krem - 22 cm,Sofra,779.99,156.0
Souci Pasta Tabağı - Mavi - 22 cm,Sofra,779.99,156.0
Souci Servis Tabağı - Mavi - 30 cm,Sofra,1039.99,208.0
Souci Yemek Tabağı - Mavi - 22 cm,Sofra,909.99,182.0
Soulard Yuvarlak Baharatlık 240ml,Sofra,324.99,65.0
Souterrain 6 Kişilik 15 Parça Sunum Yemek Takımı - Mavi/Beyaz,Sofra,7999.99,1600.0
Souterrain 6 Kişilik 15 Parça Sunum Yemek Takımı - Turuncu/Beyaz,Sofra,7999.99,1600.0
Stephanie 30 Parça Çeyiz Seti,Sofra,15999.99,3200.0
Sıdney 6'lı Meşrubat Bardağı 150 ml,Sofra,2874.99,575.0
Terra Tabak - Renkli,Sofra,1819.99,364.0
Thierry 6-lı Çay Tabağı,Sofra,1724.99,345.0
Tilda 2-li Tuzluk-Baharatlık,Sofra,974.99,195.0
Tillleul 4'lü Pasta Tabağı Seti - Renkli - 19 cm,Sofra,2299.99,460.0
Torce 4'lü Çay Fincanı Seti - 115 ml,Sofra,1429.99,286.0
Tortue Yuvarlak Sunum Tepsi - Mavi/Beyaz,Sofra,935.99,187.2
Tortues Amerikan Servis,Sofra,649.99,130.0
Toscolano 6'lı Mini Sosluk Seti - 55ML,Sofra,749.99,150.0
Toulouse Kase - Şeffaf - 13 cm,Sofra,454.99,91.0
Toulouse Yemek Tabağı - 28 CM,Sofra,779.99,156.0
Toulouse Çukur Tabak - Şeffaf - 22 cm,Sofra,714.99,143.0
Trace 6-Lı Çay Tabağı,Sofra,1559.99,312.0
Travis 6-Lı Çay Tabağı,Sofra,1724.99,345.0
Tropikal 3-Lü Su Bardağı Seti,Sofra,999.99,200.0
Tropikal Su Şişesi 1Lt,Sofra,2184.99,437.0
Trouville El Yapımı Kulplu Cam Karaf,Sofra,14999.99,3000.0
Tulipe Kupa,Sofra,249.99,50.0
Tulipe Kupa,Sofra,249.99,50.0
Tulipe Kupa,Sofra,249.99,50.0
Tulipe Reacy Kupa,Sofra,249.99,50.0
Ursula Sunum Tabağı 36.5cm,Sofra,1234.99,247.0
Vagony 4'lü Amerikan Servis - Beyaz/Mavi,Sofra,649.99,130.0
Vagony 4'lü Amerikan Servis - Beyaz/Mint Yeşili,Sofra,649.99,130.0
Vagony 4'lü Amerikan Servis - Beyaz/Pembe,Sofra,649.99,130.0
Vagony 4'lü Amerikan Servis - Beyaz/Sarı,Sofra,649.99,130.0
Vagony Kare Tepsi - Beyaz/Mint Yeşili,Sofra,1273.99,254.8
Vagony Kare Tepsi - Beyaz/Sarı,Sofra,1273.99,254.8
Valentano Çift Camlı Bardak - Tekli - 240ML,Sofra,1819.99,364.0
Valerine Amerikan Servis,Sofra,1039.99,208.0
Valerio 4-lü Kırmızı Şarap Kadehi Seti,Sofra,2644.99,529.0
Valerıe Runner,Sofra,2069.99,414.0
Valerıe Runner,Sofra,2069.99,414.0
Vannes 4'lü Çay Fincanı Seti,Sofra,1429.99,286.0
Vannes Borosilikat Cam Sürahi - 1400ML - Kulplu,Sofra,4299.99,860.0
Vela 2 Kişilik 4 Parça Kahve Fincan Seti - Bej - 90 ml,Sofra,1897.99,379.6
Vela 2 Kişilik 4 Parça Kahve Fincan Seti - Gri - 90 ml,Sofra,1897.99,379.6
Vela 2 Kişilik 4 Parça Kahve Fincan Seti - Mavi - 90 ml,Sofra,1897.99,379.6
Vela 2 Kişilik 4 Parça Kahve Fincan Seti - Pudra - 90 ml,Sofra,1897.99,379.6
Vela 2 Kişilik 4 Parça Kahve Fincan Seti - Yeşil - 90 ml,Sofra,1897.99,379.6
Vela 6 Kişilik 12 Parça Kahve Fincan Takımı - Beyaz/Gold - 90 ml,Sofra,4999.99,1000.0
Vela 6 Kişilik 12 Parça Kahve Fincan Takımı - Beyaz/Silver - 90 ml,Sofra,4999.99,1000.0
Verdoyant Peçete Yüzüğü - Naturel,Sofra,2414.99,483.0
Verly 6 Kişilik 12 Parça Kahve Fincan Takımı - Beyaz/Gold - 95 ml,Sofra,4999.99,1000.0
Verly 6 Kişilik 12 Parça Kahve Fincan Takımı - Beyaz/Silver - 95 ml,Sofra,4999.99,1000.0
Versay Çelik Filtreli Borosilikat Cam Demlik 600ML,Sofra,3449.99,690.0
Victorine 6-lı Çay Bardağı Seti,Sofra,749.99,150.0
Vie Rouge Bourges 4'lü Çay Seti - Mavi/Beyaz - 155 ml,Sofra,1249.99,250.0
Vie Rouge Bourges 8'li Çay Seti - Mavi/Beyaz - 108 ml,Sofra,1899.99,380.0
Vigeant Çift Ca mlı Bardak - Tekli - 230 ml,Sofra,1819.99,364.0
Viola 6 Kişilik 24 Parça Yemek Takımı - Beyaz/Silver,Sofra,17499.99,3500.0
Violet Borosilikat Cam Bardak - Sarı/Mavi - 350 ml,Sofra,1954.99,391.0
Violet Kupa - Carmen Kırmızı - 260 ml,Sofra,249.99,50.0
Violet Kupa - Terra Cotta - 260 ml,Sofra,249.99,50.0
Violet PVC Masa Örtüsü - Beyaz - 140x140 cm,Sofra,624.99,125.0
Violet Pvc Masa Örtüsü,Sofra,624.99,125.0
Violet Pvc Masa Örtüsü,Sofra,849.99,170.0
Violet Pvc Masa Örtüsü,Sofra,624.99,125.0
Violet Pvc Masa Örtüsü,Sofra,549.99,110.0
Violet Pvc Masa Örtüsü,Sofra,624.99,125.0
Violet Pvc Masa Örtüsü - Beyaz - 100x140 cm,Sofra,549.99,110.0
Voir Ayı Bear Kupa - Bej/Mavi - 380 ml,Sofra,2529.99,506.0
Vole Pasta Tabağı - Bej - 19 cm,Sofra,779.99,156.0
Vole Pasta Tabağı - Krem - 19 cm,Sofra,779.99,156.0
Vole Pasta Tabağı - Mavi - 19 cm,Sofra,779.99,156.0
Vole Salata Kasesi - Bej - 23 cm,Sofra,1724.99,345.0
Vole Salata Kasesi - Mavi - 23 cm,Sofra,1724.99,345.0
Vole Yemek Tabağı - Mavi - 19 cm,Sofra,909.99,182.0
Vorem Pamuklu Masa Örtüsü - Mavi - 160x160 cm,Sofra,1954.99,391.0
Vorem Pamuklu Masa Örtüsü - Mavi - 160x200 cm,Sofra,2529.99,506.0
Vorem Pamuklu Masa Örtüsü - Mavi - 160x250 cm,Sofra,2874.99,575.0
Voyage 4-lü Ayaklı Likör Bardağı Seti,Sofra,2644.99,529.0
Voyage 4-lü Beyaz Şarap Kadehi Seti,Sofra,2759.99,552.0
Voyage 4-lü Likör Bardağı Seti,Sofra,1559.99,312.0
Voyage 4-lü Martini Kadehi Seti,Sofra,3334.99,667.0
Voyant 2 Kişilik Kahve Fincanı Takımı - 95 ml,Sofra,2587.99,517.6
Wanzele Polycotton Masa Örtüsü - Mavi - 160x250 cm,Sofra,2874.99,575.0
White Flowers Pierretta 4 lü Su Bardağı Seti - 380 ml,Sofra,2299.99,460.0
White Rugs Musette 4 lü Meşrubat Bardağı Seti - 365 ml,Sofra,1249.99,250.0
White Rugs Pierretta 4 lü Meşrubat Bardağı Seti - 510 ml,Sofra,1249.99,250.0
Yvette Yuvarlak Kase 12cm,Sofra,519.99,104.0
Yvette Yuvarlak Kase 16cm,Sofra,909.99,182.0
İstanbul City 2'li Su Bardağı Seti - Şeffaf,Sofra,1689.99,338.0
2'li Klimalı Yastık - Beyaz/Açık Gri - 50x70 cm,Yatak Odası,3399.99,680.0
Aceline Tek Kişilik %100 Pamuk Yatak Örtüsü - Lacivert,Yatak Odası,9999.99,2000.0
Aceline Tek Kişilik %100 Pamuk Yatak Örtüsü - Turuncu,Yatak Odası,9999.99,2000.0
Aceline Çift Kişilik %100 Pamuk Yatak Örtüsü - Beyaz,Yatak Odası,13999.99,2800.0
Aceline Çift Kişilik %100 Pamuk Yatak Örtüsü - Gri,Yatak Odası,13999.99,2800.0
Aceline Çift Kişilik %100 Pamuk Yatak Örtüsü - Haki,Yatak Odası,13999.99,2800.0
Aceline Çift Kişilik%100 Pamuk Yatak Örtüsü - Lacivert,Yatak Odası,13999.99,2800.0
Adelya Family Size %100 Pamuk Coco Crep Baskılı Çarşaflı Nevresim Takımı - Bej,Yatak Odası,12999.99,2600.0
Adelya Family Size %100 Pamuk Coco Crep Baskılı Çarşaflı Nevresim Takımı - Mürdüm,Yatak Odası,12999.99,2600.0
Adelya King Size %100 Pamuk Madame Coco Crep Baskılı Çarşaflı Nevresim Takımı - Mürdüm,Yatak Odası,10999.99,2200.0
Adelya Çift Kişilik %100 Pamuk Madame Coco Crep Baskılı Çarşaflı Nevresim Takımı - Mürdüm,Yatak Odası,8999.99,1800.0
Adile Çift Kişilik %100 Pamuk Nakışlı Çarşaflı Nevresim Takımı - Beyaz,Yatak Odası,11999.99,2400.0
Adrien King Size %100 Pamuk Çizgili Kapaklı Çarşaflı Nevresim Takımı - Ekru,Yatak Odası,11999.99,2400.0
Adrien King Size %100 Pamuk Çizgili Kapaklı Çarşaflı Nevresim Takımı - Gri,Yatak Odası,11999.99,2400.0
Adrien Çift Kişilik %100 Pamuklu Çizgili Kapaklı Çarşaflı Nevresim Takımı - Bej,Yatak Odası,10999.99,2200.0
Adrien Çift Kişilik %100 Pamuklu Çizgili Kapaklı Çarşaflı Nevresim Takımı - Ekru,Yatak Odası,10999.99,2200.0
Adrien Çift Kişilik %100 Pamuklu Çizgili Kapaklı Çarşaflı Nevresim Takımı - Gri,Yatak Odası,10999.99,2200.0
Afrodille Çift Kişilik %100 Pamuk Ranforce Baskılı Nevresim Takımı - Bej,Yatak Odası,6499.99,1300.0
Afrodille Çift Kişilik %100 Pamuk Ranforce Baskılı Nevresim Takımı - Mint Yeşili,Yatak Odası,6499.99,1300.0
Agate King Size %100 Pamuk Madame Coco Crep Baskılı Çarşaflı Nevresim Takımı - Gri,Yatak Odası,10999.99,2200.0
Agnes King Size Müslin İpliği Boyalı Lastikli Çarşaflı Nevresim Takımı - Bej,Yatak Odası,18999.99,3800.0
Agnes King Size Müslin İpliği Boyalı Lastikli Çarşaflı Nevresim Takımı - Haki,Yatak Odası,18999.99,3800.0
Agnes King Size Müslin İpliği Boyalı Lastikli Çarşaflı Nevresim Takımı - Turuncu,Yatak Odası,18999.99,3800.0
Agnes Tek Kişilik Müslin İpliği Boyalı Lastikli Çarşaflı Nevresim Takımı - Bej,Yatak Odası,11999.99,2400.0
Agnes Tek Kişilik Müslin İpliği Boyalı Lastikli Çarşaflı Nevresim Takımı - Haki,Yatak Odası,11999.99,2400.0
Agnes Tek Kişilik Müslin İpliği Boyalı Lastikli Çarşaflı Nevresim Takımı - Turuncu,Yatak Odası,11999.99,2400.0
Agnes Çift Kişilik Müslin İpliği Boyalı Lastikli Çarşaflı Nevresim Takımı - Bej,Yatak Odası,15999.99,3200.0
Agnes Çift Kişilik Müslin İpliği Boyalı Lastikli Çarşaflı Nevresim Takımı - Haki,Yatak Odası,15999.99,3200.0
Agnes Çift Kişilik Müslin İpliği Boyalı Lastikli Çarşaflı Nevresim Takımı - Turuncu,Yatak Odası,15999.99,3200.0
Aida Tek Kişilik Pamuklu Baskılı Çarşaflı Nevresim Takımı - Bej,Yatak Odası,3999.99,800.0
Aida Tek Kişilik Pamuklu Çarşaflı Baskılı Nevresim Takımı - Mavi,Yatak Odası,3999.99,800.0
Aida Çift Kişilik Pamuklu Çarşaflı Baskılı Nevresim Takımı - Bej,Yatak Odası,4999.99,1000.0
Aida Çift Kişilik Pamuklu Çarşaflı Baskılı Nevresim Takımı - Mavi,Yatak Odası,4999.99,1000.0
Alaise Sıvı Geçirmez Fitted Tek Kişilik Yatak Alezi - Beyaz,Yatak Odası,2749.99,550.0
Alaise Sıvı Geçirmez Fitted Çift Kişilik Yatak Alezi - Beyaz,Yatak Odası,3499.99,700.0
Alaise Sıvı Geçirmez Köşe Lastikli King Size Yatak Alezi - Beyaz,Yatak Odası,3794.99,759.0
Alard King Size %100 Pamuk Karde Baskılı Pike Takımı - Mercan,Yatak Odası,8999.99,1800.0
Alard King Size %100 Pamuk Karde Baskılı Pike Takımı - Mint Yeşili,Yatak Odası,8999.99,1800.0
Alard King Size %100 Pamuk Ranforce Baskılı Çarşaflı Nevresim Takımı - Mint Yeşili,Yatak Odası,8999.99,1800.0
Alard Tek Kişilik %100 Pamuk Karde Baskılı Pike Takımı - Mercan,Yatak Odası,4999.99,1000.0
Alard Tek Kişilik %100 Pamuk Karde Baskılı Pike Takımı - Mint Yeşili,Yatak Odası,4999.99,1000.0
Alard Tek Kişilik %100 Pamuk Ranforce Baskılı Çarşaflı Nevresim Takımı - Mercan,Yatak Odası,5499.99,1100.0
Alard Çift Kişilik %100 Pamuk Karde Baskılı Pike Takımı - Mercan,Yatak Odası,5999.99,1200.0
Alard Çift Kişilik %100 Pamuk Karde Baskılı Pike Takımı - Mint Yeşili,Yatak Odası,5999.99,1200.0
Alard Çift Kişilik %100 Pamuk Ranforce Baskılı Çarşaflı Nevresim Takımı - Mercan,Yatak Odası,6499.99,1300.0
Alba Family Size - 300TC Saten Nevresim Takımı,Yatak Odası,21999.99,4400.0
Alcon Family Size Baskılı - 300TC Saten Nevresim Takımı,Yatak Odası,21999.99,4400.0
Aleon King Size Baskılı - 300TC Saten Çarşaflı Nevresim Takımı,Yatak Odası,18999.99,3800.0
Aleon Çift Kişilik Baskılı - 300TC Saten Çarşaflı Nevresim Takımı,Yatak Odası,15999.99,3200.0
Alher Family Size Çarşaflı Nevresim Takımı,Yatak Odası,12999.99,2600.0
Alida %100 Pamuk Ranforce 2'li Yastık Kılıfı - Pudra,Yatak Odası,1299.99,260.0
Alida Çift Kişilik %100 Pamuk Ranforce Baskılı Nevresim Takımı - Gri,Yatak Odası,6499.99,1300.0
Allure King Size %100 Pamuk Çarşaflı Nevresim Takımı - Turkuaz,Yatak Odası,12999.99,2600.0
Allure King Size %100 Pamuk Çarşaflı Nevresim Takımı - Turuncu,Yatak Odası,12999.99,2600.0
Allure Çift Kişilik %100 Pamuk Çarşaflı Nevresim Takımı - Lacivert,Yatak Odası,11999.99,2400.0
Allure Çift Kişilik %100 Pamuk Çarşaflı Nevresim Takımı - Turkuaz,Yatak Odası,11999.99,2400.0
Aloevera Yastık,Yatak Odası,2529.99,506.0
Alpagny Tv Battaniye - Gri,Yatak Odası,4999.99,1000.0
Alpagny Çift Kişilik Battaniye - Gri,Yatak Odası,7999.99,1600.0
Aluin %100 Pamuk Ranforce 2'li Yastık Kılıfı - Bej,Yatak Odası,1299.99,260.0
Aluin King Size  Ranforce Baskılı Çarşaflı Nevresim Takımı,Yatak Odası,8999.99,1800.0
Aluin King Size  Ranforce Baskılı Çarşaflı Nevresim Takımı,Yatak Odası,8999.99,1800.0
Amelia Çift Kişilik Pamuklu Armürlü Nevresim Takımı - Gri,Yatak Odası,6499.99,1300.0
Amelia Çift Kişilik Pamuklu Armürlü Nevresim Takımı - Taş,Yatak Odası,6499.99,1300.0
Amelia Çift Kişilik Pamuklu Armürlü Çarşaflı Nevresim Takımı - Taş,Yatak Odası,6499.99,1300.0
Amour %100 Pamuk Nakışlı 2'li Yastık Kılıfı - Beyaz/Gri,Yatak Odası,2012.99,402.6
Ancelina Çift Kişilik Pamuklu Çarşaflı Baskılı Nevresim Takımı - Bej,Yatak Odası,4999.99,1000.0
Ancienne Kopanakili %100 Pamuk 2'li Yastık Kılıfı - Bej,Yatak Odası,2012.99,402.6
Ancienne Kopanakili %100 Pamuk 2'li Yastık Kılıfı - Beyaz,Yatak Odası,2012.99,402.6
Ancienne Kopanakili %100 Pamuk 2'li Yastık Kılıfı - Gri,Yatak Odası,2012.99,402.6
Ancienne Kopanakili %100 Pamuk 2'li Yastık Kılıfı - Haki,Yatak Odası,2012.99,402.6
Andre King Size Pamuklu Jakarlı Saten Çarşaflı Nevresim Takımı - Açık Gri,Yatak Odası,27999.99,5600.0
Andre Çift Kişilik Pamuklu Jakarlı Saten Çarşaflı Nevresim Takımı - Açık Gri,Yatak Odası,24999.99,5000.0
Angely Çift Kişilik Battaniye - Pudra/Gri/Beyaz,Yatak Odası,7999.99,1600.0
Angely Çift Kişilik Battaniye - Yeşil/İndigo/Pudra,Yatak Odası,7999.99,1600.0
Angers Family Sıze Jakarlı Saten Çarşaflı Nevresim Takımı,Yatak Odası,29999.99,6000.0
Antistress Yastık,Yatak Odası,2529.99,506.0
Antony Cool Tek Kişilik Fitted Yatak Alezi - Beyaz - 100x200 cm,Yatak Odası,6999.99,1400.0
Antony Cool Tek Kişilik Plus Fitted Yatak Alezi - Beyaz,Yatak Odası,7999.99,1600.0
Antony Cool Yastık - Beyaz - 50x70 cm,Yatak Odası,4199.99,840.0
Antony Cool Çift Kişilik Fitted Yatak Alezi - Beyaz - 160x200 cm,Yatak Odası,9999.99,2000.0
Antony Cool Çift Kişilik Yorgan,Yatak Odası,24999.99,5000.0
Arber Family Size %100 Pamuk Çarşaflı Nevresim Takımı - Gri,Yatak Odası,12999.99,2600.0
Arber King Size %100 Pamuk Çarşaflı Nevresim Takımı - Gri,Yatak Odası,10499.99,2100.0
Arber King Size Çarşaflı Nevresim Takımı - Gri,Yatak Odası,10499.99,2100.0
Arles 2li Micro Yastık,Yatak Odası,2529.99,506.0
Arles Tek Kişilik Saten Yatak Örtüsü - Antrasit,Yatak Odası,7999.99,1600.0
Arles Tek Kişilik Saten Yatak Örtüsü - Taş,Yatak Odası,7999.99,1600.0
Arles Çift Kişilik Saten Yatak Örtüsü,Yatak Odası,10999.99,2200.0
Arles Çift Kişilik Saten Yatak Örtüsü - Antrasit,Yatak Odası,10999.99,2200.0
Armande King Size %100 Pamuk Ranforce Baskılı Çarşaflı Nevresim Takımı - Bej/Mavi,Yatak Odası,8999.99,1800.0
Armende Çift Kişilik %100 Pamuk Ranforce Baskılı Çarşaflı Nevresim Takımı - Bej/Mavi,Yatak Odası,6499.99,1300.0
Arsene Tek Kişilik %100 Pamuk Ranforce Baskılı Nevresim Takımı - Bej,Yatak Odası,5499.99,1100.0
Arsene Tek Kişilik %100 Pamuk Ranforce Baskılı Nevresim Takımı - Mavi,Yatak Odası,5499.99,1100.0
Arsene Tek Kişilik %100 Pamuk Ranforce Baskılı Nevresim Takımı - Pudra,Yatak Odası,5499.99,1100.0
Arsene Çift Kişilik %100 Pamuk Ranforce Baskılı Nevresim Takımı - Bej,Yatak Odası,6499.99,1300.0
Arsene Çift Kişilik %100 Pamuk Ranforce Baskılı Nevresim Takımı - Mavi,Yatak Odası,6499.99,1300.0
Arsene Çift Kişilik %100 Pamuk Ranforce Baskılı Nevresim Takımı - Pudra,Yatak Odası,6499.99,1300.0
Aruba King Size %100 Pamuk Karde Baskılı Pike Takımı - Bej,Yatak Odası,8999.99,1800.0
Aruba King Size %100 Pamuk Karde Baskılı Pike Takımı - Haki,Yatak Odası,8999.99,1800.0
Aruba Tek Kişilik %100 Pamuk Karde Baskılı Pike Takımı - Bej,Yatak Odası,4999.99,1000.0
Aruba Tek Kişilik %100 Pamuk Karde Baskılı Pike Takımı - Haki,Yatak Odası,4999.99,1000.0
Aruba Çift Kişilik %100 Pamuk Karde Baskılı Pike Takımı - Bej,Yatak Odası,5999.99,1200.0
Aruba Çift Kişilik %100 Pamuk Karde Baskılı Pike Takımı - Haki,Yatak Odası,5999.99,1200.0
Audrey Fonksiyonel Yastık - Beyaz - 25x15x25 cm,Yatak Odası,4499.99,900.0
Audrey King Size Jakarlı Saten Çarşaflı Nevresim Takımı - Açık Mürdüm,Yatak Odası,27999.99,5600.0
Audrey Çift Kişilik Pamuklu Jakarlı Saten Çarşaflı Nevresim Takımı - Açık Mürdüm,Yatak Odası,24999.99,5000.0
Aulne King Size %100 Pamuk Brodeli Çarşaflı Nevresim Takımı - Beyaz,Yatak Odası,26999.99,5400.0
Aulne Çift Kişilik %100 Pamuk Brodeli Çarşaflı Nevresim Takımı - Beyaz,Yatak Odası,24999.99,5000.0
Aurelie King Size %100 Pamuk Ranforce Baskılı Çarşaflı Nevresim Takımı - Gri,Yatak Odası,8999.99,1800.0
Auvergne Çift Kişilik Jakarlı Saten Çarşaflı Nevresim Takımı - Gold,Yatak Odası,24999.99,5000.0
Aviral Çift Kişilik Pamuklu Yatak Örtüsü - Bej,Yatak Odası,8999.99,1800.0
Aviral Çift Kişilik Pamuklu Yatak Örtüsü - Mint Yeşili,Yatak Odası,8999.99,1800.0
Aviral Çift Kişilik Pamuklu Yatak Örtüsü - Pudra,Yatak Odası,8999.99,1800.0
Aviral Çift Kişilik Pamuklu Yatak Örtüsü - Sarı,Yatak Odası,8999.99,1800.0
Avril King Size Ecocell Lüks Pike,Yatak Odası,7999.99,1600.0
Avril King Size Ecocell Lüks Pike,Yatak Odası,7999.99,1600.0
Avril King Size Ecocell Lüks Pike,Yatak Odası,7999.99,1600.0
Avril King Size Ecocell Lüks Pike,Yatak Odası,7999.99,1600.0
Avril King Size Ecocell Lüks Pike,Yatak Odası,7999.99,1600.0
Avril King Size Ecocell Lüks Pike,Yatak Odası,7999.99,1600.0
Avril King Size Ecocell Lüks Pike,Yatak Odası,7999.99,1600.0
Avril King Size Ecocell Lüks Pike,Yatak Odası,7999.99,1600.0
Avril Pamuklu Çift Kişilik Pamuklu Ecocell Lüks Pike - Antrasit,Yatak Odası,6999.99,1400.0
Avril Tek Kişilik Ecocell Lüks Pike,Yatak Odası,5999.99,1200.0
Avril Tek Kişilik Ecocell Lüks Pike,Yatak Odası,5999.99,1200.0
Avril Tek Kişilik Pamuklu Ecocell Düz Pike - Mürdüm,Yatak Odası,5999.99,1200.0
Avril Tek Kişilik Pamuklu Ecocell Lüks Pike - Gold,Yatak Odası,5999.99,1200.0
Avril Çift Kişilik Ecocell Lüks Pike,Yatak Odası,6999.99,1400.0
Avril Çift Kişilik Ecocell Lüks Pike,Yatak Odası,6999.99,1400.0
Avril Çift Kişilik Pamuklu Ecocell Lüks Pike - Taş,Yatak Odası,6999.99,1400.0
Bayeux Çift Kişilik Jakarlı Çarşaflı Nevresim Takımı - Gri,Yatak Odası,6499.99,1300.0
Beatrice Tek Kişilik %100 Pamuk Yatak Örtüsü - Ekru,Yatak Odası,5499.99,1100.0
Beatrice Tek Kişilik %100 Pamuk Yatak Örtüsü - Haki,Yatak Odası,5499.99,1100.0
Beatrice Çift Kişilik Yatak Örtüsü,Yatak Odası,7999.99,1600.0
Beatrice Çift Kişilik Yatak Örtüsü,Yatak Odası,7999.99,1600.0
Belda Family Sıze Jakarlı Saten Çarşaflı Nevresim Takımı,Yatak Odası,29999.99,6000.0
Belda Family Sıze Jakarlı Saten Çarşaflı Nevresim Takımı,Yatak Odası,29999.99,6000.0
Belda Çift Kişilik Jakarlı Saten Nevresim Takımı,Yatak Odası,24999.99,5000.0
Belfort 11 Parça Royal Set - Gri,Yatak Odası,32499.99,6500.0
Bellamy Tek Kişilik Yorgan,Yatak Odası,14999.99,3000.0
Belle Bambu Pamuklu 2'li Yastık Kılıfı - Açık Mürdüm,Yatak Odası,1429.99,286.0
Belle Bambu Pamuklu 2'li Yastık Kılıfı - Beyaz,Yatak Odası,1429.99,286.0
Belle Bambu Pamuklu 2'li Yastık Kılıfı - Gri,Yatak Odası,1429.99,286.0
Belle Bambu Pamuklu 2'li Yastık Kılıfı - Mavi,Yatak Odası,1429.99,286.0
Belle Bambu Pamuklu 2'li Yastık Kılıfı - Taş,Yatak Odası,1429.99,286.0
Belle King Size Lastikli Bambu Çarşaf - Mavi,Yatak Odası,3794.99,759.0
Belle King Size Pamuklu Lastikli Bambu Çarşaf - Açık Mürdüm,Yatak Odası,3794.99,759.0
Belle King Size Pamuklu Lastikli Bambu Çarşaf - Beyaz,Yatak Odası,3794.99,759.0
Belle King Size Pamuklu Lastikli Bambu Çarşaf - Gri,Yatak Odası,3794.99,759.0
Belle King Size Plus Pamuklu Lastikli Bambu Çarşaf - Açık Mürdüm,Yatak Odası,3999.99,800.0
Belle King Size Plus Pamuklu Lastikli Bambu Çarşaf - Beyaz,Yatak Odası,3999.99,800.0
Belle King Size Plus Pamuklu Lastikli Bambu Çarşaf - Gri,Yatak Odası,3999.99,800.0
Belle Tek Kişilik Lastikli Bambu Çarşaf - Mavi,Yatak Odası,2299.99,460.0
Belle Tek Kişilik Plus Pamuklu Lastikli Bambu Çarşaf - Açık Mürdüm,Yatak Odası,2874.99,575.0
Belle Tek Kişilik Plus Pamuklu Lastikli Bambu Çarşaf - Beyaz,Yatak Odası,2874.99,575.0
Belle Tek Kişilik Plus Pamuklu Lastikli Bambu Çarşaf - Gri,Yatak Odası,2874.99,575.0
Belle Çift Kişilik Lastikli Bambu Çarşaf - Mavi,Yatak Odası,3449.99,690.0
Belle Çift Kişilik Lastikli Bambu Çarşaf - Taş,Yatak Odası,3449.99,690.0
Belle Çift Kişilik Pamuklu Lastikli Bambu Çarşaf - Açık Mürdüm,Yatak Odası,3449.99,690.0
Belle Çift Kişilik Pamuklu Lastikli Bambu Çarşaf - Beyaz,Yatak Odası,3449.99,690.0
Belle Çift Kişilik Pamuklu Lastikli Bambu Çarşaf - Gri,Yatak Odası,3449.99,690.0
Benati King Size %100 Pamuk İpliği Boyalı Çarşaflı Nevresim Takımı - Antrasit,Yatak Odası,13999.99,2800.0
Benati King Size %100 Pamuk İpliği Boyalı Çarşaflı Nevresim Takımı - Lacivert,Yatak Odası,13999.99,2800.0
Benati Tek Kişilik %100 Pamuk İpliği Boyalı Çarşaflı Çarşaflı Nevresim Takımı - Lacivert,Yatak Odası,7999.99,1600.0
Benati Çift Kişilik %100 Pamuk İpliği Boyalı Çarşaflı Nevresim Takımı - Antrasit,Yatak Odası,10999.99,2200.0
Benati Çift Kişilik %100 Pamuk İpliği Boyalı Çarşaflı Nevresim Takımı - Lacivert,Yatak Odası,10999.99,2200.0
Bern King Size %100 Pamuk Baskılı Saten Çarşaflı Nevresim Takımı - Bej,Yatak Odası,11999.99,2400.0
Bern Çift Kişilik %100 Pamuk Baskılı Saten Çarşaflı Nevresim Takımı - Bej,Yatak Odası,10999.99,2200.0
Berne King Size İpliği Boyalı Çarşaflı Nevresim Takımı,Yatak Odası,8999.99,1800.0
Berthe King Size Armürlü Çarşaflı Nevresim Takımı - Açık Bej,Yatak Odası,11499.99,2300.0
Berthe King Size Armürlü Çarşaflı Nevresim Takımı - Açık Mavi,Yatak Odası,11499.99,2300.0
Berthe King Size Armürlü Çarşaflı Nevresim Takımı - Gri,Yatak Odası,11499.99,2300.0
Berthe Çift Kişilik Armürlü Çarşaflı Nevresim Takımı,Yatak Odası,6499.99,1300.0
Berthe Çift Kişilik Armürlü Çarşaflı Nevresim Takımı,Yatak Odası,6499.99,1300.0
Berthe Çift Kişilik Armürlü Çarşaflı Nevresim Takımı,Yatak Odası,6499.99,1300.0
Berthe Çift Kişilik Armürlü Çarşaflı Nevresim Takımı - Açık Mavi,Yatak Odası,6499.99,1300.0
Blacy Çift Kişilik Battaniye - Camel,Yatak Odası,7999.99,1600.0
Blanch 2'li Sıvı Geçirmez Yastık Alezi - Beyaz,Yatak Odası,1754.99,351.0
Blanch King Size %100 Pamuk Ranforce Baskılı Çarşaflı Nevresim Takımı - Mavi,Yatak Odası,8999.99,1800.0
Blanch Sıvı Geçirmez Yastık Alezi,Yatak Odası,974.99,195.0
Blanch Family Size Pamuklu Baskılı Çarşaflı Nevresim Takımı - Mavi,Yatak Odası,7999.99,1600.0
Blasimon Çift Kişilik Pamuklu Yatak Örtüsü - Açık Mavi,Yatak Odası,9499.99,1900.0
Blasimon Çift Kişilik Pamuklu Yatak Örtüsü - Renkli,Yatak Odası,9499.99,1900.0
Blaye Çift Kişilik Jakarlı Saten Çarşaflı Nevresim Takımı - Gri,Yatak Odası,24999.99,5000.0
Blesse Çift Kişilik Pamuklu Yatak Örtüsü - Gri,Yatak Odası,9499.99,1900.0
Bobigny Tek Kişilik Pamuklu SuperSoft Uyku Seti - Antrasit,Yatak Odası,12499.99,2500.0
Bobigny Tek Kişilik Pamuklu SuperSoft Uyku Seti - Açık Gri,Yatak Odası,12499.99,2500.0
Bobigny Tek Kişilik SuperSoft Uyku Seti - Antrasit,Yatak Odası,12499.99,2500.0
Bobigny Tek Kişilik SuperSoft Uyku Seti - Mint Yeşili,Yatak Odası,12499.99,2500.0
Bobigny Tek Kişilik SuperSoft Uyku Seti - Pudra,Yatak Odası,12499.99,2500.0
Bonneville Çift Kişilik %100 Pamuk Ranforce Baskılı Nevresim Takımı - Bej,Yatak Odası,6499.99,1300.0
Boswell King Size %100 Pamuk Ranforce Baskılı Çarşaflı Nevresim Takımı - Gri,Yatak Odası,8999.99,1800.0
Boswell King Size %100 Pamuk Ranforce Baskılı Çarşaflı Nevresim Takımı - Mavi,Yatak Odası,8999.99,1800.0
Boswell Tek Kişilik %100 Pamuk Ranforce Baskılı Çarşaflı Nevresim Takımı - Gri,Yatak Odası,5499.99,1100.0
Boswell Çift Kişilik %100 Pamuk Ranforce Baskılı Çarşaflı Nevresim Takımı - Bej,Yatak Odası,6499.99,1300.0
Boswell Çift Kişilik %100 Pamuk Ranforce Baskılı Çarşaflı Nevresim Takımı - Gri,Yatak Odası,6499.99,1300.0
Boswell Çift Kişilik %100 Pamuk Ranforce Baskılı Çarşaflı Nevresim Takımı - Mavi,Yatak Odası,6499.99,1300.0
Boulogne Tek Kişilik Kadife Yatak Örtüsü,Yatak Odası,7999.99,1600.0
Boulogne Tek Kişilik Kadife Yatak Örtüsü,Yatak Odası,7999.99,1600.0
Boulogne Çift Kişilik Kadife Yatak Örtüsü - Gri,Yatak Odası,10999.99,2200.0
Boussy Super King Size %100 Pamuk Çarşaflı Flanel Nevresim Takımı - Lacivert,Yatak Odası,10999.99,2200.0
Bradley Pamuklu Tek Kişilik Yatak Örtüsü - Gri,Yatak Odası,5499.99,1100.0
Bradley Tek Kişilik Pamuklu Yatak Örtüsü - Açık Mavi,Yatak Odası,5499.99,1100.0
Bresdon Çift Kişilik %100 Pamuk Yatak Örtüsü - Bej/Mavi,Yatak Odası,7199.99,1440.0
Bresdon Çift Kişilik %100 Pamuk Yatak Örtüsü - Kahve/Mavi,Yatak Odası,7199.99,1440.0
Bresnay %100 Pamuk Yastık Kılıfı - Sarı,Yatak Odası,2012.99,402.6
Bretagne King Size Pamuklu Ecocell Baskılı Pike - Renkli,Yatak Odası,4499.99,900.0
Bretagne Tek Kişilik Pamuklu Ecocell Baskılı Pike - Renkli,Yatak Odası,2499.99,500.0
Bretagne Çift Kişilik Pamuklu Ecocell Baskılı Pike - Renkli,Yatak Odası,2999.99,600.0
Bretta King Size Pamuklu Ecocell Baskılı Pike Takımı - Mavi,Yatak Odası,8999.99,1800.0
Breville Tek Kişilik Müslin İpliği Boyalı Lastikli Çarşaflı Nevresim Takımı - Ekru/Bej,Yatak Odası,11999.99,2400.0
Breville Çift Kişilik Müslin İpliği Boyalı Lastikli Çarşaflı Nevresim Takımı - Ekru/Bej,Yatak Odası,15999.99,3200.0
Brice King Size %100 Pamuk Karde Baskılı Pike - Mavi,Yatak Odası,4499.99,900.0
Brice Çift Kişilik %100 Pamuk Yatak Örtüsü - Kırmızı,Yatak Odası,14999.99,3000.0
Burcet King Size %100 Pamuk Ranforce Baskılı Çarşaflı Nevresim Takımı - Gri,Yatak Odası,8999.99,1800.0
Burcet Çift Kişilik %100 Pamuk Ranforce Baskılı Çarşaflı Çarşaflı Nevresim Takımı - Gri,Yatak Odası,6499.99,1300.0
Burnel King Size %100 Pamuk Madame Coco Crep Baskılı Çarşaflı Nevresim Takımı - Haki,Yatak Odası,10999.99,2200.0
Burnel King Size %100 Pamuk Madame Coco Crep Baskılı Çarşaflı Nevresim Takımı - Mavi/Bej,Yatak Odası,10999.99,2200.0
Burnel Çift Kişilik %100 Pamuk Madame Coco Crep Baskılı Çarşaflı Nevresim Takımı - Mavi/Bej,Yatak Odası,8999.99,1800.0
Caline King Size %100 Pamuk Pikeli Çarşaflı Nevresim Takımı - Beyaz/Kiremit,Yatak Odası,27999.99,5600.0
Caline King Size %100 Pamuk Pikeli Çarşaflı Nevresim Takımı - Beyaz/Lacivert,Yatak Odası,27999.99,5600.0
Caline Çift Kişilik %100 Pamuk Pikeli Nevresim Takımı - Beyaz/Lacivert,Yatak Odası,25999.99,5200.0
Caline Çift Kişilik %100 Pamuk Pikeli Çarşaflı Nevresim Takımı - Beyaz/Kiremit,Yatak Odası,25999.99,5200.0
Calore King Size Bambu Saten Çarşaflı Nevresim Takımı - Bej,Yatak Odası,22999.99,4600.0
Calore King Size Bambu Saten Çarşaflı Nevresim Takımı - Gri,Yatak Odası,22999.99,4600.0
Candide King Size %100 Pamuk Madame Coco Crep Baskılı Çarşaflı Nevresim Takımı - Gri/Bej,Yatak Odası,10999.99,2200.0
Candide King Size %100 Pamuk Madame Coco Crep Baskılı Çarşaflı Nevresim Takımı - Mavi,Yatak Odası,10999.99,2200.0
Candide Çift Kişilik %100 Pamuk Madame Coco Crep Baskılı Çarşaflı Nevresim Takımı - Gri/Bej,Yatak Odası,8999.99,1800.0
Caresse King Size Pamuklu Ecocell Baskılı Pike - Turkuaz,Yatak Odası,4499.99,900.0
Carla Tek Kişilik Yatak Örtüsü,Yatak Odası,9999.99,2000.0
Carla Tek Kişilik Yatak Örtüsü,Yatak Odası,9999.99,2000.0
Carla Tek Kişilik Yatak Örtüsü,Yatak Odası,9999.99,2000.0
Carla Çift Kişilik Yatak Örtüsü,Yatak Odası,13999.99,2800.0
Carla Çift Kişilik Yatak Örtüsü,Yatak Odası,13999.99,2800.0
Carla Çift Kişilik Yatak Örtüsü,Yatak Odası,13999.99,2800.0
Carmeline Çift Kişilik Jakarlı Çarşaflı Nevresim Takımı,Yatak Odası,6499.99,1300.0
Carolines Çift Kişilik Pamuklu Yatak Örtüsü - Gri,Yatak Odası,8499.99,1700.0
Castillones Çift Kişilik Pamuklu Yatak Örtüsü - Bej,Yatak Odası,7499.99,1500.0
Castillones Çift Kişilik Pamuklu Yatak Örtüsü - Lacivert/Ekru,Yatak Odası,7499.99,1500.0
Chaney King Size %100 Pamuk Ranforce Nevresim Takımı - Bordo,Yatak Odası,8999.99,1800.0
Chaney Tek Kişilik %100 Pamuk Ranforce Nevresim Takımı - Bordo,Yatak Odası,5499.99,1100.0
Chaney Çift Kişilik Ranforce Nevresim Takımı,Yatak Odası,6499.99,1300.0
Chantal King Size %100 Pamuk Yatak Örtüsü - Beyaz,Yatak Odası,14999.99,3000.0
Chantal Çift Kişilik %100 Pamuk Yatak Örtüsü - Lacivert,Yatak Odası,10999.99,2200.0
Chantal Çift Kişilik Yatak Örtüsü,Yatak Odası,10999.99,2200.0
Chapeiry King Size %100 Pamuk Ranforce Baskılı Çarşaflı Nevresim Takımı - Beyaz/Lacivert,Yatak Odası,8999.99,1800.0
Chapeiry King Size Pamuklu Ecocell Baskılı Pike - Gri/Bej,Yatak Odası,4499.99,900.0
Chapeiry King Size Pamuklu Ecocell Baskılı Pike - Kırmızı/Lacivert,Yatak Odası,4499.99,900.0
Chapeiry Tek Kişilik Pamuklu Ecocell Baskılı Pike - Gri/Bej,Yatak Odası,2499.99,500.0
Chapeiry Tek Kişilik Pamuklu Ecocell Baskılı Pike - Kırmızı/Lacivert,Yatak Odası,2499.99,500.0
Chapeiry Çift Kişilik Pamuklu Ecocell Baskılı Pike - Gri/Bej,Yatak Odası,2999.99,600.0
Chapeiry Çift Kişilik Pamuklu Ecocell Baskılı Pike - Kırmızı/Lacivert,Yatak Odası,2999.99,600.0
Chapele King Size %100 Pamuk Ranforce Baskılı Çarşaflı Nevresim Takımı - Mavi,Yatak Odası,8999.99,1800.0
Chapele Çift Kişilik %100 Pamuk Ranforce Baskılı Nevresim Takımı - Mavi,Yatak Odası,6499.99,1300.0
Cherina Müslin %100 Pamuk Çift Kişilik Lastikli Pike Takımı - Ekru/Haki,Yatak Odası,13999.99,2800.0
Cherina Müslin Tek Kişilik %100 Pamuk Lastikli Pike Takımı - Ekru/Bej,Yatak Odası,9999.99,2000.0
Cherina Müslin Tek Kişilik %100 Pamuk Lastikli Pike Takımı - Ekru/Haki,Yatak Odası,9999.99,2000.0
Cherina Müslin Çift Kişilik %100 Pamuk Lastikli Pike Takımı - Ekru/Bej,Yatak Odası,13999.99,2800.0
Ciel %100 Pamuk Saten 2'li Yastık Kılıfı - Bej,Yatak Odası,1724.99,345.0
Ciel %100 Pamuk Saten 2'li Yastık Kılıfı - Beyaz,Yatak Odası,1724.99,345.0
Ciel %100 Pamuk Saten 2'li Yastık Kılıfı - Siyah,Yatak Odası,1724.99,345.0
Ciel King Size %100 Pamuk Lastikli Saten Çarşaf - Açık Mürdüm,Yatak Odası,4254.99,851.0
Ciel King Size %100 Pamuk Lastikli Saten Çarşaf - Açık Pudra,Yatak Odası,4254.99,851.0
Ciel King Size %100 Pamuk Lastikli Saten Çarşaf - Bej,Yatak Odası,4254.99,851.0
Ciel King Size %100 Pamuk Lastikli Saten Çarşaf - Beyaz,Yatak Odası,4254.99,851.0
Ciel King Size %100 Pamuk Lastikli Saten Çarşaf - Gri,Yatak Odası,4254.99,851.0
Ciel King Size %100 Pamuk Lastikli Saten Çarşaf - Haki,Yatak Odası,4254.99,851.0
Ciel King Size %100 Pamuk Lastikli Saten Çarşaf - Kırmızı,Yatak Odası,4254.99,851.0
Ciel King Size %100 Pamuk Lastikli Saten Çarşaf - Lacivert,Yatak Odası,4254.99,851.0
Ciel King Size %100 Pamuk Lastikli Saten Çarşaf - Siyah,Yatak Odası,4254.99,851.0
Ciel King Size %100 Pamuk Lastikli Saten Çarşaf - Turuncu,Yatak Odası,4254.99,851.0
Ciel King Size %100 Pamuk Lastiksiz Saten Çarşaf - Haki,Yatak Odası,4254.99,851.0
Ciel King Size %100 Pamuk Lastiksiz Saten Çarşaf - Turuncu,Yatak Odası,4254.99,851.0
Ciel King Size %100 Pamuk Saten Nevresim - Açık Pudra,Yatak Odası,3749.99,750.0
Ciel King Size %100 Pamuk Saten Nevresim - Bej,Yatak Odası,3749.99,750.0
Ciel King Size %100 Pamuk Saten Nevresim - Gri,Yatak Odası,3749.99,750.0
Ciel King Size %100 Pamuk Saten Nevresim - Turuncu,Yatak Odası,3749.99,750.0
Ciel King Size Plus %100 Pamuk Lastikli Saten Çarşaf - Açık Pudra,Yatak Odası,3999.99,800.0
Ciel King Size Plus %100 Pamuk Lastikli Saten Çarşaf - Bej,Yatak Odası,3999.99,800.0
Ciel King Size Plus %100 Pamuk Lastikli Saten Çarşaf - Beyaz,Yatak Odası,3999.99,800.0
Ciel King Size Plus %100 Pamuk Lastikli Saten Çarşaf - Gri,Yatak Odası,3999.99,800.0
Ciel King Size Plus %100 Pamuk Lastikli Saten Çarşaf - Haki,Yatak Odası,3999.99,800.0
Ciel King Size Plus %100 Pamuk Lastikli Saten Çarşaf - Koyu Gri,Yatak Odası,3999.99,800.0
Ciel King Size Plus %100 Pamuk Lastikli Saten Çarşaf - Koyu Mavi,Yatak Odası,3999.99,800.0
Ciel King Size Plus %100 Pamuk Lastikli Saten Çarşaf - Kırmızı,Yatak Odası,3999.99,800.0
Ciel King Size Plus %100 Pamuk Lastikli Saten Çarşaf - Lacivert,Yatak Odası,3999.99,800.0
Ciel King Size Plus %100 Pamuk Lastikli Saten Çarşaf - Siyah,Yatak Odası,3999.99,800.0
Ciel King Size Plus %100 Pamuk Lastikli Saten Çarşaf - Turuncu,Yatak Odası,3999.99,800.0
Ciel King Size Plus Lastikli Saten Çarşaf - Koyu Gri,Yatak Odası,3999.99,800.0
Ciel King Size Plus Lastikli Saten Çarşaf - Turuncu,Yatak Odası,3999.99,800.0
Ciel Tek Kişilik %100 Pamuk Lastikli Saten Çarşaf - Açık Pudra,Yatak Odası,2874.99,575.0
Ciel Tek Kişilik %100 Pamuk Lastikli Saten Çarşaf - Beyaz,Yatak Odası,2874.99,575.0
Ciel Tek Kişilik %100 Pamuk Lastikli Saten Çarşaf - Gri,Yatak Odası,2874.99,575.0
Ciel Tek Kişilik %100 Pamuk Lastikli Saten Çarşaf - Haki,Yatak Odası,2874.99,575.0
Ciel Tek Kişilik %100 Pamuk Lastikli Saten Çarşaf - Koyu Gri,Yatak Odası,2874.99,575.0
Ciel Tek Kişilik %100 Pamuk Lastikli Saten Çarşaf - Kırmızı,Yatak Odası,2874.99,575.0
Ciel Tek Kişilik %100 Pamuk Lastikli Saten Çarşaf - Lacivert,Yatak Odası,2874.99,575.0
Ciel Tek Kişilik %100 Pamuk Lastikli Saten Çarşaf - Siyah,Yatak Odası,2874.99,575.0
Ciel Tek Kişilik %100 Pamuk Lastikli Saten Çarşaf - Turuncu,Yatak Odası,2874.99,575.0
Ciel Tek Kişilik %100 Pamuk Saten Lastiksiz Çarşaf - Siyah,Yatak Odası,2874.99,575.0
Ciel Tek Kişilik %100 Pamuk Saten Lastiksiz Çarşaf - Turuncu,Yatak Odası,2874.99,575.0
Ciel Tek Kişilik Plus %100 Pamuk Lastikli Saten Çarşaf - Açık Pudra,Yatak Odası,3449.99,690.0
Ciel Tek Kişilik Plus %100 Pamuk Lastikli Saten Çarşaf - Bej,Yatak Odası,3449.99,690.0
Ciel Tek Kişilik Plus %100 Pamuk Lastikli Saten Çarşaf - Beyaz,Yatak Odası,3449.99,690.0
Ciel Tek Kişilik Plus %100 Pamuk Lastikli Saten Çarşaf - Gri,Yatak Odası,3449.99,690.0
Ciel Tek Kişilik Plus %100 Pamuk Lastikli Saten Çarşaf - Haki,Yatak Odası,3449.99,690.0
Ciel Tek Kişilik Plus %100 Pamuk Lastikli Saten Çarşaf - Kırmızı,Yatak Odası,3449.99,690.0
Ciel Tek Kişilik Plus %100 Pamuk Lastikli Saten Çarşaf - Lacivert,Yatak Odası,3449.99,690.0
Ciel Tek Kişilik Plus %100 Pamuk Lastikli Saten Çarşaf - Siyah,Yatak Odası,3449.99,690.0
Ciel Tek Kişilik Plus %100 Pamuk Lastikli Saten Çarşaf - Turuncu,Yatak Odası,3449.99,690.0
Ciel Tek Kişilik Plus Lastikli Saten Çarşaf - Kırmızı,Yatak Odası,3449.99,690.0
Ciel Çift Kişilik %100 Pamuk Lastikli Saten Çarşaf - Açık Mürdüm,Yatak Odası,4024.99,805.0
Ciel Çift Kişilik %100 Pamuk Lastikli Saten Çarşaf - Bej,Yatak Odası,4024.99,805.0
Ciel Çift Kişilik %100 Pamuk Lastikli Saten Çarşaf - Gri,Yatak Odası,4024.99,805.0
Ciel Çift Kişilik %100 Pamuk Lastikli Saten Çarşaf - Haki,Yatak Odası,4024.99,805.0
Ciel Çift Kişilik %100 Pamuk Lastikli Saten Çarşaf - Koyu Mavi,Yatak Odası,4024.99,805.0
Ciel Çift Kişilik %100 Pamuk Lastikli Saten Çarşaf - Kırmızı,Yatak Odası,4024.99,805.0
Ciel Çift Kişilik %100 Pamuk Lastikli Saten Çarşaf - Lacivert,Yatak Odası,4024.99,805.0
Ciel Çift Kişilik %100 Pamuk Lastikli Saten Çarşaf - Siyah,Yatak Odası,4024.99,805.0
Ciel Çift Kişilik %100 Pamuk Lastikli Saten Çarşaf - Turuncu,Yatak Odası,4024.99,805.0
Ciel Çift Kişilik %100 Pamuk Lastiksiz Saten Çarşaf - Gri,Yatak Odası,4024.99,805.0
Ciel Çift Kişilik %100 Pamuk Lastiksiz Saten Çarşaf - Haki,Yatak Odası,4024.99,805.0
Ciel Çift Kişilik %100 Pamuk Lastiksiz Saten Çarşaf - Siyah,Yatak Odası,4024.99,805.0
Ciel Çift Kişilik %100 Pamuk Saten Lastiksiz Çarşaf - Turuncu,Yatak Odası,4024.99,805.0
Ciel Çift Kişilik Lastikli Saten Çarşaf - Haki,Yatak Odası,4024.99,805.0
Ciel Çİft Kişilik %100 Pamuk Saten Lastikli Çarşaf - Beyaz,Yatak Odası,4024.99,805.0
Clair Müslin Tek Kişilik %100 Pamuk Pike Takımı - Ekru/Kırmızı,Yatak Odası,9999.99,2000.0
Clair Müslin Tek Kişilik %100 Pamuk Pike Takımı - Ekru/Lacivert,Yatak Odası,9999.99,2000.0
Clair Müslin Çift Kişilik %100 Pamuk Pike Takımı - Ekru/Kırmızı,Yatak Odası,13999.99,2800.0
Clair Müslin Çift Kişilik %100 Pamuk Pike Takımı - Ekru/Lacivert,Yatak Odası,13999.99,2800.0
Clarette Family Size %100 Pamuk Coco Crep Baskılı Nevresim Takımı - Renkli,Yatak Odası,12999.99,2600.0
Clarette Family Size Bambu Saten Nevresim Takımı,Yatak Odası,17999.99,3600.0
Clarette Family Size Bambu Saten Nevresim Takımı,Yatak Odası,17999.99,3600.0
Clarette King Size %100 Pamuk Madame Coco Crep Baskılı Çarşaflı Nevresim Takımı - Renkli,Yatak Odası,10999.99,2200.0
Clarette King Size Bambu Saten Çarşaflı Nevresim Takımı,Yatak Odası,15999.99,3200.0
Clarette King Size Bambu Saten Çarşaflı Nevresim Takımı,Yatak Odası,15999.99,3200.0
Clarette Çift Kişilik Bambu Saten Çarşaflı Nevresim Takımı,Yatak Odası,13999.99,2800.0
Clarette Çift Kişilik Bambu Saten Çarşaflı Nevresim Takımı,Yatak Odası,13999.99,2800.0
Clarice King Size %100 Pamuk Madame Coco Crep Baskılı Çarşaflı Nevresim Takımı - Mavi/Gri,Yatak Odası,10999.99,2200.0
Clarice Tek Kişilik %100 Pamuk Coco Crep Çarşaflı Baskılı Nevresim Takımı - Taş,Yatak Odası,6999.99,1400.0
Clarice Çift Kişilik %100 Pamuk Coco Crep Çarşaflı Baskılı Nevresim Takımı - Taş,Yatak Odası,8999.99,1800.0
Clarte Sıvı Geçirmez Fitted Tek Kişilik Yatak Alezi - Beyaz,Yatak Odası,3679.99,736.0
Clarte Sıvı Geçirmez Fitted Çift Kişilik Yatak Alezi - Beyaz,Yatak Odası,4299.99,860.0
Clarte Sıvı Geçirmez Köşe Lastikli King Size Yatak Alezi - Beyaz,Yatak Odası,3999.99,800.0
Clarte Sıvı Geçirmez Köşe Lastikli Tek Kişilik Yatak Alezi - Beyaz,Yatak Odası,3449.99,690.0
Clodia King Size %100 Pamuk Baskılı Saten Çarşaflı Nevresim Takımı - Mavi,Yatak Odası,11999.99,2400.0
Clodia Çift Kişilik %100 Pamuk Baskılı Saten Çarşaflı Nevresim Takımı - Mavi,Yatak Odası,10999.99,2200.0
Cluny King Size Jakarlı Çarşaflı Nevresim Takımı - Açık Bej,Yatak Odası,11499.99,2300.0
Coeur %100 Pamuk 2'li Yastık Kılıfı - Beyaz/Bej,Yatak Odası,2012.99,402.6
Coeur %100 Pamuk 2'li Yastık Kılıfı - Beyaz/Bej,Yatak Odası,2012.99,402.6
Coeur %100 Pamuk 2'li Yastık Kılıfı - Beyaz/Kırmızı,Yatak Odası,2012.99,402.6
Coeur %100 Pamuk 2'li Yastık Kılıfı - Beyaz/Lacivert,Yatak Odası,2012.99,402.6
Colmar Visco Kolajen Yastık - Beyaz - 40x60 cm,Yatak Odası,6499.99,1300.0
Colmar Visco Kolajen Yastık - Ekru,Yatak Odası,6499.99,1300.0
Colmar Çift Kişilik Armürlü Çarşaflı Nevresim Takımı,Yatak Odası,6499.99,1300.0
Colmar Çift Kişilik Armürlü Çarşaflı Nevresim Takımı,Yatak Odası,6499.99,1300.0
Coralie Tek Kişilik %100 Pamuk Karde Baskılı Pike Takımı - Pembe,Yatak Odası,4999.99,1000.0
Coyne Çift Kişilik %100 Pamuk Baskılı Saten Çarşaflı Nevresim Takımı - Lacivert,Yatak Odası,10999.99,2200.0
Crispy Pamuk Kapitoneli Yastık Alezi,Yatak Odası,1429.99,286.0
Daisi %100 Pamuk Ranforce 2'li Düz Yastık Kılıfı - Beyaz,Yatak Odası,1169.99,234.0
Daisi Tek Kişilik %100 Pamuk Ranforce Düz Nevresim - Beyaz,Yatak Odası,3219.99,644.0
Daisi Çift Kişilik %100 Pamuk Ranforce Düz Nevresim - Beyaz,Yatak Odası,3794.99,759.0
Danton King Size Saten %100 Pamuk Biyeli Düz Boya Çarşaflı Nevresim Takımı - Pudra/Taş,Yatak Odası,13999.99,2800.0
Danton King Size Saten %100 Pamuk Biyeli Düz Boya Çarşaflı Nevresim Takımı - Yeşil/Mint,Yatak Odası,13999.99,2800.0
Danton Çift Kişilik Saten %100 Pamuk Biyeli Düz Boya Çarşaflı Nevresim Takımı - Antrasit/Gri,Yatak Odası,12999.99,2600.0
Danton Çift Kişilik Saten %100 Pamuk Biyeli Düz Boya Çarşaflı Nevresim Takımı - Pudra/Taş,Yatak Odası,12999.99,2600.0
Danton Çift Kişilik Saten %100 Pamuk Biyeli Düz Boya Çarşaflı Nevresim Takımı - Vizon/Taş,Yatak Odası,12999.99,2600.0
Danton Çift Kişilik Saten %100 Pamuk Biyeli Düz Boya Çarşaflı Nevresim Takımı - Yeşil/Mint,Yatak Odası,12999.99,2600.0
Darrel Visco Tombul Yastık - Beyaz - 40x60 cm,Yatak Odası,3999.99,800.0
Darvell King Size Pamuklu Baskılı Çarşaflı Nevresim Takımı - Bej,Yatak Odası,6999.99,1400.0
Darvell King Size İpliği Boyalı Çarşaflı Nevresim Takımı,Yatak Odası,8999.99,1800.0
Darvell Çift Kişilik  İpliği Boyalı Çarşaflı Nevresim Takımı,Yatak Odası,7999.99,1600.0
Darvell Çift Kişilik Battaniye Seti - Bej,Yatak Odası,9999.99,2000.0
Delisle Tek Kişilik Pamuklu Baskılı Çarşaflı Nevresim Takımı - Bej,Yatak Odası,3999.99,800.0
Delisle Çift Kişilik Pamuklu Baskılı Nevresim Takımı - Haki,Yatak Odası,4999.99,1000.0
Delisle Çift Kişilik Pamuklu Baskılı Çarşaflı Nevresim Takımı - Bej,Yatak Odası,4999.99,1000.0
Delisle Çift Kişilik Pamuklu Baskılı Çarşaflı Nevresim Takımı - Haki,Yatak Odası,4999.99,1000.0
Delisle Çift Kişilik Pamuklu Çarşaflı Baskılı Nevresim Takımı - Mavi,Yatak Odası,4999.99,1000.0
Delit King Size %100 Pamuk Baskılı Saten Çarşaflı Nevresim Takımı - Turuncu,Yatak Odası,11999.99,2400.0
Delrico Tek Kişilik Pamuklu Baskılı Nevresim Takımı - Gri,Yatak Odası,3499.99,700.0
Delrico Tek Kişilik Pamuklu Çarşaf Takımı - Bej,Yatak Odası,1999.99,400.0
Delrico Çift Kişilik Pamuklu Baskılı Nevresim Takımı - Gri,Yatak Odası,4499.99,900.0
Delrico Çift Kişilik Pamuklu Çarşaf Takımı - Bej,Yatak Odası,2499.99,500.0
Dennie Çift Kişilik %100 Pamuk Baskılı Saten Çarşaflı Nevresim Takımı - Haki,Yatak Odası,10999.99,2200.0
Dimanche King Size Gofre Pike - Yat Koleksiyon,Yatak Odası,5999.99,1200.0
Diyon Family Sıze Jakarlı Saten Çarşaflı Nevresim Takımı,Yatak Odası,29999.99,6000.0
Donna Visco Tombul Yastık - Beyaz - 60x40 cm,Yatak Odası,3999.99,800.0
Edgard Super King Size %100 Pamuk Çarşaflı Flanel Nevresim Takımı - Kırmızı/Lacivert,Yatak Odası,10999.99,2200.0
Edgard Tek Kişilik Pamuklu Ecocell Baskılı Pike Takımı - Gri,Yatak Odası,4999.99,1000.0
Elaine King Size %100 Pamuk Baskılı Saten Çarşaflı Nevresim Takımı - Taş,Yatak Odası,11999.99,2400.0
Eleta Kapitoneli Fitted Çift Kişilik Yatak Alezi - Beyaz,Yatak Odası,3499.99,700.0
Eleta Tek Kişilik %100 Pamuk Yatak Örtüsü - Beyaz,Yatak Odası,9999.99,2000.0
Eleta Çift Kişilik %100 Pamuk Yatak Örtüsü - Beyaz,Yatak Odası,13999.99,2800.0
Eleta Çift Kişilik %100 Pamuk Yatak Örtüsü - Lacivert,Yatak Odası,13999.99,2800.0
Elicia 2'li Sıvı Geçirmez Yastık Alezi - Beyaz,Yatak Odası,1897.99,379.6
Elicia Family Size Çizgili Saten Çarşaflı Nevresim Takımı - Açık Mavi,Yatak Odası,16999.99,3400.0
Elicia Family Size Çizgili Saten Çarşaflı Nevresim Takımı - Açık Mürdüm,Yatak Odası,16999.99,3400.0
Elicia Family Size Çizgili Saten Çarşaflı Nevresim Takımı - Pudra,Yatak Odası,16999.99,3400.0
Elicia King Size %100 Pamuk Çizgili Saten Çarşaflı Nevresim Takımı - Açık Gri,Yatak Odası,13999.99,2800.0
Elicia King Size %100 Pamuk Çizgili Saten Çarşaflı Nevresim Takımı - Açık Mavi,Yatak Odası,13999.99,2800.0
Elicia King Size %100 Pamuk Çizgili Saten Çarşaflı Nevresim Takımı - Açık Mürdüm,Yatak Odası,13999.99,2800.0
Elicia King Size %100 Pamuk Çizgili Saten Çarşaflı Nevresim Takımı - Gold,Yatak Odası,13999.99,2800.0
Elicia King Size %100 Pamuk Çizgili Saten Çarşaflı Nevresim Takımı - Pudra,Yatak Odası,13999.99,2800.0
Elicia King Size Çizgili Saten Çarşaflı Nevresim Takımı - Gold,Yatak Odası,13999.99,2800.0
Elicia Super King Size Çizgili Saten Nevresim Takımı - Açık Mavi,Yatak Odası,15999.99,3200.0
Elicia Sıvı Geçirmez Yastık Alezi - Beyaz,Yatak Odası,1169.99,234.0
Elicia Çift Kişilik %100 Pamuk Çizgili Saten Nevresim Takımı - Ekru,Yatak Odası,12999.99,2600.0
Elicia Çift Kişilik %100 Pamuk Çizgili Saten Çarşaflı Nevresim Takımı - Açık Gri,Yatak Odası,12999.99,2600.0
Elicia Çift Kişilik %100 Pamuk Çizgili Saten Çarşaflı Nevresim Takımı - Açık Mavi,Yatak Odası,12999.99,2600.0
Elicia Çift Kişilik %100 Pamuk Çizgili Saten Çarşaflı Nevresim Takımı - Koyu Gri,Yatak Odası,12999.99,2600.0
Elicia Çift Kişilik %100 Pamuk Çizgili Saten Çarşaflı Nevresim Takımı - Pudra,Yatak Odası,12999.99,2600.0
Elicia Çift Kişilik Çizgili Saten Çarşaflı Nevresim Takımı,Yatak Odası,12999.99,2600.0
Elise Çift Kişilik %100 Pamuk Nakışlı Pike Takımı - Beyaz,Yatak Odası,27999.99,5600.0
Ellaine Çift Kişilik %100 Pamuk Ranforce Baskılı Nevresim Takımı - Pudra,Yatak Odası,6499.99,1300.0
Elodie K.Visco Yastık,Yatak Odası,2874.99,575.0
Elodie K.Visco Yastık - Beyaz,Yatak Odası,2874.99,575.0
Elodie Sıvı Geçirmez Tek Kişilik Köşe Lastikli Yatak Alezi - Beyaz,Yatak Odası,3449.99,690.0
Elodie Sıvı Geçirmez Çift Kişilik Köşe Lastikli Yatak Alezi - Beyaz,Yatak Odası,4254.99,851.0
Envelope Çift Kişilik Yatak Örtüsü  - İndigo,Yatak Odası,7999.99,1600.0
Envelope Çift Kişilik Yatak Örtüsü - Lüks Koleksiyon - Gri,Yatak Odası,7999.99,1600.0
Estampe Family Size %100 Pamuk Ranforce Nakışlı Çarşaflı Nevresim Takımı - Beyaz,Yatak Odası,17999.99,3600.0
Estampe King Size %100 Pamuk Ranforce Nakışlı Çarşaflı Nevresim Takımı - Beyaz,Yatak Odası,15499.99,3100.0
Estampe Çift Kişilik %100 Pamuk Ranforce Nakışlı Çarşaflı Nevresim Takımı - Beyaz,Yatak Odası,11999.99,2400.0
Esther %100 Pamuk Çift Kişilik Yatak Örtüsü - Lacivert,Yatak Odası,10999.99,2200.0
Esther Çift Kişilik %100 Pamuk Yatak Örtüsü - Açık Mürdüm,Yatak Odası,10999.99,2200.0
Esther Çift Kişilik %100 Pamuk Yatak Örtüsü - Gri,Yatak Odası,10999.99,2200.0
Esther Çift Kişilik Yatak Örtüsü,Yatak Odası,10999.99,2200.0
Eternel Tek Kişilik %100 Pamuk Fırfırlı Baskılı Nevresim Takımı - Beyaz,Yatak Odası,7999.99,1600.0
Eternel Çift Kişilik %100 Pamuk Fırfırlı Baskılı Nevresim Takımı - Beyaz,Yatak Odası,9999.99,2000.0
Ethnique King Kişilik Yatak Örtüsü,Yatak Odası,10999.99,2200.0
Ethnique King Kişilik Yatak Örtüsü,Yatak Odası,10999.99,2200.0
Etoile King Size %100 Pamuk Lastikli Çarşaflı Ranforce Baskılı Nevresim Takımı - Bej,Yatak Odası,8999.99,1800.0
Etretat Çift Kişilik Pamuklu Jakarlı Çarşaflı Nevresim Takımı - Gri,Yatak Odası,6499.99,1300.0
Evonna King Size İpliği Boyalı Çarşaflı Nevresim Takımı,Yatak Odası,8999.99,1800.0
Evonna Çift Kişilik  İpliği Boyalı Çarşaflı Nevresim Takımı,Yatak Odası,7999.99,1600.0
Exorde King Size Ranforce Baskılı Nevresim Takımı,Yatak Odası,8999.99,1800.0
Exorde Tek Kişilik Ranforce Baskılı Nevresim Takımı,Yatak Odası,5499.99,1100.0
Exorde Çift Kişilik Ranforce Baskılı Nevresim Takımı,Yatak Odası,6499.99,1300.0
Eze King Size Jakarlı Saten Çarşaflı Nevresim Takımı,Yatak Odası,27999.99,5600.0
Eze Çift Kişilik Jakarlı Saten Çarşaflı Nevresim Takımı,Yatak Odası,24999.99,5000.0
Fanny Tek Kişilik %100 Pamuk Fırfırlı Çarşaflı Baskılı Nevresim Takımı - Beyaz/Kırmızı,Yatak Odası,7999.99,1600.0
Fanny Çift Kişilik %100 Pamuk Fırfırlı Çarşaflı Baskılı Nevresim Takımı - Beyaz/Kırmızı,Yatak Odası,9999.99,2000.0
Faust King Size %100 Pamuk Çarşaflı Nevresim Takımı - Lacivert,Yatak Odası,12999.99,2600.0
Faust Çift Kişilik %100 Pamuk Çarşaflı Nevresim Takımı - Lacivert,Yatak Odası,11999.99,2400.0
Favor King Size %100 Pamuk Ranforce Baskılı Çarşaflı Nevresim Takımı - Mavi,Yatak Odası,8999.99,1800.0
Faye King Size %100 Pamuk Ranforce Baskılı Nevresim Takımı  - Bej,Yatak Odası,8999.99,1800.0
Faye Çift Kişilik Ranforce Baskılı Nevresim Takımı - Bej,Yatak Odası,6499.99,1300.0
Fayette King Size %100 Pamuk Flanel Çarşaflı Nevresim Takımı - Bej,Yatak Odası,9999.99,2000.0
Felipa Çift Kişilik %100 Pamuk Nakışlı Çarşaflı Nevresim Takımı - Beyaz,Yatak Odası,11999.99,2400.0
Femand Tek Kişilik Yatak Örtüsü,Yatak Odası,9999.99,2000.0
Femand Tek Kişilik Yatak Örtüsü,Yatak Odası,9999.99,2000.0
Femand Çift Kişilik Yatak Örtüsü,Yatak Odası,13999.99,2800.0
Femand Çift Kişilik Yatak Örtüsü,Yatak Odası,13999.99,2800.0
Feolette Çift Kişilik Yatak Örtüsü - Beyaz,Yatak Odası,14499.99,2900.0
Feolette Çift Kişilik Yatak Örtüsü - Ekru,Yatak Odası,14499.99,2900.0
Feolette Çift Kişilik Yatak Örtüsü - Gri,Yatak Odası,14499.99,2900.0
Feolette Çift Kişilik Yatak Örtüsü - Mavi,Yatak Odası,14499.99,2900.0
Feolette Çift Kişilik Yatak Örtüsü - Mint Yeşili,Yatak Odası,14499.99,2900.0
Feolette Çift Kişilik Yatak Örtüsü - Pudra,Yatak Odası,14499.99,2900.0
Fleuve %100 Pamuk 2'li Yastık Kılıfı - Bej,Yatak Odası,2012.99,402.6
Fleuve %100 Pamuk 2'li Yastık Kılıfı - Beyaz,Yatak Odası,2012.99,402.6
Fleuve %100 Pamuk 2'li Yastık Kılıfı - Gri,Yatak Odası,2012.99,402.6
Fleuve %100 Pamuk 2'li Yastık Kılıfı - Haki,Yatak Odası,2012.99,402.6
Fleuve Çift Kişilik Brodeli Pike Takımı - Beyaz,Yatak Odası,27999.99,5600.0
Flore Sıvı Geçirmez Fitted King Size Yatak Alezi - Beyaz,Yatak Odası,4999.99,1000.0
Flore Sıvı Geçirmez Fitted Çift Kişilik Yatak Alezi - Beyaz,Yatak Odası,3499.99,700.0
Frimas King Size %100 Pamuk Ranforce Baskılı Çarşaflı Nevresim Takımı - Renkli,Yatak Odası,8999.99,1800.0
Frimas Çift Kişilik %100 Pamuk Ranforce Baskılı Çarşaflı Nevresim Takımı - Renkli,Yatak Odası,6499.99,1300.0
Froncois Tek Kişilik Yatak Örtüsü,Yatak Odası,9999.99,2000.0
Froncois Tek Kişilik Yatak Örtüsü,Yatak Odası,9999.99,2000.0
Froncois Çift Kişilik Yatak Örtüsü,Yatak Odası,13999.99,2800.0
Froncois Çift Kişilik Yatak Örtüsü,Yatak Odası,13999.99,2800.0
Fuchsia Visco Jel Serinletici Yastık,Yatak Odası,6999.99,1400.0
Fuchsia Visco Jel Serinletici Yastık - Beyaz - 40x60 cm,Yatak Odası,6999.99,1400.0
Gao Çift Kişilik %100 Pamuk Nakışlı Yıkamalı Çarşaflı Nevresim Takımı - Ekru,Yatak Odası,14999.99,3000.0
Garon Çift Kişilik %100 Pamuk Ranforce Baskılı Nevresim Takımı - Bej,Yatak Odası,6499.99,1300.0
Garon Çift Kişilik %100 Pamuk Ranforce Baskılı Nevresim Takımı - Gri,Yatak Odası,6499.99,1300.0
Garon Çift Kişilik %100 Pamuk Ranforce Baskılı Nevresim Takımı - Mavi,Yatak Odası,6499.99,1300.0
Grain King Size %100 Pamuk Karde Baskılı Pike Takımı - Pudra,Yatak Odası,8999.99,1800.0
Grain King Size %100 Pamuk Karde Baskılı Pike Takımı - Yeşil,Yatak Odası,8999.99,1800.0
Grain Tek Kişilik %100 Pamuk Karde Baskılı Pike Takımı - Pudra,Yatak Odası,4999.99,1000.0
Grain Tek Kişilik %100 Pamuk Karde Baskılı Pike Takımı - Yeşil,Yatak Odası,4999.99,1000.0
Grain Çift Kişilik %100 Pamuk Karde Baskılı Pike Takımı - Pudra,Yatak Odası,5999.99,1200.0
Grain Çift Kişilik %100 Pamuk Karde Baskılı Pike Takımı - Yeşil,Yatak Odası,5999.99,1200.0
Grelot Çift Kişilik Battaniye Seti - Gri,Yatak Odası,9999.99,2000.0
Grignols Çift Kişilik Pamuklu Yatak Örtüsü - Bej,Yatak Odası,8499.99,1700.0
Henri King Size Ecocell Baskılı Pike,Yatak Odası,4499.99,900.0
Henri King Size Ecocell Baskılı Pike Takımı,Yatak Odası,8999.99,1800.0
Henri King Size İpliği Boyalı Çarşaflı Nevresim Takımı,Yatak Odası,8999.99,1800.0
Henri Çift Kişilik  İpliği Boyalı Çarşaflı Nevresim Takımı,Yatak Odası,7999.99,1600.0
Henri Çift Kişilik Ecocell Baskılı Pike Takımı,Yatak Odası,5999.99,1200.0
Henri Çift Kişilik Pamuklu Ecocell Baskılı Pike Takımı - Mavi,Yatak Odası,5999.99,1200.0
Holly King Size %100 Pamuk Çarşaflı Nevresim Takımı - Beyaz/Turkuaz,Yatak Odası,12999.99,2600.0
Holly King Size %100 Pamuk Çarşaflı Nevresim Takımı - Beyaz/Turuncu,Yatak Odası,12999.99,2600.0
Holly Çift Kişilik %100 Pamuk Çarşaflı Nevresim Takımı - Beyaz/Turkuaz,Yatak Odası,11999.99,2400.0
Holly Çift Kişilik %100 Pamuk Çarşaflı Nevresim Takımı - Beyaz/Turuncu,Yatak Odası,11999.99,2400.0
Irene Çift Kişilik Yatak Örtüsü - Lacivert/Kırmızı,Yatak Odası,14499.99,2900.0
Isabelle %100 Pamuk 2'li Yastık Kılıfı - Beyaz/Pudra,Yatak Odası,2012.99,402.6
Isabelle %100 Pamuk 2'li Yastık Kılıfı - Beyaz/Pudra,Yatak Odası,2012.99,402.6
Isabelle Visco Güzellik Yastığı - Beyaz - 38x56 cm,Yatak Odası,6499.99,1300.0
Jacinthe Family Size Nakışlı Çarşaflı Nevresim Takımı - Saten - Yat Koleksiyon,Yatak Odası,21999.99,4400.0
Jacinthe King Size Nakışlı Çarşaflı Nevresim Takımı - Saten - Yat Koleksiyon,Yatak Odası,19999.99,4000.0
Jeanne Family Size Bordürlü Saten Çarşaflı Nevresim Takımı - Beyaz/Lacivert,Yatak Odası,21999.99,4400.0
Jeanne Family Size Bordürlü Saten Çarşaflı Nevresim Takımı - Lacivert/Beyaz,Yatak Odası,21999.99,4400.0
Jeanne King Size Bordürlü Saten Nevresim Takım - Lacivert/Beyaz,Yatak Odası,19999.99,4000.0
Jeanne Çift Kişilik Bordürlü Saten Çarşaflı Nevresim Takımı - Lacivert/Beyaz,Yatak Odası,18999.99,3800.0
Jeunesse King Size %100 Pamuk Karde Baskılı Pike Takımı - Lila,Yatak Odası,8999.99,1800.0
Jeunesse Tek Kişilik %100 Pamuk Karde Baskılı Pike Takımı - Lila,Yatak Odası,4999.99,1000.0
Jeunesse Çift Kişilik %100 Pamuk Karde Baskılı Pike Takımı - Lila,Yatak Odası,5999.99,1200.0
Josselin Çift Kişilik Pamuklu Yatak Örtüsü - Lacivert,Yatak Odası,13499.99,2700.0
Josselin Çift Kişilik Pamuklu Yatak Örtüsü - Renkli,Yatak Odası,13499.99,2700.0
Jules King Size %100 Pamuk Fırfırlı Çarşaflı Nevresim Takımı - Bej,Yatak Odası,16999.99,3400.0
Jules King Size %100 Pamuk Fırfırlı Çarşaflı Nevresim Takımı - Saga,Yatak Odası,16999.99,3400.0
Jules Çift Kişilik %100 Pamuk Fırfırlı Nevresim Takımı - Bej,Yatak Odası,14999.99,3000.0
Jules Çift Kişilik %100 Pamuk Fırfırlı Çarşaflı Nevresim Takımı - Beyaz,Yatak Odası,14999.99,3000.0
Jules Çift Kişilik Fırfırlı Nevresim Takımı,Yatak Odası,14999.99,3000.0
Julien King Size %100 Pamuk Fırfırlı Çarşaflı Nevresim Takımı - Açık Mavi,Yatak Odası,16999.99,3400.0
Julien King Size %100 Pamuk Fırfırlı Çarşaflı Nevresim Takımı - Beyaz,Yatak Odası,16999.99,3400.0
Julien King Size %100 Pamuk Fırfırlı Çarşaflı Nevresim Takımı - Pudra,Yatak Odası,16999.99,3400.0
Julien Çift Kişilik %100 Pamuk Fırfırlı Çarşaflı Nevresim Takımı - Açık Mavi,Yatak Odası,13999.99,2800.0
Julien Çift Kişilik %100 Pamuk Fırfırlı Çarşaflı Nevresim Takımı - Beyaz,Yatak Odası,13999.99,2800.0
Julien Çift Kişilik %100 Pamuk Fırfırlı Çarşaflı Nevresim Takımı - Pudra,Yatak Odası,13999.99,2800.0
Juliette Çift Kişilik %100 Pamuk Nakışlı Pike Takımı - Beyaz,Yatak Odası,27999.99,5600.0
Justine King Size %100 Pamuk Çarşaflı Nevresim Takımı - Beyaz/Mavi,Yatak Odası,12999.99,2600.0
Justine King Size %100 Pamuk Çarşaflı Nevresim Takımı - Beyaz/Pudra,Yatak Odası,12999.99,2600.0
Justine King Size %100 Pamuk Çarşaflı Nevresim Takımı - Beyaz/Taş,Yatak Odası,12999.99,2600.0
Justine Çift Kişilik %100 Pamuk Çarşaflı Nevresim Takımı - Beyaz/Mavi,Yatak Odası,11999.99,2400.0
Justine Çift Kişilik %100 Pamuk Çarşaflı Nevresim Takımı - Beyaz/Pudra,Yatak Odası,11999.99,2400.0
Justine Çift Kişilik %100 Pamuk Çarşaflı Nevresim Takımı - Beyaz/Taş,Yatak Odası,11999.99,2400.0
Kanguru Yastık,Yatak Odası,5499.99,1100.0
Kapitoneli Ultra Sonic Yastık,Yatak Odası,1819.99,364.0
Kaviera King Size %100 Pamuk Brodeli Çarşaflı Nevresim Takımı - Beyaz,Yatak Odası,14999.99,3000.0
Kaviera Çift Kişilik %100 Pamuk Brodeli Çarşaflı Nevresim Takımı - Beyaz,Yatak Odası,13999.99,2800.0
King Size Lastikli %100 Pamuk Penye Çarşaf,Yatak Odası,4024.99,805.0
King Size Lastikli %100 Pamuk Penye Çarşaf,Yatak Odası,3449.99,690.0
Klimalı Yastık - Beyaz - 50x70 cm,Yatak Odası,1749.99,350.0
Klimalı Yastık - Beyaz/Açık Gri - 50x70 cm,Yatak Odası,1749.99,350.0
Kylian Tek Kişilik %100 Pamuk Yatak Örtüsü - Bej,Yatak Odası,5499.99,1100.0
Labenne Çift Kişilik Yatak Örtüsü - Bej,Yatak Odası,11999.99,2400.0
Labenne Çift Kişilik Yatak Örtüsü - Beyaz,Yatak Odası,11999.99,2400.0
Labenne Çift Kişilik Yatak Örtüsü - Gri,Yatak Odası,11999.99,2400.0
Labenne Çift Kişilik Yatak Örtüsü - Mint Yeşili,Yatak Odası,11999.99,2400.0
Labenne Çift Kişilik Yatak Örtüsü - Pudra,Yatak Odası,11999.99,2400.0
Laila Çift Kişilik %100 Pamuk Nakışlı Saten Çarşaflı Nevresim Takımı - Beyaz,Yatak Odası,18999.99,3800.0
Laila Çift Kişilik %100 Pamuk Nakışlı Saten Çarşaflı Nevresim Takımı - Vizon,Yatak Odası,18999.99,3800.0
Langley King Size %100 Pamuk Flanel Çarşaflı Nevresim Takımı - Renkli,Yatak Odası,9999.99,2000.0
Lavem King Size %100 Pamuk Madame Coco Crep Baskılı Çarşaflı Nevresim Takımı - Gri,Yatak Odası,10999.99,2200.0
Laventa %100 Pamuk Yastık Kılıfı - Mor,Yatak Odası,2012.99,402.6
Leaf King Size Ecocell Baskılı Pike Takımı - Bej,Yatak Odası,8999.99,1800.0
Leaf Tek Kişilik Ecocell Baskılı Pike Takımı - Bej,Yatak Odası,4999.99,1000.0
Leaf Çift Kişilik Ecocell Baskılı Pike Takımı - Bej,Yatak Odası,5999.99,1200.0
Leaf Çift Kişilik Ecocell Baskılı Pike Takımı - Haki,Yatak Odası,5999.99,1200.0
Leal Çift Kişilik %100 Pamuk 208 TC Baskılı Saten Çarşaflı Nevresim Takımı - Antrasit/Beyaz,Yatak Odası,12999.99,2600.0
Leal Çift Kişilik %100 Pamuk 208 TC Baskılı Saten Çarşaflı Nevresim Takımı - Bej/Beyaz,Yatak Odası,12999.99,2600.0
Leal Çift Kişilik %100 Pamuk 208 TC Baskılı Saten Çarşaflı Nevresim Takımı - Beyaz/Mürdüm,Yatak Odası,12999.99,2600.0
Leal Çift Kişilik %100 Pamuk Baskılı Saten Çarşaflı Nevresim Takımı - Mavi/Beyaz,Yatak Odası,12999.99,2600.0
Lena King Size Baskılı - 300TC Saten Çarşaflı Nevresim Takımı,Yatak Odası,18999.99,3800.0
Lena Çift Kişilik Baskılı - 300TC Saten Çarşaflı Nevresim Takımı,Yatak Odası,15999.99,3200.0
Leonce Tek Kişilik Micro Yorgan - Beyaz,Yatak Odası,4024.99,805.0
Leonore King Size %100 Pamuk Ranforce Baskılı Çarşaflı Nevresim Takımı - Gri,Yatak Odası,8999.99,1800.0
Leonore King Size %100 Pamuk Ranforce Baskılı Çarşaflı Nevresim Takımı - Kahverengi,Yatak Odası,8999.99,1800.0
Leonore Çift Kişilik %100 Pamuk Ranforce Baskılı Çarşaflı Nevresim Takımı -  Kahverengi,Yatak Odası,6499.99,1300.0
Leonore Çift Kişilik %100 Pamuk Ranforce Baskılı Çarşaflı Nevresim Takımı - Gri,Yatak Odası,6499.99,1300.0
Lilas Family Size Nakışlı Çarşaflı Nevresim Takımı - Saten,Yatak Odası,21999.99,4400.0
Lilas King Size Nakışlı Saten Çarşaflı Nevresim Takımı - Açık Gri,Yatak Odası,19999.99,4000.0
Lilas Çift Kişilik Nakışlı Saten Çarşaflı Nevresim Takımı - Açık Gri,Yatak Odası,18999.99,3800.0
Lilas Çift Kişilik Nakışlı Çarşaflı Nevresim Takımı - Saten,Yatak Odası,18999.99,3800.0
Linda King Size %100 Pamuk Nakışlı Yıkamalı Gofre Çarşaflı Nevresim Takımı - Beyaz/Bej,Yatak Odası,12999.99,2600.0
Linda King Size Nakışlı Yıkamalı Gofre Çarşaflı Nevresim Takımı,Yatak Odası,12999.99,2600.0
Linda King Size Yıkamalı Gofre Çarşaflı Nevresim Takımı - Beyaz,Yatak Odası,11999.99,2400.0
Linda Çift Kişilik %100 Pamuk Nakışlı Yıkamalı Gofre Çarşaflı Nevresim Takımı - Bej,Yatak Odası,11999.99,2400.0
Linda Çift Kişilik %100 Pamuk Nakışlı Yıkamalı Gofre Çarşaflı Nevresim Takımı - Koyu Gri,Yatak Odası,11999.99,2400.0
Linda Çift Kişilik %100 Pamuk Nakışlı Yıkamalı Gofre Çarşaflı Nevresim Takımı - Pudra,Yatak Odası,11999.99,2400.0
Linda Çift Kişilik %100 Pamuk Nakışlı Yıkamalı Gofre Çarşaflı Nevresim Takımı - Sarı,Yatak Odası,11999.99,2400.0
Linda Çift Kişilik %100 Pamuk Nakışlı Yıkamalı Gofre Çarşaflı Nevresim Takımı - Siyah,Yatak Odası,11999.99,2400.0
Linda Çift Kişilik Nakışlı Yıkamalı Gofre Çarşaflı Nevresim Takımı,Yatak Odası,11999.99,2400.0
Linda Çizgili King Size %100 Pamuk Yıkamalı Gofre Çarşaflı Nevresim Takımı - Beyaz/İndigo,Yatak Odası,11999.99,2400.0
Linda Çizgili Çift Kişilik %100 Pamuk Yıkamalı Gofre Çarşaflı Nevresim Takımı - Beyaz/Mercan,Yatak Odası,10999.99,2200.0
Lis Family Size Nakışlı Çarşaflı Nevresim Takımı - Saten - Yat Koleksiyon,Yatak Odası,21999.99,4400.0
Loire Family Size Çarşaflı Nevresim Takımı ( TENCEL:trade_mark: ),Yatak Odası,15999.99,3200.0
Loire King Size Tencel Nevresim Takımı ( TENCEL™ ) - Gri,Yatak Odası,11999.99,2400.0
Loire King Size Tencel Nevresim Takımı ( TENCEL™ ) - Lacivert,Yatak Odası,11999.99,2400.0
Loire King Size Tencel Çarşaflı Nevresim Takımı ( TENCEL:trade_mark: ) - Bej,Yatak Odası,11999.99,2400.0
Loire King Size Tencel Çarşaflı Nevresim Takımı ( TENCEL:trade_mark: ) - Beyaz,Yatak Odası,11999.99,2400.0
Loire King Size Tencel Çarşaflı Nevresim Takımı ( TENCEL:trade_mark: ) - Pudra,Yatak Odası,11999.99,2400.0
Loire Super King Size Nevresim Takımı ( TENCEL™ ),Yatak Odası,12999.99,2600.0
Loire Tek Kişilik Tencel Nevresim Takımı ( TENCEL™ ) - Beyaz,Yatak Odası,7999.99,1600.0
Loire Tek Kişilik Tencel Çarşaflı Nevresim Takımı ( TENCEL:trade_mark: ) - Gri,Yatak Odası,7999.99,1600.0
Loire Çift Kişilik Tencel Nevresim Takımı ( TENCEL™ ) - Beyaz,Yatak Odası,10999.99,2200.0
Loire Çift Kişilik Tencel Çarşaflı Nevresim Takımı ( TENCEL:trade_mark: ) - Gri,Yatak Odası,10999.99,2200.0
Loire Çift Kişilik Tencel Çarşaflı Nevresim Takımı ( TENCEL:trade_mark: ) - Pudra,Yatak Odası,10999.99,2200.0
Loire Çift Kişilik Tencel Çarşaflı Nevresim Takımı ( TENCEL™ ) - Lacivert,Yatak Odası,10999.99,2200.0
Loris King Size %100 Pamuk Nakışlı Çarşaflı Nevresim Takımı - Bej,Yatak Odası,15499.99,3100.0
Loris King Size %100 Pamuk Nakışlı Çarşaflı Nevresim Takımı - Ekru,Yatak Odası,15499.99,3100.0
Loris King Size %100 Pamuk Nakışlı Çarşaflı Nevresim Takımı - Pudra,Yatak Odası,15499.99,3100.0
Loris Çift Kişilik %100 Pamuk Nakışlı Nevresim Takımı - Bej,Yatak Odası,11999.99,2400.0
Loris Çift Kişilik %100 Pamuk Nakışlı Çarşaflı Nevresim Takımı - Ekru,Yatak Odası,11999.99,2400.0
Lucille King Size %100 Pamuk Yatak Örtüsü - Beyaz,Yatak Odası,8499.99,1700.0
Lucille King Size %100 Pamuk Yatak Örtüsü - Lacivert,Yatak Odası,8499.99,1700.0
Lucille King Size Yatak Örtüsü,Yatak Odası,8499.99,1700.0
Lucille King Size Yatak Örtüsü,Yatak Odası,8499.99,1700.0
Lucille Tek Kişilik Yatak Örtüsü,Yatak Odası,5499.99,1100.0
Lucille Çift Kişilik %100 Pamuk Yatak Örtüsü - Beyaz,Yatak Odası,7499.99,1500.0
Lucille Çift Kişilik Yatak Örtüsü,Yatak Odası,7499.99,1500.0
Lucille Çift Kişilik Yatak Örtüsü,Yatak Odası,7499.99,1500.0
Lucille Çift Kişilik Yatak Örtüsü,Yatak Odası,7499.99,1500.0
Lucille Çift Kişilik Yatak Örtüsü,Yatak Odası,7499.99,1500.0
Ludesse 7 Parça Çeyiz Seti - Gold,Yatak Odası,27499.99,5500.0
Ludesse 7 Parça Çeyiz Seti - Gold Rose,Yatak Odası,27499.99,5500.0
Ludesse 7 Parça Çeyiz Seti - Gümüş,Yatak Odası,27499.99,5500.0
Lumiere Family Size %100 Pamuk Armürlü Çarşaflı Nevresim Takımı - Açık Gri,Yatak Odası,11999.99,2400.0
Lumiere Family Size %100 Pamuk Armürlü Çarşaflı Nevresim Takımı -İndigo,Yatak Odası,11999.99,2400.0
Lumiere King Size %100 Pamuk Armürlü Çarşaflı Nevresim Takımı - Açık Gri,Yatak Odası,9999.99,2000.0
Lune King Size Bambu Saten Nevresim Takımı - Bej,Yatak Odası,22999.99,4600.0
Lune King Size Bambu Saten Nevresim Takımı - Kırmızı,Yatak Odası,22999.99,4600.0
Lune King Size Bambu Saten Nevresim Takımı - Siyah,Yatak Odası,22999.99,4600.0
Lunevere Çift Kişilik %100 Pamuk Yatak Örtüsü - Pembe,Yatak Odası,9499.99,1900.0
Lunevere Çift Kişilik %100 Pamuk Yatak Örtüsü - Turkuaz,Yatak Odası,9499.99,1900.0
Lunevere Çift Kişilik %100 Pamuk Yatak Örtüsü - Turuncu,Yatak Odası,9499.99,1900.0
Madame Coco Crep Family Size %100 Pamuk Düz Nevresim Takımı - Buz Gri,Yatak Odası,12999.99,2600.0
Madame Coco Crep Family Size %100 Pamuk Düz Çarşaflı Nevresim Takımı - Bej,Yatak Odası,12999.99,2600.0
Madame Coco Crep Family Size %100 Pamuk Düz Çarşaflı Nevresim Takımı - Beyaz,Yatak Odası,12999.99,2600.0
Madame Coco Crep Family Size %100 Pamuk Düz Çarşaflı Nevresim Takımı - İndigo,Yatak Odası,12999.99,2600.0
Madame Coco Crep King Size %100 Pamuk Düz Çarşaflı Nevresim Takımı - Bej,Yatak Odası,10999.99,2200.0
Madame Coco Crep King Size %100 Pamuk Düz Çarşaflı Nevresim Takımı - Beyaz,Yatak Odası,10999.99,2200.0
Madame Coco Crep King Size %100 Pamuk Düz Çarşaflı Nevresim Takımı - Buz Gri,Yatak Odası,10999.99,2200.0
Madame Coco Crep King Size %100 Pamuk Düz Çarşaflı Nevresim Takımı - Yeşil,Yatak Odası,10999.99,2200.0
Maena King Size %100 Pamuk Baskılı Parça Boya Çarşaflı Nevresim Takımı - Haki,Yatak Odası,17999.99,3600.0
Maena Çift Kişilik %100 Pamuk Baskılı Parça Boya Çarşaflı Nevresim Takımı - Bej,Yatak Odası,14999.99,3000.0
Maena Çift Kişilik %100 Pamuk Baskılı Parça Boya Çarşaflı Nevresim Takımı - Haki,Yatak Odası,14999.99,3000.0
Magou King Size %100 Pamuk Brodeli Saten Çarşaflı Nevresim Takımı - Beyaz,Yatak Odası,19999.99,4000.0
Magou Çift Kişilik %100 Pamuk Brodeli Saten Çarşaflı Nevresim Takımı - Beyaz,Yatak Odası,15999.99,3200.0
Manon %100 Pamuk Ranforce Düz 2'li Yastık Kılıfı Seti - Açık Mürdüm,Yatak Odası,1169.99,234.0
Manon %100 Pamuk Ranforce Düz 2'li Yastık Kılıfı Seti - Açık Pudra,Yatak Odası,1169.99,234.0
Manon %100 Pamuk Ranforce Düz 2'li Yastık Kılıfı Seti - Beyaz,Yatak Odası,1169.99,234.0
Manon %100 Pamuk Ranforce Düz 2'li Yastık Kılıfı Seti - Gri,Yatak Odası,1169.99,234.0
Manon %100 Pamuk Ranforce Düz 2'li Yastık Kılıfı Seti - Haki,Yatak Odası,1169.99,234.0
Manon %100 Pamuk Ranforce Düz 2'li Yastık Kılıfı Seti - Koyu Mavi,Yatak Odası,1169.99,234.0
Manon %100 Pamuk Ranforce Düz 2'li Yastık Kılıfı Seti - Taş,Yatak Odası,1169.99,234.0
Manon King Size %100 Pamuk Ranforce Düz Nevresim - Bej,Yatak Odası,2999.99,600.0
Manon King Size %100 Pamuk Ranforce Düz Nevresim - Haki,Yatak Odası,2999.99,600.0
Manon King Size %100 Pamuk Ranforce Düz Nevresim - Mavi,Yatak Odası,2999.99,600.0
Manon King Size %100 Pamuk Ranforce Düz Nevresim - Siyah,Yatak Odası,2999.99,600.0
Manon King Size %100 Pamuk Ranforce Düz Nevresim - Taş,Yatak Odası,2999.99,600.0
Manon King Size %100 Pamuk Ranforce Lastikli Çarşaf - Açık Mürdüm,Yatak Odası,3794.99,759.0
Manon King Size %100 Pamuk Ranforce Lastikli Çarşaf - Açık Pudra,Yatak Odası,3794.99,759.0
Manon King Size %100 Pamuk Ranforce Lastikli Çarşaf - Beyaz,Yatak Odası,3794.99,759.0
Manon King Size %100 Pamuk Ranforce Lastikli Çarşaf - Gri,Yatak Odası,3794.99,759.0
Manon King Size %100 Pamuk Ranforce Lastikli Çarşaf - Haki,Yatak Odası,3794.99,759.0
Manon King Size %100 Pamuk Ranforce Lastikli Çarşaf - Koyu Mavi,Yatak Odası,3794.99,759.0
Manon King Size %100 Pamuk Ranforce Lastikli Çarşaf - Lacivert,Yatak Odası,3794.99,759.0
Manon King Size %100 Pamuk Ranforce Lastikli Çarşaf - Taş,Yatak Odası,3794.99,759.0
Manon King Size %100 Pamuk Ranforce Lastikli Çarşaf Takımı - Gri,Yatak Odası,3999.99,800.0
Manon King Size %100 Pamuk Ranforce Lastikli Çarşaf Takımı - Lacivert,Yatak Odası,3999.99,800.0
Manon King Size %100 Pamuk Ranforce Lastikli Çarşaf Takımı - Pudra,Yatak Odası,3999.99,800.0
Manon King Size %100 Pamuk Ranforce Lastiksiz Çarşaf - Lacivert,Yatak Odası,3794.99,759.0
Manon King Size Plus %100 Pamuk Ranforce Lastikli Çarşaf - Antrasit,Yatak Odası,3899.99,780.0
Manon King Size Plus %100 Pamuk Ranforce Lastikli Çarşaf - Açık Pudra,Yatak Odası,3899.99,780.0
Manon King Size Plus %100 Pamuk Ranforce Lastikli Çarşaf - Beyaz,Yatak Odası,3899.99,780.0
Manon King Size Plus %100 Pamuk Ranforce Lastikli Çarşaf - Haki,Yatak Odası,3899.99,780.0
Manon King Size Plus %100 Pamuk Ranforce Lastikli Çarşaf - Koyu Mavi,Yatak Odası,3899.99,780.0
Manon King Size Plus %100 Pamuk Ranforce Lastikli Çarşaf - Lacivert,Yatak Odası,3899.99,780.0
Manon King Size Plus %100 Pamuk Ranforce Lastikli Çarşaf - Taş,Yatak Odası,3899.99,780.0
Manon King Size Ranforce Düz Nevresim,Yatak Odası,2999.99,600.0
Manon Tek Kişilik %100 Pamuk Ranforce Lastikli Çarşaf - Açık Pudra,Yatak Odası,1749.99,350.0
Manon Tek Kişilik %100 Pamuk Ranforce Lastikli Çarşaf - Beyaz,Yatak Odası,1749.99,350.0
Manon Tek Kişilik %100 Pamuk Ranforce Lastikli Çarşaf - Gri,Yatak Odası,1749.99,350.0
Manon Tek Kişilik %100 Pamuk Ranforce Lastikli Çarşaf - Koyu Bej,Yatak Odası,1749.99,350.0
Manon Tek Kişilik %100 Pamuk Ranforce Lastikli Çarşaf - Koyu Mavi,Yatak Odası,1749.99,350.0
Manon Tek Kişilik %100 Pamuk Ranforce Lastikli Çarşaf Takımı - Antrasit,Yatak Odası,2817.99,563.6
Manon Tek Kişilik %100 Pamuk Ranforce Lastikli Çarşaf Takımı - Bej,Yatak Odası,2817.99,563.6
Manon Tek Kişilik %100 Pamuk Ranforce Lastikli Çarşaf Takımı - Gri,Yatak Odası,2817.99,563.6
Manon Tek Kişilik %100 Pamuk Ranforce Lastikli Çarşaf Takımı - Lacivert,Yatak Odası,2817.99,563.6
Manon Tek Kişilik %100 Pamuk Ranforce Lastikli Çarşaf Takımı - Pudra,Yatak Odası,2817.99,563.6
Manon Tek Kişilik Plus %100 Pamuk Lastikli Ranforce Çarşaf - Açık Mürdüm,Yatak Odası,2759.99,552.0
Manon Tek Kişilik Plus %100 Pamuk Lastikli Ranforce Çarşaf - Koyu Bej,Yatak Odası,2759.99,552.0
Manon Tek Kişilik Plus %100 Pamuk Ranforce Lastikli Çarşaf - Açık Pudra,Yatak Odası,2759.99,552.0
Manon Tek Kişilik Plus %100 Pamuk Ranforce Lastikli Çarşaf - Beyaz,Yatak Odası,2759.99,552.0
Manon Tek Kişilik Plus %100 Pamuk Ranforce Lastikli Çarşaf - Koyu Mavi,Yatak Odası,2759.99,552.0
Manon Tek Kişilik Plus %100 Pamuk Ranforce Lastikli Çarşaf - Lacivert,Yatak Odası,2759.99,552.0
Manon Tek Kişilik Plus %100 Pamuk Ranforce Lastikli Çarşaf - Taş,Yatak Odası,2759.99,552.0
Manon Çift Kişilik %100 Pamuk Ranforce Düz Nevresim - Açık Mürdüm,Yatak Odası,2499.99,500.0
Manon Çift Kişilik %100 Pamuk Ranforce Düz Nevresim - Bej,Yatak Odası,2499.99,500.0
Manon Çift Kişilik %100 Pamuk Ranforce Düz Nevresim - Ekru,Yatak Odası,2499.99,500.0
Manon Çift Kişilik %100 Pamuk Ranforce Düz Nevresim - Gri,Yatak Odası,2499.99,500.0
Manon Çift Kişilik %100 Pamuk Ranforce Düz Nevresim - Mavi,Yatak Odası,2499.99,500.0
Manon Çift Kişilik %100 Pamuk Ranforce Düz Nevresim - Pudra,Yatak Odası,2499.99,500.0
Manon Çift Kişilik %100 Pamuk Ranforce Düz Nevresim - Siyah,Yatak Odası,2499.99,500.0
Manon Çift Kişilik %100 Pamuk Ranforce Düz Nevresim - Taş,Yatak Odası,2499.99,500.0
Manon Çift Kişilik %100 Pamuk Ranforce Lastikli Çarşaf - Antrasit,Yatak Odası,2249.99,450.0
Manon Çift Kişilik %100 Pamuk Ranforce Lastikli Çarşaf - Açık Mürdüm,Yatak Odası,2249.99,450.0
Manon Çift Kişilik %100 Pamuk Ranforce Lastikli Çarşaf - Açık Pudra,Yatak Odası,2249.99,450.0
Manon Çift Kişilik %100 Pamuk Ranforce Lastikli Çarşaf - Beyaz,Yatak Odası,2249.99,450.0
Manon Çift Kişilik %100 Pamuk Ranforce Lastikli Çarşaf - Gri,Yatak Odası,2249.99,450.0
Manon Çift Kişilik %100 Pamuk Ranforce Lastikli Çarşaf - Haki,Yatak Odası,2249.99,450.0
Manon Çift Kişilik %100 Pamuk Ranforce Lastikli Çarşaf - Koyu Mavi,Yatak Odası,2249.99,450.0
Manon Çift Kişilik %100 Pamuk Ranforce Lastikli Çarşaf - Lacivert,Yatak Odası,2249.99,450.0
Manon Çift Kişilik %100 Pamuk Ranforce Lastikli Çarşaf - Taş,Yatak Odası,2249.99,450.0
Manon Çift Kişilik %100 Pamuk Ranforce Lastikli Çarşaf Takımı - Antrasit,Yatak Odası,4024.99,805.0
Manon Çift Kişilik %100 Pamuk Ranforce Lastikli Çarşaf Takımı - Açık Mavi,Yatak Odası,4024.99,805.0
Manon Çift Kişilik %100 Pamuk Ranforce Lastikli Çarşaf Takımı - Bej,Yatak Odası,4024.99,805.0
Manon Çift Kişilik %100 Pamuk Ranforce Lastikli Çarşaf Takımı - Beyaz,Yatak Odası,4024.99,805.0
Manon Çift Kişilik %100 Pamuk Ranforce Lastikli Çarşaf Takımı - Gri,Yatak Odası,4024.99,805.0
Manon Çift Kişilik %100 Pamuk Ranforce Lastikli Çarşaf Takımı - Lacivert,Yatak Odası,4024.99,805.0
Manon Çift Kişilik %100 Pamuk Ranforce Lastikli Çarşaf Takımı - Pudra,Yatak Odası,4024.99,805.0
Manon Çift Kişilik Ranforce Lastikli Çarşaf,Yatak Odası,2249.99,450.0
Marc King Size Baskılı Çarşaflı Nevresim Takımı - Mavi/Kırmızı,Yatak Odası,6999.99,1400.0
Marc King Size Pamuklu Baskılı Çarşaflı Nevresim Takımı - Mavi/Kırmızı,Yatak Odası,6999.99,1400.0
Marc King Size Pamuklu Baskılı Çarşaflı Nevresim Takımı - Mavi/Kırmızı,Yatak Odası,6999.99,1400.0
Marguerita Post Yatak Örtüsü,Yatak Odası,24999.99,5000.0
Marguerita Post Yatak Örtüsü,Yatak Odası,24999.99,5000.0
Marguerite Family Size Nakışlı Saten Çarşaflı Nevresim Takımı - Ekru,Yatak Odası,24999.99,5000.0
Marguerite King Size Nakışlı Çarşaflı Nevresim Takımı - Saten,Yatak Odası,21999.99,4400.0
Marguerite Çift Kişilik Nakışlı Çarşaflı Nevresim Takımı- Saten,Yatak Odası,19999.99,4000.0
Maria King Size %100 Pamuk Karde Baskılı Pike Takımı - Pembe,Yatak Odası,8999.99,1800.0
Maria Tek Kişilik %100 Pamuk Karde Baskılı Pike Takımı - Pembe,Yatak Odası,4999.99,1000.0
Maria Çift Kişilik %100 Pamuk Karde Baskılı Pike Takımı - Pembe,Yatak Odası,5999.99,1200.0
Marinos Çift Kişilik Yatak Örtüsü - Gri,Yatak Odası,8499.99,1700.0
Marinos Çift Kişilik Yatak Örtüsü - İndigo,Yatak Odası,8499.99,1700.0
Marion %100 Pamuk 2'li Yastık Kılıfı - Gri/Beyaz,Yatak Odası,2012.99,402.6
Marion %100 Pamuk 2'li Yastık Kılıfı - Gri/Beyaz,Yatak Odası,2012.99,402.6
Marion %100 Pamuk 2'li Yastık Kılıfı - Pudra/Beyaz,Yatak Odası,2012.99,402.6
Marion %100 Pamuk 2'li Yastık Kılıfı - Pudra/Beyaz,Yatak Odası,2012.99,402.6
Marion King Size %100 Pamuk Brodeli Saten Çarşaflı Nevresim Takımı - Beyaz,Yatak Odası,19999.99,4000.0
Marion Çift Kişilik %100 Pamuk Brodeli Saten Çarşaflı Nevresim Takımı - Beyaz,Yatak Odası,15999.99,3200.0
Marjolaina Çift Kişilik Yatak Örtüsü,Yatak Odası,10999.99,2200.0
Marla Müslin King Size %100 Pamuk Lastikli Çarşaflı Nevresim Takımı - Bej,Yatak Odası,18999.99,3800.0
Marla Müslin King Size %100 Pamuk Lastikli Çarşaflı Nevresim Takımı - Ekru,Yatak Odası,18999.99,3800.0
Marla Müslin King Size %100 Pamuk Lastikli Çarşaflı Nevresim Takımı - Haki,Yatak Odası,18999.99,3800.0
Marla Müslin King Size %100 Pamuk Lastikli Çarşaflı Nevresim Takımı - Lacivert,Yatak Odası,18999.99,3800.0
Marla Müslin King Size %100 Pamuk Lastikli Çarşaflı Nevresim Takımı - Tarçın,Yatak Odası,18999.99,3800.0
Marla Müslin Superking Size Çarşaflı Nevresim Takımı Lastikli,Yatak Odası,21999.99,4400.0
Marla Müslin Superking Size Çarşaflı Nevresim Takımı Lastikli,Yatak Odası,21999.99,4400.0
Marla Müslin Tek Kişilik %100 Pamuk Lastikli Çarşaflı Nevresim Takımı - Bej,Yatak Odası,11999.99,2400.0
Marla Müslin Tek Kişilik %100 Pamuk Lastikli Çarşaflı Nevresim Takımı - Ekru,Yatak Odası,11999.99,2400.0
Marla Müslin Tek Kişilik %100 Pamuk Lastikli Çarşaflı Nevresim Takımı - Haki,Yatak Odası,11999.99,2400.0
Marla Müslin Tek Kişilik %100 Pamuk Lastikli Çarşaflı Nevresim Takımı - Lacivert,Yatak Odası,11999.99,2400.0
Marla Müslin Çift Kişilik %100 Pamuk Lastikli Nevresim Takımı - Bej,Yatak Odası,15999.99,3200.0
Marla Müslin Çift Kişilik %100 Pamuk Lastikli Çarşaflı Nevresim Takımı - Ekru,Yatak Odası,15999.99,3200.0
Marla Müslin Çift Kişilik %100 Pamuk Lastikli Çarşaflı Nevresim Takımı - Lacivert,Yatak Odası,15999.99,3200.0
Marlene Tek Kişilik %100 Pamuk Penye Lastikli Çarşaflı Nevresim Takımı - Beyaz,Yatak Odası,9999.99,2000.0
Marlene Tek Kişilik %100 Pamuk Penye Lastikli Çarşaflı Nevresim Takımı - Haki,Yatak Odası,9999.99,2000.0
Marlene Çift Kişilik %100 Pamuk Penye Lastikli Çarşaflı Nevresim Takımı - Bej,Yatak Odası,13499.99,2700.0
Marlene Çift Kişilik %100 Pamuk Penye Lastikli Çarşaflı Nevresim Takımı - Beyaz,Yatak Odası,13499.99,2700.0
Marly Tek Kişilik %100 Pamuk Penye Lastikli Çarşaflı Nevresim Takımı - Beyaz,Yatak Odası,11999.99,2400.0
Marly Çift Kişilik %100 Pamuk Penye Lastikli Çarşaflı Nevresim Takımı - Beyaz,Yatak Odası,15999.99,3200.0
Marthe Tek Kişilik %100 Pamuk Ranforce Baskılı Nevresim Takımı - Sarı/Mavi,Yatak Odası,5499.99,1100.0
Marthe Çift Kişilik %100 Pamuk Ranforce Baskılı Çarşaflı Nevresim Takımı - Sarı/Mavii,Yatak Odası,6499.99,1300.0
Mathilda King Size %100 Pamuk Karde Düz Pike - Açık Mavi,Yatak Odası,4499.99,900.0
Mathilda King Size %100 Pamuk Karde Düz Pike Takımı - Açık Gri,Yatak Odası,8999.99,1800.0
Mathilda King Size %100 Pamuk Karde Düz Pike Takımı - Bej,Yatak Odası,8999.99,1800.0
Mathilda King Size %100 Pamuk Karde Düz Pike Takımı - Beyaz,Yatak Odası,8999.99,1800.0
Mathilda King Size %100 Pamuk Karde Düz Pike Takımı - Fuşya,Yatak Odası,8999.99,1800.0
Mathilda King Size %100 Pamuk Karde Düz Pike Takımı - Kırmızı,Yatak Odası,8999.99,1800.0
Mathilda King Size %100 Pamuk Karde Düz Pike Takımı - Mavi,Yatak Odası,8999.99,1800.0
Mathilda King Size %100 Pamuk Karde Düz Pike Takımı - Turkuaz,Yatak Odası,8999.99,1800.0
Mathilda King Size Pamuklu Ecocell Düz Pike - Beyaz,Yatak Odası,4499.99,900.0
Mathilda King Size Pamuklu Ecocell Düz Pike - Fuşya,Yatak Odası,4499.99,900.0
Mathilda King Size Pamuklu Ecocell Düz Pike - Gri,Yatak Odası,4499.99,900.0
Mathilda King Size Pamuklu Ecocell Düz Pike - Haki,Yatak Odası,4499.99,900.0
Mathilda King Size Pamuklu Ecocell Düz Pike - Lila,Yatak Odası,4499.99,900.0
Mathilda King Size Pamuklu Ecocell Düz Pike - Pudra,Yatak Odası,4499.99,900.0
Mathilda King Size Pamuklu Ecocell Düz Pike - Turkuaz,Yatak Odası,4499.99,900.0
Mathilda King Size Pamuklu Ecocell Düz Pike - İndigo,Yatak Odası,4499.99,900.0
Mathilda King Size Pamuklu Ecocell Düz Pike Takımı - Beyaz,Yatak Odası,8999.99,1800.0
Mathilda Tek Kişilik %100 Pamuk Karde Düz Pike - Kırmızı,Yatak Odası,2499.99,500.0
Mathilda Tek Kişilik %100 Pamuk Karde Düz Pike - Sarı,Yatak Odası,2499.99,500.0
Mathilda Tek Kişilik %100 Pamuk Karde Düz Pike Takımı - Açık Gri,Yatak Odası,4999.99,1000.0
Mathilda Tek Kişilik %100 Pamuk Karde Düz Pike Takımı - Açık Gri,Yatak Odası,4999.99,1000.0
Mathilda Tek Kişilik %100 Pamuk Karde Düz Pike Takımı - Açık Mavi,Yatak Odası,4999.99,1000.0
Mathilda Tek Kişilik %100 Pamuk Karde Düz Pike Takımı - Beyaz,Yatak Odası,4999.99,1000.0
Mathilda Tek Kişilik %100 Pamuk Karde Düz Pike Takımı - Beyaz,Yatak Odası,4999.99,1000.0
Mathilda Tek Kişilik %100 Pamuk Karde Düz Pike Takımı - Fuşya,Yatak Odası,4999.99,1000.0
Mathilda Tek Kişilik %100 Pamuk Karde Düz Pike Takımı - Haki,Yatak Odası,4999.99,1000.0
Mathilda Tek Kişilik %100 Pamuk Karde Düz Pike Takımı - Kırmızı,Yatak Odası,4999.99,1000.0
Mathilda Tek Kişilik %100 Pamuk Karde Düz Pike Takımı - Mavi,Yatak Odası,4999.99,1000.0
Mathilda Tek Kişilik %100 Pamuk Karde Düz Pike Takımı - Pudra,Yatak Odası,4999.99,1000.0
Mathilda Tek Kişilik Ecocell Düz Pike Takımı - Yeşil,Yatak Odası,4999.99,1000.0
Mathilda Tek Kişilik Pamuklu Ecocell Düz Pike - Beyaz,Yatak Odası,2499.99,500.0
Mathilda Tek Kişilik Pamuklu Ecocell Düz Pike - Fuşya,Yatak Odası,2499.99,500.0
Mathilda Tek Kişilik Pamuklu Ecocell Düz Pike - Gri,Yatak Odası,2499.99,500.0
Mathilda Tek Kişilik Pamuklu Ecocell Düz Pike - Haki,Yatak Odası,2499.99,500.0
Mathilda Tek Kişilik Pamuklu Ecocell Düz Pike - Lila,Yatak Odası,2499.99,500.0
Mathilda Tek Kişilik Pamuklu Ecocell Düz Pike - Mavi,Yatak Odası,2499.99,500.0
Mathilda Tek Kişilik Pamuklu Ecocell Düz Pike - Mint Yeşili,Yatak Odası,2499.99,500.0
Mathilda Tek Kişilik Pamuklu Ecocell Düz Pike - Pudra,Yatak Odası,2499.99,500.0
Mathilda Tek Kişilik Pamuklu Ecocell Düz Pike - Turkuaz,Yatak Odası,2499.99,500.0
Mathilda Tek Kişilik Pamuklu Ecocell Düz Pike - İndigo,Yatak Odası,2499.99,500.0
Mathilda Tek Kişilik Pamuklu Ecocell Düz Pike Takımı - Beyaz,Yatak Odası,4999.99,1000.0
Mathilda Tek Kişilik Pamuklu Ecocell Düz Pike Takımı - Beyaz,Yatak Odası,4999.99,1000.0
Mathilda Çift Kişilik %100 Pamuk Karde Düz Pike - Kırmızı,Yatak Odası,2999.99,600.0
Mathilda Çift Kişilik %100 Pamuk Karde Düz Pike Takımı - Açık Gri,Yatak Odası,5999.99,1200.0
Mathilda Çift Kişilik %100 Pamuk Karde Düz Pike Takımı - Açık Gri,Yatak Odası,5999.99,1200.0
Mathilda Çift Kişilik %100 Pamuk Karde Düz Pike Takımı - Beyaz,Yatak Odası,5999.99,1200.0
Mathilda Çift Kişilik %100 Pamuk Karde Düz Pike Takımı - Beyaz,Yatak Odası,5999.99,1200.0
Mathilda Çift Kişilik %100 Pamuk Karde Düz Pike Takımı - Fuşya,Yatak Odası,5999.99,1200.0
Mathilda Çift Kişilik %100 Pamuk Karde Düz Pike Takımı - Haki,Yatak Odası,5999.99,1200.0
Mathilda Çift Kişilik %100 Pamuk Karde Düz Pike Takımı - Kırmızı,Yatak Odası,5999.99,1200.0
Mathilda Çift Kişilik %100 Pamuk Karde Düz Pike Takımı - Mavi,Yatak Odası,5999.99,1200.0
Mathilda Çift Kişilik %100 Pamuk Karde Düz Pike Takımı - Mint Yeşili,Yatak Odası,5999.99,1200.0
Mathilda Çift Kişilik %100 Pamuk Karde Düz Pike Takımı - Pudra,Yatak Odası,5999.99,1200.0
Mathilda Çift Kişilik Pamuklu Ecocell Düz Pike - Beyaz,Yatak Odası,2999.99,600.0
Mathilda Çift Kişilik Pamuklu Ecocell Düz Pike - Fuşya,Yatak Odası,2999.99,600.0
Mathilda Çift Kişilik Pamuklu Ecocell Düz Pike - Gri,Yatak Odası,2999.99,600.0
Mathilda Çift Kişilik Pamuklu Ecocell Düz Pike - Haki,Yatak Odası,2999.99,600.0
Mathilda Çift Kişilik Pamuklu Ecocell Düz Pike - Lila,Yatak Odası,2999.99,600.0
Mathilda Çift Kişilik Pamuklu Ecocell Düz Pike - Mavi,Yatak Odası,2999.99,600.0
Mathilda Çift Kişilik Pamuklu Ecocell Düz Pike - Mint Yeşili,Yatak Odası,2999.99,600.0
Mathilda Çift Kişilik Pamuklu Ecocell Düz Pike - Pudra,Yatak Odası,2999.99,600.0
Mathilda Çift Kişilik Pamuklu Ecocell Düz Pike - Turkuaz,Yatak Odası,2999.99,600.0
Mathilda Çift Kişilik Pamuklu Ecocell Düz Pike - İndigo,Yatak Odası,2999.99,600.0
Mathilda Çift Kişilik Pamuklu Ecocell Düz Pike Takımı - Beyaz,Yatak Odası,5999.99,1200.0
Maveray Çift Kişilik %100 Pamuk Yatak Örtüsü Seti - Beyaz,Yatak Odası,32499.99,6500.0
Maveray Çift Kişilik %100 Pamuk Yatak Örtüsü Seti - Haki,Yatak Odası,32499.99,6500.0
Maveray Çift Kişilik %100 Pamuk Yatak Örtüsü Seti - Pudra,Yatak Odası,32499.99,6500.0
Maveray Çİft Kişilik %100 Pamuk Yatak Örtüsü Seti - Ekru,Yatak Odası,32499.99,6500.0
Medus Tek Kişilik Yatak Örtüsü - Beyaz,Yatak Odası,6999.99,1400.0
Medus Çift Kişilik Yatak Örtüsü - Beyaz,Yatak Odası,7999.99,1600.0
Medus Çift Kişilik Yatak Örtüsü - Mint Yeşili,Yatak Odası,7999.99,1600.0
Medus Çift Kişilik Yatak Örtüsü - İndigo,Yatak Odası,7999.99,1600.0
Meleni Tek Kişilik Uyku Seti - Haki,Yatak Odası,12499.99,2500.0
Meleni Tek Kişilik Uyku Seti - Kiremit,Yatak Odası,12499.99,2500.0
Meleni Tek Kişilik Uyku Seti - İndigo,Yatak Odası,12499.99,2500.0
Melicia Çift Kişilik Pamuklu Çizgili Saten Çarşaflı Nevresim Takımı - Bej,Yatak Odası,6499.99,1300.0
Melicia Çift Kişilik Pamuklu Çizgili Saten Çarşaflı Nevresim Takımı - Ekru,Yatak Odası,6499.99,1300.0
Melicia Çift Kişilik Pamuklu Çizgili Saten Çarşaflı Nevresim Takımı - Gri,Yatak Odası,6499.99,1300.0
Micro Yastık,Yatak Odası,1494.99,299.0
Mila Çift Kişilik %100 Pamuk Nakışlı Yıkamalı Çarşaflı Nevresim Takımı - Mavi,Yatak Odası,14999.99,3000.0
Milanes 7 Parça Çeyiz Seti - Gold,Yatak Odası,27499.99,5500.0
Mimi Bebek Yorgan - Ekru,Yatak Odası,10999.99,2200.0
Miroiter King Size %100 Pamuk Simli Saten Çarşaflı Nevresim Takımı - Beyaz/Gold,Yatak Odası,19999.99,4000.0
Miroiter King Size %100 Pamuk Simli Saten Çarşaflı Nevresim Takımı - Beyaz/Silver,Yatak Odası,19999.99,4000.0
Miroiter Çift Kişilik %100 Pamuk Simli Saten Çarşaflı Nevresim Takımı - Beyaz/Gold,Yatak Odası,16999.99,3400.0
Miroiter Çift Kişilik %100 Pamuk Simli Saten Çarşaflı Nevresim Takımı - Beyaz/Silver,Yatak Odası,16999.99,3400.0
Modena %100 Pamuk 2'li Yastık Kılıfı - Gri/Beyaz,Yatak Odası,2012.99,402.6
Modena %100 Pamuk 2'li Yastık Kılıfı - Pudra/Beyaz,Yatak Odası,2012.99,402.6
Modena Kopanakili 2'li %100 Pamuk Yastık Kılıfı - Gri/Beyaz,Yatak Odası,2012.99,402.6
Modena Kopanakili 2'li %100 Pamuk Yastık Kılıfı - Pudra/Beyaz,Yatak Odası,2012.99,402.6
Modena Çift Kişilik %100 Pamuk Brodeli Çarşaflı Nevresim Takımı - Bej,Yatak Odası,12999.99,2600.0
Modena Çift Kişilik %100 Pamuk Brodeli Çarşaflı Nevresim Takımı - Gri,Yatak Odası,12999.99,2600.0
Mona Tek Kişilik Uyku Seti - Taş,Yatak Odası,12499.99,2500.0
Montjalin Çift Kişilik Yatak Örtüsü - Bej,Yatak Odası,8499.99,1700.0
Montjalin Çift Kişilik Yatak Örtüsü - Ekru/Toprak,Yatak Odası,8499.99,1700.0
Montjalin Çift Kişilik Yatak Örtüsü - Gri,Yatak Odası,8499.99,1700.0
Montjalin Çift Kişilik Yatak Örtüsü - Pudra,Yatak Odası,8499.99,1700.0
Montjalin Çift Kişilik Yatak Örtüsü - İndigo,Yatak Odası,8499.99,1700.0
Montpellier 11 Parça Royal Set - Siyah,Yatak Odası,32499.99,6500.0
Moonlit Visco Lux Serinletici Jel Yastık - Beyaz - 60x40x14 cm,Yatak Odası,12999.99,2600.0
Mougins 8 Parça Çeyiz - Bej,Yatak Odası,32499.99,6500.0
Mougins 8 Parça Çeyiz - Gri,Yatak Odası,32499.99,6500.0
Mulette Tek Kişilik Yatak Örtüsü,Yatak Odası,4024.99,805.0
Mulette Tek Kişilik Yatak Örtüsü,Yatak Odası,4024.99,805.0
Musette King Size %100 Pamuk Ranforce Baskılı Nevresim Takımı - Haki,Yatak Odası,8999.99,1800.0
Musette Çift Kişilik %100 Pamuk Ranforce Baskılı Nevresim Takımı - Haki,Yatak Odası,6499.99,1300.0
Nanny Tv Battaniye - Camel,Yatak Odası,4999.99,1000.0
Nanny Tv Battaniye - Gri/İndigo,Yatak Odası,4999.99,1000.0
Nanny Çift Kişilik Battaniye - Camel,Yatak Odası,7999.99,1600.0
Nanny Çift Kişilik Battaniye - Gri/İndigo,Yatak Odası,7999.99,1600.0
Navarre Tek Kişilik Yorgan,Yatak Odası,19999.99,4000.0
Navarre Yastık,Yatak Odası,4999.99,1000.0
Nelly Tek Kişilik %100 Pamuk Fırfırlı Baskılı Çarşaflı Nevresim Takımı - Beyaz/Sarı,Yatak Odası,7999.99,1600.0
Nelly Çift Kişilik %100 Pamuk Fırfırlı Baskılı Çarşaflı Nevresim Takımı - Beyaz/Sarı,Yatak Odası,9999.99,2000.0
Nicola %100 Pamuk Yastık Kılıfı - Bej,Yatak Odası,2012.99,402.6
Nicola %100 Pamuk Yastık Kılıfı - Gri,Yatak Odası,2012.99,402.6
Nicola %100 Pamuk Yastık Kılıfı - Pudra,Yatak Odası,2012.99,402.6
Nicole King Size %100 Pamuk Armürlü Çarşaflı Nevresim Takımı - Açık Gri,Yatak Odası,16999.99,3400.0
Nicole King Size %100 Pamuk Armürlü Çarşaflı Nevresim Takımı - Bej,Yatak Odası,16999.99,3400.0
Nicole Çift Kişilik %100 Pamuk Armürlü Çarşaflı Nevresim Takımı - Açık Gri,Yatak Odası,14999.99,3000.0
Niort Tek Kişilik Ranforce Baskılı Nevresim Takımı - Pudra,Yatak Odası,5499.99,1100.0
Niort Çift Kişilik Ranforce Baskılı Nevresim Takımı - Pudra,Yatak Odası,6499.99,1300.0
Notre 8 Parça Çeyiz Seti - Kahverengi,Yatak Odası,32499.99,6500.0
Nuage 2'li Baskılı Hurç - Beyaz/Açık Mavi,Yatak Odası,1429.99,286.0
Nuage 2'li Baza Altı Hurç - Beyaz/Açık Mavi,Yatak Odası,1724.99,345.0
Nuage Baskılı Hurç,Yatak Odası,749.99,150.0
Nuage Baskılı Hurç,Yatak Odası,649.99,130.0
Nuage Baskılı Hurç,Yatak Odası,849.99,170.0
Nuage Baskılı Hurç,Yatak Odası,499.99,100.0
Nuage Baza Altı Hurç,Yatak Odası,1169.99,234.0
Nuage Baza Altı Hurç,Yatak Odası,1039.99,208.0
Nuage King Size %100 Pamuk İpliği Boyalı Çarşaflı Nevresim Takımı - Antrasit,Yatak Odası,13999.99,2800.0
Nuage King Size %100 Pamuk İpliği Boyalı Çarşaflı Nevresim Takımı - Lacivert,Yatak Odası,13999.99,2800.0
Nuage Pencereli Hurç,Yatak Odası,1169.99,234.0
Nuage Pencereli Hurç,Yatak Odası,1039.99,208.0
Nuage Tek Kişilik %100 Pamuk İpliği Boyalı Çarşaflı Nevresim Takımı - Lacivert,Yatak Odası,7999.99,1600.0
Nuage Yastık - Beyaz - 50x70 cm,Yatak Odası,3449.99,690.0
Nuage Çift Kişilik %100 Pamuk İpliği Boyalı Çarşaflı Nevresim Takımı - Antrasit,Yatak Odası,10999.99,2200.0
Nuage Çift Kişilik %100 Pamuk İpliği Boyalı Çarşaflı Nevresim Takımı - Lacivert,Yatak Odası,10999.99,2200.0
Obernai King Size %100 Pamuk Fırfırlı Düz Yıkamalı Çarşaflı Nevresim Takımı - Bej,Yatak Odası,15999.99,3200.0
Obernai King Size %100 Pamuk Fırfırlı Düz Yıkamalı Çarşaflı Nevresim Takımı - Beyaz,Yatak Odası,15999.99,3200.0
Obernai King Size %100 Pamuk Fırfırlı Düz Yıkamalı Çarşaflı Nevresim Takımı - Pudra,Yatak Odası,15999.99,3200.0
Obernai Tek Kişilik %100 Pamuk Fırfırlı Düz Yıkamalı Çarşaflı Nevresim Takımı - Bej,Yatak Odası,10999.99,2200.0
Obernai Tek Kişilik %100 Pamuk Fırfırlı Düz Yıkamalı Çarşaflı Nevresim Takımı - Mavi,Yatak Odası,10999.99,2200.0
Obernai Çift Kişilik %100 Pamuk Fırfırlı Düz Yıkamalı Çarşaflı Nevresim Takımı - Pudra,Yatak Odası,13999.99,2800.0
Octave %100 Pamuk Ranforce 2'li Yastık Kılıfı - Gri - 50x70 cm,Yatak Odası,1299.99,260.0
Odette Bambu Yastık,Yatak Odası,3999.99,800.0
Odette Family Size %100 Pamuk Ranforce Baskılı Çarşaflı Nevresim Takımı - Koyu Mavi,Yatak Odası,9199.99,1840.0
Odette King Size Baskılı Yatak Örtüsü - Bej,Yatak Odası,4999.99,1000.0
Ordre Çift Kişilik Yatak Örtüsü - Gri,Yatak Odası,8999.99,1800.0
Origny Tv Battaniye - Kiremit - 130x170 cm,Yatak Odası,4999.99,1000.0
Origny Çift Kişilik Battaniye - Haki,Yatak Odası,7999.99,1600.0
Origny Çift Kişilik Battaniye - Kahverengi,Yatak Odası,7999.99,1600.0
Origny Çift Kişilik Battaniye - Kiremit,Yatak Odası,7999.99,1600.0
Orly Family Sıze Jakarlı Saten Çarşaflı Nevresim Takımı,Yatak Odası,29999.99,6000.0
Orpen King Size %100 Pamuk Madame Coco Crep Baskılı Çarşaflı Nevresim Takımı - Gri,Yatak Odası,10999.99,2200.0
Orpen King Size %100 Pamuk Madame Coco Crep Baskılı Çarşaflı Nevresim Takımı - Mavi,Yatak Odası,10999.99,2200.0
Orpen King Size %100 Pamuk Madame Coco Crep Baskılı Çarşaflı Nevresim Takımı - Turkuaz,Yatak Odası,10999.99,2200.0
Orpen Çift Kişilik Madame Coco Crep Baskılı Çarşaflı Nevresim Takımı - Turkuaz,Yatak Odası,8999.99,1800.0
Orvanel Tek Kişilik %100 Pamuk Yatak Örtüsü - Haki,Yatak Odası,5499.99,1100.0
Padget Family Size Size Baskılı - 300TC Saten Nevresim Takımı,Yatak Odası,21999.99,4400.0
Padget Family Size Size Baskılı - 300TC Saten Nevresim Takımı,Yatak Odası,21999.99,4400.0
Pamplona Çift Kişilik Yatak Örtüsü - Renkli,Yatak Odası,10499.99,2100.0
Patrice  King Size İpliği Boyalı Çarşaflı Nevresim Takımı,Yatak Odası,8999.99,1800.0
Patrice Çift Kişilik  İpliği Boyalı Çarşaflı Nevresim Takımı,Yatak Odası,7999.99,1600.0
Perigny Tv Battaniye - Kahverengi,Yatak Odası,4999.99,1000.0
Perigny Tv Battaniye - Yeşil - 130x170 cm,Yatak Odası,4999.99,1000.0
Perigny Çift Kişilik Battaniye - Kahverengi,Yatak Odası,7999.99,1600.0
Perigny Çift Kişilik Battaniye - Kiremit,Yatak Odası,7999.99,1600.0
Perigny Çift Kişilik Battaniye - Yeşil,Yatak Odası,7999.99,1600.0
Perigny Çift Kişilik Battaniye - İndigo,Yatak Odası,7999.99,1600.0
Perine Çift Kişilik Jakarlı Çarşaflı Nevresim Takımı,Yatak Odası,6499.99,1300.0
Perine Çift Kişilik Jakarlı Çarşaflı Nevresim Takımı - Ekru,Yatak Odası,6499.99,1300.0
Perline Family Size %100 Pamuk Nakışlı Çarşaflı Nevresim Takımı - Ekru/Bej,Yatak Odası,17999.99,3600.0
Perline King Size %100 Pamuk Fırfırlı Çarşaflı Nevresim Takımı - Ekru/Bej,Yatak Odası,15499.99,3100.0
Petite Çift Kişilik %100 Pamuk Yatak Örtüsü - Pudra,Yatak Odası,11499.99,2300.0
Petite Çift Kişilik Yatak Örtüsü - Gri,Yatak Odası,11499.99,2300.0
Petrus King Size %100 Pamuk Coco Crep Baskılı Nevresim Takımı - Gri,Yatak Odası,10999.99,2200.0
Petrus King Size %100 Pamuk Madame Coco Crep Baskılı Çarşaflı Nevresim Takımı - Bej,Yatak Odası,10999.99,2200.0
Petrus Tek Kişilik %100 Pamuk Coco Crep Baskılı Nevresim Takımı - Gri,Yatak Odası,6999.99,1400.0
Petrus Çift Kişilik %100 Pamuk Coco Crep Baskılı Nevresim Takımı - Gri,Yatak Odası,8999.99,1800.0
Philippe King Size %100 Pamuk Ranforce Baskılı Çarşaflı Nevresim Takımı - Mavi,Yatak Odası,8999.99,1800.0
Philippe Tek Kişilik %100 Pamuk Ranforce Baskılı Çarşaflı Nevresim Takımı - Mavi,Yatak Odası,5499.99,1100.0
Philippe Çift Kişilik %100 Pamuk Ranforce Baskılı Çarşaflı Nevresim Takımı - Mavi,Yatak Odası,6499.99,1300.0
Pivoine 8 Parça Çeyiz - Antrasit/Ekru,Yatak Odası,32499.99,6500.0
Pivoine 8 Parça Çeyiz - Açık Mavi/Ekru,Yatak Odası,32499.99,6500.0
Raison Kapitoneli Yastık Alezi - Beyaz - 50x70 cm,Yatak Odası,844.99,169.0
Ranya Çift Kişilik %100 Pamuk İpliği Boyalı Çarşaflı Nevresim Takımı - Beyaz/Bej,Yatak Odası,9999.99,2000.0
Ranya Çift Kişilik %100 Pamuk İpliği Boyalı Çarşaflı Nevresim Takımı - Beyaz/Gri,Yatak Odası,9999.99,2000.0
Raya Çift Kişilik %100 Pamuk İpliği Boyalı Çarşaflı Nevresim Takımı - Beyaz/Bej,Yatak Odası,9999.99,2000.0
Raya Çift Kişilik %100 Pamuk İpliği Boyalı Çarşaflı Nevresim Takımı - Beyaz/Gri,Yatak Odası,9999.99,2000.0
Recy %100 Pamuk 2'li Yastık Kılıfı - Beyaz,Yatak Odası,2012.99,402.6
Recy %100 Pamuk 2'li Yastık Kılıfı - Beyaz/Gri,Yatak Odası,2012.99,402.6
Recy %100 Pamuk Yastık Kılıfı - Beyaz/Bej,Yatak Odası,2012.99,402.6
Relief King Size %100 Pamuk Bağlamalı Çarşaflı Nevresim Takımı - Ekru/Kırmızı,Yatak Odası,15499.99,3100.0
Relief King Size %100 Pamuk Bağlamalı Çarşaflı Nevresim Takımı - Ekru/Lacivert,Yatak Odası,15499.99,3100.0
Relinda Tek Kişilik Yatak Örtüsü - Kiremit,Yatak Odası,7499.99,1500.0
Relinda Çift Kişilik Yatak Örtüsü - Kiremit,Yatak Odası,8999.99,1800.0
Renaud Yatak Ucu Runner - Bej,Yatak Odası,8999.99,1800.0
Riva Çift Kişilik %100 Pamuk Yatak Örtüsü - Lacivert,Yatak Odası,10999.99,2200.0
Riva Çift Kişilik Yatak Örtüsü - Beyaz,Yatak Odası,10999.99,2200.0
Rochelle King Size %100 Pamuk Baskılı Saten Çarşaflı Nevresim Takımı - Bej,Yatak Odası,11999.99,2400.0
Rochelle King Size %100 Pamuk Baskılı Saten Çarşaflı Nevresim Takımı - Gri,Yatak Odası,11999.99,2400.0
Rochelle Çift Kişilik %100 Pamuk Baskılı Saten Çarşaflı Nevresim Takımı - Bej,Yatak Odası,10999.99,2200.0
Rochelle Çift Kişilik %100 Pamuk Baskılı Saten Çarşaflı Nevresim Takımı - Gri,Yatak Odası,10999.99,2200.0
Rodez Çift Kişilik Yatak Örtüsü Seti - Beyaz - Yat Koleksiyon,Yatak Odası,22999.99,4600.0
Ronny %100 Pamuk 2'li Yastık Kılıfı - Beyaz/Gri,Yatak Odası,2012.99,402.6
Ronny %100 Pamuk Yastık Kılıfı - Beyaz,Yatak Odası,2012.99,402.6
Ronny %100 Pamuk Yastık Kılıfı - Beyaz/Bej,Yatak Odası,2012.99,402.6
Rosalie King Size %100 Pamuk Armürlü Çarşaflı Nevresim Takımı - Açık Gri,Yatak Odası,13999.99,2800.0
Rosalie King Size %100 Pamuk Armürlü Çarşaflı Nevresim Takımı - Bej,Yatak Odası,13999.99,2800.0
Rosalie King Size %100 Pamuk Armürlü Çarşaflı Nevresim Takımı - Haki,Yatak Odası,13999.99,2800.0
Rosalie Tek Kişilik %100 Pamuk Armürlü Nevresim Takımı - Açık Gri,Yatak Odası,7999.99,1600.0
Rosalie Tek Kişilik %100 Pamuk Armürlü Çarşaflı Nevresim Takımı - Bej,Yatak Odası,7999.99,1600.0
Rosalie Tek Kişilik %100 Pamuk Armürlü Çarşaflı Nevresim Takımı - Haki,Yatak Odası,7999.99,1600.0
Rosalie Çift Kişilik %100 Pamuk Armürlü Çarşaflı Nevresim Takımı - Açık Gri,Yatak Odası,10999.99,2200.0
Rosalie Çift Kişilik %100 Pamuk Armürlü Çarşaflı Nevresim Takımı - Bej,Yatak Odası,10999.99,2200.0
Rosalie Çift Kişilik %100 Pamuk Armürlü Çarşaflı Nevresim Takımı - Haki,Yatak Odası,10999.99,2200.0
Roseline Çift Kişilik Yatak Örtüsü Seti - Sarı,Yatak Odası,22999.99,4600.0
Rotule Tek Kişilik %100 Pamuk Karde Baskılı Pike Takımı - Mavi,Yatak Odası,4999.99,1000.0
Ruben King Size %100 Pamuk Ranforce Baskılı Çarşaflı Nevresim Takımı - Bej,Yatak Odası,8999.99,1800.0
Ruben King Size %100 Pamuk Ranforce Baskılı Çarşaflı Nevresim Takımı - Gri,Yatak Odası,8999.99,1800.0
Ruben King Size %100 Pamuk Ranforce Baskılı Çarşaflı Nevresim Takımı - Lacivert,Yatak Odası,8999.99,1800.0
Ruben King Size %100 Pamuk Ranforce Baskılı Çarşaflı Nevresim Takımı - Mavi,Yatak Odası,8999.99,1800.0
Ruben Çift Kişilik %100 Pamuk Ranforce Baskılı Nevresim Takımı - Bej,Yatak Odası,6499.99,1300.0
Rumily King Size %100 Pamuk Ranforce Baskılı Çarşaflı Nevresim Takımı - Yeşil,Yatak Odası,8999.99,1800.0
Rumily Çift Kişilik %100 Pamuk Ranforce Baskılı Çarşaflı Nevresim Takımı - Mavi,Yatak Odası,6499.99,1300.0
Rumily Çift Kişilik %100 Pamuk Ranforce Baskılı Çarşaflı Nevresim Takımı - Yeşil,Yatak Odası,6499.99,1300.0
Salome Tek Kişilik %100 Pamuk Ranforce Baskılı Çarşaflı Nevresim Takımı - Renkli,Yatak Odası,5499.99,1100.0
Samoa King Size Bambu Saten Çarşaflı Nevresim Takımı - Haki,Yatak Odası,22999.99,4600.0
Saphir Family Size %100 Pamuk Ranforce Nakışlı Çarşaflı Nevresim Takımı - Beyaz,Yatak Odası,17999.99,3600.0
Saphir Family Size %100 Pamuk Ranforce Nakışlı Çarşaflı Nevresim Takımı - Naturel,Yatak Odası,17999.99,3600.0
Sarthe King Size %100 Pamuk Madame Coco Crep Baskılı Çarşaflı Nevresim Takımı - Mavi,Yatak Odası,10999.99,2200.0
Sarthe Çift Kişilik Coco Crep Baskılı Çarşaflı Nevresim Takımı,Yatak Odası,8999.99,1800.0
Saule King Size %100 Pamuk Brodeli Çarşaflı Nevresim Takımı - Beyaz,Yatak Odası,26999.99,5400.0
Saule Çift Kişilik %100 Pamuk Brodeli Çarşaflı Nevresim Takımı - Beyaz,Yatak Odası,24999.99,5000.0
Semnoz Çift Kişilik Pamuklu Jakarlı Çarşaflı Nevresim Takımı - Gri/Antrasit,Yatak Odası,6499.99,1300.0
Sheryl King Size Müslin İpliği Boyalı Lastikli Çarşaflı Nevresim Takımı - Bej/Lacivert,Yatak Odası,18999.99,3800.0
Sheryl King Size Müslin İpliği Boyalı Lastikli Çarşaflı Nevresim Takımı - Mavi/Bej,Yatak Odası,18999.99,3800.0
Sheryl King Size Müslin İpliği Boyalı Lastikli Çarşaflı Nevresim Takımı - Mavi/Yeşil,Yatak Odası,18999.99,3800.0
Sheryl Tek Kişilik Müslin İpliği Boyalı Lastikli Çarşaflı Nevresim Takımı - Bej/Lacivert,Yatak Odası,11999.99,2400.0
Sheryl Tek Kişilik Müslin İpliği Boyalı Lastikli Çarşaflı Nevresim Takımı - Mavi/Bej,Yatak Odası,11999.99,2400.0
Sheryl Tek Kişilik Müslin İpliği Boyalı Lastikli Çarşaflı Nevresim Takımı - Mavi/Yeşil,Yatak Odası,11999.99,2400.0
Sheryl Çift Kişilik Müslin İpliği Boyalı Lastikli Çarşaflı Nevresim Takımı - Bej/Lacivert,Yatak Odası,15999.99,3200.0
Sheryl Çift Kişilik Müslin İpliği Boyalı Lastikli Çarşaflı Nevresim Takımı - Mavi/Bej,Yatak Odası,15999.99,3200.0
Sheryl Çift Kişilik Müslin İpliği Boyalı Lastikli Çarşaflı Nevresim Takımı - Mavi/Yeşil,Yatak Odası,15999.99,3200.0
Sibyla 2'li %100 Pamuk Saten Çizgili Yastık Kılıfı - Beyaz,Yatak Odası,1728.99,345.8
Sibyla Tek Kişilik %100 Pamuk Saten Çizgili Nevresim - Beyaz,Yatak Odası,4499.99,900.0
Sibyla Çift Kişilik %100 Pamuk Saten Çizgili Nevresim - Beyaz,Yatak Odası,4999.99,1000.0
Soleil %100 Pamuk 2'li Yastık Kılıfı - Bej/Beyaz,Yatak Odası,2012.99,402.6
Soleil %100 Pamuk 2'li Yastık Kılıfı - Bej/Beyaz,Yatak Odası,2012.99,402.6
Soleil %100 Pamuk 2'li Yastık Kılıfı - Gri/Beyaz,Yatak Odası,2012.99,402.6
Soleil %100 Pamuk 2'li Yastık Kılıfı - Gri/Beyaz,Yatak Odası,2012.99,402.6
Soleil %100 Pamuk 2'li Yastık Kılıfı - Haki/Beyaz,Yatak Odası,2012.99,402.6
Solene Çift Kişilik %100 Pamuk Dantelli Pike Takımı - Beyaz,Yatak Odası,27999.99,5600.0
Somme 7 Parça Çeyiz Seti - Bej,Yatak Odası,27499.99,5500.0
Somme Çift Kişilik 7 Parça Çeyiz Seti - Taş,Yatak Odası,27499.99,5500.0
Sona King Size Püsküllü Çarşaflı Nevresim Takımı,Yatak Odası,14999.99,3000.0
Sona King Size Püsküllü Çarşaflı Nevresim Takımı,Yatak Odası,14999.99,3000.0
Sona King Size Püsküllü Çarşaflı Nevresim Takımı,Yatak Odası,14999.99,3000.0
Sona King Size Püsküllü Çarşaflı Nevresim Takımı,Yatak Odası,14999.99,3000.0
Sona King Size Püsküllü Çarşaflı Nevresim Takımı - Gri,Yatak Odası,14999.99,3000.0
Sona King Size Püsküllü Çarşaflı Nevresim Takımı - Pudra,Yatak Odası,14999.99,3000.0
Sona Tek Kişilik Püsküllü Nevresim Takımı,Yatak Odası,7999.99,1600.0
Sona Çift Kişilik Püsküllü Çarşaflı Nevresim Takımı,Yatak Odası,12999.99,2600.0
Sona Çift Kişilik Püsküllü Çarşaflı Nevresim Takımı,Yatak Odası,12999.99,2600.0
Sona Çift Kişilik Püsküllü Çarşaflı Nevresim Takımı,Yatak Odası,12999.99,2600.0
Sona Çift Kişilik Püsküllü Çarşaflı Nevresim Takımı,Yatak Odası,12999.99,2600.0
Sona Çift Kişilik Püsküllü Çarşaflı Nevresim Takımı - Mercan,Yatak Odası,12999.99,2600.0
Songe Family Size %100 Pamuk Chambre Çarşaflı Nevresim Takımı - Ekru,Yatak Odası,12999.99,2600.0
Sorel King Size %100 Pamuk Ranforce Baskılı Çarşaflı Nevresim Takımı - Turkuaz,Yatak Odası,8999.99,1800.0
Sorel King Size %100 Pamuk Ranforce Baskılı Çarşaflı Nevresim Takımı - Turkuaz,Yatak Odası,8999.99,1800.0
Squirre King Size %100 Pamuk Ranforce Baskılı Çarşaflı Nevresim Takımı - Mavi,Yatak Odası,8999.99,1800.0
Squirre Tek Kişilik %100 Pamuk Ranforce Baskılı Nevresim Takımı - Mavi,Yatak Odası,5499.99,1100.0
Squirre Çift Kişilik %100 Pamuk Ranforce Baskılı Nevresim Takımı - Mavi,Yatak Odası,6499.99,1300.0
Stephane Tek Kişilik Yatak Örtüsü - Gri,Yatak Odası,2499.99,500.0
Talcy Tv Battaniye - Camel,Yatak Odası,4999.99,1000.0
Talcy Tv Battaniye - Gri/İndigo,Yatak Odası,4999.99,1000.0
Talcy Çift Kişilik Battaniye - Camel,Yatak Odası,7999.99,1600.0
Talcy Çift Kişilik Battaniye - Gri/İndigo,Yatak Odası,7999.99,1600.0
Tek Kişilik Lastikli %100 Pamuk Penye Çarşaf - Gri,Yatak Odası,2529.99,506.0
Tek Kişilik Lastikli %100 Pamuk Penye Çarşaf - Taş,Yatak Odası,2529.99,506.0
Thalie Family Size %100 Pamuk Çizgili - 300TC Saten Çarşaflı Nevresim Takımı - Beyaz,Yatak Odası,24999.99,5000.0
Thalie Family Size %100 Pamuk Çizgili - 300TC Saten Çarşaflı Nevresim Takımı - Gri,Yatak Odası,24999.99,5000.0
Thalie Family Size %100 Pamuk Çizgili - 300TC Saten Çarşaflı Nevresim Takımı - Lacivert,Yatak Odası,24999.99,5000.0
Thalie Family Size %100 Pamuk Çizgili - 300TC Saten Çarşaflı Nevresim Takımı - Mavi,Yatak Odası,24999.99,5000.0
Thalie King Size %100 Pamuk Çizgili - 300TC Saten Çarşaflı Nevresim Takımı - Beyaz,Yatak Odası,19999.99,4000.0
Thalie King Size %100 Pamuk Çizgili - 300TC Saten Çarşaflı Nevresim Takımı - Gri,Yatak Odası,19999.99,4000.0
Thalie King Size %100 Pamuk Çizgili 300 TC Saten Çarşaflı Nevresim Takımı - Mavi,Yatak Odası,19999.99,4000.0
Thalie Çift Kişilik %100 Pamuk Çizgili - 300TC Saten Çarşaflı Nevresim Takımı - Beyaz,Yatak Odası,17999.99,3600.0
Thalie Çift Kişilik %100 Pamuk Çizgili 300 TC Saten Çarşaflı Nevresim Takımı - Mavi,Yatak Odası,17999.99,3600.0
Thayer King Size %100 Pamuk Ranforce Baskılı Çarşaflı Nevresim Takımı - Bej,Yatak Odası,8999.99,1800.0
Tina King Size Linen Look Yıkamalı  %100 Pamuk Çarşaflı Nevresim Takımı - Beyaz/Bej,Yatak Odası,16499.99,3300.0
Tina King Size Linen Look Yıkamalı  %100 Pamuk Çarşaflı Nevresim Takımı - Beyaz/Lacivert,Yatak Odası,16499.99,3300.0
Tina Çift Kişilik Linen Look Yıkamalı  %100 Pamuk Çarşaflı Nevresim Takımı - Beyaz/Bej,Yatak Odası,14499.99,2900.0
Tina Çift Kişilik Linen Look Yıkamalı  %100 Pamuk Çarşaflı Nevresim Takımı - Beyaz/Lacivert,Yatak Odası,14499.99,2900.0
Tiny King Size Pamuklu Ecocell Baskılı Pike Takımı - Haki,Yatak Odası,8999.99,1800.0
Tiny Tek Kişilik Ranforce Baskılı Nevresim Takımı,Yatak Odası,5499.99,1100.0
Tiny Çift Kişilik Ecocell Baskılı Pike Takımı - Haki,Yatak Odası,5999.99,1200.0
Tiny Çift Kişilik Ranforce Baskılı Nevresim Takımı,Yatak Odası,6499.99,1300.0
Tracey Family Size %100 Pamuk Linen Look Yıkamalı Nevresim Takımı - Beyaz,Yatak Odası,9999.99,2000.0
Tracey King Size %100 Pamuk Pileli Linen Look Yıkamalı Çarşaflı Nevresim Takımı - Açık Gri,Yatak Odası,11999.99,2400.0
Tracey King Size %100 Pamuk Pileli Linen Look Yıkamalı Çarşaflı Nevresim Takımı - Beyaz,Yatak Odası,11999.99,2400.0
Tracey King Size %100 Pamuk Pileli Linen Look Yıkamalı Çarşaflı Nevresim Takımı - Vizon,Yatak Odası,11999.99,2400.0
Tracey King Size %100 Pamuk Pileli Linen Look Yıkamalı Çarşaflı Nevresim Takımı - İndigo,Yatak Odası,11999.99,2400.0
Tracey Tek Kişilik %100 Pamuk Pileli Linen Look Yıkamalı Çarşaflı Nevresim Takımı - Açık Gri,Yatak Odası,7499.99,1500.0
Tracey Tek Kişilik %100 Pamuk Pileli Linen Look Yıkamalı Çarşaflı Nevresim Takımı - Beyaz,Yatak Odası,7499.99,1500.0
Tracey Tek Kişilik %100 Pamuk Pileli Linen Look Yıkamalı Çarşaflı Nevresim Takımı - Vizon,Yatak Odası,7499.99,1500.0
Tracey Tek Kişilik %100 Pamuk Pileli Linen Look Yıkamalı Çarşaflı Nevresim Takımı - İndigo,Yatak Odası,7499.99,1500.0
Tracey Çift Kişilik %100 Pamuk Pileli Linen Look Yıkamalı Çarşaflı Nevresim Takımı - Açık Gri,Yatak Odası,9999.99,2000.0
Tracey Çift Kişilik %100 Pamuk Pileli Linen Look Yıkamalı Çarşaflı Nevresim Takımı - Beyaz,Yatak Odası,9999.99,2000.0
Tracey Çift Kişilik %100 Pamuk Pileli Linen Look Yıkamalı Çarşaflı Nevresim Takımı - Vizon,Yatak Odası,9999.99,2000.0
Tracey Çift Kişilik %100 Pamuk Pileli Linen Look Yıkamalı Çarşaflı Nevresim Takımı - İndigo,Yatak Odası,9999.99,2000.0
Triangle King Size %100 Pamuk Yatak Örtüsü - Açık Mürdüm,Yatak Odası,14999.99,3000.0
Triangle King Size %100 Pamuk Yatak Örtüsü - Beyaz - Lüks Koleksiyon,Yatak Odası,14999.99,3000.0
Triangle King Size %100 Pamuk Yatak Örtüsü - Gri - Lüks Koleksiyon,Yatak Odası,14999.99,3000.0
Valence Visco Ortopedik Yastık,Yatak Odası,3999.99,800.0
Valence Visco Ortopedik Yastık - Beyaz - 45x52 cm,Yatak Odası,3999.99,800.0
Valensole King Size %100 Pamuk Yatak Örtüsü - Bej,Yatak Odası,10499.99,2100.0
Valenza Çift Kişilik Pamuklu Jakarlı Çarşaflı Nevresim Takımı - Gri,Yatak Odası,6499.99,1300.0
Valeria King Size Lastikli %100 Pamuk Penye Çarşaf,Yatak Odası,4024.99,805.0
Valeria Penye 2'li Yastık Kılıfı,Yatak Odası,1299.99,260.0
Valeria Visco Ortopedik Yastık - Beyaz - 52x42 cm,Yatak Odası,3999.99,800.0
Valette King Size %100 Pamuk Çarşaflı Nevresim Takımı - Beyaz/Mavi,Yatak Odası,12999.99,2600.0
Valette King Size %100 Pamuk Çarşaflı Nevresim Takımı - Beyaz/Taş,Yatak Odası,12999.99,2600.0
Valette King Size %100 Pamuk Çarşaflı Çarşaflı Nevresim Takımı - Beyaz/Pudra,Yatak Odası,12999.99,2600.0
Valette Çift Kişilik %100 Pamuk Çarşaflı Nevresim Takımı - Beyaz/Mavi,Yatak Odası,11999.99,2400.0
Valette Çift Kişilik %100 Pamuk Çarşaflı Nevresim Takımı - Beyaz/Pudra,Yatak Odası,11999.99,2400.0
Valette Çift Kişilik %100 Pamuk Çarşaflı Nevresim Takımı - Beyaz/Taş,Yatak Odası,11999.99,2400.0
Verne King Size %100 Pamuk Ranforce Baskılı Çarşaflı Nevresim Takımı - Gri,Yatak Odası,8999.99,1800.0
Verne Tek Kişilik %100 Pamuk Ranforce Baskılı Çarşaflı Nevresim Takımı - Gri,Yatak Odası,5499.99,1100.0
Verne Çift Kişilik %100 Pamuk Biyeli Baskılı Saten Çarşaflı Nevresim Takımı - Bej/Beyaz,Yatak Odası,12999.99,2600.0
Verne Çift Kişilik %100 Pamuk Ranforce Baskılı Çarşaflı Nevresim Takımı - Gri,Yatak Odası,6499.99,1300.0
Verona King Size Fırfırlı İpliği Boyalı Çarşaflı Nevresim Takımı - Beyaz/Bej,Yatak Odası,15999.99,3200.0
Verona King Size Fırfırlı İpliği Boyalı Çarşaflı Nevresim Takımı - Beyaz/Mavi,Yatak Odası,15999.99,3200.0
Veronique Tek Kişilik %100 Pamuk Fırfırlı Baskılı Çarşaflı Nevresim Takımı - Beyaz/Pudra,Yatak Odası,7999.99,1600.0
Veronique Çift Kişilik %100 Pamuk Fırfırlı Baskılı Çarşaflı Nevresim Takımı - Beyaz/Pudra,Yatak Odası,9999.99,2000.0
Vincent Tek Kişilik Welsoft Uyku Seti - Bej,Yatak Odası,12499.99,2500.0
Vions King Size Pamuklu Ecocell Baskılı Pike - Haki,Yatak Odası,4499.99,900.0
Vions King Size Pamuklu Ecocell Baskılı Pike - Mavi,Yatak Odası,4499.99,900.0
Vions Tek Kişilik Pamuklu Ecocell Baskılı Pike - Haki,Yatak Odası,2499.99,500.0
Vions Tek Kişilik Pamuklu Ecocell Baskılı Pike - Mavi,Yatak Odası,2499.99,500.0
Vions Çift Kişilik Pamuklu Ecocell Baskılı Pike - Haki,Yatak Odası,2999.99,600.0
Vions Çift Kişilik Pamuklu Ecocell Baskılı Pike - Mavi,Yatak Odası,2999.99,600.0
Wissale King Size Pamuklu Jakarlı Saten Çarşaflı Nevresim Takımı - Antrasit,Yatak Odası,27999.99,5600.0
Wissale Yatak Ucu Runner,Yatak Odası,9999.99,2000.0
Wissale Yatak Ucu Runner,Yatak Odası,9999.99,2000.0
Wissale Yatak Ucu Runner,Yatak Odası,9999.99,2000.0
Yuviera Çift Kişilik %100 Pamuk Brodeli Çarşaflı Nevresim Takımı - Gri,Yatak Odası,9999.99,2000.0
Yvette King Size %100 Pamuk Karde Baskılı Pike Takımı - Sarı,Yatak Odası,8999.99,1800.0
Yvette Tek Kişilik %100 Pamuk Karde Baskılı Pike Takımı - Sarı,Yatak Odası,4999.99,1000.0
Yvette Tek Kişilik %100 Pamuk Ranforce Baskılı Nevresim Takımı - Sarı,Yatak Odası,5499.99,1100.0
Yvette Çift Kişilik %100 Pamuk Ranforce Baskılı Nevresim Takımı - Sarı,Yatak Odası,6499.99,1300.0
Çiçek Desen Baskılı 2 'li Hurç - Beyaz/Gri,Yatak Odası,1724.99,345.0
Çiçek Desen Baskılı 2'li Hurç - Beyaz/Gri,Yatak Odası,1429.99,286.0
Çiçek Desen Baskılı 2'li Hurç - Gri,Yatak Odası,1429.99,286.0
Çiçek Desen Baskılı 2'li Hurç - Pudra,Yatak Odası,1724.99,345.0
Çiçek Desen Baskılı Hurç,Yatak Odası,849.99,170.0
Çiçek Desen Baskılı Hurç,Yatak Odası,499.99,100.0
Çiçek Desen Baskılı Hurç,Yatak Odası,499.99,100.0
Çiçek Desen Baskılı Hurç,Yatak Odası,849.99,170.0
Çiçek Desen Baskılı Hurç,Yatak Odası,749.99,150.0
Çiçek Desen Baskılı Hurç,Yatak Odası,849.99,170.0
Çiçek Desen Baskılı Hurç,Yatak Odası,649.99,130.0
Çiçek Desen Baskılı Hurç,Yatak Odası,749.99,150.0
Çiçek Desen Baskılı Hurç - Beyaz,Yatak Odası,749.99,150.0
Çiçek Desen Baskılı Hurç - Beyaz,Yatak Odası,649.99,130.0
Çiçek Desen Baskılı Hurç - Beyaz,Yatak Odası,849.99,170.0
Çiçek Desen Baskılı Hurç - Beyaz,Yatak Odası,499.99,100.0
Çiçek Desen Baskılı Hurç - Beyaz - 30x22x18 cm,Yatak Odası,499.99,100.0
Çiçek Desen Baskılı Hurç - Beyaz - 52x28x21 cm,Yatak Odası,649.99,130.0
Çiçek Desen Baskılı Hurç - Beyaz - 74x46x46 cm,Yatak Odası,849.99,170.0
Çiçek Desen Baskılı Hurç - Beyaz/Gri - 30x22x18 cm,Yatak Odası,499.99,100.0
Çiçek Desen Baskılı Hurç - Beyaz/Gri - 52x28x21 cm,Yatak Odası,649.99,130.0
Çiçek Desen Baskılı Hurç - Beyaz/Gri - 74x46x46 cm,Yatak Odası,849.99,170.0
Çiçek Desen Baskılı Hurç - Gri - 30x22x18 cm,Yatak Odası,499.99,100.0
Çiçek Desen Baskılı Hurç - Gri - 52x28x21 cm,Yatak Odası,649.99,130.0
Çiçek Desen Baskılı Hurç - Gri - 52x28x21 cm,Yatak Odası,649.99,130.0
Çiçek Desen Baskılı Hurç - Gri - 64x41x35 cm,Yatak Odası,749.99,150.0
Çiçek Desen Baskılı Hurç - Gri - 64x41x35 cm,Yatak Odası,749.99,150.0
Çiçek Desen Baskılı Hurç - Gri - 74x46x46 cm,Yatak Odası,849.99,170.0
Çiçek Desen Baskılı Hurç - Gri - 74x46x46 cm,Yatak Odası,849.99,170.0
Çiçek Desen Baskılı Hurç - Pudra,Yatak Odası,649.99,130.0
Çiçek Desen Baskılı Hurç - Pudra - 30x22x18 cm,Yatak Odası,499.99,100.0
Çiçek Desen Baskılı Hurç - Pudra - 30x22x18 cm,Yatak Odası,499.99,100.0
Çiçek Desen Baskılı Hurç - Pudra - 52x28x21 cm,Yatak Odası,649.99,130.0
Çiçek Desen Baskılı Hurç - Pudra - 52x28x21 cm,Yatak Odası,649.99,130.0
Çiçek Desen Baskılı Hurç - Pudra - 64x41x35 cm,Yatak Odası,749.99,150.0
Çiçek Desen Baskılı Hurç - Pudra - 64x41x35 cm,Yatak Odası,749.99,150.0
Çiçek Desen Baskılı Hurç - Pudra - 74x46x46 cm,Yatak Odası,849.99,170.0
İsabelle Çift Kişilik %100 Pamuk Ranforce Baskılı Nevresim Takımı - Bej,Yatak Odası,6499.99,1300.0
