Category,Product Name,Price
TROUSERS,RAHAT DOKULU CHINO PANTOLON,1790
SHIRT,BASIC HEAVYWEIGHT T-SHIRT /03,990
TROUSERS,STRAIGHT FIT JEAN,1790
JACKET,TEKNİK BOMBER CEKET,1790
OVERSHIRT,REGULAR FIT SUNİ DERİ İNCE CEKET,1790
OVERSHIRT,SUNİ DERİ REGULAR FIT İNCE CEKET,1790
TROUSERS,STRAIGHT FIT RAHAT PANTOLON,1790
SHIRT,BASIC SLIM FIT T-SHIRT /01,590
JACKET,RELAXED FIT TEKNİK CEKET,2490
JACKET,SUNİ DERİ BOMBER CEKET,2490
JACKET,RELAXED FIT SUNİ SÜET CEKET,2990
JACKET,KLİPSLİ RELAXED FIT CROP CEKET,2990
TROUSERS,SLIM FIT RAHAT PANTOLON,1790
JACKET,REGULAR FIT CEPLİ CEKET,4990
TROUSERS,PAMUK KETEN KARIŞIMLI RELAXED FIT PANTOLON,1790
OVERSHIRT,SUNİ SÜET İNCE CEKET,2990
TROUSERS,REGULAR FIT JEAN,1790
SHIRT,KONTRAST YAKA POLO SWEATSHIRT,1790
Parfüm,SEOUL + LISBOA 100 ML,1090
TROUSERS,KONFORLU JOGGER BEL PANTOLON,1790
SHIRT,RELAXED FIT INTERLOCK TİŞÖRT /04,1190
Parfüm,W/END TILL 8.00 PM W/END TILL 3:00 AM 100 ML+100 ML,1090
SWEATER,YUMUŞAK TRİKO POLO T-SHIRT,1790
SHIRT,DOKULU OXFORD GÖMLEK,1590
TROUSERS,BASIC SLIM FIT JEAN,1590
JACKET,SU GEÇİRMEZ KAPİTONE CEKET,2990
OVERSHIRT,BOXY FIT İNCE CEKET,2990
SHIRT,RELAXED FIT INTERLOK T-SHIRT /04,1190
TROUSERS,EASY CARE JOGGER BELLİ PANTOLON,1790
TROUSERS,PAMUKLU KETEN RELAXED FIT PANTOLON,1790
JACKET,SUNİ DERİ BOMBER CEKET,2990
Parfüm,"SAND DESERT AT SUNSET INTENSE EDP 100 ML (3,38 FL. OZ)",1390
SHOES,TEK RENK KALIN TABANLI SPOR AYAKKABI,1790
SHIRT,REGULAR FIT KETEN PAMUKLU GÖMLEK,1790
WAISTCOAT,REGULAR FIT ŞİŞME YELEK,2290
JACKET,FERMUARLI KUMAŞ CEKET,2990
Parfüm,NIGHT POUR HOMME II + III EDP 2 X 100 ML (3.4 FL.OZ),1390
SHIRT,FERMUARLI POLO INTERLOK SWEATSHIRT,1790
JACKET,YIKANMIŞ GÖRÜNÜMLÜ SUNİ SÜET CEKET,2990
WAISTCOAT,SU GEÇİRMEZ HAFİF ŞİŞME YELEK,1590
TROUSERS,FERMUARLI TEKNİK PANTOLON,2290
SWEATSHIRT,TEKNİK RELAXED FIT KAPÜŞONLU SWEATSHIRT,1790
SHIRT,BASIC MEDIUM WEIGHT T-SHIRT /02,990
JACKET,SU GEÇİRMEZ TEKNİK CEKET,2490
SWEATSHIRT,BASIC FERMUARLI YAKA SWEATSHIRT,1790
SHIRT,REGULAR FIT OXFORD GÖMLEK,1590
JACKET,ÇİZGİLİ NAKIŞLI DENİM CEKET,2990
SHIRT,DOKULU REGULAR FIT POLO T-SHIRT,1490
JACKET,KONTRAST KAPİTONELİ CEKET,2290
SHIRT,BOXY FIT DENIM GÖMLEK,1790
SHOES,TEK RENKLİ KALIN TABANLI SPOR AYAKKABI,1790
SHOES,DİKİŞLİ BURUNLU KALIN TABANLI AYAKKABI,2490
JACKET,REGULAR FIT SUNİ DERİ CEKET,2990
SHOES,BASIC SPOR AYAKKABI,1590
JACKET,CROP FIT SUNİ DERİ CEKET,2990
SHOES,DERBİ DERİ AYAKKABI,2990
SHIRT,DÜĞMELİ YAKA DOKULU T-SHIRT,1490
SWEATSHIRT,CROP FIT TEKNİK CEKET,2490
TROUSERS,PİLİLİ RELAXED FIT PANTOLON,2490
JACKET,SUNİ SÜET CEKET,2490
Parfüm,SILVER MAN + BLUE SPIRIT EDT 2X100ML (3.4 FL.OZ),1090
Parfüm,SILVER MAN GOLD EDT 2X100 ML (3.4 FL.OZ),1090
TROUSERS,EASY CARE JOGGER BEL PANTOLON,1790
JACKET,FERMUARLI BALIK SIRTI DOKULU CEKET,3690
TROUSERS,DOKULU RELAXED FIT PANTOLON,2290
Parfüm,SUNRISE ON THE RED SAND DUNES EDP 100ML ( 3.4 FL.OZ ),1250
JACKET,FERMUARLI SUNİ YÜNLÜ CEKET,2990
SHOES,CASUAL DERİ AYAKKABI,1190
Parfüm,"SUNRISE ON THE RED SAND DUNES INTENSE EDP 100 ML (3,38 FL. OZ)",1390
JACKET,KONTRAST DİKİŞLİ BOXY FIT CEKET,2490
JACKET,FERMUARLI TEKNİK KAPÜŞONLU SWEATSHIRT,2490
TROUSERS,STRAIGHT ANKLE FIT JEAN,2790
SHIRT,DOKULU HENLEY YAKA T-SHIRT,1490
Parfüm,ZARA MAN SILVER EDT 100 ML (3.4 FL.OZ),790
TROUSERS,BASIC relaxed fit JOGGING PANTOLON,1590
TROUSERS,SLIM FIT CROP JEAN,1590
JACKET,ÇİFT TARAFLI SUNİ KÜRK BOMBER CEKET,3690
Parfüm,"VIBRANT LEATHER EDP 100ML (3,38 FL.OZ)",1250
JACKET,KLİPSLİ SUNİ DERİ CEKET,4490
CARDIGAN,FİTİLLİ DOKULU HIRKA,2990
TROUSERS,REGULAR FIT RAHAT PANTOLON,1790
SHIRT,PAMUKLU KETEN GÖMLEK,1790
RUCKSACK,SEYAHAT VALİZİ,7290
SHIRT,3'LÜ MEDIUM WEIGHT BASIC T-SHIRT PAKETİ /02,2790
BOOT,KALIN CHELSEA BOT,2790
Parfüm,"#TOBACCO INTENSE DARK EXCLUSIVE + RICH WARM ADDICTIVE EDT 2 X 100ML (3,4 FL.OZ)",1390
TROUSERS,BAGGY FIT JEAN,1790
SWEATER,FERMUARLI YAKA TERS ÖRGÜ KAZAK,2490
SWEATSHIRT,FİTİLLİ İNTERLOK CEKET,2490
JEWELLER,KABARTMALI MÜHÜR YÜZÜK,990
OVERSHIRT,RELAXED FIT YIKANMIŞ KANVAS İNCE CEKET,2990
JACKET,SUNİ SÜET CEKET,3690
SWEATSHIRT,KONTRAST YAKA TEKNİK CEKET,3690
JACKET,YIKANMIŞ SUNİ DERİ CEKET,3690
SWEATSHIRT,BASIC KAPÜŞONLU SWEATSHIRT,1090
Parfüm,ZARA VL + BOGOSS VL EDP 2X100 ML (3.4 FL.OZ),1890
SWEATER,REGULAR FIT TRİKO POLO T-SHIRT,1790
TROUSERS,BALON KESİM SOLUK EFEKTLİ JOGGING PANTOLON,1790
SWEATER,DOKULU YUMUŞAK KAZAK,1790
JEWELLER,TAŞLI MÜHÜR YÜZÜK,990
Parfüm,VANILLA COLLECTION 02 COLD CARAMEL EDP 100ML (3.38 FL. OZ.),990
COAT,YÜN KARIŞIMLI KUŞAKLI KRUVAZE KABAN,5690
RAINCOAT,SU GEÇİRMEZ MANTECO® ORIGINS TRENÇKOT,7990
JACKET,FERMUARLI YÜN CEKET ORIGINS,7990
Parfüm,MAN BLUE SPIRIT EDT 100 ML (3.4 FL.OZ),790
SHIRT,BASIC TANK RIB T-SHIRT,790
Parfüm,"SEOUL + ZARA SEOUL SUMMER 2X100ML (3,4 FL.OZ)",1090
TROUSERS,RELAXED FIT PİLİLİ PANTOLON,2490
JACKET,REGULAR FIT YIKANMIŞ PAMUKLU CEKET,2490
SHIRT,FITİLLİ REGULAR FIT POLO,1590
SWEATER,REGULAR FIT TRİKO POLO T-SHIRT,1590
Parfüm,VIBRANT LEATHER + OUD VIBRANT LEATHER EDP 2 X 60ML ( 2.03 FL.OZ ),1250
JACKET,YIKANMIŞ SUNİ SÜET CEKET,2990
MOCCASINS,DERİ MASKELİ MAKOSEN,2990
SHIRT,DÜĞMELİ YAKA T-SHIRT,1490
SHIRT,DİK DOKULU POLO T-SHIRT,1490
SHIRT,relaxed fit DÖKÜMLÜ GÖMLEK,2290
JACKET,KONTRAST KAPİTONE CEKET,2290
JACKET,KISA KESİM SU GEÇİRMEZ CEKET,3690
JACKET,CROP FIT KAPİTONELİ KUMAŞ CEKET,3690
SHIRT,REGULAR FIT PAMUKLU GÖMLEK,1790
SWEATER,REGULAR FIT DOKULU ÖRGÜ POLO T-SHIRT,1790
SHIRT,RELAXED FIT DÖKÜMLÜ GÖMLEK,1790
SWEATER,FERMUARLI TRİKO POLO T-SHIRT,1790
SHOES,TOPUK DETAYLI SPOR AYAKKABI,1790
TROUSERS,STRAIGHT FIT PANTOLON,1790
SHIRT,3'LÜ BASIC MEDIUM WEIGHT T-SHIRT PAKETİ /02,2790
RUCKSACK,DOKULU BAKIM ÇANTASI,1490
SHOES,DERİ SPOR AYAKKABI,1190
Parfüm,NAVY BLACK EDT 100ML (3.4 FL.OZ),790
TROUSERS,BASIC REGULAR FIT JOGGER PANTOLON,1590
SWEATSHIRT,RELAXED FIT İNTERLOK SWEATSHIRT,1590
SHIRT,KONTRAST FİTİLLİ BASIC T-SHIRT,990
Parfüm,"#TOBACCO COLLECTION RICH WARM ADDICTIVE EDT 100ML (3,4 FL.OZ)",990
SHIRT,BASIC SLIM FIT T-SHIRT,990
Parfüm,FOR HIM RED EDITION EDP 90ML (3.38 FL. OZ.),1250
JACKET,KONTRAST YAKA KLİPSLİ CEKET,4490
JACKET,REGULAR FIT YIKAMALI PAMUK CEKET,2490
OVERSHIRT,DOKULU RAHAT İNCE CEKET,2490
CARDIGAN,KALPLİ ZAR YAMA DETAYLI HIRKA,2490
CARDIGAN,relaxed fit DOKULU HIRKA,2490
SHIRT,INTERLOK RELAXED FIT T-SHIRT /04,1190
RAINCOAT,KRUVAZE DÖKÜMLÜ TRENÇKOT,6290
SHOES,DERİ DERBY AYAKKABI,6290
SHIRT,REGULAR FIT DOKULU POLO T-SHIRT,1490
SWEATER,DOKULU ÖRME POLO,1790
SHIRT,YIKANMIŞ DÖKÜMLÜ GÖMLEK,1790
SHIRT,REGULAR FIT KETEN PAMUKLU ÇİZGİLİ GÖMLEK,1790
TROUSERS,SLIM TAPERED FIT JEAN,1790
SHIRT,ÇİZGİLİ RELAXED FIT GÖMLEK,2290
SHIRT,DÖKÜMLÜ relaxed fit GÖMLEK,2290
SHIRT,%100 KETEN REGULAR FIT GÖMLEK,2290
SHIRT,REGULAR FIT GÖMLEK,2290
JACKET,SÜSLÜ DÜĞMELİ KANVAS CROP CEKET,2990
SWEATSHIRT,TEKNİK RELAXED FIT KAPÜŞONLU SWEATSHIRT,2990
Parfüm,"VANILLA COLLECTION 02: UNIQUE/HYPNOTIC/SEDUCTIVE EDP 100 ML (3,38 FL. OZ)",990
BLAZER,RELAXED FIT TAKIM BLAZER,5690
BLAZER,%100 KETEN TAKIM BLAZER,5690
JACKET,SÜET CEPLİ CEKET,8990
TROUSERS,SKINNY FIT CHINO PANTOLON,1590
SHOES,BASİK BAĞCIKLI SPOR AYAKKABI,1590
JACKET,DOKULU SUNİ DERİ CEKET,3690
JACKET,MUMLU GÖRÜNÜMLÜ DENİM CEKET,3690
JACKET,SU GEÇİRMEZ KAPİTONE CEKET,3690
JACKET,SU GEÇİRMEZ KAPÜŞONLU ŞİŞME MONT,3690
BERMUDA,"7"" BASIC ANTRENMAN ŞORTU",1490
Parfüm,"MAN BLUE SPIRIT + MAN GREEN SAVAGE SUMMER EDT 2X100ML (3,4 FL.OZ)",1090
Parfüm,BOGOSS VIBRANT LEATHER & SUMMER EDP 2X100ML (3.4 FL.OZ),1890
JACKET,relaxed fit TEKNİK CEKET,2490
CARDIGAN,FERMUARLI ÖRGÜ HIRKA,2490
TROUSERS,PLİSE DETAYLI TEKNİK JOGGER PANTOLON,2490
SWEATSHIRT,FORD © KARIŞIK YAZILI SWEATSHIRT,2490
CARDIGAN,RELAXED FIT DOKULU HIRKA,2490
TROUSERS,AĞIR GRAMAJLI REGULAR FIT JOGGER PANTOLON ORIGINS,2490
SWEATER,YÜN KARIŞIMLI regular fit POLO,2490
TROUSERS,%100 KETEN RELAXED FIT PANTOLON,2490
SHOES,KOŞU AYAKKABISI,2490
SWEATSHIRT,ETİKET YAMALI T-SHIRT,1790
TROUSERS,COMFORT JOGGING BEL PANTOLON,1790
SWEATER,DOKULU ÖRME POLO T-SHIRT,1790
SHIRT,CEPLİ ÇİZGİLİ GÖMLEK,1790
Parfüm,"BOGOSS VIBRANT LEATHER EDP 100ML (3,4 FL.OZ)",1250
TROUSERS,STRAIGHT FIT CHINO PANTOLON,2290
TROUSERS,YÜN KARIŞIMLI REGULAR FIT BURUŞMAZ PANTOLON,2290
SHOES,KALIN TABANLI SPOR AYAKKABI,2290
UNDERPANT,3'LÜ YUMUŞAK BOXER PAKETİ,1190
UNDERPANT,YUMUŞAK 3'LÜ BOXER PAKETİ,1190
SHIRT,GOFRE KUMAŞ DOKULU POLO T-SHIRT,1590
SWEATER,VİSKOZ KARIŞIMLI KAZAK,1590
TROUSERS,SLIM FIT JOGGER BEL PANTOLON,1590
OVERSHIRT,SUNİ DERİ RELAXED FIT İNCE CEKET,4490
BLAZER,KRUVAZE TAKIM BLAZER'I,4490
OVERSHIRT,DİKİŞLİ DOKULU İNCE CEKET,4490
JACKET,SOLUK GÖRÜNÜMLÜ DİKİŞLİ CEKET,4490
BLAZER,RAHAT TAKIM BLAZER'I,4490
JACKET,PAMUK KARIŞIMLI TEKNİK CEKET,4490
JACKET,YAKASI ÇIKARILABİLİR ÖRGÜLÜ CEKET,4490
JACKET,YIKANMIŞ PAMUKLU REGULAR FIT CEKET,2990
MOCCASINS,GÜNLÜK DERİ MAKOSEN,2990
TROUSERS,KONTRAST DİKİŞLİ DENİM CHINO PANTOLON,2990
CARDIGAN,REGULAR FIT HIRKA,2990
JACKET,CROP FİT SUNİ DERİ CEKET,2990
OVERSHIRT,BOXY FİT İNCE CEKET,2990
SWEATSHIRT,FERMUARLI KAPÜŞONLU AĞIR SWEATSHIRT ORIGINS,2990
BOOT,KOŞUM BOTU,2990
SHOES,DERİ AYAKKABI,2990
SHIRT,SOLUK GÖRÜNÜMLÜ BASKILI T-SHIRT,1490
Parfüm,FOR HIM RED EDITION INTENSE PARFÜM 90 ML (3.04 FL. OZ),1390
Parfüm,FOR HIM BLACK EDITION INTENSE PARFÜM 90 ML (3.04 FL. OZ),1390
Parfüm,NIGHT POUR HOMME II EDP 100 ML (3.4 FL.OZ),990
BLAZER,KRUVAZE KETEN LİYOSEL TAKIM BLAZER,6690
SHIRT,KETEN PAMUKLU GÖMLEK,1790
SHIRT,DİKEY NAKIŞLI JAKARLI POLO T-SHIRT,1790
TROUSERS,LOOSE FIT JEAN,1790
SHIRT,relaxed fit KARELİ GÖMLEK,1790
BERMUDA,%100 KETEN RELAXED FIT BERMUDA,1790
SHIRT,REGULAR FIT ŞAMBRE GÖMLEK,2490
SWEATER,FERMUAR YAKALI TERS ÖRGÜ KAZAK,2490
TROUSERS,REGULAR FIT JEAN,2490
TROUSERS,PİLİLİ DOKULU PANTOLON,2490
SHIRT,RELAXED FIT CEPLİ İNCE CEKET,2490
TROUSERS,SOLUK EFEKTLİ RELAXED FIT PANTOLON,2490
TROUSERS,PİLİLİ GENİŞ PAÇA JOGGER PANTOLON,2490
TROUSERS,YÜN KUMAŞ TAKIM PANTOLONU,2490
SWEATSHIRT,BASIC FERMUARLI SWEATSHIRT,2490
SWEATSHIRT,CROP FIT KAPÜŞONLU SWEATSHIRT,2490
CARDIGAN,BURGU İPLİ DOKULU HIRKA,2490
TROUSERS,KONTRAST ŞERİTLİ DOKULU JOGGER PANTOLON,2490
CARDIGAN,BURGU DOKULU HIRKA,2490
SWEATER,FERMUARLI YAKA KAZAK,2490
SHOES,CASUAL DERİ TEKNE AYAKKABISI,2490
RUCKSACK,DOKULU SIRT ÇANTASI,2490
UNDERPANT,YUMUŞAK BOXER 3'LÜ PAKET,1190
JACKET,3 KATMANLI SU GEÇİRMEZ TEKNİK KABUK CEKET,6290
JACKET,AARON LEVINE X ZARA TEKNİK KABUK CEKET,6290
COAT,REGULAR FIT YÜNLÜ KABAN,6290
JACKET,3L SHELL SU GEÇİRMEZ TEKNİK CEKET,6290
SWEATSHIRT,BASIC KAPÜŞONLU SWEATSHIRT,1690
JACKET,HAFİF SU GEÇİRMEZ TEKNİK CEKET,3690
SHIRT,%100 CUPRO KİMONO GÖMLEK,3690
OVERSHIRT,KONTRAST ASTARLI KANVAS İNCE CEKET,3690
JACKET,SOLUK PAMUKLU CEKET,3690
TROUSERS,BAĞCIKLI DÖKÜMLÜ PANTOLON,3690
OVERSHIRT,REGULAR FIT SUNİ SÜET İNCE CEKET,3690
JACKET,BALIK SIRTI DOKULU FERMUARLI CEKET,3690
Parfüm,"MAN GREEN SAVAGE SUMMER EDT 100ML (3,4 FL.OZ)",790
SWEATSHIRT,BLOK RENKLİ BİSİKLET YAKA SWEATSHIRT,1590
SWEATSHIRT,SOLUK EFEKTLİ BASIC SWEATSHIRT,1590
BERMUDA,INTERLOK KUMAŞ JOGGING FIT BERMUDA,1590
SWEATER,TERS ÖRGÜ TRİKO T-SHIRT,1590
Parfüm,GREEN SAVAGE + BLUE SPIRIT EDT 2X100ML (3.4 FL.OZ),1090
TROUSERS,BURUŞMAZ TEKNİK TAKIM PANTOLONU,2290
SHIRT,DÖKÜMLÜ RELAXED FIT GÖMLEK,2290
TROUSERS,STRAIGHT FIT DÖKÜMLÜ PANTOLON,2290
TROUSERS,BASIC ANTRENMAN JOGGER PANTOLONU,2290
TROUSERS,STRAIGHT FIT JEAN,2290
TROUSERS,RAHAT TAKIM PANTOLONU,2290
SWEATER,DOKULU PAMUKLU KAZAK,2290
SWEATSHIRT,YIKANMIŞ FERMUARLI KAPÜŞONLU SWEATSHIRT,2290
SANDAL,ÇİFT BANTLI DERİ SANDALET,2290
SHIRT,BASIC BOXY FIT T-SHIRT,990
SHIRT,BASIC KONTRAST FİTİLLİ T-SHIRT,990
RAINCOAT,REGULAR FIT SU GEÇİRMEZ TRENÇKOT,5690
COAT,KRUVAZE CEPLİ KABAN,5690
BLAZER,İNCE ÇİZGİLİ CROPPED TAKIM BLAZER,5690
Parfüm,"TENDER AMBER INTENSE EDP 100 ML (3,38 FL. OZ)",1390
JACKET,REGULAR FIT EKOSESİZ BOMBER CEKET,2990
OVERSHIRT,SU GEÇİRMEZ TEKNİK İNCE CEKET,2990
SHIRT,KARELİ PAZEN GÖMLEK,2990
TROUSERS,YAPILI ÇAN PAÇA JEAN,2990
GLASSES,KARE GÜNEŞ GÖZLÜĞÜ,2990
CARDIGAN,FERMUARLI TRİKO HIRKA,2990
TROUSERS,BLOK RENKLİ FUTBOL TEKNİK PANTOLON,2990
MOCCASINS,CASUAL DERİ MAKOSEN,2990
Parfüm,FLORENCE PIAZZA DELLA SIGNORIA EDT 100ML (3.04 FL. OZ),790
SHIRT,AVUSTRALYA GRAFİK BASKILI T-SHIRT,1190
SHIRT,MANZARA DESENLİ T-SHIRT,1190
TROUSERS,AARON LEVINE X ZARA TEKNİK PANTOLON,4990
JACKET,KARELİ CEPLİ CEKET,4990
JACKET,RELAXED FIT PARKA,4990
SHIRT,DOKULU GÖMLEK,1790
SWEATER,DOKULU REGULAR FIT POLO T-SHIRT,1790
SHIRT,ÇİZGİLİ SLOGANLI GÖMLEK,1790
SWEATER,ÇİZGİLİ KETEN VE PAMUKLU ÖRGÜ T-SHIRT,1790
SWEATSHIRT,BLOK RENKLİ T-SHIRT,1790
JACKET,BASIC DENIM CEKET,1790
TROUSERS,BAGGY FİT JEAN,1790
SHIRT,NAKIŞLI DİKEY JAKARLI POLO T-SHIRT,1790
SWEATER,FİTİLLİ TRİKO POLO T-SHIRT,1790
TROUSERS,SKINNY CROP FIT JEAN,1790
SHIRT,RELAXED FIT OXFORD GÖMLEK,1790
TROUSERS,PİLİLİ DÖKÜMLÜ PANTOLON,1790
TROUSERS,KONTRAST ŞERİTLİ TEKNİK JOGGER PANTOLON,1790
TROUSERS,SOLUK EFEKTLİ BALON JOGGER PANTOLON,1790
SWEATER,ÖRME DOKULU YELEK,1790
SHIRT,SLIM FIT GÖMLEK,1790
SWEATER,JAKARLI SLOGANLI KAZAK,1790
SHIRT,FERMUARLI INTERLOK POLO SWEATSHIRT,1790
SWEATSHIRT,YIKANMIŞ YAZILI SWEATSHIRT,1790
SWEATER,DOKULU ŞÖNİL KAZAK,1790
SHIRT,RELAXED FIT KETEN - PAMUKLU GÖMLEK,1790
TROUSERS,BAGGY FIT JEAN,2790
SHOES,DERBİ AYAKKABI,2790
Parfüm,NAVY BLACK + ZARA MAN 800 BLACK EDT 2X100ML (3.4 FL.OZ),1090
SHIRT,NORMAL KESİM UZUN KOLLU T-SHIRT,1590
SWEATSHIRT,BASIC SOLUK EFEKTLİ SWEATSHIRT,1590
SWEATER,DOKULU DÜĞMELİ YAKA KAZAK,1590
Parfüm,VANILLA COLLECTION 01: IRRESISTIBLE/MAGNETIC/DELICIOUS EDP 100 ML (3.38 FL. OZ),990
JACKET,RELAXED FIT KONTRAST YAKALI CEKET,4490
TROUSERS,RELAXED FIT DÖKÜMLÜ PANTOLON,4490
SHOES,DERBİ DERİ AYAKKABI,4490
JACKET,PAMUKLU KADİFE KLİPSLİ CEKET,4490
JACKET,ÇİFT TARAFLI SUNİ DERİ BOMBER CEKET,4490
JACKET,YÜNLÜ KAPİTONELİ CEKET,4490
SHOES,DERİ SPOR AYAKKABI,2490
TROUSERS,RELAXED FIT TAKIM PANTOLONU,2490
TROUSERS,STRAIGHT FIT PAMUKLU LİYOSEL JEAN,2490
TROUSERS,BALON KESİM KEMERLİ PİLİLİ PANTOLON,2490
JACKET,ÇİZGİLİ DOKULU İNCE CEKET,2490
TROUSERS,İSPANYOL PAÇA JEAN,2490
SWEATSHIRT,ŞERİTLİ FERMUARLI SWEATSHIRT,2490
SWEATSHIRT,REGULAR FIT FERMUARLI YAKA SWEATSHIRT,2490
TROUSERS,%100 KETEN TAKIM PANTOLONU,2490
JACKET,HAFİF SU GEÇİRMEZ CEKET,2490
TROUSERS,%100 KETEN REGULAR FIT PANTOLON,2490
TROUSERS,STRAIGHT FIT RAHAT PANTOLON,2490
SHOES,SPOR AYAKKABI,2490
SHIRT,REGULAR FIT POPLİN GÖMLEK,2490
MOCCASINS,TIRTIKLI TABANLI ANTİFAZ MAKOSEN,2490
TROUSERS,TEKNİK GENİŞ PAÇA JOGGER PANTOLON,2490
SWEATER,YÜN KARIŞIMLI KAZAK,2490
SWEATER,YÜN KARIŞIMI KAZAK,2490
SWEATER,FERMUARLI YÜN KAZAK,2490
SWEATER,FERMUAR YAKA TERS ÖRGÜ KAZAK,2490
SWEATER,YAKASI FERMUARLI KAZAK,2490
OVERSHIRT,REGULAR FIT CEPLİ İNCE CEKET,2490
SHOES,CASUAL DERİ AYAKKABI,2490
TROUSERS,İNCE ÇİZGİLİ RELAXED FIT PANTOLON,2490
CARDIGAN,YIKANMIŞ DOKULU ÖRGÜ HIRKA,2490
BOOT,SİVRİ BURUN CHELSEA BOT,2490
SHIRT,KONTRAST BASKILI VE İŞLEMELİ T-SHIRT,1490
SHIRT,İŞLEMELİ INTERLOK T-SHIRT,1490
JACKET,VINTAGE EFEKTLİ DERİ CEKET,9990
BLAZER,YIKANMIŞ GÖRÜNÜMLÜ SÜET DERİ BLAZER,9990
JACKET,RELAXED FIT SÜET DERİ CEKET,9990
OVERSHIRT,NAPA DERİ İNCE CEKET,9990
JACKET,DERİ BOMBER CEKET,9990
Parfüm,VANILLA COLLECTION 02 UNIQUE HYPNOTIC SEDUCTIVE EDP 30ML (1.01 FL. OZ),490
Parfüm,BLUE ZENITH EDP 100ML (3.4 FL.OZ),1390
SHIRT,BANT YAKA DÖKÜMLÜ GÖMLEK,2290
SHIRT,KETEN VİSKOZ RELAXED FIT GÖMLEK,2290
TROUSERS,LOOSE FIT JEAN,2290
SWEATSHIRT,KONTRAST GOFRE KUMAŞ POLO SWEATSHIRT,2290
SWEATER,FERMUARLI TRİKO POLO T-SHIRT,2290
TROUSERS,BALON KESİM JEAN,2290
SHIRT,%100 KETEN RELAXED FIT GÖMLEK,2290
SHIRT,BASIC TANK KABURGA T-SHIRT,790
SOCKS,3'LÜ BASİT FİTİLLİ ÇORAP PAKETİ,790
Parfüm,FOR HIM EDT 90ML (3.38 FL. OZ.),1250
Parfüm,VIBRANT LEATHER SUMMER BREEZE EDP 100ML (3.4 FL.OZ),1250
Parfüm,"OUD VIBRANT LEATHER EDP 100 ML (3,4 FL.OZ)",1250
OVERSHIRT,REGULAR FIT SÜET DERİ İNCE CEKET,8990
CARDIGAN,YÜN - KAŞMİR HIRKA AARON LEVINE X ZARA,8990
JACKET,YIKANMIŞ DERİ CEKET,8990
JACKET,SÜET DERİ CEKET,8990
RUCKSACK,DOKULU SEYAHAT ÇANTASI,2990
RUCKSACK,DOKULU SIRT ÇANTASI,2990
SHIRT,POLO YAKA BASEBALL T-SHIRT,1190
SHIRT,BASKILI VE SOLUK GÖRÜNÜMLÜ T-SHIRT,1190
SHIRT,YUMUŞAK DOKULU RELAXED FIT T-SHIRT,1190
SHIRT,MUSCLE TEE FIT T-SHIRT,1190
WALLETS,DERİ CÜZDAN,1190
JACKET,KONTRAST DİKİŞLİ DENIM CEKET,3690
OVERSHIRT,%100 KETEN İNCE CEKET,3690
JACKET,RAHAT KESİM RAHAT CEKET,3690
OVERSHIRT,FİTİLLİ KUMAŞ DOKULU İNCE CEKET,3690
JACKET,KONTRAST YAKALI KLİPSLİ CEKET,3690
BOOT,DERİ CHELSEA BOT,3690
JACKET,SUNİ DERİ CEKET,3690
MOCCASINS,DERİ ANTİFAZ MAKOSEN,3690
JACKET,COLOR BLOCK TEKNİK FUTBOL CEKETİ,3690
JACKET,REGULAR FİT FİTİLLİ KADİFE CEKET,3690
JACKET,TEKNİK KAPÜŞONLU CEKET,3690
Parfüm,MAN 800 BLACK WINTER EDP + MAN BLUE SPIRIT WINTER EDP 2X90ML (3.04 FL.OZ),1090
Parfüm,SAFFRON & ORANGE FLOWERS EDP 100 ML (3.4 FL.OZ),1890
SHIRT,PAMUKLU KETEN DÜĞMELİ YAKA T-SHIRT,1790
SHIRT,BOXY FİT OXFORD GÖMLEK,1790
SHIRT,RELAXED FIT PAMUKLU KETEN T-SHIRT,1790
SWEATER,DÜĞMELİ TRİKO T-SHIRT,1790
SHOES,RETRO TARZ SPOR AYAKKABI,1790
SWEATER,ÇİZGİLİ JAKARLI KAZAK,1790
TROUSERS,BAGGY FIT DISTRESSED JEAN,1790
BELT,ÇİFT TARAFLI DERİ KEMER,1790
OVERSHIRT,SÜET DERİ İNCE CEKET,7990
BLAZER,ÇİZGİLİ VİSKOZ KETEN TAKIM BLAZER,7990
BLAZER,%100 YÜN TAKIM BLAZER,7990
JACKET,SÜET DERİ CEKET,7990
BLAZER,KRUVAZE TAKIM BLAZER'I,7990
BERMUDA,2'Sİ 1 ARADA BASIC ANTRENMAN ŞORTU,1690
BERMUDA,KONFORLU DOKULU BERMUDA,1590
SHIRT,SOLGUN EFEKTLİ REGULAR FIT T-SHIRT,1590
SWEATER,PAMUKLU HAFİF ÖRGÜ T-SHIRT,1590
BERMUDA,BERMUDA JOGGER RELAXED FIT INTERLOCK,1590
SHIRT,UZUN KOLLU T-SHIRT,1590
SWEATER,RELAXED FIT TRİKO T-SHIRT,1590
SHIRT,SOLUK ÇİZGİLİ T-SHIRT,1590
SHIRT,DOKULU HENLEY YAKA T-SHIRT,1590
Parfüm,"BLUE TEMPTATION EDP 120 ML (4,05 FL.OZ)",1590
TROUSERS,STRAIGHT FIT JEAN,2990
JACKET,DİKİŞLİ KOT KUMAŞ BOMBER CEKET,2990
TROUSERS,STRAIGHT BOOTCUT FIT JEAN,2990
TROUSERS,YÜN KARIŞIMLI STRAIGHT FIT PANTOLON,2990
JACKET,RELAXED FIT KISA TRENÇKOT,2990
JACKET,KARELİ CROP FIT CEKET,2990
OVERSHIRT,CANVAS YIKAMALI RELAXED FIT CEKET,2990
TROUSERS,KEMERLİ PİLİLİ DÖKÜMLÜ PANTOLON,2990
GLASSES,DİKDÖRTGEN GÜNEŞ GÖZLÜĞÜ,2990
SHIRT,KARELİ PAZEN GÖMLEK AARON LEVINE X ZARA,2990
JACKET,KONTRAST KENAR DETAYLI BOXY KESİM DOKULU CEKET,2990
SWEATSHIRT,ORIJINLER AĞIR FERMUARLI SWEATSHIRT,2990
SWEATSHIRT,HEAVYWEIGHT FERMUARLI SWEATSHIRT,2990
CARDIGAN,RELAXED FIT DOKULU HIRKA,2990
JACKET,%80 KAZ TÜYÜ - %20 KUŞ TÜYÜ DOLGULU SU GEÇİRMEZ ORIGINS ŞİŞME YELEK,2990
JACKET,KARELİ ŞİŞME RÜZGARLIK MONT,2990
MOCCASINS,ARKASI AÇIK DERİ MAKOSEN,2990
SANDAL,DERİ SABO,2990
RAINCOAT,TEKNİK ÇIKARILABİLİR YELEKLİ PARKA,7290
HAT,TEMEL ŞAPKA,790
Parfüm,VIBRANT LEATHER EDP 60ML ( 2.03 FL.OZ ),790
Parfüm,MAN BLUE SPIRIT SUMMER EDT 100ML ( 3.4 FL.OZ ),790
Parfüm,SEOUL 532-8 SINSA DONG GANGNAM-GU EDT 100ML (3.04 FL. OZ),790
WALLETS,DÜZ DİKEY KARTLIK,790
WALLETS,DÜZ CÜZDAN,790
SHIRT,KABARTMA GRAFİK DESENLİ T-SHIRT,1490
SHIRT,SOLUK EFEKTLİ BASKILI NUMARALI T-SHIRT,1490
SWEATER,VİSKOZ KARIŞIMLI TRİKO T-SHIRT,1490
SHIRT,REGULAR FIT KENEVİR-PAMUK GÖMLEK,2790
TROUSERS,ORIGINS STRAIGHT ANKLE FIT JEAN,2790
TROUSERS,JEANS STRAIGHT BOOTCUT FIT ORIGINS,2790
CARDIGAN,YIKANMIŞ DOKULU TRİKO HIRKA,2790
SWEATER,YÜN - YAK YÜNÜ KAZAK,2790
BOOT,CHELSEA BOT,2790
SHOES,CASUAL SPOR AYAKKABI,2790
TROUSERS,YANLARI PİLİLİ ÇİZGİLİ VİSKOZ KETEN TAKIM PANTOLONU,6690
Parfüm,"ABSOLUTELY DARK EDP 100 ML (3,4 FL.OZ)",1250
Parfüm,TENDER AMBER EDP 100 ML (3.4 FL.OZ),1250
SOCKS,4'LÜ BASIC BİLEK ÇORAP PAKETİ,590
TROUSERS,STRAIGHT FIT KARGO PANTOLON,2490
SWEATER,FERMUARLI YAKA HAROŞA KAZAK,2490
TROUSERS,STRAIGHT FIT JEAN,2490
SHIRT,BOXY FIT DOKULU GÖMLEK,2490
TROUSERS,PİLİLİ DÖKÜMLÜ PANTOLON,2490
TROUSERS,YUMUŞAK YIKAMALI JOGGER PANTOLON,2490
TROUSERS,ÇAN PAÇA JEAN,2490
TROUSERS,RELAXED FIT İNCE ÇİZGİLİ CHINO PANTOLON,2490
SWEATSHIRT,FERMUARLI BANTLI SWEATSHIRT,2490
SHIRT,DÖKÜMLÜ ÇİZGİLİ GÖMLEK,2490
BELT,ZIMBALI DERİ KEMER,2490
SHIRT,FERMUARLI REGULAR FIT İNCE CEKET,2490
TROUSERS,PİLİLİ STRAIGHT FIT PANTOLON,2490
SWEATSHIRT,FERMUARLI İNTERLOK SWEATSHIRT,2490
SWEATSHIRT,FERMUARLI INTERLOK SWEATSHIRT,2490
BELT,VINTAGE EFEKTLİ DERİ KEMER,2490
TROUSERS,BALON KESİM DİKİŞLİ PANTOLON,2490
SWEATER,ÇİZGİLİ PAMUKLU KETEN TRİKO POLO T-SHIRT,2490
SHIRT,İŞLEMELİ DÖKÜMLÜ GÖMLEK,2490
TROUSERS,PİLİLİ REGULAR FIT PANTOLON,2490
SHIRT,%100 KETEN POLO YAKA T-SHIRT,2490
SWEATSHIRT,SÜSLÜ DÜĞMELİ KONTRAST FİTİLLİ KADİFE CEKET,2490
OVERSHIRT,SUNİ SÜET İNCE CEKET,2490
CARDIGAN,FIRÇALANMIŞ JAKARLI HIRKA,2490
SHIRT,REGULAR FIT GÖMLEK,2490
SHOES,DİKİŞLİ BURUNLU DERİ AYAKKABI,2490
SWEATER,YÜN DOKULU KAZAK,2490
MOCCASINS,BANT DETAYLI TIRTIKLI TABANLI MAKOSEN,2490
SWEATSHIRT,İNTERLOK FİTİLLİ CEKET,2490
SANDAL,DERİ SABO,2490
JEWELLER,TAŞ UÇLU ZİNCİR,1190
SHIRT,İŞLEMELİ YAZILI T-SHIRT,1190
SHIRT,KONTRAST BASKILI T-SHIRT,1190
SHIRT,SOLGUN GÖRÜNÜMLÜ DÜĞMELİ YAKA T-SHIRT,1190
SHIRT,YUMUŞAK RELAXED FIT T-SHIRT,1190
JEWELLER,PASLANMAZ ÇELİK ZİNCİR,1190
SHIRT,KONTRAST KALPLİ FİTİLLİ T-SHIRT,1190
SHIRT,UZUN KOLLU BASIC TEKNİK T-SHIRT,1190
RUCKSACK,DOKULU BEL ÇANTASI,1190
BLAZER,İNCE ÇİZGİLİ %100 YÜN TAKIM BLAZER,6290
RAINCOAT,RELAXED FIT TRENÇKOT,6290
OVERSHIRT,CROPPED FIT %100 KETEN İNCE CEKET,6290
JACKET,%80 KAZ TÜYÜ - %20 KUŞ TÜYÜ SU GEÇİRMEZ MONTA,6290
JACKET,%80 KUŞ TÜYÜ - %20 KAZ TÜYÜ SU İTİCİ MONTE,6290
RUCKSACK,DERİ SHOPPER ÇANTA,6290
RUCKSACK,NAYLON BAKIM ÇANTASI,1090
SHIRT,REGULAR FIT LİYOSEL PAMUKLU GÖMLEK,2290
MOCCASINS,BANT DETAYLI RESMİ MAKOSEN,2290
SHIRT,DÖKÜMLÜ ÇİZGİLİ GÖMLEK,2290
TROUSERS,ŞERİTLİ GENİŞ PAÇA JOGGING PANTOLON,2290
TROUSERS,KETEN - VİSKOZ RELAXED FIT PANTOLON,2290
TROUSERS,DÖKÜMLÜ RELAXED FIT PANTOLON,2290
TROUSERS,SOLUK EFEKTLİ BALON JOGGER PANTOLON,2290
SHIRT,DOKULU RAHAT KESİM DÖKÜMLÜ GÖMLEK,2290
SWEATER,RELAXED FIT TRİKO POLO T-SHIRT,2290
TROUSERS,STRAIGHT FIT DOKULU PANTOLON,2290
TROUSERS,DOKULU STRAIGHT FIT PANTOLON,2290
TROUSERS,SOLUK EFEKTLİ BARREL FIT PANTOLON,2290
SWEATSHIRT,SLOGAN BASKILI BOXY FIT SWEATSHIRT,2290
SWEATER,ÇİFT TARAFLI RELAXED FIT KAZAK,2290
SWEATER,KONTRAST ŞÖNİL KAZAK,2290
SWEATER,PAMUK KARIŞIMLI TRİKO POLO T-SHIRT,2290
MOCCASINS,MAKYAJLI MAKOSEN,2290
TROUSERS,BLOK RENKLİ TEKNİK PANTOLON,2290
TROUSERS,RELAXED FIT DOKULU PANTOLON,2290
OVERSHIRT,KONFORLU ÜTÜ GEREKTİRMEYEN İNCE CEKET,2290
SHIRT,KARELİ RELAXED FIT GÖMLEK,2290
Parfüm,SEOUL 532-8 SINSA DONG GANGNAM-GU EDT 30ML (1.01 FL. OZ),450
Parfüm,VETIVER PAMPLEMOUSSE ELIXIR PARFUM 100 ML (3.4 FL. OZ,2190
Parfüm,"FASHIONABLY LONDON ELIXIR PARFUM 100ML (3,4 FL. OZ)",2190
Parfüm,NIGHT POUR HOMME II: DARK SPICED EDP 100 ML (3.38 FL. OZ.),990
Parfüm,NIGHT POUR HOMME I 100ML (3.38 FL. OZ.),990
Parfüm,#TOBACCO COLLECTION INTENSE DARK EXCLUSIVE EDT 100ML ( 3.4 FL.OZ ),990
BLAZER,YÜN KARIŞIMLI KRUVAZE TAKIM BLAZER'I,5690
BLAZER,%100 KETEN KRUVAZE TAKIM BLAZER'I,5690
BLAZER,İNCE ÇİZGİLİ TAKIM BLAZER,5690
BLAZER,RELAXED FIT KRUVAZE BLAZER,5690
JACKET,AARON LEVINE X ZARA KOMBİNELİ DERİ CEKET,5690
BLAZER,YÜN KARIŞIMINDAN ÜRETİLMİŞ TAKIM BLAZER,5690
JACKET,KONTRAST DOKULU CEKET,5690
RAINCOAT,SÜSLÜ DÜĞMELİ TEKNİK KAPİTONELİ TRENÇKOT,5690
MOCCASINS,DERİ MASKELİ MAKOSEN,5690
SHOES,TOKALI DERİ SABO,5690
JEWELLER,PASLANMAZ ÇELİK HALKA KÜPE,790
Parfüm,MAN 800 BLACK EDT 100ML (3.4 FL.OZ),790
SOCKS,3'LÜ ANTRENMAN ÇORABI PAKETİ,790
Parfüm,BOGOSS VIBRANT LEATHER EDP 60ML (2.03 FL.OZ),790
Parfüm,MAN 800 BLACK WINTER EDP 90ML (3.04 FL.OZ),790
JACKET,CEPLİ TEKNİK PARKA,4990
JACKET,TRABZANLI CROP FIT CEKET,4990
JACKET,YIKANMIŞ CEPLİ RELAXED FIT CEKET,4990
JACKET,SOLUK RELAXED FIT CEKET,4990
JACKET,TEKNİK CEP DETAYLI ŞİŞME CEKET,4990
JACKET,CEPLİ RELAXED FIT CEKET,4990
JACKET,RELAXED FIT KLİPSLİ PARKA,4990
TROUSERS,KONTRAST NAKIŞLI PAMUKLU KETEN PANTOLON,4990
RAINCOAT,RELAXED FIT PARKA,4990
MOCCASINS,DERİ MAKOSEN,4990
OVERSHIRT,KARELİ YÜN KARIŞIMLI İNCE CEKET,4990
SHIRT,REGULAR FIT ÇİZGİLİ GÖMLEK,1790
SHIRT,KIRIŞIK EFEKTLİ REGULAR FIT GÖMLEK,1790
SHIRT,DOKULU REGULAR FIT GÖMLEK,1790
BERMUDA,GEOMETRİK JAKARLI BERMUDA,1790
SWEATER,JAKARLI ÇİZGİLİ TRİKO POLO T-SHIRT,1790
SHIRT,İŞLEMELİ KARELİ PAZEN GÖMLEK,1790
BERMUDA,KEMERLİ PİLİLİ RELAXED FIT BERMUDA,1790
SHIRT,FİTİLLİ DÜĞMELİ YAKA T-SHIRT,1790
SHIRT,DOKULU OXFORD GÖMLEK,1790
TROUSERS,JOGGING FIT COMFORT PANTOLON,1790
SWEATSHIRT,YAZILI YIKANMIŞ SWEATSHIRT,1790
BELT,VINTAGE EFEKT DERİ KEMER,1790
SWEATSHIRT,DOKULU DÜĞMELİ YAKA T-SHIRT,1790
BELT,TEYELLİ DERİ KEMER,1790
SWEATER,ÇİZGİLİ JAKARLI TRİKO POLO,1790
SHIRT,CEPLİ DÖKÜMLÜ GÖMLEK,1790
SHIRT,DÖKÜMLÜ RELAXED FIT GÖMLEK,1790
SHIRT,GOFRE KUMAŞ DÜĞMELİ YAKA T-SHIRT,1790
TROUSERS,PİLİLİ GENİŞ PAÇA PANTOLON,1790
OVERSHIRT,NAKIŞLI FERMUARLI POLO T-SHIRT,1790
SHIRT,ÇİZGİLİ FİTİLLİ T-SHIRT,1790
TROUSERS,COMFORT JOGGER BELLİ PANTOLON,1790
SHIRT,KARELİ NAKIŞLI PAZEN GÖMLEK,1790
SHIRT,NAKIŞLI KARELİ PAZEN GÖMLEK,1790
SHIRT,ÇİFT ETKİLİ KOLLU ÇİZGİLİ GÖMLEK,1790
SWEATSHIRT,SOLUK EFEKTLİ DOKULU SWEATSHIRT,1790
RUCKSACK,ZİNCİR DETAYLI ÇAPRAZ ASKILI ÇANTA,1790
RUCKSACK,ÖRME BAKIM ÇANTASI,1790
SWEATSHIRT,TEKNİK RELAXED FIT SWEATSHIRT,1790
SWEATER,YIKANMIŞ DOKULU KAZAK,1790
SWEATSHIRT,FERMUARLI YAKA BASKILI SWEATSHIRT,1790
SHIRT,OVERSIZE OXFORD GÖMLEK,1790
SHIRT,İŞLEMELİ KARELİ GÖMLEK,1790
SHOES,KONTRAST TABANLI SPOR AYAKKABI,1790
SWEATER,DÜĞMELİ YAKA ÇİZGİLİ KAZAK,1790
TROUSERS,TAPERED GENİŞ PAÇA JEAN,1790
SWEATER,BASIC BALIKÇI YAKA KAZAK,1690
SWEATSHIRT,BASIC HEAVYWEIGHT KAPÜŞONLU SWEATSHIRT,1690
SWEATSHIRT,KARELİ DOKULU BOXY FIT SWEATSHIRT,1590
SHIRT,MERCAN İŞLEMELİ RELAXED FIT T-SHIRT,1590
SHIRT,ASİMETRİK YAKALI DÜĞMELİ T-SHIRT,1590
SHIRT,REGULAR FIT DOKULU PAMUKLU POLO,1590
ACCESSORIES,ÇİZGİLİ PLAJ HAVLUSU,1590
BELT,DERİ ELBİSE KEMERİ,1590
JEWELLER,KONTRAST METAL PLAKA KOLYE,1590
SWEATSHIRT,CEPLİ TEKNİK SWEATSHIRT,1590
SHIRT,FİTİLLİ DÜĞMELİ YAKA T-SHIRT,1590
BERMUDA,REGULAR FIT CHINO BERMUDA,1590
SHIRT,FİTİLLİ REGULAR FIT POLO,1590
SHIRT,FİTİLLİ DOKULU T-SHIRT,1590
SHIRT,MERSERİZE UZUN KOLLU T-SHIRT,1590
SWEATSHIRT,BLOK RENKLİ SWEATSHIRT,1590
SHIRT,SLOGAN BASKILI T-SHIRT,1590
SHIRT,HEAVYWEIGHT CREWNECK T-SHIRT,1590
SANDAL,KUMAŞ ESPADRİL,1590
SWIMSUIT,ORTA BOY KARIŞIK İŞLEMELİ MAYO,1590
BELT,DERİ KEMER,1590
SANDAL,ÇAPRAZ BANTLI SANDALET,1590
SANDAL,BANTLI SANDALET,1590
RUCKSACK,DOKULU EVRAK ÇANTASI,2990
CARDIGAN,RELAXED FIT LİYOSEL - VİSKOZ CEKET,4490
SHIRT,%100 RAMİ KUMAŞ BOXY FIT POLO T-SHIRT,4490
JACKET,%100 KETEN CEPLİ CEKET,4490
BLAZER,SLIM FIT TAKIM BLAZER,4490
RAINCOAT,TEKNİK SU GEÇİRMEZ KABAN,4490
SHIRT,%100 KETEN DOKULU MENDİLLİ GÖMLEK,4490
SWEATER,DOKULU İPEK VE KETEN KAZAK,4490
OVERSHIRT,KONTRAST DİKİŞLİ İNCE CEKET,4490
TROUSERS,BALON KESİM ÇİZGİLİ VİSKOZ - CUPRO PANTOLON,4490
BLAZER,BURUŞMAZ TEKNİK TAKIM BLAZER'I,4490
JACKET,BOXY FIT SÜSLÜ DÜĞMELİ CEKET,4490
SHIRT,ÇİZGİLİ JAKARLI KİMONO GÖMLEK,4490
JACKET,YAMALI FORD © DENİM CEKET,4490
JACKET,KOMBİNE YAKALI MUMLU GÖRÜNÜMLÜ CEKET,4490
JACKET,DÜZENSİZ ÇİÇEK JAKARLI CEKET,4490
TROUSERS,%100 YÜN ORIGINS CHINO PANTOLON,4490
SHOES,DERİ ÇİFT TOKALI MONK AYAKKABI,4490
JACKET,GEOMETRİK JAKARLI CEKET,4490
CARDIGAN,YÜN - ALPACA ORIGINS HIRKA,4490
JACKET,KAPÜŞONLU KLİPSLİ FİTİLLİ KADİFE CEKET,4490
JACKET,ÇİFT YÜZLÜ SUNİ DERİ CEKET,4490
JACKET,ÇIKARILABİLİR YAKALI SUNİ DERİ CEKET,4490
MOCCASINS,DERİ MASKELİ MAKOSEN,4490
JACKET,KONTRAST İŞLEMELİ BOMBER CEKET,4490
JACKET,KONTRAST BOMBER CEKET,4490
SHIRT,SLOGAN BASKILI T-SHIRT,1490
SWEATER,BLOK RENKLİ BASKILI ÖRGÜ T-SHIRT,1490
SHIRT,DOKULU RELAXED FIT T-SHIRT,1490
SHIRT,ZAR BASKILI T-SHIRT,1490
SHIRT,PAMUK KARIŞIMLI TEKNİK T-SHIRT,1490
BERMUDA,"BASIC 7"" ANTRENMAN ŞORTU",1490
SHIRT,İŞLEMELİ BLOK RENKLİ T-SHIRT,1490
Parfüm,FOR HIM BLACK EDITION EDT 90ML (3.38 FL. OZ.),1250
SHIRT,INTERLOCK RELAXED FIT T-SHIRT /04,1190
HAT,YIKANMIŞ BALIKÇI ŞAPKASI,1190
SHIRT,FLAMLI DOKULU RELAXED FIT T-SHIRT,1190
SHIRT,ÇİÇEK DESENLİ T-SHIRT,1190
SHIRT,ASİMETRİK DÜĞMELİ YAKA T-SHIRT,1190
SHIRT,ETİKET YAMALI T-SHIRT,1190
SHIRT,YIKANMIŞ GRAFİK T-SHIRT,1190
SHIRT,MERSERİZE KROP T-SHIRT,1190
UNDERPANT,3'LÜ TEMEL BOXER PAKETİ,1190
SHIRT,SLOGANLI CEPLİ T-SHIRT,1190
SHIRT,SOLUK EFEKTLİ SLOGANLI BOXY FIT T-SHIRT,1190
SHIRT,SOLGUN GÖRÜNÜMLÜ TANK TOP,1190
UNDERPANT,SOFT BOXER 3'LÜ PAKET,1190
SHIRT,HEAVYWEIGHT KISA KOLLU T-SHIRT,1190
OVERSHIRT,REGULAR FIT POPLİN İNCE CEKET,3690
OVERSHIRT,REGULAR FIT CEPLİ İNCE CEKET,3690
TROUSERS,%100 KETEN TAKIM PANTOLONU,3690
TROUSERS,PİLİLİ VİSKOZ PANTOLON,3690
JACKET,KANVAS KUMAŞ BOXY FIT CEKET,3690
BOOT,DERİ BOT,3690
JACKET,YIKANMIŞ BOXY FIT CEKET,3690
SHIRT,RESMİ GÖMLEK AARON LEVINE X ZARA,3690
TROUSERS,YÜNLÜ SMOKİN TAKIM PANTOLONU AARON LEVINE X ZARA,3690
JACKET,SOLUK PAMUKLU REGULAR FIT CEKET,3690
TROUSERS,PİLİLİ RELAXED FIT PANTOLON AARON LEVINE X ZARA,3690
JACKET,RELAXED FIT BOMBER CEKET,3690
OVERSHIRT,İŞLEMELİ BOXY FİT İNCE CEKET,3690
JACKET,KAPÜŞONLU DENİM CEKET,3690
JACKET,SÜSLÜ DÜĞMELİ BOXY FIT DENIM CEKET,3690
JACKET,KAPÜŞONLU TEKNİK CEKET,3690
JACKET,YIKANMIŞ PAMUKLU DOKULU PARKA,3690
JACKET,VINTAGE SUNİ DERİ CEKET,3690
TROUSERS,ORIGINS ORIGINS FİTİLLİ KUMAŞ CHINO PANTOLON,3690
JACKET,CROP SUNİ DERİ CEKET,3690
JACKET,JAKARLI ÇİÇEKLİ CEKET,3690
OVERSHIRT,SUNİ DERİ CEKET,3690
SWEATSHIRT,YÜN KARIŞIMLI DOKULU SWEATSHIRT,3690
JACKET,KLİPSLİ CROP FIT CEKET,3690
MOCCASINS,DERİ BANTLI MAKOSEN,3690
TROUSERS,JEANS STRAIGHT FIT AARON LEVINE X ZARA,3690
RUCKSACK,DERİ OMUZ ÇANTASI,3690
BOOT,DERİ KOVBOY ÇİZME,3690
BOOT,SİVRİ BURUNLU KOVBOY ÇİZME,3690
Parfüm,"#TOBACCO COLLECTION INFINITE RICH WARM EDP 100 ML (3,4 FL.OZ)",1090
SANDAL,BANYO SANDALETİ,1090
RUCKSACK,KAPLAMALI ÇAPRAZ ASKILI ÇANTA,1090
MOCCASINS,GÜNLÜK DERİ MAKOSEN,3490
JEWELLER,PASLANMAZ ÇELİK MÜHÜR YÜZÜK,990
HAT,İŞLEMELİ SLOGANLI ŞAPKA,990
SHIRT,SOLUK EFEKTLİ TANK T-SHIRT,990
ACCESSORIES,YÜN BOYUNLUK,990
SHIRT,BASIC TEKNİK TANK TOP,990
Parfüm,VANILLA COLLECTION 03 EDP 100ML (3.4 FL.OZ),990
SHIRT,BASIC TEKNİK T-SHIRT,990
TROUSERS,%100 YÜN İNCE ÇİZGİLİ TAKIM PANTOLONU,2990
TROUSERS,%100 YÜN TAKIM PANTOLONU,2990
SHIRT,RELAXED FIT ÇİZGİLİ GÖMLEK,2990
SHIRT,RELAXED FIT KARELİ GÖMLEK,2990
TROUSERS,PİLİLİ DENIM CHINO PANTOLON,2990
TROUSERS,YÜN KUMAŞ PİLELİ PANTOLON,2990
JACKET,BOXY FİT PAMUKLU CEKET,2990
SWEATER,PAMUKLU KENDİR POLO T-SHIRT,2990
SHIRT,REGULAR FIT DENIM GÖMLEK,2990
TROUSERS,RELAXED FIT PİLİLİ PANTOLON,2990
SWEATER,PAMUK KETEN KARIŞIMLI ÖRGÜ KAZAK,2990
JACKET,FERMUARLI CROP FIT CEKET,2990
TROUSERS,GENİŞ PAÇA PİLİLİ PANTOLON,2990
JACKET,KADİFE YAKA CROP FİT CEKET,2990
RUCKSACK,35L ÇOK İŞLEVLİ SPOR ÇANTASI,2990
TROUSERS,FORD © YAMALI RELAXED FIT JEAN,2990
SHOES,CASUAL DERİ TEKNE AYAKKABISI,2990
TROUSERS,YIKANMIŞ BALON PAÇA JEAN,2990
TROUSERS,REGULAR FIT CHINO PANTOLON,2990
SHOES,KALIN TABANLI AYAKKABI,2990
OVERSHIRT,CEPLİ RELAXED FIT İNCE CEKET,2990
CARDIGAN,YÜN KARIŞIMLI HIRKA,2990
SWEATSHIRT,relaxed fit DOKULU CEKET,2990
RUCKSACK,DÜZ SEYAHAT ÇANTASI,2990
GLASSES,OVAL GÜNEŞ GÖZLÜĞÜ,2990
MOCCASINS,DERİ MAKOSEN,2990
JACKET,YIKANMIŞ SUNİ DERİ CEKET,2990
TROUSERS,SOLUK EFEKTLİ DESENLİ STRAIGHT FIT PANTOLON,2990
SHOES,DERİ TEKNE AYAKKABISI,2990
GLASSES,OVAL ASETAT GÜNEŞ GÖZLÜĞÜ,2990
SHOES,KALIN TABANLI SPOR AYAKKABI,2990
JACKET,VELUR BİYE DETAYLI CEKET,2990
SWEATSHIRT,FERMUARLI KUTU KESİM KOMPAKT SWEATSHIRT,2990
SWEATER,V YAKA YÜN KAZAK,2990
RUCKSACK,KEMERLİ EL ÇANTASI,2990
OVERSHIRT,KAPÜŞONLU NAKIŞLI EKOSER CROP CEKET,2990
SWEATER,YÜN KARIŞIMLI TERS ÖRGÜ POLO T-SHIRT,2990
MOCCASINS,BANTLI DERİ MAKOSEN,2990
SWEATER,ÇİZGİLİ JAKARLI KAZAK,2990
WAISTCOAT,KONTRAST TEKNİK ŞİŞME YELEK,2990
MOCCASINS,DERİ TIRTIKLI TABANLI BANTLI MAKOSEN,2990
SWEATER,REGULAR FIT YÜN KARIŞIMLI KAZAK,2990
MOCCASINS,KALIN TABANLI BANTLI MAKOSEN,2990
SHOES,DİKİŞLİ BURUN DERİ AYAKKABI,2990
CARDIGAN,TERS ÖRGÜ HIRKA,2990
JACKET,SUNİ SÜET BOMBER CEKET,2990
Parfüm,LONDON SAVILE ROW MAYFAIR EDT 100ML (3.04 FL. OZ),790
SHIRT,FİTİLLİ TANK T-SHIRT,790
WALLETS,DÜZ KARTLIK,790
SHIRT,REGULAR FIT KENEPA-PAMUK GÖMLEK,2790
TROUSERS,FLARE FIT JEAN,2790
SHOES,ŞIK AYAKKABI,2790
TROUSERS,STRAIGHT ANKLE FIT ORIGINS JEAN,2790
SWEATER,YÜN - YAK YÜNÜ ÇİZGİLİ KAZAK,2790
SWEATER,REGULAR FIT YÜNLÜ KAZAK,2790
MOCCASINS,BANT DETAYLI RESMİ MAKOSEN,2790
SOCKS,4'LÜ BABET ÇORABI PAKETİ,590
SHIRT,KARELİ DÖKÜMLÜ GÖMLEK,2490
TROUSERS,BARREL FIT PANTOLON,2490
TROUSERS,PAMUKLU LİYOSEL STRAIGHT FIT JEAN,2490
TROUSERS,RELAXED BARREL FIT JEAN,2490
TROUSERS,LOOSE FIT JEAN,2490
BELT,KONTRAST DERİ KEMER,2490
TROUSERS,%100 YÜN DOKULU TAKIM PİLİLİ PANTOLON,2490
SHIRT,FERMUARLI DENIM GÖMLEK,2490
TROUSERS,DOKULU PAMUKLU KETEN PANTOLON,2490
TROUSERS,KEMERLİ GENİŞ PAÇA PANTOLON,2490
SWEATSHIRT,SOFT YIKAMALI KAPÜŞONLU SWEATSHIRT,2490
TROUSERS,YAMA DETAYLI BALLOON JOGGER PANTOLON,2490
SWEATSHIRT,FERMUARLI KAPÜŞONLU BOXY FIT SWEATSHIRT,2490
SHIRT,RELAXED FIT KARELİ GÖMLEK,2490
BERMUDA,RELAXED FIT ŞORT,2490
TROUSERS,KARE DOKULU TAKIM PANTOLONU,2490
SHIRT,WESTERN KARELİ GÖMLEK,2490
SHIRT,REGULAR FIT DENİM İNCE CEKET,2490
JACKET,KAPÜŞONLU DİKİŞLİ DENİM CEKET,2490
TROUSERS,YÜN KARIŞIMLI TAKIM PANTOLONU,2490
TROUSERS,SOLUK EFEKTLİ RELAXED FIT CHINO PANTOLON,2490
TROUSERS,İNCE ÇİZGİLİ TAKIM PANTOLONU,2490
TROUSERS,PİLİLİ CHINO PANTOLON,2490
SHIRT,FERMUARLI DENİM İNCE CEKET,2490
TROUSERS,RELAXED FIT JOGGER PANTOLON,2490
TROUSERS,BAGGY FIT PİLİLİ CHINO PANTOLON,2490
JACKET,FERMUARLI DENİM CEKET,2490
TROUSERS,PİLİLİ GENİŞ PAÇA PANTOLON,2490
OVERSHIRT,YÜN DOKULU HIRKA,2490
TROUSERS,BARREL FIT JEAN,2490
SWEATSHIRT,KAPÜŞONLU YAMALI SWEATSHIRT,2490
TROUSERS,ETİKET YAMALI PANTOLON,2490
SWEATSHIRT,GOFRE KUMAŞ DOKULU SWEATSHIRT,2490
SHIRT,MODAL KARIŞIMLI DÖKÜMLÜ GÖMLEK,2490
TROUSERS,GENİŞ PAÇA CHINO PANTOLON,2490
TROUSERS,BAGGY FIT JOGGER PANTOLON,2490
JACKET,YIKANMIŞ KAPÜŞONLU CEKET,2490
TROUSERS,DENİM CHINO PANTOLON,2490
TROUSERS,BAGGY FIT JEAN,2490
TROUSERS,DISTRESSED ÇAN PAÇA JEAN,2490
BELT,METAL PLAKA KEMER,2490
SHOES,RETRO TARZ SPOR AYAKKABI,2490
RUCKSACK,DÜZ SEYAHAT ÇANTASI,2490
TROUSERS,KARELİ BAGGY PANTOLON,2490
TROUSERS,BALON KESİM PİLİLİ PANTOLON,2490
TROUSERS,SOLUK EFEKTLİ BALON JOGGER PANTOLON,2490
SWEATSHIRT,YIKANMIŞ KUTU KESİM SWEATSHIRT,2490
SWEATER,DOKULU BURGU KAZAK,2490
MOCCASINS,DERİ MAKOSEN,2490
SHIRT,DÖKÜMLÜ POLO T-SHIRT,2490
SHIRT,RELAXED FIT İNTERLOK GÖMLEK,2490
TROUSERS,GENİŞ PAÇA JEAN,2490
CARDIGAN,RELAXED FIT HIRKA,2490
SWEATSHIRT,YIKANMIŞ BASKILI YAZILI SWEATSHIRT,2490
TROUSERS,BALON KESİM DOKULU PANTOLON,2490
SWEATER,JAKARLI ÇİZGİLİ KAZAK,2490
TROUSERS,BAGGY KESİM JEAN,2490
JACKET,KONTRAST TEKNİK CEKET,2490
SHOES,TRAIL KOŞU AYAKKABISI,2490
SWEATER,BURGULU DOKULU FERMUARLI YAKA KAZAK,2490
TROUSERS,RELAXED FIT SUNİ DERİ PANTOLON,2490
CARDIGAN,FİTİLLİ DOKULU CEKET,2490
TROUSERS,DİKİŞLİ BAGGY FİT JEAN,2490
SHIRT,ŞERİT DETAYLI WESTERN GÖMLEK,2490
SWEATER,DOKULU V YAKA KAZAK,2490
SWEATER,DÜZENSİZ DOKULU KAZAK,2490
TROUSERS,RELAXED FIT KARELİ PANTOLON,2490
SWEATER,%100 YÜN V YAKA KAZAK,2490
SWEATSHIRT,DOKULU POLO SWEATSHIRT,2490
OVERSHIRT,FERMUARLI SOLUK İNCE CEKET,2490
OVERSHIRT,RELAXED FIT SUNİ SÜET İNCE CEKET,2490
CARDIGAN,KAPÜŞONLU TRİKO HIRKA,2490
TROUSERS,RELAXED BALON PİLİLİ PANTOLON,2490
SANDAL,TOKALI DERİ SABO,2490
SWEATSHIRT,COMPACT BOXY FIT KAPÜŞONLU SWEATSHIRT,2490
TROUSERS,PARAŞÜT KARGO PANTOLON,2490
CARDIGAN,YÜN KARIŞIMLI RELAXED FIT HIRKA,2490
SWEATER,DÜĞMELİ YÜNLÜ KAZAK,2490
TROUSERS,BASKILI YAZILI JOGGER PANTOLON,2490
SWEATSHIRT,SLOGANLI KAPÜŞONLU SWEATSHIRT,2490
SWEATSHIRT,KAPÜŞONLU POLAR DOKULU SWEATSHIRT,2490
TROUSERS,RELAXED FIT ÇAN PAÇA JEAN,2490
CARDIGAN,YÜN DOKULU HIRKA,2490
TROUSERS,REGULAR FIT CHINO PANTOLON,2490
CARDIGAN,%100 YÜN TRİKO HIRKA,2490
JACKET,FERMUARLI KAPÜŞONLU TEKNİK SWEATSHIRT,2490
MOCCASINS,PÜSKÜLLÜ CASUAL DERİ MAKOSEN,2490
SANDAL,TOKALI SABO,2490
TROUSERS,PİLİLİ TAKIM İNCE ÇİZGİLİ PANTOLON,2490
MOCCASINS,BANTLI MAKOSEN,2490
RUCKSACK,DOKULU SEYAHAT ÇANTASI,2490
RUCKSACK,DOKULU EVRAK ÇANTASI,2490
JACKET,HAFİF TEKNİK KAPÜŞONLU CEKET,2490
JACKET,KAPÜŞONLU HAFİF TEKNİK CEKET,2490
TROUSERS,SOLUK EFEKTLİ RELAXED FIT PANTOLON,2290
SHIRT,SLOGANLI OXFORD GÖMLEK,2290
TROUSERS,SLIM FIT TAKIM ELBİSE PANTOLONU,2290
SHIRT,RELAXED FIT KARELİ GÖMLEK,2290
TROUSERS,RELAXED FIT PANTOLON,2290
SHIRT,REGULAR FIT ÇİZGİLİ GÖMLEK,2290
SWEATSHIRT,RELAXED FIT SWEATSHIRT,2290
SHIRT,ANAHTARLIK DESENLİ POLO YAKA T-SHIRT,2290
SWEATER,YIKANMIŞ DOKULU PAMUKLU KAZAK,2290
TROUSERS,"PİLİLİ, DOKULU DÖKÜMLÜ PANTOLON",2290
OVERSHIRT,YIKANMIŞ DENİM İNCE CEKET,2290
OVERSHIRT,YIKANMIŞ DENIM GÖMLEK,2290
SHIRT,DÖKÜMLÜ WESTERN GÖMLEK,2290
TROUSERS,YANLARI ŞERİTLİ GENİŞ PAÇA JOGGER PANTOLON,2290
SHIRT,DOKULU ÇİZGİLİ POLO,2290
TROUSERS,GENİŞ PAÇA DÖKÜMLÜ PANTOLON,2290
SWEATSHIRT,YIKAMALI FERMUARLI KAPÜŞONLU SWEATSHIRT,2290
SHIRT,KARELİ GÖMLEK,2290
WAISTCOAT,CROP FIT ŞİŞME YELEK,2290
SANDAL,BANTLI DERİ SANDALET,2290
TROUSERS,STRAIGHT FIT FİTİLLİ KADİFE PANTOLON,2290
SWEATER,ÇİZGİLİ KETEN - PAMUKLU KAZAK,2290
SWEATSHIRT,YIKANMIŞ SLOGANLI SWEATSHIRT,2290
SWEATER,PAMUKLU TRİKO POLO T-SHIRT,2290
TROUSERS,SKINNY FIT JEAN,2290
SHIRT,CEPLİ KARELİ GÖMLEK,2290
SWEATER,BAKLAVA DESENLİ JAKARLI KAZAK,2290
RUCKSACK,DERİ BAKIM ÇANTASI,2290
SHIRT,ÇİÇEK DESENLİ JAKARLI DÖKÜMLÜ GÖMLEK,2290
SWEATER,YIRTILMIŞ GÖRÜNÜMLÜ BAKLAVA DESENLİ TRİKO POLO T-SHIRT,2290
TROUSERS,RELAXED FIT KARGO PANTOLON,2290
SWEATSHIRT,KOMBİNE SLOGANLI SWEATSHIRT,2290
SWEATER,REGULAR FIT PAMUKLU KAZAK,2290
SWEATSHIRT,YIKANMIŞ KONTRAST BASKILI SWEATSHIRT,2290
SHIRT,YÜN KARIŞIMLI TERMAL T-SHIRT,2290
SHIRT,ÇİZGİLİ JAKARLI GÖMLEK,2290
SANDAL,DERİ SANDALET,2290
SHIRT,KARELİ REGULAR FIT GÖMLEK,2290
TROUSERS,BALON FIT JEAN,2290
SHOES,BAĞCIKSIZ KOŞU AYAKKABISI,2290
TROUSERS,RELAXED FIT İNCE ÇİZGİLİ PANTOLON,2290
Parfüm,ENERGETICALLY NEW YORK ELIXIR PARFÜM 100ML (3.4 FL. OZ),2190
Parfüm,"EBONY WOOD 100 ML (3,4 FL.OZ)",1890
Parfüm,"A NIGHT EDP 100 ML (3,38 FL. OZ)",1890
Parfüm,ELEGANTLY TOKYO EDP 100ML (3.4 FL.OZ),1890
Parfüm,"FASHIONABLY LONDON EDP 100 ML (3,4 FL.OZ)",1890
Parfüm,ENERGETICALLY NEW YORK EDP 100ML (3.4 FL.OZ),1890
SHIRT,REGULAR FIT ŞAMBRE GÖMLEK,1790
OVERSHIRT,NAKIŞLI DOKULU İNCE CEKET,1790
SHIRT,JAKARLI ÇİZGİLİ T-SHIRT,1790
BELT,METAL BURUNLU DERİ KEMER,1790
SWEATSHIRT,REGULAR FIT FERMUARLI SWEATSHIRT,1790
SHIRT,KARELİ REGULAR FIT POLO T-SHIRT,1790
SHIRT,SATEN YÜZEYLİ RELAXED FIT GÖMLEK,1790
SHIRT,PAMUKLU KETEN T-SHIRT,1790
SWEATSHIRT,KONTRAST YAMALI SWEATSHIRT,1790
BERMUDA,%100 KETEN REGULAR FIT BERMUDA,1790
SHIRT,GEOMETRİK JAKARLI GÖMLEK,1790
TROUSERS,STRAIGHT FIT PİLİLİ PANTOLON,1790
SHIRT,FERMUARLI TEKNİK POLO T-SHIRT,1790
SHIRT,FİTİLLİ DOKULU GÖMLEK,1790
SWEATER,DÜĞMELİ YAKA TRİKO T-SHIRT,1790
SHIRT,BOXY FİT KARELİ GÖMLEK,1790
TROUSERS,KONTRAST ŞERİTLİ ÇİZGİLİ PANTOLON,1790
SHIRT,İŞLEMELİ YAZI DOKULU POLO T-SHIRT,1790
SHIRT,KARELİ İŞLEMELİ CROP GÖMLEK,1790
BELT,ÖRGÜ DERİ KEMER,1790
TIE,%100 YÜN KRAVAT,1790
TIE,%100 YÜN BASIC KRAVAT,1790
SWEATER,HENLEY YAKA TRİKO T-SHIRT,1790
SANDAL,TOKALI SABO AYAKKABI,1790
SANDAL,DERİ BANTLI SANDALET,1790
SANDAL,DERİ KAYIŞLI SANDALET,1790
SHIRT,COMFORT SLIM FIT GÖMLEK,1790
SWEATER,PAMUKLU VE KETEN ÖRGÜ T-SHIRT,1790
SHIRT,YUMUŞAK PAMUKLU GÖMLEK,1790
OVERSHIRT,SUNİ DERİ RELAXED FIT İNCE CEKET,1790
BERMUDA,REGULAR FIT DOKULU BERMUDA,1790
BERMUDA,DOKULU REGULAR FIT BERMUDA,1790
BELT,KABARTMALI DERİ KEMER,1790
SHIRT,GOFRE DOKULU DÜĞMELİ YAKA T-SHIRT,1790
RUCKSACK,TEKNİK SIRT ÇANTASI,1790
SWEATSHIRT,İNTERLOK CEPLİ SWEATSHIRT,1790
WAISTCOAT,DİKİŞ DETAYLI YIKAMALI YELEK,1790
SHOES,KALIN TABANLI SPOR AYAKKABI,1790
SWEATER,RELAXED FIT JAKARLI ÇİZGİLİ KAZAK,1790
BERMUDA,DELİKLİ KISA PAÇA ŞORT 9'',1790
WALLETS,XL DERİ CÜZDAN,1790
SWEATSHIRT,BASKILI DOKULU SWEATSHIRT,1790
BELT,VINTAGE EFEKTLİ DERİ KEMER,1790
BELT,VİNTAGE EFEKTLİ DERİ KEMER,1790
RUCKSACK,DÜZ TOTE ÇANTA,1790
SWEATSHIRT,DOKULU BASKILI YAZILI SWEATSHIRT,1790
SWEATER,ÇİZGİLİ TRİKO POLO T-SHIRT,1790
SHIRT,STREÇ DOKULU GÖMLEK,1790
SWEATSHIRT,AT BASKILI BISIKLET YAKA SWEATSHIRT,1790
SHOES,MONOKROM KALIN TABANLI SPOR AYAKKABI,1790
SHIRT,OVERSIZED FIT OXFORD GÖMLEK,1790
TROUSERS,SLIM FIT KARGO PANTOLON,1790
RUCKSACK,DÜZ KAPAKLI ÇAPRAZ ASKILI ÇANTA,1790
SHIRT,KONTRAST YAKALI GOFRE KUMAŞ DOKULU POLO T-SHIRT,1790
SHIRT,KONTRAST YAKA GOFRE KUMAŞ DOKULU POLO T-SHIRT,1790
RUCKSACK,ÇOK CEPLİ DENİM ÇANTA,1790
BELT,KÜRK BİTİŞLİ DERİ KEMER,1790
SWEATER,ÇİZGİLİ YÜN KAZAK,1790
TIE,BASIC %100 İPEK KRAVAT,1790
TROUSERS,CARROT FIT FİTİLLİ KADİFE PANTOLON,1790
TROUSERS,EASY CARE JOGGING BEL PANTOLON,1790
SHIRT,İŞLEMELİ DÖKÜMLÜ GÖMLEK,1790
SHOES,BASKETBOL AYAKKABISI,1790
RUCKSACK,ÜST DİKİŞLİ TOTE ÇANTA,1790
RUCKSACK,TEKNİK KAPLAMALI SIRT ÇANTASI,1790
RUCKSACK,KAPAKLI KAPLAMALI SIRT ÇANTASI,1790
SWEATSHIRT,KARELİ DOKULU KUTU KESİM SWEATSHIRT,1590
SHIRT,DOKULU RELAXED FIT T-SHIRT,1590
SWIMSUIT,DOKULU DENİZ ŞORTU,1590
SHIRT,EASY CARE DOKULU GÖMLEK,1590
SHIRT,CEPLİ T-SHIRT AARON LEVINE X ZARA,1590
SHIRT,REGULAR FIT ÇİZGİLİ T-SHIRT,1590
BERMUDA,STRAIGHT FIT DENİM BERMUDA ŞORT,1590
SHIRT,SOLUK GÖRÜNÜMLÜ REGULAR FIT T-SHIRT,1590
SHIRT,NUMARA BASKILI T-SHIRT,1590
SHIRT,MEDIUM WEIGHT UZUN KOLLU T-SHIRT ORIGINS,1590
SHIRT,YUMUŞAK DÜĞMELİ YAKA T-SHIRT,1590
SHIRT,ÇİZGİLİ UZUN KOLLU T-SHIRT,1590
RUCKSACK,ÖRME TOTE ÇANTA,1590
WALLETS,DERİ KATLANIR KARTLIK,1590
SHIRT,MEDIUM WEIGHT REGULAR FIT ORIGINS T-SHIRT,1590
BERMUDA,BERMUDA REGULAR FIT CONFORT,1590
SHIRT,FİTİLLİ HENLEY YAKA T-SHIRT,1590
SWIMSUIT,UZUN YAPILI DENİZ ŞORTU,1590
SPORTS,YÜNLÜ KOŞU ELDİVENİ,1590
SHIRT,BLOK RENKLİ T-SHIRT,1590
SWIMSUIT,ÇİÇEK DESENLİ UZUN DENİZ ŞORTU,1590
SWIMSUIT,ÇİÇEK DESENLİ ORTA BOY DENİZ ŞORTU,1590
SWIMSUIT,UZUN ÇİÇEK DESENLİ DENİZ ŞORTU,1590
BELT,KLASİK DERİ KEMER,1590
TIE,%100 İPEK SLİM KRAVAT,1590
SANDAL,ÇİFT BANTLI SANDALET,1590
RUCKSACK,NAYLON OMUZ ÇANTASI,1590
SWIMSUIT,UZUN YAPRAK DESENLİ DENİZ ŞORTU,1590
Parfüm,BLUE TEMPTATION FRESH EAU DE PARFUM 120ML (4.05 FL.OZ),1590
BERMUDA,RELAXED FIT VİSKOZ KETEN BERMUDA,1590
SWIMSUIT,ORTA ÇİZGİLİ DENİZ ŞORTU,1590
SHIRT,KROŞE ÖRGÜ TANK T-SHIRT,1490
SHIRT,FLOKLU BASKILI RELAXED FIT T-SHIRT,1490
SHIRT,İŞLEMELİ SLOGANLI T-SHIRT,1490
RUCKSACK,ÖRGÜ ÇAPRAZ ASKILI ÇANTA,1490
SCARF,KARELİ KOMBİNE ATKI,1490
SHIRT,TEKNİK YAMALI T-SHIRT,1490
SCARF,PÜSKÜLLÜ ATKI,1490
RUCKSACK,DOKULU CLUTCH ÇANTA,1490
RUCKSACK,DOKULU DİKEY ÇAPRAZ ASKILI ÇANTA,1490
Parfüm,"RED ECLIPSE EDP 100 ML (3,4 FL. OZ)",1390
SHIRT,HAWAİİ GRAFİK T-SHIRT,1190
SHIRT,KONTRAST YAZILI BOXY FIT T-SHIRT,1190
HAT,SOLUK BALIKÇI ŞAPKASI,1190
JEWELLER,KONTRAST UÇLU İP KOLYE,1190
SHIRT,ORTA AĞIRLIKTA KISA KOLLU T-SHIRT,1190
SHIRT,GEOMETRİK DESENLİ T-SHIRT,1190
SHIRT,YIKANMIŞ GRAFİK DESENLİ T-SHIRT,1190
SHIRT,İŞLEMELİ TANK T-SHIRT,1190
SHIRT,MERSERİZE PAMUKLU CROP T-SHIRT,1190
SWEATER,BASKILI TRİKO TANK TOP,1190
SHIRT,GOFRE KUMAŞ YAPILI T-SHIRT,1190
HAT,YÜN KARIŞIMLI ÖRGÜ BERE,1190
HAT,KISA YÜN KARIŞIMLI BERE,1190
SHIRT,SOLUK EFEKTLİ TANK T-SHIRT,1190
SHIRT,SOLUK EFEKTLİ FİTİLLİ TANK T-SHIRT,1190
SHIRT,SLOGANLI T-SHIRT,1190
HAT,PAMUKLU DENİM BERE,1190
HAT,YÜN KUMAŞLI BERE,1190
HAT,YÜNLÜ BERE,1190
SHIRT,KALP BASKILI T-SHIRT,1190
SHIRT,RELAXED FIT BANTLI T-SHIRT,1190
RUCKSACK,5L SPOR BAKIM ÇANTASI,1190
UNDERPANT,2'Lİ KOMBİNE POPLİN BOXER,1190
WALLETS,XL DOKULU CÜZDAN,1190
ACCESSORIES,KOŞU YÜN KARIŞIMLI BERE,1190
ACCESSORIES,YÜN KARIŞIMLI KOŞU BERESİ,1190
SHIRT,SOLUK EFEKTLİ CROPPED T-SHIRT,1190
SHIRT,SOLUK EFEKTLİ BOXY FIT T-SHIRT,1190
SHIRT,BOXY FİT SOLUK GÖRÜNÜMLÜ T-SHIRT,1190
SHIRT,TEKNİK TANK T-SHIRT,1190
SHIRT,ORIGINS AĞIR KISA KOLLU T-SHIRT,1190
SHIRT,BASIC UZUN KOLLU TEKNİK T-SHIRT,1190
SANDAL,ÇİFT BANTLI KAPLAMALI SANDALET,1190
JEWELLER,METAL KANCALI ANAHTARLIK,990
HAT,YIKANMIŞ PAMUKLU ŞAPKA,990
SHIRT,BASIC KOTON ANTRENMAN T-SHIRT,990
ACCESSORIES,ÇOKLU CHARM ANAHTARLIK,990
JEWELLER,PASLANMAZ ÇELİK SERT BİLEZİK,990
HAT,HARF YAMALI ŞAPKA,990
SOCKS,2'Lİ TEKNİK ANTRENMAN ÇORABI,790
SOCKS,3'LÜ FİTİLLİ ÇORAP PAKETİ,790
FOULARD,ŞAL DESENLİ BANDANA,790
SUNSCREEN,ATHLETICZ GÜNEŞ KORUYUCU STİCK SPF 50 30G,790
SOCKS,3'LÜ TEMEL FİTİLLİ ÇORAP PAKETİ,790
Parfüm,SEOUL SUMMER EDT 100 ML (3.4 FL.OZ),790
WALLETS,DOKULU CÜZDAN,790
SOCKS,4'LÜ TEMEL BİLEK ÇORAP PAKETİ,590
SOCKS,4'LÜ TEMEL BİLEKTE ÇORAP PAKETİ,590
ACCESSORIES,40L SPOR SIRT ÇANTASI KILIFI,590
SOCKS,FİTİLLİ PAMUK KARIŞIMLI ÇORAP,490
SOCKS,DOKULU FİTİLLİ ÇORAP,450
SOCKS,YÜN KARIŞIMI BAKLAVA DESENLİ ÇORAP,450
SHOES,KALIN TABANLI AYAKKABI,1190
TROUSERS,ÇİÇEK DESENLİ DÖKÜMLÜ PANTOLON,4490
BERMUDA,RELAXED FIT BERMUDA,1590
TROUSERS,RELAXED FIT PANTOLON,2490
TROUSERS,%100 KETEN PANTOLON,2490
SOCKS,3'LÜ HAFİF YAPILI ÇORAP PAKETİ,790
SHIRT,KETEN PAMUKLU POLO YAKA GÖMLEK,1790
SHIRT,REGULAR FIT POLO T-SHIRT,1790
OVERSHIRT,REGULAR FIT KARELİ CEKET,2990
SHIRT,WESTERN DENIM GÖMLEK,1790
TROUSERS,İŞLEMELİ STRAIGHT FIT PANTOLON,2990
SWEATSHIRT,SOLUK EFEKTLİ RELAXED FIT ANTRENMAN SWEATSHIRTI,2790
BERMUDA,RELAXED FIT KARGO BERMUDA,2490
SWEATSHIRT,YIKANMIŞ FERMUARLI YAKA SWEATSHIRT,2290
BLAZER,RELAXED FIT PAMUK KARIŞIMLI TAKIM BLAZER,5690
TROUSERS,FERMUARLI BARREL FIT JEAN,2990
TROUSERS,FERMUARLI ÇAN PAÇA JEAN,2990
BLAZER,KONTRAST İŞLEMELİ RELAXED FIT BLAZER,8990
SWEATER,AJURLU DOKULU TANK T-SHIRT,2290
SWEATER,AJURLU DOKULU HIRKA,2990
TROUSERS,PAMUK KARIŞIMLI TAKIM ELBİSE REGULAR FIT PANTOLON,2490
BLAZER,KONFORLU KRUVAZE BLAZER,4490
TROUSERS,YÜNLÜ ÇAN PAÇA TAKIM PANTOLONU,2490
BLAZER,YAMACEPLİ TAKIM BLAZER,5690
SHIRT,KROŞE DÜĞMELİ YAKA ÖRGÜ T-SHIRT,2290
SHIRT,relaxed fit KROŞE HIRKA,2490
OVERSHIRT,RELAXED FIT TEKNİK İNCE CEKET,3690
JACKET,SÜET DERİ CEKET,11990
TROUSERS,RELAXED FIT KEMERLİ PANTOLON,2290
SHIRT,KARELİ RAMİ - İPEK GÖMLEK,2990
BLAZER,SLIM FIT DOKULU TAKIM BLAZER,5690
TROUSERS,DOKULU SLIM FIT TAKIM PANTOLONU,2490
SHIRT,RELAXED FIT CEPLİ GÖMLEK,1790
RAINCOAT,REGULAR FIT KRUVAZE TRENÇKOT,6290
TROUSERS,BALON KESİM JEAN,2490
SHIRT,KARELİ CROP KESİM GÖMLEK,1790
BLAZER,REGULAR FIT KAZAYAĞI BLAZER,6290
SHIRT,RELAXED FIT YAMALI T-SHIRT,1490
SHIRT,REGULAR FIT KARELİ GÖMLEK,2290
OVERSHIRT,FERMUARLI CROP FIT İNCE CEKET,2490
TROUSERS,BALON KESİM PİLİLİ PANTOLON,2990
SHIRT,İŞLEMELİ DOKULU POLO T-SHIRT,1790
SHIRT,REGULAR FIT ÇİZGİLİ GÖMLEK,2490
JACKET,SOLUK DENİM CEKET,3690
BERMUDA,PİLİLİ LOOSE FIT BERMUDA,2290
SHIRT,YIKANMIŞ CEPLİ RELAXED FIT GÖMLEK,2290
JACKET,CROP FİT DERİ CEKET,7990
OVERSHIRT,REGULAR FIT CEPLİ CEKET,3690
BLAZER,%100 KETEN KRUVAZE BLAZER,5690
TROUSERS,DISTRESSED RELAXED FIT JEAN,2490
BLAZER,KARELİ TAKIM BLAZER,5690
TROUSERS,KARELİ TAKIM PANTOLONU,2490
SHIRT,TANK TRAINING T-SHIRT,1490
HAT,TEKNİK ANTRENMAN ŞAPKASI,1190
HAT,TEKNİK TRAINING ŞAPKASI,1190
SHIRT,PAMUKLU ANTRENMAN T-SHIRT,1490
BERMUDA,YIKANMIŞ ANTREMAN JOGGER ŞORT,1790
SHIRT,RELAXED FIT DÖKÜMLÜ GÖMLEK,2290
JACKET,FERMUARLI REGULAR FIT DENIM CEKET,3690
TROUSERS,BALON KESİM JEAN,2990
JACKET,KAPÜŞONLU RELAXED FIT KANGURU CEKET,2990
TROUSERS,BALON PAÇA PANTOLON,2490
SHIRT,DOKULU POLO T-SHIRT,1790
BERMUDA,PAMUKLU KETEN RELAXED FIT BERMUDA,2290
TROUSERS,RELAXED FIT PAMUKLU KETEN PANTOLON,2990
BLAZER,KRUVAZE PAMUKLU KETEN BLAZER,7990
SHIRT,DÖKÜMLÜ ÇİZGİLİ GÖMLEK,1790
BLAZER,RELAXED FIT DOKULU BLAZER,5690
SHIRT,RELAXED FIT KARELİ VE SLOGANLI GÖMLEK,1790
SHIRT,SLOGAN BASKILI KARELİ GÖMLEK,1790
PYJAMAS,KISA PAÇA PİJAMA TAKIMI,3690
JACKET,PENSİL ÇİZGİLİ CROP BOMBER CEKET,4490
RUCKSACK,DERİ TOTE ÇANTA,16990
SHIRT,KONTRAST BASKILI YIKAMALI GÖMLEK,1790
SHIRT,YIKANMIŞ KONTRAST DESENLİ GÖMLEK,1790
TROUSERS,BALON FIT PANTOLON,2490
SHIRT,POLİNEZYA GRAFİK BASKILI T-SHIRT,1190
UNDERPANT,2'Lİ KARIŞIK POPLİN BOXER,1490
SHIRT,İŞLEMELİ DOKULU GÖMLEK,2290
BLAZER,%100 YÜN TAKIM BLAZER,6290
SHIRT,DOKULU KARELİ GÖMLEK,2290
SWEATSHIRT,SOLUK EFEKTLİ BISIKLET YAKA SWEATSHIRT,1590
SHIRT,VUAL PAMUKLU GÖMLEK,2490
SHIRT,SORRENTO YAZILI T-SHIRT,1190
SHIRT,PORTOFINO YAZILI BLOK RENKLİ T-SHIRT,1190
SHIRT,SLOGANLI BOXY FIT T-SHIRT,1190
SHIRT,DOKULU POLO T-SHIRT,1590
SHIRT,RELAXED FIT KARELİ GÖMLEK,1790
SHIRT,RELAXED FIT PAMUKLU GÖMLEK,2290
TROUSERS,STRAIGHT FIT DÜŞÜK BEL PANTOLON,2490
SHIRT,RELAXED FIT INTERLOCK T-SHIRT,1490
SHIRT,RELAXED FIT KOLSUZ T-SHIRT,1190
SHIRT,DİKİŞ DETAYLI RELAXED FIT T-SHIRT,1490
Parfüm,"FOR HIM SOLAR EDP 100ML (3,4 FL.OZ)",1250
TROUSERS,%100 YÜN ÇAN PAÇA PANTOLON,4490
TROUSERS,ZİNCİRLİ BAGGY FIT PANTOLON,2990
JACKET,KOMBİNE YAKA DENİM CEKET,3690
BLAZER,REGULAR FIT PAMUKLU YÜN BLAZER,5690
BLAZER,YÜN KARIŞIMLI YAMA CEPLİ BLAZER,5690
SHIRT,FOTOĞRAF BASKILI T-SHIRT,1190
SHIRT,AYARLANABİLİR YAKA TANK T-SHIRT,1190
SWEATSHIRT,FOTOĞRAF BASKILI INTERLOK SWEATSHIRT,1590
SHIRT,REGULAR FIT POPLİN GÖMLEK,2990
BLAZER,RELAXED FIT YÜN KARIŞIMLI BLAZER,5690
SHIRT,DÖKÜMLÜ POLO YAKA T-SHIRT,1790
SHIRT,KIRIŞIK EFEKTLİ ÇİZGİLİ GÖMLEK,2490
TROUSERS,DOKULU TAKIM PANTOLONU,2490
BLAZER,SLIM FIT TAKIM BLAZER'I,5690
BLAZER,SLIM FIT YÜNLÜ BLAZER,5690
BERMUDA,REGULAR FIT CHINO BERMUDA,1790
SOCKS,DÜZENSİZ FİTİLLİ ÇORAP,490
SHIRT,RELAXED FIT DOKULU POLO T-SHIRT,2290
BELT,APLİKELİ DERİ KEMER,1790
JACKET,RELAXED FIT PAMUKLU CEKET,6290
BLAZER,%100 KETEN DOKULU BLAZER,7990
TROUSERS,%100 KETEN BALON PAÇA PANTOLON,3690
HAT,YIKANMIŞ BALIKÇI ŞAPKASI,1490
TROUSERS,BALLOON FIT JEAN,2290
SHIRT,BOXY FIT YIKAMALI ÇİZGİLİ POLO,1790
TROUSERS,%100 YÜN TAKIM PANTOLONU,3690
TROUSERS,PİLİLİ CHINO PANTOLON,2990
SHOES,KLASİK AYAKKABI,2490
SHIRT,RELAXED FIT SATEN YÜZEYLİ GÖMLEK,1790
BLAZER,REGULAR FIT İNCE ÇİZGİLİ TAKIM BLAZER,5690
BLAZER,KRUVAZE %100 KETEN BLAZER,7990
ACCESSORIES,ÇİZGİLİ PLAJ HAVLU,1590
SHIRT,DOKULU KARELİ RELAXED FIT GÖMLEK,1790
RAINCOAT,relaxed fit TRENÇKOT,8990
JACKET,REGULAR FIT CEKET,6290
TROUSERS,STRAIGHT ANKLE FIT JEAN,2990
RAINCOAT,CEPLİ RELAXED FIT PARKA,8990
SHIRT,KETEN VE PAMUKLU T-SHIRT,1790
SHIRT,RELAXED FIT PAMUKLU KETEN T-SHIRT,1490
TROUSERS,%100 YÜN STRAIGHT FIT PANTOLON,3690
BLAZER,REGULAR FIT DOKULU BLAZER,5690
SHIRT,PAMUKLU KETEN DENİM GÖMLEK,2290
SWEATSHIRT,RELAXED FIT OSMANLI CEKET,2490
TROUSERS,İNTERLOK KARGO JOGGER PANTOLON,2490
SWEATSHIRT,INTERLOK KUMAŞ CROP FIT SWEATSHIRT,1790
SHIRT,BOXY FİT YIKANMIŞ GÖMLEK,1790
SHIRT,YIKANMIŞ BOXY FIT GÖMLEK,1790
BERMUDA,MUMLU GÖRÜNÜMLÜ LİYOSEL RELAXED FIT BERMUDA,3690
SHIRT,DOKULU REGULAR FIT GÖMLEK,2490
BLAZER,REGULAR FIT SÜET DERİ BLAZER,8990
BLAZER,SLIM FIT TAKIM BLAZER,4990
TROUSERS,SLIM FIT TAKIM PANTOLONU,2290
PARFUM,BOGOSS VIBRANT LEATHER & SUMMER EDP 2X100ML ( 3.4 FL.OZ ),1890
Parfüm,"BOGOSS VIBRANT LEATHER SUMMER 100ML (3,4 FL.OZ)",1250
BLAZER,%100 YÜN DOKULU KRUVAZE TAKIM BLAZER'I,5690
BERMUDA,GEOMETRİK JAKARLI KUMAŞ BERMUDA,1790
BERMUDA,RELAXED FIT DENİM BERMUDA,1790
TROUSERS,STRAIGHT FIT BALIKSIRTI PANTOLON,2490
SHIRT,FERMUARLI KARELİ RELAXED FIT GÖMLEK,1790
SHIRT,REGULAR FIT PAMUKLU GÖMLEK,2290
SHIRT,AKICI VİSKOZ KETEN GÖMLEK,2290
TIE,%100 İPEK SLIM KRAVAT,1590
SHIRT,AKICI GEOMETRİK DESENLİ GÖMLEK,2290
SHIRT,SLOGANLI CROP FIT POLO YAKA T-SHIRT,1790
SHIRT,RELAXED FIT DENİM POLO YAKA GÖMLEK,2490
TROUSERS,HAFİF REGULAR FIT PANTOLON,2990
SHIRT,RELAXED FIT DENİM İNCE CEKET,2490
BERMUDA,HAFİF DENİM BERMUDA,2490
SHIRT,RELAXED FIT JAKARLI ÇİZGİLİ GÖMLEK,2290
SHIRT,REGULAR FIT YIKAMALI DENİM GÖMLEK,2990
TIE,%100 İPEK ÇİZGİLİ KRAVAT,1790
SHIRT,YIKANMIŞ RELAXED FIT DENİM GÖMLEK,2490
TROUSERS,DİKİŞLİ TEKNİK JOGGER PANTOLON,2290
SWEATSHIRT,TEKNİK CEPLİ SWEATSHIRT,1590
TROUSERS,%100 KETEN STRAIGHT FIT PANTOLON,3690
TROUSERS,RELAXED FIT PİLİLİ CHINO PANTOLON,2490
TROUSERS,BALON KESİM JEAN,4490
SWEATSHIRT,BLOK RENKLİ GOFRE KUMAŞ KAPÜŞONLU SWEATSHIRT,2490
TROUSERS,PİLİLİ STRAIGHT FIT PANTOLON,3690
SHIRT,KARELİ BOXY FIT POLO T-SHIRT,1790
COAT,%100 KETEN CEKET,8990
BERMUDA,%100 YÜN PİLİLİ BERMUDA,2990
JACKET,RELAXED FIT YAMA CEPLİ DENİM CEKET,3690
TROUSERS,STRAIGHT FIT SOLUK EFEKTLİ JEAN,2490
TROUSERS,SOLUK EFEKTLİ STRAIGHT FIT JEAN,2490
MOCCASINS,DERİ MAKOSEN,6290
SHOES,DERİ AYAKKABI,6290
SHIRT,SÜET DERİ GÖMLEK,9990
BLAZER,RELAXED FIT DERİ BLAZER,11990
JACKET,RELAXED FIT DERİ CEKET,7990
SHIRT,FLAMLI DOKULU RELAXED FIT T-SHIRT,1590
SHIRT,RIVETLİ CEPLİ RELAXED FIT T-SHIRT,1190
HAT,SOLUK PAMUKLU ŞAPKA,990
SHIRT,KAYIŞLI CEPLİ GÖMLEK,2490
JACKET,DERİ CEKET,7990
JEWELLER,ZAR ANAHTARLIK,990
SHIRT,İŞLEMELİ RELAXED FIT GÖMLEK,3690
TROUSERS,DOKULU PAMUKLU ÇAN PAÇA PANTOLON,2490
SHIRT,KONTRAST ÇİZGİLİ T-SHIRT,1590
SHIRT,JAKARLI ÇİZGİLİ T-SHIRT,1190
SHIRT,İNTERLOK ŞERİTLİ T-SHIRT,1490
SHIRT,ÇİZGİLİ KETEN VE PAMUKLU T-SHIRT,1490
SHIRT,KETEN VE PAMUKLU T-SHIRT,1490
SHIRT,ÇİZGİLİ KETEN VE PAMUKLU DÜĞMELİ YAKA T-SHIRT,1790
SHIRT,ÇİZGİLİ KETEN VE PAMUKLU UZUN KOLLULU T-SHIRT,1790
SHIRT,ÇİZGİLİ UZUN KOLLU KETEN VE PAMUKLU T-SHIRT,1790
JACKET,HAFİF TEKNİK PARKA,3690
SWEATER,REGULAR FIT ÖRGÜ T-SHIRT,1490
SHIRT,JAKARLI ÇİZGİLİ relaxed fit T-SHIRT,1590
BERMUDA,BAGGY FIT DENİM BERMUDA,1790
SHIRT,KARELİ WESTERN GÖMLEK,2290
BLAZER,YÜN KARIŞIMINDAN ÜRETİLMİŞ BLAZER TAKIM,6290
TROUSERS,YÜNLÜ KUMAŞ ÇAN PAÇA PANTOLON,2990
BLAZER,YÜN KARIŞIMLI KRUVAZE BLAZER,5690
TROUSERS,STRAIGHT FIT SÜET DERİ PANTOLON,11990
SWIMSUIT,BAĞCIKLI DENİZ ŞORTU,1590
BLAZER,YÜN KARIŞIMLI KRUVAZE BLAZER,6290
TROUSERS,YÜN KARIŞIMLI PİLİLİ PANTOLON,4490
BLAZER,İNCE ÇİZGİLİ KRUVAZE TAKIM BLAZER,5690
SHIRT,RELAXED FIT INTERLOK TİŞÖRT /04,1190
SHIRT,YIKANMIŞ PAMUKLU REGULAR FIT GÖMLEK,2290
SHIRT,KARELİ PAMUKLU GÖMLEK,2290
SOCKS,2'Lİ GOFRE KUMAŞ ÇORAP PAKETİ,990
ACCESSORIES,KONTRAST YAPILI TOTE ÇANTA,1590
JACKET,REGULAR FIT %100 YÜN CEKET,6290
MOCCASINS,DERİ MAKOSEN,5690
OVERSHIRT,YIKANMIŞ PAMUKLU POLO İNCE CEKET,3690
TROUSERS,KRUVAZE KAPAMALI RELAXED FIT PANTOLON,1790
TROUSERS,JAKARLI STRAIGHT FIT PANTOLON,2490
TROUSERS,STRAIGHT FIT JAKARLI KUMAŞ PANTOLON,2490
JACKET,SÜET DERİ CEPLİ CEKET,11990
BERMUDA,relaxed fit KARGO BERMUDA,2490
BERMUDA,KARGO RELAXED FIT BERMUDA,2490
JACKET,ZIMBALI RELAXED FİT CEKET,5690
TROUSERS,ZIMBALI RELAXED FIT PANTOLON,2990
TROUSERS,FİTİLLİ KADİFE BAGGY FIT DİKİŞLİ PANTOLON,1790
SHIRT,TEKNİK TRAINING T-SHIRT,1490
SHIRT,TEKNİK ANTREMAN T-SHIRTI,1490
JACKET,KARELİ DOKULU CROP FİT CEKET,2990
SHIRT,FERMUARLI TEKNİK POLO,1790
SHIRT,DOKULU KARELİ GÖMLEK,2490
TROUSERS,TEKNİK GENİŞ PAÇA TAKIM PANTOLONU,2490
BLAZER,YÜN KARIŞIMLI KRUVAZE TAKIM BLAZER'I,6290
TROUSERS,YÜN KARIŞIMLI STRAIGHT FIT TAKIM PANTOLONU,2990
RAINCOAT,RELAXED FIT TEKNİK TRENÇKOT,7990
SHOES,DERİ AYAKKABI,4990
SHOES,DERİ TEKNE AYAKKABISI,4990
SHIRT,RELAXED FIT ÇİZGİLİ GÖMLEK,2490
SOCKS,3'LÜ YIKAMALI FİTİLLİ ÇORAP PAKETİ,990
JACKET,BASIC DENİM CEKET,2290
JACKET,BASIC DENIM CEKET,2290
BELT,BURUNLU DERİ KEMER,2490
SHIRT,İŞLEMELİ KARELİ GÖMLEK,2490
OVERSHIRT,%100 KETEN FERMUARLI İNCE CEKET,2990
JACKET,RELAXED FIT VİSKOZ - PAMUK CEKET,5690
JACKET,RELAXED FIT KAZAYAĞI DESENLİ CEKET,5690
WAISTCOAT,ÇİZGİLİ DOKULU TAKIM YELEK,2990
TROUSERS,KEMER KÖPRÜLÜ STRAIGHT FIT PANTOLON,2990
SWEATER,REGULAR FIT PAMUKLU KAZAK,2990
TROUSERS,ÇAN KESİM ÇİZGİLİ TAKIM PANTOLONU,2990
RAINCOAT,KONTRAST YAKA TRENÇKOT,7990
SHIRT,İLK KATMAN TANK T-SHIRT,990
SHIRT,SLIM FIT PAMUKLU GÖMLEK,2290
BLAZER,ÇİZGİLİ DOKULU TAKIM BLAZER,6290
SHIRT,KARELİ BOXY FİT GÖMLEK,1790
SWEATER,REGULAR FIT PAMUKLU KETEN KAZAK,2290
SOCKS,3'LÜ UZUN ÇORAP PAKETİ,1190
SWEATER,KENDİR PAMUKLU POLO T-SHIRT,2990
BLAZER,KARELİ DOKULU TAKIM BLAZER,5690
BERMUDA,KARELİ DÖKÜMLÜ BERMUDA,1790
SHIRT,REGULAR FIT KARELİ GÖMLEK,2490
TROUSERS,RELAXED FIT DÖKÜMLÜ PANTOLON,1790
OVERSHIRT,FERMUARLI FİTİLLİ KADİFE İNCE CEKET,2990
TROUSERS,RAHAT TAKIM ELBİSE PANTOLONU,2290
PYJAMAS,KONTRAST BİYELİ PİJAMA TAKIMI,3690
JACKET,RELAXED FIT ÇOBAN DÜĞMELİ KAPÜŞONLU CEKET,3690
RUCKSACK,DERİ EL ÇANTASI,16990
SOCKS,4'LÜ ÇİZGİLİ BİLEKTE ÇORAP PAKETİ,590
SHIRT,MEDIUM WEIGHT UZUN KOLLU T-SHIRT,1590
SWEATER,KETEN-YÜN DÜĞMELİ YAKA KAZAK,2990
SWEATER,DÜĞMELİ YAKA KETEN-YÜN KAZAK,2990
TROUSERS,BOOTCUT FIT JEAN,2490
TROUSERS,BARREL FIT CHINO JEAN,2490
RUCKSACK,KUMAŞ TOTE ÇANTA,1590
SHIRT,COLOR BLOCK GOFRE KUMAŞ FORD © T-SHIRT,2290
TROUSERS,FERMUARLI BALON PAÇA JEAN,2490
JACKET,RELAXED FIT DENİM CEKET,4490
SHIRT,PAMUKLU KETEN HAFİF DENİM GÖMLEK,2490
SWEATSHIRT,FERMUARLI YIKANMIŞ SWEATSHIRT,2290
SANDAL,DERİ BANTLI SANDALET,2490
BLAZER,SÜET DERİ BLAZER,8990
SOCKS,2'Lİ TEKNİK ANTRENMAN ÇORAP PAKETİ,790
SHOES,BASKETBOL AYAKKABISI,2490
MOCCASINS,PÜSKÜLLÜ DERİ MAKOSEN,2790
TROUSERS,RELAXED FIT INTERLOK JOGGER PANTOLON,2490
SHIRT,CEPLİ DÖKÜMLÜ GÖMLEK,2290
SWEATSHIRT,RELAXED FIT INTERLOK SWEATSHIRT,1790
OVERSHIRT,REGULAR FIT CEPLİ İNCE CEKET,2990
TROUSERS,RELAXED FIT JEAN,2490
TROUSERS,FERMUARLI BALON FIT JEAN,2490
SWEATER,DOKULU YIKAMALI PAMUKLU KAZAK,2290
BERMUDA,SÜET GÖRÜNÜMLÜ DERİ RELAXED FIT BERMUDA,4990
SHIRT,REGULAR FIT PAMUK KETEN KARIŞIMLI T-SHIRT,1590
JACKET,SOLUK GÖRÜNÜMLÜ DOKULU CEKET,2490
JACKET,DENİM CEPLİ UTILITY PARKA,4490
RUCKSACK,XL DERİ EL ÇANTASI,17990
BLAZER,YÜN KARIŞIMLI DOKULU BLAZER,6290
TROUSERS,KALP İŞLEMELİ DENIM CHINO PANTOLON,2490
UNDERPANT,İŞLEMELİ YAZILI POPLİN BOXER,1490
UNDERPANT,JAKARLI KEMERLİ POPLİN BOXER,1490
JACKET,CEPLİ DERİ CEKET,8990
BERMUDA,2’Sİ 1 ARADA TEKNİK ŞORT,2290
TROUSERS,SLIM FIT JEAN,2490
RUCKSACK,KUMAŞ TOTE ÇANTA,2990
SHOES,DERİ TEKNE AYAKKABISI,4490
SHOES,DERİ AYAKKABI,3690
TROUSERS,STRAIGHT FIT BOOTCUT YAPILI JEAN,2490
TROUSERS,RELAXED FIT KEMERLİ CHINO PANTOLON,2490
SWEATSHIRT,ÇİFT KOLLU SWEATSHIRT,1790
TROUSERS,KEMERLİ RELAXED FIT CHINO PANTOLON,2490
TROUSERS,RELAXED FIT CARPENTER PANTOLON,2490
JACKET,REGULAR FIT DERİ CEKET,8990
JACKET,HAFİF TEKNİK CROP FIT CEKET,3690
JACKET,NAPA DERİ CROP CEKET,7990
JACKET,SOLUK CROP FIT CEKET,2990
JACKET,SOLUK EFEKTLİ CROP FIT CEKET,2990
JACKET,ÇİFT TARAFLI AKIŞKAN BOMBER CEKET,3690
BLAZER,DERİ RELAXED FIT BLAZER,9990
SWEATER,REGULAR FIT TRİKO POLO T-SHIRT,2290
BERMUDA,BERMUDA DENIM STRAIGHT FIT,1590
JACKET,YIKANMIŞ KONTRAST YAKA CEKET,5690
SWEATER,REGULAR FIT ÖRGÜ T-SHIRT,1790
JACKET,SÜET DERİ İNCE CEKET,8990
SHIRT,RELAXED FIT JAKARLI GÖMLEK,1790
OVERSHIRT,AKICI DOKULU İNCE CEKET,2490
SHIRT,KARELİ DOKULU GÖMLEK,1790
TROUSERS,GENİŞ PAÇA CHINO PANTOLON,1790
SWEATER,DOKULU TRİKO TANK T-SHIRT,1190
SWEATER,SOLUK GÖRÜNÜMLÜ BASKILI ÖRGÜ T-SHIRT,1590
SWEATER,SOLUK GÖRÜNÜMLÜ ÖRGÜ T-SHIRT,1490
TROUSERS,DISTRESSED STRAIGHT FIT JEAN,2490
RUCKSACK,KEMER DETAYLI EL ÇANTASI,2490
SHIRT,RELAXED FIT ŞAMBRE GÖMLEK,2490
RUCKSACK,NAYLON ÇAPRAZ ASKILI ÇANTA,1190
HAT,SUNİ DERİ BERE,2490
SWEATER,PAMUK KARIŞIMLI BURGU ÖRGÜ KAZAK,2990
RUCKSACK,TEKNİK SEYAHAT ÇANTASI,2490
MOCCASINS,DERİ MAKOSEN,4490
BERMUDA,ETİKETLİ JOGGING FIT BERMUDA,1790
SHIRT,CROPPED FIT ETİKETLİ POLO T-SHIRT,1790
HAT,YIKANMIŞ ŞAPKA,990
RUCKSACK,KEMER DETAYLI TOTE ÇANTA,2990
SHIRT,YAPILI REGULAR FIT T-SHIRT,1490
SWEATSHIRT,CROPPED FİT TANK T-SHIRT,1590
SHIRT,REGULAR FIT BLOK RENKLİ T-SHIRT,1190
SHIRT,HAFİF REGLAN T-SHIRT,1490
SHIRT,HAFİF REGLAN KOLLU T-SHIRT,1490
JACKET,TEKNİK REGULAR FIT CEKET,4990
SWEATER,ÇİÇEK İŞLEMELİ RELAXED FIT KAZAK,4490
CARDIGAN,REGULAR FIT PAMUKLU HIRKA,2990
JACKET,PAMUKLU REGULAR FIT PARKA,4490
SHIRT,REGULAR FIT DOKULU GÖMLEK,2490
JEWELLER,EAR CUFF KÜPE,790
JEWELLER,METAL ZİNCİR,1190
JEWELLER,2'Lİ KOMBİNE KOLYE SETİ,1190
JEWELLER,Kombine metal yüzükler 2'li paket,1090
JEWELLER,BONCUKLU MUM GÖRÜNÜMLÜ İPLİ BİLEKLİK,1090
SOCKS,3'LÜ BANTLI ÇORAP PAKETİ,790
OVERSHIRT,REGULAR FIT AKICI İNCE CEKET,4490
BELT,SÜET DERİ KEMER,1790
SHIRT,CUPRO - İPEK BOXY FIT POLO T-SHIRT,3690
SHIRT,DİKİŞLİ TANK TOP T-SHIRT,1190
BERMUDA,"7"" TRAIL RUNNING ŞORT",1790
BERMUDA,"7"" TRAIL KOŞU ŞORTU",1790
JACKET,REGULAR FIT TEKNİK CEKET,4490
SHIRT,KALP İŞLEMELİ T-SHIRT,1490
SHIRT,İŞLEMELİ KALPLİ T-SHIRT,1590
SHIRT,RELAXED FIT POPLİN GÖMLEK,2290
SOCKS,2'Lİ ANTRENMAN ÇORABI,990
SOCKS,2'Lİ ANTRENMAN ÇORABI PAKETİ,990
SHIRT,REGULAR FIT DOKULU POLO T-SHIRT,2290
SHIRT,REGULAR FIT DOKULU POLO,2290
SHIRT,BLOK RENKLİ REGULAR FIT T-SHIRT,1590
TROUSERS,RELAXED ANKLE FIT SELVEDGE JEAN,4990
SOCKS,GÖRÜNMEZ BABET ÇORABI 4'LÜ PAKET,590
SOCKS,4'LÜ ÇİZGİLİ GÖRÜNMEZ ÇORAP PAKETİ,590
SOCKS,4'LÜ FİTİLLİ GÖRÜNMEZ ÇORAP PAKETİ,590
JACKET,TEKNİK TRAINING CEKET,2990
TROUSERS,TEKNİK ANTRENMAN JOGGING PANTOLONU,2490
SHIRT,REGULAR FIT BLOK RENKLİ POLO T-SHIRT,2290
RUCKSACK,ÇOK CEPLİ SIRT ÇANTASI,2490
TROUSERS,SÜSLÜ DÜĞMELİ GENİŞ PAÇA PANTOLON,2490
SWEATSHIRT,FERMUARLI REGULAR FIT SWEATSHIRT,2490
SWEATSHIRT,REGULAR FIT BISIKLET YAKA SWEATSHIRT,2490
SHOES,DERİ KANCALI AYAKKABI,2990
SHIRT,CEPLİ KARELİ GÖMLEK,1790
SHIRT,KIRIŞIK GÖRÜNÜMLÜ ÇİZGİLİ GÖMLEK,1790
SHIRT,KARELİ VUAL GÖMLEK,2290
SWEATSHIRT,ARMA BASKILI SWEATSHIRT,2490
UNDERPANT,3'LÜ KARIŞIK BOXER PAKETİ,1190
FOULARD,METİN BASKILI BANDANA,790
FOULARD,METİN DESENLİ BANDANA,790
FOULARD,PAISLEY DESENLİ BANDANA,790
SWEATSHIRT,KOMPAKT DOKULU SWEATSHIRT,1590
TROUSERS,YÜNLÜ TAKIM PANTOLONU AARON LEVINE X ZARA,3690
SHIRT,CEPLİ TİŞÖRT AARON LEVINE X ZARA,1590
COAT,KRUVAZE YÜN KARIŞIMI MANTECO® AARON LEVINE X ZARA KABAN,9990
SWEATER,AARON LEVINE X ZARA YÜN BURGU KAZAK,4990
BLAZER,KRUVAZE YÜN BLAZER AARON LEVINE X ZARA,7290
SHIRT,JAKARLI ÇİZGİLİ TİŞÖRT AARON LEVINE X ZARA,1590
HAT,AARON LEVINE X ZARA %100 KAŞMİR BERESİ,2290
BLAZER,AARON LEVINE X ZARA %100 YÜN DOKULU BLAZER,6290
SHIRT,AARON LEVINE X ZARA RESMİ GÖMLEK,3690
TROUSERS,FİTİLLİ YÜNLÜ TAKIM PANTOLONU AARON LEVINE X ZARA,3690
SOCKS,AARON LEVINE X ZARA YÜN KARIŞIMI FİTİLLİ ÇORAP,790
BLAZER,BLAZER TAKIM TWILL %100 YÜN AARON LEVINE X ZARA,7290
TIE,DOKULU %100 İPEK KRAVAT AARON LEVINE X ZARA,2990
TIE,%100 İPEK DOKULU KRAVAT AARON LEVINE X ZARA,2990
SHIRT,AARON LEVINE X ZARA UZUN KOLLU CEPLİ T-SHIRT,1790
SHIRT,AARON LEVINE X ZARA CEP DETAYLI UZUN KOLLU T-SHIRT,1790
SWEATSHIRT,AARON LEVINE X ZARA BANTLI FERMUARLI YAKA SWEATSHIRT,2490
SWEATSHIRT,AARON LEVINE X ZARA KORDELON FERMUARLI YAKA SWEATSHIRT,2490
SWEATER,YÜN - KAŞMİR KAZAK AARON LEVINE X ZARA,5690
GLASSES,OVAL GÜNEŞ GÖZLÜĞÜ AARON LEVINE X ZARA,2990
SHIRT,CHAMBRAY DENIM GÖMLEK AARON LEVINE X ZARA,2990
JACKET,BOXY FİT SÜET DERİ CEKET,7990
CARDIGAN,KAŞMİR HIRKA AARON LEVINE X ZARA,8990
HAT,AARON LEVINE X ZARA YÜNLÜ BEANIE BERE,1790
HAT,AARON LEVINE X ZARA YÜNLÜ BERE,1790
SHIRT,AARON LEVINE X ZARA GOFRE KUMAŞ T-SHIRT,1790
OVERSHIRT,SÜET DERİ İNCE CEKET AARON LEVINE X ZARA,9990
COAT,AARON LEVINE X ZARA YÜN KARIŞIMLI KRUVAZE KABAN,9990
SHIRT,KONTRAST ÇİFT KENARLI T-SHIRT,1590
SHIRT,KONTRAST SUNİ ÇİFT KENARLI T-SHIRT,1590
SOCKS,2'Lİ FİTİLLİ ÇORAP PAKETİ,590
SOCKS,YÜNLÜ BAKLAVA DESENLİ ÇORAP,450
HAT,TEKNİK SHELL ŞAPKA,1190
BELT,DERİ ORIGINS KEMER,2490
SWIMSUIT,UZUN GOFRE KUMAŞ DENİZ ŞORTU,1590
UNDERPANT,3'LÜ SOFT BOXER PAKETİ,1190
ACCESSORIES,DERİ ANAHTARLIK,990
SWEATER,YIKANMIŞ FİTİLLİ DOKULU KAZAK,2290
SWEATSHIRT,POLAR ASTARLI TEKNİK KAPÜŞONLU SWEATSHIRT,2990
RUCKSACK,TEKNİK SEYAHAT SIRT ÇANTASI,2490
BERMUDA,RELAXED FIT DENIM ŞORT,2490
TROUSERS,CHINO GENİŞ PAÇA JEAN,2990
SHIRT,ÇİÇEK DESENLİ DÖKÜMLÜ GÖMLEK,3690
SANDAL,BANTLI SANDALET,1490
RUCKSACK,SPOR SIRT ÇANTASI,1790
JACKET,DERİ RELAXED FIT CEKET,7990
SWEATER,SOLUK GÖRÜNÜMLÜ BASKILI ÖRGÜ T-SHIRT,1490
BERMUDA,relaxed fit BERMUDA,1790
SHIRT,KONTRAST KRAVATLI ÇİZGİLİ GÖMLEK,2490
JEWELLER,PASLANMAZ ÇELİK ZİNCİR BİLEKLİK,990
BLAZER,ÇİZGİLİ PAZEN BLAZER,6290
SWEATER,SOLUK GÖRÜNÜMLÜ TRİKO T-SHIRT,1490
FOULARD,GEOMETRİK DESENLİ BANDANA,790
SHIRT,ÇİZGİLİ JAKARLI KUMAŞ GÖMLEK,2290
SWEATER,KONTRAST BASKILI TRİKO T-SHIRT,1490
MOCCASINS,DERİ MULE MAKOSEN,2990
SWEATER,DOKULU BURGU ÖRGÜ KAZAK,2490
SWEATER,DOKULU SLIM FIT TRİKO T-SHIRT,1190
SWEATER,DOKULU SLIM FIT ÖRGÜ T-SHIRT,1190
SHOES,DERİ SPOR AYAKKABI,3490
BERMUDA,KRUVAZE GENİŞ PAÇA %100 KETEN BERMUDA,3690
MOCCASINS,DERİ BANTLI TIRTIKLI TABANLI MAKOSEN,2990
JACKET,YIKANMIŞ GÖRÜNÜMLÜ DİKİŞLİ CEKET,4490
SHIRT,DİK DOKULU POLO T-SHIRT,1790
SHIRT,İŞLEMELİ KARELİ CROP GÖMLEK,1790
TIE,%100 İPEK PUANTİYELİ KRAVAT,1790
SHIRT,KISA KOLLU ÇİZGİLİ T-SHIRT,1190
SHIRT,DOKULU KARELİ GÖMLEK,1790
RAINCOAT,REGULAR FIT TRENÇKOT,5690
TROUSERS,PİLİLİ LİYOSEL KETEN TAKIM PANTOLONU,4990
SANDAL,KONTRAST BANTLI SANDALET,2290
WAISTCOAT,KONTRAST ŞERİTLİ ÖRGÜ SÜVETER,1790
SANDAL,ÇAPRAZ DERİ SANDALET,4990
BERMUDA,DOKULU JOGGING BERMUDA,1590
SHOES,DERİ SABO,4990
SANDAL,TOKALI SANDALET,1790
FOULARD,KALP DESENLİ BANDANA,990
SHIRT,NUMARALI GOFRE KUMAŞ T-SHIRT,1590
SHIRT,KONTRAST DESENLİ DÖKÜMLÜ GÖMLEK,2490
SHIRT,EKOSEN POPLİN GÖMLEK,2490
SHIRT,KARELİ POPLİN GÖMLEK,2490
SANDAL,TOKALI ÇOK BANTLI SANDALET,1790
SHIRT,KONFORLU DOKULU GÖMLEK,1790
UNDERPANT,İKİLİ KOMBİNE POPLİN BOXER,1490
TIE,GEOMETRİK JAKARLI KRAVAT %100 İPEK,1790
SWEATER,DOKULU TRİKO POLO T-SHIRT,2290
SWEATER,REGULAR FIT PAMUKLU KETEN KAZAK,2490
BLAZER,DOKULU BLAZER,4990
TIE,%100 İPEK ŞAL DESENLİ KRAVAT,1790
JACKET,NAPA DERİ CROP CEKET,9990
SHIRT,AMERİKAN FUTBOLU BASKILI T-SHIRT,1790
BLAZER,SÜET DERİ BLAZER,11990
SHIRT,3'LÜ BASIC TANK T-SHIRT PAKETİ,2290
JACKET,RELAXED FIT DERİ CEKET,9990
JACKET,SOLUK GÖRÜNÜMLÜ SÜET DERİ CEKET,8990
SWEATER,SOLUK EFEKTLİ RELAXED FIT TRİKO T-SHIRT,1490
JACKET,CEPLİ DENIM CEKET,2990
SHIRT,3'LÜ PAKET BASIC MEDIUM WEIGHT T-SHIRT,2290
TIE,%100 YÜN DOKULU KRAVAT,2490
JACKET,SÜET DERİ CROP CEKET AARON LEVINE X ZARA,14990
COAT,KONTRAST YAKALI TEKNİK PARKA AARON LEVINE X ZARA,8690
SHIRT,LİYOSELLİ RAHAT KESİM GÖMLEK AARON LEVINE X ZARA,2990
SHIRT,YÜNLÜ KOVBOY GÖMLEK AARON LEVINE X ZARA,2990
JACKET,AARON LEVINE X ZARA %100 YÜN KAPİTONE CEKET,5690
JACKET,AARON LEVINE X ZARA DERİ BOMBER CEKET,14990
COAT,YÜN KARIŞIMLI KRUVAZE KABAN,8990
Parfüm,"SUMMER DISCOVERY SET EDT 3X30 ML (1,01 FL. OZ)",990
SHOES,MARATON AYAKKABISI,7290
SHOES,MARATON KOŞU AYAKKABISI,7290
SHOES,DERİ TEKNE AYAKKABISI,5690
SHOES,SÜET TEKNE AYAKKABISI,4990
SWEATER,BOUCLÉ DOKULU ÖRGÜ POLO T-SHIRT,1790
JACKET,RELAXED FIT TEKNİK PARKA,4990
TROUSERS,KEMERLİ GENİŞ PAÇA PANTOLON,5690
SWEATER,ASİMETRİK ÇİZGİLİ TRİKO POLO T-SHIRT,1790
HAT,KAZAYAĞI DESENLİ BERE,1190
JACKET,KISA KESİM TEKNİK KAPÜŞONLU PARKA,3690
TROUSERS,KRUVAZE RELAXED FIT PANTOLON,4490
HAT,KONTRAST KISA FLANEL ŞAPKA,1190
RUCKSACK,ÇOK CEPLİ SIRT ÇANTASI,2990
TROUSERS,PİLİLİ GENİŞ PAÇA JOGGING PANTOLON,2490
SWEATER,JAKARLI ÇİÇEK ÖRGÜ YELEK,2290
JACKET,SÜET CROP FIT DERİ CEKET,7990
JACKET,KONTRAST YAKALI CEKET,4990
RAINCOAT,RELAXED FIT TRENÇKOT,4990
JACKET,HAFİF TEKNİK CEKET,2990
SHIRT,RELAXED FIT PAMUKLU GÖMLEK,1790
TROUSERS,STRAIGHT FIT CHINO PANTOLON,2490
SWEATER,ÇİZGİLİ PAMUK KARIŞIMLI KAZAK,1790
TROUSERS,RELAXED FIT TEKNİK PANTOLON,2490
SOCKS,3'LÜ YAPILI ÇORAP PAKETİ,790
JACKET,ÇİFT YÜZLÜ SUNİ SÜET CEKET,4490
HAT,PAZEN BERE,1190
RUCKSACK,40 L ÇOK AMAÇLI SPOR ÇANTASI,2490
RUCKSACK,SÜET KAPAKLI DERİ SIRT ÇANTASI,6290
BERMUDA,RELAXED FIT DENİM ŞORT,2490
HAT,GOFRE KUMAŞ ÖRGÜ BERE,990
SWIMSUIT,YIKANMIŞ GEOMETRİK DESENLİ DENİZ ŞORTU,1590
SANDAL,BANTLI SANDALET,1190
TROUSERS,BAGGY KESİM CHINO JEAN,2490
SHOES,DERİ SABO,3690
SWEATER,ÖRGÜLÜ PAMUK KARIŞIMLI KAZAK,4490
SHIRT,RELAXED FIT DENİM GÖMLEK,2290
TROUSERS,FLOKLU ÇİZGİLİ RELAXED FIT PANTOLON,3690
HAT,DÜZ SİPERLİ YAMALI ŞAPKA,990
MOCCASINS,DERİ SÜET MAKOSEN,5690
TROUSERS,KAZAYAĞI TAKIM ELBİSE PANTOLONU,2490
BLAZER,KAZAYAĞI TAKIM BLAZER,5690
SWIMSUIT,KONTRAST UZUN DENİZ ŞORTU,1590
JEWELLER,FORD © ŞAPKA ANAHTARLIK,990
JEWELLER,ANAHTARLIK ŞAPKA FORD ©,990
HAT,FORD © İŞLEMELİ YAZI ŞAPKA,1190
HAT,FORD © KADİFE DÜZ SİPERLİ ŞAPKA,1190
HAT,FORD © BASKILI SLOGANLI ŞAPKA,1190
HAT,DÜZ SİPERLİ İŞLEMELİ ŞAPKA,990
HAT,SÜET GÖRÜNÜMLÜ SİPERLİ ŞAPKA,990
SANDAL,ÖRME KUMAŞ ESPADRİL,1790
SWIMSUIT,UZUN YIKANMIŞ ÇİZGİLİ DENİZ ŞORTU,1590
SWIMSUIT,UZUN BANTLI DENİZ ŞORTU,1590
JACKET,KONTRAST YAKALI SÜET DERİ CEKET,8990
BERMUDA,"KONTRAST 7"" TRAIL RUNNING ŞORT",1790
SANDAL,DERİ SABO,2790
JACKET,REGULAR FIT SÜET DERİ İNCE CEKET,11990
SWEATER,DÜĞMELİ YAKA PAMUK KARIŞIMLI KAZAK,3690
SWEATER,DÜĞMELİ YAKA PAMUKLU KARIŞIM KAZAK,3690
ACCESSORIES,NAYLON TAKIM ELBİSE KILIFI,4490
SWEATER,DOKULU ÖRGÜ GÖMLEK,2290
RUCKSACK,ÇOK CEPLİ TEKNİK SIRT ÇANTASI,2490
COAT,RELAXED FIT VİSKOZ-KETEN PARKA,9590
SHIRT,RAMİ VE LİYOSEL KARIŞIMLI RELAXED FIT POLO GÖMLEK,3690
SHIRT,ÇAPRAZ ÇİZGİLİ VİSKOZ-İPEK GÖMLEK,4490
SHIRT,YIKANMIŞ DENIM GÖMLEK,2290
SOCKS,3'LÜ ÇİFT GÖRÜNÜMLÜ ÇORAP PAKETİ,790
SOCKS,3'LÜ ÇİZGİLİ ÇORAP PAKETİ,790
SWEATER,DOKULU ÖRGÜ YELEK,1790
BLAZER,%100 YÜN BLAZER TAKIM,6290
SWEATER,KONTRAST DETAYLI TRİKO T-SHIRT,1790
JACKET,TEKNİK KAPİTONE CEKET,4990
SWIMSUIT,ORTA BOY GOFRE KUMAŞ DENİZ ŞORTU,1590
SWEATER,BOXY FİT ÖRGÜ T-SHIRT,1190
SHOES,DERİ SPOR AYAKKABI,4990
JACKET,RELAXED FIT NAPA DERİ CEKET,13590
BOOT,DERİ BOT,7990
BOOT,BAĞCIKLI DERİ BOT,7990
Parfüm,BOGOSS VIBRANT LEATHER SUMMER EDP 100ML ( 3.4 FL.OZ ),1250
UNDERPANT,2'Lİ KARIŞIK BOXER PAKETİ,1190
TROUSERS,BAGGY FİT İNCE ÇİZGİLİ PANTOLON,2490
GLASSES,OVAL GÖZLÜK,2990
JACKET,JAKARLI DENIM DOKULU GÖMLEK,2490
RUCKSACK,XL DERİ ÇAPRAZ ASKILI ÇANTA,8990
RUCKSACK,KABARTMA DERİ ÇAPRAZ ASKILI ÇANTA,7990
SHIRT,REGULAR FIT TİŞÖRT,1490
SHIRT,REGULAR FIT T-SHIRT,1490
SHIRT,SELVEDGE DENIM GÖMLEK,3690
UNDERPANT,KOMBİNE POPLİN BOXER 2'Lİ PAKET,1490
SWEATER,RELAXED FIT ÇİZGİLİ TRİKO POLO T-SHIRT,1790
RUCKSACK,ÖRGÜ OMUZ ÇANTASI,1790
TROUSERS,DOKULU RELAXED FIT TAKIM GENİŞ PAÇA PANTOLON,2990
HAT,KARELİ DOKULU BERE,1190
BLAZER,DOKULU RELAXED FIT TAKIM BLAZER'I,5690
SHIRT,CEPLİ DÖKÜMLÜ GÖMLEK,2490
BLAZER,YIKANMIŞ EFEKTLİ TAKIM BLAZER,5690
TROUSERS,SOLUK GÖRÜNÜMLÜ TAKIM ELBİSE PANTOLONU,2490
TROUSERS,SOLUK EFEKTLİ STRAIGHT FIT PANTOLON,2490
BERMUDA,GENİŞ PAÇA KADİFE BERMUDA,2490
TROUSERS,GENİŞ PAÇA PANTOLON,2490
OVERSHIRT,NAKIŞLI ÇİZGİLİ AKICI İNCE CEKET,2490
TROUSERS,ÇAN PAÇA FİTİLLİ KADİFE PANTOLON,2490
SWEATSHIRT,SOLUK EFEKTLİ DOKULU SWEATSHIRT,2290
SHIRT,FLAMLI KUMAŞ YIKAMALI RELAXED FIT T-SHIRT,1490
TROUSERS,BALON PAÇA DERİ PANTOLON,6290
BELT,SÜET DERİ KEMER,2490
JACKET,SÜET DERİ CROP FIT CEKET,7990
SHIRT,ÇİZGİLİ REGULAR FIT POLO,2490
RUCKSACK,DÜZ ÇAPRAZ ASKILI ÇANTA,1790
JACKET,REGULAR FIT SÜET DERİ CEKET,11990
RUCKSACK,DERİ ÇAPRAZ ASKILI ÇANTA,4990
SWEATER,ÇİZGİLİ JAKARLI TRİKO POLO,2990
TROUSERS,ÇOK CEPLİ PANTOLON,2490
RUCKSACK,DERİ TOTE ÇANTA,17990
SWEATER,FİTİLLİ DOKULU KAZAK,2490
TROUSERS,PAMUKLU KETEN PİLİLİ PANTOLON,2490
SWEATER,FERMUARLI YAKALI PAMUKLU KAZAK,2290
SWEATER,PAMUK KARIŞIMLI KAZAK,1790
MOCCASINS,PÜSKÜLLÜ DERİ MAKOSEN,3690
SHIRT,ÇİZGİLİ DÜĞMELİ YAKA T-SHIRT,1590
MOCCASINS,ARKASI AÇIK MAKOSEN,2790
SWEATER,HAFİF PAMUKLU KETEN KAZAK,2990
SWEATSHIRT,SOLUK GÖRÜNÜMLÜ RELAXED FIT SWEATSHIRT,2490
SWEATSHIRT,RELAXED FIT SOLUK GÖRÜNÜMLÜ SWEATSHIRT,2490
SHOES,RETRO STİL SPOR AYAKKABI,2490
SWEATER,KETEN KARIŞIMLI TRİKO POLO T-SHIRT,2490
SWIMSUIT,RENK BLOKLU UZUN DENİZ ŞORTU,1590
TROUSERS,YIKANMIŞ DOKULU PAMUKLU PANTOLON,2290
RAINCOAT,MUMLU GÖRÜNÜMLÜ TRENÇKOT,4990
JACKET,MUMUM GÖRÜNÜMLÜ KETEN-PAMUKLU CEKET,4490
SWEATSHIRT,ÇİZGİLİ KAPÜŞONLU SWEATSHIRT,2490
SWEATER,BURGU ÖRGÜLÜ DOKULU KAZAK,2490
TROUSERS,%100 YÜN TAKIM PANTOLONU,5690
SHIRT,YIKANMIŞ ÇİZGİLİ DOKULU POLO T-SHIRT,2490
SHIRT,YIKANMIŞ DOKULU POLO T-SHIRT,1790
TROUSERS,ANAHTARLIK BASKILI PANTOLON,2990
TROUSERS,FORD © DESENLİ BAGGY FIT PANTOLON,2990
CARDIGAN,PAMUKLU DOKULU HIRKA,2990
SWEATER,PAMUKLU KETEN KAZAK,2790
SHIRT,AŞK TANRISI YAZILI T-SHIRT,1590
SHIRT,KALPLİ ZAR YAMALI T-SHIRT,1590
SWEATSHIRT,GOFRE KUMAŞ DOKULU KAPÜŞONLU SWEATSHIRT,2490
SHIRT,BASIC ANTRENMAN KOTON T-SHIRT,990
ACCESSORIES,DERİ AYAKKABI ÇEKECEĞİ,1090
JACKET,VINTAGE EFEKTLİ DERİ CEKET,11990
SHIRT,KARELİ FİTİLLİ KADİFE GÖMLEK,2290
BERMUDA,REGULAR FIT BERMUDA KOMBİNİ,1590
JACKET,VINTAGE GÖRÜNÜMLÜ SÜET DERİ CEKET,11990
SHIRT,HEAVYWEIGHT BISIKLET YAKA T-SHIRT,1590
UNDERPANT,KOMBİNE POPLİN BOXER 2'Lİ PAKET,1190
SHIRT,KONFORLU UZUN KOLLU T-SHIRT,1590
SHIRT,HAFİF REGLAN KOLLU T-SHIRT,1590
SHIRT,SOLUK GÖRÜNÜMLÜ FİTİLLİ TANK TOP,1190
OVERSHIRT,regular fit SUNİ DERİ İNCE CEKET,4490
HAT,TEKNİK SUNİ YÜNLÜ KORUYUCU KULAKLIKLI ŞAPKA,1190
HAT,KULAK KORUYUCULU KAPİTONE TEKNİK ŞAPKA,1190
HAT,FİTİLLİ KADİFE ŞAPKA,1190
WAISTCOAT,BOTONATO ÖRGÜ YELEK,2490
JACKET,KARELİ TEKNİK BOXY FIT CEKET,3690
SHIRT,GOLF DESENLİ RELAXED FIT GÖMLEK,1790
UNDERPANT,KOMBİNE 2'Lİ POPLİN BOXER PAKETİ,1590
UNDERPANT,2'Lİ KOMBİNE POPLİN BOXER,1590
SHIRT,ÇİZGİLİ UZUN KOLLU T-SHIRT,1490
JACKET,SU GEÇİRMEZ TEKNİK KUTULU KESİM CEKET,2990
SHIRT,SOLUK GÖRÜNÜMLÜ TANK TOP,990
JACKET,KABARTMALI SUNİ DERİ BOMBER CEKET FORD ©,3690
RUCKSACK,DERİ TOTE ÇANTA,4490
OVERSHIRT,SUNİ DERİ relaxed fit İNCE CEKET,1790
RUCKSACK,DÜZ SIRT ÇANTASI,2790
BELT,KABARTMA DESENLİ DERİ KEMER,2490
SOCKS,3'LÜ MERSERİZE PAMUKLU FİTİLLİ ÇORAP PAKETİ,990
HAT,FİTİLLİ KADİFE DÜZ SİPERLİ ŞAPKA,990
HAT,FİTİLLİ KADİFE ŞAPKA,990
TROUSERS,PİLİLİ GENİŞ PAÇA PANTOLON,2990
JACKET,KONTRAST YAKALI TEKNİK CEKET,4490
OVERSHIRT,KARELİ İNCE CEKET,2490
TROUSERS,GENİŞ PAÇA DRAPELİ PANTOLON,2490
MOCCASINS,PÜSKÜLLÜ CASUAL DERİ MAKOSEN,2990
TROUSERS,GENİŞ PAÇA JOGGER PANTOLON,2290
SWEATSHIRT,KAPÜŞONLU KOMBİNE GOFRE KUMAŞ SWEATSHIRT,2490
JACKET,RELAXED FIT NAPA DERİ CEKET ORIGINS,13590
SHIRT,KONTRAST İŞLEMELİ ÇİZGİLİ GÖMLEK,2290
SHIRT,YÜN KARIŞIMLI KARELİ GÖMLEK ORIGINS,2990
SHIRT,YIKANMIŞ relaxed fit DENİM GÖMLEK,2490
SWEATER,YÜN KARIŞIMLI TRİKO POLO T-SHIRT,2990
COAT,YIKANMIŞ ÇOK CEPLİ CEKET,4990
RAINCOAT,MANTECO® ORIGINS SU GEÇİRMEZ TRENÇKOT,7990
SHIRT,REGULAR FIT CEPLİ ORIGINS GÖMLEK,2490
JACKET,ORİJİN KONTRAST DERİ DOKULU CEKET,5690
JEWELLER,KONTRAST UÇLU ZİNCİR KOLYE,1190
JEWELLER,KOMBİNE METAL HALKALI ZİNCİR,1590
JEWELLER,KOMBİNE UÇLU ZİNCİR,1190
TROUSERS,GENİŞ PAÇA INTERLOCK JOGGER PANTOLON,2290
TROUSERS,PİLİLİ INTERLOK PANTOLON,2290
JACKET,TEKNİK ÇIKARILABİLİR YELEKLİ CEKET,5690
BERMUDA,DOKULU JOGGING FIT BERMUDA,1590
SHIRT,BASKILI YAZILI T-SHIRT,1490
BLAZER,BOUCLÉ KAZ AYAĞI BLAZER,5690
CARDIGAN,PAMUKLU KETEN HIRKA,4490
SCARF,PAMUK KARIŞIMLI ÖRGÜ ATKI,1190
SWEATER,PAMUKLU KETEN TRİKO POLO,3690
SWEATER,PAMUKLU KETEN TRİKO POLO T-SHIRT,3690
GLASSES,AYNALI GÜNEŞ GÖZLÜĞÜ,2990
SWEATER,HAFİF PAMUKLU KETEN KAZAK,3690
SWEATER,V YAKA PAMUKLU KETEN KAZAK,3690
JACKET,BALIK SIRTI DOKULU CROP FIT CEKET,3690
HAT,ORIGINS PAMUK KARIŞIMLI BERE,1190
GLOVES,SÜET DERİ ELDİVEN ORIGINS,1790
SOCKS,YÜN KARIŞIMLI FİTİLLİ ORİJİNS ÇORAP,590
SOCKS,FİTİLLİ YÜN KARIŞIMI ORIGINS ÇORAP,590
SWEATER,PAMUKLU KETEN KAZAK,3690
BELT,ORIJINLER KOLEKSIYONU ÜST DİKİŞLİ DERİ KEMER,2490
SHIRT,FİTİLLİ SOLUK BASKILI T-SHIRT,1590
SWEATER,V YAKA RELAXED FIT KAZAK,2290
TROUSERS,BALON KESİM DERİ PANTOLON,6290
BLAZER,KRUVAZE TAKIM BLAZER,5690
TROUSERS,GENİŞ PAÇA ÖRME PANTOLON,2490
SWEATER,BOUCLÉ DOKULU KAZAK,2290
SWEATER,DOKULU KAZAK,2290
TROUSERS,REGULAR FIT TAKIM PANTOLONU,2490
SHOES,YALINAYAK DERİ SPOR AYAKKABI,2990
SHOES,YALIN AYAK SPOR AYAKKABI,2490
JACKET,CROP FIT CEKET,4490
SHIRT,FIRÇALANMIŞ DOKULU ORIGINS POLO T-SHIRT,1790
JACKET,SOLUK GÖRÜNÜMLÜ BOXY KESİM CEKET,3690
TIE,%100 İPEK ÇİZGİLİ KRAVAT,2490
SHIRT,RELAXED FIT GÖMLEK,2290
SHIRT,KALP DESENLİ KONTRAST FİTİLLİ T-SHIRT,1190
TROUSERS,CURVED FIT PANTOLON,1790
SHIRT,DOKULU REGULAR FIT GÖMLEK,2290
SWEATER,AJURLU BURGU ÖRGÜ KAZAK,2290
SWEATER,KETEN VE VİSKOZ KARIŞIMLI ÇİZGİLİ KAZAK,3690
SWEATSHIRT,YAZILI YIKANMIŞ SWEATSHIRT,2490
SWEATSHIRT,YIKANMIŞ SLOGANLI SWEATSHIRT,2490
SHOES,CASUAL DERİ AYAKKABI,2990
SWEATER,REGULAR FIT PAMUKLU KAZAK,2490
JACKET,KLİPSLİ DENIM CEKET,3690
OVERSHIRT,KAPÜŞONLU KARELİ CEKET,2990
TROUSERS,BARREL FIT DENİM CHINO PANTOLON,2490
SHIRT,PULLU İPEK ORGANZE GÖMLEK,4990
TROUSERS,KONTRAST ŞERİTLİ teknik JOGGER PANTOLON,1790
ACCESSORIES,DERİ UÇLU ANAHTARLIK,1090
CUMMERBAND,İPEK SMOKİN KUŞAK KEMER,2490
RUCKSACK,SÜET DERİ BAKIM ÇANTASI,2290
OVERSHIRT,REGULAR FIT %100 YÜN İNCE CEKET,7990
BLAZER,KRUVAZE TAKIM İNCE ÇİZGİLİ BLAZER,5690
TROUSERS,SOLUK EFEKTLİ BALON PANTOLON,1790
SWEATER,FITİLLİ %100 KAŞMİR KAZAK ORIGINS,7290
RUCKSACK,KABARTMALI SIRT ÇANTASI,2290
HAT,KONTRAST FİTİLLİ KADİFE ŞAPKA,1190
RUCKSACK,XL DERİ ÇAPRAZ ASKILI ÇANTA,9990
RUCKSACK,DERİ DETAYLI TEKNİK SIRT ÇANTASI,2490
RUCKSACK,DERİ ÇAPRAZ ASKILI ÇANTA,7290
RUCKSACK,DERİ ÇAPRAZ ASKILI ÇANTA,8990
JACKET,ÇİZGİLİ BOXY FİT CEKET,3690
SWEATER,%100 YÜN KAZAK,2990
SHIRT,UZUN KOLLU RELAXED FIT T-SHIRT,1490
HAT,KONTRAST KISA BERE,1190
SHIRT,YANLARI ŞERİTLİ BOXY FİT İŞLEMELİ SWEATSHIRT,1790
SWEATSHIRT,DÜĞMELİ YAKA DOKULU SWEATSHIRT,1790
SOCKS,3'LÜ DESENLİ ÇORAP PAKETİ,790
TROUSERS,PİLİLİ BARREL FIT PANTOLON,2490
SHIRT,ÇİZGİLİ relaxed fit GÖMLEK,2290
SHIRT,relaxed fit ÇİZGİLİ GÖMLEK,2290
RAINCOAT,ÇIKARILABİLİR YELEKLİ TEKNİK PARKA,6690
OVERSHIRT,CEPLİ KISA DOKULU CEKET,2990
RUCKSACK,KEMER DETAYLI DERİ ÇANTA,11990
SWEATER,SLOGAN BASKILI FİTİLLİ KAZAK,1790
Parfüm,BLUE TEMPTATION BOLD EDP 120ML (4.05 FL.OZ.),1590
SOCKS,2'Lİ TEKNİK ANTRENMAN ÇORABI PAKETİ,990
SOCKS,2'Lİ TEKNİK ANTRENMAN ÇORAP PAKETİ,990
SOCKS,HAVLU İÇLİ PAMUK KARIŞIMLI ÇORAP,590
SWEATER,VİSKOZ KARIŞIMLI ÖRGÜ T-SHIRT,1490
TROUSERS,LİYOSEL PAMUKLU BARREL FİT PANTOLON,2490
SHIRT,%100 KETEN BAĞCIKLI GÖMLEK,2490
SHIRT,KARELİ REGULAR FIT GÖMLEK,1790
SHIRT,ÇİZGİLİ DOKULU GÖMLEK,2290
Parfüm,#TOBACCO RICH WARM ADDICTIVE: FROSTED WOODS EDP 100ML (3.38 FL. OZ.),990
UNDERPANT,2'Lİ KARIŞIK POPLİN BOXER,1190
SWEATER,JAKARLI ÇİZGİLİ ÖRGÜ POLO T-SHIRT,1790
BERMUDA,"DELİKLİ KISA PANTOLON 9""",1790
BERMUDA,"HAFİF 3"" KOŞU ŞORTU",1790
JACKET,HAFİF PAMUKLU CEKET,3690
RUCKSACK,DERİ ÇAPRAZ ASKILI ÇANTA,1790
SWEATSHIRT,KOMBİNE BASKILI FORD © SWEATSHIRT,2290
RAINCOAT,MUMLU GÖRÜNÜMLÜ TRENÇKOT,5690
BERMUDA,"3"" HAFİF KOŞU ŞORTU",1790
BERMUDA,2'Sİ 1 ARADA KOŞU ŞORTU,2290
BERMUDA,2’Sİ 1 ARADA KOŞU ŞORTU,2290
SHIRT,GEOMETRİK DESENLİ GÖMLEK,1790
SHIRT,KARELİ AŞK TANRISI BASKILI GÖMLEK,1790
SWEATER,YÜN - ALPAKA KAZAK,3690
TROUSERS,DOKULU JAKARLI PANTOLON,2490
JACKET,RELAXED FIT DERİ PARKA,11990
SWEATER,İŞLEMELİ YAZILI KAZAK,2290
CARDIGAN,YÜN - YÜN ORIGINS TRİKO İNCE CEKET,4490
CARDIGAN,YIKANMIŞ RELAXED FIT HIRKA,2490
MOCCASINS,ESKİTME BOZUK PARA MAKOSEN,2790
ACCESSORIES,ÇOKLU CHARM ANAHTARLIK,1090
RUCKSACK,YIKAMA EFEKTLİ DENİM SIRT ÇANTASI,2290
SHIRT,YÜNLÜ JAKARLI ÇİZGİLİ T-SHIRT,1590
SHIRT,YÜNLÜ JAKARLI ÇİZGİLİ T-SHIRT,1790
SWEATER,HAFİF PAMUKLU KAZAK,1790
JACKET,DOKULU ŞİŞME CEKET,3690
SWEATSHIRT,PİZZERIA LA MONTECARLO BASKILI SWEATSHIRT,1790
OVERSHIRT,DOKULU RELAXED FIT İNCE CEKET,2490
SHIRT,GOFRE KUMAŞ YAPILI T-SHIRT,1790
SHIRT,GOFRE KUMAŞ T-SHIRT,1790
BLAZER,ORIGINS SÜET DERİ BLAZER,13590
SHOES,FİLE SPOR AYAKKABI,1790
TROUSERS,STRAIGHT FIT KONFORLU KARGO PANTOLON,2490
SWEATER,YÜNLÜ KAZAK,2290
SWEATER,YÜN KARIŞIMLI KAZAK,2290
SOCKS,3'LÜ ORTA AĞIRLIKTA FİTİLLİ ÇORAP PAKETİ,790
TROUSERS,VELUR ŞERİTLİ PANTOLON,2490
SHIRT,PİZZACI LA MONTECARLO BASKILI T-SHIRT,1590
SHIRT,PİZZERİA LA MONTECARLO BASKILI T-SHIRT,1490
SHIRT,CEPLİ KARELİ GÖMLEK,2490
TROUSERS,DOKULU GENİŞ PAÇA JOGGER PANTOLON,2490
ACCESSORIES,YÜN KARIŞIMLI BOYUNLUK,990
SOCKS,2'Lİ NAKIŞLI FİTİLLİ ÇORAP PAKETİ,990
SUNSCREEN,ATHLETICZ DUDAK BALMI SPF 30 15G,650
SWEATSHIRT,SOLUK EFEKTLİ AT GRAFİKLİ SWEATSHIRT,1590
SWEATER,KAPÜŞONLU PAMUKLU-YÜNLÜ KAZAK,2490
SWEATER,FİTİLLİ %100 KAŞMİR KAZAK ORIGINS,7290
MOCCASINS,DERİ MAKOSEN,3490
OVERSHIRT,KARELİ PAMUKLU KETEN GÖMLEK,2290
SWIMSUIT,MEYVE DESENLİ ORTA BOY MAYO,1590
SWIMSUIT,ORTA BOY TEMEL DENİZ ŞORTU,1490
JACKET,REGULAR FIT YIKANMIŞ PAMUKLU CEKET,4490
BLAZER,YÜN KARIŞIMLI KARELİ KRUVAZE BLAZER,6290
SHIRT,SLIM FIT KOLSUZ T-SHIRT,1190
SHIRT,LİYOSEL VE PAMUKLU HAFİF T-SHIRT,1790
SWIMSUIT,ORTA YAPILI DENİZ ŞORTU,1590
TROUSERS,HEAVYWEIGHT regular fit JOGGER PANTOLON ORIGINS,2490
TROUSERS,HEAVYWEIGHT REGULAR FIT ORIGINS JOGGER PANTOLON,2490
SPORTS,YÜN KARIŞIMLI KOŞU ELDİVENİ,1590
COAT,ÇIKARILABİLİR YAKALI KABAN,6290
SWEATSHIRT,ORIJİN AĞIR FERMUARLI KAPÜŞONLU SWEATSHIRT,2990
SHOES,VIBRAM® TABANLI DERİ AYAKKABI AARON LEVINE X ZARA,5690
SHIRT,CEPLİ GOFRE DOKULU T-SHIRT,1790
ACCESSORIES,15L SPOR YELEĞİ,2990
RUCKSACK,KAPLAMALI DOKULU ÇAPRAZ ASKILI ÇANTA,2290
RUCKSACK,HAYVAN DESENLİ KABARTMALI TOTE ÇANTA,2490
Parfüm,VIBRANT LEATHER BOGOSS COCO SUEDE EDP 100ML (3.4 FL.OZ),1250
SWEATER,JAKARLI TRİKO KAZAK,4990
UNDERPANT,3’LÜ BASIC KÜLOT PAKETİ,1190
UNDERPANT,3'LÜ BASIC KÜLOT PAKETİ,1190
TROUSERS,DISTRESSED FLARE FIT JEAN,2490
ACCESSORIES,BÜYÜK BOY ANTRENMAN HAVLU,1190
RUCKSACK,30 LİTRE SPOR SIRT ÇANTASI,2990
BERMUDA,TEKNİK KARGO ŞORT,2290
UNDERPANT,KOMBİNE 2'Lİ POPLİN BOXER PAKETİ,1190
ACCESSORIES,KÜÇÜK ANTRENMAN HAVLU,590
TROUSERS,TEKNİK KARGO TREKKING PANTOLON,2990
SOCKS,2'Lİ TEKNİK ANTRENMAN ÇORABI PAKETİ,790
RUCKSACK,ÖRGÜ ÇAPRAZ ASKILI ÇANTA,1790
JACKET,FERMUARLI KANGURU SWEATSHIRT,2490
RAINCOAT,SU GEÇİRMEZ TEKNİK KAPİTONE KABAN,4990
RUCKSACK,30L SPOR SIRT ÇANTASI,2990
SHIRT,MENDİLLİ PUANTİYE DESENLİ DÖKÜMLÜ GÖMLEK,4490
WALLETS,KABARTMALI CÜZDAN,990
SWEATSHIRT,FERMUARLI VE KONTRAST CEPLİ SWEATSHIRT,2490
SWEATSHIRT,FERMUARLI VE KOMBİNE CEPLİ SWEATSHİRT,2490
RUCKSACK,DİKİŞ DETAYLI TOTE ÇANTA,2490
Parfüm,FOR HIM RUSH EDP 100ML (3.38 FL. OZ.),1250
Parfüm,FOR HIM PYRO EDP 100ML (3.38 FL. OZ.),1250
RUCKSACK,DERİ SHOPPER ÇANTA,4490
SWEATER,SOYUT JAKARLI KAZAK,1790
SWEATER,ÇİZGİLİ JAKARLI ÖRGÜ POLO T-SHIRT,2290
TROUSERS,KRUVAZE DRAPELİ PANTOLON,6290
SWEATER,YÜN BALIKÇI YAKA KAZAK,2990
SWIMSUIT,UZUN EKOSEN DENİZ ŞORTU,1590
SHOES,AARON LEVINE X ZARA VIBRAM® TABANLI DERİ AYAKKABI,5690
ACCESSORIES,GEOMETRİK DESENLİ BANDANA,790
RUCKSACK,DÜZ EVRAK ÇANTASI,2490
BERMUDA,TEKNİK 7,1590
BERMUDA,"BLOK RENKLİ 5"" KOŞU ŞORTU",1790
SHIRT,PULLU YARI TRANSPARAN GÖMLEK,3690
SHOES,DERİ ELBİSE AYAKKABISI,4490
CARDIGAN,BAKLAVA DESENLİ %100 YÜN HIRKA,2990
RUCKSACK,TEKNİK SPOR BEL ÇANTASI,1190
SHIRT,KOŞU İÇLİK T-SHIRT,1590
OVERSHIRT,DOKULU İNCE CEKET,2990
JACKET,KAPÜŞONLU KUTU KESİM KARELİ CEKET,4490
SWEATER,KONTRAST DOKULU KAZAK,2290
SHIRT,KISA KOLLU KOŞU T-SHIRT,1490
SHIRT,KISA KOLLU KOŞU T-SHIRTI,1490
SHOES,DERİ AYAKKABI,2790
RUCKSACK,ÇOK CEPLİ SEYAHAT ÇANTASI,3690
RUCKSACK,DERİ CLUTCH,3690
SWEATER,DISTRESSED EFEKTLİ KAZAK,2290
BOOT,ESKİTME GÖRÜNÜMLÜ KALIN CHELSEA BOT,2990
SHOES,TREK DERİ SPOR AYAKKABI,5690
RUCKSACK,KAPLAMALI DOKULU SIRT ÇANTASI,2290
SHIRT,GRAFİK BASKILI UZUN KOLLU TEKNİK KOŞU T-SHIRT,1590
SHIRT,GRAFİKLİ UZUN KOLLU TEKNİK KOŞU T-SHIRT,1590
SHIRT,SOLUK EFEKTLİ YAZILI T-SHIRT,1190
ACCESSORIES,DERİ ANAHTARLIK,1190
SWEATER,KONTRAST TERS DİKİŞLİ KAZAK,2290
SCARF,KARELİ ATKI,1490
SCARF,PÜSKÜLLÜ KARELİ ATKI,1490
SWEATER,SOLGUN GÖRÜNÜMLÜ BASKILI KAZAK,2290
JACKET,DERİ BOMBER CEKET FORD ©,9990
RUCKSACK,DERİ SIRT ÇANTASI,9990
RUCKSACK,DERİ TOTE ÇANTA,13590
RUCKSACK,TEKNİK BEL ÇANTASI,1190
SWEATER,REGULAR FIT YÜN KAZAK,2790
CARDIGAN,%100 YÜN HIRKA,2990
SHIRT,TEKNİK TANK T-SHIRT,990
BLAZER,ÇİÇEKLİ JAKARLI BLAZER,7990
SWEATER,YÜNLÜ TRİKO POLO,2790
SWEATER,YÜN ÖRGÜ POLO T-SHIRT,2790
PYJAMAS,KARELİ KONTRAST PİJAMA SETİ,2490
RUCKSACK,DERİ EVRAK ÇANTASI,8990
RUCKSACK,DERİ SEYAHAT ÇANTASI,11990
SWEATSHIRT,POST MALONE™ GRAFİKLİ KAPÜŞONLU SWEATSHIRT,2490
WALLETS,KAPLAMALI BOZUK PARA CÜZDANI,790
BERMUDA,BASIC ANTRENMAN ŞORTU,1490
BERMUDA,"BASIC ANTRENMAN ŞORTU 7""",1490
SWEATSHIRT,POST MALONE™ GRAFİK BASKILI SOLUK GÖRÜNÜMLÜ SWEATSHIRT,1790
SHIRT,POST MALONE™ GRAFİK BASKILI T-SHIRT,1490
SWEATER,REGULAR FIT PAMUKLU KAZAK,2790
SWEATSHIRT,YIKANMIŞ WAFFLE KAPÜŞONLU SWEATSHIRT,2290
SWEATSHIRT,YIKANMIŞ GOFRE KUMAŞ KAPÜŞONLU SWEATSHIRT,2290
WAISTCOAT,BOTONATO ORIGINS ÖRGÜ YELEK,2490
RUCKSACK,DERİ SIRT ÇANTASI,7990
BLAZER,YÜN SMOKİN TAKIM BLAZER AARON LEVINE X ZARA,7290
SWEATER,FERMUARLI YAKALI YÜN KAZAK,2490
SWEATSHIRT,FERMUARLI YAKA YAZILI SWEATSHIRT,2290
SHIRT,YÜN KARIŞIMLI İLK KATMAN T-SHIRT,2490
SWEATER,YÜN - KAŞMİR TRİKO POLO,3690
MOCCASINS,YIPRANMIŞ BANTLI MAKOSEN,2490
MOCCASINS,METAL APLİKELİ MAKOSEN,2790
SWEATSHIRT,KONTRAST POLAR TEKNİK SWEATSHIRT,2990
TROUSERS,STRAIGHT ANKLE FIT JEAN,2490
Parfüm,A NIGHT EDP 50 ML (1.69 FL. OZ),1090
SWEATER,TERS ÖRGÜ BOTONATO ÖRGÜ KAZAK ORIGINS,3690
SWEATER,BOTONATO TERS ÖRGÜ KAZAK,3690
Parfüm,"A DAY EDP 100 ML (3,38 FL OZ)",1890
TROUSERS,BOL KESİM JEAN,1790
Parfüm,BLUE TEMPTATION EDP 60 ML (2.3 FL. OZ),990
Parfüm,"BOGOSS VIBRANT LEATHER ELIXIR PARFUM 100 ML (3,4 FL.OZ)",1590
Parfüm,A DAY EDP 50 ML (1.69 FL OZ),1090
Parfüm,"OUD VIBRANT LEATHER EDP 60 ML (2,03 FL. OZ.)",790
TROUSERS,FLOKLU RELAXED FIT PANTOLON,2490
SWEATSHIRT,POLARTEC© FERMUARLI YAKA SWEATSHIRT,3690
Parfüm,BLUE SPIRIT EDT 30 ML (1.01 FL. OZ),450
SCARF,ÇİFT TARAFLI KARELİ ATKI,1490
WAISTCOAT,JAKARLI KARELİ TRİKO SÜVETER,1790
SWIMSUIT,ORTA BOY ISTAKOZLU DENİZ ŞORTU,1590
TROUSERS,TEKNİK JOGGING PANTOLONU,2790
JACKET,HAFİF TEKNİK CEKET,3490
Parfüm,"CAVIAR BERGAMOT 100ML (3,38 FL. OZ.)",1890
BERMUDA,"İŞLEMELİ ŞERİTLİ 9"" ŞORT",1790
SWIMSUIT,İŞLEMELİ ORTA BOY DENİZ ŞORTU,1590
SWIMSUIT,GEOMETRİK DESENLİ KISA DENİZ ŞORTU,1590
SHIRT,İŞLEMELİ BLOK RENKLİ UZUN KOLLU T-SHIRT,1590
JACKET,SÜET GÖRÜNÜMLÜ SUNİ YÜNLÜ DERİ CEKET,8990
JACKET,KONTRAST YAKA DERİ CEKET,8990
SHIRT,UZUN KOLLU CEPLİ T-SHIRT,1590
RUCKSACK,ÇAPRAZ ASKILI KUTU ÇANTA,1790
WAISTCOAT,ÇİFT TARAFLI TEKNİK YELEK,2990
OVERSHIRT,SÜET DERİ İNCE CEKET,8990
SHOES,KALIN TABANLI SPOR AYAKKABI,4990
SWEATSHIRT,GOFRE KUMAŞ DOKULU BASKILI SWEATSHIRT,2290
SHIRT,DESENLİ TEKNİK RUNNING T-SHIRT,1490
SHIRT,KOMBİNE TEKNİK KOŞU T-SHIRT,1490
SHIRT,KONTRAST TEKNİK KOŞU T-SHIRT,1490
CARDIGAN,LIMITED EDITION PÜSKÜLLÜ DOKULU CEKET,5690
JACKET,KISA YIKANMIŞ GÖRÜNÜMLÜ TRENÇKOT,1790
JACKET,BALON CEKET,2290
JACKET,CEPLİ NAYLON CEKET,2290
JACKET,Z1975 KISA DANTEL DENIM CEKET TAKIMI,2790
JACKET,KISA %100 SÜET DERİ KEMERLİ CEKET,7990
JACKET,PÜSKÜLLÜ SUNİ SÜET CEKET,2490
JACKET,Z1975 VATKALI KISA DENIM CEKET,2490
BLAZER,ZW COLLECTION LIMITED EDITION SÜSLÜ DÜĞMELİ CEKET,7290
JACKET,Z1975 KISA DENİM CEKET,2490
JACKET,Z1975 DENİM CEKET,1590
JACKET,SUNİ DERİ CEKET,3690
JACKET,SUNİ SÜET CEKET,2990
JACKET,SUNİ SÜET YAMA CEPLİ CEKET,2990
BLAZER,KAPAKLI CEPLİ KISA CEKET TAKIMI,2490
BLAZER,YAMA CEPLİ CEKET,1790
JACKET,FERMUARLI BALON CEKET,1790
JACKET,KARELİ DİK YAKA CEKET,2990
BLAZER,ZW COLLECTION KETEN PEPLUM CEKET,4990
JACKET,SUNİ SÜET CEKET,2490
JACKET,KAPÜŞONLU BALON CEKET TAKIMI,2290
JACKET,KEMERLİ SUNİ DERİ CEKET,2990
JACKET,DENİM CEKET TRABILLAS,2290
CARDIGAN,KISA KOLLU TRİKO HIRKA,1490
RAINCOAT,KISA SU GEÇİRMEZ TRENÇKOT ZW COLLECTION,3690
JACKET,ZW KOLEKSİYONU MUMLU GÖRÜNÜMLÜ CEKET,4490
JACKET,OVERSIZE SUNİ SÜET BIKER CEKET,2990
JACKET,YUMUŞAK BOMBER CEKET,1790
JACKET,%100 SÜET DERİ CEKET,7290
BLAZER,SET DİK YAKA CEKET,2790
CARDIGAN,SUNI SÜET KAYIŞLI CEKET,2990
JACKET,ZW COLLECTION MUMLU CEKET,4490
CARDIGAN,AKICI DİK YAKA CEKET,2490
CARDIGAN,SUNİ SÜET ANVELOP CEKET,2990
JACKET,%100 SÜET DERİ CEPLİ CEKET,8990
JACKET,ÇIKARILABİLİR KAPÜŞONLU CEKET,2290
BLAZER,KETEN RUSTİK ŞİŞME MONT,2490
JACKET,ELASTİK KENARLI DİK YAKA CEKET,2290
JACKET,ZW COLLECTION SUNİ DERİ CEKET,2990
BLAZER,KAZAYAĞI SUNİ DERİ DETAYLI CEKET,2990
JACKET,KEMERLİ SUNİ DERİ CEKET ZW COLLECTION,4490
COAT,ÖRGÜ BOMBER CEKET,2990
JACKET,ZW COLLECTİON ÇİFT YÜZLÜ CEKET,4990
JACKET,ÇİFT TARAFLI ZW KOLEKSİYONU CEKET,4990
JACKET,ÇIKARILABİLİR KLASİK YAKA MUMLU PELERİN,2990
JACKET,%100 SÜET DERİ DİK YAKA CEKET,7990
JACKET,%100 DERİ BOMBER CEKET,6290
JACKET,SUNİ DERİ DETAYLI BOMBER CEKET,2490
JACKET,DÜĞMELİ FİT KESİM CEKET,2790
WAISTCOAT,KEMERLİ OMUZ PEDLİ KRUVAZE YELEK,1790
JACKET,%100 DERİ BOMBER CEKET ZW COLLECTION LIMITED EDITION,11990
JACKET,ZW COLLECTION LIMITED EDITION DERİ BOMBER CEKET,11990
JACKET,SUNİ DERİ BIKER CEKET,2490
JACKET,KAPÜŞONLU KAUÇUK CEKET,2290
JACKET,PEPLUM CEKET,2290
JACKET,KAPÜŞONLU SUNİ DERİ CEKET,2490
JACKET,%100 DERİ SÜET DAR KESİM CEKET,8990
BLAZER,KAPAKLI CEPLİ KISA CEKET,1790
BLAZER,AYARLANABİLİR BEL DİK YAKA CEKET,2290
BLAZER,ZW COLLECTION PULLU FRANSIZ CEKET,6290
BLAZER,SATEN BALON BOMBER CEKET SETİ,1790
JACKET,SUNİ DERİ DİK YAKA CEKET,2990
JACKET,SUNİ DERİ CEKET ZW COLLECTION,4990
BLAZER,KARELİ KRUVAZE CEKET ZW COLLECTION,4990
JACKET,OVERSIZE %100 DERİ CEKET,10590
JACKET,SUNİ DERİ BOMBER CEKET,3690
JACKET,ZW COLLECTION SUNİ DERİ CEKET,3690
JACKET,OVERSIZE SUNİ DERİ CEKET ZW COLLECTION,3690
JACKET,KISA ŞİŞME MONT,1190
CARDIGAN,OVERSIZE FERMUARLI BOMBER CEKET,2490
JACKET,KISA SUNİ DERİ CEKET,2990
JACKET,SUNİ DERİ BOMBER CEKET,2490
JACKET,SUNİ DERİ TRABİLLA CEKET,2990
BLAZER,DİK YAKA KISA CEKET,2490
JACKET,DİK YAKA BOMBER CEKET,1690
JACKET,FERMUARLI YUMUŞAK CEKET,1790
RAINCOAT,CROP CEKET - THE ITEM ZARA WOMAN,6290
JACKET,SUNİ DERİ KISA BOMBER CEKET,2490
JACKET,UZUN DİK YAKA CEKET,3690
JACKET,OVERSIZE DİK YAKA BOMBER CEKET,2990
JACKET,VATKALI OMUZLU ŞİŞME MONT,2990
JACKET,SUNİ DERİ BOMBER CEKET,2990
JACKET,OMUZLARI VATKALI SUNİ DERİ BOMBER CEKET,2490
JACKET,SUNİ DERİ CEKET OMUZ TRABZANLI,2990
WAISTCOAT,SUNI DERİ TRABİLLA YELEK,2290
CARDIGAN,CROP SUNİ SÜET CEKET,2290
JACKET,ZW COLLECTION SUNİ DERİ CEKET,4490
JACKET,KISA KOLLU BALON PARKA,2490
BLAZER,LASTİKLİ KISA CEKET,2290
BLAZER,ELASTİK BEL SUNİ DERİ CEKET,2290
JACKET,KISA ŞİŞME MONT,2490
JACKET,DİK YAKA CEKET,2490
JACKET,ZW COLLECTION SUNİ DERİ PELERİN CEKET,3690
SHIRT,PEPLUM SUNİ DERİ CEKET - THE ITEM ZARA WOMAN,2990
BLAZER,DÜĞMELİ KISA CEKET - THE ITEM ZARA WOMAN,5690
JACKET,KISA SUNİ SÜET CEKET,1790
BLAZER,KARELİ BOMBER ZW COLLECTION,5690
JACKET,OVERSIZE DİKİŞLİ CEKET,2290
JACKET,FIRFIRLI FERMUARLI CEKET,2490
JACKET,Z1975 DENİM CEKET,1790
JACKET,SUNİ DERİ BALON CEKET,2490
JACKET,%100 ESKİTME DERİ CEKET,8990
COAT,KRUVAZE ÖRGÜ BOMBER CEKET,2990
JACKET,CROP DENİM İNCE CEKET TRF,1790
JACKET,KISA BALON TRENÇKOT,2990
JACKET,ZW COLLECTION SUNİ DERİ BOMBER CEKET,3690
JACKET,KROŞE YAKALI SAFARİ CEKET,2490
JACKET,KARELİ NAYLON CEKET,1790
JACKET,ÇİFT YÜZLÜ SUNİ KÜRK ÇİFT TARAFLI CEKET,3690
JACKET,ZW COLLECTION DENİM CEKET,2990
JACKET,KRUVAZE YUMUŞAK CEKET,2990
JACKET,VOLÜMLÜ SUNİ DERİ CEKET,2490
JACKET,KAPÜŞONLU YUMUŞAK OVERSIZE BOMBER CEKET,2290
BLAZER,KISA DOKULU CEKET TAKIMI,2490
BLAZER,RUSTİK DOKUMA BLAZER TAKIM,2490
JACKET,LASTİKLİ KAPÜŞONLU CEKET,2290
JACKET,ZW KOLEKSİYONU ÇİFT YÜZLÜ BOMBER CEKET,4990
JACKET,YÜN KARIŞIMLI BOMBER CEKET ZW COLLECTION,4990
JACKET,Z1975 DENİM BOMBER CEKET,2490
JACKET,KEMERLİ SUNİ SÜET CEKET,2490
JACKET,PİLELİ SUNİ DERİ CEKET,2490
BLAZER,KISA CEKET YAKA SET,2290
BLAZER,DİK YAKA BOMBER CEKET TAKIMI,2790
JACKET,DİK YAKA ŞİŞME BOMBER CEKET,2490
COAT,ÇİFT TARAFLI CEKET,4490
JACKET,YIKANMIŞ GÖRÜNÜMLÜ ZIMBALI CEKET,2990
JACKET,YUMUŞAK KAPÜŞONLU OVERSIZE BOMBER CEKET,2290
JACKET,VATKALI Z1975 CEKET,2790
JACKET,DİK YAKA KAPAKLI CEPLİ CEKET,1790
BLAZER,BALON CEKET TAKIMI,2290
JACKET,KOT GÖRÜNÜMLÜ DERİ CEKET,3690
BLAZER,CROP DİK YAKA CEKET,2490
BLAZER,DİK YAKA CROP CEKET,2490
JACKET,FERMUARLI TRF DENİM CEKET,1790
JACKET,SOLUK EFEKTLİ POPLİN CEKET,1790
JACKET,TRF KALPLİ DENİM CEKET,2490
JACKET,KISA BÜZGÜLÜ TRENÇKOT,2990
BLAZER,BALIKSIRTI CEPLİ CEKET,2490
BLAZER,KAPÜŞONLU BOMBER CEKET,1790
JACKET,YIKANMIŞ GÖRÜNÜMLÜ BALIK SIRTI CEKET,2490
JACKET,BALON BOMBER CEKET,2490
JACKET,OVERSIZE NAYLON CEKET,2290
CARDIGAN,SUNİ SÜET İNCE CEKET,2290
JACKET,LASTİKLİ KENARLI CEKET,2290
BLAZER,KRUVAZE PİLİLİ CEKET ZW COLLECTION,4990
JACKET,YIKANMIŞ GÖRÜNÜMLÜ CEKET,2490
JACKET,%100 SÜET DERİ CEKET,7990
JACKET,TRF DISTRESSED CROP DENIM CEKET,1790
JACKET,ÇİFT TARAFLI CEKET,3690
JACKET,KAPÜŞONLU YUMUŞAK CEKET,2290
BLAZER,%100 DERİ ÖZEL DİKİM BLAZER,7990
JACKET,SUNİ DERİ KISA CEKET,2490
JACKET,%100 SÜET DERİ BOMBER CEKET,8990
COAT,YÜN KARIŞIMLI PELERİN ZW COLLECTION LIMITED EDITION,7990
JACKET,Z1975 KOMBİNE DENİM CEKET,2490
JACKET,%100 SÜET DERİ CEKET,6290
JACKET,Z1975 KISA KONTRAST DENİM CEKET,2490
JACKET,MUMU GÖRÜNÜMLÜ FITİLLİ KADİFE YAKALI CEKET ZW COLLECTION,4990
BLAZER,ZW COLLECTION YÜN KISA CEKET,4490
JACKET,ÇİFT YÜZLÜ SUNİ KÜRK CEKET,4490
BLAZER,KISA DÖKÜMLÜ TRENÇKOT ZW COLLECTION,3690
JACKET,CEPLİ DENİM CEKET,1790
JACKET,PİLİLİ TRF DENİM CEKET,2490
JACKET,PUANTİYE DESENLİ ŞİŞME CEKET,2490
JACKET,ÇİFT TARAFLI SUNİ DERİ CEKET,4490
BLAZER,LASTİK BEL SUNİ DERİ CEKET,2290
JACKET,SÜET DERİ CEKET ZW COLLECTION LIMITED EDITION,7990
BLAZER,ZW COLLECTION LIMITED EDITION JAKARLI KISA CEKET,7990
BLAZER,SAFARİ CEKET,1790
JACKET,VATKALI SUNİ DERİ BIKER CEKET,2990
JACKET,ÇİFT YÜZLÜ SUNİ DERİ BOMBER CEKET,4490
JACKET,Z1975 DİK YAKA DENİM BOMBER CEKET,2290
JACKET,BALON KOLLU KETEN CEKET,2290
BLAZER,%100 DERİ CEKET - THE ITEM ZARA WOMAN,17990
JACKET,KAPÜŞONLU SUNİ SÜET OVERSIZE BOMBER CEKET,1790
JACKET,SUNİ DERİ BOMBER CEKET,1590
RAINCOAT,KISA KRUVAZE TRENÇKOT,2490
RAINCOAT,KISA KÜRK YAKALI TRENÇKOT ZW COLLECTION,2490
JACKET,KAPÜŞONLU ŞİŞME MONT,1490
JACKET,ZW COLLECTION SUNİ DERİ BOMBER CEKET,2490
JACKET,YUMUŞAK BOMBER CEKET,1090
JACKET,ÇIKARILABİLİR EŞARPLI BOMBER CEKET,1090
JACKET,SUNİ DERİ BOMBER CEKET ZW COLLECTION,2490
JACKET,NEFES ALABİLEN SU GEÇİRMEZ KAYAK KOLEKSİYONU CEKETİ,1790
COAT,LIMITED EDITION DESENLİ İPEK FRAK KABAN,8990
COAT,LIMITED EDITION FRİNGED DOKULU KABAN,7290
RAINCOAT,KISA KOLLU KISA TRENÇKOT,2490
JACKET,KISA SUNİ DERİ TRENÇKOT,3690
RAINCOAT,KRUVAZE KISA TRENÇKOT,2490
RAINCOAT,KISA KONTRAST YAKA TRENÇKOT,2490
JACKET,KONTRAST ŞİŞME MONT,2290
RAINCOAT,KEMERLİ UZUN TRENÇKOT,3690
RAINCOAT,KEMERLİ UZUN SU GEÇİRMEZ RÜZGARLIK TRENÇKOT,3690
RAINCOAT,OVERSIZE KARELİ MANŞETLİ TRENÇKOT,4490
RAINCOAT,SU GEÇİRMEZ KISA TRENÇKOT ZW COLLECTION,3690
RAINCOAT,KEMERLİ OVERSIZE TRENÇKOT ZW COLLECTION,5690
RAINCOAT,ZW COLLECTION OVERSIZE SU GEÇİRMEZ TRENÇKOT,4490
RAINCOAT,KISA SU GEÇİRMEZ TRENÇKOT ZW COLLECTION,3690
RAINCOAT,KEMERLİ TRENÇKOT ZW COLLECTION,4990
COAT,YUMUŞAK VATKALI KABAN,2490
ANORAK,RÜZGAR GEÇİRMEZ SU GEÇİRMEZ ŞİŞME MONT,2990
ANORAK,SU GEÇİRMEZ RÜZGAR GEÇİRMEZ KAPÜŞONLU ŞİŞME MONT,4490
RAINCOAT,ZW COLLECTION OVERSIZE TRENÇKOT,4490
RAINCOAT,ZW COLLECTION DİK YAKA TRENÇKOT,4990
JACKET,%100 DERİ KABAN ZW COLLECTION LIMITED EDITION,10590
COAT,ZW COLLECTION ÇİFT YÜZLÜ KABAN,4990
COAT,BOYUNLU UZUN YÜN KABAN,5690
RAINCOAT,KONTRAST YAKA KAPÜŞONLU TRENÇKOT ZW COLLECTION LIMITED EDITION,5690
COAT,UZUN KRUVAZE KABAN,6290
COAT,YÜNLÜ KISA KRUVAZE PALTO,4490
RAINCOAT,UZUN SUNİ SÜET KEMERLİ TRENÇKOT,2490
JACKET,SU GEÇİRMEZ KAPÜŞONLU KAPİTONE CEKET,2490
ANORAK,SU VE RÜZGAR GEÇİRMEZ KISA KAPÜŞONLU ANORAK,2990
BLAZER,KISA DÖKÜMLÜ TRENÇKOT ZW COLLECTION,3690
BLAZER,ZW COLLECTION KISA DÖKÜMLÜ TRENÇKOT,3690
COAT,YUMUŞAK OVERSIZE KABAN,3690
COAT,DİK YAKA KISA KABAN,2790
RAINCOAT,SUNİ SÜET KABAN,2990
JACKET,ZW COLLECTION YÜN KISA KABAN,5690
COAT,MANTECO YÜN KARIŞIMLI PELERİN ZW COLLECTION,6290
RAINCOAT,KARELİ OVERSIZE TRENÇKOT ZW COLLECTION,6290
BLAZER,ZW COLLECTION KISA DÖKÜMLÜ TRENÇKOT,4490
COAT,UZUN KEMERLİ YÜN KABAN,6290
JACKET,SUNİ KÜRKLÜ KISA KABAN,3690
JACKET,ZW KOLEKSİYONU ÇİFT YÜZLÜ BOMBER CEKET,4990
COAT,YÜN KARIŞIMLI CROP KABAN,4490
JACKET,KEMERLİ YÜN KISA KABAN,3690
JACKET,OVERSIZE UZUN TRENÇKOT,2990
RAINCOAT,KEMERLİ UZUN SUNİ SÜET TRENÇKOT,2490
JACKET,KRUVAZE KISA KABAN,2490
RAINCOAT,2’Sİ 1 ARADA ÇIKARILABİLİR YELEKLİ TRENÇKOT - THE ITEM ZARA WOMAN,7290
RAINCOAT,OVERSIZE PARKA ZW COLLECTION,4990
RAINCOAT,OVERSIZE TRENÇKOT ZW COLLECTION,4490
RAINCOAT,ZW COLLECTION KEMERLİ OVERSIZE TRENÇKOT,5690
RAINCOAT,ZW COLLECTION LIMITED EDITION OVERSIZE TRENÇKOT,7990
COAT,KISA SUNİ KÜRK KABAN,4490
JACKET,KRUVAZE KISA %100 DERİ TRENÇKOT,6690
ANORAK,KAPÜŞONLU %60 KUŞ TÜYÜ %40 SÜSLÜ DÜĞMELİ ANORAK,6290
ANORAK,%70 KUŞ TÜYÜ %30 PLÜM DOLGULU KAPÜŞONLU ELDİVENLİ SU GEÇİRMEZ ANORAK,7290
COAT,KAPÜŞONLU YUMUŞAK KABAN,2490
COAT,KISA DİK YAKA KABAN,2790
COAT,ZW COLLECTION KRUVAZE DÖKÜMLÜ KABAN,7290
COAT,%100 SÜET DERİ KABAN ZW COLLECTION LIMITED EDITION,8990
COAT,KARELİ TRENÇKOT ZW COLLECTION LIMITED EDITION,7990
RAINCOAT,OVERSIZE KARELİ TRENÇKOT ZW COLLECTION,5690
COAT,ZW COLLECTION KONTRAST UZUN TRENÇKOT,7990
JACKET,ÇİFT TARAFLI ZW KOLEKSİYONU CEKET,4990
COAT,EKSTRA UZUN KARELİ YÜN KABAN,8990
ANORAK,SU GEÇİRMEZ RÜZGAR GEÇİRMEZ %70 KUŞ TÜYÜ %30 KAZ TÜYÜ ANORAK,7290
ANORAK,RÜZGAR GEÇİRMEZ KUMAŞ ASTARLI YARIM UZUN ANORAK,3690
COAT,SUNİ YÜNLÜ KABAN,4990
COAT,OVERSIZE KARELİ KABAN,3690
JACKET,RÜZGAR GEÇİRMEZ SU İTİCİ KAPÜŞONLU ŞİŞME ANORAK,2990
JACKET,KISA BÜZGÜLÜ TRENÇKOT,2990
COAT,YÜN KABAN DİK YAKA,5690
COAT,ZW COLLECTION KEMERLİ DÖKÜMLÜ TRENÇKOT,6290
COAT,VÜCUDA OTURAN MANTECO YÜN KABAN ZW COLLECTION LIMITED EDITION,8990
COAT,%100 KETEN FRAK KABAN ZW COLLECTION,6690
ANORAK,SU GEÇİRMEZ RÜZGAR GEÇİRMEZ SUNİ DERİ ETKİLİ ŞİŞME ANORAK,2990
JACKET,SU İTİCİ RÜZGARLIK SUNİ YÜNLÜ KAPÜŞONLU ANORAK,4490
COAT,OVERSIZE TRENÇKOT EŞARP ZW LIMITED EDITION KOLEKSİYONU,6690
BLAZER,ZW COLLECTION KEMERLİ DÖKÜMLÜ CEKET,5690
COAT,KARELİ YÜN KARIŞIMLI PELERİN ZW COLLECTION LIMITED EDITION,7990
RAINCOAT,KONTRAST ZW KOLEKSİYON PARKA,5690
ANORAK,KARELİ KAPİTONE ANORAK,2990
COAT,HAYVAN DESENLİ KABAN - THE ITEM ZARA WOMAN,7990
JACKET,KISA BALON TRENÇKOT,2990
JACKET,PÖTİKARELİ TRENÇKOT,3690
COAT,KEMERLİ SUNİ KÜRK YAKA YÜN KABAN,6290
COAT,YÜN KISA KABAN,3690
COAT,LIMITED EDITION %100 SÜET DERİ KABAN,17990
ANORAK,RÜZGAR GEÇİRMEZ KUMAŞ YARI UZUN ANORAK,3690
ANORAK,KISA SU VE RÜZGAR GEÇİRMEZ KAPİTONE ANORAK,3690
RAINCOAT,SUNİ KÜRK YAKA TRENÇKOT ZW COLLECTION,2490
COAT,KARELİ KOMBİNE TRENÇKOT ZW COLLECTION LİMİTED EDITION,8990
COAT,FERMUARLI KISA SUNİ KÜRK KABAN,4490
COAT,KISA SUNİ KÜRK KABAN,2290
ANORAK,RÜZGAR GEÇİRMEZ KAPLAMALI YARI UZUN ANORAK,2290
COAT,YÜKSEK YAKA YÜN KISA KABAN,2290
JACKET,KONTRAST ŞİŞME MONT,1490
COAT,YUMUŞAK BASIC KABAN,1090
JACKET,KLAPA YAKA KISA SUNİ KÜRKLÜ KABAN,2290
JACKET,KISA SUNİ KÜRK KLAPA YAKA KABAN,2290
COAT,KISA YÜN KABAN,2290
ANORAK,KAPÜŞONLU UZUN 70% KUŞ TÜYÜ 30% YUMUŞAK TÜY DOLGULU SU VE RÜZGAR GEÇİRMEZ ANORAK,3690
ANORAK,%80 KUŞ TÜYÜ %20 KAZ TÜYÜ DOLGULU SU GEÇİRMEZ RÜZGAR GEÇİRMEZ RECCO® TEKNOLOJİLİ KAYAK KOLEKSİYONU ANORAK,5690
ANORAK,%80 KUŞ TÜYÜ %20 KAZ TÜYÜ DOLGULU SU VE RÜZGAR GEÇİRMEZ RECCO® TEKNOLOJİLİ KAYAK KOLEKSİYONU ANORAK,5690
ANORAK,%80 KAZ TÜYÜ %20 KUŞ TÜYÜ DOLGULU SU GEÇİRMEZ RÜZGARLIK RECCO® TEKNOLOJİLİ KAYAK KOLEKSİYONU ANORAK,5690
JACKET,RECCO® TECHNOLOGY KAYAK KOLEKSİYONU SUNİ KÜRKLÜ KISA KAPÜŞONLU KABAN,2990
JACKET,SUNİ YÜNLÜ HEIQ XREFLEX™ RECCO® TECHNOLOGY KAYAK KOLEKSİYONU CROP KABAN,2990
ANORAK,SU GEÇİRMEZ RÜZGARLIKLI RECCO® TEKNOLOJİLİ KAYAK KOLEKSİYONU KAPÜŞONLU KUŞ TÜYÜ ŞİŞME MONT,5690
ANORAK,SUNI YÜNLÜ %80 KAZ TÜYÜ %20 KUŞ TÜYÜ DOLGULU ANORAK HEIQ XREFLEX™ RECCO® TECHNOLOGY KAYAK KOLEKSİYONU,5690
CARDIGAN,LİMİTED EDİTİON KETEN KARIŞIMLI ÇİZGİLİ BLAZER,5690
CARDIGAN,AKICI KUMAŞ BLAZER – LIMITED EDITION,3690
BLAZER,İNCE ÇİZGİLİ DİK YAKA BLAZER – ZW COLLECTION,4990
WAISTCOAT,ZW COLLECTION FİT YELEK,2990
BLAZER,KETEN KIVRIK KOLLU BLAZER,2490
BLAZER,VATKALI BALON BEL KRUVAZE BLAZER,3690
BLAZER,DANTEL DETAYLI CROP BLAZER,2490
BLAZER,KRUVAZE DANTELLİ CEKET,2490
BLAZER,ZW COLLECTION KONTRAST VÜCUDA OTURAN BLAZER,6290
BLAZER,ZW COLLECTION KONTRAST FİT BLAZER,4990
BLAZER,ZW COLLECTION LIMITED EDITION VÜCUDA OTURAN DERİ BLAZER,11990
BLAZER,ZW COLLECTION YAMA CEP BLAZER,3690
BLAZER,ZW COLLECTION KARELİ BLAZER,3690
BLAZER,KRUVAZE OVERSIZE BLAZER,2490
WAISTCOAT,KETEN SET YELEK,1790
BLAZER,"BASKILI MANŞETLİ, KIVRIK KOLLU BLAZER",2490
BLAZER,DESENLİ MANŞETLİ BLAZER,2490
BLAZER,OMUZLARI TÜYLÜ BLAZER TAKIM,4990
BLAZER,VATKALI OVERSIZE KRUVAZE BLAZER,2790
BLAZER,BALIK SIRTI DESENLİ %100 KETEN BLAZER TAKIM,3690
BLAZER,KETEN KRUVAZE KATLANIR KOLLU BLAZER TAKIMI,2490
BLAZER,KETEN KRUVAZE KOLU KATLANABİLİR TAKIM BLAZER,2490
BLAZER,KEMERLİ BALIK SIRTI BLAZER,3490
BLAZER,KIRIŞIK GÖRÜNÜMLÜ AKICI BLAZER TAKIM,2290
BLAZER,ASKILI KETEN KISA BLAZER,2490
BLAZER,YAKASIZ VÜCUDA OTURAN BLAZER,2990
BLAZER,VATKALI VÜCUDA OTURAN BLAZER,3490
BLAZER,KONTRAST DİKİŞLİ OVERSIZE BLAZER,3690
BLAZER,METALİK İPLİ DOKULU BLAZER,2990
BLAZER,KRUVAZE KISA BLAZER,2490
BLAZER,KIVRIK KOLLU VE DESENLİ MANŞETLİ BLAZER,2490
BLAZER,SMOKİN BLAZER TAKIM,2990
BLAZER,BALON KOLLU BLAZER,2990
BLAZER,%100 KETEN VATKALI BLAZER TAKIM,3690
BLAZER,KETEN KRUVAZE BAĞCIKLI BLAZER TAKIMI,3490
BLAZER,%100 KETEN KRUVAZE BLAZER TAKIM,3690
BLAZER,FULAR BAĞLAMA DETAYLI BLAZER TAKIM,2990
BLAZER,AÇIK KIVRIK KOLLU BLAZER,2490
BLAZER,PEPLUM ÇİZGİLİ BLAZER,2490
BLAZER,VATKALI VÜCUDA OTURAN BLAZER,2990
BLAZER,KRUVAZE SUNİ DERİ BLAZER,2990
BLAZER,ZW COLLECTION DİK YAKA BLAZER,4990
BLAZER,KONTRAST KENARLI BLAZER,2990
BLAZER,%100 SÜET DERİ KRUVAZE BLAZER,7990
BLAZER,ZW COLLECTION VÜCUDA OTURAN BLAZER,5690
BLAZER,ZW COLLECTION PULLU FRANSIZ CEKET,6290
BLAZER,ZW KOLEKSİYON STREÇ BLAZER,4490
BLAZER,VATKALI VÜCUDA OTURAN BLAZER,3690
BLAZER,DÜĞMELİ VÜCUDA OTURAN BLAZER,2990
BLAZER,VATKALI KRUVAZE BLAZER TAKIM,3690
BLAZER,OVERSIZE KRUVAZE BLAZER,2490
BLAZER,SUNI DERİ VÜCUDA OTURAN BLAZER,3490
BLAZER,AKSESUARLI VÜCUDA OTURAN BLAZER CEKET,3690
BLAZER,YÜN PEPLUM BLAZER ZW KOLEKSİYONU,5690
BLAZER,KONTRAST DİKİŞLİ BLAZER ZW COLLECTION LIMITED EDITION,7990
BLAZER,ÇİFT KUMAŞ ÇİZGİLİ OVERSIZE BLAZER,3690
SHIRT,TAŞ DÜĞMELİ DOKULU CROP BLAZER ZW COLLECTION,2990
BLAZER,KRUVAZE KLAPA YAKA BLAZER TAKIM,2790
BLAZER,DİK YAKA DÜĞMELİ BLAZER ZW COLLECTION,4990
BLAZER,VATKALI STRAIGHT FIT BLAZER,2490
BLAZER,OMUZ PEDLİ KADİFE BLAZER,3490
BLAZER,DRAPE YAKA BLAZER,3490
BLAZER,ZW COLLECTION LIMITED EDITION YÜNLÜ KARELİ ASİMETRİK BLAZER,6690
BLAZER,PÖTİKARELİ KRUVAZE OVERSIZE BLAZER,2990
BLAZER,KEMERLİ PÖTİKARELİ BLAZER,2790
BLAZER,YÜN KARIŞIMLI BLAZER ZW COLLECTION,5690
BLAZER,SUNİ KÜRK MANŞETLİ YAPILI BLAZER,3490
BLAZER,MAXİ YAMA CEPLİ OVERSIZE BLAZER,3690
BLAZER,İNCE ÇİZGİLİ OVERSIZE BLAZER,2990
BLAZER,OVERSIZE BLAZER ÜST DİKİŞLİ,3690
BLAZER,ASİMETRİK BLAZER ZW COLLECTION,5690
BLAZER,ZW COLLECTION KISA KOLLU CROP BLAZER,3690
BLAZER,VATKALI CROP BLAZER,2490
BLAZER,VOLANLI BLAZER ZW COLLECTİON LIMITED EDITION,6290
BLAZER,ZW COLLECTION KRUVAZE BLAZER,4990
BLAZER,RUSTİK DOKUMA BLAZER TAKIM,2490
BLAZER,KETEN KRUVAZE BLAZER,2490
BLAZER,KISA KOLLU BLAZER TAKIM,2490
BLAZER,KARELİ KRUVAZE OVERSIZE BLAZER,2490
BLAZER,OMUZ PEDLİ VÜCUDA OTURAN BLAZER,3490
BLAZER,PÖTİKARELİ OVERSIZE BLAZER,2990
BLAZER,KISA YAMA CEP BLAZER,2290
BLAZER,ZW COLLECTION KLAPASIZ UZUN BLAZER,6290
BLAZER,ZW COLLECTION KISA KOLLU KETEN BLAZER,4490
BLAZER,ZW COLLECTION LIMITED EDITION MİNİMAL UZUN BLAZER,6290
BLAZER,İNCE ÇİZGİLİ BLAZER ELBİSE ZW COLLECTION,6290
BLAZER,İNCE ÇİZGİLİ BLAZER TAKIM,2790
BLAZER,ZW COLLECTION KARELİ KONTRAST YAKALI BLAZER,4990
BLAZER,YÜN KARIŞIMLI VÜCUDA OTURAN BLAZER ZW COLLECTION,6290
BLAZER,KAPLAMALI DÜĞMELİ KETEN BLAZER TAKIMI,2990
BLAZER,DÜĞMELİ YÜNLÜ BLAZER ZW COLLECTION LIMITED EDITION,5690
BLAZER,ZW COLLECTION YÜN KISA CEKET,4490
BLAZER,ZW COLLECTİON DÜĞMELİ CEKET,2990
BLAZER,ÇİZGİLİ FERMUARLI CEKET,2290
BLAZER,BONCUKLU SAÇAKLI CROP BLAZER,2990
BLAZER,VATKALI STRAIGHT FIT BLAZER,1490
BLAZER,VÜCUDA OTURAN BELİRGİN OMUZLU BLAZER,1690
DRESS,LIMITED EDITION RAMİ DESENLİ ELBİSE,7290
DRESS,LIMITED EDITION DANTEL DESENLİ ELBİSE,7990
DRESS,LIMITED EDITION DANTEL FIRFIRLI ELBİSE,7990
DRESS,LIMITED EDITION KOMBİNE DANTEL ELBİSE,7990
DRESS,LIMITED EDITION DESENLİ YAMALI ELBİSE,6290
DRESS,HALTER YAKA POPLİN ELBİSE,2290
DRESS,KARE YAKA BAĞCIKLI KISA ELBİSE,1790
DRESS,UZUN KONTRAST TRİKO ELBİSE,2490
DRESS,ASİMETRİK DOKULU ELBİSE,2490
DRESS,BALON DOKULU MİNİ ELBİSE,2290
DRESS,KONTRAST KEMERLİ FIRFIRLI ELBİSE,2790
DRESS,JAKARLI KISA ELBİSE,2290
OVERALL,Z1975 HALTER DENİM KEMERLİ TULUM,2490
DRESS,POLİAMİD KARIŞIMLI ASKILI ELBİSE,990
DRESS,ASKILI POLİAMİD KARIŞIMLI ELBİSE,990
DRESS,PUANTİYE DESENLİ MİNİ ELBİSE,2290
OVERALL,GENİŞ KEMERLİ TULUM,2490
DRESS,KEMERLİ MİDİ ELBİSE,2490
DRESS,DANTEL DETAYLI MİDİ ELBİSE,2290
DRESS,KONTRAST DÜZ YAKA ELBİSE,1790
DRESS,PUANTİYE DESENLİ HALTER FULAR ELBİSE,1790
DRESS,PUANTİYE DESENLİ HALTER ELBİSE,1790
DRESS,DRAPELİ PARLAK MİNİ ELBİSE,2990
DRESS,BONCUK İŞLEMELİ MİNİ ELBİSE,2990
DRESS,PULLU SAÇAKLI ELBİSE ZW COLLECTION,6290
DRESS,İŞLEMELİ MİDİ ELBİSE ZW COLLECTION,3690
DRESS,ZW COLLECTION KISA ELBİSE,2290
DRESS,UZUN DANTEL ELBİSE,1790
DRESS,DANTEL FIRFIRLI ELBİSE,1590
DRESS,DRAPELİ MİDİ ELBİSE,1590
DRESS,DRAPE DETAYLI MİDİ ELBİSE,1590
DRESS,DANTELLİ KISA SATEN ELBİSE,2990
DRESS,%100 VİSKOZ UZUN DANTELLİ ELBİSE,4990
DRESS,KEMERLİ PUANTİYE ELBİSE,1790
DRESS,PUANTİYE DESENLİ UZUN TÜL ELBİSE,2490
DRESS,PUANTİYE DESENLİ KOMBİNE ELBİSE,2290
DRESS,KEMERLİ ÇİZGİLİ MİDİ ELBİSE,2490
DRESS,ÇİZGİLİ MİNİ ELBİSE,1790
DRESS,SOLUK POPLİN ELBİSE,1590
DRESS,FIRFIRLI ÇİÇEK DESENLİ ELBİSE,2290
DRESS,BALON KOLLU KISA ELBİSE,2490
DRESS,ZW COLLECTION KONTRAST ASİMETRİK ELBİSE,5690
DRESS,DANTEL DETAYLI SATEN ELBİSE ZW COLLECTION,2990
DRESS,%100 KETEN ASİMETRİK MİDİ ELBİSE,2990
DRESS,PUANTİYE DESENLİ MİDİ ELBİSE,2290
DRESS,VOLÜMLÜ HALTER YAKA MİDİ ELBİSE,2290
DRESS,PİLİLİ CEPLİ KISA ELBİSE,2290
DRESS,PENCERE DETAYLI ASİMETRİK FLOKLU TÜL ELBİSE,1790
DRESS,PUANTİYE DESENLİ MİNİ ASKILI ELBİSE,1790
DRESS,DRAPELİ MİNİ HALTER ELBİSE,1590
DRESS,BAĞCIKLI KISA ELBİSE,1790
DRESS,BAĞCIKLI PUANTİYE DESENLİ KISA ELBİSE,1790
DRESS,ZW COLLECTION KISA ELBİSE,1790
DRESS,FIRFIRLI DENIM ELBİSE,1590
DRESS,Z1975 KISA DENİM ELBİSE,1790
DRESS,ASİMETRİK KISA ELBİSE,1590
OVERALL,Z1975 UZUN DENİM TULUM,2490
DRESS,PAMUKLU UZUN ELBİSE,1590
DRESS,KARELİ FIRFIRLI KISA ELBİSE,1790
DRESS,FIRFIRLI KARELİ KISA ELBİSE,1790
DRESS,ASİMETRİK MİDİ ELBİSE,1590
DRESS,MİDİ MÜSLİN GODET ELBİSE,2490
DRESS,DÜĞMELİ MİDİ ELBİSE,1590
DRESS,KORSE TARZI DRAPELİ ELBİSE,2490
DRESS,PEPLUM KESİM HACİMLİ ELBİSE,2490
DRESS,KISA POLİAMİD KARIŞIMLI ELBİSE,1790
DRESS,VÜCUDA OTURAN MİDİ ELBİSE,2490
DRESS,KONTRAST MİDİ ELBİSE,2290
DRESS,MİNİ BALON ELBİSE,1590
OVERALL,PİLİLİ NAYLON TULUM,2490
DRESS,KISA FIRFIRLI ELBİSE,1790
DRESS,PUANTİYE DESENLİ MİDİ ELBİSE ZW COLLECTION,2990
DRESS,ZW COLLECTION KATLI POPLİN ELBİSE,2790
DRESS,BALON KESİM KISA ELBİSE,1790
DRESS,PİLİLİ KISA CEPLİ ELBİSE,2290
DRESS,KADİFE DRAPELİ MİDİ ELBİSE,1790
DRESS,ZW COLLECTION SATEN HALTER ELBİSE,6690
DRESS,ÇİZGİLİ GÖMLEK MİDİ ELBİSE,2290
DRESS,KETEN KARIŞIMLI MİDİ ELBİSE ZW COLLECTION,2990
DRESS,KALP YAKA ELBİSE,2290
DRESS,ASKILI KISA ELBİSE,1690
DRESS,KISA TULUM ELBİSE,1790
DRESS,GODETLİ POPLİN ELBİSE,2290
DRESS,ÇİZGİLİ KEMERLİ MİDİ ELBİSE,2790
DRESS,DANTELLİ HALTER ELBİSE,1190
DRESS,ÇİZGİLİ KISA ELBİSE,1790
DRESS,FERMUARLI TRF DENİM ELBİSE,2290
DRESS,BAĞCIKLI NAYLON MİDİ ELBİSE,2290
DRESS,PÖTİKARELİ MİDİ ELBİSE,2290
DRESS,PULLU MİDİ ELBİSE,4490
DRESS,PUANTİYELİ TRİKO ELBİSE,2290
DRESS,PUANTİYE DESENLİ MİNİ ELBİSE,1690
DRESS,CEPLİ KISA PİLİLİ ELBİSE,2290
DRESS,KORSE TARZI KISA ELBİSE,2490
DRESS,DÖKÜMLÜ MİDİ ELBİSE,2290
DRESS,HALTER YAKA GODETLİ MİDİ ELBİSE,2290
DRESS,ASKILI MİDİ ELBİSE,1090
DRESS,KISA BALON KOLLU TRİKO ELBİSE,1790
DRESS,KISA SUNİ SÜET ELBİSE,1790
DRESS,FIRFIRLI MİNİ ELBİSE,1790
DRESS,TRF KISA DENİM ELBİSE,1590
DRESS,TRENÇKOT CEPLİ ELBİSE,1790
DRESS,"PİLİLİ, CEPLİ KISA ELBİSE",2290
DRESS,KISA PİLİLİ CEPLİ ELBİSE,1790
DRESS,KARELİ KISA ELBİSE,2290
DRESS,GENİŞ KESİM KISA ELBİSE,1790
DRESS,KORSE TARZI ELBİSE,1790
OVERALL,FERMUARLI KISA TULUM,1790
DRESS,ASİMETRİK MİDİ ELBİSE,2490
DRESS,VOLANLI MİDİ ELBİSE,2290
DRESS,BÜZGÜLÜ KISA ELBİSE,1090
DRESS,MİNİ POPLİN ELBİSE,1790
DRESS,PÖTİKARELİ TULUM ELBİSE,1790
DRESS,AÇIK SIRTLI ELBİSE,1590
DRESS,KISA ELBİSE ZW COLLECTION,1790
DRESS,STREÇ KALP DESENLİ ELBİSE,1690
DRESS,İNCE ÇİZGİLİ KISA ELBİSE,1490
DRESS,ASİMETRİK KESİM KISA ELBİSE,1790
OVERALL,KEMERLİ ÇİZGİLİ KISA TULUM,1790
DRESS,ASİMETRİK TRF DENİM ELBİSE,1790
DRESS,MİNİ DÖKÜMLÜ ELBİSE,1590
DRESS,PENCERE DETAYLI DÖKÜMLÜ ELBİSE,1790
DRESS,HALTER YAKA MİDİ ELBİSE,1790
DRESS,HALTER YAKA DÖKÜMLÜ ELBİSE,1490
DRESS,KISA GÖMLEK ELBİSE ZW COLLECTION,2990
DRESS,AYRILABİLİR ÜST KATMANLI KOMBİNE ELBİSE ZW COLLECTION,3690
DRESS,KISA GÖMLEK ELBİSE,1790
DRESS,ASİMETRİK PUANTİYE ELBİSE,2990
DRESS,STRAPLEZ PUANTİYE DESENLİ ELBİSE,1790
DRESS,PUANTİYE DESENLİ KISA ELBİSE,1790
DRESS,FIRFIRLI DANTEL MİDİ ELBİSE,2990
DRESS,MİDİ DRAPELİ PARLAK ELBİSE,2490
DRESS,STREÇ KISA DANTEL ELBİSE,1590
DRESS,ZW COLLECTION KATLAMALI ASKILI ELBİSE,2790
DRESS,YAPILI PARLAK TAŞ DÜĞMELİ MİDİ ELBİSE ZW COLLECTION,3690
DRESS,ASKILI ASİMETRİK ELBİSE,1190
DRESS,KONTRAST AKSESUARLI MİDİ ELBİSE,2490
DRESS,%100 İPEK DRAPE ELBİSE,9590
DRESS,STRAPLEZ BALON ELBİSE,2490
DRESS,DEKOLTELİ SIRT DETAYLI MİDİ ELBİSE,2290
DRESS,HALTER YAKA SLIP ELBİSE,2490
DRESS,KEMERLİ MİNİ ELBİSE,2490
DRESS,KEMERLİ KARELİ VOLANLI KISA ELBİSE,2290
DRESS,KONTRAST ASKILI ELBİSE,1790
DRESS,DRAPELİ KUŞAKLI MİNİ ELBİSE,1790
DRESS,KONTRAST TÜLLÜ HALTER ELBİSE,1590
DRESS,ASKILI MİNİ ELBİSE,1790
DRESS,FİYONKLU ASİMETRİK KISA ELBİSE,2490
DRESS,KARELİ GÖMLEK ELBİSE,2490
OVERALL,KEMERLİ PÖTİKARELİ KONTRAST TULUM,2490
DRESS,Z1975 KEMERLİ KISA DENİM ELBİSE,2290
DRESS,PULLU PELERİN ELBİSE ZW COLLECTION,6290
OVERALL,DRAPELİ KUŞAKLI UZUN TULUM,2990
DRESS,İŞLEMELİ UZUN ELBİSE ZW COLLECTION,4490
DRESS,ZW COLLECTION SATEN HALTE ELBİSE,2990
DRESS,FİYONKLU MİNİ ELBİSE,1790
DRESS,KISA BALON ELBİSE,1790
DRESS,MİDİ BÜZGÜLÜ ELBİSE,2490
DRESS,KALP YAKA ELBİSE,1790
DRESS,BAĞCIKLI MİDİ ELBİSE ZW COLLECTION,2790
DRESS,ZW COLLECTION DÖKÜMLÜ HALTER ELBİSE,4990
DRESS,BÜZGÜLÜ DANTELLİ MİDİ ELBİSE,1790
DRESS,DANTELLİ BÜZGÜLÜ ELBİSE,1690
DRESS,YIRTMAÇLI UZUN ELBİSE,1490
DRESS,PLİSELİ DÖKÜMLÜ MİDİ ELBİSE,2490
DRESS,BALON KOLLU MİDİ ELBİSE,2790
DRESS,KEMERLİ ÇİZGİLİ KOMBİNE MİDİ ELBİSE,2790
DRESS,YAN KUŞAKLI ELBİSE,2490
DRESS,BALON HALTER ELBİSE,2490
DRESS,DÜŞÜK KOLLU TRİKO ELBİSE,2290
DRESS,İNTERLOK KISA ELBİSE,1090
DRESS,STRAPLEZ ELBİSE,1790
DRESS,ASİMETRİK UZUN ELBİSE,1790
DRESS,KISA BALON ELBİSE,2290
DRESS,MİDİ KABARTMALI FIRFIRLI ELBİSE,2290
DRESS,VOLANLI KISA ELBİSE,1790
DRESS,KONTRAST KUMAŞ MIDI ELBİSE,1590
DRESS,KONTRAST PULLU KISA ELBİSE,2290
DRESS,SATEN FOULARD ELBİSE,1590
DRESS,SATEN YÜZEYLİ HALTER ELBİSE,1590
OVERALL,HALTER KEMERLİ TULUM,2490
DRESS,SUNİ SÜET ELBİSE,2490
DRESS,DANTELLİ KISA ELBİSE,1790
DRESS,DOKULU SKATER ELBİSE,1690
DRESS,KEMERLİ DOKULU MİDİ ELBİSE,1790
DRESS,UZUN FİTİLLİ ELBİSE,1590
DRESS,FİTİLLİ UZUN ELBİSE,1590
DRESS,NAYLON BALON ELBİSE,1790
DRESS,DALGALI FİTİLLİ TRİKO ELBİSE,1790
DRESS,FIRFIRLI POPLİN ELBİSE,2290
DRESS,PÖTİKARELİ GÖMLEK ELBİSE ZW COLLECTION,2990
DRESS,ZW COLLECTION DANTEL MİDİ ELBİSE,3690
DRESS,ZW COLLECTION KISA POPLİN ELBİSE,2490
DRESS,ZW COLLECTION HALER SATEN DANTEL ELBİSE,2990
DRESS,KEMERLİ TRİKO ELBİSE,2290
DRESS,HALTER YAKA KISA ELBİSE,1790
DRESS,SIRT DEKOLTELİ HALTER ELBİSE,1790
DRESS,STREÇ DANTELLİ KISA ELBİSE,1590
DRESS,BALON KISA ELBİSE,2490
DRESS,PARLAK DANTEL HALTER ELBİSE,1790
DRESS,UZUN DANTEL ELBİSE,2490
DRESS,FIRFIRLI KISA SATEN YÜZEYLİ ELBİSE,2290
DRESS,İNTERLOK KISA ELBİSE,1590
DRESS,KONTRAST MİDİ ELBİSE,2490
OVERALL,ZW COLLECTION FİYONKLU SATEN TULUM,2990
DRESS,ZW COLLECTION HALTER YAKA MİDİ ELBİSE,2990
DRESS,STRAPLEZ DOKULU ELBİSE,1690
DRESS,DRAPELİ UZUN ELBİSE,1790
DRESS,KISA KONTRAST YARASA KOLLU ELBİSE,2290
DRESS,UZUN DÖKÜMLÜ ELBİSE,1790
DRESS,Keten Kemerli Midi Elbise,2490
DRESS,VATKALI DRAPELİ ELBİSE,1590
DRESS,PENCERE DETAYLI DÖKÜMLÜ ELBİSE,2290
DRESS,ÇİÇEK DESENLİ KEMERLİ ELBİSE,2790
DRESS,PİLİLİ MİDİ ELBİSE,2290
DRESS,KEMERLİ KISA SUNİ DERİ ELBİSE,2490
DRESS,BALON KOLLU POPLİN MİDİ ELBİSE,2490
DRESS,KONTRAST TÜL UZUN ELBİSE,1790
DRESS,KONTRAST TÜL DETAYLI UZUN ELBİSE,1790
DRESS,GODET KOMBİNE ELBİSE,1190
DRESS,BOUCLÉ ÇİZGİLİ ELBİSE,1490
DRESS,BALON KOLLU BUKLE ELBİSE,1590
DRESS,ASTARLI BANDEAU ELBİSE,1190
DRESS,DANTEL DETAYLI TRİKO MİDİ ELBİSE,2990
DRESS,STRAPLEZ ASTARLI ELBİSE,1190
DRESS,KREPE V YAKA ELBİSE,1590
DRESS,FIRFIRLI KISA ELBİSE,2490
DRESS,KAPLAMALI İŞLEMELİ DESENLİ ELBİSE,1790
DRESS,UZUN ÇİZGİLİ PİLİSELİ DOKULU ELBİSE,1790
DRESS,SUNİ KÜRK DETAYLI TRİKO ELBİSE,1790
DRESS,ASKILI MİDİ ELBİSE,1790
DRESS,ÇOK YÖNLÜ YAKALI VİSKOZ KARIŞIMLI ELBİSE,6290
DRESS,KISA KOMBİNE FIRFIRLI ELBİSE,1490
DRESS,BALON TULUM ELBİSE,1790
DRESS,KONTRAST BALON ELBİSE,1590
DRESS,MİDİ TRENÇKOT ELBİSE,1790
DRESS,Dantel Detaylı Mini Elbise,1490
DRESS,KISA DANTELLİ ELBİSE,1790
DRESS,PİLİLİ JAKARLI ELBİSE,1590
DRESS,DOKULU HALTER ELBİSE,1790
DRESS,V YAKA KISA ELBİSE,1190
DRESS,PARLAK MİNİ HALTER ELBİSE,2290
DRESS,KONTRAST PUANTİYE ELBİSE,1790
DRESS,KORSE TARZI KISA ELBİSE,1790
DRESS,BALON HALTER ELBİSE,1790
DRESS,KISA DİK YAKA ELBİSE,1190
DRESS,DİK YAKA KISA ELBİSE,1190
DRESS,KEMERLİ ÇİÇEK DESENLİ MİDİ ELBİSE,2490
DRESS,Z1975 KISA BALON KOLLU DENİM ELBİSE,1790
DRESS,KRUVAZE KISA ELBİSE,2490
DRESS,%100 SÜET KISA ELBİSE,6290
DRESS,BALON KOLLU KISA FİTİLLİ TRİKO ELBİSE,1790
DRESS,KEMERLİ SUNİ SÜET MİNİ ELBİSE,2290
DRESS,ZW COLLECTION ASİMETRİK MİDİ ELBİSE,2990
DRESS,PENCERE DETAYLI KETEN ELBİSE ZW COLLECTION,2490
DRESS,DRAPELİ YAKA SATEN ELBİSE,3690
DRESS,ASKILI DÖKÜMLÜ MİDİ ELBİSE,1590
DRESS,ASİMETRİK ASKILI ELBİSE,1190
DRESS,RUSTİK MİDİ ELBİSE,1490
DRESS,PİLİLİ POPLİN ELBİSE ZW COLLECTION,2990
DRESS,ASİMETRİK SATEN YÜZEYLİ ELBİSE ZW COLLECTION,2490
DRESS,KISA BALON JAKARLI ELBİSE,2490
DRESS,MİDİ GÖMLEK ELBİSE,2290
DRESS,BÜZGÜLÜ DANTELLİ KISA ELBİSE,1590
DRESS,FİTİLLİ MİDİ ELBİSE,2490
DRESS,BALON KOLLU DESENLİ MİDİ ELBİSE,2490
DRESS,DÜĞÜMLÜ FIRFIRLI ELBİSE,2290
DRESS,KOLSUZ KETEN MİDİ ELBİSE,2490
DRESS,KISA KOLLU UZUN ELBİSE,1190
DRESS,UZUN KONTRAST ELBİSE,2290
DRESS,DEKOLTELİ SIRT ELBİSESİ,1790
DRESS,KISA KOMBİNE DANTELLİ ELBİSE,2290
DRESS,KISA KOMBİNE DANTEL ELBİSE,2290
DRESS,KONTRAST BALON ELBİSE,2290
DRESS,KEMERLİ PLİSE MİDİ ELBİSE,2790
DRESS,KISA POPLİN HALTER BALON ELBİSE,1790
DRESS,KISA GODET DANTEL ELBİSE,2290
DRESS,DÜĞMELİ MİDİ ELBİSE,1790
DRESS,KARELİ MİNİ FIRFIRLI ELBİSE,1790
DRESS,GLOBO SUNİ DERİ TULUM ELBİSE,2290
DRESS,ASKILI KARELİ MİDİ ELBİSE,1790
DRESS,DÖKÜMLÜ HALTER YAKA ELBİSE,1790
DRESS,PÖTİKARELİ KORSE GÖRÜNÜMLÜ ELBİSE,1790
DRESS,PENCERE DETAYLI DANTEL ELBİSE,1790
DRESS,NAYLON VOLÜMLÜ ELBİSE,2290
DRESS,BÜZGÜLÜ BALON ELBİSE,1790
DRESS,DANTELLİ KOMBİNE ELBİSE,2290
DRESS,DRAPELİ HALTER YAKA ELBİSE,1590
DRESS,ZW COLLECTION DRAPELİ MİDİ ELBİSE,3690
SHIRT,ZW COLLECTION ASİMETRİK KISA ELBİSE,2490
DRESS,ZW COLLECTION DANTEL ELBİSE,3690
DRESS,DANTELLİ KAMİSOL ELBİSE,2490
DRESS,SATEN YÜZEYLİ DANTEL ELBİSE ZW COLLECTION,2990
DRESS,İNTERLOK KISA ELBİSE,1490
DRESS,KISA SUNİ SÜET ELBİSE,2490
DRESS,KISA FIRFIRLI ELBİSE,2290
DRESS,KEMERLİ ASİMETRİK MİNİ ELBİSE,2290
DRESS,PUANTİYE DESENLİ KISA TULUM ELBİSE,1790
DRESS,FIRFIRLI KONTRAST ELBİSE,1790
DRESS,ASİMETRİK DANTEL SATEN ELBİSE,3690
DRESS,DRAPELİ PULLU MİDİ ELBİSE ZW COLLECTION,3690
DRESS,VOLANLI UZUN ELBİSE,2790
DRESS,PUANTİYE DESENLİ MİNİ ELBİSE,1790
DRESS,V YAKA TRİKO MİDİ ELBİSE,2490
DRESS,SATEN ÇİÇEK DESENLİ MİNİ ELBİSE,1790
DRESS,ASKILI ÇİÇEK DESENLİ ELBİSE,1790
DRESS,DANTELLİ MİNİ ELBİSE,2490
DRESS,KISA DANTELLİ PÜSKÜLLÜ ELBİSE,4990
DRESS,PENCERE DETAYLI STREÇ TRİKO ELBİSE,1490
DRESS,PENCERE DETAYLI STREÇ TRİKO ELBİSE,1590
DRESS,PENCERE DETAYLI STREÇ TRİKO MİDİ ELBİSE,1590
DRESS,KUŞAKLI TRİKO ELBİSE,2290
DRESS,TRF DENİM MİDİ STRAPLEZ ELBİSE,2290
DRESS,HALTER UZUN ELBİSE,4490
DRESS,KONTRAST FİLE VE DANTEL UZUN ELBİSE,6290
DRESS,BALIK SIRTI DESENLİ MİDİ ELBİSE,1790
DRESS,KONTRAST ÇİZGİLİ ELBİSE,1790
DRESS,ELASTİK KISA ELBİSE,1790
DRESS,%100 VİSKOZ ASİMETRİK DESENLİ ELBİSE,2990
DRESS,PİLİLİ DANTEL KONTRAST ELBİSE,5690
DRESS,ÇOK YÖNLÜ ASKILI ASTAR ELBİSE,1190
DRESS,ÇOK YÖNLÜ ASKILI ASTARLI ELBİSE,1190
DRESS,PULLU MİNİ ELBİSE,3690
DRESS,KONTRAST FİLELİ ELBİSE,2290
DRESS,BÜZGÜLÜ SATEN YÜZEYLİ MİDİ ELBİSE,1790
DRESS,ASİMETRİK ETEK UÇLU SATEN KISA ELBİSE,1790
DRESS,ZW COLLECTION DESENLİ MİDİ ELBİSE,5690
DRESS,PİLİLİ DANTEL ELBİSE ZW COLLECTION,3690
DRESS,ASKILI FIRFIRLI DANTELLİ ELBİSE,4990
DRESS,FIRFIRLI MİDİ ELBİSE,2990
DRESS,SATEN YÜZEYLİ FOULARDI KISA ELBİSE,1790
DRESS,ARKASI YAKA SATEN ELBİSE,4990
DRESS,MİDİ SATEN DANTEL ELBİSE,3690
OVERALL,HALTER YAKA ŞALVAR PANTOLON TULUM,2290
DRESS,POLİAMİD FERMUARLI KISA ELBİSE,1790
DRESS,DANTELLİ PÜSKÜLLÜ ASKILI ELBİSE,5690
DRESS,İPEK KARIŞIMLI DANTELLİ LINGERIE ELBİSE,4490
DRESS,ASİMETRİK %100 DERİ DANTEL ELBİSE,8990
DRESS,SOFT KISA DÜĞMELİ ELBİSE,1590
DRESS,DANTEL DETAYLI SATEN YÜZEYLİ LINGERIE ELBİSE,4490
DRESS,KONTRAST KUMAŞ MIDI ELBİSE,2490
DRESS,POLİAMİD BODY SHAPE MİNİ ELBİSE,2290
DRESS,STRAPLEZ TRİKO ELBİSE,2990
OVERALL,KEMERLİ UZUN TULUM,2490
DRESS,FIRFIRLI DANTEL ELBİSE ZW COLLECTION,6290
DRESS,KONTRAST POPLİN MİNİ ELBİSE,2290
DRESS,Dantelli Saten Elbise,2290
DRESS,PUANTİYE DESENLİ FIRFIRLI HALTER ELBİSE,1790
DRESS,DİKİŞSİZ DANTEL ASKILI ELBİSE,1490
DRESS,PUANTİYE DESENLİ DANTEL ELBİSE,4490
DRESS,KONTRAST DANTEL DETAYLI SATEN ELBİSE,4490
DRESS,METALİK İPLİK PÜSKÜLLÜ TRİKO ELBİSE,2990
DRESS,SATEN YÜZEYLİ MİNİ ELBİSE,2290
DRESS,KARELİ DANTELLİ KISA ELBİSE,1790
DRESS,DANTELLİ KOMBİNE SLIP ELBİSE,2490
DRESS,HALTER VİSKOZ %100 DÖKÜMLÜ V YAKA ELBİSE,5690
DRESS,UZUN SATEN YÜZEYLİ ELBİSE,5690
DRESS,ZW COLLECTION HALTER SATEN ELBİSE,2490
DRESS,ZW COLLECTION SATEN DANTEL ELBİSE,2990
DRESS,KISA YUMUŞAK TRİKO ELBİSE,1090
DRESS,KISA YUMUŞAK ÖRGÜ ELBİSE,1090
DRESS,MİNİ TRİKO ELBİSE,1090
SHIRT,LIMITED EDITION DANTEL YAKA POPLİN GÖMLEK,2990
SHIRT,ÇİZGİLİ ÇİÇEKLİ BLUZ - LIMITED EDITION,3690
SHIRT,LIMITED EDITION DANTEL VOLANLI GÖMLEK,3690
SHIRT,LIMITED EDITION BAĞCIKLI DANTELLİ GÖMLEK,3690
SHIRT,ÇİZGİLİ GÖMLEK - LIMITED EDITION,3690
SHIRT,BAĞCIK DETAYLI SINIRLI ÜRETİM DESENLİ BLUZ,3690
SHIRT,VATKALI FIRFIRLI SATEN BLUZ,1590
SHIRT,ZW COLLECTION PEPLUM ÇİZGİLİ GÖMLEK,2490
SHIRT,PEPLUM POPLIN GÖMLEK ZW COLLECTION,2490
SHIRT,BALON KETEN GÖMLEK,1590
SHIRT,BALON KOL KETEN GÖMLEK,1590
SHIRT,ZW COLLECTİON KETEN CEPLİ GÖMLEK,2290
SHIRT,ZW COLLECTION KETEN CEPLİ GÖMLEK,2290
SHIRT,Keten Karışımlı Hacimli Etek Uçlu Gömlek,1590
SHIRT,FIRFIRLI POPLİN GÖMLEK,1490
SHIRT,ZW COLLECTION DÖKÜMLÜ OVERSIZE GÖMLEK,1790
SHIRT,DÖKÜMLÜ OVERSIZE GÖMLEK ZW COLLECTION,1790
SHIRT,KABARTMA ÇİÇEK DESENLİ DÖKÜMLÜ GÖMLEK,1690
SHIRT,GENİŞ KOLLU KETEN GÖMLEK,1590
SHIRT,DANTEL ŞERİTLİ BALON KOLLU GÖMLEK,1590
SHIRT,OXFORD BASIC GÖMLEK,1490
SHIRT,PİLİLİ POPLİN GÖMLEK,1590
SHIRT,ÇİZGİLİ PAMUKLU GÖMLEK,1490
SHIRT,Z1975 DENIM GENİŞ KOLLU GÖMLEK SETİ,1590
SHIRT,KAPLAMALI İŞLEMELİ DESENLİ BLUZ,1790
SHIRT,PUANTİYELİ FİYONKLU BLUZ,1690
SHIRT,PUANTİYE DESENLİ VOLANLI BLUZ,1490
SHIRT,PÖTİKARELİ BALON GÖMLEK,1590
SHIRT,ZW COLLECTION PEPLUM DENIM GÖMLEK,2290
SHIRT,ZARA WOMAN COLLECTION PEPLUM POPLİN GÖMLEK,2490
SHIRT,POPLİN OVERSIZE GÖMLEK,1490
SHIRT,DANTEL ŞERİTLİ KISA GÖMLEK,1590
SHIRT,Z1975 KISA DENIM GÖMLEK TAKIMI,1590
SHIRT,ÇİÇEK DESENLİ ÇİZGİLİ GÖMLEK,1690
SHIRT,KETEN POLO YAKA BLUZ,1590
SHIRT,İŞLEMELİ BLUZ,1490
SHIRT,FİYONKLU KARELİ GÖMLEK,1590
SHIRT,PEPLUM POPLIN GÖMLEK ZW KOLEKSİYONU,2490
SHIRT,BAĞCIKLI ÇİZGİLİ GÖMLEK ZW COLLECTION,1790
SHIRT,FİYONKLU PUANTİYELİ BLUZ,1690
SHIRT,KETEN KARIŞIMLI DANTEL OVERSIZE GÖMLEK,2290
SHIRT,Z1975 ALTIN APLİKELİ DENIM GÖMLEK,1690
SHIRT,DRAPE DETAYLI VÜCUDA OTURAN GÖMLEK TAKIMI,1590
SHIRT,Z1975 BAĞCIKLI DENİM GÖMLEK,2290
SHIRT,ÇİZGİLİ TAPETALI KISA GÖMLEK,1490
SHIRT,ARKASI PENSLİ POPLİN GÖMLEK,1490
SHIRT,BAĞCIKLI ÇİZGİLİ BLUZ,1590
SHIRT,KONTRAST YAKA POPLİN GÖMLEK,1790
SHIRT,FIRFIRLI BLUZ,1490
SHIRT,Z1975 KAPAKLI KISA DENİM GÖMLEK SETİ,1590
SHIRT,Z1975 DENİM OVERSIZE GÖMLEK,1590
SHIRT,FİSTO İŞLEMELİ GÖMLEK,1690
SHIRT,PİLİLİ DÖKÜMLÜ GÖMLEK,1590
SHIRT,GENİŞ KOLLU OVERSIZE GÖMLEK,1590
SHIRT,KONTRAST MANŞETLİ ÇİZGİLİ OVERSIZE GÖMLEK,1690
SHIRT,FİYONKLU KARELİ PAMUKLU GÖMLEK ZW COLLECTION,2490
SHIRT,FIRFIRLI ÇİZGİLİ GÖMLEK,1590
SHIRT,FIRFIRLI DANTEL BLUZ,1790
SHIRT,VOLANLI DESENLİ BLUZ,1790
SHIRT,OVERSIZE YIKANMIŞ POPLİN GÖMLEK,1590
SHIRT,REGULAR TRF DENIM GÖMLEK,1790
SHIRT,SATEN GÖMLEK,1490
SHIRT,DAR KESİM POPLİN GÖMLEK,1590
SHIRT,BÜZGÜLÜ POPLİN TOP,1490
SHIRT,PUANTİYE SATEN GÖMLEK,1590
SHIRT,ASİMETRİK OXFORD GÖMLEK,1590
SHIRT,KARELİ OXFORD GÖMLEK,1590
SHIRT,DANTEL DETAYLI SATEN GÖMLEK,1590
SHIRT,İŞLEMELİ ZW COLLECTİON GÖMLEK,2290
SHIRT,SAFARİ DÖKÜMLÜ GÖMLEK,1790
SHIRT,VATKALI SATEN DESENLİ GÖMLEK,1590
SHIRT,OVERSIZE POPLİN GÖMLEK,1490
SHIRT,ZW COLLECTION SATEN YÜZEYLİ ASİMETRİK TOP,2290
SHIRT,ZW COLLECTION VOLANLI GÖMLEK,2990
SHIRT,ÇİÇEK DESENLİ POPLİN GÖMLEK,1590
SHIRT,DÖKÜMLÜ BALON BLUZ,1690
SHIRT,ÇİZGİLİ OXFORD GÖMLEK,1590
SHIRT,ÇİZGİLİ OVERSIZE GÖMLEK,1590
SHIRT,ZW COLLECTION PUANTİYE DESENLİ BLUZ,2490
SHIRT,BALON KOLLU ÇİZGİLİ FİYONKLU BLUZ,1590
SHIRT,BAĞCIKLI ÇİZGİLİ GÖMLEK,1790
SHIRT,BALON KOLLU ÇİZGİLİ GÖMLEK,1690
SHIRT,İNCE KEMERLİ SATEN BLUZ,1590
SHIRT,OVERSIZE PAMUKLU GÖMLEK,1190
SHIRT,FİYONKLU DOKULU TOP,1490
SHIRT,MÜSLİN OVERSIZE CEPLİ GÖMLEK,1190
SHIRT,ÇİZGİLİ POPLİN GÖMLEK,1590
SHIRT,OVERSIZE POPLİN GÖMLEK,1590
SHIRT,OVERSIZE MÜSLİN CEPLİ GÖMLEK,1190
SHIRT,OVERSIZE MÜSLİN GÖMLEK,1190
SHIRT,FIRFIRLI DANTEL ŞERİTLİ BLUZ,1490
SHIRT,DANTEL ŞERİTLİ FIRFIRLI BLUZ,1490
SHIRT,BAĞCIKLI SATEN GÖMLEK ZW COLLECTION,1790
SHIRT,ÇİZGİLİ BALON POPLİN GÖMLEK,1590
SHIRT,PUANTİYELİ KEMERLİ SATEN GÖMLEK,1590
SHIRT,DÜĞÜMLÜ KISA KOLLU GÖMLEK,1490
SHIRT,KISA KOLLU POPLİN GÖMLEK,1490
SHIRT,KRUVAZE ÇİZGİLİ GÖMLEK,1590
SHIRT,BAĞCIKLI ÇİZGİLİ GÖMLEK,1590
SHIRT,ZW COLLECTION DENİM GÖMLEK,2490
SHIRT,ZARA WOMAN COLLECTION POPLİN GÖMLEK,1790
SHIRT,KATMANLI KOMBİNE BLUZ,1490
SHIRT,FIRFIRLI BÜZGÜLÜ BLUZ,1590
SHIRT,OVERSIZE KARELİ KAPAKLI CEPLİ GÖMLEK ZW COLLECTION,2290
SHIRT,DÖKÜMLÜ CEPLİ GÖMLEK ZW COLLECTİON,2490
OTHERS,KONTRAST ÖRGÜ BLUZ,1790
SHIRT,KEMERLİ SATEN BLUZ,1590
SHIRT,ZW COLLECTION EŞARP DETAYLI GÖMLEK,1790
SHIRT,ZW COLLECTION PÜSKÜLLÜ MENDİLLİ GÖMLEK,2990
SHIRT,KRUVAZE DÖKÜMLÜ BLUZ ZW COLLECTION,2290
SHIRT,FİYONKLU GÖMLEK ZW COLLECTION,2290
SHIRT,İNCİ BONCUKLU POPLİN GÖMLEK,1590
SHIRT,DANTEL ŞERİTLİ VE PİLİLİ GÖMLEK,1790
SHIRT,ZW COLLECTION KROŞE BLUZ,1790
SHIRT,İŞLEMELİ PELERİN BLUZ ZW COLLECTION,2790
SHIRT,FİYONKLU DESENLİ GÖMLEK,1790
SHIRT,BEBE YAKA GÖMLEK,1590
SHIRT,BEBE YAKA ÇİÇEK DESENLİ GÖMLEK,1590
SHIRT,HACİMLİ KENAR GÖMLEK,1590
SHIRT,BALON KOL PUANTİYE DESENLİ BLUZ,1790
SHIRT,BONCUKLU ÇİÇEK DESENLİ BLUZ,1690
SHIRT,SAFARİ ÇİZGİLİ GÖMLEK,1790
SHIRT,ZW COLLECTION LIMITED EDITION FIRFIRLI DÖKÜMLÜ GÖMLEK,2490
OTHERS,KOTONLU T-SHIRT,790
SHIRT,ZW KADIN SATEN GÖMLEK,1790
SHIRT,ZW COLLECTION DANTEL DETAYLI KOLSUZ BLUZ,2290
SHIRT,KARELİ KETEN GÖMLEK ZW COLLECTION,2490
SHIRT,ZW COLLECTION DÖKÜMLÜ GÖMLEK,1790
SHIRT,ÇİZGİLİ GÖMLEK ZW KOLEKSİYONU,1790
SHIRT,DRAPELİ FİYONKLU BLUZ,1690
SHIRT,ÇİÇEK DESENLİ YARI TRANSPARAN BLUZ,1790
SHIRT,BONCUKLU ÇİÇEK DESENLİ GÖMLEK,1590
SHIRT,KETEN SAFARİ GÖMLEK TAKIMI,2290
SHIRT,FIRFIRLI ÇİZGİLİ BLUZ,1590
SHIRT,FİSTO İŞLEMELİ GÖMLEK,1590
SHIRT,METALİK İPLİKLİ FIRFIRLI ÇİZGİLİ GÖMLEK,1590
SHIRT,TRF DENIM GÖMLEK,2490
SHIRT,YUMUŞAK DOKULU VÜCUDA OTURAN GÖMLEK,1690
SHIRT,FIRFIRLI POPLİN BLUZ,1590
SHIRT,YARASA KOLLU ÇİZGİLİ OVERSIZE GÖMLEK,1590
SHIRT,ÇİZGİLİ YARASA KOLLU OVERSIZE GÖMLEK,1590
SHIRT,OVERSIZE OXFORD GÖMLEK,1590
SHIRT,TOKALI ÇİZGİLİ GÖMLEK,1790
SHIRT,YANLARI BAĞCIKLI ÇİZGİLİ GÖMLEK,1690
SHIRT,GENİŞ MANŞETLİ ÇİZGİLİ GÖMLEK,1690
SHIRT,İŞLEMELİ ROMANTİK BLUZ,1590
SHIRT,FIRFIRLI KARELİ BLUZ,1690
SHIRT,KONTRAST POPLİN GÖMLEK,1790
SHIRT,ÇİZGİLİ SATEN GÖMLEK,1590
SHIRT,ÇİÇEK DESENLİ SATEN GÖMLEK,1590
SHIRT,VATKALI DÖKÜMLÜ BLUZ,1590
SHIRT,ZW COLLECTION OVERSIZE POPLİN GÖMLEK,2490
SHIRT,ZW COLLECTION CEPLİ POPLİN GÖMLEK,2290
SHIRT,İŞLEMELİ BALON GÖMLEK,1690
SHIRT,İŞLEMELİ ÇİÇEK DESENLİ BLUZ,1790
SHIRT,KARELİ OVERSIZE GÖMLEK,1590
SHIRT,OMUZLARI KAYIŞLI KISA GÖMLEK,1590
SHIRT,BELİ KESİMLİ SATEN GÖMLEK,1690
SHIRT,DESENLİ SATEN BLUZ,1590
SHIRT,ROMANTİK FİSTO İŞLEMELİ BLUZ,1690
SHIRT,V YAKA POPLİN GÖMLEK,1690
SHIRT,KONTRAST KAPÜŞONLU SWEATSHIRT GÖMLEK,1790
SHIRT,ASİMETRİK FIRFIRLI ASKILI TOP,1590
SHIRT,KARELİ POPLİN GÖMLEK,1490
SHIRT,BALON KESİM POPLİN GÖMLEK,1590
SHIRT,ÇİZGİLİ BALON KOLLU GÖMLEK,1690
SHIRT,DÖKÜMLÜ OVERSIZE GÖMLEK,1590
SHIRT,OVERSIZE DÖKÜMLÜ GÖMLEK,1590
SHIRT,FIRFIRLI ÇİZGİLİ GÖMLEK,1690
SHIRT,DESENLİ FİYONKLU BLUZ,1590
SHIRT,CEPLİ KETEN GÖMLEK ZW COLLECTION,2490
SHIRT,ROMANTİK BALON KOLLU BLUZ,1690
SHIRT,OVERSIZE AKICI ÇİZGİLİ GÖMLEK ZW COLLECTION,2790
SHIRT,V YAKA ZW COLLECTION GÖMLEK,1790
SHIRT,ÇİZGİLİ POPLİN GÖMLEK ZW COLLECTION,2290
SHIRT,ÇIKARILABİLİR YAKALI ÇİZGİLİ GÖMLEK ZW COLLECTION,2290
SHIRT,KARELİ GÖMLEK ZW COLLECTION,1790
SHIRT,SAFARİ POPLİN GÖMLEK,1590
SHIRT,OVERSIZE EKOSOSE GÖMLEK,1590
SHIRT,KARELİ PETEK GÖMLEK,1690
SHIRT,KARELİ BAĞCIK DETAYLI VOLANLI BLUZ,1590
SHIRT,VÜCUDA OTURAN POPLİN GÖMLEK,1490
SHIRT,OTURAN KESİM ÇİZGİLİ GÖMLEK,1590
SHIRT,BÜZGÜLÜ GÖMLEK,1590
SHIRT,ÇİZGİLİ PETEK DOKULU GÖMLEK,1590
SHIRT,KAYIŞLI KISA GÖMLEK,1590
SHIRT,BALON KOLLU POPLİN GÖMLEK,1690
SHIRT,ÇİZGİLİ OVERSIZE POPLIN GÖMLEK,1590
SHIRT,BELİ OTURTMALI ÇİZGİLİ GÖMLEK,1590
SHIRT,KISA ÇİZGİLİ GÖMLEK,1490
SHIRT,ÇİZGİLİ BALON GÖMLEK,1590
SHIRT,SATEN BALON GÖMLEK,1590
SHIRT,KISA KOLLU DÖKÜMLÜ GÖMLEK TAKIMI,1190
SHIRT,DÜĞMELİ POPLİN GÖMLEK,1790
SHIRT,İŞLEMELİ CROP GÖMLEK,1790
SHIRT,KETEN KARIŞIMLI DÖKÜMLÜ GÖMLEK,1490
SHIRT,ÇİZGİLİ YARASA KOLLU OVERSIZE GÖMLEK,1490
SHIRT,MENDİLLİ ÇİZGİLİ POPLİN GÖMLEK,1590
SHIRT,İŞLEMELİ MÜSLİN GÖMLEK,1590
SHIRT,YIKANMIŞ POPLİN GÖMLEK,1490
SHIRT,İŞLEMELİ GÖMLEK ZW COLLECTION,2290
SHIRT,ZW COLLECTION İŞLEMELİ GÖMLEK,2490
SHIRT,PÖTİKARELİ LASTİKLİ GÖMLEK,1590
SHIRT,VÜCUDA OTURAN KARELİ GÖMLEK,1590
SHIRT,BAĞCIKLI CEPLİ GÖMLEK ZW COLLECTION,1790
SHIRT,OVERSIZE KRAVATLI GÖMLEK ZW COLLECTION LIMITED EDITION,2990
SHIRT,ÇOK YÖNLÜ KARELİ GÖMLEK,1690
SHIRT,BEBE YAKA KARELİ GÖMLEK,1590
SHIRT,KONTRAST YAKA ÇİZGİLİ GÖMLEK ZW COLLECTION,2290
SHIRT,ZW KOLEKSİYON İŞLEMELİ BLUZ,2490
SHIRT,EKOSEN MENDİLLİ GÖMLEK ZW COLLECTION,2490
SHIRT,KRUVAZE SATEN BLUZ,1590
SHIRT,BALON POPLİN GÖMLEK,1590
SHIRT,ZW COLLECTION SATEN DÖKÜMLÜ GÖMLEK,2290
SHIRT,İŞLEMELİ DÖKÜMLÜ GÖMLEK ZW COLLECTION,2290
SHIRT,ZW COLLECTION SATEN YÜZEYLİ GÖMLEK,2290
SHIRT,ZW COLLECTION SATEN YAMA CEPLİ GÖMLEK,2290
SHIRT,KARELİ KRUVAZE POPLİN GÖMLEK,1590
SHIRT,ÇİZGİLİ PATCHWORK POPLİN GÖMLEK,1690
SHIRT,DİK YAKA DÖKÜMLÜ GÖMLEK,1690
SHIRT,ZW COLLECTION YIRTMAÇLI PELERİN GÖMLEK,2290
SHIRT,OMUZ PEDLİ ÇİZGİLİ POPLİN GÖMLEK,1590
SHIRT,ARKASI PENSLİ KARELİ GÖMLEK,1590
SHIRT,BİSİKLET YAKA KARELİ BLUZ,1690
SHIRT,VOLANLI ÇİÇEK DESENLİ GÖMLEK,1590
SHIRT,KARELİ ELASTİK GÖMLEK,1590
SHIRT,İŞLEMELİ GÖMLEK ZW COLLECTION,2490
SHIRT,ZW COLLECTION İŞLEMELİ BLUZ,1790
SHIRT,BALON KOLLU GÖMLEK ZW COLLECTION,2290
SHIRT,ROMANTİK BLUZ ZW COLLECTION,2290
SHIRT,ZW COLLECTION ROMANTİK PAMUKLU GÖMLEK,1790
SHIRT,KONTRAST İŞLEMELİ BLUZ,1790
SHIRT,BAĞCIK DETAYLI V YAKA BLUZ ZW COLLECTİON,2290
SHIRT,ZW COLLECTION ASİMETRİK DÜĞMELİ GÖMLEK,1790
SHIRT,ZW COLLECTION DESENLİ DÖKÜMLÜ GÖMLEK,2790
SHIRT,ZW COLLECTION İŞLEMELİ CEPLİ GÖMLEK,1790
SHIRT,OVERSIZE DİK YAKA GÖMLEK,1790
SHIRT,KORDONLU KETEN SAFARİ GÖMLEK,1790
SHIRT,Keten Kısa Gömlek,1590
SHIRT,VOLANLI HACİMLİ BLUZ,1790
SHIRT,BALON KOLLU İŞLEMELİ BLUZ,1690
SHIRT,ÇİZGİLİ OVERSIZE GÖMLEK,1690
SHIRT,ASİMETRİK KENARLI SATEN GÖMLEK,1490
SHIRT,ZW COLLECTION ASİMETRİK POPLİN GÖMLEK,1790
SHIRT,TİŞÖRT KEMERLİ OVERSIZE GÖMLEK,1790
SHIRT,DÜZ POPLİN GÖMLEK,1490
SHIRT,LASTİKLİ BÜZGÜLÜ POPLİN GÖMLEK,1590
SHIRT,DELİKLİ İŞLEMELİ GÖMLEK,1790
SHIRT,VOLANLI BLUZ ZW COLLECTION,2290
SHIRT,ZW COLLECTION DANTEL ROMANTİK BLUZ,2490
SHIRT,ZW COLLECTION BAĞCIKLI ÇİZGİLİ GÖMLEK,1790
SHIRT,OVERSIZE KARELİ GÖMLEK,1590
SHIRT,BALON KOL ÇİZGİLİ POPLİN GÖMLEK,1590
SHIRT,ÇİZGİLİ POPLİN GÖMLEK,1490
SHIRT,BALON KOLLU POPLİN TOP,1490
SHIRT,BEBE YAKA FIRFIRLI GÖMLEK,1590
SHIRT,BALON SATEN BLUZ,1590
SHIRT,DİK YAKA SATEN BLUZ,1790
SHIRT,GENİŞ KOL EVLİ GÖMLEK,1590
SHIRT,İŞLEMELİ KARELİ GÖMLEK TAKIMI,1590
OTHERS,BAĞCIKLI SATEN GÖMLEK,2990
OTHERS,FİYONKLU ÇİZGİLİ GÖMLEK,2990
SHIRT,STREÇ KARELİ POPLİN GÖMLEK,1490
SHIRT,MÜSLİN İŞLEMELİ VE FIRFIRLI GÖMLEK,1790
SHIRT,ZW COLLECTION POPLİN GÖMLEK,1790
SHIRT,KARELİ FIRFIRLI BLUZ,1790
SHIRT,BÜZGÜLÜ GÖMLEK,1690
SHIRT,BANT YAKA GÖMLEK,1590
SHIRT,ZW COLLECTION ASİMETRİK POPLIN GÖMLEK,2490
SHIRT,PİLİLİ ASİMETRİK KENARLI GÖMLEK,1490
SHIRT,ZW COLLECTION BAĞLAMALI GÖMLEK,1790
SHIRT,ZW COLLECTION BAĞCIKLI GÖMLEK,1790
SHIRT,Z1975 GENİŞ KOLLU DENİM GÖMLEK,1690
SHIRT,BALON KESİM KARELİ GÖMLEK,1590
SHIRT,BAĞCIKLI ÇİZGİLİ GÖMLEK,1690
SHIRT,OVERSIZE POPLIN GÖMLEK,1590
SHIRT,TAFTA VÜCUDA OTURAN GÖMLEK,1590
SHIRT,TRF KISA KOLLU DENİM GÖMLEK,1590
SHIRT,CEPLİ KARELİ OVERSIZE GÖMLEK,1590
SHIRT,%100 İPEK GÖMLEK ZW COLLECTION,4490
SHIRT,DANTELLİ DÜĞMELİ GÖMLEK ZW COLLECTION LIMITED EDITION,2290
SHIRT,ÇİZGİLİ PLİSELİ GÖMLEK ZW COLLECTION LIMITED EDITION,2290
SHIRT,KOMBİNE POPLİN BLUZ,1790
SHIRT,KOMBİNE POPLİN GÖMLEK,1790
SHIRT,ZW COLLECTION SATEN GÖMLEK,1790
SHIRT,BALON KOLLU GÖMLEK ZW COLLECTION,1790
SHIRT,DANTELLİ MÜSLİN GÖMLEK,1790
SHIRT,DANTELLİ KAPLAMA DÜĞMELİ GÖMLEK,1790
SHIRT,HACİMLİ KOLLU ÇİZGİLİ GÖMLEK ZW COLLECTION,1790
SHIRT,BALON KOLLU KARELİ TOP,1590
SHIRT,KARELİ BALON KOLLU ASKILI TOP,1590
SHIRT,KARELİ VÜCUDA OTURAN GÖMLEK,1590
SHIRT,FIRFIRLI VE ZIMBALI POPLİN GÖMLEK,1590
SHIRT,KEMERLİ UZUN ÇİZGİLİ GÖMLEK,1590
SHIRT,BALON KOLLU GÖMLEK,1490
SHIRT,LIMITED EDITION SÜET DERİ CEPLİ GÖMLEK,17990
SHIRT,TÜYLÜ SATEN BLUZ,2290
SHIRT,BALON KOLLU BÜZGÜLÜ BLUZ,1490
OTHERS,ÇİZGİLİ PİJAMA GÖMLEĞİ,3690
SHIRT,PÖTİKARELİ BAĞCIKLI GÖMLEK ZW COLLECTION,2290
SHIRT,PİLELİ VOLANLI BLUZ,1590
SHIRT,PUANTİYE FİSTO İŞLEMELİ BLUZ,1590
SHIRT,CEPLİ GÖMLEK - THE ITEM ZARA WOMAN,2990
SHIRT,PEPLUM POPLİN GÖMLEK,1590
SHIRT,SUNI İNCİ BAĞCIKLI POPLİN GÖMLEK,1690
OTHERS,KONTRAST ÇİZGİLİ VİSKOZ KARIŞIM GÖMLEK,2990
SHIRT,ÇİZGİLİ DÖKÜMLÜ GÖMLEK ZW COLLECTION,1490
SHIRT,ZW COLLECTION DÖKÜMLÜ ÇİZGİLİ GÖMLEK,1490
SHIRT,KARELİ EŞARP DETAYLI GÖMLEK ZW COLLECTION,1190
SHIRT,EKOSENLİ EŞARP GÖMLEK ZW COLLECTION,1190
OTHERS,ASİMETRİK ÇİZGİLİ TRİKO TOP - THE ITEM ZARA WOMAN,2490
SWEATER,YARI TRANSPARAN TRİKO POLO T-SHIRT LIMITED EDITION,1790
SHIRT,LIMITED EDITION DANTEL DESENLİ TOP,2990
SHIRT,LIMITED EDITION DÜĞMELİ ROMANTİK TOP,2490
SHIRT,LIMITED EDITION ASKILI TOP,990
OTHERS,PEPLUM YUMUŞAK T-SHIRT,1090
SHIRT,FİYONKLU HALTER TOP,1490
SHIRT,BAĞCIKLI HALTER TOP,1490
SHIRT,GÜPÜRLÜ SÜSLÜ DÜĞMELİ TOP,1590
OTHERS,PENCERE DETAYLI BONCUKLU TRİKO TOP,1590
CARDIGAN,KISA KOLLU ÖRGÜ HIRKA,1190
SHIRT,İŞLEMELİ HAKİM YAKA GÖMLEK,1590
WAISTCOAT,FERMUARLI ÇİZGİLİ YELEK,1590
OTHERS,BAĞCIKLI KORSE TARZI ÖRGÜ TOP,1190
OTHERS,KIRIŞIK GÖRÜNÜMLÜ TRİKO TOP,1490
OTHERS,DANTEL ŞERİTLİ SATEN KAMİSOL TOP,2290
OTHERS,DOKULU KORSE TARZI TOP,1490
OTHERS,KONTRAST DANTEL ÜST CEKET,1090
OTHERS,ÇAPRAZ SIRT DETAYLI TRİKO TOP,1190
SHIRT,DANTEL ŞERİTLİ ASKILI TOP,590
SHIRT,BAĞCIKLI DEKOLTELİ TOP,1490
SHIRT,KARELİ BÜZGÜLÜ POPLİN TOP,1590
WAISTCOAT,DÜĞMELİ YELEK,1490
OTHERS,ÜST,1590
OTHERS,KORSE TARZI İŞLEMELİ TOP,1590
SHIRT,SUNİ DERİ TOKALI HALTER TOP,1590
SHIRT,Z1975 DENİM ASKILI KROP TOP,1490
SHIRT,İŞLEMELİ TOP,1490
OTHERS,RUSTİK ASİMETRİK TOP,990
OTHERS,ASİMETRİK RUSTİK TOP,990
OTHERS,PULLU KOMBİNE TRİKO TOP,1790
SHIRT,DANTELLİ GENİŞ YAKA TOP,790
OTHERS,AJURLU KOMBİNE TRİKO TOP,1490
SHIRT,KISA KOLLU DÜĞMELİ T-SHIRT,1090
SHIRT,HALTER KOLSUZ T-SHIRT,990
SHIRT,KOLSUZ T-SHIRT,990
OTHERS,FIRFIRLI AJURLU TRİKO TOP,1590
OTHERS,BAĞCIKLI DANTEL TOP,1090
SHIRT,PULLU ASKILI TOP,1790
SHIRT,PUANTİYELİ PULLU BANDEAU TOP,1790
SHIRT,KIRIŞIK GÖRÜNÜMLÜ CROP TOP,1490
SWEATER,POINTELLE TRİKO TOP,1690
OTHERS,KROŞE KENARLI TRİKO TOP,1090
OTHERS,DOKULU DİK YAKA ÜST,790
OTHERS,KALP YAKA BANDEAU TOP,790
SHIRT,BALON KOLLU ZW KOLEKSİYON TOPU,2490
SHIRT,BALON KOLLU ASKILI TOP,1690
SHIRT,DRAPELİ KRUVAZE YAKA TOP,1090
WAISTCOAT,LASTİKLİ KENARLI VATKALI YELEK,1790
WAISTCOAT,Z1975 KRUVAZE DENİM YELEK,1590
SHIRT,SATEN HALTER TOP,1190
OTHERS,YUMUŞAK ASİMETRİK TOP,1090
SHIRT,V YAKA FİTİLLİ TOP,490
WAISTCOAT,Z1975 DİK YAKA DENİM YELEK,1790
OTHERS,KORSE TARZI TRİKO TOP,1490
OTHERS,FİTİLLİ ÖRGÜ PEPLUM TOP,1490
SHIRT,FERMUARLI KORSE TARZI TOP,1490
OTHERS,DOKULU ÖRGÜ KONTRAST ASKILI TOP,1190
SHIRT,VATKALI KEMERLİ ÇİÇEK DESENLİ TOP,1490
SHIRT,KORSE TARZI ASKILI TOP,1590
SHIRT,PUANTİYE DESENLİ CROP TOP,1190
SHIRT,GEORGE HALTER YAKA TOP,1190
OTHERS,KAMİSOL TOP,990
OTHERS,STREÇ HALTER TOP,1090
SHIRT,POLİAMİD KARIŞIMLI TOP,1190
SHIRT,ZW COLLECTION %100 DERİ CROP TOP,2490
SHIRT,PUANTİYELİ HALTER TOP,1590
WAISTCOAT,BUSTİYER TİPİ VÜCUDA OTURAN YELEK TAKIMI,1790
OTHERS,SIRT DEKOLTELİ TRİKO TOP,1590
SHIRT,DANTELLİ KISA KOLLU T-SHIRT,1090
OTHERS,DANTEL UZUN KOLLU TOP,1090
SHIRT,BALON KOLLU TOP ZW KOLEKSİYONU,2490
SHIRT,ASİMETRİK BALON KOLLU TOP,1090
SHIRT,DRAPELİ ASİMETRİK TOP.,990
SHIRT,ASİMETRİK SATEN YÜZEYLİ KAMİSOL TOP,1490
SHIRT,DANTEL DETAYLI KORSE TARZI TOP,1590
OTHERS,ÖRGÜ PEPLUM TOP,1590
OTHERS,DÜĞÜMLÜ TRİKO TOP,1790
SHIRT,KORSE TARZI STRAPLEZ TOP,1490
OTHERS,GENİŞ KOLLU TRİKO TOP,1590
WAISTCOAT,Z1975 VÜCUDA OTURAN DENİM YELEK,1790
OTHERS,DİKİŞSİZ HALTER TOP,790
OTHERS,KARE YAKA ASKILI TOP,790
SHIRT,PUANTİYE DESENLİ BLUZ,1490
OTHERS,PENCERE DETAYLI STREÇ ÖRGÜ TOP,1490
OTHERS,YARI TRANSPARAN PUANTİYELİ TRİKO TOP,1490
OTHERS,RUSTİK KROŞE TOP,1590
DRESS,PATCHWORK ASKILI TOP,1590
OTHERS,FİTİLLİ TRİKO TOP,1490
OTHERS,STREÇ ÖRGÜ HALTER TOP,990
OTHERS,STREÇ HALTER ÖRGÜ TOP,990
SHIRT,GEORGETTE HALTER TOP,1190
SHIRT,VATKALI PÜSKÜLLÜ TOP,1490
SHIRT,KEMERLİ SUNİ DERİ TOP TAKIMI,1590
OTHERS,BURUŞUK EFEKTLİ SUNİ İNCİLİ TRİKO TOP,1790
OTHERS,FLOKLU TÜL HALTER TOP,1090
OTHERS,GENİŞ KOLLU TRİKO TOP,1190
SWEATER,PUANTİYE DESENLİ TRİKO TOP,1590
SHIRT,SATEN YÜZEYLİ HALTER TOP,1590
SHIRT,ZW COLLECTION KONTRAST DANTEL TOP,2490
OTHERS,KORSE TARZI DANTEL TOP,1190
OTHERS,DANTEL ŞERİTLİ KAMİSOL TOP,1090
OTHERS,DANTELLİ FİTİLLİ TOP,1090
OTHERS,BONCUK İŞLEMELİ TOP,1690
SHIRT,KONTRAST POLO TOP,1490
CARDIGAN,UYUMLU RENK İNCE FİTİLLİ TOP,1190
OTHERS,İNCELİ ÇİZGİLİ ASKILI TOP,1090
SHIRT,DÜĞMELİ STREÇ TOP,1590
OTHERS,ASİMETRİK DOKULU TOP,1190
SWEATER,ÇİZGİLİ CROP TOP,1490
WAISTCOAT,DÜĞMELİ KALP YAKA TOP,990
OTHERS,BUKLET KUMAŞ KOMBİNE TOP,1490
WAISTCOAT,DOKULU DÜĞMELİ YELEK TİPİ ÜST,1590
BODYSUIT,UZUN KOLLU POLİAMİD BODY,990
SHIRT,VATKALI DÖKÜMLÜ T-SHIRT,1190
OTHERS,DRAPELİ PAMUKLU TOP,990
OTHERS,DEKOLTELİ BALON KOL TOP,1590
BODYSUIT,STREÇ ÖRGÜ PENCERE DETAYLI HALTER BODY,1190
BODYSUIT,ESNEK ÖRGÜ HALTER BODY,1190
OTHERS,KALIN TRİKO TOP,1190
WAISTCOAT,PÖTİKARELİ HALTER TOP,1590
SHIRT,PÖTİKARELİ CROP TOP,1490
SHIRT,SUPIMA® ASİMETRİK TOP,1090
SHIRT,ÇİFT KATMANLI KOMBİNE TOP,1490
SHIRT,ASİMETRİK İNTERLOK TOP,1190
WAISTCOAT,FERMUARLI BALON YELEK,1690
SHIRT,BALON POPLİN TOP SET,1490
OTHERS,DRAPELİ ASİMETRİK TOP,990
SHIRT,Dantel Şeritli Kamisol Top ZW COLLECTION,1790
BODYSUIT,POLİAMİD İÇ ÇAMAŞIRI BODY,1090
SHIRT,TRF DENİM STRAPLEZ TOP,1490
OTHERS,KALPLİ İNCE TRİKO TOP,1490
OTHERS,UZUN KOLLU CROP TOP,1490
OTHERS,DANTEL DETAYLI FİTİLLİ TOP,1090
SHIRT,FİYONKLU DOKULU TOP,1490
SHIRT,KOLSUZ TOP,1090
SHIRT,RUSTİK ÇİFT ETKİLİ TOP,1090
SHIRT,DİK YAKA KOLSUZ TOP,490
OTHERS,PİLİLİ DOKULU TOP,1190
OTHERS,EKSTRA İNCE TRİKO TOP,1190
SHIRT,SUNİ DERİ PENS DETAYLI OMUZLU TOP,1590
SHIRT,KEMERLİ SUNİ DERİ TOP,1590
OTHERS,DRAPELİ ÖRGÜ TOP,1490
SHIRT,SATEN YÜZEYLİ HALTER TOP,1190
OTHERS,UZUN KOLLU INTERLOCK TOP,1190
OTHERS,KONTRAST FİTİL DETAYLI TRİKO TOP,1190
OTHERS,UZUN KOLLU CROP TOP,1190
OTHERS,ASKILI KORSE KOMBİN,1590
OTHERS,KISA KOLLU FİTİLLİ TRİKO TOP,990
OTHERS,BALIKÇI YAKA TRİKO TOP,1190
SHIRT,BALON KOLLU SUNİ İNCİ BAĞCIKLI TOP,1690
SHIRT,ASİMETRİK KAZAYAĞI DANTEL DETAYLI TOP,1590
SHIRT,ASİMETRİK RUSTİK DANTEL TOP,1090
OTHERS,INTERLOK HALTER TOP,1090
OTHERS,INTERLOCK HALTER TOP,1090
OTHERS,YUMUŞAK PEPLUM TOP,1090
SHIRT,İŞLEMELİ ASKILI TOP,1190
OTHERS,PENCERE DETAYLI KISA KOLLU TOP,1190
OTHERS,KISA KOLLU PENCERE DETAYLI TOP,1190
OTHERS,ASİMETRİK TRİKO KAZAK,1490
BODYSUIT,SIRT DEKOLTELİ DANTEL BODY,1490
OTHERS,BALON KOLLU BÜZGÜLÜ TOP,1490
OTHERS,LASTİKLİ BALON TOP,1590
WAISTCOAT,BALIK SIRTI YELEK,1590
WAISTCOAT,ASİMETRİK DANTEL DETAYLI TOP,1790
OTHERS,PUANTİYE DESENLİ STREÇ HALTER TOP,1090
OTHERS,DÜĞMELİ FİTİLLİ PEPLUM TOP,1490
SHIRT,DANTEL MANŞETLİ YARI TRANSPARAN TOP,1090
SHIRT,KORSE SIRTI TOP,990
SHIRT,PUANTİYE DESENLİ HALTER TOP ZW COLLECTION,1790
OTHERS,BELİRGİN OMUZLU TRİKO TOP,1490
SHIRT,STRAPLEZ TOP,1490
SWEATER,EKSTRA İNCE YÜN VE İPEK TOP,1790
SHIRT,UYUMLU RENK TÜL DETAYLI HALTER TOP,1490
SHIRT,KOMBİNE TÜL HALTER TOP,1490
SHIRT,ZW COLLECTION UZUN DANTELLİ TOP,2490
SWEATER,EKSTRA İNCE TRİKO TOP,1490
SHIRT,PÖTİKARELİ BÜZGÜLÜ TOP,1590
SHIRT,BALON KOL POPLİN ÜST,1490
SHIRT,DRAPELİ ASİMETRİK TOP,1490
SHIRT,ASİMETRİK KENARLI TOP,1490
WAISTCOAT,KEMERLİ KRUVAZE YELEK TAKIMI,2290
SHIRT,SUNİ SÜET BALON KOL TOP,1590
SHIRT,FİYONKLU PÖTİKARELİ BALON TOP,1590
OTHERS,ÇİÇEK DESENLİ TRİKO TOP,1490
OTHERS,VOLÜMLÜ HALTER TOP,1490
SHIRT,DRAPELİ FİLE KOMBİNE TOP,1790
SHIRT,DRAPELİ TOP,990
OTHERS,FİTİLLİ TRİKO CROP TOP,1190
CARDIGAN,YIKAMA GÖRÜNÜMLÜ CEPLİ YELEK TOP,1190
SHIRT,ÇİZGİLİ KOMBİNE POLO ÜST,1590
SHIRT,ZW COLLECTION PÜSKÜLLÜ HALTER TOP,2490
OTHERS,FİNE TRİKO KOLSUZ TOP,990
OTHERS,İNCE TRİKO KOLSUZ TOP,990
OTHERS,SUNİ SÜET CROP TOP,1590
OTHERS,PİLİLİ STRAPLEZ TOP,1490
BODYSUIT,KONTRAST TÜL ASKILI BODY,990
BODYSUIT,POLİAMİD CHOKER BODY,1090
SHIRT,İŞLEMELİ MÜSLİN TOP,1590
SHIRT,FIRFIRLI İŞLEMELİ TOP,1790
OTHERS,DANTELLİ CROP TOP,790
OTHERS,PUANTİYELİ HALTER TOP,990
SHIRT,SUPIMA® UZUN KOLLU PUANTİYELİ T-SHIRT,1090
SHIRT,PUANTİYE DESENLİ BALON TOP,1590
SHIRT,DRAPELİ BALON TOP,1490
SHIRT,KEMERLİ TOP,1690
SHIRT,KARELİ ASKILI TOP,1690
OTHERS,YUMUŞAK DİK YAKA TOP,990
SHIRT,KOMBİNE PEPLUM TOP,1090
OTHERS,STREÇ ÖRGÜ KORSE,1190
OTHERS,RUSTİK KISA KOLLU TOP,1090
OTHERS,GENİŞ YAKA TRİKO TOP,1490
OTHERS,POINTELLE TRİKO CROP TOP,1490
OTHERS,ÇİFT TÜL HALTER TOP,1090
SHIRT,RUSTİK KOLSUZ TOP,990
SHIRT,VOLANLI VE BAĞCIKLI TOP,1490
SHIRT,BÜZGÜLÜ ÇİZGİLİ TOP,1490
OTHERS,DRAPELİ HALTER TOP,990
SHIRT,KORSE TARZI POPLİN CROP TOP,1190
SHIRT,POPLİN KORSE TARZI CROP TOP,1190
OTHERS,UZUN KOLLU DANTELLİ TOP,790
SHIRT,PÜSKÜLLÜ BALON TOP TAKIMI,1590
OTHERS,DÖKÜMLÜ HALTER TOP,1190
SHIRT,KOLSUZ ASİMETRİK TOP,1590
SHIRT,ÇİÇEKLİ POPLİN TOP,1490
SHIRT,PUANTİYE DÖKÜMLÜ TOP,1190
WAISTCOAT,ŞİŞME YELEK,1690
OTHERS,HALTER YAKA FİTİL ÖRGÜ TOP,1090
OTHERS,FİTİLLİ ÖRGÜ HALTER TOP,1090
OTHERS,BALON KOLLU TOP,1190
SHIRT,ÇİFT KATMANLI DÖKÜMLÜ TOP,1490
OTHERS,DRAPELİ ASİMETRİK TOP,1490
SHIRT,BALON KOLLU POPLİN TOP,1690
SHIRT,KORSE TARZI PULLU TOP,1690
WAISTCOAT,PENS DETAYLI YELEK,1790
OTHERS,ASİMETRİK KESİM TRİKO CROP TOP,1490
OTHERS,YÜN KARIŞIMLI TRİKO TOP,1190
SHIRT,ZW COLLECTION KISA KOLLU TOP,2290
SHIRT,ÇİZGİLİ CROP TOP,590
OTHERS,YARI TRANSPARAN TRİKO TOP,1190
OTHERS,VOLANLI DOKULU CROP TOP,1190
OTHERS,FIRFIRLI DOKULU CROP TOP,1190
WAISTCOAT,KOLSUZ TRİKO TOP,1490
OTHERS,FİTİLLİ V YAKA TRİKO TOP,990
SHIRT,BALON KOLLU BÜZGÜLÜ TOP,1690
OTHERS,KROŞE KOLSUZ TOP,1590
OTHERS,KROŞE ÇİÇEK TOP,1590
OTHERS,YARI TRANSPARAN TRİKO TOP,2290
OTHERS,ASİMETRİK DÖKÜMLÜ TOP,1490
SHIRT,CEPLİ TRENÇKOT ÜST,1590
OTHERS,ÇİFT TRİKO TOP,1490
OTHERS,BALON KOLLU ÖRGÜ TOP,1590
OTHERS,DÜĞMELİ PEPLUM FİTİLLİ TOP,1490
SHIRT,Z1975 HALTER DENİM GLOBO SET TOP,1790
SHIRT,KATMANLI KOMBİNE BLUZ,1490
SHIRT,KARELİ BÜZGÜLÜ TOP,1590
SHIRT,KARELİ KAMİSOL TOP,1490
OTHERS,TÜL ASKILI TOP,1090
SHIRT,FIRFIRLI DANTEL TOP,1790
OTHERS,ASİMETRİK SUNİ SÜET TOP,1590
WAISTCOAT,ÇİÇEK DESENLİ HALTER TOP,1590
OTHERS,PENCERE DETAYLI TRİKO TOP,1090
SHIRT,ZW COLLECTION KISA KOLLU DÖKÜMLÜ TOP,1790
SHIRT,NAYLON FIRFIRLI TOP,1490
SHIRT,DİK YAKA KOLSUZ TOP,1090
OTHERS,AKICI ÖRGÜ BALIKÇI YAKA TOP,1490
OTHERS,KISA BALON KOLLU TRİKO TOP,1590
OTHERS,ASİMETRİK KAPAMALI ÖRGÜ HIRKA,1490
OTHERS,DİKİŞLİ TÜL TOP,1090
SHIRT,DANTEL ŞERİTLİ KAMİSOL TOP ZW COLLECTION,1790
OTHERS,VATKALI TRİKO TOP,1690
SHIRT,BALON KOLLU ASKILI TOP,1590
WAISTCOAT,KRUVAZE ÇİZGİLİ YELEK,1590
WAISTCOAT,KETEN KRUVAZE YELEK TAKIMI,1590
SHIRT,DANTEL KAZAYAĞI DESENLİ TOP,1590
OTHERS,SIRT DEKOLTELİ TOP,790
SHIRT,GÖMLEK YAKA TOP,1590
SHIRT,BALON KOLLU CROP TOP,1590
OTHERS,METALİK İPLİK FİTİLLİ TRİKO TOP,1090
OTHERS,BÜZGÜLÜ YAKA TRİKO TOP,1490
OTHERS,DANTEL DETAYLI İNCE ASKILI TOP,1590
SHIRT,TOKALI HALTER TOP,1590
SHIRT,DİK YAKA KOLSUZ TOP,790
SHIRT,İKİLİ GÖRÜNÜMLÜ TOP,790
SHIRT,KOMBİNE ASKILI TOP,590
OTHERS,KOMBİNE KISA KOLLU TOP,1190
OTHERS,KONTRAST KISA KOLLU TOP,1190
SHIRT,İŞLEMELİ ASKILI MÜSLİN TOP,1490
SHIRT,BÜZGÜLÜ KOLSUZ TOP,1490
OTHERS,KREPE ASKILI TOP,990
OTHERS,ASKILI PEPLUM TOP,1190
SHIRT,YARI TRANSPARAN KREP KUMAŞ TOP,1190
SHIRT,KOTON ASKILI T-SHIRT,590
OTHERS,DANTEL KORSE,1490
SHIRT,PAMUKLU ASKILI TOP,790
OTHERS,FİTİLLİ DÜĞMELİ TOP,1090
SHIRT,BÜZGÜLÜ KISA KOLLU TOP,1190
SHIRT,DRAPELİ POLİAMİD TOP,1190
OTHERS,KORSE TARZI ASKILI TOP,1190
SHIRT,SOLUK EFEKTLİ FİTİLLİ TOP,990
SWEATSHIRT,DÜĞMELİ YUMUŞAK CROP TOP,1490
OTHERS,DRAPELİ TÜL KORSE,1190
OTHERS,ASİMETRİK DRAPELİ TÜL TOP,1490
OTHERS,ASKILI TÜL KOMBİNE TOP,990
OTHERS,DRAPELİ PAMUKLU ÜST,990
SHIRT,ÇİFT KONTRAST TOP,1090
SHIRT,KOMBİNE KREP KUMAŞ TOP,1090
SHIRT,JESEL KUMAŞ DETAYLI TOP,1090
OTHERS,PUANTİYE DESENLİ BANDEAU TOP,790
OTHERS,DİK YAKA AKICI TOP,1090
SHIRT,DRAPELİ KOLSUZ TOP,990
SHIRT,İŞLEMELİ ASKILI MÜSLİN TOP,1590
SHIRT,İŞLEMELİ ASKILI TOP,1590
OTHERS,FİTİLLİ ASKILI T-SHIRT,790
SHIRT,PÜSKÜLLÜ HALTER YAKA TOP ZW COLLECTION,2490
SHIRT,KONTRAST BİYELİ VÜCUDA OTURAN TOP,990
SHIRT,PUNTO ÖRGÜ ÇİÇEKLİ TOP,990
SHIRT,ÇİFT KATLI ASKILI TOP,990
OTHERS,BONCUKLU PULLU TÜL TOP,1590
OTHERS,İŞLEMELİ PULLU TOP,2290
OTHERS,KISA KOLLU ÇİZGİLİ TRİKO TOP,1490
OTHERS,%100 KETEN AJURLU TOP,1490
SHIRT,DANTEL KORSE,1590
SHIRT,DANTELLİ KORSE,1590
SHIRT,ZW COLLECTION DANTEL ŞERİTLİ LINGERIE STİL TOP,2290
OTHERS,ASİMETRİK İNTERLOK PELERİN,1490
SHIRT,İNCE ASKILI POLİAMİD T-SHIRT,490
OTHERS,BALON KOLLU FİTİLLİ ÖRGÜ TOP,1590
SWEATER,KISA KOLLU V YAKA ÖRGÜ TOP,1490
SWEATER,KISA KOLLU V YAKA TRİKO TOP,1490
OTHERS,BUKLE KRUVAZE TOP,1090
OTHERS,BOUCLÉ KRUVAZE TOP,1090
SHIRT,BOUCLÉ ÇİZGİLİ TOP,1090
SHIRT,BAĞCIKLI FİTİLLİ TOP,1190
SHIRT,ZW COLLECTION DANTEL ŞERİTLİ KAMİSOL TOP,2490
SHIRT,KONTRAST DANTEL DETAYLI TOP ZW COLLECTION,1790
OTHERS,BÜZGÜLÜ TRİKO TOP,1590
OTHERS,PULLU TRİKO TOP,1790
SHIRT,BALON KOLLU POPLİN BLUZ,1490
SHIRT,FİYONKLU SATEN YÜZEYLİ TOP,1490
OTHERS,V YAKA DÖKÜMLÜ TRİKO KAZAK,1490
SWEATER,TOKALI YUMUŞAK TOP,1490
SWEATER,APLİKELİ DÜŞÜK OMUZLU TOP,1490
SHIRT,FİSTO İŞLEMELİ TOP TAKIMI,1690
SHIRT,ÇİÇEK İŞLEMELİ CROP TOP,1790
SHIRT,FİYONKLU KISA ÜST,1590
OTHERS,DANTEL ASKILI ÖRGÜ TOP,1790
OTHERS,Dantel Detaylı Triko Top,1790
SHIRT,ASİMETRİK DRAPE DETAYLI TOP,990
SHIRT,FIRFIRLI YARASA KOL TOP,1090
SHIRT,BALON KESİM TAFTA TOP,1790
SHIRT,BALON KESİM POPLİN CROP TOP,1590
OTHERS,EKSTRA İNCE YÜN TRİKO TOP,1190
SHIRT,KIRIŞIK GÖRÜNÜMLÜ KAMİSOL TOP,1490
OTHERS,BÜZGÜLÜ TRİKO TOP,1490
SHIRT,SATEN YÜZEYLİ KRUVAZE TOP,1490
OTHERS,DOKULU ASİMETRİK TOP,1690
OTHERS,DOKULU ÇİZGİLİ KOLSUZ TOP,1190
OTHERS,KALIN ÖRGÜ TOP,1690
SHIRT,PİLİLİ ASKILI TOP,1490
SHIRT,DENİM GÖRÜNÜMLÜ BÜSTİYER TOP,1590
SHIRT,ZW COLLECTION SIRT DEKOLTELİ TOP,2990
SHIRT,ZW COLLECTION BONCUKLU TOP,2490
SHIRT,ZW COLLECTION HALTER YAKA DEKOLTELİ SIRT DETAYLI TOP,1790
SHIRT,DANTEL DETAYLI SATEN TOP ZW COLLECTION,1790
SHIRT,PULLU BANDEAU TOP,1590
OTHERS,BANDEAU TOP,790
OTHERS,DİKİŞSİZ CROP TOP,450
BODYSUIT,KONTRAST TÜLLÜ BODY,990
BODYSUIT,KOMBİNE TÜLLÜ BODY,990
SHIRT,ÇİFT KONTRAST EFEKTLİ TOP,790
SHIRT,KOLSUZ YÜN T-SHIRT,1190
OTHERS,YÜN KARIŞIMLI İNCE TOP,1090
OTHERS,STREÇ ZIMBALI BANDEAU TOP,1090
OTHERS,ZIMBALI STREÇ BANDEAU TOP,1090
OTHERS,KESİM DETAYLI DÜĞMELİ TRİKO TOP,1090
OTHERS,PETEK ÖRGÜ TOP,1490
OTHERS,BÜZGÜLÜ KOMBİNE TOP,790
OTHERS,KOMBİNE HALTER TOP,590
SHIRT,BALON KESİM AĞIR PAMUKLU TOP,1490
SHIRT,VOLÜMLÜ ASKILI TOP,1490
SHIRT,HALTER YAKA BALON KESİM TOP,1090
SHIRT,FIRFIRLI GÖMLEK,1590
OTHERS,KONTRAST BALON KOLLU TOP,1490
SHIRT,BÜZGÜLÜ TOP,1090
OTHERS,HALTER TOP,490
OTHERS,PEPLUM TRİKO TOP,1590
SHIRT,DANTEL DÜĞMELİ TOP,1490
SHIRT,KONTRAST AÇIK OMUZLU T-SHIRT,1490
OTHERS,STREÇ DANTELLİ TOP,1090
BODYSUIT,STRAPLEZ BODY,1190
SHIRT,ZW COLLECTION NAKIŞLI KOLSUZ TOP,1790
SHIRT,KARELİ CROP PELERİN TOP,1590
OTHERS,TOKALI DOKULU TOP,1490
OTHERS,ASİMETRİK BANDEAU TOP,1490
SHIRT,DANTEL ŞERİTLİ SATEN YÜZEYLİ TOP ZW COLLECTION,1790
SHIRT,DÜĞÜMLÜ SATEN YÜZEYLİ TOP,1490
SHIRT,ZW COLLECTION ASİMETRİK PELERİN TOP,2290
BODYSUIT,PAMUKLU MODAL BODY,790
OTHERS,DANTEL BÜZGÜLÜ TOP,1490
SHIRT,ZW COLLECTION DANTEL ŞERİTLİ KAMİSOL TOP,1790
SHIRT,ZW COLLECTION DANTEL KAMİSOL TOP,2290
OTHERS,BÜZGÜLÜ TRİKO TOP,1190
OTHERS,POINTELLE ÖRGÜ TOP,1490
SWEATER,FİTİLLİ TRİKO TOP,1190
SHIRT,DANTELLİ CROP TOP,1190
OTHERS,DÜĞMELİ PÜSKÜLLÜ CROP TOP,1090
OTHERS,%100 DERİ TOP,2990
WAISTCOAT,DOKULU DÜĞMELİ YELEK TOP,1090
SHIRT,ZW COLLECTION KARELİ ÜST,2790
OTHERS,TÜL FOULARD TOP,990
SHIRT,ASKILI FİTİLLİ CROP TOP,590
OTHERS,%100 LİYOSEL DANTELLİ TOP,2490
SHIRT,BONCUK İŞLEMELİ ASKILI TOP ZW COLLECTION,2490
OTHERS,DANTEL ŞERİTLİ SATEN KAMİSOL TOP,2490
SHIRT,PÜSKÜLLÜ TOP ZW COLLECTION,2290
SHIRT,DANTEL ŞERİTLİ KAMİSOL TOP ZW COLLECTION,2290
OTHERS,RUSTİK BANDEAU TOP,990
OTHERS,DRAPELİ KREPE TOP,1190
SHIRT,BÜZGÜLÜ DRAPELİ TOP,990
SHIRT,DRAPELİ ASİMETRİK TOP,990
SHIRT,ZW COLLECTION DANTEL KAMİSOL TOP,1790
SHIRT,KONTRAST DİKİŞLİ TOP,1590
SHIRT,UZUN SATEN YÜZEYLİ PÜSKÜLLÜ TOP,1790
SHIRT,BAĞCIKLI HALTER DENİM TOP,1590
OTHERS,BALIKÇI YAKA TOP,1490
SHIRT,FİYONKLU BALON ASKILI TOP,1190
SHIRT,KOLSUZ TOP,490
OTHERS,DOKULU TRİKO TOP,1190
OTHERS,BONCUKLU DOKULU VE DEKOLTELİ TOP,4490
OTHERS,DANTEL ŞERİTLİ SATEN YÜZEYLİ ASKILI TOP,1790
SHIRT,BÜZGÜLÜ POPLİN TOP,1490
SHIRT,DANTEL DETAYLI SATEN YÜZEYLİ TOP,1490
OTHERS,PUANTİYE DESENLİ CROP TOP,1490
OTHERS,LİYOSELLİ FİTİLLİ DANTEL TOP,1490
OTHERS,DANTEL DETAYLI FİTİLLİ TRİKO TOP,1490
OTHERS,TAŞ BONCUKLU ÖRGÜ TOP,1790
SHIRT,%100 SÜET DERİ TOP,3690
OTHERS,%100 DERİ MİNİ BÜSTİYER,2990
OTHERS,İŞLEMELİ DANTEL ÖRGÜ TOP,2290
OTHERS,POLİAMİD KARIŞIMLI TOP,1590
OTHERS,KOMBİNE HALTER YAKA TRİKO TOP,1790
OTHERS,PUANTİYELİ DANTEL TOP,2290
SHIRT,BALON KOLLU POPLİN TOP,1490
SHIRT,İŞLEMELİ BALON KOL ASKILI TOP,1490
OTHERS,ASİMETRİK TRİKO TOP,1490
SHIRT,POINTELLE ASKILI T-SHIRT,790
SHIRT,ASKILI POPLİN TOP,1190
OTHERS,İNCE TRİKO DİK YAKA TOP,1590
OTHERS,POINTELLE TRİKO TOP,1490
SHIRT,KETEN BALON KOLLU TOP,1590
OTHERS,METALİK İPLİK DANTEL TOP,1790
SHIRT,BALON KESİM ÇİZGİLİ TOP,1490
SHIRT,FIRFIRLI FİTİLLİ TOP,990
OTHERS,DÜĞMELİ DOKULU TOP,1490
SHIRT,FİTİLLİ VOLANLI TOP,990
OTHERS,DANTELLİ ASİMETRİK %100 VİSKOZ DESENLİ TOP,2490
OTHERS,%100 VİSKOZ DANTEL DESENLİ TOP,2490
OTHERS,DANTEL ŞERİTLİ SATEN YÜZEYLİ TOP,1790
OTHERS,"KABARIK KOLLU, VÜCUDA OTURAN TOP",1590
SHIRT,ZW COLLECTION SATEN YÜZEYLİ ASİMETRİK TOP,2290
OTHERS,MİNİ PÜSKÜLLÜ TOP,2290
OTHERS,BALON KOLLU TRİKO KAZAK,1590
SHIRT,KONTRAST KROŞE TOP,1490
DRESS,%100 VİSKOZ İŞLEMELİ ASKILI TOP,2990
OTHERS,FİYONKLU DANTEL ASKILI TOP,1790
SHIRT,YIKANMIŞ POPLİN CROP TOP,1490
OTHERS,KIRIŞIK GÖRÜNÜMLÜ ÖRGÜ TOP,1190
SHIRT,FİTİLLİ HALTER TOP,790
SHIRT,YARASA KOLLU TOP,990
SHIRT,ZW COLLECTION ASİMETRİK PİLİLİ TOP,2490
OTHERS,%100 YÜN FİTİLLİ TOP,2990
OTHERS,İPEK KARIŞIMLI DANTEL ŞERİTLİ KAMİSOL TOP,3690
OTHERS,İŞLEMELİ MÜSLİN TOP,2990
WAISTCOAT,DOKULU DÜĞMELİ YELEK,990
BODYSUIT,POLİAMİD BODY,590
OTHERS,FİTİLLİ V YAKA STREÇ TOP,790
OTHERS,KOMBİNE BALON TOP,1590
OTHERS,TRİKO OMUZU AÇIK TOP,790
OTHERS,Omuz Dekolteli Örgü Top,790
OTHERS,FİTİLLİ STREÇ TRİKO TOP,790
WAISTCOAT,DÜĞMELİ DOKULU YELEK,990
CARDIGAN,LIMITED EDITION YARI TRANSPARAN TRİKO HIRKA,2290
CARDIGAN,LIMITED EDITION BAĞCIKLI İNCE TRİKO HIRKA,2290
CARDIGAN,LIMITED EDITION İPEK FIRFIRLI ÖRGÜ HIRKA,2490
SWEATER,YARI TRANSPARAN TRİKO POLO T-SHIRT LIMITED EDITION,1790
SWEATER,YARI TRANSPARAN KONTRAST BİYELİ KAZAK - LIMITED EDITION,2290
SWEATER,POLO YAKA TRİKO KAZAK,1790
SWEATER,METALİK İPLİKLİ TRİKO KAZAK,1790
CARDIGAN,ÇİZGİLİ ÖRGÜ HIRKA,1590
SWEATER,ÇİZGİLİ KISA KOLLU ÖRGÜ KAZAK,1190
CARDIGAN,AJUR ÖRGÜ CEKET,1590
SWEATER,DÜĞMELİ TRİKO KAZAK,1490
SWEATER,DÜĞMELİ YAKA TRİKO KAZAK,1490
CARDIGAN,YUMUŞAK TRİKO HIRKA,1690
CARDIGAN,KISA KOLLU ÇİZGİLİ TRİKO HIRKA,1790
CARDIGAN,KISA KOLLU ÖRGÜ HIRKA,1590
SWEATER,AKICI ÖRGÜ KAZAK,1590
SWEATER,OVERSIZE İNCE ÖRGÜ KAZAK,1590
SWEATER,ÇİFT KATLI TRİKO KAZAK,1490
CARDIGAN,YARI TRANSPARAN TRİKO HIRKA,1590
SWEATER,KISA ÖRGÜ YARASA KOLLU KAZAK,1590
CARDIGAN,DALGALI ŞERİTLİ TRİKO CEKET,1690
SWEATER,KISA KOLLU TRİKO POLO,1590
CARDIGAN,KONTRAST ÖRGÜ ROMANTİK CEKET,1790
SWEATER,KISA KOLLU ÇİÇEKLİ ÖRGÜ KAZAK,1690
SWEATER,EKSTRA İNCE V YAKA TRİKO KAZAK,1690
SWEATER,ÇİÇEK YAPILI KOMBİNE ÖRGÜ KAZAK,2990
SWEATER,BONCUK İŞLEMELİ TRİKO KAZAK,1590
CARDIGAN,KISA KOLLU BALON KOL ÖRGÜ HIRKA,1690
CARDIGAN,KISA ÖRGÜ HIRKA,1790
SWEATER,GENİŞ KOLLU TRİKO KAZAK,2290
SWEATER,BAĞCIKLI ÖRGÜ KAZAK,2290
CARDIGAN,TAŞLI YAKA YÜNLÜ CEKET,1790
SWEATER,YUMUŞAK TRİKO KAZAK,1790
SWEATER,AJURLU ÖRGÜ KAZAK,1790
SWEATER,KISA TRİKO DİK YAKA KAZAK,1590
CARDIGAN,ÖRME BOMBER CEKET,2290
CARDIGAN,KALIN ÖRGÜ HIRKA,1790
CARDIGAN,DANTEL KURDELELİ TRİKO CEKET,1590
SWEATER,KISA KOLLU ÇİZGİLİ TRİKO KAZAK,1090
SWEATER,POLO YAKA TRİKO CEKET,1690
OTHERS,GENİŞ KOLLU TRİKO TOP,1590
CARDIGAN,3/4 KOLLU ÖRGÜ HIRKA,1790
CARDIGAN,ÇİZGİLİ TRİKO HIRKA,1590
OTHERS,DRAPELİ TRİKO HIRKA,1590
CARDIGAN,FİTİLLİ TRİKO HIRKA,1490
SWEATER,RUSTİK AJURLU KAZAK,1190
SWEATER,ÖRGÜ KURDELELİ TRİKO KAZAK,2290
SWEATER,ASİMETRİK KESİM TRİKO KAZAK,1590
SWEATER,ÇİZGİLİ POLO KAZAK,1790
SWEATER,V YAKA SOFT TRİKO KAZAK,1790
SWEATER,YAKASI TOP DETAYLI TRİKO KAZAK,1790
WAISTCOAT,KAPLAMALI DÜĞMELİ TRİKO YELEK,1790
OTHERS,BLOK RENKLİ TRİKO TOP,1090
CARDIGAN,POINTELLE ÖRGÜ HIRKA,1590
CARDIGAN,KISA KOLLU POLO HIRKA,1190
SWEATER,DÜZ TRİKO POLO T-SHIRT,1490
CARDIGAN,POLO YAKA TRİKO HIRKA,1490
OTHERS,GENİŞ KOLLU TRİKO TOP,1190
CARDIGAN,KONTRAST BİYELİ FİTİLLİ TRİKO HIRKA,1590
WAISTCOAT,KEMERLİ TRİKO YELEK,1790
SWEATER,SUNI İNCİLİ TRİKO KAZAK,1790
OTHERS,KRUVAZE ÖRGÜ HIRKA,1590
SWEATER,ÇİZGİLİ YÜNLÜ KAZAK,1490
SWEATER,ÇİZGİLİ ÖRGÜ KAZAK,1590
SWEATER,BASIC DÜZ TRİKO KAZAK,1490
SWEATER,GENİŞ KOLLU TRİKO KAZAK,1790
CARDIGAN,SAÇ ÖRGÜLÜ TRİKO HIRKA,1790
SWEATER,İNCE TRİKO V YAKA KAZAK,1590
CARDIGAN,EKSTRA İNCE TRİKO HIRKA,1590
SWEATER,ASİMETRİK KESİM KISA KOLLU TRİKO KAZAK,1690
SWEATER,KISA KOLLU KONTRAST ÖRGÜ KAZAK,2290
SWEATER,3/4 KOLLU TRİKO KAZAK,1590
CARDIGAN,PETEK DESENLİ ÖRGÜ HIRKA,1590
CARDIGAN,JAKARLI ÖRGÜ HIRKA,1590
CARDIGAN,YARASA KOLLU ÖRGÜ HIRKA,1790
CARDIGAN,FIRFIRLI ÖRGÜ HIRKA,1690
CARDIGAN,TOP DÜĞMELİ TRİKO HIRKA,1590
SWEATER,ÇİZGİLİ METALİK İPLİKLİ TRİKO KAZAK,1490
CARDIGAN,KONTRAST ÖRGÜ CEKET,1690
CARDIGAN,KRUVAZE TRİKO CEKET,2290
SWEATER,VOLÜMLÜ KOLLU FİTİLLİ KAZAK,1590
SWEATER,PETEK DOKULU TRİKO KAZAK,1490
SWEATER,ASİMETRİK TRİKO OVERSIZE KAZAK,1790
CARDIGAN,AJURLU TRİKO HIRKA,1790
SWEATER,ÇİZGİLİ TRİKO POLO,1590
CARDIGAN,PEPLUM TRİKO HIRKA,1790
SWEATER,V YAKA TRİKO KAZAK,1790
CARDIGAN,VATKALI TRİKO CEKET,2290
CARDIGAN,YUMUŞAK ÖRGÜ HIRKA,1690
CARDIGAN,DOKULU ÖRGÜ CEKET,1790
SWEATER,FIRFIRLI TRİKO KAZAK,1590
SWEATER,KISA TRİKO KAZAK,1590
SWEATER,KISA KOLLU TRİKO KAZAK,1590
SWEATER,KISA KOLLU TRİKO KAZAK,1190
SWEATER,DÜĞMELİ ÇİZGİLİ KAZAK,1490
SWEATER,KISA KOLLU BASIC TRİKO KAZAK,1190
OTHERS,OMUZLARI AÇIK TRİKO KAZAK,1690
WAISTCOAT,ALTIN DÜĞMELİ TRİKO YELEK,1590
CARDIGAN,ALTIN DÜĞMELİ PEPLUM HIRKA,2290
SWEATER,BÜZGÜLÜ TRİKO POLO,1790
SWEATER,KROŞE ÖRGÜ KAZAK,3690
CARDIGAN,V YAKA TRİKO HIRKA,1590
SWEATER,DRAPELİ TRİKO KAZAK,1590
SWEATER,YÜN İNCE ÖRGÜ KAZAK,1490
CARDIGAN,ÇİZGİLİ YÜN HIRKA,1790
CARDIGAN,FERMUARLI ÖRGÜ HIRKA,2290
SWEATER,İNCE ÖRME KAZAK,1090
SWEATER,ÇİZGİLİ TRİKO KAZAK,1590
SWEATER,KONTRAST ÇİZGİLİ TRİKO POLO,1790
SWEATER,İNCE ÖRGÜ YÜNLÜ KAZAK,1490
OTHERS,İNCE ÇİZGİLİ TRİKO KAZAK,1490
SWEATER,ÇİZGİLİ CROP TOP,1490
OTHERS,ASİMETRİK TRİKO KAZAK,1490
SWEATER,OMUZ DİKİŞLİ TRİKO KAZAK,1590
CARDIGAN,AKORDEON KOLLU TRİKO CEKET,1690
SWEATER,ÇİZGİLİ TRİKO KAZAK,1490
SWEATER,KALIN TRİKO KAZAK,1790
SWEATER,YARASA KOLLU ÖRGÜ KAZAK,1690
SWEATER,V YAKA YÜNLÜ KAZAK,1590
SWEATER,TRİKO KAZAK,1790
SWEATER,%100 EKSTRA YUMUŞAK YÜN KAZAK,2490
SWEATER,KISA KOLLU YÜNLÜ KAZAK,1490
SWEATER,EKSTRA YUMUŞAK ÇİZGİLİ TRİKO KAZAK,2290
SWEATER,İNCE ÖRGÜ YÜNLÜ KAZAK,1190
SWEATER,YARI TRANSparan TRİKO POLO,1490
SWEATER,DÜZ ÖRGÜ BASIC KAZAK,1490
SWEATER,YUMUŞAK YÜKSEK YAKA ÖRGÜ KAZAK,1790
CARDIGAN,BAĞCIKLI KAPÜŞONLU TRİKO HIRKA,2290
SWEATER,V YAKA TRİKO KAZAK,1590
CARDIGAN,BALON KOLLU ÖRGÜ HIRKA,1690
CARDIGAN,PULLU KISA KOLLU TRİKO HIRKA,1690
SWEATER,PULLU KISA KOLLU TRİKO TOP,1590
SHIRT,KONTRAST POLO TOP,1490
OTHERS,KISA KOLLU YUMUŞAK DOKULU TRİKO KAZAK,1490
SWEATER,%95 YÜN DÜZ TRİKO POLO T-SHIRT,4990
SWEATER,YÜN KARIŞIMLI DİK YAKA KAZAK,2490
CARDIGAN,%100 YÜN FİTİLLİ CEKET,2290
SWEATER,İNCE YÜNLÜ POLO KAZAK,1590
COAT,KOLLARI YIRTMAÇLI TRİKO HIRKA,2990
SWEATER,KONTRAST POPLİN KENARLI TRİKO KAZAK,2490
SWEATER,PENCERE DETAYLI TRİKO KAZAK TOPLU,2290
SWEATER,ÇİZGİLİ %100 YÜN KISA KOLLU KAZAK,1790
CARDIGAN,HAYVAN DESENLİ JAKARLI ÖRGÜ HIRKA,1790
SWEATER,KONTRAST ÖRGÜ KAZAK,2290
CARDIGAN,KONTRAST ÖRGÜ KEMERLİ CEKET,2290
CARDIGAN,ÇİZGİLİ ÖRGÜ HIRKA,1690
SWEATER,İNCE ÖRGÜ YÜNLÜ POLO KAZAK,1590
SWEATER,%100 YÜN OVERSIZE KAZAK,2790
SWEATER,ÇİZGİLİ YÜNLÜ KAZAK,1590
CARDIGAN,KONTRAST TRİKO CEKET,1690
CARDIGAN,SUNİ KÜRK YAKALI TRİKO CEKET,2290
SWEATER,GENİŞ KOLLU ÖRGÜ KAZAK,1690
CARDIGAN,BALON KOLLU TRİKO CEKET,1790
SWEATER,V YAKA KALIN TRİKO KAZAK,1790
SWEATER,V YAKA YÜNLÜ KAZAK,1790
WAISTCOAT,BAĞCIKLI TRİKO YELEK,1590
OTHERS,ASİMETRİK TRİKO KAZAK,1790
SWEATER,DÜĞMELİ TRİKO KAZAK,1790
SWEATER,BROŞLU ÖRGÜ KAZAK,1790
SWEATER,BAKLAVA DESENLİ TRİKO KAZAK,1790
SWEATER,ÇİZGİLİ ÖRGÜ KAZAK,1490
SWEATER,ASİMETRİK KONTRAST TRİKO KAZAK,2290
SWEATER,%100 YÜN KISA KOLLU KAZAK,1790
SWEATER,YÜN KARIŞIMLI ÇİZGİLİ EKSTRA İNCE TRİKO TOP,1190
SWEATER,YÜN KARIŞIMLI İNCE ÇİZGİLİ POLO,1590
SWEATER,YAKA DETAYLI TRİKO KAZAK,1790
OTHERS,FERMUARLI KAPAKLI TOP,1690
SWEATSHIRT,YARASA KOLLU KAZAK,1590
SWEATER,%100 EKSTRA YUMUŞAK V YAKA YÜN KAZAK,2490
CARDIGAN,KISA KOLLU KEMERLİ ÖRGÜ HIRKA,1790
SWEATER,%100 EKSTRA İNCE YÜN KAZAK,2290
CARDIGAN,YÜN KARIŞIMLI CEPLİ CEKET,1590
SWEATER,DÜZ %100 YÜN POLO,2490
SWEATER,YARASA KOLLU TRİKO KAZAK,1790
SWEATER,ÇİZGİLİ TRİKO POLO T-SHIRT,1590
CARDIGAN,PULLU TRİKO CEKET,1790
CARDIGAN,%100 EKSTRA YUMUŞAK YÜN HIRKA,2490
SWEATER,%100 YÜN GENİŞ KOLLU KAZAK,2490
SWEATER,PENCERE DETAYLI TRİKO KAZAK,1590
OTHERS,VATKALI KISA KOLLU TRİKO KAZAK,1790
SWEATER,YÜN KARIŞIMLI KAZAK,1790
SWEATER,KOMBİNE YÜN KAZAK,1790
SWEATER,İNCE TRİKO YÜN KAZAK,1490
SWEATER,KONTRAST ÇİZGİLİ TRİKO KAZAK,1790
SWEATER,DANTEL TRİKO KAZAK,2490
SWEATER,ROMBO DESENLİ TRİKO KAZAK,1790
SWEATER,KISA YARASA KOLLU ÖRGÜ KAZAK,1590
CARDIGAN,KISA KOLLU AJURLU ÖRGÜ HIRKA,1590
SWEATER,V YAKA SAÇ ÖRGÜLÜ KAZAK,1790
CARDIGAN,HAYVAN DESENLİ JAKARLI KUMAŞ ÖRGÜ HIRKA,1790
SWEATER,DÜZ TRİKO KAZAK,1790
OTHERS,EKSTRA İNCE ÖRGÜ KAZAK,1190
SWEATER,KEMERLİ TRİKO KAZAK,1790
SWEATER,PANÇO ÖRGÜ KAZAK,1790
SWEATER,VATKALI ÖRGÜ KAZAK,1590
SWEATER,KISA BALON KOLLU ÖRGÜ KAZAK,1490
CARDIGAN,KISA KOLLU DANTEL ÖRGÜ HIRKA,1590
CARDIGAN,FIRFIRLI DOKULU ÖRGÜ HIRKA,1590
SWEATER,YÜN KARIŞIMLI TRİKO DİK YAKA KAZAK,1590
SWEATER,DANTEL DETAYLI TRİKO KAZAK,1490
SWEATER,EXTRA İNCE YÜN VE İPEK KAZAK,1790
SWEATER,UZUN KOLLU DÜĞMELİ CEKET,1190
SWEATER,DÜĞMELİ UZUN KOLLU CEKET,1190
SWEATER,UZUN TRİKO KAZAK,1790
SWEATER,BONCUK DETAYLI ÖRGÜ KAZAK,2290
SWEATER,VATKALI TRİKO KAZAK,1790
SWEATER,AJURLU %100 KETEN KAZAK,2490
SWEATER,ASİMETRİK TRİKO KAZAK,2490
SWEATER,BALON KOLLU ÖRGÜ KAZAK,1590
SWEATER,EKSTRA İNCE TRİKO KAZAK,1690
SWEATER,YUMUŞAK DOKULU TRİKO KAZAK,1690
SWEATER,%100 YÜN DİK YAKA KEMERLİ KAZAK,2490
SWEATER,%100 YÜN OMUZ PEDLİ KAZAK,2990
SWEATER,ASİMETRİK KESİM ÖRGÜ KAZAK,2290
OTHERS,"FİYONKLU, BURUŞUK EFEKTLİ TRİKO KAZAK",1790
SWEATER,GENİŞ BEL ÖRGÜ KAZAK,1590
SWEATER,UZUN YARASA KOLLU ÖRGÜ KAZAK,1790
CARDIGAN,KRUVAZE ÖRGÜ CEKET,1690
SWEATER,DOKULU TRİKO KAZAK,1790
SWEATER,KAŞMİR VE YÜN V YAKA KAZAK,4990
SWEATER,STRAPLEZ BAKLAVA DESENLİ TRİKO KAZAK,1790
CARDIGAN,BONCUK DETAYLI TRİKO CEKET,1790
WAISTCOAT,FİTİLLİ ÖRGÜ YELEK,1490
SWEATER,DÜZ V YAKA TRİKO KAZAK,1790
OTHERS,V YAKA DÖKÜMLÜ TRİKO KAZAK,1490
SWEATER,YÜNLÜ FİTİLLİ KAZAK,1590
SWEATER,EKSTRA İNCE DİK YAKA TRİKO KAZAK,1590
CARDIGAN,FIRFIRLI DOKULU ÖRGÜ CEKET,1590
CARDIGAN,KISA KOLLU ÖRGÜ HIRKA,1690
SWEATER,BROŞLU TRİKO KAZAK,1790
SWEATER,DOKULU HACİMLİ TRİKO KAZAK,1790
SWEATER,KISA KOLLU ÇİZGİLİ TRİKO KAZAK,1190
CARDIGAN,KONTRAST ÖRGÜ HIRKA,2290
OTHERS,ASİMETRİK KAPAMALI ÖRGÜ HIRKA,1490
SWEATER,YÜNLÜ SAÇ ÖRGÜLÜ KISA KOLLU KAZAK,1590
CARDIGAN,POLO YAKA TRİKO HIRKA,1590
SWEATER,GENİŞ YAKA TRİKO KAZAK,1790
SWEATER,BURUŞUK GÖRÜNÜMLÜ TRİKO KAZAK,1690
CARDIGAN,%100 YÜN KESİM CEKET,2990
CARDIGAN,ÇİZGİLİ TRİKO HIRKA,1690
CARDIGAN,KALPLİ JAKARLI KUMAŞ ÖRGÜ HIRKA,1590
SWEATER,GENİŞ TRİKO KAZAK,1790
CARDIGAN,V YAKA TRİKO HIRKA,1790
CARDIGAN,METALİK İPLİK ÖRGÜ CEKET,1790
CARDIGAN,KONTRAST ÖRGÜ HIRKA,1590
SWEATER,%100 KAŞMİR KAZAK,5690
SWEATER,ASİMETRİK KESİM ÖRGÜ KAZAK,1790
SWEATER,CEP DETAYLI TRİKO POLO T-SHIRT,1690
CARDIGAN,%100 YÜN KEMERLİ CEKET,2790
CARDIGAN,İÇ İÇE GEÇMİŞ TRİKO CEKET,1690
SWEATER,KONTRAST ŞERİTLİ TRİKO KAZAK,2290
SWEATER,%100 EKSTRA YUMUŞAK YÜN V YAKA KAZAK,2490
SWEATER,ÇAPRAZ DİK YAKA YÜN KARIŞIMLI KAZAK,1790
SWEATER,DEKOLTELİ TRİKO KAZAK,1790
SWEATER,DERİN YAKA TRİKO KAZAK,1790
WAISTCOAT,YÜN FIRFIRLI YELEK,1790
SWEATER,YUMUŞAK DOKULU DİK YAKA TRİKO KAZAK,1790
SWEATER,KALP PENCERE DETAYLI TRİKO KAZAK,1590
SWEATER,DÜĞMELİ PELERİN KOLLU TRİKO KAZAK,1590
COAT,FERMUARLI ÖRGÜ HIRKA,3690
OTHERS,BALON KOLLU TRİKO KAZAK,1590
WAISTCOAT,FIRFIRLI YÜN YELEK,1790
SWEATER,"%100 YÜN KAZAK, BAKLAVA DİLİMİ DESENLİ",2990
SWEATER,%100 EKSTRA YUMUŞAK YÜN KAZAK V YAKA,2490
SWEATER,ÇAPRAZ DİK YAKA YÜN KAZAK,1790
SWEATER,KAPÜŞONLU TRİKO KAZAK,1590
SWEATER,FİTİLLİ TRİKO KAZAK,1490
SWEATER,DİK YAKA YARASA KOL TRİKO KAZAK,1790
SWEATER,%100 YÜN OVERSIZE KAZAK,2990
SWEATER,EKSTRA İNCE YÜN KAZAK,1590
CARDIGAN,%100 YÜN BALON KOLLU HIRKA,2990
SWEATER,%100 YÜN ÇEKİÇ KOL KAZAK,2790
UNIFORM,BASIC DÜZ TRİKO KAZAK,1490
SWEATER,KONTRAST POPLİN ÖRGÜ KAZAK,2490
SWEATER,OVERSIZE YÜN KAZAK,2490
SWEATER,%100 KAŞMİR OVERSIZE KAZAK,7290
CARDIGAN,BLOK RENKLİ ÖRGÜ HIRKA,1590
SWEATER,KISA BALON KOLLU ÖRGÜ KAZAK,1590
SWEATER,YÜN KARIŞIMLI DİK YAKA KAZAK,1790
SWEATER,POINTELLE ÇAN KOL ÖRGÜ KAZAK,790
SWEATER,YUMUŞAK DİK YAKA TRİKO KAZAK,1090
OTHERS,YUMUŞAK DÜĞMELİ CEKET,590
SWEATER,DÜZ TRİKO KAZAK,1190
SWEATER,DÜZ ÖRGÜ BALIKÇI YAKA KAZAK,1190
SWEATER,UZUN KONTRAST DANTEL TRİKO KAZAK,1490
SWEATER,KONTRAST TRİKO KAZAK,1490
SWEATER,UZUN DANTELLİ KONTRAST TRİKO KAZAK,1490
CARDIGAN,YUMUŞAK ÖRGÜ HIRKA,1490
SWEATER,ÇİZGİLİ TRİKO KAZAK,1090
CARDIGAN,KEMERLİ TRİKO HIRKA,1490
SWEATER,GENİŞ KOLLU ÖRGÜ KAZAK,1090
SWEATER,YUMUŞAK DOKULU KISA KOLLU KAZAK,990
SWEATER,KISA KOLLU YUMUŞAK TRİKO KAZAK,990
SWEATER,BAKLAVA DESENLİ TRİKO KAZAK,1090
SWEATER,%90 YÜN KAYAK KOLEKSİYONU KAZAK,2790
SWEATER,%80 YÜN SAÇ ÖRGÜ KAYAK KOLEKSİYONU KAZAK,2790
SHIRT,LIMITED EDITION ASİMETRİK DANTEL T-SHIRT,1790
SHIRT,LIMITED EDITION V YAKA T-SHIRT,1190
SHIRT,V YAKA INTERLOK T-SHIRT,790
SHIRT,V YAKA INTERLOCK T-SHIRT,790
OTHERS,FİTİLLİ ASKILI T-SHIRT,790
SHIRT,KOLSUZ TOP,490
SHIRT,SLOGANLI KISA KOLLU T-SHIRT,790
SHIRT,KOLSUZ T-SHIRT,990
SHIRT,HALTER KOLSUZ T-SHIRT,990
SHIRT,KISA KOLLU DÜĞMELİ T-SHIRT,1090
SHIRT,KISA HACİMLİ KOLLU T-SHIRT,790
SHIRT,VOLÜMLÜ KOLLU CROP T-SHIRT,790
SHIRT,İŞLEMELİ KISA KOLLU T-SHIRT,990
SHIRT,İŞLEMELİ CEPLİ T-SHIRT,1190
SHIRT,İŞLEMELİ CEPLİ T-SHIRT,1090
SHIRT,UZUN KOLLU REGULAR FIT RANGLAN T-SHIRT,1090
SHIRT,V YAKA FİTİLLİ TOP,490
SHIRT,INTERLOK KISA KOLLU T-SHIRT,790
SHIRT,ÇİFT KISA KOLLU T-SHIRT,590
SHIRT,KONTRAST DANTEL DETAYLI T-SHIRT,1490
SHIRT,KONTRAST DANTELLİ T-SHIRT,1490
SHIRT,KISA KOLLU CROP T-SHIRT,350
SHIRT,V YAKA PAMUKLU T-SHIRT,550
SHIRT,KOLSUZ PAMUKLU T-SHIRT,450
SHIRT,KISA KOLLU FİTİLLİ T-SHIRT,590
SHIRT,MİNİMAL KISA KOLLU T-SHIRT,590
SHIRT,RUSTİK PAMUKLU T-SHIRT,490
SHIRT,KOLSUZ FİTİLLİ TOP,450
SHIRT,FİTİLLİ KOLSUZ TOP,450
SHIRT,UZUN KOLLU T-SHIRT,590
SHIRT,FİTİLLİ ASKILI TOP,550
SHIRT,GENİŞ YAKA T-SHIRT,590
SHIRT,ÇİZGİLİ PAMUKLU KETEN T-SHIRT,1190
SHIRT,MİNİMAL KOLSUZ T-SHIRT,590
SHIRT,KOLSUZ T-SHIRT,590
SHIRT,ZIMBALI UZUN KOLLU T-SHIRT,990
SHIRT,ASKILI KOTON T-SHIRT,590
SHIRT,KOTON ASKILI T-SHIRT,590
SHIRT,FİTİLLİ KISA KOLLU T-SHIRT,590
SHIRT,FIRFIRLI KISA KOLLU T-SHIRT,1090
SHIRT,İNTERLOK KISA KOLLU T-SHIRT,790
SHIRT,ÇİZGİLİ RUSTİK T-SHIRT,790
SHIRT,SUPIMA® SLIM FIT T-SHIRT,1090
SHIRT,ZIMBALI VE SLOGANLI T-SHIRT,990
SHIRT,YAZILI T-SHIRT,550
SHIRT,ÇİZGİLİ SLOGANLI T-SHIRT,1190
SHIRT,SOLUK EFEKTLİ FİTİLLİ HALTER TOP,590
SHIRT,GENİŞ ASKILI POLİAMİD T-SHIRT,590
SHIRT,V YAKA T-SHIRT,550
SHIRT,ÜÇ ÇEYREK KOL RUSTİK T-SHIRT,790
SHIRT,RUSTİK PAMUKLU T-SHIRT,790
SHIRT,RUSTİK ÜÇ ÇEYREK KOL T-SHIRT,790
SHIRT,POPLİN KOMBİNE T-SHIRT,1490
SHIRT,POPLİN T-SHIRT,1490
OTHERS,FİTİLLİ ASKILI TOP,590
SHIRT,PELERİN KOLLU T-SHIRT,990
SHIRT,APLİKELİ KALIN PAMUKLU T-SHIRT,1090
SHIRT,Aplikeli Ağır Pamuklu T-Shirt,1090
SHIRT,KONTRAST AÇIK OMUZLU T-SHIRT,1490
SHIRT,KABARTMA FİYONKLU T-SHIRT,990
SHIRT,ASKILI ÜST,990
SHIRT,ASKILI TOP,990
OTHERS,PAMUKLU T-SHIRT,790
OTHERS,KOTONLU T-SHIRT,790
SHIRT,SIRT DEKOLTELİ T-SHIRT,790
SHIRT,DÜĞMELİ YAKA T-SHIRT,790
SHIRT,KISA KOLLU PAMUKLU T-SHIRT,790
SHIRT,KONTRAST BİYELİ T-SHIRT,790
SHIRT,KONTRAST POLO YAKA T-SHIRT,990
SHIRT,SUPIMA® UZUN KOLLU T-SHIRT,1090
SHIRT,KONTRAST REGLAN KOLLU T-SHIRT,790
SHIRT,FLAMLI KOTON T-SHIRT,790
SHIRT,UZUN KOLLU GENİŞ YAKA T-SHIRT,790
CARDIGAN,UYUMLU RENK İNCE FİTİLLİ TOP,1190
SHIRT,DANTELLİ KISA KOLLU T-SHIRT,1090
SHIRT,V YAKA T-SHIRT,590
SHIRT,ASİMETRİK ÇİFT KATLI T-SHIRT,990
SHIRT,METALİK BASKILI T-SHIRT,990
SHIRT,ÖNÜ YAZILI T-SHIRT,1090
SHIRT,THE MUPPETS ©DISNEY UZUN KOLLU T-SHIRT,1090
SHIRT,ÇİZGİLİ KETEN VE PAMUKLU T-SHIRT,1190
SHIRT,UZUN KOLLU REGLAN T-SHIRT,1190
SHIRT,V YAKA T-SHIRT,990
SHIRT,FİTİLLİ UZUN KOLLU T-SHIRT,790
SHIRT,LİYOSEL VE KETEN KARIŞIMLI T-SHIRT,1090
SHIRT,SUPIMA® ASİMETRİK TOP,1090
SHIRT,ASİMETRİK KISA KOLLU T-SHIRT,990
SHIRT,RUSTİK UZUN KOLLU T-SHIRT,990
SHIRT,KOMBİNE OVERSIZE T-SHIRT,1190
SHIRT,UZUN KOLLU FİTİLLİ TOP,590
SHIRT,PUANTİYE DESENLİ T-SHIRT,990
SHIRT,SUPIMA® KISA KOLLU PUANTİYE T-SHIRT,990
SHIRT,SUPIMA® UZUN KOLLU PUANTİYELİ T-SHIRT,1090
SHIRT,HEAVY COTTON KISA KOLLU T-SHIRT,1090
SHIRT,SOLUK EFEKTLİ İŞLEMELİ T-SHIRT,990
OTHERS,DÜĞMELİ %100 PAMUKLU T-SHIRT,1090
SHIRT,FİTİLLİ V YAKA T-SHIRT,790
SHIRT,KETEN KISA KOLLU T-SHIRT,990
SHIRT,KISA KOLLU KETEN T-SHIRT,990
SHIRT,İNCE ASKILI POLİAMİD T-SHIRT,490
OTHERS,SUPIMA® CROP T-SHIRT,990
SHIRT,KONTRAST YELEKLİ T-SHIRT,1590
SHIRT,ETİKETLİ ÇİZGİLİ T-SHIRT,1490
SHIRT,ETİKETLİ KISA KOLLU T-SHIRT,990
SHIRT,İŞLEMELİ ÇİZGİLİ T-SHIRT,1490
SHIRT,TOKALI YIRTMAÇLI T-SHIRT,790
SHIRT,V YAKA BAĞCIKLI T-SHIRT,990
SHIRT,ÇİZGİLİ PAMUKLU VE KETEN T-SHIRT,1190
OTHERS,FİTİLLİ SLOGANLI TOP,590
SHIRT,AYICIK BASKILI KISA KOLLU T-SHIRT,590
SHIRT,AYI BASKILI KISA KOLLU T-SHIRT,590
SHIRT,KONTRAST İŞLEMELİ T-SHIRT,1190
SHIRT,İŞLEMELİ SLOGANLI T-SHIRT,1090
SHIRT,ÖNÜ FİYONKLU T-SHIRT,1090
SHIRT,ÇİÇEK İŞLEMELİ T-SHIRT,1090
SHIRT,FİTİLLİ T-SHIRT,590
SHIRT,KISA KOLLU T-SHIRT,790
SHIRT,İŞLEMELİ KISA KOLLU T-SHIRT,1190
SHIRT,İŞLEMELİ T-SHIRT,1190
SHIRT,ÇİFT FİTİLLİ T-SHIRT,990
SHIRT,KISA KOLLU OVAL YAKA T-SHIRT,790
SHIRT,FOLYO YAZILI T-SHIRT,990
SHIRT,YARI TRANSPARAN KONTRAST T-SHIRT,1090
OTHERS,DANTELLİ FİTİLLİ T-SHIRT,1090
SHIRT,DANTELLİ FİTİLLİ T-SHIRT,990
SHIRT,ÇİZGİLİ ASKILI TOP,990
SHIRT,SUPIMA® DİK YAKA T-SHIRT,990
OTHERS,SUPIMA® KRUVAZE TİŞÖRT,1090
SHIRT,KONTRAST YIRTMAÇLI T-SHIRT,1090
SHIRT,ÇİFT TOKALI EFEKT T-SHIRT,1090
OTHERS,DRAPELİ DANTEL TOP,1090
OTHERS,DRAPELİ DANTELLİ TOP,1090
SHIRT,LOOSE PAMUKLU T-SHIRT,990
SHIRT,DİKİŞ DETAYLI UZUN KOLLU T-SHIRT,990
SHIRT,PARLAK SOLUK EFEKTLİ T-SHIRT,1490
SHIRT,PARLAK KISA KOLLU T-SHIRT,1590
SHIRT,FİTİLLİ UZUN KOLLU T-SHIRT,1090
OTHERS,DÜĞMELİ PAMUK KARIŞIMLI T-SHIRT,1790
OTHERS,LİYOSEL KARIŞIMLI DÜĞMELİ YAKA T-SHIRT,1790
SHIRT,SUPIMA® UZUN KOLLU T-SHIRT,990
SHIRT,KONTRAST KISA KOLLU T-SHIRT,990
SHIRT,THE MUPPETS ©DISNEY T-SHIRT,990
SHIRT,THE MUPPETS ©DISNEY KISA KOLLU T-SHIRT,990
SHIRT,GENİŞ YAKA T-SHIRT,490
SHIRT,KONTRAST FIRFIRLI T-SHIRT,1590
SHIRT,©CASA BATLLÓ BASKILI T-SHIRT,1190
SHIRT,SLIM FIT KISA KOLLU T-SHIRT,550
SHIRT,DAR KESİM KISA KOLLU T-SHIRT,550
SHIRT,KOMBİNE REGLAN KOLLU T-SHIRT,790
SHIRT,ÖNÜ BASKILI SOLGUN GÖRÜNÜMLÜ T-SHIRT,1190
SHIRT,ÇİFT KONTRAST T-SHIRT,790
SHIRT,V YAKA PAMUKLU T-SHIRT,990
SHIRT,AĞIR PAMUKLU UZUN KOLLU T-SHIRT,990
SHIRT,SOLUK EFEKTLİ RUSTİK TOP,590
SHIRT,HELLO KITTY VE MY MELODY © SANRIO T-SHIRT,990
SHIRT,BASIC KOTON T-SHIRT,450
SHIRT,AJURLU ÇİÇEK DESENLİ HIRKA,1190
SHIRT,PUNTO ÖRGÜ ÇİÇEKLİ TOP,990
SHIRT,ÇİZGİLİ UZUN KOLLU T-SHIRT,990
SHIRT,OVERSIZE ÇİZGİLİ T-SHIRT,1090
SHIRT,ZIMBALI NUMARALI T-SHIRT,990
SHIRT,SAYI BÜZGÜLÜ T-SHIRT,1090
SHIRT,YAZILI UZUN KOLLU T-SHIRT,990
SHIRT,YAZILI T-SHIRT,790
SHIRT,OVERSIZE CEPLİ T-SHIRT,990
SHIRT,PAMUKLU UZUN KOLLU T-SHIRT,790
SHIRT,KISA KOLLU T-SHIRT,590
SHIRT,REGULAR FIT T-SHIRT,790
SHIRT,KAZAN YAKA T-SHIRT,790
SHIRT,AYARLANABİLİR BÜZGÜLÜ T-SHIRT,790
SHIRT,SOLUK EFEKTLİ REGLAN KOLLU T-SHIRT,590
SHIRT,BASIC PAMUKLU T-SHIRT,790
SHIRT,ÇİZGİLİ CROP TOP,590
SHIRT,FİTİLLİ SLOGANLI T-SHIRT,590
SHIRT,KISA KOLLU PAMUKLU T-SHIRT,590
SHIRT,KISA KOLLU PAMUKLU TİŞÖRT,590
SHIRT,ÇİFT KAT ETKİLİ KISA KOLLULU T-SHIRT,790
SHIRT,DANTELLİ KALIN PAMUKLU T-SHIRT,1190
SHIRT,ASİMETRİK KOLSUZ T-SHIRT,1090
SHIRT,ÇİZGİLİ KOLSUZ TOP,590
SHIRT,ÖNÜ YAZILI T-SHIRT,590
SHIRT,DANTELLİ KOMBİNE T-SHIRT,1490
SHIRT,KONTRAST ŞERİTLİ T-SHIRT,550
SHIRT,ŞERİTLİ T-SHIRT,550
SHIRT,YÜKSEK YAKA TOP,1090
SHIRT,CROP FIT HACİMLİ T-SHIRT,1090
SHIRT,ÇİFT KOLLU EFEKT T-SHIRT,1190
SHIRT,İŞLEMELİ UZUN KOLLU T-SHIRT,990
SHIRT,UZUN KOLLU İNTERLOK T-SHIRT,990
OTHERS,FİTİLLİ DÜĞMELİ TOP,1090
SHIRT,SOLGUN KONTRAST YAZILI T-SHIRT,1090
SHIRT,HACİMLİ CROP T-SHIRT,1090
SHIRT,ÜÇ KATLI UZUN KOLLU T-SHIRT,1090
SHIRT,ÜÇLÜ ÇİZGİLİ EFEKTLİ T-SHIRT,1090
SHIRT,DİK YAKA T-SHIRT,990
SHIRT,DÖKÜMLÜ KISA KOLLU T-SHIRT,1090
SHIRT,KESİK BASKILI SOLUK EFEKTLİ T-SHIRT,1190
SHIRT,KESİK BASKILI T-SHIRT,1190
SHIRT,ASKILI PAMUKLU MODAL TOP,450
SHIRT,KALP DESENLİ KISA KOLLU T-SHIRT,990
SHIRT,BOGDANKA POZNANOVIĆ ©2026 BASKILI T-SHIRT,1190
SHIRT,REGLAN KISA KOLLU T-SHIRT,590
SHIRT,DOKULU UZUN KOLLU T-SHIRT,990
SHIRT,UZUN KOLLU METİN TİŞÖRT,1090
SHIRT,KABARTMA KALPLİ T-SHIRT,990
SHIRT,FİYONK DETAYLI KALIN PAMUKLU T-SHIRT,990
SHIRT,KISA KOLLU ÇİZGİLİ T-SHIRT,790
SHIRT,KONTRAST FİTİLLİ T-SHIRT,590
SHIRT,FİTİLLİ DÜĞMELİ TOP,1090
SHIRT,AĞIR PAMUKLU KISA KOLLU T-SHIRT,790
SHIRT,BALIKÇI YAKA T-SHIRT,790
SHIRT,KOLSUZ T-SHIRT,790
OTHERS,TÜLLÜ KOMBİNE T-SHIRT,990
OTHERS,TÜL KARIŞIMLI T-SHIRT,990
SHIRT,KONTRAST ŞERİTLİ YAZILI T-SHIRT,790
SHIRT,RUSTİK OVERSIZE T-SHIRT,1090
SHIRT,HIGH SCHOOL MUSICAL ©DISNEY T-SHIRT,1090
SHIRT,HANNAH MONTANA ©DISNEY T-SHIRT,1090
SHIRT,ÇİZGİLİ KISA KOLLU T-SHIRT,1090
SHIRT,ÇİZGİLİ OVERSIZE T-SHIRT,990
SHIRT,METALİK KISA KOLLU T-SHIRT,990
SHIRT,RUSTİK FİTİLLİ TOP,550
SHIRT,BİSİKLET YAKA TOP,790
SHIRT,V YAKA TOP,790
SHIRT,POINTELLE T-SHIRT,1090
SHIRT,SUPIMA® PUANTİYE DESENLİ T-SHIRT,1190
SHIRT,POINTELLE ÇİÇEKLİ T-SHIRT,990
SHIRT,KONTRAST KOLLU SUPIMA® T-SHIRT,1090
SHIRT,BOGDANKA POZNANOVIĆ  ©2026 T-SHIRT,1190
SHIRT,MR. FANTASTIC MARVEL© T-SHIRT,990
SHIRT,KISA KOLLU REGLAN T-SHIRT,790
SHIRT,DAVID BOWIE® T-SHIRT,1090
SHIRT,ELVIS KISA KOLLU T-SHIRT,1090
SHIRT,KONTRAST CEPLİ T-SHIRT,1090
SHIRT,UZUN KOLLU RUSTİK T-SHIRT,1090
SHIRT,SOLUK EFEKTLİ ZIMBALI T-SHIRT,990
SHIRT,UZUN KOLLU KOTON T-SHIRT,990
SHIRT,ASİMETRİK UZUN KOLLU T-SHIRT,990
OTHERS,ÇİFT UZUN KOLLU T-SHIRT,1490
SHIRT,SUPIMA® ÇİFT KATMANLI T-SHIRT,1090
SHIRT,CINAMOROLL© FLAMLI T-SHIRT,1090
SHIRT,HELLO KITTY AND FRIENDS © SANRIO FLAMLI T-SHIRT,1090
SHIRT,YIKANMIŞ REGLAN KOLLU T-SHIRT,990
SHIRT,KABARTMA ÇİÇEK DESENLİ SOLUK GÖRÜNÜMLÜ T-SHIRT,1090
SHIRT,ÇİFT KATLI KISA KOLLU T-SHIRT,790
OTHERS,SUPIMA® KOLSUZ T-SHIRT,790
OTHERS,METALİK İPLİKLİ T-SHIRT,1790
OTHERS,BALIKÇI YAKA TOP,1490
SHIRT,SUPIMA® PAMUKLU T-SHIRT,1090
SHIRT,YIKANMIŞ GÖRÜNÜMLÜ KETEN T-SHIRT,990
SHIRT,ASİMETRİK ÇİFT KATMANLI T-SHIRT,990
SHIRT,KETEN KARIŞIMLI RUSTİK TİŞÖRT,990
SHIRT,KETEN RUSTİK TİŞÖRT,990
SHIRT,SUPIMA® KISA KOLLU T-SHIRT,790
SHIRT,SUPIMA® ÜÇ ÇEYREK KOLLU T-SHIRT,990
SHIRT,REGLAN KOLLU SLOGANLI T-SHIRT,790
SHIRT,KISA KOLLU T-SHIRT,990
SHIRT,SUPIMA® KOLSUZ T-SHIRT,790
SHIRT,SUPIMA® ASKILI T-SHIRT,790
OTHERS,HALTER TOP,490
OTHERS,%100 YÜN T-SHIRT,2490
SHIRT,ÇİÇEK DESENLİ KISA KOLLU T-SHIRT,990
SHIRT,KISA KOLLU SLOGANLI T-SHIRT,990
OTHERS,BÜZGÜLÜ V YAKA TOP,990
OTHERS,DELİKLİ VİSKOZ KARIŞIM T-SHIRT,1590
SWEATSHIRT,DİK YAKA PİKE T-SHIRT,1190
SWEATSHIRT,DİK YAKA PIKE T-SHIRT,1190
SHIRT,ÇİFT ETKİLİ SUPIMA® T-SHIRT,1090
SHIRT,VOLÜMLÜ ÇİÇEK T-SHIRT,1090
SHIRT,KISA KOLLU SLIM FIT T-SHIRT,550
SHIRT,YIRTMAÇLI KISA KOLLU T-SHIRT,1090
OTHERS,LİYOSELLİ DÜZ T-SHIRT,1490
SHIRT,RUSTİK HACİMLİ T-SHIRT,790
SHIRT,HACİMLİ RUSTİK T-SHIRT,790
SHIRT,DANTELLİ KOMBİNE T-SHIRT,990
COAT,YUMUŞAK BASIC KABAN,1090
SHIRT,DANTELLİ KOMBİNE T-SHIRT,790
SHIRT,MERİNOS YÜNÜ SEAMLESS KAYAK KOLEKSİYONU CEKET,1790
SHIRT,THERMOLITE® CORE DİKİŞSİZ TERMAL T-SHIRT KAYAK KOLEKSİYONU SETİ,790
TROUSERS,LIMITED EDITION KONTRAST DANTEL PANTOLON,5690
TROUSERS,LIMITED EDITION ÇİÇEK DESENLİ PANTOLON,4490
TROUSERS,LIMITED EDITION PENS DETAYLI PANTOLON,3690
TROUSERS,ÇİZGİLİ PİJAMA PANTOLON - LIMITED EDITION,4490
TROUSERS,LIMITED EDITION ÇİÇEK DESENLİ PANTOLON,4990
TROUSERS,LIMITED EDITION KETEN KARIŞIMLI ÇİZGİLİ PANTOLON,4490
TROUSERS,PENSLİ BARREL PANTOLON TAKIMI,1790
TROUSERS,KEMER KÖPRÜLÜ CULOTTE PANTOLON,1790
TROUSERS,PENSLİ CULOTTE PANTOLON,1590
TROUSERS,ALTIN DÜĞMELİ PALAZZO PANTOLON,1790
TROUSERS,STRAIGHT FIT PANTOLON,1790
TROUSERS,RUSTİK STRAIGHT FIT PANTOLON,1190
TROUSERS,RUSTİK STRAIGHT FİT PANTOLON,1190
TROUSERS,BARREL PANTOLON,1590
TROUSERS,YIRTMAÇLI DÖKÜMLÜ PANTOLON,1590
TROUSERS,ZW COLLECTION KETEN BARREL PANTOLON,2490
TROUSERS,ZW COLLECTION YIRTMAÇLI KETEN PANTOLON,2290
TROUSERS,ÇAN PAÇA YIKAMALI ZIMBALI PANTOLON,1690
TROUSERS,ZW COLLECTION ÇİZGİLİ GENİŞ PAÇA PANTOLON,1790
TROUSERS,PENSLİ GENİŞ PAÇA PANTOLON,1790
TROUSERS,GENİŞ PAÇA PENSLİ PANTOLON,1790
TROUSERS,SOLUK EFEKTLİ GENİŞ PAÇA PANTOLON,1190
LEGGINGS,İŞLEMELİ UZUN PANTOLON,2490
TROUSERS,YAN KEMER KÖPRÜLÜ DÜŞÜK BEL PANTOLON,1790
TROUSERS,PENSLİ BALON PANTOLON,1790
TROUSERS,PULLU DÖKÜMLÜ PANTOLON,2490
TROUSERS,ZW COLLECTION DİKİŞ DETAYLI STRAIGHT PANTOLON,2490
TROUSERS,MİNİ ÇAN PAÇA PANTOLON,1590
TROUSERS,İSPANYOL PAÇA SWEAT PANTOLON,1190
TROUSERS,SATEN YIRTMAÇLI DANTEL PANTOLON,4490
BERMUDA,KAPRİ KARGO PANTOLON,1590
TROUSERS,BALON PİJAMA PANTOLON,990
TROUSERS,ÇİFT BEL BANTLI WIDE LEG PANTOLON,1790
TROUSERS,YÜKSEK BEL PANTOLON,1590
TROUSERS,KEMERLİ PENSLİ PANTOLON,1690
TROUSERS,çan PAÇA PANTOLON,1590
TROUSERS,YÜKSEK BEL KEMERLİ PANTOLON,1690
TROUSERS,PENSLİ PANTOLON,1790
TROUSERS,İSPANYOL PAÇA PANTOLON TAKIM,1790
TROUSERS,ZW COLLECTION YÜKSEK BEL CROP PANTOLON,1790
TROUSERS,KEMERLİ DÜZ KESİM PANTOLON,1790
TROUSERS,PİLİLİ BALLOON PANTOLON,1790
TROUSERS,PENSLİ YÜKSEK BEL PANTOLON TAKIMI,2290
TROUSERS,KEMERLİ BALON PANTOLON,1690
TROUSERS,ÇİFT BELLİ GENİŞ PANTOLON,1790
TROUSERS,YÜKSEK BEL PANTOLON,1790
TROUSERS,ORTA BEL DÜZ PANTOLON,1790
TROUSERS,ELASTİK FİTİLLİ PANTOLON,1690
TROUSERS,YÜKSEK BEL DÜZ KESİM PANTOLON TAKIMI,1790
TROUSERS,PENSLİ DÜZ KESİM PANTOLON,1790
TROUSERS,ÖRME KEMERLİ CHINO PANTOLON,1590
TROUSERS,ÇİFT BELLİ GENİŞ PAÇA PANTOLON,1790
TROUSERS,YANLARI DİKİŞLİ ÇAN PANTOLON,1690
TROUSERS,YÜKSEK BEL DÜZ PAÇA PANTOLON,1790
TROUSERS,ÜTÜ İZLİ PANTOLON ZW COLLECTION,1790
TROUSERS,YIRTMAÇLI ÇAN PAÇA PANTOLON ZW COLLECTION,2990
TROUSERS,BARREL KARGO CEPLİ PANTOLON TAKIMI,2290
TROUSERS,BORU PAÇA PANTOLON,1790
TROUSERS,KATLANIR BEL PENSLİ PANTOLON,1790
TROUSERS,DÜĞMELİ PAÇALI DÖKÜMLÜ PANTOLON,2290
TROUSERS,TOKALI BARREL PANTOLON,1790
TROUSERS,DÜZ PAÇA YÜKSEK BEL PANTOLON TAKIMI,2290
TROUSERS,ZW COLLECTION PENSLİ GENİŞ PAÇA PANTOLON,2490
TROUSERS,ZW COLLECTION YÜKSEK BEL PANTOLON,2490
TROUSERS,BURUŞUK GÖRÜNÜMLÜ DÖKÜMLÜ PANTOLON TAKIMI,1590
TROUSERS,SMOKİN TAKIM PANTOLONU,1790
TROUSERS,ÖRGÜ KEMERLİ CHINO PANTOLON,1590
TROUSERS,HAVLU KUMAŞ ÇAN PAÇA PANTOLON,1190
TROUSERS,ÇAN PAÇA CEPLİ PANTOLON,1590
TROUSERS,Z1975 YÜKSEK BEL JOGGER GENİŞ PAÇA SET,1590
TROUSERS,KEMERLİ PENSLİ PANTOLON,1790
TROUSERS,BALON PANTOLON,1490
TROUSERS,DÜZ KESİM DÖKÜMLÜ PANTOLON TAKIMI,1490
TROUSERS,SETLİ DÖKÜMLÜ STRAIGHT FIT PANTOLON,1490
TROUSERS,RUSTİK KUMAŞ CULOTTE PANTOLON,1790
TROUSERS,YÜKSEK BEL CULOTTE PANTOLON TAKIMI,1690
TROUSERS,DÖKÜMLÜ DÜZ PAÇA PANTOLON TAKIMI,1490
TROUSERS,ZW COLLECTION GENİŞ PAÇA PANTOLON,2990
TROUSERS,LASTİKLİ BEL GENİŞ PAÇA PANTOLON TAKIMI,1490
TROUSERS,ZW COLLECTION KETEN KARIŞIMLI PİLİLİ PANTOLON,2790
TROUSERS,GENİŞ PAÇA YÜKSEK BEL PANTOLON ZW COLLECTION,2490
TROUSERS,ZİNCİR KEMERLİ ŞALVAR PANTOLON,2290
TROUSERS,LASTİKLİ BEL PANTOLON,1590
TROUSERS,KEMERLİ DÜZ PAÇA PANTOLON,1790
TROUSERS,ELASTİK BELLİ TAPERED PANTOLON,1790
TROUSERS,KEMERLİ CULOTTE PANTOLON,1690
TROUSERS,DÜŞÜK BEL DÜZ KESİM PANTOLON,2490
TROUSERS,POPLİN PENSLİ PANTOLON,1690
TROUSERS,BORU PAÇA AYARLANABİLİR PAÇALI PANTOLON,1790
TROUSERS,TRF LOOSE FIT DENİM JEAN,1590
TROUSERS,DANTEL PANTOLON,1190
TROUSERS,BALON PENSLİ PANTOLON,2290
TROUSERS,AYARLANABİLİR PAÇALI GENİŞ PANTOLON,1690
TROUSERS,PAÇASI KATLAMALI PENSLİ PANTOLON,1790
TROUSERS,DÜZ KESİM PENSLİ PANTOLON,1790
TROUSERS,ZW COLLECTION PİLİLİ GENİŞ PAÇA PANTOLON,2490
TROUSERS,ÇİFT BEL KISMI GENİŞ PAÇA PANTOLON,1790
LEGGINGS,GENİŞ PAÇA DÖKÜMLÜ PANTOLON,1190
TROUSERS,MİNİMAL GENİŞ PAÇA PANTOLON ZW COLLECTION,2490
TROUSERS,KEMERLİ DOKULU PANTOLON,1590
TROUSERS,DOKULU KEMERLİ PANTOLON,1590
TROUSERS,DÜŞÜK BEL PENSLİ PANTOLON,1790
TROUSERS,BALIK SIRTI DESENLİ %100 KETEN PANTOLON,2490
TROUSERS,İNTERLOK PANTOLON,1590
TROUSERS,ZW COLLECTION PENSLİ KISA PAÇA PANTOLON,2490
TROUSERS,YIRTMAÇLI ÇAN PANTOLON ZW COLLECTION,2290
TROUSERS,BARREL PANTOLON ZW COLLECTION,2490
TROUSERS,KETEN KARIŞIMLI DÜZ KESİM PANTOLON,1790
TROUSERS,KEMERLİ BALIK SIRTI PANTOLON,2290
TROUSERS,MİNİ ÇAN PAÇA PANTOLON TAKIMI,1790
TROUSERS,BARREL PANTOLON KEMER KÖPRÜLÜ,1690
TROUSERS,TÜL FLOK İSPANYOL PAÇA PANTOLON,1490
TROUSERS,İNCE KEMERLİ GENİŞ PAÇA PANTOLON,2290
TROUSERS,PİLİLİ DÖKÜMLÜ PANTOLON,1590
TROUSERS,PUANTİYELİ KEMERLİ CULOTTE PANTOLON,1790
TROUSERS,PUANTİYE DESENLİ GENİŞ PAÇA PANTOLON,1690
TROUSERS,KEMERLİ BAGGY PANTOLON,1790
TROUSERS,LASTİKLİ BEL CARROT PANTOLON,1590
TROUSERS,PİLİLİ İNCE ÇİZGİLİ PANTOLON,2490
TROUSERS,KAPRİ PANTOLON,1590
TROUSERS,YÜKSEK BEL DÜZ KESİM PANTOLON TAKIMI,1590
TROUSERS,SUNİ DERİ DÜZ PAÇA PANTOLON,2290
TROUSERS,RUSTİK KUMAŞ DÜZ PAÇA PANTOLON TAKIM,1790
TROUSERS,METALİK İPLİKLİ BUKLE PANTOLON,1590
TROUSERS,ÇAN PAÇA DOKULU PANTOLON,1590
TROUSERS,STREÇ GENİŞ PAÇA PANTOLON,1490
TROUSERS,AĞIR PAMUKLU GENİŞ PAÇA PANTOLON,1490
TROUSERS,ZW COLLECTION KISA PAÇA PANTOLON,2490
TROUSERS,YÜNLÜ KROP ÇAN PANTOLON ZW COLLECTION,3690
TROUSERS,PENSLİ BARREL PANTOLON,1690
TROUSERS,DÜĞMELİ KRUVAZE PANTOLON,1590
TROUSERS,ZW COLLECTION DÜŞÜK BEL STRAIGHT PANTOLON,2490
TROUSERS,YIRTMAÇLI İSPANYOL PAÇA PANTOLON ZW COLLECTION,2290
TROUSERS,YIKANMIŞ GÖRÜNÜMLÜ İNTERLOK PANTOLON,1490
TROUSERS,DİKİŞ DETAYLI STRAIGHT FIT PANTOLON,1590
TROUSERS,PENS DETAYLI STRAIGHT FIT PANTOLON,1590
TROUSERS,OVERSIZE KARGO PANTOLON,1790
TROUSERS,İNCE ÇİZGİLİ STRAIGHT FIT PANTOLON,1790
TROUSERS,DÜĞMELİ KRUVAZE PANTOLON ZW COLLECTION,2990
TROUSERS,NERVLİ İNTERLOK ÇAN PANTOLON,1490
TROUSERS,KEMERLİ PAPERBAG KARGO PANTOLON,2290
TROUSERS,Kargo Cepli Paperbag Pantolon,2290
TROUSERS,İNCE ÇİZGİLİ DÜZ PAÇA PANTOLON,1790
TROUSERS,DÜŞÜK BEL DÜZ KESİM PANTOLON,1790
TROUSERS,ZW COLLECTION PENSLİ GENİŞ PAÇA PANTOLON,2990
TROUSERS,%100 KETEN DÜZ PAÇA PANTOLON,2490
TROUSERS,STREÇ ÇAN PAÇA PANTOLON,1190
TROUSERS,İNTERLOK ÇAN PANTOLON,1190
TROUSERS,ELASTİK BELLİ PANTOLON,1490
TROUSERS,LASTİKLİ BELLİ PANTOLON,1490
TROUSERS,KONTRAST BELLİ DÜZ PAÇA PANTOLON TAKIMI,1790
TROUSERS,KONTRAST BELLİ DÜZ KESİM PANTOLON TAKIM,1790
TROUSERS,UZUN GENİŞ PAÇA PANTOLON,1590
TROUSERS,RUSTİK STRAIGHT FIT PANTOLON,1490
TROUSERS,INTERLOK BALON PANTOLON,1190
TROUSERS,BALON İNTERLOK PANTOLON,1190
TROUSERS,ARKASI KEMER KÖPRÜLÜ PENSLİ PANTOLON,1790
TROUSERS,PARLAK KOTON PANTOLON,2290
TROUSERS,KEMER KÖPRÜLÜ CHINO PANTOLON ZW COLLECTION,2490
TROUSERS,ZW COLLECTION ÇİZGİLİ PİJAMA PANTOLON,2290
LEGGINGS,DİKİŞSİZ ÇAN PAÇA PANTOLON,1490
TROUSERS,ZW COLLECTION KARGO PANTOLON,2490
TROUSERS,%100 KETEN DÜZ PAÇA PANTOLON TAKIM,2490
TROUSERS,%100 KETEN DÜZ KESİM PANTOLON TAKIMI,2490
TROUSERS,BALIK SIRTI ÖRGÜ KEMERLİ PANTOLON,1790
TROUSERS,YÜKSEK BEL DÜZ PAÇA PANTOLON TAKIMI,1790
LEGGINGS,PUANTİYELİ KAPRI PANTOLON,990
TROUSERS,ESNEK PUANTİYELİ ÇAN PAÇA PANTOLON,1190
TROUSERS,KEMERLİ PENSLİ STRAIGHT FİT PANTOLON,2290
TROUSERS,ALTTAN AYARLANABİLİR PANTOLON,2290
TROUSERS,AYARLANABİLİR PAÇALI CULOTTE PANTOLON,1590
TROUSERS,PUANTİYELİ PANTOLON ZW COLLECTION,2290
TROUSERS,KALIN PAMUKLU KUŞAKLI PANTOLON,1490
TROUSERS,İNCE ÇİZGİLİ PENS VE KAPAK DETAYLI PANTOLON,1790
TROUSERS,PENS DETAYLI KAPAKLI İNCE ÇİZGİLİ PANTOLON,1790
TROUSERS,KADİFE BARREL PANTOLON,1790
TROUSERS,ORTA BEL BARREL PANTOLON,2290
TROUSERS,ELASTİK BELLI BARREL PANTOLON,1690
TROUSERS,LASTİKLİ BEL BARREL PANTOLON,1690
TROUSERS,ZW COLLECTION YIRTMAÇLI DÜZ PANTOLON,2490
TROUSERS,GENİŞ PAÇA YÜKSEK BEL PANTOLON,1790
TROUSERS,GLOBAL PAPERBAG PANTOLON,1790
TROUSERS,PÖTİKARELİ KAPRI PANTOLON,1590
TROUSERS,PÖTİKARELİ ÇAN PAÇA PANTOLON,1590
TROUSERS,KAPRİ TOKALI PANTOLON,1590
TROUSERS,CEPLİ DÜZ PAÇA CROP PANTOLON,2290
TROUSERS,SUNİ DERİ TAILORED GENİŞ PAÇA ZW KOLEKSİYONU PANTOLON,1790
TROUSERS,METALİK İPLİKLİ JAKARLI ÇİZGİLİ PANTOLON,1790
TROUSERS,KETEN DÜZ PAÇA PANTOLON,1690
TROUSERS,FİSTO İŞLEMELİ CULOTTE PANTOLON,1790
TROUSERS,ZW COLLECTION GENİŞ PAÇA PANTOLON,2490
TROUSERS,ZW COLLECTION ÇİZGİLİ PİJAMA PANTOLONU,2490
TROUSERS,KETEN DÜZ PAÇA PANTOLON TAKIM,1790
TROUSERS,GENİŞ PAÇA PENYE PANTOLON,1590
TROUSERS,YAMALI KOTON PANTOLON,1590
TROUSERS,AYARLANABİLİR PAÇALI BASIC DÜZ KESİM PENYE PANTOLON,1190
TROUSERS,KETEN CULOTTE PANTOLON,1790
TROUSERS,"KIVRIK PAÇALI, PİLİLİ PANTOLON",1790
TROUSERS,KEMERLİ KATLANIR PAÇALI PANTOLON,2290
TROUSERS,KETEN KARIŞIMLI GENİŞ PAÇA PANTOLON,2290
TROUSERS,KETEN BARREL PANTOLON TAKIMI,1790
TROUSERS,KALP KEMERLİ STREÇ PANTOLON,1590
LEGGINGS,DOKULU KRUVAZE PANTOLON,1490
TROUSERS,Z1975 ORTA BEL BALON JEAN,2290
TROUSERS,KARELİ PANTOLON ZW COLLECTION,2490
TROUSERS,YAN DİKİŞLİ çan PANTOLON,1690
TROUSERS,RUSTİK DÜZ PAÇA PANTOLON,1490
TROUSERS,ZW COLLECTION CROP PANTOLON,2490
TROUSERS,CEPLİ JOGGER PANTOLON,1190
TROUSERS,YÜN KUMAŞ DİKİŞ DETAYLI PANTOLON ZW COLLECTION,3690
TROUSERS,KIVRIK PAÇA PİLİLİ PANTOLON,1790
TROUSERS,YÜKSEK BEL GENİŞ PAÇA PANTOLON,1790
TROUSERS,ZW COLLECTION KAPRI PANTOLON,2490
TROUSERS,FUSEAU PANTOLON ZW COLLECTION,2290
TROUSERS,SATEN YÜZEYLİ BARREL PANTOLON,2290
TROUSERS,RUSTİK GENİŞ PAÇA PANTOLON,1190
TROUSERS,KEMERLİ PALAZZO PANTOLON,1590
TROUSERS,SOLUK EFEKTLİ KOTON PANTOLON,1590
TROUSERS,YIKANMIŞ GÖRÜNÜMLÜ KOTON PANTOLON,1590
TROUSERS,YIKANMIŞ GÖRÜNÜMLÜ ZIMBALI PANTOLON,1790
TROUSERS,YIKANMIŞ GÖRÜNÜMLÜ ZIMBALI PAÇALI EŞOFMAN ALTI,1790
TROUSERS,VOLÜMLÜ PANTOLON,1590
TROUSERS,ÇİZGİLİ BUKLE PANTOLON,1590
TROUSERS,ZW COLLECTION DÜZ KESİM PANTOLON,3690
TROUSERS,ZW COLLECTION DÜŞÜK BEL ÇAN PAÇA PANTOLON,2990
TROUSERS,ZW COLLECTION STRAIGHT FIT PANTOLON,3690
TROUSERS,KARELİ GENİŞ PAÇA PANTOLON ZW COLLECTION,3690
TROUSERS,ZW COLLECTION DÜŞÜK BEL KAPRI PANTOLON,2490
TROUSERS,İNCE ÇİZGİLİ DÜŞÜK BEL PANTOLON,1790
TROUSERS,ÇİZGİLİ ÇAN PANTOLON,1590
TROUSERS,KEMERLİ PENSLİ CROP PANTOLON,1690
TROUSERS,DÜĞMELİ PAÇALI ÇİZGİLİ PANTOLON ZW COLLECTION,2790
TROUSERS,ZW COLLECTİON PİLİLİ HACİMLİ PANTOLON,2990
TROUSERS,ZIMBALI STREÇ ÇAN PAÇA PANTOLON,1590
TROUSERS,ÇAN PAÇA STREÇ ÇIVILI PANTOLON,1590
TROUSERS,İNCE ÇİZGİLİ PANTOLON,1790
TROUSERS,KEMERLİ PÖTİKARELİ DÜZ PAÇA PANTOLON,2290
TROUSERS,ZW COLLECTION DOKULU PİJAMA PANTOLON,1790
TROUSERS,ZW COLLECTION ÇİZGİLİ PİJAMA PANTOLON,1790
TROUSERS,YAZILI JOGGER PANTOLON,1590
TROUSERS,GENİŞ PAÇA EŞARP PANTOLON,1590
TROUSERS,YÜKSEK BEL CULOTTE PANTOLON TAKIMI,1790
TROUSERS,GENİŞ PAÇA ÇAPRAZ BEL PANTOLON TAKIMI,1790
TROUSERS,CARROT FIT KARGO PANTOLON,1790
TROUSERS,KRUVAZE BEL PANTOLON,2290
TROUSERS,DİKİŞ DETAYLI STRAIGHT FIT PANTOLON,1790
TROUSERS,YÜKSEK BEL KARGO PANTOLON,2290
TROUSERS,KADİFE ETKİLİ DÜZ PANTOLON,2290
TROUSERS,İNCE ÇİZGİLİ PANTOLON TAKIMI,1790
TROUSERS,KEMERLİ PAPERBAG PANTOLON,2290
TROUSERS,PİLİLİ GENİŞ PAÇA PANTOLON ZW COLLECTION,2490
TROUSERS,DÜZ KESİM CHINO PANTOLON,1690
TROUSERS,PENSLİ DÜZ KESİM PANTOLON TAKIMI,2290
TROUSERS,GENİŞ PAÇA KAZAYAĞI DESENLİ PANTOLON,1790
TROUSERS,KREPE KEMERLİ PANTOLON,1490
TROUSERS,İŞLEMELİ DOKULU ŞALVAR PANTOLON,2290
TROUSERS,ZW COLLECTION ORTA BEL CULOTTE ÇİZGİLİ JEAN,2290
TROUSERS,İNCE ÇİZGİLİ GENİŞ PAÇA PENSLİ PANTOLON,1790
TROUSERS,BARREL KESİM KONTRAST PANTOLON,1690
TROUSERS,ŞALVAR KESİM SATEN PANTOLON,1590
TROUSERS,DÜZ PAÇA PENYE PANTOLON,1490
TROUSERS,DÜŞÜK BEL İNCE ÇİZGİLİ PANTOLON,1790
TROUSERS,DÜŞÜK BEL ÇİZGİLİ ÇAN PANTOLON,1790
TROUSERS,İNCE ÇİZGİLİ ÇAN PAÇA PANTOLON,1790
TROUSERS,STRAIGHT FIT FİTİLLİ KADİFE PANTOLON,1790
TROUSERS,DÖKÜMLÜ ŞALVAR PANTOLON,1590
TROUSERS,AĞIR PAMUKLU KUŞAKLI PANTOLON,1490
TROUSERS,STRAIGHT KESİM GENİŞ PAÇA PANTOLON,1490
TROUSERS,DÜZ KESİM İNTERLOK PANTOLON,1490
TROUSERS,STREÇ MİNİ çan PANTOLON,1490
TROUSERS,BAĞCIKLI STRAIGHT FIT PANTOLON,1490
TROUSERS,DÜĞMELİ DÜZ KESİM PANTOLON,1790
TROUSERS,FERMUARLI ÇAN PANTOLON,1690
TROUSERS,KARGO CEPLİ CARROT PANTOLON,1790
TROUSERS,LASTİKLİ BEL DÜZ PAÇA PANTOLON,1790
TROUSERS,BALIK SIRTI STRAIGHT FIT PANTOLON,1790
TROUSERS,DÜĞMELİ PAMUKLU ŞORT,1490
TROUSERS,KEMERLİ ÇİZGİLİ ŞALVAR PANTOLON,2990
TROUSERS,STRAIGHT FIT TRİKO PANTOLON,1590
TROUSERS,ZW COLLECTION ÇİZGİLİ POPLİN PANTOLON,2490
TROUSERS,ZW COLLECTION KEMER KÖPRÜLÜ CHINO PANTOLON,2490
TROUSERS,DOKULU STRAIGHT FIT PANTOLON,1190
TROUSERS,NERVLÜ CULOTTE PANTOLON,1790
TROUSERS,DÜZ PAÇA PAMUKLU PANTOLON,1190
TROUSERS,LASTİKLİ BELLİ ŞALVAR PANTOLON,1690
TROUSERS,KARELİ YÜKSEK BEL PANTOLON,1590
TROUSERS,HACİMLİ GENİŞ PAÇA PANTOLON ZW COLLECTION,2490
TROUSERS,DİKİŞSİZ KAPRI PANTOLON,990
TROUSERS,KIVRIK BEL PANTOLON,1190
TROUSERS,BALON PİLİLİ PANTOLON,2290
TROUSERS,VOLÜMLÜ KARGO PANTOLON,2290
TROUSERS,YIRTMAÇLI ÇAN PAÇA PANTOLON ZW COLLECTION,2290
TROUSERS,İNCE ÇİZGİLİ YÜKSEK BEL PANTOLON ZW COLLECTION,2490
TROUSERS,ASİMETRİK DÖKÜMLÜ BAGGY PANTOLON,1790
TROUSERS,LASTİKLİ BEL SUNİ DERİ PANTOLON,1690
TROUSERS,BELİ LASTİKLİ SUNİ DERİ PANTOLON,1690
TROUSERS,GENİŞ PAÇA EŞOFMAN ALTI,1190
TROUSERS,DÖKÜMLÜ PİJAMA PANTOLON,1190
TROUSERS,KARELİ BALLOON PANTOLON,2290
TROUSERS,KARELİ PANTOLON,2290
TROUSERS,KEMERLİ KAPRİ PANTOLON,1690
TROUSERS,DÜZ KESİM KARGO PANTOLON,2490
TROUSERS,ÇOK CEPLİ KARGO PANTOLON,1790
TROUSERS,KONTRAST ŞERİTLİ GENİŞ PAÇA PANTOLON,1690
TROUSERS,PİLİLİ STRAIGHT FİT PANTOLON,2290
TROUSERS,KARELİ PENSLİ PANTOLON,1790
TROUSERS,PİLİLİ BALLOON PANTOLON,2290
TROUSERS,PUANTİYE DESENLİ KAPRI PANTOLON,1590
LEGGINGS,POLİAMİD DANTEL TAYT,1790
TROUSERS,DANTEL DETAYLI ŞALVAR PANTOLON,1790
TROUSERS,KONTRAST BARREL PANTOLON,1690
TROUSERS,KAPRİ KARGO PANTOLON,2290
TROUSERS,FİTİLLİ STRAIGHT FIT PANTOLON,1190
TROUSERS,INTERLOCK İSPANYOL PAÇA PANTOLON,1190
TROUSERS,BASIC PİKE PANTOLON,1490
TROUSERS,ÇİZGİLİ PİLİLİ BALLOON PANTOLON,1790
TROUSERS,CULOTTE KARELİ İŞLEMELİ PANTOLON TAKIMI,1790
TROUSERS,İŞLEMELİ KARELİ CULOTTE PANTOLON TAKIMI,1790
TROUSERS,CULOTTE PANTOLON,1790
TROUSERS,BÜZGÜLÜ CULOTTE PANTOLON,1790
TROUSERS,SUNİ SÜET PANTOLON,1790
TROUSERS,BALON PANTOLON ZW KOLEKSİYONU,2790
TROUSERS,KAYIŞLI DÜZ PANTOLON,2290
TROUSERS,ÇİZGİLİ PİJAMA PANTOLON ZW COLLECTION,2290
TROUSERS,ZW COLLECTION BARREL KARGO PANTOLON,2990
TROUSERS,İŞLEMELİ ŞALVAR PANTOLON,2490
TROUSERS,BÜZGÜLÜ DÖKÜMLÜ PANTOLON,2490
TROUSERS,SATEN YÜZEYLİ YÜKSEK BEL PANTOLON,2490
TROUSERS,ÇİÇEK DESENLİ KAPRI PANTOLON,1590
TROUSERS,BALLOON PİLİLİ PANTOLON,1790
TROUSERS,KARELİ DÖKÜMLÜ PANTOLON ZW COLLECTION,2990
TROUSERS,PİLİLİ GENİŞ PAÇA PANTOLON ZW COLLECTION,2790
TROUSERS,İNCE ÇİZGİLİ KAPRI PANTOLON,1590
TROUSERS,YUMUŞAK GENİŞ PAÇA PANTOLON,1590
TROUSERS,CEPLİ FİTİLLİ KADİFE PANTOLON,2490
TROUSERS,BARREL DERİ PANTOLON ZW COLLECTION LIMITED EDITION,8990
TROUSERS,ZW COLLECTION KARGO PANTOLON,2790
TROUSERS,ZW COLLECTION JAKARLI PİJAMA PANTOLON,2790
TROUSERS,ÇİZGİLİ PİLİLİ PANTOLON ZW COLLECTION,2490
TROUSERS,İŞLEMELİ ŞALVAR PANTOLON ZW COLLECTION,2490
TROUSERS,DANTEL DETAYLI CROP PANTOLON,2290
TROUSERS,%100 SÜET DERİ PANTOLON,6290
TROUSERS,CEP DETAYLI MİNİ ÇAN PANTOLON,1790
TROUSERS,PÖTİKARELİ NAYLON PANTOLON,1790
TROUSERS,STOPPERLI KARGO PANTOLON,1790
TROUSERS,BELİ VOLANLI GENİŞ PAÇA PANTOLON,1790
TROUSERS,ZW COLLECTION KETEN ÇAN PAÇA PANTOLON,2490
TROUSERS,ZW COLLECTION LIMITED EDITION KISA PAÇA ÇAN PANTOLON,4490
TROUSERS,PALAZZO DÖKÜMLÜ PANTOLON,1190
TROUSERS,AYARLANABİLİR PAÇALI BASIC DÜZ PELÜŞ PANTOLON,1190
TROUSERS,ZW COLLECTION İNCE ÇİZGİLİ WIDE LEG PENS DETAYLI PANTOLON,2990
TROUSERS,KEMERLİ PENSLİ PANTOLON,2290
TROUSERS,Z1975 KAPRI ORTA BEL JEAN,1590
TROUSERS,DÜĞMELİ TRİKO PANTOLON,2290
TROUSERS,CROP ŞALVAR PANTOLON,1090
TROUSERS,Dantel Şeritli Şalvar Pantolon,2990
TROUSERS,DANTEL ŞERİTLİ PUANTİYE DESENLİ ŞALVAR PANTOLON,2290
TROUSERS,PENSLİ GENİŞ PAÇA PANTOLON ZW COLLECTION,2490
TROUSERS,ZW KARGO PANTOLON KOLEKSİYONU,2790
TROUSERS,Z1975 ORTA BEL KARGO JEAN,1790
TROUSERS,ELASTİK BELLİ GENİŞ PAÇA PANTOLON TAKIMI,1490
TROUSERS,KARELİ ŞALVAR PANTOLON,1790
TROUSERS,DÜĞMELİ LİYOSEL KARIŞIMLI ŞORT,1190
TROUSERS,ZW COLLECTION FİTİLLİ KROP PANTOLON,3690
TROUSERS,ZW COLLECTION LIMITED EDITION DERİ PANTOLON,14990
TROUSERS,NAYLON ÜST ÜSTE BİNDİRİLMİŞ BELLİ PANTOLON,2290
TROUSERS,KARELİ NAYLON ŞALVAR PANTOLON,1790
TROUSERS,YAMA İŞLEMELİ PANTOLON - THE ITEM ZARA WOMAN,3690
TROUSERS,%100 LİYOSEL ŞALVAR PANTOLON,2990
TROUSERS,KEMERLİ KARELİ DÜZ KESİM PANTOLON,1790
TROUSERS,ÇİZGİLİ PİJAMA PANTOLONU,3690
TROUSERS,BÜZGÜLÜ KAPRI PANTOLON,1790
TROUSERS,ÇİZGİLİ VİSKOZ KARIŞIM PANTOLON,2990
TROUSERS,DANTEL ŞERİTLİ SATEN PANTOLON,2290
TROUSERS,KARELİ PANTOLON ZW COLLECTION,4490
TROUSERS,POLİAMİD TAYT,1790
TROUSERS,ÇİZGİLİ PİJAMA ALTI,2990
TROUSERS,ÇİZGİLİ DERİ PANTOLON ZW COLLECTION LIMITED EDITION,14990
TROUSERS,ZW COLLECTION KROKODİL DESENLİ DERİ PANTOLON,9990
TROUSERS,ÇİFT BELLİ GENİŞ PAÇA PANTOLON,1090
TROUSERS,ÇİFT BEL DETAYLI BARREL PANTOLON,1790
TROUSERS,KAPRI DANTELLİ TAYT,1190
TROUSERS,YIKANMIŞ GÖRÜNÜMLÜ ÇAN PANTOLON,790
TROUSERS,YIKANMIŞ GÖRÜNÜMLÜ ÇAN PAÇA PANTOLON,1190
TROUSERS,KEMERLİ PENSLİ PANTOLON,1090
TROUSERS,YÜKSEK BEL PANTOLON,990
TROUSERS,YUMUŞAK DOKULU PALAZZO PANTOLON,790
TROUSERS,BALON PİJAMA PANTOLONU,990
TROUSERS,KEMERLİ DÜZ PAÇA PANTOLON,1090
TROUSERS,FLARE PAÇA SU GEÇİRMEZ RÜZGARLIK RECCO® TEKNOLOJİLİ KAYAK KOLEKSİYONU PANTOLON,2790
TROUSERS,KAYAK KOLEKSİYONU DİKİŞSİZ MERİNOS YÜNLÜ TAYT,1490
TROUSERS,DİKİŞSİZ TERMAL TAYT THERMOLITE® CORE KAYAK KOLEKSİYONU,790
TROUSERS,BALIKSIRTI BARREL PANTOLON,1090
TROUSERS,LASTİKLİ PAÇA JOGGING PANTOLON,990
TROUSERS,MANŞET PAÇALI JOGGING PANTOLON,990
TROUSERS,LIMITED EDITION STRAIGHT FIT JEAN,3690
TROUSERS,Z1975 CULOTTE YÜKSEK BEL COMFORT JEAN,1690
TROUSERS,Z.03 UZUN DÜZ PAÇA YÜKSEK BEL JEAN,1690
TROUSERS,Z.03 STRAIGHT UZUN PAÇA YÜKSEK BEL JEAN,1690
TROUSERS,Z.01 MOM FIT YÜKSEK BEL JEAN,1590
TROUSERS,Z.01 YÜKSEK BEL MOM FIT JEAN,1590
TROUSERS,Z1975 CROPPED ORTA BEL JEAN,1790
TROUSERS,Z1975 CROP ORTA BEL JEAN,1790
TROUSERS,TRF KISA PAÇA ÇAN YÜKSEK BEL JEAN,1590
TROUSERS,Z1975 DÜŞÜK BEL GENİŞ PAÇA JEAN,1790
TROUSERS,TRF DÜŞÜK BEL BOT PAÇA JEAN,1790
TROUSERS,Z1975 DANTELLİ DISTRESSED BAGGY JEAN,2490
TROUSERS,ZW COLLECTION CEPLİ DENİM PANTOLON,2290
TROUSERS,ZW COLLECTION WIDE LEG ÇİZGİLİ YÜKSEK BEL JEAN,2490
TROUSERS,Z1975 WIDE LEG ORTA BEL PENS DETAYLI JEAN,1790
TROUSERS,TRF RELAXED FIT ORTA BEL JEAN,1590
TROUSERS,Z1975 GENİŞ PAÇA YÜKSEK BEL PENSLİ JEAN,1790
TROUSERS,Z1975 YÜKSEK BEL GENİŞ PAÇA JEAN,1790
TROUSERS,TRF YÜKSEK BEL GENİŞ PAÇA JEAN,1790
TROUSERS,TRF EKSTRA GENİŞ PAÇA YÜKSEK BEL JEAN,2290
TROUSERS,TRF GENİŞ PAÇA YÜKSEK BEL JEAN,1790
TROUSERS,Z1975 PUANTİYELİ MİNİ ÇAN ORTA BEL JEAN,1790
TROUSERS,ZW COLLECTION WIDE LEG YÜKSEK BEL JEAN,1790
TROUSERS,ZW COLLECTİON YÜKSEK BEL GENİŞ PAÇA JEAN,1790
TROUSERS,TRF MOM FIT YÜKSEK BEL JEAN,1590
TROUSERS,JEANS Z.05 MOM FIT YÜKSEK BEL,1590
TROUSERS,TRF DÜŞÜK BEL GENİŞ PAÇA JEAN,1790
TROUSERS,EKSTRA GENİŞ PAÇA YÜKSEK BEL TRF JEAN,2290
TROUSERS,TRF BAGGY BALON ORTA BEL JEAN,1790
TROUSERS,JEANS Z.10 CULOTTE YÜKSEK BEL KEMERLİ,2290
TROUSERS,TRF GENİŞ PAÇA ÇAPRAZ BEL YÜKSEK BEL JEAN,1790
TROUSERS,TRF EXTRA GENİŞ PAÇA YÜKSEK BEL JEAN,2290
TROUSERS,TRF DÜŞÜK BEL KATLAMALI BOL PAÇA JEAN,2290
TROUSERS,TRF YÜKSEK BEL ÇAPRAZ BEL GENİŞ PAÇA JEAN,1790
TROUSERS,ÇAN PAÇA PİLELİ PANTOLON,1790
TROUSERS,TRF YÜKSEK BEL EKSTRA GENİŞ PAÇA JEAN,2290
TROUSERS,Z1975 DÜŞÜK BEL BARREL ÇİZGİLİ JEAN,2290
TROUSERS,ZW COLLECTION TAILORED WIDE LEG YÜKSEK BEL JEAN,1790
TROUSERS,TRF DÜŞÜK BEL PARLAK DÜZ PAÇA JEAN,3690
TROUSERS,TRF YÜKSEK BEL SKINNY JEAN,1590
TROUSERS,ZW COLLECTION YÜKSEK BEL GENİŞ PAÇA JEAN,1790
TROUSERS,ZW COLLECTION ORTA BEL BORU PAÇA JEAN,1790
TROUSERS,Z1975 YÜKSEK BEL BORU PAÇA JEAN,2290
TROUSERS,TRF KATLANIR BEL ORTA BEL JEAN,2290
TROUSERS,TRF BOOTCUT DÜŞÜK BEL JEAN,1790
TROUSERS,ZW COLLECTION ORTA BEL ÇİZGİLİ SLIM JEAN,2290
TROUSERS,Z1975 WIDE LEG ORTA BEL JEAN,2290
TROUSERS,ZW COLLECTION GENİŞ PAÇA YÜKSEK BEL JEAN,1790
TROUSERS,ZW COLLECTION YÜKSEK BEL ÇİZGİLİ ÇAN PAÇA JEAN,2490
TROUSERS,ZW KOLEKSİYON BOOTCUT ORTA BEL JEAN,1790
TROUSERS,ZW COLLECTION ORTA BEL BOOTCUT JEAN,1790
TROUSERS,ZW COLLECTION TAPERED ORTA BEL JEAN,1790
TROUSERS,ZW COLLECTION ORTA BEL ÇİZGİLİ LOOSE JEAN,2290
TROUSERS,Z1975 YÜKSEK BEL JOGGER GENİŞ PAÇA JEAN TAKIM,1590
TROUSERS,Z1975 GENİŞ PAÇA ORTA BEL PENS DETAYLI JEAN,1790
TROUSERS,ZW COLLECTION ORTA BEL ÇİZGİLİ CULOTTE JEAN,2290
TROUSERS,JEANS Z1975 GENİŞ PAÇA CROP YÜKSEK BEL,1790
TROUSERS,JEANS TRF BAGGY KATLANMIŞ ORTA BEL,2290
TROUSERS,TRF DÜŞÜK BEL DÜZ PAÇA JEAN,1590
TROUSERS,Z1975 LOOSE STRAIGHT ORTA BEL JEAN,2290
TROUSERS,YÜKSEK BEL KOT GÖRÜNÜMLÜ PANTOLON,1790
TROUSERS,TRF KATLAMALI DÜZ PAÇA JEAN,1590
TROUSERS,Z1975 LOOSE GENİŞ PAÇA ORTA BEL JEAN,1790
TROUSERS,ZW COLLECTION BARREL YÜKSEK BEL JEAN,2490
TROUSERS,JEANS TRF BAGGY BALON ORTA BEL,1790
TROUSERS,Z.07 RELAXED FIT ORTA BEL PAÇASI KATLAMALI JEAN,1790
TROUSERS,TRF DÜŞÜK BEL GENİŞ PAÇA PUANTİYELİ JEAN,1790
TROUSERS,ZW COLLECTION CIGARRETE ORTA BEL JEAN,2290
TROUSERS,TRF BAGGY KATLAMALI ORTA BEL JEAN,2290
TROUSERS,Z1975 ORTA BEL BALON JEAN,2290
TROUSERS,TRF DÜŞÜK BEL DÜZ PAÇA JEAN,1790
TROUSERS,TRF DÜŞÜK BEL YIRTMAÇLI STRAIGHT JEAN,1790
TROUSERS,Z1975 DÜŞÜK BEL JEAN,1790
TROUSERS,TRF YÜKSEK BEL KISA KESİM ÇAN PAÇA JEAN,1590
TROUSERS,Z1975 STRAIGHT TAPERED YÜKSEK BEL KEMERLİ JEAN,2290
TROUSERS,TRF BAGGY TAŞLI JEAN,4990
TROUSERS,KATLANIR PAÇALI ORTA BEL TRF JEAN,1590
TROUSERS,ZW COLLECTION KAPRI JEAN,2290
TROUSERS,ZW COLLECTION TAPERED YÜKSEK BEL JEAN,2490
TROUSERS,TRF CROPPED ÇAN YÜKSEK BEL JEAN,1590
TROUSERS,YÜKSEK BEL TRF BARREL JEAN,2290
TROUSERS,TRF PARLAK ORTA BEL BAGGY JEAN,3690
TROUSERS,JEAN Z.10 CULOTTE YÜKSEK BEL KEMERLİ,2290
TROUSERS,Z1975 STRAIGHT LOOSE FIT ORTA BEL JEAN,1790
TROUSERS,Z1975 ORTA BEL BARREL PAÇA ANKLE JEAN,1790
TROUSERS,Z1975 BARREL ORTA BEL KATLAMALI PAÇA JEAN,1790
TROUSERS,JEANS Z1975 DÜZ PAÇA YÜKSEK BEL ÇAPRAZ BEL,1790
TROUSERS,ZW COLLECTION KAPRI ORTA BEL JEAN,2290
TROUSERS,TRF ORTA BEL BALON JEAN,2290
TROUSERS,TRF DÜŞÜK BEL PAYETLİ JEAN,2990
TROUSERS,ZW COLLECTION BAGGY ORTA BEL JEAN,2490
TROUSERS,JEANS Z1975 DÜŞÜK BEL STRAIGHT,1790
TROUSERS,JEANS Z.03 STRAIGHT YÜKSEK BEL UZUN PAÇA,1690
TROUSERS,Z1975 ORTA BEL GENİŞ PAÇA JEAN TAKIM,1790
TROUSERS,Z1975 DİKİŞ DETAYLI YÜKSEK BEL BARREL CROP JEAN,1790
TROUSERS,TRF CROPPED ORTA BEL JEAN,1590
TROUSERS,ZW COLLECTION YÜKSEK BEL SOLUK EFEKTLİ JEAN,2990
TROUSERS,ZW COLLECTION YÜKSEK BEL BALON PENS DETAYLI JEAN,2490
TROUSERS,JEANS TRF BAGGY BARREL ORTA BEL,1790
TROUSERS,KATLANIR BEL TRF ORTA BEL JEAN,2290
TROUSERS,ZW COLLECTION CIGARETTE ORTA BEL JEAN,2290
TROUSERS,Z1975 BALON DİKİŞLİ JEAN,2290
TROUSERS,Z1975 BALON ASİMETRİK PAÇA YÜKSEK BEL JEAN,1790
TROUSERS,Z1975 MİNİ İSPANYOL PAÇA YÜKSEK BEL JEAN,1590
TROUSERS,Z1975 DİKİŞ DETAYLI YÜKSEK BEL CULOTTE JEAN,1790
TROUSERS,TRF GENİŞ PAÇA DÜŞÜK BEL JEAN,1790
TROUSERS,ZW COLLECTION ORTA BEL CIGARETTE JEAN,2290
TROUSERS,TRF GENİŞ PAÇA DISTRESSED YÜKSEK BEL JEAN,1790
TROUSERS,TRF BALON KEMER KÖPRÜLÜ ORTA BEL JEAN,1790
TROUSERS,TRF DÜŞÜK BEL HAVUÇ PAÇA JEAN,1790
TROUSERS,JEANS Z1975 DÜŞÜK BEL UZUN PAÇA STRAIGHT,2290
TROUSERS,Z1975 STRAIGHT PAÇA KATLAMALI JEAN,2290
TROUSERS,Z.01 MOM FIT YÜKSEK BEL ÜTÜ İZLİ JEAN,1690
TROUSERS,ZW COLLECTION BİLEK BOY BALON ORTA BEL JEAN,2490
TROUSERS,ZW COLLECTION ORTA BEL BİLEKTE BALLOON JEAN,2490
TROUSERS,ZW COLLECTION ORTA BEL BALON BİLEK BOY JEAN,2490
TROUSERS,ZW COLLECTION ORTA BEL BALON BİLEKTE JEAN,2490
TROUSERS,JEANS ZW COLLECTİON BALON ORTA BEL,2490
TROUSERS,TRF GENİŞ PAÇA TAŞLI DÜŞÜK BEL JEAN,2990
TROUSERS,ZW COLLECTION ORTA BEL KISA PAÇA FLARE JEAN,1790
TROUSERS,ZW COLLECTİON CROP ÇAN ORTA BEL JEAN,1790
TROUSERS,TRF DÜŞÜK BEL CROP GENİŞ PAÇA JEAN,1590
TROUSERS,TRF BOYFRIEND ORTA BEL JEAN,1790
TROUSERS,Z1975 YÜKSEK BEL LOOSE FIT KANCALI JEAN,2290
TROUSERS,ZW COLLECTION RELAXED ORTA BEL JEAN,2990
TROUSERS,TRF BOYFRIEND DISTRESSED ORTA BEL JEAN,1790
TROUSERS,JEANS Z1975 YÜKSEK BEL STRAIGHT FIT,1790
TROUSERS,KATLANIR BELLI TRF ORTA BEL JEAN,2290
TROUSERS,Z1975 YÜKSEK BEL BOL GENİŞ PAÇA JEAN,2290
TROUSERS,KEMERLİ Z.08 KISA PAÇA GENİŞ PAÇA JEAN,2290
TROUSERS,TRF YÜKSEK BEL GENİŞ PAÇA TAM BOY JEAN,1790
TROUSERS,ZW COLLECTION ORTA BEL DÜZ PAÇA JEAN,2290
TROUSERS,TRF BAGGY ORTA BEL JEAN,2290
TROUSERS,ZW COLLECTION LOOSE BARREL ORTA BEL JEAN,2490
TROUSERS,TRF LOOSE FIT DENİM JEAN,1590
TROUSERS,Z1975 ORTA BEL BARREL KARGO JEAN,2290
TROUSERS,OVERSIZE TRF ORTA BEL JEAN,2290
TROUSERS,Z1975 YÜKSEK BEL GENİŞ PAÇA KOMBİNE JEAN,2290
TROUSERS,ZW COLLECTİON ORTA BEL BORU PAÇA JEAN,1790
TROUSERS,CULOTTE JEAN,1790
TROUSERS,Z1975 BORU PAÇA JEAN,1790
TROUSERS,Z.07 RELAXED FIT YÜKSEK BEL KATLANMIŞ PAÇA JEAN,1790
TROUSERS,ZW COLLECTION ORTA BEL KEMER KÖPRÜLÜ JEAN,2790
TROUSERS,Z1975 STRAIGHT FIT ORTA BEL JEAN,2290
TROUSERS,Z1975 ORTA BEL BALLOON FIT JEAN,2290
TROUSERS,ZW COLLECTION ORTA BEL CULOTTE ÇİZGİLİ JEAN,2290
TROUSERS,TRF KATLANMIŞ BOL KESİM ORTA BEL JEAN,2290
TROUSERS,TRF BOYFRIEND KALP DETAYLI ORTA BEL JEAN,2490
TROUSERS,TRF DÜŞÜK BEL BASKILI KATLAMALI LOOSE JEAN,2490
TROUSERS,TRF ORTA BEL PARLAK DÜZ PAÇA JEAN,2990
TROUSERS,KEMERLİ Z1975 KAPRI JEAN,1590
TROUSERS,TRF BAGGY DÜŞÜK BEL JEAN,2290
TROUSERS,TRF YÜKSEK BEL EKSTRA GENİŞ PAÇA KOT PANTOLON,2290
TROUSERS,Z1975 ORTA BEL CULOTTE JEAN,1790
TROUSERS,CEPLİ CULOTTE PANTOLON,1790
TROUSERS,ZW COLLECTİON ANKLE RELAXED FIT ORTA BEL JEAN,1790
TROUSERS,TRF ORTA BEL BAGGY FOLDED DISTRESSED JEAN,2290
TROUSERS,TRF KATLANIR PAÇA DÜZ KESİM ORTA BEL JEAN,1590
TROUSERS,TRF DÜŞÜK BEL PARLAK GENİŞ PAÇA JEAN,2990
TROUSERS,JEANS Z1975 GENİŞ PAÇA DÜŞÜK BEL,1790
TROUSERS,TRF DÜŞÜK BEL KISA PAÇA GENİŞ PAÇA JEAN,1590
TROUSERS,TRF KATLANMIŞ BAGGY ORTA BEL JEAN,2290
TROUSERS,TRF KATLANMIŞ ORTA BEL BAGGY JEAN,2290
TROUSERS,TRF DÜZ KESİM ÇİFT BEL ORTA BEL JEAN,2290
TROUSERS,Z1975 BARREL YÜKSEK BEL JEAN,2290
TROUSERS,ZW COLLECTION ORTA BEL RELAXED FIT PUANTİYELİ BİLEK BOY JEAN,2290
TROUSERS,Z1975 ORTA BEL KARGO JEAN FERMUARLI,2490
TROUSERS,ZW COLLECTION RELAXED FIT DÜŞÜK BEL ÇAN JEAN,2490
TROUSERS,ZW COLLECTION ORTA BEL KISA ÇAN PAÇA JEAN,2290
TROUSERS,Z1975 DÜŞÜK BEL STRAIGHT UZUN BOL PAÇA JEAN,1790
TROUSERS,ZW COLLECTİON RELAXED ORTA BEL BİLEKTE JEAN,1790
TROUSERS,ZW COLLECTION ORTA BEL BİLEKTE BALON JEAN,2490
TROUSERS,JEANS Z1975 BARREL YÜKSEK BEL,1790
TROUSERS,JEANS Z.09 STRAIGHT YÜKSEK BEL ÇAPRAZ BEL,1790
TROUSERS,ZW COLLECTION RELAXED FIT BALON ORTA BEL JEAN,2790
TROUSERS,ZW SLIM ORTA BEL JEAN,2490
TROUSERS,ZW COLLECTION ORTA BEL BORU PAÇA JEAN,2490
TROUSERS,TRF KATLANIR BELLİ ORTA BEL JEAN,2290
TROUSERS,TRF BALON ORTA BEL KEMERLİ JEAN,2290
TROUSERS,TRF BARREL FOLDED ORTA BEL JEAN,2290
TROUSERS,JEANS Z1975 WIDE LEG ORTA BEL DİKİŞLİ,2290
TROUSERS,BALON OVERSIZE TRF YÜKSEK BEL JEAN,2290
TROUSERS,Z1975 YÜKSEK BEL KEMERLİ BOOTCUT JEAN,1790
TROUSERS,TRF KATLANMIŞ PAÇA BOL DÜŞÜK BEL JEAN,1790
TROUSERS,ZW COLLECTION DÜŞÜK BEL SLIM JEAN,2490
TROUSERS,Z1975 RELAXED FIT KIVRIK PAÇA JEAN,2490
TROUSERS,ZW COLLECTION DÜŞÜK BEL DÜZ PAÇA JEAN,2490
TROUSERS,TRF YANLARI FERMUARLI JEAN,2490
TROUSERS,ZW COLLECTION DISTRESSED DÜŞÜK BEL RELAXED FIT JEAN,2490
TROUSERS,TRF YÜKSEK BEL EKSTRA GENİŞ PAÇA ZIMBALI JEAN,2490
TROUSERS,Z1975 ORTA BEL KARGO BARREL JEAN,2490
TROUSERS,ZW COLLECTION YÜKSEK BEL BALON JEAN,2490
TROUSERS,Z1975 LOOSE BAGGY JEAN,2290
TROUSERS,TRF BAGGY DISTRESSED ORTA BEL JEAN,2290
TROUSERS,Z1975 LOOSE ORTA BEL BOYA EFEKTLİ JEAN,2290
TROUSERS,Z1975 CULOTTE JEAN,1790
TROUSERS,TRF DÜŞÜK BEL JEAN,1790
TROUSERS,ZW COLLECTION RELAXED STRAIGHT DÜŞÜK BEL JEAN,2490
TROUSERS,TRF ÇİFT TARAFLI ORTA BEL JEAN,2990
TROUSERS,Z1975 KAPRI ORTA BEL JEAN,1590
TROUSERS,ZW COLLECTION ORTA BAGGY JEAN,2490
TROUSERS,JEANS Z1975 YÜKSEK BEL GENİŞ PAÇA,1790
TROUSERS,ZW COLLECTION DÜŞÜK BEL BOOTCUT JEAN,2490
TROUSERS,ZW COLLECTION DÜŞÜK BEL DÜZ KESİM JEAN,2490
TROUSERS,TRF OVERSIZE ORTA BEL JEAN,2290
TROUSERS,JEANS TRF BAGGY FERMUARLI,2490
TROUSERS,TRF MUMLU DÜŞÜK BEL JEAN,1790
TROUSERS,JEANS Z1975 DÜŞÜK BEL DÜZ PAÇA KATLAMALI PAÇA,2290
TROUSERS,Z1975 KEMERLİ ORTA BEL SLIM FIT JEAN,1790
TROUSERS,ZW COLLECTION ANKLE RELAXED ORTA BEL JEAN,1790
TROUSERS,TRF DÜŞÜK BEL STRAIGHT JEAN,1790
TROUSERS,KEMERLİ Z.08 GENİŞ PAÇA CROP JEAN,2290
TROUSERS,ZW COLLECTION ORTA BEL CULOTTE PANTOLON JEAN,2290
TROUSERS,Z1975 ORTA BEL KARGO JEAN,1790
TROUSERS,TRF YÜKSEK BEL STRAIGHT JEAN,1190
TROUSERS,TRF MOM FIT YÜKSEK BEL JEAN,990
TROUSERS,KEMERLİ Z1975 GENİŞ PAÇA JEAN,1190
TROUSERS,TRF EKSTRA GENİŞ PAÇA YÜKSEK BEL JEAN,1190
TROUSERS,JEANS Z1975 GENİŞ PAÇA DÜŞÜK BEL,1090
TROUSERS,TRF BARREL YÜKSEK BEL JEAN,1090
TROUSERS,Z1975 DÜŞÜK BEL DISTRESSED STRAIGHT JEAN,1090
TROUSERS,TRF ORTA BEL BOL BARREL JEAN,1190
SKIRT,LIMITED EDITION FRİLLİ ETEK,5690
SKIRT,LIMITED EDITION PÜSKÜLLÜ ÇİÇEKLİ ETEK,4990
SKIRT,LIMITED EDITION DANTEL ÇİÇEK DESENLİ ETEK,4990
SKIRT,LIMITED EDITION DANTEL VOLANLI ETEK,4990
SKIRT,LIMITED EDITION ÇİÇEK DESENLİ MİDİ ETEK,3690
SKIRT,SATEN YÜZEYLİ MİDİ ETEK,1590
SKIRT,KEMERLİ ÇİZGİLİ MİDİ ETEK,2490
SKIRT,Z1975 DİKİŞLİ DENİM MİDİ ETEK,1790
SKIRT,MİNİ ÇİZGİLİ ETEK,1490
SKIRT,PUANTİYE DESENLİ MİDİ ETEK,1190
SKIRT,PUANTİYE DESENLİ UZUN ETEK,1790
SKIRT,ZW KOLEKSİYONU VOLANLI ETEK,2490
SKIRT,DOKULU MİDİ ETEK,1090
SKIRT,DANTEL UZUN ETEK,1490
SKIRT,KEMERLİ KAP MİDİ ETEK,2490
BERMUDA,DANTEL KENARLI ŞORT ETEK,1590
BERMUDA,ASYMETRİK APLİKELİ ŞORT ETEK,1590
BERMUDA,ASİMETRİK APLİKELİ ŞORT ETEK,1590
BERMUDA,Dantel Uçlu Şort Etek,1590
SKIRT,KEMERLİ MİNİ KARGO ETEK,1590
SKIRT,PULLU MİNİ ETEK,1590
SKIRT,KEMERLİ SUNİ DERİ MİDİ ETEK,1790
SKIRT,SUNİ DERİ MİDİ ETEK,1590
SKIRT,ZW COLLECTION KISA DENİM ETEK,1790
BERMUDA,ASİMETRİK PANTOLON ETEK UYGULAMALI,1590
SKIRT,VOLÜMLÜ MİDİ ETEK,1790
BERMUDA,KEMERLİ ŞORT ETEK,1490
SKIRT,DRAPELİ KARELİ ETEK ZW COLLECTION,1790
BERMUDA,KARGO ŞORT ETEK TAKIMI,1590
SKIRT,SUNİ DERİ MİDİ ETEK TAKIMI,1590
SKIRT,ZW COLLECTION DESENLİ DRAPELİ ETEK,2990
SKIRT,ZW COLLECTION KARELİ KATLI ETEK,2290
SKIRT,KROŞE YAMA İŞLEMELİ ETEK,1690
SKIRT,RUSTİK KROŞE ETEK,1590
SKIRT,FİN TRİKO MİDİ ETEK,1590
SKIRT,KATMANLI MİDİ ETEK,1490
SKIRT,DRAPELİ VİCHY KARELİ ETEK,1790
SKIRT,ZIMBALI MIDI BALON ETEK,1790
BERMUDA,SUNİ DERİ KRUVAZE ŞORT ETEK,1490
SKIRT,KEMERLİ MİDİ ETEK,2490
SKIRT,VOLANLI SATEN MİNİ ETEK,1590
SKIRT,SUNİ SÜET KEMERLİ ETEK,1790
SKIRT,KONTRAST DANTEL DETAYLI SATEN YÜZEYLİ MİNİ ETEK,1590
SKIRT,PİLİLİ DESENLİ MİDİ ETEK,1790
SKIRT,FIRFIRLI PULLU MİNİ ETEK,1590
BERMUDA,DOKULU ŞORT ETEK TAKIMI,1690
SKIRT,Z1975 DENİM MİDİ ETEK,1790
SKIRT,MİDİ KALEM ETEK,1590
SKIRT,KARELİ NAKIŞLI BAĞCIKLI ETEK,2290
SKIRT,Z1975 YIRTMAÇLI DENİM MİDİ ETEK,1590
SKIRT,VOLÜMLÜ EŞARP MİDİ ETEK,2490
SKIRT,PİLİLİ MİDİ ETEK,1790
SKIRT,ÇİZGİLİ TRİKO MİNİ ETEK,1490
SKIRT,EVASÉ MİDİ ETEK,2290
SKIRT,PUANTİYELİ ASİMETRİK MİDİ ETEK,1790
SKIRT,KONTRAST TRİKO DÜZ ETEK,1790
SKIRT,ASİMETRİK DESENLİ MİDİ ETEK,2290
SKIRT,ASİMETRİK MİDİ ETEK,2290
SKIRT,TRF DISTRESSED DENİM MİDİ ETEK,1590
SKIRT,KARELİ TOKALI MİNİ ETEK,1590
BERMUDA,Z1975 KRUVAZE DENİM ŞORT ETEK,1490
SKIRT,KEMERLİ MİDİ ETEK,1790
SKIRT,TOKALI MİDİ PAREO ETEK,2290
SKIRT,PÖTİKARELİ DANTEL ETEK,2290
SKIRT,SATEN YÜZEYLİ MİDİ ETEK,1490
SKIRT,SUNİ DERİ MİNİ BALON ETEK TAKIMI,1590
SKIRT,MİNİ BALON ETEK TAKIM,1490
BERMUDA,CEPLİ ŞORT ETEK,1590
BERMUDA,KRUVAZE SUNİ DERİ ŞORT ETEK,1490
SKIRT,FİTİLLİ KADİFE MİNİ ETEK,1490
SKIRT,SUNİ SÜET MİDİ ETEK,1790
BERMUDA,DANTEL ETEK UÇLU ŞORT ETEK,1590
SKIRT,KARELİ ASİMETRİK MİDİ ETEK,2290
SKIRT,TRİKO MİNİ ETEK,1590
SKIRT,KEMERLİ Z1975 MİDİ DENİM ETEK,2290
SKIRT,KEMERLİ ÇİÇEK DESENLİ MİDİ ETEK,2290
SKIRT,ASİMETRİK EKOSEN MİDİ ETEK,1590
SKIRT,KONTRAST KUMAŞ BALON ETEK,2290
SKIRT,ZW KOLEKSİYON KATLI MİDİ ETEK,1790
SKIRT,DRAPE MİDİ ETEK,1590
BERMUDA,VOLANLI ŞORT ETEK,1590
SKIRT,SATEN YÜZEYLİ ASİMETRİK UÇLU VE DANTEL MİDİ ETEK,1590
SKIRT,TRF DENİM MİNİ ETEK,1490
SKIRT,KATLI SUNİ SÜET ETEK,1790
SKIRT,SUNİ SÜET PELERİN ETEK,1790
SKIRT,ÇİÇEK DESENLİ ETEK ZW COLLECTION,2990
SKIRT,ZW COLLECTION ASİMETRİK ETEK,2990
SKIRT,FİSTO İŞLEMELİ MİDİ ETEK,2490
SKIRT,KEMERLİ DESENLİ ETEK,2290
SKIRT,DÜZ UZUN ETEK,1190
SKIRT,KEMERLİ BALON MİDİ ETEK,2490
SKIRT,KEMERLİ MİNİ ETEK,1590
SKIRT,VOLANLI MİDİ ETEK,1690
SKIRT,VOLANLI MİDİ ETEK,2290
SKIRT,DANTEL DETAYLI SATEN YÜZEYLİ MİDİ ETEK,1590
SKIRT,İŞLEMELİ DANTEL VİSKOZ MİDİ ETEK,4490
SKIRT,PULLU BONCUKLU MİDİ ETEK,7290
SKIRT,SUNİ SÜET TOKALI MİNİ ETEK,1590
SKIRT,BÜZGÜLÜ MİDİ ETEK,1590
SKIRT,ASİMETRİK PUANTİYE DESENLİ SATEN YÜZEYLİ ETEK,1490
SKIRT,ASİMETRİK BALON MİDİ ETEK,1790
SKIRT,NAYLON ÇİÇEKLİ ETEK,1590
SKIRT,GODETLİ MİDİ ETEK,1790
SKIRT,FIRFIRLI ZIMBALI MİNİ ETEK,1790
SKIRT,ZIMBALI SUNİ DERİ MİNİ ETEK,1590
SKIRT,VOLANLI MİDİ ETEK,1790
SKIRT,TRİKO MİDİ ETEK,1590
SKIRT,KONTRAST DANTEL ETEK,1190
SKIRT,DANTEL MİDİ ETEK,1490
SKIRT,PİLİLİ KATMANLI ETEK ZW COLLECTION,2490
SKIRT,BALIKSIRTI KATLI ETEK ZW COLLECTION,2490
SKIRT,ZW COLLECTION KARELİ KATLI ETEK,2490
SKIRT,ZW COLLECTION KROKODİL DERİ ETEK LIMITED EDITION,8990
BERMUDA,KEMERLİ ŞORT ETEK,1590
SKIRT,KARELİ KEMERLİ MİDİ ETEK,2490
SKIRT,Z1975 ANVELOP DENİM ETEK,1590
SKIRT,ÖRGÜ KEMERLİ MİDİ ETEK,2490
BERMUDA,PAÇALARI SAÇAKLI DENIM BERMUDA ŞORT ZW KOLEKSİYONU,2290
SKIRT,KIRIŞIK GÖRÜNÜMLÜ MİDİ TRİKO ETEK,1790
SKIRT,KADİFE MİNİ ETEK,1490
SKIRT,PÖTİKARELİ GODET MİDİ ETEK,1590
SKIRT,ASİMETRİK KARELİ ETEK,1590
SKIRT,KEMERLİ KARGO MİDİ ETEK,2490
BERMUDA,MİNİ PUANTİYELİ FIRFIRLI ŞORT,1590
SKIRT,PUANTİYE DESENLİ MİDİ ETEK,1590
BERMUDA,KEMERLİ İNCE ÇİZGİLİ ŞORT ETEK,1690
SKIRT,ZW COLLECTION KISA DENİM ETEK,2290
SKIRT,ZW COLLECTION ASİMETRİK VOLANLI ETEK,8990
SKIRT,KOMBİNE PİLİLİ MİDİ ETEK,2990
SKIRT,ZW COLLECTION PİLİLİ KUŞAKLI MİDİ ETEK,2990
SKIRT,RUSTİK KUMAŞ ŞORT ETEK,1590
SKIRT,VOLANLI KARELİ MİDİ ETEK,1790
SKIRT,NAYLON MİDİ ETEK,1590
SKIRT,VOLANLI KONTRAST ETEK,1590
SKIRT,GODETLİ TRF DENİM ETEK,1790
SKIRT,KONTRAST KEMERLİ ETEK,1490
SKIRT,ZW COLLECTION ASİMETRİK VOLANLI ETEK,2790
SKIRT,ASİMETRİK DÖKÜMLÜ ETEK,1490
SKIRT,ÇİFT KATLI MİDİ ETEK,1490
SKIRT,ZW COLLECTION KARMA ÇİFT PİLİLİ MİDİ ETEK,2990
SKIRT,ZW COLLECTION KATLI YAPILI MİDİ ETEK,3690
SKIRT,ASİMETRİK MİNİ ETEK,1590
SKIRT,VOLANLI DÖKÜMLÜ ETEK ZW COLLECTION,2990
SKIRT,KOMBİNE DÖKÜMLÜ ETEK ZW COLLECTION,2490
SKIRT,FIRFIRLI KARELİ ETEK  ZW COLLECTION,2490
SKIRT,AKICI MİDİ ETEK,1090
SKIRT,ASTARLI MİNİ ETEK,990
SKIRT,ZW COLLECTION ASİMETRİK PUANTİYE ETEK,3690
SKIRT,PİLİLİ TRİKO MİNİ ETEK,1490
SKIRT,İNCE TRİKO MİDİ ETEK,1590
SKIRT,ZW KONTRAST MİDİ ETEK,2990
SKIRT,ASİMETRİK TRF DENİM ETEK,1790
SKIRT,FIRFIRLI KETEN ETEK,1790
SKIRT,TRF FERMUARLI DENİM ETEK,1590
SKIRT,KABARTMA VOLANLI ETEK,1590
SKIRT,KISA PÜSKÜLLÜ ETEK TAKIM,1490
SKIRT,PÜSKÜLLÜ ŞERİTLİ ETEK,4490
SKIRT,%100 DERİ MİNİ ETEK,4990
SKIRT,TRİKO MİDİ ETEK,1790
SKIRT,DOKULU ÇİZGİLİ PİLİLİ ETEK,1590
SKIRT,PUANTİYE DESENLİ ASİMETRİK ETEK,1790
SKIRT,TRF RENKLİ DENIM MİNİ ETEK,1490
SKIRT,KONTRAST DANTEL DETAYLI MİNİ ETEK,1090
SKIRT,SOLUK GÖRÜNÜMLÜ KOMBİNE DANTEL ETEK,1590
SKIRT,ASİMETRİK DANTEL MİDİ ETEK,2490
SKIRT,DANTEL DETAYLI ASİMETRİK SATEN ETEK,2490
SKIRT,ASİMETRİK ÇİZGİLİ ETEK,1590
SKIRT,YIRTMAÇLI PULLU MİDİ ETEK,3690
SKIRT,DÜZ MİDİ ETEK ZW COLLECTION,2490
SKIRT,PÜSKÜLLÜ MİDİ ETEK,4490
SKIRT,Saten Yüzeyli Dantel Mini Etek,1590
SKIRT,POLİAMİD DANTEL ASTARLI ETEK,1590
SKIRT,YUMUŞAK DÜZ ETEK,1090
SKIRT,ASTARLI DANTEL ETEK,1490
SKIRT,İŞLEMELİ ASİMETRİK MÜSLİN ETEK,3690
SKIRT,DÖKÜMLÜ TRİKO DÜZ ETEK,1590
SKIRT,MİNİMAL SÜET DERİ ETEK - LIMITED EDITION,11990
SKIRT,İŞLEMELİ DANTEL TRİKO MİDİ ETEK,2790
SHORTS,DÜĞMELİ FİTİLLİ ŞORT,1090
SKIRT,%100 VİSKOZ DESENLİ PAREO ETEK,3690
SKIRT,MİNİ TRİKO ETEK,1490
SKIRT,KISA VOLÜMLÜ KEMERLİ ETEK,1590
SKIRT,FİSTO İŞLEMELİ MİDİ ETEK,2290
SKIRT,%100 DERİ DANTEL ETEK ZW COLLECTION LIMITED EDITION,8990
SKIRT,KONTRAST BİYELİ TRİKO MİDİ ETEK,1790
BERMUDA,ŞORT ETEK,790
BODYSUIT,ASKILI KALP YAKA BODY,990
BODYSUIT,KONTRAST DANTEL BODY,1190
BODYSUIT,BÜZGÜLÜ TÜL BODY,990
BODYSUIT,ASKILI PAMUKLU BODY,790
BODYSUIT,PAMUKLU ASKILI BODY,790
BODYSUIT,KARE YAKA STREÇ BODY,790
BODYSUIT,POLİAMİD İÇ ÇAMAŞIRI BODY,1090
BODYSUIT,KARE YAKA POLİAMİD BODY,990
BODYSUIT,DANTEL KOMBİNELİ HALTER BODY,1190
BODYSUIT,ESNEK ÖRGÜ HALTER BODY,1190
BODYSUIT,STREÇ ÖRGÜ PENCERE DETAYLI HALTER BODY,1190
BODYSUIT,BİSİKLET YAKA BODY,790
BODYSUIT,STREÇ PENCERE DETAYLI BODY,1190
BODYSUIT,PENCERE DETAYLI STREÇ BODY,1190
BODYSUIT,ASİMETRİK BODY,790
OTHERS,DANTEL UZUN KOLLU TOP,1090
CARDIGAN,UYUMLU RENK İNCE FİTİLLİ TOP,1190
BODYSUIT,ASKILI BODY,990
BODYSUIT,SIRT DEKOLTELİ DANTEL BODY,1490
BODYSUIT,POLİAMİD KARIŞIMLI DANTEL ŞERİTLİ BODY,1590
BODYSUIT,UZUN KOLLU POLİAMİD BODY,990
BODYSUIT,POLİAMİD UZUN KOLLU BODY,990
BODYSUIT,POLİAMİD DANTEL BODY,1590
BODYSUIT,KONTRAST ASKILI BODY,1590
BODYSUIT,KONTRAST STRAPLEZ BODY,1190
BODYSUIT,KOMBİNE HALTER YAKA BODY,990
BODYSUIT,POLİAMİD ASKILI BODY,1590
BODYSUIT,ASKILI POLİAMİD BODY,1590
OVERALL,POLİAMİDLİ ŞORT BODY,1790
BODYSUIT,POLİAMİD HALTER BODY,990
BODYSUIT,KONTRAST TÜL BANDAJ BODY,990
BODYSUIT,KONTRAST TÜL ASKILI BODY,990
BODYSUIT,POLİAMİD KARIŞIMLI BODY,1590
BODYSUIT,STRAPLEZ BODY,1190
BODYSUIT,KOMBİNE TÜL BODY,990
BODYSUIT,KONTRAST TÜLLÜ BODY,990
BODYSUIT,DRAPELİ POLİAMİD BODY,1090
BODYSUIT,DRAPELİ HALTER KALP YAKA BODY,1190
BODYSUIT,POLİAMİD CHOKER BODY,1090
BODYSUIT,KALP YAKA BODY,1190
BODYSUIT,ASİMETRİK BÜZGÜLÜ BODY,1090
BODYSUIT,KONTRAST DANTEL ŞERİTLİ FIRFIRLI BODY,2490
BODYSUIT,DANTEL DETAYLI SATEN BODY,2490
BODYSUIT,KARE YAKA STREÇ BODY,1090
BODYSUIT,SLİM FİT ASKILI BODY,990
BODYSUIT,SLIM ASKILI BODY,990
BODYSUIT,PENCERE DETAYLI BODY,1090
BODYSUIT,V YAKA VÜCUDA OTURAN BODY,1090
BODYSUIT,BÜZGÜLÜ BODY,1490
BODYSUIT,KOMBİNE TÜLLÜ BODY,990
BODYSUIT,STREÇ BANDEAU BODY,1190
BODYSUIT,PAMUKLU MODAL BODY,790
BODYSUIT,MODAL PAMUKLU BODY,790
BODYSUIT,DİKİŞSİZ ASKILI BODY,790
BODYSUIT,KONTRAST DOKULU BODY,2990
BODYSUIT,BÜZGÜLÜ ÇORAP BODY,1090
BODYSUIT,VİSKOZ KARIŞIMLI TRİKO BODY,1590
BODYSUIT,ASİMETRİK DRAPELİ BODY,1490
BODYSUIT,POLYAMID KUMAŞ ASKILI BODY,1490
BODYSUIT,ÇİÇEK İŞLEMELİ DANTEL BODY,1790
BODYSUIT,İPEK DANTEL BODY,3690
BODYSUIT,DÜĞMELİ ÖRGÜ BODY,2290
SHIRT,ZW COLLECTION PULLU BODY,2290
BODYSUIT,BAĞCIKLI DEKOLTELİ SIRT BODY,590
BODYSUIT,BAĞCIKLI POLİAMİD BODY,590
SHIRT,SCULPTED SEAMLESS SKI BODY KOLEKSİYONU,1190
BODYSUIT,POLİAMİD BODY,590
BODYSUIT,METAL AKSESUARLI POLİAMİD BODY,590
BERMUDA,KEMERLİ TRF DENIM ŞORT,1590
BERMUDA,MİNİ ÇİÇEKLİ ŞORT,1490
BERMUDA,KEMERLİ YÜKSEK BEL BERMUDA,1490
BERMUDA,EKOSEN ŞORT ZW COLLECTION,1790
BERMUDA,ZW COLLECTION PÖTİKARELİ BERMUDA,1790
SHORTS,NAKIŞLI ŞORT,1590
BERMUDA,MİNİ PULLU PUANTİYELİ ŞORT,2290
TROUSERS,Dantel Detaylı Saten Şort,2290
TROUSERS,DANTELLİ SATEN ŞORT,2290
BERMUDA,ASİMETRİK PANTOLON ETEK UYGULAMALI,1590
SKIRT,ZW COLLECTION KARGO KISA ETEK,2490
BERMUDA,Z1975 UZUN PAÇA DENİM BERMUDA,1590
BERMUDA,İŞLEMELİ KETEN ŞORT,2290
BERMUDA,SUNİ DERİ UZUN BERMUDA TAKIM,1790
BERMUDA,ZW COLLECTION DENİM BERMUDA,2490
BERMUDA,VOLANLI ŞORT ETEK,1590
BERMUDA,ORTA BEL DISTRESSED DENIM JORTS BERMUDA,1590
TROUSERS,DANTEL DETAYLI SATEN ŞORT,2490
BERMUDA,MİNİ CEPLİ ŞORT,1490
BERMUDA,PENS DETAYLI UZUN BERMUDA,1590
BERMUDA,SUNİ DERİ KRUVAZE ŞORT ETEK,1490
BERMUDA,KEMERLİ PLİSE ŞORT ETEK,1690
TROUSERS,DÜĞMELİ PAMUKLU ŞORT,1490
BERMUDA,PULLU MİNİ ŞORT,2290
BERMUDA,BERMUDA Z1975 UZUN DENİM,1690
BERMUDA,DÜĞMELİ MİNİ ŞORT,1590
BERMUDA,TRF YÜKSEK BEL KAVİSLİ DISTRESSED DENIM ŞORT,1490
BERMUDA,TRF CURVED YÜKSEK BEL DENIM ŞORT,1490
BERMUDA,DANTEL DETAYLI ŞORT TAKIMI,1590
BERMUDA,DANTEL DETAYLI SATEN ŞORT,1590
BERMUDA,DİKİŞ DETAYLI DÜZ BERMUDA ZW COLLECTION,1790
BERMUDA,ZW COLLECTİON UZUN DÖKÜMLÜ BERMUDA,2990
BERMUDA,PİLİLİ İNCE ÇİZGİLİ BERMUDA ZW COLLECTION,2290
BERMUDA,ZW COLLECTION DESENLİ DÖKÜMLÜ BERMUDA,2990
BERMUDA,KEMERLİ UZUN BERMUDA,1690
BERMUDA,PİLİLİ GENİŞ PAÇA BERMUDA ŞORT,1590
BERMUDA,ORTA BEL RENKLİ DENIM BERMUDA,1490
BERMUDA,ORTA BEL TRF JORTS DENİM BERMUDA,1590
BERMUDA,DÜŞÜK BEL ŞORT,1490
BERMUDA,SUNİ DERİ YÜKSEK BEL ŞORT,1190
BERMUDA,KETEN KARIŞIMLI UZUN BERMUDA,1690
BERMUDA,ORTA BEL DISTRESSED DENIM BERMUDA,1590
BERMUDA,SUNİ DERİ MİNİ ŞORT,1490
BERMUDA,TRF DÜŞÜK BEL MİNİ DENİM ŞORT,1590
BERMUDA,ORTA BEL DENIM ŞORT,1490
BERMUDA,DANTEL DETAYLI MİNİ SATEN ŞORT,1190
BERMUDA,Dantel Şeritli Saten Mini Şort,1190
BERMUDA,KEMERLİ ŞORT ETEK,1490
BERMUDA,KEMERLİ ŞORT ETEK,1590
SHORTS,DANTEL DETAYLI ŞORT,1090
SHORTS,DANTEL DETAYLI YIKAMALI ŞORT,990
SHORTS,DÜĞMELİ FİTİLLİ ŞORT,1090
BERMUDA,MİNİ PUANTİYE ŞORT,1490
BERMUDA,ZIMBALI DENIM ŞORT,1590
BERMUDA,DANTEL DETAYLI SATEN YÜZEYLİ ŞORT,1490
BERMUDA,ŞORT ETEK,790
TROUSERS,DANTEL DETAYLI SATEN YÜZEYLİ ŞORT,2290
TROUSERS,İPEK KARIŞIMLI DANTEL ŞORT,2990
BERMUDA,KETEN KARIŞIMLI UZUN BERMUDA TAKIM,1590
BERMUDA,KETEN KAPLAMALI DÜĞMELİ ŞORT TAKIMI,1690
BERMUDA,TRF ORTA BEL DISTRESSED DENIM BERMUDA JORTS,1590
TROUSERS,PUANTİYELİ ŞALVAR ŞORT,2290
BERMUDA,PAÇALARI SAÇAKLI DENIM BERMUDA ŞORT ZW KOLEKSİYONU,2290
TROUSERS,AKICI UZUN BERMUDA,1190
BERMUDA,UZUN SUNİ DERİ BERMUDA,1790
BERMUDA,TRF ORTA BEL KAPRI JEAN,1590
SKIRT,ZIMBALI SUNİ DERİ MİNİ ETEK,1590
BERMUDA,TRF DÜŞÜK BEL MİNİ DENIM ŞORT,1490
BERMUDA,VOLANLI BEL BERMUDA,1590
TROUSERS,DANTEL KAPRI PANTOLON,1790
BERMUDA,UZUN RUSTİK BERMUDA ŞORT,990
BERMUDA,UZUN SUNİ SÜET BERMUDA,1790
TROUSERS,DÜĞMELİ LİYOSEL KARIŞIMLI ŞORT,1190
BERMUDA,ZW COLLECTION KISA BERMUDA ŞORT,1790
BERMUDA,MİNİ SUNİ DERİ ŞORT,1490
TROUSERS,%80 YÜN KABLO ÖRGÜ KAYAK KOLEKSİYONU ŞORT,1490
SHIRT,ZW COLLECTION %100 DERİ CROP TOP,2490
TROUSERS,ÇİZGİLİ DERİ PANTOLON ZW COLLECTION LIMITED EDITION,14990
SANDAL,DERİ DETAYLI SANDALET,2490
SANDAL,DERİ TOPUKLU SANDALET,2690
SANDAL,DÜZ DERİ SANDALET,2490
SANDAL,DERİ DÜZ SANDALET,1990
RUCKSACK,SÜET MAKSİ TOTE ÇANTA,7290
RUCKSACK,SÜET TOTE ÇANTA,8690
JACKET,OVERSIZE %100 DERİ CEKET,10590
JACKET,%100 DERİ SÜET DAR KESİM CEKET,8990
JACKET,%100 SÜET DERİ BOMBER CEKET,8990
BLAZER,%100 DERİ ÖZEL DİKİM BLAZER,7990
JACKET,%100 ESKİTME DERİ CEKET,8990
SHOES,BAĞCIKLI DERİ MAKOSEN,3290
SHOES,PÜSKÜLLÜ DERİ MAKOSEN,3290
SHOES,DERİ FİYONKLU BABET SINIRLI ÜRETİM,4490
SHOES,SÜET FİYONKLU BABET,2690
JACKET,%100 DERİ BOMBER CEKET,6290
JACKET,%100 SÜET DERİ CEKET,7990
RUCKSACK,SÜET KESE ÇANTA,7990
COAT,%100 SÜET DERİ KABAN ZW COLLECTION LIMITED EDITION,8990
SHOES,BANTLI SÜET BABET,2690
SANDAL,SÜET TOPUKLU SANDALET,1990
SANDAL,DERİ ARKASI AÇIK AYAKKABI SINIRLI ÜRETİM,5690
SANDAL,BANTLI DERİ SANDALET LIMITED EDITION,4990
BELT,%100 DERİ ETEK KEMER,2490
BELT,%100 DERİ PÜSKÜLLÜ EŞARP KEMER,4990
BELT,%100 SÜET DERİ ÜÇLÜ KEMER KÖPRÜLÜ KEMER,1590
SANDAL,TOPUKLU DERİ ARKASI AÇIK AYAKKABI,1990
SHOES,DERİ KISA SİVRİ TOPUKLU AYAKKABI,2690
RUCKSACK,DERİ KEMER DETAYLI KESE ÇANTA,4990
RUCKSACK,DERİ OMUZ ÇANTASI,2690
SKIRT,%100 DERİ DANTEL ETEK ZW COLLECTION LIMITED EDITION,8990
SHOES,DERİ KISA SİVRİ TOPUKLU AYAKKABI,2990
SHOES,DERİ ARKASI AÇIK TOPUKLU AYAKKABI,2690
SHOES,ARKASI AÇIK DERİ AYAKKABI,2690
RUCKSACK,MAKSİ BOY DERİ CITY ÇANTA,11990
RUCKSACK,ÇİFT SAPLI SÜET DERİ ÇANTA,4990
RUCKSACK,DERİ MİNİ CITY ÇANTA,4990
RUCKSACK,DERİ HALKA DETAYLI GENİŞ KESE ÇANTA,6290
DRESS,%100 SÜET KISA ELBİSE,6290
JACKET,%100 SÜET DERİ CEKET,6290
SHOES,BAĞCIKLI DÜZ DERİ AYAKKABI,2690
SHOES,DERİ TOPUKLU AYAKKABI,3290
SHOES,DERİ DİKİŞLİ BABET,2690
SHOES,DERİ ARKASI AÇIK AYAKKABI MAKOSEN,3290
TROUSERS,BARREL DERİ PANTOLON ZW COLLECTION LIMITED EDITION,8990
JACKET,%100 DERİ BOMBER CEKET ZW COLLECTION LIMITED EDITION,11990
JACKET,ZW COLLECTION LIMITED EDITION DERİ BOMBER CEKET,11990
OTHERS,%100 DERİ TOP,2990
SKIRT,%100 DERİ MİNİ ETEK,4990
SHOES,SÜET TOKALI BABET,2690
JACKET,SÜET DERİ CEKET ZW COLLECTION LIMITED EDITION,7990
RUCKSACK,SÜET DERİ MAXI SHOPPER ÇANTA,7290
BELT,%100 DERİ OVAL TOKALI KEMER,1590
BELT,%100 YIKANMIŞ GÖRÜNÜMLÜ DERİ KEMER,1590
BELT,%100 SÜET DERİ ORGANİK TOKALI KEMER,1790
BELT,%100 ORGANİK TOKALI DERİ KEMER,1590
BELT,%100 KARE TOKALI DERİ KEMER,1590
BELT,%100 DERİ KARE TOKALI KEMER,1590
SHIRT,%100 SÜET DERİ TOP,3690
BLAZER,ZW COLLECTION LIMITED EDITION VÜCUDA OTURAN DERİ BLAZER,11990
WAISTCOAT,DÜĞMELİ YELEK,1490
TROUSERS,GENİŞ PAÇA PENSLİ PANTOLON,1790
OTHERS,RUSTİK ASİMETRİK TOP,990
TROUSERS,RUSTİK STRAIGHT FIT PANTOLON,1190
TROUSERS,PENSLİ GENİŞ PAÇA PANTOLON,1790
SHIRT,ZW COLLECTION KETEN CEPLİ GÖMLEK,2290
TROUSERS,ZW COLLECTION KETEN BARREL PANTOLON,2490
SHIRT,PUANTİYELİ PULLU BANDEAU TOP,1790
BERMUDA,MİNİ PULLU PUANTİYELİ ŞORT,2290
SWEATSHIRT,SOLUK GÖRÜNÜMLÜ SWEATSHIRT,1190
TROUSERS,SOLUK EFEKTLİ GENİŞ PAÇA PANTOLON,1190
OTHERS,ASİMETRİK RUSTİK TOP,990
SWEATSHIRT,FERMUARLI PENYE CEKET,1490
TROUSERS,İSPANYOL PAÇA SWEAT PANTOLON,1190
SWEATSHIRT,SOLUK EFEKTLİ SWEATSHIRT,1190
TROUSERS,RUSTİK STRAIGHT FİT PANTOLON,1190
SHIRT,ZW COLLECTİON KETEN CEPLİ GÖMLEK,2290
OTHERS,DOKULU DİK YAKA ÜST,790
SKIRT,DOKULU MİDİ ETEK,1090
SHIRT,İŞLEMELİ TOP,1490
SHORTS,NAKIŞLI ŞORT,1590
BLAZER,VATKALI BALON BEL KRUVAZE BLAZER,3690
TROUSERS,STRAIGHT FIT PANTOLON,1790
BLAZER,KAPAKLI CEPLİ KISA CEKET TAKIMI,2490
TROUSERS,İSPANYOL PAÇA PANTOLON TAKIM,1790
JACKET,KAPÜŞONLU BALON CEKET TAKIMI,2290
TROUSERS,YÜKSEK BEL CULOTTE PANTOLON TAKIMI,1690
TROUSERS,PENSLİ YÜKSEK BEL PANTOLON TAKIMI,2290
SHIRT,ZW COLLECTION PEPLUM DENIM GÖMLEK,2290
TROUSERS,ZW COLLECTION KAPRI JEAN,2290
SWEATSHIRT,GENİŞ YAKA SWEATSHIRT,790
TROUSERS,YIKANMIŞ GÖRÜNÜMLÜ ÇAN PANTOLON,790
CARDIGAN,KISA KOLLU ÇİZGİLİ TRİKO HIRKA,1790
SKIRT,ÇİZGİLİ TRİKO MİNİ ETEK,1490
WAISTCOAT,FERMUARLI BALON YELEK,1690
TROUSERS,BARREL KARGO CEPLİ PANTOLON TAKIMI,2290
SHIRT,Z1975 DENİM OVERSIZE GÖMLEK,1590
TROUSERS,Z1975 YÜKSEK BEL JOGGER GENİŞ PAÇA SET,1590
WAISTCOAT,BUSTİYER TİPİ VÜCUDA OTURAN YELEK TAKIMI,1790
TROUSERS,YÜKSEK BEL DÜZ PAÇA PANTOLON,1790
SWEATSHIRT,KONTRAST KOLLU SWEATSHIRT,1190
TROUSERS,BALON PANTOLON,1490
SWEATER,OVERSIZE İNCE ÖRGÜ KAZAK,1590
SKIRT,FİN TRİKO MİDİ ETEK,1590
BLAZER,ZW COLLECTION LIMITED EDITION MİNİMAL UZUN BLAZER,6290
TROUSERS,ÜTÜ İZLİ PANTOLON ZW COLLECTION,1790
BLAZER,OMUZLARI TÜYLÜ BLAZER TAKIM,4990
TROUSERS,DÜŞÜK BEL DÜZ KESİM PANTOLON,2490
OTHERS,YUMUŞAK DÜĞMELİ CEKET,590
TROUSERS,YUMUŞAK DOKULU PALAZZO PANTOLON,790
BLAZER,KIRIŞIK GÖRÜNÜMLÜ AKICI BLAZER TAKIM,2290
TROUSERS,BURUŞUK GÖRÜNÜMLÜ DÖKÜMLÜ PANTOLON TAKIMI,1590
TROUSERS,HAVLU KUMAŞ ÇAN PAÇA PANTOLON,1190
BLAZER,KETEN KRUVAZE KOLU KATLANABİLİR TAKIM BLAZER,2490
TROUSERS,KETEN DÜZ PAÇA PANTOLON TAKIM,1790
WAISTCOAT,Z1975 KRUVAZE DENİM YELEK,1590
SKIRT,Z1975 YIRTMAÇLI DENİM MİDİ ETEK,1590
SHIRT,Z1975 KAPAKLI KISA DENİM GÖMLEK SETİ,1590
TROUSERS,Z1975 YÜKSEK BEL JOGGER GENİŞ PAÇA JEAN TAKIM,1590
WAISTCOAT,DÜĞMELİ ASİMETRİK YELEK TAKIMI,1790
TROUSERS,DÜŞÜK BEL PENSLİ PANTOLON,1790
BLAZER,FULAR BAĞLAMA DETAYLI BLAZER TAKIM,2990
TROUSERS,DÜZ PAÇA YÜKSEK BEL PANTOLON TAKIMI,2290
SWEATSHIRT,ASİMETRİK PENYE SWEATSHIRT,1090
TROUSERS,KIVRIK BEL PANTOLON,1190
OTHERS,BUKLET KUMAŞ KOMBİNE TOP,1490
TROUSERS,METALİK İPLİKLİ BUKLE PANTOLON,1590
OTHERS,KISA KOLLU PENCERE DETAYLI TOP,1190
TROUSERS,STREÇ GENİŞ PAÇA PANTOLON,1490
BLAZER,BALIK SIRTI DESENLİ %100 KETEN BLAZER TAKIM,3690
TROUSERS,BALIK SIRTI DESENLİ %100 KETEN PANTOLON,2490
BLAZER,SET DİK YAKA CEKET,2790
TROUSERS,DÜĞMELİ PAÇALI DÖKÜMLÜ PANTOLON,2290
OTHERS,RUSTİK KROŞE TOP,1590
SKIRT,RUSTİK KROŞE ETEK,1590
OTHERS,BANDEAU TOP,790
TROUSERS,DİKİŞSİZ KAPRI PANTOLON,990
TROUSERS,ZW COLLECTION STRAIGHT FIT PANTOLON,3690
WAISTCOAT,Z1975 DİK YAKA DENİM YELEK,1790
TROUSERS,Z1975 WIDE LEG ORTA BEL PENS DETAYLI JEAN,1790
BLAZER,KETEN KRUVAZE KATLANIR KOLLU BLAZER TAKIMI,2490
TROUSERS,KETEN KARIŞIMLI DÜZ KESİM PANTOLON,1790
TROUSERS,LASTİKLİ BEL GENİŞ PAÇA PANTOLON TAKIMI,1490
BLAZER,%100 KETEN VATKALI BLAZER TAKIM,3690
TROUSERS,%100 KETEN DÜZ KESİM PANTOLON TAKIMI,2490
BLAZER,KETEN KRUVAZE BAĞCIKLI BLAZER TAKIMI,3490
TROUSERS,KETEN KARIŞIMLI GENİŞ PAÇA PANTOLON,2290
DRESS,PATCHWORK ASKILI TOP,1590
SKIRT,KROŞE YAMA İŞLEMELİ ETEK,1690
SHIRT,KEMERLİ SUNİ DERİ TOP TAKIMI,1590
SKIRT,SUNİ DERİ MİDİ ETEK TAKIMI,1590
SWEATSHIRT,INTERLOCK SOLUK EFEKTLİ SWEATSHIRT,1490
TROUSERS,YIKANMIŞ GÖRÜNÜMLÜ İNTERLOK PANTOLON,1490
WAISTCOAT,DÜĞMELİ KALP YAKA TOP,990
TROUSERS,İNTERLOK ÇAN PANTOLON,1190
OTHERS,FLOKLU TÜL HALTER TOP,1090
TROUSERS,TÜL FLOK İSPANYOL PAÇA PANTOLON,1490
SHIRT,Z1975 DENIM GENİŞ KOLLU GÖMLEK SETİ,1590
TROUSERS,Z1975 GENİŞ PAÇA ORTA BEL PENS DETAYLI JEAN,1790
SHIRT,KETEN SAFARİ GÖMLEK TAKIMI,2290
TROUSERS,KETEN KARIŞIMLI PENSİLİ GENİŞ PAÇA PANTOLON,1790
SHIRT,HEAVY COTTON KISA KOLLU T-SHIRT,1090
TROUSERS,AĞIR PAMUKLU GENİŞ PAÇA PANTOLON,1490
BERMUDA,SUNİ DERİ UZUN BERMUDA TAKIM,1790
WAISTCOAT,KEMERLİ KRUVAZE YELEK TAKIMI,2290
TROUSERS,YÜKSEK BEL DÜZ PAÇA PANTOLON TAKIMI,1790
SHIRT,PUANTİYE DESENLİ CROP TOP,1190
SKIRT,PUANTİYELİ ASİMETRİK MİDİ ETEK,1790
SHIRT,FİSTO İŞLEMELİ GÖMLEK,1590
TROUSERS,FİSTO İŞLEMELİ CULOTTE PANTOLON,1790
BLAZER,İNCE ÇİZGİLİ DİK YAKA BLAZER – ZW COLLECTION,4990
TROUSERS,İNCE ÇİZGİLİ YÜKSEK BEL PANTOLON ZW COLLECTION,2490
CARDIGAN,DOKULU ÖRGÜ CEKET,1790
SKIRT,KONTRAST KUMAŞ BALON ETEK,2290
TROUSERS,LASTİKLİ BEL CARROT PANTOLON,1590
BLAZER,KAPAKLI CEPLİ KISA CEKET,1790
SHIRT,KOLSUZ TOP,1090
TROUSERS,DÜĞMELİ KRUVAZE PANTOLON,1590
SHIRT,ZW COLLECTION PUANTİYE DESENLİ BLUZ,2490
OTHERS,DOKULU ÖRGÜ KONTRAST ASKILI TOP,1190
OTHERS,KONTRAST ÖRGÜ BLUZ,1790
SKIRT,KONTRAST TRİKO DÜZ ETEK,1790
JACKET,Z1975 DENİM CEKET,1790
BERMUDA,Z1975 UZUN PAÇA DENİM BERMUDA,1590
BLAZER,KISA CEKET YAKA SET,2290
BERMUDA,KARGO ŞORT ETEK TAKIMI,1590
SHIRT,TRF DENİM STRAPLEZ TOP,1490
TROUSERS,YÜKSEK BEL TRF BARREL JEAN,2290
SKIRT,SUNİ DERİ MİNİ BALON ETEK TAKIMI,1590
BLAZER,KISA KOLLU BLAZER TAKIM,2490
TROUSERS,KONTRAST BELLİ DÜZ KESİM PANTOLON TAKIM,1790
OTHERS,UZUN KOLLU CROP TOP,1490
TROUSERS,KEMERLİ PALAZZO PANTOLON,1590
OTHERS,BALON KOLLU TOP,1190
TROUSERS,VOLÜMLÜ PANTOLON,1590
BLAZER,ZW KOLEKSİYON STREÇ BLAZER,4490
TROUSERS,MİNİMAL GENİŞ PAÇA PANTOLON ZW COLLECTION,2490
OTHERS,DRAPELİ KREPE TOP,1190
TROUSERS,UZUN GENİŞ PAÇA PANTOLON,1590
TROUSERS,ZW COLLECTION DOKULU PİJAMA PANTOLON,1790
BLAZER,KISA DOKULU CEKET TAKIMI,2490
BERMUDA,DOKULU ŞORT ETEK TAKIMI,1690
BLAZER,%100 KETEN KRUVAZE BLAZER TAKIM,3690
TROUSERS,%100 KETEN DÜZ PAÇA PANTOLON TAKIM,2490
OTHERS,DRAPELİ PAMUKLU TOP,990
TROUSERS,KALIN PAMUKLU KUŞAKLI PANTOLON,1490
BLAZER,DİK YAKA BOMBER CEKET TAKIMI,2790
TROUSERS,YÜKSEK BEL DÜZ KESİM PANTOLON TAKIMI,1590
SHIRT,PUANTİYE DESENLİ HALTER TOP ZW COLLECTION,1790
TROUSERS,PUANTİYELİ PANTOLON ZW COLLECTION,2290
OTHERS,INTERLOCK HALTER TOP,1090
SWEATSHIRT,FERMUARLI YAMALI SWEATSHIRT,1690
TROUSERS,YAMALI KOTON PANTOLON,1590
SHIRT,İNTERLOK POLO SWEATSHIRT,1490
TROUSERS,INTERLOK BALON PANTOLON,1190
SHIRT,Z1975 KISA DENIM GÖMLEK TAKIMI,1590
BERMUDA,Z1975 KRUVAZE DENİM ŞORT ETEK,1490
SHIRT,RUSTİK KOLSUZ TOP,990
TROUSERS,RUSTİK DÜZ PAÇA PANTOLON,1490
SHIRT,PÖTİKARELİ CROP TOP,1490
TROUSERS,PÖTİKARELİ KAPRI PANTOLON,1590
BLAZER,VATKALI VÜCUDA OTURAN BLAZER,3490
TROUSERS,YÜKSEK BEL DÜZ KESİM PANTOLON TAKIMI,1790
OTHERS,PİLİLİ DOKULU TOP,1190
LEGGINGS,DOKULU KRUVAZE PANTOLON,1490
BLAZER,BALON CEKET TAKIMI,2290
TROUSERS,PENSLİ BARREL PANTOLON TAKIMI,1790
BLAZER,SMOKİN BLAZER TAKIM,2990
TROUSERS,SMOKİN TAKIM PANTOLONU,1790
BLAZER,DANTEL DETAYLI CROP BLAZER,2490
BERMUDA,DANTEL DETAYLI ŞORT TAKIMI,1590
OTHERS,INTERLOK HALTER TOP,1090
SWEATER,UZUN KOLLU DÜĞMELİ CEKET,1190
SKIRT,DÜZ UZUN ETEK,1190
SHIRT,PARLAK KISA KOLLU T-SHIRT,1590
TROUSERS,PARLAK KOTON PANTOLON,2290
SHIRT,KISA KOLLU DÖKÜMLÜ GÖMLEK TAKIMI,1190
TROUSERS,DÜZ KESİM DÖKÜMLÜ PANTOLON TAKIMI,1490
WAISTCOAT,KETEN SET YELEK,1790
BERMUDA,KETEN KARIŞIMLI UZUN BERMUDA,1690
SHIRT,SOLUK EFEKTLİ RUSTİK TOP,590
TROUSERS,YIKANMIŞ GÖRÜNÜMLÜ KOTON PANTOLON,1590
TROUSERS,İNCE ÇİZGİLİ DÜŞÜK BEL PANTOLON,1790
SWEATSHIRT,ZIMBALI KAPÜŞONLU PENYE SWEATSHIRT,1790
TROUSERS,YIKANMIŞ GÖRÜNÜMLÜ ZIMBALI PANTOLON,1790
OTHERS,RUSTİK KISA KOLLU TOP,1090
TROUSERS,RUSTİK GENİŞ PAÇA PANTOLON,1190
TROUSERS,ZW COLLECTION KISA PAÇA PANTOLON,2490
OTHERS,ASİMETRİK DOKULU TOP,1190
TROUSERS,DOKULU KEMERLİ PANTOLON,1590
BLAZER,ÇİFT KUMAŞ ÇİZGİLİ OVERSIZE BLAZER,3690
TROUSERS,İNCE ÇİZGİLİ PANTOLON,1790
SHIRT,DRAPE DETAYLI VÜCUDA OTURAN GÖMLEK TAKIMI,1590
TROUSERS,GENİŞ PAÇA ÇAPRAZ BEL PANTOLON TAKIMI,1790
SWEATSHIRT,BASIC PENYE SWEATSHIRT,990
TROUSERS,AYARLANABİLİR PAÇALI BASIC DÜZ KESİM PENYE PANTOLON,1190
SWEATSHIRT,CROP FIT DİKİŞSİZ SWEATSHIRT,1490
LEGGINGS,DİKİŞSİZ ÇAN PAÇA PANTOLON,1490
WAISTCOAT,DOKULU DÜĞMELİ YELEK,990
SWEATSHIRT,SOLUK GÖRÜNÜMLÜ ZIMBALI SWEATSHIRT,1790
WAISTCOAT,KRUVAZE ÇİZGİLİ YELEK,1590
TROUSERS,İNCE ÇİZGİLİ ÇAN PAÇA PANTOLON,1790
COAT,ÖRGÜ BOMBER CEKET,2990
SKIRT,TRİKO MİNİ ETEK,1590
SHIRT,KORDONLU KETEN SAFARİ GÖMLEK,1790
TROUSERS,KETEN BARREL PANTOLON TAKIMI,1790
WAISTCOAT,KEMERLİ TRİKO YELEK,1790
SKIRT,TRİKO MİDİ ETEK,1590
SWEATSHIRT,SOLUK GÖRÜNÜMLÜ İNTERLOK SWEATSHIRT,1490
SWEATSHIRT,SLOGANLI KAPÜŞONLU SWEATSHIRT,1690
TROUSERS,YAZILI JOGGER PANTOLON,1590
SWEATSHIRT,KISA KAPÜŞONLU SWEATSHIRT,1590
TROUSERS,DÜZ PAÇA PENYE PANTOLON,1490
JACKET,Z1975 DENİM BOMBER CEKET,2490
TROUSERS,Z1975 ORTA BEL GENİŞ PAÇA JEAN TAKIM,1790
SHIRT,ÇİÇEKLİ POPLİN TOP,1490
BERMUDA,MİNİ ÇİÇEKLİ ŞORT,1490
OTHERS,ASİMETRİK SUNİ SÜET TOP,1590
SKIRT,KATLI SUNİ SÜET ETEK,1790
SWEATSHIRT,KONTRAST UZUN KOLLU SWEATSHIRT,1190
BLAZER,İNCE ÇİZGİLİ BLAZER TAKIM,2790
TROUSERS,İNCE ÇİZGİLİ PANTOLON TAKIMI,1790
WAISTCOAT,PENS DETAYLI YELEK,1790
TROUSERS,YÜKSEK BEL CULOTTE PANTOLON TAKIMI,1790
BLAZER,RUSTİK DOKUMA BLAZER TAKIM,2490
TROUSERS,RUSTİK KUMAŞ DÜZ PAÇA PANTOLON TAKIM,1790
BODYSUIT,POLİAMİD KARIŞIMLI DANTEL ŞERİTLİ BODY,1590
LEGGINGS,POLİAMİD DANTEL TAYT,1790
SWEATSHIRT,GENİŞ YAKA SWEATSHIRT,1190
TROUSERS,YIKANMIŞ GÖRÜNÜMLÜ ÇAN PAÇA PANTOLON,1190
BLAZER,YÜN KARIŞIMLI VÜCUDA OTURAN BLAZER ZW COLLECTION,6290
TROUSERS,YÜN KUMAŞ DİKİŞ DETAYLI PANTOLON ZW COLLECTION,3690
TROUSERS,SETLİ DÖKÜMLÜ STRAIGHT FIT PANTOLON,1490
SHIRT,TOKALI YIRTMAÇLI T-SHIRT,790
TROUSERS,BAĞCIKLI STRAIGHT FIT PANTOLON,1490
OTHERS,FİTİLLİ DÜĞMELİ TOP,1090
SHORTS,DÜĞMELİ FİTİLLİ ŞORT,1090
SHIRT,POLO INTERLOK SWEATSHIRT,1490
TROUSERS,BALON İNTERLOK PANTOLON,1190
SHIRT,Z1975 HALTER DENİM GLOBO SET TOP,1790
SKIRT,Z1975 DENİM MİDİ ETEK,1790
BLAZER,VATKALI KRUVAZE BLAZER TAKIM,3690
TROUSERS,PENSLİ DÜZ KESİM PANTOLON TAKIMI,2290
OTHERS,ASİMETRİK İNTERLOK PELERİN,1490
TROUSERS,DÜZ KESİM İNTERLOK PANTOLON,1490
WAISTCOAT,ÇİÇEK DESENLİ HALTER TOP,1590
TROUSERS,ÇİÇEK DESENLİ KAPRI PANTOLON,1590
JACKET,Z1975 KOMBİNE DENİM CEKET,2490
TROUSERS,Z1975 STRAIGHT PAÇA KATLAMALI JEAN,2290
TROUSERS,SOLUK EFEKTLİ KOTON PANTOLON,1590
TROUSERS,PUANTİYE DESENLİ KAPRI PANTOLON,1590
WAISTCOAT,SUNI DERİ TRABİLLA YELEK,2290
SKIRT,ZIMBALI SUNİ DERİ MİNİ ETEK,1590
SWEATSHIRT,YAMALI SWEATSHIRT,1590
TROUSERS,GENİŞ PAÇA PENYE PANTOLON,1590
OTHERS,PENCERE DETAYLI KISA KOLLU TOP,1190
TROUSERS,KONTRAST BELLİ DÜZ PAÇA PANTOLON TAKIMI,1790
OTHERS,DÖKÜMLÜ HALTER TOP,1190
SKIRT,ASİMETRİK DÖKÜMLÜ ETEK,1490
SHIRT,PÜSKÜLLÜ HALTER YAKA TOP ZW COLLECTION,2490
TROUSERS,ZW COLLECTION GENİŞ PAÇA PANTOLON,2490
OTHERS,STREÇ ZIMBALI BANDEAU TOP,1090
TROUSERS,ZIMBALI STREÇ ÇAN PAÇA PANTOLON,1590
TROUSERS,SUNİ SÜET PANTOLON,1790
OTHERS,ZIMBALI STREÇ BANDEAU TOP,1090
TROUSERS,ÇAN PAÇA STREÇ ÇIVILI PANTOLON,1590
TROUSERS,KEMERLİ DOKULU PANTOLON,1590
SHIRT,BOUCLÉ ÇİZGİLİ TOP,1090
TROUSERS,ÇİZGİLİ BUKLE PANTOLON,1590
WAISTCOAT,DOKULU DÜĞMELİ YELEK TİPİ ÜST,1590
TROUSERS,ÇAN PAÇA DOKULU PANTOLON,1590
WAISTCOAT,DOKULU DÜĞMELİ YELEK TOP,1090
TROUSERS,DOKULU STRAIGHT FIT PANTOLON,1190
SHIRT,KOLSUZ ASİMETRİK TOP,1590
SKIRT,ÇİFT KATLI MİDİ ETEK,1490
SHIRT,ASKILI PAMUKLU MODAL TOP,450
TROUSERS,FİTİLLİ STRAIGHT FIT PANTOLON,1190
SWEATSHIRT,İNTERLOK BOMBER CEKET,1590
TROUSERS,INTERLOCK İSPANYOL PAÇA PANTOLON,1190
SWEATSHIRT,BASIC KAPÜŞONLU SWEATSHIRT,1190
TROUSERS,GENİŞ PAÇA EŞOFMAN ALTI,1190
BLAZER,KRUVAZE KLAPA YAKA BLAZER TAKIM,2790
BERMUDA,PENS DETAYLI UZUN BERMUDA,1590
SHIRT,DANTELLİ KISA KOLLU T-SHIRT,1090
TROUSERS,KAPRI DANTELLİ TAYT,1190
SHIRT,ZW COLLECTION İŞLEMELİ BLUZ,1790
TROUSERS,İŞLEMELİ ŞALVAR PANTOLON ZW COLLECTION,2490
WAISTCOAT,KETEN KRUVAZE YELEK TAKIMI,1590
BERMUDA,KETEN KARIŞIMLI UZUN BERMUDA TAKIM,1590
SHIRT,BALON POPLİN TOP SET,1490
SKIRT,MİNİ BALON ETEK TAKIM,1490
OTHERS,ASKILI PEPLUM TOP,1190
TROUSERS,BELİ VOLANLI GENİŞ PAÇA PANTOLON,1790
SWEATSHIRT,DİK YAKA PIKE T-SHIRT,1190
TROUSERS,BASIC PİKE PANTOLON,1490
TROUSERS,YIKANMIŞ GÖRÜNÜMLÜ ZIMBALI PAÇALI EŞOFMAN ALTI,1790
BLAZER,SATEN BALON BOMBER CEKET SETİ,1790
TROUSERS,ŞALVAR KESİM SATEN PANTOLON,1590
OTHERS,DRAPELİ PAMUKLU ÜST,990
TROUSERS,AĞIR PAMUKLU KUŞAKLI PANTOLON,1490
OTHERS,KREPE ASKILI TOP,990
TROUSERS,KREPE KEMERLİ PANTOLON,1490
BLAZER,KAPLAMALI DÜĞMELİ KETEN BLAZER TAKIMI,2990
BERMUDA,KETEN KAPLAMALI DÜĞMELİ ŞORT TAKIMI,1690
BLAZER,ZW COLLECTION KISA DÖKÜMLÜ TRENÇKOT,3690
TROUSERS,ZW COLLECTION PENSLİ GENİŞ PAÇA PANTOLON,2490
SHIRT,İŞLEMELİ KARELİ GÖMLEK TAKIMI,1590
TROUSERS,CULOTTE KARELİ İŞLEMELİ PANTOLON TAKIMI,1790
SWEATER,UZUN TRİKO KAZAK,1790
SKIRT,TRİKO MİDİ ETEK,1790
JACKET,KAPÜŞONLU SWEATSHIRT TAKIMI,1590
SWEATSHIRT,KAPÜŞONLU KISA SWEATSHIRT,1590
SWEATER,DÜĞMELİ UZUN KOLLU CEKET,1190
TROUSERS,AYARLANABİLİR PAÇALI BASIC DÜZ PELÜŞ PANTOLON,1190
OTHERS,DANTEL BÜZGÜLÜ TOP,1490
TROUSERS,DANTEL PANTOLON,1190
SWEATER,GENİŞ KOLLU ÖRGÜ KAZAK,1690
SWEATSHIRT,YUMUŞAK SWEATSHIRT,1590
TROUSERS,YUMUŞAK GENİŞ PAÇA PANTOLON,1590
BLAZER,DİK YAKA DÜĞMELİ BLAZER ZW COLLECTION,4990
TROUSERS,GENİŞ PAÇA YÜKSEK BEL PANTOLON ZW COLLECTION,2490
BLAZER,ZW COLLECTİON DÜĞMELİ CEKET,2990
TROUSERS,ZW COLLECTION DÜŞÜK BEL STRAIGHT PANTOLON,2490
SHIRT,HACİMLİ KOLLU ÇİZGİLİ GÖMLEK ZW COLLECTION,1790
TROUSERS,ÇİZGİLİ PİLİLİ PANTOLON ZW COLLECTION,2490
WAISTCOAT,PÖTİKARELİ HALTER TOP,1590
TROUSERS,PÖTİKARELİ ÇAN PAÇA PANTOLON,1590
SHIRT,PÜSKÜLLÜ BALON TOP TAKIMI,1590
SKIRT,KISA PÜSKÜLLÜ ETEK TAKIM,1490
BERMUDA,MİNİ PUANTİYE ŞORT,1490
SWEATER,KONTRAST ŞERİTLİ TRİKO KAZAK,2290
SKIRT,KONTRAST BİYELİ TRİKO MİDİ ETEK,1790
SWEATER,BÜZGÜLÜ TRİKO POLO,1790
SKIRT,DÖKÜMLÜ TRİKO DÜZ ETEK,1590
SHIRT,YARASA KOLLU TOP,990
TROUSERS,PALAZZO DÖKÜMLÜ PANTOLON,1190
OTHERS,TAŞ BONCUKLU ÖRGÜ TOP,1790
SKIRT,PİLİLİ TRİKO MİNİ ETEK,1490
SHIRT,ZW COLLECTION KARELİ ÜST,2790
TROUSERS,KARELİ PANTOLON ZW COLLECTION,4490
OTHERS,RUSTİK BANDEAU TOP,990
TROUSERS,RUSTİK STRAIGHT FIT PANTOLON,1490
TROUSERS,DÖKÜMLÜ DÜZ PAÇA PANTOLON TAKIMI,1490
SHIRT,CEPLİ KETEN GÖMLEK ZW COLLECTION,2490
TROUSERS,ZW COLLECTION KETEN ÇAN PAÇA PANTOLON,2490
JACKET,%100 SÜET DERİ CEKET,7290
TROUSERS,İŞLEMELİ KARELİ CULOTTE PANTOLON TAKIMI,1790
SWEATSHIRT,DİK YAKA PİKE T-SHIRT,1190
SWEATER,YAKA DETAYLI TRİKO KAZAK,1790
BLAZER,KETEN KRUVAZE BLAZER,2490
TROUSERS,KETEN DÜZ PAÇA PANTOLON,1690
SHIRT,BALON KESİM ÇİZGİLİ TOP,1490
SKIRT,ASİMETRİK ÇİZGİLİ ETEK,1590
OTHERS,BÜZGÜLÜ TRİKO TOP,1590
SKIRT,MİNİ TRİKO ETEK,1490
OTHERS,"FİYONKLU, BURUŞUK EFEKTLİ TRİKO KAZAK",1790
SKIRT,KIRIŞIK GÖRÜNÜMLÜ MİDİ TRİKO ETEK,1790
SHIRT,ZW COLLECTION %100 DERİ CROP TOP,2490
BLAZER,ZW COLLECTION VÜCUDA OTURAN BLAZER,5690
BERMUDA,DİKİŞ DETAYLI DÜZ BERMUDA ZW COLLECTION,1790
TROUSERS,ELASTİK BELLİ GENİŞ PAÇA PANTOLON TAKIMI,1490
SHIRT,MERİNOS YÜNÜ SEAMLESS KAYAK KOLEKSİYONU CEKET,1790
TROUSERS,KAYAK KOLEKSİYONU DİKİŞSİZ MERİNOS YÜNLÜ TAYT,1490
ANORAK,%80 KUŞ TÜYÜ %20 KAZ TÜYÜ DOLGULU SU VE RÜZGAR GEÇİRMEZ RECCO® TEKNOLOJİLİ KAYAK KOLEKSİYONU ANORAK,5690
ANORAK,SUNI YÜNLÜ %80 KAZ TÜYÜ %20 KUŞ TÜYÜ DOLGULU ANORAK HEIQ XREFLEX™ RECCO® TECHNOLOGY KAYAK KOLEKSİYONU,5690
ANORAK,SU GEÇİRMEZ RÜZGARLIKLI RECCO® TEKNOLOJİLİ KAYAK KOLEKSİYONU KAPÜŞONLU KUŞ TÜYÜ ŞİŞME MONT,5690
ANORAK,%80 KUŞ TÜYÜ %20 KAZ TÜYÜ DOLGULU SU GEÇİRMEZ RÜZGAR GEÇİRMEZ RECCO® TEKNOLOJİLİ KAYAK KOLEKSİYONU ANORAK,5690
SHIRT,THERMOLITE® CORE DİKİŞSİZ TERMAL T-SHIRT KAYAK KOLEKSİYONU SETİ,790
ANORAK,%80 KAZ TÜYÜ %20 KUŞ TÜYÜ DOLGULU SU GEÇİRMEZ RÜZGARLIK RECCO® TEKNOLOJİLİ KAYAK KOLEKSİYONU ANORAK,5690
TROUSERS,DİKİŞSİZ TERMAL TAYT THERMOLITE® CORE KAYAK KOLEKSİYONU,790
TROUSERS,BALON PANTOLON,1490
SWEATSHIRT,SOLUK GÖRÜNÜMLÜ SWEATSHIRT,1190
TROUSERS,SOLUK EFEKTLİ GENİŞ PAÇA PANTOLON,1190
SWEATSHIRT,SOLUK EFEKTLİ SWEATSHIRT,1190
TROUSERS,İSPANYOL PAÇA SWEAT PANTOLON,1190
SWEATSHIRT,FERMUARLI PENYE CEKET,1490
SWEATSHIRT,KONTRAST UZUN KOLLU SWEATSHIRT,1190
SWEATSHIRT,KONTRAST KOLLU SWEATSHIRT,1190
TROUSERS,HAVLU KUMAŞ ÇAN PAÇA PANTOLON,1190
JACKET,KAPÜŞONLU SWEATSHIRT TAKIMI,1590
TROUSERS,LASTİKLİ BEL GENİŞ PAÇA PANTOLON TAKIMI,1490
SWEATSHIRT,INTERLOCK SOLUK EFEKTLİ SWEATSHIRT,1490
TROUSERS,YIKANMIŞ GÖRÜNÜMLÜ İNTERLOK PANTOLON,1490
SHIRT,YAMALI ÇİZGİLİ POLO T-SHIRT,1790
SWEATSHIRT,PARLAK SLOGANLI SWEATSHIRT,1790
SWEATSHIRT,FERMUARLI YAMALI SWEATSHIRT,1690
TROUSERS,YAMALI KOTON PANTOLON,1590
SHIRT,İNTERLOK POLO SWEATSHIRT,1490
TROUSERS,INTERLOK BALON PANTOLON,1190
SHIRT,PARLAK KISA KOLLU T-SHIRT,1590
TROUSERS,PARLAK KOTON PANTOLON,2290
TROUSERS,YIKANMIŞ GÖRÜNÜMLÜ ZIMBALI PANTOLON,1790
SWEATSHIRT,ZIMBALI KAPÜŞONLU PENYE SWEATSHIRT,1790
SWEATSHIRT,KABARTMA FİYONKLU SWEATSHIRT,1590
TROUSERS,CEPLİ JOGGER PANTOLON,1190
SWEATSHIRT,BASIC PENYE SWEATSHIRT,990
TROUSERS,AYARLANABİLİR PAÇALI BASIC DÜZ KESİM PENYE PANTOLON,1190
SWEATSHIRT,SOLUK GÖRÜNÜMLÜ ZIMBALI SWEATSHIRT,1790
TROUSERS,SOLUK EFEKTLİ KOTON PANTOLON,1590
TROUSERS,YIKANMIŞ GÖRÜNÜMLÜ KOTON PANTOLON,1590
SWEATSHIRT,CROP FIT DİKİŞSİZ SWEATSHIRT,1490
LEGGINGS,DİKİŞSİZ ÇAN PAÇA PANTOLON,1490
SWEATSHIRT,SOLUK GÖRÜNÜMLÜ İNTERLOK SWEATSHIRT,1490
SWEATSHIRT,KISA KAPÜŞONLU SWEATSHIRT,1590
TROUSERS,DÜZ PAÇA PENYE PANTOLON,1490
SWEATSHIRT,SLOGANLI KAPÜŞONLU SWEATSHIRT,1690
TROUSERS,YAZILI JOGGER PANTOLON,1590
SWEATSHIRT,ASİMETRİK PAMUKLU SWEATSHIRT,1590
SWEATSHIRT,ASİMETRİK PENYE SWEATSHIRT,1090
TROUSERS,KIVRIK BEL PANTOLON,1190
SHIRT,POLO INTERLOK SWEATSHIRT,1490
TROUSERS,BALON İNTERLOK PANTOLON,1190
SWEATSHIRT,GENİŞ YAKA SWEATSHIRT,1190
TROUSERS,YIKANMIŞ GÖRÜNÜMLÜ ÇAN PAÇA PANTOLON,1190
SWEATSHIRT,YAMALI SWEATSHIRT,1590
TROUSERS,GENİŞ PAÇA PENYE PANTOLON,1590
SWEATSHIRT,İNTERLOK BOMBER CEKET,1590
TROUSERS,INTERLOCK İSPANYOL PAÇA PANTOLON,1190
TROUSERS,ELASTİK BELLİ GENİŞ PAÇA PANTOLON TAKIMI,1490
SWEATSHIRT,KONTRAST DANTEL DETAYLI CROP SWEATSHIRT,1590
TROUSERS,FİTİLLİ STRAIGHT FIT PANTOLON,1190
TROUSERS,YIKANMIŞ GÖRÜNÜMLÜ ZIMBALI PAÇALI EŞOFMAN ALTI,1790
SWEATSHIRT,BASIC KAPÜŞONLU SWEATSHIRT,1190
TROUSERS,GENİŞ PAÇA EŞOFMAN ALTI,1190
SWEATSHIRT,BOL KESİM CROP SWEATSHIRT,1490
SWEATSHIRT,KAPÜŞONLU KISA SWEATSHIRT,1590
SWEATSHIRT,ÇİÇEK İŞLEMELİ SWEATSHIRT,1690
SWEATSHIRT,YUMUŞAK SWEATSHIRT,1590
TROUSERS,YUMUŞAK GENİŞ PAÇA PANTOLON,1590
SHIRT,KONTRAST KAPÜŞONLU SWEATSHIRT GÖMLEK,1790
TROUSERS,AYARLANABİLİR PAÇALI BASIC DÜZ PELÜŞ PANTOLON,1190
SWEATSHIRT,KESİK BASKILI SWEATSHIRT,1790
SWEATSHIRT,SOLUK GÖRÜNÜMLÜ KAPÜŞONLU SWEATSHIRT,1190
SWEATSHIRT,SOLUK EFEKTLİ KAPÜŞONLU SWEATSHIRT,1190
SWEATSHIRT,SENTETİK KAUÇUK KUMAŞ GÖRÜNÜMLÜ KAPÜŞONLU SWEATSHIRT,2290
SWEATSHIRT,FOLYO SLOGANLI SWEATSHIRT,1590
SWEATSHIRT,V YAKA CROP SWEATSHIRT,1190
SWEATSHIRT,AC/DC ® SWEATSHIRT,1790
SWEATSHIRT,GENİŞ YAKA SWEATSHIRT,790
TROUSERS,YIKANMIŞ GÖRÜNÜMLÜ ÇAN PANTOLON,790
SWEATSHIRT,DÜZ ÖRGÜ SWEATSHIRT,990
BRA,LIMITED EDITION PULLU SÜTYEN,1590
UNDERPANT,LIMITED EDITION PULLU KÜLOT,1490
BRA,LIMITED EDITION İPEK DANTEL SÜTYEN,1790
UNDERPANT,DANTEL İPEK TANGA,1490
TROUSERS,LIMITED EDITION ÇİÇEK DESENLİ KÜLOT,1590
BRA,MİNİMAL İPEK BRALET SINIRLI ÜRETİM,1790
UNDERPANT,LIMITED EDITION MİNİMAL İPEK TANGA,1490
SOCKS,METALİK İPLİKLİ LİMİTED EDİSYON ÇORAP,490
SOCKS,LİMİTED EDİTİON METALİK İPLİKLİ ÇORAP,490
DRESS,DANTEL DETAYLI SATEN YÜZEYLİ LINGERIE ELBİSE,4490
TROUSERS,Dantel Detaylı Saten Şort,2290
UNDERPANT,ÇİÇEK İŞLEMELİ DANTEL TANGA,1190
BRA,NAKIŞLI ÇİÇEKLİ BANDEAU SÜTYEN TOP,1790
BRA,PUANLI TÜL DANLET SÜTYEN TOP,1090
OTHERS,DANTEL ŞERİTLİ SATEN KAMİSOL TOP,2290
DRESS,%100 VİSKOZ UZUN DANTELLİ ELBİSE,4990
TROUSERS,DANTELLİ SATEN ŞORT,2290
TROUSERS,SATEN YIRTMAÇLI DANTEL PANTOLON,4490
DRESS,DANTELLİ KISA SATEN ELBİSE,2990
UNDERPANT,PUANLI TÜL DANTEL KÜLOT,990
DRESS,DANTEL DETAYLI TRİKO MİDİ ELBİSE,2990
TROUSERS,DANTEL DETAYLI SATEN ŞORT,2490
BRA,DANTEL ÜÇGEN SÜTYEN TOP,1190
UNDERPANT,DANTEL KÜLOT,990
DRESS,STRAPLEZ ASTARLI ELBİSE,1190
DRESS,ASTARLI BANDEAU ELBİSE,1190
BODYSUIT,KONTRAST DANTEL ŞERİTLİ FIRFIRLI BODY,2490
SKIRT,POLİAMİD DANTEL ASTARLI ETEK,1590
BRA,DANTEL POINTELLE BALENLİ SÜTYEN,1590
UNDERPANT,POINTELLE KOMBİNE YÜKSEK BEL KÜLOT,1190
OTHERS,DANTEL DETAYLI İNCE ASKILI TOP,1590
BODYSUIT,POLYAMID KUMAŞ ASKILI BODY,1490
BRA,DANTEL ÜÇGEN SÜTYEN,1190
UNDERPANT,DANTEL KÜLOT,1090
UNDERPANT,POLİAMİD FİLE BİSİKLETÇİ ŞORTU,1490
UNDERPANT,POLİAMİD GENİŞ BEL KÜLOT,1190
BODYSUIT,POLİAMİD ASKILI BODY,1590
BRA,POLİAMİD ÜÇGEN BRALET,990
OVERALL,POLİAMİDLİ ŞORT BODY,1790
BODYSUIT,ASKILI POLİAMİD BODY,1590
DRESS,KONTRAST FİLE VE DANTEL UZUN ELBİSE,6290
DRESS,HALTER UZUN ELBİSE,4490
BRA,DANTEL SÜTYEN TOP,790
OTHERS,DANTEL ASKILI ÖRGÜ TOP,1790
OTHERS,Dantel Detaylı Triko Top,1790
DRESS,DRAPELİ YAKA SATEN ELBİSE,3690
BRA,DANTEL ÜÇGEN BRALET,790
UNDERPANT,DANTEL ÇORAP TANGA,790
SKIRT,PULLU BONCUKLU MİDİ ETEK,7290
UNDERPANT,POLİAMİDLİ GENİŞ BEL TANGA,1090
BRA,POLİAMİD DANTEL SÜTYEN TOP,1090
DRESS,ASİMETRİK DANTEL SATEN ELBİSE,3690
SKIRT,KOMBİNE PİLİLİ MİDİ ETEK,2990
BRA,FİLE PUANTİYE SÜTYEN,1190
UNDERPANT,PUANTİYELİ FİLE KÜLOT,990
OTHERS,BAĞCIKLI SATEN GÖMLEK,2990
BRA,KABARTMA ÇİÇEK VE BONCUKLU SÜTYEN TOP,2790
ACCESSORIES,PULLU BONCUKLU İNCE BANDANA,1790
OTHERS,FİYONKLU ÇİZGİLİ GÖMLEK,2990
TROUSERS,KEMERLİ ÇİZGİLİ ŞALVAR PANTOLON,2990
DRESS,ÇOK YÖNLÜ ASKILI ASTARLI ELBİSE,1190
DRESS,ÇOK YÖNLÜ ASKILI ASTAR ELBİSE,1190
BODYSUIT,BÜZGÜLÜ ÇORAP BODY,1090
SKIRT,ASTARLI MİNİ ETEK,990
OTHERS,DANTEL ŞERİTLİ SATEN KAMİSOL TOP,2490
DRESS,PİLİLİ DANTEL KONTRAST ELBİSE,5690
BRA,BALENLİ KORSE TOP,3490
OTHERS,İPEK KARIŞIMLI DANTEL ŞERİTLİ KAMİSOL TOP,3690
TROUSERS,İPEK KARIŞIMLI DANTEL ŞORT,2990
DRESS,Dantel Detaylı Saten Midi Elbise,2990
BRA,BAĞCIKLI BALENLİ KORSE,2290
OTHERS,PUANTİYE DESENLİ CROP TOP,1490
TROUSERS,PUANTİYELİ ŞALVAR ŞORT,2290
OTHERS,METALİK İPLİKLİ T-SHIRT,1790
BODYSUIT,VİSKOZ KARIŞIMLI TRİKO BODY,1590
OTHERS,BALIKÇI YAKA TOP,1490
BRA,POLİAMİD BANDEAU SÜTYEN,1490
BRA,FİLE DANTEL BRALET,990
ACCESSORIES,DİKİŞSİZ DANTEL ÇORAP,590
UNDERPANT,DİKİŞSİZ KÜLOT,590
UNDERPANT,PULLU BONCUKLU KÜLOT,1590
OTHERS,METALİK İPLİK DANTEL TOP,1790
BRA,%100 DERİ DANTEL SÜTYEN,2990
SKIRT,ASTARLI DANTEL ETEK,1490
OTHERS,%100 LİYOSEL DANTELLİ TOP,2490
TROUSERS,%100 LİYOSEL ŞALVAR PANTOLON,2990
OTHERS,LİYOSELLİ FİTİLLİ DANTEL TOP,1490
OTHERS,DANTEL DETAYLI FİTİLLİ TRİKO TOP,1490
BRA,KOMBİNE TÜL ÜÇGEN SÜTYEN,1490
UNDERPANT,KONTRAST TÜL TANGA,1090
UNDERPANT,YÜKSEK BEL POLİAMİD KARIŞIMLI TANGA,1090
OTHERS,KOMBİNE HALTER YAKA TRİKO TOP,1790
OTHERS,%100 VİSKOZ DANTEL DESENLİ TOP,2490
BRA,DİKİŞSİZ ÜÇGEN BRALET,790
DRESS,%100 VİSKOZ ASİMETRİK DESENLİ ELBİSE,2990
UNDERPANT,DANTELLİ İPEK TANGA,1490
BODYSUIT,İPEK DANTEL BODY,3690
DRESS,POLİAMİD KARIŞIMLI KISA DANTELLİ ELBİSE,2290
BRA,İPEK KARIŞIMLI LASTİKLİ BRALET,2290
UNDERPANT,İPEK KARIŞIMLI LASTİKLİ KÜLOT,1590
OTHERS,%100 YÜN T-SHIRT,2490
DRESS,KONTRAST DANTEL DETAYLI SATEN ELBİSE,4490
BRA,YAPISAL ÜÇGEN BRALET,2290
OTHERS,MİNİ PÜSKÜLLÜ TOP,2290
SKIRT,PÜSKÜLLÜ MİDİ ETEK,4490
DRESS,ASİMETRİK %100 DERİ DANTEL ELBİSE,8990
DRESS,PUANTİYE DESENLİ DANTEL ELBİSE,4490
OTHERS,PUANTİYELİ DANTEL TOP,2290
TROUSERS,DANTEL ŞERİTLİ PUANTİYE DESENLİ ŞALVAR PANTOLON,2290
OTHERS,İŞLEMELİ DANTEL ÖRGÜ TOP,2290
BRA,POLİAMİD DANTELLİ SÜTYEN TOP,1090
UNDERPANT,İPEK DANTEL KARIŞIMLI KÜLOT,1490
DRESS,MİDİ SATEN DANTEL ELBİSE,3690
DRESS,KISA POLİAMİD DANTEL ELBİSE,2290
UNDERPANT,POLİAMİD KARIŞIMLI DANTEL ŞORT,1590
BRA,ASKILI DİKİŞSİZ SÜTYEN,590
TROUSERS,DANTEL TAYT PANTOLON,1790
OVERALL,FERMUARLI POLİAMİD ASKILI TULUM,2290
SKIRT,%100 VİSKOZ DESENLİ PAREO ETEK,3690
BRA,ÇİÇEK NAKIŞLI ÜÇGEN SÜTYEN,1190
OTHERS,KONTRAST ÇİZGİLİ VİSKOZ KARIŞIM GÖMLEK,2990
TROUSERS,ÇİZGİLİ VİSKOZ KARIŞIM PANTOLON,2990
BRA,DİKİŞSİZ DANTEL SÜTYEN TOP,790
OTHERS,BÜZGÜLÜ V YAKA TOP,990
OTHERS,İŞLEMELİ MÜSLİN TOP,2990
OVERALL,DİKİŞSİZ DANTEL KISA TULUM,1490
DRESS,DANTELLİ PÜSKÜLLÜ ASKILI ELBİSE,5690
BRA,APLİKELİ POLİAMİD KARIŞIMLI SÜTYEN,1490
UNDERPANT,POLİAMİD KARIŞIMLI KRUVAZE BEL TANGA,1090
BRA,KONTRAST SATEN DANTEL BRALET,2290
UNDERPANT,SATEN YÜZEYLİ KÜLOT,1190
UNDERPANT,POLİAMİD KARIŞIMLI DANTEL ŞORT,1790
DRESS,POLİAMİD FERMUARLI KISA ELBİSE,1790
UNDERPANT,DOKULU TANGA,1490
OTHERS,BONCUKLU DOKULU VE DEKOLTELİ TOP,4490
BRA,%100 VİSKOZ ÇİZGİLİ SÜTYEN,1490
UNDERPANT,%100 VİSKOZ ÇİZGİLİ KÜLOT,1190
TROUSERS,DÜĞMELİ TRİKO PANTOLON,2290
BODYSUIT,DÜĞMELİ ÖRGÜ BODY,2290
BRA,BALENLİ DANTEL SÜTYEN,1790
BRA,DİKİŞLİ YUMUŞAK BRALET,790
DRESS,STRAPLEZ TRİKO ELBİSE,2990
TROUSERS,Dantel Şeritli Şalvar Pantolon,2990
OTHERS,FİYONKLU DANTEL ASKILI TOP,1790
TROUSERS,DANTEL KAPRI PANTOLON,1790
OTHERS,DANTELLİ ASİMETRİK %100 VİSKOZ DESENLİ TOP,2490
DRESS,DİKİŞSİZ DANTEL ASKILI ELBİSE,1490
OTHERS,%100 VİSKOZ İŞLEMELİ DANTELLİ ELBİSE,3690
BRA,BALENLİ KOMBİNE DANTEL SÜTYEN,1590
OTHERS,DÜĞMELİ PAMUK KARIŞIMLI T-SHIRT,1790
SKIRT,İŞLEMELİ DANTEL VİSKOZ MİDİ ETEK,4490
TROUSERS,DÜĞMELİ PAMUKLU ŞORT,1490
UNDERPANT,DANTEL DETAYLI POLİAMİD KARIŞIMLI ŞORT,1590
UNDERPANT,DANTEL TANGA,1190
BRA,DANTEL BANDEAU SÜTYEN TOP,1090
BRA,BALENLİ POLİAMİD SÜTYEN,1190
TROUSERS,SATEN YÜZEYLİ YÜKSEK BEL PANTOLON,2490
BODYSUIT,KONTRAST DOKULU BODY,2990
DRESS,DANTELLİ MİNİ ELBİSE,2490
BRA,BONCUKLU SAÇAKLI SÜTYEN,2490
BRA,%100 DERİ ÖRGÜ SÜTYEN,2490
TROUSERS,DANTEL DETAYLI SATEN YÜZEYLİ ŞORT,2290
DRESS,SATEN YÜZEYLİ MİNİ ELBİSE,2290
BRA,DANTEL ÜÇGEN SÜTYEN TOP,1790
OTHERS,DANTEL ŞERİTLİ SATEN YÜZEYLİ ASKILI TOP,1790
SKIRT,Saten Yüzeyli Dantel Mini Etek,1590
UNDERPANT,DANTEL CULOTTE KÜLOT,1190
BRA,KONTRAST DANLET ÜÇGEN SÜTYEN,1190
UNDERPANT,FIRFIRLI DANTEL TANGA,990
UNDERPANT,FİLE DANTEL KÜLOT,990
OTHERS,%100 YÜN FİTİLLİ TOP,2990
BRA,İPEK DANTEL BALENLİ BRALET,1790
SKIRT,İŞLEMELİ ASİMETRİK MÜSLİN ETEK,3690
OTHERS,İNCE TRİKO DİK YAKA TOP,1590
BRA,AJURLU DANTEL BRALET,990
SKIRT,İŞLEMELİ DANTEL TRİKO MİDİ ETEK,2790
UNDERPANT,GENİŞ DANTEL KÜLOT,790
TROUSERS,POLİAMİD TAYT,1790
UNDERPANT,ÇİÇEK İŞLEMELİ TANGA,990
BRA,%100 DERİ SÜTYEN TOP,2990
UNDERPANT,DANTEL TANGA,790
DRESS,POLİAMİD BODY SHAPE MİNİ ELBİSE,2290
OTHERS,DELİKLİ VİSKOZ KARIŞIM T-SHIRT,1590
SKIRT,DANTEL DETAYLI ASİMETRİK SATEN ETEK,2490
BODYSUIT,ÇİÇEK İŞLEMELİ DANTEL BODY,1790
TROUSERS,ÇİZGİLİ PİJAMA ALTI,2990
OTHERS,ÇİZGİLİ PİJAMA GÖMLEĞİ,3690
DRESS,İPEK KARIŞIMLI DANTELLİ LINGERIE ELBİSE,4490
BRA,DANTEL SATEN YÜZEYLİ ÜÇGEN BRALET,1590
DRESS,%100 VİSKOZ İŞLEMELİ ASKILI TOP,2990
TROUSERS,DÜĞMELİ LİYOSEL KARIŞIMLI ŞORT,1190
OTHERS,LİYOSEL KARIŞIMLI DÜĞMELİ YAKA T-SHIRT,1790
BRA,DANTEL BALENLİ KORSE,2790
TROUSERS,ÇİZGİLİ PİJAMA PANTOLONU,3690
SKIRT,ASİMETRİK DANTEL MİDİ ETEK,2490
UNDERPANT,YUMUŞAK DİKİŞLİ KÜLOT,790
TROUSERS,DANTEL ŞERİTLİ SATEN PANTOLON,2290
OTHERS,DANTEL ŞERİTLİ SATEN YÜZEYLİ TOP,1790
BRA,DANTEL KOLLU BALENLİ SÜTYEN,1590
BRA,DANTEL ÜÇGEN SÜTYEN,990
BRA,KONTRAST DANTELLİ ÜÇGEN SÜTYEN,1490
BODYSUIT,DANTEL DETAYLI SATEN BODY,2490
