product_name,price
YELEK,₺72.950
EKRU-BEJ CEKET,₺75.950
CAMEL O YAKA TRİKO,₺45.950
CAMEL V YAKA TRİKO,₺45.950
TABA BOL PAÇA PANTOLON,₺30.950
CAMEL V YAKA TRİKO,₺45.950
TABA KISA KOLLU BLUZ,₺30.950
CAMEL UZUN KOLLU ELBİSE,₺50.950
CAMEL KRUVAZE CEKET,₺45.950
PANTOLON,₺25.950
CAMEL KOLSUZ BLUZ,₺20.950
PEMBE KISA KOLLU GÖMLEK,₺35.950
ETEK,₺50.950
PEMBE-BEJ DEGRADE İPEK BLUZ,₺40.950
ETEK,₺50.950
PEMBE-BEJ POLO YAKA BLUZ,₺55.950
EKRU MONT,₺69.950
LİLA ETEK,₺50.950
LİLA O YAKA UZUN KOLLU BLUZ,₺40.950
LİLA TRİKO,₺8.950
PANTOLON,₺42.950
LİLA ŞAPKA,₺20.950
LİLA KISA KOLLU BLUZ,₺30.950
MAVİ V YAKA KOLSUZ BLUZ,₺25.950
MAVİ BOL PAÇA PANTOLON,₺35.950
MAVİ KRUVAZE YAKA CEKET,₺70.950
MAVİ KABAN,₺105.950
MAVİ UZUN KOLLU GÖMLEK,₺45.950
PANTOLON,₺25.950
MAVİ KAYIK YAKA TRİKO,₺20.950
MAVİ POLO YAKA TRİKO,₺30.950
MAVİ V YAKA TRİKO,₺40.950
MAVİ UZUN KOLLU GÖMLEK,₺80.950
PANTOLON,₺30.950
MAVİ KISA KOLLU GÖMLEK,₺25.950
ŞORT,₺25.950
YELEK,₺40.950
PANTOLON,₺35.950
CAMEL-MAVİ TRİKO,₺15.950
BEYAZ-MAVİ V YAKA TRİKO,₺8.950
ETEK,₺35.950
BEYAZ UZUN KOLLU GÖMLEK,₺18.950
MAVİ DESENLİ CEKET,₺45.950
PANTOLON,₺30.950
SARI KISA KOLLU TRİKO,₺35.950
PANTOLON,₺40.950
T-SHIRT,₺20.950
AÇIK PEMBE TRİKO,₺10.950
PUDRA DERİ BOMBER CEKET,₺40.950
GÜL KURUSU GÖMLEK,₺35.950
PUDRA KISA KOLLU BLUZ,₺20.950
GÜL KURUSU O YAKA TRİKO,₺25.950
PANTOLON,₺30.950
GÜL KURUSU V YAKA TRİKO,₺25.950
BEYAZ CEKET,₺30.950
BEYAZ KISA KOLLU TRİKO,₺15.950
EKRU BOL PAÇA PANTOLON,₺50.950
EKRU KRUVAZE YAKA CEKET,₺90.950
ATLET,₺13.950
EKRU HIRKA,₺54.950
EKRU KISA KOLLU TRİKO,₺35.950
EKRU BOL PAÇA PANTOLON,₺35.950
EKRU FERMUARLI HIRKA,₺54.950
EKRU V YAKA TRİKO,₺40.950
EKRU O YAKA TRİKO,₺35.950
EKRU UZUN KOLLU GÖMLEK,₺45.950
EKRU KISA KOLLU TRİKO,₺35.950
EKRU BOL PAÇA PANTOLON,₺35.950
EKRU UZUN HIRKA,₺54.950
EKRU O YAKA KISA KOLLU BLUZ,₺30.950
BEYAZ YELEK,₺82.950
BEYAZ BOL PAÇA PANTOLON,₺60.950
BEYAZ O YAKA TRİKO,₺40.950
EKRU HIRKA,₺25.950
BEYAZ MONT,₺49.950
EKRU BOL PAÇA PANTOLON,₺40.950
EKRU CEKET,₺70.950
EKRU POLO YAKA UZUN KOLLU T-SHİRT,₺30.950
EKRU KAPUŞONLU SWEATSHİRT,₺69.950
PUDRA MİDİ ETEK,₺30.950
KREM UZUN KOLLU GÖMLEK,₺55.950
PUDRA O YAKA KISA KOLLU BLUZ,₺35.950
EKRU BOL PAÇA PANTOLON,₺35.950
EKRU CEKET,₺60.950
EKRU ÇİZGİLİ TRİKO,₺35.950
EKRU ŞORT,₺34.950
EKRU CEKET,₺57.950
EKRU O YAKA TRİKO,₺27.950
EKRU YELEK,₺79.950
EKRU KIRLANGIÇ YAKA CEKET,₺35.950
EKRU DOKULU BORU PAÇA PANTOLON,₺18.950
BEYAZ KETEN CEKET,₺35.950
BEJ KOLSUZ ELBİSE,₺40.950
BEYAZ KETEN KISA KOLLU GÖMLEK,₺20.950
PANTOLON,₺20.950
T-SHIRT,₺12.950
BERMUDA,₺23.950
BEYAZ KETEN CEKET,₺35.950
BEJ O YAKA KISA KOLLU T-SHİRT,₺8.950
BEYAZ-GRİ V YAKA ELBİSE,₺30.950
BEYAZ-GRİ ELBİSE,₺30.950
GRİ KETEN KISA TULUM,₺30.950
GRİ MONT,₺52.950
AÇIK GRİ POLO YAKA TRİKO,₺8.950
GRİ MONT,₺57.950
AÇIK GRİ UZUN KOLLU GÖMLEK,₺45.950
PANTOLON,₺18.950
MAVİ-EKRU TRİKO,₺25.950
MONT,₺52.950
BEJ DİK YAKA CEKET,₺40.950
KAHVE MONT,₺47.950
KAHVE ÇİZGİLİ CEKET,₺30.950
CAMEL İPEK TRİKO,₺62.950
CAMEL O YAKA,₺9.950
CAMEL SPOR PANTOLON,₺11.950
CAMEL SWEATSHIRT,₺15.950
KOLYE,₺23.950
AÇIK KAHVE TRİKO,₺10.950
CAMEL MONT,₺49.950
KAHVE DEKOLTELİ ELBİSE,₺19.950
PANTOLON,₺20.950
KAHVE KRUVAZE GÖMLEK,₺20.950
KAHVE ASKILI DİZ ALTI ELBİSE,₺25.950
KAHVE ÇİZGİLİ BORU PAÇA PANTOLON,₺18.950
CAMEL İPEK PANTOLON,₺70.950
KOYU KAHVE KOL DETAYLI ELBİSE,₺25.950
KAHVE KOLSUZ GÖMLEK,₺30.950
KAHVE KAYIK YAKA TRİKO,₺25.950
KAHVE MİDİ ETEK,₺20.950
CAMEL PARDÖSÜ,₺57.950
KAHVE HAKİM YAKA CEKET,₺52.950
CAMEL DOKULU CEKET,₺80.950
ŞAPKA,₺15.950
ŞAPKA,₺15.950
CAMEL UZUN KOLLU ELBİSE,₺30.950
KAHVE PARDÖSÜ,₺47.950
KAHVE KOLSUZ MİDİ ELBİSE,₺25.950
KAHVE DERİ CEKET,₺40.950
EKRU DANTEL DETAYLI GÖMLEK,₺18.950
BEJ DAR PAÇA PANTOLON,₺20.950
LACİVERT DAR PAÇA PANTOLON,₺12.950
BEJ O YAKA TRİKO,₺9.950
BEYAZ O YAKA KISA KOLLU T-SHİRT,₺5.950
GRİ DAR PAÇA PANTOLON,₺20.950
BEJ TRİKO,₺8.950
SİYAH MAXİ ETEK,₺17.950
LACİVERT DAR PAÇA PANTOLON,₺20.950
EKRU O YAKA TRİKO,₺7.950
SİYAH SMOKİN DETAYLI GÖMLEK,₺18.950
SİYAH BOL PAÇA PANTOLON,₺15.950
ANTRASİT DAR PAÇA PANTOLON,₺20.950
AÇIK MAVİ JEAN PANTOLON,₺20.950
EKRU TRİKO,₺8.950
SİYAH UZUN KOLLU DİZ ALTI ELBİSE,₺25.950
BEYAZ T-SHIRT,₺15.950
SİYAH DANTELLİ ELBİSE,₺30.950
KIRMIZI KOLSUZ DİZ ÜSTÜ ELBİSE,₺25.950
BEYAZ DAR PAÇA PANTOLON,₺20.950
SİYAH TULUM,₺29.950
BEYAZ DAR PAÇA PANTOLON,₺20.950
SİYAH PANTOLON,₺15.950
ELBİSE,₺30.950
LACİVERT DAR PAÇA PANTOLON,₺17.950
BORDO BLUZ,₺15.950
GRİ DAR PAÇA PANTOLON,₺25.950
BEYAZ DAR PAÇA PANTOLON,₺20.950
EKRU O YAKA TRİKO,₺9.950
MAVİ UZUN KOLLU GÖMLEK,₺15.950
MAVİ PANTOLON,₺15.950
MAVİ UZUN KOLLU GÖMLEK,₺19.950
SİYAH PANTOLON,₺15.950
SARI DEGRADE DESENLİ ŞAL,₺12.950
KÜPE,₺7.950
EKRU TRİKO,₺29.950
LACİVERT DÜZ KESİM JEAN PANTOLON,₺22.950
VİZON ATLET,₺2.950
BEYAZ GÖMLEK,₺12.950
SİYAH O YAKA TRİKO,₺6.950
SİYAH KOLSUZ DİZ ÜSTÜ ELBİSE,₺25.950
SİYAH BORU PAÇA PANTOLON,₺15.950
ÇOK RENKLİ KISA KOLLU GÖMLEK,₺15.950
KÜPE,₺8.950
NATÜREL ŞAPKA,₺14.950
BEJ YÜN TRİKO,₺39.950
BEYAZ GÖMLEK,₺25.950
EKRU BOL KESİM PANTOLON,₺42.950
MİNT O YAKA TRİKO,₺8.950
AÇIK GRİ ÇİZGİLİ BORU PAÇA PANTOLON,₺18.950
MİNT İPEK BLUZ,₺12.950
BEJ ŞAPKA,₺14.950
NATÜREL ŞAPKA,₺12.950
EKRU KOLSUZ BLUZ,₺22.950
BEYAZ T-SHIRT,₺19.950
EKRU T-SHIRT,₺22.950
EKRU YÜN TRİKO,₺29.950
LACİVERT BOL PAÇA JEAN PANTOLON,₺22.950
KÜPE,₺12.950
TRİKO,₺32.950
EKRU BLUZ,₺42.950
KÜPE,₺7.950
EKRU BLUZ,₺17.950
EKRU ATLET,₺2.950
BEJ KOLSUZ BLUZ,₺30.950
MAVİ DEGRADE TRİKO,₺20.950
SİYAH BÜSTİYER,₺52.950
SİYAH ŞORT,₺12.950
BORDO PANTOLON,₺20.950
MAVİ CEKET,₺35.950
SİYAH CEKET,₺40.950
LACİVERT DESENLİ ELBİSE,₺22.950
BEJ O YAKA TRİKO,₺6.950
MİNT BORU PAÇA PANTOLON,₺10.950
BEYAZ O YAKA TRİKO,₺6.950
BEJ PANTOLON,₺15.950
EKRU ASKILI DİZ ALTI ELBİSE,₺29.950
BEJ-SİYAH DEGRADE DERİ CEKET,₺35.950
SİYAH UZUN KOLLU İPEK GÖMLEK,₺25.950
ÇOK RENKLİ ÇİZGİLİ GÖMLEK,₺15.950
EKRU ASKILI MİDİ ELBİSE,₺22.950
AÇIK GRİ ÇİZGİLİ CEKET,₺35.950
EKRU ASKILI İPEK BLUZ,₺12.950
LACİVERT DAR PAÇA PANTOLON,₺18.950
BEYAZ ŞAPKA,₺9.450
NATÜREL ŞAPKA,₺10.950
KÜPE,₺9.950
KÜPE,₺9.950
BANDANA,₺15.950
KÜPE,₺9.950
PANTOLON,₺55.950
BEJ KISA KOLLU ELBİSE,₺29.950
JEAN PANTOLON,₺25.950
JEAN PANTOLON,₺22.950
ÇOK RENKLİ ÇİZGİLİ TRİKO,₺8.950
YEŞİL V YAKA TRİKO,₺8.950
LACİVERT CEKET,₺35.950
BEYAZ GEOMETRİK DESENLİ GÖMLEK,₺15.950
YEŞİL-EKRU TRİKO,₺6.950
BEJ KISA KOLLU TRİKO,₺8.950
ŞAPKA,₺10.950
MAVİ BALON KOLLU GÖMLEK,₺18.950
ETEK,₺25.950
EKRU KOLSUZ BLUZ,₺4.950
LACİVERT KARE YAKA ASKILI TULUM,₺25.950
EKRU KAPUŞONLU SWEATSHİRT,₺15.950
EKRU BORU PAÇA SPOR PANTOLON,₺12.950
SİYAH CEKET,₺27.950
LACİVERT DESENLİ ELBİSE,₺23.950
YEŞİL ASKILI ASİMETRİK ELBİSE,₺19.950
LACİVERT UZUN KOLLU BLUZ,₺20.950
SİYAH KRUVAZE YAKA CEKET,₺35.950
LACİVERT KIRLANGIÇ YAKA CEKET,₺35.950
BEJ KOLSUZ ELBİSE,₺22.950
MAVİ PARLAK KETEN BLUZ,₺12.950
ÇOK RENKLİ ÇİZGİLİ GÖMLEK,₺16.950
ÇOK RENKLİ ÇİZGİLİ BOL PAÇA PANTOLON,₺17.950
LACİVERT KOLSUZ DİZ ÜSTÜ ELBİSE,₺27.950
BEJ TRANSPARAN GÖMLEK,₺25.950
BEJ ETEK,₺40.950
BEJ V YAKA TRİKO,₺55.950
GÜMÜŞ KOLYE,₺15.950
KOLYE,₺20.950
TRİKO,₺68.950
EKRU PAYETLİ PANTOLON,₺54.950
BEJ KOLSUZ BLUZ,₺23.950
KIRMIZI NAKIŞLI GÖMLEK,₺80.950
KIRIK BEYAZ GÖMLEK,₺80.950
PANTOLON,₺90.950
ETEK,₺25.950
GÖMLEK,₺25.950
LACİVERT ELBİSE,₺25.950
BEYAZ KISA KOLLU ELBİSE,₺25.950
LACİVERT DESENLİ GÖMLEK,₺20.950
SİYAH KOLSUZ ELBİSE,₺30.950
BEJ KISA KOLLU TRİKO,₺25.950
PEMBE KETEN ELBİSE,₺19.950
BEJ KISA KOLLU GÖMLEK,₺30.950
PANTOLON,₺25.950
PANTOLON,₺25.950
GRİ O YAKA TRİKO,₺25.950
LACİVERT KAYIK YAKA TRİKO,₺25.950
EKRU POLO YAKA BLUZ,₺20.950
PANTOLON,₺20.950
PANTOLON,₺20.950
BEYAZ-GRİ KOLSUZ BLUZ,₺15.950
PANTOLON,₺18.950
BEJ KAPUŞONLU YELEK,₺35.950
GRİ V YAKA SÜVETER,₺39.950
KOYU GRİ O YAKA TRİKO,₺40.950
EKRU UZUN KOLLU GÖMLEK,₺45.950
HAKİ İPEK BLUZ,₺40.950
JEAN PANTOLON,₺25.950
MAVİ-LİLA RAMİ GÖMLEK,₺18.950
ETEK,₺30.950
MONT,₺42.950
BEJ TRİKO,₺6.950
BEJ KRUVAZE CEKET,₺45.950
PANTOLON,₺25.950
EKRU DANTELLİ BLUZ,₺40.950
BEYAZ-MAVİ DESENLİ BLUZ,₺15.950
SİYAH-BEYAZ DESENLİ ELBİSE,₺22.950
EKRU NOPELİ CEKET,₺30.950
BEYAZ-KAHVE DESENLİ BLUZ,₺10.950
PANTOLON,₺15.950
EKRU-GRİ ÇİZGİLİ TRİKO,₺6.950
YEŞİL ÇİZGİLİ TRİKO,₺8.950
GRİ O YAKA TRİKO,₺6.950
TURUNCU DEGRADE TRİKO,₺12.950
CAMEL POLO YAKA TRİKO,₺10.950
EKRU-BEJ V YAKA TRİKO,₺12.950
EKRU POLO YAKA TRİKO,₺10.950
ŞAPKA,₺10.950
BLUZ,₺15.950
BEJ ŞAPKA,₺8.950
MAVİ PÜSKÜLLÜ CEKET,₺30.950
TURKUAZ ÇİZGİLİ İPEK ELBİSE,₺22.950
MAVİ-TABA DESENLİ ELBİSE,₺22.950
SİYAH-MAVİ CEKET,₺52.950
SİYAH BORU PAÇA PANTOLON,₺40.950
PANTOLON,₺20.950
EKRU O YAKA TRİKO,₺15.950
PARDÖSÜ,₺42.950
EKRU TRİKO,₺8.950
SİYAH O YAKA KOLSUZ TULUM,₺25.950
LACİVERT-BEJ KOLSUZ GÖMLEK,₺15.950
SİYAH KOLSUZ DİZ ALTI ELBİSE,₺25.950
SİYAH KISA KOLLU DİZ ALTI ELBİSE,₺25.950
SİYAH DERİ CEKET,₺40.950
EKRU DEKOLTELİ KOLSUZ TULUM,₺25.950
VİZON ÇİZGİLİ BORU PAÇA PANTOLON,₺18.950
TURKUAZ ÇİZGİLİ BORU PAÇA PANTOLON,₺18.950
BEJ MONT,₺42.950
TURKUAZ V YAKA YELEK,₺23.950
VİZON ÇİZGİLİ CEKET,₺30.950
BEJ ÇİZGİLİ DAR PAÇA PANTOLON,₺15.950
HAKİ BORU PAÇA PANTOLON,₺18.950
HAKİ CEKET,₺30.950
ÇOK RENKLİ DESENLİ GÖMLEK,₺16.950
ÇOK RENKLİ ÇİZGİLİ MİDİ ETEK,₺17.950
MAVİ ÇİZGİLİ GÖMLEK,₺15.950
BEJ DİK YAKA CEKET,₺30.950
BEYAZ ÇİZGİLİ DESENLİ KISA BERMUDA,₺12.950
MAVİ DESENLİ KOLSUZ BLUZ,₺12.950
KREM CEKET,₺35.950
BEYAZ DESENLİ BORU PAÇA PANTOLON,₺15.950
BEYAZ-LACİVERT DESENLİ BLUZ,₺15.950
LACİVERT ÇİZGİLİ GÖMLEK,₺18.950
MAVİ DESENLİ KRUVAZE ELBİSE,₺23.950
BEJ DESENLİ ELBİSE,₺25.950
ÇOK RENKLİ ÇİZGİLİ GÖMLEK,₺19.950
MAVİ BORU PAÇA PANTOLON,₺15.950
BEJ ASKILI ELBİSE,₺23.950
HAKİ BOL PAÇA PANTOLON,₺18.950
HAKİ KETEN CEKET,₺30.950
BEYAZ ÇİZGİLİ DİZ ÜSTÜ BERMUDA,₺15.950
AÇIK KIRMIZI ÇİZGİLİ GÖMLEK,₺18.950
ÇOK RENKLİ ÇİZGİLİ DİZ ÜSTÜ BERMUDA,₺15.950
MAVİ ÇİZGİLİ KETEN GÖMLEK,₺18.950
EKRU ÇİZGİLİ CEKET,₺32.950
NATÜREL ŞAPKA,₺10.950
KOLYE,₺30.950
KÜPE,₺23.950
KOLYE,₺23.950
BEJ ASKILI ELBİSE,₺35.950
DORE KOLYE,₺17.950
KÜPE,₺9.950
EKRU TRİKO,₺32.950
SÜVETER,₺56.950
TRİKO,₺43.950
ETEK,₺42.950
İPEK GÖMLEK,₺47.950
KÜPE,₺7.950
KÜPE,₺9.950
VİZON CEKET,₺45.950
PANTOLON,₺27.950
YELEK,₺32.950
ŞORT,₺27.950
KIRMIZI KRUVAZE CEKET,₺165.950
PANTOLON,₺70.950
BEYAZ-KIRMIZI NAKIŞLI GÖMLEK,₺90.950
SOMON TRİKO,₺90.950
MAVİ NAKIŞLI GÖMLEK,₺100.950
DANTELLİ İPEK GÖMLEK,₺135.950
KIRMIZI KAŞMİR TRİKO,₺90.950
JEAN PANTOLON,₺92.950
PANTOLON,₺60.950
SOMON DANTELLİ GÖMLEK,₺110.950
GÖMLEK,₺120.950
SOMON KAŞMİR TRİKO,₺120.950
LACİVERT TEK OMUZ ELBİSE,₺25.950
MONT,₺52.950
MONT,₺47.950
MONT,₺47.950
KREM GÖMLEK,₺18.950
MAVİ ÇİÇEKLİ ELBİSE,₺30.950
ETEK,₺20.950
BEJ TRİKO,₺25.950
T-SHIRT,₺23.950
T-SHIRT,₺18.950
SWEATSHIRT,₺40.950
T-SHIRT,₺15.950
PUDRA TRİKO,₺25.950
T-SHIRT,₺15.950
T-SHIRT,₺18.950
HAKİ ÇİZGİLİ TRİKO,₺25.950
MAVİ KISA KOLLU KETEN GÖMLEK,₺15.950
PANTOLON,₺18.950
AÇIK PEMBE KETEN GÖMLEK,₺20.950
MAVİ KETEN BLUZ,₺20.950
ŞORT,₺15.950
BEJ KETEN GÖMLEK,₺18.950
ŞORT,₺15.950
EKRU ÇİZGİLİ CEKET,₺55.950
PANTOLON,₺35.950
ETEK,₺30.950
EKRU ASKILI BLUZ,₺25.950
PANTOLON,₺25.950
YELEK,₺60.950
ETEK,₺40.950
EKRU GÖMLEK,₺45.950
PANTOLON,₺35.950
MAVİ GÖMLEK,₺25.950
MAVİ ÇİZGİLİ GÖMLEK,₺35.950
PANTOLON,₺20.950
BERMUDA,₺25.950
PANTOLON,₺30.950
YELEK,₺45.950
YELEK,₺57.950
PUDRA ÇİZGİLİ GÖMLEK,₺35.950
PANTOLON,₺30.950
EKRU GÖMLEK,₺35.950
EKRU KOLSUZ BLUZ,₺25.950
EKRU GÖMLEK,₺30.950
PANTOLON,₺30.950
PANTOLON,₺25.950
ETEK,₺30.950
TURUNCU GÖMLEK,₺15.950
PANTOLON,₺15.950
LACİVERT ASİMETRİK GÖMLEK,₺20.950
ŞORT,₺12.950
YEŞİL O YAKA TRİKO,₺25.950
EKRU ÖRME BLUZ,₺25.950
YEŞİL BOL PAÇA PANTOLON,₺23.950
BEYAZ BOL PAÇA PANTOLON,₺23.950
BEJ BOL PAÇA PANTOLON,₺23.950
BEJ DANTELLİ TRİKO,₺25.950
PANTOLON,₺25.950
VİZON UZUN ELBİSE,₺35.950
EKRU POLO YAKA TRİKO,₺20.950
PANTOLON,₺25.950
MAVİ TRİKO ELBİSE,₺40.950
ETEK,₺50.950
PEMBE TRİKO TULUM,₺72.950
LİLA UZUN ELBİSE,₺50.950
BEYAZ DEKOLTELİ BLUZ,₺35.950
BEYAZ UZUN KOLLU ELBİSE,₺90.950
ETEK,₺17.950
T-SHIRT,₺12.950
MAVİ ÇİZGİLİ KISA KOLLU GÖMLEK,₺15.950
BEYAZ KETEN ELBİSE,₺35.950
EKRU-MAVİ ÇİÇEKLİ KETEN BLUZ,₺21.950
EKRU ŞORT,₺25.950
BEYAZ DESENLİ KETEN GÖMLEK,₺40.950
BEYAZ BOL PAÇA PANTOLON,₺50.950
BEYAZ DESENLİ RAMİ ELBİSE,₺50.950
MAVİ KETEN ELBİSE,₺70.950
T-SHIRT,₺12.950
HAKİ-BEJ ELBİSE,₺25.950
PANTOLON,₺18.950
YEŞİL KETEN CEKET,₺30.950
PANTOLON,₺15.950
PANTOLON,₺15.950
BERMUDA,₺12.950
PANTOLON,₺18.950
PANTOLON,₺18.950
BEYAZ O YAKA KISA KOLLU T-SHİRT,₺23.950
AÇIK GRİ BORU PAÇA PANTOLON,₺45.950
AÇIK GRİ CEKET,₺70.950
EKRU HIRKA,₺54.950
EKRU BOL PAÇA PANTOLON,₺40.950
KOYU GRİ MİDİ ETEK,₺35.950
KOYU GRİ O YAKA TRİKO,₺60.950
AÇIK GRİ V YAKA KOLSUZ BLUZ,₺25.950
KOYU GRİ PANTOLON,₺35.950
KOYU GRİ CEKET,₺75.950
EKRU O YAKA KISA KOLLU T-SHİRT,₺20.950
KÜPE,₺13.950
ŞAPKA,₺25.950
ŞAPKA,₺25.950
KOYU MAVİ İPEK BLUZ,₺25.950
MAVİ ÇİZGİLİ GÖMLEK,₺20.950
LACİVERT GÖMLEK,₺30.950
JEAN PANTOLON,₺27.950
HAKİ İPEK ELBİSE,₺72.950
ETEK,₺45.950
BEJ KRUVAZE CEKET,₺52.950
PANTOLON,₺35.950
BEYAZ ÇİZGİLİ GÖMLEK,₺35.950
PANTOLON,₺35.950
BEJ CEKET,₺55.950
PANTOLON,₺35.950
PANTOLON,₺30.950
PANTOLON,₺40.950
SWEATSHIRT,₺18.950
TRİKO,₺35.950
SWEATSHIRT,₺47.950
PANTOLON,₺25.950
T-SHIRT,₺23.950
GRİ FERMUARLI HIRKA,₺40.950
PANTOLON,₺25.950
EKRU V YAKA TRİKO,₺25.950
EKRU TRİKO,₺40.950
BEYAZ ŞAPKA,₺20.950
BEJ ŞAPKA,₺15.950
T-SHIRT,₺15.950
MAVİ ÇİZGİLİ KOLSUZ BLUZ,₺12.950
JEAN PANTOLON,₺25.950
JEAN PANTOLON,₺25.950
JEAN PANTOLON,₺22.950
JEAN PANTOLON,₺25.950
JEAN PANTOLON,₺27.950
JEAN PANTOLON,₺27.950
JEAN PANTOLON,₺25.950
JEAN PANTOLON,₺22.950
JEAN PANTOLON,₺27.950
JEAN PANTOLON,₺27.950
BEYAZ KISA KOLLU TRİKO,₺10.950
BEYAZ ÇİZGİLİ POLO YAKA TRİKO,₺10.950
BEYAZ-MEVİ TRİKO,₺10.950
BEYAZ DEKOLTELİ KOLSUZ TRİKO,₺6.950
TRİKO,₺8.950
T-SHIRT,₺15.950
LACİVERT CEKET,₺52.950
BEYAZ DESENLİ GÖMLEK,₺18.950
MAVİ DESENLİ BLUZ,₺15.950
LACİVERT ÇİÇEKLİ RAMİ BLUZ,₺20.950
ETEK,₺20.950
PANTOLON,₺23.950
BEYAZ-MAVİ ÇİÇEKLİ GÖMLEK,₺20.950
BEYAZ-MAVİ DESENLİ GÖMLEK,₺18.950
LACİVERT DESENLİ BLUZ,₺25.950
ŞORT,₺15.950
BEYAZ ÇİÇEKLİ RAMİ ELBİSE,₺35.950
BEYAZ-MAVİ DESENLİ ELBİSE,₺30.950
EKRU DESENLİ ELBİSE,₺35.950
ŞORT,₺25.950
BEJ ŞAPKA,₺15.950
MAVİ KOLSUZ TRİKO,₺10.950
MONT,₺32.950
LACİVERT ÇİZGİLİ KISA KOLLU TRİKO,₺20.950
PUDRA KOLSUZ ELBİSE,₺22.950
PUDRA KOLSUZ TRİKO,₺15.950
LACİVERT KETEN  KOLSUZ BLUZ,₺15.950
ETEK,₺20.950
T-SHIRT,₺15.950
T-SHIRT,₺10.950
EKRU KISA KOLLU İPEK TRİKO,₺15.950
PANTOLON,₺20.950
BEJ İPEK KISA KOLLU TRİKO,₺15.950
MONT,₺49.950
MONT,₺45.950
MONT,₺47.950
EKRU KOLSUZ BLUZ,₺25.950
YELEK,₺25.950
SPOR PANTOLON,₺17.950
GRİ KETEN İPEK ŞAL,₺8.950
SARI KETEN ŞAL,₺8.950
MAVİ O YAKA TRİKO,₺25.950
MAVİ İPEK KRUVAZE CEKET,₺45.950
VİZON CEKET,₺45.950
VİZON İPEK CEKET,₺45.950
AÇIK MAVİ CEKET,₺45.950
AÇIK MAVİ HAKİM YAKA CEKET,₺40.950
T-SHIRT,₺25.950
PEMBE V YAKA KOLSUZ TRİKO,₺35.950
ÇOK RENKLİ DESENLİ PANTOLON,₺25.950
MAVİ DESENLİ İPEK BLUZ,₺30.950
ÇOK RENKLİ DESENLİ KETEN GÖMLEK,₺25.950
ÇOK RENKLİ DESENLİ YÜKSEK BEL KETEN ŞORT,₺17.950
MAVİ ÇİZGİLİ GÖMLEK,₺25.950
MAVİ CEKET,₺40.950
BEJ EKOSE CEKET,₺30.950
LACİVERT DEGRADE CEKET,₺30.950
YEŞİL DESENLİ GÖMLEK,₺12.950
TURUNCU DESENLİ BLUZ,₺15.950
PANTOLON,₺15.950
EKRU DESENLİ GÖMLEK,₺12.950
EKRU KRUVAZE YAKA CEKET,₺35.950
MAVİ İPEK CEKET,₺50.950
BEJ İPEK CEKET,₺45.950
PANTOLON,₺25.950
ATLET,₺5.950
ATLET,₺5.950
BEJ ETEK,₺12.950
EKRU V YAKA TRİKO,₺12.950
HAKİ POLO YAKA TRİKO,₺10.950
EKRU KISA KOLLU TRİKO,₺10.950
ŞAPKA,₺10.950
ŞAPKA,₺10.950
BEJ ÇİZGİLİ KETEN ELBİSE,₺20.950
EKRU ÇİZGİLİ ELBİSE,₺25.950
MAVİ KETEN ELBİSE,₺20.950
PANTOLON,₺19.950
SWEATSHIRT,₺20.950
ETEK,₺15.950
SPOR PANTOLON,₺19.950
SWEATSHIRT,₺20.950
PANTOLON,₺20.950
BEYAZ KISA KOLLU GÖMLEK,₺18.950
BEJ ŞAPKA,₺7.950
SARI ŞAPKA,₺10.950
TABA EKRU ŞAPKA,₺8.950
ÇOK RENKLİ ŞAPKA,₺7.950
BEYAZ-LACİVERT ÇİÇEKLİ GÖMLEK,₺15.950
BEYAZ-İNDİGO İPEK GÖMLEK,₺15.950
ŞORT,₺10.950
ÇOK RENKLİ ÇİÇEKLİ GÖMLEK,₺12.950
PANTOLON,₺15.950
BEJ KRUVAZE YAKA CEKET,₺30.950
BEJ DİK YAKA CEKET,₺30.950
ŞORT,₺10.950
ŞAPKA,₺7.950
ŞAPKA,₺7.950
ŞAPKA,₺7.950
ŞAPKA,₺7.950
ŞAPKA,₺6.950
ŞAPKA,₺8.950
ŞAPKA,₺10.950
BEJ DEKOLTELİ KOLSUZ BLUZ,₺20.950
BEJ ETEK,₺30.950
EKRU V YAKA CEKET,₺60.950
EKRU BOL PAÇA PANTOLON,₺40.950
MAVİ BOL PAÇA PANTOLON,₺40.950
EKRU-MAVİ CEKET,₺55.950
MAVİ UZUN ELBİSE,₺40.950
ÇOK RENKLİ DESENLİ BLUZ,₺25.950
ŞORT,₺22.950
BEJ GÖMLEK,₺25.950
MAVİ ŞORT,₺15.950
VİZON KETEN GÖMLEK,₺25.950
VİZON BORU PAÇA PANTOLON,₺20.950
MAVİ ÇİZGİLİ TRİKO ELBİSE,₺18.950
BEYAZ DEGRADE DESENLİ ETEK,₺17.950
BEYAZ DEGRADE KOLSUZ BLUZ,₺12.950
EKRU HALTER YAKA KOLSUZ TULUM,₺30.950
TRİKO,₺8.950
EKRU UZUN KOLLU İPEK GÖMLEK,₺22.950
EKRU HALTER YAKA KOLSUZ BLUZ,₺13.950
SİYAH STRAPLEZ BLUZ,₺13.950
LACİVERT BOL PAÇA PANTOLON,₺17.950
EKRU DAR PAÇA PANTOLON,₺17.950
SİYAH BORU PAÇA PANTOLON,₺17.950
EKRU DAR PAÇA PANTOLON,₺15.950
MAVİ DOKULU KISA ETEK,₺15.950
MİNT KOLSUZ DİZ ALTI ELBİSE,₺27.950
EKRU TRUVAKAR DİZ ALTI ELBİSE,₺29.950
EKRU HAKİM YAKA CEKET,₺30.950
MAVİ DİK YAKA CEKET,₺25.950
RENK BLOKLU DERİ CEKET,₺40.950
SİYAH O YAKA KISA KOLLU TULUM,₺27.950
FÜME PAMUK İPEK ŞAL,₺2.875
SİYAH ESMERALDA ŞAL,₺3.990
AÇIK GRİ BORU PAÇA PANTOLON,₺1.290
MÜRDÜM ŞAL DESENLİ YÜN/İPEK ŞAL,₺3.975
KOYU CAMEL PAMUK İPEK ŞAL,₺2.875
BUZ MAVİ PAMUK/İPEK ŞAL,₺2.375
SİYAH EKRU PAMUK İPEK ŞAL,₺7.950
ŞAL,₺1.790
BEYAZ PAMUK İPEK ŞAL,₺2.375
BEJ YÜN-KAŞMİR TRİKO,₺5.990
TRİKO,₺3.690
KOYU KAHVE MONOGRAM TWILL EŞARP,₺7.950
KOYU KAHVE PAMUK İPEK ŞAL,₺7.950
AÇIK TURUNCU KETEN PAMUK ŞAL,₺4.450
EKRU KADİFE PANTOLON,₺7.990
SİYAH UZUN KOLLU DİZ ÜSTÜ ELBİSE,₺14.990
ŞAL,₺1.790
GRİ MELANJ UZUN KOLLU GÖMLEK,₺4.990
BEJ BOL PAÇA PANTOLON,₺10.708
SİYAH GEOMETRİK DESENLİ PAMUK/İPEK ŞAL,₺2.125
KOYU GRİ ŞAL DESENLİ PAMUK/İPEK ŞAL,₺2.125
BEYAZ V YAKA UZUN KOLLU BLUZ,₺4.990
SİYAH POLO YAKA UZUN KOLLU BLUZ,₺6.990
KOYU KIRMIZI TRİKO,₺4.475
MAVİ ÇIÇEK DESENLİ YÜN/İPEK ŞAL,₺3.975
BEJ BOL PAÇA PANTOLON,₺4.490
LACİVERT ESMERALDA ŞAL,₺3.990
EKRU TRİKO,₺3.690
GRİ TRİKO,₺3.690
TRİKO,₺3.975
SİYAH UZUN KOLLU DİZ ALTI ELBİSE,₺13.183
SİYAH DAR PAÇA PANTOLON,₺6.990
KOYU KAHVE MONOGRAM TWILL ŞAL,₺7.950
YEŞİL ŞAL DESENLİ PAMUK/İPEK ŞAL,₺2.125
EKRU YÜN ŞAL,₺1.990
CAMEL BERE,₺990
SİYAH TRİKO ETEK,₺5.475
CAMEL ATKI,₺1.490
AÇIK KAHVE PAMUK İPEK ŞAL,₺7.950
BEYAZ UZUN KOLLU GÖMLEK,₺2.990
ANTRASİT TRİKO,₺2.975
EKOSE DESENLİ TWILL İPEK EŞARP,₺3.975
VİZON PAMUK İPEK ŞAL,₺7.950
GRİ T-SHIRT,₺4.990
ANTRASİT DİK YAKA TRİKO,₺1.990
SİYAH DAR PAÇA PANTOLON,₺6.990
KAHVE UZUN KOLLU MİDİ ELBİSE,₺11.990
LACİVERT DAR PAÇA PANTOLON,₺6.990
ÇİÇEK DESENLİ TWILL İPEK FULAR,₺3.475
TRİKO,₺3.975
LACİVERT PAMUK İPEK ŞAL,₺7.950
ÇİÇEK DESENLİ TWILL İPEK FULAR,₺1.975
EKRU CEKET,₺29.950
BEJ TRİKO,₺2.975
BRONZ ESMERALDA ŞAL,₺3.990
BORDO GEOMETRİK DESENLİ TWILL FULAR,₺3.475
EKRU DESENLİ PAMUK/MODAL ŞAL,₺3.950
LACİVERT TRİKO CEKET,₺19.950
KIRMIZI DİK YAKA TRİKO,₺7.975
KIRMIZI EKOSE CEKET,₺12.990
KIRMIZI KAPÜŞONLU TRİKO,₺3.690
KOYU SARI ESMERALDA ŞAL,₺3.990
GRİ UZUN KOLLU GÖMLEK,₺4.490
SİYAH TRİKO CEKET,₺12.950
KAHVE DAR PAÇA PANTOLON,₺6.990
SİYAH TRİKO CEKET,₺7.990
BEJ SİMLİ TRİKO,₺2.490
BEYAZ GÖMLEK,₺2.995
BORDO PAMUK İPEK EŞARP,₺7.950
LACİVERT ŞAL DESENLİ YÜN/İPEK ŞAL,₺3.975
BEJ BERE,₺1.290
BEJ BERE,₺1.290
BEJ ELBİSE,₺9.990
AÇIK GRİ O YAKA TRİKO,₺4.490
AÇIK GRİ SİMLİ TRİKO,₺2.975
SİYAH MONOGRAM TWILL ŞAL,₺7.950
ŞAL DESENLİ PAMUK İPEK ŞAL,₺2.875
EKRU PAMUK/KETEN ŞAL,₺3.950
SİYAH TRİKO,₺8.990
BEJ ATKI,₺1.490
KOYU TURUNCU PAMUK/İPEK ŞAL,₺2.375
SİYAH MONOGRAM TWILL EŞARP,₺7.950
EKRU ATKI,₺1.490
AÇIK YEŞİL PAMUK/İPEK ŞAL,₺2.375
EKRU UZUN KOLLU GÖMLEK,₺4.990
GRİ PAMUK İPEK ŞAL,₺7.950
TARÇIN PAMUK İPEK ŞAL,₺2.875
LACİVERT JEAN PANTOLON,₺8.990
SİYAH MONT,₺26.990
LACİVERT UZUN KOLLU GÖMLEK,₺4.990
ŞAL DESENLİ TWILL İPEK EŞARP,₺4.975
SİYAH KISA KOLLU ELBİSE,₺14.533
GRİ PAYETLİ BLUZ,₺6.990
AÇIK GRİ SİMLİ TRİKO,₺2.490
YÜN İPEK ŞAL,₺7.250
AÇIK MAVİ YÜN-KAŞMİR TRİKO,₺9.975
BEJ O YAKA TRİKO,₺4.490
KOYU YEŞİL DİK YAKA TRİKO,₺3.990
BEYAZ TRİKO,₺7.990
MÜRDÜM TRİKO,₺3.690
ANTRASİT ŞAL DESENLİ YÜN/İPEK ŞAL,₺3.975
BEJ TRİKO CEKET,₺12.950
LACİVERT DAR PAÇA PANTOLON,₺12.950
ŞAL,₺2.490
EKRU DANTEL GÖMLEK,₺15.990
MÜRDÜM ELBİSE,₺11.990
LACİVERT KABAN,₺28.975
BEJ SİMLİ TRİKO,₺2.490
EKRU TRİKO ETEK,₺4.990
EKRU PAMUK İPEK ŞAL,₺7.950
MAVİ PAMUK/KETEN ŞAL,₺3.950
ŞAL,₺1.790
SİYAH ELBİSE,₺11.990
EKRU DÜZ KESİM PANTOLON,₺7.990
KAHVE DERİ PANTOLON,₺12.990
LACİVERT UZUN KOLLU GÖMLEK,₺4.990
AÇIK KAHVE PAMUK İPEK EŞARP,₺7.950
SİYAH ÇİÇEK DESENLİ TWILL FULAR,₺1.975
MAVİ BOL PAÇA JEAN PANTOLON,₺8.990
KIRMIZI ÇİZGİLİ KAŞMİR TRİKO,₺9.990
LACİVERT ÇİZGİLİ YÜN-KAŞMİR TRİKO,₺7.975
ŞAL,₺2.490
BEJ DİK YAKA TRİKO,₺4.975
KAHVE KRUVAZE ELBİSE,₺9.990
BEYAZ GÖMLEK,₺3.950
SOMON PAMUK/İPEK ŞAL,₺2.375
KOYU VİZON MONOGRAM TWILL EŞARP,₺7.950
BEJ YÜN PANTOLON,₺7.990
MAVİ JEAN PANTOLON,₺9.990
BEJ ATKI,₺1.490
GRİ KADİFE PANTOLON,₺8.990
VİZON DAR PAÇA PANTOLON,₺6.990
BEYAZ KAŞMİR-YÜN KAPÜŞONLU TRİKO,₺8.990
EKRU ŞERİTLİ PANTOLON,₺7.990
KUM MONOGRAM TWILL ŞAL,₺7.950
ANTRASİT DÜZ KESİM PANTOLON,₺7.990
BORDO ÇİZGİLİ GÖMLEK,₺7.990
GEOMETRİK DESENLİ TWILL İPEK FULAR,₺3.475
BEJ DAR PAÇA PANTOLON,₺20.950
KIRMIZI DERİ ELDİVEN,₺2.990
EKRU KAŞMİR TRİKO,₺8.990
YEŞİL DAR KESİM ELBİSE,₺9.990
MONOGRAM DESENLİ TWILL İPEK EŞARP,₺5.250
EKOSE DESENLİ TWILL İPEK EŞARP,₺3.975
SİYAH TRİKO CEKET,₺22.950
GRİ V YAKA KAŞMİR TRİKO,₺8.990
SİYAH-BEYAZ TRİKO,₺8.990
SİYAH T-SHIRT,₺5.990
KREM UZUN KOLLU GÖMLEK,₺6.990
KIRMIZI UZUN KOLLU GÖMLEK,₺8.990
BORDO UZUN KOLLU ELBİSE,₺11.990
MOR ŞAL DESENLİ KAŞMİR/İPEK ŞAL,₺7.250
TARÇIN PAMUK İPEK EŞARP,₺2.875
ÇİÇEK DESENLİ TWILL İPEK EŞARP,₺4.975
ANTRASİT STRAPLEZ TULUM,₺10.990
SİYAH DAR PAÇA PANTOLON,₺20.950
GRİ DEGRADE DERİ PANTOLON,₺12.990
BORDO DAR PAÇA PANTOLON,₺6.990
AÇIK GRİ KABAN,₺31.990
ÇOK RENKLİ İPEK BLUZ,₺11.990
LACİVERT DİK YAKA TRİKO,₺3.990
ANTRASİT JEAN PANTOLON,₺13.990
SİYAH MONT,₺19.990
GRİ İPEK GÖMLEK,₺9.990
MAVİ BLUZ,₺6.990
EKRU CEKET,₺11.990
ÇİÇEK DESENLİ TWILL İPEK EŞARP,₺4.975
ANIMAL FİGÜRLÜ TWILL İPEK FULAR,₺1.975
KOYU GRİ EKOSE TWILL EŞARP,₺3.975
KUM PAÇA DETAYLI PANTOLON,₺12.950
SİYAH BORU PAÇA PANTOLON,₺15.295
SİYAH V YAKA KISA KOLLU T-SHİRT,₺5.950
CAMEL DRAPELİ T-SHIRT,₺11.990
KIRMIZI KAŞMİR TRİKO,₺9.990
BORDO ÇİZGİLİ YÜN ŞAL,₺3.690
BORDO V YAKA TRİKO,₺4.490
ANTRASİT İPEK GÖMLEK,₺12.990
BORDO ÇİZGİLİ PANTOLON,₺8.990
KAHVE DESENLİ CEKET,₺22.950
VİZON ESMERALDA ŞAL,₺3.975
KARAMEL PAMUK İPEK ŞAL,₺2.875
KOYU VİZON MONOGRAM TWILL ŞAL,₺7.950
LACİVERT SİMLİ DAR PAÇA PANTOLON,₺9.990
GRİ ASİMETRİK EKOSE CEKET,₺12.990
ELDİVEN,₺2.990
TABA ÇİÇEKLİ DESENLİ TWILL FULAR,₺1.975
ÇOK RENKLİ DEGRADE DESENLİ PARDÖSÜ,₺13.990
KOYU GRİ UZUN KOLLU MİDİ ELBİSE,₺11.990
ANTRASİT PİLİLİ ELBİSE,₺11.990
SİYAH DESENLİ GÖMLEK,₺6.490
PUDRA İPEK GÖMLEK,₺8.990
LACİVERT PANTOLON,₺7.990
KIRMIZI ELBİSE,₺9.990
LACİVERT GEOMETRİK DESENLİ TWILL EŞARP,₺3.975
ŞAL DESENLİ YÜN İPEK ŞAL,₺3.975
ÇİÇEK DESENLİ TWILL İPEK EŞARP,₺4.975
KUM MONOGRAM TWILL EŞARP,₺7.950
ŞAL DESENLİ PAMUK İPEK ŞAL,₺2.875
ANTRASİT EKOSE ÇİZGİLİ YELEK,₺5.990
GRİ DİKİŞ DETAYLI CEKET,₺12.990
SİYAH UZUN KOLLU ELBİSE,₺25.950
SİYAH DAR PAÇA PANTOLON,₺12.950
SİYAH DERİ KEMER,₺2.990
ALTIN EŞARP YÜZÜĞÜ,₺2.500
KOYU GRİ DESENLİ ŞAL,₺3.950
BEJ YÜN-KAŞMİR TRİKO,₺8.990
EKRU PANTOLON,₺8.990
VİZON PANTOLON,₺8.990
BEJ KAŞMİR PANTOLON,₺9.990
BEYAZ T-SHIRT,₺4.990
MAVİ DESENLİ GÖMLEK,₺6.990
HAKİ V YAKA TRİKO,₺4.975
KAHVE GÖMLEK,₺8.990
SİYAH ELBİSE,₺11.990
OBJE DESENLİ TWILL İPEK EŞARP,₺3.975
KAHVE ESMERALDA ŞAL,₺3.975
EKRU ESMERALDA ŞAL,₺3.975
KOYU CAMEL PAMUK İPEK EŞARP,₺2.875
ÇİÇEK DESENLİ TWILL İPEK BANDANA,₺2.725
ÇİÇEK DESENLİ TWILL İPEK EŞARP,₺4.975
BORDO EKOSE TWILL EŞARP,₺3.975
CAMEL YÜN KABAN,₺31.990
GRİ HAKİM YAKA CEKET,₺17.990
ANTRASİT CEKET,₺12.990
GRİ KAŞMİR KABAN,₺44.990
BORDO O YAKA UZUN KOLLU BLUZ,₺9.358
BEYAZ DAR PAÇA PANTOLON,₺20.950
SİYAH DAR PAÇA PANTOLON,₺20.950
BEYAZ UZUN KOLLU GÖMLEK,₺6.990
EKRU İPEK GÖMLEK,₺8.990
AÇIK GRİ ELBİSE,₺11.990
SİYAH ETEK,₺6.990
EKRU DÜZ KESİM PANTOLON,₺8.990
ELDİVEN,₺2.990
CAMEL MONT,₺12.990
SİYAH CEKET,₺11.990
BORDO DÜZ TWILL İPEK EŞARP,₺10.500
GEOMETRİK DESENLİ TWILL İPEK EŞARP,₺3.975
LACİVERT ŞAL DESENLİ TWILL BANDANA,₺2.725
TURUNCU ŞAL DESENLİ YÜN/İPEK ŞAL,₺3.975
ANTRASİT ÇİZGİLİ PANTOLON,₺7.990
LACİVERT DİK YAKA UZUN KOLLU T-SHİRT,₺14.083
GÜMÜŞ EŞARP YÜZÜĞÜ,₺2.500
BUZ MAVİ KRUVAZE YAKA CEKET,₺32.950
BEYAZ ÇORAP,₺590
GRİ DİK YAKA KADİFE CEKET,₺19.990
GRİ KAŞMİR KAPÜŞONLU TRİKO,₺6.990
ŞAPKA,₺4.490
VİZON BOL KESİM PANTOLON,₺9.990
ANTRASİT DAR PAÇA PANTOLON,₺6.990
BEYAZ MONT,₺19.990
BEJ BORU PAÇA PANTOLON,₺7.990
EKRU DİK YAKA TRİKO,₺6.990
GRİ MONT,₺19.990
BEJ YÜN KABAN,₺34.990
LACİVERT CEKET,₺23.990
BEJ ATKI,₺1.490
CAMEL YÜN PANTOLON,₺8.990
GRİ ELBİSE,₺7.990
KAHVE DERİ ETEK,₺8.990
SİYAH ESMERALDA ŞAL,₺3.975
KOYU KAHVE ESMERALDA ŞAL,₺3.975
ÇİÇEK DESENLİ TWILL İPEK EŞARP,₺4.975
GRİ DİK YAKA CEKET,₺10.990
SİYAH ÇİZGİLİ DÜZ KESİM PANTOLON,₺7.990
KAHVE DERİ KEMER,₺2.990
KAHVE JAKARLI MODAL YÜN İPEK ŞAL,₺6.250
GRİ DAR PAÇA PANTOLON,₺20.950
LACİVERT DAR PAÇA PANTOLON,₺20.950
AÇIK MAVİ ÇORAP,₺590
GRİ KETEN PAMUK ŞAL,₺4.450
EKRU T-SHIRT,₺9.990
CAMEL DAR PAÇA PANTOLON,₺13.990
EKRU CEKET,₺12.990
GRİ TRİKO,₺8.990
HAKİ UZUN KOLLU GÖMLEK,₺6.990
AÇIK GRİ UZUN KOLLU GÖMLEK,₺6.490
AÇIK GRİ BERE,₺990
KEMER,₺8.950
LACİVERT KRUVAZE KABAN,₺12.990
MONOGRAM DESENLİ TWILL İPEK EŞARP,₺5.250
EKRU ESMERALDA ŞAL,₺3.975
GEOMETRİK DESENLİ YÜN İPEK ŞAL,₺3.975
ZÜMRÜT YEŞİLİ DÜZ TWILL İPEK EŞARP,₺3.975
BORDO ANIMAL FİGÜRLÜ TWILL FULAR,₺3.475
ANIMAL FİGÜRLÜ TWILL İPEK FULAR,₺3.475
SİYAH DERİ ELDİVEN,₺3.690
BEJ ELDİVEN,₺3.690
EKRU DESENLİ KETEN PAMUK ŞAL,₺4.450
BEJ KOLSUZ T-SHIRT,₺4.490
HAKİ SPOR PANTOLON,₺11.990
KAHVE YÜN KABAN,₺34.990
HAKİ KADİFE PANTOLON,₺9.990
LACİVERT PİLİLİ ELBİSE,₺12.990
GRİ TRİKO,₺5.990
GRİ PAYETLİ ETEK,₺7.990
GRİ BOL PAÇA PANTOLON,₺7.990
GRİ POLO YAKA TRİKO,₺4.975
HAKİ ELBİSE,₺8.990
GRİ MİDİ ETEK,₺9.990
YEŞİL BERE,₺1.290
SİYAH BERE,₺1.290
ATKI,₺1.990
EKRU BLUZ,₺6.990
SİYAH YÜN KABAN,₺23.990
EKRU ŞERİTLİ CEKET,₺7.990
SİYAH EKOSE FASONE ŞAL,₺3.975
KAZAYAĞI DESENLİ TWILL İPEK EŞARP,₺3.975
GEOMETRİK DESENLİ TWILL İPEK EŞARP,₺3.975
OBJE DESENLİ TWILL İPEK EŞARP,₺4.975
NEFTİ ESMERALDA ŞAL,₺3.975
ÇİZGİLİ DESENLİ YÜN İPEK ŞAL,₺3.975
ŞAL DESENLİ YÜN İPEK ŞAL,₺3.975
GEOMETRİK DESENLİ TWILL İPEK EŞARP,₺4.975
ŞAL DESENLİ TWILL İPEK EŞARP,₺3.975
KOYU GRİ PAMUK İPEK EŞARP,₺7.950
ÇİÇEK DESENLİ TWILL İPEK EŞARP,₺4.975
ÇİÇEK DESENLİ TWILL İPEK EŞARP,₺4.975
CAMEL ÇİÇEKLİ DESENLİ TWILL FULAR,₺1.975
EKRU CEKET,₺15.990
SİYAH YÜN KABAN,₺29.990
EKRU KADİFE MONT,₺10.990
HAKİ MİDİ ETEK,₺13.183
GRİ JAKARLI YÜN İPEK EŞARP,₺4.500
AÇIK GRİ DAR PAÇA SPOR PANTOLON,₺16.990
MAVİ KADİFE PANTOLON,₺12.990
EKRU YÜN MANTO,₺23.990
YEŞİL DAR PAÇA PANTOLON,₺6.990
BEYAZ BOL PAÇA PANTOLON,₺8.990
SİYAH O YAKA TRİKO,₺12.950
LACİVERT ŞAL DESENLİ KAŞMİR/İPEK ŞAL,₺7.250
ÇİÇEK DESENLİ TWILL İPEK EŞARP,₺3.975
ANİMAL FİGÜRLÜ YÜN İPEK EŞARP,₺3.975
GRİ ESMERALDA ŞAL,₺3.975
ŞAL DESENLİ TWILL İPEK EŞARP,₺3.975
GRİ PAMUK İPEK EŞARP,₺7.950
SİYAH ŞAL DESENLİ TWILL ŞAL,₺7.250
ÇİÇEK DESENLİ TWILL İPEK EŞARP,₺4.975
KOYU KAHVE EKOSE TWILL EŞARP,₺3.975
LACİVERT MONOGRAM TWILL EŞARP,₺7.950
ANTRASİT GEOMETRİK DESENLİ TWILL FULAR,₺3.475
ÇİÇEK DESENLİ TWILL İPEK FULAR,₺3.475
SİYAH BORU PAÇA PANTOLON,₺10.618
LACİVERT PANTOLON,₺11.068
BEJ DİK YAKA TRİKO,₺9.808
BEJ DERİ ELDİVEN,₺2.990
SİYAH DAR PAÇA PANTOLON,₺10.933
BEJ O YAKA CEKET,₺19.950
KAHVE ÇORAP,₺590
LACİVERT O YAKA TRİKO,₺17.990
BEYAZ JEAN PANTOLON,₺17.990
GRİ PİLİLİ ELBİSE,₺11.990
EKRU DAR PAÇA PANTOLON,₺12.990
MAVİ EKOSE ELBİSE,₺26.990
KAHVE BOL KESİM PANTOLON,₺8.990
VİZON ÇİZGİLİ PANTOLON,₺13.990
SİYAH TRİKO,₺12.990
SİYAH YÜN MANTO,₺34.990
ŞAL,₺1.790
KOYU KAHVE BOL PAÇA PANTOLON,₺8.990
BEJ JEAN PANTOLON,₺12.990
GRİ DESENLİ TRİKO,₺9.990
ŞEMSİYE,₺3.950
MAVİ-BEYAZ GÖMLEK,₺6.990
LACİVERT-KAHVE KABAN,₺21.990
GRİ-SİYAH DEGRADE ETEK,₺5.990
OBJE DESENLİ TWILL İPEK EŞARP,₺3.975
ŞAL DESENLİ TWILL İPEK EŞARP,₺3.975
FÜME DÜZ TWILL İPEK EŞARP,₺3.975
SİYAH PAMUK İPEK EŞARP,₺7.950
ANIMAL FİGÜRLÜ TWILL İPEK FULAR,₺1.975
LACİVERT ANIMAL FİGÜRLÜ TWILL FULAR,₺3.475
LACİVERT MONOGRAM TWILL ŞAL,₺7.950
BORDO OBJE DESENLİ TWILL BANDANA,₺2.725
ANTRASİT EKOSE CEKET,₺15.990
ÇİÇEK DESENLİ TWILL İPEK FULAR,₺3.475
LACİVERT HAKİM YAKA CEKET,₺13.975
EKRU ÇİZGİLİ DESENLİ ŞAL,₺3.450
KAHVE KETEN ŞAL,₺6.950
EKRU TRİKO CEKET,₺22.950
SİYAH-EKRU İPEK BLUZ,₺9.975
EKRU KAŞMİR DİK YAKA TRİKO,₺9.975
BORDO PANTOLON,₺21.990
GRİ-LACİVERT PİLİLİ ETEK,₺9.990
MAVİ CEKET,₺21.990
ŞAPKA,₺4.490
EKRU İPEK BLUZ,₺9.990
GRİ DAR PAÇA PANTOLON,₺12.990
EKRU DESENLİ ETEK,₺7.990
GRİ SWEATSHIRT,₺7.990
GRİ T-SHIRT,₺5.990
SİYAH TRİKO PANTOLON,₺8.990
CAMEL MANTO,₺39.990
BEYAZ UZUN KOLLU GÖMLEK,₺6.990
BEYAZ DÜZ KESİM PANTOLON,₺8.990
LACİVERT BOL PAÇA PANTOLON,₺8.990
LACİVERT EKOSE İPEK ELBİSE,₺11.990
TURKUAZ DESENLİ YÜN ŞAL,₺3.690
EKRU DİK YAKA TRİKO,₺5.990
HAKİ BOL PAÇA SPOR PANTOLON,₺8.990
EKRU UZUN KOLLU ELBİSE,₺11.990
KAHVE ÇORAP,₺590
GRİ YÜN KABAN,₺34.990
SİYAH MANTO,₺39.990
SİYAH ATKI,₺1.490
AÇIK GRİ ATKI,₺1.490
EKRU CEKET,₺11.990
SİYAH ASİMETRİK CEKET,₺10.990
SİYAH ASİMETRİK CEKET,₺12.990
SİYAH CEKET,₺12.990
PANTOLON,₺8.990
CAMEL TRİKO,₺6.990
TARÇIN PAMUK/İPEK ŞAL,₺2.375
GEOMETRİK DESENLİ TWILL İPEK EŞARP,₺3.975
GEOMETRİK DESENLİ YÜN İPEK ŞAL,₺3.975
EKOSE DESENLİ TWILL İPEK EŞARP,₺3.975
SİYAH DÜZ TWILL İPEK EŞARP,₺10.500
GEOMETRİK DESENLİ TWILL İPEK EŞARP,₺3.975
BORDO EKOSE TWILL EŞARP,₺3.975
ANTRASİT ÇİZGİLİ YÜN CEKET,₺15.990
KOYU GRİ DÜZ KESİM PANTOLON,₺7.990
SİYAH KRUVAZE YAKA CEKET,₺15.990
SİYAH DERİ KEMER,₺5.950
LACİVERT İPEK GÖMLEK,₺11.473
EKRU JEAN PANTOLON,₺8.990
EKRU DESENLİ ŞAL,₺3.450
NATÜREL CEKET,₺29.950
CEKET,₺29.950
BORDO KADİFE PANTOLON,₺8.990
TURUNCU V YAKA KAŞMİR TRİKO,₺8.990
BEYAZ T-SHIRT,₺6.490
HAKİ SWEATSHIRT,₺15.990
ÇORAP,₺2.290
BORDO KRUVAZE CEKET,₺26.990
ŞAPKA,₺2.990
KAHVE BOL KESİM PANTOLON,₺8.990
EKRU ÇİZGİLİ PANTOLON,₺12.990
LACİVERT SİMLİ KRUVAZE CEKET,₺23.990
GRİ EKOSE PANTOLON,₺12.990
GRİ PANTOLON,₺9.990
SİYAH SİMLİ ELBİSE,₺12.990
EKRU DESENLİ TRİKO,₺8.990
BEJ TRİKO,₺8.990
GRİ KAŞMİR TRİKO,₺11.990
ŞAL,₺2.990
GRİ BORU PAÇA PANTOLON,₺7.990
ANTRASİT DESENLİ İPEK GÖMLEK,₺11.990
EKRU DİK YAKA TRİKO,₺7.975
HAKİ KAPUŞONLU SWEATSHİRT,₺8.990
KIRMIZI ÇORAP,₺590
EKRU KADİFE PANTOLON,₺9.990
BEJ MONT,₺26.990
KAHVE BOL KESİM PANTOLON,₺13.990
BERE,₺1.790
GRİ KOLSUZ BLUZ,₺9.990
SİYAH-BEYAZ ELBİSE,₺9.990
SİYAH ELBİSE,₺8.990
BEYAZ UZUN KOLLU GÖMLEK,₺3.950
LACİVERT EKOSE FASONE ŞAL,₺3.975
ÇİÇEK DESENLİ TWILL İPEK EŞARP,₺3.975
GEOMETRİK DESENLİ TWILL İPEK EŞARP,₺3.975
SİYAH ESMERALDA ŞAL,₺3.975
GEOMETRİK DESENLİ TWILL İPEK EŞARP,₺4.975
KUM DÜZ TWILL İPEK EŞARP,₺3.975
VİZON PAMUK İPEK EŞARP,₺7.950
LACİVERT PAMUK İPEK EŞARP,₺7.950
AÇIK KAHVE ŞAL DESENLİ TWILL ŞAL,₺7.250
ÇİÇEK DESENLİ TWILL İPEK BANDANA,₺2.725
ANIMAL FİGÜRLÜ YÜN İPEK GAVROŞ,₺3.725
LACİVERT GEOMETRİK DESENLİ TWILL FULAR,₺3.475
GEOMETRİK DESENLİ TWILL İPEK FULAR,₺3.475
GRİ KEMERLİ PANTOLON,₺7.990
SİYAH MONT,₺10.990
ZİNCİR DESENLİ TWILL İPEK EŞARP,₺3.975
GRİ KRUVAZE YAKA UZUN KOLLU TULUM,₺9.990
YÜN İPEK ŞAL,₺7.250
EKRU CEKET,₺35.950
LACİVERT ÇORAP,₺590
LACİVERT V YAKA KAŞMİR TRİKO,₺8.990
LACİVERT TRİKO,₺8.990
ATKI,₺1.990
GRİ PANTOLON,₺13.990
ŞAPKA,₺3.690
LACİVERT EKOSE PANTOLON,₺12.990
ELDİVEN,₺3.690
GRİ SPOR PANTOLON,₺6.990
ŞAL,₺5.990
TABA CEKET,₺15.990
EKRU DİK YAKA SWEATSHİRT,₺8.990
EKRU ÇORAP,₺590
PEMBE KAŞMİR/İPEK TRİKO,₺21.990
BEJ KABAN,₺34.990
LACİVERT DAR PAÇA JEAN PANTOLON,₺19.950
BEJ KOLSUZ ELBİSE,₺9.975
YEŞİL CEKET,₺26.990
EKRU O YAKA TRİKO,₺21.990
SİYAH CEKET,₺21.990
GRİ O YAKA TRİKO,₺14.990
EKRU ETEK,₺7.990
PANTOLON,₺7.990
ELDİVEN,₺2.990
GRİ EKOSE FASONE ŞAL,₺3.975
GÜL KURUSU VUAL İPEK ŞAL,₺4.975
SİYAH GEOMETRİK DESENLİ TWILL EŞARP,₺3.975
KAZAYAĞI DESENLİ TWILL İPEK EŞARP,₺3.975
BURÇLU DESENLİ YÜN İPEK ŞAL,₺3.975
ANIMAL FİGÜRLÜ TWILL İPEK EŞARP,₺4.975
ŞAL DESENLİ TWILL İPEK EŞARP,₺3.975
ŞAL DESENLİ TWILL İPEK ŞAL,₺7.250
ANIMAL FİGÜRLÜ YÜN İPEK ŞAL,₺6.250
ÇİÇEK DESENLİ TWILL İPEK EŞARP,₺4.975
ÇİÇEK DESENLİ TWILL İPEK EŞARP,₺4.975
ÇİÇEK DESENLİ TWILL İPEK EŞARP,₺4.975
BORDO ÇİÇEK DESENLİ TWILL FULAR,₺3.475
EKRU YÜN KABAN,₺29.990
KAHVE ASİMETRİK GÖMLEK,₺7.990
HAKİ BORU PAÇA PANTOLON,₺10.618
EKRU O YAKA TRİKO,₺12.283
MOR JAKARLI MODAL YÜN İPEK ŞAL,₺6.250
SİYAH V YAKA KOLSUZ BLUZ,₺9.133
KOYU LACİVERT DAR PAÇA PANTOLON,₺17.950
PUDRA CEKET,₺39.950
AÇIK GRİ ÇORAP,₺590
BEYAZ ÇORAP,₺590
MAVİ DAR KESİM JEAN PANTOLON,₺17.990
MAVİ ÖRGÜ TRİKO,₺8.990
GRİ DİK YAKA BLUZ,₺8.990
ŞAL,₺2.990
BEJ ÇİZGİLİ KAŞMİR ŞAL,₺5.990
KOYU GRİ CEKET,₺19.990
ANTRASİT UZUN KOLLU GÖMLEK,₺8.990
YEŞİL PANTOLON,₺17.990
LACİVERT MONT,₺19.990
ANTRASİT BOL PAÇA PANTOLON,₺14.990
SİYAH UZUN KOLLU ELBİSE,₺15.990
GRİ KISA KOLLU ELBİSE,₺29.990
ŞEMSİYE,₺3.950
ÇORAP,₺590
SİYAH PANTOLON,₺7.990
ELDİVEN,₺2.990
ANTRASİT TRİKO PANTOLON,₺3.990
AÇIK MAVİ ETNİK DESENLİ TWILL EŞARP,₺9.950
TURKUAZ ETNİK DESENLİ TWILL EŞARP,₺9.950
BURÇLU DESENLİ YÜN İPEK ŞAL,₺3.975
ÇİÇEK DESENLİ YÜN İPEK ŞAL,₺3.975
GEOMETRİK DESENLİ YÜN İPEK EŞARP,₺3.975
CAMEL ESMERALDA ŞAL,₺3.975
GEOMETRİK DESENLİ YÜN İPEK ŞAL,₺3.975
ÇİZGİLİ DESENLİ YÜN İPEK ŞAL,₺3.975
OBJE DESENLİ TWILL İPEK EŞARP,₺4.975
OBJE DESENLİ TWILL İPEK EŞARP,₺4.975
EKRU DÜZ TWILL İPEK EŞARP,₺10.500
GEOMETRİK DESENLİ TWILL İPEK FULAR,₺1.975
OBJE DESENLİ TWILL İPEK FULAR,₺1.975
BORDO EKOSE TWILL EŞARP,₺3.975
LACİVERT EKOSE TWILL EŞARP,₺3.975
YEŞİL OBJE DESENLİ YÜN/İPEK GAVROŞ,₺3.725
ÇOK RENKLİ KAPUŞONLU YELEK,₺14.990
ANTRASİT GEOMETRİK DESENLİ PAMUK/İPEK ŞAL,₺2.875
ANTRASİT DESENLİ DAR PAÇA PANTOLON,₺7.990
SİYAH BALIKSIRTI MİNİ ETEK,₺6.490
GEOMETRİK DESENLİ YÜN İPEK ŞAL,₺6.250
GEOMETRİK DESENLİ TWILL İPEK EŞARP,₺3.975
CAMEL DAR PAÇA PANTOLON,₺20.950
ŞAL,₺24.500
SİYAH DERİ KEMER,₺4.950
SİYAH JAKARLI MODAL YÜN İPEK ŞAL,₺19.500
SİYAH ELDİVEN,₺3.690
LACİVERT ASİMETRİK ETEK,₺18.583
BEYAZ O YAKA KISA KOLLU T-SHIRT,₺7.468
BEYAZ BOL PAÇA PANTOLON,₺10.933
MAVİ TAŞ KOLYE,₺8.450
DORE CEKET,₺32.950
MAVİ ÇORAP,₺590
CEKET,₺22.950
GRİ-EKRU TRİKO,₺8.990
EKRU-GRİ TRİKO,₺7.990
CAMEL TRİKO,₺24.990
ŞAPKA,₺4.490
CAMEL EKOSE ELBİSE,₺21.990
SİYAH-KAHVE DESENLİ ELBİSE,₺23.990
KAHVE DİK YAKA TRİKO,₺12.990
EKRU TRİKO,₺11.990
CAMEL TRİKO,₺8.990
SİYAH ETEK,₺7.990
BERE,₺2.990
GRİ TRİKO,₺6.990
BEJ PANÇO,₺8.990
BEJ MANTO,₺44.990
EKRU EKO KÜRK KABAN,₺31.990
CAMEL YÜN/KAŞMİR ŞAL,₺10.990
HAKİ ÇORAP,₺590
ANTRASİT PANTOLON,₺9.990
BERE,₺1.790
BEJ TRİKO,₺6.990
ELDİVEN,₺2.990
İPEK TWILL EŞARP (FAHRELNİSSA ZEİD – TRITON AHTAPOTU),₺9.950
PETROL GEOMETRİK DESENLİ TWILL EŞARP,₺9.950
ÇİÇEK DESENLİ TWILL İPEK EŞARP,₺3.975
OBJE DESENLİ TWILL İPEK EŞARP,₺4.975
ÇİZGİLİ DESENLİ YÜN İPEK ŞAL,₺3.975
KAHVE DÜZ TWILL İPEK EŞARP,₺10.500
OBJE DESENLİ KAŞMİR İPEK ŞAL,₺19.500
ÇİÇEK DESENLİ TWILL İPEK BANDANA,₺2.725
ANIMAL FİGÜRLÜ TWILL İPEK FULAR,₺1.975
ANIMAL FİGÜRLÜ TWILL İPEK FULAR,₺1.975
SİYAH ÇİÇEK DESENLİ TWILL EŞARP,₺4.975
BORDO ÇİÇEK DESENLİ TWILL EŞARP,₺4.975
MAVİ OBJE DESENLİ TWILL BANDANA,₺2.725
ÇİÇEK DESENLİ TWILL İPEK FULAR,₺3.475
ÇİÇEK DESENLİ TWILL İPEK FULAR,₺3.475
SİYAH KIRLANGIÇ YAKA CEKET,₺15.990
ÇİÇEK DESENLİ TWILL İPEK FULAR,₺3.475
KOYU YEŞİL UZUN KOLLU BLUZ,₺10.990
ŞAL,₺7.250
LACİVERT DAR PAÇA PANTOLON,₺20.950
GRİ DAR PAÇA PANTOLON,₺12.950
LACİVERT DİK YAKA TRİKO,₺11.608
BEYAZ UZUN KOLLU GÖMLEK,₺11.158
LACİVERT DAR PAÇA JEAN PANTOLON,₺17.950
GRİ TRUVAKAR GÖMLEK,₺10.933
EKRU CEKET,₺35.950
KREM DAR PAÇA PANTOLON,₺20.950
EKRU DAR PAÇA PANTOLON,₺17.950
EKRU PAYETLİ TRİKO,₺12.990
BEJ KABAN,₺31.990
LACİVERT MONT,₺34.990
LACİVERT JEAN PANTOLON,₺12.990
EKRU ÇİÇEK DESENLI TWILL EŞARP,₺7.475
GRİ KABAN,₺29.990
EKRU PAYETLİ TRİKO,₺21.990
EKRU DRAPELİ BLUZ,₺17.990
ŞAPKA,₺2.490
SİYAH DÜZ KESİM PANTOLON,₺9.990
ELDİVEN,₺3.990
EKRU ÖRME ELBİSE,₺17.990
SİYAH KABAN,₺23.990
SİYAH MONT,₺31.990
EKRU V YAKA TRİKO,₺9.950
SİYAH O YAKA TRİKO,₺12.950
SİYAH YÜN/KAŞMİR ŞAL,₺10.990
GRİ YÜN/KAŞMİR ŞAL,₺10.990
AÇIK GRİ DİK YAKA TRİKO,₺8.990
LACİVERT ÇORAP,₺590
KAHVE PANTOLON,₺8.990
KAHVE ETEK,₺12.990
GRİ MANTO,₺39.990
EKRU-BEJ YÜN TRİKO,₺19.990
EKRU BOL PAÇA PANTOLON,₺12.990
BEJ TRİKO,₺14.990
SİYAH BLUZ,₺8.990
AÇIK GRİ DAR KESİM BLUZ,₺6.990
YELEK,₺10.990
LACİVERT-EKRU CEKET,₺10.990
CEKET,₺12.990
MAVİ ETEK,₺9.975
EKRU KISA ETEK,₺6.990
BORDO KABAN,₺23.990
ÇOK RENKLİ EKOSE CEKET,₺15.475
KABAN,₺21.990
SİYAH PANÇO,₺11.990
KIRMIZI GEOMETRİK DESENLİ TWILL EŞARP,₺9.950
KOYU KIRMIZI EKOSE FASONE ŞAL,₺3.975
KAZAYAĞI DESENLİ TWILL İPEK EŞARP,₺3.975
KAZAYAĞI DESENLİ TWILL İPEK EŞARP,₺3.975
GEOMETRİK DESENLİ TWILL İPEK EŞARP,₺4.975
OBJE DESENLİ TWILL İPEK EŞARP,₺4.975
ŞAL DESENLİ TWILL İPEK EŞARP,₺4.975
GEOMETRİK DESENLİ FASONE EŞARP,₺3.975
LACİVERT ESMERALDA ŞAL,₺3.975
SİYAH ESMERALDA ŞAL,₺4.975
SİYAH DÜZ TWILL İPEK ŞAL,₺10.500
GEOMETRİK DESENLİ TWILL İPEK EŞARP,₺3.975
ÇİÇEK DESENLİ TWILL İPEK EŞARP,₺4.975
ÇİÇEK DESENLİ TWILL İPEK EŞARP,₺4.975
LACİVERT GEOMETRİK DESENLİ TWILL FULAR,₺3.475
KAHVE ÇİÇEK DESENLİ TWILL FULAR,₺1.975
HAKİ İPEK BLUZ,₺9.990
ÇİZGİLİ DESENLİ TWILL İPEK EŞARP,₺3.975
GEOMETRİK DESENLİ TWILL İPEK EŞARP,₺3.975
İNDİGO CEKET,₺12.990
İSME ÖZEL İPEK TWILL GAVROŞ,₺14.500
EŞARP,₺6.250
SİYAH O YAKA TRİKO,₺8.683
HAKİ DİK YAKA TRİKO,₺11.833
ANTRASİT O YAKA TRİKO,₺12.283
MAVİ UZUN KOLLU GÖMLEK,₺11.158
GRİ O YAKA TRİKO,₺10.258
KAHVE KRUVAZE CEKET,₺45.950
SİYAH DAR PAÇA PANTOLON,₺17.950
EKRU CEKET,₺49.950
SARI ŞAL,₺9.950
KÜPE,₺9.450
MAVİ KAŞMİR TRİKO,₺11.990
ÇOK RENKLİ CEKET,₺29.950
BORDO KADİFE CEKET,₺23.990
KAHVE ÇİZGİLİ PANTOLON,₺12.975
BEJ O YAKA TRİKO,₺23.990
SU YEŞİLİ OBJE DESENLİ TWILL EŞARP,₺7.475
BORDO CEKET,₺21.990
EKRU V YAKA TRİKO,₺8.990
BEYAZ DİK YAKA T-SHIRT,₺11.990
BEJ DİK YAKA TRİKO,₺14.990
VİZON GÖMLEK,₺8.990
EKO KÜRK YELEK,₺39.990
GRİ PAYETLİ TRİKO,₺12.990
BEYAZ DÜZ KESİM PANTOLON,₺11.990
EKRU ELBİSE,₺12.990
EKRU KRUVAZE YAKA CEKET,₺19.990
EKRU YÜN MANTO,₺39.990
SİYAH YÜN MANTO,₺39.990
GRİ DİK YAKA TRİKO,₺4.975
EKRU ÇORAP,₺590
BEJ PANTOLON,₺13.990
GRİ BOL PAÇA PANTOLON,₺13.990
PEMBE BORU PAÇA PANTOLON,₺19.990
KAHVE YÜN KABAN,₺34.990
LACİVERT JEAN PANTOLON,₺8.990
CAMEL MONT,₺29.990
YEŞİL UZUN KOLLU GÖMLEK,₺12.990
ŞAL,₺5.990
KAHVE GÖMLEK,₺9.975
GÖMLEK,₺8.990
İPEK GÖMLEK,₺9.990
KAHVE DÜZ KESİM PANTOLON,₺10.475
ELBİSE,₺12.975
PANTOLON,₺9.990
İPEK TWILL EŞARP (ADNAN ÇOKER – RETROSPEKTIF II),₺9.950
İPEK TWILL EŞARP (NEVİN ALADAĞ – PARILDAYAN RENKLER),₺9.950
GEOMETRİK DESENLİ İPEK EŞARP(BURHAN DOĞANÇAY),₺12.500
EŞARP,₺9.950
KIRMIZI ÇİÇEK DESENLİ TWILL EŞARP,₺9.950
KIRMIZI ÇİÇEK DESENLİ TWİLL EŞARP,₺9.950
KAHVE GEOMETRİK DESENLİ TWILL EŞARP,₺9.950
VİZON EKOSE FASONE ŞAL,₺3.975
GRİ VUAL İPEK ŞAL,₺4.975
OBJE DESENLİ TWILL İPEK EŞARP,₺4.975
KAZAYAĞI DESENLİ TWILL İPEK EŞARP,₺3.975
ŞAL DESENLİ KAŞMİR İPEK EŞARP,₺6.250
GEOMETRİK DESENLİ YÜN İPEK EŞARP,₺3.975
ŞAL DESENLİ TWILL İPEK EŞARP,₺4.975
ŞAL DESENLİ TWILL İPEK EŞARP,₺4.975
GEOMETRİK DESENLİ TWILL İPEK EŞARP,₺4.975
GEOMETRİK DESENLİ TWILL İPEK EŞARP,₺4.975
ANIMAL FİGÜRLÜ TWILL İPEK EŞARP,₺4.975
OBJE DESENLİ TWILL İPEK EŞARP,₺4.975
BORDO DÜZ TWILL İPEK ŞAL,₺10.500
AÇIK KAHVE TWILL GAVROŞ,₺3.725
CAMEL TWILL GAVROŞ,₺3.725
ÇİÇEK DESENLİ TWILL İPEK EŞARP,₺4.975
KAHVE EKOSE TWILL EŞARP,₺3.975
YEŞİL ANIMAL FİGÜRLÜ TWILL FULAR,₺3.475
KAHVE ANIMAL FİGÜRLÜ TWILL FULAR,₺3.475
SİYAH ŞAL DESENLİ TWILL FULAR,₺3.475
EKRU ÇİÇEK DESENLİ TWILL EŞARP,₺4.975
GEOMETRİK DESENLİ TWILL İPEK FULAR,₺3.475
GEOMETRİK DESENLİ YÜN İPEK ŞAL,₺6.250
ANTRASİT KRUVAZE YAKA CEKET,₺12.990
YÜN İPEK ŞAL,₺7.250
YÜN İPEK ŞAL,₺7.250
YÜN İPEK ŞAL,₺7.250
ŞAL,₺24.500
TABA DERİ KEMER,₺5.950
KOYU GRİ KOLSUZ GÖMLEK,₺8.683
EKRU PANTOLON,₺16.558
BEJ DERİ KEMER,₺8.995
SİYAH ELDİVEN,₺3.990
ANTRASİT BOL PAÇA PANTOLON,₺19.258
EKRU JEAN GÖMLEK,₺9.990
EKRU BOL PAÇA PANTOLON,₺11.990
TURKUAZ TAŞ KOLYE,₺9.450
BEJ ÇORAP,₺590
KAHVE KETEN İPEK ŞAL,₺6.950
GRİ POLO YAKA TRİKO,₺9.990
EKRU TRİKO CEKET,₺22.950
LİLA KAŞMİR/İPEK TRİKO,₺15.990
EKRU TRİKO,₺12.990
BORDO YÜN MANTO,₺34.990
SİYAH KOLSUZ BLUZ,₺6.990
BEJ-SİYAH ETEK,₺11.990
EKRU BOL KESİM PANTOLON,₺16.990
BEJ KAŞMİR-İPEK TRİKO,₺11.990
BEJ DRAPELİ ELBİSE,₺24.990
KAHVE MONT,₺29.990
EKRU EKO KÜRK KABAN,₺39.990
VİZON TRİKO,₺11.990
LİLA KARGO PANTOLON,₺11.990
LACİVERT GÖMLEK,₺14.990
HAKİ KADİFE CEKET,₺19.990
MAVİ KADİFE GÖMLEK,₺14.990
BEYAZ GÖMLEK,₺17.970
EKRU-GRİ TRİKO,₺9.975
ELDİVEN,₺3.690
ELDİVEN,₺3.690
ELDİVEN,₺3.690
SİYAH MİDİ ELBİSE,₺11.990
BEJ TRİKO,₺15.950
KOYU GRİ V YAKA TRİKO,₺12.950
EKRU EKO KÜRK KABAN,₺29.990
EKRU TRİKO,₺44.990
EKRU YAKA DETAYLI TRİKO,₺19.990
ANTRASİT O YAKA TRİKO,₺19.990
KIRMIZI O YAKA TRİKO,₺17.990
LACİVERT JEAN PANTOLON,₺9.990
LACİVERT DESENLİ PANTOLON,₺11.990
SİYAH YÜN KABAN,₺31.990
EKRU O YAKA KISA KOLLU T-SHİRT,₺11.990
BEJ O YAKA TRİKO,₺17.990
EKRU SPOR PANTOLON,₺21.990
EKRU DEKOLTELİ KOLSUZ BLUZ,₺8.990
LACİVERT JEAN ETEK,₺12.990
ŞAL,₺5.990
BİLEZİK,₺12.950
ANTRASİT DESENLİ TRİKO,₺11.990
SİYAH YELEK,₺8.990
EKRU PİLELİ ETEK,₺9.975
ETAMİN VUAL ŞAL SELMA GÜRBÜZ-İSTANBUL MODERN İŞBİRLİĞİ,₺9.950
GEOMETRİK DESENLİ İPEK EŞARP(BURHAN DOĞANÇAY),₺12.500
GEOMETRİK DESENLİ ŞAL(FÜREYA KORAL),₺12.500
BORDO KADİFE ŞAL,₺7.250
KAZAYAĞI DESENLİ TWILL İPEK EŞARP,₺3.975
ANIMAL FİGÜRLÜ TWILL İPEK EŞARP,₺4.975
GEOMETRİK DESENLİ YÜN İPEK EŞARP,₺3.975
GEOMETRİK DESENLİ TWILL İPEK EŞARP,₺3.975
OBJE DESENLİ TWILL İPEK EŞARP,₺4.975
KAHVE ESMERALDA ŞAL,₺4.975
ŞAL DESENLİ TWILL İPEK EŞARP,₺3.975
OBJE DESENLİ TWILL İPEK EŞARP,₺4.975
FÜME DÜZ TWILL İPEK ŞAL,₺4.975
GEOMETRİK DESENLİ TWILL İPEK EŞARP,₺3.975
İSME ÖZEL KIRMIZI OBJE DESENLİ TWILL GAVROŞ,₺14.500
OBJE DESENLİ KAŞMİR İPEK ŞAL,₺19.500
TURUNCU PAMUK İPEK ŞAL,₺2.875
ÇİÇEK DESENLİ TWILL İPEK GAVROŞ,₺3.725
GEOMETRİK DESENLİ TWILL İPEK BANDANA,₺2.725
ŞAL DESENLİ TWILL İPEK GAVROŞ,₺3.725
GEOMETRİK DESENLİ TWILL İPEK FULAR,₺1.975
ŞAL DESENLİ TWILL İPEK EŞARP,₺4.975
ÇİÇEK DESENLİ TWILL İPEK EŞARP,₺4.975
ÇİÇEK DESENLİ TWILL İPEK EŞARP,₺4.975
YEŞİL GEOMETRİK DESENLİ YÜN/İPEK ŞAL,₺3.975
TARÇIN EKOSE TWILL EŞARP,₺3.975
LACİVERT ÇİÇEK DESENLİ TWILL FULAR,₺3.475
BORDO OBJE DESENLİ YÜN/İPEK GAVROŞ,₺3.725
YEŞİL GEOMETRİK DESENLİ TWILL FULAR,₺3.475
OBJE DESENLİ TWILL İPEK GAVROŞ,₺3.725
LACİVERT MİDİ ETEK,₺8.990
PETROL OBJE DESENLİ TWİLL İPEK EŞARP,₺4.975
ŞAL,₺7.250
EŞARP,₺6.250
SİYAH DAR PAÇA PANTOLON,₺20.950
HAKİ O YAKA UZUN KOLLU BLUZ,₺12.508
LACİVERT KRUVAZE YELEK,₺18.583
KOYU GRİ MİDİ ETEK,₺11.608
GRİ DERİ KEMER,₺2.990
KÜPE,₺5.995
KAHVE JAKARLI KAŞMİR ŞAL,₺24.500
SİYAH JAKARLI MODAL/YÜN/İPEK ŞAL,₺24.500
KÜPE,₺5.950
BEYAZ ÇORAP,₺990
SİYAH DAR PAÇA PANTOLON,₺20.950
GÜMÜŞ EŞARP YÜZÜĞÜ,₺2.500
ALTIN EŞARP YÜZÜĞÜ,₺2.500
BEYAZ TRUVAKAR GÖMLEK,₺5.475
LACİVERT ÇORAP,₺590
KOYU MAVİ CEKET,₺49.950
KAHVE BİLEKLİK,₺11.950
MAVİ ÇORAP,₺590
SİYAH DERİ KEMER,₺16.950
BEYAZ DANTEL DETAYLI GÖMLEK,₺44.990
MOR GEOMETRİK DESENLİ TWILL EŞARP,₺7.475
KIRMIZI ÇİÇEK DESENLI TWILL EŞARP,₺7.475
HAKİ KADİFE GÖMLEK,₺11.990
JEAN PANTOLON,₺19.950
MAVİ BLUZ,₺9.990
BEJ PİLELİ ETEK,₺11.475
GRİ İPEK BLUZ,₺11.990
ATKI,₺1.990
SİYAH ETEK,₺7.990
BEJ DESENLİ PANTOLON,₺19.990
BEJ-SİYAH CEKET,₺24.990
BEJ MİDİ ELBİSE,₺24.990
GRİ MİDİ ELBİSE,₺16.990
ŞAPKA,₺4.490
BEYAZ YELEK,₺21.990
EKRU MONT,₺34.990
SİYAH CEKET,₺15.990
KAHVE CEKET,₺17.990
KAHVE ETEK,₺11.990
VİZON TRİKO,₺12.990
GRİ CEKET,₺24.990
HAKİ İPEK BLUZ,₺8.990
BEJ TRİKO PANTOLON,₺8.990
HAKİ ELBİSE,₺12.975
EKRU ÇİZGİLİ TRİKO,₺8.990
EKRU MONT,₺19.990
EKRU ASİMETRİK TRİKO,₺19.990
GRİ KAŞMİR MANTO,₺44.990
ATKI,₺5.990
KAHVE KRUVAZE YAKA CEKET,₺17.990
KOYU KAHVE BORU PAÇA PANTOLON,₺7.990
KAHVE DESENLİ İPEK ELBİSE,₺12.990
HAKİ UZUN KOLLU ELBİSE,₺26.990
LACİVERT O YAKA TRİKO,₺19.950
AÇIK GRİ V YAKA TRİKO,₺9.950
EKRU O YAKA TRİKO,₺5.990
SİYAH KAYIK YAKA UZUN KOLLU BLUZ,₺11.990
PEMBE ETEK,₺17.990
ANTRASİT ÇİZGİLİ CEKET,₺21.990
KAHVE İPEK BLUZ,₺11.990
EKRU BOL PAÇA PANTOLON,₺23.990
KAHVE SÜVETER,₺9.990
SİYAH ELBİSE,₺9.990
EKRU CEKET,₺12.990
KAHVE ASİMETRİK CEKET,₺12.990
PETROL ETNİK DESENLİ TWİLL EŞARP,₺9.950
EKRU ETNİK DESENLİ TWILL EŞARP,₺9.950
PETROL ETNİK DESENLİ TWİLL EŞARP,₺9.950
PETROL ETNİK DESENLİ TWİLL EŞARP,₺9.950
AÇIK YEŞİL VUAL İPEK ŞAL,₺4.975
ŞAL DESENLİ KAŞMİR İPEK EŞARP,₺6.250
GEOMETRİK DESENLİ TWILL İPEK EŞARP,₺3.975
ANIMAL FİGÜRLÜ TWILL İPEK EŞARP,₺4.975
OBJE DESENLİ TWILL İPEK EŞARP,₺4.975
ŞAL DESENLİ KAŞMİR İPEK ŞAL,₺7.250
ŞAL DESENLİ TWILL İPEK ŞAL,₺7.250
VİZON ESMERALDA ŞAL,₺4.975
ÇİZGİLİ DESENLİ KAŞMİR İPEK ŞAL,₺7.250
OBJE DESENLİ TWILL İPEK EŞARP,₺4.975
EKOSE DESENLİ TWILL İPEK EŞARP,₺3.975
AÇIK KAHVE DÜZ TWILL İPEK EŞARP,₺10.500
VİZON DÜZ TWILL İPEK EŞARP,₺10.500
ZÜMRÜT YEŞİLİ DÜZ TWILL İPEK ŞAL,₺4.975
GEOMETRİK DESENLİ TWILL İPEK EŞARP,₺3.975
ANTRASİT ŞAL DESENLİ KAŞMİR/İPEK ŞAL,₺7.250
ŞAL DESENLİ İPEK KAŞMİR EŞARP,₺6.250
ŞAL DESENLİ KAŞMİR İPEK EŞARP,₺6.250
ANİMAL FİGÜRLÜ TWILL İPEK ŞAL,₺7.250
GEOMETRİK DESENLİ TWILL İPEK BANDANA,₺2.725
ANIMAL FİGÜRLÜ TWILL İPEK GAVROŞ,₺3.725
ANIMAL FİGÜRLÜ TWILL İPEK GAVROŞ,₺3.725
ÇİÇEK DESENLİ TWILL İPEK EŞARP,₺4.975
ÇİÇEK DESENLİ TWILL İPEK EŞARP,₺4.975
ÇİÇEK DESENLİ TWILL İPEK EŞARP,₺4.975
ÇİÇEK DESENLİ TWILL İPEK EŞARP,₺4.975
ANIMAL FİGÜRLÜ TWILL İPEK FULAR,₺1.975
ANIMAL FİGÜRLÜ TWILL İPEK FULAR,₺1.975
KAHVE GEOMETRİK DESENLİ TWILL FULAR,₺3.475
FUŞYA GEOMETRİK DESENLİ TWILL FULAR,₺3.475
LACİVERT ÇİÇEK DESENLİ TWILL EŞARP,₺4.975
GÜMÜŞ OBJE DESENLİ TWILL BANDANA,₺2.725
LACİVERT-KAHVE DEGRADE ETEK,₺8.990
ANIMAL FİGÜRLÜ TWILL İPEK FULAR,₺3.475
GEOMETRİK DESENLİ TWILL İPEK FULAR,₺3.475
MAVİ LİYOSEL BERMUDA,₺12.950
İSME ÖZEL İPEK TWILL GAVROŞ,₺14.500
İSME ÖZEL İPEK TWILL GAVROŞ,₺14.500
YÜN İPEK ŞAL,₺7.250
YÜN İPEK ŞAL,₺7.250
ŞAL,₺7.250
MODAL YÜN İPEK ŞAL,₺6.250
SİYAH DAR PAÇA PANTOLON,₺17.950
TURKUAZ BAĞLAMALI ŞAPKA,₺7.095
LACİVERT O YAKA TRUVAKAR BLUZ,₺13.633
BEJ JAKARLI MODAL YÜN İPEK ŞAL,₺19.500
ALTIN KOLYE,₺12.795
VİZON JAKARLI MODAL/YÜN/İPEK ŞAL,₺19.500
SİYAH KOLSUZ ELBİSE,₺16.783
KÜPE,₺8.950
BEJ CEKET,₺29.950
PEMBE TAŞ KOLYE,₺7.095
GRİ TAŞ KOLYE,₺7.595
SARI ÇORAP,₺590
EKRU DESENLİ ŞAL,₺4.450
PEMBE ŞAPKA,₺9.450
SİYAH JAKARLI KREPDÖŞİN EŞARP,₺6.250
BEYAZ KOLSUZ T-SHIRT,₺4.490
SİYAH KOLSUZ BLUZ,₺5.990
GRİ CEKET,₺29.990
ÇORAP,₺1.990
BEJ V YAKA TRİKO,₺9.990
GRİ SPOR PANTOLON,₺19.990
AÇIK GRİ O YAKA UZUN KOLLU T-SHİRT,₺11.990
BEJ PLİSELİ ETEK,₺24.990
TURUNCU OBJE DESENLİ TWILL EŞARP,₺7.475
EKRU-HAKİ PİLİLİ ETEK,₺9.990
KOYU LACİVERT ETEK,₺9.990
KEMER,₺7.450
GRİ CEKET,₺29.990
HAKİ DAR PAÇA PANTOLON,₺13.990
KEMER,₺16.950
ŞAPKA,₺3.990
GRİ MONT,₺29.990
EKO KÜRK KABAN,₺39.990
EKRU JEAN PANTOLON,₺9.990
BEJ PANTOLON,₺11.990
EKRU ÇİZGİLİ GÖMLEK,₺11.990
ELDİVEN,₺3.690
BEJ PÜSKÜLLÜ TRİKO,₺19.990
SİYAH TRİKO,₺15.950
KEMER,₺4.950
KEMER,₺2.990
EKRU YELEK,₺15.990
BEJ MONT,₺19.990
BORDO KAZ TÜYÜ MONT,₺21.990
BORDO MONT,₺23.990
ANTRASİT DESENLİ ELBİSE,₺9.990
KAHVE DESENLİ GÖMLEK,₺8.990
EKRU ÇİZGİLİ KAŞMİR ŞAL,₺5.990
EKRU O YAKA TRİKO,₺19.950
PUDRA EKO KÜRK KABAN,₺39.990
HAKİ UZUN KOLLU ELBİSE,₺11.990
BEJ ETEK,₺19.990
HAKİ PANTOLON,₺9.990
KOYU GRİ O YAKA UZUN KOLLU BLUZ,₺6.990
EKRU MONT,₺34.990
KREM ÇİZGİLİ GÖMLEK,₺12.990
EKRU PANTOLON,₺17.990
EKRU KOLSUZ ELBİSE,₺21.990
LACİVERT JEAN GÖMLEK,₺21.990
DORE KOLYE,₺12.950
KÜPE,₺7.950
ZÜMRÜT İPEK ELBİSE,₺58.975
ÇORAP,₺590
EKRU BERE,₺1.290
BLUZ,₺11.990
BEYAZ ELBİSE,₺9.990
AÇIK GRİ BOL PAÇA PANTOLON,₺7.990
GRİ SPOR PANTOLON,₺11.950
İPEK ETAMİN VUAL ŞAL (BURHAN UYGUR – KAPI),₺9.950
BEJ ETNİK DESENLİ TWİLL EŞARP,₺9.950
KIRMIZI ÇİÇEK DESENLİ TWILL EŞARP,₺9.950
KIRMIZI ETNİK DESENLİ TWİLL EŞARP,₺9.950
CAMEL ETNİK DESENLİ TWILL EŞARP,₺9.950
TURKUAZ ÇİÇEK DESENLİ TWİLL EŞARP,₺9.950
OBJE DESENLİ TWILL İPEK EŞARP,₺4.975
GEOMETRİK DESENLİ TWILL İPEK EŞARP,₺3.975
GEOMETRİK DESENLİ TWILL İPEK EŞARP,₺3.975
GEOMETRİK DESENLİ İPEK VUAL ŞAL,₺4.975
GEOMETRİK DESENLİ TWILL İPEK EŞARP,₺3.975
GEOMETRİK DESENLİ TWILL İPEK EŞARP,₺3.975
ŞAL DESENLİ TWILL İPEK EŞARP,₺3.975
ŞAL DESENLİ TWILL İPEK EŞARP,₺4.975
ŞAL DESENLİ KAŞMİR İPEK ŞAL,₺7.250
OBJE DESENLİ TWILL İPEK EŞARP,₺4.975
EKRU ESMERALDA ŞAL,₺4.975
BORDO ESMERALDA ŞAL,₺4.975
GEOMETRİK DESENLİ TWILL İPEK EŞARP,₺4.975
OBJE DESENLİ TWILL İPEK EŞARP,₺4.975
LACİVERT DÜZ TWILL İPEK EŞARP,₺10.500
GEOMETRİK DESENLİ TWILL İPEK EŞARP,₺3.975
İSME ÖZEL KIRMIZI OBJE DESENLİ TWILL GAVROŞ,₺14.500
TABA ŞAL DESENLİ TWILL BANDANA,₺2.725
ANIMAL FİGÜRLÜ TWILL İPEK GAVROŞ,₺3.725
ANIMAL FİGÜRLÜ YÜN İPEK GAVROŞ,₺3.725
ÇİÇEK DESENLİ TWILL İPEK EŞARP,₺4.975
ÇİÇEK DESENLİ TWILL İPEK EŞARP,₺4.975
AÇIK KAHVE GEOMETRİK DESENLİ YÜN/İPEK ŞAL,₺3.975
ANTRASİT ŞAL DESENLİ TWILL FULAR,₺3.475
CAMEL OBJE DESENLİ YÜN/İPEK GAVROŞ,₺3.725
FÜME ÇİÇEK DESENLİ TWILL EŞARP,₺4.975
KIRMIZI OBJE DESENLİ TWILL BANDANA,₺2.725
LACİVERT GEOMETRİK DESENLİ TWILL GAVROŞ,₺3.725
BORDO GEOMETRİK DESENLİ TWILL GAVROŞ,₺3.725
KOYU MAVİ GEOMETRİK DESENLİ PAMUK/İPEK ŞAL,₺2.875
OBJE DESENLİ TWILL İPEK GAVROŞ,₺3.725
OBJE DESENLİ TWILL İPEK EŞARP,₺4.975
İSME ÖZEL İPEK TWILL EŞARP,₺19.500
İSME ÖZEL İPEK TWILL EŞARP,₺19.500
ANTRASİT KOLSUZ ELBİSE,₺8.990
DÜZ MODAL YÜN İPEK ŞAL,₺6.250
ŞAL,₺7.250
MODAL YÜN İPEK ŞAL,₺6.250
ŞAL,₺24.500
MODAL İPEK ŞAL,₺24.500
DESENLİ İPEK PANTOLON,₺18.583
SİYAH ETEK,₺13.768
KOYU GRİ O YAKA TRİKO,₺13.183
BEYAZ KOLSUZ TRİKO,₺18.133
YEŞİL JAKARLI MODAL YÜN İPEK ŞAL,₺6.250
BEJ JAKARLI MODAL YÜN İPEK ŞAL,₺19.500
SİYAH O YAKA UZUN KOLLU BLUZ,₺11.158
SİYAH BORU PAÇA PANTOLON,₺14.758
PUDRA GÖMLEK,₺10.933
KÜPE,₺10.295
GRİ JAKARLI KAŞMİR ŞAL,₺24.500
GRİ JAKARLI MODAL/YÜN/İPEK ŞAL,₺24.500
GRİ KISA KOLLU ELBİSE,₺14.533
LACİVERT DAR PAÇA PANTOLON,₺20.950
MAVİ TAŞ KOLYE,₺8.450
ZÜMRÜT YEŞİLİ TAŞ KOLYE,₺7.450
KÜPE,₺9.450
EKRU KETEN İPEK ŞAL,₺6.950
KAHVE BİLEKLİK,₺11.950
KAHVE BİLEKLİK,₺11.950
KÜPE,₺8.950
KÜPE,₺8.950
SİYAH JAKARLI MODAL YÜN İPEK ŞAL,₺6.250
GRİ TRİKO,₺8.990
BORDO KRUVAZE CEKET,₺31.990
PEMBE OBJE DESENLİ TWILL EŞARP,₺7.475
MİNT ÇİÇEK DESENLI TWILL EŞARP,₺7.475
ROYAL MAVİ OBJE DESENLİ TWILL EŞARP,₺7.475
KIRMIZI OBJE DESENLİ TWILL EŞARP,₺7.475
MAVİ ÇİÇEK DESENLI ŞİFON VUAL ŞAL,₺7.475
AÇIK PEMBE ÇİÇEK DESENLI ŞİFON VUAL ŞAL,₺7.475
MONT,₺26.990
KOYU LACİVERT KOLSUZ BLUZ,₺7.990
EKRU DOKULU ETEK,₺23.990
BEYAZ YAKASI DANTELLİ GÖMLEK,₺15.990
ÇOK RENKLİ ELBİSE,₺26.990
EKRU YÜN MANTO,₺44.990
BORDO YÜN KABAN,₺29.990
EKRU PAYETLİ BLUZ,₺9.990
EKRU ÇİZGİLİ CEKET,₺23.990
GRİ DÜZ KESİM PANTOLON,₺14.990
HAKİ KADİFE PANTOLON,₺13.990
EKRU ETEK,₺6.475
BEJ ÇİZGİLİ TRİKO,₺11.990
ANTRASİT V YAKA T-SHIRT,₺4.990
HAKİ MONT,₺31.990
LACİVERT UZUN KOLLU İPEK GÖMLEK,₺9.990
SİYAH UZUN KOLLU ELBİSE,₺26.990
HAKİ EKO KÜRKLÜ YELEK,₺26.990
BEJ KAPUŞONLU UZUN KOLLU BLUZ,₺24.990
BEJ BLUZ,₺12.990
KIRMIZI V YAKA TRİKO,₺19.990
SİYAH PALTO,₺49.990
SİYAH PANTOLON,₺19.990
PEMBE KAPUŞONLU CEKET,₺34.990
ANTRASİT PANTOLON,₺8.990
LACİVERT MONT,₺31.990
GRİ O YAKA KISA KOLLU BLUZ,₺11.990
GRİ UZUN KOLLU GÖMLEK,₺11.990
GRİ MONT,₺34.990
ANTRASİT YÜN KABAN,₺34.990
EKRU ŞAL YAKA CEKET,₺21.990
BEJ KOLSUZ ELBİSE,₺15.990
EKRU BOL PAÇA PANTOLON,₺17.990
SİYAH STRAPLEZ BLUZ,₺12.990
VİZON DEGRADE YÜN TRİKO,₺17.990
BEJ DESENLİ TRİKO,₺24.990
ŞAPKA,₺8.990
GRİ O YAKA TRİKO,₺11.990
ŞEMSİYE,₺5.950
ÇORAP,₺690
YEŞİL ATKI,₺1.490
GRİ ATKI,₺1.490
BLUZ,₺8.990
SİYAH-BEYAZ DAR KALIP ELBİSE,₺12.990
SWEATSHIRT,₺15.950
ATLET,₺5.950
AÇIK GRİ ATLET,₺5.950
ATLET,₺2.950
PEMBE ÇİZGİLİ KETEN ŞAL,₺8.950
SİYAH KISA KOLLU DİZ ALTI ELBİSE,₺25.950
DÜZ YÜN İPEK ŞAL,₺7.250
İPEK ETAMİN VUAL ŞAL (ADNAN ÇOKER - RETROSPEKTIF II),₺9.950
İPEK TWILL EŞARP(HORASAN),₺9.950
"MINT GEOMETRIK DESENLI TWILL EŞARP(EROL AKYAVAŞ (BÜYÜK PATLAMA, 1982))",₺9.950
EŞARP,₺9.950
EŞARP,₺9.950
ŞAL,₺7.250
PETROL ÇİÇEK DESENLİ TWILL EŞARP,₺9.950
KIRMIZI ETNİK DESENLİ TWILL EŞARP,₺9.950
KIRMIZI ETNİK DESENLİ TWILL EŞARP,₺9.950
KAHVE ETNİK DESENLİ TWİLL EŞARP,₺9.950
KIRMIZI ETNİK DESENLİ TWİLL EŞARP,₺9.950
PETROL ÇİÇEK DESENLİ TWİLL EŞARP,₺9.950
LACİVERT GEOMETRİK DESENLİ TWILL EŞARP,₺4.975
TURUNCU GEOMETRİK DESENLİ TWILL EŞARP,₺3.975
GEOMETRİK DESENLİ YÜN İPEK EŞARP,₺3.975
GEOMETRİK DESENLİ TWILL İPEK EŞARP,₺3.975
GEOMETRİK DESENLİ TWILL İPEK EŞARP,₺4.975
ŞAL DESENLİ TWILL İPEK EŞARP,₺4.975
ŞAL DESENLİ TWILL İPEK EŞARP,₺4.975
GEOMETRİK DESENLİ TWILL İPEK EŞARP,₺4.975
GEOMETRİK DESENLİ TWILL İPEK EŞARP,₺3.975
OBJE DESENLİ TWILL İPEK EŞARP,₺4.975
OBJE DESENLİ TWILL İPEK EŞARP,₺4.975
GEOMETRİK DESENLİ FASONE EŞARP,₺3.975
GEOMETRİK DESENLİ YÜN İPEK ŞAL,₺3.975
ÇİZGİLİ DESENLİ KAŞMİR İPEK ŞAL,₺7.250
ÇİZGİLİ DESENLİ VUAL İPEK ŞAL,₺4.975
GEOMETRİK DESENLİ TWILL İPEK EŞARP,₺4.975
OBJE DESENLİ KAŞMİR İPEK ŞAL,₺19.500
KREM ŞAL DESENLİ KAŞMİR/İPEK ŞAL,₺7.250
SARI ŞAL DESENLİ TWILL BANDANA,₺2.725
ŞAL DESENLİ İPEK KAŞMİR EŞARP,₺6.250
KAHVE ŞAL DESENLİ TWILL GAVROŞ,₺3.725
GEOMETRİK DESENLİ KAŞMİR İPEK ŞAL,₺7.250
ÇİÇEK DESENLİ TWILL İPEK EŞARP,₺4.975
ÇİÇEK DESENLİ TWILL İPEK EŞARP,₺4.975
ÇİÇEK DESENLİ TWILL İPEK EŞARP,₺4.975
ÇİZGİLİ YÜN CEKET,₺15.990
İKİZLER BURCU İPEK TWILL BANDANA,₺12.500
YENGEÇ BURCU İPEK TWILL BANDANA,₺12.500
ASLAN BURCU İPEK TWILL BANDANA,₺12.500
KAHVE ÇİÇEK DESENLİ TWILL EŞARP,₺4.975
KOYU VİZON ÇİÇEK DESENLİ TWILL EŞARP,₺4.975
KAHVE GEOMETRİK DESENLİ TWILL GAVROŞ,₺3.725
YEŞİL GEOMETRİK DESENLİ TWILL GAVROŞ,₺3.725
NEFTİ EKOSE TWILL EŞARP,₺3.975
KAHVE ŞAL DESENLİ TWILL FULAR,₺3.475
LACİVERT ÇİÇEK DESENLİ KAŞMİR/İPEK ŞAL,₺7.250
TABA ANİMAL FİGÜRLÜ KAŞMİR/İPEK ŞAL,₺7.250
BRONZ ANİMAL FİGÜRLÜ KAŞMİR/İPEK ŞAL,₺7.250
AÇIK MAVİ OBJE DESENLİ TWILL GAVROŞ,₺3.725
GEOMETRİK DESENLİ TWILL İPEK FULAR,₺3.475
ANIMAL FİGÜRLÜ TWILL İPEK FULAR,₺3.475
GEOMETRİK DESENLİ YÜN İPEK ŞAL,₺6.250
GEOMETRİK DESENLİ TWILL İPEK FULAR,₺3.475
MANZARA DESENLİ TWILL İPEK EŞARP,₺4.975
GRİ CEKET,₺31.990
KOYU BEJ ÇİÇEK DESENLİ TWILL İPEK EŞARP,₺12.500
AÇIK GRİ ESMERALDA ŞAL,₺10.500
GÜL KURUSU PAMUK İPEK ŞAL,₺7.950
GRİ OBJE DESENLİ TWİLL İPEK EŞARP,₺4.975
LACİVERT YÜKSEK BEL PANTOLON,₺17.950
ŞAL,₺7.250
EKRU T-SHIRT,₺2.495
MODAL YÜN İPEK ŞAL,₺6.250
ŞAL,₺24.500
ŞAL,₺24.500
BEYAZ RAFYA ŞAPKA,₺6.095
VİZON JAKARLI MODAL/İPEK ŞAL,₺24.500
BEYAZ O YAKA KISA KOLLU T-SHİRT,₺7.108
BEYAZ UZUN KOLLU GÖMLEK,₺12.283
BEYAZ ETEK,₺15.658
SİYAH BİLEZİK,₺14.795
SİYAH DERİ ELDİVEN,₺4.490
BEJ DERİ KEMER,₺26.795
HAKİ KRUVAZE YAKA CEKET,₺25.108
HAKİ BOL PAÇA PANTOLON,₺17.233
SİYAH KOLYE,₺12.795
GÜMÜŞ KOLYE,₺12.795
FUŞYA JAKARLI TWILL EŞARP,₺7.250
VİZON JAKARLI KAŞMİR ŞAL,₺24.500
GRİ JAKARLI YÜN İPEK ŞAL,₺7.250
SİYAH JAKARLI VİSKOZ/İPEK ŞAL,₺9.750
KÜPE,₺5.295
TABA DERİ KEMER,₺9.450
BEYAZ FERMUARLI SWEATSHIRT,₺14.758
BEJ O YAKA KISA KOLLU T-SHIRT,₺8.908
KÜPE,₺9.450
BEJ ŞAPKA,₺14.950
GÜMÜŞ BİLEZİK,₺18.950
NATÜREL ŞAPKA,₺10.950
MAVİ ÇORAP,₺590
KOYU GRİ ÇİZGİLİ DESENLİ ŞAL,₺3.950
BEJ CEKET,₺29.950
KAHVE ÇİZGİLİ DESENLİ KETEN ŞAL,₺6.950
VİZON ÇİZGİLİ DESENLİ KETEN ŞAL,₺6.950
KÜPE,₺9.450
SARI V YAKA TRİKO,₺11.990
BRONZ ŞAPKA,₺9.450
VİZON JAKARLI KREPDÖŞİN EŞARP,₺6.250
LACİVERT JAKARLI KREPDÖŞİN EŞARP,₺6.250
GRİ ÇİZGİLİ YÜN CEKET,₺21.990
GRİ TRİKO CEKET,₺26.475
ÇORAP,₺1.990
KAHVE DESENLİ GÖMLEK,₺19.990
KAHVE DESENLİ PANTOLON,₺19.990
EKRU DİK YAKA TRİKO,₺23.990
SU YEŞİLİ ÇİÇEK DESENLI TWILL EŞARP,₺7.475
SİYAH GEOMETRİK DESENLİ TWILL EŞARP,₺7.475
BEYAZ GEOMETRİK DESENLİ ŞİFON VUAL ŞAL,₺7.475
KREM PİLİLİ ELBİSE,₺12.975
MAVİ BOL KESİM PANTOLON,₺12.975
BEJ DERİ ETEK,₺21.990
GRİ EKOSE CEKET,₺23.990
KEMER,₺7.450
BİLEZİK,₺14.950
BİLEZİK,₺14.950
KEMER,₺18.950
HAKİ PARLAK PANTOLON,₺9.990
MAVİ ÇİZGİLİ GÖMLEK,₺12.990
HAKİ KRUVAZE CEKET,₺14.990
HAKİ PANTOLON,₺11.990
ELDİVEN,₺3.990
CAMEL V YAKA TRİKO,₺15.950
SİYAH DANTEL ELBİSE,₺34.990
SİYAH KRUVAZE YAKA CEKET,₺21.990
KOYU YEŞİL KRUVAZE YAKA CEKET,₺19.990
GRİ MANTO,₺39.990
GRİ YÜN KABAN,₺29.990
YEŞİL EKOSE PANTOLON,₺7.990
ÇOK RENKLİ DESENLİ GÖMLEK,₺7.975
EKRU ETEK,₺21.990
EKRU DEKOLTELİ TRİKO,₺19.990
KIRMIZI DAR PAÇA PANTOLON,₺17.990
BEJ V YAKA TRİKO,₺21.990
ANTRASİT UZUN KOLLU GÖMLEK,₺17.990
SİYAH O YAKA TRİKO,₺49.950
KAHVE HAKİM YAKA CEKET,₺17.990
GRİ DEGRADE DESENLİ BOL PAÇA PANTOLON,₺11.990
KAHVE MONT,₺34.990
BEJ DİK YAKA TRİKO,₺15.990
CAMEL O YAKA TRİKO,₺29.990
EKRU DİK YAKA TRİKO,₺17.990
SİYAH ŞORT,₺13.475
SİYAH ETEK,₺15.475
SİYAH YÜN PANTOLON,₺15.990
DORE KOLYE,₺17.950
ŞEMSİYE,₺6.950
ŞEMSİYE,₺2.950
EKRU KISA KOLLU BLUZ,₺19.950
SİYAH ETEK,₺5.990
ELDİVEN,₺2.990
KEMER,₺8.950
SİYAH DAR PAÇA PANTOLON,₺15.950
LACİVERT PANTOLON,₺15.950
İPEK ETAMİN VUAL ŞAL (MEHMET GÜLERYÜZ – YUKSELIS),₺9.950
İPEK TWILL EŞARP(ÖMER ULUÇ) - İSTANBUL MODERN İŞBİRLİĞİ,₺9.950
"EKRU GEOMETRIK DESENLI TWILL EŞARP(EROL AKYAVAŞ (KALENİN DÜŞÜŞÜ (DİPTİK), 1982)",₺9.950
EŞARP,₺9.950
OBJE DESENLİ İPEK EŞARP,₺9.950
EŞARP,₺9.950
BEJ ÇİÇEK DESENLİ TWILL EŞARP,₺9.950
PETROL ETNİK DESENLİ TWILL EŞARP,₺9.950
PETROL ÇİÇEK DESENLİ TWİLL EŞARP,₺9.950
AÇIK GRİ VUAL İPEK ŞAL,₺4.975
TURUNCU GEOMETRİK DESENLİ TWILL EŞARP,₺4.975
CAMEL GEOMETRİK DESENLİ TWILL EŞARP,₺4.975
OBJE DESENLİ TWILL İPEK EŞARP,₺4.975
ÇİÇEK DESENLİ TWILL İPEK EŞARP,₺3.975
GEOMETRİK DESENLİ TWILL İPEK EŞARP,₺3.975
ŞAL DESENLİ KAŞMİR İPEK EŞARP,₺6.250
ETNİK DESENLİ KAŞMİR İPEK EŞARP,₺6.250
OBJE DESENLİ TWILL İPEK EŞARP,₺4.975
GEOMETRİK DESENLİ TWILL İPEK EŞARP,₺4.975
ŞAL DESENLİ TWILL İPEK EŞARP,₺4.975
GEOMETRİK DESENLİ TWILL İPEK EŞARP,₺4.975
GEOMETRİK DESENLİ TWILL İPEK ŞAL,₺7.250
GEOMETRİK DESENLİ TWILL İPEK EŞARP,₺3.975
GEOMETRİK DESENLİ TWILL İPEK EŞARP,₺4.975
ÇİZGİLİ DESENLİ VUAL İPEK ŞAL,₺4.975
OBJE DESENLİ TWILL İPEK EŞARP,₺4.975
KUM DÜZ TWILL İPEK ŞAL,₺4.975
EKRU DÜZ TWILL İPEK ŞAL,₺10.500
İSME ÖZEL KIRMIZI OBJE DESENLİ TWILL GAVROŞ,₺14.500
ANİMAL FİGÜRLÜ KAŞMİR İPEK ŞAL,₺29.500
ŞAL DESENLİ İPEK KAŞMİR EŞARP,₺6.250
ŞAL DESENLİ TWILL İPEK GAVROŞ,₺3.725
ÇİÇEK DESENLİ TWILL İPEK EŞARP,₺4.975
ŞAL DESENLİ TWILL İPEK EŞARP,₺4.975
ÇİÇEK DESENLİ TWILL İPEK EŞARP,₺4.975
ÇİÇEK DESENLİ TWILL İPEK EŞARP,₺4.975
ÇİÇEK DESENLİ TWILL İPEK EŞARP,₺4.975
ÇİÇEK DESENLİ TWILL İPEK EŞARP,₺4.975
KOÇ BURCU İPEK TWILL BANDANA,₺12.500
BOĞA BURCU İPEK TWILL BANDANA,₺12.500
BORDO ÇİÇEK DESENLİ TWILL EŞARP,₺4.975
BORDO GEOMETRİK DESENLİ TWILL GAVROŞ,₺3.725
YEŞİL ÇİÇEK DESENLİ TWILL FULAR,₺3.475
CAMEL ÇİÇEK DESENLİ TWILL FULAR,₺3.475
YEŞİL ÇİÇEK DESENLİ TWILL FULAR,₺3.475
ANTRASİT GEOMETRİK DESENLİ TWILL ŞAL,₺7.250
BORDO GEOMETRİK DESENLİ TWILL ŞAL,₺7.250
ÇİÇEK DESENLİ KAŞMİR İPEK ŞAL,₺29.500
GEOMETRİK DESENLİ KAŞMİR İPEK ŞAL,₺29.500
İSME ÖZEL İPEK TWILL EŞARP,₺19.500
İSME ÖZEL İPEK TWILL EŞARP,₺19.500
İSME ÖZEL İPEK TWILL EŞARP,₺19.500
İSME ÖZEL İPEK TWILL EŞARP,₺19.500
GEOMETRİK DESENLİ YÜN İPEK ŞAL,₺6.250
AÇIK GRİ ÇİÇEK DESENLİ TWILL İPEK EŞARP,₺12.500
VİZON ÇİÇEK DESENLİ TWILL İPEK EŞARP,₺12.500
AÇIK PEMBE ÇİÇEK DESENLİ TWILL İPEK EŞARP,₺12.500
VİZON ÇİÇEK DESENLİ TWILL İPEK EŞARP,₺12.500
SARI MANZARA DESENLİ TWILL İPEK EŞARP,₺12.500
İSME ÖZEL İPEK TWILL GAVROŞ,₺14.500
GRİ PAMUK İPEK ŞAL,₺7.950
VİZON PAMUK İPEK ŞAL,₺7.950
VİZON ETNİK DESENLİ TWILL İPEK EŞARP,₺12.500
GRİ KRUVAZE YAKA CEKET,₺15.990
EKRU MONOGRAM DESENLİ TWILL İPEK ŞAL,₺7.950
AÇIK PEMBE ÇİÇEK DESENLİ TWILL İPEK FULAR,₺4.950
YÜN İPEK ŞAL,₺7.250
ŞAPKA,₺9.595
HASIR PÜSKÜLLÜ ŞAPKA,₺7.595
KÜPE,₺3.690
ŞAL,₺6.250
VİZON DÜZ MODAL YÜN İPEK ŞAL,₺24.500
HAKİ UZUN KOLLU GÖMLEK,₺14.758
KOYU GRİ BORU PAÇA PANTOLON,₺17.008
VİZON JAKARLI MODAL/YÜN /İPEK ŞAL,₺19.500
EKRU JAKARLI MODAL YÜN İPEK ŞAL,₺19.500
NAR ÇİÇEĞİ JAKARLI MODAL YÜN İPEK ŞAL,₺6.250
ANTRASİT DAR PAÇA PANTOLON,₺20.950
EKRU V YAKA KOLSUZ BLUZ,₺9.133
SİYAH İPEK GÖMLEK,₺17.683
PUDRA BOL PAÇA PANTOLON,₺8.683
KÜPE,₺8.995
SİYAH JAKARLI KAŞMİR ŞAL,₺24.500
KÜPE,₺5.295
SİYAH DERİ KEMER,₺10.950
EKRU UZUN KOLLU ELBİSE,₺17.908
KÜPE,₺5.950
SİYAH TAŞ KOLYE,₺7.095
BEYAZ TAŞ KOLYE,₺9.795
SİYAH TAŞ KOLYE,₺8.095
SİYAH TAŞ KOLYE,₺9.795
PEMBE ALTIN DEGRADE DESENLİ ŞAL,₺12.950
NATÜREL ŞAPKA,₺14.950
KÜPE,₺5.950
EKRU V YAKA KISA KOLLU T-SHİRT,₺5.950
EKRU O YAKA KISA KOLLU T-SHİRT,₺5.950
DORE KOLYE,₺12.950
KÜPE,₺9.450
KAHVE KOLYE,₺15.950
KÜPE,₺7.950
KÜPE,₺7.950
DORE BİLEZİK,₺6.450
KÜPE,₺7.950
PEMBE DESENLİ BAMBU ŞAL,₺9.950
AÇIK KAHVE JAKARLI İPEK ŞAL,₺7.500
GRİ ÇİZGİLİ PANTOLON,₺11.475
KÜPE,₺7.950
AÇIK GRİ UZUN KOLLU GÖMLEK,₺17.990
GRİ KAPUŞONLU SWEATSHİRT,₺26.990
BEJ V YAKA TRİKO,₺17.990
KOYU LACİVERT DİK YAKA UZUN KOLLU BLUZ,₺12.990
BORDO YELEK,₺21.990
KAHVE ÇİÇEK DESENLI TWILL EŞARP,₺7.475
ALTIN GEOMETRİK DESENLİ TWILL EŞARP,₺7.475
LİLA OBJE DESENLİ TWILL EŞARP,₺7.475
LİLA OBJE DESENLİ TWILL EŞARP,₺7.475
MAVİ DERİ GÖMLEK,₺19.990
MAVİ DERİ PANTOLON,₺21.990
BEJ BLUZ,₺9.975
EKRU DOKULU CEKET,₺31.990
HAKİ KAŞMİR TRİKO,₺21.990
BEJ ETEK,₺21.990
BİLEZİK,₺14.950
HAKİ MONT,₺31.990
EKRU YÜN MONT,₺31.990
EKRU PAYETLİ ETEK,₺11.990
HAKİ GÖMLEK,₺14.990
BEJ YELEK,₺23.990
SİYAH V YAKA TRİKO,₺8.990
ELDİVEN,₺3.990
KEMER,₺10.950
KEMER,₺8.950
BEJ KABAN,₺31.990
EKRU UZUN KOLLU ELBİSE,₺24.990
VİZON ÇİZGİLİ KAŞMİR ŞAL,₺5.990
SİYAH UZUN KOLLU ELBİSE,₺31.990
MAVİ DİK YAKA TRİKO,₺9.975
SİYAH EKO KÜRK KABAN,₺34.990
GRİ BOL PAÇA PANTOLON,₺16.990
GRİ UZUN KOLLU ELBİSE,₺26.990
KÜPE,₺15.950
CAMEL SÜET KEMER,₺20.950
CAMEL MONT,₺44.990
CAMEL KRUVAZE YAKA CEKET,₺29.990
KAHVE UZUN KOLLU GÖMLEK,₺24.990
EKRU CEKET,₺64.990
YEŞİL BOL PAÇA PANTOLON,₺8.990
EKRU BOL PAÇA PANTOLON,₺12.990
KÜPE,₺12.950
KÜPE,₺12.950
ŞAL,₺6.990
KOLYE,₺20.950
BANDANA,₺15.950
ÇORAP,₺1.990
BİLEZİK,₺12.950
ŞAL,₺5.990
ŞAPKA,₺8.990
ANTRASİT PANTOLON,₺12.990
KÜPE,₺9.950
EKRU DANTELLİ ELBİSE,₺25.950
GRİ BLUZ,₺17.950
GÖMLEK,₺15.950
ELBİSE,₺22.950
EKRU TULUM,₺29.950
BEJ CEKET,₺10.990
EKRU ELBİSE,₺9.975
PANTOLON,₺18.950
KÜPE,₺10.950
GRİ DESENLİ YÜN/İPEK ŞAL,₺17.500
MANTO,₺45.950
ÇORAP,₺1.950
PANTOLON,₺30.950
SİYAH UZUN KOLLU GÖMLEK,₺22.950
KREM KISA KOLLU DİZ ALTI ELBİSE,₺25.950
SİYAH PAÇA DETAYLI PANTOLON,₺12.950
İPEK TWILL EŞARP (MEHMET GÜLERYÜZ – DENIZCI),₺9.950
ŞAL,₺12.500
OBJE DESENLİ İPEK EŞARP,₺9.950
KREM ETNİK DESENLİ TWİLL EŞARP,₺9.950
PETROL ETNİK DESENLİ TWILL EŞARP,₺9.950
PETROL ETNİK DESENLİ TWILL EŞARP,₺9.950
KIRMIZI ETNİK DESENLİ TWİLL EŞARP,₺9.950
KREM ÇİÇEK DESENLİ TWİLL EŞARP,₺9.950
KIRMIZI ÇİÇEK DESENLİ TWİLL EŞARP,₺9.950
KOYU KIRMIZI ÇİÇEK DESENLİ TWILL EŞARP,₺9.950
EKRU GEOMETRİK DESENLİ TWILL EŞARP,₺4.975
YEŞİL GEOMETRİK DESENLİ TWILL EŞARP,₺4.975
KIRMIZI GEOMETRİK DESENLİ TWILL EŞARP,₺4.975
CAMEL GEOMETRİK DESENLİ TWILL EŞARP,₺3.975
YEŞİL GEOMETRİK DESENLİ TWILL EŞARP,₺4.975
OBJE DESENLİ TWILL İPEK EŞARP,₺4.975
KAZAYAĞI DESENLİ TWILL İPEK EŞARP,₺3.975
GEOMETRİK DESENLİ TWILL İPEK EŞARP,₺4.975
GEOMETRİK DESENLİ TWILL İPEK EŞARP,₺4.975
GEOMETRİK DESENLİ TWILL İPEK EŞARP,₺3.975
GEOMETRİK DESENLİ TWILL İPEK EŞARP,₺4.975
ŞAL DESENLİ TWILL İPEK EŞARP,₺4.975
GEOMETRİK DESENLİ TWILL İPEK EŞARP,₺4.975
GEOMETRİK DESENLİ TWILL İPEK EŞARP,₺4.975
GEOMETRİK DESENLİ KAŞMİR İPEK EŞARP,₺6.250
GEOMETRİK DESENLİ KAŞMİR İPEK EŞARP,₺6.250
GEOMETRİK DESENLİ TWILL İPEK EŞARP,₺3.975
GEOMETRİK DESENLİ TWILL İPEK EŞARP,₺3.975
ŞAL DESENLİ KAŞMİR İPEK ŞAL,₺7.250
GEOMETRİK DESENLİ YÜN İPEK EŞARP,₺3.975
GEOMETRİK DESENLİ FASONE EŞARP,₺3.975
SİYAH ESMERALDA ŞAL,₺4.975
EKRU BORU PAÇA PANTOLON,₺3.700
OBJE DESENLİ TWILL İPEK EŞARP,₺4.975
AÇIK KAHVE DÜZ TWILL İPEK ŞAL,₺10.500
VİZON DÜZ TWILL İPEK ŞAL,₺10.500
LACİVERT DÜZ TWILL İPEK ŞAL,₺10.500
CAMEL DÜZ TWILL İPEK ŞAL,₺4.975
ANİMAL FİGÜRLÜ KAŞMİR İPEK ŞAL,₺29.500
ANİMAL FİGÜRLÜ TWILL İPEK ŞAL,₺7.250
ÇİÇEK DESENLİ TWILL İPEK GAVROŞ,₺3.725
GEOMETRİK DESENLİ TWILL İPEK BANDANA,₺2.725
ŞAL DESENLİ TWILL İPEK GAVROŞ,₺3.725
GEOMETRİK DESENLİ KAŞMİR İPEK ŞAL,₺7.250
ÇİÇEK DESENLİ TWILL İPEK EŞARP,₺4.975
ŞAL DESENLİ TWILL İPEK EŞARP,₺4.975
ÇİÇEK DESENLİ TWILL İPEK EŞARP,₺4.975
ÇİÇEK DESENLİ TWILL İPEK EŞARP,₺4.975
ÇİÇEK DESENLİ TWILL İPEK EŞARP,₺4.975
SARI ÇİÇEK DESENLİ TWILL EŞARP,₺4.975
AKREP BURCU İPEK TWILL BANDANA,₺12.500
YAY BURCU İPEK TWILL BANDANA,₺12.500
KOVA BURCU İPEK TWILL BANDANA,₺12.500
BALIK BURCU İPEK TWILL BANDANA,₺12.500
LACİVERT GEOMETRİK DESENLİ TWILL GAVROŞ,₺3.725
MAVİ ANİMAL FİGÜRLÜ TWILL ŞAL,₺7.250
PEMBE ANİMAL FİGÜRLÜ TWILL ŞAL,₺7.250
SARI ÇİÇEK DESENLİ TWILL FULAR,₺3.475
KIRMIZI ÇİÇEK DESENLİ TWILL EŞARP,₺4.975
CAMEL GEOMETRİK DESENLİ TWILL ŞAL,₺7.250
EKRU ÇİÇEK DESENLİ KAŞMİR/İPEK ŞAL,₺7.250
BORDO ÇİÇEK DESENLİ KAŞMİR/İPEK ŞAL,₺7.250
EKRU OBJE DESENLİ TWILL GAVROŞ,₺3.725
YEŞİL GEOMETRİK DESENLİ TWILL GAVROŞ,₺3.725
KOYU GRİ GEOMETRİK DESENLİ PAMUK/İPEK ŞAL,₺2.875
ŞAL,₺29.500
GEOMETRİK DESENLİ KAŞMİR İPEK ŞAL,₺29.500
GEOMETRİK DESENLİ KAŞMİR İPEK ŞAL,₺29.500
GEOMETRİK DESENLİ KAŞMİR İPEK ŞAL,₺29.500
OBJE DESENLİ TWILL İPEK EŞARP,₺4.975
HAPPY DAYS İPEK TWILL BANDANA - TUESDAY,₺5.450
İSME ÖZEL İPEK TWILL EŞARP,₺19.500
İSME ÖZEL İPEK TWILL EŞARP,₺19.500
İSME ÖZEL İPEK TWILL EŞARP,₺19.500
İSME ÖZEL İPEK TWILL EŞARP,₺19.500
İSME ÖZEL İPEK TWILL EŞARP,₺19.500
LACİVERT ÇİÇEK DESENLİ TWILL EŞARP,₺12.500
ÇİÇEK DESENLİ YÜN İPEK ŞAL,₺6.250
ANİMAL FİGÜRLÜ KAŞMİR İPEK ŞAL,₺29.500
ŞAL DESENLİ KAŞMİR İPEK ŞAL,₺29.500
OBJE DESENLİ KAŞMİR İPEK ŞAL,₺29.500
OBJE DESENLİ KAŞMİR İPEK ŞAL,₺29.500
ÇİÇEK DESENLİ TWILL İPEK FULAR,₺3.475
OBJE DESENLİ TWILL İPEK EŞARP,₺12.500
GEOMETRİK DESENLİ TWILL İPEK ŞAL,₺7.250
KAHVE ANİMAL FİGÜRLÜ TWILL ŞAL,₺7.250
KIRMIZI ANİMAL FİGÜRLÜ TWILL ŞAL,₺7.250
SİYAH UZUN KOLLU İPEK GÖMLEK,₺25.950
VİZON ÇİÇEK DESENLİ TWILL İPEK EŞARP,₺12.500
MAVİ ÇİÇEK DESENLİ TWILL İPEK EŞARP,₺12.500
BEJ ÇİÇEK DESENLİ TWILL İPEK EŞARP,₺12.500
EKRU ŞAL DESENLİ VUAL İPEK ŞAL,₺12.500
GÜL KURUSU ÇİÇEK DESENLİ TWILL İPEK EŞARP,₺12.500
MAVİ ÇİÇEK DESENLİ TWILL İPEK EŞARP,₺12.500
KOYU BEJ ÇİÇEK DESENLİ TWILL İPEK EŞARP,₺12.500
AÇIK GRİ MONOGRAM LOGOLU TWILL İPEK EŞARP,₺7.950
EKRU MONOGRAM LOGOLU TWILL İPEK EŞARP,₺7.950
LACİVERT MONOGRAM LOGOLU TWILL İPEK EŞARP,₺7.950
BEYAZ PAMUK İPEK ŞAL,₺7.950
HAKİ PAMUK İPEK ŞAL,₺7.950
MAVİ PAMUK İPEK ŞAL,₺7.950
AÇIK HAKİ PAMUK İPEK ŞAL,₺7.950
SİYAH BEYAZ ÇİÇEK DESENLİ TWILL İPEK EŞARP,₺12.500
SİYAH BEYAZ ÇİÇEK DESENLİ TWILL İPEK EŞARP,₺12.500
SİYAH ASKILI BLUZ,₺15.950
AÇIK MAVİ MANZARA DESENLİ TWILL İPEK GAVROŞ,₺8.950
BEYAZ ÇİÇEK DESENLİ TWILL İPEK BANDANA,₺7.500
AÇIK MAVİ ŞAL DESENLİ TWILL İPEK FULAR,₺7.950
BEJ OBJE DESENLİ TWILL İPEK FULAR,₺4.950
KOYU BEJ OBJE DESENLİ TWILL İPEK FULAR,₺4.950
FUŞYA ANIMAL FİGÜRLÜ TWILL İPEK BANDANA,₺7.500
SİYAH ÇİÇEK DESENLİ TWILL İPEK FULAR,₺4.950
AÇIK GRİ ÇİÇEK DESENLİ TWILL İPEK FULAR,₺4.950
KOYU BEJ OBJE DESENLİ TWILL İPEK FULAR,₺7.950
EKRU ÇİÇEK DESENLİ TWILL İPEK FULAR,₺7.950
DÜZ MODAL YÜN İPEK ŞAL,₺7.250
DÜZ MODAL YÜN İPEK ŞAL,₺7.250
ŞAL,₺24.500
ŞAL,₺24.500
SİYAH DAR PAÇA PANTOLON,₺17.950
ŞAL,₺7.250
ŞAL,₺7.250
NATÜREL VİZÖR ŞAPKA,₺10.095
ŞAPKA,₺2.298
ŞAL,₺7.250
İPEK ŞAL,₺7.250
KREM DAR PAÇA PANTOLON,₺20.950
GÜMÜŞ KOLYE,₺6.095
EL BOYAMA LACİVERT ŞAPKA,₺9.595
TURUNCU KOLYE,₺3.990
NATÜREL RAFYA ŞAPKA,₺7.595
TURUNCU DÜZ MODAL YÜN İPEK ŞAL,₺9.950
SARI TRİKO,₺19.258
SARI ETEK,₺11.608
BUZ MAVİ JAKARLI MODAL YÜN İPEK ŞAL,₺6.250
SİYAH DERİ KEMER,₺21.795
SİYAH DERİ KEMER,₺28.795
GRİ DERİ KEMER,₺28.795
KÜPE,₺8.995
KÜPE,₺9.595
SİYAH JAKARLI KAŞMİR ŞAL,₺29.500
LACİVERT JAKARLI KAŞMİR ŞAL,₺24.500
VİZON JAKARLI MODAL/YÜN/İPEK ŞAL,₺24.500
BEJ JAKARLI YÜN İPEK ŞAL,₺7.250
KÜPE,₺5.995
BEJ JAKARLI MODAL/YÜN/İPEK ŞAL,₺24.500
BEJ JAKARLI MODAL/YÜN/İPEK ŞAL,₺19.500
MAVİ ŞAL,₺9.950
GÜMÜŞ KOLYE,₺10.950
BEJ KRUVAZE YAKA CEKET,₺39.950
EKRU ŞAL,₺29.950
PUDRA ŞAL,₺29.950
NATÜREL ŞAPKA,₺14.950
NATÜREL ŞAPKA,₺12.950
AÇIK MAVİ DERİ KEMER,₺12.950
NATÜREL DERİ KEMER,₺10.950
KÜPE,₺10.950
KÜPE,₺9.450
KÜPE,₺8.950
KÜPE,₺7.950
GÜMÜŞ BİLEZİK,₺6.450
CEKET,₺21.475
KOLYE,₺15.950
KOLYE,₺15.950
KOLYE,₺15.950
KÜPE,₺12.950
LACİVERT KAŞMİR/İPEK TRİKO,₺15.990
ANTRASİT POLO YAKA TRİKO,₺19.990
TABA DERİ KEMER,₺18.950
BEJ POLO YAKA TRİKO,₺26.990
AÇIK GRİ O YAKA TRİKO,₺24.990
BEJ MİDİ ETEK,₺21.990
LACİVERT ŞAPKA,₺8.990
EKRU DİK YAKA TRİKO,₺21.990
ÇOK RENKLİ DESENLİ ELBİSE,₺31.990
LACİVERT DAR PAÇA PANTOLON,₺16.990
MERCAN ÇİÇEK DESENLI TWILL EŞARP,₺7.475
GÜL KURUSU GEOMETRİK DESENLİ TWILL EŞARP,₺7.475
MAVİ GEOMETRİK DESENLİ TWILL EŞARP,₺7.475
KIRMIZI OBJE DESENLİ TWILL EŞARP,₺7.475
ALTIN ÇİÇEK DESENLI ŞİFON VUAL ŞAL,₺7.475
SU YEŞİLİ GEOMETRİK DESENLİ ŞİFON VUAL ŞAL,₺7.475
LACİVERT GEOMETRİK DESENLİ ŞİFON VUAL ŞAL,₺7.475
EKRU DESENLİ PANTOLON,₺21.990
BEJ-CAMEL ASİMETRİK YELEK,₺24.990
HAKİ BOMBER CEKET,₺29.990
KOLYE,₺19.950
KOLYE,₺23.950
BİLEZİK,₺14.950
GRİ TRİKO,₺8.990
GRİ V YAKA TRİKO,₺15.950
KEMER,₺8.950
SİYAH KADİFE ELBİSE,₺29.990
SİYAH KADİFE MİNİ ELBİSE,₺34.990
TURUNCU KABAN,₺31.990
GRİ-CAMEL YELEK,₺26.990
BEYAZ YELEK,₺29.990
YEŞİL EKOSE CEKET,₺12.990
PUDRA UZUN KOLLU ELBİSE,₺34.990
PEMBE BEJ ETEK,₺21.990
EKRU KOLSUZ ELBİSE,₺26.990
GRİ O YAKA TRİKO,₺19.990
KIRMIZI İPEK BLUZ,₺26.990
ANTRASİT KOLSUZ ELBİSE,₺31.990
EKRU O YAKA TRİKO,₺24.990
YEŞİL KABAN,₺39.990
EKRU KAPUŞONLU SWEATSHİRT,₺26.990
CAMEL O YAKA,₺17.990
KAHVE DİK YAKA SWEATSHİRT,₺24.990
KAHVE BOL PAÇA SPOR PANTOLON,₺21.990
EKRU SPOR PANTOLON,₺17.990
CAMEL BOL PAÇA PANTOLON,₺19.990
BEJ BORU PAÇA PANTOLON,₺16.990
CAMEL KABAN,₺44.990
EKRU KRUVAZE YAKA CEKET,₺23.990
KÜPE,₺9.950
KOLYE,₺22.950
KÜPE,₺7.950
KOLYE,₺20.950
ANTRASİT DİK YAKA UZUN KOLLU BLUZ,₺16.990
KÜPE,₺9.950
KÜPE,₺9.950
KÜPE,₺9.950
GRİ BERE,₺990
KEMER,₺8.950
PANTOLON,₺20.950
PANTOLON,₺20.950
BEJ İPEK GÖMLEK,₺40.950
EKRU TRİKO CEKET,₺35.950
PANTOLON,₺18.950
KAHVE KEMER,₺14.950
KEMER,₺12.950
KEMER,₺20.950
JEAN PANTOLON,₺25.950
JEAN PANTOLON,₺25.950
BEJ O YAKA TRİKO,₺8.950
GRİ KOLYE,₺20.950
KÜPE,₺10.950
GRİ GEOMETRİK DESENLİ FASONE ŞAL,₺13.500
VİZON DESENLİ KETEN ŞAL,₺8.950
KEMER,₺8.950
KEMER,₺12.950
PANTOLON,₺20.950
GRİ DERİ CEKET,₺60.950
BEJ KOLSUZ BLUZ,₺6.950
SİYAH KOLSUZ BLUZ,₺6.950
MAVİ DANTELLİ KISA ETEK,₺12.950
MAVİ DEKOLTELİ ASKILI BLUZ,₺10.950
ÇOK RENKLİ DESENLİ MODAL/İPEK ŞAL,₺19.500
BLUZ,₺3.975
BLUZ,₺3.975
EKRU ÇİÇEKLİ İPEK ELBİSE,₺22.950
EKRU-HAKİ DESENLİ KETEN TULUM,₺24.950
KÜPE,₺9.950
BİLEZİK,₺12.950
ÇORAP,₺1.950
ÇORAP,₺2.450
EKRU HAKİM YAKA KISA KOLLU BLUZ,₺17.950
KAHVE MİDİ ETEK,₺19.950
BEJ KISA KOLLU ELBİSE,₺25.950
BORDO UZUN KOLLU GÖMLEK,₺19.950
DÜZ YÜN İPEK ŞAL,₺7.250
EŞARP,₺9.950
SIYAH KADIFE ŞAL,₺7.250
PETROL ÇİÇEK DESENLİ TWILL EŞARP,₺9.950
TABA ETNİK DESENLİ TWILL EŞARP,₺9.950
EKRU ETNİK DESENLİ TWILL EŞARP,₺9.950
PETROL ETNİK DESENLİ TWILL EŞARP,₺9.950
NAR ÇİÇEĞİ EKOSE FASONE ŞAL,₺3.975
GEOMETRİK DESENLİ TWILL İPEK EŞARP,₺4.975
CAMEL GEOMETRİK DESENLİ TWILL EŞARP,₺4.975
SARI GEOMETRİK DESENLİ TWILL EŞARP,₺4.975
ETNİK DESENLİ KAŞMİR İPEK EŞARP,₺6.250
ETNİK DESENLİ KAŞMİR İPEK EŞARP,₺6.250
GEOMETRİK DESENLİ İPEK VUAL ŞAL,₺4.975
OBJE DESENLİ TWILL İPEK EŞARP,₺4.975
OBJE DESENLİ TWILL İPEK EŞARP,₺4.975
OBJE DESENLİ TWILL İPEK EŞARP,₺4.975
GEOMETRİK DESENLİ TWILL İPEK EŞARP,₺4.975
GEOMETRİK DESENLİ TWILL İPEK EŞARP,₺4.975
GEOMETRİK DESENLİ TWILL İPEK EŞARP,₺4.975
GEOMETRİK DESENLİ KAŞMİR İPEK EŞARP,₺6.250
GEOMETRİK DESENLİ TWILL İPEK ŞAL,₺7.250
ANIMAL FİGÜRLÜ TWILL İPEK EŞARP,₺4.975
ŞAL DESENLİ KAŞMİR İPEK ŞAL,₺7.250
OBJE DESENLİ TWILL İPEK EŞARP,₺4.975
KAHVE DÜZ TWILL İPEK ŞAL,₺10.500
ANİMAL FİGÜRLÜ KAŞMİR İPEK ŞAL,₺29.500
ANİMAL FİGÜRLÜ TWILL İPEK ŞAL,₺7.250
ÇİÇEK DESENLİ TWILL İPEK GAVROŞ,₺3.725
BAŞAK BURCU İPEK TWILL BANDANA,₺12.500
TERAZİ BURCU İPEK TWILL BANDANA,₺12.500
OĞLAK BURCU İPEK TWILL BANDANA,₺12.500
SARI ANİMAL FİGÜRLÜ TWILL ŞAL,₺7.250
GÜMÜŞ OBJE DESENLİ TWILL GAVROŞ,₺3.725
OBJE DESENLİ TWILL İPEK GAVROŞ,₺3.725
ÇİÇEK DESENLİ KAŞMİR İPEK ŞAL,₺29.500
GEOMETRİK DESENLİ KAŞMİR İPEK ŞAL,₺29.500
GEOMETRİK DESENLİ KAŞMİR İPEK ŞAL,₺29.500
GEOMETRİK DESENLİ KAŞMİR İPEK ŞAL,₺29.500
OBJE DESENLİ TWILL İPEK EŞARP,₺4.975
OBJE DESENLİ TWILL İPEK EŞARP,₺4.975
HAPPY DAYS İPEK TWILL BANDANA - THURSDAY,₺5.450
HAPPY DAYS İPEK TWILL BANDANA - WEDNESDAY,₺5.450
HAPPY DAYS İPEK TWILL BANDANA - SATURDAY,₺5.450
HAPPY DAYS İPEK TWILL BANDANA - FRIDAY,₺5.450
HAPPY DAYS İPEK TWILL BANDANA - SUNDAY,₺5.450
HAPPY DAYS İPEK TWILL BANDANA - MONDAY,₺5.450
İSME ÖZEL İPEK TWILL EŞARP,₺19.500
İSME ÖZEL İPEK TWILL EŞARP,₺19.500
İSME ÖZEL İPEK TWILL EŞARP,₺19.500
İSME ÖZEL İPEK TWILL EŞARP,₺19.500
İSME ÖZEL İPEK TWILL EŞARP,₺19.500
ŞAL DESENLİ TWILL İPEK EŞARP,₺12.500
ŞAL DESENLİ TWILL İPEK EŞARP,₺12.500
ŞAL DESENLİ TWILL İPEK EŞARP,₺12.500
ŞAL DESENLİ TWILL İPEK EŞARP,₺12.500
ÇİÇEK DESENLİ TWILL İPEK EŞARP,₺12.500
ÇİÇEK DESENLİ TWILL İPEK EŞARP,₺12.500
ÇİÇEK DESENLİ TWILL İPEK EŞARP,₺12.500
ÇİÇEK DESENLİ TWILL İPEK EŞARP,₺12.500
ÇİÇEK DESENLİ TWILL İPEK EŞARP,₺12.500
ÇİÇEK DESENLİ TWILL İPEK EŞARP,₺12.500
ÇİÇEK DESENLİ TWILL İPEK EŞARP,₺12.500
AÇIK GRİ ÇİÇEK DESENLİ TWILL EŞARP,₺12.500
GEOMETRİK DESENLİ YÜN İPEK ŞAL,₺6.250
ÇİÇEK DESENLİ KAŞMİR İPEK ŞAL,₺29.500
ÇİÇEK DESENLİ KAŞMİR İPEK ŞAL,₺29.500
ÇİÇEK DESENLİ KAŞMİR İPEK ŞAL,₺29.500
ANİMAL FİGÜRLÜ KAŞMİR İPEK ŞAL,₺29.500
ŞAL DESENLİ KAŞMİR İPEK ŞAL,₺29.500
OBJE DESENLİ KAŞMİR İPEK ŞAL,₺29.500
ÇİÇEK DESENLİ TWILL İPEK FULAR,₺3.475
OBJE DESENLİ TWILL İPEK EŞARP,₺12.500
OBJE DESENLİ TWILL İPEK EŞARP,₺12.500
OBJE DESENLİ TWILL İPEK EŞARP,₺12.500
GEOMETRİK DESENLİ TWILL İPEK EŞARP,₺12.500
GEOMETRİK DESENLİ TWILL İPEK EŞARP,₺12.500
GEOMETRİK DESENLİ TWILL İPEK EŞARP,₺12.500
GEOMETRİK DESENLİ TWILL İPEK EŞARP,₺12.500
GEOMETRİK DESENLİ TWILL İPEK ŞAL,₺7.250
OBJE DESENLİ TWILL İPEK EŞARP,₺12.500
OBJE DESENLİ TWILL İPEK EŞARP,₺12.500
OBJE DESENLİ TWILL İPEK EŞARP,₺12.500
OBJE DESENLİ TWILL İPEK EŞARP,₺12.500
TURUNCU ANİMAL FİGÜRLÜ TWILL ŞAL,₺7.250
SİYAH ÇİZGİLİ DESENLİ TWILL İPEK EŞARP,₺12.500
AÇIK GRİ ÇİZGİLİ DESENLİ TWILL İPEK EŞARP,₺12.500
EKRU ÇİZGİLİ DESENLİ TWILL İPEK EŞARP,₺12.500
TURUNCU ÇİZGİLİ DESENLİ TWILL İPEK EŞARP,₺12.500
AÇIK GRİ MANZARA DESENLİ TWILL İPEK EŞARP,₺12.500
VİZON MANZARA DESENLİ TWILL İPEK EŞARP,₺12.500
MAVİ MANZARA DESENLİ TWILL İPEK EŞARP,₺12.500
AÇIK MAVİ MANZARA DESENLİ TWILL İPEK EŞARP,₺12.500
KOYU BEJ ÇİÇEK DESENLİ TWILL İPEK EŞARP,₺12.500
AÇIK GRİ OBJE DESENLİ TWILL İPEK EŞARP,₺12.500
VİZON OBJE DESENLİ TWILL İPEK EŞARP,₺12.500
VİZON ANIMAL DESENLİ TWILL İPEK EŞARP,₺12.500
MAVİ ANIMAL DESENLİ TWILL İPEK EŞARP,₺12.500
SOMON ANIMAL DESENLİ TWILL İPEK EŞARP,₺12.500
AÇIK CAMEL ANIMAL DESENLİ TWILL İPEK EŞARP,₺12.500
AÇIK GRİ GEOMETRİK DESENLİ TWILL İPEK EŞARP,₺12.500
EKRU GEOMETRİK DESENLİ TWILL İPEK EŞARP,₺12.500
TURUNCU GEOMETRİK DESENLİ TWILL İPEK EŞARP,₺12.500
GÜL KURUSU ÇİÇEK DESENLİ TWILL İPEK EŞARP,₺12.500
KOYU BEJ ÇİÇEK DESENLİ TWILL İPEK EŞARP,₺12.500
VİZON ÇİÇEK DESENLİ TWILL İPEK EŞARP,₺12.500
SOMON ÇİÇEK DESENLİ TWILL İPEK EŞARP,₺12.500
AÇIK PEMBE ÇİÇEK DESENLİ TWILL İPEK EŞARP,₺12.500
VİZON ŞAL DESENLİ TWILL İPEK EŞARP,₺12.500
AÇIK YEŞİL ŞAL DESENLİ TWILL İPEK EŞARP,₺12.500
LACİVERT ŞAL DESENLİ TWILL İPEK EŞARP,₺12.500
AÇIK PEMBE ŞAL DESENLİ TWILL İPEK EŞARP,₺12.500
KOYU BEJ ŞAL DESENLİ TWILL İPEK EŞARP,₺12.500
MAVİ ÇİÇEK DESENLİ TWILL İPEK EŞARP,₺12.500
AÇIK MAVİ ÇİÇEK DESENLİ TWILL İPEK EŞARP,₺12.500
EKRU ETNİK DESENLİ TWILL İPEK EŞARP,₺12.500
AÇIK PEMBE ETNİK DESENLİ TWILL İPEK EŞARP,₺12.500
KOYU BEJ ETNİK DESENLİ TWILL İPEK EŞARP,₺12.500
AÇIK BEJ ETNİK DESENLİ TWILL İPEK EŞARP,₺12.500
TURUNCU ÇİÇEK DESENLİ TWILL İPEK EŞARP,₺12.500
LACİVERT OBJE DESENLİ TWILL İPEK GAVROŞ,₺8.950
AÇIK PEMBE OBJE DESENLİ TWILL İPEK GAVROŞ,₺8.950
TURUNCU OBJE DESENLİ TWILL İPEK GAVROŞ,₺8.950
AÇIK GRİ ŞAL DESENLİ TWILL İPEK EŞARP,₺12.500
AÇIK MAVİ ŞAL DESENLİ TWILL İPEK EŞARP,₺12.500
NAR ÇİÇEĞİ ŞAL DESENLİ TWILL İPEK EŞARP,₺12.500
MAVİ ANIMAL FİGÜRLÜ TWILL İPEK EŞARP,₺12.500
NAR ÇİÇEĞİ ANIMAL FİGÜRLÜ TWILL İPEK EŞARP,₺12.500
KOYU BEJ ANIMAL FİGÜRLÜ TWILL İPEK EŞARP,₺12.500
MAVİ ŞAL DESENLİ VUAL İPEK ŞAL,₺12.500
TURUNCU ŞAL DESENLİ VUAL İPEK ŞAL,₺12.500
AÇIK YEŞİL MANZARA DESENLİ TWILL İPEK EŞARP,₺12.500
AÇIK MAVİ MANZARA DESENLİ TWILL İPEK EŞARP,₺12.500
KOYU BEJ MANZARA DESENLİ TWILL İPEK EŞARP,₺12.500
AÇIK YEŞİL MANZARA DESENLİ TWILL İPEK BANDANA,₺7.500
MAVİ MANZARA DESENLİ TWILL İPEK BANDANA,₺7.500
TURUNCU MANZARA DESENLİ TWILL İPEK BANDANA,₺7.500
KOYU BEJ MANZARA DESENLİ TWILL İPEK BANDANA,₺7.500
EKRU ESMERALDA ŞAL,₺7.950
MAVİ ÇİÇEK DESENLİ TWILL İPEK EŞARP,₺12.500
MOR ÇİÇEK DESENLİ TWILL İPEK EŞARP,₺12.500
KIRMIZI ÇİÇEK DESENLİ TWILL İPEK EŞARP,₺12.500
GRİ ÇİÇEK DESENLİ TWILL İPEK EŞARP,₺12.500
YEŞİL ÇİÇEK DESENLİ TWILL İPEK EŞARP,₺12.500
KOYU BEJ GEOMETRİK DESENLİ TWILL İPEK EŞARP,₺12.500
SOMON OBJE DESENLİ TWILL İPEK BANDANA,₺7.500
SARI OBJE DESENLİ TWILL İPEK BANDANA,₺7.500
TURUNCU OBJE DESENLİ TWILL İPEK BANDANA,₺7.500
İSME ÖZEL İPEK TWILL GAVROŞ,₺14.500
İSME ÖZEL İPEK TWILL GAVROŞ,₺14.500
İSME ÖZEL İPEK TWILL GAVROŞ,₺14.500
İSME ÖZEL İPEK TWILL GAVROŞ,₺14.500
SİYAH MONOGRAM LOGOLU TWILL İPEK EŞARP,₺7.950
KOYU KAHVE MONOGRAM LOGOLU TWILL İPEK EŞARP,₺7.950
AÇIK MAVİ MONOGRAM LOGOLU TWILL İPEK EŞARP,₺7.950
GÜMÜŞ PAMUK İPEK ŞAL,₺7.950
KIZIL KAHVE PAMUK İPEK ŞAL,₺7.950
AÇIK KAHVE PAMUK İPEK ŞAL,₺7.950
EKRU PAMUK İPEK ŞAL,₺7.950
KOYU KIRMIZI PAMUK İPEK ŞAL,₺7.950
AÇIK BEJ PAMUK İPEK ŞAL,₺7.950
SİYAH BEYAZ GEOMETRİK DESENLİ TWILL İPEK EŞARP,₺12.500
VİZON ETNİK DESENLİ TWILL İPEK EŞARP,₺12.500
LACİVERT ETNİK DESENLİ TWILL İPEK EŞARP,₺12.500
GÜL KURUSU ETNİK DESENLİ TWILL İPEK EŞARP,₺12.500
TURUNCU ETNİK DESENLİ TWILL İPEK EŞARP,₺12.500
SİYAH ÇİÇEK DESENLİ TWILL İPEK EŞARP,₺12.500
KIZIL KAHVE ÇİÇEK DESENLİ TWILL İPEK EŞARP,₺12.500
LACİVERT ÇİÇEK DESENLİ TWILL İPEK EŞARP,₺12.500
BORDO ÇİÇEK DESENLİ TWILL İPEK EŞARP,₺12.500
VİZON ETNİK DESENLİ TWILL İPEK EŞARP,₺12.500
EKRU ETNİK DESENLİ TWILL İPEK EŞARP,₺12.500
AÇIK MAVİ ETNİK DESENLİ TWILL İPEK EŞARP,₺12.500
MOR ETNİK DESENLİ TWILL İPEK EŞARP,₺12.500
LACİVERT ÇİÇEK DESENLİ TWILL İPEK EŞARP,₺12.500
AÇIK MAVİ ÇİÇEK DESENLİ TWILL İPEK EŞARP,₺12.500
TURUNCU ÇİÇEK DESENLİ TWILL İPEK EŞARP,₺12.500
HAKİ GEOMETRİK DESENLİ TWILL İPEK EŞARP,₺12.500
MAVİ GEOMETRİK DESENLİ TWILL İPEK EŞARP,₺12.500
LACİVERT GEOMETRİK DESENLİ TWILL İPEK EŞARP,₺12.500
NAR ÇİÇEĞİ GEOMETRİK DESENLİ TWILL İPEK EŞARP,₺12.500
SİYAH GEOMETRİK DESENLİ TWILL İPEK EŞARP,₺12.500
KAHVE GEOMETRİK DESENLİ TWILL İPEK EŞARP,₺12.500
KIZIL KAHVE GEOMETRİK DESENLİ TWILL İPEK EŞARP,₺12.500
HAKİ GEOMETRİK DESENLİ TWILL İPEK EŞARP,₺12.500
KOYU GRİ ETNİK DESENLİ TWILL İPEK EŞARP,₺12.500
AÇIK KAHVE ETNİK DESENLİ TWILL İPEK EŞARP,₺12.500
MAVİ ETNİK DESENLİ TWILL İPEK EŞARP,₺12.500
TURUNCU ETNİK DESENLİ TWILL İPEK EŞARP,₺12.500
VİZON GEOMETRİK DESENLİ TWILL İPEK EŞARP,₺12.500
AÇIK MAVİ GEOMETRİK DESENLİ TWILL İPEK EŞARP,₺12.500
TURUNCU GEOMETRİK DESENLİ TWILL İPEK EŞARP,₺12.500
KOYU YEŞİL GEOMETRİK DESENLİ TWILL İPEK EŞARP,₺12.500
VİZON ÇİÇEK DESENLİ TWILL İPEK EŞARP,₺12.500
KREM ÇİÇEK DESENLİ TWILL İPEK EŞARP,₺12.500
EKRU ÇİÇEK DESENLİ TWILL İPEK EŞARP,₺12.500
LACİVERT ÇİÇEK DESENLİ TWILL İPEK EŞARP,₺12.500
KIZIL KAHVE GEOMETRİK DESENLİ TWILL İPEK EŞARP,₺12.500
AÇIK KAHVE GEOMETRİK DESENLİ TWILL İPEK EŞARP,₺12.500
MAVİ GEOMETRİK DESENLİ TWILL İPEK EŞARP,₺12.500
TURUNCU GEOMETRİK DESENLİ TWILL İPEK EŞARP,₺12.500
MAVİ ETNİK DESENLİ TWILL İPEK EŞARP,₺12.500
LACİVERT ETNİK DESENLİ TWILL İPEK EŞARP,₺12.500
KOYU KIRMIZI ETNİK DESENLİ TWILL İPEK EŞARP,₺12.500
GÜL KURUSU ETNİK DESENLİ TWILL İPEK EŞARP,₺12.500
SİYAH ASKILI BLUZ,₺12.950
EKRU DANTELLİ ASKILI BLUZ,₺12.950
EKRU DANTELLİ ASKILI BLUZ,₺15.950
KAHVE MANZARA DESENLİ TWILL İPEK EŞARP,₺12.500
LACİVERT MANZARA DESENLİ TWILL İPEK EŞARP,₺12.500
AÇIK GRİ PUANTİYE DESENLİ TWILL İPEK EŞARP,₺12.500
AÇIK YEŞİL PUANTİYE DESENLİ TWILL İPEK EŞARP,₺12.500
AÇIK MAVİ PUANTİYE DESENLİ TWILL İPEK EŞARP,₺12.500
AÇIK PEMBE PUANTİYE DESENLİ TWILL İPEK EŞARP,₺12.500
AÇIK GRİ ANIMAL FİGÜRLÜ TWILL İPEK GAVROŞ,₺8.950
BEJ ANIMAL FİGÜRLÜ TWILL İPEK GAVROŞ,₺8.950
BEJ GEOMETRİK DESENLİ TWILL İPEK GAVROŞ,₺8.950
KOYU BEJ GEOMETRİK DESENLİ TWILL İPEK GAVROŞ,₺8.950
LACİVERT ETNİK DESENLİ TWILL İPEK EŞARP,₺12.500
NAR ÇİÇEĞİ ETNİK DESENLİ TWILL İPEK EŞARP,₺12.500
AÇIK MAVİ GEOMETRİK DESENLİ TWILL İPEK GAVROŞ,₺8.950
PEMBE GEOMETRİK DESENLİ TWILL İPEK GAVROŞ,₺8.950
GRİ GEOMETRİK DESENLİ TWILL İPEK BANDANA,₺7.500
NAR ÇİÇEĞİ GEOMETRİK DESENLİ TWILL İPEK BANDANA,₺7.500
KOYU BEJ MANZARA DESENLİ TWILL İPEK GAVROŞ,₺8.950
VİZON ÇİÇEK DESENLİ TWILL İPEK GAVROŞ,₺8.950
AÇIK PEMBE ÇİÇEK DESENLİ TWILL İPEK GAVROŞ,₺8.950
EKRU ANIMAL FİGÜRLÜ TWILL İPEK GAVROŞ,₺8.950
SOMON ANIMAL FİGÜRLÜ TWILL İPEK GAVROŞ,₺8.950
VİZON ÇİÇEK DESENLİ TWILL İPEK BANDANA,₺7.500
AÇIK GRİ MONOGRAM DESENLİ TWILL İPEK ŞAL,₺7.950
TURUNCU ŞAL DESENLİ TWILL İPEK FULAR,₺7.950
KOYU BEJ ŞAL DESENLİ TWILL İPEK FULAR,₺7.950
VİZON ÇİÇEK DESENLİ TWILL İPEK GAVROŞ,₺8.950
AÇIK KUM ÇİÇEK DESENLİ TWILL İPEK GAVROŞ,₺8.950
AÇIK GRİ OBJE DESENLİ TWILL İPEK GAVROŞ,₺8.950
BEYAZ OBJE DESENLİ TWILL İPEK GAVROŞ,₺8.950
FUŞYA OBJE DESENLİ TWILL İPEK GAVROŞ,₺8.950
BEJ TRUVAKAR MİDİ ELBİSE,₺25.950
BEYAZ GÖMLEK,₺19.950
MAVİ GEOMETRİK DESENLİ TWILL İPEK BANDANA,₺7.500
KOYU BEJ GEOMETRİK DESENLİ TWILL İPEK BANDANA,₺7.500
MOR OBJE DESENLİ TWILL İPEK GAVROŞ,₺8.950
KIRMIZI OBJE DESENLİ TWILL İPEK GAVROŞ,₺8.950
AÇIK MAVİ OBJE DESENLİ TWILL İPEK FULAR,₺4.950
GÜL KURUSU GEOMETRİK DESENLİ TWILL İPEK FULAR,₺7.950
KOYU BEJ GEOMETRİK DESENLİ TWILL İPEK FULAR,₺7.950
AÇIK PEMBE ÇİÇEK DESENLİ TWILL İPEK FULAR,₺7.950
KOYU BEJ ÇİÇEK DESENLİ TWILL İPEK FULAR,₺7.950
AÇIK YEŞİL GEOMETRİK DESENLİ TWILL İPEK FULAR,₺7.950
KOYU BEJ GEOMETRİK DESENLİ TWILL İPEK FULAR,₺7.950
AÇIK GRİ GEOMETRİK DESENLİ TWILL İPEK FULAR,₺4.950
KOYU BEJ GEOMETRİK DESENLİ TWILL İPEK FULAR,₺4.950
EKRU OBJE DESENLİ TWILL İPEK FULAR,₺4.950
AÇIK GRİ ANIMAL FİGÜRLÜ TWILL İPEK GAVROŞ,₺8.950
EKRU ANIMAL FİGÜRLÜ TWILL İPEK GAVROŞ,₺8.950
MAVİ BEYAZ KOLSUZ MİDİ ELBİSE,₺23.950
AÇIK MAVİ OBJE DESENLİ TWILL İPEK FULAR,₺4.950
FUŞYA OBJE DESENLİ TWILL İPEK FULAR,₺4.950
KOYU BEJ OBJE DESENLİ TWILL İPEK FULAR,₺4.950
AÇIK YEŞİL ANIMAL FİGÜRLÜ TWILL İPEK BANDANA,₺7.500
MAVİ ÇİÇEK DESENLİ TWILL İPEK GAVROŞ,₺8.950
KOYU BEJ ÇİÇEK DESENLİ TWILL İPEK GAVROŞ,₺8.950
LACİVERT OBJE DESENLİ TWILL İPEK FULAR,₺7.950
AÇIK MAVİ OBJE DESENLİ TWILL İPEK FULAR,₺7.950
KOYU BEJ OBJE DESENLİ TWILL İPEK FULAR,₺7.950
AÇIK GRİ OBJE DESENLİ TWILL İPEK FULAR,₺4.950
AÇIK MAVİ OBJE DESENLİ TWILL İPEK FULAR,₺4.950
AÇIK PEMBE OBJE DESENLİ TWILL İPEK FULAR,₺4.950
SOMON OBJE DESENLİ TWILL İPEK FULAR,₺7.950
AÇIK YEŞİL ŞAL DESENLİ TWILL İPEK FULAR,₺7.950
LACİVERT ŞAL DESENLİ TWILL İPEK FULAR,₺7.950
FUŞYA ŞAL DESENLİ TWILL İPEK FULAR,₺7.950
BEYAZ ÇİÇEK DESENLİ TWILL İPEK FULAR,₺7.950
AÇIK GRİ ÇİÇEK DESENLİ TWILL İPEK EŞARP,₺12.500
BEJ ÇİÇEK DESENLİ TWILL İPEK EŞARP,₺12.500
AÇIK PEMBE KOYU TURKUAZ ÇİÇEK DESENLİ TWILL İPEK EŞARP,₺12.500
TURUNCU ÇİÇEK DESENLİ TWILL İPEK EŞARP,₺12.500
NATÜREL BEJ  KISA KOLLU DİZ ALTI ELBİSE,₺23.950
ÇOK RENKLİ ÇİZGİLİ DİZ ÜSTÜ YÜN BERMUDA,₺12.950
ÇOK RENKLİ ÇİZGİLİ BOL PAÇA PANTOLON,₺18.950
HAKİ BORU PAÇA PANTOLON,₺18.950
HAKİ HAKİM YAKA YELEK,₺30.950
BEYAZ-BEJ DEGRADE GÖMLEK,₺19.950
BEYAZ BASKILI BORU PAÇA PANTOLON,₺17.950
AÇIK KAHVE BOL PAÇA PANTOLON,₺12.950
YÜN İPEK ŞAL,₺7.250
BEYAZ DAR PAÇA PANTOLON,₺17.950
MONOGRAM DESENLİ İPEK ŞAL,₺6.250
GÜMÜŞ TAŞLI KOLYE,₺12.295
LACİVERT KOLYE,₺9.095
LACİVERT TAÇ,₺9.795
HASIR PÜSKÜLLÜ ŞAPKA,₺8.095
MAVİ KOLYE,₺4.990
PUDRA RAFYA ŞAPKA,₺7.595
NATÜREL RAFYA ŞAPKA,₺6.795
GRİ JAKARLI MODAL / YÜN / IPEK ŞAL,₺19.500
SİYAH KOLSUZ ELBİSE,₺30.058
SİYAH DESENLİ ETEK,₺24.433
KOYU GRİ KRUVAZE CEKET,₺26.458
KOYU GRİ BORU PAÇA PANTOLON,₺16.558
BEJ UZUN KOLLU ELBİSE,₺19.258
ALTIN KOLYE,₺12.795
KEMER,₺18.295
EKRU JAKARLI KAŞMİR ŞAL,₺29.500
LACİVERT JAKARLI KAŞMİR ŞAL,₺29.500
EKRU JAKARLI KAŞMİR ŞAL,₺24.500
KÜPE,₺5.295
VİZON JAKARLI MODAL/YÜN/İPEK ŞAL,₺24.500
KAHVE TAŞ KOLYE,₺7.595
TURUNCU TAŞ KOLYE,₺8.450
YEŞİL TAŞ KOLYE,₺7.450
YEŞİL TAŞ KOLYE,₺7.450
GÜMÜŞ KOLYE,₺23.950
GÜMÜŞ KOLYE,₺21.950
GÜMÜŞ BİLEZİK,₺15.950
BEYAZ ŞAPKA,₺14.950
MAVİ KETEN ŞAL,₺6.950
DORE KOLYE,₺15.950
KÜPE,₺7.950
KÜPE,₺7.950
GÜMÜŞ KOLYE,₺9.450
EKRU JAKARLI KREPDÖŞİN EŞARP,₺6.250
GRİ JAKARLI MODAL / YÜN / IPEK ŞAL,₺19.500
VİZON JAKARLI MODAL / YÜN / IPEK ŞAL,₺19.500
EKRU JAKARLI MODAL / YÜN / IPEK ŞAL,₺19.500
KÜPE,₺12.950
EKRU V YAKA TRİKO,₺24.990
LACİVERT ÇİZGİLİ GÖMLEK,₺19.990
LACİVERT ÇİZGİLİ ETEK,₺19.990
MAVİ GEOMETRİK DESENLİ TWILL EŞARP,₺7.475
KUM GEOMETRİK DESENLİ TWILL EŞARP,₺7.475
EKRU DESENLİ KRUVAZE CEKET,₺34.990
BEJ GÖMLEK,₺19.990
BEJ YÜN TRİKO,₺17.990
BİLEZİK,₺20.950
KOLYE,₺19.950
BİLEZİK,₺14.950
HAKİ PARLAK CEKET,₺19.990
ELDİVEN,₺3.990
LACİVERT MONT,₺19.975
SİYAH KOLSUZ ELBİSE,₺24.990
EKRU DİK YAKA KOLSUZ BLUZ,₺11.990
EKRU EKO KÜRK KABAN,₺34.990
GRİ DİK YAKA CEKET,₺29.990
GRİ KAYIK YAKA TRİKO,₺49.990
MAVİ ETEK,₺29.950
MAVİ DEKOLTELİ ASKILI BLUZ,₺10.950
EKRU ASKILI ELBİSE,₺39.950
MAVİ KOLSUZ ELBİSE,₺39.950
EKRU BERE,₺5.990
CAMEL YELEK,₺79.990
EKRU DİK YAKA YELEK,₺31.990
AÇIK YEŞİL BOL PAÇA PANTOLON,₺21.990
BEJ V YAKA TRİKO,₺44.990
DORE BİLEZİK,₺15.950
DORE BİLEZİK,₺15.950
DORE KOLYE,₺17.950
DORE KOLYE,₺12.950
KÜPE,₺9.950
DORE KOLYE,₺12.950
BİLEZİK,₺13.950
KOLYE,₺22.950
KOLYE,₺15.950
KÜPE,₺7.950
CEKET,₺82.950
EKRU ASİMETRİK ETEK,₺33.565
PANTOLON,₺60.950
YEŞİL UZUN KOLLU ELBİSE,₺49.990
FUŞYA KOLSUZ ELBİSE,₺69.990
MAVİ KOLSUZ MİDİ ELBİSE,₺59.990
KÜPE,₺9.950
KÜPE,₺9.950
MAVİ KOLSUZ MİDİ ELBİSE,₺29.990
SİYAH BÜSTİYER,₺6.490
ATLET,₺5.950
SİYAH OBJE DESENLİ TWILL EŞARP,₺17.500
YELEK,₺15.950
PANTOLON,₺25.950
EKRU ŞAL YAKA CEKET,₺50.950
ATLET,₺16.950
PANTOLON,₺32.950
PANTOLON,₺32.950
PANTOLON,₺30.950
T-SHIRT,₺6.950
BEJ UZUN ELBİSE,₺40.950
BEYAZ-BEJ ÇİZGİLİ TRİKO,₺25.950
VİZON POLO YAKA TRİKO,₺30.950
VİZON DESENLİ ELBİSE,₺30.950
PEMBE İPEK ELBİSE,₺110.950
KIRMIZI MİNİ ELBİSE,₺100.950
YEŞİL İPEK ELBİSE,₺110.950
FUŞYA İPEK ELBİSE,₺110.950
SİYAH İPEK ELBİSE,₺110.950
PUDRA MİNİ ELBİSE,₺100.950
VİZON İPEK ELBİSE,₺105.950
ÇOK RENKLİ KROŞE BLUZ,₺9.950
ETEK,₺9.950
TAŞ-KAHVERENGİ HIRKA,₺22.950
EKRU KROŞE ELBİSE,₺18.950
PANTOLON,₺10.950
ÇOK RENKLİ ASİMETRİK BLUZ,₺10.950
YEŞİL DESENLİ ELBİSE,₺30.950
HAKİ BEJ ETEK,₺25.950
PANTOLON,₺18.950
KÜPE,₺13.950
KÜPE,₺10.950
KOLYE,₺22.950
BİLEZİK,₺13.950
KEMER,₺14.950
KEMER,₺14.950
KEMER,₺12.950
KEMER,₺20.950
ETEK,₺45.950
PANTOLON,₺30.950
HAKİ DİK YAKA CEKET,₺60.950
T-SHIRT,₺20.950
HAKİ ŞAL,₺12.950
LİLA ŞAL,₺12.950
EKRU ŞAL,₺15.950
EKRU ŞAL,₺15.950
SWEATSHIRT,₺15.950
SPOR PANTOLON,₺17.950
JEAN PANTOLON,₺25.950
AÇIK MAVİ ÇİZGİLİ GÖMLEK,₺25.950
EKRU TRİKO,₺8.950
KIRMIZI DESENLİ ELBİSE,₺19.950
EKRU ŞAL,₺10.950
GRİ ŞAL,₺8.950
EKRU ŞAL,₺20.950
HAKİ ŞAL,₺20.950
BEJ ŞAL,₺12.950
EKRU ŞAL,₺12.950
GRİ KOLYE,₺16.950
GRİ KOLYE,₺20.950
GRİ BİLEZİK,₺14.950
KÜPE,₺10.950
KÜPE,₺10.950
AÇIK GRİ KOLYE,₺10.950
HAKİ DERİ KEMER,₺14.950
KAHVE ÇORAP,₺7.950
BEJ ÇORAP,₺7.950
MAVİ FERMUARLI HIRKA,₺12.950
BEJ KETEN İPEK ŞAL,₺8.950
LİLA MODAL ŞAL,₺8.950
KEMER,₺8.950
KEMER,₺10.950
KEMER,₺8.950
BEYAZ O YAKA DÜŞÜK KOLLU T-SHİRT,₺18.950
KOYU VİZON MONOGRAM MODAL/YÜN/İPEK ŞAL,₺19.500
EKRU KOLSUZ ELBİSE,₺45.950
CAMEL DAR PAÇA PANTOLON,₺18.950
CAMEL KARELİ GÖMLEK,₺30.950
AÇIK YEŞİL KARELİ GÖMLEK,₺30.950
AÇIK YEŞİL BOL PAÇA PANTOLON,₺20.950
ŞAL,₺20.950
ŞAL,₺20.950
ŞAL,₺12.950
EŞARP,₺16.950
KEMER,₺15.950
KEMER,₺15.950
KEMER,₺15.950
VİZON KETEN ELBİSE,₺50.950
BİLEZİK,₺18.950
KÜPE,₺13.950
KÜPE,₺20.950
PANTOLON,₺40.950
PANTOLON,₺30.950
HAKİ BOMBER CEKET,₺40.950
ATLET,₺5.950
EKRU KOLSUZ BLUZ,₺6.950
ATLET,₺4.950
MAVİ DÜŞÜK KOLLU KISA ELBİSE,₺19.950
BEYAZ ASKILI ELBİSE,₺22.950
TAŞ MONT,₺39.950
SİYAH ASKILI ELBİSE,₺22.950
PEMBE DESENLİ YÜN/İPEK ŞAL,₺19.500
BEJ V YAKA TRİKO,₺6.950
ŞAPKA,₺10.950
ŞAPKA,₺10.950
ŞAPKA,₺12.950
ELBİSE,₺20.950
GRİ KISA KOLLU ELBİSE,₺25.950
SARI ŞAPKA,₺7.950
BEJ ŞAPKA,₺7.950
ÇOK RENKLİ KETEN-İPEK ELBİSE,₺22.950
EKRU ÇİÇEKLİ İPEK ELBİSE,₺22.950
SARI DESENLİ ELBİSE,₺22.950
KREM KOLSUZ ELBİSE,₺22.950
KREM KOLSUZ ELBİSE,₺22.950
ŞAPKA,₺12.950
ŞAPKA,₺15.950
ANTRASİT DİK YAKA UZUN KOLLU BLUZ,₺17.975
VİZON KROŞE BLUZ,₺10.950
ETEK,₺10.950
BEYAZ KROŞE BLUZ,₺10.950
ETEK,₺10.950
KÜPE,₺10.950
KÜPE,₺10.950
KÜPE,₺10.950
KÜPE,₺12.950
KÜPE,₺12.950
KOLYE,₺19.950
KOLYE,₺22.950
KÜPE,₺9.950
KOLYE,₺22.950
KOLYE,₺17.950
KÜPE,₺9.950
KÜPE,₺12.950
KÜPE,₺12.950
BEJ-EKRU GÖMLEK,₺42.950
BEJ KISA KOLLU ELBİSE,₺57.950
EKRU ASKILI BLUZ,₺30.950
PANTOLON,₺39.950
PANTOLON,₺39.950
PANTOLON,₺32.950
KREM KISA KOLLU TRİKO,₺30.950
EKRU TRİKO,₺49.950
T-SHIRT,₺25.950
ÇORAP,₺1.950
ÇORAP,₺1.950
ÇORAP,₺1.950
ÇORAP,₺2.450
ÇORAP,₺1.750
MAVİ ASKILI ELBİSE,₺55.950
BEYAZ-MAVİ DESENLİ ELBİSE,₺40.950
BEJ ELBİSE,₺55.950
BEYAZ STRAPLEZ ELBİSE,₺55.950
MAVİ ÇİZGİLİ ELBİSE,₺25.950
KOYU KAHVE BORU PAÇA PANTOLON,₺18.950
KAHVE V YAKA YELEK,₺15.950
BEJ KETEN BLUZ,₺15.950
KAHVE BOL PAÇA PANTOLON,₺18.950
KAHVE KETEN ASKILI ELBİSE,₺19.950
ETEK,Fiyat Yok
GRİ KOLSUZ TRİKO,₺6.950
TRİKO,₺8.950
BEJ İŞLEMELİ BLUZ,₺12.950
PANTOLON,₺12.950
SİYAH KARE YAKA ASKILI TULUM,₺25.950
KOYU KAHVE KOLSUZ TULUM,₺25.950
ETEK,Fiyat Yok
HAKİ HAKİM YAKA KISA KOLLU BLUZ,₺15.950
KAHVE KISA KOLLU GÖMLEK,₺15.950
BEJ ÇİÇEKLİ GÖMLEK,₺20.950
KAHVE BORU PAÇA SPOR PANTOLON,₺12.950
İNDİGO BORU PAÇA SPOR PANTOLON,₺12.950
HAKİ BOL PAÇA PANTOLON,₺22.950
NATÜREL ÇİÇEK DESENLİ BOL PAÇA PANTOLON,₺22.950
KAHVE KAPUŞONLU SWEATSHİRT,₺16.950
İNDİGO KAPUŞONLU SWEATSHİRT,₺16.950
SİYAH UZUN KOLLU MİDİ ELBİSE,₺27.950
SİYAH KOLSUZ DİZ ALTI ELBİSE,₺32.950
BORDO DAR PAÇA PANTOLON,₺17.950
İsimsiz,Fiyat Yok
İsimsiz,Fiyat Yok
İsimsiz,Fiyat Yok
İsimsiz,Fiyat Yok
İsimsiz,Fiyat Yok
İsimsiz,Fiyat Yok
İsimsiz,Fiyat Yok
İsimsiz,Fiyat Yok
İsimsiz,Fiyat Yok
İsimsiz,Fiyat Yok
İsimsiz,Fiyat Yok
İsimsiz,Fiyat Yok
İsimsiz,Fiyat Yok
İsimsiz,Fiyat Yok
İsimsiz,Fiyat Yok
İsimsiz,Fiyat Yok
İsimsiz,Fiyat Yok
İsimsiz,Fiyat Yok
İsimsiz,Fiyat Yok
İsimsiz,Fiyat Yok
İsimsiz,Fiyat Yok
İsimsiz,Fiyat Yok
İsimsiz,Fiyat Yok
İsimsiz,Fiyat Yok
İsimsiz,Fiyat Yok
İsimsiz,Fiyat Yok
İsimsiz,Fiyat Yok
İsimsiz,Fiyat Yok
İsimsiz,Fiyat Yok
İsimsiz,Fiyat Yok
İsimsiz,Fiyat Yok
İsimsiz,Fiyat Yok
İsimsiz,Fiyat Yok
İsimsiz,Fiyat Yok
İsimsiz,Fiyat Yok
İsimsiz,Fiyat Yok
İsimsiz,Fiyat Yok
İsimsiz,Fiyat Yok
İsimsiz,Fiyat Yok
İsimsiz,Fiyat Yok
İsimsiz,Fiyat Yok
İsimsiz,Fiyat Yok
İsimsiz,Fiyat Yok
İsimsiz,Fiyat Yok
İsimsiz,Fiyat Yok
İsimsiz,Fiyat Yok
İsimsiz,Fiyat Yok
İsimsiz,Fiyat Yok
İsimsiz,Fiyat Yok
İsimsiz,Fiyat Yok
İsimsiz,Fiyat Yok
İsimsiz,Fiyat Yok
İsimsiz,Fiyat Yok
İsimsiz,Fiyat Yok
İsimsiz,Fiyat Yok
İsimsiz,Fiyat Yok
İsimsiz,Fiyat Yok
İsimsiz,Fiyat Yok
İsimsiz,Fiyat Yok
İsimsiz,Fiyat Yok
İsimsiz,Fiyat Yok
İsimsiz,Fiyat Yok
İsimsiz,Fiyat Yok
İsimsiz,Fiyat Yok
İsimsiz,Fiyat Yok
İsimsiz,Fiyat Yok
İsimsiz,Fiyat Yok
İsimsiz,Fiyat Yok
İsimsiz,Fiyat Yok
İsimsiz,Fiyat Yok
İsimsiz,Fiyat Yok
İsimsiz,Fiyat Yok
İsimsiz,Fiyat Yok
İsimsiz,Fiyat Yok
İsimsiz,Fiyat Yok
İsimsiz,Fiyat Yok
İsimsiz,Fiyat Yok
İsimsiz,Fiyat Yok
İsimsiz,Fiyat Yok
İsimsiz,Fiyat Yok
İsimsiz,Fiyat Yok
İsimsiz,Fiyat Yok
İsimsiz,Fiyat Yok
İsimsiz,Fiyat Yok
İsimsiz,Fiyat Yok
İsimsiz,Fiyat Yok
İsimsiz,Fiyat Yok
İsimsiz,Fiyat Yok
İsimsiz,Fiyat Yok
İsimsiz,Fiyat Yok
İsimsiz,Fiyat Yok
İsimsiz,Fiyat Yok
İsimsiz,Fiyat Yok
İsimsiz,Fiyat Yok
İsimsiz,Fiyat Yok
İsimsiz,Fiyat Yok
İsimsiz,Fiyat Yok
İsimsiz,Fiyat Yok
İsimsiz,Fiyat Yok
İsimsiz,Fiyat Yok
İsimsiz,Fiyat Yok
İsimsiz,Fiyat Yok
İsimsiz,Fiyat Yok
İsimsiz,Fiyat Yok
İsimsiz,Fiyat Yok
İsimsiz,Fiyat Yok
İsimsiz,Fiyat Yok
İsimsiz,Fiyat Yok
İsimsiz,Fiyat Yok
İsimsiz,Fiyat Yok
İsimsiz,Fiyat Yok
İsimsiz,Fiyat Yok
İsimsiz,Fiyat Yok
İsimsiz,Fiyat Yok
İsimsiz,Fiyat Yok
İsimsiz,Fiyat Yok
İsimsiz,Fiyat Yok
İsimsiz,Fiyat Yok
İsimsiz,Fiyat Yok
İsimsiz,Fiyat Yok
İsimsiz,Fiyat Yok
İsimsiz,Fiyat Yok
İsimsiz,Fiyat Yok
İsimsiz,Fiyat Yok
İsimsiz,Fiyat Yok
İsimsiz,Fiyat Yok
İsimsiz,Fiyat Yok
İsimsiz,Fiyat Yok
İsimsiz,Fiyat Yok
İsimsiz,Fiyat Yok
İsimsiz,Fiyat Yok
İsimsiz,Fiyat Yok
İsimsiz,Fiyat Yok
İsimsiz,Fiyat Yok
İsimsiz,Fiyat Yok
İsimsiz,Fiyat Yok
İsimsiz,Fiyat Yok
İsimsiz,Fiyat Yok
İsimsiz,Fiyat Yok
İsimsiz,Fiyat Yok
İsimsiz,Fiyat Yok
İsimsiz,Fiyat Yok
İsimsiz,Fiyat Yok
İsimsiz,Fiyat Yok
İsimsiz,Fiyat Yok
İsimsiz,Fiyat Yok
İsimsiz,Fiyat Yok
İsimsiz,Fiyat Yok
İsimsiz,Fiyat Yok
İsimsiz,Fiyat Yok
İsimsiz,Fiyat Yok
İsimsiz,Fiyat Yok
İsimsiz,Fiyat Yok
İsimsiz,Fiyat Yok
İsimsiz,Fiyat Yok
İsimsiz,Fiyat Yok
İsimsiz,Fiyat Yok
İsimsiz,Fiyat Yok
İsimsiz,Fiyat Yok
İsimsiz,Fiyat Yok
İsimsiz,Fiyat Yok
İsimsiz,Fiyat Yok
İsimsiz,Fiyat Yok
İsimsiz,Fiyat Yok
İsimsiz,Fiyat Yok
İsimsiz,Fiyat Yok
İsimsiz,Fiyat Yok
İsimsiz,Fiyat Yok
İsimsiz,Fiyat Yok
İsimsiz,Fiyat Yok
İsimsiz,Fiyat Yok
İsimsiz,Fiyat Yok
İsimsiz,Fiyat Yok
İsimsiz,Fiyat Yok
İsimsiz,Fiyat Yok
İsimsiz,Fiyat Yok
İsimsiz,Fiyat Yok
İsimsiz,Fiyat Yok
İsimsiz,Fiyat Yok
İsimsiz,Fiyat Yok
İsimsiz,Fiyat Yok
İsimsiz,Fiyat Yok
İsimsiz,Fiyat Yok
İsimsiz,Fiyat Yok
İsimsiz,Fiyat Yok
İsimsiz,Fiyat Yok
İsimsiz,Fiyat Yok
İsimsiz,Fiyat Yok
İsimsiz,Fiyat Yok
İsimsiz,Fiyat Yok
İsimsiz,Fiyat Yok
İsimsiz,Fiyat Yok
İsimsiz,Fiyat Yok
İsimsiz,Fiyat Yok
İsimsiz,Fiyat Yok
İsimsiz,Fiyat Yok
İsimsiz,Fiyat Yok
İsimsiz,Fiyat Yok
İsimsiz,Fiyat Yok
İsimsiz,Fiyat Yok
İsimsiz,Fiyat Yok
İsimsiz,Fiyat Yok
İsimsiz,Fiyat Yok
İsimsiz,Fiyat Yok
İsimsiz,Fiyat Yok
İsimsiz,Fiyat Yok
İsimsiz,Fiyat Yok
İsimsiz,Fiyat Yok
İsimsiz,Fiyat Yok
İsimsiz,Fiyat Yok
İsimsiz,Fiyat Yok
İsimsiz,Fiyat Yok
İsimsiz,Fiyat Yok
İsimsiz,Fiyat Yok
İsimsiz,Fiyat Yok
İsimsiz,Fiyat Yok
İsimsiz,Fiyat Yok
İsimsiz,Fiyat Yok
İsimsiz,Fiyat Yok
İsimsiz,Fiyat Yok
İsimsiz,Fiyat Yok
İsimsiz,Fiyat Yok
İsimsiz,Fiyat Yok
İsimsiz,Fiyat Yok
İsimsiz,Fiyat Yok
İsimsiz,Fiyat Yok
İsimsiz,Fiyat Yok
İsimsiz,Fiyat Yok
İsimsiz,Fiyat Yok
İsimsiz,Fiyat Yok
İsimsiz,Fiyat Yok
İsimsiz,Fiyat Yok
İsimsiz,Fiyat Yok
İsimsiz,Fiyat Yok
İsimsiz,Fiyat Yok
İsimsiz,Fiyat Yok
İsimsiz,Fiyat Yok
İsimsiz,Fiyat Yok
İsimsiz,Fiyat Yok
İsimsiz,Fiyat Yok
İsimsiz,Fiyat Yok
İsimsiz,Fiyat Yok
İsimsiz,Fiyat Yok
İsimsiz,Fiyat Yok
İsimsiz,Fiyat Yok
İsimsiz,Fiyat Yok
İsimsiz,Fiyat Yok
İsimsiz,Fiyat Yok
İsimsiz,Fiyat Yok
İsimsiz,Fiyat Yok
İsimsiz,Fiyat Yok
İsimsiz,Fiyat Yok
İsimsiz,Fiyat Yok
İsimsiz,Fiyat Yok
İsimsiz,Fiyat Yok
İsimsiz,Fiyat Yok
İsimsiz,Fiyat Yok
İsimsiz,Fiyat Yok
İsimsiz,Fiyat Yok
İsimsiz,Fiyat Yok
İsimsiz,Fiyat Yok
İsimsiz,Fiyat Yok
İsimsiz,Fiyat Yok
İsimsiz,Fiyat Yok
İsimsiz,Fiyat Yok
İsimsiz,Fiyat Yok
İsimsiz,Fiyat Yok
İsimsiz,Fiyat Yok
İsimsiz,Fiyat Yok
İsimsiz,Fiyat Yok
İsimsiz,Fiyat Yok
İsimsiz,Fiyat Yok
İsimsiz,Fiyat Yok
İsimsiz,Fiyat Yok
İsimsiz,Fiyat Yok
İsimsiz,Fiyat Yok
İsimsiz,Fiyat Yok
İsimsiz,Fiyat Yok
İsimsiz,Fiyat Yok
İsimsiz,Fiyat Yok
İsimsiz,Fiyat Yok
İsimsiz,Fiyat Yok
İsimsiz,Fiyat Yok
İsimsiz,Fiyat Yok
İsimsiz,Fiyat Yok
İsimsiz,Fiyat Yok
İsimsiz,Fiyat Yok
İsimsiz,Fiyat Yok
İsimsiz,Fiyat Yok
İsimsiz,Fiyat Yok
İsimsiz,Fiyat Yok
İsimsiz,Fiyat Yok
İsimsiz,Fiyat Yok
İsimsiz,Fiyat Yok
İsimsiz,Fiyat Yok
İsimsiz,Fiyat Yok
İsimsiz,Fiyat Yok
İsimsiz,Fiyat Yok
İsimsiz,Fiyat Yok
İsimsiz,Fiyat Yok
İsimsiz,Fiyat Yok
İsimsiz,Fiyat Yok
İsimsiz,Fiyat Yok
İsimsiz,Fiyat Yok
İsimsiz,Fiyat Yok
İsimsiz,Fiyat Yok
İsimsiz,Fiyat Yok
İsimsiz,Fiyat Yok
İsimsiz,Fiyat Yok
İsimsiz,Fiyat Yok
İsimsiz,Fiyat Yok
İsimsiz,Fiyat Yok
İsimsiz,Fiyat Yok
İsimsiz,Fiyat Yok
İsimsiz,Fiyat Yok
İsimsiz,Fiyat Yok
İsimsiz,Fiyat Yok
İsimsiz,Fiyat Yok
İsimsiz,Fiyat Yok
İsimsiz,Fiyat Yok
İsimsiz,Fiyat Yok
İsimsiz,Fiyat Yok
İsimsiz,Fiyat Yok
İsimsiz,Fiyat Yok
İsimsiz,Fiyat Yok
İsimsiz,Fiyat Yok
İsimsiz,Fiyat Yok
İsimsiz,Fiyat Yok
İsimsiz,Fiyat Yok
İsimsiz,Fiyat Yok
İsimsiz,Fiyat Yok
İsimsiz,Fiyat Yok
İsimsiz,Fiyat Yok
İsimsiz,Fiyat Yok
İsimsiz,Fiyat Yok
İsimsiz,Fiyat Yok
İsimsiz,Fiyat Yok
İsimsiz,Fiyat Yok
İsimsiz,Fiyat Yok
İsimsiz,Fiyat Yok
İsimsiz,Fiyat Yok
İsimsiz,Fiyat Yok
İsimsiz,Fiyat Yok
İsimsiz,Fiyat Yok
İsimsiz,Fiyat Yok
İsimsiz,Fiyat Yok
İsimsiz,Fiyat Yok
İsimsiz,Fiyat Yok
İsimsiz,Fiyat Yok
İsimsiz,Fiyat Yok
İsimsiz,Fiyat Yok
İsimsiz,Fiyat Yok
İsimsiz,Fiyat Yok
İsimsiz,Fiyat Yok
İsimsiz,Fiyat Yok
İsimsiz,Fiyat Yok
İsimsiz,Fiyat Yok
İsimsiz,Fiyat Yok
İsimsiz,Fiyat Yok
İsimsiz,Fiyat Yok
İsimsiz,Fiyat Yok
İsimsiz,Fiyat Yok
İsimsiz,Fiyat Yok
İsimsiz,Fiyat Yok
İsimsiz,Fiyat Yok
İsimsiz,Fiyat Yok
İsimsiz,Fiyat Yok
İsimsiz,Fiyat Yok
İsimsiz,Fiyat Yok
İsimsiz,Fiyat Yok
İsimsiz,Fiyat Yok
İsimsiz,Fiyat Yok
İsimsiz,Fiyat Yok
İsimsiz,Fiyat Yok
İsimsiz,Fiyat Yok
İsimsiz,Fiyat Yok
İsimsiz,Fiyat Yok
İsimsiz,Fiyat Yok
İsimsiz,Fiyat Yok
İsimsiz,Fiyat Yok
İsimsiz,Fiyat Yok
İsimsiz,Fiyat Yok
İsimsiz,Fiyat Yok
İsimsiz,Fiyat Yok
İsimsiz,Fiyat Yok
İsimsiz,Fiyat Yok
İsimsiz,Fiyat Yok
İsimsiz,Fiyat Yok
İsimsiz,Fiyat Yok
İsimsiz,Fiyat Yok
İsimsiz,Fiyat Yok
İsimsiz,Fiyat Yok
İsimsiz,Fiyat Yok
İsimsiz,Fiyat Yok
İsimsiz,Fiyat Yok
İsimsiz,Fiyat Yok
İsimsiz,Fiyat Yok
İsimsiz,Fiyat Yok
İsimsiz,Fiyat Yok
İsimsiz,Fiyat Yok
İsimsiz,Fiyat Yok
İsimsiz,Fiyat Yok
İsimsiz,Fiyat Yok
İsimsiz,Fiyat Yok
İsimsiz,Fiyat Yok
İsimsiz,Fiyat Yok
İsimsiz,Fiyat Yok
İsimsiz,Fiyat Yok
İsimsiz,Fiyat Yok
İsimsiz,Fiyat Yok
İsimsiz,Fiyat Yok
İsimsiz,Fiyat Yok
İsimsiz,Fiyat Yok
İsimsiz,Fiyat Yok
İsimsiz,Fiyat Yok
İsimsiz,Fiyat Yok
İsimsiz,Fiyat Yok
İsimsiz,Fiyat Yok
İsimsiz,Fiyat Yok
İsimsiz,Fiyat Yok
İsimsiz,Fiyat Yok
İsimsiz,Fiyat Yok
İsimsiz,Fiyat Yok
İsimsiz,Fiyat Yok
İsimsiz,Fiyat Yok
İsimsiz,Fiyat Yok
İsimsiz,Fiyat Yok
İsimsiz,Fiyat Yok
İsimsiz,Fiyat Yok
İsimsiz,Fiyat Yok
İsimsiz,Fiyat Yok
İsimsiz,Fiyat Yok
İsimsiz,Fiyat Yok
İsimsiz,Fiyat Yok
İsimsiz,Fiyat Yok
İsimsiz,Fiyat Yok
İsimsiz,Fiyat Yok
İsimsiz,Fiyat Yok
İsimsiz,Fiyat Yok
İsimsiz,Fiyat Yok
İsimsiz,Fiyat Yok
İsimsiz,Fiyat Yok
İsimsiz,Fiyat Yok
İsimsiz,Fiyat Yok
İsimsiz,Fiyat Yok
İsimsiz,Fiyat Yok
İsimsiz,Fiyat Yok
İsimsiz,Fiyat Yok
İsimsiz,Fiyat Yok
İsimsiz,Fiyat Yok
İsimsiz,Fiyat Yok
İsimsiz,Fiyat Yok
İsimsiz,Fiyat Yok
İsimsiz,Fiyat Yok
İsimsiz,Fiyat Yok
İsimsiz,Fiyat Yok
İsimsiz,Fiyat Yok
İsimsiz,Fiyat Yok
İsimsiz,Fiyat Yok
İsimsiz,Fiyat Yok
İsimsiz,Fiyat Yok
İsimsiz,Fiyat Yok
İsimsiz,Fiyat Yok
İsimsiz,Fiyat Yok
İsimsiz,Fiyat Yok
İsimsiz,Fiyat Yok
İsimsiz,Fiyat Yok
İsimsiz,Fiyat Yok
İsimsiz,Fiyat Yok
İsimsiz,Fiyat Yok
İsimsiz,Fiyat Yok
İsimsiz,Fiyat Yok
İsimsiz,Fiyat Yok
İsimsiz,Fiyat Yok
İsimsiz,Fiyat Yok
İsimsiz,Fiyat Yok
İsimsiz,Fiyat Yok
İsimsiz,Fiyat Yok
İsimsiz,Fiyat Yok
İsimsiz,Fiyat Yok
İsimsiz,Fiyat Yok
İsimsiz,Fiyat Yok
İsimsiz,Fiyat Yok
İsimsiz,Fiyat Yok
İsimsiz,Fiyat Yok
İsimsiz,Fiyat Yok
İsimsiz,Fiyat Yok
İsimsiz,Fiyat Yok
İsimsiz,Fiyat Yok
İsimsiz,Fiyat Yok
İsimsiz,Fiyat Yok
İsimsiz,Fiyat Yok
İsimsiz,Fiyat Yok
İsimsiz,Fiyat Yok
İsimsiz,Fiyat Yok
İsimsiz,Fiyat Yok
İsimsiz,Fiyat Yok
İsimsiz,Fiyat Yok
İsimsiz,Fiyat Yok
İsimsiz,Fiyat Yok
İsimsiz,Fiyat Yok
İsimsiz,Fiyat Yok
İsimsiz,Fiyat Yok
İsimsiz,Fiyat Yok
İsimsiz,Fiyat Yok
İsimsiz,Fiyat Yok
İsimsiz,Fiyat Yok
İsimsiz,Fiyat Yok
İsimsiz,Fiyat Yok
İsimsiz,Fiyat Yok
İsimsiz,Fiyat Yok
İsimsiz,Fiyat Yok
İsimsiz,Fiyat Yok
İsimsiz,Fiyat Yok
İsimsiz,Fiyat Yok
İsimsiz,Fiyat Yok
İsimsiz,Fiyat Yok
İsimsiz,Fiyat Yok
İsimsiz,Fiyat Yok
İsimsiz,Fiyat Yok
İsimsiz,Fiyat Yok
İsimsiz,Fiyat Yok
İsimsiz,Fiyat Yok
İsimsiz,Fiyat Yok
İsimsiz,Fiyat Yok
İsimsiz,Fiyat Yok
İsimsiz,Fiyat Yok
İsimsiz,Fiyat Yok
İsimsiz,Fiyat Yok
İsimsiz,Fiyat Yok
İsimsiz,Fiyat Yok
İsimsiz,Fiyat Yok
İsimsiz,Fiyat Yok
İsimsiz,Fiyat Yok
İsimsiz,Fiyat Yok
İsimsiz,Fiyat Yok
İsimsiz,Fiyat Yok
İsimsiz,Fiyat Yok
İsimsiz,Fiyat Yok
İsimsiz,Fiyat Yok
İsimsiz,Fiyat Yok
İsimsiz,Fiyat Yok
İsimsiz,Fiyat Yok
İsimsiz,Fiyat Yok
İsimsiz,Fiyat Yok
İsimsiz,Fiyat Yok
İsimsiz,Fiyat Yok
İsimsiz,Fiyat Yok
İsimsiz,Fiyat Yok
İsimsiz,Fiyat Yok
İsimsiz,Fiyat Yok
İsimsiz,Fiyat Yok
İsimsiz,Fiyat Yok
İsimsiz,Fiyat Yok
İsimsiz,Fiyat Yok
İsimsiz,Fiyat Yok
İsimsiz,Fiyat Yok
İsimsiz,Fiyat Yok
İsimsiz,Fiyat Yok
İsimsiz,Fiyat Yok
İsimsiz,Fiyat Yok
İsimsiz,Fiyat Yok
İsimsiz,Fiyat Yok
İsimsiz,Fiyat Yok
İsimsiz,Fiyat Yok
İsimsiz,Fiyat Yok
İsimsiz,Fiyat Yok
İsimsiz,Fiyat Yok
İsimsiz,Fiyat Yok
İsimsiz,Fiyat Yok
İsimsiz,Fiyat Yok
İsimsiz,Fiyat Yok
İsimsiz,Fiyat Yok
İsimsiz,Fiyat Yok
İsimsiz,Fiyat Yok
İsimsiz,Fiyat Yok
İsimsiz,Fiyat Yok
İsimsiz,Fiyat Yok
İsimsiz,Fiyat Yok
İsimsiz,Fiyat Yok
İsimsiz,Fiyat Yok
İsimsiz,Fiyat Yok
İsimsiz,Fiyat Yok
İsimsiz,Fiyat Yok
İsimsiz,Fiyat Yok
İsimsiz,Fiyat Yok
İsimsiz,Fiyat Yok
İsimsiz,Fiyat Yok
İsimsiz,Fiyat Yok
İsimsiz,Fiyat Yok
İsimsiz,Fiyat Yok
İsimsiz,Fiyat Yok
İsimsiz,Fiyat Yok
İsimsiz,Fiyat Yok
İsimsiz,Fiyat Yok
İsimsiz,Fiyat Yok
İsimsiz,Fiyat Yok
İsimsiz,Fiyat Yok
İsimsiz,Fiyat Yok
İsimsiz,Fiyat Yok
İsimsiz,Fiyat Yok
İsimsiz,Fiyat Yok
İsimsiz,Fiyat Yok
İsimsiz,Fiyat Yok
İsimsiz,Fiyat Yok
İsimsiz,Fiyat Yok
İsimsiz,Fiyat Yok
İsimsiz,Fiyat Yok
İsimsiz,Fiyat Yok
İsimsiz,Fiyat Yok
İsimsiz,Fiyat Yok
İsimsiz,Fiyat Yok
İsimsiz,Fiyat Yok
İsimsiz,Fiyat Yok
İsimsiz,Fiyat Yok
İsimsiz,Fiyat Yok
İsimsiz,Fiyat Yok
İsimsiz,Fiyat Yok
İsimsiz,Fiyat Yok
İsimsiz,Fiyat Yok
İsimsiz,Fiyat Yok
İsimsiz,Fiyat Yok
İsimsiz,Fiyat Yok
İsimsiz,Fiyat Yok
İsimsiz,Fiyat Yok
İsimsiz,Fiyat Yok
İsimsiz,Fiyat Yok
İsimsiz,Fiyat Yok
İsimsiz,Fiyat Yok
İsimsiz,Fiyat Yok
İsimsiz,Fiyat Yok
İsimsiz,Fiyat Yok
İsimsiz,Fiyat Yok
İsimsiz,Fiyat Yok
İsimsiz,Fiyat Yok
İsimsiz,Fiyat Yok
İsimsiz,Fiyat Yok
İsimsiz,Fiyat Yok
İsimsiz,Fiyat Yok
İsimsiz,Fiyat Yok
İsimsiz,Fiyat Yok
İsimsiz,Fiyat Yok
İsimsiz,Fiyat Yok
İsimsiz,Fiyat Yok
İsimsiz,Fiyat Yok
İsimsiz,Fiyat Yok
İsimsiz,Fiyat Yok
İsimsiz,Fiyat Yok
İsimsiz,Fiyat Yok
İsimsiz,Fiyat Yok
İsimsiz,Fiyat Yok
İsimsiz,Fiyat Yok
İsimsiz,Fiyat Yok
İsimsiz,Fiyat Yok
İsimsiz,Fiyat Yok
İsimsiz,Fiyat Yok
İsimsiz,Fiyat Yok
İsimsiz,Fiyat Yok
İsimsiz,Fiyat Yok
İsimsiz,Fiyat Yok
İsimsiz,Fiyat Yok
İsimsiz,Fiyat Yok
İsimsiz,Fiyat Yok
İsimsiz,Fiyat Yok
İsimsiz,Fiyat Yok
İsimsiz,Fiyat Yok
İsimsiz,Fiyat Yok
İsimsiz,Fiyat Yok
İsimsiz,Fiyat Yok
İsimsiz,Fiyat Yok
İsimsiz,Fiyat Yok
İsimsiz,Fiyat Yok
İsimsiz,Fiyat Yok
İsimsiz,Fiyat Yok
İsimsiz,Fiyat Yok
İsimsiz,Fiyat Yok
İsimsiz,Fiyat Yok
İsimsiz,Fiyat Yok
İsimsiz,Fiyat Yok
İsimsiz,Fiyat Yok
İsimsiz,Fiyat Yok
İsimsiz,Fiyat Yok
İsimsiz,Fiyat Yok
İsimsiz,Fiyat Yok
İsimsiz,Fiyat Yok
İsimsiz,Fiyat Yok
İsimsiz,Fiyat Yok
İsimsiz,Fiyat Yok
İsimsiz,Fiyat Yok
İsimsiz,Fiyat Yok
İsimsiz,Fiyat Yok
İsimsiz,Fiyat Yok
İsimsiz,Fiyat Yok
İsimsiz,Fiyat Yok
İsimsiz,Fiyat Yok
İsimsiz,Fiyat Yok
İsimsiz,Fiyat Yok
İsimsiz,Fiyat Yok
İsimsiz,Fiyat Yok
İsimsiz,Fiyat Yok
İsimsiz,Fiyat Yok
İsimsiz,Fiyat Yok
İsimsiz,Fiyat Yok
İsimsiz,Fiyat Yok
İsimsiz,Fiyat Yok
İsimsiz,Fiyat Yok
İsimsiz,Fiyat Yok
İsimsiz,Fiyat Yok
İsimsiz,Fiyat Yok
İsimsiz,Fiyat Yok
İsimsiz,Fiyat Yok
İsimsiz,Fiyat Yok
İsimsiz,Fiyat Yok
İsimsiz,Fiyat Yok
İsimsiz,Fiyat Yok
İsimsiz,Fiyat Yok
İsimsiz,Fiyat Yok
İsimsiz,Fiyat Yok
İsimsiz,Fiyat Yok
İsimsiz,Fiyat Yok
İsimsiz,Fiyat Yok
İsimsiz,Fiyat Yok
İsimsiz,Fiyat Yok
İsimsiz,Fiyat Yok
İsimsiz,Fiyat Yok
İsimsiz,Fiyat Yok
İsimsiz,Fiyat Yok
İsimsiz,Fiyat Yok
İsimsiz,Fiyat Yok
İsimsiz,Fiyat Yok
İsimsiz,Fiyat Yok
İsimsiz,Fiyat Yok
İsimsiz,Fiyat Yok
İsimsiz,Fiyat Yok
İsimsiz,Fiyat Yok
İsimsiz,Fiyat Yok
İsimsiz,Fiyat Yok
İsimsiz,Fiyat Yok
İsimsiz,Fiyat Yok
İsimsiz,Fiyat Yok
İsimsiz,Fiyat Yok
İsimsiz,Fiyat Yok
İsimsiz,Fiyat Yok
İsimsiz,Fiyat Yok
İsimsiz,Fiyat Yok
İsimsiz,Fiyat Yok
İsimsiz,Fiyat Yok
İsimsiz,Fiyat Yok
İsimsiz,Fiyat Yok
İsimsiz,Fiyat Yok
İsimsiz,Fiyat Yok
İsimsiz,Fiyat Yok
İsimsiz,Fiyat Yok
İsimsiz,Fiyat Yok
İsimsiz,Fiyat Yok
İsimsiz,Fiyat Yok
İsimsiz,Fiyat Yok
İsimsiz,Fiyat Yok
İsimsiz,Fiyat Yok
İsimsiz,Fiyat Yok
İsimsiz,Fiyat Yok
İsimsiz,Fiyat Yok
İsimsiz,Fiyat Yok
İsimsiz,Fiyat Yok
İsimsiz,Fiyat Yok
İsimsiz,Fiyat Yok
İsimsiz,Fiyat Yok
İsimsiz,Fiyat Yok
İsimsiz,Fiyat Yok
İsimsiz,Fiyat Yok
İsimsiz,Fiyat Yok
İsimsiz,Fiyat Yok
İsimsiz,Fiyat Yok
İsimsiz,Fiyat Yok
İsimsiz,Fiyat Yok
İsimsiz,Fiyat Yok
İsimsiz,Fiyat Yok
İsimsiz,Fiyat Yok
İsimsiz,Fiyat Yok
İsimsiz,Fiyat Yok
İsimsiz,Fiyat Yok
İsimsiz,Fiyat Yok
İsimsiz,Fiyat Yok
İsimsiz,Fiyat Yok
İsimsiz,Fiyat Yok
İsimsiz,Fiyat Yok
İsimsiz,Fiyat Yok
İsimsiz,Fiyat Yok
İsimsiz,Fiyat Yok
İsimsiz,Fiyat Yok
İsimsiz,Fiyat Yok
İsimsiz,Fiyat Yok
İsimsiz,Fiyat Yok
İsimsiz,Fiyat Yok
İsimsiz,Fiyat Yok
İsimsiz,Fiyat Yok
İsimsiz,Fiyat Yok
İsimsiz,Fiyat Yok
İsimsiz,Fiyat Yok
İsimsiz,Fiyat Yok
İsimsiz,Fiyat Yok
İsimsiz,Fiyat Yok
İsimsiz,Fiyat Yok
İsimsiz,Fiyat Yok
İsimsiz,Fiyat Yok
İsimsiz,Fiyat Yok
İsimsiz,Fiyat Yok
İsimsiz,Fiyat Yok
İsimsiz,Fiyat Yok
İsimsiz,Fiyat Yok
İsimsiz,Fiyat Yok
İsimsiz,Fiyat Yok
İsimsiz,Fiyat Yok
İsimsiz,Fiyat Yok
İsimsiz,Fiyat Yok
İsimsiz,Fiyat Yok
İsimsiz,Fiyat Yok
İsimsiz,Fiyat Yok
İsimsiz,Fiyat Yok
İsimsiz,Fiyat Yok
İsimsiz,Fiyat Yok
İsimsiz,Fiyat Yok
İsimsiz,Fiyat Yok
İsimsiz,Fiyat Yok
İsimsiz,Fiyat Yok
İsimsiz,Fiyat Yok
İsimsiz,Fiyat Yok
İsimsiz,Fiyat Yok
İsimsiz,Fiyat Yok
İsimsiz,Fiyat Yok
İsimsiz,Fiyat Yok
İsimsiz,Fiyat Yok
İsimsiz,Fiyat Yok
İsimsiz,Fiyat Yok
İsimsiz,Fiyat Yok
İsimsiz,Fiyat Yok
İsimsiz,Fiyat Yok
İsimsiz,Fiyat Yok
İsimsiz,Fiyat Yok
İsimsiz,Fiyat Yok
İsimsiz,Fiyat Yok
İsimsiz,Fiyat Yok
İsimsiz,Fiyat Yok
İsimsiz,Fiyat Yok
İsimsiz,Fiyat Yok
İsimsiz,Fiyat Yok
İsimsiz,Fiyat Yok
İsimsiz,Fiyat Yok
İsimsiz,Fiyat Yok
İsimsiz,Fiyat Yok
İsimsiz,Fiyat Yok
İsimsiz,Fiyat Yok
İsimsiz,Fiyat Yok
İsimsiz,Fiyat Yok
İsimsiz,Fiyat Yok
İsimsiz,Fiyat Yok
İsimsiz,Fiyat Yok
İsimsiz,Fiyat Yok
İsimsiz,Fiyat Yok
İsimsiz,Fiyat Yok
İsimsiz,Fiyat Yok
İsimsiz,Fiyat Yok
İsimsiz,Fiyat Yok
İsimsiz,Fiyat Yok
İsimsiz,Fiyat Yok
İsimsiz,Fiyat Yok
İsimsiz,Fiyat Yok
İsimsiz,Fiyat Yok
İsimsiz,Fiyat Yok
İsimsiz,Fiyat Yok
İsimsiz,Fiyat Yok
İsimsiz,Fiyat Yok
İsimsiz,Fiyat Yok
İsimsiz,Fiyat Yok
İsimsiz,Fiyat Yok
İsimsiz,Fiyat Yok
İsimsiz,Fiyat Yok
İsimsiz,Fiyat Yok
İsimsiz,Fiyat Yok
İsimsiz,Fiyat Yok
İsimsiz,Fiyat Yok
İsimsiz,Fiyat Yok
İsimsiz,Fiyat Yok
İsimsiz,Fiyat Yok
İsimsiz,Fiyat Yok
İsimsiz,Fiyat Yok
İsimsiz,Fiyat Yok
İsimsiz,Fiyat Yok
İsimsiz,Fiyat Yok
İsimsiz,Fiyat Yok
İsimsiz,Fiyat Yok
İsimsiz,Fiyat Yok
İsimsiz,Fiyat Yok
İsimsiz,Fiyat Yok
İsimsiz,Fiyat Yok
İsimsiz,Fiyat Yok
İsimsiz,Fiyat Yok
İsimsiz,Fiyat Yok
İsimsiz,Fiyat Yok
İsimsiz,Fiyat Yok
İsimsiz,Fiyat Yok
İsimsiz,Fiyat Yok
İsimsiz,Fiyat Yok
İsimsiz,Fiyat Yok
İsimsiz,Fiyat Yok
İsimsiz,Fiyat Yok
İsimsiz,Fiyat Yok
İsimsiz,Fiyat Yok
İsimsiz,Fiyat Yok
İsimsiz,Fiyat Yok
İsimsiz,Fiyat Yok
İsimsiz,Fiyat Yok
İsimsiz,Fiyat Yok
İsimsiz,Fiyat Yok
İsimsiz,Fiyat Yok
İsimsiz,Fiyat Yok
İsimsiz,Fiyat Yok
İsimsiz,Fiyat Yok
İsimsiz,Fiyat Yok
İsimsiz,Fiyat Yok
İsimsiz,Fiyat Yok
İsimsiz,Fiyat Yok
İsimsiz,Fiyat Yok
İsimsiz,Fiyat Yok
İsimsiz,Fiyat Yok
İsimsiz,Fiyat Yok
İsimsiz,Fiyat Yok
İsimsiz,Fiyat Yok
İsimsiz,Fiyat Yok
İsimsiz,Fiyat Yok
İsimsiz,Fiyat Yok
İsimsiz,Fiyat Yok
İsimsiz,Fiyat Yok
İsimsiz,Fiyat Yok
İsimsiz,Fiyat Yok
İsimsiz,Fiyat Yok
İsimsiz,Fiyat Yok
İsimsiz,Fiyat Yok
İsimsiz,Fiyat Yok
İsimsiz,Fiyat Yok
İsimsiz,Fiyat Yok
İsimsiz,Fiyat Yok
İsimsiz,Fiyat Yok
İsimsiz,Fiyat Yok
İsimsiz,Fiyat Yok
İsimsiz,Fiyat Yok
İsimsiz,Fiyat Yok
İsimsiz,Fiyat Yok
İsimsiz,Fiyat Yok
İsimsiz,Fiyat Yok
İsimsiz,Fiyat Yok
İsimsiz,Fiyat Yok
İsimsiz,Fiyat Yok
İsimsiz,Fiyat Yok
İsimsiz,Fiyat Yok
İsimsiz,Fiyat Yok
İsimsiz,Fiyat Yok
İsimsiz,Fiyat Yok
İsimsiz,Fiyat Yok
İsimsiz,Fiyat Yok
İsimsiz,Fiyat Yok
İsimsiz,Fiyat Yok
İsimsiz,Fiyat Yok
İsimsiz,Fiyat Yok
İsimsiz,Fiyat Yok
İsimsiz,Fiyat Yok
İsimsiz,Fiyat Yok
İsimsiz,Fiyat Yok
İsimsiz,Fiyat Yok
İsimsiz,Fiyat Yok
İsimsiz,Fiyat Yok
İsimsiz,Fiyat Yok
İsimsiz,Fiyat Yok
İsimsiz,Fiyat Yok
İsimsiz,Fiyat Yok
İsimsiz,Fiyat Yok
İsimsiz,Fiyat Yok
İsimsiz,Fiyat Yok
İsimsiz,Fiyat Yok
İsimsiz,Fiyat Yok
İsimsiz,Fiyat Yok
İsimsiz,Fiyat Yok
İsimsiz,Fiyat Yok
İsimsiz,Fiyat Yok
İsimsiz,Fiyat Yok
İsimsiz,Fiyat Yok
İsimsiz,Fiyat Yok
İsimsiz,Fiyat Yok
İsimsiz,Fiyat Yok
İsimsiz,Fiyat Yok
İsimsiz,Fiyat Yok
İsimsiz,Fiyat Yok
İsimsiz,Fiyat Yok
İsimsiz,Fiyat Yok
İsimsiz,Fiyat Yok
İsimsiz,Fiyat Yok
İsimsiz,Fiyat Yok
İsimsiz,Fiyat Yok
İsimsiz,Fiyat Yok
İsimsiz,Fiyat Yok
İsimsiz,Fiyat Yok
İsimsiz,Fiyat Yok
İsimsiz,Fiyat Yok
İsimsiz,Fiyat Yok
İsimsiz,Fiyat Yok
İsimsiz,Fiyat Yok
İsimsiz,Fiyat Yok
İsimsiz,Fiyat Yok
İsimsiz,Fiyat Yok
İsimsiz,Fiyat Yok
İsimsiz,Fiyat Yok
İsimsiz,Fiyat Yok
İsimsiz,Fiyat Yok
İsimsiz,Fiyat Yok
İsimsiz,Fiyat Yok
İsimsiz,Fiyat Yok
İsimsiz,Fiyat Yok
İsimsiz,Fiyat Yok
İsimsiz,Fiyat Yok
İsimsiz,Fiyat Yok
İsimsiz,Fiyat Yok
İsimsiz,Fiyat Yok
İsimsiz,Fiyat Yok
İsimsiz,Fiyat Yok
İsimsiz,Fiyat Yok
İsimsiz,Fiyat Yok
İsimsiz,Fiyat Yok
İsimsiz,Fiyat Yok
İsimsiz,Fiyat Yok
İsimsiz,Fiyat Yok
İsimsiz,Fiyat Yok
İsimsiz,Fiyat Yok
İsimsiz,Fiyat Yok
İsimsiz,Fiyat Yok
İsimsiz,Fiyat Yok
İsimsiz,Fiyat Yok
İsimsiz,Fiyat Yok
İsimsiz,Fiyat Yok
İsimsiz,Fiyat Yok
İsimsiz,Fiyat Yok
İsimsiz,Fiyat Yok
İsimsiz,Fiyat Yok
İsimsiz,Fiyat Yok
İsimsiz,Fiyat Yok
İsimsiz,Fiyat Yok
İsimsiz,Fiyat Yok
İsimsiz,Fiyat Yok
İsimsiz,Fiyat Yok
İsimsiz,Fiyat Yok
İsimsiz,Fiyat Yok
İsimsiz,Fiyat Yok
İsimsiz,Fiyat Yok
İsimsiz,Fiyat Yok
İsimsiz,Fiyat Yok
İsimsiz,Fiyat Yok
İsimsiz,Fiyat Yok
İsimsiz,Fiyat Yok
İsimsiz,Fiyat Yok
İsimsiz,Fiyat Yok
İsimsiz,Fiyat Yok
İsimsiz,Fiyat Yok
İsimsiz,Fiyat Yok
İsimsiz,Fiyat Yok
İsimsiz,Fiyat Yok
İsimsiz,Fiyat Yok
İsimsiz,Fiyat Yok
İsimsiz,Fiyat Yok
İsimsiz,Fiyat Yok
İsimsiz,Fiyat Yok
İsimsiz,Fiyat Yok
İsimsiz,Fiyat Yok
İsimsiz,Fiyat Yok
İsimsiz,Fiyat Yok
İsimsiz,Fiyat Yok
İsimsiz,Fiyat Yok
İsimsiz,Fiyat Yok
İsimsiz,Fiyat Yok
İsimsiz,Fiyat Yok
İsimsiz,Fiyat Yok
İsimsiz,Fiyat Yok
İsimsiz,Fiyat Yok
İsimsiz,Fiyat Yok
İsimsiz,Fiyat Yok
İsimsiz,Fiyat Yok
İsimsiz,Fiyat Yok
İsimsiz,Fiyat Yok
İsimsiz,Fiyat Yok
İsimsiz,Fiyat Yok
İsimsiz,Fiyat Yok
İsimsiz,Fiyat Yok
İsimsiz,Fiyat Yok
İsimsiz,Fiyat Yok
İsimsiz,Fiyat Yok
İsimsiz,Fiyat Yok
İsimsiz,Fiyat Yok
İsimsiz,Fiyat Yok
İsimsiz,Fiyat Yok
İsimsiz,Fiyat Yok
İsimsiz,Fiyat Yok
İsimsiz,Fiyat Yok
İsimsiz,Fiyat Yok
İsimsiz,Fiyat Yok
İsimsiz,Fiyat Yok
İsimsiz,Fiyat Yok
İsimsiz,Fiyat Yok
İsimsiz,Fiyat Yok
İsimsiz,Fiyat Yok
İsimsiz,Fiyat Yok
İsimsiz,Fiyat Yok
İsimsiz,Fiyat Yok
İsimsiz,Fiyat Yok
İsimsiz,Fiyat Yok
İsimsiz,Fiyat Yok
İsimsiz,Fiyat Yok
İsimsiz,Fiyat Yok
İsimsiz,Fiyat Yok
İsimsiz,Fiyat Yok
İsimsiz,Fiyat Yok
İsimsiz,Fiyat Yok
İsimsiz,Fiyat Yok
İsimsiz,Fiyat Yok
İsimsiz,Fiyat Yok
İsimsiz,Fiyat Yok
İsimsiz,Fiyat Yok
İsimsiz,Fiyat Yok
İsimsiz,Fiyat Yok
İsimsiz,Fiyat Yok
İsimsiz,Fiyat Yok
İsimsiz,Fiyat Yok
İsimsiz,Fiyat Yok
İsimsiz,Fiyat Yok
İsimsiz,Fiyat Yok
İsimsiz,Fiyat Yok
İsimsiz,Fiyat Yok
İsimsiz,Fiyat Yok
İsimsiz,Fiyat Yok
İsimsiz,Fiyat Yok
İsimsiz,Fiyat Yok
İsimsiz,Fiyat Yok
İsimsiz,Fiyat Yok
İsimsiz,Fiyat Yok
İsimsiz,Fiyat Yok
İsimsiz,Fiyat Yok
İsimsiz,Fiyat Yok
İsimsiz,Fiyat Yok
İsimsiz,Fiyat Yok
İsimsiz,Fiyat Yok
İsimsiz,Fiyat Yok
İsimsiz,Fiyat Yok
İsimsiz,Fiyat Yok
İsimsiz,Fiyat Yok
İsimsiz,Fiyat Yok
İsimsiz,Fiyat Yok
İsimsiz,Fiyat Yok
İsimsiz,Fiyat Yok
İsimsiz,Fiyat Yok
İsimsiz,Fiyat Yok
İsimsiz,Fiyat Yok
İsimsiz,Fiyat Yok
İsimsiz,Fiyat Yok
İsimsiz,Fiyat Yok
İsimsiz,Fiyat Yok
İsimsiz,Fiyat Yok
İsimsiz,Fiyat Yok
İsimsiz,Fiyat Yok
İsimsiz,Fiyat Yok
İsimsiz,Fiyat Yok
İsimsiz,Fiyat Yok
İsimsiz,Fiyat Yok
İsimsiz,Fiyat Yok
İsimsiz,Fiyat Yok
İsimsiz,Fiyat Yok
İsimsiz,Fiyat Yok
İsimsiz,Fiyat Yok
İsimsiz,Fiyat Yok
İsimsiz,Fiyat Yok
İsimsiz,Fiyat Yok
İsimsiz,Fiyat Yok
İsimsiz,Fiyat Yok
İsimsiz,Fiyat Yok
İsimsiz,Fiyat Yok
İsimsiz,Fiyat Yok
İsimsiz,Fiyat Yok
İsimsiz,Fiyat Yok
İsimsiz,Fiyat Yok
İsimsiz,Fiyat Yok
İsimsiz,Fiyat Yok
İsimsiz,Fiyat Yok
İsimsiz,Fiyat Yok
İsimsiz,Fiyat Yok
İsimsiz,Fiyat Yok
İsimsiz,Fiyat Yok
İsimsiz,Fiyat Yok
İsimsiz,Fiyat Yok
İsimsiz,Fiyat Yok
İsimsiz,Fiyat Yok
İsimsiz,Fiyat Yok
İsimsiz,Fiyat Yok
İsimsiz,Fiyat Yok
İsimsiz,Fiyat Yok
İsimsiz,Fiyat Yok
İsimsiz,Fiyat Yok
İsimsiz,Fiyat Yok
İsimsiz,Fiyat Yok
İsimsiz,Fiyat Yok
İsimsiz,Fiyat Yok
İsimsiz,Fiyat Yok
İsimsiz,Fiyat Yok
İsimsiz,Fiyat Yok
İsimsiz,Fiyat Yok
İsimsiz,Fiyat Yok
İsimsiz,Fiyat Yok
İsimsiz,Fiyat Yok
İsimsiz,Fiyat Yok
İsimsiz,Fiyat Yok
İsimsiz,Fiyat Yok
İsimsiz,Fiyat Yok
İsimsiz,Fiyat Yok
İsimsiz,Fiyat Yok
İsimsiz,Fiyat Yok
İsimsiz,Fiyat Yok
İsimsiz,Fiyat Yok
İsimsiz,Fiyat Yok
İsimsiz,Fiyat Yok
İsimsiz,Fiyat Yok
İsimsiz,Fiyat Yok
İsimsiz,Fiyat Yok
İsimsiz,Fiyat Yok
İsimsiz,Fiyat Yok
İsimsiz,Fiyat Yok
İsimsiz,Fiyat Yok
İsimsiz,Fiyat Yok
İsimsiz,Fiyat Yok
İsimsiz,Fiyat Yok
İsimsiz,Fiyat Yok
İsimsiz,Fiyat Yok
İsimsiz,Fiyat Yok
İsimsiz,Fiyat Yok
İsimsiz,Fiyat Yok
İsimsiz,Fiyat Yok
İsimsiz,Fiyat Yok
İsimsiz,Fiyat Yok
İsimsiz,Fiyat Yok
İsimsiz,Fiyat Yok
İsimsiz,Fiyat Yok
İsimsiz,Fiyat Yok
İsimsiz,Fiyat Yok
İsimsiz,Fiyat Yok
İsimsiz,Fiyat Yok
İsimsiz,Fiyat Yok
İsimsiz,Fiyat Yok
İsimsiz,Fiyat Yok
İsimsiz,Fiyat Yok
İsimsiz,Fiyat Yok
İsimsiz,Fiyat Yok
İsimsiz,Fiyat Yok
İsimsiz,Fiyat Yok
İsimsiz,Fiyat Yok
İsimsiz,Fiyat Yok
İsimsiz,Fiyat Yok
İsimsiz,Fiyat Yok
İsimsiz,Fiyat Yok
İsimsiz,Fiyat Yok
İsimsiz,Fiyat Yok
İsimsiz,Fiyat Yok
İsimsiz,Fiyat Yok
İsimsiz,Fiyat Yok
İsimsiz,Fiyat Yok
İsimsiz,Fiyat Yok
İsimsiz,Fiyat Yok
İsimsiz,Fiyat Yok
İsimsiz,Fiyat Yok
İsimsiz,Fiyat Yok
İsimsiz,Fiyat Yok
İsimsiz,Fiyat Yok
İsimsiz,Fiyat Yok
İsimsiz,Fiyat Yok
İsimsiz,Fiyat Yok
İsimsiz,Fiyat Yok
İsimsiz,Fiyat Yok
İsimsiz,Fiyat Yok
İsimsiz,Fiyat Yok
İsimsiz,Fiyat Yok
İsimsiz,Fiyat Yok
İsimsiz,Fiyat Yok
İsimsiz,Fiyat Yok
İsimsiz,Fiyat Yok
İsimsiz,Fiyat Yok
İsimsiz,Fiyat Yok
ÇANTA,₺120.950
ÇANTA,₺115.950
ÇANTA,₺115.950
ÇANTA,₺45.950
ÇANTA,₺120.950
ÇANTA,₺120.950
ÇANTA,₺95.950
ÇANTA,₺150.950
ÇANTA,₺150.950
BEYAZ SÜET AYAKKABI,₺40.950
BEYAZ DERİ AYAKKABI,₺40.950
İNDİGO SÜET AYAKKABI,₺45.950
EKRU SÜET AYAKKABI,₺40.950
BEYAZ SÜET AYAKKABI,₺50.950
BEJ DERİ AYAKKABI,₺45.950
BEJ SÜET AYAKKABI,₺45.950
YEŞİL SÜET AYAKKABI,₺45.950
TABA SÜET AYAKKABI,₺50.950
MAVİ SÜET AYAKKABI,₺50.950
YEŞİL SÜET AYAKKABI,₺45.950
BEJ SÜET TERLİK,₺45.950
TABA DERİ TERLİK,₺40.950
BEYAZ DERİ TERLİK,₺35.950
BEYAZ DERİ TERLİK,₺40.950
NATÜREL DERİ TERLİK,₺45.950
BEYAZ DERİ AYAKKABI,₺50.950
BEJ DERİ AYAKKABI,₺45.950
BEYAZ DERİ AYAKKABI,₺50.950
EKRU DERİ AYAKKABI,₺50.950
PUDRA DERİ AYAKKABI,₺50.950
BEJ SÜET AYAKKABI,₺50.950
BEJ DERİ AYAKKABI,₺50.950
BEJ DERİ AYAKKABI,₺50.950
BEJ DERİ AYAKKABI,₺45.950
TABA DERİ AYAKKABI,₺45.950
TABA DERİ AYAKKABI,₺50.950
LACİVERT DERİ AYAKKABI,₺45.950
SİYAH DERİ AYAKKABI,₺50.950
SİYAH DERİ AYAKKABI,₺50.950
SİYAH DERİ AYAKKABI,₺50.950
SPOR AYAKKABI,₺35.950
AYAKKABI,₺35.950
SPOR AYAKKABI,₺35.950
AYAKKABI,₺45.950
ÇANTA,₺60.950
ÇANTA,₺65.950
ÇANTA,₺70.950
ÇANTA,₺65.950
ÇANTA,₺65.950
ÇANTA,₺55.950
ÇANTA,₺40.950
ÇANTA,₺40.950
ÇANTA,₺50.950
CAMEL HASIR AYAKKABI,₺35.950
ÇANTA,₺65.950
ÇANTA,₺65.950
SPOR AYAKKABI,₺45.950
AYAKKABI,₺35.950
ÇANTA,₺50.950
SPOR AYAKKABI,₺35.950
ÇANTA,₺50.950
ÇANTA,₺70.950
ÇANTA,₺95.950
ÇANTA,₺125.950
ÇANTA,₺95.950
ÇANTA,₺95.950
ÇANTA,₺150.950
ÇANTA,₺85.950
ÇANTA,₺100.950
ÇANTA,₺110.950
ÇANTA,₺115.950
ÇANTA,₺100.950
ÇANTA,₺100.950
ÇANTA,₺115.950
ÇANTA,₺105.950
ÇANTA,₺100.950
ÇANTA,₺140.950
ÇANTA,₺125.950
ÇANTA,₺130.950
ÇANTA,₺65.950
ÇANTA,₺50.950
ÇANTA,₺60.950
ÇANTA,₺55.950
ÇANTA,₺60.950
ÇANTA,₺85.950
ÇANTA,₺65.950
ÇANTA,₺65.950
ÇANTA,₺35.950
ÇANTA,₺35.950
ÇANTA,₺50.950
ÇANTA,₺60.950
ÇANTA,₺60.950
ÇANTA,₺55.950
ÇANTA,₺75.950
ÇANTA,₺70.950
ÇANTA,₺60.950
ÇANTA,₺60.950
KAHVE DERİ AYAKKABI,₺30.950
KAHVE SÜET AYAKKABI,₺30.950
EKRU DERİ AYAKKABI,₺30.950
PEMBE DERİ AYAKKABI,₺30.950
MAVİ DERİ AYAKKABI,₺25.950
BEJ DERİ AYAKKABI,₺30.950
BEJ DERİ AYAKKABI,₺25.950
TABA DERİ AYAKKABI,₺30.950
BEJ SÜET SPOR AYAKKABI,₺25.950
TERLİK,₺20.950
TERLİK,₺20.950
TERLİK,₺20.950
TERLİK,₺35.950
AYAKKABI,₺35.950
TERLİK,₺30.950
ÇANTA,₺55.950
ÇANTA,₺55.950
AYAKKABI,₺45.950
ÇANTA,₺130.950
ÇANTA,₺45.950
ÇANTA,₺45.950
ÇANTA,₺55.950
ÇANTA,₺50.950
ÇANTA,₺60.950
ÇANTA,₺80.950
ÇANTA,₺130.950
ÇANTA,₺80.950
ÇANTA,₺60.950
ÇANTA,₺55.950
ÇANTA,₺50.950
ÇANTA,₺30.950
ÇANTA,₺35.950
ÇANTA,₺45.950
ÇANTA,₺50.950
NATÜREL TAŞLI AYAKKABI,₺60.950
AYAKKABI,₺75.950
AYAKKABI,₺75.950
AYAKKABI,₺75.950
ÇANTA,₺60.950
AYAKKABI,₺50.950
AYAKKABI,₺65.950
AYAKKABI,₺70.950
ÇANTA,₺60.950
PUDRA TAŞLI SANDALET,₺50.950
ÇANTA,₺85.950
AYAKKABI,₺65.950
ÇANTA,₺50.950
KAHVE-LACİVERT ÇANTA,₺69.950
BORDO DERİ AYAKKABI,₺39.950
AYAKKABI,₺55.950
ÇANTA,₺30.950
TERLİK,₺45.950
SANDALET,₺50.950
ÇANTA,₺40.950
SANDALET,₺50.950
ÇANTA,₺65.950
SANDALET,₺60.950
GRİ BABET,₺60.950
GÜMÜŞ TAŞLI AYAKKABI,₺40.950
PUDRA TAŞLI AYAKKABI,₺40.950
BEYAZ ÇANTA,₺45.950
BEYAZ ÇANTA,₺40.950
PEMBE ÇANTA,₺35.950
GRİ ÇANTA,₺45.950
GRİ ÇANTA,₺40.950
SİYAH ÇANTA,₺45.950
ÇANTA,₺45.950
ÇANTA,₺30.950
ÇANTA,₺30.950
ÇANTA,₺50.950
ÇANTA,₺60.950
ÇANTA,₺30.950
ÇANTA,₺45.950
ÇANTA,₺50.950
ÇANTA,₺50.950
ÇANTA,₺60.950
ÇANTA,₺20.950
ÇANTA,₺25.950
ÇANTA,₺25.950
ÇANTA,₺25.950
ÇANTA,₺20.950
ÇANTA,₺30.950
ÇANTA,₺35.950
TERLİK,₺25.950
TERLİK,₺28.950
SANDALET,₺30.950
TERLİK,₺28.950
TERLİK,₺30.950
TERLİK,₺30.950
Terlik,₺20.950
TERLİK,₺28.950
SANDALET,₺30.950
SANDALET,₺30.950
SANDALET,₺25.950
SANDALET,₺30.950
SANDALET,₺25.950
ÇANTA,₺65.950
ÇANTA,₺60.950
SPOR AYAKKABI,₺35.950
SPOR AYAKKABI,₺35.950
ÇANTA,₺25.950
ÇANTA,₺25.950
ÇANTA,₺18.950
ÇANTA,₺25.950
ÇANTA,₺25.950
ÇANTA,₺25.950
ÇANTA,₺25.950
ÇANTA,₺20.950
ÇANTA,₺30.950
ÇANTA,₺25.950
ÇANTA,₺20.950
ÇANTA,₺25.950
ÇANTA,₺25.950
ÇANTA,₺18.950
ÇANTA,₺25.950
ÇANTA,₺25.950
ÇANTA,₺30.950
ÇANTA,₺25.950
ÇANTA,₺25.950
ÇANTA,₺25.950
CÜZDAN,₺10.950
ÇANTA,₺40.950
ÇANTA,₺25.950
ÇANTA,₺18.950
ÇANTA,₺25.950
ÇANTA,₺35.950
ÇANTA,₺30.950
ÇANTA,₺30.950
ÇANTA,₺35.950
ÇANTA,₺30.950
ÇANTA,₺30.950
ÇANTA,₺30.950
AYAKKABI,₺40.950
AYAKKABI,₺30.950
SPOR AYAKKABI,₺22.950
BEYAZ ÇANTA,₺25.950
MAVİ ÇANTA,₺30.950
BEJ RAFYA ÇANTA,₺30.950
NATÜREL RAFYA ÇANTA,₺35.950
ÇANTA,₺25.950
ÇANTA,₺18.950
ÇANTA,₺20.950
ÇANTA,₺7.950
ÇANTA,₺7.950
ÇANTA,₺7.950
ÇANTA,₺7.950
ÇANTA,₺7.950
ÇANTA,₺10.950
ÇANTA,₺7.950
ÇANTA,₺7.950
ÇANTA,₺10.950
ÇANTA,₺7.950
ÇANTA,₺7.950
ÇANTA,₺10.950
ÇANTA,₺25.950
ÇANTA,₺30.950
ÇANTA,₺25.950
ÇANTA,₺18.950
ÇANTA,₺25.950
ÇANTA,₺25.950
CÜZDAN,₺10.950
CÜZDAN,₺15.950
ÇANTA,₺25.950
ÇANTA,₺18.950
ÇANTA,₺25.950
ÇANTA,₺30.950
ÇANTA,₺25.950
CÜZDAN,₺15.950
ÇANTA,₺30.950
ÇANTA,₺30.950
ÇANTA,₺25.950
ÇANTA,₺30.950
ÇANTA,₺18.950
ÇANTA,₺25.950
ÇANTA,₺25.950
ÇANTA,₺30.950
ÇANTA,₺35.950
ÇANTA,₺30.950
ÇANTA,₺25.950
ÇANTA,₺30.950
ÇANTA,₺35.950
ÇANTA,₺30.950
ÇANTA,₺30.950
ÇANTA,₺35.950
ÇANTA,₺25.950
ÇANTA,₺35.950
ÇANTA,₺25.950
ÇANTA,₺40.950
ÇANTA,₺40.950
ÇANTA,₺25.950
ÇANTA,₺40.950
ÇANTA,₺30.950
ÇANTA,₺35.950
ÇANTA,₺30.950
ÇANTA,₺35.950
ÇANTA,₺40.950
ÇANTA,₺30.950
ÇANTA,₺30.950
ÇANTA,₺30.950
ÇANTA,₺40.950
ÇANTA,₺35.950
ÇANTA,₺30.950
ÇANTA,₺35.950
ÇANTA,₺35.950
ÇANTA,₺40.950
ÇANTA,₺40.950
ÇANTA,₺40.950
ÇANTA,₺25.950
ÇANTA,₺35.950
ÇANTA,₺50.950
ÇANTA,₺35.950
ÇANTA,₺40.950
ÇANTA,₺35.950
ÇANTA,₺35.950
ÇANTA,₺30.950
ÇANTA,₺30.950
ÇANTA,₺30.950
ÇANTA,₺30.950
ÇANTA,₺40.950
ÇANTA,₺40.950
ÇANTA,₺30.950
ÇANTA,₺30.950
ÇANTA,₺25.950
ÇANTA,₺35.950
ÇANTA,₺12.950
SANDALET,₺15.950
TERLİK,₺15.950
ÇANTA,₺35.950
ÇANTA,₺30.950
ÇANTA,₺30.950
BEJ AYAKKABI,₺35.950
AYAKKABI,₺30.950
ÇANTA,₺25.950
ÇANTA,₺30.950
VİZON ÇANTA,₺35.950
ÇANTA,₺20.950
ÇANTA,₺20.950
ÇANTA,₺18.950
ÇANTA,₺18.950
ÇANTA,₺15.950
ÇANTA,₺15.950
ÇANTA,₺12.950
ÇANTA,₺15.950
ÇANTA,₺12.950
ÇANTA,₺15.950
ÇANTA,₺18.950
CÜZDAN,₺12.950
CÜZDAN,₺12.950
CÜZDAN,₺15.950
CÜZDAN,₺12.950
CÜZDAN,₺15.950
CÜZDAN,₺12.950
CÜZDAN,₺15.950
CÜZDAN,₺10.950
CÜZDAN,₺12.950
CÜZDAN,₺12.950
CÜZDAN,₺10.950
SİYAH SÜET ÇANTA,₺44.990
SİYAH BABET,₺19.990
BEJ DERİ BABET,₺19.990
AÇIK YEŞİL DERİ ÇANTA,₺49.975
EKRU DERİ BOT,₺23.990
BEJ DEVE YÜNÜ ÇANTA,₺29.990
BEJ DERİ AYAKKABI,₺22.990
EKRU DERİ BABET,₺17.990
BEJ SÜET SPOR AYAKKABI,₺17.990
VİZON DERİ ÇANTA,₺31.990
BEJ DERİ AYAKKABI,₺45.950
GRİ SÜET ÇANTA,₺23.990
CAMEL SÜET SNEAKER,₺17.990
KAHVE DERİ BOT,₺25.475
SİYAH DERİ BOT,₺23.990
SİYAH DERİ ÇANTA,₺23.990
EKRU ÇANTA,₺34.990
BEYAZ DERİ SNEAKER,₺14.975
KOYU GRİ SÜET SNEAKER,₺17.975
AÇIK GRİ SÜET AYAKKABI,₺17.990
BEJ SÜET BOT,₺22.975
VİZON ALPAKA YÜNLÜ DERİ ÇİZME,₺29.990
BEJ ÇİZME,₺26.990
VİZON SÜET BOT,₺19.990
BEJ DERİ AYAKKABI,₺19.975
SİYAH SÜET AYAKKABI,₺19.975
LACİVERT-EKRU AYAKKABI,₺19.975
LACİVERT DERİ AYAKKABI,₺15.990
BORDO ABİYE AYAKKABI,₺42.950
SİYAH ABİYE AYAKKABI,₺42.950
SİYAH TAŞLI ÇANTA,₺50.950
TURUNCU TAŞLI ÇANTA,₺39.950
GÜMÜŞ TAŞLI ÇANTA,₺49.950
GÜMÜŞ TAŞLI ÇANTA,₺56.950
DORE TAŞLI ÇANTA,₺50.950
SİYAH TAŞLI ÇANTA,₺49.950
SİYAH SÜET ÇANTA,₺14.990
VİZON SÜET ÇANTA,₺26.990
TABA SÜET ÇANTA,₺44.990
SİYAH DERİ ÇANTA,₺44.990
KAHVE DERİ AYAKKABI,₺16.990
SİYAH DERİ AYAKKABI,₺21.475
SİYAH DERİ BOT,₺19.990
VİZON DERİ ÇANTA,₺27.975
EKRU SÜET SNEAKER,₺15.990
SPOR AYAKKABI,₺17.990
GRİ SPOR AYAKKABI,₺19.990
BEJ DERİ AYAKKABI,₺29.990
BEJ SÜET AYAKKABI,₺26.990
LACİVERT ABİYE AYAKKABI,₺57.950
SİYAH ABİYE AYAKKABI,₺54.950
BORDO ABİYE AYAKKABI,₺54.950
DORE ABİYE AYAKKABI,₺54.950
DORE DERİ AYAKKABI,₺75.950
BEJ ABİYE AYAKKABI,₺82.950
GÜMÜŞ ABİYE AYAKKABI,₺79.950
AÇIK GRİ DERİ AYAKKABI,₺65.950
VİZON ABİYE AYAKKABI,₺85.950
KAHVE ABİYE AYAKKABI,₺75.950
SİYAH ABİYE AYAKKABI,₺42.950
SİYAH ABİYE AYAKKABI,₺67.950
SİYAH DERİ AYAKKABI,₺29.990
TABA DERİ AYAKKABI,₺29.990
SİYAH DERİ BOT,₺39.975
EKRU DERİ BOT,₺39.990
AÇIK SARI ÇANTA,₺39.950
KOYU YEŞİL ÇANTA,₺39.950
KAHVE ÇANTA,₺39.950
KAHVE ÇANTA,₺65.950
SİYAH-KAHVE ÇANTA,₺39.950
SİYAH ÇANTA,₺65.950
BRONZ TAŞLI ÇANTA,₺42.950
DORE TAŞLI ÇANTA,₺29.990
BORDO TAŞLI ÇANTA,₺59.950
BEJ ABİYE AYAKKABI,₺42.950
SİYAH AYAKKABI,₺30.950
LACİVERT SÜET AYAKKABI,₺17.475
LEOPAR DESENLİ DERİ AYAKKABI,₺11.990
EKRU BABET,₺12.990
CAMEL LOAFER,₺12.975
SİYAH DERİ LOAFER,₺11.990
KAHVE DERİ LOAFER,₺11.990
SİYAH DERİ ÇİZME,₺14.990
SİYAH DERİ ÇANTA,₺23.990
ÇANTA,₺21.990
LEOPAR DERİ ÇANTA,₺24.990
ROSE GOLD ABİYE AYAKKABI,₺60.950
BORDO ABİYE AYAKKABI,₺60.950
PETROL RUGAN AYAKKABI,₺37.950
TABA RUGAN AYAKKABI,₺34.950
LEOPAR DERİ AYAKKABI,₺45.950
SİYAH ABİYE AYAKKABI,₺27.475
SİYAH DERİ AYAKKABI,₺39.950
CAMEL SÜET BOT,₺21.990
BEYAZ DERİ AYAKKABI,₺15.990
LEOPAR DESENLİ DERİ BABET,₺15.990
SİYAH BABET,₺24.990
NATÜREL AHŞAP ÇANTA,₺25.950
AHŞAP-MERMER ÇANTA,₺25.950
BORDO DERİ LOAFER,₺17.990
CAMEL-SİYAH DERİ ÇANTA,₺26.990
SİYAH DERİ AYAKKABI,₺17.975
VİZON SÜET AYAKKABI,₺19.990
ROSE GOLD ABİYE AYAKKABI,₺39.950
SİYAH DERİ BOT,₺26.990
SİYAH DESENLİ ÇANTA,₺19.975
ÇOK RENKLİ ÇANTA,₺17.990
ÇOK RENKLİ ÇANTA,₺21.990
ÇOK RENKLİ ÇANTA,₺19.990
ÇOK RENKLİ DESENLİ ÇANTA,₺12.990
ÇOK RENKLİ DESENLİ BOT,₺16.990
SİYAH SÜET TERLİK,₺14.990
ÇOK RENKLİ ÇANTA,₺19.990
SİYAH DERİ AYAKKABI,₺16.990
ÇOK RENKLİ DESENLİ AYAKKABI,₺18.975
EKRU DERİ SNEAKER,₺13.990
ÇOK RENKLİ SNEAKER,₺14.975
EKRU DERİ AYAKKABI,₺10.990
PLATİN DERİ AYAKKABI,₺13.475
EKRU DERİ BABET,₺12.990
BEJ DERİ AYAKKABI,₺13.475
SİYAH DERİ BABET,₺9.990
GÜMÜŞ DERİ AYAKKABI,₺26.950
VİZON DERİ AYAKKABI,₺11.990
SİYAH DERİ AYAKKABI,₺24.950
SİYAH DERİ AYAKKABI,₺10.990
EKRU DERİ AYAKKABI,₺10.990
VİZON AYAKKABI,₺26.950
VİZON SÜET AYAKKABI,₺14.990
EKRU DERİ BOT,₺16.990
KAHVE SÜET ÇİZME,₺19.990
SİYAH DERİ ÇİZME,₺19.990
SİYAH DERİ ÇİZME,₺23.990
SİYAH DERİ ÇİZME,₺24.990
TABA SÜET ÇANTA,₺19.975
KAHVE LOAFER,₺7.990
ÇOK RENKLİ DESENLİ LOAFER,₺12.975
BEJ DESENLİ SNEAKER,₺9.990
EKRU DERİ BOT,₺14.975
BEJ SÜET BOT,₺12.990
CAMEL SÜET BOT,₺12.990
KAHVE BOT,₺11.990
BEJ ÇANTA,₺7.975
KOYU GRİ ÇANTA,₺12.975
EKRU ÇANTA,₺9.990
CAMEL ÇANTA,₺9.990
VİZON EKO KÜRK ÇANTA,₺11.990
HAKİ EKO KÜRK ÇANTA,₺11.990
GRİ SÜET AYAKKABI,₺7.990
CAMEL SÜET AYAKKABI,₺8.975
BEJ DERİ ÇANTA,₺17.990
ÇANTA,₺14.975
ÇANTA,₺11.475
VİZON DERİ ÇANTA,₺17.990
SİYAH DERİ ÇANTA,₺17.990
SİYAH DERİ BABET,₺12.990
SPOR AYAKKABI,₺9.975
BEJ SÜET BOT,₺19.990
SİYAH DERİ ÇANTA,₺17.990
SİYAH DERİ AYAKKABI,₺14.975
SİYAH ÇANTA,₺9.990
SİYAH ÇANTA,₺12.990
BEJ ÇANTA,₺14.990
EKRU DERİ ÇANTA,₺9.975
PUDRA DERİ ÇANTA,₺8.990
SİYAH DERİ ÇANTA,₺9.975
EKRU-SİYAH DESENLİ AYAKKABI,₺10.975
ÇOK RENKLİ DESENLİ TERLİK,₺11.975
EKRU DERİ BOT,₺11.990
SİYAH SÜET BOT,₺9.975
VİZON SÜET BOT,₺9.975
SİYAH SÜET AYAKKABI,₺7.990
KIRMIZI ÇANTA,₺6.990
KIRMIZI ÇANTA,₺5.990
CAMEL SNEAKER,₺8.990
GRİ SNEAKER,₺15.990
GRİ DERİ SNEAKER,₺8.990
ANTRASİT SNEAKER,₺14.990
BEJ DERİ AYAKKABI,₺6.490
LEOPAR DESENLİ DERİ BABET,₺8.990
KAHVE SÜET AYAKKABI,₺6.490
BEJ DERİ AYAKKABI,₺7.990
EKRU DERİ AYAKKABI,₺7.990
VİZON SÜET AYAKKABI,₺7.990
BORDO SÜET AYAKKABI,₺7.990
KAHVE SÜET AYAKKABI,₺7.990
LACİVERT DERİ AYAKKABI,₺8.475
SİYAH DERİ AYAKKABI,₺7.990
CAMEL SÜET AYAKKABI,₺7.990
GRİ SÜET AYAKKABI,₺7.990
SİYAH SÜET AYAKKABI,₺7.990
VİZON SÜET ÇİZME,₺10.990
SİYAH DERİ ÇİZME,₺10.990
SİYAH DERİ ÇİZME,₺9.990
KAHVE ÇİZME,₺19.990
SİYAH DERİ BOT,₺8.990
BEJ SÜET BOT,₺8.990
GRİ SÜET AYAKKABI,₺8.990
VİZON AYAKKABI,₺7.990
KAHVE DERİ AYAKKABI,₺6.990
BEYAZ DERİ ÇANTA,₺14.990
BEJ ÇANTA,₺14.975
VİZON DERİ ÇANTA,₺22.950
VİZON DERİ ÇANTA,₺22.950
VİZON SÜET ÇANTA,₺25.950
VİZON DERİ ÇANTA,₺25.950
GRİ DERİ ÇANTA,₺25.950
KOYU GRİ DERİ ÇANTA,₺25.950
KOYU GRİ DERİ ÇANTA,₺29.950
KAHVE DERİ ÇANTA,₺22.950
SİYAH DERİ ÇANTA,₺19.950
SİYAH DERİ ÇANTA,₺25.950
LACİVERT DERİ ÇANTA,₺25.950
SİYAH ÇAY DERİSİ ÇANTA,₺5.990
SİYAH DERİ ÇANTA,₺22.950
BAKIR DOKULU ÇANTA,₺12.950
GÜMÜŞ DOKULU ÇANTA,₺12.950
BEYAZ DOKULU ÇANTA,₺12.950
DORE DOKULU ÇANTA,₺12.950
GÜMÜŞ DOKULU ÇANTA,₺12.950
GÜMÜŞ DOKULU ÇANTA,₺12.950
ALTIN DOKULU ÇANTA,₺12.950
GÜMÜŞ DOKULU ÇANTA,₺15.950
BEJ DOKULU ÇANTA,₺15.950
LACİVERT DOKULU ÇANTA,₺15.950
SİYAH DOKULU ÇANTA,₺12.950
SİYAH DOKULU ÇANTA,₺12.950
ANTRASİT DOKULU ÇANTA,₺15.950
SİYAH DOKULU ÇANTA,₺12.950
DORE DOKULU ÇANTA,₺15.950
LACİVERT DOKULU ÇANTA,₺15.950
GÜMÜŞ DOKULU ÇANTA,₺12.950
SİYAH DOKULU ÇANTA,₺12.950
SİYAH DOKULU ÇANTA,₺12.950
SİYAH DOKULU ÇANTA,₺15.950
KOYU GRİ DOKULU ÇANTA,₺15.950
SİYAH DERİ ABİYE AYAKKABI,₺12.950
GÜMÜŞ DERİ ABİYE AYAKKABI,₺12.950
VİZON DERİ CÜZDAN,₺6.950
GRİ DERİ CÜZDAN,₺6.395
BEJ DERİ KARTLIK,₺4.750
VİZON DERİ CÜZDAN,₺6.095
VİZON DERİ CÜZDAN,₺6.395
KIRMIZI DERİ KARTLIK,₺4.750
LACİVERT DERİ CÜZDAN,₺7.450
LACİVERT DERİ CÜZDAN,₺6.395
LACİVERT DERİ CÜZDAN,₺6.950
SİYAH DERİ CÜZDAN,₺6.950
SİYAH DERİ CÜZDAN,₺6.395
SİYAH DERİ CÜZDAN,₺6.095
SİYAH DERİ CÜZDAN,₺7.450
SİYAH DERİ BOT,₺10.975
CAMEL SÜET BOT,₺19.990
VİZON SÜET AYAKKABI,₺17.990
KAHVE DERİ AYAKKABI,₺19.975
VİZON CÜZDAN,₺6.490
SİYAH DERİ ÇANTA,₺39.990
GÜMÜŞ ÇANTA,₺12.990
ANTRASİT PANTOLON,₺8.975
BEJ KISA KOLLU BLUZ,₺10.238
AÇIK HAKİ BORU PAÇA PANTOLON,₺11.975
AÇIK MAVİ CEKET,₺19.475
KAHVE PANTOLON,₺21.353
BEJ TRİKO,₺18.475
MAVİ TRİKO,₺14.475
PANTOLON,₺9.125
SİYAH BORU PAÇA PANTOLON,₺5.100
SCHILD TRİKO,₺24.250
STAR DUST TRİKO,₺25.950
SİYAH DAR PAÇA PANTOLON,₺5.378
MOMENTS MONT,₺73.250
KREM ASKILI BLUZ,₺15.975
LACİVERT CEKET,₺11.228
LACİVERT BOL PAÇA PANTOLON,₺9.500
ALTIN İPEK ETEK,₺53.475
SCHILD TRİKO,₺24.250
AÇIK KREM DESENLİ TRİKO,₺7.450
GRİ MELANJ BORU PAÇA YÜN PANTOLON,₺14.125
ÇOK RENKLİ CEKET,₺9.878
MAVİ ETEK,₺8.225
KREM GÖMLEK,₺6.900
YEŞİL ASİMETRİK ELBİSE,₺13.125
ANTRASİT BORU PAÇA ORGANİK PAMUK PANTOLON,₺6.725
TIGNES KAYAK TULUMU,₺79.450
TAŞ DESENLİ YÜN TRİKO,₺10.778
PISTE SWEATER TRİKO,₺24.250
AÇIK YEŞİL BOL PAÇA PANTOLON,₺15.475
PANTOLON,₺8.978
ANTRASİT KABAN,₺17.975
AÇIK MAVİ BOL PAÇA PANTOLON,₺8.888
AÇIK MAVİ DÜĞMELİ CEKET,₺14.828
JG KAYAK SALOPETİ,₺56.750
BEYAZ BORU PAÇA PANTOLON,₺13.225
LACİVERT ETEK,₺24.975
BEJ TRENÇKOT,₺31.478
JG KAYAK TULUMU,₺70.450
LACİVERT DÜĞMELİ CEKET,₺31.975
ALTIN UZUN KOLLU BLUZ,₺53.475
BORDO KABAN,₺14.828
SCHILD APRES TRİKO,₺24.250
APRES TRİKO,₺24.250
AÇIK MAVİ DESENLİ TRİKO,₺8.300
POLAR FLARE MONT,₺45.950
SCHILD APRES TRİKO,₺24.250
SİYAH DESENLİ UZUN KOLLU BLUZ,₺5.450
KREM TRİKO,₺20.475
MAVİ BOL PAÇA PANTOLON,₺12.975
SİYAH CEKET,₺14.513
AÇIK YEŞİL TRENÇKOT,₺24.475
TURUNCU ETEK,₺17.078
AURORA KAYAK PANTOLONU,₺33.750
MAVİ ELBİSE,₺11.975
EKRU BLUZ,₺23.975
LACİVERT BOL PAÇA PANTOLON,₺16.950
EKRU DESENLİ MİDİ ELBİSE,₺88.625
KOYU GRİ BLUZ,₺19.375
MAVİ BOL PAÇA PANTOLON,₺6.525
AÇIK MAVİ MİNİ ELBİSE,₺12.225
SİYAH DESENLİ MİDİ ELBİSE,₺46.475
LACİVERT YELEK,₺10.328
SİYAH UZUN KOLLU BLUZ,₺12.225
PANTOLON,₺16.403
SİYAH ETEK,₺16.125
KOYU MAVİ BOL PAÇA PANTOLON,₺7.875
TURUNCU BLUZ,₺14.475
PANTOLON,₺7.250
KREM ELBİSE,₺29.975
AÇIK KAHVE ETEK,₺15.975
KOYU GRİ ETEK,₺27.725
MAVİ BOL PAÇA PANTOLON,₺17.722
BORDO ELBİSE,₺11.475
ANTRASİT ETEK,₺21.578
SİYAH ELBİSE,₺28.913
AÇIK PEMBE KUPRO ETEK,₺34.975
KOYU MOR MAXİ ELBİSE,₺16.538
MAVİ ELBİSE,₺11.975
LACİVERT KISA KOLLU BLUZ,₺6.625
EKRU BORU PAÇA ORGANİK PAMUK PANTOLON,₺6.053
MAVİ BOL PAÇA PANTOLON,₺11.475
HAKİ MİDİ ELBİSE,₺37.975
ANTRASİT BORU PAÇA PANTOLON,₺8.375
MAVİ BORU PAÇA PANTOLON,₺18.950
BEYAZ BOL PAÇA PANTOLON,₺12.725
AÇIK MAVİ BORU PAÇA PANTOLON,₺14.000
AÇIK PEMBE KOLSUZ BLUZ,₺28.475
KOYU GRİ BOL PAÇA PANTOLON,₺9.475
AÇIK MAVİ BORU PAÇA PANTOLON,₺16.750
KOYU LACİVERT BORU PAÇA PANTOLON,₺9.975
KOYU MAVİ BOL PAÇA PANTOLON,₺9.475
MAVİ BORU PAÇA PANTOLON,₺16.950
LACİVERT BLUZ,₺21.975
ÇOK RENKLİ CEKET,₺23.625
KREM BOL PAÇA PANTOLON,₺7.178
MAVİ PANTOLON,₺13.225
KAHVE BLUZ,₺22.928
AÇIK KAHVE CEKET,₺28.778
PANTOLON,₺13.950
LACİVERT BORU PAÇA PANTOLON,₺21.950
BEYAZ BORU PAÇA PANTOLON,₺21.950
EVIL EYE DECO ÇANTA,₺105.800
PANDORA MINI ÇANTA,₺30.000
BORDO DERİ ÇANTA,₺36.725
FLEX MINI ÇANTA,₺22.500
LE CAMBON 40 ÇANTA,₺45.700
SİYAH DERİ ÇANTA,₺27.500
SİYAH ÇANTA,₺18.500
HAKİ ÇANTA,₺45.700
SMALL NAOMI ÇANTA,₺27.000
FLEX MINI ÇANTA,₺22.500
MINI SERA TOTE ÇANTA,₺23.000
AÇIK KREM DERİ ÇANTA,₺22.500
HAKİ ÇANTA,₺25.225
LE CAMBON 40 ÇANTA,₺45.700
KIRMIZI DERİ ÇANTA,₺26.225
LE CAMBON 25 ÇANTA,₺31.250
AÇIK KAHVE ÇANTA,₺15.125
MINI SERA TOTE ÇANTA,₺23.000
SİYAH DERİ ÇANTA,₺23.603
MINI TOTE ÇANTA,₺31.000
FLEX MINI ÇANTA,₺22.500
MINI SERA TOTE ÇANTA,₺23.000
PANDORA MINI ÇANTA,₺22.500
GALA ÇANTA,₺36.750
GALA ÇANTA,₺36.750
LE CAMBON 35 ÇANTA,₺38.600
SİYAH ÇANTA,₺19.500
SİYAH ÇANTA,₺27.600
KAHVE DERİ ÇANTA,₺27.000
ISLA WIDE TOTE ÇANTA,₺28.500
SMALL NAOMI ÇANTA,₺27.000
MEGA FROG DECO ÇANTA,₺105.800
FLEX MINI ÇANTA,₺22.500
SİYAH DERİ ÇANTA,₺34.975
LE CAMBON ÇANTA,₺34.650
AÇIK KAHVE ÇANTA,₺10.475
MINI SERA TOTE ÇANTA,₺23.000
SERA MIA ÇANTA,₺27.500
KAHVE DERİ ÇANTA,₺27.000
KAHVE ÇANTA,₺19.225
BEJ ÇANTA,₺14.475
LE CAMBON 35 ÇANTA,₺38.600
SERA MIA ÇANTA,₺27.000
SERA TOTE ÇANTA,₺29.500
LE CAMBON 35 ÇANTA,₺38.600
LE CAMBON 40 ÇANTA,₺45.700
LE CAMBON ÇANTA,₺47.000
EKRU ÇANTA,₺21.500
BORDO ÇANTA,₺30.000
KAHVE DERİ AYAKKABI,₺13.928
SİYAH RUGAN AYAKKABI,₺15.728
KAHVE DERİ AYAKKABI,₺20.453
BEJ RUGAN AYAKKABI,₺17.078
SİYAH SATEN İPEK AYAKKABI,₺32.475
GÜMÜŞ AYAKKABI,₺26.225
HAKİ DERİ AYAKKABI,₺13.478
SİYAH SÜET AYAKKABI,₺21.803
KOYU KAHVE VİSKOZ AYAKKABI,₺23.153
SİYAH VİSKOZ AYAKKABI,₺27.428
EKRU DERİ AYAKKABI,₺13.928
SİYAH DERİ AYAKKABI,₺15.475
KAHVE DERİ AYAKKABI,₺18.975
KIZIL KAHVE RUGAN AYAKKABI,₺17.078
SİYAH AYAKKABI,₺15.625
SİYAH VİSKOZ AYAKKABI,₺22.475
SİYAH VİSKOZ AYAKKABI,₺22.475
SİYAH DERİ AYAKKABI,₺25.375
SİYAH AYAKKABI,₺16.375
BORDO AYAKKABI,₺12.488
SİYAH AYAKKABI,₺19.225
SİYAH AYAKKABI,₺45.950
KIZIL KAHVE DERİ AYAKKABI,₺47.950
SİYAH ÇİZME,₺20.678
SİYAH DERİ TOPUKLU BOT,₺23.603
KOYU HAKİ SÜET TOPUKLU ÇİZME,₺33.725
KOYU YEŞİL BOT,₺14.828
KAHVE DERİ ÇİZME,₺25.975
SİYAH AYAKKABI,₺21.375
KIZIL KAHVE DERİ ÇİZME,₺28.475
BEJ DERİ ÇİZME,₺20.475
SİYAH DERİ ÇİZME,₺16.475
SİYAH DERİ BOT,₺21.038
SİYAH BOT,₺33.725
SİYAH AYAKKABI,₺21.375
KOYU HAKİ CEKET,₺26.663
GRİ DÜĞMELİ CEKET,₺14.828
APRES BOMBER MONT,₺91.750
SİYAH CEKET,₺38.228
NUUK ÇOCUK MONTU,₺34.950
SİYAH KABAN,₺16.178
LACİVERT CEKET,₺13.975
KENNIE ÇOCUK MONTU,₺17.225
BEJ DÜĞMELİ YÜN CEKET,₺39.938
CORTINA MONT,₺79.450
MAVİ DÜĞMELİ CEKET,₺14.475
KAHVE DÜĞMELİ CEKET,₺10.975
AÇIK GRİ KABAN,₺46.475
NEFI-FZ MONT,₺35.125
SİYAH CEKET,₺34.725
HAKİ KABAN,₺46.975
SİYAH CEKET,₺18.203
SİYAH DÜĞMELİ CEKET,₺48.353
JESSE ÇOCUK MONTU,₺15.975
SİYAH DÜĞMELİ CEKET,₺15.053
KAHVE FERMUARLI CEKET,₺74.363
ÇOK RENKLİ FERMUARLI CEKET,₺15.475
LACİVERT DÜĞMELİ CEKET,₺92.950
LILIBETH MONT,₺77.725
LACİVERT MONT,₺55.950
ALLANIS ÇOCUK MONTU,₺20.225
POLAR MONT,₺50.450
MOMENTS MONT,₺73.250
BORDO KABAN,₺16.475
KOYU MOR KEMERLİ CEKET,₺16.475
LACİVERT DÜĞMELİ CEKET,₺15.053
TAŞ YÜN CEKET,₺26.225
SİYAH DÜĞMELİ CEKET,₺18.625
LACİVERT CEKET,₺26.303
POLAR FLARE MONT,₺50.450
HAKİ YÜN KABAN,₺35.975
SİYAH DÜĞMELİ YÜN CEKET,₺51.225
BEJ FERMUARLI CEKET,₺12.375
SİYAH DÜĞMELİ CEKET,₺79.975
OLIVE MONT,₺63.250
NUUK ÇOCUK MONTU,₺34.950
KAHVE KABAN,₺17.528
PAYA KABAN,₺31.625
KREM KABAN,₺16.475
KOYU GRİ KABAN,₺12.975
ALLANIS ÇOCUK MONTU,₺20.225
POLAR FLARE MONT,₺45.950
JESSE ÇOCUK MONTU,₺15.725
KAHVE CEKET,₺16.475
NEFI-FZ MONT,₺35.125
SİYAH CEKET,₺28.225
SİYAH CEKET,₺10.975
PAYA MONT,₺63.250
KREM MONT,₺36.450
KOYU KAHVE DÜĞMELİ CEKET,₺24.475
KENNIE ÇOCUK MONTU,₺17.225
BEYAZ DÜĞMELİ CEKET,₺11.453
AÇIK KAHVE DÜĞMELİ YÜN CEKET,₺16.475
POLAR FLARE MONT,₺45.950
ZEFIR ÇOCUK MONTU,₺14.225
ANTRASİT KABAN,₺16.178
AÇIK GRİ DÜĞMELİ CEKET,₺27.625
ÇOK RENKLİ MİNİ ELBİSE,₺27.975
SKI ÇOCUK KAZAĞI,₺12.950
LACİVERT PANTOLON,₺9.975
KOYU KAHVE BORU PAÇA PANTOLON,₺20.475
KIZIL KAHVE ETEK,₺15.638
MAVİ PANTOLON,₺23.375
EKRU ELBİSE,₺26.528
AURORA KAYAK PANTOLONU,₺45.950
KAHVE MAXİ ELBİSE,₺9.400
BEJ TRUVAKAR BLUZ,₺20.625
CHUNKY CHEVRON TRİKO,₺25.950
KIZIL KAHVE DESENLİ TRİKO,₺5.900
KREM DANTELLİ MİDİ ELBİSE,₺96.188
SİYAH ELBİSE,₺44.975
KİREMİT TRİKO,₺21.975
KAHVE DESENLİ MİNİ ELBİSE,₺17.213
AURORA KAYAK PANTOLONU,₺33.750
CEYLA KABAN,₺40.875
LİLA ÇİÇEK DESENLİ KISA ELBİSE,₺32.125
SİYAH BORU PAÇA VİSKON PANTOLON,₺24.475
AURORA ÇOCUK KAYAK PANTOLONU,₺21.950
SİYAH MİDİ ELBİSE,₺13.253
SİYAH BORU PAÇA DERİ PANTOLON,₺28.975
MÜRDÜM ELBİSE,₺30.038
SİYAH ELBİSE,₺41.828
STAR DUST TRİKO,₺25.950
KAHVE ELBİSE,₺21.578
CHOPPER TRİKO,₺24.250
KAHVE ASİMETRİK ELBİSE,₺10.800
SİYAH MİDİ ELBİSE,₺18.375
ÇOK RENKLİ LİYOSEL PANTOLON,₺7.975
CAMEL PANTOLON,₺22.125
KREM KAZAK,₺9.725
AÇIK GRİ PANTOLON,₺17.725
MAVİ ELBİSE,₺12.975
BORDO BLUZ,₺10.103
SİYAH BLUZ,₺10.463
GRİ BORU PAÇA PANTOLON,₺8.200
İNDİGO ELBİSE,₺18.125
KAHVE MAXİ ELBİSE,₺42.950
KAHVE BORU PAÇA DERİ PANTOLON,₺28.975
KAHVE BLUZ,₺16.725
SİYAH YÜN TRİKO,₺41.725
KOYU YEŞİL MAXİ ELBİSE,₺45.875
LACİVERT DAR PAÇA PANTOLON,₺9.600
KREM ETEK,₺9.788
LACİVERT YÜN PANTOLON,₺19.975
KOYU MAVİ PANTOLON,₺18.338
BEYAZ GÖMLEK,₺12.263
MAVİ DESENLİ MAXİ ELBİSE,₺28.475
SİYAH PANTOLON,₺19.725
AÇIK MAVİ BOL PAÇA PANTOLON,₺13.975
KOYU KAHVE BORU PAÇA PANTOLON,₺17.475
KUM MİDİ ELBİSE,₺13.875
MAVİ GÖMLEK,₺19.913
EKRU YÜN TRİKO,₺19.475
KOYU MAVİ ETEK,₺13.975
ÇOK RENKLİ UZUN KOLLU BLUZ,₺14.975
MAVİ BORU PAÇA PANTOLON,₺13.253
KREM ETEK,₺7.900
LİLA ELBİSE,₺27.338
MAVİ PANTOLON,₺19.913
SİYAH VİSKOZ PANTOLON,₺27.203
MAVİ GÖMLEK,₺9.428
STAR DUST ÇOCUK KAZAĞI,₺14.750
SİYAH ELBİSE,₺17.100
KOYU KREM DESENLİ MİNİ ELBİSE,₺48.875
SİYAH BORU PAÇA PANTOLON,₺36.113
LACİVERT VİSKON TRİKO,₺12.713
MAVİ BORU PAÇA PANTOLON,₺11.003
KAHVE BORU PAÇA YÜN PANTOLON,₺23.378
SİYAH UZUN KOLLU BLUZ,₺16.628
KREM DANTELLİ MİDİ ELBİSE,₺50.375
YEŞİL ETEK,₺16.225
SİYAH GÖMLEK,₺23.125
APRES TRİKO,₺24.250
HERRINGBONE TRİKO,₺27.450
SİYAH MİDİ ELBİSE,₺22.975
AURORA KAYAK PANTOLONU,₺45.950
KOYU YEŞİL ETEK,₺9.975
KIRMIZI BLUZ,₺8.590
BEYAZ MİDİ ELBİSE,₺21.625
HAKİ DESENLİ MİNİ ELBİSE,₺35.950
TURUNCU ELBİSE,₺36.125
SİYAH DESENLİ UZUN KOLLU BLUZ,₺24.725
YEŞİL MİDİ ELBİSE,₺28.975
KAHVE GÖMLEK,₺18.563
LACİVERT PANTOLON,₺20.903
SİYAH ELBİSE,₺21.128
KOYU GRİ ETEK,₺16.975
SİYAH PANTOLON,₺39.578
PETROL MİNİ ELBİSE,₺17.975
KAHVE ASİMETRİK ELBİSE,₺9.600
CAMEL MİNİ ELBİSE,₺8.753
AURORA ÇOCUK KAYAK PANTOLONU,₺21.950
AÇIK PEMBE ELBİSE,₺41.288
GRİ ÇİÇEK DESENLİ GÖMLEK,₺7.900
TAŞ PANTOLON,₺25.475
AÇIK YEŞİL YÜN TRİKO,₺12.225
HARDAL ELBİSE,₺24.638
KIZIL KAHVE TRİKO,₺15.125
SİYAH BORU PAÇA PANTOLON,₺9.563
HOLIDAY ROLL TRİKO,₺24.250
EKRU UZUN KOLLU BLUZ,₺33.625
SİYAH ELBİSE,₺16.125
LACİVERT BORU PAÇA PANTOLON,₺8.375
BEJ ÇİÇEK DESENLI KISA ELBİSE,₺48.875
KOYU YEŞİL YÜN TRİKO,₺15.625
BEYAZ GÖMLEK,₺15.125
KOYU KAHVE MİDİ ELBİSE,₺11.228
NEVE TRİKO,₺24.250
ÇOK RENKLİ ÇİÇEK DESENLİ GÖMLEK,₺7.975
EKRU BORU PAÇA VİSKON PANTOLON,₺22.028
SİYAH GÖMLEK,₺8.225
SİYAH MİNİ ELBİSE,₺10.238
LACİVERT ETEK,₺8.475
HAKİ GÖMLEK,₺9.700
SİYAH ETEK,₺28.975
KIRMIZI DESENLİ MİDİ ELBİSE,₺27.475
AÇIK MAVİ EKOSE YÜN TRİKO,₺25.628
KAHVE MİDİ ELBİSE,₺21.038
LACİVERT ELBİSE,₺18.563
SİYAH TRİKO,₺14.475
SİYAH KOLSUZ BLUZ,₺12.975
LA TOUR TRİKO,₺25.950
ANTRASİT MİNİ ELBİSE,₺8.753
SCHILD CORTINA TRİKO,₺24.250
STAR DUST TRİKO,₺25.950
BORDO VİSKOZ PANTOLON,₺30.225
ÇOK RENKLİ BLUZ,₺8.725
LACİVERT MİNİ ELBİSE,₺20.625
GÜMÜŞ ELBİSE,₺23.225
ÇOK RENKLİ MİNİ ELBİSE,₺14.975
MAVİ ELBİSE,₺13.125
SİYAH YÜN PANTOLON,₺24.375
EKRU MİNİ ELBİSE,₺14.475
SİYAH MAXİ ELBİSE,₺11.003
KREM DESENLİ MİNİ ELBİSE,₺59.288
BEJ YÜN TRİKO,₺11.125
SİYAH MİNİ ELBİSE,₺25.725
SİYAH VİSKOZ PANTOLON,₺30.225
YEŞİL PANTOLON,₺17.888
KREM MAXİ ELBİSE,₺50.975
GRİ TRİKO,₺27.625
SİYAH BLUZ,₺4.163
AURORA ÇOCUK KAYAK PANTOLONU,₺21.950
EKRU ETEK,₺12.128
SİYAH PANTOLON,₺28.750
SİYAH ELBİSE,₺5.875
EKRU DÜĞMELİ YÜN CEKET,₺26.078
GRİ MELANJ MİDİ ELBİSE,₺13.975
CHUNKY HOUNDSTOOTH TRİKO,₺27.450
SİYAH YÜN PANTOLON,₺22.725
KIZIL KAHVE DESENLİ ASİMETRİK ELBİSE,₺7.900
SİYAH BORU PAÇA YÜN PANTOLON,₺11.773
SİYAH ETEK,₺14.125
SİYAH BODY,₺17.978
KAHVE ASKILI BLUZ,₺7.000
1/4 FERMUARLI BASE LAYER BLUZ,₺13.750
SİYAH VİSKOZ TRİKO,₺5.725
SCHILD TRİKO,₺24.250
YEŞİL GÖMLEK,₺22.125
KREM ETEK,₺10.725
KREM TRİKO,₺10.725
YEŞİL BOL PAÇA VİSKOZ PANTOLON,₺7.800
KAHVE BORU PAÇA PANTOLON,₺15.053
SİYAH TÜLLÜ ELBİSE,₺87.125
AURORA ÇOCUK KAYAK PANTOLONU,₺21.950
MAVİ BORU PAÇA PANTOLON,₺13.028
LACİVERT BLUZ,₺11.000
SİYAH ELBİSE,₺17.125
KIZIL KAHVE BORU PAÇA PANTOLON,₺5.100
SİYAH BORU PAÇA PANTOLON,₺17.978
SİYAH UZUN KOLLU BLUZ,₺17.213
EKRU TRİKO,₺10.328
SİYAH BLUZ,₺9.428
KREM ELBİSE,₺28.328
KAHVE MİDİ ELBİSE,₺47.975
BORDO YÜN TRİKO,₺18.725
1/4 FERMUARLI IÇLIK BLUZ,₺13.750
ÇOK RENKLİ UZUN KOLLU BLUZ,₺7.900
SİYAH BORU PAÇA PANTOLON,₺15.975
AÇIK GRİ YÜN PANTOLON,₺22.725
KAHVE BORU PAÇA PANTOLON,₺15.413
KAHVE BORU PAÇA PANTOLON,₺10.475
BEJ BLUZ,₺8.590
SİYAH BLUZ,₺24.278
SİYAH BOL PAÇA PANTOLON,₺13.928
AÇIK PEMBE ELBİSE,₺26.078
SİYAH ELBİSE,₺17.100
BEJ BOL PAÇA YÜN PANTOLON,₺20.678
JEAN PANTOLON,₺7.875
KOYU MOR BORU PAÇA PANTOLON,₺10.725
BEJ BORU PAÇA YÜN PANTOLON,₺17.975
EKRU MAXİ ELBİSE,₺17.625
SİYAH BORU PAÇA PANTOLON,₺15.413
LACİVERT PANTOLON,₺12.425
SİYAH ELBİSE,₺12.225
GRİ MOHER TRİKO,₺18.725
ALTIN MİNİ ELBİSE,₺17.975
SİYAH MİNİ ELBİSE,₺11.678
SİYAH ELBİSE,₺24.638
KREM KOLSUZ BLUZ,₺4.900
BEJ MİDİ ELBİSE,₺11.475
ÇOK RENKLİ ÇİÇEK DESENLİ UZUN KOLLU BLUZ,₺5.625
AÇIK MAVİ ELBİSE,₺31.613
MAVİ MAXİ ELBİSE,₺19.725
SİYAH MAXİ ELBİSE,₺10.225
MIA KAZAK,₺27.450
SİYAH VİSKOZ ETEK,₺13.475
SOMON ASİMETRİK ELBİSE,₺59.625
GLACIER TRİKO,₺25.950
SİYAH ELBİSE,₺37.975
BEYAZ BOL PAÇA PANTOLON,₺26.250
KREM ÇİÇEK DESENLİ MİDİ ELBİSE,₺149.950
BEYAZ BOL PAÇA PANTOLON,₺27.950
LACİVERT BOL PAÇA PANTOLON,₺27.950
SİYAH BOL PAÇA PANTOLON,₺58.950
ÇOK RENKLİ DESENLİ UZUN KOLLU BLUZ,₺25.950
SİYAH BOL PAÇA PANTOLON,₺27.950
BEYAZ ÇİÇEK DESENLİ MİDİ ELBİSE,₺171.950
SİYAH ÇİÇEK DESENLİ MİDİ ELBİSE,₺177.950
LACİVERT BOL PAÇA PANTOLON,₺26.250
SİYAH BOL PAÇA PANTOLON,₺26.250
BEYAZ ÇİÇEK DESENLİ MİDİ ELBİSE,₺194.950
AÇIK MAVİ BOL PAÇA PANTOLON,₺18.250
LE CAMBON 35 ÇANTA,₺38.600
AÇIK MAVİ MAXİ ELBİSE,₺10.700
ANTRASİT OVERSİZE KAPUŞONLU SWEATSHİRT,₺7.975
LACİVERT BOL PAÇA PANTOLON,₺8.700
SİYAH BABET,₺8.125
BEJ TULUM,₺24.475
BORDO BABET,₺8.125
ANTRASİT OVERSİZE KAPUŞONLU SWEATSHİRT,₺8.975
SİYAH BASKILI SPOR AYAKKABI,₺12.950
SİYAH ELBİSE,₺13.475
SİYAH KOLSUZ BLUZ,₺6.700
GRI MELANJ KAPUŞONLU SWEATSHIRT,₺7.625
KREM TULUM,₺22.028
SİYAH KÜLOT,₺1.238
SİYAH DESENLİ TRİKO,₺7.725
XX MINI CYLINDER ÇANTA,₺25.750
AURORA KAYAK PANTOLONU,₺33.750
VİZON ÇANTA,₺11.875
LE CAMBON 35 ÇANTA,₺38.600
BORDO POLO YAKA T-SHİRT,₺5.125
GRİ YÜN ŞAPKA,₺4.725
SİYAH BABET,₺8.475
SÜTYEN,₺2.225
JEAN PANTOLON,₺17.450
LE CAMBON ÇANTA,₺34.650
KİREMİT MAXİ ELBİSE,₺13.475
KAHVE DESENLİ SÜTYEN,₺2.453
EKRU TRİKO,₺12.475
SİYAH BABET,₺8.125
STAR LOGO BERE,₺8.450
STAR BERE,₺8.450
KOYU GRİ YÜN TRİKO,₺9.725
JEAN PANTOLON,₺16.750
LE CAMBON 25 ÇANTA,₺31.250
AÇIK MAVİ ELBİSE,₺25.975
SİYAH YÜN BANDANA,₺5.950
LACİVERT KEMERLİ TULUM,₺66.450
KAHVE DESENLİ SÜTYEN,₺2.725
AÇIK PEMBE DANTELLİ KÜLOT,₺1.463
BEYAZ SNEAKER,₺13.125
SİYAH BOT,₺14.603
BEJ ŞAPKA,₺3.975
ANTRASİT BİSİKLET YAKA BASKILI T-SHIRT,₺8.750
BEYAZ O YAKA T-SHİRT,₺4.613
İNDİGO ELBİSE,₺10.463
HAKİ ÇANTA,₺19.238
GRİ YÜN TRİKO,₺17.225
SİYAH MONT,₺55.950
EKRU KÜLOT,₺1.238
KAHVE DESENLİ KÜLOT,₺1.625
KOYU KAHVE DANTELLİ KÜLOT,₺1.463
KAHVE DESENLİ KÜLOT,₺1.328
BORDO O YAKA T-SHİRT,₺11.475
KAHVE DERİ ÇEŞİTLİ AKSESUAR,₺8.900
YEŞİL GÖMLEK,₺6.900
KAHVE ŞAPKA,₺6.475
SİYAH DESENLİ TRİKO,₺17.750
XX MINI CYLINDER,₺25.750
XX MINI CYLINDER,₺25.750
BARBOUR X GANNI PARKA,₺44.995
BEYAZ ÇANTA,₺7.725
KIRMIZI BORU PAÇA PANTOLON,₺34.950
SİYAH KÜLOT,₺1.625
BEJ BABET,₺8.078
AÇIK PEMBE ATKI,₺15.750
AURORA KAYAK PANTOLONU,₺45.950
JG KAYAK TULUMU,₺70.450
JG KAYAK SALOPETI,₺56.750
BORDO ÇANTA,₺27.000
KREM KISA KOLLU BLUZ,₺10.225
SİYAH DÜĞMELİ PANTOLON,₺28.975
PANTOLON,₺18.950
PANTOLON,₺16.450
JEAN PANTOLON,₺15.450
JEAN PANTOLON,₺16.450
BEYAZ BİSİKLET YAKA BASKILI T-SHİRT,₺10.950
LACİVERT ŞORT,₺3.353
RELAX KALIP LACİVERT POLO YAKA T-SHİRT,₺4.725
LE CAMBON 25 ÇANTA,₺31.250
TABA BABET,₺16.225
LACİVERT BLUZ,₺17.125
İNDİGO TRENÇKOT,₺14.725
SİYAH BLUZ,₺9.625
HAKİ DANTELLİ KÜLOT,₺1.463
KOYU LACİVERT BİSİKLET YAKA SWEATSHİRT,₺5.975
KREM ATKI,₺9.975
SİYAH BABET,₺19.913
EKRU AYAKKABI,₺15.278
MAVİ BORU PAÇA PANTOLON,₺14.975
SİYAH TEK OMUZ BLUZ,₺7.125
JG KAYAK TULUMU,₺70.450
CHALET SPOR PANTOLON,₺21.450
POLAR FLARE KAYAK TULUMU,₺91.750
MAVİ BASKILI SPOR AYAKKABI,₺12.950
EKRU TRİKO,₺38.975
SİYAH PUANTİYE UZUN KOLLU BLUZ,₺47.450
SİYAH BOL PAÇA KETEN PANTOLON,₺50.450
ÇOK RENKLİ BORU PAÇA PANTOLON,₺8.125
HAKİ TRENÇKOT,₺13.928
AÇIK MAVİ DESENLİ MİDİ ELBİSE,₺48.950
DAVOS ÇOCUK KAYAK ELDİVENİ,₺9.250
JEAN PANTOLON,₺19.950
JEAN PANTOLON,₺19.950
JEAN PANTOLON,₺16.450
JEAN PANTOLON,₺16.450
LE CAMBON 25 ÇANTA,₺31.250
CYLINDER ÇANTA,₺31.250
KAHVE PANTOLON,₺11.200
MAVİ ETEK,₺15.475
SİYAH TRİKO,₺17.475
KİREMİT ELBİSE,₺20.678
SİYAH ŞAPKA,₺10.225
GRİ TRİKO,₺12.225
SİYAH AYAKKABI,₺19.975
ALTIN KOLYE,₺12.803
SİYAH ETEK,₺10.475
SİYAH ELBİSE,₺21.975
ÇOK RENKLİ DAR PAÇA PANTOLON,₺31.950
LACİVERT BERE,₺9.450
HAKİ DANTELLİ SÜTYEN,₺2.453
AÇIK PEMBE DANTELLİ SÜTYEN,₺2.453
KOYU KAHVE DANTELLİ SÜTYEN,₺2.588
SİYAH SÜTYEN,₺2.453
SİYAH BİSİKLET YAKA SWEATSHİRT,₺4.975
BEJ BORU PAÇA SPOR PANTOLON,₺6.475
KOYU MAVİ BORU PAÇA PANTOLON,₺11.813
JG KAYAK SALOPETI,₺50.450
POLAR FLARE KAYAK TULUMU,₺85.450
BORDO YÜN TRİKO,₺21.450
KAHVE GÖMLEK,₺10.600
SİYAH MİNİ ELBİSE,₺43.350
CAMEL SÜET ÇANTA,₺34.650
SİYAH YÜN PANTOLON,₺17.978
EKRU TAŞ KOLYE,₺6.975
AÇIK KAHVE DERİ KEMER,₺8.475
PİRİNÇ KÜPE,₺7.475
İNDİGO PANTOLON,₺16.628
BORDO TULUM,₺21.475
STAR ÇOCUK KAYAK TULUMU,₺40.950
STAR DUST ÇOCUK KAZAĞI,₺14.750
ROTATE KARTLIK,₺5.000
LACİVERT PANTOLON,₺17.950
PANTOLON,₺57.950
MAVİ MAYO,₺19.950
PANTOLON,₺20.450
JEAN PANTOLON,₺18.950
BEYAZ BİSİKLET YAKA BASKILI T-SHIRT,₺8.750
TOTE DU JOUR ÇANTA,₺35.200
LE CAMBON 20 ÇANTA,₺27.600
LE CAMBON 25 ÇANTA,₺31.250
LE CAMBON 35 ÇANTA,₺38.600
XX MINI CYLINDER,₺25.750
EKRU ANİMAL FİGÜRLÜ KAZAK,₺19.950
EKRU PANTOLON,₺12.500
EKRU ELBİSE,₺25.200
MOR BLUZ,₺12.500
BARBOUR X GANNI LACİVERT PARKA,₺43.995
BARBOUR X GANNI ATKI,₺9.495
PUDRA SWEATSHİRT,₺23.250
HAKİ ELBİSE,₺26.303
SİYAH ELBİSE,₺14.963
SİYAH PANTOLON,₺16.225
MAVİ AYAKKABI,₺16.975
KIZIL KAHVE MİDİ ELBİSE,₺26.225
BORDO BORU PAÇA VİSKOZ PANTOLON,₺26.225
ÇOK RENKLİ VİSKOZ TRİKO,₺27.950
HAKİ UZUN KOLLU BLUZ,₺13.950
BEJ ŞAPKA,₺14.950
BEYAZ BLUZ,₺11.950
KAHVE BERE,₺9.450
KREM BERE,₺9.450
SİYAH BORU PAÇA PANTOLON,₺34.950
KAHVE DESENLİ İPEK ŞORT,₺4.975
AÇIK HAKİ YÜN TRİKO,₺10.475
BEJ YÜN PANTOLON,₺22.725
SİYAH VİSKOZ TAYT,₺7.975
BARBOUR X FARM RİO LUANA CEKET,₺29.498
SİYAH BLUZ,₺16.975
EKRU TAŞ KOLYE,₺10.013
GRİ ŞAPKA,₺6.975
YEŞİL SPOR AYAKKABI,₺16.875
ÇOK RENKLİ DESENLİ ŞAPKA,₺3.578
KREM BASKILI SPOR AYAKKABI,₺12.950
SİYAH MİDİ ELBİSE,₺17.975
KREM ECO KÜRK,₺81.113
LACİVERT TULUM,₺18.225
KİREMİT DESENLİ MAYO,₺20.250
BERE,₺2.975
MINI SERA TOTE ÇANTA,₺23.000
FLEX MINI ÇANTA,₺22.500
PANTOLON,₺16.950
PANTOLON,₺19.950
JEAN PANTOLON,₺20.950
KREM ELBİSE,₺85.950
ÇOK RENKLİ BİKİNİ,₺14.950
BEYAZ BLUZ,₺9.250
BEYAZ T-SHİRT,₺8.250
SİYAH MİDİ ELBİSE,₺10.975
JEAN PANTOLON,₺16.450
"VALEN JEAN INSURROUND, MAVİ, 29",₺17.000
BRONZ DESENLİ ÇANTA,₺27.250
LE CAMBON 25 ÇANTA,₺31.250
LE CAMBON 20 ÇANTA,₺34.650
LE CAMBON 20 ÇANTA,₺32.550
MERCAN PANTOLON,₺19.300
KOYU KAHVE PANTOLON,₺16.300
BARBOUR X GANNI WATERPROOF PARDÖSÜ,₺37.995
GRİ T-SHİRT,₺13.450
RELAX KALIP BEYAZ POLO YAKA BASKILI T-SHİRT,₺5.975
KAHVE ETEK,₺14.875
BEJ YELEK,₺17.975
SİYAH ELBİSE,₺46.975
GRİ TRİKO,₺20.475
SİYAH BLUZ,₺29.228
BEYAZ GÖMLEK,₺19.950
SIYAH KAPUŞONLU SWEATSHIRT,₺9.375
MAVİ HAKİM YAKA GÖMLEK,₺7.088
SİYAH ELBİSE,₺32.975
ÇOK RENKLİ TAYT,₺9.653
SİYAH MİNİ ELBİSE,₺26.475
KOYU GRİ KAPUŞONLU SWEATSHİRT,₺15.225
KİREMİT ELBİSE,₺41.288
SİYAH BLUZ,₺23.725
KÜPE,₺8.475
GRİ YÜN ATKI,₺8.125
SİYAH O YAKA T-SHİRT,₺17.375
KOYU KIRMIZI TRİKO,₺31.478
ROTATE KARTLIK,₺5.000
BEJ TRENÇKOT,₺53.975
SİYAH VİSKOZ TRİKO,₺20.950
HAKİ FERMUARLI TULUM,₺77.950
BORDO VİSKOZ BERE,₺10.950
LACİVERT ELDİVEN,₺11.950
ÇOK RENKLİ MONT,₺56.450
SİYAH BORU PAÇA PANTOLON,₺34.950
SİYAH MONT,₺47.450
LACİVERT BLUZ,₺11.950
KAHVE DESENLİ ASKILI BLUZ,₺4.703
SİYAH BABET,₺11.125
EKRU ELBİSE,₺14.153
SİYAH DERİ BOT,₺25.088
BASE LAYER TAYT,₺12.250
SİYAH CEKET,₺38.725
JUDE-WZ BERE,₺5.375
NYOMI-R SALOPET,₺48.950
INGA TULUM,₺49.375
CASSIDY MONT,₺91.950
GIA-R SALOPET,₺22.975
SİYAH MİNİ ELBİSE,₺11.900
SİYAH MAXİ ELBİSE,₺66.750
KIRMIZI MİDİ ELBİSE,₺19.125
SİYAH MAXİ ELBİSE,₺23.828
AÇIK KAHVE ÇANTA,₺35.528
MİNİ BEGÜM X KASPIA KOLYE,₺18.400
BEGÜM X KASPIA TEKLİ PİERCİNG,₺18.400
KAHVE BABET,₺37.950
İNDİGO ELBİSE,₺22.950
SİYAH MAXİ ELBİSE,₺35.078
ÇOK RENKLİ METAL KOLYE,₺8.978
SİYAH TÜLLÜ UZUN KOLLU BLUZ,₺65.725
YEŞİL YÜN TRİKO,₺26.725
PRINCE FROG KÜPE,₺55.200
LOBSTER KOLYE,₺48.300
BORDO ASİMETRİK ELBİSE,₺18.475
KREM DESENLİ KETEN ETEK,₺26.950
RELAX KALIP KREM BORU PAÇA KETEN PANTOLON,₺29.250
KREM DESENLİ GÖMLEK,₺40.450
MAVİ DESENLİ MİDİ ELBİSE,₺48.950
SİYAH ETEK,₺24.450
MAVİ SÜVETER,₺35.950
TERMAL ÇOCUK TAYTI,₺8.950
MAVİ MİNİ ELBİSE,₺17.528
SERA CHARM,₺8.900
SERA CHARM,₺8.900
ROTATE KARTLIK,₺5.000
PANDORA MINI ÇANTA,₺22.500
SERA TOTE ÇANTA,₺29.500
FLEX BAG ÇANTA,₺26.000
ÇOK RENKLİ DESENLİ MAXİ ELBİSE,₺33.450
KREM TOPUKLU SANDALET,₺49.950
EKRU PANTOLON,₺15.950
SARI BİSİKLET YAKA BASKILI T-SHİRT,₺6.950
MAVİ GÖMLEK,₺48.950
MAVİ PANTOLON,₺43.950
YEŞİL ELBİSE,₺100.950
SİYAH ÇEŞİTLİ AKSESUAR,₺9.950
KOYU LACİVERT CEKET,₺76.950
MAVİ TULUM,₺47.950
AÇIK SARI TULUM,₺71.950
PİRİNÇ KÜPE,₺21.250
PİRİNÇ KÜPE,₺17.950
EKRU BİKİNİ,₺24.950
YEŞİL MAYO,₺28.950
BEYAZ T-SHİRT,₺7.950
LACİVERT BLUZ,₺9.950
YEŞİL BLUZ,₺10.450
BEYAZ GÖMLEK,₺16.950
SİYAH MONT,₺54.950
SİYAH UZUN KOLLU BLUZ,₺8.225
VİZON KABAN,₺61.950
JEAN PANTOLON,₺17.450
BEJ BOL PAÇA PANTOLON,₺8.975
BEJ HIRKA,₺15.475
SİYAH ELBİSE,₺52.250
İNDİGO DÜĞMELİ CEKET,₺19.500
HAKİ DESENLİ KOLSUZ BLUZ,₺16.950
HAKİ BORU PAÇA PANTOLON,₺20.950
KAHVE ŞAPKA,₺7.950
LE CAMBON 35 ÇANTA,₺38.600
LE CAMBON 20 ÇANTA,₺27.600
KAHVE ÇANTA,₺43.950
AÇIK KAHVE BLUZ,₺21.000
BORDO BLUZ,₺12.300
KAHVE BLUZ,₺9.700
LACİVERT BLUZ,₺13.600
LACİVERT ELBİSE,₺24.200
SİYAH BLUZ,₺21.000
KAHVE BLUZ,₺11.900
EKRU BLUZ,₺16.100
KİREMİT ETEK,₺18.750
SİYAH AYAKKABI,₺65.950
BARBOUR X GANNI PARKA,₺45.995
BARBOUR X GANNI WAX TOTE ÇANTA,₺16.995
BARBOUR X GANNI LEOPARD WATERPROOF PARDÖSÜ,₺41.995
BARBOUR X GANNI PARDÖSÜ,₺37.995
LACİVERT DERİ ÇANTA,₺18.965
MAVİ DERİ ÇANTA,₺14.965
KAHVE DERİ ÇANTA,₺14.965
AÇIK MAVİ BİKİNİ,₺21.450
BEYAZ T-SHİRT,₺13.450
KAHVE T-SHİRT,₺13.250
SİYAH SWEATSHİRT,₺24.250
SİYAH ÇANTA,₺18.250
ELBİSE,₺7.990
BEYAZ MİNİ ELBİSE,₺8.975
HAKİ BLUZ,₺20.975
SARI BLUZ,₺20.975
SİYAH BODY,₺14.125
SARI ETEK,₺22.475
KÜPE,₺9.950
KAHVE ELBİSE,₺28.475
SİYAH TRİKO,₺17.475
SİYAH TRİKO,₺16.225
SİYAH ELBİSE,₺27.950
KAHVE ELBİSE,₺23.225
BEYAZ GÖMLEK,₺17.753
SİYAH PANTOLON,₺21.578
SİYAH ELBİSE,₺27.732
ALTIN KOLYE,₺12.803
SİYAH İPEK AYAKKABI,₺33.975
SİYAH SATEN İPEK AYAKKABI,₺25.975
SİYAH ELBİSE,₺110.725
SİYAH ETEK,₺18.475
BORDO VİSKOZ TRİKO,₺20.950
BORDO FERMUARLI TULUM,₺93.950
SİYAH BOL PAÇA PANTOLON,₺42.450
BORDO MONT,₺70.750
LACİVERT YÜN BERE,₺10.950
BORDO ELDİVEN,₺11.950
BEYAZ BORU PAÇA PANTOLON,₺34.950
LACİVERT BORU PAÇA PANTOLON,₺35.950
BEYAZ MONT,₺55.950
BEJ BORU PAÇA PANTOLON,₺34.950
SİYAH KEMERLİ TULUM,₺62.950
BEYAZ MONT,₺51.950
BEYAZ BORU PAÇA PANTOLON,₺33.250
SİYAH DERİ ELDİVEN,₺17.250
KOYU LACİVERT YELEK,₺39.975
SİYAH VİSKOZ CEKET,₺127.750
SİYAH ELBİSE,₺93.950
SİYAH BODY,₺39.950
SİYAH VİSKOZ CEKET,₺93.950
VİZON ELBİSE,₺10.475
AÇIK MAVİ TRİKO,₺15.975
LACİVERT TRİKO,₺25.725
EKRU HIRKA,₺38.950
EKRU TRİKO,₺16.450
GRİ MELANJ BORU PAÇA PANTOLON,₺22.975
LA TOUR SPOR PANTOLON,₺10.725
BASE LAYER TAYT,₺12.250
SİYAH MİNİ ELBİSE,₺30.225
SİYAH YÜN PANTOLON,₺30.725
SİYAH MİNİ ELBİSE,₺33.278
ZEVA-A KABAN,₺49.375
KAIRI-GLO MONT,₺77.250
GREER MONT,₺56.475
NORITA MONT,₺81.750
GIA-R SALOPET,₺45.950
ICLYN-RZ MONT,₺88.950
BORDO DERİ ÇEŞİTLİ AKSESUAR,₺8.900
EKRU SÜVETER,₺10.875
SİYAH GÖMLEK,₺17.725
KOYU GRİ YÜN TRİKO,₺16.375
SİYAH DERİ KEMER,₺8.475
SİYAH ETEK,Fiyat Yok
LACİVERT ŞAPKA,₺5.828
SİYAH ŞAPKA,₺6.975
AÇIK GRİ YELEK,₺31.950
BEGÜM X KASPIA KÜPE,₺64.400
GUİLLAUME KOLYE,₺11.500
GUİLLAUME KOLYE,₺11.500
BEGÜM X KASPIA BEYAZ İNCİ KOLYE,₺110.400
MİNİ BEGÜM X KASPIA KOLYE,₺18.400
BEGÜM X KASPIA TEKLİ PİERCİNG,₺18.400
MİNİ BEGÜM X KASPIA KOL DÜĞMELERİ,₺25.300
MİNİ BEGÜM X KASPIA KOL DÜĞMELERİ,₺25.300
RAMONOV BROŞ,₺27.600
MEGA BEGÜM X KASPIA KOLYE,₺92.000
KASPIA BODRUM BİLEZİK,₺69.000
KASPIA BODRUM KÜPE,₺69.000
BARDAK,₺18.920
BEGÜM X KASPIA TURKUAZ KOLYE,₺88.320
RAMONOV BOND KOLYE,₺34.500
RAMONOV BOND KOLYE,₺34.500
RELAX KALIP EKRU GÖMLEK,₺31.950
SİYAH BABET,₺41.250
GÜMÜŞ ÇANTA,₺68.950
BAKIR ÇANTA,₺64.450
KÜPE,₺32.950
GÜMÜŞ ÇANTA,₺68.950
KÜPE,₺42.950
SİYAH BİLEKLİK,₺46.950
GÜMÜŞ KOLYE,₺42.950
KÜPE,₺35.450
ALTIN BİLEKLİK,₺42.950
SİYAH ELBİSE,₺28.950
KREM BLUZ,₺26.950
MİNT ELBİSE,₺38.950
İNDİGO ELBİSE,₺21.450
KREM DEGRADE DESENLİ MİNİ ELBİSE,₺111.950
KREM ELBİSE,₺36.950
SİYAH ELBİSE,₺36.950
MAVİ ETEK,₺19.950
SİYAH MİDİ ELBİSE,₺47.950
ÇOK RENKLİ DESENLİ TRİKO,₺21.450
BORDO TERLİK,₺19.950
EKRU TERLİK,₺25.950
KARAMEL TERLİK,₺19.950
SİYAH TERLİK,₺19.950
ÇOK RENKLİ DESENLİ KISA KOLLU BLUZ,₺17.975
JELLYFISH KÜPE,₺58.650
SİYAH MAXİ ELBİSE,₺37.750
CRABS CHOKER,₺73.600
BITTER SWEET LOVE KOLYE,₺64.400
OCTOPUS KOLYE,₺41.400
SIRENA KÜPE,₺55.200
KAHVE DÜĞMELİ YÜN CEKET,₺59.750
SİYAH ETEK,₺26.250
SİYAH DERİ PANTOLON,₺75.713
SİYAH DERİ AYAKKABI,₺47.750
KIRMIZI MİDİ ELBİSE,₺40.225
KİREMİT DESENLİ İPEK ETEK,₺40.450
KREM DESENLİ MİDİ ELBİSE,₺66.950
KREM DESENLİ MİNİ ELBİSE,₺34.450
KREM ÇANTA,₺30.950
KREM ÇANTA,₺24.450
AÇIK MAVİ DESENLİ MİNİ ELBİSE,₺34.450
MAVİ DESENLİ GÖMLEK,₺23.950
RELAX KALIP KREM DESENLİ GÖMLEK,₺28.450
KREM NAKIŞLI KETEN ETEK,₺51.950
KREM DESENLİ GÖMLEK,₺24.450
KREM BORU PAÇA İPEK PANTOLON,₺40.450
KREM NAKIŞLI KOLSUZ BLUZ,₺40.450
KREM DESENLİ KETEN ŞORT,₺21.950
KAHVE NAKIŞLI MİDİ ELBİSE,₺89.950
LİLA DESENLİ ÇANTA,₺24.950
MAVİ DESENLİ KETEN ŞORT,₺18.250
MAVİ DESENLİ MİDİ ELBİSE,₺34.450
SİYAH BLUZ,₺41.950
BEYAZ BLUZ,₺32.950
SİYAH BODY,₺29.950
AÇIK MAVİ MİNİ ELBİSE,₺61.450
KOYU MAVİ ETEK,₺71.450
KREM BLUZ,₺78.450
KREM MAXİ ELBİSE,₺79.450
KAHVE MAYO,₺38.950
AÇIK PEMBE MİDİ ELBİSE,₺123.950
SİYAH PANTOLON,₺43.950
JEAN PANTOLON,₺34.950
SKI ÇOCUK KAZAĞI,₺12.950
BEYAZ BİSİKLET YAKA GÖMLEK,₺24.638
PANDORA MINI ÇANTA,₺22.500
ROTATE KARTLIK,₺5.000
SERA CHARM,₺8.900
MINI SERA TOTE ÇANTA,₺23.000
FLEX MINI ÇANTA,₺22.500
PANDORA MINI ÇANTA,₺22.500
SERA MIA ÇANTA,₺27.000
SERA TOTE ÇANTA,₺29.500
GRID ÇANTA,₺26.500
MINI SERA TOTE ÇANTA,₺23.000
SERA TOTE ÇANTA,₺29.500
MINI SEASHELL TOTE ÇANTA,₺22.500
MINI SEASHELL TOTE ÇANTA,₺22.500
FLEX MINI ÇANTA,₺21.500
FLEX MINI ÇANTA,₺21.500
SMALL NAOMI ÇANTA,₺27.000
SMALL NAOMI ÇANTA,₺27.000
AÇIK YEŞİL SWEATSHİRT,₺15.250
BORDO BABET,₺45.950
KREM AYAKKABI,₺52.950
AÇIK TURUNCU GÖMLEK,₺67.950
KREM TULUM,₺46.950
MİNT BLUZ,₺39.950
MİNT ETEK,₺57.950
KOYU MAVİ GÖMLEK,₺48.950
KOYU MAVİ ŞORT,₺35.950
BEYAZ GÖMLEK,₺56.250
BEYAZ PANTOLON,₺57.950
BEYAZ ÇİÇEK DESENLİ MİDİ ELBİSE,₺192.950
İNDİGO DESENLİ MİNİ ELBİSE,₺186.950
JEAN PANTOLON,₺20.950
EKRU BİSİKLET YAKA BASKILI T-SHİRT,₺12.950
MAVİ ELBİSE,₺71.950
KREM ELBİSE,₺65.950
TARÇIN BLUZ,₺59.950
TARÇIN ETEK,₺59.950
HARDAL BLUZ,₺40.450
HARDAL ETEK,₺60.250
EKRU ELBİSE,₺81.950
MİNT GÖMLEK,₺47.450
KREM ŞORT,₺43.950
AÇIK MAVİ ELBİSE,₺74.950
AÇIK YEŞİL ELBİSE,₺86.950
BEYAZ ELBİSE,₺64.950
ÇOK RENKLİ ELBİSE,₺104.950
KREM ELBİSE,₺60.950
KREM PANTOLON,₺54.250
AÇIK MAVİ ELBİSE,₺85.950
KREM ÇANTA,₺60.250
AÇIK KAHVE ÇANTA,₺48.950
AÇIK KAHVE ÇANTA,₺41.950
BEJ ELBİSE,₺73.950
BEJ PANTOLON,₺59.950
SARI ELBİSE,₺67.950
KREM BLUZ,₺57.950
PİRİNÇ KÜPE,₺28.450
MİNT ŞORT,₺31.950
AÇIK MAVİ ELBİSE,₺99.950
AÇIK MAVİ ELBİSE,₺150.950
PUDRA ELBİSE,₺67.950
AÇIK MAVİ BLUZ,₺70.950
AÇIK PEMBE ELBİSE,₺47.350
SARI ELBİSE,₺139.950
KREM GÖMLEK,₺54.250
KREM PANTOLON,₺50.950
AÇIK KREM ELBİSE,₺70.950
AÇIK MAVİ MAYO,₺24.950
KREM BLUZ,₺82.450
KARAMEL BİKİNİ,₺28.450
AÇIK KAHVE MAYO,₺19.950
TARÇIN MAYO,₺28.450
KOYU KAHVE MAYO,₺24.450
ÇOK RENKLİ ŞAPKA,₺16.950
ÇOK RENKLİ ŞAPKA,₺13.950
AÇIK MAVİ ŞAPKA,₺16.950
KREM ŞAPKA,₺26.950
MAVİ ÇEŞİTLİ AKSESUAR,₺9.950
MAVİ ÇİÇEK DESENLİ MİDİ ELBİSE,₺251.950
GRİ TRİKO,₺31.950
KAHVE ÇİZGİLİ YELEK,₺23.725
PETROL MİDİ ELBİSE,₺15.225
KAHVE BALIKÇI YAKA BODY,₺20.450
BORDO MİDİ ELBİSE,₺15.225
GÜL KURUSU BLUZ,₺41.950
GÜL KURUSU ETEK,₺57.250
SİYAH BLUZ,₺23.950
KREM BLUZ,₺48.250
AÇIK KREM BLUZ,₺81.950
"TALIA SHIRT IN EPISODE, KOYU MAVİ, L",₺15.000
JEAN PANTOLON,₺13.950
JEAN PANTOLON,₺16.450
JEAN PANTOLON,₺18.950
KAHVE DERİ AYAKKABI,₺30.450
AÇIK PEMBE VİSKOZ ÇANTA,₺26.950
TAŞ MİNİ ELBİSE,₺14.950
AÇIK MAVİ MİDİ ELBİSE,₺21.950
SİYAH BOL PAÇA KETEN PANTOLON,₺24.250
SİYAH VİSKOZ ÇANTA,₺24.250
KOYU KAHVE ÇANTA,₺34.950
SİYAH ÇANTA,₺111.950
TAŞ BORU PAÇA PANTOLON,₺32.950
KOYU YEŞİL ÇANTA,₺85.450
KOYU KAHVE ÇANTA,₺91.950
SİYAH ŞORT,₺24.950
SİYAH DESENLİ UZUN KOLLU BLUZ,₺27.950
LACİVERT DÜĞMELİ CEKET,₺126.950
SİYAH ŞORT,₺39.950
SİYAH ÇİZGİLİ ELBİSE,₺92.950
EKRU DÜĞMELİ CEKET,₺99.950
LACİVERT BORU PAÇA PANTOLON,₺59.950
KAHVE EKOSE KISA KOLLU BLUZ,₺15.950
SİYAH ÇİÇEK DESENLİ KOLSUZ BLUZ,₺31.950
KAHVE BORU PAÇA KETEN PANTOLON,₺40.950
LACİVERT ÇİÇEK DESENLİ MAXİ ELBİSE,₺51.950
SİYAH ÇİÇEK DESENLİ ŞORT,₺29.950
KAHVE PUANTİYE KOLSUZ BLUZ,₺44.250
KAHVE PUANTİYE ASKILI BLUZ,₺29.950
AÇIK KAHVE EKOSE ETEK,₺13.950
SİYAH PUANTİYE ETEK,₺23.750
SİYAH PUANTİYE ÇANTA,₺27.250
SİYAH KOLSUZ BLUZ,₺13.950
AÇIK PEMBE ÇİZGİLİ GÖMLEK,₺22.450
SİYAH PUANTİYE ŞAPKA,₺7.950
AÇIK KAHVE DESENLİ ŞAPKA,₺7.950
AÇIK PEMBE ÇİZGİLİ ŞAPKA,₺7.950
SİYAH ÇANTA,₺29.250
KAHVE ÇANTA,₺29.250
SİYAH BABET,₺23.950
SİYAH BABET,₺23.950
LE CAMBON 40 ÇANTA,₺45.700
LE CAMBON 40 ÇANTA,₺45.700
SİYAH ÇANTA,₺40.950
VİZON ÇANTA,₺40.950
EKRU ÇANTA,₺40.950
GRİ ÇANTA,₺41.950
SİYAH ÇANTA,₺42.250
KOYU HAKİ BORU PAÇA PANTOLON,₺30.950
KIZIL KAHVE MİDİ ELBİSE,₺52.950
KOYU HAKİ GÖMLEK,₺27.450
ÇOK RENKLİ MİNİ ELBİSE,₺39.450
KOYU HAKİ ETEK,₺28.950
KREM ÇİÇEK DESENLİ MİDİ ELBİSE,₺181.250
KREM GÖMLEK,₺37.750
JEAN PANTOLON,₺43.250
MAVİ DÜĞMELİ CEKET,₺61.000
KAHVE DAR PAÇA PANTOLON,₺37.750
JEAN PANTOLON,₺21.000
SİYAH ELBİSE,₺25.200
EKRU BLUZ,₺10.600
GÜMÜŞ ETEK,₺19.300
BORDO PANTOLON,₺16.500
MOR GÖMLEK,₺21.000
MOR ŞORT,₺12.500
KAHVE ETEK,₺13.800
KIRMIZI ELBİSE,₺33.700
KAHVE BLUZ,₺21.000
KAHVE ETEK,₺19.100
EKRU ELBİSE,₺33.300
KAHVE ELBİSE,₺25.200
MERCAN ELBİSE,₺25.200
KOYU KAHVE GÖMLEK,₺20.600
ALTIN KOLYE,₺34.500
KÜPE,₺64.400
KÜPE,₺13.570
KÜPE,₺14.950
KÜPE,₺12.880
KIRMIZI BORU PAÇA LİYOSEL PANTOLON,₺19.250
KIRMIZI ÇİÇEK DESENLİ GÖMLEK,₺19.250
KREM DÜĞMELİ ORGANİK PAMUK CEKET,₺26.250
GRİ MELANJ MİDİ ELBİSE,₺23.250
VİZON YÜN HIRKA,₺23.950
EKRU BİSİKLET YAKA BASKILI T-SHİRT,₺6.995
KOYU GRİ KAPUŞONLU SWEATSHİRT,₺19.450
KOYU MAVİ ÇİZGİLİ TRİKO,₺29.950
SİYAH SKİNNY PANTOLON,₺23.250
KAHVE ÇANTA,₺39.250
AÇIK BEJ ÇANTA,₺32.950
JEAN PANTOLON,₺39.250
AÇIK MAVİ FERMUARLI BERMUDA,₺23.250
SİYAH PAYETLİ ÇANTA,₺43.250
SARI ÇİZGİLİ TRİKO,₺19.450
KAHVE ÇANTA,₺49.950
KOYU KAHVE ÇANTA,₺49.950
SİYAH ÇANTA,₺45.950
KREM UZUN KOLLU BLUZ,₺18.950
SİYAH DAR PAÇA PANTOLON,₺21.750
KİREMİT BİSİKLET YAKA T-SHİRT,₺13.450
JEAN PANTOLON,₺15.450
JEAN PANTOLON,₺15.450
KAHVE BORU PAÇA PANTOLON,₺37.950
KAHVE MİDİ ELBİSE,₺26.950
SİYAH BABET,₺19.950
LACİVERT BABET,₺19.950
GRİ BABET,₺19.950
PANTOLON,₺40.950
BEYAZ GÖMLEK,₺43.950
AÇIK MAVİ ÇİÇEK DESENLİ GÖMLEK,₺40.950
AÇIK MAVİ ÇİÇEK DESENLİ ETEK,₺51.950
YEŞİL DESENLİ ÇANTA,₺46.950
AÇIK KREM ÇİÇEK DESENLİ MİDİ ELBİSE,₺80.950
KREM AYAKKABI,₺47.950
KOYU SARI AYAKKABI,₺47.950
KOYU MAVİ SPOR AYAKKABI KADIN,₺29.950
BEYAZ SPOR AYAKKABI KADIN,₺29.950
SİYAH ÇANTA,₺58.950
BEYAZ O YAKA T-SHİRT,₺19.950
SİYAH DESENLİ AYAKKABI,₺23.950
SİYAH BABET,₺22.950
AÇIK KREM BABET,₺19.950
SİYAH CEKET,₺57.950
SİYAH ORGANİK PAMUK ETEK,₺24.950
JEAN PANTOLON,₺16.950
BEYAZ ELBİSE,₺65.950
YEŞİL ELBİSE,₺65.950
MAVİ DESENLİ MİNİ ELBİSE,₺27.950
KOYU MAVİ DESENLİ ETEK,₺24.250
BEJ TULUM,₺31.950
KOYU MAVİ DESENLİ KISA KOLLU BLUZ,₺20.950
KIRMIZI DESENLİ MİNİ ELBİSE,₺32.950
AÇIK KREM ASKILI BLUZ,₺20.950
BEYAZ KOLSUZ BLUZ,₺12.450
BEYAZ BLUZ,₺14.950
BEYAZ ETEK,₺16.950
BUZ MAVİ DESENLİ MİNİ ELBİSE,₺32.950
AÇIK KREM DESENLİ MİDİ ELBİSE,₺35.450
BEYAZ ETEK,₺29.950
SİYAH MİNİ ELBİSE,₺26.950
BEYAZ MİNİ ELBİSE,₺26.950
KAHVE SANDALET,₺59.450
SİYAH SANDALET,₺49.950
BORDO AYAKKABI,₺42.950
BEYAZ DESENLİ AYAKKABI,₺57.950
SİYAH AYAKKABI,₺42.950
JEAN PANTOLON,₺13.950
LİLA DESENLİ ETEK,₺20.950
LİLA DESENLİ MİNİ ELBİSE,₺32.950
LİLA DESENLİ ASKILI BLUZ,₺20.950
SİYAH MİNİ ELBİSE,₺32.950
SİYAH CEKET,₺167.950
SİYAH PİLELİ ETEK,₺36.950
BEYAZ ŞAL DESENLİ MİNİ ELBİSE,₺57.250
KOYU KAHVE ÇANTA,₺99.950
VİZON ÇANTA,₺99.950
SİYAH ÇANTA,₺58.950
KAHVE ÇANTA,₺85.950
SİYAH ÇANTA,₺77.450
KAHVE DERİ ÇANTA,₺22.965
YEŞİL DERİ ÇANTA,₺14.965
BORDO DERİ ÇANTA,₺23.965
ÇOK RENKLİ BİKİNİ,₺22.950
MAVİ BİKİNİ,₺21.450
KREM DESENLİ BİKİNİ,₺20.950
YEŞİL DESENLİ BİKİNİ,₺18.950
SİYAH BİKİNİ,₺42.950
PUDRA SWEATSHİRT,₺19.450
BEYAZ SWEATSHİRT,₺20.250
ANAHTARLIK,₺10.950
ANAHTARLIK,₺10.950
INFINITI FOR HER GLAM 100ML,₺6.250
INFINITI FOR HER GLAM BODY MIST,₺2.400
INFINITI FOR HER GLAM 2'LI SET,₺8.600
INFINITI FOR HER GREY 100ML,₺6.250
INFINITI FOR HER GREY BODY MIST,₺2.400
INFINITI FOR HER GREY 2'LI SET,₺8.600
INFINITI FOR HER NO.1 EDP 100 ML,₺6.250
INFINITI FOR HER NO.1 BODY MIST 100 ML,₺2.400
INFINITI FOR HER 2LI SET NO1(EDP+B.MIST),₺8.600
INFINITI FOR HER NO.2 BODY MIST,₺2.400
INFINITI FOR HER 2LI SET NO2(EDP+B.MIST),₺8.600
INFINITI FOR HER NO.3 EDP 100 ML,₺6.250
INFINITI FOR HER NO.3 BODY MIST 100 ML,₺2.400
INFINITI FOR HER 2LI SET NO3(EDP+B.MIST),₺8.600
INFINITI FOR HER NO.2 EDP 3'LÜ SET,₺8.900
KADIN KOZMETİK BAKIM HEDİYE SETİ,₺9.950
INFINITI FOR HER NO:2 100ML,₺6.250
INFINITI FOR HER 3 LU SET NO.3,₺8.900
INFINITI FOR HER NO.1 EDP 3'LÜ SET,₺8.900
LACİVERT SÜET TERLİK,₺12.990
KOYU GRİ BABET,₺7.490
LACİVERT UZUN KOLLU DİZ ALTI ELBİSE,₺8.990
LACİVERT DESENLİ CEKET,₺11.990
LACİVERT DESENLİ PANTOLON,₺5.990
MÜRDÜM DİZ ALTI ETEK,₺6.990
SİYAH UZUN KOLLU MİDİ ELBİSE,₺10.990
LACİVERT UZUN KOLLU MİDİ ELBİSE,₺8.990
LACİVERT KRUVAZE YAKA CEKET,₺22.990
LACİVERT UZUN KOLLU GÖMLEK,₺12.990
LACİVERT BOL PAÇA PANTOLON,₺11.990
LACİVERT HALTER YAKA KOLSUZ BLUZ,₺6.990
LACİVERT PANTOLON,₺11.990
LACİVERT İPEK GÖMLEK,₺5.990
LACİVERT CEKET,₺13.990
LACİVERT BOL PAÇA PANTOLON,₺6.990
LACİVERT MİDİ ETEK,₺5.990
DESENLİ DİK YAKA TRİKO,₺12.990
BEYAZ UZUN KOLLU GÖMLEK,₺4.990
LACİVERT DİZ ÜSTÜ ETEK,₺4.990
LACİVERT UZUN KOLLU GÖMLEK,₺7.333
BORDO EKOSE PANTOLON,₺6.990
LACİVERT ÇİZGİLİ CEKET,₺29.608
EKRU DİK YAKA UZUN KOLLU T-SHIRT,₺2.990
LACİVERT ÇİZGİLİ ETEK,₺7.333
SİYAH DERİ LOAFER,₺10.258
LACİVERT KRUVAZE YAKA CEKET,₺12.733
LACİVERT KOLSUZ ELBİSE,₺13.990
BEYAZ DERİ BOT,₺14.990
EKRU DİK YAKA TRİKO,₺3.590
LACİVERT ALPAKA YÜN KABAN,₺24.990
LACİVERT DİK YAKA TRİKO,₺2.968
LACİVERT DİK YAKA TRİKO,₺2.490
LACİVERT CEKET,₺5.990
LACİVERT KABAN,₺9.990
KEMER,₺4.095
KEMER,₺4.095
KAHVE MONOGRAM DERİ KEMER,₺4.095
KAHVE MONOGRAM DERİ KEMER,₺4.095
SİYAH MONOGRAM DERİ KEMER,₺4.095
SİYAH MONOGRAM DERİ KEMER,₺4.095
SİYAH MONOGRAM DERİ KEMER,₺4.095
KAHVE MONOGRAM DERİ KEMER,₺4.095
KOLYE,₺24.950
KOLYE,₺18.950
KEMER,₺34.950
SİYAH YÜN ELASTAN TAKIM ELBİSE,₺149.950
FÜME YÜN ELASTAN TAKIM ELBİSE,₺149.950
LACİVERT YÜN ELASTAN TAKIM ELBİSE,₺149.950
FERMUARLİ DERİ PİLOT MONT,₺84.950
SİYAH MONPOETO TAKIM ELBİSE,₺149.950
LACİVERT MONPOETO TAKIM ELBİSE,₺149.950
SİVRİ YAKALI KRUVAZE ÇİFT PİLİ PANTOLONLU TAKIM ELBİSE,₺119.950
FERMUARLİ DERİ PİLOT MONT,₺84.950
MONOPETO 2 DÜĞMELİ YARIM ASTARLI CEKET,₺69.950
MONOPETO 2 DÜĞMELİ TEK PİLİ PANTOLONLU TAKIM ELBİSE,₺119.950
MONOPETO 2 DÜĞMELİ YARIM ASTARLI CEKET,₺69.950
MONOPETO 2 DÜĞMELİ ASTARSIZ CEKET,₺79.950
MONOPETO 2 DÜĞMELİ ÇİFT PİLİ PANTOLONLU TAKIM ELBİSE,₺109.950
MONOPETO 2 DÜĞMELİ YARIM ASTARLI CEKET,₺69.950
MONOPETO 2 DÜĞMELİ ÇİFT PİLİ PANTOLONLU TAKIM ELBİSE,₺119.950
SİVRİ YAKALI KRUVAZE ÇİFT PİLİ PANTOLONLU TAKIM ELBİSE,₺119.950
MONOPETO 2 DÜĞMELİ YARIM ASTARLI CEKET,₺84.950
MONOPETO 2 DÜĞMELİ YARIM ASTARLI CEKET,₺84.950
MONOPETO 2 DÜĞMELİ YARIM ASTARLI CEKET,₺69.950
MONOPETO 2 DÜĞMELİ ASTARSIZ CEKET,₺79.950
MONOPETO 2 DÜĞMELİ YARIM ASTARLI CEKET,₺74.950
MONOPETO 2 DÜĞMELİ YARIM ASTARLI CEKET,₺69.950
SİVRİ YAKALI KRUVAZE YARIM ASTARLI ÇİZGİLİ CEKET,₺69.950
MONOPETO PİLİLİ PANTOLONLU ÇİZGİLİ SERJ TAKIM ELBİSE,₺99.950
MONOPETO SİVRİ YAKALI PİLİLİ PANTOLONLU ÇİZGİLİ TAKIM ELBİSE,₺99.950
MONOPETO SİVRİ YAKALI PİLİLİ PANTOLONLU SERJ  TAKIM ELBİSE,₺99.950
MONOPETO 2 DÜĞMELİ YARIM ASTARLI BALIKSIRTI DESENLİ  CEKET,₺89.950
MONOPETO 2 DÜĞMELİ KRUVAZE YAKALI ASTARSIZ CEKET,₺79.950
MONOPETO 2 DÜĞMELİ KRUVAZE YAKALI ASTARSIZ CEKET,₺74.950
MONOPETO SİVRİ YAKALI PİLİLİ PANTOLONLU ÇİZGİLİ TAKIM ELBİSE,₺99.950
MONOPETO SİVRİ YAKALI PİLİLİ PANTOLONLU ÇİZGİLİ TAKIM ELBİSE,₺99.950
MONOPETO SİVRİ YAKALI PİLİLİ PANTOLONLU SERJ  TAKIM ELBİSE,₺99.950
MONOPETO PİLİLİ PANTOLONLU ÇİZGİLİ SERJ TAKIM ELBİSE,₺99.950
MONOPETO 2 DÜĞMELİ YARIM ASTARLI SEERSUCKER CEKET,₺74.950
MONOPETO 2 DÜĞMELİ YARIM ASTARLI SEERSUCKER CEKET,₺74.950
MONOPETO 2 DÜĞMELİ YARIM ASTARLI SEERSUCKER CEKET,₺74.950
"MONOPETO , TAM ASTARLI TAKIM ELBİSE",₺149.950
MONOPETO SİVRİ YAKALI PİLİLİ PANTOLONLU TK.ELBİSE,₺149.950
MONOPETO SİVRİ YAKALI PİLİLİ PANTOLONLU TK.ELBİSE,₺149.950
YAKALI ASTARSIZ SAFARİ SPOR CEKET,₺119.950
YAKALI ASTARSIZ SAFARİ SPOR CEKET,₺119.950
YAKALI ASTARSIZ SAFARİ SPOR CEKET,₺119.950
ÖNÜ DÜĞMELİ KETEN MONT,₺89.950
ÖNÜ DÜĞMELİ KETEN MONT,₺89.950
KRUVAZE CEKET,₺109.950
T-SHIRT,₺3.750
O YAKALI UZUN KOL T-SHIRT,₺3.450
O YAKALI UZUN KOL T-SHIRT,₺3.750
O YAKALI UZUN KOL T-SHIRT,₺3.750
MAVİ GEOMETRİK DESENLİ LASTİKLİ MAYO,₺8.950
KIRMIZI GEOMETRİK DESENLİ LASTİKLİ MAYO,₺8.950
LACİVERT ÇİZGİLİ DESENLİ LASTİKLİ MAYO,₺8.950
PEMBE ÇİÇEK DESENLİ LASTİKLİ MAYO,₺8.950
ROYAL MAVİ MİCRO DESENLİ LASTİKLİ MAYO,₺8.950
LACİVERT MOTİF LASTİKLİ MAYO,₺8.950
NEFTİ MOTİF LASTİKLİ MAYO,₺8.950
GÖMLEK,₺11.950
LACİVERT DESENLİ LASTİKLİ MAYO,₺8.950
LACİVERT LASTİKLİ MAYO,₺12.950
SU YEŞİLİ MİCRO DESENLİ LASTİKLİ MAYO,₺8.950
LACİVERT KUTUCUK DESENLİ LASTİKLİ MAYO,₺8.950
EXCLUSIVE BALIKSIRTI GÖMLEK,₺11.950
PAMUK ELASTAN OXFORD GÖMLEK,₺8.450
TWILL PAMUK LİYOSEL GÖMLEK,₺6.950
HAKİ LASTİKLİ MAYO,₺12.950
KOYU YEŞİL DESENLİ LASTİKLİ MAYO,₺8.950
MAVİ ŞAL DESENLİ LASTİKLİ MAYO,₺8.950
PETROL KUTUCUK DESENLİ LASTİKLİ MAYO,₺8.950
GÜL KURUSU KUTUCUK DESENLİ LASTİKLİ MAYO,₺8.950
KIRMIZI MOTİF LASTİKLİ MAYO,₺8.950
PETROL MOTİF LASTİKLİ MAYO,₺8.950
LACİVERT LASTİKLİ MAYO,₺8.950
KOYU YEŞİL LASTİKLİ MAYO,₺8.950
YEŞİL KUTUCUK DESENLİ LASTİKLİ MAYO,₺8.950
MAVİ ÇİZGİLİ DESENLİ LASTİKLİ MAYO,₺8.950
GÖMLEK,₺11.950
EXCLUSIVE OXFORD GÖMLEK,₺11.950
POLO YAKA KISA KOL JAKARLI TRİKO TSHIRT,₺14.950
POLO YAKA KISA KOL JAKARLI TRİKO TSHIRT,₺14.950
ÇİZGİLİ DESENLİ PAMUK GÖMLEK,₺8.950
ÇİZGİLİ DESENLİ PAMUK GÖMLEK,₺8.450
EXCLUSIVE ÇİZGİLİ DESENLİ GÖMLEK,₺11.950
KETEN SPOR GÖMLEK,₺9.950
MAVİ LASTİKLİ MAYO,₺8.950
MAVİ GEOMETRİK DESENLİ LASTİKLİ MAYO,₺8.950
LACİVERT GEOMETRİK DESENLİ LASTİKLİ MAYO,₺8.950
YEŞİL ÇİÇEK DESENLİ LASTİKLİ MAYO,₺8.950
MAVİ MOTİF LASTİKLİ MAYO,₺8.950
POLO YAKA KISA KOL JAKARLI TRİKO TSHIRT,₺14.950
TEK PİLİLİ YÜN SERJ PANTOLON,₺22.950
ÇİZGİLİ DESENLİ PAMUK GÖMLEK,₺8.950
ÇİZGİLİ DESENLİ PAMUK GÖMLEK,₺8.950
PAMUK KETEN JERSEY SPOR GÖMLEK,₺8.950
MICRO DESENLİ GÖMLEK,₺6.450
ÇİZGİLİ DESENLİ PAMUK GÖMLEK,₺8.950
EXCLUSIVE POPLİN GÖMLEK,₺11.950
KETEN SPOR GÖMLEK,₺9.950
KETEN SPOR GÖMLEK,₺9.950
KETEN SPOR GÖMLEK,₺9.950
KOYU MAVİ MİCRO DESENLİ LASTİKLİ MAYO,₺8.950
MAVİ MOTİF LASTİKLİ MAYO,₺8.950
POLO YAKA KISA KOL KOTON KREP TRİKO TSHIRT,₺10.950
BİSİKLET YAKALI KISA KOL TSHIRT,₺6.950
BEŞ CEPLİ JEAN PANTOLON,₺39.950
TEK PİLİLİ BELİ LASTİKLİ SEERSUCKER PANTOLON,₺19.950
TEK PİLİLİ BELİ LASTİKLİ SEERSUCKER PANTOLON,₺19.950
TEK PİLİLİ BELİ LASTİKLİ KETEN PANTOLON,₺24.950
TEK PİLİLİ PANTOLON,₺24.950
TEK PİLİLİ PANTOLON,₺19.950
EXCLUSIVE OXFORD GÖMLEK,₺11.950
ÇİZGİLİ DESENLİ PAMUK GÖMLEK,₺8.950
ÇİZGİLİ DESENLİ PAMUK GÖMLEK,₺8.950
ÇİZGİLİ DESENLİ PAMUK GÖMLEK,₺8.950
ÇİZGİLİ DESENLİ PAMUK GÖMLEK,₺8.950
TWILL PAMUK LİYOSEL GÖMLEK,₺6.950
ÇİZGİLİ DESENLİ PAMUK GÖMLEK,₺8.950
JERSEY PAMUK GÖMLEK,₺9.450
JERSEY PAMUK GÖMLEK,₺9.450
KETEN SPOR GÖMLEK,₺9.950
KETEN SPOR GÖMLEK,₺9.950
MICRO DESENLİ GÖMLEK,₺8.450
MICRO DESENLİ GÖMLEK,₺6.450
ÇİZGİLİ DESENLİ PAMUK GÖMLEK,₺9.450
ÇİZGİLİ DESENLİ PAMUK GÖMLEK,₺8.950
EXCLUSIVE ÇİZGİLİ DESENLİ GÖMLEK,₺11.950
EXCLUSIVE OXFORD GÖMLEK,₺11.950
KETEN SPOR GÖMLEK,₺9.950
PAMUK KETEN SPOR GÖMLEK,₺8.450
SMOKİN TAKIM,₺94.950
SİYAH SMOKİN TAKIM,₺149.950
SİYAH SMOKİN TAKIM,₺149.950
EKRU SİYAH  SMOKİN TAKIM,₺149.950
SU YEŞİLİ GEOMETRİK DESENLİ LASTİKLİ MAYO,₺8.950
LACİVERT ŞAL DESENLİ LASTİKLİ MAYO,₺8.950
LACİVERT MOTİF LASTİKLİ MAYO,₺8.950
FERMUARLI POLO YAKA KISA KOL İPEK TRİKO,₺22.950
BİSİKLET YAKALI KISA KOL İPEK TRİKO,₺18.950
BİSİKLET YAKALI KISA KOL İPEK TRİKO,₺18.950
BİSİKLET YAKALI KISA KOL İPEK TRİKO,₺18.950
BİSİKLET YAKALI KISA KOL KETEN-KOTON TRİKO,₺17.950
BİSİKLET YAKALI KISA KOL KETEN-KOTON TRİKO,₺17.950
POLO YAKA UZUN KOL KOTON TSHIRT,₺18.950
BİSİKLET YAKALI KISA KOL KOTON-İPEK TSHIRT,₺19.950
BİSİKLET YAKALI KISA KOL KOTON-İPEK TSHIRT,₺19.950
BİSİKLET YAKALI KISA KOL KOTON-İPEK TSHIRT,₺19.950
BİSİKLET YAKALI KISA KOL KOTON-İPEK TSHIRT,₺19.950
BİSİKLET YAKALI KISA KOL KETEN TSHIRT,₺14.950
BİSİKLET YAKALI KISA KOL KETEN TSHIRT,₺14.950
BİSİKLET YAKALI KISA KOL KETEN TSHIRT,₺14.950
POLO YAKALI KISA KOL KETEN TSHIRT,₺18.950
POLO YAKALI KISA KOL KETEN TSHIRT,₺18.950
DÜĞMESİZ POLO YAKALI UZUN KOL KETEN TSHIRT,₺22.950
DÜĞMESİZ POLO YAKALI UZUN KOL KETEN TSHIRT,₺22.950
DÜĞMESİZ POLO YAKALI UZUN KOL KETEN TSHIRT,₺22.950
DÜĞMESİZ POLO YAKALI UZUN KOL KETEN TSHIRT,₺22.950
POLO YAKALI KISA KOL İPEK  TSHIRT,₺22.950
POLO YAKALI KISA KOL İPEK  TSHIRT,₺22.950
POLO YAKALI KISA KOL İPEK  TSHIRT,₺22.950
BİSİKLET  YAKALI KISA KOL İPEK TRİKO,₺18.950
BİSİKLET  YAKALI KISA KOL İPEK TRİKO,₺18.950
BİSİKLET  YAKALI KISA KOL İPEK TRİKO,₺18.950
BİSİKLET YAKALI KISA KOL KETEN TRİKO,₺15.950
BİSİKLET YAKALI KISA KOL KETEN TRİKO,₺15.950
BİSİKLET YAKALI KISA KOL KETEN TRİKO,₺15.950
BİSİKLET YAKALI KISA KOL KETEN TRİKO,₺15.950
BİSİKLET YAKALI KISA KOL KETEN TRİKO,₺15.950
POLO YAKA DÜĞMELİ KISA KOL KETEN TRİKO,₺17.950
POLO YAKA DÜĞMELİ KISA KOL KETEN TRİKO,₺17.950
POLO YAKA DÜĞMELİ KISA KOL KETEN TRİKO,₺17.950
POLO YAKA DÜĞMELİ KISA KOL KOTON TRİKO,₺19.950
POLO YAKA DÜĞMELİ KISA KOL KOTON TRİKO,₺19.950
POLO YAKA DÜĞMELİ KISA KOL İPEK TRİKO,₺22.950
LANVEN YAKALI KISA KOL KOTON ÇİZGİLİ GÖMLEK,₺22.950
ÖNÜ DÜĞMELİ KISA KOL TRİKO GÖMLEK,₺17.950
BİSİKLET YAKALI KISA KOL LİKRALI KETEN TSHIRT,₺17.950
ÖNÜ DÜĞMELİ KISA KOL TRİKO GÖMLEK,₺17.950
BİSİKLET YAKALI KISA KOL KOTON KREP TRİKO TSHIRT,₺7.950
BİSİKLET YAKALI KISA KOL KOTON KREP TRİKO TSHIRT,₺7.950
POLO YAKA UZUN KOL KOTON KREP TRİKO TSHIRT,₺14.950
POLO YAKA UZUN KOL KOTON KREP TRİKO TSHIRT,₺14.950
POLO YAKA UZUN KOL KOTON KREP TRİKO TSHIRT,₺14.950
BEŞ CEPLİ JEAN PANTOLON,₺32.950
BEŞ CEPLİ JEAN PANTOLON,₺29.950
BEŞ CEPLİ PANTOLON,₺29.950
BEŞ CEPLİ PANTOLON,₺29.950
BEŞ CEPLİ PANTOLON,₺29.950
BEŞ CEPLİ PANTOLON,₺29.950
BEŞ CEPLİ JEAN PANTOLON,₺32.950
TEK PİLİLİ PANTOLON,₺24.950
TEK PİLİLİ PANTOLON,₺24.950
TEK PİLİLİ PANTOLON,₺24.950
TEK PİLİLİ PANTOLON,₺24.950
TEK PİLİLİ YÜN SERJ PANTOLON,₺22.950
TEK PİLİLİ BELİ LASTİKLİ SEERSUCKER PANTOLON,₺19.950
TEK PİLİLİ PANTOLON,₺27.950
TEK PİLİLİ PANTOLON,₺27.950
TEK PİLİLİ BELİ LASTİKLİ KETEN PANTOLON,₺24.950
TEK PİLİLİ BELİ LASTİKLİ KETEN PANTOLON,₺24.950
TEK PİLİLİ BELİ LASTİKLİ KETEN PANTOLON,₺24.950
TEK PİLİLİ PANTOLON,₺24.950
TEK PİLİLİ PANTOLON,₺24.950
TEK PİLİLİ PANTOLON,₺24.950
TEK PİLİLİ PANTOLON,₺24.950
TEK PİLİLİ PANTOLON,₺24.950
TEK PİLİLİ PANTOLON,₺24.950
TEK PİLİLİ PANTOLON,₺24.950
TEK PİLİLİ PANTOLON,₺24.950
TEK PİLİLİ PANTOLON,₺19.950
TEK PİLİLİ PANTOLON,₺19.950
TEK PİLİLİ PANTOLON,₺19.950
TEK PİLİLİ PANTOLON,₺19.950
TEK PİLİLİ BELİ LASTİKLİ PAMUK PANTOLON,₺18.950
TEK PİLİLİ PANTOLON,₺24.950
TEK PİLİLİ PANTOLON,₺24.950
TEK PİLİLİ PANTOLON,₺24.950
TEK PİLİLİ BELİ LASTİKLİ PANTOLON,₺22.950
TEK PİLİLİ BELİ LASTİKLİ PANTOLON,₺22.950
TEK PİLİLİ BELİ LASTİKLİ PANTOLON,₺22.950
TEK PİLİLİ BELİ LASTİKLİ PANTOLON,₺22.950
TEK PİLİLİ BELİ LASTİKLİ PANTOLON,₺22.950
TEK PİLİLİ BELİ LASTİKLİ JARSE PANTOLON,₺18.950
TEK PİLİLİ KETEN-KOTON PANTOLON,₺27.950
TEK PİLİLİ YÜN SERJ PANTOLON,₺32.950
TEK PİLİLİ YÜN SERJ PANTOLON,₺32.950
LANVEN YAKALI UZUN KOL GÖMLEK,₺34.950
BELİ LASTİKLİ VE İPLİ PİLİSİZ PANTOLON,₺37.950
BELİ LASTİKLİ VE İPLİ PİLİSİZ PANTOLON,₺37.950
BELİ KEMERLİ PİLİSİZ PANTOLON,₺37.950
LANVEN YAKALI UZUN KOL GÖMLEK,₺34.950
ATLET,₺899
ATLET,₺899
ATLET,₺899
LACİVERT ATLET,₺899
O YAKALI KISA KOL TSHIRT,₺3.450
O YAKALI KISA KOL TSHIRT,₺3.450
T-SHIRT,₺3.750
ATLET,₺899
T-SHIRT,₺3.450
T-SHIRT,₺3.750
T-SHIRT,₺3.450
POPLIN GÖMLEK,₺5.950
T-SHIRT,₺3.450
O YAKALI UZUN KOL T-SHIRT,₺3.750
YARIM BALIKÇI YAKA UZUN KOL T-SHIRT,₺5.950
YARIM BALIKÇI YAKA UZUN KOL T-SHIRT,₺5.950
POPLİN GÖMLEK,₺5.950
T-SHIRT,₺3.750
MICRO DESENLİ GÖMLEK,₺8.450
YARIM BALIKÇI YAKA UZUN KOL T-SHIRT,₺5.950
PAMUK ELASTAN OXFORD GÖMLEK,₺8.450
YARIM BALIKÇI YAKA UZUN KOL T-SHIRT,₺5.950
PEMBE ÇİZGİLİ DESENLİ LASTİKLİ MAYO,₺8.950
YARIM BALIKÇI YAKA UZUN KOL T-SHIRT,₺5.950
T-SHIRT,₺3.750
EXCLUSIVE TWILL GÖMLEK,₺11.950
YARIM BALIKÇI YAKA UZUN KOL T-SHIRT,₺5.950
LACİVERT YÜN ELASTAN TAKIM ELBİSE,₺149.950
EXCLUSIVE TWILL GÖMLEK,₺11.950
GÖMLEK,₺11.950
GÖMLEK,₺11.950
YARIM BALIKÇI YAKA UZUN KOL TSHIRT,₺5.950
PLISELİ ATA YAKA SMOKİN GÖMLEK,₺12.950
EXCLUSIVE TWILL GÖMLEK,₺11.950
EXCLUSIVE TWILL GÖMLEK,₺11.950
SİYAH SMOKİN KUŞAĞI,₺4.950
LACİVERT YÜN TAKIM ELBİSE,₺149.950
MAVİ ÇİÇEK DESENLİ LASTİKLİ MAYO,₺8.950
BİSİKLET YAKALI KISA KOL TSHIRT,₺5.950
MICRO DESENLİ GÖMLEK,₺8.450
LACİVERT TAKIM ELBİSE,₺74.950
EXCLUSIVE TWILL GÖMLEK,₺11.950
EXCLUSIVE BALIKSIRTI GÖMLEK,₺11.950
SİYAH MONO TAKIM ELBİSE,₺74.950
BİSİKLET YAKALI KISA KOL TSHIRT,₺5.950
SİYAH PİLİLİ SMOKİN KUŞAĞI,₺4.950
BEŞ CEPLİ PANTOLON,₺29.950
POPLİN KLASİK GÖMLEK,₺12.950
FİTİLLİ ATA YAKA SMOKİN GÖMLEK,₺12.950
EXCLUSIVE TWILL GÖMLEK,₺11.950
TAKIM ELBİSE,₺74.950
SMOKİN TAKIM,₺94.950
SİYAH SMOKİN TAKIM,₺99.950
LACİVERT ÇİÇEK DESENLİ LASTİKLİ MAYO,₺8.950
KOYU MAVİ ÇİÇEK DESENLİ LASTİKLİ MAYO,₺8.950
BEŞ CEPLİ PANTOLON,₺32.950
BİSİKLET YAKALI KISA KOL TSHIRT,₺5.950
GÖMLEK,₺12.950
LACİVERT SMOKİN TAKIM,₺99.950
SMOKİN KEMER,₺4.950
PAPYON-KUŞAK SET,₺4.950
SMOKİN GÖMLEĞİ,₺12.950
DOKULU ATA YAKA SMOKIN GÖMLEĞİ,₺12.950
GÖMLEK,₺11.950
EXCLUSIVE OXFORD GÖMLEK,₺11.950
SMOKİN KEMER,₺4.950
MONO KRUVAZE YAKALI EKRU SMOKİN TAKIM,₺99.950
SMOKİN TAKIM,₺94.950
EKRU SMOKİN TAKIM,₺99.950
EKRU SMOKİN TAKIM,₺99.950
EKRU SMOKİN TAKIM,₺99.950
SİYAH SMOKİN TAKIM,₺99.950
LACİVERT SMOKİN TAKIM,₺99.950
SİYAH YÜN TAKIM ELBİSE,₺149.950
EKRU SMOKİN TAKIM,₺99.950
SİYAH SMOKİN TAKIM,₺99.950
SİYAH SMOKİN TAKIM,₺99.950
EKRU PANTOLON,₺99.950
EKRU SMOKİN TAKIM,₺159.950
EKRU SMOKİN TAKIM,₺149.950
MAVİ KUTUCUK DESENLİ LASTİKLİ MAYO,₺8.950
BEŞ CEPLİ JEAN PANTOLON,₺32.950
BEŞ CEPLİ PANTOLON,₺32.950
BEŞ CEPLİ PANTOLON,₺29.950
BEŞ CEPLİ PANTOLON,₺29.950
BEŞ CEPLİ JEAN PANTOLON,₺32.950
TEK PİLİLİ YÜN SERJ PANTOLON,₺22.950
TEK PİLİLİ YÜN SERJ PANTOLON,₺22.950
TEK PİLİLİ YÜN SERJ PANTOLON,₺22.950
TEK PİLİLİ YÜN SERJ PANTOLON,₺22.950
TEK PİLİLİ BELİ LASTİKLİ KETEN PANTOLON,₺24.950
TEK PİLİLİ PANTOLON,₺19.950
TEK PİLİLİ BELİ LASTİKLİ JARSE PANTOLON,₺18.950
TEK PİLİLİ BELİ LASTİKLİ JARSE PANTOLON,₺18.950
SMOKİN KEMER,₺4.950
SMOKİN KEMER,₺4.950
SMOKIN KEMER,₺4.950
SMOKİN KEMER,₺4.950
SMOKİN KEMER,₺4.950
DOKULU ATA YAKA SMOKIN GÖMLEĞİ,₺12.950
ŞAL YAKA EKRU SMOKİN,₺99.950
SMOKİN GÖMLEĞİ,₺12.950
SMOKİN GÖMLEĞİ,₺12.950
SMOKİN GÖMLEĞİ,₺12.950
SMOKİN GÖMLEĞİ,₺12.950
AMALFİ YAKA UZUN KOL TRİKO,₺3.975
POPLİN GÖMLEK,₺5.950
POLO YAKA UZUN KOL TRİKO,₺3.475
POLO YAKA UZUN KOL TRİKO,₺3.475
GRİ ATLET,₺749
YARIM BALIKÇI YAKA UZUN KOL TRİKO,₺3.725
T-SHIRT,₺3.750
FERMUARLI POLO YAKA UZUN KOL TRİKO,₺3.725
T-SHIRT,₺3.750
YARIM BALIKÇI YAKA UZUN KOL TRİKO,₺3.725
FERMUARLI POLO YAKA UZUN KOL TRİKO,₺3.725
FERMUARLI YARIM BALIKÇI UZUN KOL YÜN KAŞMİR TRİKO,₺6.475
AMALFİ YAKA UZUN KOL TRİKO,₺3.975
POLO YAKA UZUN KOL TRİKO,₺3.475
FERMUARLI YARIM BALIKÇI UZUN KOL YÜN KAŞMİR TRİKO,₺6.475
AMALFİ YAKA UZUN KOL TRİKO,₺3.975
POLO YAKA UZUN KOL TRİKO,₺3.475
AMALFİ YAKA UZUN KOL TRİKO,₺3.975
ÖNÜ FERMUARLI DIK YAKALI UZUN KOL YÜN KAŞMİR TRİKO,₺7.475
POLO YAKA UZUN KOL TRİKO,₺3.475
YARIM BALIKÇI YAKA UZUN KOL TRİKO,₺3.725
POLO YAKA UZUN KOL TRİKO,₺3.475
DÜĞMELİ YARIM BALIKÇI YAKA YÜN KAŞMİR TRİKO,₺7.475
ÖNÜ FERMUARLI DIK YAKALI UZUN KOL YÜN KAŞMİR TRİKO,₺7.475
AMALFİ YAKA UZUN KOL TRİKO,₺3.975
YARIM BALIKÇI YAKA UZUN KOL TRİKO,₺3.725
DÜĞMELİ YARİM BALİKÇİ YAKA YÜN KAŞMİR TRİKO,₺7.475
TEK PİLİLİ BALIKSIRTI YÜN PANTOLON,₺8.975
AMALFİ YAKA UZUN KOL TRİKO,₺3.975
BEŞ CEPLİ GRİ RENK JEAN PANTOLON,₺14.975
FERMUARLI YARIM BALIKÇI UZUN KOL YÜN KAŞMİR TRİKO,₺6.475
O YAKALI UZUN KOL KAŞMİR,₺9.975
ÖNÜ DÜĞMELİ ŞAL YAKALİ KALİN HİRKA,₺6.950
DÜĞMELİ YARIM BALIKÇI YAKA YÜN KAŞMİR TRİKO,₺7.475
TEK PİLİLİ BALIKSIRTI YÜN PANTOLON,₺8.975
BEŞ CEPLİ JEAN PANTOLON,₺12.950
ÖNÜ DÜĞMELİ ŞAL YAKALİ KALİN HİRKA,₺6.950
YARIM BALIKÇI YAKA UZUN KOL TRİKO,₺3.725
FERMUARLI DİK YAKALI MONT,₺22.475
O YAKALI UZUN KOL KAŞMİR TRİKO,₺9.975
O YAKALI YÜN İPEK TRİKO,₺7.475
TEK PİLİLİ RELAX KALIP PANTOLON,₺7.975
YARİM BALİKÇİ YAKA UZUN KOL TRİKO,₺3.725
V YAKALI UZUN KOL TRİKO,₺3.475
FERMUARLI POLO YAKA UZUN KOL TRİKO,₺3.725
V YAKALI UZUN KOL TRİKO,₺3.475
TEK PİLİLİ BALIKSIRTI YÜN PANTOLON,₺8.975
POLO YAKA UZUN KOL TRİKO,₺3.475
TEK PİLİLİ BALIKSIRTI YÜN PANTOLON,₺8.975
FERMUARLI POLO YAKA YÜN KAŞMİR TRİKO,₺7.475
O YAKALI UZUN KOL YÜN KAŞMİR TRİKO,₺6.475
LACİVERT PANTOLON,₺7.475
YARIM BALIKÇI YAKA UZUN KOL TRİKO,₺3.725
ÖNÜ DÜĞMELİ BAKLAVA DESENLİ TRİKO,₺6.950
DOĞAL TÜY DOLGULU MONT,₺24.975
BEŞ CEPLİ JEAN PANTOLON,₺16.475
BEŞ CEPLİ JEAN PANTOLON,₺13.975
FERMUARLI YARIM BALIKÇI UZUN KOL YÜN KAŞMİR TRİKO,₺6.475
FERMUARLI POLO YAKA YÜN KAŞMİR TRİKO,₺7.475
BEŞ CEPLİ PANTOLON,₺14.975
POPLİN GÖMLEK,₺5.950
BEŞ CEPLİ JEAN PANTOLON,₺13.975
DOĞAL TÜY DOLGULU YÜNLÜ MONT,₺34.975
FERMUARLI DİK YAKALI MONT,₺22.475
BALIKÇI YAKA YÜN İPEK TRİKO,₺7.975
YARİM BALİKÇİ YAKA YÜN TRİKO,₺9.975
DÜĞMELİ POLO YAKA YÜN İPEK TRİKO,₺9.975
ÖNÜ DÜĞMELİ YÜN KAŞMİR TRİKO,₺7.950
O YAKALI YÜN İPEK TRİKO,₺7.475
ÖNÜ DÜĞMELİ ŞAL YAKALI KALIN TRİKO,₺6.950
BALİKÇİ YAKA YÜN İPEK TRİKO,₺7.975
TEK PİLİLİ BELİ İPLİ VE LASTİKLİ TEKNİK YÜN PANTOLON,₺7.975
FÜME PANTOLON,₺7.975
DİK YAKALİ ÖNÜ FERMUARLİ YÜN HİRKA,₺8.975
FERMUARLI POLO YAKA YÜN KAŞMİR TRİKO,₺7.475
FERMUARLI YÜN KAŞMİR TRİKO MONT,₺13.950
TEK PİLİLİ RELAX KALIP PANTOLON,₺7.975
TEK PİLİLİ RELAX KALIP PANTOLON,₺7.975
BEŞ CEPLİ SİYAH RENK JEAN PANTOLON,₺14.975
BEŞ CEPLİ PANTOLON,₺14.975
BEŞ CEPLİ FLANEL YÜNLÜ PANTOLON,₺22.475
POLO YAKA DÜĞMELİ PAT UZUN KOL YÜN İPEK TRİKO,₺8.475
POLO YAKA DÜĞMELİ PAT UZUN KOL YÜN İPEK TRİKO,₺8.475
ÖNÜ 5 DÜĞMELİ KAŞMİR TRİKO,₺12.475
TEK PİLİLİ BELİ LASTİKLİ VE İPLİ SERJ PANTOLON,₺7.975
SAÇ ÖRGÜ DESENLİ DÜĞMELİ HİRKA,₺6.950
ÖNÜ DÜĞMELİ YÜN KAŞMİR TRİKO,₺7.950
O YAKALI UZUN KOL YÜN KAŞMİR TRİKO,₺6.475
V YAKALI UZUN KOL TRİKO,₺3.475
YARIM BALIKÇI YAKA UZUN KOL TRİKO,₺3.725
DİK YAKALI ÖNÜ FERMUARLI YÜN TRİKO,₺8.975
BAKLAVA DESENLİ O YAKALİ YÜN TRİKO,₺8.975
ŞAL YAKALİ ÖNÜ DÜĞMELİ SAÇ ÖRGÜ KALİN TRİKO,₺12.475
BEŞ CEPLİ PANTOLON,₺14.975
DÜĞMELİ POLO YAKA YÜN İPEK TRİKO,₺9.975
TEK PİLİLİ BELİ İPLİ VE LASTİKLİ TEKNİK YÜN PANTOLON,₺7.975
TEK PİLİLİ PANTOLON,₺7.475
BEŞ CEPLİ PANTOLON,₺14.975
SAÇ ÖRGÜ DESENLİ DÜĞMELİ HİRKA,₺6.950
DÜĞMELİ DİK YAKALI YÜN TRİKO,₺9.975
DOĞAL ELYAF DOLGULU MONT,₺29.975
SAÇ ÖRGÜ DESENLİ DÜĞMELİ TRİKO,₺6.950
UZUN PALTO,₺39.975
BAKLAVA DESENLİ O YAKALİ YÜN TRİKO,₺8.975
O YAKALİ YÜN İPEK TRİKO,₺8.975
TEK PİLELİ YÜN İPEK FLANEL PANTOLON,₺12.475
BEŞ CEPLİ JEAN PANTOLON,₺13.975
BEŞ CEPLİ JEAN PANTOLON,₺16.475
V YAKALI UZUN KOL KAŞMİR TRİKO,₺9.975
ÖNÜ FERMUARLI DIK YAKALI UZUN KOL YÜN KAŞMİR TRİKO,₺7.475
ÖNÜ 5 DÜĞMELİ KAŞMİR TRİKO,₺12.475
BELİ LASTİKLİ VE İPLİ PANTOLON,₺12.475
TRİKO MONT,₺24.975
POLO DÜĞMELİ YAKA UZUN KOL KAŞMİR TRİKO,₺14.975
O YAKALI UZUN KOL KAŞMİR TRİKO,₺9.975
V YAKALI UZUN KOL TRİKO,₺3.475
BAKLAVA DESENLİ O YAKALİ YÜN TRİKO,₺8.975
TEK PİLİLİ PIED DE POULE DESENLİ YÜN PANTOLON,₺8.975
TEK PİLİLİ PANTOLON,₺7.475
BEŞ CEPLİ JEAN PANTOLON,₺14.975
DİK YAKALİ ÖNÜ FERMUARLİ YÜN HİRKA,₺8.975
ÖNÜ FERMUARLI DIK YAKALI UZUN KOL YÜN KAŞMİR TRİKO,₺7.475
FERMUARLI YÜN KAŞMİR TRİKO MONT,₺13.950
KRUVAZE İÇİ DOĞAL TÜY DOLGULU KABAN,₺39.975
DÜĞMELİ KALİN TRİKO,₺9.975
BALİKÇİ YAKA YÜN İPEK TRİKO,₺7.975
FERMUARLİ DİK YAKALİ YÜN KAŞMİR TRİKO,₺11.475
TEK PİLİLİ BELİ İPLİ VE LASTİKLİ TEKNİK YÜN PANTOLON,₺7.975
LACİVERT JARSE PANTOLON,₺9.975
BEŞ CEPLİ JEAN PANTOLON,₺17.475
KARELİ YÜNLÜ CEKET,₺32.475
TEK PİLİLİ TEKNİK KUMAŞ PANTOLON,₺8.950
YARIM BALIKÇI YAKA UZUN KOL TRİKO,₺3.725
FERMUARLİ DİK YAKALİ YÜN KAŞMİR TRİKO,₺11.475
YARIM BALIKÇI YAKA YÜN TRİKO,₺9.975
FÜME KAZAYAĞI DESENLİ PANTOLON,₺8.975
O YAKALI UZUN KOL KAŞMİR TRİKO,₺9.975
KAPİŞONLU KAŞMİR TRİKO,₺12.475
DÜĞMELİ DİK YAKALİ YÜN AKRİLİK HİRKA,₺9.975
DOĞAL TÜY DOLGULU YÜNLÜ MONT,₺34.975
V YAKALI UZUN KOL TRİKO,₺3.475
YAKA UCU DÜĞMELİ POLO YAKA YÜN TRİKO,₺12.475
O YAKALİ YÜN İPEK TRİKO,₺8.975
TEK PİLİLİ RELAX KALIP PANTOLON,₺8.950
BEŞ CEPLİ FLANEL YÜNLÜ PANTOLON,₺22.475
ÖNÜ DÜĞMELİ YÜN KAŞMİR TRİKO,₺7.950
DÜĞMELİ KALİN HİRKA,₺9.975
TEK PİLİLİ PIED DE POULE DESENLİ YÜN PANTOLON,₺7.975
TEK PİLİLİ BELİ LASTİKLİ VE İPLİ SERJ PANTOLON,₺7.975
TEK PİLİLİ PANTOLON,₺9.975
BEŞ CEPLİ FLANEL YÜNLÜ PANTOLON,₺22.475
POLO DÜĞMELİ YAKA UZUN KOL KAŞMİR TRİKO,₺14.975
DOĞAL TÜY DOLGULU GÖMLEK MONT,₺22.475
TEK PİLİLİ YÜN GABARDİN PANTOLON,₺9.950
ÖNÜ DÜĞMELİ UZUN KOL GÖMLEK TRİKO,₺9.975
ŞAL YAKALI ÖNÜ DÜĞMELİ SAÇ ÖRGÜ KALIN TRİKO,₺12.475
TEK PİLİLİ BELİ İPLİ VE LASTİKLİ TEKNİK YÜN PANTOLON,₺7.975
BEŞ CEPLİ GRİ RENK JEAN PANTOLON,₺14.975
BEŞ CEPLİ PANTOLON,₺14.975
BALİKÇİ YAKA UZUN KOL KAŞMİR TRİKO,₺11.475
V YAKALI UZUN KOL KAŞMİR TRİKO,₺9.975
DOĞAL ELYAF DOLGULU MONT,₺29.975
DİK YAKALI FERMUARLI TRİKO,₺12.475
BALIKÇI YAKA YÜN İPEK TRİKO,₺7.975
FERMUARLİ DİK YAKALİ YÜN KAŞMİR TRİKO,₺11.475
DİK YAKALİ FERMUARLİ KAŞMİR TRİKO,₺17.475
VİZON PANTOLON,₺7.475
TEK PİLİLİ BELİ LAPLİ VE LASTİKLİ ÇİZGİLİ YÜNLÜ PANTOLON,₺11.475
TEK PİLELİ YÜN İPEK FLANEL PANTOLON,₺12.475
MONOPETO TAM ASTARLI TAKIM ELBİSE,₺39.975
ÖNÜ 5 DÜĞMELİ KAŞMİR TRİKO,₺12.475
DOĞAL TÜY DOLGULU GÖMLEK MONT,₺22.475
DOĞAL ELYAF DOLGULU MONT,₺29.975
ÇİZGLİLİ DESENLİ YÜNLÜ YELEKLİ TAKIM ELBİSE,₺54.975
DİK YAKALI ÖNÜ FERMUARLI YÜN TRİKO,₺12.475
YARIM BALIKÇI YAKA YÜN TRİKO,₺9.975
FERMUARLI POLO YAKA YÜN TRİKO,₺11.475
TEK PİLİLİ PANTOLON,₺7.475
BEŞ CEPLİ JEAN PANTOLON,₺16.475
O YAKALI YÜN İPEK TRİKO,₺7.475
BELİ LASTİKLİ VE İPLİ YÜN JARSE PANTOLON,₺14.975
TEK PİLİLİ YÜN GABARDİN PANTOLON,₺9.950
DİK YAKALI FERMUARLI TRİKO,₺12.475
DİK YAKALI FERMUARLI TRİKO,₺12.475
ÖNÜ DÜĞMELİ UZUN KOL GÖMLEK TRİKO,₺9.975
BAKLAVA DESENLİ V YAKALİ YÜN KAŞMİR TRİKO,₺8.975
DİK YAKALI ÖNÜ FERMUARLI YÜN TRİKO,₺12.475
FERMUARLİ DİK YAKALİ YÜN KAŞMİR TRİKO,₺11.475
DİK YAKALI FERMUARLI KAŞMİR TRİKO,₺17.475
YAKA UCU DÜĞMELİ POLO YAKA YÜN TRİKO,₺12.475
O YAKALI YÜN TRİKO,₺7.475
HAKİ KAZAYAĞI DESENLİ PANTOLON,₺8.975
BEŞ CEPLİ PANTOLON,₺14.975
BEŞ CEPLİ SİYAH RENK JEAN PANTOLON,₺18.975
O YAKALI UZUN KOL KAŞMİR TRİKO,₺9.975
BALİKÇİ YAKA UZUN KOL KAŞMİR TRİKO,₺11.475
DİK YAKALİ FERMUARLİ KALİN ÖRGÜ HİRKA,₺8.950
DOĞAL TÜY DOLGULU YÜNLÜ KISA PALTO,₺49.975
EKOSE DESENLİ YÜN ALPAKA CEKET,₺39.975
JARSE CEKET,₺32.475
TRİKO MONT,₺24.975
ÖNÜ DÜĞMELİ UZUN KOL GÖMLEK TRİKO,₺9.975
MONOPETO YARIM ASTARLI YÜN İPEK CEKET,₺29.975
MONOPETO YARIM ASTARLI YÜN İPEK CEKET,₺32.475
KRUVAZE YARIM ASTARLI YÜN KAŞMİR CEKET,₺29.975
BEŞ CEPLİ GRİ RENK JEAN PANTOLON,₺17.475
BEŞ CEPLİ PANTOLON,₺13.975
BEŞ CEPLİ JEAN PANTOLON,₺19.975
POLO YAKA DÜĞMELİ PAT UZUN KOL YÜN İPEK TRİKO,₺8.475
TEK PİLİLİ TEKNİK KUMAŞ PANTOLON,₺8.950
TRİKO MONT,₺24.975
SAÇ ÖRGÜ DESENLİ FERMUARLI YÜN KAŞMİR TRİKO,₺17.475
YARİM BALİKÇİ YAKA YÜN TRİKO,₺9.975
DÜĞMELİ POLO YAKA YÜN İPEK TRİKO,₺9.975
DÜĞMELİ POLO YAKA YÜN İPEK TRİKO,₺9.975
DÜĞMELİ POLO YAKA YÜN İPEK TRİKO,₺9.975
TEK PİLİLİ PANTOLON,₺7.475
TEK PİLİLİ PANTOLON,₺9.975
KRUVAZE TAM ASTARLI YÜN İPEK CEKET,₺32.475
V YAKALI UZUN KOL KAŞMİR TRİKO,₺9.975
DİK YAKALI FERMUARLI KALIN ÖRGÜ TRİKO,₺8.950
GÖMLEK,₺11.950
JEAN PANTOLON,₺11.950
ÖNÜ DÜĞMELİ UZUN KOL GÖMLEK TRİKO,₺9.975
FERMUARLI POLO YAKA YÜN TRİKO,₺11.475
TEK PİLİLİ BELİ LAPLİ VE LASTİKLİ ÇİZGİLİ YÜNLÜ PANTOLON,₺11.475
TEK PİLİLİ PANTOLON,₺9.975
KARELİ YÜN İPEK KUMAŞ MONOPETO CEKET,₺34.975
KRUVAZE YARIM ASTARLI YÜN KAŞMİR CEKET,₺29.975
MONOPETO TAM ASTARLI ÇİZGİLİ TAKIM ELBİSE,₺42.475
MONOPETO TAM ASTARLI ÇİZGİLİ  TAKIM ELBİSE,₺39.975
ÖNÜ DÜĞMELİ YÜN KAŞMİR TRİKO,₺7.950
ASTARSIZ KAŞMİR SPOR CEKET,₺69.975
DOĞAL TÜY DOLGULU YELEK,₺17.475
DOĞAL TÜY DOLGULU YÜNLÜ KISA KABAN,₺64.975
DOĞAL TÜY DOLGULU YELEK,₺24.975
BELİ LASTİKLİ VE İPLİ PANTOLON,₺12.475
BELİ LASTİKLİ VE İPLİ YÜN JARSE PANTOLON,₺14.975
FERMUARLİ POLO YAKA YÜN İPEK TRİKO,₺9.975
DİK YAKALI ÖNÜ FERMUARLI YÜN TRİKO,₺12.475
DİK YAKALI FERMUARLI KAŞMİR TRİKO,₺17.475
O YAKALİ YÜN TRİKO,₺7.475
YARİM BALİKÇİ YAKA YÜN TRİKO,₺9.975
YARIM BALIKÇI YAKA YÜN TRİKO,₺9.975
DÜĞMELİ POLO YAKA YÜN İPEK TRİKO,₺9.975
KARELİ YÜN İPEK KUMAŞ MONOPETO CEKET,₺34.975
MONOPETO YARIM ASTARLI YÜN KAŞMİR CEKET,₺32.475
"KRUVAZE, TAM ASTARLI ÇİZGİLİ TAKIM ELBİSE",₺49.975
BEŞ CEPLİ PANTOLON,₺14.975
BEŞ CEPLİ PANTOLON,₺14.975
BEŞ CEPLİ JEAN PANTOLON,₺19.975
BEŞ CEPLİ YÜN PANTOLON,₺17.475
O YAKALI KISA KOL YÜN İPEK TRİKO,₺6.475
DÜĞMELİ DIK YAKALI YÜN AKRİLİK TRİKO,₺9.975
KRUVAZE YAKALI KAŞMİR PALTO,₺74.975
ASTARLI BALIKSIRTI YÜNLÜ CEKET,₺34.975
ÇİFT PİLİLİ YÜNLÜ SERJ PANTOLON,₺10.950
TEK PİLİLİ YÜN GABARDİN PANTOLON,₺9.950
SAÇ ÖRGÜ DESENLİ FERMUARLI YÜN KAŞMİR TRİKO,₺17.475
O YAKALİ YÜN TRİKO,₺7.475
FERMUARLİ POLO YAKA YÜN TRİKO,₺11.475
DÜĞMELİ POLO YAKA YÜN İPEK TRİKO,₺9.975
O YAKALİ YÜN İPEK TRİKO,₺8.975
TEK PİLİLİ BELİ LASTİKLİ VE İPLİ SERJ PANTOLON,₺7.975
TEK PİLİLİ PANTOLON,₺9.975
MONOPETO YARIM ASTARLI YÜN İPEK CEKET,₺32.475
"BALIKSIRTI DESENLİ, YÜN KAŞMİR MONOPETO CEKET",₺34.975
KRUVAZE YARIM ASTARLI YÜN KAŞMİR CEKET,₺29.975
MONOPETO TAM ASTARLI ÇİZGİLİ  TAKIM ELBİSE,₺49.975
KRUVAZE TAM ASTARLI KARELİ FLANEL TAKIM ELBİSE,₺42.475
POLO YAKA DÜĞMELİ PAT UZUN KOL YÜN İPEK TRİKO,₺8.475
BALIKÇI YAKA UZUN KOL KAŞMİR TRİKO,₺11.475
BALIKÇI YAKA UZUN KOL KAŞMİR TRİKO,₺11.475
FERMUARLI KAŞMİR YELEK,₺39.975
LACİVERT PANTOLON,₺12.475
BELİ LASTİKLİ VE İPLİ PANTOLON,₺12.475
ÇİFT PİLİLİ YÜNLÜ SERJ PANTOLON,₺10.950
DİK YAKALI FERMUARLI KAŞMİR TRİKO,₺17.475
TEK PİLİLİ RELAX KALIP PANTOLON,₺7.975
TEK PİLİLİ BELİ LASTİKLİ VE İPLİ SERJ PANTOLON,₺7.975
TEK PİLELİ YÜN İPEK FLANEL PANTOLON,₺12.475
MONOPETO YARIM ASTARLI YÜN İPEK CEKET,₺32.475
KARELİ YÜN İPEK KUMAŞ MONOPETO CEKET,₺34.975
KRUVAZE YARIM ASTARLI YÜN KAŞMİR CEKET,₺29.975
MONOPETO TAM ASTARLI SERJ TAKIM ELBİSE,₺44.975
MONOPETO TAM ASTARLI TAKIM ELBİSE,₺39.975
MONOPETO TAM ASTARLI ÇİZGİLİ  TAKIM ELBİSE,₺39.975
MONOPETO TAM ASTARLI ÇİZGİLİ  TAKIM ELBİSE,₺42.475
BEŞ CEPLİ PANTOLON,₺13.975
BEŞ CEPLİ YÜN PANTOLON,₺17.475
O YAKALI KISA KOL YÜN İPEK TRİKO,₺6.475
POLO DÜĞMELİ YAKA UZUN KOL KAŞMİR TRİKO,₺14.975
BALIKÇI YAKA UZUN KOL KAŞMİR TRİKO,₺11.475
FERMUARLI KAŞMİR YELEK,₺39.975
DOĞAL TÜY DOLGULU YELEK,₺24.975
DOĞAL TÜY DOLGULU GÖMLEK MONT,₺22.475
DOĞAL TÜY DOLGULU GÖMLEK MONT,₺22.475
BELİ LASTİKLİ VE İPLİ PANTOLON,₺12.475
ASTARLI BALIKSIRTI YÜNLÜ CEKET,₺34.975
KAŞMİR  PALTO,₺64.975
"PİLİSİZ, YÜN İPEK FLANEL PANTOLON",₺14.975
TEK PİLİLİ STRETCH YÜNLU PANTOLON,₺9.950
FERMUARLI POLO YAKA YÜN İPEK TRİKO,₺9.975
YAKA UCU DÜĞMELİ POLO YAKA YÜN TRİKO,₺12.475
YAKA UCU DÜĞMELİ POLO YAKA YÜN TRİKO,₺12.475
TEK PİLİLİ BELİ LASTİKLİ VE İPLİ SERJ PANTOLON,₺7.975
MONOPETO YARIM ASTARLI YÜN İPEK CEKET,₺29.975
MONOPETO YARIM ASTARLI YÜN İPEK CEKET,₺32.475
KARELİ YÜN İPEK KUMAŞ MONOPETO CEKET,₺34.975
MONOPETO KAŞMİR CEKET,₺44.975
BEŞ CEPLİ PANTOLON,₺13.975
BEŞ CEPLİ YÜN PANTOLON,₺17.475
TEK PİLİLİ BELİ LASTİKLİ VE İPLİ PANTOLON,₺17.475
CEKET MONT,₺54.975
DOĞAL TÜY DOLGULU YELEK,₺17.475
DOĞAL TÜY DOLGULU YELEK,₺17.475
ASTARLI YÜN KAŞMİR CEKET,₺34.975
KRUVAZE YAKALI KAŞMİR PALTO,₺74.975
TEK PİLİLİ YÜN PAMUK PANTOLON,₺10.950
TEK PİLİLİ TEKNİK KUMAŞ PANTOLON,₺8.950
BEŞ CEPLİ BEYAZ JEAN PANTOLON,₺12.950
TEK PİLİLİ PANTOLON,₺7.475
TEK PİLİLİ PANTOLON,₺9.975
MONOPETO YARIM ASTARLI YÜN İPEK CEKET,₺29.975
MONOPETO YARIM ASTARLI YÜN İPEK CEKET,₺32.475
MONOPETO YARIM ASTARLI YÜN KAŞMİR CEKET,₺32.475
MONOPETO TAM ASTARLI ÇİZGİLİ FLANEL TAKIM ELBİSE,₺49.975
MONOPETO TAM ASTARLI SERJ TAKIM ELBİSE,₺44.975
DOĞAL TÜY DOLGULU MONT,₺24.975
DOĞAL TÜY DOLGULU FLANEL YÜNLÜ YELEK,₺29.975
EKOSE DESENLİ YÜN KAŞMİR CEKET,₺32.475
DİK YAKALI YÜN KAŞMİR CEKET,₺31.950
DİK YAKALI YÜN KAŞMİR CEKET,₺49.975
YÜN KAŞMİR PALTO,₺69.975
ÖNÜ DÜĞMELİ KALIN TRİKO,₺24.975
APLİKE CEPLİ KAŞMİR TRİKO CEKET,₺39.975
BAKLAVA DESENLİ V YAKALİ YÜN KAŞMİR TRİKO,₺8.975
YAKA UCU DÜĞMELİ POLO YAKA YÜN TRİKO,₺12.475
MONOPETO YARIM ASTARLI YÜN İPEK CEKET,₺32.475
MONOPETO YARIM ASTARLI YÜN KAŞMİR CEKET,₺32.475
MONOPETO TAM ASTARLI SERJ TAKIM ELBİSE,₺44.975
"MONOPETO, TAM ASTARLI YELEKLİ TAKIM ELBİSE",₺54.975
KRUVAZE TAM ASTARLI KARELİ FLANEL TAKIM ELBİSE,₺42.475
BEŞ CEPLİ YÜN PANTOLON,₺17.475
CEKET MONT,₺27.950
CEKET MONT,₺27.950
ASTARSIZ KAŞMİR SPOR CEKET,₺69.975
DOĞAL TÜY DOLGULU FLANEL YÜNLÜ YELEK,₺29.975
BELİ LASTİKLİ VE İPLİ PANTOLON,₺12.475
ASTARLI YÜN KAŞMİR CEKET,₺34.975
KRUVAZE GENİŞ YAKALI UZUN YÜN ALPAKA PALTO,₺74.975
ASTARLI BALIKSIRTI YÜNLÜ CEKET,₺34.975
KAŞMİR  PALTO,₺64.975
"PİLİSİZ, YÜN İPEK FLANEL PANTOLON",₺14.975
TEK PİLİLİ STRETCH YÜNLU PANTOLON,₺9.950
TEK PİLİLİ YÜN GABARDİN PANTOLON,₺9.950
ÖNÜ DÜĞMELİ KALIN TRİKO,₺24.975
KAŞMİR UZUN PALTO,₺99.950
APLİKE CEPLİ YÜN SPOR CEKET,₺44.975
KAPAKLI APLİKE CEPLİ YÜN KAŞMİR KISA KABAN,₺44.975
BİSİKLET YAKALI KISA KOL T-SHIRT,₺5.950
GÖMLEK,₺12.950
DİK YAKALİ FERMUARLİ KAŞMİR HİRKA,₺17.475
O YAKALİ YÜN İPEK TRİKO,₺8.975
MONOPETO TAM ASTARLI YÜN KAŞMİR CEKET,₺25.950
KARELİ YÜN İPEK KUMAŞ MONOPETO CEKET,₺34.975
MONOPETO KAŞMİR CEKET,₺44.975
MONOPETO TAM ASTARLI ÇİZGİLİ FLANEL TAKIM ELBİSE,₺49.975
MONOPETO TAM ASTARLI ÇİZGİLİ  TAKIM ELBİSE,₺42.475
CEKET MONT,₺27.950
DOĞAL TÜY DOLGULU FLANEL YÜNLÜ MONT,₺37.475
DOĞAL TÜY DOLGULU YELEK,₺17.475
ASTARLI YÜN KAŞMİR CEKET,₺34.975
JARSE CEKET,₺32.475
KAPİŞONLU UZUN PALTO,₺54.950
YÜN ELASTAN KISA KABAN,₺44.975
"PİLİSİZ, YÜN İPEK FLANEL PANTOLON",₺14.975
TEK PİLİLİ TEKNİK KUMAŞ PANTOLON,₺8.950
TAKIM ELBİSE,₺32.950
BİSİKLET YAKALI KISA KOL YÜN T-SHIRT,₺19.950
EKRU PANTOLON,₺9.990
YAKA UCU DÜĞMELİ POLO YAKA YÜN TRİKO,₺12.475
O YAKALI YÜN TRİKO,₺7.475
FERMUARLI POLO YAKA YÜN TRİKO,₺11.475
MONOPETO YARIM ASTARLI YÜN İPEK CEKET,₺29.975
KRUVAZE YARIM ASTARLI YÜN KAŞMİR CEKET,₺29.975
MONOPETO YARIM ASTARLI JARSE CEKET,₺34.975
MONOPETO YARIM ASTARLI JARSE CEKET,₺34.975
MONOPETO TAM ASTARLI ÇİZGİLİ  TAKIM ELBİSE,₺42.475
MONOPETO TAM ASTARLI ÇİZGİLİ  TAKIM ELBİSE,₺39.975
BEŞ CEPLİ YÜN PANTOLON,₺17.475
TEK PİLİLİ BELİ LASTİKLİ VE İPLİ PANTOLON,₺17.475
CEKET MONT,₺54.975
ASTARSIZ KAŞMİR MONT,₺69.975
DOĞAL TÜY DOLGULU MONT,₺19.950
EKOSE DESENLİ YÜN FLANEL YELEKLİ TAKIM ELBİSE,₺54.975
YÜN AKRİLİK PALTO,₺39.975
KAPİŞONLU UZUN PALTO,₺54.950
KAPİŞONLU UZUN PALTO,₺54.950
YÜN ELASTAN KISA KABAN,₺44.975
YÜN ELASTAN KISA KABAN,₺44.975
ÇİFT PİLİLİ YÜNLÜ SERJ PANTOLON,₺10.950
APLİKE CEPLİ KAŞMİR TRİKO CEKET,₺39.975
DÜĞMELİ POLO YAKA KISA KOL TRİKO T-SHIRT,₺7.950
DÜĞMELİ POLO YAKA KISA KOL TRİKO T-SHIRT,₺7.950
TWILL PAMUK LİYOSEL GÖMLEK,₺6.950
TWILL PAMUK LİYOSEL GÖMLEK,₺6.950
PAMUK KETEN JERSEY SPOR GÖMLEK,₺8.950
ÇİZGİLİ DESENLİ PAMUK GÖMLEK,₺8.950
ÇİZGİLİ DESENLİ PAMUK GÖMLEK,₺8.950
EXCLUSIVE ÇİZGİLİ DESENLİ GÖMLEK,₺11.950
POPLİN GÖMLEK,₺5.950
MICRO DESENLİ GÖMLEK,₺7.950
EXCLUSIVE POPLİN GÖMLEK,₺11.950
MONOPETO YARIM ASTARLI YÜN İPEK CEKET,₺29.975
MONOPETO TAM ASTARLI SERJ TAKIM ELBİSE,₺44.975
MONOPETO TAM ASTARLI ÇİZGİLİ FLANEL TAKIM ELBİSE,₺49.975
GÖMLEK MONT,₺54.975
O YAKALI UZUN KOL YÜN KAŞMİR KAZAK,₺6.475
ASTARSIZ KAŞMİR MONT,₺59.975
ASTARSIZ KAŞMİR MONT,₺69.975
KRUVAZE GENİŞ YAKALI UZUN YÜN KAŞMİR PALTO,₺79.975
DİK YAKALI YÜN KAŞMİR CEKET,₺31.950
GÖMLEK CEKET,₺27.950
DİK YAKALI YÜN KAŞMİR CEKET,₺49.975
GÖMLEK CEKET,₺31.950
GÖMLEK CEKET,₺31.950
GÖMLEK CEKET,₺31.950
KAPİŞONLU UZUN PALTO,₺99.975
KAPİŞONLU UZUN PALTO,₺99.975
KAPİŞONLU UZUN PALTO,₺99.975
YÜN ELASTAN KISA KABAN,₺44.975
TAKIM ELBİSE,₺32.950
KAŞMİR UZUN PALTO,₺119.950
APLİKE CEPLİ YÜN SPOR CEKET,₺44.975
KAPAKLI APLİKE CEPLİ BALIKSIRTI YÜN KAŞMİR KISA KABAN,₺49.975
APLİKE CEPLİ KAŞMİR TRİKO CEKET,₺39.975
MONOPETO 2 DÜĞMELİ YARIM ASTARLI CEKET,₺69.950
BEŞ CEPLİ PANTOLON,₺39.950
DÜĞMELİ POLO YAKA KISA KOL T-SHIRT,₺5.950
MANŞETLİ YÜN SPOR CEKET,₺79.950
MANŞETLİ YÜN SPOR CEKET,₺79.950
POLO YAKALI KISA KOL TRİKO T-SHIRT,₺29.950
BİSİKLET YAKALI KISA KOL YÜN T-SHIRT,₺19.950
FERMUARLI KOLLEJ MONT,₺49.950
DÜĞMESİZ POLO YAKA KISA KOL TRİKO T-SHIRT,₺7.950
POLO DÜĞMELİ YAKA KISA KOL TRİKO T-SHIRT,₺7.950
DÜĞMELİ POLO YAKA KISA KOL TRİKO T-SHIRT,₺7.950
DÜĞMELİ POLO YAKA KISA KOL TRİKO T-SHIRT,₺7.950
PINPOINT NON IRON GÖMLEK,₺7.950
OXFORD GÖMLEK,₺7.450
BALIKSIRTI PAMUK GÖMLEK,₺8.450
PAMUK KETEN JERSEY SPOR GÖMLEK,₺8.950
PAMUK KETEN JERSEY SPOR GÖMLEK,₺8.950
KETEN SPOR GÖMLEK,₺9.950
MICRO DESENLİ GÖMLEK,₺8.950
ÇİZGİLİ DESENLİ PAMUK GÖMLEK,₺8.950
ÇİZGİLİ DESENLİ PAMUK GÖMLEK,₺8.450
ÇİZGİLİ DESENLİ PAMUK KETEN  GÖMLEK,₺9.450
ÇİZGİLİ DESENLİ PAMUK KETEN  GÖMLEK,₺7.450
ÇİZGİLİ DESENLİ PAMUK KETEN  GÖMLEK,₺7.450
ÇİZGİLİ DESENLİ PAMUK GÖMLEK,₺8.950
ÇİZGİLİ DESENLİ PAMUK GÖMLEK,₺8.950
ÇİZGİLİ DESENLİ PAMUK GÖMLEK,₺8.950
EXCLUSIVE ÇİZGİLİ DESENLİ GÖMLEK,₺11.950
POPLİN GÖMLEK,₺5.950
EXCLUSIVE TWILL GÖMLEK,₺11.950
EXCLUSIVE POPLİN GÖMLEK,₺11.950
EXCLUSIVE ÇİZGİLİ DESENLİ GÖMLEK,₺11.950
FERMUARLI DİK YAKALI YÜN KAŞMİR KAZAK,₺11.475
KARELİ YÜN İPEK KUMAŞ MONOPETO CEKET,₺34.975
MONOPETO YARIM ASTARLI JARSE CEKET,₺34.975
GÖMLEK MONT,₺54.975
CEKET MONT,₺54.975
ASTARSIZ KAŞMİR MONT,₺59.975
KRUVAZE GENİŞ YAKALI UZUN YÜN KAŞMİR PALTO,₺79.975
GÖMLEK CEKET,₺31.950
GÖMLEK CEKET,₺31.950
YÜN ELASTAN KISA KABAN,₺44.975
KISA PALTO,₺79.975
MONOPETO 2 DÜĞMELİ ASTARSIZ CEKET,₺79.950
MONOPETO 2 DÜĞMELİ ASTARSIZ CEKET,₺79.950
MONOPETO 2 DÜĞMELİ ÇİFT PİLİ PANTOLONLU TAKIM ELBİSE,₺119.950
MONOPETO 2 DÜĞMELİ ÇİFT PİLİ PANTOLONLU TAKIM ELBİSE,₺109.950
MONOPETO 2 DÜĞMELİ ÇİFT PİLİ PANTOLONLU TAKIM ELBİSE,₺109.950
MONOPETO 2 DÜĞMELİ ÇİFT PİLİ PANTOLONLU TAKIM ELBİSE,₺109.950
MONOPETO 2 DÜĞMELİ ÇİFT PİLİ PANTOLONLU TAKIM ELBİSE,₺109.950
MONOPETO 2 DÜĞMELİ ÇİFT PİLİ PANTOLONLU TAKIM ELBİSE,₺99.950
MONOPETO 2 DÜĞMELİ ÇİFT PİLİ PANTOLONLU TAKIM ELBİSE,₺99.950
MONOPETO 2 DÜĞMELİ YARIM ASTARLI CEKET,₺84.950
MONOPETO 2 DÜĞMELİ YARIM ASTARLI CEKET,₺84.950
MONOPETO 2 DÜĞMELİ ÇİFT PİLİ PANTOLONLU TAKIM ELBİSE,₺119.950
MONOPETO 2 DÜĞMELİ YARIM ASTARLI CEKET,₺69.950
MONOPETO 2 DÜĞMELİ YARIM ASTARLI CEKET,₺74.950
MONOPETO 2 DÜĞMELİ YARIM ASTARLI CEKET,₺74.950
MONOPETO 2 DÜĞMELİ YARIM ASTARLI CEKET,₺74.950
MONOPETO 2 DÜĞMELİ YARIM ASTARLI CEKET,₺74.950
MONOPETO 2 DÜĞMELİ YARIM ASTARLI CEKET,₺69.950
MONOPETO 2 DÜĞMELİ YARIM ASTARLI CEKET,₺69.950
SİVRİ YAKALI KRUVAZE YARIM ASTARLI ÇİZGİLİ CEKET,₺69.950
MONOPETO 2 DÜĞMELİ ALT CEPLER KAPAKLI YARIM ASTARLI CEKET,₺69.950
FERMUARLI POLO YAKA KISA KOL İPEK TRİKO,₺22.950
FERMUARLI POLO YAKA KISA KOL İPEK TRİKO,₺24.950
BİSİKLET YAKALI KISA KOL İPEK TRİKO,₺18.950
BİSİKLET YAKALI KISA KOL KETEN T.SHIRT,₺14.950
BİSİKLET YAKALI KISA KOL KETEN T.SHIRT,₺14.950
BİSİKLET  YAKALI KISA KOL İPEK TRİKO,₺18.950
POLO YAKA DÜĞMELİ KISA KOL KOTON TRİKO,₺19.950
POLO YAKA DÜĞMELİ KISA KOL KOTON TRİKO,₺19.950
POLO YAKA DÜĞMELİ KISA KOL İPEK TRİKO,₺22.950
POLO YAKA DÜĞMELİ KISA KOL İPEK TRİKO,₺22.950
LANVEN YAKALI KISA KOL KETEN GÖMLEK,₺19.950
LANVEN YAKALI KISA KOL KETEN GÖMLEK,₺19.950
LANVEN YAKALI KISA KOL KOTON ÇİZGİLİ GÖMLEK,₺22.950
LANVEN YAKALI KISA KOL KOTON ÇİZGİLİ GÖMLEK,₺22.950
ÖNÜ DÜĞMELİ FİTİLLİ KISA KOL OVERSHIRT,₺12.950
ÖNÜ DÜĞMELİ FİTİLLİ KISA KOL OVERSHIRT,₺12.950
BİSİKLET YAKALI KISA KOL KOTON KREP TRİKO T.SHIRT,₺7.950
BİSİKLET YAKALI KISA KOL KOTON KREP TRİKO T.SHIRT,₺7.950
POLO YAKA KISA KOL KOTON KREP TRİKO T-SHIRT,₺10.950
POLO YAKA KISA KOL KOTON KREP TRİKO T-SHIRT,₺10.950
POLO YAKA KISA KOL KOTON KREP TRİKO T-SHIRT,₺10.950
POLO YAKA KISA KOL KOTON KREP TRİKO T-SHIRT,₺10.950
BİSİKLET YAKALI KISA KOL T-SHIRT,₺6.950
POLO YAKA UZUN KOL KOTON KREP TRİKO T.SHIRT,₺14.950
MONOPETO YARIM ASTARLI CEKET,₺74.950
MONOPETO YARIM ASTARLI JARSE CEKET,₺79.950
MONOPETO YARIM ASTARLI CEKET,₺79.950
MONOPETO YARIM ASTARLI CEKET,₺79.950
ÖNÜ 4 DÜĞMELİ MANŞETLİ GÖMLEK CEKET,₺69.950
MONOPETO YARIM ASTARLI CEKET,₺69.950
MONOPETO YARIM ASTARLI CEKET,₺69.950
ÖNÜ 5 DÜĞMELİ ASTARSIZ GÖMLEK CEKET,₺89.950
ÖNÜ 5 DÜĞMELİ ASTARSIZ GÖMLEK CEKET,₺89.950
MONOPETO YARIM ASTARLI TEK PİLİ PANTOLONLU TAKIM ELBİSE,₺139.950
MONOPETO YARIM ASTARLI TEK PİLİ PANTOLONLU TAKIM ELBİSE,₺119.950
DİK YAKALI ASTARSIZ SPOR CEKET,₺89.950
DİK YAKALI ASTARSIZ SPOR CEKET,₺89.950
ÖNÜ 4 DÜĞMELİ MANŞETLİ GÖMLEK CEKET,₺59.950
ÖNÜ 4 DÜĞMELİ MANŞETLİ GÖMLEK CEKET,₺59.950
ÖNÜ 4 DÜĞMELİ MANŞETLİ GÖMLEK CEKET,₺59.950
BEŞ CEPLİ JEAN PANTOLON,₺44.950
BEŞ CEPLİ JEAN PANTOLON,₺59.950
BEŞ CEPLİ JEAN PANTOLON,₺32.950
KARGO CEPLİ PANTOLON,₺39.950
BEŞ CEPLİ PANTOLON,₺39.950
BEŞ CEPLİ JEAN PANTOLON,₺44.950
JEAN MONT,₺54.950
GÖMLEK JEAN,₺29.950
BEŞ CEPLİ JEAN PANTOLON,₺37.950
JEAN MONT,₺49.950
BEŞ CEPLİ JEAN PANTOLON,₺37.950
BEŞ CEPLİ JEAN PANTOLON,₺39.950
CHINO BERMUDA,₺34.950
CHINO BERMUDA,₺34.950
TEK PİLİLİ PANTOLON,₺24.950
TEK PİLİLİ YÜN SERJ PANTOLON,₺22.950
TEK PİLİLİ PANTOLON,₺24.950
TEK PİLİLİ BELİ LASTİKLİ JARSE PANTOLON,₺18.950
BİSİKLET YAKALI KISA KOL T-SHIRT,₺5.950
DÜĞMELİ POLO YAKA KISA KOL T-SHIRT,₺5.950
DÜĞMELİ POLO YAKA KISA KOL T-SHIRT,₺5.950
DÜĞMELİ POLO YAKA KISA KOL T-SHIRT,₺5.950
DÜĞMELİ POLO YAKA KISA KOL T-SHIRT,₺5.950
DÜĞMELİ POLO YAKA KISA KOL T-SHIRT,₺5.950
DÜĞMELİ POLO YAKA KISA  KOL T-SHIRT,₺5.950
DÜĞMELİ POLO YAKA KISA  KOL T-SHIRT,₺5.950
DÜĞMELİ POLO YAKA KISA  KOL T-SHIRT,₺5.950
DÜĞMELİ POLO YAKA KISA  KOL T-SHIRT,₺5.950
DÜĞMELİ POLO YAKA KISA  KOL T-SHIRT,₺5.950
BİSİKLET YAKALI UZUN KOL T-SHIRT,₺5.950
ŞAL YAKALI KRUVAZE KETEN İPEK CEKET,₺149.950
"MONOPETO , TAM ASTARLI TAKIM ELBİSE",₺149.950
KRUVAZE ASTARSIZ SEERSUCKER YÜNLÜ CEKET,₺119.950
KRUVAZE ASTARSIZ SEERSUCKER YÜNLÜ CEKET,₺119.950
KRUVAZE ASTARSIZ SEERSUCKER YÜNLÜ CEKET,₺119.950
TEK PİLİLİ KETEN-KOTON PANTOLON,₺27.950
TEK PİLİLİ POPLİN PANTOLON,₺24.950
TEK PİLİLİ POPLİN PANTOLON,₺24.950
TEK PİLİLİ POPLİN PANTOLON,₺24.950
TEK PİLİLİ BELİ İPLİ PANTOLON,₺29.950
TEK PİLİLİ BELİ İPLİ PANTOLON,₺29.950
TEK PİLİLİ YÜN SERJ PANTOLON,₺32.950
TEK PİLİLİ YÜN SERJ PANTOLON,₺32.950
PİLİSİZ YÜN-İPEK PANTOLON,₺34.950
BELİ KEMERLİ PİLİSİZ PANTOLON,₺37.950
DÜĞMELİ MONT GÖMLEK,₺59.950
PORTATİF KAPİŞONLU ÇİFT TARAFLI YELEK,₺49.950
MANŞETLİ YÜN SPOR CEKET,₺79.950
ÖNÜ ÇITÇITLI GÖMLEK MONT,₺49.950
ÖNÜ ÇITÇITLI GÖMLEK MONT,₺49.950
POLO YAKALI KISA KOL TRİKO T-SHIRT,₺29.950
BİSİKLET YAKALI KISA KOL YÜN T-SHIRT,₺19.950
BİSİKLET YAKALI KISA KOL YÜN T-SHIRT,₺19.950
DÜĞMELİ CEKET MONT,₺59.950
DÜĞMELİ CEKET MONT,₺59.950
FERMUARLI KOLLEJ MONT,₺49.950
FERMUARLI MONT,₺49.950
POLO DÜĞMELİ YAKA KISA KOL TRİKO T-SHIRT,₺7.950
POLO DÜĞMELİ YAKA KISA KOL TRİKO T-SHIRT,₺7.950
POLO DÜĞMELİ YAKA KISA KOL TRİKO T-SHIRT,₺7.950
DÜĞMESİZ POLO YAKA KISA KOL TRİKO T-SHIRT,₺7.950
POLO DÜĞMELİ YAKA KISA KOL TRİKO T-SHIRT,₺7.950
POLO DÜĞMELİ YAKA KISA KOL TRİKO T-SHIRT,₺7.950
POLO DÜĞMELİ YAKA KISA KOL TRİKO T-SHIRT,₺7.950
DÜĞMELİ POLO YAKA KISA KOL TRİKO T-SHIRT,₺7.450
DÜĞMELİ POLO YAKA KISA KOL TRİKO T-SHIRT,₺7.450
DÜĞMELİ POLO YAKA KISA KOL TRİKO T-SHIRT,₺7.450
DÜĞMELİ POLO YAKA KISA KOL TRİKO T-SHIRT,₺7.950
DERİ PANTOLON KEMERİ,₺3.450
DERİ PANTOLON KEMERİ,₺3.450
DERİ PANTOLON KEMERİ,₺3.450
DERİ PANTOLON KEMERİ,₺3.450
DERİ PANTOLON KEMERİ,₺3.450
DERİ PANTOLON KEMERİ,₺3.450
DERİ PANTOLON KEMERİ,₺3.450
DERİ PANTOLON KEMERİ,₺3.450
DERİ PANTOLON KEMERİ,₺3.450
DERİ PANTOLON KEMERİ,₺3.450
DERİ PANTOLON KEMERİ,₺3.450
DERİ PANTOLON KEMERİ,₺3.450
DERİ PANTOLON KEMERİ,₺3.450
RUGAN DERİ PANTOLON KEMERİ,₺3.450
DERİ KEMER,₺29.950
DERİ KEMER,₺29.950
DERİ KEMER,₺29.950
DERİ KEMER,₺29.950
DERİ KEMER,₺29.950
SÜET DERİ KEMER,₺19.950
DERİ KEMER,₺24.950
DERİ KEMER,₺29.950
LACİVERT DERİ KEMER,₺19.950
KAHVE DERİ KEMER,₺24.950
KOYU YEŞİL DERİ KEMER,₺19.950
KOYU KAHVE DERİ KEMER,₺19.950
KOYU YEŞİL DERİ KEMER,₺19.950
KOYU KAHVE SÜET KEMER,₺19.950
LACİVERT DERİ KEMER,₺24.950
LACİVERT SÜET KEMER,₺19.950
GRİ SÜET KEMER,₺19.950
LACİVERT DERİ KEMER,₺19.950
BEJ DERİ KEMER,₺19.950
BEJ DERİ KEMER,₺19.950
KAHVE DERİ KEMER,₺5.475
LACİVERT DERİ KEMER,₺24.950
KAHVE SÜET KEMER,₺19.950
LACİVERT SÜET KEMER,₺19.950
KOYU KAHVE SÜET KEMER,₺19.950
YEŞİL DERİ KEMER,₺24.950
GRİ SÜET KEMER,₺19.950
LACİVERT DERİ KEMER,₺3.450
SİYAH DERİ KEMER,₺3.450
KEMER,₺19.950
KEMER,₺3.450
KEMER,₺3.450
KAHVE DERI KEMER,₺3.450
TAŞ SÜET KEMER,₺3.450
CAMEL SÜET KEMER,₺3.450
LACİVERT DERİ KEMER,₺3.450
KEMER,₺24.950
LACİVERT DERİ KEMER,₺3.450
LACİVERT SÜET KEMER,₺3.450
LACİVERT DERİ KEMER,₺3.450
TABA DERİ KEMER,₺3.450
KAHVE DERİ KEMER,₺3.450
DESENLİ İPEK MENDİL,₺2.450
DESENLİ İPEK MENDİL,₺2.450
DESENLİ İPEK MENDİL,₺2.450
DESENLİ İPEK MENDİL,₺2.450
İPEK PAMUK DESENLİ MENDİL,₺2.950
İPEK PAMUK DESENLİ MENDİL,₺2.950
DESENLİ İPEK MENDİL,₺2.450
KETEN İPEK BİYELİ MENDİL,₺2.450
PAMUK İPEK DESENLİ MENDİL,₺2.450
DESENLİ İPEK MENDİL,₺2.450
İPEK PAMUK DESENLİ MENDİL,₺2.950
İPEK PAMUK DESENLİ MENDİL,₺2.950
DESENLİ İPEK MENDİL,₺2.450
DESENLİ İPEK MENDİL,₺2.450
DESENLİ İPEK MENDİL,₺2.450
KETEN İPEK BİYELİ MENDİL,₺2.450
İPEK PAMUK DESENLİ MENDİL,₺2.950
İPEK PAMUK DESENLİ MENDİL,₺2.950
KETEN İPEK BİYELİ MENDİL,₺2.450
DESENLİ İPEK MENDİL,₺2.450
İPEK PAMUK DESENLİ MENDİL,₺2.950
DESENLİ İPEK MENDİL,₺2.450
DESENLİ İPEK MENDİL,₺2.450
DESENLİ İPEK MENDİL,₺2.450
İPEK PAMUK DESENLİ MENDİL,₺2.950
DESENLİ İPEK MENDİL,₺2.450
PAMUK DESENLİ MENDİL,₺2.450
DESENLİ İPEK MENDİL,₺2.450
İPEK PAMUK DESENLİ MENDİL,₺2.950
DESENLİ İPEK MENDİL,₺2.450
PAMUK İPEK DESENLİ MENDİL,₺2.450
İPEK PAMUK DESENLİ MENDİL,₺2.950
DESENLİ İPEK MENDİL,₺2.450
DESENLİ İPEK MENDİL,₺2.450
PAMUK İPEK DESENLİ MENDİL,₺2.450
DESENLİ KETEN MENDİL,₺2.450
RENKLİ BİYELİ PAMUK MENDİL,₺1.950
DÜZ PAMUK MENDİL,₺1.950
DÜZ İPEK MENDİL,₺1.950
RENKLİ BİYELİ PAMUK MENDİL,₺1.950
MICRO DESENLİ KRAVAT,₺4.450
EXCLUSİVE ŞAL DESENLİ İPEK KRAVAT,₺5.450
MICRO DESENLİ İPEK KRAVAT,₺4.450
EXCLUSİVE DAMLA DESENLİ İPEK KRAVAT,₺5.450
MICRO DESENLİ İPEK KRAVAT,₺4.450
MICRO DESENLİ İPEK KRAVAT,₺4.450
DİAGONAL ÇİZGİLİ İPEK KRAVAT,₺4.450
DİAGONAL ÇİZGİLİ KRAVAT,₺4.950
EXCLUSİVE MICRO DESENLİ KRAVAT,₺5.450
EXCLUSİVE MICRO DESENLİ KRAVAT,₺5.450
MOTİF İPEK KRAVAT,₺4.950
DİAGONAL ÇİZGİLİ KRAVAT,₺4.950
MICRO DESENLİ İPEK KRAVAT,₺4.450
MICRO DESENLİ İPEK KRAVAT,₺4.450
DAMLA DESENLİ İPEK KRAVAT,₺4.450
ŞAL DESENLİ İPEK KRAVAT,₺4.950
EXCLUSİVE MICRO DESENLİ İPEK KRAVAT,₺5.450
MICRO DESENLİ KRAVAT,₺4.450
MICRO DESENLİ İPEK KRAVAT,₺4.450
EXCLUSİVE MICRO DESENLİ İPEK KRAVAT,₺5.450
EXCLUSİVE DİAGONAL ÇİZGİLİ İPEK KRAVAT,₺5.450
MICRO DESENLİ İPEK KRAVAT,₺4.450
DAMLA DESENLİ İPEK KRAVAT,₺4.450
MICRO DESENLİ İPEK KRAVAT,₺4.450
MICRO DESENLİ İPEK KRAVAT,₺4.450
DAMLA DESENLİ İPEK KRAVAT,₺4.950
DAMLA DESENLİ İPEK KRAVAT,₺4.950
EXCLUSİVE MICRO DESENLİ KRAVAT,₺5.450
TATEOSSIAN KRAVAT İĞNESİ,₺14.950
DİAGONAL ÇİZGİLİ İPEK KRAVAT,₺3.950
DAMLA DESENLİ İPEK KRAVAT,₺3.950
MICRO DESENLİ İPEK KRAVAT,₺3.950
ŞAL DESENLİ İPEK KRAVAT,₺4.950
DİAGONAL ÇİZGİLİ İPEK KRAVAT,₺4.450
ŞAL DESENLİ İPEK KRAVAT,₺4.950
ŞAL DESENLİ İPEK KRAVAT,₺4.950
DAMLA DESENLİ İPEK KRAVAT,₺3.950
DİAGONAL ÇİZGİLİ İPEK KRAVAT,₺3.450
ŞAL DESENLİ İPEK KRAVAT,₺4.950
DİAGONAL ÇİZGİLİ İPEK KRAVAT,₺3.950
BALIKSIRTI İPEK KRAVAT,₺3.950
DİAGONAL ÇİZGİLİ İPEK KRAVAT,₺3.450
MOTİF İPEK KRAVAT,₺3.950
DAMLA DESENLİ İPEK KRAVAT,₺4.450
DİAGONAL ÇİZGİLİ İPEK KRAVAT,₺3.450
MICRO DESENLİ İPEK KRAVAT,₺3.950
ŞAL DESENLİ İPEK KRAVAT,₺4.950
DAMLA DESENLİ İPEK KRAVAT,₺4.950
DİAGONAL ÇİZGİLİ İPEK KRAVAT,₺3.950
DAMLA DESENLİ İPEK KRAVAT,₺4.950
ŞAL DESENLİ İPEK KRAVAT,₺4.950
MICRO DESENLİ İPEK KRAVAT,₺3.450
DİAGONAL ÇİZGİLİ İPEK KRAVAT,₺3.950
DİAGONAL ÇİZGİLİ İPEK KRAVAT,₺3.950
ŞAL DESENLİ İPEK KRAVAT,₺4.950
MICRO DESENLİ İPEK KRAVAT,₺3.950
MICRO DESENLİ İPEK KRAVAT,₺3.950
DAMLA DESENLİ İPEK KRAVAT,₺4.950
DİAGONAL ÇİZGİLİ İPEK KRAVAT,₺3.950
MOTİF İPEK KRAVAT,₺3.950
DİAGONAL ÇİZGİLİ İPEK KRAVAT,₺3.950
DİAGONAL ÇİZGİLİ İPEK KRAVAT,₺3.950
ŞAL DESENLİ İPEK KRAVAT,₺4.950
BALIKSIRTI İPEK KRAVAT,₺3.950
DAMLA DESENLİ İPEK KRAVAT,₺3.950
MICRO DESENLİ İPEK KRAVAT,₺3.950
BALIKSIRTI İPEK KRAVAT,₺3.950
MICRO DESENLİ İPEK KRAVAT,₺3.950
MICRO DESENLİ İPEK KRAVAT,₺3.950
DİAGONAL ÇİZGİLİ İPEK KRAVAT,₺3.450
DİAGONAL ÇİZGİLİ İPEK KRAVAT,₺3.450
DİAGONAL ÇİZGİLİ İPEK KRAVAT,₺3.950
DİAGONAL ÇİZGİLİ İPEK KRAVAT,₺3.950
DİAGONAL ÇİZGİLİ İPEK KRAVAT,₺3.950
MOTİF İPEK KRAVAT,₺3.950
ŞAL DESENLİ İPEK KRAVAT,₺4.950
ŞAL DESENLİ İPEK KRAVAT,₺4.950
MICRO DESENLİ İPEK KRAVAT,₺3.950
MICRO DESENLİ İPEK KRAVAT,₺3.950
DİAGONAL ÇİZGİLİ İPEK KRAVAT,₺3.450
MOTİF İPEK KRAVAT,₺3.950
DİAGONAL ÇİZGİLİ İPEK KRAVAT,₺3.950
DİAGONAL ÇİZGİLİ İPEK KRAVAT,₺3.450
DAMLA DESENLİ İPEK KRAVAT,₺3.950
MICRO DESENLİ İPEK KRAVAT,₺3.950
DİAGONAL ÇİZGİLİ İPEK KRAVAT,₺3.950
MOTİF İPEK KRAVAT,₺3.950
DAMLA DESENLİ İPEK KRAVAT,₺3.950
DAMLA DESENLİ İPEK KRAVAT,₺3.950
MICRO DESENLİ İPEK KRAVAT,₺3.950
ŞAL DESENLİ İPEK KRAVAT,₺4.950
DAMLA DESENLİ İPEK KRAVAT,₺3.950
DİAGONAL ÇİZGİLİ İPEK KRAVAT,₺3.950
DİAGONAL ÇİZGİLİ İPEK KRAVAT,₺3.950
DİAGONAL ÇİZGİLİ İPEK KRAVAT,₺3.950
DAMLA DESENLİ İPEK KRAVAT,₺3.950
MOTİF İPEK KRAVAT,₺3.950
ŞAL DESENLİ İPEK KRAVAT,₺4.950
ŞAL DESENLİ İPEK KRAVAT,₺4.950
DİAGONAL ÇİZGİLİ İPEK KRAVAT,₺3.950
BURLINGTON İKİLİ ÇORAP,₺1.290
SİYAH ÇORAP,₺499
LACİVERT ÇORAP,₺499
SİYAH ÇETİK ÇORAP,₺349
LACİVERT ÇORAP,₺499
BURLINGTON ÇORAP,₺1.390
SİYAH ÇORAP,₺499
SİYAH ÇORAP,₺499
KAHVE ÇORAP,₺499
BURLINGTON ÇORAP,₺1.390
KAHVE ÇORAP,₺499
FÜME ÇORAP,₺499
KISA SOKET BASIC ÇORAP,₺499
BURLINGTON ÇORAP,₺1.390
KISA SOKET BASIC ÇORAP,₺499
BURLINGTON İKİLİ ÇORAP,₺1.290
SİYAH ÇORAP,₺499
LACİVERT ÇETİK ÇORAP,₺349
ANTRASİT MELANJ ÇORAP,₺499
BURLINGTON İKİLİ ÇORAP,₺1.290
BURLINGTON ÇORAP,₺1.390
LACİVERT ÇORAP,₺499
LACİVERT ÇORAP,₺499
LACİVERT ÇORAP,₺499
LACİVERT ÇORAP,₺499
SİYAH ÇORAP,₺499
BURLINGTON BAKLAVA DESENLİ ÇORAP,₺990
KISA SOKET DÜZ PAMUK KAŞMİR ÇORAP,₺799
FÜME ÇORAP,₺499
BURLINGTON İKİLİ ÇORAP,₺1.390
GRİ ÇORAP,₺499
VİZON ÇORAP,₺499
LACİVERT ÇORAP,₺499
SİYAH ÇORAP,₺499
VİZON ÇORAP,₺499
GRİ ÇETİK ÇORAP,₺349
BURLINGTON İKİLİ ÇORAP,₺1.490
BURLINGTON ÇORAP,₺1.390
BURLINGTON ÇORAP,₺1.390
BURLINGTON ÇORAP,₺1.390
GRİ ÇORAP,₺499
İNDİGO ÇORAP,₺499
FÜME ÇORAP,₺499
BURLINGTON İKİLİ ÇORAP,₺1.290
BURLINGTON ÇORAP,₺1.390
KISA SOKET DÜZ PAMUK KAŞMİR ÇORAP,₺799
KISA SOKET DÜZ PAMUK KAŞMİR ÇORAP,₺799
BURLINGTON BAKLAVA DESENLİ ÇORAP,₺1.390
BURLINGTON İKİLİ ÇORAP,₺1.390
KEP ŞAPKA,₺1.375
BURLINGTON İKİLİ ÇORAP,₺1.390
BURLINGTON ÇORAP,₺1.390
SÜET DETAYLI ÖRME ELDİVEN,₺3.950
BURLINGTON İKİLİ BAKLAVA DESENLİ ÇORAP,₺1.490
BURLINGTON İKİLİ ÇORAP,₺1.290
BURLINGTON ÇORAP,₺1.390
BABET ÇORAP,₺349
SİYAH KOL DÜĞMESİ,₺3.950
İNDİGO ÇORAP,₺499
SİYAH KOL DÜĞMESİ,₺3.950
DERBY PAMUK SOKET ÇORAP,₺499
KOL DÜĞMESİ,₺3.950
BURLINGTON BAKLAVA DESENLİ ÇORAP,₺1.390
BABET ÇORAP,₺349
BABET ÇORAP,₺349
SATEN PAPYON,₺1.950
LACİVERT ÇORAP,₺1.390
ŞAL DESENLİ İPEK KRAVAT,₺4.950
GÜMÜŞ KOL DÜĞMESİ,₺3.950
KAŞMİR KAŞKOL,₺6.975
KAŞMİR ASTARLI DERİ ELDİVEN,₺8.950
PAPYON,₺1.950
ANTRASİT ÇORAP,₺1.390
KOL DÜĞMESİ,₺3.950
GÜMÜŞ KOL DÜĞMESİ,₺3.950
BURLINGTON BAKLAVA DESENLİ ÇORAP,₺1.390
SİYAH KOL DÜĞMESİ,₺3.950
GÜMÜŞ KOL DÜĞMESİ,₺3.950
KOL DÜĞMESİ,₺3.950
TOUCHSCREEN ÖRGÜ-ÇITÇIT DETAYLI DERİ ELDİVEN,₺6.950
KAHVE ÇORAP,₺1.390
İNCE DERBY MERSERİZE SOKET ÇORAP,₺499
TATEOSSIAN KOL DÜĞMESİ,₺18.950
KOL DÜĞMESİ,₺3.950
SİYAH PANTOLON ASKISI,₺3.450
SİYAH KOL DÜĞMESİ,₺3.950
SİYAH KOL DÜĞMESİ,₺3.950
LACİVERT KOL DÜĞMESİ,₺3.950
DERİ DETAYLI ÖRME ELDİVEN,₺3.950
KEP ŞAPKA,₺1.375
İNCE DERBY MERSERİZE SOKET ÇORAP,₺499
GÜMÜŞ KOL DÜĞMESİ,₺3.950
BURLINGTON ÇORAP,₺1.390
YARIM PARMAK ÖRGÜ ELDİVEN,₺2.950
GÜMÜŞ KOL DÜĞMESİ,₺3.950
PAMUK KAŞMİR SOKET ÇORAP,₺799
SİYAH KOL DÜĞMESİ,₺3.950
BABET ÇORAP,₺349
BURLINGTON ÇORAP,₺1.390
BURLINGTON ÇORAP,₺1.390
BURLINGTON BAKLAVA DESENLİ ÇORAP,₺1.390
BURLINGTON BAKLAVA DESENLİ ÇORAP,₺1.390
KAŞMİR KAŞKOL,₺6.975
ANTRASİT ÇORAP,₺1.390
EKRU KOL DÜĞMESİ,₺3.950
SİYAH KOL DÜĞMESİ,₺3.950
PANTOLON ASKISI,₺3.450
PAPYON,₺1.950
SATEN PAPYON,₺1.950
KOL DÜĞMESİ,₺3.950
KOL DÜĞMESİ,₺3.950
KAHVE PANTOLON ASKISI,₺3.450
KOL DÜĞMESİ,₺3.950
TATEOSSIAN BİLEKLİK,₺14.950
KAŞMİR KAŞKOL,₺6.975
KOL DÜĞMESİ,₺3.950
NEFTİ ÇORAP,₺1.390
GÜMÜŞ KOL DÜĞMESİ,₺3.950
BABET ÇORAP,₺349
BURLINGTON BAKLAVA DESENLİ ÇORAP,₺1.390
MICRO DESENLİ İPEK KRAVAT,₺4.450
DESENLİ İPEK KRAVAT,₺3.950
PANTOLON ASKISI,₺3.450
KOL DÜĞMESİ,₺3.950
SATEN PAPYON,₺1.950
TATEOSSIAN LIMITED EDITION KOL DÜĞMESİ,₺21.950
GÜMÜŞ KRAVAT İĞNESİ,₺12.950
KOYU MAVİ ÇORAP,₺1.390
GÜMÜŞ KOL DÜĞMESİ,₺3.950
KEP ŞAPKA,₺5.975
İNCE DERBY MERSERİZE SOKET ÇORAP,₺499
PANTOLON ASKISI,₺3.450
DESENLİ İPEK PAPYON,₺1.950
PANTOLON ASKISI,₺3.450
KOL DÜĞMESİ,₺3.950
TATEOSSIAN İSKELET DİŞLİ KOL DÜĞMESİ,₺21.950
PAPYON,₺3.950
GÜMÜŞ KRAVAT İĞNESİ,₺12.950
GRİ ÇEŞİTLİ AKSESUAR,₺21.950
ÖRGÜ ELDİVEN,₺3.950
ÖRGÜ ELDİVEN,₺3.950
MAVİ KOL DÜĞMESİ,₺3.950
DİAGONAL ÇİZGİLİ İPEK KRAVAT,₺4.450
DAMLA DESENLİ İPEK KRAVAT,₺3.950
PAMUK KAŞMİR SOKET ÇORAP,₺799
DERBY PAMUK SOKET ÇORAP,₺499
LACİVERT KADİFE PAPYON,₺1.950
DESENLİ İPEK LACİVERT PAPYON,₺1.950
PANTOLON ASKISI,₺3.450
TATEOSSIAN BIG BEN SAAT KOL DÜĞMESİ,₺22.950
THOMPSON BİLEKLİK,₺11.950
LACİVERT BİLEKLİK,₺21.950
LACİVERT BİLEKLİK,₺12.950
LACİVERT KOL DÜĞMESİ,₺3.950
SİYAH KOL DÜĞMESİ,₺3.950
BURLINGTON DESENLİ ÇORAP,₺1.390
DİAGONAL ÇİZGİLİ İPEK KRAVAT,₺3.950
KADİFE PAPYON,₺1.950
LACİVERT PAPYON,₺1.950
LACİVERT PUANTİYE DESENLİ PAPYON,₺1.950
PANTOLON ASKISI,₺3.450
DESENLİ GÜMÜŞ GRİ PAPYON,₺1.950
TATEOSSIAN KOL DÜĞMESİ,₺14.950
TATEOSSIAN KOL DÜĞMESİ,₺14.950
TATEOSSIAN BİLEKLİK,₺14.950
TATEOSSIAN BİLEKLİK,₺16.950
THOMPSON BİLEKLİK,₺10.950
THOMPSON KOL DÜĞMESİ,₺9.950
THOMPSON KOL DÜĞMESİ,₺9.950
KOL DÜĞMESİ,₺3.950
TATEOSSIAN KOL DÜĞMESİ,₺13.950
THOMPSON BİLEKLİK,₺10.950
SİYAH KRAVAT İĞNESİ,₺14.950
LACİVERT BİLEKLİK,₺15.950
SİYAH BİLEKLİK,₺21.950
GÜMÜŞ KOL DÜĞMESİ,₺3.950
SİYAH KOL DÜĞMESİ,₺3.950
THOMPSON KOL DÜĞMESİ,₺9.950
TATEOSSIAN KOL DÜĞMESİ,₺21.950
KEP ŞAPKA,₺5.975
KEP ŞAPKA,₺5.975
ÖRGÜ ELDİVEN,₺2.950
SUYA DAYANIKLI DERİ ELDİVEN,₺4.950
PAMUK KAŞMİR SOKET ÇORAP,₺799
İNCE DERBY MERSERİZE SOKET ÇORAP,₺499
PAPYON,₺1.950
DESENLİ GÜMÜŞ RENGİ İPEK PAPYON,₺1.950
DESENLİ EKRU İPEK PAPYON,₺1.950
PANTOLON ASKISI,₺3.450
TATEOSSIAN PARA KLİPSİ,₺19.950
TATEOSSIAN KOL DÜĞMESİ,₺21.950
TATEOSSIAN KOL DÜĞMESİ,₺14.950
TATEOSSIAN BİLEKLİK,₺13.950
TATEOSSIAN BİLEKLİK,₺19.950
THOMPSON BİLEKLİK,₺11.950
THOMPSON KOL DÜĞMESİ,₺9.950
TATEOSSIAN BİLEKLİK,₺21.950
KOL DÜĞMESİ,₺3.950
KOL DÜĞMESİ,₺3.950
KOL DÜĞMESİ,₺3.950
TATEOSSIAN KOL DÜĞMESİ,₺13.950
THOMPSON BİLEKLİK,₺10.950
THOMPSON KOL DÜĞMESİ,₺9.950
TOUCHSCREEN DERİ ELDİVEN,₺6.950
TATEOSSIAN KOL DÜĞMESİ,₺13.950
PAPYON,₺3.950
PAPYON,₺3.950
PAPYON,₺3.950
SİYAH BİLEKLİK,₺15.950
KIRMIZI KOL DÜĞMESİ,₺15.950
TURKUAZ KOL DÜĞMESİ,₺16.950
SAKS ÇORAP,₺1.490
GÜMÜŞ KOL DÜĞMESİ,₺3.950
GÜMÜŞ KOL DÜĞMESİ,₺3.950
SİYAH KOL DÜĞMESİ,₺3.950
SİYAH KOL DÜĞMESİ,₺3.950
SİYAH KOL DÜĞMESİ,₺3.950
TATEOSSIAN BİLEKLİK,₺19.950
TATEOSSIAN TESBİH,₺21.950
TATEOSSIAN KOL DÜĞMESİ,₺21.950
KEP ŞAPKA,₺4.975
DERİ ELDİVEN,₺16.950
DERİ ELDİVEN,₺6.950
MICRO DESENLİ İPEK KRAVAT,₺4.450
MICRO DESENLİ İPEK KRAVAT,₺3.950
MICRO DESENLİ İPEK KRAVAT,₺3.950
DİAGONAL ÇİZGİLİ İPEK KRAVAT,₺4.450
DİAGONAL ÇİZGİLİ İPEK KRAVAT,₺3.450
ŞAL DESENLİ İPEK KRAVAT,₺4.950
MOTİF İPEK KRAVAT,₺4.450
BORDO PANTOLON ASKISI,₺3.450
PAMUK KAŞMİR SOKET ÇORAP,₺799
DERBY PAMUK SOKET ÇORAP,₺499
PAPYON,₺1.950
EKRU İPEK PAPYON,₺1.950
KREM RENGİ İPEK PAPYON,₺1.950
PAPYON,₺1.950
DOKULU İPEK GÜMÜŞ GRİ PAPYON,₺1.950
DERİ DİKİŞ DETAYLI ELDİVEN,₺8.950
LACİVERT PAPYON,₺1.950
SUYA DAYANAKLI ÖRGÜ DETAYLI DERİ ELDİVEN,₺6.950
SATEN PAPYON,₺1.950
TATEOSSIAN TÜKENMEZ KALEM,₺26.950
TATEOSSIAN KOL DÜĞMESİ,₺18.950
TATEOSSIAN KOL DÜĞMESİ,₺21.950
TATEOSSIAN BİLEKLİK,₺12.950
TATEOSSIAN BİLEKLİK,₺14.950
THOMPSON ŞARJ KABLOLU BİLEKLİK,₺8.950
THOMPSON BİLEKLİK,₺10.950
TATEOSSIAN KOL DÜĞMESİ,₺18.950
THOMPSON BİLEKLİK,₺17.950
ÇITÇIT DETAYLI DERİ ELDİVEN,₺6.950
AYAKKABI BAKIM SETİ,₺13.950
SİYAH PANTOLON ASKISI,₺3.450
PAPYON,₺3.950
KOL DÜĞMESİ,₺39.950
LACİVERT KOL DÜĞMESİ,₺19.950
KOYU MAVİ BİLEKLİK,₺12.950
YEŞİL BİLEKLİK,₺15.950
ANTRASİT KOL DÜĞMESİ,₺16.950
GÜMÜŞ KOL DÜĞMESİ,₺16.950
GÜMÜŞ KOL DÜĞMESİ,₺16.950
GRİ KOL DÜĞMESİ,₺19.950
SAKS KOL DÜĞMESİ,₺3.950
TATEOSSIAN BİLEKLİK,₺19.950
TATEOSSIAN BİLEKLİK,₺39.950
TATEOSSIAN BİLEKLİK,₺39.950
TATEOSSIAN BİLEKLİK,₺19.950
TATEOSSIAN KOL DÜĞMESİ,₺16.950
TATEOSSIAN KOL DÜĞMESİ,₺18.950
KEP ŞAPKA,₺5.975
DERİ ELDİVEN,₺5.950
DERİ ELDİVEN,₺6.950
MICRO DESENLİ İPEK KRAVAT,₺4.450
MICRO DESENLİ İPEK KRAVAT,₺3.950
MICRO DESENLİ İPEK KRAVAT,₺3.950
MICRO DESENLİ İPEK KRAVAT,₺3.950
DİAGONAL ÇİZGİLİ İPEK KRAVAT,₺3.450
DİAGONAL ÇİZGİLİ İPEK KRAVAT,₺3.950
DAMLA DESENLİ İPEK KRAVAT,₺3.950
ŞAL DESENLİ İPEK KRAVAT,₺4.950
DAMLA DESENLİ İPEK KRAVAT,₺4.950
DAMLA DESENLİ İPEK KRAVAT,₺4.950
DAMLA DESENLİ İPEK KRAVAT,₺3.950
MICRO DESENLİ İPEK KRAVAT,₺3.950
DAMLA DESENLİ İPEK KRAVAT,₺4.950
DAMLA DESENLİ İPEK KRAVAT,₺4.950
DİAGONAL ÇİZGİLİ İPEK KRAVAT,₺4.450
DİAGONAL ÇİZGİLİ İPEK KRAVAT,₺4.450
DİAGONAL ÇİZGİLİ İPEK KRAVAT,₺4.450
DAMLA DESENLİ İPEK KRAVAT,₺3.950
MOTİF İPEK KRAVAT,₺4.450
LACİVERT PANTOLON ASKISI,₺3.450
THOMPSON KOL DÜĞMESİ,₺9.950
THOMPSON BİLEKLİK,₺8.950
TATEOSSIAN KOL DÜĞMESİ,₺21.950
TATEOSSIAN DÜĞME SETİ,₺34.950
TATEOSSIAN DÜĞME SETİ,₺34.950
TATEOSSIAN KOL DÜĞMESİ,₺18.950
TATEOSSIAN KOL DÜĞMESİ,₺18.950
TATEOSSIAN BİLEKLİK,₺14.950
TATEOSSIAN BİLEKLİK,₺19.950
TATEOSSIAN BİLEKLİK,₺19.950
THOMPSON BİLEKLİK,₺10.950
THOMPSON SWAROVSKI TAŞLI KOL DÜĞMESİ,₺15.950
THOMPSON KOL DÜĞMESİ,₺9.950
TATEOSSIAN DÜĞME SETİ,₺39.950
THOMPSON KOL DÜĞMESİ,₺10.950
THOMPSON BİLEKLİK,₺17.950
KAŞMİR ASTARLI DERİ ELDİVEN,₺16.950
AYAKKABI BAKIM SETİ,₺12.950
PAPYON,₺3.950
PAPYON,₺3.950
PAPYON,₺3.950
PAPYON,₺3.950
KOL DÜĞMESİ,₺39.950
KOL DÜĞMESİ,₺45.950
KOL DÜĞMESİ,₺34.950
SİYAH KOL DÜĞMESİ,₺19.950
ANTRASİT KOL DÜĞMESİ,₺19.950
GRİ KOLYE,₺18.950
GRİ BİLEKLİK,₺19.950
KAHVE BİLEKLİK,₺19.950
YEŞİL BİLEKLİK,₺19.950
GRİ KOL DÜĞMESİ,₺32.950
LACİVERT KOL DÜĞMESİ,₺32.950
SİYAH KOL DÜĞMESİ,₺32.950
LACİVERT KOL DÜĞMESİ,₺39.950
GÜMÜŞ KOL DÜĞMESİ,₺32.950
MAVİ KOL DÜĞMESİ,₺19.950
ANTRASİT KOL DÜĞMESİ,₺3.950
TATEOSSIAN BİLEKLİK,₺19.950
TATEOSSIAN BİLEKLİK,₺19.950
TATEOSSIAN BİLEKLİK,₺12.950
TATEOSSIAN KOL DÜĞMESİ,₺39.950
TATEOSSIAN KOL DÜĞMESİ,₺38.950
TATEOSSIAN KOL DÜĞMESİ,₺38.950
TATEOSSIAN KOL DÜĞMESİ,₺69.950
TATEOSSIAN DÜĞME SETİ,₺45.950
TATEOSSIAN DÜĞME SETİ,₺45.950
TATEOSSIAN DÜĞME SETİ,₺45.950
TATEOSSIAN DERİ KUTU,₺12.950
TATEOSSIAN BİLEKLİK,₺19.950
TATEOSSIAN KOL DÜĞMESİ,₺21.950
TATEOSSIAN DÜĞME SETİ,₺69.950
TATEOSSIAN DÜĞME SETİ,₺45.950
TATEOSSIAN KOL DÜĞMESİ,₺34.950
TATEOSSIAN KOL DÜĞMESİ,₺32.950
TATEOSSIAN KOL DÜĞMESİ,₺20.950
KEP ŞAPKA,₺4.975
KEP ŞAPKA,₺4.975
DERİ ELDİVEN,₺5.950
DERİ ELDİVEN,₺16.950
DERİ ELDİVEN,₺6.950
ÖRGÜ ELDİVEN,₺2.950
SİYAH PANTOLON ASKISI,₺3.450
SİYAH PANTOLON ASKISI,₺3.450
SİYAH PANTOLON ASKISI,₺3.450
DİAGONAL ÇİZGİLİ İPEK KRAVAT,₺3.950
MICRO DESENLİ İPEK KRAVAT,₺3.950
MICRO DESENLİ İPEK KRAVAT,₺3.950
MICRO DESENLİ İPEK KRAVAT,₺3.950
MICRO DESENLİ İPEK KRAVAT,₺3.950
MICRO DESENLİ İPEK KRAVAT,₺3.950
DİAGONAL ÇİZGİLİ İPEK KRAVAT,₺3.950
DİAGONAL ÇİZGİLİ İPEK KRAVAT,₺4.450
DESENLİ İPEK KRAVAT,₺4.450
ŞAL DESENLİ İPEK KRAVAT,₺4.950
DAMLA DESENLİ İPEK KRAVAT,₺4.950
DİAGONAL ÇİZGİLİ İPEK KRAVAT,₺3.950
MICRO DESENLİ İPEK KRAVAT,₺3.950
MICRO DESENLİ İPEK KRAVAT,₺3.950
DAMLA DESENLİ İPEK KRAVAT,₺3.950
MICRO DESENLİ İPEK KRAVAT,₺3.950
DAMLA DESENLİ İPEK KRAVAT,₺4.950
DİAGONAL ÇİZGİLİ İPEK KRAVAT,₺4.450
DİAGONAL ÇİZGİLİ İPEK KRAVAT,₺4.450
DAMLA DESENLİ İPEK KRAVAT,₺3.950
TAŞ PANTOLON ASKISI,₺3.450
BEJ PANTOLON ASKISI,₺3.450
TATEOSSIAN PIN,₺12.950
TATEOSSIAN PIN,₺12.950
THOMPSON BİLEKLİK,₺8.950
TATEOSSIAN BİLEKLİK,₺21.950
THOMPSON BİLEKLİK,₺8.950
TATEOSSIAN DÜĞME SETİ,₺45.950
TATEOSSIAN BİLEKLİK,₺19.950
THOMPSON DÜĞME SETİ,₺22.950
THOMPSON DÜĞME SETİ,₺22.950
TATEOSSIAN KOL DÜĞMESİ,₺21.950
TATEOSSIAN BİLEKLİK,₺21.950
TATEOSSIAN BİLEKLİK,₺29.950
TATEOSSIAN KOL DÜĞMESİ,₺21.950
TATEOSSIAN KOL DÜĞMESİ,₺21.950
TATEOSSIAN KRAVAT İĞNESİ,₺14.950
TATEOSSIAN KRAVAT İĞNESİ,₺14.950
TATEOSSIAN KOL DÜĞMESİ,₺21.950
TATEOSSIAN KOL DÜĞMESİ,₺18.950
TATEOSSIAN BİLEKLİK,₺21.950
TATEOSSIAN BİLEKLİK,₺19.950
THOMPSON KOL DÜĞMESİ,₺9.950
THOMPSON KOL DÜĞMESİ,₺10.950
THOMPSON KOL DÜĞMESİ,₺9.950
THOMPSON BİLEKLİK,₺8.950
TATEOSSIAN KOL DÜĞMESİ,₺18.950
TATEOSSIAN KOL DÜĞMESİ,₺21.950
BABET ÇORAP,₺349
DERBY PAMUK SOKET ÇORAP,₺499
DERBY PAMUK SOKET ÇORAP,₺499
ANAHTARLIK ÖRGÜ DERİ,₺17.950
ANAHTARLIK ÖRGÜ DERİ,₺17.950
PAPYON,₺1.950
EKRU BÜYÜK PAPYON,₺1.950
GRİ BEYAZ BÜYÜK PAPYON,₺1.950
PANTOLON ASKISI,₺3.450
PANTOLON ASKISI,₺3.450
DERİ ÇITÇIT DETAYLI ELDİVEN,₺8.950
DERİ ÇITÇIT VE DİKİŞ DETAYLI ELDİVEN,₺8.950
İsimsiz,Fiyat Yok
İsimsiz,Fiyat Yok
İsimsiz,Fiyat Yok
İsimsiz,Fiyat Yok
İsimsiz,Fiyat Yok
İsimsiz,Fiyat Yok
İsimsiz,Fiyat Yok
İsimsiz,Fiyat Yok
İsimsiz,Fiyat Yok
İsimsiz,Fiyat Yok
İsimsiz,Fiyat Yok
İsimsiz,Fiyat Yok
İsimsiz,Fiyat Yok
İsimsiz,Fiyat Yok
İsimsiz,Fiyat Yok
İsimsiz,Fiyat Yok
İsimsiz,Fiyat Yok
İsimsiz,Fiyat Yok
İsimsiz,Fiyat Yok
İsimsiz,Fiyat Yok
İsimsiz,Fiyat Yok
İsimsiz,Fiyat Yok
İsimsiz,Fiyat Yok
İsimsiz,Fiyat Yok
İsimsiz,Fiyat Yok
İsimsiz,Fiyat Yok
İsimsiz,Fiyat Yok
İsimsiz,Fiyat Yok
İsimsiz,Fiyat Yok
İsimsiz,Fiyat Yok
İsimsiz,Fiyat Yok
İsimsiz,Fiyat Yok
İsimsiz,Fiyat Yok
İsimsiz,Fiyat Yok
İsimsiz,Fiyat Yok
İsimsiz,Fiyat Yok
İsimsiz,Fiyat Yok
İsimsiz,Fiyat Yok
İsimsiz,Fiyat Yok
İsimsiz,Fiyat Yok
İsimsiz,Fiyat Yok
İsimsiz,Fiyat Yok
İsimsiz,Fiyat Yok
İsimsiz,Fiyat Yok
İsimsiz,Fiyat Yok
İsimsiz,Fiyat Yok
İsimsiz,Fiyat Yok
İsimsiz,Fiyat Yok
İsimsiz,Fiyat Yok
İsimsiz,Fiyat Yok
İsimsiz,Fiyat Yok
İsimsiz,Fiyat Yok
İsimsiz,Fiyat Yok
İsimsiz,Fiyat Yok
İsimsiz,Fiyat Yok
İsimsiz,Fiyat Yok
İsimsiz,Fiyat Yok
İsimsiz,Fiyat Yok
İsimsiz,Fiyat Yok
İsimsiz,Fiyat Yok
İsimsiz,Fiyat Yok
İsimsiz,Fiyat Yok
İsimsiz,Fiyat Yok
İsimsiz,Fiyat Yok
İsimsiz,Fiyat Yok
İsimsiz,Fiyat Yok
İsimsiz,Fiyat Yok
İsimsiz,Fiyat Yok
İsimsiz,Fiyat Yok
İsimsiz,Fiyat Yok
İsimsiz,Fiyat Yok
İsimsiz,Fiyat Yok
İsimsiz,Fiyat Yok
İsimsiz,Fiyat Yok
İsimsiz,Fiyat Yok
İsimsiz,Fiyat Yok
İsimsiz,Fiyat Yok
İsimsiz,Fiyat Yok
İsimsiz,Fiyat Yok
İsimsiz,Fiyat Yok
İsimsiz,Fiyat Yok
İsimsiz,Fiyat Yok
İsimsiz,Fiyat Yok
İsimsiz,Fiyat Yok
İsimsiz,Fiyat Yok
İsimsiz,Fiyat Yok
İsimsiz,Fiyat Yok
İsimsiz,Fiyat Yok
İsimsiz,Fiyat Yok
İsimsiz,Fiyat Yok
İsimsiz,Fiyat Yok
İsimsiz,Fiyat Yok
İsimsiz,Fiyat Yok
İsimsiz,Fiyat Yok
İsimsiz,Fiyat Yok
İsimsiz,Fiyat Yok
İsimsiz,Fiyat Yok
İsimsiz,Fiyat Yok
İsimsiz,Fiyat Yok
İsimsiz,Fiyat Yok
İsimsiz,Fiyat Yok
İsimsiz,Fiyat Yok
İsimsiz,Fiyat Yok
İsimsiz,Fiyat Yok
İsimsiz,Fiyat Yok
İsimsiz,Fiyat Yok
İsimsiz,Fiyat Yok
İsimsiz,Fiyat Yok
İsimsiz,Fiyat Yok
İsimsiz,Fiyat Yok
İsimsiz,Fiyat Yok
İsimsiz,Fiyat Yok
İsimsiz,Fiyat Yok
İsimsiz,Fiyat Yok
İsimsiz,Fiyat Yok
İsimsiz,Fiyat Yok
İsimsiz,Fiyat Yok
İsimsiz,Fiyat Yok
İsimsiz,Fiyat Yok
İsimsiz,Fiyat Yok
İsimsiz,Fiyat Yok
İsimsiz,Fiyat Yok
İsimsiz,Fiyat Yok
İsimsiz,Fiyat Yok
İsimsiz,Fiyat Yok
İsimsiz,Fiyat Yok
İsimsiz,Fiyat Yok
İsimsiz,Fiyat Yok
İsimsiz,Fiyat Yok
İsimsiz,Fiyat Yok
İsimsiz,Fiyat Yok
İsimsiz,Fiyat Yok
İsimsiz,Fiyat Yok
İsimsiz,Fiyat Yok
İsimsiz,Fiyat Yok
İsimsiz,Fiyat Yok
İsimsiz,Fiyat Yok
İsimsiz,Fiyat Yok
İsimsiz,Fiyat Yok
İsimsiz,Fiyat Yok
İsimsiz,Fiyat Yok
İsimsiz,Fiyat Yok
İsimsiz,Fiyat Yok
İsimsiz,Fiyat Yok
İsimsiz,Fiyat Yok
İsimsiz,Fiyat Yok
İsimsiz,Fiyat Yok
İsimsiz,Fiyat Yok
İsimsiz,Fiyat Yok
İsimsiz,Fiyat Yok
İsimsiz,Fiyat Yok
İsimsiz,Fiyat Yok
İsimsiz,Fiyat Yok
İsimsiz,Fiyat Yok
İsimsiz,Fiyat Yok
İsimsiz,Fiyat Yok
İsimsiz,Fiyat Yok
İsimsiz,Fiyat Yok
İsimsiz,Fiyat Yok
İsimsiz,Fiyat Yok
İsimsiz,Fiyat Yok
İsimsiz,Fiyat Yok
İsimsiz,Fiyat Yok
İsimsiz,Fiyat Yok
İsimsiz,Fiyat Yok
İsimsiz,Fiyat Yok
İsimsiz,Fiyat Yok
İsimsiz,Fiyat Yok
İsimsiz,Fiyat Yok
İsimsiz,Fiyat Yok
İsimsiz,Fiyat Yok
İsimsiz,Fiyat Yok
İsimsiz,Fiyat Yok
İsimsiz,Fiyat Yok
İsimsiz,Fiyat Yok
İsimsiz,Fiyat Yok
İsimsiz,Fiyat Yok
İsimsiz,Fiyat Yok
İsimsiz,Fiyat Yok
İsimsiz,Fiyat Yok
İsimsiz,Fiyat Yok
İsimsiz,Fiyat Yok
İsimsiz,Fiyat Yok
İsimsiz,Fiyat Yok
İsimsiz,Fiyat Yok
İsimsiz,Fiyat Yok
İsimsiz,Fiyat Yok
İsimsiz,Fiyat Yok
İsimsiz,Fiyat Yok
İsimsiz,Fiyat Yok
İsimsiz,Fiyat Yok
İsimsiz,Fiyat Yok
İsimsiz,Fiyat Yok
İsimsiz,Fiyat Yok
İsimsiz,Fiyat Yok
İsimsiz,Fiyat Yok
İsimsiz,Fiyat Yok
İsimsiz,Fiyat Yok
İsimsiz,Fiyat Yok
İsimsiz,Fiyat Yok
İsimsiz,Fiyat Yok
İsimsiz,Fiyat Yok
İsimsiz,Fiyat Yok
İsimsiz,Fiyat Yok
İsimsiz,Fiyat Yok
İsimsiz,Fiyat Yok
İsimsiz,Fiyat Yok
İsimsiz,Fiyat Yok
İsimsiz,Fiyat Yok
İsimsiz,Fiyat Yok
İsimsiz,Fiyat Yok
İsimsiz,Fiyat Yok
İsimsiz,Fiyat Yok
İsimsiz,Fiyat Yok
İsimsiz,Fiyat Yok
İsimsiz,Fiyat Yok
İsimsiz,Fiyat Yok
İsimsiz,Fiyat Yok
İsimsiz,Fiyat Yok
İsimsiz,Fiyat Yok
İsimsiz,Fiyat Yok
İsimsiz,Fiyat Yok
İsimsiz,Fiyat Yok
İsimsiz,Fiyat Yok
İsimsiz,Fiyat Yok
İsimsiz,Fiyat Yok
İsimsiz,Fiyat Yok
İsimsiz,Fiyat Yok
İsimsiz,Fiyat Yok
İsimsiz,Fiyat Yok
İsimsiz,Fiyat Yok
İsimsiz,Fiyat Yok
İsimsiz,Fiyat Yok
İsimsiz,Fiyat Yok
İsimsiz,Fiyat Yok
İsimsiz,Fiyat Yok
İsimsiz,Fiyat Yok
İsimsiz,Fiyat Yok
İsimsiz,Fiyat Yok
İsimsiz,Fiyat Yok
İsimsiz,Fiyat Yok
İsimsiz,Fiyat Yok
İsimsiz,Fiyat Yok
İsimsiz,Fiyat Yok
İsimsiz,Fiyat Yok
İsimsiz,Fiyat Yok
İsimsiz,Fiyat Yok
İsimsiz,Fiyat Yok
İsimsiz,Fiyat Yok
İsimsiz,Fiyat Yok
İsimsiz,Fiyat Yok
İsimsiz,Fiyat Yok
İsimsiz,Fiyat Yok
İsimsiz,Fiyat Yok
İsimsiz,Fiyat Yok
İsimsiz,Fiyat Yok
İsimsiz,Fiyat Yok
GRİ DERİ AYAKKABI,₺37.950
DERİ SNEAKER,₺44.950
LACİVERT DERİ AYAKKABI,₺37.950
DERİ SNEAKER,₺44.950
DERİ SNEAKER,₺34.950
DERİ SNEAKER,₺37.950
SİYAH TERLİK,₺22.950
"BAĞCIKSIZ ,  KAUÇUK TABANLI DERİ SNEAKER",₺44.950
"BAĞCIKSIZ ,  KAUÇUK TABANLI DERİ SNEAKER",₺44.950
DERİ SNEAKER,₺37.950
KAHVE DERİ AYAKKABI,₺44.950
DERİ SNEAKER,₺37.950
SİYAH DERİ CÜZDAN,₺19.950
BAĞCIKLI DÜZ KLASİK AYAKKABI,₺47.950
"BAĞCIKLI, KAUÇUK TABANLI DERİ SNEAKER",₺37.950
LACİVERT DERİ ÇANTA,₺89.950
AYAKKABI,₺29.950
SİYAH DERİ ÇANTA,₺89.950
BAĞCIKLI DÜZ KLASİK AYAKKABI,₺47.950
ÇANTA,₺79.950
KARTLIK,₺14.950
KAHVE DERİ CÜZDAN,₺22.950
LACİVERT DERİ CÜZDAN,₺22.950
BAĞCIKLI SIYAH RUGAN,₺42.950
LACİVERT DERİ ÇANTA,₺89.950
KOYU MAVİ DERİ CÜZDAN,₺19.950
AÇIK MAVİ DERİ CÜZDAN,₺19.950
KARTLIK,₺14.950
SİYAH DERİ ÇANTA,₺89.950
GRİ DERİ ÇANTA,₺89.950
KAHVERENGİ DERİ CÜZDAN,₺22.950
LACİVERT DERİ CÜZDAN,₺22.950
SİYAH DERİ ÇANTA,₺89.950
BEJ DERİ ÇANTA,₺89.950
BAĞCIKLI  RUGAN AYAKKABI,₺49.950
BAĞCIKLI AYAKKABI,₺44.950
BAĞCIKLI SİYAH TABANLI DERİ SNEAKER,₺34.950
SİYAH RUGAN AYAKKABI,₺29.950
AYAKKABI,₺39.950
LACİVERT DERİ ÇANTA,₺89.950
KARTLIK,₺14.950
SİYAH DERİ ÇANTA,₺89.950
YEŞİL DERİ ÇANTA,₺89.950
DERİ LOAFER AYAKKABI,₺42.950
BAĞCIKSIZ DERİ SNEAKER,₺44.950
BAĞCIKSIZ DERİ SNEAKER,₺44.950
DERİ LOAFER AYAKKABI,₺49.950
SÜET DERİ LOAFER AYAKKABI,₺39.950
ÇANTA,₺89.950
ÇANTA,₺89.950
KAHVE DERİ ÇANTA,₺44.950
SİYAH DERİ ÇANTA,₺69.950
LACİVERT DERİ ÇANTA,₺69.950
TABA DERİ CÜZDAN,₺19.950
KARTLIK,₺14.950
KARTLIK,₺14.950
KAHVE DERİ TERLİK,₺39.950
KAHVE DERİ TERLİK,₺42.950
KARTLIK,₺14.950
LACİVERT DERİ ÇANTA,₺89.950
ÇİFT TOKALI RUGAN AYAKKABI,₺49.950
BAĞCIKLI AYAKKABI,₺44.950
BAĞCIKSIZ RUGAN AYAKKABI,₺44.950
BAĞCIKLI RUGAN AYAKKABI,₺49.950
BAĞCIKSIZ DERİ SNEAKER,₺37.950
BAĞCIKLI DERİ SNEAKER AYAKKABI,₺37.950
BANTLI DERİ LOAFER AYAKKABI,₺54.950
BANTLI DERİ LOAFER AYAKKABI,₺54.950
BANTLI DERİ LOAFER AYAKKABI,₺54.950
BANTLI SÜET DERİ LOAFER AYAKKABI,₺54.950
ÇİFT TOKALI DERİ AYAKKABI,₺47.950
DERİ LOAFER AYAKKABI,₺42.950
SÜET DERİ LOAFER AYAKKABI,₺39.950
BAĞCIKLI DERİ SNEAKER AYAKKABI,₺39.950
BAĞCIKLI SİYAH TABANLI DERİ SNEAKER,₺44.950
DERİ LOAFER AYAKKABI,₺49.950
SÜET DERİ LOAFER AYAKKABI,₺44.950
SÜET DERİ PÜSKÜLLÜ LOAFER AYAKKABI,₺27.950
SÜET DERİ SÜRÜCÜ LOAFER AYAKKABI,₺24.950
SÜET DERİ LOAFER AYAKKABI,₺39.950
SÜET DERİ LOAFER AYAKKABI,₺39.950
BAĞCIKLI DERİ SNEAKER,₺18.475
KALIN TABANLI BANTLI DERİ LOAFER,₺19.975
"BAĞCIKLI, KAUÇUK TABANLI DERİ SNEAKER",₺16.475
BAĞCIKLI KUMAŞ SNEAKER,₺18.475
"BAĞCIKLI , KAUÇUK TABANLI SÜET DERİ SNEAKER",₺18.475
CHELSEA BOT,₺19.975
FERMUARLİ VE BAĞCİKLİ DERİ BOT,₺18.975
BANTLI DERİ LOAFER AYAKKABI,₺17.475
ÇİFT TOKALI SÜET DERİ AYAKKABI,₺22.475
BANTLI DERİ LOAFER AYAKKABI,₺17.475
BAĞCIKLI DERİ AYAKKABI,₺13.975
CHELSEA DERİ BOT,₺17.475
BANTLI LOAFER AYAKKABI,₺22.475
"BAĞCIKLI , KAUÇUK TABANLI SÜET DERİ SNEAKER",₺18.475
BANTLI DERİ LOAFER AYAKKABI,₺17.475
KALIN TABANLI BAĞCIKLI DERİ AYAKKABI,₺19.975
KALIN TABANLI BAĞCIKLI AYAKKABI,₺13.975
BANTLI SÜET DERİ LOAFER,₺17.975
KALIN TABANLI BAĞCIKLI AYAKKABI,₺13.975
BAĞCIKLI AYAKKABI,₺14.975
FERMUARLI VE BAĞCIKLI SET BOT,₺18.975
BAĞCIKLI AYAKKABI,₺13.975
BAĞCİKLİ AYAKKABİ,₺24.975
BAĞCIKLI AYAKKABI,₺13.975
BAĞCIKLI KISA SÜET BOT,₺16.475
CHELSEA DERİ BOT,₺17.475
BANTLI LOAFER AYAKKABI,₺23.975
SÜET DERİ LOAFER,₺14.975
BANTLI SÜET DERİ LOAFER,₺17.975
BAĞCİKLİ DERİ AYAKKABİ,₺16.475
BAĞCIKLI SÜET DERİ AYAKKABI,₺14.975
MAVİ TERLİK,₺22.950
BAĞCIKLI AYAKKABI,₺14.975
BAĞCIKLI DERİ AYAKKABI,₺17.475
BAĞCIKLI SNEAKER,₺14.975
SÜET DERİ LOAFER,₺14.975
KALIN TABANLI BAĞCIKLI AYAKKABI,₺14.975
BAĞCIKLI SÜET DERİ AYAKKABI,₺13.975
BAĞCIKLI KISA SÜET BOT,₺16.475
BAĞCIKLI SÜET DERİ AYAKKABI,₺13.975
SİYAH DERİ TERLİK,₺39.950
TERLİK,₺22.950
TERLİK,₺22.950
SİYAH DERİ TERLİK,₺42.950
LACİVERT DERİ TERLİK,₺39.950
KAHVE DERİ TERLİK,₺42.950
LACİVERT DERİ TERLİK,₺42.950
PÜSKÜLLÜ DERİ LOAFER AYAKKABI,₺59.950
TERLİK,₺22.950
TERLİK,₺22.950
TERLİK,₺22.950
LACİVERT DERİ TERLİK,₺39.950
SİYAH DERİ TERLİK,₺42.950
BAĞCIKLI DERİ SNEAKER AYAKKABI,₺37.950
ÖRGÜ DERİ LOAFER AYAKKABI,₺49.950
PÜSKÜLLÜ DERİ LOAFER AYAKKABI,₺59.950
PÜSKÜLLÜ DERİ LOAFER AYAKKABI,₺59.950
DERİ TERLİK,₺42.950
SÜET DERİ LOAFER AYAKKABI,₺39.950
BAĞCIKLI DERİ SNEAKER AYAKKABI,₺39.950
ÇİFT TOKALI SÜET DERİ LOAFER,₺42.950
BAĞCIKLI DERİ AYAKKABI,₺47.950
SÜET DERİ LOAFER AYAKKABI,₺44.950
BAĞCIKLI DERİ SNEAKER AYAKKABI,₺29.950
BAĞCIKLI DERİ SNEAKER AYAKKABI,₺29.950
SÜET DERİ PÜSKÜLLÜ LOAFER AYAKKABI,₺27.950
INFINITI FOR HIM EDP 50 ML,₺4.750
INFINITI FOR HIM EDP 100 M,₺6.250
INFINITI FOR HIM 2'Lİ SET EDP + DUS JELI,₺6.100
KAHVE MONOGRAM ÇANTA,₺14.450
SİYAH BABET,₺3.625
MONOGRAM KAHVE ŞEMSIYE,₺3.495
DERİ BABET,₺7.750
BABET,₺7.750
SİYAH MONOGRAM DERİ AYAKKABI,₺4.475
KAHVE MONOGRAM ÇANTA,₺12.450
KAHVE MONOGRAM DERİ AYAKKABI,₺4.475
DERİ CÜZDAN,₺6.095
KAHVE MONOGRAM ÇANTA,₺16.450
CÜZDAN,₺5.595
KAHVE MONOGRAM DERİ AYAKKABI,₺4.475
SİYAH MONOGRAM DERİ AYAKKABI,₺4.475
DERİ ÇANTA,₺10.995
SİYAH PORTFÖY TAKIMI,₺8.095
SİYAH MONOGRAM DERİ BABET,₺8.750
ÇANTA,₺11.995
KAHVE MONOGRAM ÇANTA,₺17.950
KAHVE MONOGRAM DERİ AYAKKABI,₺4.475
SİYAH MONOGRAM CÜZDAN,₺6.595
KARTLIK,₺3.475
KAHVE MONOGRAM DERİ ÇANTA,₺9.225
SİYAH MONOGRAM ÇANTA,₺14.450
KAHVE MONOGRAM ÇANTA,₺13.950
KAHVE MONOGRAM ÇANTA,₺13.950
İKİLİ HEDİYE SETİ,₺5.295
ÇANTA,₺11.995
KAHVE MONOGRAM ÇANTA,₺7.975
DERİ ÇANTA,₺10.995
KAHVE MONOGRAM ÇANTA,₺15.950
CÜZDAN,₺6.095
KAHVE MONOGRAM ÇANTA,₺14.950
SİYAH MONOGRAM CÜZDAN,₺3.875
KAHVE MONOGRAM CÜZDAN,₺6.595
SİYAH MONOGRAM CÜZDAN,₺4.475
DERİ CÜZDAN,₺6.095
KAHVE MONOGRAM DERİ ÇANTA,₺19.950
SİYAH MONOGRAM ÇANTA,₺13.950
CÜZDAN,₺5.595
SİYAH MONOGRAM DERİ AYAKKABI,₺4.475
KARTLIK,₺4.295
SİYAH MONOGRAM ÇANTA,₺7.975
SİYAH MONOGRAM CÜZDAN,₺5.595
DERİ KARTLIK,₺4.595
SİYAH MONOGRAM ÇANTA,₺15.950
KAHVE MONOGRAM ÇANTA,₺14.950
SİYAH MONOGRAM CÜZDAN,₺4.475
SİYAH MONOGRAM ÇANTA,₺14.450
CÜZDAN,₺5.595
KAHVE MONOGRAM ÇANTA,₺14.950
TABA MONOGRAM DERİ AYAKKABI,₺4.475
KARTLIK,₺3.475
KARTLIK,₺4.595
DERİ ÇANTA,₺10.498
KARTLIK,₺7.450
CÜZDAN,₺9.450
SİYAH MONOGRAM ÇANTA,₺14.950
SİYAH MONOGRAM ÇANTA,₺16.450
KAHVE MONOGRAM ÇANTA,₺14.950
KREM MONOGRAM ÇANTA,₺7.975
KAHVE MONOGRAM DERİ ÇANTA,₺9.475
KARTLIK,₺4.295
SİYAH MONOGRAM DERİ ÇANTA,₺9.975
KARTLIK,₺3.475
SİYAH MONOGRAM ÇANTA,₺15.450
SİYAH MONOGRAM ÇANTA,₺14.950
KAHVE MONOGRAM ÇANTA,₺15.950
KAHVE MONOGRAM DERİ AYAKKABI,₺8.950
KAHVE MONOGRAM DERİ CÜZDAN,₺6.095
SİYAH MONOGRAM DERİ ÇANTA,₺9.225
CÜZDAN,₺6.095
ÇANTA,₺16.950
CÜZDAN,₺4.475
SİYAH MONOGRAM DERİ CÜZDAN,₺4.725
SİYAH MONOGRAM CÜZDAN,₺7.950
KAHVE MONOGRAM ÇANTA,₺16.450
KARTLIK,₺5.595
SİYAH MONOGRAM DERİ ÇANTA,₺19.950
SİYAH MONOGRAM ÇANTA,₺7.975
KAHVE MONOGRAM CÜZDAN,₺4.475
SİYAH MONOGRAM DERİ AYAKKABI,₺10.450
SİYAH PORTFÖY TAKIMI,₺8.095
ÇANTA,₺19.950
KAHVE MONOGRAM ÇANTA,₺14.950
KAHVE MONOGRAM ÇANTA,₺15.450
KREM MONOGRAM ÇANTA,₺7.125
HEDİYE SETİ,₺6.595
ÇANTA,₺11.995
KARTLIK,₺5.595
SİYAH DERİ ÇANTA,₺7.998
TABA NUBUK DERİ ÇANTA,₺9.475
KREM MONOGRAM ÇANTA,₺7.475
CÜZDAN,₺5.595
ÇANTA,₺8.595
ALTIN METAL ÇEŞİTLİ AKSESUAR,₺3.095
KAHVE MONOGRAM ÇANTA,₺15.450
KARTLIK,₺4.595
KAHVE MONOGRAM ÇANTA,₺15.450
ÇANTA,₺12.998
YEŞİL MONOGRAM DERİ ÇANTA,₺9.225
KAHVE DERİ TAÇ,₺3.095
KAHVE MONOGRAM DERİ ÇANTA,₺17.950
CÜZDAN,₺9.950
KARTLIK,₺7.450
KAHVE MONOGRAM ÇANTA,₺15.450
SİYAH MONOGRAM ÇANTA,₺17.950
KREM MONOGRAM ÇANTA,₺7.125
SİYAH MONOGRAM DERİ CÜZDAN,₺4.725
KAHVE MONOGRAM CÜZDAN,₺7.750
KAHVE MONOGRAM DERİ ÇANTA,₺17.950
SİYAH MONOGRAM ÇANTA,₺14.950
TABA NUBUK DERİ ÇANTA,₺9.225
KAHVE MONOGRAM ÇANTA,₺16.950
SİYAH MONOGRAM ÇANTA,₺7.975
SİYAH MONOGRAM CÜZDAN,₺4.475
HEDİYE SETİ,₺7.595
ÇANTA,₺16.950
KİŞİYE ÖZEL ÇANTA,₺17.450
VİZON MONOGRAM ÇANTA,₺7.975
VİZON MONOGRAM ÇANTA,₺8.475
SİYAH VALİZ,₺23.950
KAHVE MONOGRAM ÇANTA,₺12.450
DERİ KARTLIK,₺4.595
KAHVE MONOGRAM ÇANTA,₺15.950
KAHVE MONOGRAM CÜZDAN,₺5.595
VİZON MONOGRAM ÇANTA,₺7.975
SİYAH MONOGRAM ÇANTA,₺13.950
SİYAH MONOGRAM DERİ ÇANTA,₺17.950
KİŞİYE ÖZEL ÇANTA,₺17.450
KAHVE MONOGRAM ÇANTA,₺15.450
İKİLİ HEDİYE SETİ,₺6.595
DERİ ÇANTA,₺20.995
SİYAH MONOGRAM DERİ CÜZDAN,₺6.095
SİYAH MONOGRAM ÇANTA,₺7.125
VİZON MONOGRAM CÜZDAN,₺4.475
HEDİYE SETİ,₺6.595
HEDİYE SETİ,₺6.595
CÜZDAN,₺9.950
SİYAH MONOGRAM ÇANTA,₺19.995
KAHVE MONOGRAM DERİ ÇANTA,₺18.950
İKİLİ HEDİYE SETİ,₺7.595
KİŞİYE ÖZEL ÇANTA,₺17.450
SEYAHAT ÇANTASI,₺26.950
DERİ CÜZDAN,₺8.250
ÇANTA,₺19.950
SİYAH MONOGRAM ÇANTA,₺7.125
ANAHTARLIK,₺1.648
SİYAH MONOGRAM ÇANTA,₺15.450
KAHVE MONOGRAM DERİ ÇANTA,₺19.950
KREM MONOGRAM ÇANTA,₺7.475
KREM MONOGRAM ÇANTA,₺7.725
ÇANTA,₺19.995
KİŞİYE ÖZEL ÇANTA,₺17.450
KAHVE DERİ ÇEŞİTLİ AKSESUAR,₺3.975
SİYAH MONOGRAM ÇANTA,₺15.950
SİYAH MONOGRAM ÇANTA,₺15.450
BORDO MONOGRAM DERİ ÇANTA,₺9.475
SİYAH MONOGRAM ÇANTA,₺16.950
SİYAH MONOGRAM ÇANTA,₺14.950
SİYAH MONOGRAM ÇANTA,₺14.950
KAHVE MONOGRAM ÇANTA,₺19.995
İKİLİ HEDİYE SETİ,₺5.595
KARTLIK,₺4.595
SİYAH MONOGRAM DERİ ÇANTA,₺9.475
KAHVE MONOGRAM CÜZDAN,₺9.450
KARTLIK,₺3.475
KAHVE BABET,₺8.750
KAHVE MONOGRAM CÜZDAN,₺9.950
DERİ ÇANTA,₺20.995
SİYAH MONOGRAM DERİ CÜZDAN,₺9.450
SİYAH MONOGRAM CÜZDAN,₺3.475
EKRU MONOGRAM DERİ CÜZDAN,₺4.475
SEYAHAT ÇANTASI,₺23.950
SİYAH MONOGRAM CÜZDAN,₺7.750
ÇANTA,₺11.995
ÇANTA,₺12.998
SİYAH DERI ÇANTA,₺9.498
HEDİYE SETİ,₺5.295
KAHVE MONOGRAM DERİ ÇANTA,₺19.950
SİYAH MONOGRAM ÇANTA,₺15.950
KAHVE MONOGRAM DERİ CÜZDAN,₺10.950
ÇANTA,₺15.950
ÇANTA,₺9.998
SİYAH MONOGRAM DERİ CÜZDAN,₺10.950
KARTLIK,₺3.475
SEYAHAT ÇANTASI,₺26.950
KAHVE MONOGRAM CÜZDAN,₺9.950
SİYAH MONOGRAM DERİ ÇANTA,₺18.950
SİYAH MONOGRAM DERİ ÇANTA,₺19.950
KARTLIK,₺3.475
EKRU MONOGRAM DERİ CÜZDAN,₺4.475
SİYAH MONOGRAM DERİ ÇANTA,₺17.950
SİYAH MONOGRAM ÇANTA,₺15.450
ÇANTA,₺9.998
SİYAH MONOGRAM CÜZDAN,₺9.950
SİYAH DERİ TAÇ,₺3.095
KAHVE MONOGRAM ÇANTA,₺13.950
KAHVE MONOGRAM CÜZDAN,₺9.950
KAHVE MONOGRAM ÇANTA,₺22.995
KAHVE MONOGRAM ÇANTA,₺14.950
SİYAH MONOGRAM DERİ CÜZDAN,₺9.450
KARTLIK,₺3.475
SEYAHAT ÇANTASI,₺25.450
ÇANTA,₺14.995
SİYAH MONOGRAM CÜZDAN,₺9.950
SİYAH MONOGRAM DERİ CÜZDAN,₺9.450
İKİLİ HEDİYE SETİ,₺6.595
KREM MONOGRAM ÇANTA,₺7.725
KAHVE MONOGRAM CÜZDAN,₺9.950
SİYAH MONOGRAM ÇANTA,₺16.450
SİYAH MONOGRAM CÜZDAN,₺9.950
EKRU DERİ ÇEŞİTLİ AKSESUAR,₺1.198
KAHVE MONOGRAM DERİ ÇANTA,₺16.950
CÜZDAN,₺9.950
CÜZDAN,₺9.950
KREM MONOGRAM ÇANTA,₺7.725
PEMBE MONOGRAM ÇANTA,₺13.950
VİZON MONOGRAM CÜZDAN,₺4.475
SİYAH MONOGRAM CÜZDAN,₺9.450
KAHVE MONOGRAM CÜZDAN,₺7.450
KAHVE MONOGRAM CÜZDAN,₺6.950
KAHVE MONOGRAM ÇANTA,₺13.950
KAHVE MONOGRAM ÇANTA,₺16.950
KAHVE MONOGRAM CÜZDAN,₺7.950
KAHVE BABET,₺7.750
SİYAH MONOGRAM ÇANTA,₺22.995
SİYAH MONOGRAM DERİ ÇANTA,₺19.950
KAHVE MONOGRAM CÜZDAN,₺7.750
SİYAH MONOGRAM CÜZDAN,₺7.750
KAHVE MONOGRAM CÜZDAN,₺9.950
SİYAH MONOGRAM DERİ CÜZDAN,₺10.950
KAHVE MONOGRAM ÇANTA,₺12.950
SİYAH MONOGRAM ÇANTA,₺10.995
KAHVE MONOGRAM ÇANTA,₺15.450
KUM MONOGRAM ÇANTA,₺16.950
KAHVE MONOGRAM ÇANTA,₺13.950
KAHVE MONOGRAM ÇANTA,₺17.450
SİYAH BABET,₺8.750
KARTLIK,₺3.475
KREM MONOGRAM ÇANTA,₺7.975
KARTLIK,₺3.475
PEMBE MONOGRAM ÇANTA,₺16.950
KAHVE MONOGRAM ÇANTA,₺13.950
KAHVE MONOGRAM ÇANTA,₺16.450
KUM MONOGRAM ÇANTA,₺13.950
SİYAH BABET,₺8.750
SİYAH MONOGRAM DERİ AYAKKABI,₺10.450
KAHVE MONOGRAM DERİ AYAKKABI,₺10.450
SİYAH BABET,₺7.750
SEYAHAT ÇANTASI,₺25.450
ÇANTA,₺19.995
KAHVE MONOGRAM ÇANTA,₺15.950
PEMBE MONOGRAM ÇANTA,₺18.450
SİYAH MONOGRAM CÜZDAN,₺9.950
SİYAH MONOGRAM CÜZDAN,₺6.950
TABA MONOGRAM DERİ ÇANTA,₺20.950
SİYAH MONOGRAM DERİ ÇANTA,₺20.950
EKRU MONOGRAM DERİ ÇANTA,₺20.950
KAHVE MONOGRAM DERİ ÇANTA,₺18.950
KUM MONOGRAM ÇANTA,₺15.950
KUM MONOGRAM ÇANTA,₺17.950
KAHVE MONOGRAM ÇANTA,₺16.450
SİYAH MONOGRAM ÇANTA,₺16.950
SİYAH MONOGRAM DERİ ÇANTA,₺16.950
ÇANTA,₺19.995
SİYAH MONOGRAM CÜZDAN,₺7.750
PEMBE MONOGRAM ÇANTA,₺15.950
SİYAH MONOGRAM ÇANTA,₺17.450
KAHVE MONOGRAM ÇANTA,₺17.450
KAHVE MONOGRAM ÇANTA,₺17.950
KAHVE MONOGRAM ÇANTA,₺16.450
SİYAH MONOGRAM ÇANTA,₺13.950
SİYAH MONOGRAM ÇANTA,₺16.950
SİYAH MONOGRAM DERİ ÇANTA,₺20.950
SİYAH MONOGRAM DERİ ÇANTA,₺21.450
SİYAH MONOGRAM DERİ ÇANTA,₺20.950
KAHVE MONOGRAM DERİ ÇANTA,₺20.950
KAHVE MONOGRAM DERİ ÇANTA,₺18.950
LACİVERT MONOGRAM DERİ ÇANTA,₺19.950
KAHVE MONOGRAM DERİ ÇANTA,₺18.950
EKRU MONOGRAM DERİ ÇANTA,₺18.950
KAHVE MONOGRAM ÇANTA,₺10.995
KUM MONOGRAM ÇANTA,₺13.950
KAHVE MONOGRAM ÇANTA,₺12.450
SİYAH MONOGRAM ÇANTA,₺16.450
KAHVE MONOGRAM ÇANTA,₺11.450
SİYAH MONOGRAM ÇANTA,₺13.950
SİYAH MONOGRAM ÇANTA,₺16.950
KAHVE MONOGRAM ÇANTA,₺17.450
PUDRA MONOGRAM DERİ ÇANTA,₺16.950
VİZON MONOGRAM ÇANTA,₺16.950
SİYAH BABET,₺8.750
SİYAH MONOGRAM DERİ AYAKKABI,₺10.450
BEYAZ MONOGRAM DERİ AYAKKABI,₺10.450
KAHVE MONOGRAM CÜZDAN,₺9.950
KAHVE MONOGRAM CÜZDAN,₺9.950
SİYAH MONOGRAM DERİ CÜZDAN,₺9.450
TABA MONOGRAM DERİ CÜZDAN,₺9.450
PUDRA MONOGRAM DERİ CÜZDAN,₺9.450
KAHVE MONOGRAM CÜZDAN,₺9.950
SİYAH MONOGRAM CÜZDAN,₺9.950
SİYAH MONOGRAM CÜZDAN,₺9.950
PEMBE MONOGRAM ÇANTA,₺17.450
SİYAH MONOGRAM ÇANTA,₺17.950
SİYAH MONOGRAM ÇANTA,₺16.450
SİYAH MONOGRAM ÇANTA,₺17.950
KAHVE MONOGRAM ÇANTA,₺17.950
SİYAH MONOGRAM ÇANTA,₺17.950
KAHVE MONOGRAM ÇANTA,₺17.950
SİYAH MONOGRAM ÇANTA,₺16.450
KAHVE MONOGRAM ÇANTA,₺16.450
SİYAH MONOGRAM DERİ ÇANTA,₺21.450
KAHVE MONOGRAM DERİ ÇANTA,₺21.450
KAHVE MONOGRAM DERİ ÇANTA,₺20.950
EKRU MONOGRAM DERİ ÇANTA,₺20.950
KAHVE MONOGRAM DERİ ÇANTA,₺21.450
EKRU MONOGRAM DERİ ÇANTA,₺21.450
SİYAH MONOGRAM DERİ ÇANTA,₺18.950
TABA MONOGRAM DERİ ÇANTA,₺18.950
KAHVE MONOGRAM DERİ ÇANTA,₺20.950
EKRU MONOGRAM DERİ ÇANTA,₺19.950
EKRU MONOGRAM DERİ ÇANTA,₺19.950
EKRU MONOGRAM DERİ ÇANTA,₺15.950
SİYAH MONOGRAM DERİ ÇANTA,₺18.950
KAHVE MONOGRAM DERİ ÇANTA,₺18.950
TABA MONOGRAM DERİ ÇANTA,₺19.950
SİYAH MONOGRAM DERİ ÇANTA,₺18.950
TABA MONOGRAM DERİ ÇANTA,₺18.950
KAHVE MONOGRAM ÇANTA,₺13.950
KUM MONOGRAM ÇANTA,₺18.450
SİYAH MONOGRAM ÇANTA,₺18.450
SİYAH MONOGRAM ÇANTA,₺17.950
KAHVE MONOGRAM ÇANTA,₺17.950
SİYAH MONOGRAM ÇANTA,₺16.450
SİYAH MONOGRAM ÇANTA,₺17.450
SİYAH MONOGRAM ÇANTA,₺17.950
KAHVE MONOGRAM ÇANTA,₺17.950
SİYAH MONOGRAM ÇANTA,₺17.450
SİYAH MONOGRAM ÇANTA,₺17.950
KAHVE MONOGRAM ÇANTA,₺17.950
SİYAH MONOGRAM ÇANTA,₺16.950
KAHVE MONOGRAM ÇANTA,₺16.950
KAHVE MONOGRAM ÇANTA,₺12.950
VİZON MONOGRAM ÇANTA,₺16.950
SİYAH MONOGRAM ÇANTA,₺17.450
SİYAH MONOGRAM ÇANTA,₺17.450
KAHVE MONOGRAM ÇANTA,₺15.950
VİZON MONOGRAM ÇANTA,₺15.950
KAHVE MONOGRAM ÇANTA,₺15.950
VİZON MONOGRAM ÇANTA,₺15.950
KAHVE MONOGRAM ÇANTA,₺17.450
VİZON MONOGRAM ÇANTA,₺17.450
PUDRA MONOGRAM DERİ ÇANTA,₺16.950
PUDRA MONOGRAM DERİ ÇANTA,₺16.950
SİYAH MONOGRAM DERİ ÇANTA,₺19.950
PUDRA MONOGRAM DERİ ÇANTA,₺19.950
PUDRA MONOGRAM DERİ ÇANTA,₺16.950
VİZON MONOGRAM ÇANTA,₺17.450
VİZON MONOGRAM ÇANTA,₺17.950
SİYAH MONOGRAM ÇANTA,₺15.950
TABA MONOGRAM DERİ AYAKKABI,₺10.450
EKRU MONOGRAM DERİ AYAKKABI,₺10.450
SİYAH BABET,₺8.750
EKRU BABET,₺8.750
KIRMIZI BABET,₺8.750
SİYAH MONOGRAM CÜZDAN,₺7.950
KAHVE MONOGRAM CÜZDAN,₺7.950
SİYAH MONOGRAM DERİ CÜZDAN,₺10.950
KAHVE MONOGRAM DERİ CÜZDAN,₺10.950
EKRU MONOGRAM DERİ CÜZDAN,₺10.950
PUDRA MONOGRAM DERİ CÜZDAN,₺10.950
KARTLIK,₺7.450
SİYAH MONOGRAM DERİ CÜZDAN,₺9.450
KAHVE MONOGRAM DERİ CÜZDAN,₺9.450
SİYAH MONOGRAM CÜZDAN,₺7.950
KAHVE MONOGRAM CÜZDAN,₺7.950
SİYAH MONOGRAM CÜZDAN,₺7.950
KAHVE MONOGRAM CÜZDAN,₺9.450
KUM MONOGRAM CÜZDAN,₺9.450
BEYAZ MONOGRAM DERİ AYAKKABI,₺10.450
KAHVE MONOGRAM DERİ CÜZDAN,₺9.450
SİYAH MONOGRAM CÜZDAN,₺9.950
VİZON MONOGRAM CÜZDAN,₺9.950
KARTLIK,₺7.450
