kategori,isim,fiyat,link
Kadın Giyim,Oversize Fit Düğmeli Astarsız  Kadın Ecru Denim Ceket,1899.9,https://www.colins.com.tr/p/oversize-fit-dugmeli-astarsiz-kadin-ecru-denim-ceket-48809
Kadın Giyim,Regular Fit Düğmeli Astarsız  Kadın Mid İndigo Denim Ceket,2499.9,https://www.colins.com.tr/p/regular-fit-dugmeli-astarsiz-kadin-mid-indigo-denim-ceket-48225
Kadın Giyim,Regular Fit Fermuarlı Astarsız  Kadın Bleach İndigo Denim Ceket,2499.9,https://www.colins.com.tr/p/regular-fit-fermuarli-astarsiz-kadin-bleach-indigo-denim-ceket-48228
Kadın Giyim,Regular Fit Gömlek Yaka Düğmeli Bej Kadın Ceket,1699.9,https://www.colins.com.tr/p/undefinedname-48579
Kadın Giyim,Regular Fit Düğmeli Astarsız  Kadın Mid İndigo Denim Ceket,1899.9,https://www.colins.com.tr/p/regular-fit-dugmeli-astarsiz-kadin-mid-indigo-denim-ceket-48829
Kadın Giyim,Oversize Fit Düğmeli Astarsız  Kadın Light İndigo Denim Ceket,1899.9,https://www.colins.com.tr/p/oversize-fit-dugmeli-astarsiz-kadin-light-indigo-denim-ceket-48810
Kadın Giyim,Slim Fit     Kadın Light İndigo Denim Yelek,1599.9,https://www.colins.com.tr/p/slim-fit-kadin-light-indigo-denim-yelek-49361
Kadın Giyim,Slim Fit     Kadın Stripe Denim Yelek,1599.9,https://www.colins.com.tr/p/slim-fit-kadin-stripe-denim-yelek-49362
Kadın Giyim,Regular Fit     Kadın Mid İndigo Denim Yelek,1499.9,https://www.colins.com.tr/p/regular-fit-kadin-mid-indigo-denim-yelek-48812
Kadın Giyim,Loose Fit   Kadın Stripe Denim Jean Pantolon,1799.9,https://www.colins.com.tr/p/loose-fit-kadin-stripe-denim-jean-pantolon-48217
Kadın Giyim,Regular Fit Düşük Bel Düz Paça Kadın Siyah  Pantolon,1099.9,https://www.colins.com.tr/p/regular-fit-dusuk-bel-duz-paca-kadin-siyah-pantolon-42072
Kadın Giyim,Regular Fit Yüksel Bel Düz Paça Kadın Bej  Pantolon,1399.9,https://www.colins.com.tr/p/regular-fit-yuksel-bel-duz-paca-kadin-bej-pantolon-48312
Kadın Giyim,Regular Fit Yüksel Bel Düz Paça Kadın Kahverengi  Pantolon,1399.9,https://www.colins.com.tr/p/regular-fit-yuksel-bel-duz-paca-kadin-kahverengi-pantolon-48315
Kadın Giyim,Regular Fit Yüksel Bel Geniş Paça Kadın Bej  Pantolon,1199.9,https://www.colins.com.tr/p/regular-fit-yuksel-bel-genis-paca-kadin-bej-pantolon-48316
Kadın Giyim,Regular Fit Yüksel Bel Geniş Paça Kadın Beyaz  Pantolon,1699.9,https://www.colins.com.tr/p/regular-fit-yuksel-bel-genis-paca-kadin-beyaz-pantolon-48490
Kadın Giyim,Regular Fit Yüksel Bel Geniş Paça Kadın Ekru  Pantolon,1199.9,https://www.colins.com.tr/p/regular-fit-yuksel-bel-genis-paca-kadin-ekru-pantolon-48491
Kadın Giyim,Regular Fit Yüksel Bel Geniş Paça Kadın İndigo  Pantolon,1199.9,https://www.colins.com.tr/p/regular-fit-yuksel-bel-genis-paca-kadin-indigo-pantolon-48318
Kadın Giyim,Regular Fit Yüksel Bel Geniş Paça Kadın Lacivert  Pantolon,1199.9,https://www.colins.com.tr/p/regular-fit-yuksel-bel-genis-paca-kadin-lacivert-pantolon-48319
Kadın Giyim,Regular Fit Yüksel Bel Geniş Paça Kadın Siyah  Pantolon,1199.9,https://www.colins.com.tr/p/regular-fit-yuksel-bel-genis-paca-kadin-siyah-pantolon-48322
Kadın Giyim,Regular Fit Yüksel Bel Geniş Paça Kadın Yeşil  Pantolon,1199.9,https://www.colins.com.tr/p/regular-fit-yuksel-bel-genis-paca-kadin-yesil-pantolon-48323
Kadın Giyim,Regular Fit Yüksel Bel Geniş Paça Kadın Yeşil  Pantolon,1199.9,https://www.colins.com.tr/p/regular-fit-yuksel-bel-genis-paca-kadin-yesil-pantolon-48324
Kadın Giyim,Regular Fit Yüksel Bel Geniş Paça Kadın Yeşil  Pantolon,1399.9,https://www.colins.com.tr/p/regular-fit-yuksel-bel-genis-paca-kadin-yesil-pantolon-48494
Kadın Giyim,Regular Fit Yüksel Bel Geniş Paça Kadın Yeşil  Pantolon,1199.9,https://www.colins.com.tr/p/regular-fit-yuksel-bel-genis-paca-kadin-yesil-pantolon-48495
Kadın Giyim,Slim Fit   Kadın Mid İndigo Denim Jean Pantolon,1699.9,https://www.colins.com.tr/p/slim-fit-kadin-mid-indigo-denim-jean-pantolon-49440
Kadın Giyim,Slim Fit Orta Bel Düz Paça Kadın Mid İndigo Denim Jean Pantolon,1699.9,https://www.colins.com.tr/p/slim-fit-orta-bel-duz-paca-kadin-mid-indigo-denim-jean-pantolon-48771
Kadın Giyim,Straıght Fıt Düşük Bel Geniş Paça Kadın Bej  Pantolon,1199.9,https://www.colins.com.tr/p/straight-fit-dusuk-bel-genis-paca-kadin-bej-pantolon-45019
Kadın Giyim,Straıght Fıt Düşük Bel Geniş Paça Kadın Mavi  Pantolon,1199.9,https://www.colins.com.tr/p/straight-fit-dusuk-bel-genis-paca-kadin-mavi-pantolon-45028
Kadın Giyim,Straight Fit   Kadın Mid İndigo Denim Jean Pantolon,1799.9,https://www.colins.com.tr/p/straight-fit-kadin-mid-indigo-denim-jean-pantolon-49448
Kadın Giyim,Loose Fit   Kadın Light İndigo Denim Jean Pantolon,1799.9,https://www.colins.com.tr/p/loose-fit-kadin-light-indigo-denim-jean-pantolon-49402
Kadın Giyim,Loose Fit   Kadın Mid İndigo Denim Jean Pantolon,1699.9,https://www.colins.com.tr/p/loose-fit-kadin-mid-indigo-denim-jean-pantolon-48808
Kadın Giyim,Regular Fit   Kadın Anthracite Denim Jean Pantolon,1499.9,https://www.colins.com.tr/p/regular-fit-kadin-anthracite-denim-jean-pantolon-48815
Kadın Giyim,Regular Fit   Kadın Grey Denim Jean Pantolon,1499.9,https://www.colins.com.tr/p/regular-fit-kadin-grey-denim-jean-pantolon-48858
Kadın Giyim,Regular Fit   Kadın Light İndigo Denim Jean Pantolon,1499.9,https://www.colins.com.tr/p/regular-fit-kadin-light-indigo-denim-jean-pantolon-48758
Kadın Giyim,Regular Fit   Kadın Light İndigo Denim Jean Pantolon,1699.9,https://www.colins.com.tr/p/regular-fit-kadin-light-indigo-denim-jean-pantolon-48825
Kadın Giyim,Regular Fit   Kadın Light İndigo Denim Jean Pantolon,1499.9,https://www.colins.com.tr/p/regular-fit-kadin-light-indigo-denim-jean-pantolon-48826
Kadın Giyim,Regular Fit   Kadın Light İndigo Denim Jean Pantolon,1699.9,https://www.colins.com.tr/p/regular-fit-kadin-light-indigo-denim-jean-pantolon-49421
Kadın Giyim,Regular Fit   Kadın Over Dyed Denim Jean Pantolon,1899.9,https://www.colins.com.tr/p/regular-fit-kadin-over-dyed-denim-jean-pantolon-48860
Kadın Giyim,Regular Fit Orta Bel Bootcut Kadın Grey Denim Jean Pantolon,1799.9,https://www.colins.com.tr/p/regular-fit-orta-bel-bootcut-kadin-grey-denim-jean-pantolon-48831
Kadın Giyim,Regular Fit   Kadın Light İndigo Denim Jean Pantolon,1799.9,https://www.colins.com.tr/p/regular-fit-kadin-light-indigo-denim-jean-pantolon-49420
Kadın Giyim,Skinny Fit   Kadın Dark İndigo Denim Jean Pantolon,1699.9,https://www.colins.com.tr/p/skinny-fit-kadin-dark-indigo-denim-jean-pantolon-48834
Kadın Giyim,Regular Fit   Kadın Black Black Denim Jean Pantolon,1499.9,https://www.colins.com.tr/p/regular-fit-kadin-black-black-denim-jean-pantolon-48817
Kadın Giyim,Regular Fit   Kadın Grey Denim Jean Pantolon,1499.9,https://www.colins.com.tr/p/regular-fit-kadin-grey-denim-jean-pantolon-48823
Kadın Giyim,Regular Fit   Kadın Gri Jean Pantolon,1499.9,https://www.colins.com.tr/p/regular-fit-kadin-gri-jean-pantolon-47545
Kadın Giyim,Regular Fit   Kadın Mid İndigo Denim Jean Pantolon,1499.9,https://www.colins.com.tr/p/regular-fit-kadin-mid-indigo-denim-jean-pantolon-48759
Kadın Giyim,Regular Fit Orta Bel Bootcut Kadın Over Dyed Denim Jean Pantolon,1799.9,https://www.colins.com.tr/p/regular-fit-orta-bel-bootcut-kadin-over-dyed-denim-jean-pantolon-48862
Kadın Giyim,Regular Fit Yüksel Bel Düz Paça Astarsız Kadın Bej Pantolon,1099.9,https://www.colins.com.tr/p/regular-fit-yuksel-bel-duz-paca-astarsiz-kadin-bej-pantolon-45018
Kadın Giyim,Regular Fit Yüksel Bel Düz Paça Kadın Kahverengi  Pantolon,1099.9,https://www.colins.com.tr/p/regular-fit-yuksel-bel-duz-paca-kadin-kahverengi-pantolon-48897
Kadın Giyim,Regular Fit Yüksel Bel Düz Paça Kadın Lacivert  Pantolon,1099.9,https://www.colins.com.tr/p/regular-fit-yuksel-bel-duz-paca-kadin-lacivert-pantolon-48898
Kadın Giyim,Regular Fit Yüksel Bel Geniş Paça Kadın Lacivert  Pantolon,1099.9,https://www.colins.com.tr/p/regular-fit-yuksel-bel-genis-paca-kadin-lacivert-pantolon-48320
Kadın Giyim,Regular Fit Yüksel Bel Geniş Paça Kadın Siyah  Pantolon,1099.9,https://www.colins.com.tr/p/regular-fit-yuksel-bel-genis-paca-kadin-siyah-pantolon-48321
Kadın Giyim,Straıght Fıt Düşük Bel Düz Paça Kadın Siyah  Pantolon,1099.9,https://www.colins.com.tr/p/regular-fit-yuksel-bel-duz-paca-kadin-siyah-pantolon-45023
Kadın Giyim,Straight Fit   Kadın Black Denim Jean Pantolon,1299.9,https://www.colins.com.tr/p/straight-fit-kadin-black-denim-jean-pantolon-48889
Kadın Giyim,Regular Fit   Kadın Mid İndigo Denim Jean Pantolon,1799.9,https://www.colins.com.tr/p/regular-fit-kadin-mid-indigo-denim-jean-pantolon-48859
Kadın Giyim,Regular Fit   Kadın Green Cast Denim Jean Pantolon,1899.9,https://www.colins.com.tr/p/regular-fit-kadin-green-cast-denim-jean-pantolon-48821
Kadın Giyim,Regular Fit   Kadın Black Black Denim Jean Pantolon,1499.9,https://www.colins.com.tr/p/regular-fit-kadin-black-black-denim-jean-pantolon-48817
Kadın Giyim,Regular Fit   Kadın Mid İndigo Denim Jean Pantolon,1499.9,https://www.colins.com.tr/p/regular-fit-kadin-mid-indigo-denim-jean-pantolon-48759
Kadın Giyim,Regular Fit   Kadın Mid İndigo Denim Jean Pantolon,1499.9,https://www.colins.com.tr/p/regular-fit-kadin-mid-indigo-denim-jean-pantolon-48827
Kadın Giyim,Regular Fit   Kadın İndigo Jean Pantolon,1199.9,https://www.colins.com.tr/p/regular-fit-kadin-mavi-jean-pantolon-47102
Kadın Giyim,Regular Fit Orta Bel Bootcut Kadın Lacivert Jean Pantolon,1199.9,https://www.colins.com.tr/p/regular-fit-orta-bel-bootcut-kadin-lacivert-jean-pantolon-47083
Kadın Giyim,Regular Fit Yüksel Bel Geniş Paça Kadın Antrasit  Pantolon,1399.9,https://www.colins.com.tr/p/regular-fit-yuksel-bel-genis-paca-kadin-antrasit-pantolon-48489
Kadın Giyim,Regular Fit Yüksel Bel Geniş Paça Kadın Ekru  Pantolon,1399.9,https://www.colins.com.tr/p/regular-fit-yuksel-bel-genis-paca-kadin-ekru-pantolon-48492
Kadın Giyim,Slim Fit   Kadın Light İndigo Denim Jean Pantolon,2799.9,https://www.colins.com.tr/p/slim-fit-kadin-light-indigo-denim-jean-pantolon-49363
Kadın Giyim,Regular Fit   Kadın Black Black Denim Jean Pantolon,1399.9,https://www.colins.com.tr/p/regular-fit-kadin-black-black-denim-jean-pantolon-48816
Kadın Giyim,Skinny Fit   Kadın Lacivert Jean Pantolon,1199.9,https://www.colins.com.tr/p/skinny-fit-yuksel-bel-dar-paca-kadin-lacivert-jean-pantolon-47084
Kadın Giyim,Regular Fit   Kadın Anthracite Denim Jean Pantolon,1499.9,https://www.colins.com.tr/p/regular-fit-kadin-anthracite-denim-jean-pantolon-48814
Kadın Giyim,Baggy Fit   Kadın Light İndigo Denim Jean Pantolon,1799.9,https://www.colins.com.tr/p/baggy-fit-kadin-light-indigo-denim-jean-pantolon-48694
Kadın Giyim,Regular Fit   Kadın İndigo Jean Pantolon,1199.9,https://www.colins.com.tr/p/regular-fit-kadin-mavi-jean-pantolon-47104
Kadın Giyim,Regular Fit Yüksel Bel Düz Paça Kadın Kahverengi  Pantolon,1099.9,https://www.colins.com.tr/p/regular-fit-yuksel-bel-duz-paca-kadin-kahverengi-pantolon-48314
Kadın Giyim,Straight Fit   Kadın Light İndigo Denim Jean Pantolon,1299.9,https://www.colins.com.tr/p/straight-fit-kadin-light-indigo-denim-jean-pantolon-48236
Kadın Giyim,Baggy Fıt Orta Bel Daralan Paça Kadın Light İndigo Denim Jean Pantolon,1799.9,https://www.colins.com.tr/p/baggy-fit-orta-bel-daralan-paca-kadin-light-indigo-denim-jean-pantolon-48696
Kadın Giyim,Baggy Fit Orta Bel Daralan Paça Kadın Dark İndigo Denim Jean Pantolon,1799.9,https://www.colins.com.tr/p/baggy-fit-orta-bel-daralan-paca-kadin-dark-indigo-denim-jean-pantolon-48695
Kadın Giyim,Mom Fit   Kadın Mid İndigo Denim Jean Pantolon,1699.9,https://www.colins.com.tr/p/mom-fit-kadin-mid-indigo-denim-jean-pantolon-48755
Kadın Giyim,Straight Fit   Kadın Dark İndigo Denim Jean Pantolon,1799.9,https://www.colins.com.tr/p/straight-fit-kadin-dark-indigo-denim-jean-pantolon-48837
Kadın Giyim,Straight Fit   Kadın Mid İndigo Denim Jean Pantolon,1299.9,https://www.colins.com.tr/p/straight-fit-kadin-mid-indigo-denim-jean-pantolon-48890
Kadın Giyim,Slim Fit   Kadın Mid İndigo Denim Jean Pantolon,1699.9,https://www.colins.com.tr/p/slim-fit-kadin-mid-indigo-denim-jean-pantolon-48770
Kadın Giyim,Regular Fit   Kadın Light İndigo Denim Jean Pantolon,1699.9,https://www.colins.com.tr/p/regular-fit-kadin-light-indigo-denim-jean-pantolon-48757
Kadın Giyim,Loose Fit   Kadın Green Cast Denim Jean Pantolon,1899.9,https://www.colins.com.tr/p/loose-fit-kadin-green-cast-denim-jean-pantolon-48807
Kadın Giyim,Slim Fit  Dar Paça Kadın İndigo Jean Pantolon,1199.9,https://www.colins.com.tr/p/slim-fit-dar-paca-kadin-mavi-jean-pantolon-47103
Kadın Giyim,Regular Fit Yüksek Bel Geniş Paça Kadın İndigo Jean Pantolon,1299.9,https://www.colins.com.tr/p/regular-fit-yuksek-bel-genis-paca-kadin-indigo-jean-pantolon-46289
Kadın Giyim,Straight Fit   Kadın Colour Denim Jean Pantolon,1699.9,https://www.colins.com.tr/p/straight-fit-kadin-colour-denim-jean-pantolon-48774
Kadın Giyim,Straight Fit   Kadın Grey Denim Jean Pantolon,1699.9,https://www.colins.com.tr/p/straight-fit-kadin-grey-denim-jean-pantolon-48775
Kadın Giyim,Regular Fit   Kadın İndigo Jean Pantolon,1299.9,https://www.colins.com.tr/p/regular-fit-kadin-indigo-jean-pantolon-46287
Kadın Giyim,Regular Fit   Kadın Colour Denim Jean Pantolon,1699.9,https://www.colins.com.tr/p/regular-fit-kadin-colour-denim-jean-pantolon-48818
Kadın Giyim,Super Slim Fit Yüksek Bel Dar Paça Kadın Siyah Jean Pantolon,1299.9,https://www.colins.com.tr/p/super-slim-fit-yuksek-bel-dar-paca-kadin-siyah-jean-pantolon-26743
Kadın Giyim,Regular Fit Yüksel Bel Geniş Paça Kadın Lacivert  Pantolon,1399.9,https://www.colins.com.tr/p/regular-fit-yuksel-bel-genis-paca-kadin-lacivert-pantolon-47826
Kadın Giyim,Slim Fit Orta Bel Düz Paça Kadın Siyah Denim Jean Pantolon,1299.9,https://www.colins.com.tr/p/slim-fit-orta-bel-duz-paca-kadin-siyah-denim-jean-pantolon-43917
Kadın Giyim,Regular Fit   Kadın Mid İndigo Denim Jean Pantolon,1799.9,https://www.colins.com.tr/p/regular-fit-kadin-mid-indigo-denim-jean-pantolon-48224
Kadın Giyim,Regular Fit   Kadın Siyah Jean Pantolon,1799.9,https://www.colins.com.tr/p/regular-fit-kadin-siyah-jean-pantolon-48084
Kadın Giyim,Regular Fit Orta Bel Bootcut Kadın İndigo Denim Jean Pantolon,1199.9,https://www.colins.com.tr/p/regular-fit-orta-bel-bootcut-kadin-indigo-denim-jean-pantolon-43919
Kadın Giyim,Regular Fit   Kadın Koyu İndigo Jean Pantolon,1799.9,https://www.colins.com.tr/p/regular-fit-kadin-koyu-indigo-jean-pantolon-48082
Kadın Giyim,Regular Fit Yüksel Bel Geniş Paça Cepli Kadın Black Black Denim Jean Pantolon,1199.9,https://www.colins.com.tr/p/regular-fit-yuksel-bel-genis-paca-cepli-kadin-black-black-denim-jean-pantolon-36676
Kadın Giyim,Boyfriend Fit Shirt Neck Çizgili Kadın Mavi Uzun Kol Gömlek,899.9,https://www.colins.com.tr/p/boyfriend-fit-shirt-neck-cizgili-kadin-mavi-uzun-kol-gomlek-48257
Kadın Giyim,Boyfriend Fit Shirt Neck Çizgili Kadın Mor Uzun Kol Gömlek,899.9,https://www.colins.com.tr/p/boyfriend-fit-shirt-neck-cizgili-kadin-mor-uzun-kol-gomlek-48969
Kadın Giyim,Boyfriend Fit Shirt Neck Çizgili Kadın Sari Uzun Kol Gömlek,899.9,https://www.colins.com.tr/p/boyfriend-fit-shirt-neck-cizgili-kadin-sari-uzun-kol-gomlek-48970
Kadın Giyim,Boyfriend Fit Shirt Neck Düz Kadın Bej Uzun Kol Gömlek,1299.9,https://www.colins.com.tr/p/boyfriend-fit-shirt-neck-duz-kadin-bej-uzun-kol-gomlek-48259
Kadın Giyim,Boyfriend Fit Shirt Neck Düz Kadın Beyaz Uzun Kol Gömlek,1299.9,https://www.colins.com.tr/p/boyfriend-fit-shirt-neck-duz-kadin-beyaz-uzun-kol-gomlek-48260
Kadın Giyim,Boyfriend Fit Shirt Neck Düz Kadın Kahverengi Uzun Kol Gömlek,1299.9,https://www.colins.com.tr/p/boyfriend-fit-shirt-neck-duz-kadin-kahverengi-uzun-kol-gomlek-48262
Kadın Giyim,Boyfriend Fit Shirt Neck Düz Kadın Pembe Uzun Kol Gömlek,899.9,https://www.colins.com.tr/p/boyfriend-fit-shirt-neck-duz-kadin-pembe-uzun-kol-gomlek-48972
Kadın Giyim,Boyfriend Fit Shirt Neck Düz Kadın Sari Uzun Kol Gömlek,899.9,https://www.colins.com.tr/p/boyfriend-fit-shirt-neck-duz-kadin-sari-uzun-kol-gomlek-48264
Kadın Giyim,Boyfriend Fit Shirt Neck Jakarlı Kadın Beyaz Uzun Kol Gömlek,1799.9,https://www.colins.com.tr/p/boyfriend-fit-shirt-neck-jakarli-kadin-beyaz-uzun-kol-gomlek-49491
Kadın Giyim,Boyfriend Fit Shirt Neck Jakarlı Kadın Mavi Uzun Kol Gömlek,1799.9,https://www.colins.com.tr/p/boyfriend-fit-shirt-neck-jakarli-kadin-mavi-uzun-kol-gomlek-49492
Kadın Giyim,Fashion Fit Hakim Yaka Çizgili Kadın Bej Uzun Kol Gömlek,999.9,https://www.colins.com.tr/p/fashion-fit-hakim-yaka-cizgili-kadin-bej-uzun-kol-gomlek-48391
Kadın Giyim,Fashion Fit Shirt Neck Çizgili Kadın Yeşil Uzun Kol Gömlek,999.9,https://www.colins.com.tr/p/fashion-fit-shirt-neck-cizgili-kadin-yesil-uzun-kol-gomlek-48396
Kadın Giyim,Fashion Fit Shirt Neck Düz Kadın Beyaz Roll-up Gömlek,899.9,https://www.colins.com.tr/p/fashion-fit-shirt-neck-duz-kadin-beyaz-roll-up-gomlek-48987
Kadın Giyim,Fashion Fit Shirt Neck Düz Kadın Pembe ¾ Kol Gömlek,1599.9,https://www.colins.com.tr/p/fashion-fit-shirt-neck-duz-kadin-pembe-kol-gomlek-49493
Kadın Giyim,Fashion Fit Shirt Neck Düz Kadın Turuncu Roll-up Gömlek,899.9,https://www.colins.com.tr/p/fashion-fit-shirt-neck-duz-kadin-turuncu-roll-up-gomlek-48988
Kadın Giyim,Fashion Fit Shirt Neck Düz Kadın Turuncu Uzun Kol Gömlek,1599.9,https://www.colins.com.tr/p/fashion-fit-shirt-neck-duz-kadin-turuncu-uzun-kol-gomlek-49803
Kadın Giyim,Fashion Fit Shirt Neck Düz Kadın Yeşil Roll-up Gömlek,899.9,https://www.colins.com.tr/p/fashion-fit-shirt-neck-duz-kadin-yesil-roll-up-gomlek-48990
Kadın Giyim,Fashion Fit Shirt Neck Düz Kadın Yeşil Uzun Kol Gömlek,1599.9,https://www.colins.com.tr/p/fashion-fit-shirt-neck-duz-kadin-yesil-uzun-kol-gomlek-48401
Kadın Giyim,Fashion Fit Shirt Neck Düz Kadın Yeşil Uzun Kol Gömlek,1599.9,https://www.colins.com.tr/p/fashion-fit-shirt-neck-duz-kadin-yesil-uzun-kol-gomlek-49804
Kadın Giyim,Fashion Fit Shirt Neck Jakarlı Kadın Ekru Uzun Kol Gömlek,999.9,https://www.colins.com.tr/p/fashion-fit-shirt-neck-jakarli-kadin-ekru-uzun-kol-gomlek-48402
Kadın Giyim,Fashion Fit Yuvarlak Yaka Baskılı Kadın Beyaz Uzun Kol Gömlek,999.9,https://www.colins.com.tr/p/fashion-fit-yuvarlak-yaka-baskili-kadin-beyaz-uzun-kol-gomlek-48406
Kadın Giyim,Fashion Fit Yuvarlak Yaka Düz Kadın Sari Uzun Kol Gömlek,999.9,https://www.colins.com.tr/p/fashion-fit-yuvarlak-yaka-duz-kadin-sari-uzun-kol-gomlek-48410
Kadın Giyim,Fashion Fit Yuvarlak Yaka Metraj Baskılı Kadın Pembe Uzun Kol Gömlek,1199.9,https://www.colins.com.tr/p/fashion-fit-yuvarlak-yaka-metraj-baskili-kadin-pembe-uzun-kol-gomlek-48953
Kadın Giyim,Fashion Fit Yuvarlak Yaka Metraj Baskılı Kadın Sari Uzun Kol Gömlek,1199.9,https://www.colins.com.tr/p/fashion-fit-yuvarlak-yaka-metraj-baskili-kadin-sari-uzun-kol-gomlek-48954
Kadın Giyim,Oversize Shirt Neck Çizgili Kadın Mavi Uzun Kol Gömlek,999.9,https://www.colins.com.tr/p/oversize-shirt-neck-cizgili-kadin-mavi-uzun-kol-gomlek-48424
Kadın Giyim,Oversize Shirt Neck Çizgili Kadın Turuncu Uzun Kol Gömlek,999.9,https://www.colins.com.tr/p/oversize-shirt-neck-cizgili-kadin-turuncu-uzun-kol-gomlek-48425
Kadın Giyim,Regular Fit   Kadın Light İndigo Denim  Gömlek,1599.9,https://www.colins.com.tr/p/regular-fit-kadin-light-indigo-denim-gomlek-48223
Kadın Giyim,Regular Fit Shirt Neck Çizgili Kadın Mavi Roll-up Gömlek,899.9,https://www.colins.com.tr/p/regular-fit-shirt-neck-cizgili-kadin-mavi-roll-up-gomlek-49054
Kadın Giyim,Regular Fit Shirt Neck Çizgili Kadın Mavi Uzun Kol Gömlek,999.9,https://www.colins.com.tr/p/regular-fit-shirt-neck-cizgili-kadin-mavi-uzun-kol-gomlek-48478
Kadın Giyim,Regular Fit Shirt Neck Düz Kadın Yeşil Uzun Kol Gömlek,899.9,https://www.colins.com.tr/p/regular-fit-shirt-neck-duz-kadin-yesil-uzun-kol-gomlek-48304
Kadın Giyim,Relaxed Fit   Kadın Beyaz  Gömlek,1299.9,https://www.colins.com.tr/p/relaxed-fit-kadin-beyaz-gomlek-44686
Kadın Giyim,Boyfriend Fit Shirt Neck Düz Kadın Beyaz Uzun Kol Gömlek,799.9,https://www.colins.com.tr/p/boyfriend-fit-shirt-neck-duz-kadin-beyaz-uzun-kol-gomlek-48261
Kadın Giyim,Boyfriend Fit Shirt Neck Düz Kadın Peach Uzun Kol Gömlek,799.9,https://www.colins.com.tr/p/boyfriend-fit-shirt-neck-duz-kadin-peach-uzun-kol-gomlek-48265
Kadın Giyim,Boyfriend Fit Shirt Neck Düz Kadın Pembe Uzun Kol Gömlek,899.9,https://www.colins.com.tr/p/boyfriend-fit-shirt-neck-duz-kadin-pembe-uzun-kol-gomlek-48263
Kadın Giyim,Boyfriend Fit Shirt Neck Düz Kadın Salmon Uzun Kol Gömlek,1299.9,https://www.colins.com.tr/p/boyfriend-fit-shirt-neck-duz-kadin-salmon-uzun-kol-gomlek-48266
Kadın Giyim,Boyfriend Fit Shirt Neck Düz Kadın Yeşil Uzun Kol Gömlek,799.9,https://www.colins.com.tr/p/boyfriend-fit-shirt-neck-duz-kadin-yesil-uzun-kol-gomlek-48267
Kadın Giyim,Regular Fit Shirt Neck Düz Kadın Kahverengi Uzun Kol Gömlek,899.9,https://www.colins.com.tr/p/regular-fit-shirt-neck-duz-kadin-kahverengi-uzun-kol-gomlek-48303
Kadın Giyim,Regular Fit Shirt Neck Puantiyeli Kadın Ekru Uzun Kol Gömlek,999.9,https://www.colins.com.tr/p/regular-fit-shirt-neck-puantiyeli-kadin-ekru-uzun-kol-gomlek-48484
Kadın Giyim,Boyfriend Shirt Neck Nakışlı Kadın Ekru Uzun Kol Gömlek,1299.9,https://www.colins.com.tr/p/boyfriend-shirt-neck-nakisli-kadin-ekru-uzun-kol-gomlek-48382
Kadın Giyim,Fashion Fit Shirt Neck Düz Kadın Mavi Uzun Kol Gömlek,1299.9,https://www.colins.com.tr/p/fashion-fit-shirt-neck-duz-kadin-mavi-uzun-kol-gomlek-48398
Kadın Giyim,Fashion Fit Shirt Neck Nakışlı Kadın Beyaz Uzun Kol Gömlek,1199.9,https://www.colins.com.tr/p/fashion-fit-shirt-neck-nakisli-kadin-beyaz-uzun-kol-gomlek-48405
Kadın Giyim,Regular Fit Shirt Neck Kareli Kadın Lacivert Uzun Kol Gömlek,999.9,https://www.colins.com.tr/p/regular-fit-shirt-neck-kareli-kadin-lacivert-uzun-kol-gomlek-48483
Kadın Giyim,Oversize Fit Klasik Yaka Düz Kadın Grey Denim Uzun Kol Gömlek,1699.9,https://www.colins.com.tr/p/oversize-fit-klasik-yaka-duz-kadin-grey-denim-uzun-kol-gomlek-48221
Kadın Giyim,Boyfriend Shirt Neck Düz Kadın Lacivert Uzun Kol Gömlek,1199.9,https://www.colins.com.tr/p/boyfriend-shirt-neck-duz-kadin-lacivert-uzun-kol-gomlek-48381
Kadın Giyim,Fashion Fit Shirt Neck Düz Kadın Beyaz Uzun Kol Gömlek,1599.9,https://www.colins.com.tr/p/fashion-fit-shirt-neck-duz-kadin-beyaz-uzun-kol-gomlek-48397
Kadın Giyim,Fashion Fit Yuvarlak Yaka Nakışlı Kadın Ekru Uzun Kol Gömlek,999.9,https://www.colins.com.tr/p/fashion-fit-yuvarlak-yaka-nakisli-kadin-ekru-uzun-kol-gomlek-48411
Kadın Giyim,Fashion Fit Yuvarlak Yaka Nakışlı Kadın Ekru Uzun Kol Gömlek,1299.9,https://www.colins.com.tr/p/fashion-fit-yuvarlak-yaka-nakisli-kadin-ekru-uzun-kol-gomlek-48412
Kadın Giyim,Oversize Fit Shirt Neck Çizgili Kadın Pembe Uzun Kol Gömlek,899.9,https://www.colins.com.tr/p/oversize-fit-shirt-neck-cizgili-kadin-pembe-uzun-kol-gomlek-47771
Kadın Giyim,Regular Fit Shirt Neck Düz Kadın Beyaz Uzun Kol Gömlek,1299.9,https://www.colins.com.tr/p/regular-fit-shirt-neck-duz-kadin-beyaz-uzun-kol-gomlek-48479
Kadın Giyim,Regular Fit Hakim Yaka Düz Kadın Beyaz Uzun Kol Gömlek,1299.9,https://www.colins.com.tr/p/regular-fit-hakim-yaka-duz-kadin-beyaz-uzun-kol-gomlek-45382
Kadın Giyim,Boxy Fit Yuvarlak Yaka Baskılı Kadın Bej Kısa Kol Tişört,399.9,https://www.colins.com.tr/p/boxy-fit-yuvarlak-yaka-baskili-kadin-bej-kisa-kol-tisort-48247
Kadın Giyim,Boxy Fit Yuvarlak Yaka Baskılı Kadın Beyaz Kısa Kol Tişört,399.9,https://www.colins.com.tr/p/boxy-fit-yuvarlak-yaka-baskili-kadin-beyaz-kisa-kol-tisort-48248
Kadın Giyim,Boxy Fit Yuvarlak Yaka Baskılı Kadın Beyaz Kısa Kol Tişört,399.9,https://www.colins.com.tr/p/boxy-fit-yuvarlak-yaka-baskili-kadin-beyaz-kisa-kol-tisort-48249
Kadın Jean,Oversize Fit Düğmeli Astarsız  Kadın Ecru Denim Ceket,1899.9,https://www.colins.com.tr/p/oversize-fit-dugmeli-astarsiz-kadin-ecru-denim-ceket-48809
Kadın Jean,Regular Fit Düğmeli Astarsız  Kadın Mid İndigo Denim Ceket,2499.9,https://www.colins.com.tr/p/regular-fit-dugmeli-astarsiz-kadin-mid-indigo-denim-ceket-48225
Kadın Jean,Regular Fit Fermuarlı Astarsız  Kadın Bleach İndigo Denim Ceket,2499.9,https://www.colins.com.tr/p/regular-fit-fermuarli-astarsiz-kadin-bleach-indigo-denim-ceket-48228
Kadın Jean,Regular Fit Düğmeli Astarsız  Kadın Mid İndigo Denim Ceket,1899.9,https://www.colins.com.tr/p/regular-fit-dugmeli-astarsiz-kadin-mid-indigo-denim-ceket-48829
Kadın Jean,Oversize Fit Düğmeli Astarsız  Kadın Light İndigo Denim Ceket,1899.9,https://www.colins.com.tr/p/oversize-fit-dugmeli-astarsiz-kadin-light-indigo-denim-ceket-48810
Kadın Jean,Slim Fit     Kadın Light İndigo Denim Yelek,1599.9,https://www.colins.com.tr/p/slim-fit-kadin-light-indigo-denim-yelek-49361
Kadın Jean,Slim Fit     Kadın Stripe Denim Yelek,1599.9,https://www.colins.com.tr/p/slim-fit-kadin-stripe-denim-yelek-49362
Kadın Jean,Regular Fit     Kadın Mid İndigo Denim Yelek,1499.9,https://www.colins.com.tr/p/regular-fit-kadin-mid-indigo-denim-yelek-48812
Kadın Jean,Loose Fit   Kadın Stripe Denim Jean Pantolon,1799.9,https://www.colins.com.tr/p/loose-fit-kadin-stripe-denim-jean-pantolon-48217
Kadın Jean,Slim Fit   Kadın Mid İndigo Denim Jean Pantolon,1699.9,https://www.colins.com.tr/p/slim-fit-kadin-mid-indigo-denim-jean-pantolon-49440
Kadın Jean,Slim Fit Orta Bel Düz Paça Kadın Mid İndigo Denim Jean Pantolon,1699.9,https://www.colins.com.tr/p/slim-fit-orta-bel-duz-paca-kadin-mid-indigo-denim-jean-pantolon-48771
Kadın Jean,Straight Fit   Kadın Mid İndigo Denim Jean Pantolon,1799.9,https://www.colins.com.tr/p/straight-fit-kadin-mid-indigo-denim-jean-pantolon-49448
Kadın Jean,Loose Fit   Kadın Light İndigo Denim Jean Pantolon,1799.9,https://www.colins.com.tr/p/loose-fit-kadin-light-indigo-denim-jean-pantolon-49402
Kadın Jean,Loose Fit   Kadın Mid İndigo Denim Jean Pantolon,1699.9,https://www.colins.com.tr/p/loose-fit-kadin-mid-indigo-denim-jean-pantolon-48808
Kadın Jean,Regular Fit   Kadın Anthracite Denim Jean Pantolon,1499.9,https://www.colins.com.tr/p/regular-fit-kadin-anthracite-denim-jean-pantolon-48815
Kadın Jean,Regular Fit   Kadın Grey Denim Jean Pantolon,1499.9,https://www.colins.com.tr/p/regular-fit-kadin-grey-denim-jean-pantolon-48858
Kadın Jean,Regular Fit   Kadın Light İndigo Denim Jean Pantolon,1499.9,https://www.colins.com.tr/p/regular-fit-kadin-light-indigo-denim-jean-pantolon-48758
Kadın Jean,Regular Fit   Kadın Light İndigo Denim Jean Pantolon,1699.9,https://www.colins.com.tr/p/regular-fit-kadin-light-indigo-denim-jean-pantolon-48825
Kadın Jean,Regular Fit   Kadın Light İndigo Denim Jean Pantolon,1499.9,https://www.colins.com.tr/p/regular-fit-kadin-light-indigo-denim-jean-pantolon-48826
Kadın Jean,Regular Fit   Kadın Light İndigo Denim Jean Pantolon,1699.9,https://www.colins.com.tr/p/regular-fit-kadin-light-indigo-denim-jean-pantolon-49421
Kadın Jean,Regular Fit   Kadın Over Dyed Denim Jean Pantolon,1899.9,https://www.colins.com.tr/p/regular-fit-kadin-over-dyed-denim-jean-pantolon-48860
Kadın Jean,Regular Fit Orta Bel Bootcut Kadın Grey Denim Jean Pantolon,1799.9,https://www.colins.com.tr/p/regular-fit-orta-bel-bootcut-kadin-grey-denim-jean-pantolon-48831
Kadın Jean,Regular Fit   Kadın Light İndigo Denim Jean Pantolon,1799.9,https://www.colins.com.tr/p/regular-fit-kadin-light-indigo-denim-jean-pantolon-49420
Kadın Jean,Skinny Fit   Kadın Dark İndigo Denim Jean Pantolon,1699.9,https://www.colins.com.tr/p/skinny-fit-kadin-dark-indigo-denim-jean-pantolon-48834
Kadın Jean,Regular Fit   Kadın Black Black Denim Jean Pantolon,1499.9,https://www.colins.com.tr/p/regular-fit-kadin-black-black-denim-jean-pantolon-48817
Kadın Jean,Regular Fit   Kadın Grey Denim Jean Pantolon,1499.9,https://www.colins.com.tr/p/regular-fit-kadin-grey-denim-jean-pantolon-48823
Kadın Jean,Regular Fit   Kadın Gri Jean Pantolon,1499.9,https://www.colins.com.tr/p/regular-fit-kadin-gri-jean-pantolon-47545
Kadın Jean,Regular Fit   Kadın Mid İndigo Denim Jean Pantolon,1499.9,https://www.colins.com.tr/p/regular-fit-kadin-mid-indigo-denim-jean-pantolon-48759
Kadın Jean,Regular Fit Orta Bel Bootcut Kadın Over Dyed Denim Jean Pantolon,1799.9,https://www.colins.com.tr/p/regular-fit-orta-bel-bootcut-kadin-over-dyed-denim-jean-pantolon-48862
Kadın Jean,Straight Fit   Kadın Black Denim Jean Pantolon,1299.9,https://www.colins.com.tr/p/straight-fit-kadin-black-denim-jean-pantolon-48889
Kadın Jean,Regular Fit   Kadın Mid İndigo Denim Jean Pantolon,1799.9,https://www.colins.com.tr/p/regular-fit-kadin-mid-indigo-denim-jean-pantolon-48859
Kadın Jean,Regular Fit   Kadın Green Cast Denim Jean Pantolon,1899.9,https://www.colins.com.tr/p/regular-fit-kadin-green-cast-denim-jean-pantolon-48821
Kadın Jean,Regular Fit   Kadın Anthracite Denim Jean Pantolon,1499.9,https://www.colins.com.tr/p/regular-fit-kadin-anthracite-denim-jean-pantolon-48814
Kadın Jean,Regular Fit   Kadın Mid İndigo Denim Jean Pantolon,1499.9,https://www.colins.com.tr/p/regular-fit-kadin-mid-indigo-denim-jean-pantolon-48827
Kadın Jean,Regular Fit   Kadın İndigo Jean Pantolon,1199.9,https://www.colins.com.tr/p/regular-fit-kadin-mavi-jean-pantolon-47102
Kadın Jean,Regular Fit Orta Bel Bootcut Kadın Lacivert Jean Pantolon,1199.9,https://www.colins.com.tr/p/regular-fit-orta-bel-bootcut-kadin-lacivert-jean-pantolon-47083
Kadın Jean,Slim Fit   Kadın Light İndigo Denim Jean Pantolon,2799.9,https://www.colins.com.tr/p/slim-fit-kadin-light-indigo-denim-jean-pantolon-49363
Kadın Jean,Regular Fit   Kadın Black Black Denim Jean Pantolon,1399.9,https://www.colins.com.tr/p/regular-fit-kadin-black-black-denim-jean-pantolon-48816
Kadın Jean,Skinny Fit   Kadın Lacivert Jean Pantolon,1199.9,https://www.colins.com.tr/p/skinny-fit-yuksel-bel-dar-paca-kadin-lacivert-jean-pantolon-47084
Kadın Jean,Baggy Fit   Kadın Light İndigo Denim Jean Pantolon,1799.9,https://www.colins.com.tr/p/baggy-fit-kadin-light-indigo-denim-jean-pantolon-48694
Kadın Jean,Regular Fit   Kadın İndigo Jean Pantolon,1199.9,https://www.colins.com.tr/p/regular-fit-kadin-mavi-jean-pantolon-47104
Kadın Jean,Straight Fit   Kadın Light İndigo Denim Jean Pantolon,1299.9,https://www.colins.com.tr/p/straight-fit-kadin-light-indigo-denim-jean-pantolon-48236
Kadın Jean,Baggy Fıt Orta Bel Daralan Paça Kadın Light İndigo Denim Jean Pantolon,1799.9,https://www.colins.com.tr/p/baggy-fit-orta-bel-daralan-paca-kadin-light-indigo-denim-jean-pantolon-48696
Kadın Jean,Baggy Fit Orta Bel Daralan Paça Kadın Dark İndigo Denim Jean Pantolon,1799.9,https://www.colins.com.tr/p/baggy-fit-orta-bel-daralan-paca-kadin-dark-indigo-denim-jean-pantolon-48695
Kadın Jean,Mom Fit   Kadın Mid İndigo Denim Jean Pantolon,1699.9,https://www.colins.com.tr/p/mom-fit-kadin-mid-indigo-denim-jean-pantolon-48755
Kadın Jean,Straight Fit   Kadın Dark İndigo Denim Jean Pantolon,1799.9,https://www.colins.com.tr/p/straight-fit-kadin-dark-indigo-denim-jean-pantolon-48837
Kadın Jean,Straight Fit   Kadın Mid İndigo Denim Jean Pantolon,1299.9,https://www.colins.com.tr/p/straight-fit-kadin-mid-indigo-denim-jean-pantolon-48890
Kadın Jean,Slim Fit   Kadın Mid İndigo Denim Jean Pantolon,1699.9,https://www.colins.com.tr/p/slim-fit-kadin-mid-indigo-denim-jean-pantolon-48770
Kadın Jean,Regular Fit   Kadın Light İndigo Denim Jean Pantolon,1699.9,https://www.colins.com.tr/p/regular-fit-kadin-light-indigo-denim-jean-pantolon-48757
Kadın Jean,Loose Fit   Kadın Green Cast Denim Jean Pantolon,1899.9,https://www.colins.com.tr/p/loose-fit-kadin-green-cast-denim-jean-pantolon-48807
Kadın Jean,Slim Fit  Dar Paça Kadın İndigo Jean Pantolon,1199.9,https://www.colins.com.tr/p/slim-fit-dar-paca-kadin-mavi-jean-pantolon-47103
Kadın Jean,Regular Fit Yüksek Bel Geniş Paça Kadın İndigo Jean Pantolon,1299.9,https://www.colins.com.tr/p/regular-fit-yuksek-bel-genis-paca-kadin-indigo-jean-pantolon-46289
Kadın Jean,Straight Fit   Kadın Colour Denim Jean Pantolon,1699.9,https://www.colins.com.tr/p/straight-fit-kadin-colour-denim-jean-pantolon-48774
Kadın Jean,Straight Fit   Kadın Grey Denim Jean Pantolon,1699.9,https://www.colins.com.tr/p/straight-fit-kadin-grey-denim-jean-pantolon-48775
Kadın Jean,Regular Fit   Kadın İndigo Jean Pantolon,1299.9,https://www.colins.com.tr/p/regular-fit-kadin-indigo-jean-pantolon-46287
Kadın Jean,Regular Fit   Kadın Colour Denim Jean Pantolon,1699.9,https://www.colins.com.tr/p/regular-fit-kadin-colour-denim-jean-pantolon-48818
Kadın Jean,Super Slim Fit Yüksek Bel Dar Paça Kadın Siyah Jean Pantolon,1299.9,https://www.colins.com.tr/p/super-slim-fit-yuksek-bel-dar-paca-kadin-siyah-jean-pantolon-26743
Kadın Jean,Slim Fit Orta Bel Düz Paça Kadın Siyah Denim Jean Pantolon,1299.9,https://www.colins.com.tr/p/slim-fit-orta-bel-duz-paca-kadin-siyah-denim-jean-pantolon-43917
Kadın Jean,Regular Fit   Kadın Mid İndigo Denim Jean Pantolon,1799.9,https://www.colins.com.tr/p/regular-fit-kadin-mid-indigo-denim-jean-pantolon-48224
Kadın Jean,Regular Fit   Kadın Siyah Jean Pantolon,1799.9,https://www.colins.com.tr/p/regular-fit-kadin-siyah-jean-pantolon-48084
Kadın Jean,Regular Fit Orta Bel Bootcut Kadın İndigo Denim Jean Pantolon,1199.9,https://www.colins.com.tr/p/regular-fit-orta-bel-bootcut-kadin-indigo-denim-jean-pantolon-43919
Kadın Jean,Regular Fit   Kadın Koyu İndigo Jean Pantolon,1799.9,https://www.colins.com.tr/p/regular-fit-kadin-koyu-indigo-jean-pantolon-48082
Kadın Jean,Regular Fit Yüksel Bel Geniş Paça Cepli Kadın Black Black Denim Jean Pantolon,1199.9,https://www.colins.com.tr/p/regular-fit-yuksel-bel-genis-paca-cepli-kadin-black-black-denim-jean-pantolon-36676
Kadın Jean,Regular Fit   Kadın Light İndigo Denim  Gömlek,1599.9,https://www.colins.com.tr/p/regular-fit-kadin-light-indigo-denim-gomlek-48223
Kadın Jean,Oversize Fit Klasik Yaka Düz Kadın Grey Denim Uzun Kol Gömlek,1699.9,https://www.colins.com.tr/p/oversize-fit-klasik-yaka-duz-kadin-grey-denim-uzun-kol-gomlek-48221
Kadın Jean,Regular Fit Düz Kadın Colour Denim Kısa Kol Elbise,2499.9,https://www.colins.com.tr/p/regular-fit-duz-kadin-colour-denim-kisa-kol-elbise-49352
Kadın Jean,Regular Fit Düz Kadın Light İndigo Denim Askılı Elbise,2499.9,https://www.colins.com.tr/p/regular-fit-duz-kadin-light-indigo-denim-askili-elbise-49353
Kadın Jean,Regular Fit Düz Kadın Light İndigo Denim Kısa Kol Elbise,2499.9,https://www.colins.com.tr/p/regular-fit-duz-kadin-light-indigo-denim-kisa-kol-elbise-49354
Kadın Jean,Regular Fit Düz Kadın Dark İndigo Denim Kısa Kol Elbise,2499.9,https://www.colins.com.tr/p/regular-fit-duz-kadin-dark-indigo-denim-kisa-kol-elbise-48227
Kadın Jean,Regular Fit Düz Fermuarlı Kadın Bleach İndigo Denim Etek,1499.9,https://www.colins.com.tr/p/regular-fit-duz-fermuarli-kadin-bleach-indigo-denim-etek-49647
Kadın Jean,Regular Fit Düz Fermuarlı Kadın Light İndigo Denim Etek,1499.9,https://www.colins.com.tr/p/regular-fit-duz-fermuarli-kadin-light-indigo-denim-etek-49427
Kadın Jean,Slim Fit Düz Fermuarlı Kadın Denim Etek,1499.9,https://www.colins.com.tr/p/slim-fit-duz-fermuarli-kadin-denim-etek-49441
Kadın Jean,Slim Fit Düz Fermuarlı Kadın Light İndigo Denim Etek,1399.9,https://www.colins.com.tr/p/slim-fit-duz-fermuarli-kadin-light-indigo-denim-etek-49442
Kadın Jean,Slim Fit Düz Düğmeli Kadın Mid İndigo Denim Etek,1499.9,https://www.colins.com.tr/p/slim-fit-duz-dugmeli-kadin-mid-indigo-denim-etek-48835
Kadın Jean,Slim Fit Jakarlı Fermuarlı Kadın Mid İndigo Denim Etek,1399.9,https://www.colins.com.tr/p/slim-fit-jakarli-fermuarli-kadin-mid-indigo-denim-etek-48234
Kadın Jean,Mom Fit Orta Bel Düz Kadın Light İndigo Denim Jean Şort,1299.9,https://www.colins.com.tr/p/mom-fit-orta-bel-duz-kadin-light-indigo-denim-jean-sort-49409
Kadın Jean,Mom Fit Yüksel Bel Düz Kadın Bleach İndigo Denim Jean Şort,1299.9,https://www.colins.com.tr/p/mom-fit-yuksel-bel-duz-kadin-bleach-indigo-denim-jean-sort-49410
Kadın Jean,Mom Fit Yüksel Bel Düz Kadın Grey Denim Jean Şort,1199.9,https://www.colins.com.tr/p/mom-fit-yuksel-bel-duz-kadin-grey-denim-jean-sort-49411
Kadın Jean,Mom Fit Yüksel Bel Düz Kadın Stripe Denim Jean Şort,1299.9,https://www.colins.com.tr/p/mom-fit-yuksel-bel-duz-kadin-stripe-denim-jean-sort-49343
Kadın Jean,Regular Fit Orta Bel Çizgili Kadın Stripe Denim Jean Şort,1299.9,https://www.colins.com.tr/p/regular-fit-orta-bel-cizgili-kadin-stripe-denim-jean-sort-48232
Kadın Jean,Regular Fit Yüksel Bel Düz Kadın Light İndigo Denim Jean Şort,1299.9,https://www.colins.com.tr/p/regular-fit-yuksel-bel-duz-kadin-light-indigo-denim-jean-sort-49434
Kadın Jean,Regular Fit Yüksel Bel Düz Kadın Light İndigo Denim Jean Şort,1299.9,https://www.colins.com.tr/p/regular-fit-yuksel-bel-duz-kadin-light-indigo-denim-jean-sort-49435
Kadın Jean,Slim Fit Yüksel Bel Düz Kadın Mid İndigo Denim Jean Şort,1299.9,https://www.colins.com.tr/p/slim-fit-yuksel-bel-duz-kadin-mid-indigo-denim-jean-sort-48836
Kadın Jean,Regular Fit Yüksel Bel Düz Kadın Mid İndigo Denim Jean Şort,1299.9,https://www.colins.com.tr/p/regular-fit-yuksel-bel-duz-kadin-mid-indigo-denim-jean-sort-48833
Kadın Jean,Oversize Fit   Kadın Stripe Denim Shacket,1799.9,https://www.colins.com.tr/p/oversize-fit-kadin-stripe-denim-shacket-48219
Kadın Jean,Regular Fit   Kadın Colour Denim Shacket,1799.9,https://www.colins.com.tr/p/regular-fit-kadin-colour-denim-shacket-48819
Kadın Jean,Regular Fit   Kadın Mid İndigo Denim Shacket,1799.9,https://www.colins.com.tr/p/regular-fit-kadin-mid-indigo-denim-shacket-48828
Kadın Jean,Slim Fit Klasik Yaka Düz Kadın Light İndigo Denim Shacket,1899.9,https://www.colins.com.tr/p/slim-fit-klasik-yaka-duz-kadin-light-indigo-denim-shacket-48235
Kadın Jean,Oversize Fit Klasik Yaka Düz Kadın Colour Denim Kısa Kol Gömlek,1399.9,https://www.colins.com.tr/p/oversize-fit-klasik-yaka-duz-kadin-colour-denim-kisa-kol-gomlek-49347
Kadın Jean,Regular Fit   Kadın Grey Denim Jean Pantolon,1299.95,https://www.colins.com.tr/p/regular-fit-kadin-grey-denim-jean-pantolon-48822
Kadın Jean,Regular Fit   Kadın Light İndigo Denim Jean Pantolon,1499.95,https://www.colins.com.tr/p/regular-fit-kadin-light-indigo-denim-jean-pantolon-48824
Kadın Jean,Loose Fit   Kadın Dark İndigo Denim Jean Pantolon,1299.95,https://www.colins.com.tr/p/loose-fit-kadin-dark-indigo-denim-jean-pantolon-48806
Kadın Jean,Regular Fit Kadın Light İndigo Denim Pantolon,1299.95,https://www.colins.com.tr/p/regular-fit-kadin-light-indigo-denim-jean-pantolon-48813
Kadın Jean,Regular Fit   Kadın Dark İndigo Denim Jean Pantolon,1299.95,https://www.colins.com.tr/p/regular-fit-kadin-dark-indigo-denim-jean-pantolon-48820
Kadın Jean,Straight Fit Orta Bel Düz Paça Kadın İndigo Jean Pantolon,1299.95,https://www.colins.com.tr/p/straight-fit-orta-bel-duz-paca-kadin-indigo-jean-pantolon-48088
Kadın Jean,Mom Fit   Kadın Mid İndigo Denim Jean Pantolon,1299.95,https://www.colins.com.tr/p/mom-fit-kadin-mid-indigo-denim-jean-pantolon-48756
Kadın Jean,Mom Fit   Kadın Siyah Jean Pantolon,1299.95,https://www.colins.com.tr/p/mom-fit-kadin-siyah-jean-pantolon-48036
Kadın Jean,Straight Fit   Kadın İndigo Jean Pantolon,1499.95,https://www.colins.com.tr/p/straight-fit-kadin-indigo-jean-pantolon-48035
Kadın Jean,Straight Fit   Kadın Siyah Jean Pantolon,1299.95,https://www.colins.com.tr/p/straight-fit-kadin-siyah-jean-pantolon-48087
Kadın Jean,Straight Fit Orta Bel Tam Boy Paça Kadın İndigo Jean Pantolon,1199.95,https://www.colins.com.tr/p/straight-fit-orta-bel-tam-boy-paca-kadin-mavi-jean-pantolon-47101
Kadın Jean,Slim Fit   Kadın İndigo Jean Pantolon,1299.95,https://www.colins.com.tr/p/slim-fit-kadin-indigo-jean-pantolon-48086
Kadın Jean,Regular Fit   Kadın Açik İndigo Jean Pantolon,1299.95,https://www.colins.com.tr/p/regular-fit-kadin-acik-indigo-jean-pantolon-48079
Kadın Jean,Slim Fit   Kadın Grey Denim Jean Pantolon,1499.95,https://www.colins.com.tr/p/slim-fit-kadin-grey-denim-jean-pantolon-48877
Kadın Jean,Loose Fit   Kadın Siyah Jean Pantolon,1499.95,https://www.colins.com.tr/p/loose-fit-kadin-siyah-jean-pantolon-48015
Kadın Jean,Regular Fit   Kadın İndigo Jean Pantolon,1299.95,https://www.colins.com.tr/p/regular-fit-kadin-mavi-jean-pantolon-47543
Kadın Jean,Regular Fit   Kadın Siyah Jean Pantolon,1499.95,https://www.colins.com.tr/p/regular-fit-kadin-siyah-jean-pantolon-48007
Kadın Jean,Skinny Fit Yüksel Bel Dar Paça Kadın İndigo Denim Jean Pantolon,999.95,https://www.colins.com.tr/p/skinny-fit-yuksek-bel-dar-paca-kadin-indigo-denim-jean-pantolon-43920
Kadın Jean,Super Slim Fit Orta Bel Süper Dar Paça Kadın Siyah Jean Pantolon,999.95,https://www.colins.com.tr/p/super-slim-fit-orta-bel-super-dar-paca-kadin-siyah-jean-pantolon-15271
Kadın Jean,Regular Fit Yüksel Bel Geniş Paça Kadın Koyu İndigo Jean Pantolon,999.95,https://www.colins.com.tr/p/regular-fit-yuksel-bel-genis-paca-kadin-koyu-mavi-jean-pantolon-47076
Kadın Jean,Mom Fit   Kadın Koyu İndigo Jean Pantolon,1299.95,https://www.colins.com.tr/p/mom-fit-kadin-koyu-indigo-jean-pantolon-48071
Kadın Jean,Regular Fit Yüksel Bel Geniş Paça Kadın İndigo Jean Pantolon,1499.95,https://www.colins.com.tr/p/regular-fit-yuksel-bel-genis-paca-kadin-indigo-jean-pantolon-48085
Kadın Jean,Super Slim Fit Orta Bel Dar Paça Kadın Koyu İndigo Jean Pantolon,999.95,https://www.colins.com.tr/p/super-slim-fit-orta-bel-dar-paca-kadin-koyu-indigo-jean-pantolon-28088
Kadın Jean,Regular Fit Klasik Yaka Düz Kadın Koyu Mavi Uzun Kol Gömlek,1299.95,https://www.colins.com.tr/p/regular-fit-klasik-yaka-duz-kadin-koyu-mavi-uzun-kol-gomlek-48028
Kadın Jean,Slim Fit Düz Kadın Koyu Mavi Kısa Kol Elbise,1799.95,https://www.colins.com.tr/p/slim-fit-duz-kadin-dark-indigo-denim-kisa-kol-elbise-47930
Kadın Jean,Oversize Fit Düğmeli Astarsız  Kadın Beyaz Ceket,1299.99,https://www.colins.com.tr/p/oversize-fit-dugmeli-astarsiz-kadin-beyaz-ceket-44917
Kadın Jean,Oversize Fit Düğmeli Astarsız  Kadın Denim Ceket,1299.99,https://www.colins.com.tr/p/oversize-fit-dugmeli-astarsiz-kadin-denim-ceket-44912
Kadın Jean,Regular Fit Pamuklu Kadın Mavi Ceket,1299.99,https://www.colins.com.tr/p/regular-fit-pamuklu-kadin-mavi-ceket-43272
Kadın Jean,Regular Fit Düğmeli Astarsız  Kadın Mavi Ceket,999.99,https://www.colins.com.tr/p/regular-fit-dugmeli-astarsiz-kadin-mavi-ceket-42820
Kadın Jean,Slim Fit    Kadın Koyu Mavi Ceket,1299.99,https://www.colins.com.tr/p/slim-fit-kadin-koyu-mavi-ceket-43386
Kadın Jean,Oversize Fit Fermuarlı Astarsız  Kadın Mavi Ceket,1299.99,https://www.colins.com.tr/p/oversize-fit-fermuarli-astarsiz-kadin-mavi-ceket-44914
Kadın Jean,Regular Fit Düğmeli Astarsız  Kadın Mavi Ceket,999.99,https://www.colins.com.tr/p/regular-fit-dugmeli-astarsiz-kadin-mavi-ceket-41251
Kadın Jean,Regular Fit Düğmeli Astarsız  Kadın Mavi Ceket,899.95,https://www.colins.com.tr/p/regular-fit-dugmeli-astarsiz-kadin-mavi-ceket-44915
Kadın Jean,Regular Fit Düğmeli Astarsız Kadın Mavi Ceket,999.99,https://www.colins.com.tr/p/regular-fit-dugmeli-astarsiz-kadin-mavi-ceket-42819
Kadın Jean,Slim Fit Düğmeli Astarsız  Kadın Mavi Ceket,999.99,https://www.colins.com.tr/p/slim-fit-dugmeli-astarsiz-kadin-mavi-ceket-42145
Kadın Jean,Regular Fit    Kadın Siyah Ceket,999.95,https://www.colins.com.tr/p/regular-fit-kadin-siyah-ceket-44916
Kadın Jean,Regular Fit    Kadın Mavi Ceket,999.99,https://www.colins.com.tr/p/regular-fit-fermuarli-astarsiz-kadin-mavi-ceket-44158
Kadın Jean,Regular Fit    Kadın Siyah Ceket,1299.99,https://www.colins.com.tr/p/regular-fit-kadin-siyah-ceket-44238
Kadın Jean,Slim Fit     Kadın Denim Yelek,799.99,https://www.colins.com.tr/p/slim-fit-kadin-denim-yelek-46418
Kadın Jean,Slim Fit     Kadın Mavi Yelek,899.95,https://www.colins.com.tr/p/slim-fit-kadin-mavi-yelek-45759
Kadın Jean,Regular Fit     Kadın Mavi Yelek,599.99,https://www.colins.com.tr/p/regular-fit-kadin-mavi-yelek-42854
Kadın Jean,Slim Fit     Kadın Mavi Yelek,799.99,https://www.colins.com.tr/p/slim-fit-kadin-mavi-yelek-46043
Kadın Jean,Barrel Fit   Kadın İndigo Jean Pantolon,799.99,https://www.colins.com.tr/p/barrel-fit-kadin-indigo-jean-pantolon-46403
Kadın Jean,Regular Fit   Kadın Siyah Jean Pantolon,599.99,https://www.colins.com.tr/p/regular-fit-kadin-siyah-jean-pantolon-44346
Kadın Jean,Regular Fit   Kadın Siyah Jean Pantolon,1199.95,https://www.colins.com.tr/p/regular-fit-kadin-siyah-jean-pantolon-44938
Kadın Jean,Regular Fit Kadın Colour Denim Fermuarlı Jean Pantolon,999.99,https://www.colins.com.tr/p/regular-fit-kadin-colour-denim-fermuarli-jean-pantalon-44872
Kadın Jean,Regular Fit Yüksel Bel Geniş Paça Cepli Kadın İndigo Denim Jean Pantolon,499.99,https://www.colins.com.tr/p/regular-fit-yuksek-bel-genis-paca-cepli-kadin-indigo-denim-jean-pantolon-41162
Kadın Jean,Regular Fit Yüksel Bel Geniş Paça Kadın Metalik Desenli Denim Jean Pantolon,599.99,https://www.colins.com.tr/p/regular-fit-yuksek-bel-genis-paca-kadin-metalik-desenli-denim-jean-pantolon-43516
Kadın Jean,Straight Fit   Kadın İndigo Jean Pantolon,999.99,https://www.colins.com.tr/p/straight-fit-kadin-mavi-jean-pantolon-45992
Kadın Jean,Straight Fit Orta Bel Düz Paça Kadın İndigo Jean Pantolon,799.99,https://www.colins.com.tr/p/straight-fit-orta-bel-duz-paca-kadin-indigo-jean-pantolon-45899
Kadın Jean,Cargo Fit Yüksek Bel Daralan Paça Kadın Beyaz Jean Pantolon,599.99,https://www.colins.com.tr/p/cargo-fit-yuksek-bel-daralan-paca-kadin-beyaz-jean-pantolon-42860
Kadın Jean,Balloon Fit Yüksel Bel Daralan Paça Kadın Siyah Jean Pantolon,799.99,https://www.colins.com.tr/p/balloon-fit-yuksel-bel-daralan-paca-kadin-siyah-jean-pantolon-46301
Kadın Jean,Straight Fit   Kadın İndigo Jean Pantolon,1149.95,https://www.colins.com.tr/p/straight-fit-kadin-indigo-jean-pantolon-46454
Kadın Jean,Straight Fit Yüksek Bel Düz Paça Kadın İndigo Jean Pantolon,799.99,https://www.colins.com.tr/p/straight-fit-yuksek-bel-duz-paca-kadin-indigo-jean-pantolon-45741
Kadın Jean,Slim Fit   Kadın Denim Jean Pantolon,599.99,https://www.colins.com.tr/p/slim-fit-kadin-denim-jean-pantolon-44260
Kadın Jean,Regular Fit   Kadın İndigo Jean Pantolon,599.99,https://www.colins.com.tr/p/regular-fit-kadin-indigo-jean-pantolon-43033
Kadın Jean,Cargo Fit Yüksek Bel Daralan Paça Kadın İndigo Jean Pantolon,599.99,https://www.colins.com.tr/p/cargo-fit-yuksek-bel-daralan-paca-kadin-indigo-jean-pantolon-42967
Kadın Jean,Mom Fit  Daralan Paça Kadın İndigo Jean Pantolon,599.99,https://www.colins.com.tr/p/mom-fit-daralan-paca-kadin-indigo-jean-pantolon-43015
Kadın Jean,Regular Fit Orta Bel Bootcut Kadın İndigo Jean Pantolon,799.99,https://www.colins.com.tr/p/regular-fit-orta-bel-bootcut-kadin-indigo-jean-pantolon-46395
Kadın Jean,Straight Fit Yüksek Bel Düz Paça Kadın Denim Jean Fermuarlı Pantolon,599.99,https://www.colins.com.tr/p/straight-fit-yuksek-bel-duz-paca-kadin-denim-jean-fermuarli-pantolon-43915
Kadın Jean,Straight Fit Yüksek Bel Düz Paça Kadın Lacivert Jean Pantolon,599.99,https://www.colins.com.tr/p/straight-fit-yuksek-bel-duz-paca-kadin-lacivert-jean-pantolon-43496
Kadın Jean,Loose Fit   Kadın Gri Jean Pantolon,999.99,https://www.colins.com.tr/p/loose-fit-kadin-gri-jean-pantolon-46446
Kadın Jean,Straight Fit Yüksek Bel Düz Paça Kadın İndigo Denim Jean Pantolon,599.99,https://www.colins.com.tr/p/straight-fit-yuksek-bel-duz-paca-kadin-indigo-denim-jean-pantolon-43009
Kadın Jean,Regular Fit Yüksek Bel Geniş Paça Kadın İndigo Jean Pantolon,999.99,https://www.colins.com.tr/p/regular-fit-yuksek-bel-genis-paca-kadin-indigo-jean-pantolon-44873
Kadın Jean,Straight Fit   Kadın İndigo Jean Pantolon,999.99,https://www.colins.com.tr/p/straight-fit-kadin-koyu-mavi-jean-pantolon-46300
Kadın Jean,Cargo Fit Orta Bel Daralan Paça Kadın Denim Jean Pantolon,599.99,https://www.colins.com.tr/p/cargo-fit-orta-bel-daralan-paca-kadin-denim-jean-pantolon-41472
Kadın Jean,Loose Fit Orta Bel Düz Paça Kadın İndigo Jean Pantolon,999.99,https://www.colins.com.tr/p/loose-fit-orta-bel-duz-paca-kadin-indigo-jean-pantolon-45764
Kadın Jean,Regular Fit   Kadın Denim Jean Pantolon,999.99,https://www.colins.com.tr/p/regular-fit-kadin-denim-jean-pantolon-46047
Kadın Jean,Straight Fit Yüksel Bel Düz Paça Kadın İndigo Jean Pantolon,799.99,https://www.colins.com.tr/p/straight-fit-yuksel-bel-duz-paca-kadin-mavi-jean-pantolon-46150
Kadın Jean,Loose Fit   Kadın İndigo Jean Pantolon,999.99,https://www.colins.com.tr/p/loose-fit-kadin-mavi-jean-pantolon-46456
Kadın Jean,Regular Fit Kadın Pamuklu Light İndigo Denim Jean Pantolon,799.99,https://www.colins.com.tr/p/regular-fit-kadin-pamuklu-light-indigo-denim-jean-pantolon-46420
Kadın Jean,Regular Fit Yüksek Bel Geniş Paça Kadın İndigo Jean Pantolon,799.99,https://www.colins.com.tr/p/regular-fit-yuksek-bel-genis-paca-kadin-indigo-jean-pantolon-45775
Kadın Jean,Straight Fit   Kadın Denim Jean Pantolon,999.99,https://www.colins.com.tr/p/straight-fit-kadin-denim-jean-pantolon-46208
Kadın Jean,Straight Fit Kadın Light İndigo Denim Jean Fermuarlı Pantolon,799.99,https://www.colins.com.tr/p/straight-fit-kadin-light-indigo-denim-jean-fermuarli-pantolon-46216
Kadın Jean,Regular Fit   Kadın İndigo Jean Pantolon,999.99,https://www.colins.com.tr/p/regular-fit-kadin-indigo-jean-pantolon-46364
Kadın Jean,Regular Fit Yüksel Bel Geniş Paça Kadın Siyah Jean Pantolon,999.99,https://www.colins.com.tr/p/regular-fit-yuksel-bel-genis-paca-kadin-siyah-jean-pantolon-46207
Kadın Jean,Skinny Fit Orta Bel Dar Paça Kadın Siyah Denim Jean Pantolon,599.99,https://www.colins.com.tr/p/skinny-fit-orta-bel-dar-paca-kadin-siyah-denim-jean-pantolon-41304
Kadın Jean,Regular Fit   Kadın İndigo Jean Pantolon,799.99,https://www.colins.com.tr/p/regular-fit-kadin-indigo-jean-pantolon-46042
Kadın Jean,Regular Fit Kadın Pamuklu Fermuarlı Mid İndigo Denim Jean Pantolon,799.99,https://www.colins.com.tr/p/regular-fit-kadin-pamuklu-fermuarli-mid-indigo-denim-jean-pantolon-45812
Kadın Jean,Straight Fit Kadın İndigo Denim Jean Pantolon,599.99,https://www.colins.com.tr/p/straight-fit-kadin-indigo-denim-jean-pantolon-44145
Kadın Jean,Straight Fit Yüksek Bel Düz Paça Kadın Light İndigo Denim Jean Fermuarlı Pantolon,799.99,https://www.colins.com.tr/p/straight-fit-yuksek-bel-duz-paca-kadin-light-indigo-denim-jean-fermuarli-pantolon-46024
Kadın Jean,Barrel Fit Kadın Light İndigo Fermuarlı Denim Jean Pantolon,799.99,https://www.colins.com.tr/p/barrel-fit-kadin-light-indigo-fermuarli-denim-jean-pantolon-45686
Kadın Jean,Regular Fit Yüksel Bel Geniş Paça Kadın Denim Jean Pantolon,799.99,https://www.colins.com.tr/p/regular-fit-yuksel-bel-genis-paca-kadin-denim-jean-pantolon-44958
Kadın Jean,Regular Fit Kadın Beyaz Jean Tulum,599.99,https://www.colins.com.tr/p/regular-fit-kadin-beyaz-jean-tulum-42859
Kadın Jean,Regular Fit   Kadın Pembe Jean Pantolon,599.99,https://www.colins.com.tr/p/regular-fit-kadin-pembe-jean-pantolon-44574
Kadın Jean,Regular Fit Yüksek Bel Geniş Paça Kadın Gri Jean Pantolon,799.99,https://www.colins.com.tr/p/regular-fit-yuksek-bel-genis-paca-kadin-gri-jean-pantolon-45811
Kadın Jean,Regular Fit Yüksel Bel Geniş Paça Kadın Denim Jean Pantolon,999.99,https://www.colins.com.tr/p/regular-fit-yuksel-bel-genis-paca-kadin-denim-jean-pantolon-46117
Kadın Jean,Slim Fit Kadın Light İndigo Denim Jean Pantolon,799.99,https://www.colins.com.tr/p/slim-fit-kadin-light-indigo-denim-jean-pantolon-46288
Kadın Jean,Straight Fit Yüksek Bel Düz Paça Kadın Light İndigo Denim Jean Fermuarlı Pantolon,799.99,https://www.colins.com.tr/p/straight-fit-yuksek-bel-duz-paca-kadin-light-indigo-denim-jean-fermuarli-pantolon-46115
Kadın Jean,Regular Fit   Kadın İndigo Jean Pantolon,599.99,https://www.colins.com.tr/p/regular-fit-kadin-indigo-jean-pantolon-43499
Kadın Jean,Regular Fit Yüksek Bel Geniş Paça Cepli Kadın Light Indigo Denim Jean Pantolon,799.99,https://www.colins.com.tr/p/regular-fit-yuksel-bel-genis-paca-cepli-kadin-light-indigo-denim-jean-pantolon-46118
Kadın Jean,Regular Fit Yüksel Bel Geniş Paça Kadın Siyah Jean Pantolon,999.99,https://www.colins.com.tr/p/regular-fit-yuksel-bel-genis-paca-kadin-siyah-jean-pantolon-46206
Kadın Jean,Baggy Fit   Kadın İndigo Jean Pantolon,999.99,https://www.colins.com.tr/p/baggy-fit-kadin-indigo-jean-pantolon-46455
Kadın Jean,Mom Fit Yüksek Bel Daralan Paça Kadın Açik İndigo Jean Pantolon,799.99,https://www.colins.com.tr/p/mom-fit-yuksek-bel-daralan-paca-kadin-acik-indigo-jean-pantolon-46022
Kadın Jean,Regular Fit   Kadın Açik İndigo Jean Pantolon,799.99,https://www.colins.com.tr/p/regular-fit-kadin-acik-mavi-jean-pantolon-46151
Kadın Jean,Slim Fit   Kadın Denim Jean Pantolon,599.99,https://www.colins.com.tr/p/slim-fit-kadin-denim-jean-pantolon-41296
Kadın Jean,Slim Fit   Kadın Denim Jean Pantolon,799.99,https://www.colins.com.tr/p/slim-fit-kadin-denim-jean-pantolon-46299
Kadın Jean,Straight Fit   Kadın İndigo Jean Pantolon,799.99,https://www.colins.com.tr/p/straight-fit-kadin-indigo-jean-pantolon-46122
Kadın Jean,Slim Fit Fermuarlı Kadın Black Denim Jean Pantolon,799.95,https://www.colins.com.tr/p/slim-fit-fermuarli-kadin-black-denim-jean-pantolon-46112
Kadın Jean,Straight Fit Yüksel Bel Düz Paça Kadın İndigo Jean Pantolon,799.99,https://www.colins.com.tr/p/straight-fit-yuksel-bel-duz-paca-kadin-mavi-jean-pantolon-44029
Kadın Jean,Balloon Fit Yüksel Bel Daralan Paça Kadın Denim Jean Pantolon,799.99,https://www.colins.com.tr/p/balloon-fit-yuksel-bel-daralan-paca-kadin-denim-jean-pantolon-46123
Kadın Jean,Boyfriend Fit Orta Bel Daralan Paça Kadın İndigo Jean Pantolon,799.99,https://www.colins.com.tr/p/boyfriend-fit-orta-bel-daralan-paca-kadin-mavi-jean-pantolon-46218
Kadın Jean,Regular Fit   Kadın İndigo Jean Pantolon,599.99,https://www.colins.com.tr/p/regular-fit-kadin-indigo-jean-pantolon-47688
Kadın Jean,Regular Fit Kadın İndigo Jean Tulum,499.99,https://www.colins.com.tr/p/regular-fit-kadin-indigo-jean-tulum-38675
Kadın Jean,Regular Fit Yüksel Bel Geniş Paça Kadın Denim Jean Pantolon,999.99,https://www.colins.com.tr/p/regular-fit-yuksel-bel-genis-paca-kadin-denim-jean-pantolon-46219
Kadın Jean,Skinny Fit   Kadın İndigo Jean Pantolon,599.99,https://www.colins.com.tr/p/skinny-fit-kadin-indigo-jean-pantolon-43136
Kadın Jean,Skinny Fit Cepli Kadın Mid Indigo Denim Jean Pantolon,799.99,https://www.colins.com.tr/p/skinny-fit-cepli-kadin-mid-indigo-denim-jean-pantolon-46125
Kadın Jean,Slim Fit   Kadın Siyah Jean Pantolon,599.99,https://www.colins.com.tr/p/slim-fit-kadin-siyah-jean-pantolon-43509
Kadın Jean,Regular Fit Yüksek Bel Geniş Paça Kadın Pamuk Light Indigo Denim Jean Pantolon,999.99,https://www.colins.com.tr/p/regular-fit-yuksel-bel-genis-paca-kadin-pamuk-light-indigo-denim-jean-pantolon-46453
Kadın Jean,Straight Fit   Kadın İndigo Jean Pantolon,999.99,https://www.colins.com.tr/p/straight-fit-kadin-mavi-jean-pantolon-44887
Kadın Jean,Straight Fit Yüksek Bel Tam Boy Paça Kadın İndigo Jean Pantolon,599.99,https://www.colins.com.tr/p/straight-fit-yuksek-bel-tam-boy-paca-kadin-indigo-jean-pantolon-42278
Kadın Jean,Straight Fit Kadın Mid İndigo Denim Jean Pantolon,599.99,https://www.colins.com.tr/p/straight-fit-kadin-mid-indigo-denim-jean-pantolon-43799
Kadın Jean,Straight Fit Pamuklu Kadın Denim Jean Pantolon,599.99,https://www.colins.com.tr/p/straight-fit-pamuklu-kadin-denim-jean-pantolon-43510
Kadın Jean,Super Slim Fit Orta Bel Süper Dar Paça Kadın İndigo Jean Pantolon,799.99,https://www.colins.com.tr/p/super-slim-fit-orta-bel-super-dar-paca-kadin-indigo-jean-pantolon-28089
Kadın Jean,Regular Fit   Kadın Denim Jean Pantolon,999.99,https://www.colins.com.tr/p/regular-fit-kadin-denim-jean-pantolon-46152
Kadın Jean,Regular Fit Kadın İndigo Taş Detaylı Jean Pantolon,599.99,https://www.colins.com.tr/p/regular-fit-kadin-indigo-tas-detayli-jean-pantolon-43498
Kadın Jean,Skinny Fit Orta Bel Dar Paça Kadın Denim Jean Pantolon,599.99,https://www.colins.com.tr/p/skinny-fit-orta-bel-dar-paca-kadin-denim-jean-pantolon-44262
Kadın Jean,Regular Fit   Kadın Denim Jean Pantolon,599.99,https://www.colins.com.tr/p/regular-fit-kadin-denim-jean-pantolon-43270
Kadın Jean,Skinny Fit Kadın Pamuk İndigo Jean Pantolon,599.99,https://www.colins.com.tr/p/skinny-fit-kadin-pamuk-indigo-jean-pantolon-44264
Kadın Jean,Regular Fit   Kadın İndigo Jean Pantolon,999.99,https://www.colins.com.tr/p/regular-fit-kadin-mavi-jean-pantolon-45994
Kadın Jean,Skinny Fit   Kadın İndigo Jean Pantolon,799.99,https://www.colins.com.tr/p/skinny-fit-kadin-mavi-jean-pantolon-45693
Kadın Jean,Skinny Fit Yüksel Bel Süper Dar Paça Cepli Kadın İndigo Jean Pantolon,599.99,https://www.colins.com.tr/p/skinny-fit-yuksek-bel-super-dar-paca-cepli-kadin-indigo-jean-pantolon-42273
Kadın Jean,Regular Fit Yüksel Bel Geniş Paça Kadın İndigo Jean Pantolon,999.99,https://www.colins.com.tr/p/regular-fit-yuksel-bel-genis-paca-kadin-indigo-jean-pantolon-46058
Kadın Jean,Mom Fit Orta Bel Daralan Paça Kadın Denim Jean Pantolon,599.99,https://www.colins.com.tr/p/mom-fit-orta-bel-daralan-paca-kadin-denim-jean-pantolon-41684
Kadın Jean,Skinny Fit   Kadın İndigo Jean Pantolon,799.99,https://www.colins.com.tr/p/skinny-fit-kadin-mavi-jean-pantolon-46103
Kadın Jean,Skinny Fit Orta Bel Dar Paça Kadın Siyah Jean Pantolon,799.99,https://www.colins.com.tr/p/skinny-fit-orta-bel-dar-paca-kadin-siyah-jean-pantolon-46148
Kadın Jean,Slim Fit Orta Bel Düz Paça Kadın İndigo Jean Pantolon,799.99,https://www.colins.com.tr/p/slim-fit-orta-bel-duz-paca-kadin-mavi-jean-pantolon-46083
Kadın Jean,Skinny Fit Yüksek Bel Dar Paça Kadın Denim Jean Pantolon,499.99,https://www.colins.com.tr/p/skinny-fit-yuksek-bel-dar-paca-kadin-denim-jean-pantolon-40966
Kadın Jean,Regular Fit Yüksek Bel Yırtmaçlı Paça Kadın İndigo Jean Pantolon,499.99,https://www.colins.com.tr/p/regular-fit-yuksek-bel-yirtmacli-paca-kadin-indigo-jean-pantolon-40967
Kadın Jean,Skinny Fit   Kadın İndigo Jean Pantolon,999.99,https://www.colins.com.tr/p/skinny-fit-kadin-mavi-jean-pantolon-46147
Kadın Jean,Slim Fit Orta Bel Daralan Paça Kadın Denim Jean Pantolon,499.99,https://www.colins.com.tr/p/slim-fit-orta-bel-daralan-paca-kadin-denim-jean-pantolon-39223
Kadın Jean,Skinny Fit   Kadın Koyu İndigo Jean Pantolon,599.99,https://www.colins.com.tr/p/skinny-fit-kadin-koyu-indigo-jean-pantolon-41305
Kadın Jean,Skinny Fit Yüksek Bel Dar Paça Kadın Siyah Jean Pantolon,599.99,https://www.colins.com.tr/p/skinny-fit-yuksek-bel-dar-paca-kadin-siyah-jean-pantolon-41303
Kadın Jean,Skinny Fit Yüksek Bel Süper Dar Paça Kadın İndigo Jean Pantolon,599.99,https://www.colins.com.tr/p/skinny-fit-yuksek-bel-super-dar-paca-kadin-indigo-jean-pantolon-42237
Kadın Jean,Regular Fit   Kadın Gri Jean Pantolon,799.99,https://www.colins.com.tr/p/regular-fit-kadin-gri-jean-pantolon-45723
Kadın Jean,Regular Fit Orta Bel Bootcut Kadın Cepli İndigo Jean Pantolon,599.99,https://www.colins.com.tr/p/regular-fit-orta-bel-bootcut-kadin-cepli-indigo-jean-pantolon-42961
Kadın Jean,Skinny Fit   Kadın İndigo Jean Pantolon,799.99,https://www.colins.com.tr/p/skinny-fit-kadin-mavi-jean-pantolon-46085
Kadın Jean,Skinny Fit Orta Bel Dar Paça Kadın Siyah Jean Pantolon,499.99,https://www.colins.com.tr/p/skinny-fit-orta-bel-dar-paca-kadin-siyah-jean-pantolon-41019
Kadın Jean,Straight Fit   Kadın Denim Jean Pantolon,999.99,https://www.colins.com.tr/p/straight-fit-kadin-denim-jean-pantolon-45991
Kadın Jean,Straight Fit Yüksek Bel Tam Boy Paça Kadın Mid İndigo Denim Jean Fermuarlı Pantolon,799.99,https://www.colins.com.tr/p/straight-fit-yuksel-bel-tam-boy-paca-kadin-mid-indigo-denim-jean-fermuarli-pantolon-46119
Kadın Jean,Regular Fit Yüksel Bel Geniş Paça Kadın İndigo Jean Pantolon,999.99,https://www.colins.com.tr/p/regular-fit-yuksel-bel-genis-paca-kadin-mavi-jean-pantolon-44028
Kadın Jean,Slim Fit Orta Bel Düz Paça Kadın İndigo Jean Pantolon,499.99,https://www.colins.com.tr/p/slim-fit-orta-bel-duz-paca-kadin-indigo-jean-pantolon-38599
Kadın Jean,Slim Fit Orta Bel Düz Paça Kadın İndigo Jean Pantolon,499.99,https://www.colins.com.tr/p/slim-fit-orta-bel-duz-paca-kadin-indigo-jean-pantolon-39398
Kadın Jean,Mom Fit   Kadın Siyah Jean Pantolon,799.99,https://www.colins.com.tr/p/mom-fit-kadin-siyah-jean-pantolon-46172
Kadın Jean,Mom Fit  Daralan Paça Kadın Denim Jean Pantolon,599.99,https://www.colins.com.tr/p/mom-fit-daralan-paca-kadin-denim-jean-pantolon-41678
Kadın Jean,Mom Fit  Daralan Paça Kadın Gri Jean Pantolon,599.99,https://www.colins.com.tr/p/mom-fit-daralan-paca-kadin-gri-jean-pantolon-43014
Kadın Jean,Mom Fit Yüksel Bel Daralan Paça Fermuarlı Dark İndigo Kadın Denim Jean Pantolon,799.99,https://www.colins.com.tr/p/mom-fit-yuksel-bel-daralan-paca-fermuarli-kadin-denim-jean-pantolon-44957
Kadın Jean,Regular Fit   Kadın İndigo Jean Pantolon,599.99,https://www.colins.com.tr/p/regular-fit-kadin-indigo-jean-pantolon-43137
Kadın Jean,Skinny Fit   Kadın İndigo Jean Pantolon,599.99,https://www.colins.com.tr/p/skinny-fit-kadin-mavi-jean-pantolon-44265
Kadın Jean,Skinny Fit   Kadın İndigo Jean Pantolon,799.99,https://www.colins.com.tr/p/skinny-fit-kadin-mavi-jean-pantolon-45692
Kadın Jean,Skinny Fit   Kadın İndigo Jean Pantolon,799.99,https://www.colins.com.tr/p/skinny-fit-kadin-mavi-jean-pantolon-46124
Kadın Jean,Straight Fit Orta Bel Düz Paça Kadın İndigo Jean Pantolon,599.99,https://www.colins.com.tr/p/straight-fit-orta-bel-duz-paca-kadin-mavi-jean-pantolon-44491
Kadın Jean,Regular Fit   Kadın Açik İndigo Jean Pantolon,799.99,https://www.colins.com.tr/p/regular-fit-kadin-acik-mavi-jean-pantolon-44937
Kadın Jean,Regular Fit Orta Bel Geniş Paça Kadın Yeşil Jean Pantolon,799.99,https://www.colins.com.tr/p/regular-fit-orta-bel-genis-paca-kadin-yesil-jean-pantolon-45810
Kadın Jean,Regular Fit Yüksel Bel Geniş Paça Kadın İndigo Jean Pantolon,599.99,https://www.colins.com.tr/p/regular-fit-yuksel-bel-genis-paca-kadin-mavi-jean-pantolon-44154
Kadın Jean,Skinny Fit Yüksek Bel Dar Paça Kadın İndigo Jean Pantolon,499.99,https://www.colins.com.tr/p/skinny-fit-yuksek-bel-dar-paca-kadin-indigo-jean-pantolon-40461
Kadın Jean,Skinny Fit Yüksek Bel Dar Paça Kadın İndigo Jean Pantolon,499.99,https://www.colins.com.tr/p/skinny-fit-yuksek-bel-dar-paca-kadin-indigo-jean-pantolon-40462
Kadın Jean,Skinny Fit Yüksel Bel Dar Paça Kadın Siyah Denim Jean Pantolon,499.99,https://www.colins.com.tr/p/skinny-fit-yuksel-bel-dar-paca-kadin-siyah-denim-jean-pantolon-40479
Kadın Jean,Skinny Fit Yüksek Bel Süper Dar Paça Kadın Denim Jean Pantolon,599.99,https://www.colins.com.tr/p/skinny-fit-yuksek-bel-super-dar-paca-kadin-denim-jean-pantolon-41278
Kadın Jean,Slim Fit Orta Bel Daralan Paça Kadın İndigo Jean Pantolon,799.99,https://www.colins.com.tr/p/slim-fit-orta-bel-daralan-paca-kadin-mavi-jean-pantolon-46170
Kadın Jean,Regular Fit   Kadın İndigo Jean Pantolon,599.99,https://www.colins.com.tr/p/regular-fit-kadin-indigo-jean-pantolon-43918
Kadın Jean,Skinny Fit   Kadın Denim Jean Pantolon,599.99,https://www.colins.com.tr/p/skinny-fit-kadin-denim-jean-pantolon-44257
Kadın Jean,Skinny Fit   Kadın Koyu İndigo Jean Pantolon,599.99,https://www.colins.com.tr/p/skinny-fit-kadin-koyu-indigo-jean-pantolon-43512
Kadın Jean,Skinny Fit Yüksek Bel Süper Dar Paça Kadın İndigo Jean Pantolon,799.99,https://www.colins.com.tr/p/skinny-fit-yuksek-bel-super-dar-paca-kadin-indigo-jean-pantolon-28093
Kadın Jean,Slim Fit Orta Bel Daralan Paça Kadın İndigo Jean Pantolon,499.99,https://www.colins.com.tr/p/slim-fit-orta-bel-daralan-paca-kadin-indigo-jean-pantolon-40469
Kadın Jean,Slim Fit Orta Bel Daralan Paça Kadın İndigo Jean Pantolon,799.99,https://www.colins.com.tr/p/slim-fit-orta-bel-daralan-paca-kadin-mavi-jean-pantolon-46072
Kadın Jean,Slim Fit Orta Bel Düz Paça Kadın Denim Jean Pantolon,499.99,https://www.colins.com.tr/p/slim-fit-orta-bel-duz-paca-kadin-denim-jean-pantolon-35375
Kadın Jean,Slim Fit Orta Bel Düz Paça Kadın Siyah Fermuarlı Jean Pantolon,499.99,https://www.colins.com.tr/p/slim-fit-orta-bel-duz-paca-kadin-siyah-fermuarli-jean-pantolon-39412
Kadın Jean,Regular Fit Kadın Mid İndigo Cepli Denim Jean Pantolon,799.99,https://www.colins.com.tr/p/regular-fit-kadin-mid-indigo-cepli-denim-jean-pantolon-46071
Kadın Jean,Skinny Fit Yüksek Bel Dar Paça Kadın İndigo Jean Pantolon,499.99,https://www.colins.com.tr/p/skinny-fit-yuksek-bel-dar-paca-kadin-indigo-jean-pantolon-41041
Kadın Jean,Straight Fit Yüksek Bel Düz Paça Kadın Denim Jean Pantolon,499.99,https://www.colins.com.tr/p/straight-fit-yuksek-bel-duz-paca-kadin-denim-jean-pantolon-41004
Kadın Jean,Balloon Fit Yüksek Bel Daralan Paça Kadın Beyaz Jean Pantolon,599.99,https://www.colins.com.tr/p/balloon-fit-yuksek-bel-daralan-paca-kadin-beyaz-jean-pantolon-43010
Kadın Jean,Mom Fit   Kadın Gri Jean Pantolon,999.99,https://www.colins.com.tr/p/mom-fit-kadin-gri-jean-pantolon-46121
Kadın Jean,Mom Fit  Daralan Paça Kadın İndigo Denim Jean Pantolon,599.99,https://www.colins.com.tr/p/mom-fit-daralan-paca-kadin-indigo-denim-jean-pantolon-46530
Kadın Jean,Mom Fit  Daralan Paça Kadın İndigo Jean Pantolon,599.99,https://www.colins.com.tr/p/mom-fit-daralan-paca-kadin-indigo-jean-pantolon-42276
Kadın Jean,Mom Fit  Daralan Paça Kadın İndigo Jean Pantolon,599.99,https://www.colins.com.tr/p/mom-fit-daralan-paca-kadin-mavi-jean-pantolon-43502
Kadın Jean,Mom Fit Daralan Paça Cepli Kadın Denim Jean Pantolon,599.99,https://www.colins.com.tr/p/mom-fit-daralan-paca-cepli-kadin-denim-jean-pantolon-41682
Kadın Jean,Mom Fit Daralan Paça Kadın İndigo Pamuklu Jean Pantolon,599.99,https://www.colins.com.tr/p/mom-fit-daralan-paca-kadin-indigo-pamuklu-jean-pantolon-44065
Kadın Jean,Mom Fit Yüksek Bel Daralan Paça Kadın İndigo Denim Jean Pantolon,799.99,https://www.colins.com.tr/p/mom-fit-yuksek-bel-daralan-paca-kadin-indigo-denim-jean-pantolon-46116
Kadın Jean,Regular Fit Orta Bel Bootcut Kadın Antrasit Jean Pantolon,799.99,https://www.colins.com.tr/p/regular-fit-orta-bel-bootcut-kadin-antrasit-jean-pantolon-46149
Kadın Jean,Skinny Fit   Kadın Denim Jean Pantolon,599.99,https://www.colins.com.tr/p/skinny-fit-kadin-denim-jean-pantolon-44261
Kadın Jean,Skinny Fit   Kadın İndigo Jean Pantolon,599.99,https://www.colins.com.tr/p/skinny-fit-kadin-indigo-jean-pantolon-43497
Kadın Jean,Skinny Fit   Kadın İndigo Jean Pantolon,599.99,https://www.colins.com.tr/p/skinny-fit-kadin-mavi-jean-pantolon-43505
Kadın Jean,Skinny Fit   Kadın Koyu İndigo Jean Pantolon,599.99,https://www.colins.com.tr/p/skinny-fit-kadin-koyu-mavi-jean-pantolon-44268
Kadın Jean,Skinny Fit Kadın Koyu İndigo Denim Jean Pantolon,599.99,https://www.colins.com.tr/p/skinny-fit-kadin-koyu-indigo-jean-denim-pantolon-41306
Kadın Jean,Skinny Fit Orta Bel Süper Dar Paça Kadın İndigo Jean Pantolon,599.99,https://www.colins.com.tr/p/skinny-fit-orta-bel-super-dar-paca-kadin-indigo-jean-pantolon-41237
Kadın Jean,Skinny Fit Yüksek Bel Dar Paça Kadın Denim Jean Pantolon,499.99,https://www.colins.com.tr/p/skinny-fit-yuksek-bel-dar-paca-kadin-denim-jean-pantolon-41022
Kadın Jean,Skinny Fit Yüksek Bel Dar Paça Kadın Koyu İndigo Jean Pantolon,499.99,https://www.colins.com.tr/p/skinny-fit-yuksek-bel-dar-paca-kadin-koyu-indigo-jean-pantolon-40473
Kadın Jean,Slim Fit Orta Bel Daralan Paça Kadın Koyu İndigo Jean Pantolon,499.99,https://www.colins.com.tr/p/slim-fit-orta-bel-daralan-paca-kadin-koyu-indigo-jean-pantolon-38240
Kadın Jean,Slim Fit Orta Bel Düz Paça Kadın İndigo Jean Pantolon,599.99,https://www.colins.com.tr/p/slim-fit-orta-bel-duz-paca-kadin-indigo-jean-pantolon-42233
Kadın Jean,Straight Fit Kadın İndigo Denim Pamuklu Jean Pantolon,599.99,https://www.colins.com.tr/p/straight-fit-kadin-indigo-denim-pamuklu-jean-pantolon-43012
Kadın Jean,Straight Fit Kadın Pamuklu Denim Jean Pantolon,599.99,https://www.colins.com.tr/p/straight-fit-kadin-pamuklu-denim-jean-pantolon-44347
Kadın Jean,Straight Fit Orta Bel Tam Boy Paça Kadın Koyu İndigo Jean Pantolon,1099.95,https://www.colins.com.tr/p/straight-fit-orta-bel-tam-boy-paca-kadin-koyu-indigo-jean-pantolon-46365
Kadın Jean,Regular Fit Orta Bel Slim Straight Leg Kadın İndigo Jean Pantolon,799.99,https://www.colins.com.tr/p/regular-fit-orta-bel-slim-straight-leg-kadin-mavi-jean-pantolon-28094
Kadın Jean,Skinny Fit Yüksek Bel Dar Paça Kadın Denim Jean Pantolon,499.99,https://www.colins.com.tr/p/skinny-fit-yuksek-bel-dar-paca-kadin-denim-jean-pantolon-39411
Kadın Jean,Skinny Fit Yüksel Bel Süper Dar Paça Kadın İndigo Denim Jean Pantolon,599.99,https://www.colins.com.tr/p/skinny-fit-yuksek-bel-super-dar-paca-kadin-indigo-denim-jean-pantolon-41287
Kadın Jean,Slim Fit   Kadın İndigo Jean Pantolon,599.99,https://www.colins.com.tr/p/slim-fit-kadin-indigo-jean-pantolon-43080
Kadın Jean,Slim Fit   Kadın Siyah Jean Pantolon,799.99,https://www.colins.com.tr/p/slim-fit-kadin-siyah-jean-pantolon-46086
Kadın Jean,Barrel Fit Orta Bel Daralan Paça Kadın Koyu İndigo Jean Pantolon,1099.95,https://www.colins.com.tr/p/barrel-fit-orta-bel-daralan-paca-kadin-koyu-indigo-jean-pantolon-45724
Kadın Pantolon,Loose Fit   Kadın Stripe Denim Jean Pantolon,1799.9,https://www.colins.com.tr/p/loose-fit-kadin-stripe-denim-jean-pantolon-48217
Kadın Pantolon,Regular Fit Düşük Bel Düz Paça Kadın Siyah  Pantolon,1099.9,https://www.colins.com.tr/p/regular-fit-dusuk-bel-duz-paca-kadin-siyah-pantolon-42072
Kadın Pantolon,Regular Fit Yüksel Bel Düz Paça Kadın Bej  Pantolon,1399.9,https://www.colins.com.tr/p/regular-fit-yuksel-bel-duz-paca-kadin-bej-pantolon-48312
Kadın Pantolon,Regular Fit Yüksel Bel Düz Paça Kadın Kahverengi  Pantolon,1399.9,https://www.colins.com.tr/p/regular-fit-yuksel-bel-duz-paca-kadin-kahverengi-pantolon-48315
Kadın Pantolon,Regular Fit Yüksel Bel Geniş Paça Kadın Bej  Pantolon,1199.9,https://www.colins.com.tr/p/regular-fit-yuksel-bel-genis-paca-kadin-bej-pantolon-48316
Kadın Pantolon,Regular Fit Yüksel Bel Geniş Paça Kadın Beyaz  Pantolon,1699.9,https://www.colins.com.tr/p/regular-fit-yuksel-bel-genis-paca-kadin-beyaz-pantolon-48490
Kadın Pantolon,Regular Fit Yüksel Bel Geniş Paça Kadın Ekru  Pantolon,1199.9,https://www.colins.com.tr/p/regular-fit-yuksel-bel-genis-paca-kadin-ekru-pantolon-48491
Kadın Pantolon,Regular Fit Yüksel Bel Geniş Paça Kadın İndigo  Pantolon,1199.9,https://www.colins.com.tr/p/regular-fit-yuksel-bel-genis-paca-kadin-indigo-pantolon-48318
Kadın Pantolon,Regular Fit Yüksel Bel Geniş Paça Kadın Lacivert  Pantolon,1199.9,https://www.colins.com.tr/p/regular-fit-yuksel-bel-genis-paca-kadin-lacivert-pantolon-48319
Kadın Pantolon,Regular Fit Yüksel Bel Geniş Paça Kadın Siyah  Pantolon,1199.9,https://www.colins.com.tr/p/regular-fit-yuksel-bel-genis-paca-kadin-siyah-pantolon-48322
Kadın Pantolon,Regular Fit Yüksel Bel Geniş Paça Kadın Yeşil  Pantolon,1199.9,https://www.colins.com.tr/p/regular-fit-yuksel-bel-genis-paca-kadin-yesil-pantolon-48323
Kadın Pantolon,Regular Fit Yüksel Bel Geniş Paça Kadın Yeşil  Pantolon,1199.9,https://www.colins.com.tr/p/regular-fit-yuksel-bel-genis-paca-kadin-yesil-pantolon-48324
Kadın Pantolon,Regular Fit Yüksel Bel Geniş Paça Kadın Yeşil  Pantolon,1399.9,https://www.colins.com.tr/p/regular-fit-yuksel-bel-genis-paca-kadin-yesil-pantolon-48494
Kadın Pantolon,Regular Fit Yüksel Bel Geniş Paça Kadın Yeşil  Pantolon,1199.9,https://www.colins.com.tr/p/regular-fit-yuksel-bel-genis-paca-kadin-yesil-pantolon-48495
Kadın Pantolon,Slim Fit   Kadın Mid İndigo Denim Jean Pantolon,1699.9,https://www.colins.com.tr/p/slim-fit-kadin-mid-indigo-denim-jean-pantolon-49440
Kadın Pantolon,Slim Fit Orta Bel Düz Paça Kadın Mid İndigo Denim Jean Pantolon,1699.9,https://www.colins.com.tr/p/slim-fit-orta-bel-duz-paca-kadin-mid-indigo-denim-jean-pantolon-48771
Kadın Pantolon,Straıght Fıt Düşük Bel Geniş Paça Kadın Bej  Pantolon,1199.9,https://www.colins.com.tr/p/straight-fit-dusuk-bel-genis-paca-kadin-bej-pantolon-45019
Kadın Pantolon,Straıght Fıt Düşük Bel Geniş Paça Kadın Mavi  Pantolon,1199.9,https://www.colins.com.tr/p/straight-fit-dusuk-bel-genis-paca-kadin-mavi-pantolon-45028
Kadın Pantolon,Straight Fit   Kadın Mid İndigo Denim Jean Pantolon,1799.9,https://www.colins.com.tr/p/straight-fit-kadin-mid-indigo-denim-jean-pantolon-49448
Kadın Pantolon,Loose Fit   Kadın Light İndigo Denim Jean Pantolon,1799.9,https://www.colins.com.tr/p/loose-fit-kadin-light-indigo-denim-jean-pantolon-49402
Kadın Pantolon,Loose Fit   Kadın Mid İndigo Denim Jean Pantolon,1699.9,https://www.colins.com.tr/p/loose-fit-kadin-mid-indigo-denim-jean-pantolon-48808
Kadın Pantolon,Regular Fit   Kadın Anthracite Denim Jean Pantolon,1499.9,https://www.colins.com.tr/p/regular-fit-kadin-anthracite-denim-jean-pantolon-48815
Kadın Pantolon,Regular Fit   Kadın Grey Denim Jean Pantolon,1499.9,https://www.colins.com.tr/p/regular-fit-kadin-grey-denim-jean-pantolon-48858
Kadın Pantolon,Regular Fit   Kadın Light İndigo Denim Jean Pantolon,1499.9,https://www.colins.com.tr/p/regular-fit-kadin-light-indigo-denim-jean-pantolon-48758
Kadın Pantolon,Regular Fit   Kadın Light İndigo Denim Jean Pantolon,1699.9,https://www.colins.com.tr/p/regular-fit-kadin-light-indigo-denim-jean-pantolon-48825
Kadın Pantolon,Regular Fit   Kadın Light İndigo Denim Jean Pantolon,1499.9,https://www.colins.com.tr/p/regular-fit-kadin-light-indigo-denim-jean-pantolon-48826
Kadın Pantolon,Regular Fit   Kadın Light İndigo Denim Jean Pantolon,1699.9,https://www.colins.com.tr/p/regular-fit-kadin-light-indigo-denim-jean-pantolon-49421
Kadın Pantolon,Regular Fit   Kadın Over Dyed Denim Jean Pantolon,1899.9,https://www.colins.com.tr/p/regular-fit-kadin-over-dyed-denim-jean-pantolon-48860
Kadın Pantolon,Regular Fit Orta Bel Bootcut Kadın Grey Denim Jean Pantolon,1799.9,https://www.colins.com.tr/p/regular-fit-orta-bel-bootcut-kadin-grey-denim-jean-pantolon-48831
Kadın Pantolon,Regular Fit   Kadın Light İndigo Denim Jean Pantolon,1799.9,https://www.colins.com.tr/p/regular-fit-kadin-light-indigo-denim-jean-pantolon-49420
Kadın Pantolon,Skinny Fit   Kadın Dark İndigo Denim Jean Pantolon,1699.9,https://www.colins.com.tr/p/skinny-fit-kadin-dark-indigo-denim-jean-pantolon-48834
Kadın Pantolon,Regular Fit   Kadın Grey Denim Jean Pantolon,1499.9,https://www.colins.com.tr/p/regular-fit-kadin-grey-denim-jean-pantolon-48823
Kadın Pantolon,Regular Fit   Kadın Gri Jean Pantolon,1499.9,https://www.colins.com.tr/p/regular-fit-kadin-gri-jean-pantolon-47545
Kadın Pantolon,Regular Fit Orta Bel Bootcut Kadın Over Dyed Denim Jean Pantolon,1799.9,https://www.colins.com.tr/p/regular-fit-orta-bel-bootcut-kadin-over-dyed-denim-jean-pantolon-48862
Kadın Pantolon,Regular Fit Yüksel Bel Düz Paça Astarsız Kadın Bej Pantolon,1099.9,https://www.colins.com.tr/p/regular-fit-yuksel-bel-duz-paca-astarsiz-kadin-bej-pantolon-45018
Kadın Pantolon,Regular Fit Yüksel Bel Düz Paça Kadın Kahverengi  Pantolon,1099.9,https://www.colins.com.tr/p/regular-fit-yuksel-bel-duz-paca-kadin-kahverengi-pantolon-48897
Kadın Pantolon,Regular Fit Yüksel Bel Düz Paça Kadın Lacivert  Pantolon,1099.9,https://www.colins.com.tr/p/regular-fit-yuksel-bel-duz-paca-kadin-lacivert-pantolon-48898
Kadın Pantolon,Regular Fit Yüksel Bel Düz Paça Kadın Siyah  Pantolon,1099.9,https://www.colins.com.tr/p/regular-fit-yuksel-bel-duz-paca-kadin-siyah-pantolon-48899
Kadın Pantolon,Regular Fit Yüksel Bel Geniş Paça Kadın Beyaz  Pantolon,1099.9,https://www.colins.com.tr/p/regular-fit-yuksel-bel-genis-paca-kadin-beyaz-pantolon-48317
Kadın Pantolon,Regular Fit Yüksel Bel Geniş Paça Kadın Lacivert  Pantolon,1099.9,https://www.colins.com.tr/p/regular-fit-yuksel-bel-genis-paca-kadin-lacivert-pantolon-48320
Kadın Pantolon,Regular Fit Yüksel Bel Geniş Paça Kadın Siyah  Pantolon,1099.9,https://www.colins.com.tr/p/regular-fit-yuksel-bel-genis-paca-kadin-siyah-pantolon-48321
Kadın Pantolon,Straıght Fıt Düşük Bel Düz Paça Kadın Siyah  Pantolon,1099.9,https://www.colins.com.tr/p/regular-fit-yuksel-bel-duz-paca-kadin-siyah-pantolon-45023
Kadın Pantolon,Straight Fit   Kadın Black Denim Jean Pantolon,1299.9,https://www.colins.com.tr/p/straight-fit-kadin-black-denim-jean-pantolon-48889
Kadın Pantolon,Regular Fit   Kadın Mid İndigo Denim Jean Pantolon,1799.9,https://www.colins.com.tr/p/regular-fit-kadin-mid-indigo-denim-jean-pantolon-48859
Kadın Pantolon,Regular Fit   Kadın Green Cast Denim Jean Pantolon,1899.9,https://www.colins.com.tr/p/regular-fit-kadin-green-cast-denim-jean-pantolon-48821
Kadın Pantolon,Regular Fit   Kadın Black Black Denim Jean Pantolon,1499.9,https://www.colins.com.tr/p/regular-fit-kadin-black-black-denim-jean-pantolon-48817
Kadın Pantolon,Regular Fit   Kadın Mid İndigo Denim Jean Pantolon,1499.9,https://www.colins.com.tr/p/regular-fit-kadin-mid-indigo-denim-jean-pantolon-48759
Kadın Pantolon,Regular Fit   Kadın Mid İndigo Denim Jean Pantolon,1499.9,https://www.colins.com.tr/p/regular-fit-kadin-mid-indigo-denim-jean-pantolon-48827
Kadın Pantolon,Regular Fit   Kadın İndigo Jean Pantolon,1199.9,https://www.colins.com.tr/p/regular-fit-kadin-mavi-jean-pantolon-47102
Kadın Pantolon,Regular Fit Orta Bel Bootcut Kadın Lacivert Jean Pantolon,1199.9,https://www.colins.com.tr/p/regular-fit-orta-bel-bootcut-kadin-lacivert-jean-pantolon-47083
Kadın Pantolon,Regular Fit Yüksel Bel Geniş Paça Kadın Antrasit  Pantolon,1399.9,https://www.colins.com.tr/p/regular-fit-yuksel-bel-genis-paca-kadin-antrasit-pantolon-48489
Kadın Pantolon,Regular Fit Yüksel Bel Geniş Paça Kadın Ekru  Pantolon,1399.9,https://www.colins.com.tr/p/regular-fit-yuksel-bel-genis-paca-kadin-ekru-pantolon-48492
Kadın Pantolon,Slim Fit   Kadın Light İndigo Denim Jean Pantolon,2799.9,https://www.colins.com.tr/p/slim-fit-kadin-light-indigo-denim-jean-pantolon-49363
Kadın Pantolon,Regular Fit   Kadın Black Black Denim Jean Pantolon,1399.9,https://www.colins.com.tr/p/regular-fit-kadin-black-black-denim-jean-pantolon-48816
Kadın Pantolon,Skinny Fit   Kadın Lacivert Jean Pantolon,1199.9,https://www.colins.com.tr/p/skinny-fit-yuksel-bel-dar-paca-kadin-lacivert-jean-pantolon-47084
Kadın Pantolon,Regular Fit   Kadın Anthracite Denim Jean Pantolon,1499.9,https://www.colins.com.tr/p/regular-fit-kadin-anthracite-denim-jean-pantolon-48814
Kadın Pantolon,Baggy Fit   Kadın Light İndigo Denim Jean Pantolon,1799.9,https://www.colins.com.tr/p/baggy-fit-kadin-light-indigo-denim-jean-pantolon-48694
Kadın Pantolon,Regular Fit   Kadın İndigo Jean Pantolon,1199.9,https://www.colins.com.tr/p/regular-fit-kadin-mavi-jean-pantolon-47104
Kadın Pantolon,Regular Fit Yüksel Bel Düz Paça Kadın Kahverengi  Pantolon,1099.9,https://www.colins.com.tr/p/regular-fit-yuksel-bel-duz-paca-kadin-kahverengi-pantolon-48314
Kadın Pantolon,Straight Fit   Kadın Light İndigo Denim Jean Pantolon,1299.9,https://www.colins.com.tr/p/straight-fit-kadin-light-indigo-denim-jean-pantolon-48236
Kadın Pantolon,Baggy Fıt Orta Bel Daralan Paça Kadın Light İndigo Denim Jean Pantolon,1799.9,https://www.colins.com.tr/p/baggy-fit-orta-bel-daralan-paca-kadin-light-indigo-denim-jean-pantolon-48696
Kadın Pantolon,Baggy Fit Orta Bel Daralan Paça Kadın Dark İndigo Denim Jean Pantolon,1799.9,https://www.colins.com.tr/p/baggy-fit-orta-bel-daralan-paca-kadin-dark-indigo-denim-jean-pantolon-48695
Kadın Pantolon,Mom Fit   Kadın Mid İndigo Denim Jean Pantolon,1699.9,https://www.colins.com.tr/p/mom-fit-kadin-mid-indigo-denim-jean-pantolon-48755
Kadın Pantolon,Straight Fit   Kadın Dark İndigo Denim Jean Pantolon,1799.9,https://www.colins.com.tr/p/straight-fit-kadin-dark-indigo-denim-jean-pantolon-48837
Kadın Pantolon,Straight Fit   Kadın Mid İndigo Denim Jean Pantolon,1299.9,https://www.colins.com.tr/p/straight-fit-kadin-mid-indigo-denim-jean-pantolon-48890
Kadın Pantolon,Slim Fit   Kadın Mid İndigo Denim Jean Pantolon,1699.9,https://www.colins.com.tr/p/slim-fit-kadin-mid-indigo-denim-jean-pantolon-48770
Kadın Pantolon,Regular Fit   Kadın Light İndigo Denim Jean Pantolon,1699.9,https://www.colins.com.tr/p/regular-fit-kadin-light-indigo-denim-jean-pantolon-48757
Kadın Pantolon,Loose Fit   Kadın Green Cast Denim Jean Pantolon,1899.9,https://www.colins.com.tr/p/loose-fit-kadin-green-cast-denim-jean-pantolon-48807
Kadın Pantolon,Slim Fit  Dar Paça Kadın İndigo Jean Pantolon,1199.9,https://www.colins.com.tr/p/slim-fit-dar-paca-kadin-mavi-jean-pantolon-47103
Kadın Pantolon,Regular Fit Yüksek Bel Geniş Paça Kadın İndigo Jean Pantolon,1299.9,https://www.colins.com.tr/p/regular-fit-yuksek-bel-genis-paca-kadin-indigo-jean-pantolon-46289
Kadın Pantolon,Straight Fit   Kadın Colour Denim Jean Pantolon,1699.9,https://www.colins.com.tr/p/straight-fit-kadin-colour-denim-jean-pantolon-48774
Kadın Pantolon,Straight Fit   Kadın Grey Denim Jean Pantolon,1699.9,https://www.colins.com.tr/p/straight-fit-kadin-grey-denim-jean-pantolon-48775
Kadın Pantolon,Regular Fit   Kadın İndigo Jean Pantolon,1299.9,https://www.colins.com.tr/p/regular-fit-kadin-indigo-jean-pantolon-46287
Kadın Pantolon,Regular Fit   Kadın Colour Denim Jean Pantolon,1699.9,https://www.colins.com.tr/p/regular-fit-kadin-colour-denim-jean-pantolon-48818
Kadın Pantolon,Super Slim Fit Yüksek Bel Dar Paça Kadın Siyah Jean Pantolon,1299.9,https://www.colins.com.tr/p/super-slim-fit-yuksek-bel-dar-paca-kadin-siyah-jean-pantolon-26743
Kadın Pantolon,Regular Fit Yüksel Bel Geniş Paça Kadın Lacivert  Pantolon,1399.9,https://www.colins.com.tr/p/regular-fit-yuksel-bel-genis-paca-kadin-lacivert-pantolon-47826
Kadın Pantolon,Slim Fit Orta Bel Düz Paça Kadın Siyah Denim Jean Pantolon,1299.9,https://www.colins.com.tr/p/slim-fit-orta-bel-duz-paca-kadin-siyah-denim-jean-pantolon-43917
Kadın Pantolon,Regular Fit   Kadın Mid İndigo Denim Jean Pantolon,1799.9,https://www.colins.com.tr/p/regular-fit-kadin-mid-indigo-denim-jean-pantolon-48224
Kadın Pantolon,Regular Fit   Kadın Siyah Jean Pantolon,1799.9,https://www.colins.com.tr/p/regular-fit-kadin-siyah-jean-pantolon-48084
Kadın Pantolon,Regular Fit Orta Bel Bootcut Kadın İndigo Denim Jean Pantolon,1199.9,https://www.colins.com.tr/p/regular-fit-orta-bel-bootcut-kadin-indigo-denim-jean-pantolon-43919
Kadın Pantolon,Regular Fit   Kadın Koyu İndigo Jean Pantolon,1799.9,https://www.colins.com.tr/p/regular-fit-kadin-koyu-indigo-jean-pantolon-48082
Kadın Pantolon,Regular Fit Yüksel Bel Geniş Paça Cepli Kadın Black Black Denim Jean Pantolon,1199.9,https://www.colins.com.tr/p/regular-fit-yuksel-bel-genis-paca-cepli-kadin-black-black-denim-jean-pantolon-36676
Kadın Pantolon,Regular Fit Yüksel Bel Düz Paça Kadın Kahverengi  Pantolon,1199.95,https://www.colins.com.tr/p/regular-fit-yuksel-bel-duz-paca-kadin-kahverengi-pantolon-48488
Kadın Pantolon,Regular Fit Yüksel Bel Geniş Paça Kadın Siyah  Pantolon,1199.95,https://www.colins.com.tr/p/regular-fit-yuksel-bel-genis-paca-kadin-siyah-pantolon-47827
Kadın Pantolon,Regular Fit   Kadın Grey Denim Jean Pantolon,1299.95,https://www.colins.com.tr/p/regular-fit-kadin-grey-denim-jean-pantolon-48822
Kadın Pantolon,Regular Fit   Kadın Light İndigo Denim Jean Pantolon,1499.95,https://www.colins.com.tr/p/regular-fit-kadin-light-indigo-denim-jean-pantolon-48824
Kadın Pantolon,Loose Fit   Kadın Dark İndigo Denim Jean Pantolon,1299.95,https://www.colins.com.tr/p/loose-fit-kadin-dark-indigo-denim-jean-pantolon-48806
Kadın Pantolon,Regular Fit Kadın Light İndigo Denim Pantolon,1299.95,https://www.colins.com.tr/p/regular-fit-kadin-light-indigo-denim-jean-pantolon-48813
Kadın Pantolon,Regular Fit   Kadın Dark İndigo Denim Jean Pantolon,1299.95,https://www.colins.com.tr/p/regular-fit-kadin-dark-indigo-denim-jean-pantolon-48820
Kadın Pantolon,Straight Fit Orta Bel Düz Paça Kadın İndigo Jean Pantolon,1299.95,https://www.colins.com.tr/p/straight-fit-orta-bel-duz-paca-kadin-indigo-jean-pantolon-48088
Kadın Pantolon,Mom Fit   Kadın Mid İndigo Denim Jean Pantolon,1299.95,https://www.colins.com.tr/p/mom-fit-kadin-mid-indigo-denim-jean-pantolon-48756
Kadın Pantolon,Mom Fit   Kadın Siyah Jean Pantolon,1299.95,https://www.colins.com.tr/p/mom-fit-kadin-siyah-jean-pantolon-48036
Kadın Pantolon,Straight Fit   Kadın İndigo Jean Pantolon,1499.95,https://www.colins.com.tr/p/straight-fit-kadin-indigo-jean-pantolon-48035
Kadın Pantolon,Straight Fit   Kadın Siyah Jean Pantolon,1299.95,https://www.colins.com.tr/p/straight-fit-kadin-siyah-jean-pantolon-48087
Kadın Pantolon,Straight Fit Orta Bel Tam Boy Paça Kadın İndigo Jean Pantolon,1199.95,https://www.colins.com.tr/p/straight-fit-orta-bel-tam-boy-paca-kadin-mavi-jean-pantolon-47101
Kadın Pantolon,Slim Fit   Kadın İndigo Jean Pantolon,1299.95,https://www.colins.com.tr/p/slim-fit-kadin-indigo-jean-pantolon-48086
Kadın Pantolon,Regular Fit   Kadın Açik İndigo Jean Pantolon,1299.95,https://www.colins.com.tr/p/regular-fit-kadin-acik-indigo-jean-pantolon-48079
Kadın Pantolon,Slim Fit   Kadın Grey Denim Jean Pantolon,1499.95,https://www.colins.com.tr/p/slim-fit-kadin-grey-denim-jean-pantolon-48877
Kadın Pantolon,Loose Fit   Kadın Siyah Jean Pantolon,1499.95,https://www.colins.com.tr/p/loose-fit-kadin-siyah-jean-pantolon-48015
Kadın Pantolon,Regular Fit   Kadın İndigo Jean Pantolon,1299.95,https://www.colins.com.tr/p/regular-fit-kadin-mavi-jean-pantolon-47543
Kadın Pantolon,Regular Fit   Kadın Siyah Jean Pantolon,1499.95,https://www.colins.com.tr/p/regular-fit-kadin-siyah-jean-pantolon-48007
Kadın Pantolon,Skinny Fit Yüksel Bel Dar Paça Kadın İndigo Denim Jean Pantolon,999.95,https://www.colins.com.tr/p/skinny-fit-yuksek-bel-dar-paca-kadin-indigo-denim-jean-pantolon-43920
Kadın Pantolon,Super Slim Fit Orta Bel Süper Dar Paça Kadın Siyah Jean Pantolon,999.95,https://www.colins.com.tr/p/super-slim-fit-orta-bel-super-dar-paca-kadin-siyah-jean-pantolon-15271
Kadın Pantolon,Regular Fit Yüksel Bel Geniş Paça Kadın Koyu İndigo Jean Pantolon,999.95,https://www.colins.com.tr/p/regular-fit-yuksel-bel-genis-paca-kadin-koyu-mavi-jean-pantolon-47076
Kadın Pantolon,Mom Fit   Kadın Koyu İndigo Jean Pantolon,1299.95,https://www.colins.com.tr/p/mom-fit-kadin-koyu-indigo-jean-pantolon-48071
Kadın Pantolon,Regular Fit Yüksel Bel Geniş Paça Kadın İndigo Jean Pantolon,1499.95,https://www.colins.com.tr/p/regular-fit-yuksel-bel-genis-paca-kadin-indigo-jean-pantolon-48085
Kadın Pantolon,Super Slim Fit Orta Bel Dar Paça Kadın Koyu İndigo Jean Pantolon,999.95,https://www.colins.com.tr/p/super-slim-fit-orta-bel-dar-paca-kadin-koyu-indigo-jean-pantolon-28088
Kadın Elbise,Regular Fit  Kadın Bej  Elbise,1999.9,https://www.colins.com.tr/p/regular-fit-kadin-bej-elbise-48434
Kadın Elbise,Regular Fit  Kadın Ekru  Elbise,1699.9,https://www.colins.com.tr/p/regular-fit-kadin-ekru-elbise-48435
Kadın Elbise,Regular Fit  Kadın Kirmizi  Elbise,1999.9,https://www.colins.com.tr/p/regular-fit-kadin-kirmizi-elbise-48437
Kadın Elbise,Regular Fit  Kadın Lacivert  Elbise,1699.9,https://www.colins.com.tr/p/regular-fit-kadin-lacivert-elbise-48438
Kadın Elbise,Regular Fit  Kadın Lacivert  Elbise,1999.9,https://www.colins.com.tr/p/regular-fit-kadin-lacivert-elbise-48440
Kadın Elbise,Regular Fit  Kadın Yeşil  Elbise,1699.9,https://www.colins.com.tr/p/regular-fit-kadin-yesil-elbise-48443
Kadın Elbise,Regular Fit Çizgili Kadın Çok Renkli Kısa Kol Elbise,1399.9,https://www.colins.com.tr/p/regular-fit-cizgili-kadin-cok-renkli-kisa-kol-elbise-49188
Kadın Elbise,Regular Fit Çizgili Kadın Mavi Kısa Kol Elbise,1699.9,https://www.colins.com.tr/p/regular-fit-cizgili-kadin-mavi-kisa-kol-elbise-49010
Kadın Elbise,Regular Fit Çizgili Kadın Siyah Kısa Kol Elbise,999.9,https://www.colins.com.tr/p/regular-fit-cizgili-kadin-siyah-kisa-kol-elbise-48445
Kadın Elbise,Regular Fit Düz Kadın Beyaz Kolsuz Elbise,1399.9,https://www.colins.com.tr/p/regular-fit-duz-kadin-beyaz-kolsuz-elbise-49189
Kadın Elbise,Regular Fit Düz Kadın Colour Denim Kısa Kol Elbise,2499.9,https://www.colins.com.tr/p/regular-fit-duz-kadin-colour-denim-kisa-kol-elbise-49352
Kadın Elbise,Regular Fit Düz Kadın Kahverengi Kolsuz Elbise,1399.9,https://www.colins.com.tr/p/regular-fit-duz-kadin-kahverengi-kolsuz-elbise-48449
Kadın Elbise,Regular Fit Düz Kadın Lacivert Kısa Kol Elbise,999.9,https://www.colins.com.tr/p/regular-fit-duz-kadin-lacivert-kisa-kol-elbise-48802
Kadın Elbise,Regular Fit Düz Kadın Light İndigo Denim Askılı Elbise,2499.9,https://www.colins.com.tr/p/regular-fit-duz-kadin-light-indigo-denim-askili-elbise-49353
Kadın Elbise,Regular Fit Düz Kadın Light İndigo Denim Kısa Kol Elbise,2499.9,https://www.colins.com.tr/p/regular-fit-duz-kadin-light-indigo-denim-kisa-kol-elbise-49354
Kadın Elbise,Regular Fit Düz Kadın Yeşil Kısa Kol Elbise,1699.9,https://www.colins.com.tr/p/regular-fit-duz-kadin-yesil-kisa-kol-elbise-49020
Kadın Elbise,Regular Fit Jakarlı Kadın Beyaz Kısa Kol Elbise,1599.9,https://www.colins.com.tr/p/regular-fit-jakarli-kadin-beyaz-kisa-kol-elbise-48453
Kadın Elbise,Regular Fit Metraj Baskılı Kadın Ekru Kolsuz Elbise,1499.9,https://www.colins.com.tr/p/regular-fit-metraj-baskili-kadin-ekru-kolsuz-elbise-49023
Kadın Elbise,Slim Fit Düz Kadın Antrasit Kısa Kol Elbise,799.9,https://www.colins.com.tr/p/slim-fit-duz-kadin-antrasit-kisa-kol-elbise-48804
Kadın Elbise,Slim Fit Jakarlı Kadın Beyaz Kısa Kol Elbise,1399.9,https://www.colins.com.tr/p/slim-fit-jakarli-kadin-beyaz-kisa-kol-elbise-49308
Kadın Elbise,Slim Fit Nakışlı Kadın Bej Kısa Kol Elbise,999.9,https://www.colins.com.tr/p/slim-fit-nakisli-kadin-bej-kisa-kol-elbise-49309
Kadın Elbise,Regular Fit Metraj Baskılı Kadın Çok Renkli Kısa Kol Elbise,1899.9,https://www.colins.com.tr/p/regular-fit-metraj-baskili-kadin-cok-renkli-kisa-kol-elbise-48956
Kadın Elbise,Regular Fit  Kadın Lacivert  Elbise,1899.9,https://www.colins.com.tr/p/regular-fit-kadin-lacivert-elbise-48439
Kadın Elbise,Regular Fit Düz Kadın Dark İndigo Denim Kısa Kol Elbise,2499.9,https://www.colins.com.tr/p/regular-fit-duz-kadin-dark-indigo-denim-kisa-kol-elbise-48227
Kadın Elbise,Regular Fit  Kadın Siyah  Elbise,1999.9,https://www.colins.com.tr/p/regular-fit-kadin-siyah-elbise-48442
Kadın Elbise,Regular Fit Jakarlı Kadın Yeşil Kısa Kol Elbise,1599.9,https://www.colins.com.tr/p/regular-fit-jakarli-kadin-yesil-kisa-kol-elbise-48454
Kadın Elbise,Regular Fit  Kadın Lacivert  Elbise,1699.9,https://www.colins.com.tr/p/regular-fit-kadin-lacivert-elbise-44891
Kadın Elbise,Regular Fit  Kadın Kahverengi  Elbise,1299.95,https://www.colins.com.tr/p/regular-fit-kadin-kahverengi-elbise-48436
Kadın Elbise,Slim Fit Düz Kadın Koyu Mavi Kısa Kol Elbise,1799.95,https://www.colins.com.tr/p/slim-fit-duz-kadin-dark-indigo-denim-kisa-kol-elbise-47930
Kadın Elbise,Regular Fit  Kadın Bej  Elbise,1999.9,https://www.colins.com.tr/p/regular-fit-kadin-bej-elbise-48434
Kadın Elbise,Regular Fit  Kadın Ekru  Elbise,1699.9,https://www.colins.com.tr/p/regular-fit-kadin-ekru-elbise-48435
Kadın Elbise,Regular Fit  Kadın Kirmizi  Elbise,1999.9,https://www.colins.com.tr/p/regular-fit-kadin-kirmizi-elbise-48437
Kadın Elbise,Regular Fit  Kadın Lacivert  Elbise,1699.9,https://www.colins.com.tr/p/regular-fit-kadin-lacivert-elbise-48438
Kadın Elbise,Regular Fit  Kadın Lacivert  Elbise,1999.9,https://www.colins.com.tr/p/regular-fit-kadin-lacivert-elbise-48440
Kadın Elbise,Regular Fit  Kadın Yeşil  Elbise,1699.9,https://www.colins.com.tr/p/regular-fit-kadin-yesil-elbise-48443
Kadın Elbise,Regular Fit Çizgili Kadın Çok Renkli Kısa Kol Elbise,1399.9,https://www.colins.com.tr/p/regular-fit-cizgili-kadin-cok-renkli-kisa-kol-elbise-49188
Kadın Elbise,Regular Fit Çizgili Kadın Mavi Kısa Kol Elbise,1699.9,https://www.colins.com.tr/p/regular-fit-cizgili-kadin-mavi-kisa-kol-elbise-49010
Kadın Elbise,Regular Fit Çizgili Kadın Siyah Kısa Kol Elbise,999.9,https://www.colins.com.tr/p/regular-fit-cizgili-kadin-siyah-kisa-kol-elbise-48445
Kadın Elbise,Regular Fit Düz Kadın Beyaz Kolsuz Elbise,1399.9,https://www.colins.com.tr/p/regular-fit-duz-kadin-beyaz-kolsuz-elbise-49189
Kadın Elbise,Regular Fit Düz Kadın Colour Denim Kısa Kol Elbise,2499.9,https://www.colins.com.tr/p/regular-fit-duz-kadin-colour-denim-kisa-kol-elbise-49352
Kadın Elbise,Regular Fit Düz Kadın Kahverengi Kolsuz Elbise,1399.9,https://www.colins.com.tr/p/regular-fit-duz-kadin-kahverengi-kolsuz-elbise-48449
Kadın Elbise,Regular Fit Düz Kadın Lacivert Kısa Kol Elbise,999.9,https://www.colins.com.tr/p/regular-fit-duz-kadin-lacivert-kisa-kol-elbise-48802
Kadın Elbise,Regular Fit Düz Kadın Light İndigo Denim Askılı Elbise,2499.9,https://www.colins.com.tr/p/regular-fit-duz-kadin-light-indigo-denim-askili-elbise-49353
Kadın Elbise,Regular Fit Düz Kadın Light İndigo Denim Kısa Kol Elbise,2499.9,https://www.colins.com.tr/p/regular-fit-duz-kadin-light-indigo-denim-kisa-kol-elbise-49354
Kadın Elbise,Regular Fit Düz Kadın Yeşil Kısa Kol Elbise,1699.9,https://www.colins.com.tr/p/regular-fit-duz-kadin-yesil-kisa-kol-elbise-49020
Kadın Elbise,Regular Fit Jakarlı Kadın Beyaz Kısa Kol Elbise,1599.9,https://www.colins.com.tr/p/regular-fit-jakarli-kadin-beyaz-kisa-kol-elbise-48453
Kadın Elbise,Regular Fit Metraj Baskılı Kadın Ekru Kolsuz Elbise,1499.9,https://www.colins.com.tr/p/regular-fit-metraj-baskili-kadin-ekru-kolsuz-elbise-49023
Kadın Elbise,Slim Fit Düz Kadın Antrasit Kısa Kol Elbise,799.9,https://www.colins.com.tr/p/slim-fit-duz-kadin-antrasit-kisa-kol-elbise-48804
Kadın Elbise,Slim Fit Jakarlı Kadın Beyaz Kısa Kol Elbise,1399.9,https://www.colins.com.tr/p/slim-fit-jakarli-kadin-beyaz-kisa-kol-elbise-49308
Kadın Elbise,Slim Fit Nakışlı Kadın Bej Kısa Kol Elbise,999.9,https://www.colins.com.tr/p/slim-fit-nakisli-kadin-bej-kisa-kol-elbise-49309
Kadın Elbise,Regular Fit Metraj Baskılı Kadın Çok Renkli Kısa Kol Elbise,1899.9,https://www.colins.com.tr/p/regular-fit-metraj-baskili-kadin-cok-renkli-kisa-kol-elbise-48956
Kadın Elbise,Regular Fit  Kadın Lacivert  Elbise,1899.9,https://www.colins.com.tr/p/regular-fit-kadin-lacivert-elbise-48439
Kadın Elbise,Regular Fit Düz Kadın Dark İndigo Denim Kısa Kol Elbise,2499.9,https://www.colins.com.tr/p/regular-fit-duz-kadin-dark-indigo-denim-kisa-kol-elbise-48227
Kadın Elbise,Regular Fit  Kadın Siyah  Elbise,1999.9,https://www.colins.com.tr/p/regular-fit-kadin-siyah-elbise-48442
Kadın Elbise,Regular Fit Jakarlı Kadın Yeşil Kısa Kol Elbise,1599.9,https://www.colins.com.tr/p/regular-fit-jakarli-kadin-yesil-kisa-kol-elbise-48454
Kadın Elbise,Regular Fit  Kadın Lacivert  Elbise,1699.9,https://www.colins.com.tr/p/regular-fit-kadin-lacivert-elbise-44891
Kadın Elbise,Regular Fit  Kadın Kahverengi  Elbise,1299.95,https://www.colins.com.tr/p/regular-fit-kadin-kahverengi-elbise-48436
Kadın Elbise,Slim Fit Düz Kadın Koyu Mavi Kısa Kol Elbise,1799.95,https://www.colins.com.tr/p/slim-fit-duz-kadin-dark-indigo-denim-kisa-kol-elbise-47930
Kadın Elbise,Regular Fit Jakarlı Kadın Beyaz Kolsuz Elbise,1399.9,https://www.colins.com.tr/p/regular-fit-jakarli-kadin-beyaz-kolsuz-elbise-44836
Kadın Elbise,Cepsiz Regular Fit Çiçekli Kadın Çok Renkli Kısa Kol Elbise,299.99,https://www.colins.com.tr/p/cepsiz-regular-fit-cicekli-kadin-cok-renkli-kisa-kol-elbise-39350
Kadın Elbise,Regular Fit  Kadın Antrasit Kolsuz Elbise,299.99,https://www.colins.com.tr/p/regular-fit-kadin-antrasit-kolsuz-elbise-39994
Kadın Elbise,Regular Fit  Kadın Bej  Elbise,799.99,https://www.colins.com.tr/p/regular-fit-kadin-bej-elbise-44861
Kadın Elbise,Regular Fit  Kadın Bej  Elbise,799.99,https://www.colins.com.tr/p/regular-fit-kadin-bej-elbise-44863
Kadın Elbise,Regular Fit  Kadın Bej Uzun Kol Elbise,299.99,https://www.colins.com.tr/p/regular-fit-kadin-gri-uzun-kol-elbise-40579
Kadın Elbise,Regular Fit  Kadın Gri  Elbise,999.99,https://www.colins.com.tr/p/regular-fit-kadin-gri-elbise-44879
Kadın Elbise,Regular Fit  Kadın Kahverengi  Elbise,799.99,https://www.colins.com.tr/p/regular-fit-kadin-kahverengi-elbise-44080
Kadın Elbise,Regular Fit  Kadın Kahverengi Uzun Kol Elbise,299.99,https://www.colins.com.tr/p/regular-fit-kadin-kahverengi-uzun-kol-elbise-34913
Kadın Elbise,Regular Fit  Kadın Siyah  Elbise,499.99,https://www.colins.com.tr/p/regular-fit-kadin-siyah-elbise-43338
Kadın Elbise,Regular Fit  Kadın Siyah  Elbise,599.99,https://www.colins.com.tr/p/regular-fit-kadin-siyah-elbise-43474
Kadın Elbise,Regular Fit  Kadın Siyah  Elbise,999.99,https://www.colins.com.tr/p/regular-fit-kadin-siyah-elbise-44864
Kadın Elbise,Regular Fit  Kadın Siyah  Elbise,799.95,https://www.colins.com.tr/p/regular-fit-kadin-siyah-elbise-44865
Kadın Elbise,Regular Fit  Kadın Vizon  Elbise,999.99,https://www.colins.com.tr/p/regular-fit-kadin-vizon-elbise-44886
Kadın Elbise,Regular Fit  Kadın Vizon  Elbise,999.99,https://www.colins.com.tr/p/regular-fit-kadin-vizon-elbise-44889
Kadın Elbise,Regular Fit  Kadın Yeşil  Elbise,799.99,https://www.colins.com.tr/p/regular-fit-kadin-yesil-elbise-44893
Kadın Elbise,Regular Fit Çizgili Cepsiz Kadın Beyaz Kısa Kol Elbise,799.99,https://www.colins.com.tr/p/regular-fit-cizgili-cepsiz-kadin-beyaz-kisa-kol-elbise-44838
Kadın Elbise,Regular Fit Çizgili Kadın Ekru Askılı Elbise,599.99,https://www.colins.com.tr/p/regular-fit-cizgili-kadin-ekru-askili-elbise-44851
Kadın Elbise,Regular Fit Dokuma Kadın Bej Elbise,899.95,https://www.colins.com.tr/p/regular-fit-dokuma-kadin-bej-elbise-42335
Kadın Elbise,Regular Fit  Kadın Bej  Elbise,1999.9,https://www.colins.com.tr/p/regular-fit-kadin-bej-elbise-48434
Kadın Elbise,Regular Fit  Kadın Ekru  Elbise,1699.9,https://www.colins.com.tr/p/regular-fit-kadin-ekru-elbise-48435
Kadın Elbise,Regular Fit  Kadın Kirmizi  Elbise,1999.9,https://www.colins.com.tr/p/regular-fit-kadin-kirmizi-elbise-48437
Kadın Elbise,Regular Fit  Kadın Lacivert  Elbise,1699.9,https://www.colins.com.tr/p/regular-fit-kadin-lacivert-elbise-48438
Kadın Elbise,Regular Fit  Kadın Lacivert  Elbise,1999.9,https://www.colins.com.tr/p/regular-fit-kadin-lacivert-elbise-48440
Kadın Elbise,Regular Fit  Kadın Yeşil  Elbise,1699.9,https://www.colins.com.tr/p/regular-fit-kadin-yesil-elbise-48443
Kadın Elbise,Regular Fit Çizgili Kadın Çok Renkli Kısa Kol Elbise,1399.9,https://www.colins.com.tr/p/regular-fit-cizgili-kadin-cok-renkli-kisa-kol-elbise-49188
Kadın Elbise,Regular Fit Çizgili Kadın Mavi Kısa Kol Elbise,1699.9,https://www.colins.com.tr/p/regular-fit-cizgili-kadin-mavi-kisa-kol-elbise-49010
Kadın Elbise,Regular Fit Çizgili Kadın Siyah Kısa Kol Elbise,999.9,https://www.colins.com.tr/p/regular-fit-cizgili-kadin-siyah-kisa-kol-elbise-48445
Kadın Elbise,Regular Fit Düz Kadın Beyaz Kolsuz Elbise,1399.9,https://www.colins.com.tr/p/regular-fit-duz-kadin-beyaz-kolsuz-elbise-49189
Kadın Elbise,Regular Fit Düz Kadın Colour Denim Kısa Kol Elbise,2499.9,https://www.colins.com.tr/p/regular-fit-duz-kadin-colour-denim-kisa-kol-elbise-49352
Kadın Elbise,Regular Fit Düz Kadın Kahverengi Kolsuz Elbise,1399.9,https://www.colins.com.tr/p/regular-fit-duz-kadin-kahverengi-kolsuz-elbise-48449
Kadın Elbise,Regular Fit Düz Kadın Lacivert Kısa Kol Elbise,999.9,https://www.colins.com.tr/p/regular-fit-duz-kadin-lacivert-kisa-kol-elbise-48802
Kadın Elbise,Regular Fit Düz Kadın Light İndigo Denim Askılı Elbise,2499.9,https://www.colins.com.tr/p/regular-fit-duz-kadin-light-indigo-denim-askili-elbise-49353
Kadın Elbise,Regular Fit Düz Kadın Light İndigo Denim Kısa Kol Elbise,2499.9,https://www.colins.com.tr/p/regular-fit-duz-kadin-light-indigo-denim-kisa-kol-elbise-49354
Kadın Elbise,Regular Fit Düz Kadın Yeşil Kısa Kol Elbise,1699.9,https://www.colins.com.tr/p/regular-fit-duz-kadin-yesil-kisa-kol-elbise-49020
Kadın Elbise,Regular Fit Jakarlı Kadın Beyaz Kısa Kol Elbise,1599.9,https://www.colins.com.tr/p/regular-fit-jakarli-kadin-beyaz-kisa-kol-elbise-48453
Kadın Elbise,Regular Fit Metraj Baskılı Kadın Ekru Kolsuz Elbise,1499.9,https://www.colins.com.tr/p/regular-fit-metraj-baskili-kadin-ekru-kolsuz-elbise-49023
Kadın Elbise,Slim Fit Düz Kadın Antrasit Kısa Kol Elbise,799.9,https://www.colins.com.tr/p/slim-fit-duz-kadin-antrasit-kisa-kol-elbise-48804
Kadın Elbise,Slim Fit Jakarlı Kadın Beyaz Kısa Kol Elbise,1399.9,https://www.colins.com.tr/p/slim-fit-jakarli-kadin-beyaz-kisa-kol-elbise-49308
Kadın Elbise,Slim Fit Nakışlı Kadın Bej Kısa Kol Elbise,999.9,https://www.colins.com.tr/p/slim-fit-nakisli-kadin-bej-kisa-kol-elbise-49309
Kadın Elbise,Regular Fit Metraj Baskılı Kadın Çok Renkli Kısa Kol Elbise,1899.9,https://www.colins.com.tr/p/regular-fit-metraj-baskili-kadin-cok-renkli-kisa-kol-elbise-48956
Kadın Elbise,Regular Fit  Kadın Lacivert  Elbise,1899.9,https://www.colins.com.tr/p/regular-fit-kadin-lacivert-elbise-48439
Kadın Elbise,Regular Fit Düz Kadın Dark İndigo Denim Kısa Kol Elbise,2499.9,https://www.colins.com.tr/p/regular-fit-duz-kadin-dark-indigo-denim-kisa-kol-elbise-48227
Kadın Elbise,Regular Fit  Kadın Siyah  Elbise,1999.9,https://www.colins.com.tr/p/regular-fit-kadin-siyah-elbise-48442
Kadın Elbise,Regular Fit Jakarlı Kadın Yeşil Kısa Kol Elbise,1599.9,https://www.colins.com.tr/p/regular-fit-jakarli-kadin-yesil-kisa-kol-elbise-48454
Kadın Elbise,Regular Fit  Kadın Lacivert  Elbise,1699.9,https://www.colins.com.tr/p/regular-fit-kadin-lacivert-elbise-44891
Kadın Elbise,Regular Fit  Kadın Kahverengi  Elbise,1299.95,https://www.colins.com.tr/p/regular-fit-kadin-kahverengi-elbise-48436
Kadın Elbise,Slim Fit Düz Kadın Koyu Mavi Kısa Kol Elbise,1799.95,https://www.colins.com.tr/p/slim-fit-duz-kadin-dark-indigo-denim-kisa-kol-elbise-47930
Kadın Elbise,Regular Fit Jakarlı Kadın Beyaz Kolsuz Elbise,1399.9,https://www.colins.com.tr/p/regular-fit-jakarli-kadin-beyaz-kolsuz-elbise-44836
Kadın Elbise,Cepsiz Regular Fit Çiçekli Kadın Çok Renkli Kısa Kol Elbise,299.99,https://www.colins.com.tr/p/cepsiz-regular-fit-cicekli-kadin-cok-renkli-kisa-kol-elbise-39350
Kadın Elbise,Regular Fit  Kadın Antrasit Kolsuz Elbise,299.99,https://www.colins.com.tr/p/regular-fit-kadin-antrasit-kolsuz-elbise-39994
Kadın Elbise,Regular Fit  Kadın Bej  Elbise,799.99,https://www.colins.com.tr/p/regular-fit-kadin-bej-elbise-44861
Kadın Elbise,Regular Fit  Kadın Bej  Elbise,799.99,https://www.colins.com.tr/p/regular-fit-kadin-bej-elbise-44863
Kadın Elbise,Regular Fit  Kadın Bej Uzun Kol Elbise,299.99,https://www.colins.com.tr/p/regular-fit-kadin-gri-uzun-kol-elbise-40579
Kadın Elbise,Regular Fit  Kadın Gri  Elbise,999.99,https://www.colins.com.tr/p/regular-fit-kadin-gri-elbise-44879
Kadın Elbise,Regular Fit  Kadın Kahverengi  Elbise,799.99,https://www.colins.com.tr/p/regular-fit-kadin-kahverengi-elbise-44080
Kadın Elbise,Regular Fit  Kadın Kahverengi Uzun Kol Elbise,299.99,https://www.colins.com.tr/p/regular-fit-kadin-kahverengi-uzun-kol-elbise-34913
Kadın Elbise,Regular Fit  Kadın Siyah  Elbise,499.99,https://www.colins.com.tr/p/regular-fit-kadin-siyah-elbise-43338
Kadın Elbise,Regular Fit  Kadın Siyah  Elbise,599.99,https://www.colins.com.tr/p/regular-fit-kadin-siyah-elbise-43474
Kadın Elbise,Regular Fit  Kadın Siyah  Elbise,999.99,https://www.colins.com.tr/p/regular-fit-kadin-siyah-elbise-44864
Kadın Elbise,Regular Fit  Kadın Siyah  Elbise,799.95,https://www.colins.com.tr/p/regular-fit-kadin-siyah-elbise-44865
Kadın Elbise,Regular Fit  Kadın Vizon  Elbise,999.99,https://www.colins.com.tr/p/regular-fit-kadin-vizon-elbise-44886
Kadın Elbise,Regular Fit  Kadın Vizon  Elbise,999.99,https://www.colins.com.tr/p/regular-fit-kadin-vizon-elbise-44889
Kadın Elbise,Regular Fit  Kadın Yeşil  Elbise,799.99,https://www.colins.com.tr/p/regular-fit-kadin-yesil-elbise-44893
Kadın Elbise,Regular Fit Çizgili Cepsiz Kadın Beyaz Kısa Kol Elbise,799.99,https://www.colins.com.tr/p/regular-fit-cizgili-cepsiz-kadin-beyaz-kisa-kol-elbise-44838
Kadın Elbise,Regular Fit Çizgili Kadın Ekru Askılı Elbise,599.99,https://www.colins.com.tr/p/regular-fit-cizgili-kadin-ekru-askili-elbise-44851
Kadın Elbise,Regular Fit Dokuma Kadın Bej Elbise,899.95,https://www.colins.com.tr/p/regular-fit-dokuma-kadin-bej-elbise-42335
Kadın Elbise,Regular Fit  Kadın Bej  Elbise,1999.9,https://www.colins.com.tr/p/regular-fit-kadin-bej-elbise-48434
Kadın Elbise,Regular Fit  Kadın Ekru  Elbise,1699.9,https://www.colins.com.tr/p/regular-fit-kadin-ekru-elbise-48435
Kadın Elbise,Regular Fit  Kadın Kirmizi  Elbise,1999.9,https://www.colins.com.tr/p/regular-fit-kadin-kirmizi-elbise-48437
Kadın Elbise,Regular Fit  Kadın Lacivert  Elbise,1699.9,https://www.colins.com.tr/p/regular-fit-kadin-lacivert-elbise-48438
Kadın Elbise,Regular Fit  Kadın Lacivert  Elbise,1999.9,https://www.colins.com.tr/p/regular-fit-kadin-lacivert-elbise-48440
Kadın Elbise,Regular Fit  Kadın Yeşil  Elbise,1699.9,https://www.colins.com.tr/p/regular-fit-kadin-yesil-elbise-48443
Kadın Elbise,Regular Fit Çizgili Kadın Çok Renkli Kısa Kol Elbise,1399.9,https://www.colins.com.tr/p/regular-fit-cizgili-kadin-cok-renkli-kisa-kol-elbise-49188
Kadın Elbise,Regular Fit Çizgili Kadın Mavi Kısa Kol Elbise,1699.9,https://www.colins.com.tr/p/regular-fit-cizgili-kadin-mavi-kisa-kol-elbise-49010
Kadın Elbise,Regular Fit Çizgili Kadın Siyah Kısa Kol Elbise,999.9,https://www.colins.com.tr/p/regular-fit-cizgili-kadin-siyah-kisa-kol-elbise-48445
Kadın Elbise,Regular Fit Düz Kadın Beyaz Kolsuz Elbise,1399.9,https://www.colins.com.tr/p/regular-fit-duz-kadin-beyaz-kolsuz-elbise-49189
Kadın Elbise,Regular Fit Düz Kadın Colour Denim Kısa Kol Elbise,2499.9,https://www.colins.com.tr/p/regular-fit-duz-kadin-colour-denim-kisa-kol-elbise-49352
Kadın Elbise,Regular Fit Düz Kadın Kahverengi Kolsuz Elbise,1399.9,https://www.colins.com.tr/p/regular-fit-duz-kadin-kahverengi-kolsuz-elbise-48449
Kadın Elbise,Regular Fit Düz Kadın Lacivert Kısa Kol Elbise,999.9,https://www.colins.com.tr/p/regular-fit-duz-kadin-lacivert-kisa-kol-elbise-48802
Kadın Elbise,Regular Fit Düz Kadın Light İndigo Denim Askılı Elbise,2499.9,https://www.colins.com.tr/p/regular-fit-duz-kadin-light-indigo-denim-askili-elbise-49353
Kadın Elbise,Regular Fit Düz Kadın Light İndigo Denim Kısa Kol Elbise,2499.9,https://www.colins.com.tr/p/regular-fit-duz-kadin-light-indigo-denim-kisa-kol-elbise-49354
Kadın Elbise,Regular Fit Düz Kadın Yeşil Kısa Kol Elbise,1699.9,https://www.colins.com.tr/p/regular-fit-duz-kadin-yesil-kisa-kol-elbise-49020
Kadın Elbise,Regular Fit Jakarlı Kadın Beyaz Kısa Kol Elbise,1599.9,https://www.colins.com.tr/p/regular-fit-jakarli-kadin-beyaz-kisa-kol-elbise-48453
Kadın Elbise,Regular Fit Metraj Baskılı Kadın Ekru Kolsuz Elbise,1499.9,https://www.colins.com.tr/p/regular-fit-metraj-baskili-kadin-ekru-kolsuz-elbise-49023
Kadın Elbise,Slim Fit Düz Kadın Antrasit Kısa Kol Elbise,799.9,https://www.colins.com.tr/p/slim-fit-duz-kadin-antrasit-kisa-kol-elbise-48804
Kadın Elbise,Slim Fit Jakarlı Kadın Beyaz Kısa Kol Elbise,1399.9,https://www.colins.com.tr/p/slim-fit-jakarli-kadin-beyaz-kisa-kol-elbise-49308
Kadın Elbise,Slim Fit Nakışlı Kadın Bej Kısa Kol Elbise,999.9,https://www.colins.com.tr/p/slim-fit-nakisli-kadin-bej-kisa-kol-elbise-49309
Kadın Elbise,Regular Fit Metraj Baskılı Kadın Çok Renkli Kısa Kol Elbise,1899.9,https://www.colins.com.tr/p/regular-fit-metraj-baskili-kadin-cok-renkli-kisa-kol-elbise-48956
Kadın Elbise,Regular Fit  Kadın Lacivert  Elbise,1899.9,https://www.colins.com.tr/p/regular-fit-kadin-lacivert-elbise-48439
Kadın Elbise,Regular Fit Düz Kadın Dark İndigo Denim Kısa Kol Elbise,2499.9,https://www.colins.com.tr/p/regular-fit-duz-kadin-dark-indigo-denim-kisa-kol-elbise-48227
Kadın Elbise,Regular Fit  Kadın Siyah  Elbise,1999.9,https://www.colins.com.tr/p/regular-fit-kadin-siyah-elbise-48442
Kadın Elbise,Regular Fit Jakarlı Kadın Yeşil Kısa Kol Elbise,1599.9,https://www.colins.com.tr/p/regular-fit-jakarli-kadin-yesil-kisa-kol-elbise-48454
Kadın Elbise,Regular Fit  Kadın Lacivert  Elbise,1699.9,https://www.colins.com.tr/p/regular-fit-kadin-lacivert-elbise-44891
Kadın Elbise,Regular Fit  Kadın Kahverengi  Elbise,1299.95,https://www.colins.com.tr/p/regular-fit-kadin-kahverengi-elbise-48436
Kadın Elbise,Slim Fit Düz Kadın Koyu Mavi Kısa Kol Elbise,1799.95,https://www.colins.com.tr/p/slim-fit-duz-kadin-dark-indigo-denim-kisa-kol-elbise-47930
Kadın Elbise,Regular Fit Jakarlı Kadın Beyaz Kolsuz Elbise,1399.9,https://www.colins.com.tr/p/regular-fit-jakarli-kadin-beyaz-kolsuz-elbise-44836
Kadın Elbise,Cepsiz Regular Fit Çiçekli Kadın Çok Renkli Kısa Kol Elbise,299.99,https://www.colins.com.tr/p/cepsiz-regular-fit-cicekli-kadin-cok-renkli-kisa-kol-elbise-39350
Kadın Elbise,Regular Fit  Kadın Antrasit Kolsuz Elbise,299.99,https://www.colins.com.tr/p/regular-fit-kadin-antrasit-kolsuz-elbise-39994
Kadın Elbise,Regular Fit  Kadın Bej  Elbise,799.99,https://www.colins.com.tr/p/regular-fit-kadin-bej-elbise-44861
Kadın Elbise,Regular Fit  Kadın Bej  Elbise,799.99,https://www.colins.com.tr/p/regular-fit-kadin-bej-elbise-44863
Kadın Elbise,Regular Fit  Kadın Bej Uzun Kol Elbise,299.99,https://www.colins.com.tr/p/regular-fit-kadin-gri-uzun-kol-elbise-40579
Kadın Elbise,Regular Fit  Kadın Gri  Elbise,999.99,https://www.colins.com.tr/p/regular-fit-kadin-gri-elbise-44879
Kadın Elbise,Regular Fit  Kadın Kahverengi  Elbise,799.99,https://www.colins.com.tr/p/regular-fit-kadin-kahverengi-elbise-44080
Kadın Elbise,Regular Fit  Kadın Kahverengi Uzun Kol Elbise,299.99,https://www.colins.com.tr/p/regular-fit-kadin-kahverengi-uzun-kol-elbise-34913
Kadın Elbise,Regular Fit  Kadın Siyah  Elbise,499.99,https://www.colins.com.tr/p/regular-fit-kadin-siyah-elbise-43338
Kadın Elbise,Regular Fit  Kadın Siyah  Elbise,599.99,https://www.colins.com.tr/p/regular-fit-kadin-siyah-elbise-43474
Kadın Elbise,Regular Fit  Kadın Siyah  Elbise,999.99,https://www.colins.com.tr/p/regular-fit-kadin-siyah-elbise-44864
Kadın Elbise,Regular Fit  Kadın Siyah  Elbise,799.95,https://www.colins.com.tr/p/regular-fit-kadin-siyah-elbise-44865
Kadın Elbise,Regular Fit  Kadın Vizon  Elbise,999.99,https://www.colins.com.tr/p/regular-fit-kadin-vizon-elbise-44886
Kadın Elbise,Regular Fit  Kadın Vizon  Elbise,999.99,https://www.colins.com.tr/p/regular-fit-kadin-vizon-elbise-44889
Kadın Elbise,Regular Fit  Kadın Yeşil  Elbise,799.99,https://www.colins.com.tr/p/regular-fit-kadin-yesil-elbise-44893
Kadın Elbise,Regular Fit Çizgili Cepsiz Kadın Beyaz Kısa Kol Elbise,799.99,https://www.colins.com.tr/p/regular-fit-cizgili-cepsiz-kadin-beyaz-kisa-kol-elbise-44838
Kadın Elbise,Regular Fit Çizgili Kadın Ekru Askılı Elbise,599.99,https://www.colins.com.tr/p/regular-fit-cizgili-kadin-ekru-askili-elbise-44851
Kadın Elbise,Regular Fit Dokuma Kadın Bej Elbise,899.95,https://www.colins.com.tr/p/regular-fit-dokuma-kadin-bej-elbise-42335
Kadın Elbise,Regular Fit  Kadın Bej  Elbise,1999.9,https://www.colins.com.tr/p/regular-fit-kadin-bej-elbise-48434
Kadın Elbise,Regular Fit  Kadın Ekru  Elbise,1699.9,https://www.colins.com.tr/p/regular-fit-kadin-ekru-elbise-48435
Kadın Elbise,Regular Fit  Kadın Kirmizi  Elbise,1999.9,https://www.colins.com.tr/p/regular-fit-kadin-kirmizi-elbise-48437
Kadın Elbise,Regular Fit  Kadın Lacivert  Elbise,1699.9,https://www.colins.com.tr/p/regular-fit-kadin-lacivert-elbise-48438
Kadın Elbise,Regular Fit  Kadın Lacivert  Elbise,1999.9,https://www.colins.com.tr/p/regular-fit-kadin-lacivert-elbise-48440
Kadın Elbise,Regular Fit  Kadın Yeşil  Elbise,1699.9,https://www.colins.com.tr/p/regular-fit-kadin-yesil-elbise-48443
Kadın Elbise,Regular Fit Çizgili Kadın Çok Renkli Kısa Kol Elbise,1399.9,https://www.colins.com.tr/p/regular-fit-cizgili-kadin-cok-renkli-kisa-kol-elbise-49188
Kadın Elbise,Regular Fit Çizgili Kadın Mavi Kısa Kol Elbise,1699.9,https://www.colins.com.tr/p/regular-fit-cizgili-kadin-mavi-kisa-kol-elbise-49010
Kadın Elbise,Regular Fit Çizgili Kadın Siyah Kısa Kol Elbise,999.9,https://www.colins.com.tr/p/regular-fit-cizgili-kadin-siyah-kisa-kol-elbise-48445
Kadın Elbise,Regular Fit Düz Kadın Beyaz Kolsuz Elbise,1399.9,https://www.colins.com.tr/p/regular-fit-duz-kadin-beyaz-kolsuz-elbise-49189
Kadın Elbise,Regular Fit Düz Kadın Colour Denim Kısa Kol Elbise,2499.9,https://www.colins.com.tr/p/regular-fit-duz-kadin-colour-denim-kisa-kol-elbise-49352
Kadın Elbise,Regular Fit Düz Kadın Kahverengi Kolsuz Elbise,1399.9,https://www.colins.com.tr/p/regular-fit-duz-kadin-kahverengi-kolsuz-elbise-48449
Kadın Elbise,Regular Fit Düz Kadın Lacivert Kısa Kol Elbise,999.9,https://www.colins.com.tr/p/regular-fit-duz-kadin-lacivert-kisa-kol-elbise-48802
Kadın Elbise,Regular Fit Düz Kadın Light İndigo Denim Askılı Elbise,2499.9,https://www.colins.com.tr/p/regular-fit-duz-kadin-light-indigo-denim-askili-elbise-49353
Kadın Elbise,Regular Fit Düz Kadın Light İndigo Denim Kısa Kol Elbise,2499.9,https://www.colins.com.tr/p/regular-fit-duz-kadin-light-indigo-denim-kisa-kol-elbise-49354
Kadın Elbise,Regular Fit Düz Kadın Yeşil Kısa Kol Elbise,1699.9,https://www.colins.com.tr/p/regular-fit-duz-kadin-yesil-kisa-kol-elbise-49020
Kadın Elbise,Regular Fit Jakarlı Kadın Beyaz Kısa Kol Elbise,1599.9,https://www.colins.com.tr/p/regular-fit-jakarli-kadin-beyaz-kisa-kol-elbise-48453
Kadın Elbise,Regular Fit Metraj Baskılı Kadın Ekru Kolsuz Elbise,1499.9,https://www.colins.com.tr/p/regular-fit-metraj-baskili-kadin-ekru-kolsuz-elbise-49023
Kadın Elbise,Slim Fit Düz Kadın Antrasit Kısa Kol Elbise,799.9,https://www.colins.com.tr/p/slim-fit-duz-kadin-antrasit-kisa-kol-elbise-48804
Kadın Elbise,Slim Fit Jakarlı Kadın Beyaz Kısa Kol Elbise,1399.9,https://www.colins.com.tr/p/slim-fit-jakarli-kadin-beyaz-kisa-kol-elbise-49308
Kadın Elbise,Slim Fit Nakışlı Kadın Bej Kısa Kol Elbise,999.9,https://www.colins.com.tr/p/slim-fit-nakisli-kadin-bej-kisa-kol-elbise-49309
Kadın Elbise,Regular Fit Metraj Baskılı Kadın Çok Renkli Kısa Kol Elbise,1899.9,https://www.colins.com.tr/p/regular-fit-metraj-baskili-kadin-cok-renkli-kisa-kol-elbise-48956
Kadın Elbise,Regular Fit  Kadın Lacivert  Elbise,1899.9,https://www.colins.com.tr/p/regular-fit-kadin-lacivert-elbise-48439
Kadın Elbise,Regular Fit Düz Kadın Dark İndigo Denim Kısa Kol Elbise,2499.9,https://www.colins.com.tr/p/regular-fit-duz-kadin-dark-indigo-denim-kisa-kol-elbise-48227
Kadın Elbise,Regular Fit  Kadın Siyah  Elbise,1999.9,https://www.colins.com.tr/p/regular-fit-kadin-siyah-elbise-48442
Kadın Elbise,Regular Fit Jakarlı Kadın Yeşil Kısa Kol Elbise,1599.9,https://www.colins.com.tr/p/regular-fit-jakarli-kadin-yesil-kisa-kol-elbise-48454
Kadın Elbise,Regular Fit  Kadın Lacivert  Elbise,1699.9,https://www.colins.com.tr/p/regular-fit-kadin-lacivert-elbise-44891
Kadın Elbise,Regular Fit  Kadın Kahverengi  Elbise,1299.95,https://www.colins.com.tr/p/regular-fit-kadin-kahverengi-elbise-48436
Kadın Elbise,Slim Fit Düz Kadın Koyu Mavi Kısa Kol Elbise,1799.95,https://www.colins.com.tr/p/slim-fit-duz-kadin-dark-indigo-denim-kisa-kol-elbise-47930
Kadın Elbise,Regular Fit Jakarlı Kadın Beyaz Kolsuz Elbise,1399.9,https://www.colins.com.tr/p/regular-fit-jakarli-kadin-beyaz-kolsuz-elbise-44836
Kadın Elbise,Cepsiz Regular Fit Çiçekli Kadın Çok Renkli Kısa Kol Elbise,299.99,https://www.colins.com.tr/p/cepsiz-regular-fit-cicekli-kadin-cok-renkli-kisa-kol-elbise-39350
Kadın Elbise,Regular Fit  Kadın Antrasit Kolsuz Elbise,299.99,https://www.colins.com.tr/p/regular-fit-kadin-antrasit-kolsuz-elbise-39994
Kadın Elbise,Regular Fit  Kadın Bej  Elbise,799.99,https://www.colins.com.tr/p/regular-fit-kadin-bej-elbise-44861
Kadın Elbise,Regular Fit  Kadın Bej  Elbise,799.99,https://www.colins.com.tr/p/regular-fit-kadin-bej-elbise-44863
Kadın Elbise,Regular Fit  Kadın Bej Uzun Kol Elbise,299.99,https://www.colins.com.tr/p/regular-fit-kadin-gri-uzun-kol-elbise-40579
Kadın Elbise,Regular Fit  Kadın Gri  Elbise,999.99,https://www.colins.com.tr/p/regular-fit-kadin-gri-elbise-44879
Kadın Elbise,Regular Fit  Kadın Kahverengi  Elbise,799.99,https://www.colins.com.tr/p/regular-fit-kadin-kahverengi-elbise-44080
Kadın Elbise,Regular Fit  Kadın Kahverengi Uzun Kol Elbise,299.99,https://www.colins.com.tr/p/regular-fit-kadin-kahverengi-uzun-kol-elbise-34913
Kadın Elbise,Regular Fit  Kadın Siyah  Elbise,499.99,https://www.colins.com.tr/p/regular-fit-kadin-siyah-elbise-43338
Kadın Elbise,Regular Fit  Kadın Siyah  Elbise,599.99,https://www.colins.com.tr/p/regular-fit-kadin-siyah-elbise-43474
Kadın Elbise,Regular Fit  Kadın Siyah  Elbise,999.99,https://www.colins.com.tr/p/regular-fit-kadin-siyah-elbise-44864
Kadın Elbise,Regular Fit  Kadın Siyah  Elbise,799.95,https://www.colins.com.tr/p/regular-fit-kadin-siyah-elbise-44865
Kadın Elbise,Regular Fit  Kadın Vizon  Elbise,999.99,https://www.colins.com.tr/p/regular-fit-kadin-vizon-elbise-44886
Kadın Elbise,Regular Fit  Kadın Vizon  Elbise,999.99,https://www.colins.com.tr/p/regular-fit-kadin-vizon-elbise-44889
Kadın Elbise,Regular Fit  Kadın Yeşil  Elbise,799.99,https://www.colins.com.tr/p/regular-fit-kadin-yesil-elbise-44893
Kadın Elbise,Regular Fit Çizgili Cepsiz Kadın Beyaz Kısa Kol Elbise,799.99,https://www.colins.com.tr/p/regular-fit-cizgili-cepsiz-kadin-beyaz-kisa-kol-elbise-44838
Kadın Elbise,Regular Fit Çizgili Kadın Ekru Askılı Elbise,599.99,https://www.colins.com.tr/p/regular-fit-cizgili-kadin-ekru-askili-elbise-44851
Kadın Elbise,Regular Fit Dokuma Kadın Bej Elbise,899.95,https://www.colins.com.tr/p/regular-fit-dokuma-kadin-bej-elbise-42335
Kadın Etek,Regular Fit  Kadın Bej  Elbise,1999.9,https://www.colins.com.tr/p/regular-fit-kadin-bej-elbise-48434
Kadın Etek,Regular Fit  Kadın Ekru  Elbise,1699.9,https://www.colins.com.tr/p/regular-fit-kadin-ekru-elbise-48435
Kadın Etek,Regular Fit  Kadın Kirmizi  Elbise,1999.9,https://www.colins.com.tr/p/regular-fit-kadin-kirmizi-elbise-48437
Kadın Etek,Regular Fit  Kadın Lacivert  Elbise,1699.9,https://www.colins.com.tr/p/regular-fit-kadin-lacivert-elbise-48438
Kadın Etek,Regular Fit  Kadın Lacivert  Elbise,1999.9,https://www.colins.com.tr/p/regular-fit-kadin-lacivert-elbise-48440
Kadın Etek,Regular Fit  Kadın Yeşil  Elbise,1699.9,https://www.colins.com.tr/p/regular-fit-kadin-yesil-elbise-48443
Kadın Etek,Regular Fit Çizgili Kadın Çok Renkli Kısa Kol Elbise,1399.9,https://www.colins.com.tr/p/regular-fit-cizgili-kadin-cok-renkli-kisa-kol-elbise-49188
Kadın Etek,Regular Fit Çizgili Kadın Mavi Kısa Kol Elbise,1699.9,https://www.colins.com.tr/p/regular-fit-cizgili-kadin-mavi-kisa-kol-elbise-49010
Kadın Etek,Regular Fit Çizgili Kadın Siyah Kısa Kol Elbise,999.9,https://www.colins.com.tr/p/regular-fit-cizgili-kadin-siyah-kisa-kol-elbise-48445
Kadın Etek,Regular Fit Düz Kadın Beyaz Kolsuz Elbise,1399.9,https://www.colins.com.tr/p/regular-fit-duz-kadin-beyaz-kolsuz-elbise-49189
Kadın Etek,Regular Fit Düz Kadın Colour Denim Kısa Kol Elbise,2499.9,https://www.colins.com.tr/p/regular-fit-duz-kadin-colour-denim-kisa-kol-elbise-49352
Kadın Etek,Regular Fit Düz Kadın Kahverengi Kolsuz Elbise,1399.9,https://www.colins.com.tr/p/regular-fit-duz-kadin-kahverengi-kolsuz-elbise-48449
Kadın Etek,Regular Fit Düz Kadın Lacivert Kısa Kol Elbise,999.9,https://www.colins.com.tr/p/regular-fit-duz-kadin-lacivert-kisa-kol-elbise-48802
Kadın Etek,Regular Fit Düz Kadın Light İndigo Denim Askılı Elbise,2499.9,https://www.colins.com.tr/p/regular-fit-duz-kadin-light-indigo-denim-askili-elbise-49353
Kadın Etek,Regular Fit Düz Kadın Light İndigo Denim Kısa Kol Elbise,2499.9,https://www.colins.com.tr/p/regular-fit-duz-kadin-light-indigo-denim-kisa-kol-elbise-49354
Kadın Etek,Regular Fit Düz Kadın Yeşil Kısa Kol Elbise,1699.9,https://www.colins.com.tr/p/regular-fit-duz-kadin-yesil-kisa-kol-elbise-49020
Kadın Etek,Regular Fit Jakarlı Kadın Beyaz Kısa Kol Elbise,1599.9,https://www.colins.com.tr/p/regular-fit-jakarli-kadin-beyaz-kisa-kol-elbise-48453
Kadın Etek,Regular Fit Metraj Baskılı Kadın Ekru Kolsuz Elbise,1499.9,https://www.colins.com.tr/p/regular-fit-metraj-baskili-kadin-ekru-kolsuz-elbise-49023
Kadın Etek,Slim Fit Düz Kadın Antrasit Kısa Kol Elbise,799.9,https://www.colins.com.tr/p/slim-fit-duz-kadin-antrasit-kisa-kol-elbise-48804
Kadın Etek,Slim Fit Jakarlı Kadın Beyaz Kısa Kol Elbise,1399.9,https://www.colins.com.tr/p/slim-fit-jakarli-kadin-beyaz-kisa-kol-elbise-49308
Kadın Etek,Slim Fit Nakışlı Kadın Bej Kısa Kol Elbise,999.9,https://www.colins.com.tr/p/slim-fit-nakisli-kadin-bej-kisa-kol-elbise-49309
Kadın Etek,Regular Fit Metraj Baskılı Kadın Çok Renkli Kısa Kol Elbise,1899.9,https://www.colins.com.tr/p/regular-fit-metraj-baskili-kadin-cok-renkli-kisa-kol-elbise-48956
Kadın Etek,Regular Fit  Kadın Lacivert  Elbise,1899.9,https://www.colins.com.tr/p/regular-fit-kadin-lacivert-elbise-48439
Kadın Etek,Regular Fit Düz Kadın Dark İndigo Denim Kısa Kol Elbise,2499.9,https://www.colins.com.tr/p/regular-fit-duz-kadin-dark-indigo-denim-kisa-kol-elbise-48227
Kadın Etek,Regular Fit  Kadın Siyah  Elbise,1999.9,https://www.colins.com.tr/p/regular-fit-kadin-siyah-elbise-48442
Kadın Etek,Regular Fit Jakarlı Kadın Yeşil Kısa Kol Elbise,1599.9,https://www.colins.com.tr/p/regular-fit-jakarli-kadin-yesil-kisa-kol-elbise-48454
Kadın Etek,Regular Fit  Kadın Lacivert  Elbise,1699.9,https://www.colins.com.tr/p/regular-fit-kadin-lacivert-elbise-44891
Kadın Etek,Midi Düz  Kadın Yeşil Etek,1199.9,https://www.colins.com.tr/p/midi-duz-kadin-yesil-etek-49003
Kadın Etek,Midi Metraj Baskılı  Kadın Yeşil Etek,999.9,https://www.colins.com.tr/p/midi-metraj-baskili-kadin-yesil-etek-48420
Kadın Etek,Regular Fit Düz  Kadın Bej Etek,1099.9,https://www.colins.com.tr/p/regular-fit-duz-kadin-bej-etek-48446
Kadın Etek,Regular Fit Düz Fermuarlı Kadın Bleach İndigo Denim Etek,1499.9,https://www.colins.com.tr/p/regular-fit-duz-fermuarli-kadin-bleach-indigo-denim-etek-49647
Kadın Etek,Regular Fit Düz Fermuarlı Kadın Light İndigo Denim Etek,1499.9,https://www.colins.com.tr/p/regular-fit-duz-fermuarli-kadin-light-indigo-denim-etek-49427
Kadın Etek,Slim Fit Düz Fermuarlı Kadın Denim Etek,1499.9,https://www.colins.com.tr/p/slim-fit-duz-fermuarli-kadin-denim-etek-49441
Kadın Etek,Slim Fit Düz Fermuarlı Kadın Light İndigo Denim Etek,1399.9,https://www.colins.com.tr/p/slim-fit-duz-fermuarli-kadin-light-indigo-denim-etek-49442
Kadın Etek,Midi Düz  Kadın Beyaz Etek,1399.9,https://www.colins.com.tr/p/midi-duz-kadin-beyaz-etek-48418
Kadın Etek,Midi Düz  Kadın Lacivert Etek,1399.9,https://www.colins.com.tr/p/midi-duz-kadin-lacivert-etek-48419
Kadın Etek,Maxi Length Düz  Kadın Taş Etek,1399.9,https://www.colins.com.tr/p/maxi-length-duz-kadin-tas-etek-48414
Kadın Etek,Maxi Length Metraj Baskılı Düğmeli Kadın Lacivert Etek,1199.9,https://www.colins.com.tr/p/maxi-length-metraj-baskili-dugmeli-kadin-lacivert-etek-48416
Kadın Etek,Slim Fit Düz Düğmeli Kadın Mid İndigo Denim Etek,1499.9,https://www.colins.com.tr/p/slim-fit-duz-dugmeli-kadin-mid-indigo-denim-etek-48835
Kadın Etek,Slim Fit Jakarlı Fermuarlı Kadın Mid İndigo Denim Etek,1399.9,https://www.colins.com.tr/p/slim-fit-jakarli-fermuarli-kadin-mid-indigo-denim-etek-48234
Kadın Etek,Midi Çizgili  Kadın Lacivert Etek,1399.9,https://www.colins.com.tr/p/midi-cizgili-kadin-lacivert-etek-45506
Kadın Etek,Regular Fit  Kadın Kahverengi  Elbise,1299.95,https://www.colins.com.tr/p/regular-fit-kadin-kahverengi-elbise-48436
Kadın Etek,Slim Fit Düz Kadın Koyu Mavi Kısa Kol Elbise,1799.95,https://www.colins.com.tr/p/slim-fit-duz-kadin-dark-indigo-denim-kisa-kol-elbise-47930
Kadın Gömlek,Boyfriend Fit Shirt Neck Çizgili Kadın Mavi Uzun Kol Gömlek,899.9,https://www.colins.com.tr/p/boyfriend-fit-shirt-neck-cizgili-kadin-mavi-uzun-kol-gomlek-48257
Kadın Gömlek,Boyfriend Fit Shirt Neck Çizgili Kadın Mor Uzun Kol Gömlek,899.9,https://www.colins.com.tr/p/boyfriend-fit-shirt-neck-cizgili-kadin-mor-uzun-kol-gomlek-48969
Kadın Gömlek,Boyfriend Fit Shirt Neck Çizgili Kadın Sari Uzun Kol Gömlek,899.9,https://www.colins.com.tr/p/boyfriend-fit-shirt-neck-cizgili-kadin-sari-uzun-kol-gomlek-48970
Kadın Gömlek,Boyfriend Fit Shirt Neck Düz Kadın Bej Uzun Kol Gömlek,1299.9,https://www.colins.com.tr/p/boyfriend-fit-shirt-neck-duz-kadin-bej-uzun-kol-gomlek-48259
Kadın Gömlek,Boyfriend Fit Shirt Neck Düz Kadın Beyaz Uzun Kol Gömlek,1299.9,https://www.colins.com.tr/p/boyfriend-fit-shirt-neck-duz-kadin-beyaz-uzun-kol-gomlek-48260
Kadın Gömlek,Boyfriend Fit Shirt Neck Düz Kadın Kahverengi Uzun Kol Gömlek,1299.9,https://www.colins.com.tr/p/boyfriend-fit-shirt-neck-duz-kadin-kahverengi-uzun-kol-gomlek-48262
Kadın Gömlek,Boyfriend Fit Shirt Neck Düz Kadın Pembe Uzun Kol Gömlek,899.9,https://www.colins.com.tr/p/boyfriend-fit-shirt-neck-duz-kadin-pembe-uzun-kol-gomlek-48972
Kadın Gömlek,Boyfriend Fit Shirt Neck Düz Kadın Sari Uzun Kol Gömlek,899.9,https://www.colins.com.tr/p/boyfriend-fit-shirt-neck-duz-kadin-sari-uzun-kol-gomlek-48264
Kadın Gömlek,Boyfriend Fit Shirt Neck Jakarlı Kadın Beyaz Uzun Kol Gömlek,1799.9,https://www.colins.com.tr/p/boyfriend-fit-shirt-neck-jakarli-kadin-beyaz-uzun-kol-gomlek-49491
Kadın Gömlek,Boyfriend Fit Shirt Neck Jakarlı Kadın Mavi Uzun Kol Gömlek,1799.9,https://www.colins.com.tr/p/boyfriend-fit-shirt-neck-jakarli-kadin-mavi-uzun-kol-gomlek-49492
Kadın Gömlek,Fashion Fit Hakim Yaka Çizgili Kadın Bej Uzun Kol Gömlek,999.9,https://www.colins.com.tr/p/fashion-fit-hakim-yaka-cizgili-kadin-bej-uzun-kol-gomlek-48391
Kadın Gömlek,Fashion Fit Shirt Neck Çizgili Kadın Yeşil Uzun Kol Gömlek,999.9,https://www.colins.com.tr/p/fashion-fit-shirt-neck-cizgili-kadin-yesil-uzun-kol-gomlek-48396
Kadın Gömlek,Fashion Fit Shirt Neck Düz Kadın Beyaz Roll-up Gömlek,899.9,https://www.colins.com.tr/p/fashion-fit-shirt-neck-duz-kadin-beyaz-roll-up-gomlek-48987
Kadın Gömlek,Fashion Fit Shirt Neck Düz Kadın Pembe ¾ Kol Gömlek,1599.9,https://www.colins.com.tr/p/fashion-fit-shirt-neck-duz-kadin-pembe-kol-gomlek-49493
Kadın Gömlek,Fashion Fit Shirt Neck Düz Kadın Turuncu Roll-up Gömlek,899.9,https://www.colins.com.tr/p/fashion-fit-shirt-neck-duz-kadin-turuncu-roll-up-gomlek-48988
Kadın Gömlek,Fashion Fit Shirt Neck Düz Kadın Turuncu Uzun Kol Gömlek,1599.9,https://www.colins.com.tr/p/fashion-fit-shirt-neck-duz-kadin-turuncu-uzun-kol-gomlek-49803
Kadın Gömlek,Fashion Fit Shirt Neck Düz Kadın Yeşil Roll-up Gömlek,899.9,https://www.colins.com.tr/p/fashion-fit-shirt-neck-duz-kadin-yesil-roll-up-gomlek-48990
Kadın Gömlek,Fashion Fit Shirt Neck Düz Kadın Yeşil Uzun Kol Gömlek,1599.9,https://www.colins.com.tr/p/fashion-fit-shirt-neck-duz-kadin-yesil-uzun-kol-gomlek-48401
Kadın Gömlek,Fashion Fit Shirt Neck Düz Kadın Yeşil Uzun Kol Gömlek,1599.9,https://www.colins.com.tr/p/fashion-fit-shirt-neck-duz-kadin-yesil-uzun-kol-gomlek-49804
Kadın Gömlek,Fashion Fit Shirt Neck Jakarlı Kadın Ekru Uzun Kol Gömlek,999.9,https://www.colins.com.tr/p/fashion-fit-shirt-neck-jakarli-kadin-ekru-uzun-kol-gomlek-48402
Kadın Gömlek,Fashion Fit Yuvarlak Yaka Baskılı Kadın Beyaz Uzun Kol Gömlek,999.9,https://www.colins.com.tr/p/fashion-fit-yuvarlak-yaka-baskili-kadin-beyaz-uzun-kol-gomlek-48406
Kadın Gömlek,Fashion Fit Yuvarlak Yaka Düz Kadın Sari Uzun Kol Gömlek,999.9,https://www.colins.com.tr/p/fashion-fit-yuvarlak-yaka-duz-kadin-sari-uzun-kol-gomlek-48410
Kadın Gömlek,Fashion Fit Yuvarlak Yaka Metraj Baskılı Kadın Pembe Uzun Kol Gömlek,1199.9,https://www.colins.com.tr/p/fashion-fit-yuvarlak-yaka-metraj-baskili-kadin-pembe-uzun-kol-gomlek-48953
Kadın Gömlek,Fashion Fit Yuvarlak Yaka Metraj Baskılı Kadın Sari Uzun Kol Gömlek,1199.9,https://www.colins.com.tr/p/fashion-fit-yuvarlak-yaka-metraj-baskili-kadin-sari-uzun-kol-gomlek-48954
Kadın Gömlek,Oversize Shirt Neck Çizgili Kadın Mavi Uzun Kol Gömlek,999.9,https://www.colins.com.tr/p/oversize-shirt-neck-cizgili-kadin-mavi-uzun-kol-gomlek-48424
Kadın Gömlek,Oversize Shirt Neck Çizgili Kadın Turuncu Uzun Kol Gömlek,999.9,https://www.colins.com.tr/p/oversize-shirt-neck-cizgili-kadin-turuncu-uzun-kol-gomlek-48425
Kadın Gömlek,Regular Fit   Kadın Light İndigo Denim  Gömlek,1599.9,https://www.colins.com.tr/p/regular-fit-kadin-light-indigo-denim-gomlek-48223
Kadın Gömlek,Regular Fit Shirt Neck Çizgili Kadın Mavi Roll-up Gömlek,899.9,https://www.colins.com.tr/p/regular-fit-shirt-neck-cizgili-kadin-mavi-roll-up-gomlek-49054
Kadın Gömlek,Regular Fit Shirt Neck Çizgili Kadın Mavi Uzun Kol Gömlek,999.9,https://www.colins.com.tr/p/regular-fit-shirt-neck-cizgili-kadin-mavi-uzun-kol-gomlek-48478
Kadın Gömlek,Regular Fit Shirt Neck Düz Kadın Yeşil Uzun Kol Gömlek,899.9,https://www.colins.com.tr/p/regular-fit-shirt-neck-duz-kadin-yesil-uzun-kol-gomlek-48304
Kadın Gömlek,Relaxed Fit   Kadın Beyaz  Gömlek,1299.9,https://www.colins.com.tr/p/relaxed-fit-kadin-beyaz-gomlek-44686
Kadın Gömlek,Boyfriend Fit Shirt Neck Düz Kadın Beyaz Uzun Kol Gömlek,799.9,https://www.colins.com.tr/p/boyfriend-fit-shirt-neck-duz-kadin-beyaz-uzun-kol-gomlek-48261
Kadın Gömlek,Boyfriend Fit Shirt Neck Düz Kadın Peach Uzun Kol Gömlek,799.9,https://www.colins.com.tr/p/boyfriend-fit-shirt-neck-duz-kadin-peach-uzun-kol-gomlek-48265
Kadın Gömlek,Boyfriend Fit Shirt Neck Düz Kadın Pembe Uzun Kol Gömlek,899.9,https://www.colins.com.tr/p/boyfriend-fit-shirt-neck-duz-kadin-pembe-uzun-kol-gomlek-48263
Kadın Gömlek,Boyfriend Fit Shirt Neck Düz Kadın Salmon Uzun Kol Gömlek,1299.9,https://www.colins.com.tr/p/boyfriend-fit-shirt-neck-duz-kadin-salmon-uzun-kol-gomlek-48266
Kadın Gömlek,Boyfriend Fit Shirt Neck Düz Kadın Yeşil Uzun Kol Gömlek,799.9,https://www.colins.com.tr/p/boyfriend-fit-shirt-neck-duz-kadin-yesil-uzun-kol-gomlek-48267
Kadın Gömlek,Regular Fit Shirt Neck Düz Kadın Kahverengi Uzun Kol Gömlek,899.9,https://www.colins.com.tr/p/regular-fit-shirt-neck-duz-kadin-kahverengi-uzun-kol-gomlek-48303
Kadın Gömlek,Regular Fit Shirt Neck Puantiyeli Kadın Ekru Uzun Kol Gömlek,999.9,https://www.colins.com.tr/p/regular-fit-shirt-neck-puantiyeli-kadin-ekru-uzun-kol-gomlek-48484
Kadın Gömlek,Boyfriend Shirt Neck Nakışlı Kadın Ekru Uzun Kol Gömlek,1299.9,https://www.colins.com.tr/p/boyfriend-shirt-neck-nakisli-kadin-ekru-uzun-kol-gomlek-48382
Kadın Gömlek,Fashion Fit Shirt Neck Düz Kadın Mavi Uzun Kol Gömlek,1299.9,https://www.colins.com.tr/p/fashion-fit-shirt-neck-duz-kadin-mavi-uzun-kol-gomlek-48398
Kadın Gömlek,Fashion Fit Shirt Neck Nakışlı Kadın Beyaz Uzun Kol Gömlek,1199.9,https://www.colins.com.tr/p/fashion-fit-shirt-neck-nakisli-kadin-beyaz-uzun-kol-gomlek-48405
Kadın Gömlek,Regular Fit Shirt Neck Kareli Kadın Lacivert Uzun Kol Gömlek,999.9,https://www.colins.com.tr/p/regular-fit-shirt-neck-kareli-kadin-lacivert-uzun-kol-gomlek-48483
Kadın Gömlek,Oversize Fit Klasik Yaka Düz Kadın Grey Denim Uzun Kol Gömlek,1699.9,https://www.colins.com.tr/p/oversize-fit-klasik-yaka-duz-kadin-grey-denim-uzun-kol-gomlek-48221
Kadın Gömlek,Boyfriend Shirt Neck Düz Kadın Lacivert Uzun Kol Gömlek,1199.9,https://www.colins.com.tr/p/boyfriend-shirt-neck-duz-kadin-lacivert-uzun-kol-gomlek-48381
Kadın Gömlek,Fashion Fit Shirt Neck Düz Kadın Beyaz Uzun Kol Gömlek,1599.9,https://www.colins.com.tr/p/fashion-fit-shirt-neck-duz-kadin-beyaz-uzun-kol-gomlek-48397
Kadın Gömlek,Fashion Fit Yuvarlak Yaka Nakışlı Kadın Ekru Uzun Kol Gömlek,999.9,https://www.colins.com.tr/p/fashion-fit-yuvarlak-yaka-nakisli-kadin-ekru-uzun-kol-gomlek-48411
Kadın Gömlek,Fashion Fit Yuvarlak Yaka Nakışlı Kadın Ekru Uzun Kol Gömlek,1299.9,https://www.colins.com.tr/p/fashion-fit-yuvarlak-yaka-nakisli-kadin-ekru-uzun-kol-gomlek-48412
Kadın Gömlek,Oversize Fit Shirt Neck Çizgili Kadın Pembe Uzun Kol Gömlek,899.9,https://www.colins.com.tr/p/oversize-fit-shirt-neck-cizgili-kadin-pembe-uzun-kol-gomlek-47771
Kadın Gömlek,Regular Fit Shirt Neck Düz Kadın Beyaz Uzun Kol Gömlek,1299.9,https://www.colins.com.tr/p/regular-fit-shirt-neck-duz-kadin-beyaz-uzun-kol-gomlek-48479
Kadın Gömlek,Regular Fit Hakim Yaka Düz Kadın Beyaz Uzun Kol Gömlek,1299.9,https://www.colins.com.tr/p/regular-fit-hakim-yaka-duz-kadin-beyaz-uzun-kol-gomlek-45382
Kadın Gömlek,Fashion Fit Shirt Neck Düz Kadın Açik Kahverengi Kısa Kol Gömlek,999.9,https://www.colins.com.tr/p/fashion-fit-shirt-neck-duz-kadin-acik-kahverengi-kisa-kol-gomlek-48985
Kadın Gömlek,Fashion Fit Shirt Neck Düz Kadın Yeşil Kısa Kol Gömlek,999.9,https://www.colins.com.tr/p/fashion-fit-shirt-neck-duz-kadin-yesil-kisa-kol-gomlek-48989
Kadın Gömlek,Fashion Fit Shirt Neck Jakarlı Kadın Beyaz Kısa Kol Gömlek,1299.9,https://www.colins.com.tr/p/fashion-fit-shirt-neck-jakarli-kadin-beyaz-kisa-kol-gomlek-48991
Kadın Gömlek,Fashion Fit Shirt Neck Nakışlı Kadın Beyaz Kısa Kol Gömlek,1299.9,https://www.colins.com.tr/p/fashion-fit-shirt-neck-nakisli-kadin-beyaz-kisa-kol-gomlek-48404
Kadın Gömlek,Fashion Fit Yuvarlak Yaka Düz Kadın Kahverengi Kısa Kol Gömlek,899.9,https://www.colins.com.tr/p/fashion-fit-yuvarlak-yaka-duz-kadin-kahverengi-kisa-kol-gomlek-48408
Kadın Gömlek,Fashion Fit Yuvarlak Yaka Düz Kadın Mavi Kısa Kol Gömlek,999.9,https://www.colins.com.tr/p/fashion-fit-yuvarlak-yaka-duz-kadin-mavi-kisa-kol-gomlek-48409
Kadın Gömlek,Oversize Fit Klasik Yaka Düz Kadın Colour Denim Kısa Kol Gömlek,1399.9,https://www.colins.com.tr/p/oversize-fit-klasik-yaka-duz-kadin-colour-denim-kisa-kol-gomlek-49347
Kadın Gömlek,Fashion Fit Shirt Neck Çizgili Kadın Mavi Kısa Kol Gömlek,999.9,https://www.colins.com.tr/p/fashion-fit-shirt-neck-cizgili-kadin-mavi-kisa-kol-gomlek-48394
Kadın Gömlek,Fashion Fit Shirt Neck Düz Kadın Yeşil Kısa Kol Gömlek,999.9,https://www.colins.com.tr/p/fashion-fit-shirt-neck-duz-kadin-yesil-kisa-kol-gomlek-48400
Kadın Gömlek,Fashion Fit Shirt Neck Jakarlı Kadın Ekru Uzun Kol Gömlek,799.95,https://www.colins.com.tr/p/fashion-fit-shirt-neck-jakarli-kadin-ekru-uzun-kol-gomlek-48403
Kadın Gömlek,Regular Fit Shirt Neck Düz Kadın Yeşil Uzun Kol Gömlek,799.95,https://www.colins.com.tr/p/regular-fit-shirt-neck-duz-kadin-yesil-uzun-kol-gomlek-48481
Kadın Gömlek,Boyfriend Fit Shirt Neck Düz Kadın Beyaz Uzun Kol Gömlek,699.95,https://www.colins.com.tr/p/boyfriend-fit-shirt-neck-duz-kadin-beyaz-uzun-kol-gomlek-47750
Kadın Gömlek,Regular Fit Shirt Neck Ekoseli Kadın Beyaz Uzun Kol Gömlek,699.95,https://www.colins.com.tr/p/regular-fit-shirt-neck-ekoseli-kadin-beyaz-uzun-kol-gomlek-47820
Kadın Gömlek,Fashion Fit Hakim Yaka Düz Kadın Mavi Uzun Kol Gömlek,799.95,https://www.colins.com.tr/p/fashion-fit-hakim-yaka-duz-kadin-mavi-uzun-kol-gomlek-47831
Kadın Gömlek,Regular Fit Klasik Yaka Düz Kadın Koyu Mavi Uzun Kol Gömlek,1299.95,https://www.colins.com.tr/p/regular-fit-klasik-yaka-duz-kadin-koyu-mavi-uzun-kol-gomlek-48028
Kadın Gömlek,Regular Fit Shirt Neck Çizgili Kadın Beyaz Uzun Kol Gömlek,699.95,https://www.colins.com.tr/p/regular-fit-shirt-neck-cizgili-kadin-beyaz-uzun-kol-gomlek-47810
Kadın Gömlek,Regular Fit Shirt Neck Çizgili Kadın Mavi Uzun Kol Gömlek,699.95,https://www.colins.com.tr/p/regular-fit-shirt-neck-cizgili-kadin-mavi-uzun-kol-gomlek-47811
Kadın Sweatshirt,Regular Fit Yuvarlak Yaka Batik Kadın Yeşil Sweatshirt,799.95,https://www.colins.com.tr/p/regular-fit-yuvarlak-yaka-batik-kadin-yesil-sweatshirt-48803
Kadın Sweatshirt,Regular Fit Yuvarlak Yaka Düz Kadın Mavi Sweatshirt,799.95,https://www.colins.com.tr/p/regular-fit-yuvarlak-yaka-duz-kadin-mavi-sweatshirt-48540
Kadın Sweatshirt,Regular Fit Yuvarlak Yaka Düz Kadın Yeşil Sweatshirt,699.95,https://www.colins.com.tr/p/regular-fit-yuvarlak-yaka-duz-kadin-yesil-sweatshirt-47909
Kadın Sweatshirt,Regular Fit Gömlek Yaka Ekru Kadın Sweatshirt,799.95,https://www.colins.com.tr/p/undefinedname-47944
Kadın Sweatshirt,Regular Fit Yuvarlak Yaka Düz Kadın Kahverengi Sweatshirt,799.95,https://www.colins.com.tr/p/regular-fit-yuvarlak-yaka-duz-kadin-kahverengi-sweatshirt-47903
Kadın Sweatshirt,Relax Fit Yuvarlak Yaka Düz Kadın Lacivert Sweatshirt,799.95,https://www.colins.com.tr/p/relax-fit-yuvarlak-yaka-duz-kadin-lacivert-sweatshirt-47914
Kadın Sweatshirt,Regular Fit Yuvarlak Yaka Baskılı Kadın Yeşil Sweatshirt,699.95,https://www.colins.com.tr/p/regular-fit-yuvarlak-yaka-baskili-kadin-yesil-sweatshirt-47896
Kadın Sweatshirt,Regular Fit Yuvarlak Yaka Düz Kadın Sari Sweatshirt,699.95,https://www.colins.com.tr/p/regular-fit-yuvarlak-yaka-duz-kadin-sari-sweatshirt-47908
Kadın Kazak,Slim Fit Polo Yaka Çizgili Kadın Bej Kısa Kol Kazak,849.9,https://www.colins.com.tr/p/slim-fit-polo-yaka-cizgili-kadin-bej-kisa-kol-kazak-49310
Kadın Kazak,Slim Fit Polo Yaka Düz Kadın Ekru Kısa Kol Kazak,1099.9,https://www.colins.com.tr/p/slim-fit-polo-yaka-duz-kadin-ekru-kisa-kol-kazak-48881
Kadın Kazak,Slim Fit   Kadın Kahverengi  Kazak,1099.9,https://www.colins.com.tr/p/slim-fit-kadin-kahverengi-kazak-48555
Kadın Kazak,Slim Fit Polo Yaka Çizgili Kadın Kahverengi Kısa Kol Kazak,1099.9,https://www.colins.com.tr/p/slim-fit-polo-yaka-cizgili-kadin-kahverengi-kisa-kol-kazak-48880
Kadın Kazak,Slim Fit   Kadın Lacivert  Kazak,1099.9,https://www.colins.com.tr/p/slim-fit-kadin-lacivert-kazak-48878
Kadın Kazak,Slim Fit   Kadın Yeşil  Kazak,849.9,https://www.colins.com.tr/p/slim-fit-kadin-yesil-kazak-48556
Kadın Kazak,Regular Fit Polo Yaka Çizgili Kadın Mavi Kazak,799.95,https://www.colins.com.tr/p/regular-fit-polo-yaka-cizgili-kadin-mavi-kazak-47890
Kadın Kazak,Regular Fit Yuvarlak Yaka Düz Kadın Lacivert Kazak,799.95,https://www.colins.com.tr/p/regular-fit-yuvarlak-yaka-duz-kadin-lacivert-kazak-47904
Kadın Kazak,Regular Fit Yuvarlak Yaka Düz Kadın Kahverengi Kazak,799.95,https://www.colins.com.tr/p/regular-fit-yuvarlak-yaka-duz-kadin-kahverengi-kazak-47902
Kadın Kazak,Regular Fit Yuvarlak Yaka Düz Kadın Mavi Kazak,899.95,https://www.colins.com.tr/p/regular-fit-yuvarlak-yaka-duz-kadin-mavi-kazak-47905
Kadın Kazak,Slim Fit Yuvarlak Yaka Çizgili Kadın Ekru Kazak,699.95,https://www.colins.com.tr/p/slim-fit-yuvarlak-yaka-cizgili-kadin-ekru-kazak-47935
Kadın Kazak,Regular Fit Polo Yaka Düz Kadın Beyaz Kazak,1199.95,https://www.colins.com.tr/p/regular-fit-polo-yaka-duz-kadin-beyaz-kazak-47892
Kadın Kazak,Regular Fit Polo Yaka Düz Kadın Kahverengi Kazak,699.95,https://www.colins.com.tr/p/regular-fit-polo-yaka-duz-kadin-kahverengi-kazak-47893
Kadın Kazak,Regular Fit   Kadın Çok Renkli  Kazak,799.95,https://www.colins.com.tr/p/regular-fit-kadin-cok-renkli-kazak-48432
Kadın Kazak,Slim Fit   Kadın Kahverengi  Kazak,649.95,https://www.colins.com.tr/p/slim-fit-kadin-kahverengi-kazak-47926
Kadın Kazak,Slim Fit   Kadın Bordo  Kazak,649.95,https://www.colins.com.tr/p/slim-fit-kadin-bordo-kazak-47918
Kadın Kazak,Slim Fit   Kadın Çok Renkli  Kazak,899.95,https://www.colins.com.tr/p/slim-fit-kadin-cok-renkli-kazak-47919
Kadın Ceket,Oversize Fit Düğmeli Astarsız  Kadın Ecru Denim Ceket,1899.9,https://www.colins.com.tr/p/oversize-fit-dugmeli-astarsiz-kadin-ecru-denim-ceket-48809
Kadın Ceket,Regular Fit Düğmeli Astarsız  Kadın Mid İndigo Denim Ceket,2499.9,https://www.colins.com.tr/p/regular-fit-dugmeli-astarsiz-kadin-mid-indigo-denim-ceket-48225
Kadın Ceket,Regular Fit Fermuarlı Astarsız  Kadın Bleach İndigo Denim Ceket,2499.9,https://www.colins.com.tr/p/regular-fit-fermuarli-astarsiz-kadin-bleach-indigo-denim-ceket-48228
Kadın Ceket,Regular Fit Gömlek Yaka Düğmeli Bej Kadın Ceket,1699.9,https://www.colins.com.tr/p/undefinedname-48579
Kadın Ceket,Regular Fit Düğmeli Astarsız  Kadın Mid İndigo Denim Ceket,1899.9,https://www.colins.com.tr/p/regular-fit-dugmeli-astarsiz-kadin-mid-indigo-denim-ceket-48829
Kadın Ceket,Oversize Fit Düğmeli Astarsız  Kadın Light İndigo Denim Ceket,1899.9,https://www.colins.com.tr/p/oversize-fit-dugmeli-astarsiz-kadin-light-indigo-denim-ceket-48810
Kadın Ceket,Regular Fit Fermuarlı Astarsız  Kadın Lacivert Ceket,1199.95,https://www.colins.com.tr/p/regular-fit-fermuarli-astarsiz-kadin-lacivert-ceket-47793
Kadın Yelek,Slim Fit     Kadın Light İndigo Denim Yelek,1599.9,https://www.colins.com.tr/p/slim-fit-kadin-light-indigo-denim-yelek-49361
Kadın Yelek,Slim Fit     Kadın Stripe Denim Yelek,1599.9,https://www.colins.com.tr/p/slim-fit-kadin-stripe-denim-yelek-49362
Kadın Yelek,Regular Fit     Kadın Mid İndigo Denim Yelek,1499.9,https://www.colins.com.tr/p/regular-fit-kadin-mid-indigo-denim-yelek-48812
Kadın Yelek,Regular Fit Kapüşonlu Fermuarlı Astarlı Çıkarılabilir Kapüşonlu Kadın Yeşil Yelek,1499.95,https://www.colins.com.tr/p/regular-fit-kapusonlu-fermuarli-astarli-cikarilabilir-kapusonlu-kadin-yesil-yelek-47794
Kadın Mont,Regular Fit Kapüşonlu Fermuarlı Astarlı Suya Dayanıklı Kadın Ekru Mont,1799.95,https://www.colins.com.tr/p/regular-fit-kapusonlu-fermuarli-astarli-suya-dayanikli-kadin-ekru-mont-47797
Kadın Mont,Regular Fit Dik Yaka Fermuarlı Astarlı Kürklü Kadın Ekru Mont,1799.95,https://www.colins.com.tr/p/regular-fit-dik-yaka-fermuarli-astarli-kurklu-kadin-ekru-mont-47791
Kadın Yağmurluk,Regular Fit     Kadın Bej Yağmurluk,1999.95,https://www.colins.com.tr/p/regular-fit-kadin-bej-yagmurluk-47784
Erkek Jean,Regular Fit Düğmeli Astarsız  Erkek Light İndigo Denim Ceket,1999.9,https://www.colins.com.tr/p/regular-fit-dugmeli-astarsiz-erkek-light-indigo-denim-ceket-49426
Erkek Jean,Regular Fit Düğmeli Astarsız  Erkek Light İndigo Denim Ceket,1999.9,https://www.colins.com.tr/p/regular-fit-dugmeli-astarsiz-erkek-light-indigo-denim-ceket-48861
Erkek Jean,Regular Fit Düğmeli Astarsız  Erkek Siyah Ceket,1999.9,https://www.colins.com.tr/p/regular-fit-dugmeli-astarsiz-erkek-siyah-ceket-47876
Erkek Jean,Regular Fit Düğmeli Astarsız  Erkek Yeşil Ceket,1999.9,https://www.colins.com.tr/p/regular-fit-dugmeli-astarsiz-erkek-yesil-ceket-48096
Erkek Jean,Regular Fit Klasik Yaka Düz Erkek Dark İndigo Denim Uzun Kol Gömlek,1799.9,https://www.colins.com.tr/p/regular-fit-klasik-yaka-duz-erkek-dark-indigo-denim-uzun-kol-gomlek-48229
Erkek Jean,Regular Fit Klasik Yaka Düz Erkek Grey Denim Uzun Kol Gömlek,1799.9,https://www.colins.com.tr/p/regular-fit-klasik-yaka-duz-erkek-grey-denim-uzun-kol-gomlek-48230
Erkek Jean,Oversize Fit   Erkek Stripe Denim Shacket,1999.9,https://www.colins.com.tr/p/oversize-fit-erkek-stripe-denim-shacket-48218
Erkek Jean,Regular Fit Klasik Yaka Düz Erkek Light İndigo Denim Uzun Kol Gömlek,1799.9,https://www.colins.com.tr/p/regular-fit-klasik-yaka-duz-erkek-light-indigo-denim-uzun-kol-gomlek-48231
Erkek Jean,Oversize Fit Klasik Yaka Düğmeli Astarsız  Erkek Mid İndigo Denim Yelek,1899.9,https://www.colins.com.tr/p/oversize-fit-klasik-yaka-dugmeli-astarsiz-erkek-mid-indigo-denim-yelek-48220
Erkek Jean,Baggy Fit   Erkek Grey Denim Jean Pantolon,1899.9,https://www.colins.com.tr/p/baggy-fit-erkek-grey-denim-jean-pantolon-48838
Erkek Jean,Regular Fit   Erkek Grey Denim Jean Pantolon,1599.9,https://www.colins.com.tr/p/regular-fit-erkek-grey-denim-jean-pantolon-48853
Erkek Jean,Regular Fit   Erkek Grey Denim Jean Pantolon,1799.9,https://www.colins.com.tr/p/regular-fit-erkek-grey-denim-jean-pantolon-49417
Erkek Jean,Regular Fit   Erkek Grey Denim Jean Pantolon,1899.9,https://www.colins.com.tr/p/regular-fit-erkek-grey-denim-jean-pantolon-49486
Erkek Jean,Regular Fit   Erkek Light İndigo Denim Jean Pantolon,1999.9,https://www.colins.com.tr/p/regular-fit-erkek-light-indigo-denim-jean-pantolon-49419
Erkek Jean,Regular Fit   Erkek Over Dyed Denim Jean Pantolon,1999.9,https://www.colins.com.tr/p/regular-fit-erkek-over-dyed-denim-jean-pantolon-49479
Erkek Jean,Slim Fit   Erkek Colour Denim Jean Pantolon,1999.9,https://www.colins.com.tr/p/slim-fit-erkek-colour-denim-jean-pantolon-48871
Erkek Jean,Slim Fit   Erkek Dark İndigo Denim Jean Pantolon,1999.9,https://www.colins.com.tr/p/slim-fit-erkek-dark-indigo-denim-jean-pantolon-48903
Erkek Jean,Slim Fit   Erkek Green Cast Denim Jean Pantolon,1999.9,https://www.colins.com.tr/p/slim-fit-erkek-green-cast-denim-jean-pantolon-49482
Erkek Jean,Straight Fit   Erkek Green Cast Denim Jean Pantolon,1999.9,https://www.colins.com.tr/p/straight-fit-erkek-green-cast-denim-jean-pantolon-49443
Erkek Jean,Regular Fit   Erkek Light İndigo Denim Jean Pantolon,1999.9,https://www.colins.com.tr/p/regular-fit-erkek-light-indigo-denim-jean-pantolon-49418
Erkek Jean,Regular Fit   Erkek Over Dyed Denim Jean Pantolon,1999.9,https://www.colins.com.tr/p/regular-fit-erkek-over-dyed-denim-jean-pantolon-48896
Erkek Jean,Straight Fit   Erkek Black Denim Jean Pantolon,1599.9,https://www.colins.com.tr/p/straight-fit-erkek-black-denim-jean-pantolon-48883
Erkek Jean,Regular Tapered Fit   Erkek Green Cast Denim Jean Pantolon,1999.9,https://www.colins.com.tr/p/regular-tapered-fit-erkek-green-cast-denim-jean-pantolon-48900
Erkek Jean,Slim Fit   Erkek Blue Black Denim Jean Pantolon,1899.9,https://www.colins.com.tr/p/slim-fit-erkek-blue-black-denim-jean-pantolon-49481
Erkek Jean,Slim Fit   Erkek Mid İndigo Denim Jean Pantolon,1599.9,https://www.colins.com.tr/p/slim-fit-erkek-mid-indigo-denim-jean-pantolon-48876
Erkek Jean,Loose Relaxed Fit   Erkek Green Cast Denim Jean Pantolon,1799.9,https://www.colins.com.tr/p/loose-relaxed-fit-erkek-green-cast-denim-jean-pantolon-48843
Erkek Jean,Loose Relaxed Fit   Erkek Mid İndigo Denim Jean Pantolon,1799.9,https://www.colins.com.tr/p/loose-relaxed-fit-erkek-mid-indigo-denim-jean-pantolon-48844
Erkek Jean,Regular Fit   Erkek Black Denim Jean Pantolon,1999.9,https://www.colins.com.tr/p/regular-fit-erkek-black-denim-jean-pantolon-48893
Erkek Jean,Straight Fit   Erkek Light İndigo Denim Jean Pantolon,1499.9,https://www.colins.com.tr/p/straight-fit-erkek-light-indigo-denim-jean-pantolon-48887
Erkek Jean,Slim Fit   Erkek Grey Denim Jean Pantolon,1799.9,https://www.colins.com.tr/p/slim-fit-erkek-grey-denim-jean-pantolon-48873
Erkek Jean,Straight Fit   Erkek Light İndigo Denim Jean Pantolon,1999.9,https://www.colins.com.tr/p/straight-fit-erkek-light-indigo-denim-jean-pantolon-49484
Erkek Jean,Regular Fit   Erkek Light İndigo Denim Jean Pantolon,1599.9,https://www.colins.com.tr/p/regular-fit-erkek-light-indigo-denim-jean-pantolon-48854
Erkek Jean,Relaxed Fit Orta Bel Bol Paça Erkek Mid İndigo Denim Jean Pantolon,1799.9,https://www.colins.com.tr/p/relaxed-fit-orta-bel-bol-paca-erkek-mid-indigo-denim-jean-pantolon-48935
Erkek Jean,Regular Fit   Erkek Green Cast Denim Jean Pantolon,1799.9,https://www.colins.com.tr/p/regular-fit-erkek-green-cast-denim-jean-pantolon-48851
Erkek Jean,Relaxed Fit   Erkek Dark İndigo Denim Jean Pantolon,1799.9,https://www.colins.com.tr/p/relaxed-fit-erkek-dark-indigo-denim-jean-pantolon-49480
Erkek Jean,Relaxed Fit   Erkek Mid İndigo Denim Jean Pantolon,1799.9,https://www.colins.com.tr/p/relaxed-fit-erkek-mid-indigo-denim-jean-pantolon-48867
Erkek Jean,Slim Fit   Erkek Blue Black Denim Jean Pantolon,1599.9,https://www.colins.com.tr/p/slim-fit-erkek-blue-black-denim-jean-pantolon-48870
Erkek Jean,Regular Fit Orta Bel Daralan Paça Erkek İndigo Jean Pantolon,1499.9,https://www.colins.com.tr/p/regular-fit-orta-bel-daralan-paca-erkek-indigo-jean-pantolon-45705
Erkek Jean,Regular Fit   Erkek Black Black Denim Jean Pantolon,1999.9,https://www.colins.com.tr/p/regular-fit-erkek-black-black-denim-jean-pantolon-48892
Erkek Jean,Straight Fit   Erkek Grey Denim Jean Pantolon,1899.9,https://www.colins.com.tr/p/straight-fit-erkek-grey-denim-jean-pantolon-48885
Erkek Jean,Baggy Fit Orta Bel Bol Paça Erkek Light İndigo Denim Jean Pantolon,1799.9,https://www.colins.com.tr/p/baggy-fit-orta-bel-bol-paca-erkek-light-indigo-denim-jean-pantolon-48931
Erkek Jean,Slim Fit   Erkek Grey Denim Jean Pantolon,1899.9,https://www.colins.com.tr/p/slim-fit-erkek-grey-denim-jean-pantolon-49483
Erkek Jean,Slim Fit   Erkek Light İndigo Denim Jean Pantolon,1799.9,https://www.colins.com.tr/p/slim-fit-erkek-light-indigo-denim-jean-pantolon-49437
Erkek Jean,Straight Fit   Erkek Light İndigo Denim Jean Pantolon,1899.9,https://www.colins.com.tr/p/straight-fit-erkek-light-indigo-denim-jean-pantolon-48886
Erkek Jean,Regular Fit Orta Bel Daralan Paça Erkek Siyah Jean Pantolon,1599.9,https://www.colins.com.tr/p/regular-fit-orta-bel-daralan-paca-erkek-siyah-jean-pantolon-47725
Erkek Jean,Straight Fit   Erkek Green Cast Denim Jean Pantolon,1899.9,https://www.colins.com.tr/p/straight-fit-erkek-green-cast-denim-jean-pantolon-48884
Erkek Jean,Regular Fit Orta Bel Düz Paça Erkek İndigo Ecologic Jean Pantolon,1499.9,https://www.colins.com.tr/p/regular-fit-orta-bel-duz-paca-erkek-indigo-ecologic-jean-pantolon-46346
Erkek Jean,Regular Fit   Erkek Black Black Denim Jean Pantolon,1799.9,https://www.colins.com.tr/p/regular-fit-erkek-black-black-denim-jean-pantolon-48846
Erkek Jean,Regular Fit   Erkek Dark İndigo Denim Jean Pantolon,1799.9,https://www.colins.com.tr/p/regular-fit-erkek-dark-indigo-denim-jean-pantolon-48849
Erkek Jean,Regular Fit   Erkek İndigo Jean Pantolon,1799.9,https://www.colins.com.tr/p/regular-fit-erkek-mavi-jean-pantolon-46421
Erkek Jean,Slim Fit   Erkek Black Black Denim Jean Pantolon,1599.9,https://www.colins.com.tr/p/slim-fit-erkek-black-black-denim-jean-pantolon-48869
Erkek Jean,Slim Fit   Erkek Mid İndigo Denim Jean Pantolon,1799.9,https://www.colins.com.tr/p/slim-fit-erkek-mid-indigo-denim-jean-pantolon-48874
Erkek Jean,Slim Fit   Erkek Mid İndigo Denim Jean Pantolon,1799.9,https://www.colins.com.tr/p/slim-fit-erkek-mid-indigo-denim-jean-pantolon-48875
Erkek Jean,Loose Straight Fit   Erkek İndigo Jean Pantolon,1799.9,https://www.colins.com.tr/p/loose-straight-fit-erkek-indigo-jean-pantolon-46404
Erkek Jean,Straight Fit Düşük Bel Düz Paça Erkek İndigo Jean Pantolon,1399.9,https://www.colins.com.tr/p/straight-fit-dusuk-bel-duz-paca-erkek-indigo-jean-pantolon-43896
Erkek Jean,Regular Fit   Erkek Black Black Denim Jean Pantolon,1599.9,https://www.colins.com.tr/p/regular-fit-erkek-black-black-denim-jean-pantolon-48847
Erkek Jean,Regular Fit Orta Bel Daralan Paça Erkek Black Black Denim Pamuklu Jean Pantolon,1499.9,https://www.colins.com.tr/p/regular-fit-orta-bel-daralan-paca-erkek-black-black-denim-pamuklu-jean-pantolon-43914
Erkek Jean,Regular Fit Orta Bel Daralan Paça Erkek Light İndigo Cepli Denim Jean Pantolon,1499.9,https://www.colins.com.tr/p/regular-fit-orta-bel-daralan-paca-erkek-light-indigo-cepli-denim-jean-pantolon-46347
Erkek Jean,Straight Fit Düşük Bel Düz Paça Erkek Siyah Jean Pantolon,1499.9,https://www.colins.com.tr/p/straight-fit-dusuk-bel-duz-paca-erkek-siyah-jean-pantolon-18772
Erkek Jean,Straight Fit Düşük Bel Düz Paça Erkek Siyah Jean Pantolon,1599.9,https://www.colins.com.tr/p/straight-fit-dusuk-bel-duz-paca-erkek-siyah-jean-pantolon-45747
Erkek Jean,Straight Fit   Erkek Black Denim Jean Pantolon,1899.9,https://www.colins.com.tr/p/straight-fit-erkek-black-denim-jean-pantolon-48882
Erkek Jean,Regular Fit   Erkek Denim Jean Pantolon,1499.9,https://www.colins.com.tr/p/regular-fit-erkek-denim-jean-pantolon-46256
Erkek Jean,Regular Fit   Erkek Mid İndigo Denim Jean Pantolon,1499.9,https://www.colins.com.tr/p/regular-fit-erkek-mid-indigo-denim-jean-pantolon-48857
Erkek Jean,Regular Fit   Erkek Grey Denim Jean Pantolon,1899.9,https://www.colins.com.tr/p/regular-fit-erkek-grey-denim-jean-pantolon-48852
Erkek Jean,Slim Fit Düşük Bel Dar Paça Erkek Siyah Jean Pantolon,1499.9,https://www.colins.com.tr/p/slim-fit-dusuk-bel-dar-paca-erkek-black-black-denim-jean-pantolon-18773
Erkek Jean,Regular Fit   Erkek Mid İndigo Denim Jean Pantolon,1899.9,https://www.colins.com.tr/p/regular-fit-erkek-mid-indigo-denim-jean-pantolon-48856
Erkek Jean,Straight Fit Düşük Bel Düz Paça Erkek Light İndigo Denim Jean Fermuarlı Pantolon,1499.9,https://www.colins.com.tr/p/straight-fit-dusuk-bel-duz-paca-erkek-indigo-ecologic-jean-fermuarli-pantolon-45858
Erkek Jean,Regular Fit Orta Bel Düz Paça Erkek İndigo Jean Pantolon,1399.9,https://www.colins.com.tr/p/relaxed-straight-fit-orta-bel-duz-paca-erkek-mid-indigo-denim-jean-pantolon-43893
Erkek Jean,Slim Fit   Erkek Green Cast Denim Jean Pantolon,1799.9,https://www.colins.com.tr/p/slim-fit-erkek-green-cast-denim-jean-pantolon-48872
Erkek Jean,Straight Fit Düşük Bel Düz Paça Erkek Koyu İndigo Jean Pantolon,1399.9,https://www.colins.com.tr/p/straight-fit-dusuk-bel-duz-paca-erkek-koyu-indigo-jean-pantolon-43890
Erkek Jean,Regular Fit Orta Bel Daralan Paça Erkek Dark İndigo Fermuarlı Denim Jean Pantolon,1399.9,https://www.colins.com.tr/p/regular-fit-orta-bel-daralan-paca-erkek-dark-indigo-fermuarli-denim-jean-pantolon-43894
Erkek Jean,Slim Fit Düşük Bel Dar Paça Erkek İndigo Jean Pantolon,1399.9,https://www.colins.com.tr/p/slim-fit-dusuk-bel-dar-paca-erkek-indigo-jean-pantolon-43895
Erkek Jean,Straight Fit   Erkek Mid İndigo Denim Jean Pantolon,1799.9,https://www.colins.com.tr/p/straight-fit-erkek-mid-indigo-denim-jean-pantolon-48888
Erkek Jean,Loose Straight Fit Erkek Light İndigo Fermuarlı Denim Jean Pantolon,1799.9,https://www.colins.com.tr/p/loose-straight-fit-erkek-light-indigo-fermuarli-denim-jean-pantolon-46410
Erkek Jean,Regular Fit   Erkek Yeşil Jean Pantolon,1899.9,https://www.colins.com.tr/p/regular-fit-erkek-yesil-jean-pantolon-48003
Erkek Jean,Slim Fit Düşük Bel Dar Paça Erkek İndigo Jean Pantolon,1399.9,https://www.colins.com.tr/p/slim-fit-dusuk-bel-dar-paca-erkek-mavi-jean-pantolon-26034
Erkek Jean,Regular Fit   Erkek Siyah Jean Pantolon,1899.9,https://www.colins.com.tr/p/regular-fit-erkek-siyah-jean-pantolon-48093
Erkek Jean,Regular Fit   Erkek Siyah Jean Pantolon,1899.9,https://www.colins.com.tr/p/regular-fit-erkek-siyah-jean-pantolon-48094
Erkek Jean,Regular Fit   Erkek Koyu İndigo Jean Pantolon,1799.9,https://www.colins.com.tr/p/regular-fit-erkek-koyu-indigo-jean-pantolon-48025
Erkek Jean,Regular Fit   Erkek Lacivert Jean Pantolon,1399.9,https://www.colins.com.tr/p/regular-fit-erkek-lacivert-jean-pantolon-47206
Erkek Jean,Straight Fit   Erkek Koyu İndigo Jean Pantolon,1799.9,https://www.colins.com.tr/p/straight-fit-erkek-koyu-indigo-jean-pantolon-47940
Erkek Jean,Straight Fit   Erkek Siyah Jean Pantolon,1799.9,https://www.colins.com.tr/p/straight-fit-erkek-siyah-jean-pantolon-48034
Erkek Jean,Straight Fit   Erkek Koyu İndigo Jean Pantolon,1799.9,https://www.colins.com.tr/p/straight-fit-erkek-koyu-indigo-jean-pantolon-48033
Erkek Jean,Oversize Fit Klasik Yaka Düz Erkek Ecru Denim Kısa Kol Gömlek,1699.9,https://www.colins.com.tr/p/oversize-fit-klasik-yaka-duz-erkek-ecru-denim-kisa-kol-gomlek-49346
Erkek Jean,Regular Fit Klasik Yaka Düz Erkek Light İndigo Denim Kısa Kol Gömlek,1699.9,https://www.colins.com.tr/p/regular-fit-klasik-yaka-duz-erkek-light-indigo-denim-kisa-kol-gomlek-49356
Erkek Jean,Loose  Orta Bel Düz Erkek Stripe Denim Jean Şort,1399.9,https://www.colins.com.tr/p/loose-orta-bel-duz-erkek-stripe-denim-jean-sort-49340
Erkek Jean,Loose Straight Fit Orta Bel Düz Erkek Light İndigo Denim Jean Şort,1299.9,https://www.colins.com.tr/p/loose-straight-fit-orta-bel-duz-erkek-light-indigo-denim-jean-sort-49405
Erkek Jean,Regular Fit Orta Bel Düz Erkek Black Black Denim Jean Şort,1399.9,https://www.colins.com.tr/p/regular-fit-orta-bel-duz-erkek-black-black-denim-jean-sort-49428
Erkek Jean,Regular Fit Orta Bel Düz Erkek Black Denim Jean Şort,1299.9,https://www.colins.com.tr/p/regular-fit-orta-bel-duz-erkek-black-denim-jean-sort-49429
Erkek Jean,Regular Fit Orta Bel Düz Erkek Colour Denim Jean Şort,1399.9,https://www.colins.com.tr/p/regular-fit-orta-bel-duz-erkek-colour-denim-jean-sort-49430
Erkek Jean,Regular Fit Orta Bel Düz Erkek Mid İndigo Denim Jean Şort,1399.9,https://www.colins.com.tr/p/regular-fit-orta-bel-duz-erkek-mid-indigo-denim-jean-sort-49432
Erkek Jean,Straight Fit Düşük Bel Düz Erkek Black Denim Jean Şort,1399.9,https://www.colins.com.tr/p/straight-fit-dusuk-bel-duz-erkek-black-denim-jean-sort-49449
Erkek Jean,Straight Fit Düşük Bel Düz Erkek Light İndigo Denim Jean Şort,1399.9,https://www.colins.com.tr/p/straight-fit-dusuk-bel-duz-erkek-light-indigo-denim-jean-sort-49451
Erkek Jean,Straight Fit Düşük Bel Düz Erkek Light İndigo Denim Jean Şort,1399.9,https://www.colins.com.tr/p/straight-fit-dusuk-bel-duz-erkek-light-indigo-denim-jean-sort-49452
Erkek Jean,Straight Fit Düşük Bel Düz Erkek Mid İndigo Denim Jean Şort,1399.9,https://www.colins.com.tr/p/straight-fit-dusuk-bel-duz-erkek-mid-indigo-denim-jean-sort-49453
Erkek Jean,Straight Fit Orta Bel Düz Erkek Black Denim Jean Şort,1399.9,https://www.colins.com.tr/p/straight-fit-orta-bel-duz-erkek-black-denim-jean-sort-49454
Erkek Jean,Straight Fit Orta Bel Düz Erkek Mid İndigo Denim Jean Şort,1399.9,https://www.colins.com.tr/p/straight-fit-orta-bel-duz-erkek-mid-indigo-denim-jean-sort-49456
Erkek Jean,Straight Fit Düşük Bel Düz Erkek Blue Black Denim Jean Şort,1399.9,https://www.colins.com.tr/p/straight-fit-dusuk-bel-duz-erkek-blue-black-denim-jean-sort-48891
Erkek Jean,Regular Fit   Erkek Colour Denim Shacket,1899.9,https://www.colins.com.tr/p/regular-fit-erkek-colour-denim-shacket-48848
Erkek Jean,Oversize Fit   Erkek Mavi Shacket,1899.9,https://www.colins.com.tr/p/oversize-fit-erkek-mavi-shacket-47981
Erkek Jean,Regular Fit Düğmeli Astarsız  Erkek Koyu Mavi Ceket,1499.95,https://www.colins.com.tr/p/regular-fit-dugmeli-astarsiz-erkek-koyu-mavi-ceket-47875
Erkek Jean,Regular Fit Klasik Yaka Düz Erkek Siyah Uzun Kol Gömlek,1499.95,https://www.colins.com.tr/p/regular-fit-klasik-yaka-duz-erkek-siyah-uzun-kol-gomlek-48098
Erkek Jean,Regular Fit   Erkek Green Cast Denim Jean Pantolon,1499.95,https://www.colins.com.tr/p/regular-fit-erkek-green-cast-denim-jean-pantolon-48850
Erkek Jean,Baggy Fit   Erkek İndigo Jean Pantolon,1499.95,https://www.colins.com.tr/p/baggy-fit-erkek-indigo-jean-pantolon-47999
Erkek Jean,Regular Fit   Erkek Siyah Jean Pantolon,1499.95,https://www.colins.com.tr/p/regular-fit-erkek-siyah-jean-pantolon-48095
Erkek Jean,Slim Fit   Erkek Yeşil Jean Pantolon,1499.95,https://www.colins.com.tr/p/slim-fit-erkek-yesil-jean-pantolon-48101
Erkek Jean,Regular Fit   Erkek Siyah Jean Pantolon,1499.95,https://www.colins.com.tr/p/regular-fit-erkek-siyah-jean-pantolon-47140
Erkek Jean,Loose Tapered Fit   Erkek İndigo Jean Pantolon,1499.95,https://www.colins.com.tr/p/loose-tapered-fit-erkek-indigo-jean-pantolon-48090
Erkek Jean,Loose Straight Fit   Erkek İndigo Jean Pantolon,1499.95,https://www.colins.com.tr/p/loose-straight-fit-erkek-indigo-jean-pantolon-48089
Erkek Jean,Loose Straight Fit   Erkek Antrasit Jean Pantolon,999.95,https://www.colins.com.tr/p/loose-straight-fit-erkek-antrasit-jean-pantolon-47185
Erkek Jean,Loose Tapered Fit   Erkek Siyah Jean Pantolon,1499.95,https://www.colins.com.tr/p/loose-tapered-fit-erkek-over-dyed-denim-jean-pantolon-48018
Erkek Jean,Slim Fit   Erkek Antrasit Jean Pantolon,1499.95,https://www.colins.com.tr/p/slim-fit-erkek-antrasit-jean-pantolon-48031
Erkek Jean,Relaxed Fit   Erkek Siyah Jean Pantolon,1499.95,https://www.colins.com.tr/p/relaxed-fit-erkek-siyah-jean-pantolon-48030
Erkek Jean,Regular Fit   Erkek İndigo Jean Pantolon,1499.95,https://www.colins.com.tr/p/regular-fit-erkek-indigo-jean-pantolon-48023
Erkek Jean,Loose Straight Fit   Erkek İndigo Jean Pantolon,999.95,https://www.colins.com.tr/p/loose-straight-fit-erkek-mid-indigo-denim-jean-pantolon-47093
Erkek Jean,Loose Straight Fit   Erkek Siyah Jean Pantolon,1499.95,https://www.colins.com.tr/p/loose-straight-fit-erkek-siyah-jean-pantolon-48017
Erkek Jean,Regular Fit   Erkek İndigo Jean Pantolon,1499.95,https://www.colins.com.tr/p/regular-fit-erkek-indigo-jean-pantolon-48022
Erkek Jean,Regular Fit   Erkek Light İndigo Denim Shacket,1499.95,https://www.colins.com.tr/p/regular-fit-erkek-light-indigo-denim-shacket-48855
Erkek Jean,Oversize Fit    Erkek Bej Ceket,999.99,https://www.colins.com.tr/p/oversize-fit-erkek-bej-ceket-42818
Erkek Jean,Oversize Fit Düğmeli Astarsız  Erkek Mavi Ceket,699.99,https://www.colins.com.tr/p/oversize-fit-dugmeli-astarsiz-erkek-mavi-ceket-37411
Erkek Jean,Oversize Fit Düğmeli Astarsız  Erkek Siyah Ceket,1299.99,https://www.colins.com.tr/p/oversize-fit-dugmeli-astarsiz-erkek-siyah-ceket-44899
Erkek Jean,Regular Fit Düğmeli Astarsız  Erkek Açik Mavi Ceket,999.99,https://www.colins.com.tr/p/regular-fit-dugmeli-astarsiz-erkek-acik-mavi-ceket-43479
Erkek Jean,Regular Fit Düğmeli Astarsız  Erkek Koyu Mavi Ceket,999.99,https://www.colins.com.tr/p/regular-fit-dugmeli-astarsiz-erkek-koyu-mavi-ceket-41547
Erkek Jean,Regular Fit Fermuarlı Astarlı  Erkek Denim Ceket,1299.99,https://www.colins.com.tr/p/regular-fit-fermuarli-astarli-erkek-denim-ceket-42837
Erkek Jean,Regular Fit    Erkek Kahverengi Ceket,1999.99,https://www.colins.com.tr/p/regular-fit-erkek-kahverengi-ceket-44901
Erkek Jean,Oversize Fit Düğmeli Astarsız  Erkek Mavi Ceket,1299.99,https://www.colins.com.tr/p/oversize-fit-dugmeli-astarsiz-erkek-mavi-ceket-44071
Erkek Jean,Oversize Fit Fermuarlı Astarsız  Erkek Mavi Ceket,699.99,https://www.colins.com.tr/p/oversize-fit-fermuarli-astarsiz-erkek-mavi-ceket-39043
Erkek Jean,Regular Fit    Erkek Mavi Ceket,1299.99,https://www.colins.com.tr/p/regular-fit-erkek-mavi-ceket-43478
Erkek Jean,Regular Fit Düğmeli Astarsız Pamuklu Erkek Bleach İndigo Denim Ceket,999.95,https://www.colins.com.tr/p/regular-fit-dugmeli-astarsiz-pamuklu-erkek-bleach-indigo-denim-ceket-44906
Erkek Jean,Regular Fit Fermuarlı Astarsız  Erkek Mavi Ceket,699.99,https://www.colins.com.tr/p/regular-fit-fermuarli-astarsiz-erkek-mavi-ceket-40110
Erkek Jean,Oversize Fit Çıtçıtlı Astarsız  Erkek Mavi Ceket,699.99,https://www.colins.com.tr/p/oversize-fit-citcitli-astarsiz-erkek-mavi-ceket-39027
Erkek Jean,Oversize Fit Fermuarlı Astarsız  Erkek Mavi Ceket,699.99,https://www.colins.com.tr/p/oversize-fit-fermuarli-astarsiz-erkek-mavi-ceket-41047
Erkek Jean,Regular Fit Çıtçıtlı Astarsız  Erkek Natural Ceket,699.99,https://www.colins.com.tr/p/regular-fit-citcitli-astarsiz-erkek-natural-ceket-39363
Erkek Jean,Regular Fit Düğmeli Astarsız  Erkek Siyah Ceket,1299.99,https://www.colins.com.tr/p/regular-fit-dugmeli-astarsiz-erkek-siyah-ceket-43476
Erkek Jean,Regular Fit Düğmeli Astarsız Pamuklu Erkek Mavi Ceket,999.99,https://www.colins.com.tr/p/regular-fit-dugmeli-astarsiz-pamuklu-erkek-mavi-ceket-43477
Erkek Jean,Regular Fit Fermuarlı Astarsız  Erkek Siyah Ceket,999.99,https://www.colins.com.tr/p/regular-fit-fermuarli-astarsiz-erkek-siyah-ceket-41548
Erkek Jean,Oversize Fit Düğmeli Astarsız Erkek Mavi Jean Ceket,1299.99,https://www.colins.com.tr/p/oversize-fit-dugmeli-astarsiz-erkek-mavi-jean-ceket-42164
Erkek Jean,Oversize Fit Düğmeli Astarsız  Erkek Mavi Ceket,1299.99,https://www.colins.com.tr/p/oversize-fit-dugmeli-astarsiz-erkek-mavi-ceket-44904
Erkek Jean,Oversize Fit Düğmeli Astarsız Erkek Ecologic Siyah  Ceket,999.95,https://www.colins.com.tr/p/oversize-fit-dugmeli-astarsiz-erkek-ecologic-siyah-ceket-44900
Erkek Jean,Regular Fit Düğmeli Astarsız  Erkek Açik Mavi Ceket,699.99,https://www.colins.com.tr/p/regular-fit-dugmeli-astarsiz-erkek-acik-mavi-ceket-39362
Erkek Jean,Regular Fit Düğmeli Astarsız Erkek Mavi Ceket,899.99,https://www.colins.com.tr/p/regular-fit-dugmeli-astarsiz-erkek-mavi-ceket-44237
Erkek Jean,Regular Fit Düğmeli Astarsız Erkek Mavi Denim Ceket,999.99,https://www.colins.com.tr/p/regular-fit-dugmeli-astarsiz-erkek-mavi-denim-ceket-42825
Erkek Jean,Regular Fit Fermuarlı Astarsız  Erkek Mavi Ceket,699.99,https://www.colins.com.tr/p/regular-fit-fermuarli-astarsiz-erkek-mavi-ceket-38176
Erkek Jean,Oversize Fit Klasik Yaka Çizgili Erkek Denim Uzun Kol Gömlek,799.99,https://www.colins.com.tr/p/oversize-fit-klasik-yaka-cizgili-erkek-denim-uzun-kol-gomlek-45275
Erkek Jean,Regular Fit Klasik Yaka Düz Erkek Bej Ecologic Uzun Kol Gömlek,799.99,https://www.colins.com.tr/p/regular-fit-klasik-yaka-duz-erkek-bej-ecologic-uzun-kol-gomlek-45272
Erkek Jean,Regular Fit Klasik Yaka Erkek Pamuk Karışımlı Mavi Uzun Kol Gömlek,599.99,https://www.colins.com.tr/p/regular-fit-klasik-yaka-erkek-pamuk-karisimli-mavi-uzun-kol-gomlek-43226
Erkek Jean,Regular Fit Klasik Yaka Düz Erkek Mavi Ecologic Uzun Kol Gömlek,1149.95,https://www.colins.com.tr/p/regular-fit-klasik-yaka-duz-erkek-mavi-ecologic-uzun-kol-gomlek-45277
Erkek Jean,Oversize Fit Klasik Yaka Düz Erkek Mavi Uzun Kol Gömlek,599.99,https://www.colins.com.tr/p/oversize-fit-klasik-yaka-duz-erkek-mavi-uzun-kol-gomlek-41549
Erkek Jean,Regular Fit Pamuklu Klasik Yaka Erkek Mavi Uzun Kol Gömlek,599.99,https://www.colins.com.tr/p/regular-fit-pamuklu-klasik-yaka-erkek-mavi-uzun-kol-gomlek-43545
Erkek Jean,Oversize Fit Klasik Yaka Erkek Bej Denim Uzun Kollu Gömlek,499.99,https://www.colins.com.tr/p/oversize-fit-klasik-yaka-duz-erkek-bej-denim-uzun-kol-gomlek-39088
Erkek Jean,Oversize Fit Klasik Yaka  Erkek Mavi Uzun Kol Gömlek,599.99,https://www.colins.com.tr/p/oversize-fit-klasik-yaka-erkek-mavi-uzun-kol-gomlek-43543
Erkek Jean,Oversize Fit Klasik Yaka Düz Erkek Ecru Denim Cepli Uzun Kol Gömlek,1149.95,https://www.colins.com.tr/p/oversize-fit-klasik-yaka-duz-erkek-ecru-denim-cepli-uzun-kol-gomlek-45271
Erkek Jean,Regular Fit Klasik Yaka  Erkek Mavi Uzun Kol Gömlek,599.99,https://www.colins.com.tr/p/regular-fit-klasik-yaka-erkek-mavi-uzun-kol-gomlek-44283
Erkek Jean,Regular Fit Klasik Yaka Cepli Erkek Mavi Uzun Kol Gömlek,599.99,https://www.colins.com.tr/p/regular-fit-klasik-yaka-cepli-erkek-mavi-uzun-kol-gomlek-43544
Erkek Jean,Regular Fit Klasik Yaka Düz Erkek Bej Uzun Kol Gömlek,599.99,https://www.colins.com.tr/p/regular-fit-klasik-yaka-duz-erkek-bej-uzun-kol-gomlek-42834
Erkek Jean,Regular Fit Klasik Yaka Düz Erkek Lacivert Uzun Kol Gömlek,499.99,https://www.colins.com.tr/p/regular-fit-klasik-yaka-duz-erkek-lacivert-uzun-kol-gomlek-40065
Erkek Jean,Oversize Fit Klasik Yaka Düğmeli Astarsız  Erkek Mavi Yelek,599.99,https://www.colins.com.tr/p/oversize-fit-klasik-yaka-dugmeli-astarsiz-erkek-mavi-yelek-39045
Erkek Jean,Slim Fit Klasik Yaka Düğmeli Astarsız  Erkek Beyaz Yelek,599.99,https://www.colins.com.tr/p/slim-fit-klasik-yaka-dugmeli-astarsiz-erkek-beyaz-yelek-36412
Erkek Jean,Oversize Klasik Yaka Düğmeli Astarsız  Erkek Lacivert Yelek,799.99,https://www.colins.com.tr/p/oversize-klasik-yaka-dugmeli-astarsiz-erkek-lacivert-yelek-42840
Erkek Jean,Regular Fit Hakim Yaka    Erkek Mavi Yelek,599.99,https://www.colins.com.tr/p/regular-fit-hakim-yaka-erkek-mavi-yelek-40381
Erkek Jean,Loose Straight Fit Orta Bel Düz Paça Erkek Light İndigo Fermuarlı Denim Jean Pantolon,899.95,https://www.colins.com.tr/p/loose-straight-fit-orta-bel-duz-paca-erkek-light-indigo-fermuarli-denim-jean-pantalon-46250
Erkek Jean,Straight Fit   Erkek Light İndigo Denim Jean Fermuarlı Pantolon,1199.99,https://www.colins.com.tr/p/straight-fit-erkek-light-indigo-denim-jean-fermuarli-pantolon-46393
Erkek Jean,Straight Fit Düşük Bel Düz Paça Erkek Bej Jean Pantolon,999.99,https://www.colins.com.tr/p/straight-fit-dusuk-bel-duz-paca-erkek-bej-jean-pantolon-45767
Erkek Jean,Slım Straıght   Erkek İndigo Jean Pantolon,999.99,https://www.colins.com.tr/p/slim-straight-erkek-indigo-jean-pantolon-45897
Erkek Jean,Slim Fit Erkek Bleach İndigo Denim Jean Pantolon,1199.99,https://www.colins.com.tr/p/slim-fit-erkek-bleach-indigo-denim-jean-pantolon-45658
Erkek Jean,Straight Fit Düşük Bel Düz Paça Erkek İndigo Ecologic Jean Pantolon,999.99,https://www.colins.com.tr/p/straight-fit-dusuk-bel-duz-paca-erkek-indigo-ecologic-jean-pantolon-45770
Erkek Jean,Balloon Fit   Erkek İndigo Jean Pantolon,999.99,https://www.colins.com.tr/p/balloon-fit-erkek-mavi-jean-pantolon-46451
Erkek Jean,Slım Straıght   Erkek Gri Jean Pantolon,799.99,https://www.colins.com.tr/p/slim-straight-erkek-gri-jean-pantolon-44511
Erkek Jean,Straight Fit   Erkek Siyah Jean Pantolon,899.95,https://www.colins.com.tr/p/straight-fit-erkek-siyah-jean-pantolon-46273
Erkek Jean,Straight Fit Düşük Bel Düz Paça Erkek Black Denim Jean Fermuarlı Pantolon,999.99,https://www.colins.com.tr/p/straight-fit-dusuk-bel-duz-paca-erkek-black-denim-jean-fermuarli-pantolon-45856
Erkek Jean,Straight Fit Düşük Bel Düz Paça Erkek Green Cast Denim Jean Fermuarlı Pantolon,999.99,https://www.colins.com.tr/p/straight-fit-dusuk-bel-duz-paca-erkek-green-cast-denim-jean-fermuarli-pantolon-45857
Erkek Jean,Loose Tapered Fit   Erkek İndigo Jean Pantolon,1199.99,https://www.colins.com.tr/p/loose-tapered-fit-erkek-indigo-jean-pantolon-46052
Erkek Jean,Straight Fit Erkek Mid İndigo Denim Jean Fermuarlı Pantolon,1199.99,https://www.colins.com.tr/p/straight-fit-erkek-mid-indigo-denim-jean-fermuarli-pantolon-46368
Erkek Jean,Slim Fit   Erkek İndigo Jean Pantolon,799.99,https://www.colins.com.tr/p/slim-fit-erkek-indigo-jean-pantolon-44509
Erkek Jean,Slim Fit   Erkek İndigo Jean Pantolon,1199.99,https://www.colins.com.tr/p/slim-fit-erkek-mavi-jean-pantolon-46253
Erkek Jean,Straight Fit Düşük Bel Düz Paça Erkek İndigo Ecologic Jean Pantolon,999.99,https://www.colins.com.tr/p/straight-fit-dusuk-bel-duz-paca-erkek-indigo-ecologic-jean-pantolon-45771
Erkek Jean,Denim Straight Fit Düşük Bel Düz Paça Erkek Açık İndigo Jean Pantolon,799.99,https://www.colins.com.tr/p/denim-straight-fit-dusuk-bel-duz-paca-erkek-acik-indigo-jean-pantolon-42919
Erkek Jean,Loose Straight Fit Orta Bel Düz Paça Erkek Gri Jean Pantolon,599.99,https://www.colins.com.tr/p/loose-straight-fit-orta-bel-duz-paca-erkek-gri-jean-pantolon-38630
Erkek Jean,Slim Straight Fit Orta Bel Düz Paça Erkek İndigo Jean Pantolon,999.99,https://www.colins.com.tr/p/slim-straight-fit-orta-bel-duz-paca-erkek-indigo-jean-pantolon-46120
Erkek Jean,Baggy Fit Orta Bel Düz Paça Erkek Yeşil Jean Pantolon,1199.99,https://www.colins.com.tr/p/baggy-fit-orta-bel-duz-paca-erkek-yesil-jean-pantolon-45678
Erkek Jean,Slim Fit Düşük Bel Dar Paça Cepli Erkek Green Cast Denim Jean Pantolon,1199.99,https://www.colins.com.tr/p/slim-fit-dusuk-bel-dar-paca-cepli-erkek-green-cast-denim-jean-pantolon-45697
Erkek Jean,Regular Fit Erkek Fermuarlı Mid İndigo Denim Jean Pantolon,1199.99,https://www.colins.com.tr/p/regular-fit-erkek-fermaurli-mid-indigo-denim-jean-pantolon-46054
Erkek Jean,Baggy Fit Orta Bel Bol Paça Erkek Kahverengi Jean Pantolon,999.99,https://www.colins.com.tr/p/baggy-fit-orta-bel-bol-paca-erkek-kahverengi-jean-pantolon-45836
Erkek Jean,Skinny Fit Yüksel Bel Dar Paça Erkek Siyah Jean Pantolon,999.99,https://www.colins.com.tr/p/skinny-fit-yuksel-bel-dar-paca-erkek-siyah-jean-pantolon-46252
Erkek Jean,Straight Fit Düşük Bel Düz Paça Erkek İndigo Jean Pantolon,1199.99,https://www.colins.com.tr/p/straight-fit-dusuk-bel-duz-paca-erkek-mavi-jean-pantolon-45823
Erkek Jean,Regular Fit Orta Bel Düz Paça Cepli Erkek Light İndigo Denim Jean Pantolon,1199.99,https://www.colins.com.tr/p/regular-fit-orta-bel-duz-paca-cepli-erkek-indigo-ecologic-jean-pantolon-45896
Erkek Jean,Skinny Fit Düşük Bel Dar Paça Erkek Denim Jean Pantolon,1199.99,https://www.colins.com.tr/p/skinny-fit-dusuk-bel-dar-paca-erkek-denim-jean-pantolon-46268
Erkek Jean,Regular Fit   Erkek İndigo Ecologic Jean Pantolon,1199.99,https://www.colins.com.tr/p/regular-fit-erkek-indigo-ecologic-jean-pantolon-46449
Erkek Jean,Cargo Fit Orta Bel Düz Paça Kargo Cep Erkek İndigo Jean Pantolon,799.99,https://www.colins.com.tr/p/cargo-fit-orta-bel-duz-paca-kargo-cep-erkek-indigo-jean-pantolon-41967
Erkek Jean,Regular Fit Orta Bel Düz Paça Erkek Koyu İndigo Jean Pantolon,799.99,https://www.colins.com.tr/p/regular-fit-orta-bel-duz-paca-erkek-koyu-indigo-jean-pantolon-41718
Erkek Jean,Straight Fit Düşük Bel Düz Paça Erkek Bleach İndigo Denim Jean Fermuarlı Pantolon,999.99,https://www.colins.com.tr/p/straight-fit-dusuk-bel-duz-paca-erkek-indigo-ecologic-jean-fermuarli-pantolon-45894
Erkek Jean,Regular Fit Erkek Pamuklu Light İndigo Denim Jean Pantolon,999.99,https://www.colins.com.tr/p/regular-fit-erkek-pamuklu-light-indigo-denim-jean-pantolon-45895
Erkek Jean,Straight Fit Erkek Black Denim Jean Fermuarlı Pantolon,999.99,https://www.colins.com.tr/p/straight-fit-erkek-black-denim-jean-fermuarli-pantolon-45772
Erkek Jean,Regular Fit Orta Bel Düz Paça Pamuk Erkek Mid İndigo Denim Jean Pantolon,999.99,https://www.colins.com.tr/p/regular-fit-orta-bel-duz-paca-pamuk-erkek-mid-indigo-denim-jean-pantolon-46304
Erkek Jean,Slim Fit   Erkek İndigo Jean Pantolon,999.99,https://www.colins.com.tr/p/slim-fit-erkek-mavi-jean-pantolon-46221
Erkek Jean,Regular Fit   Erkek Antrasit Jean Pantolon,1199.99,https://www.colins.com.tr/p/regular-fit-erkek-antrasit-jean-pantolon-46068
Erkek Jean,Slim Fit Fermuarlı Erkek Mid İndigo Denim Jean Pantolon,1199.99,https://www.colins.com.tr/p/slim-fit-fermuarli-erkek-mid-indigo-denim-jean-pantolon-46374
Erkek Jean,Straight Fit Yüksel Bel Düz Paça Erkek Lacivert Jean Pantolon,799.99,https://www.colins.com.tr/p/straight-fit-yuksel-bel-duz-paca-erkek-lacivert-jean-pantolon-43972
Erkek Jean,Balloon Fit   Erkek Light İndigo Denim Jean Pantolon,999.99,https://www.colins.com.tr/p/balloon-fit-erkek-light-indigo-denim-jean-pantolon-49494
Erkek Jean,Chino Fit Orta Bel Düz Paça Erkek Siyah Jean Pantolon,799.99,https://www.colins.com.tr/p/chino-fit-orta-bel-duz-paca-erkek-siyah-jean-pantolon-41947
Erkek Jean,Regular Chino Orta Bel Düz Paça Erkek İndigo Jean Pantolon,799.99,https://www.colins.com.tr/p/regular-chino-orta-bel-duz-paca-erkek-mavi-jean-pantolon-43900
Erkek Jean,Slim Fit   Erkek İndigo Jean Pantolon,999.99,https://www.colins.com.tr/p/slim-fit-erkek-mavi-jean-pantolon-45843
Erkek Jean,Straight Fit   Erkek İndigo Jean Pantolon,1199.99,https://www.colins.com.tr/p/straight-fit-erkek-mavi-jean-pantolon-46053
Erkek Jean,Straight Fit Düşük Bel Düz Paça Erkek Yeşil Ecologic Jean Pantolon,1199.99,https://www.colins.com.tr/p/straight-fit-dusuk-bel-duz-paca-erkek-yesil-ecologic-jean-pantolon-46222
Erkek Jean,Cargo Fit   Erkek Natural Jean Pantolon,799.99,https://www.colins.com.tr/p/cargo-fit-erkek-natural-jean-pantolon-42962
Erkek Jean,Cargo Fit Orta Bel Düz Paça Erkek İndigo Jean Pantolon,799.99,https://www.colins.com.tr/p/cargo-fit-orta-bel-duz-paca-erkek-indigo-jean-pantolon-42826
Erkek Jean,Regular Fit Erkek Pamuklu Fermuarlı Mid İndigo Denim Jean Pantolon,1199.99,https://www.colins.com.tr/p/regular-fit-erkek-pamuklu-fermuarli-mid-indigo-denim-jean-pantolon-46452
Erkek Jean,Straight Fit   Erkek İndigo Jean Pantolon,1199.99,https://www.colins.com.tr/p/straight-fit-erkek-mavi-jean-pantolon-45824
Erkek Jean,Slim Fit Düşük Bel Dar Paça Erkek Siyah Jean Pantolon,599.99,https://www.colins.com.tr/p/slim-fit-dusuk-bel-dar-paca-erkek-siyah-jean-pantolon-40444
Erkek Jean,Straight Fit   Erkek İndigo Jean Pantolon,1199.99,https://www.colins.com.tr/p/straight-fit-erkek-mavi-jean-pantolon-45765
Erkek Jean,Carrot Cargo Orta Bel Kısa Paça Erkek İndigo Jean Pantolon,799.99,https://www.colins.com.tr/p/carrot-cargo-orta-bel-kisa-paca-erkek-indigo-jean-pantolon-41279
Erkek Jean,Slim Fit Cepli Erkek Mid İndigo Denim Jean Pantolon,1199.99,https://www.colins.com.tr/p/slim-fit-cepli-erkek-mid-indigo-denim-jean-pantolon-45676
Erkek Jean,Slim Fit Fermuarlı Erkek Mid İndigo Denim Jean Pantolon,999.99,https://www.colins.com.tr/p/slim-fit-fermuarli-erkek-mid-indigo-denim-jean-pantolon-45677
Erkek Jean,Slim Straight Fit Orta Bel Düz Paça Erkek Denim Jean Pantolon,1199.99,https://www.colins.com.tr/p/slim-straight-fit-orta-bel-duz-paca-erkek-denim-jean-pantolon-45667
Erkek Jean,Straight Fit Düşük Bel Düz Paça Erkek İndigo Jean Pantolon,999.99,https://www.colins.com.tr/p/straight-fit-dusuk-bel-duz-paca-erkek-mavi-jean-pantolon-46262
Erkek Jean,Crop Fit   Erkek İndigo Jean Pantolon,599.99,https://www.colins.com.tr/p/crop-fit-erkek-indigo-jean-pantolon-39390
Erkek Jean,Loose Straight Fit Orta Bel Düz Paça Erkek Mid İndigo Cepli Denim Jean Pantolon,799.99,https://www.colins.com.tr/p/loose-straight-fit-orta-bel-duz-paca-erkek-mid-indigo-cepli-denim-fean-pantolon-43899
Erkek Jean,Regular Fit Orta Bel Düz Paça Erkek Light İndigo Denim Jean Cepli Pantolon,999.99,https://www.colins.com.tr/p/regular-fit-orta-bel-duz-paca-erkek-denim-jean-cepli-pantolon-46220
Erkek Jean,Regular Fit Erkek Fermuarlı Mid İndigo Denim Jean Pantolon,999.99,https://www.colins.com.tr/p/regular-fit-erkek-fermuarli-mid-indigo-denim-jean-pantolon-45901
Erkek Jean,Slim Fit   Erkek Koyu İndigo Jean Pantolon,799.99,https://www.colins.com.tr/p/slim-fit-erkek-koyu-indigo-jean-pantolon-44254
Erkek Jean,Slim Fit Düşük Bel Dar Paça Erkek İndigo Jean Pantolon,799.99,https://www.colins.com.tr/p/slim-fit-dusuk-bel-dar-paca-erkek-mavi-jean-pantolon-44136
Erkek Jean,Jogger Fit Orta Bel Düz Paça Erkek İndigo Jean Pantolon,799.99,https://www.colins.com.tr/p/jogger-fit-orta-bel-duz-paca-erkek-indigo-jean-pantolon-42827
Erkek Jean,Loose Relaxed Fit Drop Crotch Kısa Paça Erkek Gri Jean Pantolon,599.99,https://www.colins.com.tr/p/loose-relaxed-fit-drop-crotch-kisa-paca-erkek-gri-jean-pantolon-39042
Erkek Jean,Loose Relaxed Fit Drop Crotch Kısa Paça Erkek İndigo Jean Pantolon,599.99,https://www.colins.com.tr/p/loose-relaxed-fit-drop-crotch-kisa-paca-erkek-indigo-jean-pantolon-40442
Erkek Jean,Regular Fit   Erkek İndigo Jean Pantolon,1199.99,https://www.colins.com.tr/p/regular-fit-erkek-mavi-jean-pantolon-46270
Erkek Jean,Regular Fit Erkek Mid İndigo Denim Jean Pantolon,999.95,https://www.colins.com.tr/p/regular-fit-erkek-mid-indigo-denim-jean-pantolon-46067
Erkek Jean,Regular Fit Orta Bel Daralan Paça Erkek İndigo Jean Pantolon,999.99,https://www.colins.com.tr/p/regular-fit-orta-bel-daralan-paca-erkek-indigo-jean-pantolon-45696
Erkek Jean,Slim Fit Düşük Bel Dar Paça Erkek Denim Jean Pantolon,799.99,https://www.colins.com.tr/p/slim-fit-dusuk-bel-dar-paca-erkek-denim-jean-pantolon-44087
Erkek Jean,Straight Fit Düşük Bel Düz Paça Erkek İndigo Jean Pantolon,599.99,https://www.colins.com.tr/p/straight-fit-dusuk-bel-duz-paca-erkek-indigo-jean-pantolon-35364
Erkek Jean,Straight Fit Düşük Bel Düz Paça Erkek Siyah Jean Pantolon,1199.99,https://www.colins.com.tr/p/straight-fit-dusuk-bel-duz-paca-erkek-siyah-jean-pantolon-46186
Erkek Jean,Regular Fit Orta Bel Düz Paça Erkek İndigo Jean Pantolon,1199.99,https://www.colins.com.tr/p/regular-fit-orta-bel-duz-paca-erkek-mavi-jean-pantolon-45827
Erkek Jean,Straight Fit Düşük Bel Düz Paça Erkek İndigo Jean Pantolon,999.99,https://www.colins.com.tr/p/straight-fit-dusuk-bel-duz-paca-erkek-mavi-jean-pantolon-11208
Erkek Jean,Straight Fit Düşük Bel Düz Paça Erkek Light İndigo Denim Jean Fermuarlı Pantolon,1199.99,https://www.colins.com.tr/p/straight-fit-dusuk-bel-duz-paca-erkek-light-indigo-denim-jean-fermuarli-pantolon-46187
Erkek Jean,Regular Fit   Erkek Lacivert Jean Pantolon,999.99,https://www.colins.com.tr/p/regular-fit-erkek-lacivert-jean-pantolon-45668
Erkek Jean,Skinny Fit   Erkek Koyu İndigo Jean Pantolon,799.99,https://www.colins.com.tr/p/skinny-fit-erkek-koyu-indigo-jean-pantolon-44042
Erkek Jean,Skinny Fit Düşük Bel Dar Paça Cepli Erkek Lacivert Jean Pantolon,799.99,https://www.colins.com.tr/p/skinny-fit-dusuk-bel-dar-paca-cepli-erkek-lacivert-jean-pantolon-43309
Erkek Jean,Straight Fit Düşük Bel Düz Paça Erkek Denim Jean Pantolon,999.99,https://www.colins.com.tr/p/straight-fit-dusuk-bel-duz-paca-erkek-denim-jean-pantolon-46260
Erkek Jean,Regular Fit Orta Bel Düz Paça Cepli Erkek Bleach İndigo Denim Jean Pantolon,999.99,https://www.colins.com.tr/p/regular-fit-orta-bel-duz-paca-cepli-erkek-mavi-jean-pantolon-46379
Erkek Jean,Skinny Fit Yüksek Bel Dar Paça Erkek İndigo Jean Pantolon,799.99,https://www.colins.com.tr/p/skinny-fit-yuksek-bel-dar-paca-erkek-indigo-jean-pantolon-44041
Erkek Jean,Skinny Fit Düşük Bel Dar Paça Erkek Koyu İndigo Jean Pantolon,599.99,https://www.colins.com.tr/p/skinny-fit-dusuk-bel-dar-paca-erkek-koyu-indigo-jean-pantolon-40420
Erkek Jean,Relaxed Fit   Erkek Siyah Jean Pantolon,999.99,https://www.colins.com.tr/p/relaxed-fit-erkek-siyah-jean-pantolon-45699
Erkek Jean,Skinny Fit Düşük Bel Dar Paça Erkek Lacivert Denim Jean Pantolon,799.99,https://www.colins.com.tr/p/skinny-fit-dusuk-bel-dar-paca-erkek-lacivert-denim-jean-pantolon-48068
Erkek Jean,Worker Fit Orta Bel Düz Paça Erkek Yeşil Jean Pantolon,599.99,https://www.colins.com.tr/p/worker-fit-orta-bel-duz-paca-erkek-yesil-jean-pantolon-39393
Erkek Jean,Regular Fit   Erkek İndigo Jean Pantolon,1199.99,https://www.colins.com.tr/p/regular-fit-erkek-over-dyed-denim-jean-pantolon-46073
Erkek Jean,Straight Fit Düşük Bel Düz Paça Erkek Denim Jean Pantolon,1199.99,https://www.colins.com.tr/p/straight-fit-dusuk-bel-duz-paca-erkek-denim-jean-pantolon-44040
Erkek Jean,Straight Fit Düşük Bel Düz Paça Erkek İndigo Jean Pantolon,1199.99,https://www.colins.com.tr/p/straight-fit-dusuk-bel-duz-paca-erkek-indigo-jean-pantolon-46190
Erkek Jean,Straight Fit Düşük Bel Düz Paça Erkek İndigo Jean Pantolon,1199.99,https://www.colins.com.tr/p/straight-fit-dusuk-bel-duz-paca-erkek-indigo-jean-pantolon-46251
Erkek Jean,Slim Fit Düşük Bel Dar Paça Fermuarlı Erkek Mid İndigo Denim Jean Pantolon,799.99,https://www.colins.com.tr/p/slim-fit-dusuk-bel-dar-paca-fermuarli-erkek-denim-jean-pantolon-42547
Erkek Jean,Slim Fit Pamuklu Erkek İndigo Jean Pantolon,799.99,https://www.colins.com.tr/p/slim-fit-pamuklu-erkek-indigo-jean-pantolon-42913
Erkek Jean,Slim Fit   Erkek İndigo Jean Pantolon,1199.99,https://www.colins.com.tr/p/slim-fit-erkek-mavi-jean-pantolon-46254
Erkek Jean,Slim Fit Düşük Bel Dar Paça Erkek İndigo Jean Pantolon,799.99,https://www.colins.com.tr/p/slim-fit-dusuk-bel-dar-paca-erkek-indigo-jean-pantolon-42939
Erkek Jean,Slim Fit Düşük Bel Dar Paça Erkek Siyah Jean Pantolon,599.99,https://www.colins.com.tr/p/slim-fit-dusuk-bel-dar-paca-erkek-siyah-jean-pantolon-40446
Erkek Jean,Straight Fit Düşük Bel Düz Paça Erkek Denim Jean Pantolon,999.99,https://www.colins.com.tr/p/straight-fit-dusuk-bel-duz-paca-erkek-denim-jean-pantolon-45822
Erkek Jean,Straight Fit Düşük Bel Düz Paça Erkek Denim Jean Pantolon,999.99,https://www.colins.com.tr/p/straight-fit-dusuk-bel-duz-paca-erkek-denim-jean-pantolon-46238
Erkek Jean,Loose Tapered Fit   Erkek Light İndigo Denim Jean Pantolon,1199.99,https://www.colins.com.tr/p/loose-tapered-fit-erkek-light-indigo-denim-jean-pantolon-49500
Erkek Jean,Slim Fit   Erkek Siyah Jean Pantolon,999.99,https://www.colins.com.tr/p/slim-fit-erkek-siyah-jean-pantolon-45835
Erkek Jean,Baggy Fit Orta Bel Bol Paça Erkek İndigo Jean Pantolon,999.99,https://www.colins.com.tr/p/baggy-fit-orta-bel-bol-paca-erkek-indigo-jean-pantolon-45742
Erkek Jean,Carrot Fit Drop Crotch Havuç Paça Erkek Fermuarlı  İndigo Jean Pantolon,599.99,https://www.colins.com.tr/p/carrot-fit-drop-crotch-havuc-paca-erkek-fermuarli-indigo-jean-pantolon-38595
Erkek Jean,Regular Fit Orta Bel Düz Paça Erkek Mid İndigo Fermuarlı Denim Jean Pantolon,999.99,https://www.colins.com.tr/p/regular-fit-orta-bel-duz-paca-erkek-mid-indigo-denim-jean-pantolon-45826
Erkek Jean,Skinny Fit Düşük Bel Dar Paça Erkek Siyah Denim Jean Pantolon,599.99,https://www.colins.com.tr/p/skinny-fit-dusuk-bel-dar-paca-erkek-siyah-denim-jean-pantolon-41012
Erkek Jean,Slim Fit   Erkek İndigo Jean Pantolon,799.99,https://www.colins.com.tr/p/slim-fit-erkek-indigo-jean-pantolon-42548
Erkek Jean,Slim Fit   Erkek İndigo Jean Pantolon,799.99,https://www.colins.com.tr/p/slim-fit-erkek-koyu-mavi-jean-pantolon-44256
Erkek Jean,Slim Fit Düşük Bel Dar Paça Erkek Lacivert Jean Pantolon,599.99,https://www.colins.com.tr/p/slim-fit-dusuk-bel-dar-paca-erkek-lacivert-jean-pantolon-41736
Erkek Jean,Straight Fit Düşük Bel Düz Paça Erkek İndigo Jean Pantolon,999.99,https://www.colins.com.tr/p/straight-fit-dusuk-bel-duz-paca-erkek-mavi-jean-pantolon-11209
Erkek Jean,Slim Fit Düşük Bel Dar Paça Erkek Lacivert Jean Pantolon,1199.99,https://www.colins.com.tr/p/slim-fit-dusuk-bel-dar-paca-erkek-lacivert-jean-pantolon-45869
Erkek Jean,Chıno   Erkek Natural Jean Pantolon,799.99,https://www.colins.com.tr/p/chino-erkek-natural-jean-pantolon-42828
Erkek Jean,Skinny Fit Düşük Bel Dar Paça Erkek Cepli Denim Jean Pantolon,799.99,https://www.colins.com.tr/p/skinny-fit-dusuk-bel-dar-paca-erkek-cepli-denim-jean-pantolon-41286
Erkek Jean,Skinny Fit Yüksel Bel Dar Paça Erkek Siyah Denim Jean Pantolon,799.99,https://www.colins.com.tr/p/skinny-fit-yuksek-bel-dar-paca-erkek-siyah-denim-jean-pantolon-41285
Erkek Jean,Slim Fit Düşük Bel Dar Paça Erkek İndigo Jean Pantolon,1199.99,https://www.colins.com.tr/p/slim-fit-dusuk-bel-dar-paca-erkek-mavi-jean-pantolon-46235
Erkek Jean,Slim Fit Düşük Bel Dar Paça Erkek Koyu İndigo Denim Jean Pantolon,799.99,https://www.colins.com.tr/p/slim-fit-dusuk-bel-dar-paca-erkek-koyu-indigo-denim-jean-pantolon-43329
Erkek Jean,Slim Fit   Erkek İndigo Jean Pantolon,799.99,https://www.colins.com.tr/p/slim-fit-erkek-indigo-jean-pantolon-42877
Erkek Jean,Slim Fit   Erkek İndigo Jean Pantolon,799.99,https://www.colins.com.tr/p/slim-fit-erkek-mavi-jean-pantolon-44510
Erkek Jean,Loose Straight Fit   Erkek Bej Jean Pantolon,999.99,https://www.colins.com.tr/p/loose-straight-fit-erkek-bej-jean-pantolon-46327
Erkek Jean,Loose Tapered Fit Erkek Mid İndigo Denim Jean Fermuarlı Pantolon,1299.95,https://www.colins.com.tr/p/loose-tapered-fit-erkek-mid-indigo-denim-jean-fermuarli-pantolon-46450
Erkek Jean,Regular Fit Orta Bel Daralan Paça Erkek İndigo Jean Pantolon,799.99,https://www.colins.com.tr/p/regular-fit-orta-bel-daralan-paca-erkek-indigo-jean-pantolon-43911
Erkek Jean,Skinny Fit Düşük Bel Dar Paça Erkek Siyah Jean Pantolon,799.99,https://www.colins.com.tr/p/skinny-fit-dusuk-bel-dar-paca-erkek-siyah-jean-pantolon-38443
Erkek Jean,Slim Fit   Erkek İndigo Jean Pantolon,799.99,https://www.colins.com.tr/p/slim-fit-erkek-indigo-jean-pantolon-42914
Erkek Jean,Slim Fit Düşük Bel Dar Paça Erkek Denim Jean Pantolon,799.99,https://www.colins.com.tr/p/slim-fit-dusuk-bel-dar-paca-erkek-denim-jean-pantolon-41297
Erkek Jean,Slim Fit Düşük Bel Dar Paça Erkek İndigo Jean Pantolon,1199.99,https://www.colins.com.tr/p/slim-fit-dusuk-bel-dar-paca-erkek-indigo-jean-pantolon-46185
Erkek Jean,Slim Fit Düşük Bel Dar Paça Erkek Lacivert Jean Pantolon,1199.99,https://www.colins.com.tr/p/slim-fit-dusuk-bel-dar-paca-erkek-lacivert-jean-pantolon-45868
Erkek Jean,Slim Fit Düşük Bel Dar Paça Erkek Lacivert Jean Pantolon,999.99,https://www.colins.com.tr/p/slim-fit-dusuk-bel-dar-paca-erkek-lacivert-jean-pantolon-45876
Erkek Jean,Slim Fit Fermuarlı Erkek Black Black Denim Jean Pantolon,1199.99,https://www.colins.com.tr/p/slim-fit-fermuarli-erkek-black-black-denim-jean-pantolon-45750
Erkek Jean,Straight Fit   Erkek İndigo Jean Pantolon,999.99,https://www.colins.com.tr/p/straight-fit-erkek-mavi-jean-pantolon-46272
Erkek Jean,Regular Fit   Erkek İndigo Jean Pantolon,799.99,https://www.colins.com.tr/p/regular-fit-erkek-indigo-jean-pantolon-42862
Erkek Jean,Slim Fit Düşük Bel Dar Paça Erkek Denim Jean Pantolon,799.99,https://www.colins.com.tr/p/slim-fit-dusuk-bel-dar-paca-erkek-denim-jean-pantolon-43310
Erkek Jean,Regular Fit Erkek Lacivert Denim Jean Pantolon,599.99,https://www.colins.com.tr/p/regular-fit-erkek-lacivert-denim-jean-pantolon-41734
Erkek Jean,Slim Fit   Erkek Denim Jean Pantolon,799.99,https://www.colins.com.tr/p/slim-fit-erkek-denim-jean-pantolon-42525
Erkek Jean,Slim Fit Düşük Bel Dar Paça Erkek İndigo Jean Pantolon,799.99,https://www.colins.com.tr/p/slim-fit-dusuk-bel-dar-paca-erkek-indigo-jean-pantolon-42917
Erkek Jean,Slim Fit Düşük Bel Dar Paça Erkek Siyah Jean Pantolon,599.99,https://www.colins.com.tr/p/slim-fit-dusuk-bel-dar-paca-erkek-siyah-jean-pantolon-41737
Erkek Jean,Slim Fit Erkek Koyu İndigo Yırtık Detaylı Jean Pantolon,799.99,https://www.colins.com.tr/p/slim-fit-erkek-koyu-indigo-yirtik-detayli-jean-pantolon-41468
Erkek Jean,Straight Fit   Erkek İndigo Jean Pantolon,799.99,https://www.colins.com.tr/p/straight-fit-erkek-indigo-jean-pantolon-42920
Erkek Jean,Straight Fit Düşük Bel Düz Paça Erkek İndigo Jean Pantolon,799.99,https://www.colins.com.tr/p/straight-fit-dusuk-bel-duz-paca-erkek-indigo-jean-pantolon-44034
Erkek Jean,Straight Fit Düşük Bel Düz Paça Erkek Lacivert Jean Pantolon,799.99,https://www.colins.com.tr/p/straight-fit-dusuk-bel-duz-paca-erkek-lacivert-jean-pantolon-44581
Erkek Jean,Straight Fit Erkek İndigo Jean Denim Pantolon,799.99,https://www.colins.com.tr/p/straight-fit-erkek-indigo-jean-denim-pantolon-43913
Erkek Jean,Loose Relaxed Fit Drop Crotch Kısa Paça Erkek İndigo Jean Pantolon,599.99,https://www.colins.com.tr/p/loose-relaxed-fit-drop-crotch-kisa-paca-erkek-indigo-jean-pantolon-38624
Erkek Jean,Loose Tapered Fit Süper Yüksek Bel Daralan Paça Erkek Gri Jean Pantolon,599.99,https://www.colins.com.tr/p/loose-tapered-fit-super-yuksek-bel-daralan-paca-erkek-gri-jean-pantolon-40435
Erkek Jean,Skinny Fit Düşük Bel Dar Paça Erkek Denim Jean Pantolon,799.99,https://www.colins.com.tr/p/skinny-fit-dusuk-bel-dar-paca-erkek-denim-jean-pantolon-42150
Erkek Jean,Skinny Fit Yüksel Bel Dar Paça Erkek Siyah Jean Pantolon,799.99,https://www.colins.com.tr/p/skinny-fit-yuksel-bel-dar-paca-erkek-siyah-jean-pantolon-43996
Erkek Jean,Slim Fit   Erkek Gri Jean Pantolon,799.99,https://www.colins.com.tr/p/slim-fit-erkek-gri-jean-pantolon-42918
Erkek Jean,Slim Fit   Erkek İndigo Jean Pantolon,799.99,https://www.colins.com.tr/p/slim-fit-erkek-indigo-jean-pantolon-41289
Erkek Jean,Straight Fit Düşük Bel Düz Paça Erkek İndigo Jean Pantolon,999.99,https://www.colins.com.tr/p/straight-fit-dusuk-bel-duz-paca-erkek-mavi-jean-pantolon-11207
Erkek Jean,Slim Fit Düşük Bel Dar Paça Erkek Yeşil Jean Pantolon,799.99,https://www.colins.com.tr/p/slim-fit-dusuk-bel-dar-paca-erkek-yesil-jean-pantolon-43313
Erkek Jean,Straight Fit Erkek Over Dyed Denim Jean Fermuarlı Pantolon,1199.99,https://www.colins.com.tr/p/straight-fit-erkek-over-dyed-denim-jean-fermuarli-pantolon-45825
Erkek Jean,Slim Fit   Erkek İndigo Jean Pantolon,799.99,https://www.colins.com.tr/p/slim-fit-erkek-indigo-jean-pantolon-42151
Erkek Jean,Slim Fit Düşük Bel Dar Paça Cepli Erkek Denim Jean Pantolon,599.99,https://www.colins.com.tr/p/slim-fit-dusuk-bel-dar-paca-cepli-erkek-denim-jean-pantolon-40983
Erkek Jean,Slim Fit Düşük Bel Dar Paça Cepli Erkek Koyu İndigo Jean Pantolon,799.99,https://www.colins.com.tr/p/slim-fit-dusuk-bel-dar-paca-cepli-erkek-koyu-indigo-jean-pantolon-42936
Erkek Jean,Straight Fit Düşük Bel Düz Paça Erkek İndigo Jean Pantolon,799.99,https://www.colins.com.tr/p/straight-fit-dusuk-bel-duz-paca-erkek-mavi-jean-pantolon-43490
Erkek Jean,Straight Fit Düşük Bel Düz Paça Erkek İndigo Jean Pantolon,799.99,https://www.colins.com.tr/p/straight-fit-dusuk-bel-duz-paca-erkek-mavi-jean-pantolon-43615
Erkek Jean,Skinny Fit Düşük Bel Dar Paça Erkek İndigo Jean Pantolon,599.99,https://www.colins.com.tr/p/skinny-fit-dusuk-bel-dar-paca-erkek-indigo-jean-pantolon-38597
Erkek Jean,Skinny Fit Yüksek Bel Dar Paça Erkek Koyu İndigo Jean Pantolon,599.99,https://www.colins.com.tr/p/skinny-fit-yuksek-bel-dar-paca-erkek-koyu-indigo-jean-pantolon-40419
Erkek Jean,Slim Fit Düşük Bel Dar Paça Erkek İndigo Jean Pantolon,599.99,https://www.colins.com.tr/p/slim-fit-dusuk-bel-dar-paca-erkek-indigo-jean-pantolon-40991
Erkek Jean,Straight Fit   Erkek İndigo Jean Pantolon,999.99,https://www.colins.com.tr/p/straight-fit-erkek-mavi-jean-pantolon-46271
Erkek Jean,Regular Fit   Erkek Siyah Jean Pantolon,999.99,https://www.colins.com.tr/p/regular-fit-erkek-siyah-jean-pantolon-45691
Erkek Jean,Slim Fit   Erkek İndigo Jean Pantolon,799.99,https://www.colins.com.tr/p/slim-fit-erkek-indigo-jean-pantolon-41309
Erkek Jean,Slim Fit Düşük Bel Dar Paça Erkek Denim Jean Pantolon,599.99,https://www.colins.com.tr/p/slim-fit-dusuk-bel-dar-paca-erkek-denim-jean-pantolon-40421
Erkek Jean,Slim Fit Düşük Bel Dar Paça Erkek Denim Jean Pantolon,799.99,https://www.colins.com.tr/p/slim-fit-dusuk-bel-dar-paca-erkek-denim-jean-pantolon-44137
Erkek Jean,Slim Fit Düşük Bel Dar Paça Erkek İndigo Jean Pantolon,599.99,https://www.colins.com.tr/p/slim-fit-dusuk-bel-dar-paca-erkek-indigo-jean-pantolon-39380
Erkek Jean,Slim Fit Düşük Bel Dar Paça Erkek İndigo Jean Pantolon,799.99,https://www.colins.com.tr/p/slim-fit-dusuk-bel-dar-paca-erkek-indigo-jean-pantolon-42546
Erkek Jean,Slim Fit Düşük Bel Dar Paça Erkek Siyah Denim Jean Pantolon,799.99,https://www.colins.com.tr/p/slim-fit-dusuk-bel-dar-paca-erkek-siyah-denim-jean-pantolon-41294
Erkek Jean,Slim Fit Düşük Bel Dar Paça Erkek Siyah Jean Pantolon,599.99,https://www.colins.com.tr/p/slim-fit-dusuk-bel-dar-paca-erkek-siyah-jean-pantolon-40443
Erkek Jean,Slim Fit Düşük Bel Dar Paça Fermuarlı Erkek Mid İndigo Denim Jean Pantolon,799.99,https://www.colins.com.tr/p/slim-fit-dusuk-bel-dar-paca-fermuarli-erkek-mid-indigo-denim-jean-pantolon-42317
Erkek Jean,Regular Fit Orta Bel Düz Paça Cepli Erkek Over Dyed Denim Jean Pantolon,1199.99,https://www.colins.com.tr/p/regular-fit-orta-bel-duz-paca-cepli-erkek-siyah-jean-pantolon-46305
Erkek Jean,Skinny Fit Yüksel Bel Dar Paça Erkek İndigo Jean Pantolon,999.99,https://www.colins.com.tr/p/skinny-fit-yuksel-bel-dar-paca-erkek-mavi-jean-pantolon-45988
Erkek Jean,Slim Fit Düşük Bel Dar Paça Pamuklu Erkek Blue Black Denim Jean Pantolon,599.99,https://www.colins.com.tr/p/slim-fit-dusuk-bel-dar-paca-pamuklu-erkek-blue-black-denim-jean-pantolon-40416
Erkek Jean,Regular Fit Orta Bel Düz Paça Erkek İndigo Jean Pantolon,999.99,https://www.colins.com.tr/p/regular-fit-orta-bel-duz-paca-erkek-mavi-jean-pantolon-11205
Erkek Jean,Skinny Fit Düşük Bel Dar Paça Erkek Lacivert Jean Pantolon,599.99,https://www.colins.com.tr/p/skinny-fit-dusuk-bel-dar-paca-erkek-lacivert-jean-pantolon-40425
Erkek Jean,Slim Fit Düşük Bel Dar Paça Erkek İndigo Jean Pantolon,599.99,https://www.colins.com.tr/p/slim-fit-dusuk-bel-dar-paca-erkek-indigo-jean-pantolon-39389
Erkek Jean,Slim Fit Düşük Bel Dar Paça Erkek İndigo Jean Pantolon,799.99,https://www.colins.com.tr/p/slim-fit-dusuk-bel-dar-paca-erkek-indigo-jean-pantolon-41941
Erkek Jean,Straight Fit   Erkek Siyah Jean Pantolon,799.99,https://www.colins.com.tr/p/straight-fit-erkek-siyah-jean-pantolon-43612
Erkek Jean,Skinny Fit Erkek Koyu İndigo Denim Jean Pantolon,799.99,https://www.colins.com.tr/p/skinny-fit-erkek-koyu-indigo-denim-jean-pantolon-41284
Erkek Jean,Skinny Fit Yüksel Bel Dar Paça Erkek İndigo Jean Pantolon,799.99,https://www.colins.com.tr/p/skinny-fit-yuksel-bel-dar-paca-erkek-mavi-jean-pantolon-44046
Erkek Jean,Slim Fit   Erkek İndigo Jean Pantolon,799.99,https://www.colins.com.tr/p/slim-fit-erkek-mavi-jean-pantolon-43969
Erkek Jean,Slim Fit Düşük Bel Dar Paça Erkek Denim Jean Pantolon,599.99,https://www.colins.com.tr/p/slim-fit-dusuk-bel-dar-paca-erkek-denim-jean-pantolon-28743
Erkek Jean,Slim Fit Düşük Bel Dar Paça Erkek İndigo Denim Jean Pantolon,799.99,https://www.colins.com.tr/p/slim-fit-dusuk-bel-dar-paca-erkek-indigo-denim-jean-pantolon-43898
Erkek Jean,Slim Fit Düşük Bel Dar Paça Erkek Koyu İndigo Jean Pantolon,599.99,https://www.colins.com.tr/p/slim-fit-dusuk-bel-dar-paca-erkek-koyu-indigo-jean-pantolon-41048
Erkek Jean,Slim Fit Düşük Bel Dar Paça Erkek Siyah Jean Pantolon,599.99,https://www.colins.com.tr/p/slim-fit-dusuk-bel-dar-paca-erkek-siyah-jean-pantolon-41049
Erkek Jean,Regular Fit   Erkek Denim Jean Pantolon,799.99,https://www.colins.com.tr/p/regular-fit-erkek-denim-jean-pantolon-44036
Erkek Jean,Regular Fit   Erkek Koyu İndigo Jean Pantolon,799.99,https://www.colins.com.tr/p/regular-fit-erkek-koyu-indigo-jean-pantolon-43616
Erkek Jean,Slim Fit   Erkek Siyah Jean Pantolon,799.99,https://www.colins.com.tr/p/slim-fit-erkek-siyah-jean-pantolon-43970
Erkek Jean,Slim Fit Düşük Bel Dar Paça Erkek Denim Jean Pantolon,799.99,https://www.colins.com.tr/p/slim-fit-dusuk-bel-dar-paca-erkek-denim-jean-pantolon-38452
Erkek Jean,Slim Fit Düşük Bel Dar Paça Erkek Koyu İndigo Jean Pantolon,599.99,https://www.colins.com.tr/p/slim-fit-dusuk-bel-dar-paca-erkek-koyu-indigo-jean-pantolon-40985
Erkek Jean,Slim Fit Düşük Bel Dar Paça Erkek Koyu İndigo Jean Pantolon,799.99,https://www.colins.com.tr/p/slim-fit-dusuk-bel-dar-paca-erkek-koyu-mavi-jean-pantolon-43328
Erkek Jean,Slim Fit Düşük Bel Dar Paça Erkek Siyah Jean Pantolon,599.99,https://www.colins.com.tr/p/slim-fit-dusuk-bel-dar-paca-erkek-siyah-jean-pantolon-40984
Erkek Jean,Loose Straight Fit Orta Bel Düz Paça Erkek Gri Denim Jean Pantolon,799.99,https://www.colins.com.tr/p/loose-straight-fit-orta-bel-duz-paca-erkek-gri-denim-jean-pantolon-42926
Erkek Jean,Regular Fit Orta Bel Düz Paça Erkek İndigo Jean Pantolon,999.99,https://www.colins.com.tr/p/regular-fit-orta-bel-duz-paca-erkek-mavi-jean-pantolon-11210
Erkek Jean,Skinny Fit Yüksek Bel Dar Paça Erkek Koyu İndigo Jean Pantolon,599.99,https://www.colins.com.tr/p/skinny-fit-yuksek-bel-dar-paca-erkek-koyu-indigo-jean-pantolon-40413
Erkek Jean,Skinny Fit Yüksel Bel Dar Paça Erkek İndigo Denim Jean Pantolon,799.99,https://www.colins.com.tr/p/skinny-fit-yuksek-bel-dar-paca-erkek-indigo-denim-jean-pantolon-42280
Erkek Jean,Slim Fit   Erkek Koyu İndigo Jean Pantolon,799.99,https://www.colins.com.tr/p/slim-fit-erkek-koyu-indigo-jean-pantolon-42242
Erkek Jean,Slim Fit Düşük Bel Dar Paça Erkek Denim Jean Pantolon,599.99,https://www.colins.com.tr/p/slim-fit-dusuk-bel-dar-paca-erkek-denim-jean-pantolon-39367
Erkek Jean,Slim Fit Düşük Bel Dar Paça Erkek İndigo Jean Pantolon,599.99,https://www.colins.com.tr/p/slim-fit-dusuk-bel-dar-paca-erkek-indigo-jean-pantolon-40440
Erkek Jean,Slim Fit Düşük Bel Dar Paça Erkek İndigo Jean Pantolon,599.99,https://www.colins.com.tr/p/slim-fit-dusuk-bel-dar-paca-erkek-indigo-jean-pantolon-40992
Erkek Jean,Slim Fit Düşük Bel Dar Paça Erkek Koyu İndigo Jean Pantolon,599.99,https://www.colins.com.tr/p/slim-fit-dusuk-bel-dar-paca-erkek-koyu-indigo-jean-pantolon-40982
Erkek Jean,Slim Fit Düşük Bel Dar Paça Erkek Koyu İndigo Jean Pantolon,599.99,https://www.colins.com.tr/p/slim-fit-dusuk-bel-dar-paca-erkek-koyu-indigo-jean-pantolon-40997
Erkek Jean,Slim Fit Düşük Bel Dar Paça Erkek Siyah Jean Pantolon,599.99,https://www.colins.com.tr/p/slim-fit-dusuk-bel-dar-paca-erkek-siyah-jean-pantolon-40448
Erkek Jean,Slim Fit Erkek Gri Jean Pantolon,999.99,https://www.colins.com.tr/p/slim-fit-erkek-gri-jean-pantolon-46269
Erkek Jean,Straight Fit   Erkek İndigo Jean Pantolon,799.99,https://www.colins.com.tr/p/straight-fit-erkek-indigo-jean-pantolon-43979
Erkek Jean,Straight Fit   Erkek İndigo Jean Pantolon,799.99,https://www.colins.com.tr/p/straight-fit-erkek-mavi-jean-pantolon-44032
Erkek Jean,Straight Fit Düşük Bel Düz Paça Erkek İndigo Jean Pantolon,799.99,https://www.colins.com.tr/p/straight-fit-dusuk-bel-duz-paca-erkek-indigo-jean-pantolon-43901
Erkek Jean,Straight Fit Düşük Bel Düz Paça Erkek İndigo Jean Pantolon,799.99,https://www.colins.com.tr/p/straight-fit-dusuk-bel-duz-paca-erkek-indigo-jean-pantolon-48073
Erkek Jean,Cargo Fit Orta Bel Düz Paça Erkek Fermuarlı İndigo Jean Pantolon,599.99,https://www.colins.com.tr/p/cargo-fit-orta-bel-duz-paca-erkek-fermuarli-indigo-jean-pantolon-41735
Erkek Jean,Loose Straight Fit Orta Bel Düz Paça Erkek Denim Jean Pantolon,799.99,https://www.colins.com.tr/p/loose-straight-fit-orta-bel-duz-paca-erkek-denim-jean-pantolon-42924
Erkek Jean,Slim Fit Düşük Bel Dar Paça Erkek İndigo Jean Pantolon,599.99,https://www.colins.com.tr/p/slim-fit-dusuk-bel-dar-paca-erkek-indigo-jean-pantolon-38865
Erkek Jean,Slim Fit Düşük Bel Dar Paça Erkek Siyah Jean Pantolon,799.99,https://www.colins.com.tr/p/slim-fit-dusuk-bel-dar-paca-erkek-siyah-jean-pantolon-43314
Erkek Jean,Regular Fit   Erkek Siyah Jean Pantolon,1199.99,https://www.colins.com.tr/p/regular-fit-erkek-siyah-jean-pantolon-46188
Erkek Jean,Regular Fit Orta Bel Daralan Paça Erkek Black Denim Jean Pantolon,999.99,https://www.colins.com.tr/p/regular-fit-orta-bel-daralan-paca-erkek-black-denim-jean-pantolon-49870
Erkek Jean,Regular Fit Orta Bel Daralan Paça Erkek İndigo Fermuarlı Denim Jean Pantolon,799.99,https://www.colins.com.tr/p/regular-fit-orta-bel-daralan-paca-erkek-indigo-fermuarli-denim-jean-pantolon-43912
Erkek Jean,Skinny Fit   Erkek İndigo Jean Pantolon,799.99,https://www.colins.com.tr/p/skinny-fit-erkek-indigo-jean-pantolon-41308
Erkek Jean,Straight Fit Erkek İndigo Denim Jean Pantolon,799.99,https://www.colins.com.tr/p/straight-fit-erkek-indigo-denim-jean-pantolon-41680
Erkek Jean,Regular Fit   Erkek Yeşil Jean Pantolon,799.99,https://www.colins.com.tr/p/regular-fit-erkek-yesil-jean-pantolon-43652
Erkek Jean,Slim Fit Düşük Bel Dar Paça Erkek Koyu İndigo Jean Pantolon,599.99,https://www.colins.com.tr/p/slim-fit-dusuk-bel-dar-paca-erkek-koyu-indigo-jean-pantolon-40981
Erkek Jean,Slim Fit Düşük Bel Dar Paça Pamuk Erkek Denim Jean Pantolon,599.99,https://www.colins.com.tr/p/slim-fit-dusuk-bel-dar-paca-pamuk-erkek-denim-jean-pantolon-38864
Erkek Jean,Straight Fit   Erkek Lacivert Jean Pantolon,799.99,https://www.colins.com.tr/p/straight-fit-erkek-lacivert-jean-pantolon-44033
Erkek Jean,Straight Fit   Erkek Siyah Jean Pantolon,799.99,https://www.colins.com.tr/p/straight-fit-erkek-siyah-jean-pantolon-42938
Erkek Jean,Straight Fit Düşük Bel Düz Paça Erkek İndigo Jean Pantolon,799.99,https://www.colins.com.tr/p/straight-fit-dusuk-bel-duz-paca-erkek-mavi-jean-pantolon-43485
Erkek Jean,Loose Straight Fit Orta Bel Düz Paça Erkek İndigo Jean Pantolon,799.99,https://www.colins.com.tr/p/loose-straight-fit-orta-bel-duz-paca-erkek-indigo-jean-pantolon-41563
Erkek Jean,Slim Fit Düşük Bel Dar Paça Erkek Koyu İndigo Jean Pantolon,599.99,https://www.colins.com.tr/p/slim-fit-dusuk-bel-dar-paca-erkek-koyu-indigo-jean-pantolon-39396
Erkek Jean,Straight Fit   Erkek Denim Jean Pantolon,799.99,https://www.colins.com.tr/p/straight-fit-erkek-denim-jean-pantolon-44255
Erkek Jean,Straight Fit   Erkek İndigo Jean Pantolon,799.99,https://www.colins.com.tr/p/straight-fit-erkek-mavi-jean-pantolon-44075
Erkek Jean,Straight Fit Düşük Bel Düz Paça Erkek Denim Jean Pantolon,799.99,https://www.colins.com.tr/p/straight-fit-dusuk-bel-duz-paca-erkek-denim-jean-pantolon-43908
Erkek Jean,Straight Fit Düşük Bel Düz Paça Erkek İndigo Jean Denim Pantolon,599.99,https://www.colins.com.tr/p/straight-fit-dusuk-bel-duz-paca-erkek-indigo-jean-denim-pantolon-40436
Erkek Jean,Straight Fit Düşük Bel Düz Paça Erkek Lacivert Fermuarlı Jean Denim Pantolon,799.99,https://www.colins.com.tr/p/straight-fit-dusuk-bel-duz-paca-erkek-lacivert-fermauarli-jean-denim-pantolon-41252
Erkek Jean,Loose Straight Fit Orta Bel Düz Paça Erkek Siyah Jean Pantolon,599.99,https://www.colins.com.tr/p/loose-straight-fit-orta-bel-duz-paca-erkek-siyah-jean-pantolon-40449
Erkek Jean,Regular Fit   Erkek Siyah Jean Pantolon,1199.99,https://www.colins.com.tr/p/regular-fit-erkek-siyah-jean-pantolon-45690
Erkek Jean,Skinny Fit Fermuarlı Erkek İndigo Jean Pantolon,799.99,https://www.colins.com.tr/p/skinny-fit-fermuarli-erkek-indigo-jean-pantolon-42912
Erkek Jean,Skinny Fit Yüksek Bel Dar Paça Erkek Siyah Jean Pantolon,599.99,https://www.colins.com.tr/p/skinny-fit-yuksek-bel-dar-paca-erkek-siyah-jean-pantolon-40451
Erkek Jean,Slim Fit   Erkek Lacivert Jean Pantolon,799.99,https://www.colins.com.tr/p/slim-fit-erkek-lacivert-jean-pantolon-41310
Erkek Jean,Slim Fit Düşük Bel Dar Paça Cepli Erkek Siyah Jean Pantolon,599.99,https://www.colins.com.tr/p/slim-fit-dusuk-bel-dar-paca-cepli-erkek-siyah-jean-pantolon-39036
Erkek Jean,Slim Fit Düşük Bel Dar Paça Erkek Gri Jean Pantolon,599.99,https://www.colins.com.tr/p/slim-fit-dusuk-bel-dar-paca-erkek-gri-jean-pantolon-39374
Erkek Jean,Slim Fit Düşük Bel Dar Paça Erkek Koyu İndigo Jean Pantolon,599.99,https://www.colins.com.tr/p/slim-fit-dusuk-bel-dar-paca-erkek-koyu-indigo-jean-pantolon-40418
Erkek Jean,Slim Fit Düşük Bel Dar Paça Erkek Koyu İndigo Jean Pantolon,599.99,https://www.colins.com.tr/p/slim-fit-dusuk-bel-dar-paca-erkek-koyu-indigo-jean-pantolon-40990
Erkek Jean,Slim Fit Düşük Bel Dar Paça Erkek Koyu İndigo Jean Pantolon,599.99,https://www.colins.com.tr/p/slim-fit-dusuk-bel-dar-paca-erkek-koyu-indigo-jean-pantolon-41015
Erkek Jean,Slim Fit Düşük Bel Dar Paça Erkek Siyah Jean Pantolon,799.99,https://www.colins.com.tr/p/slim-fit-dusuk-bel-dar-paca-erkek-siyah-jean-pantolon-41293
Erkek Jean,Slim Fit Yüksek Bel Dar Paça Erkek İndigo Jean Pantolon,599.99,https://www.colins.com.tr/p/slim-fit-yuksek-bel-dar-paca-erkek-indigo-jean-pantolon-41005
Erkek Jean,Straight Fit   Erkek Denim Jean Pantolon,799.99,https://www.colins.com.tr/p/straight-fit-erkek-denim-jean-pantolon-41685
Erkek Jean,Straight Fit   Erkek Denim Jean Pantolon,799.99,https://www.colins.com.tr/p/straight-fit-erkek-denim-jean-pantolon-44085
Erkek Jean,Straight Fit   Erkek İndigo Jean Pantolon,799.99,https://www.colins.com.tr/p/straight-fit-erkek-indigo-jean-pantolon-42495
Erkek Jean,Straight Fit Düşük Bel Düz Paça Erkek Gri Jean Pantolon,599.99,https://www.colins.com.tr/p/straight-fit-dusuk-bel-duz-paca-erkek-gri-jean-pantolon-40999
Erkek Jean,Straight Fit Düşük Bel Düz Paça Erkek İndigo Jean Pantolon,599.99,https://www.colins.com.tr/p/straight-fit-dusuk-bel-duz-paca-erkek-indigo-jean-pantolon-40453
Erkek Jean,Straight Fit Düşük Bel Düz Paça Erkek İndigo Jean Pantolon,599.99,https://www.colins.com.tr/p/straight-fit-dusuk-bel-duz-paca-erkek-indigo-jean-pantolon-40986
Erkek Jean,Straight Fit Düşük Bel Düz Paça Erkek Koyu İndigo Jean Pantolon,599.99,https://www.colins.com.tr/p/straight-fit-dusuk-bel-duz-paca-erkek-koyu-indigo-jean-pantolon-40417
Erkek Jean,Straight Fit Düşük Bel Düz Paça Erkek Koyu İndigo Jean Pantolon,799.99,https://www.colins.com.tr/p/straight-fit-dusuk-bel-duz-paca-erkek-koyu-mavi-jean-pantolon-43891
Erkek Jean,Bootcut Orta Bel Bootcut Erkek Denim Jean Pantolon,799.99,https://www.colins.com.tr/p/bootcut-orta-bel-bootcut-erkek-denim-jean-pantolon-43903
Erkek Jean,Regular Tapered Fıt Orta Bel Daralan Paça Erkek Denim Jean Pantolon,599.99,https://www.colins.com.tr/p/regular-tapered-fit-orta-bel-daralan-paca-erkek-denim-jean-pantolon-40429
Erkek Jean,Straight Fit   Erkek Denim Jean Pantolon,799.99,https://www.colins.com.tr/p/straight-fit-erkek-denim-jean-pantolon-42316
Erkek Jean,Straight Fit   Erkek Siyah Jean Pantolon,799.99,https://www.colins.com.tr/p/straight-fit-erkek-siyah-jean-pantolon-43613
Erkek Jean,Straight Fit Düşük Bel Düz Paça Erkek Açik İndigo Jean Pantolon,799.99,https://www.colins.com.tr/p/straight-fit-dusuk-bel-duz-paca-erkek-acik-indigo-jean-pantolon-42319
Erkek Jean,Slim Fit   Erkek Siyah Jean Pantolon,799.99,https://www.colins.com.tr/p/slim-fit-erkek-siyah-jean-pantolon-42937
Erkek Jean,Straight Fit   Erkek Koyu İndigo Jean Pantolon,799.99,https://www.colins.com.tr/p/straight-fit-erkek-koyu-indigo-jean-pantolon-41690
Erkek Jean,Straight Fit Düşük Bel Düz Paça Erkek Mid İndigo Denim Jean Pantolon,1199.99,https://www.colins.com.tr/p/straight-fit-dusuk-bel-duz-paca-erkek-mid-indigo-denim-jean-pantolon-49601
Erkek Jean,Straight Fit   Erkek İndigo Jean Pantolon,799.99,https://www.colins.com.tr/p/straight-fit-erkek-indigo-jean-pantolon-41298
Erkek Jean,Regular Fit   Erkek Green Cast Denim Jean Pantolon,999.99,https://www.colins.com.tr/p/regular-fit-erkek-green-cast-denim-jean-pantolon-49505
Erkek Jean,Straight Fit   Erkek İndigo Jean Pantolon,799.99,https://www.colins.com.tr/p/straight-fit-erkek-indigo-jean-pantolon-42493
Erkek Jean,Straight Fit   Erkek Koyu İndigo Jean Pantolon,799.99,https://www.colins.com.tr/p/straight-fit-erkek-koyu-indigo-jean-pantolon-41667
Erkek Jean,Straight Fit   Erkek Koyu İndigo Jean Pantolon,799.99,https://www.colins.com.tr/p/straight-fit-erkek-koyu-indigo-jean-pantolon-47704
Erkek Jean,Straight Fit   Erkek Siyah Jean Pantolon,599.99,https://www.colins.com.tr/p/straight-fit-erkek-siyah-jean-pantolon-41046
Erkek Jean,Straight Fit Düşük Bel Düz Paça Erkek Lacivert Jean Denim Pantolon,799.99,https://www.colins.com.tr/p/straight-fit-dusuk-bel-duz-paca-erkek-lacivert-jean-denim-pantolon-46434
Erkek Jean,Straight Fit Düşük Bel Düz Paça Erkek Siyah Jean Pantolon,799.99,https://www.colins.com.tr/p/straight-fit-dusuk-bel-duz-paca-erkek-siyah-jean-pantolon-42549
Erkek Jean,Straight Fit Düşük Bel Düz Paça Erkek Siyah Jean Pantolon,799.99,https://www.colins.com.tr/p/straight-fit-dusuk-bel-duz-paca-erkek-siyah-jean-pantolon-43491
Erkek Jean,Regular Fit   Erkek Açik İndigo Jean Pantolon,1199.99,https://www.colins.com.tr/p/regular-fit-erkek-acik-mavi-jean-pantolon-47180
Erkek Jean,Skinny Fit Yüksek Bel Cepli Dar Paça Erkek Siyah Jean Pantolon,799.99,https://www.colins.com.tr/p/skinny-fit-yuksek-bel-cepli-dar-paca-erkek-siyah-jean-pantolon-41302
Erkek Jean,Skinny Fit Yüksel Bel Dar Paça Erkek Siyah Jean Pantolon,799.99,https://www.colins.com.tr/p/skinny-fit-yuksel-bel-dar-paca-erkek-siyah-jean-pantolon-43494
Erkek Jean,Skinny Fit Yüksel Bel Dar Paça Fermuarlı Erkek Siyah Jean Pantolon,599.99,https://www.colins.com.tr/p/skinny-fit-yuksek-bel-dar-paca-fermuarli-erkek-siyah-jean-pantolon-39385
Erkek Jean,Slim Fit   Erkek Denim Jean Pantolon,599.99,https://www.colins.com.tr/p/slim-fit-erkek-denim-jean-pantolon-39626
Erkek Jean,Slim Fit Düşük Bel Dar Paça Erkek Siyah Jean Pantolon,599.99,https://www.colins.com.tr/p/slim-fit-dusuk-bel-dar-paca-erkek-siyah-jean-pantolon-39388
Erkek Jean,Straight Fit   Erkek İndigo Jean Pantolon,799.99,https://www.colins.com.tr/p/straight-fit-erkek-indigo-jean-denim-pantolon-42152
Erkek Jean,Straight Fit   Erkek İndigo Jean Pantolon,799.99,https://www.colins.com.tr/p/straight-fit-erkek-mavi-jean-pantolon-44035
Erkek Jean,Straight Fit   Erkek Koyu İndigo Jean Pantolon,799.99,https://www.colins.com.tr/p/straight-fit-erkek-koyu-indigo-jean-pantolon-41679
Erkek Jean,Straight Fit   Erkek Siyah Jean Pantolon,799.99,https://www.colins.com.tr/p/straight-fit-erkek-siyah-jean-pantolon-41676
Erkek Jean,Straight Fit   Erkek Yeşil Jean Pantolon,799.99,https://www.colins.com.tr/p/straight-fit-erkek-yesil-jean-pantolon-41675
Erkek Jean,Straight Fit Düşük Bel Düz Paça Erkek Denim Jean Pantolon,799.99,https://www.colins.com.tr/p/straight-fit-dusuk-bel-duz-paca-erkek-denim-jean-pantolon-41244
Erkek Jean,Straight Fit Düşük Bel Düz Paça Erkek İndigo Jean Pantolon,599.99,https://www.colins.com.tr/p/straight-fit-dusuk-bel-duz-paca-erkek-indigo-jean-pantolon-39391
Erkek Jean,Straight Fit Düşük Bel Düz Paça Erkek İndigo Jean Pantolon,599.99,https://www.colins.com.tr/p/straight-fit-dusuk-bel-duz-paca-erkek-indigo-jean-pantolon-40432
Erkek Jean,Straight Fit Düşük Bel Düz Paça Erkek İndigo Jean Pantolon,799.99,https://www.colins.com.tr/p/straight-fit-dusuk-bel-duz-paca-erkek-indigo-jean-pantolon-42496
Erkek Jean,Straight Fit Düşük Bel Düz Paça Erkek Koyu İndigo Jean Pantolon,599.99,https://www.colins.com.tr/p/straight-fit-dusuk-bel-duz-paca-erkek-koyu-indigo-jean-pantolon-41045
Erkek Jean,Straight Fit Düşük Bel Düz Paça Erkek Koyu İndigo Jean Pantolon,799.99,https://www.colins.com.tr/p/straight-fit-dusuk-bel-duz-paca-erkek-koyu-mavi-jean-pantolon-43495
Erkek Jean,Straight Fit Düşük Bel Düz Paça Erkek Siyah Jean Pantolon,599.99,https://www.colins.com.tr/p/straight-fit-dusuk-bel-duz-paca-erkek-siyah-jean-pantolon-39387
Erkek Jean,Straight Fit Düşük Bel Düz Paça Erkek Siyah Jean Pantolon,599.99,https://www.colins.com.tr/p/straight-fit-dusuk-bel-duz-paca-erkek-siyah-jean-pantolon-40454
Erkek Jean,Straight Fit Düşük Bel Düz Paça Erkek Siyah Jean Pantolon,599.99,https://www.colins.com.tr/p/straight-fit-dusuk-bel-duz-paca-erkek-siyah-jean-pantolon-41738
Erkek Jean,Straight Fit Düşük Bel Düz Paça Erkek Yeşil Jean Denim Pantolon,599.99,https://www.colins.com.tr/p/straight-fit-dusuk-bel-duz-paca-erkek-yesil-jean-denim-pantolon-40431
Erkek Jean,Straight Fit Orta Bel Düz Paça Erkek Lacivert Jean Pantolon,599.99,https://www.colins.com.tr/p/straight-fit-orta-bel-duz-paca-erkek-lacivert-jean-pantolon-41059
Erkek Jean,Regular Fit Erkek İndigo Denim Jean Pantolon,799.99,https://www.colins.com.tr/p/regular-fit-erkek-indigo-denim-jean-pantolon-44038
Erkek Jean,Regular Fit Orta Bel Daralan Paça Erkek Koyu İndigo Jean Pantolon,799.99,https://www.colins.com.tr/p/regular-fit-orta-bel-daralan-paca-erkek-koyu-indigo-jean-pantolon-41635
Erkek Jean,Regular Fit Orta Bel Daralan Paça Erkek Koyu İndigo Jean Pantolon,799.99,https://www.colins.com.tr/p/regular-fit-orta-bel-daralan-paca-erkek-koyu-mavi-jean-pantolon-43492
Erkek Jean,Slim Fit Düşük Bel Dar Paça Erkek Koyu İndigo Jean Pantolon,599.99,https://www.colins.com.tr/p/slim-fit-dusuk-bel-dar-paca-erkek-koyu-indigo-jean-pantolon-40415
Erkek Jean,Regular Fit   Erkek İndigo Jean Pantolon,999.99,https://www.colins.com.tr/p/regular-fit-erkek-mavi-jean-pantolon-47658
Erkek Jean,Slim Fit Düşük Bel Dar Paça Erkek Denim Jean Pantolon,599.99,https://www.colins.com.tr/p/slim-fit-dusuk-bel-dar-paca-erkek-denim-jean-pantolon-38725
Erkek Jean,Worker Fit   Erkek İndigo Jean Pantolon,799.99,https://www.colins.com.tr/p/worker-fit-erkek-indigo-jean-pantolon-47692
Erkek Jean,Slim Fit Düşük Bel Dar Paça Erkek Koyu İndigo Jean Pantolon,599.99,https://www.colins.com.tr/p/slim-fit-dusuk-bel-dar-paca-erkek-koyu-mavi-jean-pantolon-37437
Erkek Jean,Straight Fit Düşük Bel Düz Paça Erkek Lacivert Jean Pantolon,599.99,https://www.colins.com.tr/p/straight-fit-dusuk-bel-duz-paca-erkek-lacivert-jean-pantolon-41006
Erkek Jean,Loose Straight Fit Orta Bel Düz Paça Erkek Gri Jean Pantolon,799.99,https://www.colins.com.tr/p/loose-straight-fit-orta-bel-duz-paca-erkek-gri-jean-pantolon-46527
Erkek Jean,Regular Fit   Erkek İndigo Jean Pantolon,1199.99,https://www.colins.com.tr/p/regular-fit-erkek-mavi-jean-pantolon-47094
Erkek Jean,Regular Fit   Erkek İndigo Jean Pantolon,799.99,https://www.colins.com.tr/p/regular-fit-erkek-mavi-jean-pantolon-47693
Erkek Jean,Regular Fit   Erkek Lacivert Jean Pantolon,799.99,https://www.colins.com.tr/p/regular-fit-erkek-lacivert-jean-pantolon-47696
Erkek Jean,Regular Fit Orta Bel Düz Paça Erkek İndigo Jean Pantolon,799.99,https://www.colins.com.tr/p/regular-fit-orta-bel-duz-paca-erkek-indigo-jean-pantolon-44508
Erkek Jean,Skinny Fit Yüksek Bel Dar Paça Erkek Gri Jean Pantolon,599.99,https://www.colins.com.tr/p/skinny-fit-yuksek-bel-dar-paca-erkek-gri-jean-pantolon-38596
Erkek Jean,Straight Fit Düşük Bel Düz Paça Erkek Koyu İndigo Jean Pantolon,799.99,https://www.colins.com.tr/p/straight-fit-dusuk-bel-duz-paca-erkek-koyu-indigo-jean-pantolon-41245
Erkek Jean,Loose Straight Fit Orta Bel Düz Paça Erkek Koyu İndigo Jean Pantolon,599.99,https://www.colins.com.tr/p/loose-straight-fit-orta-bel-duz-paca-erkek-koyu-indigo-jean-pantolon-41027
Erkek Jean,Loose Tapered Fit Erkek İndigo Fermuarlı Jean Pantolon,799.99,https://www.colins.com.tr/p/loose-tapered-fit-erkek-indigo-fermuarli-jean-pantolon-47695
Erkek Jean,Regular Fit   Erkek İndigo Jean Pantolon,1199.99,https://www.colins.com.tr/p/regular-fit-erkek-indigo-jean-pantolon-47240
Erkek Jean,Regular Fit   Erkek İndigo Jean Pantolon,799.99,https://www.colins.com.tr/p/regular-fit-erkek-indigo-jean-pantolon-48159
Erkek Jean,Regular Fit Erkek Koyu İndigo Denim Jean Pantolon,799.99,https://www.colins.com.tr/p/regular-fit-erkek-koyu-indigo-denim-jean-pantolon-42865
Erkek Jean,Regular Fit Orta Bel Daralan Paça Erkek İndigo Denim Jean Pantolon,799.99,https://www.colins.com.tr/p/regular-fit-orta-bel-daralan-paca-erkek-indigo-denim-jean-pantolon-47724
Erkek Jean,Regular Fit Orta Bel Daralan Paça Erkek İndigo Jean Pantolon,799.99,https://www.colins.com.tr/p/regular-fit-orta-bel-daralan-paca-erkek-mavi-jean-pantolon-44037
Erkek Jean,Regular Fit Orta Bel Düz Paça Erkek Denim Jean Pantolon,599.99,https://www.colins.com.tr/p/regular-fit-orta-bel-duz-paca-erkek-denim-jean-pantolon-41037
Erkek Jean,Skinny Fit Yüksek Bel Dar Paça Erkek Siyah Jean Pantolon,599.99,https://www.colins.com.tr/p/skinny-fit-yuksek-bel-dar-paca-erkek-siyah-jean-pantolon-41011
Erkek Jean,Slim Fit Düşük Bel Dar Paça Erkek Denim Jean Pantolon,599.99,https://www.colins.com.tr/p/slim-fit-dusuk-bel-dar-paca-erkek-denim-jean-pantolon-35357
Erkek Jean,Slim Fit Düşük Bel Dar Paça Erkek Denim Jean Pantolon,599.99,https://www.colins.com.tr/p/slim-fit-dusuk-bel-dar-paca-erkek-denim-jean-pantolon-38863
Erkek Jean,Slim Fit Düşük Bel Dar Paça Erkek İndigo Jean Pantolon,599.99,https://www.colins.com.tr/p/slim-fit-dusuk-bel-dar-paca-erkek-indigo-jean-pantolon-38701
Erkek Jean,Slim Fit Düşük Bel Dar Paça Erkek Koyu İndigo Jean Pantolon,599.99,https://www.colins.com.tr/p/slim-fit-dusuk-bel-dar-paca-erkek-koyu-indigo-jean-pantolon-36528
Erkek Jean,Straight Fit   Erkek İndigo Jean Pantolon,799.99,https://www.colins.com.tr/p/straight-fit-erkek-mavi-jean-pantolon-44031
Erkek Jean,Straight Fit   Erkek Koyu İndigo Jean Pantolon,599.99,https://www.colins.com.tr/p/straight-fit-erkek-koyu-indigo-jean-pantolon-40414
Erkek Jean,Straight Fit Düşük Bel Düz Paça Erkek Denim Jean Pantolon,599.99,https://www.colins.com.tr/p/straight-fit-dusuk-bel-duz-paca-erkek-denim-jean-pantolon-38442
Erkek Jean,Straight Fit Düşük Bel Düz Paça Erkek Denim Jean Pantolon,599.99,https://www.colins.com.tr/p/straight-fit-dusuk-bel-duz-paca-erkek-denim-jean-pantolon-41017
Erkek Jean,Straight Fit Düşük Bel Düz Paça Erkek İndigo Jean Pantolon,599.99,https://www.colins.com.tr/p/straight-fit-dusuk-bel-duz-paca-erkek-indigo-jean-pantolon-38737
Erkek Jean,Straight Fit Düşük Bel Düz Paça Erkek İndigo Jean Pantolon,599.99,https://www.colins.com.tr/p/straight-fit-dusuk-bel-duz-paca-erkek-indigo-jean-pantolon-39376
Erkek Jean,Straight Fit Düşük Bel Düz Paça Erkek İndigo Jean Pantolon,599.99,https://www.colins.com.tr/p/straight-fit-dusuk-bel-duz-paca-erkek-indigo-jean-pantolon-39379
Erkek Jean,Straight Fit Düşük Bel Düz Paça Erkek İndigo Jean Pantolon,599.99,https://www.colins.com.tr/p/straight-fit-dusuk-bel-duz-paca-erkek-indigo-jean-pantolon-39912
Erkek Jean,Straight Fit Düşük Bel Düz Paça Erkek İndigo Jean Pantolon,599.99,https://www.colins.com.tr/p/straight-fit-dusuk-bel-duz-paca-erkek-indigo-jean-pantolon-40672
Erkek Jean,Straight Fit Düşük Bel Düz Paça Erkek Yeşil Jean Pantolon,599.99,https://www.colins.com.tr/p/straight-fit-dusuk-bel-duz-paca-erkek-yesil-jean-pantolon-40423
Erkek Jean,Straight Fit Erkek İndigo Denim Jean Pantolon,799.99,https://www.colins.com.tr/p/straight-fit-erkek-indigo-denim-jean-pantolon-42921
Erkek Jean,Straight Fit Erkek Koyu İndigo Denim Jean Pantolon,799.99,https://www.colins.com.tr/p/straight-fit-erkek-koyu-indigo-denim-jean-pantolon-42494
Erkek Jean,Straight Fit Orta Bel Düz Paça Erkek Denim Jean Pantolon,599.99,https://www.colins.com.tr/p/straight-fit-orta-bel-duz-paca-erkek-denim-jean-pantolon-40987
Erkek Jean,Oversize Fit Klasik Yaka Çizgili Erkek Mavi Kısa Kol Gömlek,799.99,https://www.colins.com.tr/p/oversize-fit-klasik-yaka-cizgili-erkek-mavi-kisa-kol-gomlek-45436
Erkek Jean,Oversize Fit Klasik Yaka Düz Erkek Bej Kısa Kol Gömlek,1099.95,https://www.colins.com.tr/p/oversize-fit-klasik-yaka-duz-erkek-bej-kisa-kol-gomlek-45437
Erkek Jean,Oversize Fit Shirt Neck  Erkek Bej Kısa Kol Gömlek,599.99,https://www.colins.com.tr/p/oversize-fit-shirt-neck-erkek-bej-kisa-kol-gomlek-42830
Erkek Jean,Oversize Fit Shirt Neck Düz Erkek Mavi Kısa Kol Gömlek,599.99,https://www.colins.com.tr/p/oversize-fit-shirt-neck-duz-erkek-mavi-kisa-kol-gomlek-42831
Erkek Jean,Regular Fit Klasik Yaka Düz Erkek Mavi Kısa Kol Gömlek,599.99,https://www.colins.com.tr/p/regular-fit-klasik-yaka-duz-erkek-mavi-kisa-kol-gomlek-42832
Erkek Jean,Regular Fit Yuvarlak Yaka  Erkek Natural Kısa Kol Gömlek,499.99,https://www.colins.com.tr/p/regular-fit-yuvarlak-yaka-erkek-natural-kisa-kol-gomlek-39478
Erkek Jean,Oversize Fit Klasik Yaka  Erkek Gri Kısa Kol Gömlek,499.99,https://www.colins.com.tr/p/oversize-fit-klasik-yaka-erkek-gri-kisa-kol-gomlek-39046
Erkek Jean,Fit Orta Bel Düz Erkek Natural Jean Şort,499.99,https://www.colins.com.tr/p/fit-orta-bel-duz-erkek-natural-jean-sort-42835
Erkek Jean,Loose Straight Fit Orta Bel  Erkek Siyah Jean Şort,499.99,https://www.colins.com.tr/p/loose-straight-fit-orta-bel-erkek-siyah-jean-sort-42836
Erkek Jean,Loose Straight Fit Orta Bel Düz Erkek İndigo Jean Şort,899.95,https://www.colins.com.tr/p/loose-straight-fit-orta-bel-duz-erkek-indigo-jean-sort-45546
Erkek Jean,Loose Straight Fit Orta Bel Düz Erkek İndigo Jean Şort,799.99,https://www.colins.com.tr/p/loose-straight-fit-orta-bel-duz-erkek-indigo-jean-sort-45558
Erkek Jean,Regular Fit Orta Bel  Erkek Natural Jean Şort,599.99,https://www.colins.com.tr/p/regular-fit-orta-bel-erkek-natural-jean-sort-42901
Erkek Jean,Regular Fit Orta Bel Düz Erkek Açik İndigo Jean Şort,799.99,https://www.colins.com.tr/p/regular-fit-orta-bel-duz-erkek-acik-indigo-jean-sort-47182
Erkek Jean,Regular Fit Orta Bel Düz Erkek Bleach İndigo Astarsız Denim Jean Şort,899.95,https://www.colins.com.tr/p/regular-fit-orta-bel-duz-erkek-indigo-astarsiz-jean-sort-45559
Erkek Jean,Regular Fit Orta Bel Düz Erkek İndigo Ecologic Jean Şort,899.95,https://www.colins.com.tr/p/regular-fit-orta-bel-duz-erkek-indigo-ecologic-jean-sort-45555
Erkek Jean,Regular Fit Orta Bel Düz Erkek İndigo Jean Şort,899.95,https://www.colins.com.tr/p/regular-fit-orta-bel-duz-erkek-indigo-jean-sort-45562
Erkek Jean,Regular Fit Orta Bel Düz Erkek İndigo Jean Şort,899.95,https://www.colins.com.tr/p/regular-fit-orta-bel-duz-erkek-indigo-jean-sort-45564
Erkek Jean,Regular Fit Orta Bel Düz Erkek Koyu İndigo Jean Şort,899.95,https://www.colins.com.tr/p/regular-fit-orta-bel-duz-erkek-koyu-indigo-jean-sort-47204
Erkek Jean,Regular Fit Orta Bel Düz Erkek Light İndigo Cepli Denim Jean Şort,899.95,https://www.colins.com.tr/p/regular-fit-orta-bel-duz-erkek-light-indigo-denim-jean-sort-47235
Erkek Jean,Regular Fit Orta Bel Düz Erkek Siyah Jean Şort,899.95,https://www.colins.com.tr/p/regular-fit-orta-bel-duz-erkek-siyah-jean-sort-45550
Erkek Jean,Straıght Fıt Düşük Bel Düz Erkek Gri Jean Şort,899.95,https://www.colins.com.tr/p/straight-fit-dusuk-bel-duz-erkek-gri-jean-sort-45565
Erkek Jean,Straıght Fıt Düşük Bel Düz Erkek İndigo Jean Şort,899.95,https://www.colins.com.tr/p/straight-fit-dusuk-bel-duz-erkek-indigo-jean-sort-45560
Erkek Jean,Straight Fit Düşük Bel  Erkek Lacivert Jean Şort,499.99,https://www.colins.com.tr/p/straight-fit-dusuk-bel-erkek-lacivert-jean-sort-42895
Erkek Jean,Straight Fit Düşük Bel Düz Erkek Denim Jean Şort,799.99,https://www.colins.com.tr/p/straight-fit-dusuk-bel-duz-erkek-denim-jean-sort-45552
Erkek Jean,Straight Fit Düşük Bel Düz Erkek Light İndigo Denim Jean Fermuarlı Şort,799.99,https://www.colins.com.tr/p/straight-fit-dusuk-bel-duz-erkek-light-indigo-denim-jean-fermuarli-sort-45551
Erkek Jean,Straight Fit Düşük Bel Düz Erkek Siyah Jean Şort,799.99,https://www.colins.com.tr/p/straight-fit-dusuk-bel-duz-erkek-siyah-jean-sort-45549
Erkek Jean,Straight Fit Orta Bel Düz Erkek İndigo Jean Şort,899.95,https://www.colins.com.tr/p/straight-fit-orta-bel-duz-erkek-indigo-jean-sort-45561
Erkek Jean,Straight Fit Pamuklu Orta Bel Düz Erkek Mid İndigo Denim Jean Şort,899.95,https://www.colins.com.tr/p/straight-fit-pamuklu-orta-bel-duz-erkek-mid-indigo-denim-jean-sort-45557
Erkek Jean,Loose Fit Orta Bel Düz Erkek Denim Jean Şort,899.95,https://www.colins.com.tr/p/loose-fit-orta-bel-duz-erkek-denim-jean-sort-45554
Erkek Jean,Regular Fit Orta Bel Düz Erkek Denim Jean Şort,899.95,https://www.colins.com.tr/p/regular-fit-orta-bel-duz-erkek-denim-jean-sort-45553
Erkek Jean,Straıght Fıt Düşük Bel Düz Erkek Antrasit Jean Şort,899.95,https://www.colins.com.tr/p/straight-fit-dusuk-bel-duz-erkek-antrasit-jean-sort-45547
Erkek Jean,Straight Fit Düşük Bel Pamuklu Erkek İndigo Jean Şort,499.99,https://www.colins.com.tr/p/straight-fit-dusuk-bel-pamuklu-erkek-indigo-jean-sort-42899
Erkek Jean,Cargo Fit Orta Bel Düz Erkek İndigo Jean Şort,599.99,https://www.colins.com.tr/p/cargo-fit-orta-bel-duz-erkek-indigo-jean-sort-42833
Erkek Jean,Fit Yüksek Bel Düz Erkek Lacivert Jean Şort,399.99,https://www.colins.com.tr/p/fit-yuksek-bel-duz-erkek-lacivert-jean-sort-39557
Erkek Jean,Slim Fit Düşük Bel  Erkek İndigo Jean Şort,499.99,https://www.colins.com.tr/p/slim-fit-dusuk-bel-erkek-indigo-jean-sort-42893
Erkek Jean,Slim Fit Düşük Bel Erkek İndigo Denim Jean Şort,499.99,https://www.colins.com.tr/p/slim-fit-dusuk-bel-erkek-indigo-denim-jean-sort-42894
Erkek Jean,Straight Fit Düşük Bel  Erkek Açik İndigo Jean Şort,499.99,https://www.colins.com.tr/p/straight-fit-dusuk-bel-erkek-acik-indigo-jean-sort-42904
Erkek Jean,Straight Fit Düşük Bel  Erkek Beyaz Jean Şort,399.99,https://www.colins.com.tr/p/straight-fit-dusuk-bel-erkek-beyaz-jean-sort-38754
Erkek Jean,Straight Fit Düşük Bel  Erkek Gri Jean Şort,399.99,https://www.colins.com.tr/p/straight-fit-dusuk-bel-erkek-gri-jean-sort-39001
Erkek Jean,Straight Fit Düşük Bel  Erkek İndigo Jean Şort,499.99,https://www.colins.com.tr/p/straight-fit-dusuk-bel-erkek-indigo-jean-sort-42898
Erkek Jean,Straight Fit Düşük Bel  Erkek Koyu İndigo Jean Şort,499.99,https://www.colins.com.tr/p/straight-fit-dusuk-bel-erkek-koyu-indigo-jean-sort-42897
Erkek Jean,Straight Fit Düşük Bel Erkek Açik İndigo Denim Jean Şort,499.99,https://www.colins.com.tr/p/straight-fit-dusuk-bel-erkek-acik-indigo-denim-jean-sort-42900
Erkek Jean,Straight Fit Düşük Bel Erkek Light İndigo Denim Cepli Jean Şort,499.99,https://www.colins.com.tr/p/straight-fit-dusuk-bel-erkek-light-indigo-denim-cepli-jean-sort-42896
Erkek Jean,Anti Fit Orta Bel Düz Erkek İndigo Jean Şort,399.99,https://www.colins.com.tr/p/anti-fit-orta-bel-duz-erkek-indigo-jean-sort-38394
Erkek Jean,Baggy Fit Orta Bel  Erkek Siyah Jean Şort,399.99,https://www.colins.com.tr/p/baggy-fit-orta-bel-erkek-siyah-jean-sort-39766
Erkek Jean,Fit Orta Bel  Erkek Açik Haki Jean Şort,399.99,https://www.colins.com.tr/p/fit-orta-bel-erkek-acik-haki-jean-sort-39554
Erkek Jean,Fit Orta Bel  Erkek Camel Jean Şort,399.99,https://www.colins.com.tr/p/fit-orta-bel-erkek-camel-jean-sort-39603
Erkek Jean,Regular Fit Orta Bel  Erkek Gri Jean Şort,499.99,https://www.colins.com.tr/p/regular-fit-orta-bel-erkek-gri-jean-sort-42902
Erkek Jean,Regular Fit Orta Bel  Erkek İndigo Jean Şort,499.99,https://www.colins.com.tr/p/regular-fit-orta-bel-erkek-indigo-jean-sort-42165
Erkek Jean,Regular Fit Orta Bel Düz Erkek Gri Jean Şort,399.99,https://www.colins.com.tr/p/regular-fit-orta-bel-duz-erkek-gri-jean-sort-38382
Erkek Jean,Regular Fit Orta Bel Erkek İndigo Pamuk Jean Şort,499.99,https://www.colins.com.tr/p/regular-fit-orta-bel-erkek-indigo-pamuk-jean-sort-42903
Erkek Jean,Regular Fit Orta Bel Erkek Mid İndigo Cepli Denim Jean Şort,499.99,https://www.colins.com.tr/p/regular-fit-orta-bel-erkek-mid-indigo-cepli-denim-jean-sort-42905
Erkek Jean,Straıght Fıt Düşük Bel  Erkek Denim Jean Şort,499.99,https://www.colins.com.tr/p/straight-fit-dusuk-bel-erkek-denim-jean-sort-43152
Erkek Jean,Straight Fit Düşük Bel  Erkek Denim Jean Şort,499.99,https://www.colins.com.tr/p/straight-fit-dusuk-bel-erkek-denim-jean-sort-42166
Erkek Jean,Straight Fit Düşük Bel  Erkek İndigo Jean Şort,499.99,https://www.colins.com.tr/p/straight-fit-dusuk-bel-erkek-indigo-jean-sort-42167
Erkek Jean,Straight Fit Düşük Bel  Erkek Siyah Jean Şort,499.99,https://www.colins.com.tr/p/straight-fit-dusuk-bel-erkek-siyah-jean-sort-42168
Erkek Jean,Straight Fit Düşük Bel Düz Paça Erkek Blue Black Denim Jean Şort,399.99,https://www.colins.com.tr/p/straight-fit-dusuk-bel-duz-paca-erkek-denim-jean-sort-39000
Erkek Pantolon,Baggy Fit   Erkek Grey Denim Jean Pantolon,1899.9,https://www.colins.com.tr/p/baggy-fit-erkek-grey-denim-jean-pantolon-48838
Erkek Pantolon,Regular Fit   Erkek Grey Denim Jean Pantolon,1599.9,https://www.colins.com.tr/p/regular-fit-erkek-grey-denim-jean-pantolon-48853
Erkek Pantolon,Regular Fit   Erkek Grey Denim Jean Pantolon,1799.9,https://www.colins.com.tr/p/regular-fit-erkek-grey-denim-jean-pantolon-49417
Erkek Pantolon,Regular Fit   Erkek Grey Denim Jean Pantolon,1899.9,https://www.colins.com.tr/p/regular-fit-erkek-grey-denim-jean-pantolon-49486
Erkek Pantolon,Regular Fit   Erkek Light İndigo Denim Jean Pantolon,1999.9,https://www.colins.com.tr/p/regular-fit-erkek-light-indigo-denim-jean-pantolon-49419
Erkek Pantolon,Regular Fit   Erkek Over Dyed Denim Jean Pantolon,1999.9,https://www.colins.com.tr/p/regular-fit-erkek-over-dyed-denim-jean-pantolon-49479
Erkek Pantolon,Regular Fit Orta Bel Düz Paça Erkek Bej  Pantolon,1199.9,https://www.colins.com.tr/p/regular-fit-orta-bel-duz-paca-erkek-bej-pantolon-48242
Erkek Pantolon,Regular Fit Orta Bel Düz Paça Erkek Bej  Pantolon,1199.9,https://www.colins.com.tr/p/regular-fit-orta-bel-duz-paca-erkek-bej-pantolon-49040
Erkek Pantolon,Regular Fit Orta Bel Düz Paça Erkek Bej  Pantolon,1499.9,https://www.colins.com.tr/p/regular-fit-orta-bel-duz-paca-erkek-bej-pantolon-49042
Erkek Pantolon,Regular Fit Orta Bel Düz Paça Erkek Bej  Pantolon,1199.9,https://www.colins.com.tr/p/regular-fit-orta-bel-duz-paca-erkek-bej-pantolon-49043
Erkek Pantolon,Regular Fit Orta Bel Düz Paça Erkek Ekru  Pantolon,1199.9,https://www.colins.com.tr/p/regular-fit-orta-bel-duz-paca-erkek-ekru-pantolon-49726
Erkek Pantolon,Regular Fit Orta Bel Düz Paça Erkek Gri  Pantolon,1199.9,https://www.colins.com.tr/p/regular-fit-orta-bel-duz-paca-erkek-gri-pantolon-48243
Erkek Pantolon,Regular Fit Orta Bel Düz Paça Erkek Gri  Pantolon,1499.9,https://www.colins.com.tr/p/regular-fit-orta-bel-duz-paca-erkek-gri-pantolon-49044
Erkek Pantolon,Regular Fit Orta Bel Düz Paça Erkek Lacivert  Pantolon,1199.9,https://www.colins.com.tr/p/regular-fit-orta-bel-duz-paca-erkek-lacivert-pantolon-48273
Erkek Pantolon,Regular Fit Orta Bel Düz Paça Erkek Lacivert  Pantolon,1199.9,https://www.colins.com.tr/p/regular-fit-orta-bel-duz-paca-erkek-lacivert-pantolon-48274
Erkek Pantolon,Regular Fit Orta Bel Düz Paça Erkek Lacivert  Pantolon,1499.9,https://www.colins.com.tr/p/regular-fit-orta-bel-duz-paca-erkek-lacivert-pantolon-49045
Erkek Pantolon,Regular Fit Orta Bel Düz Paça Erkek Taş  Pantolon,1199.9,https://www.colins.com.tr/p/regular-fit-orta-bel-duz-paca-erkek-tas-pantolon-49047
Erkek Pantolon,Regular Fit Orta Bel Düz Paça Erkek Yeşil  Pantolon,1199.9,https://www.colins.com.tr/p/regular-fit-orta-bel-duz-paca-erkek-yesil-pantolon-48276
Erkek Pantolon,Slim Fit   Erkek Colour Denim Jean Pantolon,1999.9,https://www.colins.com.tr/p/slim-fit-erkek-colour-denim-jean-pantolon-48871
Erkek Pantolon,Slim Fit   Erkek Dark İndigo Denim Jean Pantolon,1999.9,https://www.colins.com.tr/p/slim-fit-erkek-dark-indigo-denim-jean-pantolon-48903
Erkek Pantolon,Slim Fit   Erkek Green Cast Denim Jean Pantolon,1999.9,https://www.colins.com.tr/p/slim-fit-erkek-green-cast-denim-jean-pantolon-49482
Erkek Pantolon,Slim Fit Orta Bel Düz Paça Erkek Kahverengi  Pantolon,1299.9,https://www.colins.com.tr/p/slim-fit-orta-bel-duz-paca-erkek-kahverengi-pantolon-49753
Erkek Pantolon,Slim Fit Orta Bel Lastikli Paça Erkek Siyah  Pantolon,1499.9,https://www.colins.com.tr/p/slim-fit-orta-bel-lastikli-paca-erkek-siyah-pantolon-48772
Erkek Pantolon,Slim Fit Orta Bel Lastikli Paça Erkek Yeşil  Pantolon,1499.9,https://www.colins.com.tr/p/slim-fit-orta-bel-lastikli-paca-erkek-yesil-pantolon-48773
Erkek Pantolon,Straıght Fıt Düşük Bel Düz Paça Erkek Taş  Pantolon,1299.9,https://www.colins.com.tr/p/straight-fit-dusuk-bel-duz-paca-erkek-tas-pantolon-44961
Erkek Pantolon,Straight Fit   Erkek Green Cast Denim Jean Pantolon,1999.9,https://www.colins.com.tr/p/straight-fit-erkek-green-cast-denim-jean-pantolon-49443
Erkek Pantolon,Regular Fit   Erkek Light İndigo Denim Jean Pantolon,1999.9,https://www.colins.com.tr/p/regular-fit-erkek-light-indigo-denim-jean-pantolon-49418
Erkek Pantolon,Regular Fit   Erkek Over Dyed Denim Jean Pantolon,1999.9,https://www.colins.com.tr/p/regular-fit-erkek-over-dyed-denim-jean-pantolon-48896
Erkek Pantolon,Regular Fit Orta Bel Düz Paça Cepli Erkek Gri Pantolon,1299.9,https://www.colins.com.tr/p/regular-fit-orta-bel-duz-paca-cepli-erkek-gri-pantolon-43517
Erkek Pantolon,Regular Fit Orta Bel Düz Paça Erkek Bej  Pantolon,1299.9,https://www.colins.com.tr/p/regular-fit-orta-bel-duz-paca-erkek-bej-pantolon-31812
Erkek Pantolon,Regular Fit Orta Bel Düz Paça Erkek Bej Pantolon,1299.9,https://www.colins.com.tr/p/regular-fit-orta-bel-duz-paca-cepli-erkek-bej-pantolon-43523
Erkek Pantolon,Slim Fit Orta Bel Düz Paça Erkek Bej Astarsız Pantolon,1299.9,https://www.colins.com.tr/p/slim-fit-orta-bel-duz-paca-erkek-bej-astarsiz-pantolon-42931
Erkek Pantolon,Slim Fit Orta Bel Düz Paça Erkek Yeşil  Pantolon,1299.9,https://www.colins.com.tr/p/slim-fit-orta-bel-duz-paca-erkek-yesil-pantolon-43526
Erkek Pantolon,Straight Fit   Erkek Black Denim Jean Pantolon,1599.9,https://www.colins.com.tr/p/straight-fit-erkek-black-denim-jean-pantolon-48883
Erkek Pantolon,Regular Tapered Fit   Erkek Green Cast Denim Jean Pantolon,1999.9,https://www.colins.com.tr/p/regular-tapered-fit-erkek-green-cast-denim-jean-pantolon-48900
Erkek Pantolon,Slim Fit   Erkek Blue Black Denim Jean Pantolon,1899.9,https://www.colins.com.tr/p/slim-fit-erkek-blue-black-denim-jean-pantolon-49481
Erkek Pantolon,Straıght Fıt Düşük Bel Düz Paça Erkek Bej  Pantolon,1299.9,https://www.colins.com.tr/p/straight-fit-dusuk-bel-duz-paca-erkek-bej-pantolon-43522
Erkek Pantolon,Straıght Fıt Düşük Bel Düz Paça Erkek Gri Düğmeli Pantolon,1299.9,https://www.colins.com.tr/p/straight-fit-dusuk-bel-duz-paca-erkek-gri-dugmeli-pantolon-42312
Erkek Pantolon,Slim Fit   Erkek Mid İndigo Denim Jean Pantolon,1599.9,https://www.colins.com.tr/p/slim-fit-erkek-mid-indigo-denim-jean-pantolon-48876
Erkek Pantolon,Loose Relaxed Fit   Erkek Green Cast Denim Jean Pantolon,1799.9,https://www.colins.com.tr/p/loose-relaxed-fit-erkek-green-cast-denim-jean-pantolon-48843
Erkek Pantolon,Loose Relaxed Fit   Erkek Mid İndigo Denim Jean Pantolon,1799.9,https://www.colins.com.tr/p/loose-relaxed-fit-erkek-mid-indigo-denim-jean-pantolon-48844
Erkek Pantolon,Regular Fit   Erkek Black Denim Jean Pantolon,1999.9,https://www.colins.com.tr/p/regular-fit-erkek-black-denim-jean-pantolon-48893
Erkek Pantolon,Straight Fit   Erkek Light İndigo Denim Jean Pantolon,1499.9,https://www.colins.com.tr/p/straight-fit-erkek-light-indigo-denim-jean-pantolon-48887
Erkek Pantolon,Slim Fit   Erkek Grey Denim Jean Pantolon,1799.9,https://www.colins.com.tr/p/slim-fit-erkek-grey-denim-jean-pantolon-48873
Erkek Pantolon,Straight Fit   Erkek Light İndigo Denim Jean Pantolon,1999.9,https://www.colins.com.tr/p/straight-fit-erkek-light-indigo-denim-jean-pantolon-49484
Erkek Pantolon,Regular Fit   Erkek Light İndigo Denim Jean Pantolon,1599.9,https://www.colins.com.tr/p/regular-fit-erkek-light-indigo-denim-jean-pantolon-48854
Erkek Pantolon,Relaxed Fit Orta Bel Bol Paça Erkek Mid İndigo Denim Jean Pantolon,1799.9,https://www.colins.com.tr/p/relaxed-fit-orta-bel-bol-paca-erkek-mid-indigo-denim-jean-pantolon-48935
Erkek Pantolon,Regular Fit   Erkek Green Cast Denim Jean Pantolon,1799.9,https://www.colins.com.tr/p/regular-fit-erkek-green-cast-denim-jean-pantolon-48851
Erkek Pantolon,Relaxed Fit   Erkek Dark İndigo Denim Jean Pantolon,1799.9,https://www.colins.com.tr/p/relaxed-fit-erkek-dark-indigo-denim-jean-pantolon-49480
Erkek Pantolon,Relaxed Fit   Erkek Mid İndigo Denim Jean Pantolon,1799.9,https://www.colins.com.tr/p/relaxed-fit-erkek-mid-indigo-denim-jean-pantolon-48867
Erkek Pantolon,Slim Fit   Erkek Blue Black Denim Jean Pantolon,1599.9,https://www.colins.com.tr/p/slim-fit-erkek-blue-black-denim-jean-pantolon-48870
Erkek Pantolon,Slim Fit Orta Bel Düz Paça Erkek Bej  Pantolon,1299.9,https://www.colins.com.tr/p/slim-fit-orta-bel-duz-paca-erkek-bej-pantolon-31808
Erkek Pantolon,Slim Fit Orta Bel Düz Paça Erkek Gri Düğmeli Pantolon,1299.9,https://www.colins.com.tr/p/slim-fit-orta-bel-duz-paca-erkek-gri-dugmeli-pantolon-42933
Erkek Pantolon,Slim Fit Orta Bel Düz Paça Erkek Kahverengi  Pantolon,1299.9,https://www.colins.com.tr/p/slim-fit-orta-bel-duz-paca-erkek-kahverengi-pantolon-43529
Erkek Pantolon,Regular Fit Orta Bel Daralan Paça Erkek İndigo Jean Pantolon,1499.9,https://www.colins.com.tr/p/regular-fit-orta-bel-daralan-paca-erkek-indigo-jean-pantolon-45705
Erkek Pantolon,Regular Fit   Erkek Black Black Denim Jean Pantolon,1999.9,https://www.colins.com.tr/p/regular-fit-erkek-black-black-denim-jean-pantolon-48892
Erkek Pantolon,Straight Fit   Erkek Grey Denim Jean Pantolon,1899.9,https://www.colins.com.tr/p/straight-fit-erkek-grey-denim-jean-pantolon-48885
Erkek Pantolon,Baggy Fit Orta Bel Bol Paça Erkek Light İndigo Denim Jean Pantolon,1799.9,https://www.colins.com.tr/p/baggy-fit-orta-bel-bol-paca-erkek-light-indigo-denim-jean-pantolon-48931
Erkek Pantolon,Regular Fit Orta Bel Düz Paça Erkek Siyah  Pantolon,1199.9,https://www.colins.com.tr/p/regular-fit-orta-bel-duz-paca-erkek-siyah-pantolon-49727
Erkek Pantolon,Slim Fit   Erkek Grey Denim Jean Pantolon,1899.9,https://www.colins.com.tr/p/slim-fit-erkek-grey-denim-jean-pantolon-49483
Erkek Pantolon,Slim Fit   Erkek Light İndigo Denim Jean Pantolon,1799.9,https://www.colins.com.tr/p/slim-fit-erkek-light-indigo-denim-jean-pantolon-49437
Erkek Pantolon,Straight Fit   Erkek Light İndigo Denim Jean Pantolon,1899.9,https://www.colins.com.tr/p/straight-fit-erkek-light-indigo-denim-jean-pantolon-48886
Erkek Pantolon,Slim Fit Orta Bel Düz Paça Erkek Lacivert Düğmeli Pantolon,1299.9,https://www.colins.com.tr/p/slim-fit-orta-bel-duz-paca-erkek-lacivert-dugmeli-pantolon-42930
Erkek Pantolon,Regular Fit Orta Bel Daralan Paça Erkek Siyah Jean Pantolon,1599.9,https://www.colins.com.tr/p/regular-fit-orta-bel-daralan-paca-erkek-siyah-jean-pantolon-47725
Erkek Pantolon,Straıght Fıt Düşük Bel Düz Paça Erkek Lacivert  Pantolon,1299.9,https://www.colins.com.tr/p/straight-fit-dusuk-bel-duz-paca-erkek-lacivert-pantolon-31806
Erkek Pantolon,Straight Fit   Erkek Green Cast Denim Jean Pantolon,1899.9,https://www.colins.com.tr/p/straight-fit-erkek-green-cast-denim-jean-pantolon-48884
Erkek Pantolon,Regular Fit Orta Bel Düz Paça Erkek İndigo Ecologic Jean Pantolon,1499.9,https://www.colins.com.tr/p/regular-fit-orta-bel-duz-paca-erkek-indigo-ecologic-jean-pantolon-46346
Erkek Pantolon,Regular Fit   Erkek Black Black Denim Jean Pantolon,1799.9,https://www.colins.com.tr/p/regular-fit-erkek-black-black-denim-jean-pantolon-48846
Erkek Pantolon,Regular Fit   Erkek Dark İndigo Denim Jean Pantolon,1799.9,https://www.colins.com.tr/p/regular-fit-erkek-dark-indigo-denim-jean-pantolon-48849
Erkek Pantolon,Regular Fit   Erkek İndigo Jean Pantolon,1799.9,https://www.colins.com.tr/p/regular-fit-erkek-mavi-jean-pantolon-46421
Erkek Pantolon,Slim Fit   Erkek Black Black Denim Jean Pantolon,1599.9,https://www.colins.com.tr/p/slim-fit-erkek-black-black-denim-jean-pantolon-48869
Erkek Pantolon,Slim Fit   Erkek Mid İndigo Denim Jean Pantolon,1799.9,https://www.colins.com.tr/p/slim-fit-erkek-mid-indigo-denim-jean-pantolon-48874
Erkek Pantolon,Slim Fit   Erkek Mid İndigo Denim Jean Pantolon,1799.9,https://www.colins.com.tr/p/slim-fit-erkek-mid-indigo-denim-jean-pantolon-48875
Erkek Pantolon,Slim Fit Orta Bel Düz Paça Erkek Siyah Düğmeli Pantolon,1299.9,https://www.colins.com.tr/p/slim-fit-orta-bel-duz-paca-erkek-siyah-dugmeli-pantolon-31803
Erkek Pantolon,Loose Straight Fit   Erkek İndigo Jean Pantolon,1799.9,https://www.colins.com.tr/p/loose-straight-fit-erkek-indigo-jean-pantolon-46404
Erkek Pantolon,Straight Fit Düşük Bel Düz Paça Erkek İndigo Jean Pantolon,1399.9,https://www.colins.com.tr/p/straight-fit-dusuk-bel-duz-paca-erkek-indigo-jean-pantolon-43896
Erkek Pantolon,Regular Fit   Erkek Black Black Denim Jean Pantolon,1599.9,https://www.colins.com.tr/p/regular-fit-erkek-black-black-denim-jean-pantolon-48847
Erkek Pantolon,Regular Fit Orta Bel Daralan Paça Erkek Black Black Denim Pamuklu Jean Pantolon,1499.9,https://www.colins.com.tr/p/regular-fit-orta-bel-daralan-paca-erkek-black-black-denim-pamuklu-jean-pantolon-43914
Erkek Pantolon,Regular Fit Orta Bel Daralan Paça Erkek Light İndigo Cepli Denim Jean Pantolon,1499.9,https://www.colins.com.tr/p/regular-fit-orta-bel-daralan-paca-erkek-light-indigo-cepli-denim-jean-pantolon-46347
Erkek Pantolon,Straight Fit Düşük Bel Düz Paça Erkek Siyah Jean Pantolon,1499.9,https://www.colins.com.tr/p/straight-fit-dusuk-bel-duz-paca-erkek-siyah-jean-pantolon-18772
Erkek Pantolon,Straight Fit Düşük Bel Düz Paça Erkek Siyah Jean Pantolon,1599.9,https://www.colins.com.tr/p/straight-fit-dusuk-bel-duz-paca-erkek-siyah-jean-pantolon-45747
Erkek Pantolon,Straight Fit   Erkek Black Denim Jean Pantolon,1899.9,https://www.colins.com.tr/p/straight-fit-erkek-black-denim-jean-pantolon-48882
Erkek Pantolon,Regular Fit   Erkek Denim Jean Pantolon,1499.9,https://www.colins.com.tr/p/regular-fit-erkek-denim-jean-pantolon-46256
Erkek Pantolon,Regular Fit   Erkek Mid İndigo Denim Jean Pantolon,1499.9,https://www.colins.com.tr/p/regular-fit-erkek-mid-indigo-denim-jean-pantolon-48857
Erkek Pantolon,Regular Fit Orta Bel Düz Paça Cepli Erkek Lacivert Pantolon,1299.9,https://www.colins.com.tr/p/regular-fit-orta-bel-duz-paca-cepli-erkek-lacivert-pantolon-31817
Erkek Pantolon,Regular Fit   Erkek Grey Denim Jean Pantolon,1899.9,https://www.colins.com.tr/p/regular-fit-erkek-grey-denim-jean-pantolon-48852
Erkek Pantolon,Slim Fit Düşük Bel Dar Paça Erkek Siyah Jean Pantolon,1499.9,https://www.colins.com.tr/p/slim-fit-dusuk-bel-dar-paca-erkek-black-black-denim-jean-pantolon-18773
Erkek Pantolon,Regular Fit   Erkek Mid İndigo Denim Jean Pantolon,1899.9,https://www.colins.com.tr/p/regular-fit-erkek-mid-indigo-denim-jean-pantolon-48856
Erkek Pantolon,Straight Fit Düşük Bel Düz Paça Erkek Light İndigo Denim Jean Fermuarlı Pantolon,1499.9,https://www.colins.com.tr/p/straight-fit-dusuk-bel-duz-paca-erkek-indigo-ecologic-jean-fermuarli-pantolon-45858
Erkek Pantolon,Regular Fit Orta Bel Düz Paça Erkek İndigo Jean Pantolon,1399.9,https://www.colins.com.tr/p/relaxed-straight-fit-orta-bel-duz-paca-erkek-mid-indigo-denim-jean-pantolon-43893
Erkek Pantolon,Regular Fit Orta Bel Düz Paça Erkek Yeşil  Pantolon,1199.9,https://www.colins.com.tr/p/regular-fit-orta-bel-duz-paca-erkek-yesil-pantolon-48244
Erkek Pantolon,Slim Fit   Erkek Green Cast Denim Jean Pantolon,1799.9,https://www.colins.com.tr/p/slim-fit-erkek-green-cast-denim-jean-pantolon-48872
Erkek Pantolon,Regular Fit Orta Bel Düz Paça Erkek Kahverengi  Pantolon,1299.9,https://www.colins.com.tr/p/regular-fit-orta-bel-duz-paca-erkek-kahverengi-pantolon-46905
Erkek Pantolon,Straıght Fıt Düşük Bel Düz Paça Erkek Siyah  Pantolon,1299.9,https://www.colins.com.tr/p/straight-fit-dusuk-bel-duz-paca-erkek-siyah-pantolon-31804
Erkek Pantolon,Regular Fit Orta Bel Uzun Paça Erkek Keten Karışımlı Taş  Pantolon,1199.9,https://www.colins.com.tr/p/regular-fit-orta-bel-uzun-paca-erkek-keten-karisimli-tas-pantolon-44965
Erkek Pantolon,Straight Fit Düşük Bel Düz Paça Erkek Koyu İndigo Jean Pantolon,1399.9,https://www.colins.com.tr/p/straight-fit-dusuk-bel-duz-paca-erkek-koyu-indigo-jean-pantolon-43890
Erkek Pantolon,Regular Fit Orta Bel Daralan Paça Erkek Dark İndigo Fermuarlı Denim Jean Pantolon,1399.9,https://www.colins.com.tr/p/regular-fit-orta-bel-daralan-paca-erkek-dark-indigo-fermuarli-denim-jean-pantolon-43894
Erkek Pantolon,Slim Fit Düşük Bel Dar Paça Erkek İndigo Jean Pantolon,1399.9,https://www.colins.com.tr/p/slim-fit-dusuk-bel-dar-paca-erkek-indigo-jean-pantolon-43895
Erkek Pantolon,Straight Fit   Erkek Mid İndigo Denim Jean Pantolon,1799.9,https://www.colins.com.tr/p/straight-fit-erkek-mid-indigo-denim-jean-pantolon-48888
Erkek Pantolon,Regular Fit Orta Bel Uzun Paça Astarsız Erkek Siyah Pantolon,1199.9,https://www.colins.com.tr/p/regular-fit-orta-bel-uzun-paca-astarsiz-erkek-siyah-pantolon-44970
Erkek Pantolon,Straıght Fıt Düşük Bel Düz Paça Erkek Gri  Pantolon,1299.9,https://www.colins.com.tr/p/straight-fit-dusuk-bel-duz-paca-erkek-gri-pantolon-46431
Erkek Pantolon,Loose Straight Fit Erkek Light İndigo Fermuarlı Denim Jean Pantolon,1799.9,https://www.colins.com.tr/p/loose-straight-fit-erkek-light-indigo-fermuarli-denim-jean-pantolon-46410
Erkek Pantolon,Regular Fit Orta Bel Uzun Paça Erkek Keten Taş  Pantolon,1899.9,https://www.colins.com.tr/p/regular-fit-orta-bel-uzun-paca-erkek-keten-tas-pantolon-44964
Erkek Pantolon,Regular Fit   Erkek Yeşil Jean Pantolon,1899.9,https://www.colins.com.tr/p/regular-fit-erkek-yesil-jean-pantolon-48003
Erkek Pantolon,Regular Fit Orta Bel Düz Paça Erkek Kahverengi  Pantolon,1299.9,https://www.colins.com.tr/p/regular-fit-orta-bel-duz-paca-erkek-kahverengi-pantolon-49589
Erkek Pantolon,Regular Fit Orta Bel Düz Paça Erkek Siyah  Pantolon,1299.9,https://www.colins.com.tr/p/regular-fit-orta-bel-duz-paca-erkek-siyah-pantolon-43521
Erkek Pantolon,Slim Fit Orta Bel Düz Paça Erkek Kahverengi  Pantolon,1299.9,https://www.colins.com.tr/p/slim-fit-orta-bel-duz-paca-erkek-kahverengi-pantolon-49840
Erkek Pantolon,Slim Fit Düşük Bel Dar Paça Erkek İndigo Jean Pantolon,1399.9,https://www.colins.com.tr/p/slim-fit-dusuk-bel-dar-paca-erkek-mavi-jean-pantolon-26034
Erkek Pantolon,Regular Fit   Erkek Siyah Jean Pantolon,1899.9,https://www.colins.com.tr/p/regular-fit-erkek-siyah-jean-pantolon-48093
Erkek Pantolon,Regular Fit   Erkek Siyah Jean Pantolon,1899.9,https://www.colins.com.tr/p/regular-fit-erkek-siyah-jean-pantolon-48094
Erkek Pantolon,Regular Fit   Erkek Koyu İndigo Jean Pantolon,1799.9,https://www.colins.com.tr/p/regular-fit-erkek-koyu-indigo-jean-pantolon-48025
Erkek Pantolon,Regular Fit   Erkek Lacivert Jean Pantolon,1399.9,https://www.colins.com.tr/p/regular-fit-erkek-lacivert-jean-pantolon-47206
Erkek Pantolon,Slim Fit Orta Bel Düz Paça Erkek Bej  Pantolon,1299.9,https://www.colins.com.tr/p/slim-fit-orta-bel-duz-paca-erkek-bej-pantolon-49839
Erkek Pantolon,Slim Fit Orta Bel Düz Paça Erkek Lacivert  Pantolon,1299.9,https://www.colins.com.tr/p/slim-fit-orta-bel-duz-paca-erkek-lacivert-pantolon-48930
Erkek Pantolon,Straıght Fıt Düşük Bel Düz Paça Erkek Lacivert  Pantolon,1299.9,https://www.colins.com.tr/p/straight-fit-dusuk-bel-duz-paca-erkek-lacivert-pantolon-44365
Erkek Pantolon,Straight Fit   Erkek Koyu İndigo Jean Pantolon,1799.9,https://www.colins.com.tr/p/straight-fit-erkek-koyu-indigo-jean-pantolon-47940
Erkek Pantolon,Straight Fit   Erkek Siyah Jean Pantolon,1799.9,https://www.colins.com.tr/p/straight-fit-erkek-siyah-jean-pantolon-48034
Erkek Pantolon,Straight Fit   Erkek Koyu İndigo Jean Pantolon,1799.9,https://www.colins.com.tr/p/straight-fit-erkek-koyu-indigo-jean-pantolon-48033
Erkek Pantolon,Regular Fit Orta Bel Düz Paça Erkek Bej  Pantolon,899.95,https://www.colins.com.tr/p/regular-fit-orta-bel-duz-paca-erkek-bej-pantolon-48271
Erkek Pantolon,Regular Fit Orta Bel Düz Paça Erkek Bej  Pantolon,899.95,https://www.colins.com.tr/p/regular-fit-orta-bel-duz-paca-erkek-bej-pantolon-48272
Erkek Pantolon,Straight Fit Orta Bel Düz Paça Erkek Antrasit  Pantolon,1199.95,https://www.colins.com.tr/p/straight-fit-orta-bel-duz-paca-erkek-antrasit-pantolon-47326
Erkek Pantolon,Regular Fit   Erkek Green Cast Denim Jean Pantolon,1499.95,https://www.colins.com.tr/p/regular-fit-erkek-green-cast-denim-jean-pantolon-48850
Erkek Pantolon,Regular Fit Orta Bel Düz Paça Erkek Lacivert  Pantolon,899.95,https://www.colins.com.tr/p/regular-fit-orta-bel-duz-paca-erkek-lacivert-pantolon-48275
Erkek Pantolon,Straight Fit Orta Bel Düz Paça Erkek Yeşil  Pantolon,1199.95,https://www.colins.com.tr/p/straight-fit-orta-bel-duz-paca-erkek-yesil-pantolon-47331
Erkek Pantolon,Regular Fit Orta Bel Düz Paça Erkek Siyah  Pantolon,899.95,https://www.colins.com.tr/p/regular-fit-orta-bel-duz-paca-erkek-siyah-pantolon-47803
Erkek Pantolon,Baggy Fit   Erkek İndigo Jean Pantolon,1499.95,https://www.colins.com.tr/p/baggy-fit-erkek-indigo-jean-pantolon-47999
Erkek Pantolon,Regular Fit Orta Bel Düz Paça Erkek Yeşil  Pantolon,899.95,https://www.colins.com.tr/p/regular-fit-orta-bel-duz-paca-erkek-yesil-pantolon-46507
Erkek Pantolon,Regular Fit   Erkek Siyah Jean Pantolon,1499.95,https://www.colins.com.tr/p/regular-fit-erkek-siyah-jean-pantolon-48095
Erkek Pantolon,Regular Fit Orta Bel Düz Paça Erkek Bej  Pantolon,899.95,https://www.colins.com.tr/p/regular-fit-orta-bel-duz-paca-erkek-bej-pantolon-47328
Erkek Pantolon,Slim Fit   Erkek Yeşil Jean Pantolon,1499.95,https://www.colins.com.tr/p/slim-fit-erkek-yesil-jean-pantolon-48101
Erkek Pantolon,Regular Fit   Erkek Siyah Jean Pantolon,1499.95,https://www.colins.com.tr/p/regular-fit-erkek-siyah-jean-pantolon-47140
Erkek Pantolon,Loose Tapered Fit   Erkek İndigo Jean Pantolon,1499.95,https://www.colins.com.tr/p/loose-tapered-fit-erkek-indigo-jean-pantolon-48090
Erkek Pantolon,Regular Fit Orta Bel Düz Paça Erkek Yeşil  Pantolon,1199.95,https://www.colins.com.tr/p/regular-fit-orta-bel-duz-paca-erkek-yesil-pantolon-47805
Erkek Pantolon,Slim Fit Orta Bel Uzun Paça Erkek Lacivert  Pantolon,799.95,https://www.colins.com.tr/p/slim-fit-orta-bel-uzun-paca-erkek-lacivert-pantolon-44977
Erkek Pantolon,Loose Straight Fit   Erkek İndigo Jean Pantolon,1499.95,https://www.colins.com.tr/p/loose-straight-fit-erkek-indigo-jean-pantolon-48089
Erkek Pantolon,Regular Fit Orta Bel Uzun Paça Erkek Keten Yeşil  Pantolon,1299.95,https://www.colins.com.tr/p/regular-fit-orta-bel-uzun-paca-erkek-keten-yesil-pantolon-44979
Erkek Pantolon,Loose Straight Fit   Erkek Antrasit Jean Pantolon,999.95,https://www.colins.com.tr/p/loose-straight-fit-erkek-antrasit-jean-pantolon-47185
Erkek Pantolon,Loose Tapered Fit   Erkek Siyah Jean Pantolon,1499.95,https://www.colins.com.tr/p/loose-tapered-fit-erkek-over-dyed-denim-jean-pantolon-48018
Erkek Pantolon,Slim Fit   Erkek Antrasit Jean Pantolon,1499.95,https://www.colins.com.tr/p/slim-fit-erkek-antrasit-jean-pantolon-48031
Erkek Pantolon,Relaxed Fit   Erkek Siyah Jean Pantolon,1499.95,https://www.colins.com.tr/p/relaxed-fit-erkek-siyah-jean-pantolon-48030
Erkek Pantolon,Regular Fit   Erkek İndigo Jean Pantolon,1499.95,https://www.colins.com.tr/p/regular-fit-erkek-indigo-jean-pantolon-48023
Erkek Pantolon,Loose Straight Fit   Erkek İndigo Jean Pantolon,999.95,https://www.colins.com.tr/p/loose-straight-fit-erkek-mid-indigo-denim-jean-pantolon-47093
Erkek Pantolon,Loose Straight Fit   Erkek Siyah Jean Pantolon,1499.95,https://www.colins.com.tr/p/loose-straight-fit-erkek-siyah-jean-pantolon-48017
Erkek Pantolon,Regular Fit   Erkek İndigo Jean Pantolon,1499.95,https://www.colins.com.tr/p/regular-fit-erkek-indigo-jean-pantolon-48022
Erkek Gömlek,Boxy Fit Shirt Neck Çizgili Erkek Sari Uzun Kol Gömlek,899.9,https://www.colins.com.tr/p/boxy-fit-shirt-neck-cizgili-erkek-sari-uzun-kol-gomlek-48246
Erkek Gömlek,Regular Fit Pamuklu Shirt Neck Düz Erkek Beyaz Uzun Kol Gömlek,799.9,https://www.colins.com.tr/p/regular-fit-pamuklu-shirt-neck-duz-erkek-beyaz-uzun-kol-gomlek-45300
Erkek Gömlek,Regular Fit Shirt Neck Cepsiz Düz Erkek Beyaz Uzun Kol Gömlek,799.9,https://www.colins.com.tr/p/regular-fit-shirt-neck-cepsiz-duz-erkek-beyaz-uzun-kol-gomlek-45298
Erkek Gömlek,Regular Fit Shirt Neck Çizgili Erkek Bej Uzun Kol Gömlek,899.9,https://www.colins.com.tr/p/regular-fit-shirt-neck-cizgili-erkek-bej-uzun-kol-gomlek-48277
Erkek Gömlek,Regular Fit Shirt Neck Çizgili Erkek Bej Uzun Kol Gömlek,899.9,https://www.colins.com.tr/p/regular-fit-shirt-neck-cizgili-erkek-bej-uzun-kol-gomlek-48278
Erkek Gömlek,Regular Fit Shirt Neck Çizgili Erkek Bej Uzun Kol Gömlek,899.9,https://www.colins.com.tr/p/regular-fit-shirt-neck-cizgili-erkek-bej-uzun-kol-gomlek-48279
Erkek Gömlek,Regular Fit Shirt Neck Çizgili Erkek Mavi Uzun Kol Gömlek,899.9,https://www.colins.com.tr/p/regular-fit-shirt-neck-cizgili-erkek-mavi-uzun-kol-gomlek-48284
Erkek Gömlek,Regular Fit Shirt Neck Çizgili Erkek Mavi Uzun Kol Gömlek,899.9,https://www.colins.com.tr/p/regular-fit-shirt-neck-cizgili-erkek-mavi-uzun-kol-gomlek-48285
Erkek Gömlek,Regular Fit Shirt Neck Çizgili Erkek Mavi Uzun Kol Gömlek,899.9,https://www.colins.com.tr/p/regular-fit-shirt-neck-cizgili-erkek-mavi-uzun-kol-gomlek-48286
Erkek Gömlek,Regular Fit Shirt Neck Çizgili Erkek Mavi Uzun Kol Gömlek,899.9,https://www.colins.com.tr/p/regular-fit-shirt-neck-cizgili-erkek-mavi-uzun-kol-gomlek-48287
Erkek Gömlek,Regular Fit Shirt Neck Çizgili Erkek Mavi Uzun Kol Gömlek,899.9,https://www.colins.com.tr/p/regular-fit-shirt-neck-cizgili-erkek-mavi-uzun-kol-gomlek-48288
Erkek Gömlek,Regular Fit Shirt Neck Çizgili Erkek Mavi Uzun Kol Gömlek,999.9,https://www.colins.com.tr/p/regular-fit-shirt-neck-cizgili-erkek-mavi-uzun-kol-gomlek-49741
Erkek Gömlek,Regular Fit Shirt Neck Çizgili Erkek Turkuaz Uzun Kol Gömlek,899.9,https://www.colins.com.tr/p/regular-fit-shirt-neck-cizgili-erkek-turkuaz-uzun-kol-gomlek-48289
Erkek Gömlek,Regular Fit Shirt Neck Çizgili Erkek Yeşil Uzun Kol Gömlek,899.9,https://www.colins.com.tr/p/regular-fit-shirt-neck-cizgili-erkek-yesil-uzun-kol-gomlek-48292
Erkek Gömlek,Regular Fit Shirt Neck Çizgili Erkek Yeşil Uzun Kol Gömlek,999.9,https://www.colins.com.tr/p/regular-fit-shirt-neck-cizgili-erkek-yesil-uzun-kol-gomlek-49742
Erkek Gömlek,Regular Fit Shirt Neck Düz Erkek Beyaz Uzun Kol Gömlek,799.9,https://www.colins.com.tr/p/regular-fit-shirt-neck-duz-erkek-beyaz-uzun-kol-gomlek-48294
Erkek Gömlek,Regular Fit Shirt Neck Düz Erkek Beyaz Uzun Kol Gömlek,999.9,https://www.colins.com.tr/p/regular-fit-shirt-neck-duz-erkek-beyaz-uzun-kol-gomlek-49116
Erkek Gömlek,Regular Fit Shirt Neck Düz Erkek Beyaz Uzun Kol Gömlek,1299.9,https://www.colins.com.tr/p/regular-fit-shirt-neck-duz-erkek-beyaz-uzun-kol-gomlek-49117
Erkek Gömlek,Regular Fit Shirt Neck Düz Erkek Beyaz Uzun Kol Gömlek,999.9,https://www.colins.com.tr/p/regular-fit-shirt-neck-duz-erkek-beyaz-uzun-kol-gomlek-49743
Erkek Gömlek,Regular Fit Shirt Neck Düz Erkek Ekru Uzun Kol Gömlek,899.9,https://www.colins.com.tr/p/regular-fit-shirt-neck-duz-erkek-ekru-uzun-kol-gomlek-48295
Erkek Gömlek,Regular Fit Shirt Neck Düz Erkek Kahverengi Uzun Kol Gömlek,1299.9,https://www.colins.com.tr/p/regular-fit-shirt-neck-duz-erkek-kahverengi-uzun-kol-gomlek-49120
Erkek Gömlek,Regular Fit Shirt Neck Düz Erkek Lacivert Uzun Kol Gömlek,799.9,https://www.colins.com.tr/p/regular-fit-shirt-neck-duz-erkek-lacivert-uzun-kol-gomlek-48298
Erkek Gömlek,Regular Fit Shirt Neck Düz Erkek Mavi Uzun Kol Gömlek,799.9,https://www.colins.com.tr/p/regular-fit-shirt-neck-duz-erkek-mavi-uzun-kol-gomlek-48245
Erkek Gömlek,Regular Fit Shirt Neck Düz Erkek Mavi Uzun Kol Gömlek,899.9,https://www.colins.com.tr/p/regular-fit-shirt-neck-duz-erkek-mavi-uzun-kol-gomlek-48299
Erkek Gömlek,Regular Fit Shirt Neck Düz Erkek Mavi Uzun Kol Gömlek,1299.9,https://www.colins.com.tr/p/regular-fit-shirt-neck-duz-erkek-mavi-uzun-kol-gomlek-49126
Erkek Gömlek,Regular Fit Shirt Neck Düz Erkek Siyah Uzun Kol Gömlek,1299.9,https://www.colins.com.tr/p/regular-fit-shirt-neck-duz-erkek-siyah-uzun-kol-gomlek-49127
Erkek Gömlek,Regular Fit Shirt Neck Düz Erkek Siyah Uzun Kol Gömlek,999.9,https://www.colins.com.tr/p/regular-fit-shirt-neck-duz-erkek-siyah-uzun-kol-gomlek-49744
Erkek Gömlek,Regular Fit Shirt Neck Düz Erkek Yeşil Uzun Kol Gömlek,799.9,https://www.colins.com.tr/p/regular-fit-shirt-neck-duz-erkek-yesil-uzun-kol-gomlek-45312
Erkek Gömlek,Regular Fit Shirt Neck Düz Erkek Yeşil Uzun Kol Gömlek,899.9,https://www.colins.com.tr/p/regular-fit-shirt-neck-duz-erkek-yesil-uzun-kol-gomlek-48301
Erkek Gömlek,Regular Fit Shirt Neck Düz Erkek Yeşil Uzun Kol Gömlek,1299.9,https://www.colins.com.tr/p/regular-fit-shirt-neck-duz-erkek-yesil-uzun-kol-gomlek-49128
Erkek Gömlek,Regular Fit Shirt Neck Ekoseli Erkek Çok Renkli Uzun Kol Gömlek,1199.9,https://www.colins.com.tr/p/regular-fit-shirt-neck-ekoseli-erkek-cok-renkli-uzun-kol-gomlek-48305
Erkek Gömlek,Regular Fit Shirt Neck Ekoseli Erkek Lacivert Uzun Kol Gömlek,1199.9,https://www.colins.com.tr/p/regular-fit-shirt-neck-ekoseli-erkek-lacivert-uzun-kol-gomlek-48306
Erkek Gömlek,Regular Fit Shirt Neck Ekoseli Erkek Mavi Uzun Kol Gömlek,1199.9,https://www.colins.com.tr/p/regular-fit-shirt-neck-ekoseli-erkek-mavi-uzun-kol-gomlek-48307
Erkek Gömlek,Regular Fit Shirt Neck Ekoseli Erkek Siyah Uzun Kol Gömlek,1199.9,https://www.colins.com.tr/p/regular-fit-shirt-neck-ekoseli-erkek-siyah-uzun-kol-gomlek-48308
Erkek Gömlek,Regular Fit Shirt Neck Ekoseli Erkek Yeşil Uzun Kol Gömlek,1199.9,https://www.colins.com.tr/p/regular-fit-shirt-neck-ekoseli-erkek-yesil-uzun-kol-gomlek-48310
Erkek Gömlek,Regular Fit Shirt Neck Pamuklu Düz Erkek Yeşil Uzun Kol Gömlek,799.9,https://www.colins.com.tr/p/regular-fit-shirt-neck-pamuklu-duz-erkek-yesil-uzun-kol-gomlek-45326
Erkek Gömlek,Relaxed Fit Shirt Neck Çizgili Erkek Bej Uzun Kol Gömlek,899.9,https://www.colins.com.tr/p/relaxed-fit-shirt-neck-cizgili-erkek-bej-uzun-kol-gomlek-49138
Erkek Gömlek,Relaxed Fit Shirt Neck Çizgili Erkek Çok Renkli Uzun Kol Gömlek,999.9,https://www.colins.com.tr/p/relaxed-fit-shirt-neck-cizgili-erkek-cok-renkli-uzun-kol-gomlek-48337
Erkek Gömlek,Relaxed Fit Shirt Neck Çizgili Erkek Lacivert Uzun Kol Gömlek,899.9,https://www.colins.com.tr/p/relaxed-fit-shirt-neck-cizgili-erkek-lacivert-uzun-kol-gomlek-49139
Erkek Gömlek,Relaxed Fit Shirt Neck Düz Erkek Gri Uzun Kol Gömlek,1299.9,https://www.colins.com.tr/p/relaxed-fit-shirt-neck-duz-erkek-gri-uzun-kol-gomlek-48340
Erkek Gömlek,Relaxed Fit Shirt Neck Düz Erkek Yeşil Uzun Kol Gömlek,1299.9,https://www.colins.com.tr/p/relaxed-fit-shirt-neck-duz-erkek-yesil-uzun-kol-gomlek-48342
Erkek Gömlek,Relaxed Fit Shirt Neck Ekoseli Erkek Gri Uzun Kol Gömlek,999.9,https://www.colins.com.tr/p/relaxed-fit-shirt-neck-ekoseli-erkek-gri-uzun-kol-gomlek-48344
Erkek Gömlek,Regular Fit Shirt Neck Çizgili Erkek Antrasit Uzun Kol Gömlek,899.9,https://www.colins.com.tr/p/regular-fit-shirt-neck-cizgili-erkek-antrasit-uzun-kol-gomlek-49107
Erkek Gömlek,Regular Fit Shirt Neck Çizgili Erkek Ekru Uzun Kol Gömlek,899.9,https://www.colins.com.tr/p/regular-fit-shirt-neck-cizgili-erkek-ekru-uzun-kol-gomlek-48281
Erkek Gömlek,Regular Fit Shirt Neck Düz Erkek Lacivert Uzun Kol Gömlek,799.9,https://www.colins.com.tr/p/regular-fit-shirt-neck-duz-erkek-lacivert-uzun-kol-gomlek-45309
Erkek Gömlek,Regular Fit Shirt Neck Düz Erkek Lacivert Uzun Kol Gömlek,899.9,https://www.colins.com.tr/p/regular-fit-shirt-neck-duz-erkek-lacivert-uzun-kol-gomlek-48297
Erkek Gömlek,Regular Fit Shirt Neck Düz Erkek Lacivert Uzun Kol Gömlek,1299.9,https://www.colins.com.tr/p/regular-fit-shirt-neck-duz-erkek-lacivert-uzun-kol-gomlek-49122
Erkek Gömlek,Regular Fit Shirt Neck Pamuklu Cepsiz Düz Erkek Mavi Uzun Kol Gömlek,799.9,https://www.colins.com.tr/p/regular-fit-shirt-neck-pamuklu-cepsiz-duz-erkek-mavi-uzun-kol-gomlek-45348
Erkek Polo Tişört,Comfort Fit Polo Yaka Çizgili Erkek Bej Kısa Kol Tişört,999.9,https://www.colins.com.tr/p/comfort-fit-polo-yaka-cizgili-erkek-bej-kisa-kol-tisort-49155
Erkek Polo Tişört,Comfort Fit Polo Yaka Çizgili Erkek Ekru Kısa Kol Tişört,899.9,https://www.colins.com.tr/p/comfort-fit-polo-yaka-cizgili-erkek-ekru-kisa-kol-tisort-48580
Erkek Polo Tişört,Regular Fit Polo Yaka Çizgili Erkek Beyaz Kısa Kol Tişört,899.9,https://www.colins.com.tr/p/regular-fit-polo-yaka-cizgili-erkek-beyaz-kisa-kol-tisort-49201
Erkek Polo Tişört,Regular Fit Polo Yaka Çizgili Erkek Ekru Kısa Kol Tişört,999.9,https://www.colins.com.tr/p/regular-fit-polo-yaka-cizgili-erkek-ekru-kisa-kol-tisort-49202
Erkek Polo Tişört,Regular Fit Polo Yaka Çizgili Erkek Gri Kısa Kol Tişört,999.9,https://www.colins.com.tr/p/regular-fit-polo-yaka-cizgili-erkek-gri-kisa-kol-tisort-49203
Erkek Polo Tişört,Regular Fit Polo Yaka Çizgili Erkek Lacivert Kısa Kol Tişört,899.9,https://www.colins.com.tr/p/regular-fit-polo-yaka-cizgili-erkek-lacivert-kisa-kol-tisort-48661
Erkek Polo Tişört,Regular Fit Polo Yaka Çizgili Erkek Yeşil Kısa Kol Tişört,899.9,https://www.colins.com.tr/p/regular-fit-polo-yaka-cizgili-erkek-yesil-kisa-kol-tisort-49206
Erkek Polo Tişört,Regular Fit Polo Yaka Düz Erkek  Kısa Kol Tişört,649.9,https://www.colins.com.tr/p/regular-fit-polo-yaka-duz-erkek-kisa-kol-tisort-45031
Erkek Polo Tişört,Regular Fit Polo Yaka Düz Erkek Antrasit Kısa Kol Tişört,649.9,https://www.colins.com.tr/p/regular-fit-polo-yaka-duz-erkek-antrasit-kisa-kol-tisort-48464
Erkek Polo Tişört,Regular Fit Polo Yaka Düz Erkek Bej Kısa Kol Tişört,899.9,https://www.colins.com.tr/p/regular-fit-polo-yaka-duz-erkek-bej-kisa-kol-tisort-48662
Erkek Polo Tişört,Regular Fit Polo Yaka Düz Erkek Bej Kısa Kol Tişört,799.9,https://www.colins.com.tr/p/regular-fit-polo-yaka-duz-erkek-bej-kisa-kol-tisort-48663
Erkek Polo Tişört,Regular Fit Polo Yaka Düz Erkek Beyaz Kısa Kol Tişört,649.9,https://www.colins.com.tr/p/regular-fit-polo-yaka-duz-erkek-beyaz-kisa-kol-tisort-48465
Erkek Polo Tişört,Regular Fit Polo Yaka Düz Erkek Beyaz Kısa Kol Tişört,649.9,https://www.colins.com.tr/p/regular-fit-polo-yaka-duz-erkek-beyaz-kisa-kol-tisort-48466
Erkek Polo Tişört,Regular Fit Polo Yaka Düz Erkek Beyaz Kısa Kol Tişört,899.9,https://www.colins.com.tr/p/regular-fit-polo-yaka-duz-erkek-beyaz-kisa-kol-tisort-48665
Erkek Polo Tişört,Regular Fit Polo Yaka Düz Erkek Beyaz Kısa Kol Tişört,899.9,https://www.colins.com.tr/p/regular-fit-polo-yaka-duz-erkek-beyaz-kisa-kol-tisort-48666
Erkek Polo Tişört,Regular Fit Polo Yaka Düz Erkek Beyaz Kısa Kol Tişört,799.9,https://www.colins.com.tr/p/regular-fit-polo-yaka-duz-erkek-beyaz-kisa-kol-tisort-48760
Erkek Polo Tişört,Regular Fit Polo Yaka Düz Erkek Beyaz Kısa Kol Tişört,899.9,https://www.colins.com.tr/p/regular-fit-polo-yaka-duz-erkek-beyaz-kisa-kol-tisort-49208
Erkek Polo Tişört,Regular Fit Polo Yaka Düz Erkek Beyaz Pamuklu Cepsiz Kısa Kol Tişört,649.9,https://www.colins.com.tr/p/regular-fit-polo-yaka-duz-erkek-beyaz-pamuklu-cepsiz-kisa-kol-tisort-45084
Erkek Polo Tişört,Regular Fit Polo Yaka Düz Erkek Gri Kısa Kol Tişört,899.9,https://www.colins.com.tr/p/regular-fit-polo-yaka-duz-erkek-gri-kisa-kol-tisort-48667
Erkek Polo Tişört,Regular Fit Polo Yaka Düz Erkek Haki Kısa Kol Tişört,649.9,https://www.colins.com.tr/p/regular-fit-polo-yaka-duz-erkek-haki-kisa-kol-tisort-48467
Erkek Polo Tişört,Regular Fit Polo Yaka Düz Erkek Kahverengi Kısa Kol Tişört,649.9,https://www.colins.com.tr/p/regular-fit-polo-yaka-duz-erkek-kahverengi-kisa-kol-tisort-48468
Erkek Polo Tişört,Regular Fit Polo Yaka Düz Erkek Kahverengi Kısa Kol Tişört,899.9,https://www.colins.com.tr/p/regular-fit-polo-yaka-duz-erkek-kahverengi-kisa-kol-tisort-49210
Erkek Polo Tişört,Regular Fit Polo Yaka Düz Erkek Lacivert Kısa Kol Tişört,649.9,https://www.colins.com.tr/p/regular-fit-polo-yaka-duz-erkek-lacivert-kisa-kol-tisort-48372
Erkek Polo Tişört,Regular Fit Polo Yaka Düz Erkek Mavi Kısa Kol Tişört,649.9,https://www.colins.com.tr/p/regular-fit-polo-yaka-duz-erkek-mavi-kisa-kol-tisort-48469
Erkek Polo Tişört,Regular Fit Polo Yaka Düz Erkek Mavi Kısa Kol Tişört,649.9,https://www.colins.com.tr/p/regular-fit-polo-yaka-duz-erkek-mavi-kisa-kol-tisort-48470
Erkek Polo Tişört,Regular Fit Polo Yaka Düz Erkek Mavi Örme Kısa Kol Tişört,649.9,https://www.colins.com.tr/p/regular-fit-polo-yaka-duz-erkek-mavi-orme-kisa-kol-tisort-45039
Erkek Polo Tişört,Regular Fit Polo Yaka Düz Erkek Mavi Pamuklu Kısa Kol Tişört,649.9,https://www.colins.com.tr/p/regular-fit-polo-yaka-duz-erkek-mavi-pamuklu-kisa-kol-tisort-45040
Erkek Polo Tişört,Regular Fit Polo Yaka Düz Erkek Mor Kısa Kol Tişört,649.9,https://www.colins.com.tr/p/regular-fit-polo-yaka-duz-erkek-mor-kisa-kol-tisort-48471
Erkek Polo Tişört,Regular Fit Polo Yaka Düz Erkek Pembe Kısa Kol Tişört,649.9,https://www.colins.com.tr/p/regular-fit-polo-yaka-duz-erkek-pembe-kisa-kol-tisort-48374
Erkek Polo Tişört,Regular Fit Polo Yaka Düz Erkek Sari Kısa Kol Tişört,649.9,https://www.colins.com.tr/p/regular-fit-polo-yaka-duz-erkek-sari-kisa-kol-tisort-45078
Erkek Polo Tişört,Regular Fit Polo Yaka Düz Erkek Siyah Kısa Kol Tişört,649.9,https://www.colins.com.tr/p/regular-fit-polo-yaka-duz-erkek-siyah-kisa-kol-tisort-48472
Erkek Polo Tişört,Regular Fit Polo Yaka Düz Erkek Siyah Kısa Kol Tişört,649.9,https://www.colins.com.tr/p/regular-fit-polo-yaka-duz-erkek-siyah-kisa-kol-tisort-48473
Erkek Polo Tişört,Regular Fit Polo Yaka Düz Erkek Siyah Kısa Kol Tişört,799.9,https://www.colins.com.tr/p/regular-fit-polo-yaka-duz-erkek-siyah-kisa-kol-tisort-48669
Erkek Polo Tişört,Regular Fit Polo Yaka Düz Erkek Taş Kısa Kol Tişört,649.9,https://www.colins.com.tr/p/regular-fit-polo-yaka-duz-erkek-tas-kisa-kol-tisort-48475
Erkek Polo Tişört,Regular Fit Polo Yaka Düz Erkek Yeşil Cepsiz Kısa Kol Tişört,649.9,https://www.colins.com.tr/p/regular-fit-polo-yaka-duz-erkek-yesil-cepsiz-kisa-kol-tisort-45067
Erkek Polo Tişört,Regular Fit Polo Yaka Düz Erkek Yeşil Kısa Kol Tişört,649.9,https://www.colins.com.tr/p/regular-fit-polo-yaka-duz-erkek-yesil-kisa-kol-tisort-48476
Erkek Polo Tişört,Regular Fit Polo Yaka Düz Erkek Yeşil Kısa Kol Tişört,899.9,https://www.colins.com.tr/p/regular-fit-polo-yaka-duz-erkek-yesil-kisa-kol-tisort-48670
Erkek Polo Tişört,Regular Fit Polo Yaka Düz Erkek Yeşil Kısa Kol Tişört,799.9,https://www.colins.com.tr/p/regular-fit-polo-yaka-duz-erkek-yesil-kisa-kol-tisort-48671
Erkek Polo Tişört,Regular Fit Polo Yaka Düz Erkek Yeşil Kısa Kol Tişört,899.9,https://www.colins.com.tr/p/regular-fit-polo-yaka-duz-erkek-yesil-kisa-kol-tisort-49215
Erkek Polo Tişört,Regular Fit Polo Yaka Düz Erkek Yeşil Kısa Kol Tişört,899.9,https://www.colins.com.tr/p/regular-fit-polo-yaka-duz-erkek-yesil-kisa-kol-tisort-49338
Erkek Polo Tişört,Regular Fit Polo Yaka Düz Erkek Yeşil Pamuklu Cepsiz Kısa Kol Tişört,649.9,https://www.colins.com.tr/p/regular-fit-polo-yaka-duz-erkek-yesil-pamuklu-cepsiz-kisa-kol-tisort-45062
Erkek Polo Tişört,Regular Fit Polo Yaka Düz Örme Erkek Bej Kısa Kol Tişört,649.9,https://www.colins.com.tr/p/regular-fit-polo-yaka-duz-orme-erkek-bej-kisa-kol-tisort-45042
Erkek Polo Tişört,Regular Fit Polo Yaka Düz Pamuklu Erkek Siyah Kısa Kol Tişört,649.9,https://www.colins.com.tr/p/regular-fit-polo-yaka-duz-pamuklu-erkek-siyah-kisa-kol-tisort-45043
Erkek Polo Tişört,Regular Fit Shirt Neck Jakarlı Erkek Yeşil Kısa Kol Tişört,999.9,https://www.colins.com.tr/p/regular-fit-shirt-neck-jakarli-erkek-yesil-kisa-kol-tisort-48762
Erkek Polo Tişört,Slim Fit Polo Yaka Düz Erkek Beyaz Kısa Kol Tişört,899.9,https://www.colins.com.tr/p/slim-fit-polo-yaka-duz-erkek-beyaz-kisa-kol-tisort-48692
Erkek Polo Tişört,Regular Fit Polo Yaka Düz Erkek Mor Kısa Kol Tişört,649.9,https://www.colins.com.tr/p/regular-fit-polo-yaka-duz-erkek-mor-kisa-kol-tisort-48373
Erkek Polo Tişört,Regular Fit Polo Yaka Düz Erkek Yeşil Pamuklu Kısa Kol Tişört,649.9,https://www.colins.com.tr/p/regular-fit-polo-yaka-duz-erkek-yesil-pamuklu-kisa-kol-tisort-45069
Erkek Polo Tişört,Regular Fit Polo Yaka Düz Erkek Siyah Kısa Kol Tişört,799.9,https://www.colins.com.tr/p/regular-fit-polo-yaka-duz-erkek-siyah-kisa-kol-tisort-48761
Erkek Polo Tişört,Comfort Fit Polo Yaka Düz Erkek Lacivert Kısa Kol Tişört,999.9,https://www.colins.com.tr/p/comfort-fit-polo-yaka-duz-erkek-lacivert-kisa-kol-tisort-48582
Erkek Polo Tişört,Comfort Fit Polo Yaka Düz Erkek Lacivert Kısa Kol Tişört,799.9,https://www.colins.com.tr/p/comfort-fit-polo-yaka-duz-erkek-lacivert-kisa-kol-tisort-48583
Erkek Polo Tişört,Comfort Fit Polo Yaka Düz Erkek Turkuaz Kısa Kol Tişört,799.9,https://www.colins.com.tr/p/comfort-fit-polo-yaka-duz-erkek-turkuaz-kisa-kol-tisort-48584
Erkek Polo Tişört,Regular Fit Polo Yaka Düz Erkek Siyah Kısa Kol Tişört,649.9,https://www.colins.com.tr/p/regular-fit-polo-yaka-duz-erkek-siyah-kisa-kol-tisort-48474
Erkek Polo Tişört,Regular Fit Polo Yaka Düz Erkek Beyaz Kısa Kol Tişört,799.9,https://www.colins.com.tr/p/regular-fit-polo-yaka-duz-erkek-beyaz-kisa-kol-tisort-48664
Erkek Polo Tişört,Regular Fit Polo Yaka Jakarlı Erkek Beyaz Kısa Kol Tişört,899.9,https://www.colins.com.tr/p/regular-fit-polo-yaka-jakarli-erkek-beyaz-kisa-kol-tisort-45057
Erkek Polo Tişört,Regular Fit Polo Yaka Jakarlı Erkek Gri Kısa Kol Tişört,999.9,https://www.colins.com.tr/p/regular-fit-polo-yaka-jakarli-erkek-gri-kisa-kol-tisort-45074
Erkek Polo Tişört,Regular Fit Polo Yaka Düz Erkek Lacivert Kısa Kol Tişört,899.9,https://www.colins.com.tr/p/regular-fit-polo-yaka-duz-erkek-lacivert-kisa-kol-tisort-48668
Erkek Polo Tişört,Regular Fit Polo Yaka Düz Erkek Lacivert Kısa Kol Tişört,999.9,https://www.colins.com.tr/p/regular-fit-polo-yaka-duz-erkek-lacivert-kisa-kol-tisort-45046
Erkek Polo Tişört,Regular Fit Polo Yaka Jakarlı Erkek Yeşil Kısa Kol Tişört,899.9,https://www.colins.com.tr/p/regular-fit-polo-yaka-jakarli-erkek-yesil-kisa-kol-tisort-45068
Erkek Polo Tişört,Regular Fit Shirt Neck Jakarlı Erkek Gri Kısa Kol Tişört,799.95,https://www.colins.com.tr/p/regular-fit-shirt-neck-jakarli-erkek-gri-kisa-kol-tisort-42838
Erkek Polo Tişört,Regular Fit Polo Yaka Düz Erkek Pembe Örme Kısa Kol Tişört,499.95,https://www.colins.com.tr/p/regular-fit-polo-yaka-duz-erkek-pembe-orme-kisa-kol-tisort-45053
Erkek Sweatshirt,Comfort Fit   Erkek Ekru Sweatshirt,899.95,https://www.colins.com.tr/p/comfort-fit-erkek-ekru-sweatshirt-47839
Erkek Sweatshirt,Comfort Fit   Erkek Siyah Sweatshirt,899.95,https://www.colins.com.tr/p/comfort-fit-erkek-siyah-sweatshirt-47845
Erkek Sweatshirt,Regular Fit   Erkek Gri Sweatshirt,799.95,https://www.colins.com.tr/p/regular-fit-erkek-gri-sweatshirt-47865
Erkek Sweatshirt,Comfort Fit   Erkek Ekru Sweatshirt,899.95,https://www.colins.com.tr/p/comfort-fit-erkek-ekru-sweatshirt-47840
Erkek Sweatshirt,Comfort Fit   Erkek Gri Sweatshirt,799.95,https://www.colins.com.tr/p/comfort-fit-erkek-gri-sweatshirt-47841
Erkek Sweatshirt,Comfort Fit   Erkek Kahverengi Sweatshirt,899.95,https://www.colins.com.tr/p/comfort-fit-erkek-kahverengi-sweatshirt-47843
Erkek Sweatshirt,Comfort Fit   Erkek Lacivert Sweatshirt,899.95,https://www.colins.com.tr/p/comfort-fit-erkek-lacivert-sweatshirt-47844
Erkek Sweatshirt,Comfort Fit   Erkek Yeşil Sweatshirt,899.95,https://www.colins.com.tr/p/comfort-fit-erkek-yesil-sweatshirt-47847
Erkek Kazak,Regular Fit   Erkek Beyaz  Kazak,1199.9,https://www.colins.com.tr/p/regular-fit-erkek-beyaz-kazak-48427
Erkek Kazak,Regular Fit   Erkek Lacivert  Kazak,1199.9,https://www.colins.com.tr/p/regular-fit-erkek-lacivert-kazak-48428
Erkek Kazak,Regular Fit   Erkek Yeşil  Kazak,1199.9,https://www.colins.com.tr/p/regular-fit-erkek-yesil-kazak-48429
Erkek Kazak,Comfort Fit Yuvarlak Yaka Jakarlı Erkek Sari Kazak,999.95,https://www.colins.com.tr/p/comfort-fit-yuvarlak-yaka-jakarli-erkek-sari-kazak-48014
Erkek Kazak,Comfort Fit Polo Yaka Jakarlı Erkek Siyah Kazak,999.95,https://www.colins.com.tr/p/comfort-fit-polo-yaka-jakarli-erkek-siyah-kazak-47851
Erkek Kazak,Regular Fit Polo Yaka Jakarlı Erkek Gri Kazak,999.95,https://www.colins.com.tr/p/regular-fit-polo-yaka-jakarli-erkek-kahverengi-kazak-48011
Erkek Kazak,Regular Fit Yuvarlak Yaka Jakarlı Erkek Bej Kazak,1199.95,https://www.colins.com.tr/p/regular-fit-yuvarlak-yaka-jakarli-erkek-bej-kazak-47405
Erkek Kazak,Regular Fit Yuvarlak Yaka Jakarlı Erkek Yeşil Kazak,899.95,https://www.colins.com.tr/p/regular-fit-yuvarlak-yaka-jakarli-erkek-yesil-kazak-47994
Erkek Kazak,Regular Fit   Erkek Yeşil  Kazak,799.95,https://www.colins.com.tr/p/regular-fit-erkek-yesil-kazak-48659
Erkek Hırka,Regular Fit   Erkek Siyah Hırka,999.95,https://www.colins.com.tr/p/regular-fit-erkek-siyah-hirka-47987
Erkek Ceket,Regular Fit Düğmeli Astarsız  Erkek Light İndigo Denim Ceket,1999.9,https://www.colins.com.tr/p/regular-fit-dugmeli-astarsiz-erkek-light-indigo-denim-ceket-49426
Erkek Ceket,Regular Fit    Erkek Bej Ceket,2599.9,https://www.colins.com.tr/p/regular-fit-erkek-bej-ceket-48238
Erkek Ceket,Regular Fit Düğmeli Astarsız  Erkek Light İndigo Denim Ceket,1999.9,https://www.colins.com.tr/p/regular-fit-dugmeli-astarsiz-erkek-light-indigo-denim-ceket-48861
Erkek Ceket,Regular Fit Düğmeli Astarsız  Erkek Siyah Ceket,1999.9,https://www.colins.com.tr/p/regular-fit-dugmeli-astarsiz-erkek-siyah-ceket-47876
Erkek Ceket,Regular Fit Düğmeli Astarsız  Erkek Yeşil Ceket,1999.9,https://www.colins.com.tr/p/regular-fit-dugmeli-astarsiz-erkek-yesil-ceket-48096
Erkek Ceket,Comfort Fit    Erkek Siyah Ceket,1899.9,https://www.colins.com.tr/p/comfort-fit-erkek-siyah-ceket-47837
Erkek Ceket,Regular Fit    Erkek Siyah Ceket,2599.9,https://www.colins.com.tr/p/regular-fit-erkek-siyah-ceket-48241
Erkek Ceket,Regular Fit    Erkek Gri Ceket,1199.95,https://www.colins.com.tr/p/regular-fit-erkek-gri-ceket-46791
Erkek Ceket,Regular Fit    Erkek Siyah Ceket,1699.95,https://www.colins.com.tr/p/regular-fit-erkek-siyah-ceket-48240
Erkek Ceket,Regular Fit    Erkek Siyah Ceket,1199.95,https://www.colins.com.tr/p/regular-fit-erkek-siyah-ceket-46835
Erkek Ceket,Regular Fit Düğmeli Astarsız  Erkek Koyu Mavi Ceket,1499.95,https://www.colins.com.tr/p/regular-fit-dugmeli-astarsiz-erkek-koyu-mavi-ceket-47875
Erkek Ceket,Regular Fit    Erkek Lacivert Ceket,1199.95,https://www.colins.com.tr/p/regular-fit-erkek-lacivert-ceket-44924
Erkek Yelek,Oversize Fit Klasik Yaka Düğmeli Astarsız  Erkek Mid İndigo Denim Yelek,1899.9,https://www.colins.com.tr/p/oversize-fit-klasik-yaka-dugmeli-astarsiz-erkek-mid-indigo-denim-yelek-48220
Erkek Yelek,Regular Fit     Erkek Kahverengi Yelek,1299.95,https://www.colins.com.tr/p/regular-fit-erkek-kahverengi-yelek-47776
Erkek Yelek,Regular Fit     Erkek Gri Yelek,1499.95,https://www.colins.com.tr/p/regular-fit-erkek-gri-yelek-47775
Erkek Yağmurluk,Regular Fit     Erkek Gri Yağmurluk,1799.95,https://www.colins.com.tr/p/regular-fit-erkek-gri-yagmurluk-47774
İndirim,Regular Fit Kapüşonlu Fermuarlı Astarlı Suya Dayanıklı Kadın Ekru Mont,1799.95,https://www.colins.com.tr/p/regular-fit-kapusonlu-fermuarli-astarli-suya-dayanikli-kadin-ekru-mont-47797
İndirim,Regular Fit Dik Yaka Fermuarlı Astarlı Kürklü Kadın Ekru Mont,1799.95,https://www.colins.com.tr/p/regular-fit-dik-yaka-fermuarli-astarli-kurklu-kadin-ekru-mont-47791
İndirim,Regular Fit Kapüşonlu Fermuarlı Astarlı Kaplamalı Kadın Siyah Mont Pu,1699.95,https://www.colins.com.tr/p/regular-fit-kapusonlu-fermuarli-astarli-kaplamali-kadin-siyah-mont-pu-47796
İndirim,Regular Fit    Erkek Gri Ceket,1199.95,https://www.colins.com.tr/p/regular-fit-erkek-gri-ceket-46791
İndirim,Regular Fit    Erkek Siyah Ceket,1699.95,https://www.colins.com.tr/p/regular-fit-erkek-siyah-ceket-48240
İndirim,Regular Fit Fermuarlı Astarsız  Kadın Lacivert Ceket,1199.95,https://www.colins.com.tr/p/regular-fit-fermuarli-astarsiz-kadin-lacivert-ceket-47793
İndirim,Regular Fit    Erkek Siyah Ceket,1199.95,https://www.colins.com.tr/p/regular-fit-erkek-siyah-ceket-46835
İndirim,Regular Fit Düğmeli Astarsız  Erkek Koyu Mavi Ceket,1499.95,https://www.colins.com.tr/p/regular-fit-dugmeli-astarsiz-erkek-koyu-mavi-ceket-47875
İndirim,Regular Fit    Erkek Lacivert Ceket,1199.95,https://www.colins.com.tr/p/regular-fit-erkek-lacivert-ceket-44924
İndirim,Regular Fit     Erkek Gri Yağmurluk,1799.95,https://www.colins.com.tr/p/regular-fit-erkek-gri-yagmurluk-47774
İndirim,Regular Fit     Kadın Bej Yağmurluk,1999.95,https://www.colins.com.tr/p/regular-fit-kadin-bej-yagmurluk-47784
İndirim,Comfort Fit Yuvarlak Yaka Jakarlı Erkek Sari Kazak,999.95,https://www.colins.com.tr/p/comfort-fit-yuvarlak-yaka-jakarli-erkek-sari-kazak-48014
İndirim,Comfort Fit Polo Yaka Jakarlı Erkek Siyah Kazak,999.95,https://www.colins.com.tr/p/comfort-fit-polo-yaka-jakarli-erkek-siyah-kazak-47851
İndirim,Regular Fit Kapüşonlu Fermuarlı Astarlı Çıkarılabilir Kapüşonlu Kadın Yeşil Yelek,1499.95,https://www.colins.com.tr/p/regular-fit-kapusonlu-fermuarli-astarli-cikarilabilir-kapusonlu-kadin-yesil-yelek-47794
İndirim,Regular Fit Polo Yaka Jakarlı Erkek Gri Kazak,999.95,https://www.colins.com.tr/p/regular-fit-polo-yaka-jakarli-erkek-kahverengi-kazak-48011
İndirim,Regular Fit Yuvarlak Yaka Jakarlı Erkek Bej Kazak,1199.95,https://www.colins.com.tr/p/regular-fit-yuvarlak-yaka-jakarli-erkek-bej-kazak-47405
İndirim,Regular Fit Yuvarlak Yaka Jakarlı Erkek Yeşil Kazak,899.95,https://www.colins.com.tr/p/regular-fit-yuvarlak-yaka-jakarli-erkek-yesil-kazak-47994
İndirim,Regular Fit Shirt Neck Çizgili Erkek Yeşil Uzun Kol Gömlek,799.95,https://www.colins.com.tr/p/regular-fit-shirt-neck-cizgili-erkek-yesil-uzun-kol-gomlek-48291
İndirim,Regular Fit Polo Yaka Çizgili Kadın Mavi Kazak,799.95,https://www.colins.com.tr/p/regular-fit-polo-yaka-cizgili-kadin-mavi-kazak-47890
İndirim,Regular Fit Yuvarlak Yaka Düz Kadın Lacivert Kazak,799.95,https://www.colins.com.tr/p/regular-fit-yuvarlak-yaka-duz-kadin-lacivert-kazak-47904
İndirim,Regular Fit Shirt Neck Çizgili Cepsiz Erkek Lacivert Uzun Kol Gömlek,699.95,https://www.colins.com.tr/p/regular-fit-shirt-neck-cizgili-cepsiz-erkek-keten-karisimli-lacivert-uzun-kol-gomlek-45303
İndirim,Regular Fit Shirt Neck Düz Erkek Mavi Uzun Kol Gömlek,599.95,https://www.colins.com.tr/p/regular-fit-shirt-neck-duz-erkek-mavi-uzun-kol-gomlek-45342
İndirim,Regular Fit Shirt Neck Ekoseli Erkek Yeşil Uzun Kol Gömlek,599.95,https://www.colins.com.tr/p/regular-fit-shirt-neck-ekoseli-erkek-yesil-uzun-kol-gomlek-45313
İndirim,Regular Fit Yuvarlak Yaka Düz Kadın Kahverengi Kazak,799.95,https://www.colins.com.tr/p/regular-fit-yuvarlak-yaka-duz-kadin-kahverengi-kazak-47902
İndirim,Regular Fit Yuvarlak Yaka Düz Kadın Mavi Kazak,899.95,https://www.colins.com.tr/p/regular-fit-yuvarlak-yaka-duz-kadin-mavi-kazak-47905
İndirim,Slim Fit Yuvarlak Yaka Çizgili Kadın Ekru Kazak,699.95,https://www.colins.com.tr/p/slim-fit-yuvarlak-yaka-cizgili-kadin-ekru-kazak-47935
İndirim,Slim Fit Shirt Neck Çizgili Erkek Gri Uzun Kol Gömlek,599.95,https://www.colins.com.tr/p/slim-fit-shirt-neck-cizgili-erkek-gri-uzun-kol-gomlek-45330
İndirim,Comfort Fit Shirt Neck Ekoseli Erkek Kahverengi Uzun Kol Gömlek,799.95,https://www.colins.com.tr/p/comfort-fit-shirt-neck-ekoseli-erkek-kahverengi-uzun-kol-gomlek-47760
İndirim,Comfort Fit Shirt Neck Ekoseli Erkek Lacivert Uzun Kol Gömlek,799.95,https://www.colins.com.tr/p/comfort-fit-shirt-neck-ekoseli-erkek-lacivert-uzun-kol-gomlek-47761
İndirim,Comfort Fit Shirt Neck Ekoseli Erkek Mavi Uzun Kol Gömlek,799.95,https://www.colins.com.tr/p/comfort-fit-shirt-neck-ekoseli-erkek-mavi-uzun-kol-gomlek-47762
İndirim,Oversize Fit Shirt Neck Ekoseli Erkek Kahverengi Uzun Kol Gömlek,899.95,https://www.colins.com.tr/p/oversize-fit-shirt-neck-ekoseli-erkek-kahverengi-uzun-kol-gomlek-47772
İndirim,Regular Fit Polo Yaka Düz Kadın Beyaz Kazak,1199.95,https://www.colins.com.tr/p/regular-fit-polo-yaka-duz-kadin-beyaz-kazak-47892
İndirim,Regular Fit Polo Yaka Düz Kadın Kahverengi Kazak,699.95,https://www.colins.com.tr/p/regular-fit-polo-yaka-duz-kadin-kahverengi-kazak-47893
İndirim,Regular Fit Klasik Yaka Düz Erkek Siyah Uzun Kol Gömlek,1499.95,https://www.colins.com.tr/p/regular-fit-klasik-yaka-duz-erkek-siyah-uzun-kol-gomlek-48098
İndirim,Regular Fit Shirt Neck Çizgili Erkek Keten Karışımlı Lacivert Uzun Kol Gömlek,699.95,https://www.colins.com.tr/p/regular-fit-shirt-neck-cizgili-erkek-keten-karisimli-lacivert-uzun-kol-gomlek-45304
İndirim,Regular Fit Shirt Neck Düz Erkek Bej Uzun Kol Gömlek,799.95,https://www.colins.com.tr/p/regular-fit-shirt-neck-duz-erkek-gri-uzun-kol-gomlek-47812
İndirim,Regular Fit Shirt Neck Ekoseli Erkek Lacivert Uzun Kol Gömlek,799.95,https://www.colins.com.tr/p/regular-fit-shirt-neck-ekoseli-erkek-lacivert-uzun-kol-gomlek-47816
İndirim,Regular Fit Yuvarlak Yaka Batik Kadın Yeşil Sweatshirt,799.95,https://www.colins.com.tr/p/regular-fit-yuvarlak-yaka-batik-kadin-yesil-sweatshirt-48803
İndirim,Regular Fit Yuvarlak Yaka Düz Kadın Mavi Sweatshirt,799.95,https://www.colins.com.tr/p/regular-fit-yuvarlak-yaka-duz-kadin-mavi-sweatshirt-48540
İndirim,Regular Fit Yuvarlak Yaka Düz Kadın Yeşil Sweatshirt,699.95,https://www.colins.com.tr/p/regular-fit-yuvarlak-yaka-duz-kadin-yesil-sweatshirt-47909
İndirim,Regular Fit Gömlek Yaka Ekru Kadın Sweatshirt,799.95,https://www.colins.com.tr/p/undefinedname-47944
İndirim,Regular Fit Yuvarlak Yaka Düz Kadın Kahverengi Sweatshirt,799.95,https://www.colins.com.tr/p/regular-fit-yuvarlak-yaka-duz-kadin-kahverengi-sweatshirt-47903
İndirim,Relax Fit Yuvarlak Yaka Düz Kadın Lacivert Sweatshirt,799.95,https://www.colins.com.tr/p/relax-fit-yuvarlak-yaka-duz-kadin-lacivert-sweatshirt-47914
İndirim,Comfort Fit   Erkek Ekru Sweatshirt,899.95,https://www.colins.com.tr/p/comfort-fit-erkek-ekru-sweatshirt-47839
İndirim,Comfort Fit   Erkek Siyah Sweatshirt,899.95,https://www.colins.com.tr/p/comfort-fit-erkek-siyah-sweatshirt-47845
İndirim,Regular Fit   Erkek Gri Sweatshirt,799.95,https://www.colins.com.tr/p/regular-fit-erkek-gri-sweatshirt-47865
İndirim,Regular Fit Yuvarlak Yaka Baskılı Kadın Yeşil Sweatshirt,699.95,https://www.colins.com.tr/p/regular-fit-yuvarlak-yaka-baskili-kadin-yesil-sweatshirt-47896
İndirim,Regular Fit Yuvarlak Yaka Düz Kadın Sari Sweatshirt,699.95,https://www.colins.com.tr/p/regular-fit-yuvarlak-yaka-duz-kadin-sari-sweatshirt-47908
İndirim,Comfort Fit   Erkek Ekru Sweatshirt,899.95,https://www.colins.com.tr/p/comfort-fit-erkek-ekru-sweatshirt-47840
İndirim,Comfort Fit   Erkek Gri Sweatshirt,799.95,https://www.colins.com.tr/p/comfort-fit-erkek-gri-sweatshirt-47841
İndirim,Comfort Fit   Erkek Kahverengi Sweatshirt,899.95,https://www.colins.com.tr/p/comfort-fit-erkek-kahverengi-sweatshirt-47843
İndirim,Comfort Fit   Erkek Lacivert Sweatshirt,899.95,https://www.colins.com.tr/p/comfort-fit-erkek-lacivert-sweatshirt-47844
İndirim,Comfort Fit   Erkek Yeşil Sweatshirt,899.95,https://www.colins.com.tr/p/comfort-fit-erkek-yesil-sweatshirt-47847
İndirim,Regular Fit Yüksel Bel Düz Paça Kadın Kahverengi  Pantolon,1199.95,https://www.colins.com.tr/p/regular-fit-yuksel-bel-duz-paca-kadin-kahverengi-pantolon-48488
İndirim,Regular Fit Yüksel Bel Geniş Paça Kadın Siyah  Pantolon,1199.95,https://www.colins.com.tr/p/regular-fit-yuksel-bel-genis-paca-kadin-siyah-pantolon-47827
İndirim,Regular Fit   Kadın Grey Denim Jean Pantolon,1299.95,https://www.colins.com.tr/p/regular-fit-kadin-grey-denim-jean-pantolon-48822
İndirim,Regular Fit   Kadın Light İndigo Denim Jean Pantolon,1499.95,https://www.colins.com.tr/p/regular-fit-kadin-light-indigo-denim-jean-pantolon-48824
İndirim,Loose Fit   Kadın Dark İndigo Denim Jean Pantolon,1299.95,https://www.colins.com.tr/p/loose-fit-kadin-dark-indigo-denim-jean-pantolon-48806
İndirim,Regular Fit Kadın Light İndigo Denim Pantolon,1299.95,https://www.colins.com.tr/p/regular-fit-kadin-light-indigo-denim-jean-pantolon-48813
İndirim,Regular Fit   Kadın Dark İndigo Denim Jean Pantolon,1299.95,https://www.colins.com.tr/p/regular-fit-kadin-dark-indigo-denim-jean-pantolon-48820
İndirim,Regular Fit     Erkek Kahverengi Yelek,1299.95,https://www.colins.com.tr/p/regular-fit-erkek-kahverengi-yelek-47776
İndirim,Straight Fit Orta Bel Düz Paça Kadın İndigo Jean Pantolon,1299.95,https://www.colins.com.tr/p/straight-fit-orta-bel-duz-paca-kadin-indigo-jean-pantolon-48088
İndirim,Mom Fit   Kadın Mid İndigo Denim Jean Pantolon,1299.95,https://www.colins.com.tr/p/mom-fit-kadin-mid-indigo-denim-jean-pantolon-48756
İndirim,Mom Fit   Kadın Siyah Jean Pantolon,1299.95,https://www.colins.com.tr/p/mom-fit-kadin-siyah-jean-pantolon-48036
İndirim,Regular Fit   Erkek Siyah Hırka,999.95,https://www.colins.com.tr/p/regular-fit-erkek-siyah-hirka-47987
İndirim,Regular Fit     Erkek Gri Yelek,1499.95,https://www.colins.com.tr/p/regular-fit-erkek-gri-yelek-47775
İndirim,Straight Fit   Kadın İndigo Jean Pantolon,1499.95,https://www.colins.com.tr/p/straight-fit-kadin-indigo-jean-pantolon-48035
İndirim,Straight Fit   Kadın Siyah Jean Pantolon,1299.95,https://www.colins.com.tr/p/straight-fit-kadin-siyah-jean-pantolon-48087
İndirim,Straight Fit Orta Bel Tam Boy Paça Kadın İndigo Jean Pantolon,1199.95,https://www.colins.com.tr/p/straight-fit-orta-bel-tam-boy-paca-kadin-mavi-jean-pantolon-47101
İndirim,Slim Fit   Kadın İndigo Jean Pantolon,1299.95,https://www.colins.com.tr/p/slim-fit-kadin-indigo-jean-pantolon-48086
İndirim,Regular Fit   Kadın Açik İndigo Jean Pantolon,1299.95,https://www.colins.com.tr/p/regular-fit-kadin-acik-indigo-jean-pantolon-48079
İndirim,Slim Fit   Kadın Grey Denim Jean Pantolon,1499.95,https://www.colins.com.tr/p/slim-fit-kadin-grey-denim-jean-pantolon-48877
İndirim,Loose Fit   Kadın Siyah Jean Pantolon,1499.95,https://www.colins.com.tr/p/loose-fit-kadin-siyah-jean-pantolon-48015
İndirim,Regular Fit   Kadın İndigo Jean Pantolon,1299.95,https://www.colins.com.tr/p/regular-fit-kadin-mavi-jean-pantolon-47543
İndirim,Regular Fit   Kadın Siyah Jean Pantolon,1499.95,https://www.colins.com.tr/p/regular-fit-kadin-siyah-jean-pantolon-48007
İndirim,Skinny Fit Yüksel Bel Dar Paça Kadın İndigo Denim Jean Pantolon,999.95,https://www.colins.com.tr/p/skinny-fit-yuksek-bel-dar-paca-kadin-indigo-denim-jean-pantolon-43920
İndirim,Super Slim Fit Orta Bel Süper Dar Paça Kadın Siyah Jean Pantolon,999.95,https://www.colins.com.tr/p/super-slim-fit-orta-bel-super-dar-paca-kadin-siyah-jean-pantolon-15271
İndirim,Regular Fit Yüksel Bel Geniş Paça Kadın Koyu İndigo Jean Pantolon,999.95,https://www.colins.com.tr/p/regular-fit-yuksel-bel-genis-paca-kadin-koyu-mavi-jean-pantolon-47076
İndirim,Mom Fit   Kadın Koyu İndigo Jean Pantolon,1299.95,https://www.colins.com.tr/p/mom-fit-kadin-koyu-indigo-jean-pantolon-48071
İndirim,Regular Fit Yüksel Bel Geniş Paça Kadın İndigo Jean Pantolon,1499.95,https://www.colins.com.tr/p/regular-fit-yuksel-bel-genis-paca-kadin-indigo-jean-pantolon-48085
İndirim,Super Slim Fit Orta Bel Dar Paça Kadın Koyu İndigo Jean Pantolon,999.95,https://www.colins.com.tr/p/super-slim-fit-orta-bel-dar-paca-kadin-koyu-indigo-jean-pantolon-28088
İndirim,Regular Fit Orta Bel Düz Paça Erkek Bej  Pantolon,899.95,https://www.colins.com.tr/p/regular-fit-orta-bel-duz-paca-erkek-bej-pantolon-48271
İndirim,Regular Fit Orta Bel Düz Paça Erkek Bej  Pantolon,899.95,https://www.colins.com.tr/p/regular-fit-orta-bel-duz-paca-erkek-bej-pantolon-48272
İndirim,Straight Fit Orta Bel Düz Paça Erkek Antrasit  Pantolon,1199.95,https://www.colins.com.tr/p/straight-fit-orta-bel-duz-paca-erkek-antrasit-pantolon-47326
İndirim,Fashion Fit Shirt Neck Jakarlı Kadın Ekru Uzun Kol Gömlek,799.95,https://www.colins.com.tr/p/fashion-fit-shirt-neck-jakarli-kadin-ekru-uzun-kol-gomlek-48403
İndirim,Regular Fit Shirt Neck Düz Kadın Yeşil Uzun Kol Gömlek,799.95,https://www.colins.com.tr/p/regular-fit-shirt-neck-duz-kadin-yesil-uzun-kol-gomlek-48481
İndirim,Regular Fit   Erkek Green Cast Denim Jean Pantolon,1499.95,https://www.colins.com.tr/p/regular-fit-erkek-green-cast-denim-jean-pantolon-48850
İndirim,Regular Fit Orta Bel Düz Paça Erkek Lacivert  Pantolon,899.95,https://www.colins.com.tr/p/regular-fit-orta-bel-duz-paca-erkek-lacivert-pantolon-48275
İndirim,Straight Fit Orta Bel Düz Paça Erkek Yeşil  Pantolon,1199.95,https://www.colins.com.tr/p/straight-fit-orta-bel-duz-paca-erkek-yesil-pantolon-47331
İndirim,Regular Fit Orta Bel Düz Paça Erkek Siyah  Pantolon,899.95,https://www.colins.com.tr/p/regular-fit-orta-bel-duz-paca-erkek-siyah-pantolon-47803
İndirim,Baggy Fit   Erkek İndigo Jean Pantolon,1499.95,https://www.colins.com.tr/p/baggy-fit-erkek-indigo-jean-pantolon-47999
İndirim,Regular Fit Orta Bel Düz Paça Erkek Yeşil  Pantolon,899.95,https://www.colins.com.tr/p/regular-fit-orta-bel-duz-paca-erkek-yesil-pantolon-46507
İndirim,Boyfriend Fit Shirt Neck Düz Kadın Beyaz Uzun Kol Gömlek,699.95,https://www.colins.com.tr/p/boyfriend-fit-shirt-neck-duz-kadin-beyaz-uzun-kol-gomlek-47750
İndirim,Regular Fit Shirt Neck Ekoseli Kadın Beyaz Uzun Kol Gömlek,699.95,https://www.colins.com.tr/p/regular-fit-shirt-neck-ekoseli-kadin-beyaz-uzun-kol-gomlek-47820
İndirim,Regular Fit   Erkek Siyah Jean Pantolon,1499.95,https://www.colins.com.tr/p/regular-fit-erkek-siyah-jean-pantolon-48095
İndirim,Regular Fit Orta Bel Düz Paça Erkek Bej  Pantolon,899.95,https://www.colins.com.tr/p/regular-fit-orta-bel-duz-paca-erkek-bej-pantolon-47328
İndirim,Regular Fit Düğmeli Yaka Düz Erkek Antrasit Uzun Kol Tişört,699.95,https://www.colins.com.tr/p/regular-fit-dugmeli-yaka-duz-erkek-antrasit-uzun-kol-tisort-47988
İndirim,Slim Fit   Erkek Yeşil Jean Pantolon,1499.95,https://www.colins.com.tr/p/slim-fit-erkek-yesil-jean-pantolon-48101
İndirim,Regular Fit   Erkek Siyah Jean Pantolon,1499.95,https://www.colins.com.tr/p/regular-fit-erkek-siyah-jean-pantolon-47140
İndirim,Fashion Fit Hakim Yaka Düz Kadın Mavi Uzun Kol Gömlek,799.95,https://www.colins.com.tr/p/fashion-fit-hakim-yaka-duz-kadin-mavi-uzun-kol-gomlek-47831
İndirim,Regular Fit Klasik Yaka Düz Kadın Koyu Mavi Uzun Kol Gömlek,1299.95,https://www.colins.com.tr/p/regular-fit-klasik-yaka-duz-kadin-koyu-mavi-uzun-kol-gomlek-48028
İndirim,Regular Fit Shirt Neck Çizgili Kadın Beyaz Uzun Kol Gömlek,699.95,https://www.colins.com.tr/p/regular-fit-shirt-neck-cizgili-kadin-beyaz-uzun-kol-gomlek-47810
İndirim,Regular Fit Shirt Neck Çizgili Kadın Mavi Uzun Kol Gömlek,699.95,https://www.colins.com.tr/p/regular-fit-shirt-neck-cizgili-kadin-mavi-uzun-kol-gomlek-47811
İndirim,Loose Tapered Fit   Erkek İndigo Jean Pantolon,1499.95,https://www.colins.com.tr/p/loose-tapered-fit-erkek-indigo-jean-pantolon-48090
İndirim,Regular Fit Orta Bel Düz Paça Erkek Yeşil  Pantolon,1199.95,https://www.colins.com.tr/p/regular-fit-orta-bel-duz-paca-erkek-yesil-pantolon-47805
İndirim,Slim Fit Orta Bel Uzun Paça Erkek Lacivert  Pantolon,799.95,https://www.colins.com.tr/p/slim-fit-orta-bel-uzun-paca-erkek-lacivert-pantolon-44977
İndirim,Loose Straight Fit   Erkek İndigo Jean Pantolon,1499.95,https://www.colins.com.tr/p/loose-straight-fit-erkek-indigo-jean-pantolon-48089
İndirim,Regular Fit Orta Bel Uzun Paça Erkek Keten Yeşil  Pantolon,1299.95,https://www.colins.com.tr/p/regular-fit-orta-bel-uzun-paca-erkek-keten-yesil-pantolon-44979
İndirim,Loose Straight Fit   Erkek Antrasit Jean Pantolon,999.95,https://www.colins.com.tr/p/loose-straight-fit-erkek-antrasit-jean-pantolon-47185
İndirim,Loose Tapered Fit   Erkek Siyah Jean Pantolon,1499.95,https://www.colins.com.tr/p/loose-tapered-fit-erkek-over-dyed-denim-jean-pantolon-48018
İndirim,Slim Fit   Erkek Antrasit Jean Pantolon,1499.95,https://www.colins.com.tr/p/slim-fit-erkek-antrasit-jean-pantolon-48031
İndirim,Relaxed Fit   Erkek Siyah Jean Pantolon,1499.95,https://www.colins.com.tr/p/relaxed-fit-erkek-siyah-jean-pantolon-48030
İndirim,Regular Fit   Erkek İndigo Jean Pantolon,1499.95,https://www.colins.com.tr/p/regular-fit-erkek-indigo-jean-pantolon-48023
İndirim,Loose Straight Fit   Erkek İndigo Jean Pantolon,999.95,https://www.colins.com.tr/p/loose-straight-fit-erkek-mid-indigo-denim-jean-pantolon-47093
İndirim,Loose Straight Fit   Erkek Siyah Jean Pantolon,1499.95,https://www.colins.com.tr/p/loose-straight-fit-erkek-siyah-jean-pantolon-48017
İndirim,Regular Fit   Erkek İndigo Jean Pantolon,1499.95,https://www.colins.com.tr/p/regular-fit-erkek-indigo-jean-pantolon-48022
İndirim,Regular Fit   Kadın Bej Tişört,499.95,https://www.colins.com.tr/p/regular-fit-kadin-bej-tisort-47868
İndirim,Regular Fit   Kadın Kahverengi Tişört,599.95,https://www.colins.com.tr/p/regular-fit-kadin-kahverengi-tisort-47997
İndirim,Regular Fit Polo Yaka Çizgili Kadın Yeşil Uzun Kol Tişört,899.95,https://www.colins.com.tr/p/regular-fit-polo-yaka-cizgili-kadin-yesil-uzun-kol-tisort-47891
İndirim,Regular Fit Yuvarlak Yaka Düz Kadın Beyaz Kısa Kol Tişört,449.95,https://www.colins.com.tr/p/regular-fit-yuvarlak-yaka-duz-kadin-beyaz-kisa-kol-tisort-48533
İndirim,Slim Fit Yuvarlak Yaka Baskılı Kadın Beyaz Kısa Kol Tişört,399.95,https://www.colins.com.tr/p/slim-fit-yuvarlak-yaka-baskili-kadin-beyaz-kisa-kol-tisort-48562
İndirim,Regular Fit Yuvarlak Yaka Çizgili Kadın Bej Kısa Kol Tişört,499.95,https://www.colins.com.tr/p/regular-fit-yuvarlak-yaka-cizgili-kadin-gri-kisa-kol-tisort-47897
İndirim,Regular Fit Yuvarlak Yaka Düz Kadın Yeşil Kısa Kol Tişört,399.95,https://www.colins.com.tr/p/regular-fit-yuvarlak-yaka-duz-kadin-yesil-kisa-kol-tisort-46878
İndirim,Comfort Fit Yuvarlak Yaka Düz Erkek Lacivert Kısa Kol Tişört,499.95,https://www.colins.com.tr/p/comfort-fit-yuvarlak-yaka-duz-erkek-lacivert-kisa-kol-tisort-48602
İndirim,Comfort Fit Yuvarlak Yaka Düz Erkek Mavi Kısa Kol Tişört,549.95,https://www.colins.com.tr/p/comfort-fit-yuvarlak-yaka-duz-erkek-mavi-kisa-kol-tisort-48604
İndirim,Comfort Fit Yuvarlak Yaka Düz Erkek Yeşil Kısa Kol Tişört,549.95,https://www.colins.com.tr/p/comfort-fit-yuvarlak-yaka-duz-erkek-yesil-kisa-kol-tisort-48609
İndirim,Oversize Fit Yuvarlak Yaka Düz Erkek Ekru Kısa Kol Tişört,499.95,https://www.colins.com.tr/p/oversize-fit-yuvarlak-yaka-duz-erkek-ekru-kisa-kol-tisort-48655
İndirim,Regular Fit Yuvarlak Yaka Baskılı Erkek Bej Kısa Kol Tişört,449.95,https://www.colins.com.tr/p/regular-fit-yuvarlak-yaka-baskili-erkek-bej-kisa-kol-tisort-48674
İndirim,Regular Fit Yuvarlak Yaka Çizgili Erkek Yeşil Kısa Kol Tişört,499.95,https://www.colins.com.tr/p/regular-fit-yuvarlak-yaka-cizgili-erkek-yesil-kisa-kol-tisort-48766
İndirim,Regular Fit Yuvarlak Yaka Düz Erkek Yeşil Kısa Kol Tişört,549.95,https://www.colins.com.tr/p/regular-fit-yuvarlak-yaka-duz-erkek-yesil-kisa-kol-tisort-48687
İndirim,Regular Fit   Kadın Çok Renkli  Kazak,799.95,https://www.colins.com.tr/p/regular-fit-kadin-cok-renkli-kazak-48432
İndirim,Regular Fit Yuvarlak Yaka Düz Pamuklu Erkek Mavi Kısa Kol Tişört,299.95,https://www.colins.com.tr/p/regular-fit-yuvarlak-yaka-duz-pamuklu-erkek-mavi-kisa-kol-tisort-46242
İndirim,Regular Fit Yuvarlak Yaka Pamuklu Düz Erkek Yeşil Kısa Kol Tişört,299.95,https://www.colins.com.tr/p/regular-fit-yuvarlak-yaka-pammuklu-duz-erkek-yesil-kisa-kol-tisort-46344
İndirim,Regular Fit Yuvarlak Yaka Düz Cepsiz Erkek Pembe Kısa Kol Tişört,299.95,https://www.colins.com.tr/p/regular-fit-yuvarlak-yaka-duz-cepsiz-erkek-pembe-kisa-kol-tisort-46246
İndirim,Comfort Fit Yuvarlak Yaka Düz Erkek Taş Kısa Kol Tişört,299.95,https://www.colins.com.tr/p/comfort-fit-yuvarlak-yaka-duz-erkek-tas-kisa-kol-tisort-45818
İndirim,Slim Fit   Kadın Kahverengi  Kazak,649.95,https://www.colins.com.tr/p/slim-fit-kadin-kahverengi-kazak-47926
İndirim,Pamuklu Regular Fit Yuvarlak Yaka Düz Erkek Gri Kısa Kol Tişört,399.95,https://www.colins.com.tr/p/pamuklu-regular-fit-yuvarlak-yaka-duz-erkek-gri-kisa-kol-tisort-45807
İndirim,Comfort Fit Yuvarlak Yaka Düz Erkek Yeşil Cepsiz Kısa Kol Tişört,299.95,https://www.colins.com.tr/p/comfort-fit-yuvarlak-yaka-duz-erkek-yesil-cepsiz-kisa-kol-tisort-45817
İndirim,Slim Fit   Kadın Bordo  Kazak,649.95,https://www.colins.com.tr/p/slim-fit-kadin-bordo-kazak-47918
İndirim,Slim Fit   Kadın Çok Renkli  Kazak,899.95,https://www.colins.com.tr/p/slim-fit-kadin-cok-renkli-kazak-47919
İndirim,Regular Fit Yuvarlak Yaka Çizgili Erkek Gri Kısa Kol Tişört,599.95,https://www.colins.com.tr/p/regular-fit-yuvarlak-yaka-cizgili-erkek-gri-kisa-kol-tisort-48764
İndirim,Regular Fit V Yaka Düz Erkek Beyaz Kısa Kol Tişört,299.95,https://www.colins.com.tr/p/regular-fit-v-yaka-duz-erkek-beyaz-kisa-kol-tisort-37864
İndirim,Regular Fit Yuvarlak Yaka Düz Erkek Mavi Kısa Kol Tişört,299.95,https://www.colins.com.tr/p/regular-fit-yuvarlak-yaka-duz-erkek-mavi-kisa-kol-tisort-38649
İndirim,Regular Fit Yuvarlak Yaka Düz Erkek Mor Kısa Kol Tişört,299.95,https://www.colins.com.tr/p/regular-fit-yuvarlak-yaka-duz-erkek-mor-kisa-kol-tisort-46315
İndirim,Regular Fit Yuvarlak Yaka Düz Erkek Yeşil Kısa Kol Tişört,299.95,https://www.colins.com.tr/p/regular-fit-yuvarlak-yaka-duz-erkek-yesil-kisa-kol-tisort-46343
İndirim,Regular Fit Yuvarlak Yaka Düz Örme Erkek Lacivert Kısa Kol Tişört,299.95,https://www.colins.com.tr/p/regular-fit-yuvarlak-yaka-duz-orme-erkek-lacivert-kisa-kol-tisort-46314
İndirim,Regular Fit Shirt Neck Cepsiz Düz Erkek Siyah Kısa Kol Gömlek,799.95,https://www.colins.com.tr/p/regular-fit-shirt-neck-cepsiz-duz-erkek-siyah-kisa-kol-gomlek-45455
İndirim,Regular Fit Shirt Neck Jakarlı Erkek Gri Kısa Kol Tişört,799.95,https://www.colins.com.tr/p/regular-fit-shirt-neck-jakarli-erkek-gri-kisa-kol-tisort-42838
İndirim,Regular Fit Polo Yaka Düz Erkek Pembe Örme Kısa Kol Tişört,499.95,https://www.colins.com.tr/p/regular-fit-polo-yaka-duz-erkek-pembe-orme-kisa-kol-tisort-45053
İndirim,Regular Fit   Erkek Yeşil  Kazak,799.95,https://www.colins.com.tr/p/regular-fit-erkek-yesil-kazak-48659
İndirim,Regular Fit  Kadın Kahverengi  Elbise,1299.95,https://www.colins.com.tr/p/regular-fit-kadin-kahverengi-elbise-48436
İndirim,Slim Fit Düz Kadın Koyu Mavi Kısa Kol Elbise,1799.95,https://www.colins.com.tr/p/slim-fit-duz-kadin-dark-indigo-denim-kisa-kol-elbise-47930
İndirim,Regular Fit Orta Bel Düz Erkek Gri Eşofman Altı,999.95,https://www.colins.com.tr/p/regular-fit-orta-bel-duz-erkek-gri-esofman-alti-46793
İndirim,Regular Fit Orta Bel Düz Cepli Erkek Kahverengi Şort,699.95,https://www.colins.com.tr/p/regular-fit-orta-bel-duz-cepli-erkek-kahverengi-sort-45604
İndirim,Erkek  Çanta,699.95,https://www.colins.com.tr/p/erkek-canta-48700
İndirim,Erkek Siyah Çanta,799.95,https://www.colins.com.tr/p/erkek-siyah-canta-48043
İndirim,Erkek Siyah Çanta,599.95,https://www.colins.com.tr/p/erkek-siyah-canta-48731
İndirim,Erkek Siyah Çorap,99.95,https://www.colins.com.tr/p/erkek-siyah-corap-47628
İndirim,Erkek Bej Kemer,279.95,https://www.colins.com.tr/p/erkek-bej-kemer-48713
İndirim,Erkek Çok Renkli Kemer,449.95,https://www.colins.com.tr/p/erkek-cok-renkli-kemer-48040
İndirim,Erkek Kahverengi Kemer,499.95,https://www.colins.com.tr/p/erkek-kahverengi-kemer-48724
İndirim,Erkek Siyah Kemer,349.95,https://www.colins.com.tr/p/erkek-siyah-kemer-44754
İndirim,Erkek Siyah Kemer,599.95,https://www.colins.com.tr/p/erkek-siyah-kemer-48738
İndirim,Kadın Siyah Kemer,279.95,https://www.colins.com.tr/p/kadin-siyah-kemer-48650
İndirim,Erkek Kahverengi Kemer,499.95,https://www.colins.com.tr/p/erkek-kahverengi-kemer-48725
İndirim,Kadın Siyah Kemer,299.95,https://www.colins.com.tr/p/kadin-siyah-kemer-44774
İndirim,Kadın Siyah Kemer,449.95,https://www.colins.com.tr/p/kadin-siyah-kemer-44776
İndirim,Erkek Siyah Kemer,399.95,https://www.colins.com.tr/p/erkek-siyah-kemer-44745
İndirim,Erkek Siyah Kemer,599.95,https://www.colins.com.tr/p/erkek-siyah-kemer-44749
İndirim,Erkek Kahverengi Kemer,599.95,https://www.colins.com.tr/p/erkek-kahverengi-kemer-48163
İndirim,Erkek Siyah Kemer,399.95,https://www.colins.com.tr/p/erkek-siyah-kemer-44746
İndirim,Erkek Siyah Kemer,299.95,https://www.colins.com.tr/p/erkek-siyah-kemer-48047
İndirim,Kadın Kahverengi Kemer,449.95,https://www.colins.com.tr/p/kadin-kahverengi-kemer-44765
İndirim,Kadın Siyah Kemer,299.95,https://www.colins.com.tr/p/kadin-siyah-kemer-48064
İndirim,Kadın Siyah Kemer,299.95,https://www.colins.com.tr/p/kadin-siyah-kemer-48066
İndirim,Kadın Siyah Kemer,449.95,https://www.colins.com.tr/p/kadin-siyah-kemer-48165
İndirim,Modern Fit Baskılı Erkek Lacivert Boxer,199.95,https://www.colins.com.tr/p/modern-fit-baskili-erkek-lacivert-boxer-47553
İndirim,Regular Fit   Erkek Light İndigo Denim Shacket,1499.95,https://www.colins.com.tr/p/regular-fit-erkek-light-indigo-denim-shacket-48855
İndirim,Kadın Bej Çanta,999.95,https://www.colins.com.tr/p/kadin-bej-canta-48628
İndirim,Kadın Kirmizi Çanta,899.95,https://www.colins.com.tr/p/kadin-kirmizi-canta-48641
İndirim,Kadın Lacivert Çanta,1199.95,https://www.colins.com.tr/p/kadin-lacivert-canta-48642
İndirim,Regular Fit Shirt Neck Düz Erkek Beyaz Uzun Kol Gömlek,1299.9,https://www.colins.com.tr/p/regular-fit-shirt-neck-duz-erkek-beyaz-uzun-kol-gomlek-49591
İndirim,Regular Fit Shirt Neck Düz Erkek Beyaz Uzun Kol Gömlek,1649.9,https://www.colins.com.tr/p/regular-fit-shirt-neck-duz-erkek-beyaz-uzun-kol-gomlek-49784
İndirim,Regular Fit Shirt Neck Düz Erkek Mavi Uzun Kol Gömlek,1299.9,https://www.colins.com.tr/p/regular-fit-shirt-neck-duz-erkek-mavi-uzun-kol-gomlek-49618
İndirim,Regular Fit Shirt Neck Düz Erkek Bej Uzun Kol Gömlek,1649.9,https://www.colins.com.tr/p/regular-fit-shirt-neck-duz-erkek-bej-uzun-kol-gomlek-49522
İndirim,Regular Fit Shirt Neck Düz Erkek Lacivert Uzun Kol Gömlek,1649.9,https://www.colins.com.tr/p/regular-fit-shirt-neck-duz-erkek-lacivert-uzun-kol-gomlek-49634
İndirim,Regular Fit Shirt Neck Düz Erkek Yeşil Uzun Kol Gömlek,1649.9,https://www.colins.com.tr/p/regular-fit-shirt-neck-duz-erkek-yesil-uzun-kol-gomlek-49524
İndirim,Regular Fit Shirt Neck Düz Erkek Lacivert Uzun Kol Gömlek,1299.9,https://www.colins.com.tr/p/regular-fit-shirt-neck-duz-erkek-lacivert-uzun-kol-gomlek-49572
İndirim,Slim Fit Shirt Neck Çizgili Erkek Mavi Uzun Kol Gömlek,899.9,https://www.colins.com.tr/p/slim-fit-shirt-neck-cizgili-erkek-mavi-uzun-kol-gomlek-49543
İndirim,Regular Fit Orta Bel Uzun Paça Erkek Lacivert  Pantolon,1899.9,https://www.colins.com.tr/p/regular-fit-orta-bel-uzun-paca-erkek-lacivert-pantolon-49615
İndirim,Regular Fit Orta Bel Uzun Paça Erkek Taş  Pantolon,1899.9,https://www.colins.com.tr/p/regular-fit-orta-bel-uzun-paca-erkek-tas-pantolon-49590
İndirim,Regular Fit Orta Bel Düz Paça Erkek Lacivert  Pantolon,1199.9,https://www.colins.com.tr/p/regular-fit-orta-bel-duz-paca-erkek-lacivert-pantolon-49820
İndirim,Regular Fit Orta Bel Uzun Paça Erkek Gri  Pantolon,1899.9,https://www.colins.com.tr/p/regular-fit-orta-bel-uzun-paca-erkek-gri-pantolon-49613
İndirim,Regular Fit Orta Bel Uzun Paça Erkek Bej  Pantolon,1199.9,https://www.colins.com.tr/p/regular-fit-orta-bel-uzun-paca-erkek-bej-pantolon-49517
İndirim,Slim Fit Yuvarlak Yaka Düz Kadın Siyah Kısa Kol Tişört,499.9,https://www.colins.com.tr/p/slim-fit-yuvarlak-yaka-duz-kadin-siyah-kisa-kol-tisort-41900
İndirim,Regular Fit Yuvarlak Yaka Düz Erkek Bej Kısa Kol Tişört,499.9,https://www.colins.com.tr/p/regular-fit-yuvarlak-yaka-duz-erkek-bej-kisa-kol-tisort-49822
İndirim,Regular Fit Yuvarlak Yaka Düz Erkek Beyaz Kısa Kol Tişört,499.9,https://www.colins.com.tr/p/regular-fit-yuvarlak-yaka-duz-erkek-beyaz-kisa-kol-tisort-48927
İndirim,Regular Fit Yuvarlak Yaka Düz Erkek  Kısa Kol Tişört,499.9,https://www.colins.com.tr/p/regular-fit-yuvarlak-yaka-duz-erkek-kisa-kol-tisort-49775
İndirim,Regular Fit Yuvarlak Yaka Düz Erkek Siyah Kısa Kol Tişört,499.9,https://www.colins.com.tr/p/regular-fit-yuvarlak-yaka-duz-erkek-siyah-kisa-kol-tisort-49787
İndirim,Comfort Fit Shirt Neck Düz Erkek Beyaz Kısa Kol Gömlek,1099.9,https://www.colins.com.tr/p/comfort-fit-shirt-neck-duz-erkek-beyaz-kisa-kol-gomlek-49813
İndirim,Regular Fit Shirt Neck Düz Erkek Yeşil Kısa Kol Gömlek,899.9,https://www.colins.com.tr/p/regular-fit-shirt-neck-duz-erkek-yesil-kisa-kol-gomlek-49785
İndirim,Regular Fit Jakarlı Kadın Beyaz Kolsuz Elbise,1399.9,https://www.colins.com.tr/p/regular-fit-jakarli-kadin-beyaz-kolsuz-elbise-44836
İndirim,Regular Fit Orta Bel Düz Erkek Bej Şort,1199.9,https://www.colins.com.tr/p/regular-fit-orta-bel-duz-erkek-bej-sort-49509
İndirim,Regular Fit Orta Bel Düz Erkek Bej Şort,999.9,https://www.colins.com.tr/p/regular-fit-orta-bel-duz-erkek-bej-sort-49564
İndirim,Regular Fit Orta Bel Düz Erkek Taş Şort,999.9,https://www.colins.com.tr/p/regular-fit-orta-bel-duz-erkek-tas-sort-49514
İndirim,Regular Fit Orta Bel Düz Erkek Gri Şort,1199.9,https://www.colins.com.tr/p/regular-fit-orta-bel-duz-erkek-gri-sort-49566
İndirim,Regular Fit Orta Bel Düz Erkek Siyah Şort,999.9,https://www.colins.com.tr/p/regular-fit-orta-bel-duz-erkek-siyah-sort-49512
İndirim,Kadın Beyaz Çorap,99.9,https://www.colins.com.tr/p/kadin-beyaz-corap-49850
İndirim,Regular Fit     Erkek Gri Kaban,1999.99,https://www.colins.com.tr/p/regular-fit-erkek-gri-kaban-46616
İndirim,Regular Fit     Erkek Gri Kaban,1999.99,https://www.colins.com.tr/p/regular-fit-erkek-gri-kaban-46617
İndirim,Regular Fit Dik Yaka Fermuarlı Astarlı  Kadın Siyah Kaban,1199.99,https://www.colins.com.tr/p/regular-fit-dik-yaka-fermuarli-astarli-kadin-siyah-kaban-39978
İndirim,Regular Fit Kapüşonlu Fermuarlı Astarlı  Kadın Beyaz Kaban,1199.99,https://www.colins.com.tr/p/regular-fit-kapusonlu-fermuarli-astarli-kadin-beyaz-kaban-39979
İndirim,Regular Fit Kapüşonlu Fermuarlı Astarlı Çıkarılabilir Kapüşonlu Kadın Siyah Kaban,1999.99,https://www.colins.com.tr/p/regular-fit-kapusonlu-fermuarli-astarli-cikarilabilir-kapusonlu-kadin-siyah-kaban-46543
İndirim,Regular Fit Kapüşonlu Fermuarlı Astarlı Suya Dayanıklı Kadın Siyah Kaban,1999.99,https://www.colins.com.tr/p/regular-fit-kapusonlu-fermuarli-astarli-suya-dayanikli-kadin-siyah-kaban-46708
İndirim,Regular Fit Kapüşonlu Kadın Siyah Kaban,1499.99,https://www.colins.com.tr/p/regular-fit-kapusonlu-kadin-siyah-kaban-43303
İndirim,Regular Fit     Erkek Yeşil Kaban,1999.99,https://www.colins.com.tr/p/regular-fit-erkek-yesil-kaban-46861
İndirim,Regular Fit Fermuarlı Erkek Bej Kaban,1199.99,https://www.colins.com.tr/p/regular-fit-fermuarli-erkek-bej-kaban-39973
İndirim,Regular Fit Kapüşonlu Fermuarlı Astarlı Suya Dayanıklı Kadın Taş Kaban,1999.99,https://www.colins.com.tr/p/regular-fit-kapusonlu-fermuarli-astarli-suya-dayanikli-kadin-tas-kaban-46723
İndirim,Regular Fit Kapüşonlu    Kadın Siyah Kaban,1499.99,https://www.colins.com.tr/p/regular-fit-kapusonlu-kadin-siyah-kaban-43304
İndirim,Regular Fit Kapüşonlu    Kadın Yeşil Kaban,1499.99,https://www.colins.com.tr/p/regular-fit-kapusonlu-kadin-yesil-kaban-43465
İndirim,Regular Fit Kapüşonlu Cepli Kadın Siyah Kaban,1499.99,https://www.colins.com.tr/p/regular-fit-kapusonlu-cepli-kadin-siyah-kaban-43467
İndirim,Regular Fit Kapüşonlu Çıtçıtlı Astarlı Suya Dayanıklı Kadın  Kaban,1499.99,https://www.colins.com.tr/p/regular-fit-kapusonlu-citcitli-astarli-suya-dayanikli-kadin-kaban-43469
İndirim,Regular Fit Kapüşonlu Fermuarlı Astarlı Suya Dayanıklı Kadın Siyah Kaban,1999.99,https://www.colins.com.tr/p/regular-fit-kapusonlu-fermuarli-astarli-suya-dayanikli-kadin-siyah-kaban-46706
İndirim,Regular Fit Dik Yaka Fermuarlı Astarlı  Kadın Yeşil Kaban,1199.99,https://www.colins.com.tr/p/regular-fit-dik-yaka-fermuarli-astarli-kadin-yesil-kaban-39983
İndirim,Regular Fit Kapüşonlu Fermuarlı Astarlı Suya Dayanıklı Kadın Ekru Kaban,2499.99,https://www.colins.com.tr/p/regular-fit-kapusonlu-fermuarli-astarli-suya-dayanikli-kadin-ekru-kaban-46605
İndirim,Regular Fit Kapüşonlu Fermuarlı Astarlı Suya Dayanıklı Kadın Siyah Kaban,1999.99,https://www.colins.com.tr/p/regular-fit-kapusonlu-fermuarli-astarli-suya-dayanikli-kadin-siyah-kaban-46707
İndirim,Regular Fit     Erkek Siyah Kaban,1999.99,https://www.colins.com.tr/p/regular-fit-erkek-siyah-kaban-46841
İndirim,Regular Fit     Erkek Siyah Kaban,1999.99,https://www.colins.com.tr/p/regular-fit-erkek-siyah-kaban-46842
İndirim,Regular Fit Kapüşonlu Çıtçıtlı Astarlı Suya Dayanıklı Kadın Bej Kaban,1499.99,https://www.colins.com.tr/p/regular-fit-kapusonlu-citcitli-astarli-suya-dayanikli-kadin-bej-kaban-43470
İndirim,Regular Fit Kapüşonlu Çıtçıtlı Astarlı Suya Dayanıklı Kadın Siyah Kaban,1499.99,https://www.colins.com.tr/p/regular-fit-kapusonlu-citcitli-astarli-suya-dayanikli-kadin-siyah-kaban-43466
İndirim,Regular Fit Degaje    Kadın  Kaban,1499.99,https://www.colins.com.tr/p/regular-fit-degaje-kadin-kaban-43468
İndirim,Regular Fit Kapüşonlu Fermuarlı Astarlı  Kadın Gri Kaban,1199.99,https://www.colins.com.tr/p/regular-fit-kapusonlu-fermuarli-astarli-kadin-gri-kaban-39984
İndirim,Regular Fit Kapüşonlu Fermuarlı Astarlı  Kadın Yeşil Kaban,1199.99,https://www.colins.com.tr/p/regular-fit-kapusonlu-fermuarli-astarli-kadin-yesil-kaban-39981
İndirim,Regular Fit Kapüşonlu Fermuarlı Astarlı  Kadın Yeşil Kaban,1199.99,https://www.colins.com.tr/p/regular-fit-kapusonlu-fermuarli-astarli-kadin-yesil-kaban-39982
İndirim,Regular Fit     Erkek Gri Kaban,2999.99,https://www.colins.com.tr/p/regular-fit-erkek-gri-kaban-46618
İndirim,Regular Fit     Erkek Siyah Kaban,2999.99,https://www.colins.com.tr/p/regular-fit-erkek-siyah-kaban-46678
İndirim,Regular Fit     Erkek Siyah Kaban,3999.99,https://www.colins.com.tr/p/regular-fit-erkek-siyah-kaban-46679
İndirim,Regular Fit     Erkek Yeşil Kaban,1199.99,https://www.colins.com.tr/p/regular-fit-erkek-yesil-kaban-36466
İndirim,Regular Fit     Erkek Yeşil Kaban,2999.99,https://www.colins.com.tr/p/regular-fit-erkek-yesil-kaban-46728
İndirim,Regular Fit Kapüşonlu Cepli Fermuarlı Astarlı Kadın Yeşil Kaban,1199.99,https://www.colins.com.tr/p/regular-fit-kapusonlu-cepli-fermuarli-astarli-kadin-yesil-kaban-39980
İndirim,Regular Fit Kapüşonlu Fermuarlı Astarlı Suya Dayanıklı Kadın  Kaban,1999.99,https://www.colins.com.tr/p/regular-fit-kapusonlu-fermuarli-astarli-suya-dayanikli-kadin-kaban-46636
İndirim,Regular Fit Hakim Yaka Fermuarlı Astarlı  Kadın Siyah Mont,1199.99,https://www.colins.com.tr/p/regular-fit-hakim-yaka-fermuarli-astarli-kadin-siyah-mont-41225
İndirim,Regular Fit Kapüşonlu Fermuarlı Astarlı Suya Dayanıklı Kadın Siyah Mont,1499.99,https://www.colins.com.tr/p/regular-fit-kapusonlu-fermuarli-astarli-suya-dayanikli-kadin-siyah-mont-44935
İndirim,Regular Fit     Erkek Kahverengi Mont,1999.99,https://www.colins.com.tr/p/regular-fit-erkek-kahverengi-mont-44928
İndirim,Slim Fit     Erkek Siyah Mont,1499.99,https://www.colins.com.tr/p/slim-fit-erkek-siyah-mont-41553
İndirim,Slim Fit     Erkek Siyah Mont,1499.99,https://www.colins.com.tr/p/slim-fit-erkek-siyah-mont-46686
İndirim,Comfort Fit     Erkek Siyah Mont,1999.99,https://www.colins.com.tr/p/comfort-fit-erkek-siyah-mont-44929
İndirim,Regular Fit Dik Yaka    Kadın Ekru Mont,1499.99,https://www.colins.com.tr/p/regular-fit-dik-yaka-kadin-ekru-mont-43294
İndirim,Regular Fit Kapüşonlu Fermuarlı Kadın Yeşil Mont,1499.99,https://www.colins.com.tr/p/regular-fit-kapusonlu-fermuarli-kadin-yesil-mont-43298
İndirim,Regular Fit Kapüşonlu Fermuarlı Cepli Astarlı Kadın Beyaz Mont,1199.99,https://www.colins.com.tr/p/regular-fit-kapusonlu-fermuarli-cepli-astarli-kadin-beyaz-mont-43393
İndirim,Regular Fit Kapüşonlu Fermuarlı Astarlı Suya Dayanıklı Kadın Beyaz Mont,1499.99,https://www.colins.com.tr/p/regular-fit-kapusonlu-fermuarli-astarli-suya-dayanikli-kadin-beyaz-mont-44931
İndirim,Regular Fit Polo Yaka Çıtçıtlı Astarlı  Kadın Çok Renkli Mont,899.99,https://www.colins.com.tr/p/regular-fit-polo-yaka-citcitli-astarli-kadin-cok-renkli-mont-40160
İndirim,Regular Fit Fermuarlı Erkek Yeşil Mont,1999.99,https://www.colins.com.tr/p/regular-fit-fermuarli-erkek-yesil-mont-44927
İndirim,Regular Fit Kapüşonlu Erkek Gri Mont,1499.99,https://www.colins.com.tr/p/regular-fit-kapusonlu-erkek-gri-mont-43239
İndirim,Slim Fit Çıt Çıt Düğmeli Erkek Yeşil Mont,1499.99,https://www.colins.com.tr/p/slim-fit-cit-cit-dugmeli-erkek-yesil-mont-43243
İndirim,Slim Fit     Erkek Gri Mont,1199.99,https://www.colins.com.tr/p/slim-fit-erkek-gri-mont-43317
İndirim,Slim Fit     Erkek Lacivert Mont,1499.99,https://www.colins.com.tr/p/slim-fit-erkek-lacivert-mont-44925
İndirim,Slim Fit     Erkek Yeşil Mont,1199.99,https://www.colins.com.tr/p/slim-fit-erkek-yesil-mont-43318
İndirim,Regular Fit Dik Yaka    Kadın Kahverengi Mont,1199.99,https://www.colins.com.tr/p/regular-fit-dik-yaka-kadin-kahverengi-mont-43299
İndirim,Regular Fit Dik Yaka    Kadın Mavi Mont,1499.99,https://www.colins.com.tr/p/regular-fit-dik-yaka-kadin-mavi-mont-43292
İndirim,Regular Fit Dik Yaka  Astarlı Kapamalı Kadın Siyah Mont,899.99,https://www.colins.com.tr/p/regular-fit-dik-yaka-astarli-kapamali-kadin-siyah-mont-40151
İndirim,Regular Fit Dik Yaka Çıtçıtlı Astarlı  Kadın Yeşil Mont,899.99,https://www.colins.com.tr/p/regular-fit-dik-yaka-citcitli-astarli-kadin-yesil-mont-36238
İndirim,Regular Fit Dik Yaka Fermuarlı Astarlı  Kadın Antrasit Mont,899.99,https://www.colins.com.tr/p/regular-fit-dik-yaka-fermuarli-astarli-kadin-antrasit-mont-40146
İndirim,Regular Fit Kapüşonlu    Kadın Bej Mont,1499.99,https://www.colins.com.tr/p/regular-fit-kapusonlu-kadin-bej-mont-43293
İndirim,Regular Fit Kapüşonlu    Kadın Yeşil Mont,1499.99,https://www.colins.com.tr/p/regular-fit-kapusonlu-kadin-yesil-mont-43297
İndirim,Regular Fit Kapüşonlu Fermuarlı Astarlı  Kadın Kirmizi Mont,899.99,https://www.colins.com.tr/p/regular-fit-kapusonlu-fermuarli-astarli-kadin-kirmizi-mont-40163
İndirim,Regular Fit Kapüşonlu Fermuarlı Astarlı Kürklü Kadın Bej Mont,1499.99,https://www.colins.com.tr/p/regular-fit-kapusonlu-fermuarli-astarli-kurklu-kadin-bej-mont-44936
İndirim,Regular Fit Kapüşonlu Fermuarlı Astarlı Suya Dayanıklı Kadın Yeşil Mont,1499.99,https://www.colins.com.tr/p/regular-fit-kapusonlu-fermuarli-astarli-suya-dayanikli-kadin-yesil-mont-44932
İndirim,Regular Fit Kolej Yaka Fermuarlı Astarlı Suya Dayanıklı Kadın Yeşil Mont,1499.99,https://www.colins.com.tr/p/regular-fit-kolej-yaka-fermuarli-astarli-suya-dayanikli-kadin-yesil-mont-44934
İndirim,Regular Fit     Erkek Bej Mont,1499.99,https://www.colins.com.tr/p/regular-fit-erkek-bej-mont-43306
İndirim,Regular Fit     Erkek Gri Mont,1499.99,https://www.colins.com.tr/p/regular-fit-erkek-gri-mont-43225
İndirim,Regular Fit Kapüşonlu Erkek Yeşil Mont,1499.99,https://www.colins.com.tr/p/regular-fit-kapusonlu-erkek-yesil-mont-43308
İndirim,Slim Fit     Erkek Lacivert Mont,1199.99,https://www.colins.com.tr/p/slim-fit-erkek-lacivert-mont-41554
İndirim,Slim Fit     Erkek Siyah Mont,899.99,https://www.colins.com.tr/p/slim-fit-erkek-siyah-mont-27779
İndirim,Slim Fit Fermuarlı Erkek Yeşil Mont,899.99,https://www.colins.com.tr/p/slim-fit-fermuarli-erkek-yesil-mont-32904
İndirim,Regular Fit Kapüşonlu Fermuarlı Astarlı  Kadın Bej Mont,1199.99,https://www.colins.com.tr/p/regular-fit-kapusonlu-fermuarli-astarli-kadin-bej-mont-43579
İndirim,Slim Fit     Erkek Antrasit Mont,899.99,https://www.colins.com.tr/p/slim-fit-erkek-antrasit-mont-17355
İndirim,Slim Fit     Erkek Lacivert Mont,1199.99,https://www.colins.com.tr/p/slim-fit-erkek-lacivert-mont-43319
İndirim,Slim Fit     Erkek Siyah Mont,1199.99,https://www.colins.com.tr/p/slim-fit-erkek-siyah-mont-43316
İndirim,Slim Fit     Erkek Yeşil Mont,1199.99,https://www.colins.com.tr/p/slim-fit-erkek-yesil-mont-43227
İndirim,Slim Fit Fermuarlı Erkek Kahverengi Mont,899.99,https://www.colins.com.tr/p/slim-fit-fermuarli-erkek-kahverengi-mont-40138
İndirim,Slim Fit     Erkek Yeşil Mont,899.99,https://www.colins.com.tr/p/slim-fit-erkek-yesil-mont-17359
İndirim,Regular Fit V Yaka    Kadın Siyah Mont Pu,999.99,https://www.colins.com.tr/p/regular-fit-v-yaka-kadin-siyah-mont-pu-43584
İndirim,Regular Fit     Erkek Siyah Mont Pu,999.99,https://www.colins.com.tr/p/regular-fit-erkek-siyah-mont-pu-45102
İndirim,Regular Fit     Erkek Siyah Mont Pu,1499.99,https://www.colins.com.tr/p/regular-fit-erkek-siyah-mont-pu-45103
İndirim,Regular Fit Dik Yaka    Kadın Taş Mont Pu,1199.99,https://www.colins.com.tr/p/regular-fit-dik-yaka-kadin-tas-mont-pu-43287
İndirim,Regular Fit Kapüşonlu Çıtçıtlı Astarlı Kaplamalı Kadın Mavi Mont Pu,1499.99,https://www.colins.com.tr/p/regular-fit-kapusonlu-citcitli-astarli-kaplamali-kadin-mavi-mont-pu-45105
İndirim,Slim Fit     Erkek Antrasit Mont Pu,1499.99,https://www.colins.com.tr/p/slim-fit-erkek-antrasit-mont-pu-45104
İndirim,Slim Fit     Erkek Siyah Mont Pu,1199.99,https://www.colins.com.tr/p/slim-fit-erkek-siyah-mont-pu-43224
İndirim,Slim Fit Çıt Çıtlı Erkek Siyah Mont Pu,1199.99,https://www.colins.com.tr/p/slim-fit-cit-citli-erkek-siyah-mont-pu-43933
İndirim,Regular Fit Kapüşonlu Fermuarlı Astarlı Kaplamalı Kadın Ekru Mont Pu,1499.99,https://www.colins.com.tr/p/regular-fit-kapusonlu-fermuarli-astarli-kaplamali-kadin-ekru-mont-pu-45106
İndirim,Regular Fit     Erkek Kahverengi Mont Pu,1199.99,https://www.colins.com.tr/p/regular-fit-erkek-kahverengi-mont-pu-44469
İndirim,Regular Fit     Erkek Siyah Mont Pu,1999.99,https://www.colins.com.tr/p/regular-fit-erkek-siyah-mont-pu-46690
İndirim,Slim Fit Fermuarlı Erkek Siyah Mont Pu,1199.99,https://www.colins.com.tr/p/slim-fit-fermuarli-erkek-siyah-mont-pu-43934
İndirim,Comfort Fit    Erkek Bej Ceket,899.99,https://www.colins.com.tr/p/comfort-fit-erkek-bej-ceket-44239
İndirim,Comfort Fit Erkek Baskılı Siyah Ceket,899.99,https://www.colins.com.tr/p/comfort-fit-erkek-baskili-siyah-ceket-41452
İndirim,Oversize Fit    Erkek Bej Ceket,999.99,https://www.colins.com.tr/p/oversize-fit-erkek-bej-ceket-42818
İndirim,Oversize Fit Düğmeli Astarsız  Erkek Mavi Ceket,699.99,https://www.colins.com.tr/p/oversize-fit-dugmeli-astarsiz-erkek-mavi-ceket-37411
İndirim,Oversize Fit Düğmeli Astarsız  Erkek Siyah Ceket,1299.99,https://www.colins.com.tr/p/oversize-fit-dugmeli-astarsiz-erkek-siyah-ceket-44899
İndirim,Regular Fit Düğmeli Astarsız  Erkek Açik Mavi Ceket,999.99,https://www.colins.com.tr/p/regular-fit-dugmeli-astarsiz-erkek-acik-mavi-ceket-43479
İndirim,Regular Fit Düğmeli Astarsız  Erkek Koyu Mavi Ceket,999.99,https://www.colins.com.tr/p/regular-fit-dugmeli-astarsiz-erkek-koyu-mavi-ceket-41547
İndirim,Regular Fit Fermuarlı Astarlı  Erkek Denim Ceket,1299.99,https://www.colins.com.tr/p/regular-fit-fermuarli-astarli-erkek-denim-ceket-42837
İndirim,Oversize Fit Düğmeli Astarsız  Kadın Beyaz Ceket,1299.99,https://www.colins.com.tr/p/oversize-fit-dugmeli-astarsiz-kadin-beyaz-ceket-44917
İndirim,Oversize Fit Düğmeli Astarsız  Kadın Denim Ceket,1299.99,https://www.colins.com.tr/p/oversize-fit-dugmeli-astarsiz-kadin-denim-ceket-44912
İndirim,Regular Fit    Kadın Ekru Ceket,999.99,https://www.colins.com.tr/p/regular-fit-kadin-ekru-ceket-41508
İndirim,Regular Fit    Kadın Siyah Ceket,999.99,https://www.colins.com.tr/p/regular-fit-kadin-siyah-ceket-45837
İndirim,Regular Fit Düğmeli   Kadın Ekru Ceket,999.99,https://www.colins.com.tr/p/regular-fit-dugmeli-kadin-ekru-ceket-46014
İndirim,Regular Fit Düğmeli Astarlı  Kadın Lacivert Ceket,699.99,https://www.colins.com.tr/p/regular-fit-dugmeli-astarli-kadin-lacivert-ceket-41025
İndirim,Regular Fit Düğmeli Astarlı  Kadın Pembe Ceket,899.99,https://www.colins.com.tr/p/regular-fit-dugmeli-astarli-kadin-pembe-ceket-41981
İndirim,Regular Fit Düğmeli Kadın Siyah Ceket,699.99,https://www.colins.com.tr/p/regular-fit-dugmeli-kadin-siyah-ceket-40959
İndirim,Regular Fit Fermuarlı Astarsız  Kadın Mor Ceket,399.99,https://www.colins.com.tr/p/regular-fit-fermuarli-astarsiz-kadin-mor-ceket-34871
İndirim,Regular Fit Pamuklu Kadın Mavi Ceket,1299.99,https://www.colins.com.tr/p/regular-fit-pamuklu-kadin-mavi-ceket-43272
İndirim,Slim Fit    Kadın Beyaz Ceket,899.99,https://www.colins.com.tr/p/slim-fit-kadin-beyaz-ceket-41696
İndirim,Comfort Fit    Erkek Gri Ceket,899.95,https://www.colins.com.tr/p/comfort-fit-erkek-gri-ceket-44922
İndirim,Regular Fit    Erkek Kahverengi Ceket,1999.99,https://www.colins.com.tr/p/regular-fit-erkek-kahverengi-ceket-44901
İndirim,Regular Fit Düğmeli Erkek Gri Ceket,399.99,https://www.colins.com.tr/p/regular-fit-dugmeli-erkek-gri-ceket-40969
İndirim,Slim Fit Cepli Erkek Gri Ceket,399.99,https://www.colins.com.tr/p/slim-fit-cepli-erkek-gri-ceket-37272
İndirim,Slim Fit Fermuarlı Erkek Siyah Ceket,899.99,https://www.colins.com.tr/p/slim-fit-fermuarli-erkek-siyah-ceket-41462
İndirim,Slim Fit Örme Erkek Antrasit Ceket,399.99,https://www.colins.com.tr/p/slim-fit-orme-erkek-antrasit-ceket-34492
İndirim,Slim Fit Örme Erkek Lacivert Ceket,699.99,https://www.colins.com.tr/p/slim-fit-orme-erkek-lacivert-ceket-43250
İndirim,Slim Fit    Erkek Gri Ceket,899.99,https://www.colins.com.tr/p/slim-fit-erkek-gri-ceket-41533
İndirim,Regular Fit     Kadın Kahverengi Ceket,1199.99,https://www.colins.com.tr/p/regular-fit-kadin-kahverengi-ceket-46232
İndirim,Regular Fit    Kadın Lacivert Ceket,899.99,https://www.colins.com.tr/p/regular-fit-kadin-lacivert-ceket-44192
İndirim,Regular Fit Dokuma Kadın Siyah Ceket,999.99,https://www.colins.com.tr/p/regular-fit-dokuma-kadin-siyah-ceket-43625
İndirim,Regular Fit Düğmeli Astarsız  Kadın Mavi Ceket,999.99,https://www.colins.com.tr/p/regular-fit-dugmeli-astarsiz-kadin-mavi-ceket-42820
İndirim,Regular Fit Düğmeli Kadın Gri Ceket,899.99,https://www.colins.com.tr/p/regular-fit-dugmeli-kadin-gri-ceket-43626
İndirim,Slim Fit    Kadın Koyu Mavi Ceket,1299.99,https://www.colins.com.tr/p/slim-fit-kadin-koyu-mavi-ceket-43386
İndirim,Oversize Fit Düğmeli Astarsız  Erkek Mavi Ceket,1299.99,https://www.colins.com.tr/p/oversize-fit-dugmeli-astarsiz-erkek-mavi-ceket-44071
İndirim,Oversize Fit Fermuarlı Astarsız  Kadın Mavi Ceket,1299.99,https://www.colins.com.tr/p/oversize-fit-fermuarli-astarsiz-kadin-mavi-ceket-44914
İndirim,Oversize Fit Fermuarlı Astarsız  Erkek Mavi Ceket,699.99,https://www.colins.com.tr/p/oversize-fit-fermuarli-astarsiz-erkek-mavi-ceket-39043
İndirim,Regular Fit    Erkek Ekru Ceket,699.99,https://www.colins.com.tr/p/regular-fit-erkek-ekru-ceket-43483
İndirim,Regular Fit    Erkek Mavi Ceket,1299.99,https://www.colins.com.tr/p/regular-fit-erkek-mavi-ceket-43478
İndirim,Regular Fit Düğmeli Astarsız Pamuklu Erkek Bleach İndigo Denim Ceket,999.95,https://www.colins.com.tr/p/regular-fit-dugmeli-astarsiz-pamuklu-erkek-bleach-indigo-denim-ceket-44906
İndirim,Regular Fit Erkek Siyah Fermuarlı Ceket,899.99,https://www.colins.com.tr/p/regular-fit-erkek-siyah-fermuarli-ceket-43411
İndirim,Regular Fit Fermuarlı Astarsız  Erkek Mavi Ceket,699.99,https://www.colins.com.tr/p/regular-fit-fermuarli-astarsiz-erkek-mavi-ceket-40110
İndirim,Slim Fit    Erkek Ekru Ceket,399.99,https://www.colins.com.tr/p/slim-fit-erkek-ekru-ceket-40122
İndirim,Slim Fit    Erkek Siyah Ceket,399.99,https://www.colins.com.tr/p/slim-fit-erkek-siyah-ceket-40118
İndirim,Slim Fit    Erkek Taş Ceket,699.99,https://www.colins.com.tr/p/slim-fit-erkek-tas-ceket-43254
İndirim,Slim Fit Düğmeli Erkek Lacivert Ceket,899.99,https://www.colins.com.tr/p/slim-fit-dugmeli-erkek-lacivert-ceket-43481
İndirim,Slim Fit    Erkek Siyah Ceket,899.99,https://www.colins.com.tr/p/slim-fit-erkek-siyah-ceket-41364
İndirim,Slim Fit Düğmeli Erkek Siyah Ceket,899.99,https://www.colins.com.tr/p/slim-fit-dugmeli-erkek-siyah-ceket-43249
İndirim,Slim Fit Fermuarlı Erkek Gri Ceket,899.99,https://www.colins.com.tr/p/slim-fit-fermuarli-erkek-gri-ceket-41442
İndirim,Slim Fit Kapüşonlu Erkek Siyah Ceket,899.99,https://www.colins.com.tr/p/slim-fit-kapusonlu-erkek-siyah-ceket-41483
İndirim,Regular Fit    Kadın Yeşil Ceket,999.99,https://www.colins.com.tr/p/regular-fit-kadin-yesil-ceket-46353
İndirim,Regular Fit Dokuma Kadın Bej Ceket,999.99,https://www.colins.com.tr/p/regular-fit-dokuma-kadin-bej-ceket-43627
İndirim,Regular Fit Düğmeli Astarsız  Kadın Mavi Ceket,999.99,https://www.colins.com.tr/p/regular-fit-dugmeli-astarsiz-kadin-mavi-ceket-41251
İndirim,Regular Fit Düğmeli Astarsız  Kadın Mavi Ceket,899.95,https://www.colins.com.tr/p/regular-fit-dugmeli-astarsiz-kadin-mavi-ceket-44915
İndirim,Regular Fit Düğmeli Astarsız  Kadın Siyah Ceket,699.99,https://www.colins.com.tr/p/regular-fit-dugmeli-astarsiz-kadin-siyah-ceket-42005
İndirim,Regular Fit Düğmeli Astarsız Kadın Mavi Ceket,999.99,https://www.colins.com.tr/p/regular-fit-dugmeli-astarsiz-kadin-mavi-ceket-42819
İndirim,Regular Fit Fermuarlı Astarsız  Kadın Bej Ceket,399.99,https://www.colins.com.tr/p/regular-fit-fermuarli-astarsiz-kadin-bej-ceket-40126
İndirim,Slim Fit Düğmeli Astarsız  Kadın Mavi Ceket,999.99,https://www.colins.com.tr/p/slim-fit-dugmeli-astarsiz-kadin-mavi-ceket-42145
İndirim,Comfort Fit    Erkek Siyah Ceket,999.99,https://www.colins.com.tr/p/comfort-fit-erkek-siyah-ceket-44920
İndirim,Oversize Fit Çıtçıtlı Astarsız  Erkek Mavi Ceket,699.99,https://www.colins.com.tr/p/oversize-fit-citcitli-astarsiz-erkek-mavi-ceket-39027
İndirim,Oversize Fit Fermuarlı Astarsız  Erkek Mavi Ceket,699.99,https://www.colins.com.tr/p/oversize-fit-fermuarli-astarsiz-erkek-mavi-ceket-41047
İndirim,Regular Fit    Erkek Yeşil Ceket,399.99,https://www.colins.com.tr/p/regular-fit-erkek-yesil-ceket-41069
İndirim,Regular Fit Çıtçıtlı Astarsız  Erkek Natural Ceket,699.99,https://www.colins.com.tr/p/regular-fit-citcitli-astarsiz-erkek-natural-ceket-39363
İndirim,Regular Fit Düğmeli Astarsız  Erkek Siyah Ceket,1299.99,https://www.colins.com.tr/p/regular-fit-dugmeli-astarsiz-erkek-siyah-ceket-43476
İndirim,Regular Fit Düğmeli Astarsız Pamuklu Erkek Mavi Ceket,999.99,https://www.colins.com.tr/p/regular-fit-dugmeli-astarsiz-pamuklu-erkek-mavi-ceket-43477
İndirim,Regular Fit Fermuarlı Astarsız  Erkek Siyah Ceket,999.99,https://www.colins.com.tr/p/regular-fit-fermuarli-astarsiz-erkek-siyah-ceket-41548
İndirim,Slim Fit    Erkek Siyah Ceket,399.99,https://www.colins.com.tr/p/slim-fit-erkek-siyah-ceket-37313
İndirim,Slim Fit Örme Erkek Taş Ceket,899.99,https://www.colins.com.tr/p/slim-fit-orme-erkek-tas-ceket-41464
İndirim,Oversize Fit Düğmeli Astarsız Erkek Mavi Jean Ceket,1299.99,https://www.colins.com.tr/p/oversize-fit-dugmeli-astarsiz-erkek-mavi-jean-ceket-42164
İndirim,Regular Fit    Erkek Gri Ceket,899.99,https://www.colins.com.tr/p/regular-fit-erkek-gri-ceket-41430
İndirim,Regular Fit    Erkek Siyah Ceket,899.99,https://www.colins.com.tr/p/regular-fit-erkek-siyah-ceket-41429
İndirim,Regular Fit    Erkek Siyah Ceket,899.95,https://www.colins.com.tr/p/regular-fit-erkek-siyah-ceket-44919
İndirim,Slim Fit    Erkek Gri Ceket,399.99,https://www.colins.com.tr/p/slim-fit-erkek-gri-ceket-40124
İndirim,Regular Fit    Kadın Siyah Ceket,999.95,https://www.colins.com.tr/p/regular-fit-kadin-siyah-ceket-44916
İndirim,Comfort Fit    Erkek Siyah Ceket,399.99,https://www.colins.com.tr/p/comfort-fit-erkek-siyah-ceket-40123
İndirim,Oversize Fit Düğmeli Astarsız  Erkek Mavi Ceket,1299.99,https://www.colins.com.tr/p/oversize-fit-dugmeli-astarsiz-erkek-mavi-ceket-44904
İndirim,Oversize Fit Düğmeli Astarsız Erkek Ecologic Siyah  Ceket,999.95,https://www.colins.com.tr/p/oversize-fit-dugmeli-astarsiz-erkek-ecologic-siyah-ceket-44900
İndirim,Slim Fit Örme Erkek Gri Ceket,399.99,https://www.colins.com.tr/p/slim-fit-orme-erkek-gri-ceket-38036
İndirim,Slim Fit Örme Erkek Siyah Ceket,399.99,https://www.colins.com.tr/p/slim-fit-orme-erkek-siyah-ceket-38831
İndirim,Comfort Fit    Kadın Antrasit Ceket,399.99,https://www.colins.com.tr/p/comfort-fit-kadin-antrasit-ceket-32657
İndirim,Regular Fit    Kadın Gri Ceket,1299.99,https://www.colins.com.tr/p/regular-fit-kadin-gri-ceket-44194
İndirim,Regular Fit    Kadın Mavi Ceket,999.99,https://www.colins.com.tr/p/regular-fit-fermuarli-astarsiz-kadin-mavi-ceket-44158
İndirim,Regular Fit    Kadın Siyah Ceket,1299.99,https://www.colins.com.tr/p/regular-fit-kadin-siyah-ceket-44238
İndirim,Regular Fit  Astarsız  Kadın Siyah Ceket,399.99,https://www.colins.com.tr/p/regular-fit-astarsiz-kadin-siyah-ceket-34867
İndirim,Regular Fit Örme Kadın Gri Ceket,399.99,https://www.colins.com.tr/p/regular-fit-orme-kadin-gri-ceket-32701
İndirim,Regular Fit Örme Kadın Siyah Ceket,399.99,https://www.colins.com.tr/p/regular-fit-orme-kadin-siyah-ceket-32672
İndirim,Comfort Fit    Erkek Gri Ceket,999.99,https://www.colins.com.tr/p/comfort-fit-erkek-gri-ceket-44923
İndirim,Regular Fit    Erkek Gri Ceket,399.99,https://www.colins.com.tr/p/regular-fit-erkek-gri-ceket-32899
İndirim,Regular Fit    Erkek Siyah Ceket,399.99,https://www.colins.com.tr/p/regular-fit-erkek-siyah-ceket-39840
İndirim,Regular Fit    Erkek Siyah Ceket,399.99,https://www.colins.com.tr/p/regular-fit-erkek-siyah-ceket-40968
İndirim,Regular Fit Düğmeli Astarsız  Erkek Açik Mavi Ceket,699.99,https://www.colins.com.tr/p/regular-fit-dugmeli-astarsiz-erkek-acik-mavi-ceket-39362
İndirim,Regular Fit Düğmeli Astarsız Erkek Mavi Ceket,899.99,https://www.colins.com.tr/p/regular-fit-dugmeli-astarsiz-erkek-mavi-ceket-44237
İndirim,Regular Fit Düğmeli Astarsız Erkek Mavi Denim Ceket,999.99,https://www.colins.com.tr/p/regular-fit-dugmeli-astarsiz-erkek-mavi-denim-ceket-42825
İndirim,Regular Fit Erkek Siyah Örme Ceket,399.99,https://www.colins.com.tr/p/regular-fit-erkek-siyah-orme-ceket-32979
İndirim,Regular Fit Fermuarlı Astarsız  Erkek Mavi Ceket,699.99,https://www.colins.com.tr/p/regular-fit-fermuarli-astarsiz-erkek-mavi-ceket-38176
İndirim,Slim Fit    Erkek Antrasit Ceket,399.99,https://www.colins.com.tr/p/slim-fit-erkek-antrasit-ceket-24849
İndirim,Slim Fit    Erkek Antrasit Ceket,399.99,https://www.colins.com.tr/p/slim-fit-erkek-antrasit-ceket-34493
İndirim,Slim Fit    Erkek Lacivert Ceket,399.99,https://www.colins.com.tr/p/slim-fit-erkek-lacivert-ceket-27664
İndirim,Slim Fit    Erkek Lacivert Ceket,399.99,https://www.colins.com.tr/p/slim-fit-erkek-lacivert-ceket-32868
İndirim,Slim Fit    Erkek Siyah Ceket,399.99,https://www.colins.com.tr/p/slim-fit-erkek-siyah-ceket-34490
İndirim,Slim Fit    Erkek Siyah Ceket,399.99,https://www.colins.com.tr/p/slim-fit-erkek-siyah-ceket-34491
İndirim,Slim Fit    Erkek Siyah Ceket,399.99,https://www.colins.com.tr/p/slim-fit-erkek-siyah-ceket-37312
İndirim,Slim Fit    Erkek Siyah Ceket Cl1059670,399.99,https://www.colins.com.tr/p/slim-fit-erkek-siyah-ceket-cl1059670-37269
İndirim,Regular Fit    Erkek Yeşil Ceket,399.99,https://www.colins.com.tr/p/regular-fit-erkek-yesil-ceket-40994
İndirim,Regular Fit Erkek Gri Örme Ceket,399.99,https://www.colins.com.tr/p/regular-fit-erkek-gri-orme-ceket-40993
İndirim,Slim Fit Fermuarlı Erkek Antrasit Ceket,399.99,https://www.colins.com.tr/p/slim-fit-fermuarli-erkek-antrasit-ceket-32982
İndirim,Regular Fit     Kadın Beyaz Yağmurluk,1199.99,https://www.colins.com.tr/p/regular-fit-kadin-beyaz-yagmurluk-45110
İndirim,Regular Fit     Erkek Taş Yağmurluk,1499.99,https://www.colins.com.tr/p/regular-fit-erkek-tas-yagmurluk-45107
İndirim,Regular Fit     Kadın Siyah Yağmurluk,1199.99,https://www.colins.com.tr/p/regular-fit-kadin-siyah-yagmurluk-45112
İndirim,Comfort Fit Kapüşonlu Jakarlı Erkek Siyah Kazak,399.99,https://www.colins.com.tr/p/comfort-fit-kapusonlu-jakarli-erkek-siyah-kazak-40609
İndirim,Comfort Fit Yuvarlak Yaka Cepli Jakarlı Erkek Siyah Kazak,499.99,https://www.colins.com.tr/p/comfort-fit-yuvarlak-yaka-cepli-jakarli-erkek-siyah-kazak-43258
İndirim,Comfort Fit Yuvarlak Yaka Jakarlı Erkek Beyaz Kazak,399.99,https://www.colins.com.tr/p/comfort-fit-yuvarlak-yaka-jakarli-erkek-beyaz-kazak-40616
İndirim,Comfort Fit Yuvarlak Yaka Jakarlı Erkek Gri Kazak,499.99,https://www.colins.com.tr/p/comfort-fit-yuvarlak-yaka-jakarli-erkek-gri-kazak-43281
İndirim,Comfort Fit Yuvarlak Yaka Jakarlı Erkek Yeşil Kazak,399.99,https://www.colins.com.tr/p/comfort-fit-yuvarlak-yaka-jakarli-erkek-yesil-kazak-40630
İndirim,Regular Fit Dik Yaka  Erkek Ekru Kazak,599.99,https://www.colins.com.tr/p/regular-fit-dik-yaka-erkek-ekru-kazak-44251
İndirim,Regular Fit Dik Yaka  Erkek Lacivert Kazak,599.99,https://www.colins.com.tr/p/regular-fit-dik-yaka-erkek-lacivert-kazak-44248
İndirim,Regular Fit Pamuklu Yuvarlak Yaka Jakarlı Erkek Bej Kazak,499.99,https://www.colins.com.tr/p/regular-fit-pamuklu-yuvarlak-yaka-jakarli-erkek-bej-kazak-44068
İndirim,Regular Fit Turtle Neck Jakarlı Erkek Gri Kazak,399.99,https://www.colins.com.tr/p/regular-fit-turtle-neck-jakarli-erkek-gri-kazak-40168
İndirim,Regular Fit Turtle Neck Jakarlı Erkek Kahverengi Kazak,399.99,https://www.colins.com.tr/p/regular-fit-turtle-neck-jakarli-erkek-kahverengi-kazak-40169
İndirim,Regular Fit Turtle Neck Jakarlı Erkek Lacivert Kazak,399.99,https://www.colins.com.tr/p/regular-fit-turtle-neck-jakarli-erkek-lacivert-kazak-40173
İndirim,Regular Fit Turtle Neck Jakarlı Erkek Lacivert Kazak,399.99,https://www.colins.com.tr/p/regular-fit-turtle-neck-jakarli-erkek-lacivert-kazak-40624
İndirim,Regular Fit Turtle Neck Jakarlı Erkek Siyah Kazak,399.99,https://www.colins.com.tr/p/regular-fit-turtle-neck-jakarli-erkek-siyah-kazak-39800
İndirim,Regular Fit Turtle Neck Jakarlı Erkek Taş Kazak,399.99,https://www.colins.com.tr/p/regular-fit-turtle-neck-jakarli-erkek-tas-kazak-40979
İndirim,Regular Fit Turtle Neck Jakarlı Erkek Yeşil Kazak,399.99,https://www.colins.com.tr/p/regular-fit-turtle-neck-jakarli-erkek-yesil-kazak-40165
İndirim,Regular Fit V Yaka Jakarlı Erkek Lacivert Kazak,399.99,https://www.colins.com.tr/p/regular-fit-v-yaka-jakarli-erkek-lacivert-kazak-39793
İndirim,Regular Fit Yarım Balıkçı Yaka Jakarlı Erkek Lacivert Kazak,699.99,https://www.colins.com.tr/p/regular-fit-yarim-balikci-yaka-jakarli-erkek-lacivert-kazak-44943
İndirim,Regular Fit Yuvarlak Yaka  Erkek Beyaz Kazak,399.99,https://www.colins.com.tr/p/regular-fit-yuvarlak-yaka-erkek-beyaz-kazak-38059
İndirim,Regular Fit Yuvarlak Yaka  Erkek Yeşil Kazak,599.99,https://www.colins.com.tr/p/regular-fit-yuvarlak-yaka-erkek-yesil-kazak-43379
İndirim,Regular Fit Yuvarlak Yaka Çizgili Erkek Lacivert Kazak,499.99,https://www.colins.com.tr/p/regular-fit-yuvarlak-yaka-cizgili-erkek-lacivert-kazak-46448
İndirim,Regular Fit Yuvarlak Yaka Düz Erkek Lacivert Kazak,399.99,https://www.colins.com.tr/p/regular-fit-yuvarlak-yaka-duz-erkek-lacivert-kazak-39801
İndirim,Regular Fit Yuvarlak Yaka Düz Erkek Yeşil Kazak,399.99,https://www.colins.com.tr/p/regular-fit-yuvarlak-yaka-duz-erkek-yesil-kazak-39802
İndirim,Regular Fit Yuvarlak Yaka Erkek Gri Akrilik Kazak,399.99,https://www.colins.com.tr/p/regular-fit-yuvarlak-yaka-erkek-gri-akrilik-kazak-38145
İndirim,Regular Fit Yuvarlak Yaka Erkek Lacivert Akrilik Kazak,399.99,https://www.colins.com.tr/p/regular-fit-yuvarlak-yaka-erkek-lacivert-akrilik-kazak-38146
İndirim,Regular Fit Yuvarlak Yaka Jakarlı Erkek Bej Kazak,399.99,https://www.colins.com.tr/p/regular-fit-yuvarlak-yaka-jakarli-erkek-gri-kazak-40635
İndirim,Regular Fit Yuvarlak Yaka Jakarlı Erkek Bej Kazak,799.99,https://www.colins.com.tr/p/regular-fit-yuvarlak-yaka-jakarli-erkek-bej-kazak-44950
İndirim,Regular Fit Yuvarlak Yaka Jakarlı Erkek Ekru Kazak,699.99,https://www.colins.com.tr/p/regular-fit-yuvarlak-yaka-jakarli-erkek-ekru-kazak-44489
İndirim,Regular Fit Yuvarlak Yaka Jakarlı Erkek Gri Kazak,399.99,https://www.colins.com.tr/p/regular-fit-yuvarlak-yaka-jakarli-erkek-gri-kazak-40628
İndirim,Regular Fit Yuvarlak Yaka Jakarlı Erkek Gri Kazak,499.99,https://www.colins.com.tr/p/regular-fit-yuvarlak-yaka-jakarli-erkek-gri-kazak-44253
İndirim,Regular Fit Yuvarlak Yaka Jakarlı Erkek Gri Kazak,699.99,https://www.colins.com.tr/p/regular-fit-yuvarlak-yaka-jakarli-erkek-gri-kazak-44946
İndirim,Regular Fit Yuvarlak Yaka Jakarlı Erkek Kahverengi Triko Kazak,399.99,https://www.colins.com.tr/p/regular-fit-yuvarlak-yaka-jakarli-erkek-kahverengi-triko-kazak-40640
İndirim,Regular Fit Yuvarlak Yaka Jakarlı Erkek Kirmizi Kazak,699.99,https://www.colins.com.tr/p/regular-fit-yuvarlak-yaka-jakarli-erkek-kirmizi-kazak-44940
İndirim,Regular Fit Yuvarlak Yaka Jakarlı Erkek Kirmizi Kazak,699.99,https://www.colins.com.tr/p/regular-fit-yuvarlak-yaka-jakarli-erkek-kirmizi-kazak-47564
İndirim,Regular Fit Yuvarlak Yaka Jakarlı Erkek Kirmizi Kazak,699.99,https://www.colins.com.tr/p/regular-fit-yuvarlak-yaka-jakarli-erkek-kirmizi-kazak-47565
İndirim,Regular Fit Yuvarlak Yaka Jakarlı Erkek Mor Kazak,399.99,https://www.colins.com.tr/p/regular-fit-yuvarlak-yaka-jakarli-erkek-mor-kazak-40614
İndirim,Regular Fit Yuvarlak Yaka Jakarlı Erkek Siyah Kazak,399.99,https://www.colins.com.tr/p/regular-fit-yuvarlak-yaka-jakarli-erkek-siyah-kazak-40610
İndirim,Regular Fit Yuvarlak Yaka Jakarlı Erkek Siyah Kazak,699.95,https://www.colins.com.tr/p/regular-fit-yuvarlak-yaka-jakarli-erkek-siyah-kazak-44945
İndirim,Regular Fit Yuvarlak Yaka Jakarlı Erkek Yeşil Kazak,899.99,https://www.colins.com.tr/p/regular-fit-yuvarlak-yaka-jakarli-erkek-yesil-kazak-47566
İndirim,Regular Fit Yuvarlak Yaka Yazı Baskılı Jakarlı Erkek Siyah Kazak,399.99,https://www.colins.com.tr/p/regular-fit-yuvarlak-yaka-yazi-baskili-jakarli-erkek-siyah-kazak-40611
İndirim,Slim Fit Dik Yaka  Erkek Lacivert Kazak,599.99,https://www.colins.com.tr/p/slim-fit-dik-yaka-erkek-lacivert-kazak-44249
İndirim,Slim Fit Dik Yaka Jakarlı Erkek Kahverengi Kazak,599.99,https://www.colins.com.tr/p/slim-fit-dik-yaka-jakarli-erkek-kahverengi-kazak-44017
İndirim,Slim Fit Turtle Neck Jakarlı Erkek Antrasit Kazak,599.99,https://www.colins.com.tr/p/slim-fit-turtle-neck-jakarli-erkek-antrasit-kazak-44246
İndirim,Regular Fit Kapüşonlu Fermuarlı Astarlı Suya Dayanıklı Kadın Bej Yelek,999.99,https://www.colins.com.tr/p/regular-fit-kapusonlu-fermuarli-astarli-suya-dayanikli-kadin-bej-yelek-45890
İndirim,Pamuklu Slim Fit Turtle Neck Jakarlı Erkek Antrasit Kazak,499.99,https://www.colins.com.tr/p/pamuklu-slim-fit-turtle-neck-jakarli-erkek-antrasit-kazak-46993
İndirim,Regular Fit Yuvarlak Yaka Desen Baskılı Erkek Siyah Kazak,599.99,https://www.colins.com.tr/p/regular-fit-yuvarlak-yaka-desen-baskili-erkek-siyah-kazak-47218
İndirim,Regular Fit Yuvarlak Yaka Jakarlı Erkek Bej Kazak,699.95,https://www.colins.com.tr/p/regular-fit-yuvarlak-yaka-jakarli-erkek-bej-kazak-44949
İndirim,Regular Fit Yuvarlak Yaka Jakarlı Erkek Beyaz Kazak,399.99,https://www.colins.com.tr/p/regular-fit-yuvarlak-yaka-jakarli-erkek-beyaz-kazak-39070
İndirim,Regular Fit Yuvarlak Yaka Jakarlı Erkek Beyaz Kazak,499.99,https://www.colins.com.tr/p/regular-fit-yuvarlak-yaka-jakarli-erkek-beyaz-kazak-41537
İndirim,Regular Fit Yuvarlak Yaka Jakarlı Erkek Çok Renkli Kazak,399.99,https://www.colins.com.tr/p/regular-fit-yuvarlak-yaka-jakarli-erkek-cok-renkli-kazak-40618
İndirim,Regular Fit Yuvarlak Yaka Jakarlı Erkek Gri Kazak,499.99,https://www.colins.com.tr/p/regular-fit-yuvarlak-yaka-jakarli-erkek-gri-kazak-41539
İndirim,Regular Fit Yuvarlak Yaka Jakarlı Erkek Mavi Kazak,699.95,https://www.colins.com.tr/p/regular-fit-yuvarlak-yaka-jakarli-erkek-mavi-kazak-44947
İndirim,Regular Fit Yuvarlak Yaka Jakarlı Erkek Yeşil Kazak,599.99,https://www.colins.com.tr/p/regular-fit-yuvarlak-yaka-jakarli-erkek-yesil-kazak-47233
İndirim,Slim Fit Turtle Neck Jakarlı Erkek Bordo Kazak,399.99,https://www.colins.com.tr/p/slim-fit-turtle-neck-jakarli-erkek-bordo-kazak-37795
İndirim,Slim Fit Yuvarlak Yaka  Erkek Sari Kazak,399.99,https://www.colins.com.tr/p/slim-fit-yuvarlak-yaka-erkek-sari-kazak-31260
İndirim,Slim Fit Yuvarlak Yaka Jakarlı Erkek Kahverengi Kazak,399.99,https://www.colins.com.tr/p/slim-fit-yuvarlak-yaka-jakarli-erkek-kahverengi-kazak-37926
İndirim,Slim Fit Yuvarlak Yaka Jakarlı Erkek Siyah Kazak,399.99,https://www.colins.com.tr/p/slim-fit-yuvarlak-yaka-jakarli-erkek-siyah-kazak-38065
İndirim,Regular Fit Dik Yaka Jakarlı Erkek Siyah Kazak,599.99,https://www.colins.com.tr/p/regular-fit-dik-yaka-jakarli-erkek-siyah-kazak-44020
İndirim,Regular Fit Pamuklu Yuvarlak Yaka Erkek Siyah Kazak,599.99,https://www.colins.com.tr/p/regular-fit-pamuklu-yuvarlak-yaka-erkek-siyah-kazak-44247
İndirim,Regular Fit Pamuklu Yuvarlak Yaka Jakarlı Erkek Antrasit Triko Kazak,499.99,https://www.colins.com.tr/p/regular-fit-pamuklu-yuvarlak-yaka-jakarli-erkek-antrasit-triko-kazak-44069
İndirim,Regular Fit Pamuklu Yuvarlak Yaka Jakarlı Erkek Bej Kazak,499.99,https://www.colins.com.tr/p/regular-fit-pamuklu-yuvarlak-yaka-jakarli-erkek-bej-kazak-27640
İndirim,Regular Fit Pamuklu Yuvarlak Yaka Jakarlı Erkek Yeşil Triko Kazak,499.99,https://www.colins.com.tr/p/regular-fit-pamuklu-yuvarlak-yaka-jakarli-erkek-yesil-triko-kazak-43284
İndirim,Regular Fit Turtle Neck Jakarlı Erkek Antrasit Kazak,699.99,https://www.colins.com.tr/p/regular-fit-turtle-neck-jakarli-erkek-antrasit-kazak-47184
İndirim,Regular Fit Yuvarlak Yaka Düz Erkek Bej Kazak,399.99,https://www.colins.com.tr/p/regular-fit-yuvarlak-yaka-duz-erkek-bej-kazak-39803
İndirim,Regular Fit Yuvarlak Yaka Erkek Lacivert Triko Kazak,499.99,https://www.colins.com.tr/p/regular-fit-yuvarlak-yaka-erkek-lacivert-triko-kazak-44091
İndirim,Regular Fit Yuvarlak Yaka Erkek Siyah Triko Kazak,599.99,https://www.colins.com.tr/p/regular-fit-yuvarlak-yaka-erkek-siyah-triko-kazak-44240
İndirim,Regular Fit Yuvarlak Yaka Jakarlı Erkek Antrasit Kazak,399.99,https://www.colins.com.tr/p/regular-fit-yuvarlak-yaka-jakarli-erkek-antrasit-kazak-40164
İndirim,Regular Fit Yuvarlak Yaka Jakarlı Erkek Bej Kazak,899.99,https://www.colins.com.tr/p/regular-fit-yuvarlak-yaka-jakarli-erkek-bej-kazak-46756
İndirim,Regular Fit Yuvarlak Yaka Jakarlı Erkek Beyaz Triko Kazak,499.99,https://www.colins.com.tr/p/regular-fit-yuvarlak-yaka-jakarli-erkek-beyaz-triko-kazak-39907
İndirim,Regular Fit Yuvarlak Yaka Jakarlı Erkek Gri Kazak,399.99,https://www.colins.com.tr/p/regular-fit-yuvarlak-yaka-jakarli-erkek-gri-kazak-40167
İndirim,Regular Fit Yuvarlak Yaka Jakarlı Erkek Gri Triko Kazak,499.99,https://www.colins.com.tr/p/regular-fit-yuvarlak-yaka-jakarli-erkek-gri-triko-kazak-44457
İndirim,Regular Fit Yuvarlak Yaka Jakarlı Erkek Lacivert Kazak,399.99,https://www.colins.com.tr/p/regular-fit-yuvarlak-yaka-jakarli-erkek-lacivert-kazak-40626
İndirim,Regular Fit Yuvarlak Yaka Jakarlı Erkek Lacivert Triko Kazak,599.99,https://www.colins.com.tr/p/regular-fit-yuvarlak-yaka-jakarli-erkek-lacivert-triko-kazak-44456
İndirim,Regular Fit Yuvarlak Yaka Jakarlı Erkek Siyah Kazak,499.99,https://www.colins.com.tr/p/regular-fit-yuvarlak-yaka-jakarli-erkek-siyah-kazak-44241
İndirim,Regular Fit Yuvarlak Yaka Jakarlı Erkek Siyah Kazak,499.99,https://www.colins.com.tr/p/regular-fit-yuvarlak-yaka-jakarli-erkek-siyah-kazak-44243
İndirim,Regular Fit Yuvarlak Yaka Jakarlı Erkek Yeşil Kazak,499.99,https://www.colins.com.tr/p/regular-fit-yuvarlak-yaka-jakarli-erkek-yesil-kazak-44250
İndirim,Regular Fit Yuvarlak Yaka Jakarlı Erkek Yeşil Kazak,899.99,https://www.colins.com.tr/p/regular-fit-yuvarlak-yaka-jakarli-erkek-yesil-kazak-46864
İndirim,Slim Fit Balıkçı Yaka Jakarlı Erkek Kahverengi Kazak,399.99,https://www.colins.com.tr/p/slim-fit-balikci-yaka-jakarli-erkek-kahverengi-kazak-33128
İndirim,Slim Fit Dik Yaka Jakarlı Erkek Siyah Kazak,599.99,https://www.colins.com.tr/p/slim-fit-dik-yaka-jakarli-erkek-siyah-kazak-44023
İndirim,Slim Fit Yuvarlak Yaka Düz Erkek Yeşil Kazak,399.99,https://www.colins.com.tr/p/slim-fit-yuvarlak-yaka-duz-erkek-yesil-kazak-40631
İndirim,Comfort Fit Kapüşonlu Jakarlı Erkek Gri Kazak,399.99,https://www.colins.com.tr/p/comfort-fit-kapusonlu-jakarli-erkek-gri-kazak-40636
İndirim,Comfort Fit Yuvarlak Yaka  Erkek Siyah Kazak,499.99,https://www.colins.com.tr/p/comfort-fit-yuvarlak-yaka-erkek-siyah-kazak-43690
İndirim,Comfort Fit Yuvarlak Yaka Düz Erkek Taş Kazak,399.99,https://www.colins.com.tr/p/comfort-fit-yuvarlak-yaka-duz-erkek-tas-kazak-40391
İndirim,Comfort Fit Yuvarlak Yaka Jakarlı Erkek Beyaz Kazak,399.99,https://www.colins.com.tr/p/comfort-fit-yuvarlak-yaka-jakarli-erkek-beyaz-kazak-40615
İndirim,Regular Fit Yuvarlak Yaka Baskılı Erkek Siyah Kazak,399.99,https://www.colins.com.tr/p/regular-fit-yuvarlak-yaka-baskili-erkek-siyah-kazak-40607
İndirim,Regular Fit Dik Yaka Fermuarlı Astarlı  Kadın Ekru Yelek,999.99,https://www.colins.com.tr/p/regular-fit-dik-yaka-fermuarli-astarli-kadin-ekru-yelek-45883
İndirim,Regular Fit Pamuk Karışımlı Yuvarlak Yaka Jakarlı Erkek Siyah Kazak,499.99,https://www.colins.com.tr/p/regular-fit-pamuk-karisimli-yuvarlak-yaka-jakarli-erkek-siyah-kazak-41538
İndirim,Regular Fit Yuvarlak Yaka  Erkek Ekru Kazak,499.99,https://www.colins.com.tr/p/regular-fit-yuvarlak-yaka-erkek-ekru-kazak-44356
İndirim,Regular Fit Yuvarlak Yaka Jakarlı Erkek Antrasit Kazak,899.99,https://www.colins.com.tr/p/regular-fit-yuvarlak-yaka-jakarli-erkek-antrasit-kazak-44944
İndirim,Regular Fit Yuvarlak Yaka Jakarlı Erkek Gri Kazak,599.99,https://www.colins.com.tr/p/regular-fit-yuvarlak-yaka-jakarli-erkek-gri-kazak-43366
İndirim,Regular Fit Yuvarlak Yaka Jakarlı Erkek Lacivert Kazak,699.99,https://www.colins.com.tr/p/regular-fit-yuvarlak-yaka-jakarli-erkek-lacivert-kazak-44942
İndirim,Regular Fit Yuvarlak Yaka Jakarlı Erkek Siyah Kazak,399.99,https://www.colins.com.tr/p/regular-fit-yuvarlak-yaka-jakarli-erkek-siyah-kazak-39069
İndirim,Regular Fit Yuvarlak Yaka Jakarlı Erkek Siyah Kazak,599.99,https://www.colins.com.tr/p/regular-fit-yuvarlak-yaka-jakarli-erkek-siyah-kazak-43364
İndirim,Regular Fit Polo Yaka  Erkek Lacivert Kazak,599.99,https://www.colins.com.tr/p/regular-fit-polo-yaka-erkek-lacivert-kazak-44025
İndirim,Regular Fit Turtle Neck Jakarlı Erkek Lacivert Kazak,399.99,https://www.colins.com.tr/p/regular-fit-turtle-neck-jakarli-erkek-lacivert-kazak-40622
İndirim,Regular Fit Turtle Neck Jakarlı Erkek Turuncu Kazak,799.99,https://www.colins.com.tr/p/regular-fit-turtle-neck-jakarli-erkek-turuncu-kazak-41450
İndirim,Regular Fit Yuvarlak Yaka  Erkek Lacivert Kazak,599.99,https://www.colins.com.tr/p/regular-fit-yuvarlak-yaka-erkek-lacivert-kazak-43695
İndirim,Regular Fit Yuvarlak Yaka Baskılı Erkek Gri Kazak,399.99,https://www.colins.com.tr/p/regular-fit-yuvarlak-yaka-baskili-erkek-gri-kazak-40639
İndirim,Regular Fit Yuvarlak Yaka Baskılı Erkek Lacivert Kazak,399.99,https://www.colins.com.tr/p/regular-fit-yuvarlak-yaka-baskili-erkek-lacivert-kazak-39848
İndirim,Regular Fit Yuvarlak Yaka Desen Baskılı Jakarlı Erkek Kahverengi Kazak,399.99,https://www.colins.com.tr/p/regular-fit-yuvarlak-yaka-desen-baskili-jakarli-erkek-kahverengi-kazak-40641
İndirim,Regular Fit Yuvarlak Yaka Jakarlı Erkek Bej Kazak,499.99,https://www.colins.com.tr/p/regular-fit-yuvarlak-yaka-jakarli-erkek-bej-kazak-44455
İndirim,Regular Fit Yuvarlak Yaka Jakarlı Erkek Gri Desen Baskılı Kazak,399.99,https://www.colins.com.tr/p/regular-fit-yuvarlak-yaka-jakarli-erkek-gri-desen-baskili-kazak-40633
İndirim,Regular Fit Yuvarlak Yaka Jakarlı Erkek Lacivert Kazak,499.99,https://www.colins.com.tr/p/regular-fit-yuvarlak-yaka-jakarli-erkek-lacivert-kazak-44458
İndirim,Regular Fit Yuvarlak Yaka Jakarlı Erkek Yeşil Triko Kazak,399.99,https://www.colins.com.tr/p/regular-fit-yuvarlak-yaka-jakarli-erkek-yesil-triko-kazak-33130
İndirim,Slim Fit Balıkçı Yaka Jakarlı Erkek Camel Kazak,399.99,https://www.colins.com.tr/p/slim-fit-balikci-yaka-jakarli-erkek-camel-kazak-36516
İndirim,Slim Fit Turtle Neck Jakarlı Erkek Mor Kazak,399.99,https://www.colins.com.tr/p/slim-fit-turtle-neck-jakarli-erkek-mor-kazak-40613
İndirim,Slim Fit Yarım Balıkçı Yaka Düz Erkek Siyah Kazak,399.99,https://www.colins.com.tr/p/slim-fit-yarim-balikci-yaka-duz-erkek-siyah-kazak-39798
İndirim,Comfort Fit Yuvarlak Yaka  Erkek Bej Kazak,599.99,https://www.colins.com.tr/p/comfort-fit-yuvarlak-yaka-erkek-bej-kazak-44245
İndirim,Comfort Fit Yuvarlak Yaka Düz Erkek Siyah Kazak,399.99,https://www.colins.com.tr/p/comfort-fit-yuvarlak-yaka-duz-erkek-siyah-kazak-40171
İndirim,Regular Fit Turtle Neck Jakarlı Erkek Ekru Kazak,399.99,https://www.colins.com.tr/p/regular-fit-turtle-neck-jakarli-erkek-ekru-kazak-40638
İndirim,Regular Fit Yuvarlak Yaka  Erkek Siyah Kazak,499.99,https://www.colins.com.tr/p/regular-fit-yuvarlak-yaka-erkek-siyah-kazak-44355
İndirim,Regular Fit Yuvarlak Yaka Jakarlı Erkek Bej Kazak,399.99,https://www.colins.com.tr/p/regular-fit-yuvarlak-yaka-jakarli-erkek-gri-kazak-32998
İndirim,Regular Fit Yuvarlak Yaka Jakarlı Erkek Lacivert Kazak,399.99,https://www.colins.com.tr/p/regular-fit-yuvarlak-yaka-jakarli-erkek-lacivert-kazak-40625
İndirim,Regular Fit Yuvarlak Yaka Jakarlı Erkek Mavi Kazak,899.99,https://www.colins.com.tr/p/regular-fit-yuvarlak-yaka-jakarli-erkek-mavi-kazak-44948
İndirim,Regular Fit Yuvarlak Yaka Jakarlı Erkek Yeşil Kazak,699.99,https://www.colins.com.tr/p/regular-fit-yuvarlak-yaka-jakarli-erkek-yesil-kazak-44941
İndirim,Slim Fit Yuvarlak Yaka Jakarlı Erkek Yeşil Kazak,399.99,https://www.colins.com.tr/p/slim-fit-yuvarlak-yaka-jakarli-erkek-yesil-kazak-37925
İndirim,Regular Fit Balıkçı Yaka  Erkek Bej Kazak,399.99,https://www.colins.com.tr/p/regular-fit-balikci-yaka-erkek-gri-kazak-28471
İndirim,Regular Fit Balıkçı Yaka  Erkek Gri Kazak,399.99,https://www.colins.com.tr/p/regular-fit-balikci-yaka-erkek-gri-kazak-28357
İndirim,Regular Fit Dik Yaka Jakarlı Erkek Yeşil Kazak,599.99,https://www.colins.com.tr/p/regular-fit-dik-yaka-jakarli-erkek-yesil-kazak-44019
İndirim,Regular Fit Pamuklu Yuvarlak Yaka Jakarlı Erkek Yeşil Kazak,499.99,https://www.colins.com.tr/p/regular-fit-pamuklu-yuvarlak-yaka-jakarli-erkek-yesil-kazak-44024
İndirim,Regular Fit Turtle Neck Jakarlı Erkek Lacivert Triko Kazak,399.99,https://www.colins.com.tr/p/regular-fit-turtle-neck-jakarli-erkek-lacivert-triko-kazak-40978
İndirim,Regular Fit Yuvarlak Yaka  Erkek Kahverengi Kazak,399.99,https://www.colins.com.tr/p/regular-fit-yuvarlak-yaka-erkek-kahverengi-kazak-27474
İndirim,Regular Fit Yuvarlak Yaka Jakarlı Erkek Antrasit Kazak,399.99,https://www.colins.com.tr/p/regular-fit-yuvarlak-yaka-jakarli-erkek-antrasit-kazak-37832
İndirim,Regular Fit Yuvarlak Yaka Jakarlı Erkek Bej Kazak,399.99,https://www.colins.com.tr/p/regular-fit-yuvarlak-yaka-jakarli-erkek-bej-kazak-40612
İndirim,Regular Fit Yuvarlak Yaka Jakarlı Erkek Çok Renkli Kazak,399.99,https://www.colins.com.tr/p/regular-fit-yuvarlak-yaka-jakarli-erkek-cok-renkli-kazak-40619
İndirim,Regular Fit Yuvarlak Yaka Jakarlı Erkek Gri Çizgili Kazak,399.99,https://www.colins.com.tr/p/regular-fit-yuvarlak-yaka-jakarli-erkek-gri-cizgili-kazak-40627
İndirim,Regular Fit Yuvarlak Yaka Jakarlı Erkek Gri Kazak,399.99,https://www.colins.com.tr/p/regular-fit-yuvarlak-yaka-jakarli-erkek-gri-kazak-27641
İndirim,Regular Fit Yuvarlak Yaka Jakarlı Erkek Kahverengi Kazak,399.99,https://www.colins.com.tr/p/regular-fit-yuvarlak-yaka-jakarli-erkek-kahverengi-kazak-37087
İndirim,Regular Fit Yuvarlak Yaka Jakarlı Erkek Kahverengi Kazak,399.99,https://www.colins.com.tr/p/regular-fit-yuvarlak-yaka-jakarli-erkek-kahverengi-kazak-40170
İndirim,Regular Fit Yuvarlak Yaka Jakarlı Erkek Lacivert Kazak,399.99,https://www.colins.com.tr/p/regular-fit-yuvarlak-yaka-jakarli-erkek-lacivert-kazak-40172
İndirim,Regular Fit Yuvarlak Yaka Jakarlı Erkek Mavi Kazak,499.99,https://www.colins.com.tr/p/regular-fit-yuvarlak-yaka-jakarli-erkek-mavi-kazak-37085
İndirim,Regular Fit Yuvarlak Yaka Jakarlı Erkek Mor Triko Kazak,399.99,https://www.colins.com.tr/p/regular-fit-yuvarlak-yaka-jakarli-erkek-mor-triko-kazak-39906
İndirim,Regular Fit Yuvarlak Yaka Jakarlı Erkek Siyah Kazak,599.99,https://www.colins.com.tr/p/regular-fit-yuvarlak-yaka-jakarli-erkek-siyah-kazak-44242
İndirim,Regular Fit Yuvarlak Yaka Jakarlı Erkek Siyah Kazak,999.99,https://www.colins.com.tr/p/regular-fit-yuvarlak-yaka-jakarli-erkek-siyah-kazak-46843
İndirim,Regular Fit Yuvarlak Yaka Jakarlı Erkek Yeşil Kazak,399.99,https://www.colins.com.tr/p/regular-fit-yuvarlak-yaka-jakarli-erkek-yesil-kazak-40166
İndirim,Slim Fit Balıkçı Yaka Jakarlı Erkek Mor Kazak,399.99,https://www.colins.com.tr/p/slim-fit-balikci-yaka-jakarli-erkek-mor-kazak-33131
İndirim,Slim Fit Balıkçı Yaka Jakarlı Erkek Taş Kazak,399.99,https://www.colins.com.tr/p/slim-fit-balikci-yaka-jakarli-erkek-tas-kazak-27635
İndirim,Slim Fit Balıkçı Yaka Jakarlı Erkek Yeşil Kazak,399.99,https://www.colins.com.tr/p/slim-fit-balikci-yaka-jakarli-erkek-yesil-kazak-27575
İndirim,Slim Fit Pamuklu Yuvarlak Yaka Erkek Gri Kazak,399.99,https://www.colins.com.tr/p/slim-fit-yuvarlak-yaka-erkek-gri-kazak-28349
İndirim,Slim Fit Turtle Neck Jakarlı Erkek Yeşil Kazak,399.99,https://www.colins.com.tr/p/slim-fit-turtle-neck-jakarli-erkek-yesil-kazak-40634
İndirim,Slim Fit Yuvarlak Yaka  Erkek Antrasit Kazak,399.99,https://www.colins.com.tr/p/slim-fit-yuvarlak-yaka-erkek-antrasit-kazak-28348
İndirim,Slim Fit Yuvarlak Yaka Baskılı Erkek Yeşil Kazak,399.99,https://www.colins.com.tr/p/slim-fit-yuvarlak-yaka-baskili-erkek-yesil-kazak-28346
İndirim,Slim Fit Yuvarlak Yaka Düz Erkek Gri Kazak,399.99,https://www.colins.com.tr/p/slim-fit-yuvarlak-yaka-duz-erkek-gri-kazak-40637
İndirim,Slim Fit Yuvarlak Yaka Düz Erkek Mavi Kazak,399.99,https://www.colins.com.tr/p/slim-fit-yuvarlak-yaka-duz-erkek-mavi-kazak-40642
İndirim,Slim Fit Yuvarlak Yaka Pamuklu Erkek Yeşil Kazak,399.99,https://www.colins.com.tr/p/slim-fit-yuvarlak-yaka-pamuklu-erkek-yesil-kazak-28347
İndirim,Regular Fit High Neck Jakarlı Erkek Kahverengi Kazak,399.99,https://www.colins.com.tr/p/regular-fit-high-neck-jakarli-erkek-kahverengi-kazak-37691
İndirim,Regular Fit Pamuklu Yuvarlak Yaka Erkek Gri Kazak,599.99,https://www.colins.com.tr/p/regular-fit-pamuklu-yuvarlak-yaka-erkek-gri-kazak-41459
İndirim,Regular Fit Sal Yaka  Erkek Gri Kazak,399.99,https://www.colins.com.tr/p/regular-fit-sal-yaka-erkek-gri-kazak-33851
İndirim,Regular Fit Yarım Balıkçı Yaka Jakarlı Erkek Gri Kazak,399.99,https://www.colins.com.tr/p/regular-fit-yarim-balikci-yaka-jakarli-erkek-gri-kazak-37701
İndirim,Regular Fit Yuvarlak Yaka  Erkek Gri Kazak,399.99,https://www.colins.com.tr/p/regular-fit-yuvarlak-yaka-erkek-gri-kazak-28358
İndirim,Regular Fit Yuvarlak Yaka Baskılı Erkek Çok Renkli Kazak,399.99,https://www.colins.com.tr/p/regular-fit-yuvarlak-yaka-baskili-erkek-cok-renkli-kazak-40617
İndirim,Regular Fit Yuvarlak Yaka Jakarlı Erkek Antrasit Kazak,599.99,https://www.colins.com.tr/p/regular-fit-yuvarlak-yaka-jakarli-erkek-antrasit-kazak-41419
İndirim,Regular Fit Yuvarlak Yaka Jakarlı Erkek Lacivert Kazak,399.99,https://www.colins.com.tr/p/regular-fit-yuvarlak-yaka-jakarli-erkek-lacivert-kazak-40623
İndirim,Regular Fit Yuvarlak Yaka Jakarlı Erkek Yeşil Kazak,599.99,https://www.colins.com.tr/p/regular-fit-yuvarlak-yaka-jakarli-erkek-yesil-kazak-41420
İndirim,Regular Fit Yuvarlak Yaka Jakarlı Erkek Yeşil Kazak,599.99,https://www.colins.com.tr/p/regular-fit-yuvarlak-yaka-jakarli-erkek-yesil-kazak-43365
İndirim,Slim Fit Yuvarlak Yaka  Erkek Lacivert Kazak,399.99,https://www.colins.com.tr/p/slim-fit-yuvarlak-yaka-erkek-lacivert-kazak-33859
İndirim,Slim Fit Yuvarlak Yaka  Erkek Mavi Kazak,399.99,https://www.colins.com.tr/p/slim-fit-yuvarlak-yaka-erkek-mavi-kazak-24460
İndirim,Slim Fit Yuvarlak Yaka  Erkek Yeşil Kazak,399.99,https://www.colins.com.tr/p/slim-fit-yuvarlak-yaka-erkek-yesil-kazak-24596
İndirim,Slim Fit Yuvarlak Yaka  Erkek Yeşil Kazak,399.99,https://www.colins.com.tr/p/slim-fit-yuvarlak-yaka-erkek-yesil-kazak-33848
İndirim,Slim Fit Yuvarlak Yaka Jakarlı Erkek Antrasit Kazak,399.99,https://www.colins.com.tr/p/slim-fit-yuvarlak-yaka-jakarli-erkek-antrasit-kazak-39819
İndirim,Slim Fit Yuvarlak Yaka Jakarlı Erkek Bej Kazak,399.99,https://www.colins.com.tr/p/slim-fit-yuvarlak-yaka-jakarli-erkek-bej-kazak-37467
İndirim,Slim Fit Yuvarlak Yaka Pamuklu Erkek Gri Kazak,399.99,https://www.colins.com.tr/p/slim-fit-yuvarlak-yaka-pamuklu-erkek-gri-kazak-33854
İndirim,Slim Fit     Kadın Denim Yelek,799.99,https://www.colins.com.tr/p/slim-fit-kadin-denim-yelek-46418
İndirim,Slim Fit     Kadın Mavi Yelek,899.95,https://www.colins.com.tr/p/slim-fit-kadin-mavi-yelek-45759
İndirim,Comfort Fit Yuvarlak Yaka Düz Erkek Siyah Triko Kazak,399.99,https://www.colins.com.tr/p/comfort-fit-yuvarlak-yaka-duz-erkek-siyah-triko-kazak-40606
İndirim,Regular Fit Kapüşonlu  Erkek Kahverengi Kazak,399.99,https://www.colins.com.tr/p/regular-fit-kapusonlu-erkek-kahverengi-kazak-34393
İndirim,Regular Fit Yuvarlak Yaka Jakarlı Erkek Mavi Kazak,899.99,https://www.colins.com.tr/p/regular-fit-yuvarlak-yaka-jakarli-erkek-mavi-kazak-46826
İndirim,Regular Fit Yuvarlak Yaka Jakarlı Erkek Siyah Triko Kazak,399.99,https://www.colins.com.tr/p/regular-fit-yuvarlak-yaka-jakarli-erkek-siyah-triko-kazak-34307
İndirim,Slim Fit Turtle Neck Baskılı Erkek Siyah Kazak,399.99,https://www.colins.com.tr/p/slim-fit-turtle-neck-baskili-erkek-siyah-kazak-40608
İndirim,Slim Fit Yuvarlak Yaka  Erkek Bordo Kazak,499.99,https://www.colins.com.tr/p/slim-fit-yuvarlak-yaka-erkek-bordo-kazak-49374
İndirim,Regular Fit     Kadın Mavi Yelek,599.99,https://www.colins.com.tr/p/regular-fit-kadin-mavi-yelek-42854
İndirim,Regular Fit Dik Yaka    Kadın Beyaz Yelek,799.99,https://www.colins.com.tr/p/regular-fit-dik-yaka-kadin-beyaz-yelek-43629
İndirim,Regular Fit Dik Yaka Çıtçıtlı Astarlı Çift Yönlü Kadın Pembe Yelek,999.99,https://www.colins.com.tr/p/regular-fit-dik-yaka-citcitli-astarli-cift-yonlu-kadin-pembe-yelek-46028
İndirim,Regular Fit Kapüşonlu    Kadın Siyah Yelek,799.99,https://www.colins.com.tr/p/regular-fit-kapusonlu-kadin-siyah-yelek-43552
İndirim,Regular Fit Kapüşonlu Fermuarlı Astarlı Suya Dayanıklı Kadın Siyah Yelek,999.99,https://www.colins.com.tr/p/regular-fit-kapusonlu-fermuarli-astarli-suya-dayanikli-kadin-siyah-yelek-45889
İndirim,Regular Fit Kapüşonlu Fermuarlı Kadın Siyah Yelek,599.99,https://www.colins.com.tr/p/regular-fit-kapusonlu-fermuarli-kadin-siyah-yelek-43551
İndirim,Regular Fit Shirt Neck    Kadın Beyaz Yelek,599.99,https://www.colins.com.tr/p/regular-fit-shirt-neck-kadin-beyaz-yelek-43289
İndirim,Slim Fit     Kadın Mavi Yelek,799.99,https://www.colins.com.tr/p/slim-fit-kadin-mavi-yelek-46043
İndirim,Regular Fit Balıkçı Yaka  Erkek Siyah Kazak,399.99,https://www.colins.com.tr/p/regular-fit-balikci-yaka-erkek-siyah-kazak-28459
İndirim,Regular Fit Pamuklu Yuvarlak Yaka Jakarlı Erkek Antrasit Kazak,599.99,https://www.colins.com.tr/p/regular-fit-pamuklu-yuvarlak-yaka-jakarli-erkek-antrasit-kazak-44022
İndirim,Regular Fit Pamuklu Yuvarlak Yaka Jakarlı Erkek Lacivert Kazak,399.99,https://www.colins.com.tr/p/regular-fit-pamuklu-yuvarlak-yaka-jakarli-erkek-lacivert-kazak-33858
İndirim,Regular Fit Pamuklu Yuvarlak Yaka Jakarlı Erkek Siyah Triko Kazak,499.99,https://www.colins.com.tr/p/regular-fit-pamuklu-yuvarlak-yaka-jakarli-erkek-siyah-triko-kazak-27639
İndirim,Regular Fit Sal Yaka  Erkek Bej Kazak,399.99,https://www.colins.com.tr/p/regular-fit-sal-yaka-erkek-gri-kazak-33602
İndirim,Regular Fit Yuvarlak Yaka  Erkek Bej Kazak,399.99,https://www.colins.com.tr/p/regular-fit-yuvarlak-yaka-erkek-bej-kazak-33467
İndirim,Regular Fit Yuvarlak Yaka  Erkek Gri Kazak,399.99,https://www.colins.com.tr/p/regular-fit-yuvarlak-yaka-erkek-gri-kazak-27476
İndirim,Regular Fit Yuvarlak Yaka  Erkek Lacivert Kazak,399.99,https://www.colins.com.tr/p/regular-fit-yuvarlak-yaka-erkek-lacivert-kazak-27477
İndirim,Regular Fit Yuvarlak Yaka  Erkek Mor Kazak,399.99,https://www.colins.com.tr/p/regular-fit-yuvarlak-yaka-erkek-mor-kazak-27478
İndirim,Regular Fit Yuvarlak Yaka  Erkek Sari Kazak,399.99,https://www.colins.com.tr/p/regular-fit-yuvarlak-yaka-erkek-sari-kazak-27806
İndirim,Regular Fit Yuvarlak Yaka  Erkek Sari Kazak,399.99,https://www.colins.com.tr/p/regular-fit-yuvarlak-yaka-erkek-sari-kazak-28473
İndirim,Regular Fit Yuvarlak Yaka  Erkek Yeşil Kazak,399.99,https://www.colins.com.tr/p/regular-fit-yuvarlak-yaka-erkek-yesil-kazak-27475
İndirim,Regular Fit Yuvarlak Yaka Erkek Bej Triko Kazak,499.99,https://www.colins.com.tr/p/regular-fit-yuvarlak-yaka-erkek-bej-triko-kazak-44127
İndirim,Regular Fit Yuvarlak Yaka Erkek Gri Triko Kazak,399.99,https://www.colins.com.tr/p/regular-fit-yuvarlak-yaka-erkek-gri-triko-kazak-27803
İndirim,Regular Fit Yuvarlak Yaka Jakarlı Erkek Kahverengi Kazak,399.99,https://www.colins.com.tr/p/regular-fit-yuvarlak-yaka-jakarli-erkek-kahverengi-kazak-33129
İndirim,Regular Fit Yuvarlak Yaka Jakarlı Erkek Lacivert Kazak,399.99,https://www.colins.com.tr/p/regular-fit-yuvarlak-yaka-jakarli-erkek-lacivert-kazak-37831
İndirim,Regular Fit Yuvarlak Yaka Jakarlı Erkek Lacivert Kazak,399.99,https://www.colins.com.tr/p/regular-fit-yuvarlak-yaka-jakarli-erkek-lacivert-kazak-40620
İndirim,Regular Fit Yuvarlak Yaka Jakarlı Erkek Siyah Kazak,699.95,https://www.colins.com.tr/p/regular-fit-yuvarlak-yaka-jakarli-erkek-siyah-kazak-49823
İndirim,Regular Fit Yuvarlak Yaka Jakarlı Erkek Turuncu Kazak,399.99,https://www.colins.com.tr/p/regular-fit-yuvarlak-yaka-jakarli-erkek-turuncu-kazak-37084
İndirim,Regular Fit Yuvarlak Yaka Jakarlı Erkek Yeşil Kazak,399.99,https://www.colins.com.tr/p/regular-fit-yuvarlak-yaka-jakarli-erkek-yesil-kazak-37086
İndirim,Slim Fit Balıkçı Yaka Jakarlı Erkek Bej Kazak,399.99,https://www.colins.com.tr/p/slim-fit-balikci-yaka-jakarli-erkek-bej-kazak-21014
İndirim,Slim Fit Balıkçı Yaka Jakarlı Erkek Camel Triko Kazak,399.99,https://www.colins.com.tr/p/slim-fit-balikci-yaka-jakarli-erkek-camel-triko-kazak-33132
İndirim,Slim Fit Balıkçı Yaka Jakarlı Erkek Kirmizi Kazak,399.99,https://www.colins.com.tr/p/slim-fit-balikci-yaka-jakarli-erkek-kirmizi-kazak-27574
İndirim,Slim Fit Balıkçı Yaka Jakarlı Erkek Mavi Kazak,399.99,https://www.colins.com.tr/p/slim-fit-balikci-yaka-jakarli-erkek-mavi-kazak-25861
İndirim,Slim Fit Dik Yaka  Erkek Ekru Kazak,599.99,https://www.colins.com.tr/p/slim-fit-dik-yaka-erkek-ekru-kazak-44252
İndirim,Slim Fit Sal Yaka  Erkek Yeşil Kazak,399.99,https://www.colins.com.tr/p/slim-fit-sal-yaka-erkek-yesil-kazak-28470
İndirim,Slim Fit Turtle Neck Jakarlı Erkek Gri Kazak,399.99,https://www.colins.com.tr/p/slim-fit-turtle-neck-jakarli-erkek-gri-kazak-40632
İndirim,Slim Fit Turtle Neck Jakarlı Erkek Lacivert Kazak,399.99,https://www.colins.com.tr/p/slim-fit-turtle-neck-jakarli-erkek-lacivert-kazak-40621
İndirim,Slim Fit Yuvarlak Yaka  Erkek Bej Kazak,399.99,https://www.colins.com.tr/p/slim-fit-yuvarlak-yaka-erkek-bej-kazak-28800
İndirim,Slim Fit Yuvarlak Yaka  Erkek Sari Kazak,399.99,https://www.colins.com.tr/p/slim-fit-yuvarlak-yaka-erkek-sari-kazak-28472
İndirim,Slim Fit Yuvarlak Yaka  Erkek Turuncu Kazak,399.99,https://www.colins.com.tr/p/slim-fit-yuvarlak-yaka-erkek-turuncu-kazak-28467
İndirim,Slim Fit Yuvarlak Yaka  Erkek Yeşil Kazak,399.99,https://www.colins.com.tr/p/slim-fit-yuvarlak-yaka-erkek-yesil-kazak-28803
İndirim,Slim Fit Yuvarlak Yaka Pamuklu Erkek Yeşil Kazak,399.99,https://www.colins.com.tr/p/slim-fit-yuvarlak-yaka-pamuklu-erkek-yesil-kazak-28345
İndirim,Antrasit Erkek Kazak,399.99,https://www.colins.com.tr/p/antrasit-erkek-kazak-42581
İndirim,Regular Fit High Neck Jakarlı Erkek Lacivert Kazak,399.99,https://www.colins.com.tr/p/regular-fit-high-neck-jakarli-erkek-lacivert-kazak-37661
İndirim,Regular Fit Kapüşonlu  Erkek Gri Kazak,399.99,https://www.colins.com.tr/p/regular-fit-kapusonlu-erkek-gri-kazak-33857
İndirim,Regular Fit Pamuklu Yuvarlak Yaka Erkek Yeşil Kazak,599.99,https://www.colins.com.tr/p/regular-fit-pamuklu-yuvarlak-yaka-erkek-yesil-kazak-41458
İndirim,Regular Fit Pamuklu Yuvarlak Yaka Erkek Yeşil Triko Kazak,399.99,https://www.colins.com.tr/p/regular-fit-pamuklu-yuvarlak-yaka-erkek-yesil-triko-kazak-33846
İndirim,Regular Fit Sal Yaka  Erkek Antrasit Kazak,399.99,https://www.colins.com.tr/p/regular-fit-sal-yaka-erkek-antrasit-kazak-33443
İndirim,Regular Fit Sal Yaka  Erkek Beyaz Kazak,399.99,https://www.colins.com.tr/p/regular-fit-sal-yaka-erkek-beyaz-kazak-33867
İndirim,Regular Fit Sal Yaka  Erkek Gri Kazak,399.99,https://www.colins.com.tr/p/regular-fit-sal-yaka-erkek-gri-kazak-33855
İndirim,Regular Fit Turtle Neck Düz Erkek Ekru Kazak,499.99,https://www.colins.com.tr/p/regular-fit-turtle-neck-duz-erkek-ekru-kazak-44450
İndirim,Regular Fit Turtle Neck Düz Erkek Lacivert Kazak,499.99,https://www.colins.com.tr/p/regular-fit-turtle-neck-duz-erkek-lacivert-kazak-44451
İndirim,Regular Fit Turtle Neck Düz Erkek Siyah Kazak,499.99,https://www.colins.com.tr/p/regular-fit-turtle-neck-duz-erkek-siyah-kazak-44449
İndirim,Regular Fit Yarım Balıkçı Yaka  Erkek Siyah Kazak,399.99,https://www.colins.com.tr/p/regular-fit-yarim-balikci-yaka-erkek-siyah-kazak-28842
İndirim,Regular Fit Yarım Balıkçı Yaka  Erkek Yeşil Kazak,399.99,https://www.colins.com.tr/p/regular-fit-yarim-balikci-yaka-erkek-yesil-kazak-28840
İndirim,Regular Fit Yuvarlak Yaka  Erkek Çok Renkli Kazak,399.99,https://www.colins.com.tr/p/regular-fit-yuvarlak-yaka-erkek-cok-renkli-kazak-33860
İndirim,Regular Fit Yuvarlak Yaka  Erkek Lacivert Kazak,399.99,https://www.colins.com.tr/p/regular-fit-yuvarlak-yaka-erkek-lacivert-kazak-31263
İndirim,Regular Fit Yuvarlak Yaka  Erkek Lacivert Kazak,599.99,https://www.colins.com.tr/p/regular-fit-yuvarlak-yaka-erkek-lacivert-kazak-41460
İndirim,Regular Fit Yuvarlak Yaka  Erkek Sari Kazak,399.99,https://www.colins.com.tr/p/regular-fit-yuvarlak-yaka-erkek-sari-kazak-32830
İndirim,Regular Fit Yuvarlak Yaka  Erkek Siyah Kazak,399.99,https://www.colins.com.tr/p/regular-fit-yuvarlak-yaka-erkek-siyah-kazak-33583
İndirim,Regular Fit Yuvarlak Yaka  Erkek Siyah Kazak,399.99,https://www.colins.com.tr/p/regular-fit-yuvarlak-yaka-erkek-siyah-kazak-33593
İndirim,Regular Fit Yuvarlak Yaka  Erkek Yeşil Kazak,399.99,https://www.colins.com.tr/p/regular-fit-yuvarlak-yaka-erkek-yesil-kazak-27692
İndirim,Regular Fit Yuvarlak Yaka  Erkek Yeşil Kazak,399.99,https://www.colins.com.tr/p/regular-fit-yuvarlak-yaka-erkek-yesil-kazak-37355
İndirim,Regular Fit Yuvarlak Yaka Erkek Yeşil Triko Kazak,399.99,https://www.colins.com.tr/p/regular-fit-yuvarlak-yaka-erkek-yesil-triko-kazak-33847
İndirim,Regular Fit Yuvarlak Yaka Jakarlı Erkek Sari Kazak,399.99,https://www.colins.com.tr/p/regular-fit-yuvarlak-yaka-jakarli-erkek-sari-kazak-33852
İndirim,Regular Fit Yuvarlak Yaka Pamuk Karışımlı Erkek Bej Kazak,399.99,https://www.colins.com.tr/p/regular-fit-yuvarlak-yaka-pamuk-karisimli-erkek-bej-kazak-33482
İndirim,Slim Fit Balıkçı Yaka  Erkek Antrasit Kazak,399.99,https://www.colins.com.tr/p/slim-fit-balikci-yaka-erkek-antrasit-kazak-33438
İndirim,Slim Fit Balıkçı Yaka  Erkek Bej Kazak,399.99,https://www.colins.com.tr/p/slim-fit-balikci-yaka-erkek-gri-kazak-33601
İndirim,Slim Fit Balıkçı Yaka  Erkek Kahverengi Kazak,399.99,https://www.colins.com.tr/p/slim-fit-balikci-yaka-erkek-kahverengi-kazak-33631
İndirim,Slim Fit Sal Yaka  Erkek Gri Kazak,399.99,https://www.colins.com.tr/p/slim-fit-sal-yaka-erkek-gri-kazak-24940
İndirim,Slim Fit Yarım Balıkçı Yaka  Erkek Gri Kazak,399.99,https://www.colins.com.tr/p/slim-fit-yarim-balikci-yaka-erkek-gri-kazak-28352
İndirim,Slim Fit Yuvarlak Yaka  Erkek Antrasit Kazak,399.99,https://www.colins.com.tr/p/slim-fit-yuvarlak-yaka-erkek-antrasit-kazak-28360
İndirim,Slim Fit Yuvarlak Yaka  Erkek Sari Kazak,399.99,https://www.colins.com.tr/p/slim-fit-yuvarlak-yaka-erkek-sari-kazak-32829
İndirim,Slim Fit Yuvarlak Yaka  Erkek Siyah Kazak,399.99,https://www.colins.com.tr/p/slim-fit-yuvarlak-yaka-erkek-siyah-kazak-25612
İndirim,Slim Fit Yuvarlak Yaka  Erkek Siyah Kazak,399.99,https://www.colins.com.tr/p/slim-fit-yuvarlak-yaka-erkek-siyah-kazak-27969
İndirim,Slim Fit Yuvarlak Yaka  Erkek Yeşil Kazak,399.99,https://www.colins.com.tr/p/slim-fit-yuvarlak-yaka-erkek-yesil-kazak-31259
İndirim,Slim Fit Yuvarlak Yaka  Erkek Yeşil Kazak,399.99,https://www.colins.com.tr/p/slim-fit-yuvarlak-yaka-erkek-yesil-kazak-32905
İndirim,Slim Fit Yuvarlak Yaka  Erkek Yeşil Kazak,399.99,https://www.colins.com.tr/p/slim-fit-yuvarlak-yaka-erkek-yesil-kazak-33849
İndirim,Boxy Fit Shirt Neck Düz Erkek Beyaz Uzun Kol Gömlek,499.99,https://www.colins.com.tr/p/boxy-fit-shirt-neck-duz-erkek-beyaz-uzun-kol-gomlek-43330
İndirim,Comfort Fit Shirt Neck Düz Erkek Bej Uzun Kol Gömlek,699.99,https://www.colins.com.tr/p/comfort-fit-shirt-neck-duz-erkek-bej-uzun-kol-gomlek-49553
İndirim,Comfort Fit Shirt Neck Ekoseli Erkek Kirmizi Ekoseli Uzun Kol Gömlek,299.99,https://www.colins.com.tr/p/comfort-fit-shirt-neck-ekoseli-erkek-kirmizi-ekoseli-uzun-kol-gomlek-39829
İndirim,Oversize Fit Klasik Yaka Çizgili Erkek Denim Uzun Kol Gömlek,799.99,https://www.colins.com.tr/p/oversize-fit-klasik-yaka-cizgili-erkek-denim-uzun-kol-gomlek-45275
İndirim,Regular Fit Hakim Yaka Düz Erkek Mavi Uzun Kol Gömlek,699.99,https://www.colins.com.tr/p/regular-fit-hakim-yaka-duz-erkek-mavi-uzun-kol-gomlek-49610
İndirim,Regular Fit Klasik Yaka Düz Erkek Bej Ecologic Uzun Kol Gömlek,799.99,https://www.colins.com.tr/p/regular-fit-klasik-yaka-duz-erkek-bej-ecologic-uzun-kol-gomlek-45272
İndirim,Regular Fit Pamuklu Shirt Neck Ekoseli Erkek Çok Renkli Uzun Kol Gömlek,699.99,https://www.colins.com.tr/p/regular-fit-pamuklu-shirt-neck-ekoseli-erkek-cok-renkli-uzun-kol-gomlek-45308
İndirim,Regular Fit Shirt Neck Baskılı Cepli Erkek Yeşil Uzun Kol Gömlek,399.99,https://www.colins.com.tr/p/regular-fit-shirt-neck-baskili-cepli-erkek-yesil-uzun-kol-gomlek-44348
İndirim,Regular Fit Shirt Neck Baskılı Erkek Bej Uzun Kol Gömlek,599.99,https://www.colins.com.tr/p/regular-fit-shirt-neck-baskili-erkek-bej-uzun-kol-gomlek-41852
İndirim,Regular Fit Shirt Neck Baskılı Erkek Ekru Çizgili Uzun Kol Gömlek,399.99,https://www.colins.com.tr/p/regular-fit-shirt-neck-baskili-erkek-ekru-cizgili-uzun-kol-gomlek-42713
İndirim,Regular Fit Shirt Neck Baskılı Erkek Yeşil Uzun Kol Gömlek,599.99,https://www.colins.com.tr/p/regular-fit-shirt-neck-baskili-erkek-yesil-uzun-kol-gomlek-42488
İndirim,Regular Fit Shirt Neck Çizgili Cepsiz Erkek Mavi Uzun Kol Gömlek,699.99,https://www.colins.com.tr/p/regular-fit-shirt-neck-cizgili-cepsiz-erkek-mavi-uzun-kol-gomlek-45345
İndirim,Regular Fit Shirt Neck Çizgili Erkek Mavi Uzun Kol Gömlek,699.99,https://www.colins.com.tr/p/regular-fit-shirt-neck-cizgili-erkek-mavi-uzun-kol-gomlek-45341
İndirim,Regular Fit Shirt Neck Çizgili Erkek Mavi Uzun Kol Gömlek,699.99,https://www.colins.com.tr/p/regular-fit-shirt-neck-cizgili-erkek-mavi-uzun-kol-gomlek-45343
İndirim,Regular Fit Shirt Neck Çizgili Erkek Pembe Uzun Kol Gömlek,399.99,https://www.colins.com.tr/p/regular-fit-shirt-neck-cizgili-erkek-pembe-uzun-kol-gomlek-42598
İndirim,Regular Fit Shirt Neck Düz Erkek Bej Uzun Kol Gömlek,699.99,https://www.colins.com.tr/p/regular-fit-shirt-neck-duz-erkek-bej-uzun-kol-gomlek-45361
İndirim,Regular Fit Shirt Neck Düz Erkek Beyaz Uzun Kol Gömlek,699.99,https://www.colins.com.tr/p/regular-fit-shirt-neck-duz-erkek-beyaz-uzun-kol-gomlek-45291
İndirim,Regular Fit Shirt Neck Düz Erkek Ekru Uzun Kol Gömlek,799.99,https://www.colins.com.tr/p/regular-fit-shirt-neck-duz-erkek-ekru-uzun-kol-gomlek-45336
İndirim,Regular Fit Shirt Neck Düz Erkek Mavi Uzun Kol Gömlek,399.95,https://www.colins.com.tr/p/regular-fit-shirt-neck-duz-erkek-mavi-uzun-kol-gomlek-45344
İndirim,Regular Fit Shirt Neck Düz Erkek Pembe Uzun Kol Gömlek,499.95,https://www.colins.com.tr/p/regular-fit-shirt-neck-duz-erkek-pembe-uzun-kol-gomlek-45301
İndirim,Regular Fit Shirt Neck Düz Erkek Siyah Uzun Kol Gömlek,699.99,https://www.colins.com.tr/p/regular-fit-shirt-neck-duz-erkek-siyah-uzun-kol-gomlek-45367
İndirim,Regular Fit Shirt Neck Düz Erkek Taş Uzun Kol Gömlek,399.95,https://www.colins.com.tr/p/regular-fit-shirt-neck-duz-erkek-tas-uzun-kol-gomlek-45283
İndirim,Regular Fit Shirt Neck Düz Erkek Yeşil Uzun Kol Gömlek,699.99,https://www.colins.com.tr/p/regular-fit-shirt-neck-duz-erkek-yesil-uzun-kol-gomlek-45320
İndirim,Regular Fit Shirt Neck Ekoseli Erkek Gri Uzun Kol Gömlek,499.95,https://www.colins.com.tr/p/regular-fit-shirt-neck-ekoseli-erkek-gri-uzun-kol-gomlek-45329
İndirim,Regular Fit Shirt Neck Ekoseli Erkek Kahverengi Uzun Kol Gömlek,699.99,https://www.colins.com.tr/p/regular-fit-shirt-neck-ekoseli-erkek-kahverengi-uzun-kol-gomlek-45338
İndirim,Regular Fit Shirt Neck Ekoseli Erkek Lacivert Uzun Kol Gömlek,699.99,https://www.colins.com.tr/p/regular-fit-shirt-neck-ekoseli-erkek-lacivert-uzun-kol-gomlek-45310
İndirim,Regular Fit Shirt Neck Ekoseli Erkek Mavi Uzun Kol Gömlek,299.99,https://www.colins.com.tr/p/regular-fit-shirt-neck-ekoseli-erkek-mavi-uzun-kol-gomlek-40905
İndirim,Regular Fit Shirt Neck Ekoseli Erkek Mavi Uzun Kol Gömlek,699.99,https://www.colins.com.tr/p/regular-fit-shirt-neck-ekoseli-erkek-mavi-uzun-kol-gomlek-45340
İndirim,Regular Fit Shirt Neck Pamuklu Düz Erkek Siyah Uzun Kol Gömlek,699.99,https://www.colins.com.tr/p/regular-fit-shirt-neck-pamuklu-duz-erkek-siyah-uzun-kol-gomlek-45356
İndirim,Regular Fit Shirt Neck Pamuklu Düz Erkek Taş Uzun Kol Gömlek,399.95,https://www.colins.com.tr/p/regular-fit-shirt-neck-pamuklu-duz-erkek-tas-uzun-kol-gomlek-45285
İndirim,Relax Fit Shirt Neck Düz Erkek Bej Uzun Kol Gömlek,699.99,https://www.colins.com.tr/p/relax-fit-shirt-neck-duz-erkek-bej-uzun-kol-gomlek-49598
İndirim,Relax Fit Shirt Neck Düz Erkek Beyaz Uzun Kol Gömlek,699.99,https://www.colins.com.tr/p/relax-fit-shirt-neck-duz-erkek-beyaz-uzun-kol-gomlek-49620
İndirim,Relax Fit Shirt Neck Düz Erkek Gri Uzun Kol Gömlek,699.99,https://www.colins.com.tr/p/relax-fit-shirt-neck-duz-erkek-gri-uzun-kol-gomlek-49599
İndirim,Relax Fit Shirt Neck Düz Erkek Pembe Uzun Kol Gömlek,699.99,https://www.colins.com.tr/p/relax-fit-shirt-neck-duz-erkek-pembe-uzun-kol-gomlek-49579
İndirim,Relaxed Fit Shirt Neck Düz Erkek Keten Karışımlı Beyaz Uzun Kol Gömlek,599.95,https://www.colins.com.tr/p/relaxed-fit-shirt-neck-duz-erkek-keten-karisimli-beyaz-uzun-kol-gomlek-45293
İndirim,Slim Fit Shirt Neck Baskılı Erkek Gri Uzun Kol Gömlek,599.99,https://www.colins.com.tr/p/slim-fit-shirt-neck-baskili-erkek-gri-uzun-kol-gomlek-42133
İndirim,Slim Fit Shirt Neck Cepli Ekoseli Erkek Lacivert Uzun Kol Gömlek,299.99,https://www.colins.com.tr/p/slim-fit-shirt-neck-cepli-ekoseli-erkek-lacivert-uzun-kol-gomlek-40069
İndirim,Slim Fit Shirt Neck Çizgili Erkek Mavi Uzun Kol Gömlek,699.99,https://www.colins.com.tr/p/slim-fit-shirt-neck-cizgili-erkek-mavi-uzun-kol-gomlek-45355
İndirim,Slim Fit Shirt Neck Düz Erkek Beyaz Uzun Kol Gömlek,699.99,https://www.colins.com.tr/p/slim-fit-shirt-neck-duz-erkek-beyaz-uzun-kol-gomlek-45292
İndirim,Slim Fit Shirt Neck Kareli Erkek Turuncu Uzun Kol Gömlek,499.99,https://www.colins.com.tr/p/slim-fit-shirt-neck-kareli-erkek-turuncu-uzun-kol-gomlek-41857
İndirim,Comfort Fit Fermuarlı Çizgili Kadın Çok Renkli Kazak,799.99,https://www.colins.com.tr/p/comfort-fit-fermuarli-cizgili-kadin-cok-renkli-kazak-44953
İndirim,Comfort Fit Kayık Yaka Düz Kadın Mavi Kazak,799.99,https://www.colins.com.tr/p/comfort-fit-kayik-yaka-duz-kadin-mavi-kazak-46160
İndirim,Regular Fit Dik Yaka Düz Kadın Ekru Kazak,499.99,https://www.colins.com.tr/p/regular-fit-dik-yaka-duz-kadin-ekru-kazak-43872
İndirim,Regular Fit Dik Yaka Nakışlı Kadın Ekru Kazak,999.99,https://www.colins.com.tr/p/regular-fit-dik-yaka-nakisli-kadin-ekru-kazak-47559
İndirim,Regular Fit Turtle Neck Baskılı Kadın Bej Kazak,799.99,https://www.colins.com.tr/p/regular-fit-turtle-neck-baskili-kadin-bej-kazak-47562
İndirim,Regular Fit Turtle Neck Nakışlı Kadın Kirmizi Kazak,799.99,https://www.colins.com.tr/p/regular-fit-turtle-neck-nakisli-kadin-kirmizi-kazak-44459
İndirim,Regular Fit U Düz Kadın Yeşil Kazak,399.99,https://www.colins.com.tr/p/regular-fit-u-duz-kadin-yesil-kazak-38086
İndirim,Regular Fit V Yaka Düz Kadın Gri Kazak,399.99,https://www.colins.com.tr/p/regular-fit-v-yaka-duz-kadin-gri-kazak-39058
İndirim,Regular Fit V Yaka Düz Kadın Pembe Kazak,399.99,https://www.colins.com.tr/p/regular-fit-v-yaka-duz-kadin-pembe-kazak-39059
İndirim,Regular Fit Yuvarlak Yaka  Kadın Bej Kazak,499.99,https://www.colins.com.tr/p/regular-fit-yuvarlak-yaka-kadin-gri-kazak-43738
İndirim,Regular Fit Yuvarlak Yaka  Kadın Yeşil Kazak,499.99,https://www.colins.com.tr/p/regular-fit-yuvarlak-yaka-kadin-yesil-kazak-48161
İndirim,Regular Fit Yuvarlak Yaka Baskılı Kadın Kirmizi Kazak,999.99,https://www.colins.com.tr/p/regular-fit-yuvarlak-yaka-baskili-kadin-kirmizi-kazak-47563
İndirim,Regular Fit Yuvarlak Yaka Düz Kadın Çok Renkli Kazak,399.99,https://www.colins.com.tr/p/regular-fit-yuvarlak-yaka-duz-kadin-cok-renkli-kazak-38084
İndirim,Regular Fit Yuvarlak Yaka Düz Kadın Ekru Kazak,699.99,https://www.colins.com.tr/p/regular-fit-yuvarlak-yaka-duz-kadin-ekru-kazak-46159
İndirim,Regular Fit Yuvarlak Yaka Düz Kadın Mavi Kazak,799.99,https://www.colins.com.tr/p/regular-fit-yuvarlak-yaka-duz-kadin-mavi-kazak-46171
İndirim,Regular Fit Yuvarlak Yaka Düz Kadın Siyah Kazak,699.99,https://www.colins.com.tr/p/regular-fit-yuvarlak-yaka-duz-kadin-siyah-kazak-46175
İndirim,Slim Fit Balıkçı Yaka  Kadın Çok Renkli Kazak,399.99,https://www.colins.com.tr/p/slim-fit-balikci-yaka-kadin-cok-renkli-kazak-38896
İndirim,Slim Fit Polo Yaka  Kadın Pembe Kazak,499.99,https://www.colins.com.tr/p/slim-fit-polo-yaka-kadin-pembe-kazak-43870
İndirim,Slim Fit Polo Yaka Düz Kadın Ekru Kazak,799.99,https://www.colins.com.tr/p/slim-fit-polo-yaka-duz-kadin-ekru-kazak-44956
İndirim,Slim Fit Polo Yaka Düz Kadın Siyah Kazak,699.99,https://www.colins.com.tr/p/slim-fit-polo-yaka-duz-kadin-siyah-kazak-46176
İndirim,Regular Fit Shirt Neck Çizgili Erkek Mavi Uzun Kol Gömlek,699.99,https://www.colins.com.tr/p/regular-fit-shirt-neck-cizgili-erkek-mavi-uzun-kol-gomlek-45351
İndirim,Süper Slim Fit Shirt Neck Düz Erkek Beyaz Uzun Kol Gömlek,299.99,https://www.colins.com.tr/p/super-slim-fit-shirt-neck-duz-erkek-beyaz-uzun-kol-gomlek-27759
İndirim,Comfort Fit Shirt Neck Düz Cepli Erkek Mavi Uzun Kol Gömlek,399.99,https://www.colins.com.tr/p/comfort-fit-shirt-neck-duz-cepli-erkek-mavi-uzun-kol-gomlek-43027
İndirim,Comfort Fit Shirt Neck Düz Erkek Beyaz Uzun Kol Gömlek,399.99,https://www.colins.com.tr/p/comfort-fit-shirt-neck-duz-erkek-beyaz-uzun-kol-gomlek-43026
İndirim,Comfort Fit Shirt Neck Düz Erkek Gri Cepsiz Uzun Kol Gömlek,399.99,https://www.colins.com.tr/p/comfort-fit-shirt-neck-duz-erkek-gri-cepsiz-uzun-kol-gomlek-41930
İndirim,Comfort Fit Shirt Neck Düz Erkek Kahverengi Uzun Kol Gömlek,399.99,https://www.colins.com.tr/p/comfort-fit-shirt-neck-duz-erkek-kahverengi-uzun-kol-gomlek-41929
İndirim,Comfort Fit Shirt Neck Düz Erkek Pembe Uzun Kol Gömlek,399.99,https://www.colins.com.tr/p/comfort-fit-shirt-neck-duz-erkek-pembe-uzun-kol-gomlek-42505
İndirim,Comfort Fit Shirt Neck Düz Erkek Siyah Cepli Uzun Kol Gömlek,699.99,https://www.colins.com.tr/p/comfort-fit-shirt-neck-duz-erkek-siyah-cepli-uzun-kol-gomlek-45368
İndirim,Comfort Fit Shirt Neck Düz Erkek Yeşil Cepsiz Uzun Kol Gömlek,399.99,https://www.colins.com.tr/p/comfort-fit-shirt-neck-duz-erkek-yesil-cepsiz-uzun-kol-gomlek-41931
İndirim,Comfort Fit Shirt Neck Düz Erkek Yeşil Uzun Kol Gömlek,699.99,https://www.colins.com.tr/p/comfort-fit-shirt-neck-duz-erkek-yesil-uzun-kol-gomlek-45321
İndirim,Regular Fit Hakim Yaka Düz Erkek Beyaz Uzun Kol Gömlek,699.99,https://www.colins.com.tr/p/regular-fit-hakim-yaka-duz-erkek-beyaz-uzun-kol-gomlek-49768
İndirim,Regular Fit Klasik Yaka Erkek Pamuk Karışımlı Mavi Uzun Kol Gömlek,599.99,https://www.colins.com.tr/p/regular-fit-klasik-yaka-erkek-pamuk-karisimli-mavi-uzun-kol-gomlek-43226
İndirim,Regular Fit Shirt Neck Çizgili Erkek Açik Mavi Uzun Kol Gömlek,699.99,https://www.colins.com.tr/p/regular-fit-shirt-neck-cizgili-erkek-acik-mavi-uzun-kol-gomlek-49783
İndirim,Regular Fit Shirt Neck Çizgili Erkek Ekru Uzun Kol Gömlek,499.95,https://www.colins.com.tr/p/regular-fit-shirt-neck-cizgili-erkek-ekru-uzun-kol-gomlek-45332
İndirim,Regular Fit Shirt Neck Çizgili Erkek Lacivert Uzun Kol Gömlek,699.95,https://www.colins.com.tr/p/regular-fit-shirt-neck-cizgili-erkek-lacivert-uzun-kol-gomlek-49616
İndirim,Regular Fit Shirt Neck Çizgili Erkek Yeşil Uzun Kol Gömlek,699.99,https://www.colins.com.tr/p/regular-fit-shirt-neck-cizgili-erkek-yesil-uzun-kol-gomlek-49772
İndirim,Regular Fit Shirt Neck Düz Erkek Ekru Uzun Kol Gömlek,499.95,https://www.colins.com.tr/p/regular-fit-shirt-neck-duz-erkek-ekru-uzun-kol-gomlek-45335
İndirim,Regular Fit Shirt Neck Düz Erkek Gri Uzun Kol Gömlek,599.99,https://www.colins.com.tr/p/regular-fit-shirt-neck-duz-erkek-gri-uzun-kol-gomlek-43953
İndirim,Regular Fit Shirt Neck Düz Erkek Gri Uzun Kol Gömlek,699.99,https://www.colins.com.tr/p/regular-fit-shirt-neck-duz-erkek-gri-uzun-kol-gomlek-45331
İndirim,Regular Fit Shirt Neck Düz Erkek Lacivert Uzun Kol Gömlek,699.99,https://www.colins.com.tr/p/regular-fit-shirt-neck-duz-erkek-lacivert-uzun-kol-gomlek-45311
İndirim,Regular Fit Shirt Neck Düz Erkek Yeşil Uzun Kol Gömlek,899.95,https://www.colins.com.tr/p/regular-fit-shirt-neck-duz-erkek-yesil-uzun-kol-gomlek-49592
İndirim,Relaxed Fit Shirt Neck Düz Erkek Keten Karışımlı Siyah Uzun Kol Gömlek,599.95,https://www.colins.com.tr/p/relaxed-fit-shirt-neck-duz-erkek-keten-karisimli-siyah-uzun-kol-gomlek-45366
İndirim,Slim Fit Klasik Yaka Düz Erkek Ekru Uzun Kol Gömlek,399.99,https://www.colins.com.tr/p/slim-fit-klasik-yaka-duz-erkek-ekru-uzun-kol-gomlek-43957
İndirim,Slim Fit Klasik Yaka Ekoseli Erkek Lacivert Uzun Kol Gömlek,399.99,https://www.colins.com.tr/p/slim-fit-klasik-yaka-ekoseli-erkek-lacivert-uzun-kol-gomlek-43947
İndirim,Slim Fit Shirt Neck Cepli Düz Erkek Bej Uzun Kol Gömlek,399.99,https://www.colins.com.tr/p/slim-fit-shirt-neck-cepli-duz-erkek-bej-uzun-kol-gomlek-42461
İndirim,Slim Fit Shirt Neck Cepli Ekoseli Erkek Turuncu Uzun Kol Gömlek,499.99,https://www.colins.com.tr/p/slim-fit-shirt-neck-cepli-ekoseli-erkek-turuncu-uzun-kol-gomlek-41451
İndirim,Slim Fit Shirt Neck Düz Erkek Mavi Uzun Kol Gömlek,699.99,https://www.colins.com.tr/p/slim-fit-shirt-neck-duz-erkek-mavi-uzun-kol-gomlek-45347
İndirim,Boxy Fıt Shirt Neck Çizgili Erkek Mavi Uzun Kol Gömlek,699.99,https://www.colins.com.tr/p/boxy-fit-shirt-neck-cizgili-erkek-mavi-uzun-kol-gomlek-46493
İndirim,Comfort Fit Kapüşonlu Ekoseli Erkek Yeşil Uzun Kol Gömlek,299.99,https://www.colins.com.tr/p/comfort-fit-kapusonlu-ekoseli-erkek-yesil-uzun-kol-gomlek-40953
İndirim,Comfort Fit Shirt Neck Düz Erkek Bej Uzun Kol Gömlek,799.99,https://www.colins.com.tr/p/comfort-fit-shirt-neck-duz-erkek-bej-uzun-kol-gomlek-45358
İndirim,Regular Fit Shirt Neck Çizgili Erkek Açik Mavi Uzun Kol Gömlek,749.95,https://www.colins.com.tr/p/regular-fit-shirt-neck-cizgili-erkek-acik-mavi-uzun-kol-gomlek-45294
İndirim,Regular Fit Shirt Neck Düz Erkek Siyah Uzun Kol Gömlek,799.95,https://www.colins.com.tr/p/regular-fit-shirt-neck-duz-erkek-siyah-uzun-kol-gomlek-45365
İndirim,Slim Fit Shirt Neck Düz Erkek Beyaz Uzun Kol Gömlek,399.99,https://www.colins.com.tr/p/slim-fit-shirt-neck-duz-erkek-beyaz-uzun-kol-gomlek-43595
İndirim,Slim Fit Shirt Neck Pamuklu Düz Erkek Beyaz Uzun Kol Gömlek,699.99,https://www.colins.com.tr/p/slim-fit-shirt-neck-pamuklu-duz-erkek-beyaz-uzun-kol-gomlek-45289
İndirim,Slim Fit Shirt Neck Pamuklu Düz Erkek Mavi Uzun Kol Gömlek,499.95,https://www.colins.com.tr/p/slim-fit-shirt-neck-pamuklu-duz-erkek-mavi-uzun-kol-gomlek-45354
İndirim,Regular Fit Balıkçı Yaka Düz Kadın Gri Kazak,399.99,https://www.colins.com.tr/p/regular-fit-balikci-yaka-duz-kadin-gri-kazak-37377
İndirim,Regular Fit Balıkçı Yaka Düz Kadın Yeşil Kazak,999.99,https://www.colins.com.tr/p/regular-fit-balikci-yaka-duz-kadin-yesil-kazak-47308
İndirim,Regular Fit Dik Yaka Düz Kadın Yeşil Kazak,599.99,https://www.colins.com.tr/p/regular-fit-dik-yaka-duz-kadin-yesil-kazak-41602
İndirim,Regular Fit Kapüşonlu  Kadın Ekru Kazak,599.99,https://www.colins.com.tr/p/regular-fit-kapusonlu-kadin-ekru-kazak-43767
İndirim,Regular Fit Pamuk Karışımlı Yuvarlak Yaka Kadın Gri Triko Kazak,599.99,https://www.colins.com.tr/p/regular-fit-pamuk-karisimli-yuvarlak-yaka-kadin-gri-triko-kazak-43879
İndirim,Regular Fit Yuvarlak Yaka  Kadın Beyaz Kazak,499.99,https://www.colins.com.tr/p/regular-fit-yuvarlak-yaka-kadin-beyaz-kazak-43861
İndirim,Regular Fit Yuvarlak Yaka  Kadın Çok Renkli Kazak,499.99,https://www.colins.com.tr/p/regular-fit-yuvarlak-yaka-kadin-cok-renkli-kazak-43864
İndirim,Regular Fit Yuvarlak Yaka  Kadın Siyah Kazak,599.99,https://www.colins.com.tr/p/regular-fit-yuvarlak-yaka-kadin-siyah-kazak-41601
İndirim,Regular Fit Yuvarlak Yaka Nakışlı Kadın Kirmizi Kazak,799.99,https://www.colins.com.tr/p/regular-fit-yuvarlak-yaka-nakisli-kadin-kirmizi-kazak-44460
İndirim,Slim Fit Balıkçı Yaka  Kadın Bej Kazak,499.99,https://www.colins.com.tr/p/slim-fit-balikci-yaka-kadin-bej-kazak-43733
İndirim,Slim Fit Balıkçı Yaka  Kadın Beyaz Kazak,499.99,https://www.colins.com.tr/p/slim-fit-balikci-yaka-kadin-beyaz-kazak-43736
İndirim,Slim Fit Balıkçı Yaka  Kadın Gri Kazak,499.99,https://www.colins.com.tr/p/slim-fit-balikci-yaka-kadin-gri-kazak-43735
İndirim,Slim Fit Kayık Yaka Düz Kadın Mavi Kazak,699.99,https://www.colins.com.tr/p/slim-fit-kayik-yaka-duz-kadin-mavi-kazak-46173
İndirim,Slim Fit Shirt Neck Düz Erkek Taş Uzun Kol Gömlek,399.99,https://www.colins.com.tr/p/slim-fit-shirt-neck-duz-erkek-tas-uzun-kol-gomlek-38727
İndirim,Süper Slim Fit Shirt Neck Cepsiz Düz Erkek Beyaz Uzun Kol Gömlek,299.99,https://www.colins.com.tr/p/super-slim-fit-shirt-neck-duz-erkek-beyaz-cepsiz-uzun-kol-gomlek-21367
İndirim,Comfort Fit Shirt Neck Ekoseli Erkek Kirmizi Uzun Kol Gömlek,399.99,https://www.colins.com.tr/p/comfort-fit-shirt-neck-ekoseli-erkek-kirmizi-uzun-kol-gomlek-43687
İndirim,Comfort Fit Shirt Neck Ekoseli Erkek Lacivert Uzun Kol Gömlek,399.99,https://www.colins.com.tr/p/comfort-fit-shirt-neck-ekoseli-erkek-lacivert-uzun-kol-gomlek-43703
İndirim,Regular Fit Cepli Shirt Neck Ekoseli Erkek Pembe Uzun Kol Gömlek,499.99,https://www.colins.com.tr/p/regular-fit-cepli-shirt-neck-ekoseli-erkek-pembe-uzun-kol-gomlek-41858
İndirim,Regular Fit Hakim Yaka Düz Erkek Keten Karışımlı Mavi Uzun Kol Gömlek,699.99,https://www.colins.com.tr/p/regular-fit-hakim-yaka-duz-erkek-keten-karisimli-mavi-uzun-kol-gomlek-45352
İndirim,Regular Fit Klasik Yaka Düz Erkek Mavi Ecologic Uzun Kol Gömlek,1149.95,https://www.colins.com.tr/p/regular-fit-klasik-yaka-duz-erkek-mavi-ecologic-uzun-kol-gomlek-45277
İndirim,Regular Fit Shirt Neck Cepli Ekoseli Erkek Kirmizi Uzun Kol Gömlek,299.99,https://www.colins.com.tr/p/regular-fit-shirt-neck-cepli-ekoseli-erkek-kirmizi-uzun-kol-gomlek-39810
İndirim,Regular Fit Shirt Neck Çizgili Erkek Kahverengi Uzun Kol Gömlek,599.99,https://www.colins.com.tr/p/regular-fit-shirt-neck-cizgili-erkek-kahverengi-uzun-kol-gomlek-42082
İndirim,Regular Fit Shirt Neck Düz Erkek Açik Mavi Uzun Kol Gömlek,699.99,https://www.colins.com.tr/p/regular-fit-shirt-neck-duz-erkek-acik-mavi-uzun-kol-gomlek-49617
İndirim,Regular Fit Shirt Neck Düz Erkek Bej Uzun Kol Gömlek,699.99,https://www.colins.com.tr/p/regular-fit-shirt-neck-duz-erkek-bej-uzun-kol-gomlek-45363
İndirim,Regular Fit Shirt Neck Düz Erkek Beyaz Uzun Kol Gömlek,399.99,https://www.colins.com.tr/p/regular-fit-shirt-neck-duz-erkek-beyaz-uzun-kol-gomlek-42187
İndirim,Regular Fit Shirt Neck Düz Erkek Lacivert Uzun Kol Gömlek,499.95,https://www.colins.com.tr/p/regular-fit-shirt-neck-duz-erkek-lacivert-uzun-kol-gomlek-45307
İndirim,Regular Fit Shirt Neck Düz Erkek Mavi Uzun Kol Gömlek,699.99,https://www.colins.com.tr/p/regular-fit-shirt-neck-duz-erkek-mavi-uzun-kol-gomlek-49523
İndirim,Regular Fit Shirt Neck Düz Erkek Taş Uzun Kol Gömlek,699.99,https://www.colins.com.tr/p/regular-fit-shirt-neck-duz-erkek-tas-uzun-kol-gomlek-45284
İndirim,Regular Fit Shirt Neck Düz Erkek Taş Uzun Kol Gömlek,699.99,https://www.colins.com.tr/p/regular-fit-shirt-neck-duz-erkek-tas-uzun-kol-gomlek-49573
İndirim,Regular Fit Shirt Neck Ekoseli Erkek Çok Renkli Uzun Kol Gömlek,299.99,https://www.colins.com.tr/p/regular-fit-shirt-neck-ekoseli-erkek-cok-renkli-uzun-kol-gomlek-40948
İndirim,Regular Fit Shirt Neck Ekoseli Erkek Mavi Uzun Kol Gömlek,699.99,https://www.colins.com.tr/p/regular-fit-shirt-neck-ekoseli-erkek-mavi-uzun-kol-gomlek-45353
İndirim,Regular Fit Shirt Neck Kareli Erkek Kirmizi Uzun Kol Gömlek,299.99,https://www.colins.com.tr/p/regular-fit-shirt-neck-kareli-erkek-kirmizi-uzun-kol-gomlek-39461
İndirim,Regular Fit Shirt Neck Kareli Erkek Siyah Uzun Kol Gömlek,699.99,https://www.colins.com.tr/p/regular-fit-shirt-neck-kareli-erkek-siyah-uzun-kol-gomlek-45364
İndirim,Regular Fit Shirt Neck Pamuklu Ekoseli Erkek Kirmizi Uzun Kol Gömlek,399.99,https://www.colins.com.tr/p/regular-fit-shirt-neck-pamuklu-ekoseli-erkek-kirmizi-uzun-kol-gomlek-43358
İndirim,Regular Fit Shirt Pamuklu Neck Çizgili Erkek Yeşil Uzun Kol Gömlek,699.99,https://www.colins.com.tr/p/regular-fit-shirt-pamuklu-neck-cizgili-erkek-yesil-uzun-kol-gomlek-45316
İndirim,Relaxed Fit Shirt Neck Düz Erkek Keten Karışımlı Bej Uzun Kol Gömlek,849.95,https://www.colins.com.tr/p/relaxed-fit-shirt-neck-duz-erkek-keten-karisimli-bej-uzun-kol-gomlek-45359
İndirim,Slim Fit Klasik Yaka Düz Erkek Mavi Uzun Kol Gömlek,399.99,https://www.colins.com.tr/p/slim-fit-klasik-yaka-duz-erkek-mavi-uzun-kol-gomlek-43961
İndirim,Slim Fit Klasik Yaka Düz Erkek Yeşil Uzun Kol Gömlek,399.99,https://www.colins.com.tr/p/slim-fit-klasik-yaka-duz-erkek-yesil-uzun-kol-gomlek-43950
İndirim,Slim Fit Shirt Neck Cepsiz Düz Erkek Beyaz Uzun Kol Gömlek,399.99,https://www.colins.com.tr/p/slim-fit-shirt-neck-cepsiz-duz-erkek-beyaz-uzun-kol-gomlek-42292
İndirim,Slim Fit Shirt Neck Cepsiz Düz Erkek Yeşil Uzun Kol Gömlek,399.99,https://www.colins.com.tr/p/slim-fit-shirt-neck-cepsiz-duz-erkek-yesil-uzun-kol-gomlek-43029
İndirim,Slim Fit Shirt Neck Cepsiz Ekoseli Erkek Kirmizi Uzun Kol Gömlek,299.99,https://www.colins.com.tr/p/slim-fit-shirt-neck-cepsiz-ekoseli-erkek-kirmizi-uzun-kol-gomlek-40071
İndirim,Slim Fit Shirt Neck Çizgili Erkek Yeşil Uzun Kol Gömlek,699.99,https://www.colins.com.tr/p/slim-fit-shirt-neck-cizgili-erkek-yesil-uzun-kol-gomlek-45318
İndirim,Slim Fit Shirt Neck Düz Erkek Bej Uzun Kol Gömlek,399.99,https://www.colins.com.tr/p/slim-fit-shirt-neck-duz-erkek-bej-uzun-kol-gomlek-42340
İndirim,Slim Fit Shirt Neck Düz Erkek Beyaz Uzun Kol Gömlek,399.99,https://www.colins.com.tr/p/slim-fit-shirt-neck-duz-erkek-beyaz-uzun-kol-gomlek-43028
İndirim,Slim Fit Shirt Neck Ekoseli Erkek Ekru Uzun Kol Gömlek,399.99,https://www.colins.com.tr/p/slim-fit-shirt-neck-ekoseli-erkek-ekru-uzun-kol-gomlek-43228
İndirim,Slim Fit Shirt Neck Ekoseli Erkek Kirmizi Uzun Kol Gömlek,299.99,https://www.colins.com.tr/p/slim-fit-shirt-neck-ekoseli-erkek-kirmizi-uzun-kol-gomlek-38455
İndirim,Slim Fit Shirt Neck Ekoseli Erkek Mavi Uzun Kol Gömlek,299.99,https://www.colins.com.tr/p/slim-fit-shirt-neck-ekoseli-erkek-mavi-uzun-kol-gomlek-39812
İndirim,Comfort Fit Shirt Neck Düz Erkek Yeşil Uzun Kol Gömlek,699.99,https://www.colins.com.tr/p/comfort-fit-shirt-neck-duz-erkek-yesil-uzun-kol-gomlek-49554
İndirim,Comfort Fit Shirt Neck Ekoseli Erkek Lacivert Uzun Kol Gömlek,699.99,https://www.colins.com.tr/p/comfort-fit-shirt-neck-ekoseli-erkek-lacivert-uzun-kol-gomlek-47294
İndirim,Comfort Fit Shirt Neck Kareli Erkek Lacivert Uzun Kol Gömlek,299.99,https://www.colins.com.tr/p/comfort-fit-shirt-neck-kareli-erkek-lacivert-uzun-kol-gomlek-40952
İndirim,Regular Fit Shirt Neck Baskılı Erkek Ekru Uzun Kol Gömlek,599.99,https://www.colins.com.tr/p/regular-fit-shirt-neck-baskili-erkek-ekru-uzun-kol-gomlek-42081
İndirim,Slim Fit Shirt Neck  Erkek Lacivert Uzun Kol Gömlek,399.99,https://www.colins.com.tr/p/slim-fit-shirt-neck-erkek-lacivert-uzun-kol-gomlek-43237
İndirim,Slim Fit Shirt Neck Cepsiz Düz Erkek Bej Uzun Kol Gömlek,399.99,https://www.colins.com.tr/p/slim-fit-shirt-neck-cepsiz-duz-erkek-bej-uzun-kol-gomlek-35018
İndirim,Slim Fit Shirt Neck Düz Erkek Mavi Uzun Kol Gömlek,399.99,https://www.colins.com.tr/p/slim-fit-shirt-neck-duz-erkek-mavi-uzun-kol-gomlek-33149
İndirim,Süper Slim Fit Shirt Neck Cepsiz Düz Erkek Siyah Uzun Kol Gömlek,299.99,https://www.colins.com.tr/p/super-slim-fit-shirt-neck-cepsiz-duz-erkek-siyah-cepsiz-uzun-kol-gomlek--21368
İndirim,Comfort Fit Yuvarlak Yaka  Kadın Çok Renkli Kazak Cl1067363,499.99,https://www.colins.com.tr/p/comfort-fit-yuvarlak-yaka-kadin-cok-renkli-kazak-cl1067363-41591
İndirim,Comfort Fit Yuvarlak Yaka  Kadın Ekru Kazak,599.99,https://www.colins.com.tr/p/comfort-fit-yuvarlak-yaka-kadin-ekru-kazak-48207
İndirim,Regular Fit Balıkçı Yaka  Kadın Ekru Kazak,599.99,https://www.colins.com.tr/p/regular-fit-balikci-yaka-kadin-ekru-kazak-44462
İndirim,Regular Fit Dik Yaka  Kadın Beyaz Kazak,599.99,https://www.colins.com.tr/p/regular-fit-dik-yaka-kadin-beyaz-kazak-43863
İndirim,Regular Fit Kapüşonlu Düz Kadın Yeşil Kazak,399.99,https://www.colins.com.tr/p/regular-fit-kapusonlu-duz-kadin-yesil-kazak-37392
İndirim,Regular Fit V Yaka  Kadın Siyah Kazak,499.99,https://www.colins.com.tr/p/regular-fit-v-yaka-kadin-siyah-kazak-43335
İndirim,Regular Fit V Yaka Düz Kadın Beyaz Kazak,399.99,https://www.colins.com.tr/p/regular-fit-v-yaka-duz-kadin-beyaz-kazak-37393
İndirim,Regular Fit V Yaka Düz Kadın Ekru Kazak,499.99,https://www.colins.com.tr/p/regular-fit-v-yaka-duz-kadin-ekru-kazak-44576
İndirim,Regular Fit Yarım Balıkçı Yaka Düz Kadın Beyaz Kazak,799.99,https://www.colins.com.tr/p/regular-fit-yarim-balikci-yaka-duz-kadin-beyaz-kazak-44952
İndirim,Regular Fit Yuvarlak Yaka  Kadın Ekru Kazak,499.99,https://www.colins.com.tr/p/regular-fit-yuvarlak-yaka-kadin-ekru-kazak-43874
İndirim,Regular Fit Yuvarlak Yaka  Kadın Siyah Kazak,599.99,https://www.colins.com.tr/p/regular-fit-yuvarlak-yaka-cizgili-kadin-siyah-kazak-43886
İndirim,Regular Fit Yuvarlak Yaka Baskılı Kadın Beyaz Kazak,399.99,https://www.colins.com.tr/p/regular-fit-yuvarlak-yaka-baskili-kadin-beyaz-kazak-40975
İndirim,Regular Fit Yuvarlak Yaka Çizgili Kadın Çok Renkli Kazak,399.99,https://www.colins.com.tr/p/regular-fit-yuvarlak-yaka-cizgili-kadin-cok-renkli-kazak-38085
İndirim,Regular Fit Yuvarlak Yaka Çizgili Kadın Ekru Kazak,499.99,https://www.colins.com.tr/p/regular-fit-yuvarlak-yaka-cizgili-kadin-ekru-kazak-43875
İndirim,Regular Fit Yuvarlak Yaka Düz Kadın Yeşil Kazak,999.99,https://www.colins.com.tr/p/regular-fit-yuvarlak-yaka-duz-kadin-yesil-kazak-47397
İndirim,Regular Fit Yuvarlak Yaka Kadın Siyah Triko Kazak,499.99,https://www.colins.com.tr/p/regular-fit-yuvarlak-yaka-kadin-siyah-triko-kazak-43884
İndirim,Relaxed Fit Yuvarlak Yaka Baskılı Kadın Ekru Kazak,999.99,https://www.colins.com.tr/p/relaxed-fit-yuvarlak-yaka-baskili-kadin-ekru-kazak-47567
İndirim,Slim Fit Kayık Yaka Düz Kadın Siyah Kazak,699.99,https://www.colins.com.tr/p/slim-fit-kayik-yaka-duz-kadin-siyah-kazak-46174
İndirim,Slim Fit Turtle Neck Düz Kadın Mor Kazak,399.99,https://www.colins.com.tr/p/slim-fit-turtle-neck-duz-kadin-mor-kazak-40644
İndirim,Slim Fit Yuvarlak Yaka Çizgili Kadın Ekru Kazak,499.95,https://www.colins.com.tr/p/slim-fit-yuvarlak-yaka-cizgili-kadin-ekru-kazak-44954
İndirim,Comfort Fit Shirt Neck Düz Erkek Bej Uzun Kol Gömlek,399.99,https://www.colins.com.tr/p/comfort-fit-shirt-neck-duz-erkek-bej-uzun-kol-gomlek-43714
İndirim,Comfort Fit Shirt Neck Düz Erkek Gri Düğmeli Uzun Kol Gömlek,299.99,https://www.colins.com.tr/p/comfort-fit-shirt-neck-duz-erkek-gri-dugmeli-uzun-kol-gomlek-37956
İndirim,Comfort Fit Shirt Neck Düz Erkek Lacivert Cepsiz Uzun Kol Gömlek,399.99,https://www.colins.com.tr/p/comfort-fit-shirt-neck-duz-erkek-lacivert-cepsiz-uzun-kol-gomlek-42504
İndirim,Comfort Fit Shirt Neck Düz Erkek Mavi Cepsiz Uzun Kol Gömlek,399.99,https://www.colins.com.tr/p/comfort-fit-shirt-neck-duz-erkek-mavi-cepsiz-uzun-kol-gomlek-41932
İndirim,Comfort Fit Shirt Neck Düz Erkek Mor Uzun Kol Gömlek,299.99,https://www.colins.com.tr/p/comfort-fit-shirt-neck-duz-erkek-mor-uzun-kol-gomlek-37957
İndirim,Comfort Fit Shirt Neck Ekoseli Erkek Mavi Uzun Kol Gömlek,499.99,https://www.colins.com.tr/p/comfort-fit-shirt-neck-ekoseli-erkek-mavi-uzun-kol-gomlek-43707
İndirim,Oversize Fit Klasik Yaka Düz Erkek Mavi Uzun Kol Gömlek,599.99,https://www.colins.com.tr/p/oversize-fit-klasik-yaka-duz-erkek-mavi-uzun-kol-gomlek-41549
İndirim,Regular Fit Hakim Yaka Çizgili Erkek Bej Uzun Kol Gömlek,299.99,https://www.colins.com.tr/p/regular-fit-hakim-yaka-cizgili-erkek-bej-uzun-kol-gomlek-39472
İndirim,Regular Fit Pamuklu Klasik Yaka Erkek Mavi Uzun Kol Gömlek,599.99,https://www.colins.com.tr/p/regular-fit-pamuklu-klasik-yaka-erkek-mavi-uzun-kol-gomlek-43545
İndirim,Regular Fit Pamuklu Shirt Neck Ekoseli Erkek Yeşil Uzun Kol Gömlek,399.99,https://www.colins.com.tr/p/regular-fit-pamuklu-shirt-neck-ekoseli-erkek-yesil-uzun-kol-gomlek-43356
İndirim,Regular Fit Shirt Neck Çizgili Erkek Mavi Uzun Kol Gömlek,399.99,https://www.colins.com.tr/p/regular-fit-shirt-neck-cizgili-erkek-mavi-uzun-kol-gomlek-42605
İndirim,Regular Fit Shirt Neck Düz Erkek Beyaz Roll-Up Gömlek,399.99,https://www.colins.com.tr/p/regular-fit-shirt-neck-duz-erkek-beyaz-roll-up-gomlek-35116
İndirim,Regular Fit Shirt Neck Düz Erkek Gri Uzun Kol Gömlek,399.99,https://www.colins.com.tr/p/regular-fit-shirt-neck-duz-erkek-gri-uzun-kol-gomlek-42530
İndirim,Regular Fit Shirt Neck Düz Erkek Gri Uzun Kol Gömlek,499.95,https://www.colins.com.tr/p/regular-fit-shirt-neck-duz-erkek-gri-uzun-kol-gomlek-45327
İndirim,Regular Fit Shirt Neck Düz Erkek Keten Karışımlı Açik Mavi Uzun Kol Gömlek,749.95,https://www.colins.com.tr/p/regular-fit-shirt-neck-duz-erkek-keten-karisimli-acik-mavi-uzun-kol-gomlek-45295
İndirim,Regular Fit Shirt Neck Düz Erkek Kirmizi Uzun Kol Gömlek,399.99,https://www.colins.com.tr/p/regular-fit-shirt-neck-duz-erkek-kirmizi-uzun-kol-gomlek-42185
İndirim,Regular Fit Shirt Neck Düz Erkek Mavi Roll-Up Gömlek,399.99,https://www.colins.com.tr/p/regular-fit-shirt-neck-duz-erkek-mavi-roll-up-gomlek-35115
İndirim,Regular Fit Shirt Neck Düz Erkek Siyah Uzun Kol Gömlek,399.99,https://www.colins.com.tr/p/regular-fit-shirt-neck-duz-erkek-siyah-uzun-kol-gomlek-42529
İndirim,Regular Fit Shirt Neck Düz Erkek Taş Roll-Up Gömlek,399.99,https://www.colins.com.tr/p/regular-fit-shirt-neck-duz-erkek-tas-roll-up-gomlek-42163
İndirim,Regular Fit Shirt Neck Ekoseli Erkek Çok Renkli Uzun Kol Gömlek,299.99,https://www.colins.com.tr/p/regular-fit-shirt-neck-ekoseli-erkek-cok-renkli-uzun-kol-gomlek-37929
İndirim,Regular Fit Shirt Neck Ekoseli Erkek Kirmizi Uzun Kol Gömlek,299.99,https://www.colins.com.tr/p/regular-fit-shirt-neck-ekoseli-erkek-kirmizi-uzun-kol-gomlek-38208
İndirim,Regular Fit Shirt Neck Ekoseli Erkek Lacivert Uzun Kol Gömlek,299.99,https://www.colins.com.tr/p/regular-fit-shirt-neck-ekoseli-erkek-lacivert-uzun-kol-gomlek-40954
İndirim,Regular Fit Shirt Neck Ekoseli Erkek Mavi Uzun Kol Gömlek,299.99,https://www.colins.com.tr/p/regular-fit-shirt-neck-ekoseli-erkek-mavi-uzun-kol-gomlek-40085
İndirim,Regular Fit Shirt Neck Ekoseli Erkek Pembe Uzun Kol Gömlek,399.99,https://www.colins.com.tr/p/regular-fit-shirt-neck-ekoseli-erkek-pembe-uzun-kol-gomlek-41319
İndirim,Regular Fit Shirt Neck Ekoseli Erkek Turuncu Uzun Kol Gömlek,299.99,https://www.colins.com.tr/p/regular-fit-shirt-neck-ekoseli-erkek-turuncu-uzun-kol-gomlek-40070
İndirim,Regular Fit Shirt Neck Ekoseli Erkek Yeşil Uzun Kol Gömlek,299.99,https://www.colins.com.tr/p/regular-fit-shirt-neck-ekoseli-erkek-yesil-uzun-kol-gomlek-37950
İndirim,Regular Fit Shirt Neck Ekoseli Erkek Yeşil Uzun Kol Gömlek,299.99,https://www.colins.com.tr/p/regular-fit-shirt-neck-ekoseli-erkek-yesil-uzun-kol-gomlek-40072
İndirim,Regular Fit Shirt Neck Kareli Erkek Pembe Uzun Kol Gömlek,499.99,https://www.colins.com.tr/p/regular-fit-shirt-neck-kareli-erkek-pembe-uzun-kol-gomlek-41550
İndirim,Slim Fit Düğmeli Yaka Ekoseli Erkek Lacivert Uzun Kol Gömlek,399.99,https://www.colins.com.tr/p/slim-fit-dugmeli-yaka-ekoseli-erkek-lacivert-uzun-kol-gomlek-43945
İndirim,Slim Fit Shirt Cepli Neck Ekoseli Erkek Çok Renkli Uzun Kol Gömlek,299.99,https://www.colins.com.tr/p/slim-fit-shirt-cepli-neck-ekoseli-erkek-cok-renkli-uzun-kol-gomlek-37988
İndirim,Slim Fit Shirt Neck Cepli Düz Erkek Mavi Uzun Kol Gömlek,399.99,https://www.colins.com.tr/p/slim-fit-shirt-neck-cepli-duz-erkek-mavi-uzun-kol-gomlek-42462
İndirim,Slim Fit Shirt Neck Cepsiz Ekoseli Erkek Çok Renkli Uzun Kol Gömlek,299.99,https://www.colins.com.tr/p/slim-fit-shirt-neck-cepsiz-ekoseli-erkek-cok-renkli-uzun-kol-gomlek-40075
İndirim,Slim Fit Shirt Neck Düz Erkek Lacivert Uzun Kol Gömlek,499.99,https://www.colins.com.tr/p/slim-fit-shirt-neck-duz-erkek-lacivert-uzun-kol-gomlek-42417
İndirim,Slim Fit Shirt Neck Düz Erkek Mavi Uzun Kol Gömlek,299.99,https://www.colins.com.tr/p/slim-fit-shirt-neck-duz-erkek-mavi-uzun-kol-gomlek-38726
İndirim,Slim Fit Shirt Neck Ekoseli Erkek Bej Uzun Kol Gömlek,299.99,https://www.colins.com.tr/p/slim-fit-shirt-neck-ekoseli-erkek-bej-uzun-kol-gomlek-37076
İndirim,Slim Fit Shirt Neck Ekoseli Erkek Bordo Uzun Kol Gömlek,299.99,https://www.colins.com.tr/p/slim-fit-shirt-neck-ekoseli-erkek-bordo-uzun-kol-gomlek-40938
İndirim,Slim Fit Shirt Neck Ekoseli Erkek Gri Uzun Kol Gömlek,499.99,https://www.colins.com.tr/p/slim-fit-shirt-neck-ekoseli-erkek-gri-uzun-kol-gomlek-41629
İndirim,Slim Fit Shirt Neck Ekoseli Erkek Sari Uzun Kol Gömlek,299.99,https://www.colins.com.tr/p/slim-fit-shirt-neck-ekoseli-erkek-sari-uzun-kol-gomlek-37061
İndirim,Slim Fit Shirt Neck Ekoseli Erkek Sari Uzun Kol Gömlek,299.99,https://www.colins.com.tr/p/slim-fit-shirt-neck-ekoseli-erkek-sari-uzun-kol-gomlek-38629
İndirim,Slim Fit Shirt Neck Kareli Erkek Gri Uzun Kol Gömlek,299.99,https://www.colins.com.tr/p/slim-fit-shirt-neck-kareli-erkek-gri-uzun-kol-gomlek-39808
İndirim,Slim Fit Shirt Neck Pamuklu Ekoseli Erkek Lacivert Uzun Kol Gömlek,399.99,https://www.colins.com.tr/p/slim-fit-shirt-neck-pamuklu-ekoseli-erkek-lacivert-uzun-kol-gomlek-43682
İndirim,Slim Fit Shirt Neck  Erkek Beyaz Uzun Kol Gömlek,399.99,https://www.colins.com.tr/p/slim-fit-shirt-neck-erkek-beyaz-uzun-kol-gomlek-43238
İndirim,Slim Fit Shirt Neck Düz Erkek Beyaz Uzun Kol Gömlek,399.99,https://www.colins.com.tr/p/slim-fit-shirt-neck-duz-erkek-beyaz-uzun-kol-gomlek-26250
İndirim,Slim Fit Shirt Neck Düz Erkek Lacivert Uzun Kol Gömlek,399.99,https://www.colins.com.tr/p/slim-fit-shirt-neck-duz-erkek-lacivert-uzun-kol-gomlek-26282
İndirim,Slim Fit Shirt Neck Düz Erkek Yeşil Uzun Kol Gömlek,399.99,https://www.colins.com.tr/p/slim-fit-shirt-neck-duz-erkek-yesil-uzun-kol-gomlek-26320
İndirim,Slim Fit Shirt Neck Pamuklu Cepsiz Düz Erkek Yeşil Uzun Kol Gömlek,399.99,https://www.colins.com.tr/p/slim-fit-shirt-neck-pamuklu-cepsiz-duz-erkek-yesil-uzun-kol-gomlek-43374
